frame,stem,frame_index,left_path,right_path,base_stitched_path,output_path,output_width,output_height,angle_split_dx_deg,angle_split_dy_deg,target_dx,target_dy,measured_dx,measured_dy,raw_correction_dx,raw_correction_dy,correction_dx,correction_dy,correction_norm,correction_interpolated,correction_norm_reliable,selected_pair_error_to_target,final_error_to_target,measurement_source,left_translation_x,left_translation_y,right_translation_x,right_translation_y,selected_left_rank,selected_right_rank,selected_left_canvas_x,selected_left_canvas_y,selected_right_canvas_x,selected_right_canvas_y,left_candidate_count,right_candidate_count,fused_candidate_count,canvas_left_h_11,canvas_left_h_12,canvas_left_h_13,canvas_left_h_21,canvas_left_h_22,canvas_left_h_23,canvas_left_h_31,canvas_left_h_32,canvas_left_h_33,canvas_right_h_11,canvas_right_h_12,canvas_right_h_13,canvas_right_h_21,canvas_right_h_22,canvas_right_h_23,canvas_right_h_31,canvas_right_h_32,canvas_right_h_33,target_dx_before_horizontal_scale,target_dy_before_horizontal_scale,horizontal_scale_alpha,horizontal_px_per_deg,horizontal_scale_extra_dx,horizontal_scale_extra_dy
frame_0000.jpg,frame_0000,0,D:\visualization2026\visualization\left_downsample2_Q45\frame_0000.jpg,D:\visualization2026\visualization\right_downsample2_Q45\frame_0000.jpg,D:\visualization2026\dowsample2_Q45\stitched_frames\frame_0000.jpg,D:\visualization2026\dowsample2_Q45_hess_matched\stitched_frames\frame_0000.jpg,1668,1297,3.0044259958881696,2.7261768685158465,47.3985048659,39.1289702796,-6.412033542976939,55.93675052410913,53.810538408855024,-16.807780244501444,29.5752349852418,-13.059077317706233,32.33007925790006,0,1,56.37442257441148,24.523513322278315,fused,14.7876174926209,-6.529538658853117,-14.7876174926209,6.529538658853117,0,1,16.34129979035639,1029.2800838574424,22.75333333333333,973.3433333333332,12,12,12,0.8944925349210359,0.0747751090161391,-54.099950762495055,-0.08456957532085181,0.9522092237302706,124.86776947774291,-3.741694663507287e-05,4.467324381347946e-06,1.0,1.0,0.0,121.96843585207158,0.0,1.0,108.33823222097672,0.0,0.0,1.0,47.39850486587809,39.128970279607685,0.000000,35.000000,0,0
frame_0002.jpg,frame_0002,2,D:\visualization2026\visualization\left_downsample2_Q45\frame_0002.jpg,D:\visualization2026\visualization\right_downsample2_Q45\frame_0002.jpg,D:\visualization2026\dowsample2_Q45\stitched_frames\frame_0002.jpg,D:\visualization2026\dowsample2_Q45_hess_matched\stitched_frames\frame_0002.jpg,1668,1297,3.089407484309614,2.5785463151092394,44.1616337813,34.4198773751,27.3044028340081,16.182101889338696,16.857230947300536,18.23777548577604,19.75552591252358,-5.509730166519028,20.50945953915511,0,1,24.835110023517117,23.9237149793092,fused,9.87776295626179,-2.754865083259514,-9.87776295626179,2.754865083259514,1,0,32.41776315789474,1039.5208333333333,5.113360323886639,1023.3387314439946,12,12,12,0.8947409174747973,0.07474545385883452,-60.738187606992625,-0.0848067895568853,0.9522375454677595,131.20752344930614,-3.741694663507287e-05,4.467324381347946e-06,1.0,1.0,0.0,128.60667269656915,0.0,1.0,101.9984782494135,0.0,0.0,1.0,44.16163378130864,34.41987737511474,0.000000,35.000000,0,0
frame_0004.jpg,frame_0004,4,D:\visualization2026\visualization\left_downsample2_Q45\frame_0004.jpg,D:\visualization2026\visualization\right_downsample2_Q45\frame_0004.jpg,D:\visualization2026\dowsample2_Q45\stitched_frames\frame_0004.jpg,D:\visualization2026\dowsample2_Q45_hess_matched\stitched_frames\frame_0004.jpg,1668,1297,3.0995057526519503,2.4637283556367287,41.7956901299,31.3430100715,72.20836137753096,64.45283141230584,-30.412671247656647,-33.10982134080287,15.685680534845115,-5.882558575217544,16.7524645718797,0,1,44.957656095907915,53.538601725946414,fused,7.842840267422558,-2.941279287608772,-7.842840267422558,2.941279287608772,2,0,93.26388888888887,1113.017361111111,21.0555275113579,1048.5645296988052,12,12,12,0.8948533420296874,0.07473203114532397,-63.74283028899461,-0.08480148913906564,0.952236912634568,131.06586523568072,-3.741694663507287e-05,4.467324381347946e-06,1.0,1.0,0.0,131.61131537857113,0.0,1.0,102.14013646303891,0.0,0.0,1.0,41.795690129874316,31.343010071502974,0.000000,35.000000,0,0
frame_0006.jpg,frame_0006,6,D:\visualization2026\visualization\left_downsample2_Q45\frame_0006.jpg,D:\visualization2026\visualization\right_downsample2_Q45\frame_0006.jpg,D:\visualization2026\dowsample2_Q45\stitched_frames\frame_0006.jpg,D:\visualization2026\dowsample2_Q45_hess_matched\stitched_frames\frame_0006.jpg,1668,1297,2.944107995651848,2.4408227652181296,41.7495776435,32.3753486165,37.0375845981996,11.4363931051098,4.711993045263931,20.93895551143457,12.859368276587873,-4.3924913983023774,13.58886798659384,0,1,21.462589227967158,26.609433021032455,fused,6.429684138293936,-2.1962456991511887,-6.429684138293936,2.1962456991511887,4,2,279.812865497076,1019.4873294346977,242.77528089887642,1008.0509363295879,12,12,12,0.8948787442923795,0.07472899829102475,-64.4217275528444,-0.08480660151596933,0.9522375230169761,131.20249789450097,-3.741694663507287e-05,4.467324381347946e-06,1.0,1.0,0.0,132.29021264242093,0.0,1.0,102.00350380421868,0.0,0.0,1.0,41.74957764346353,32.37534861654437,0.000000,35.000000,0,0
frame_0008.jpg,frame_0008,8,D:\visualization2026\visualization\left_downsample2_Q45\frame_0008.jpg,D:\visualization2026\visualization\right_downsample2_Q45\frame_0008.jpg,D:\visualization2026\dowsample2_Q45\stitched_frames\frame_0008.jpg,D:\visualization2026\dowsample2_Q45_hess_matched\stitched_frames\frame_0008.jpg,1668,1297,2.5100699511811015,2.5528676511886594,45.2060136933,39.8138541681,11.744702172825171,58.485776456137614,33.46131152046273,-18.671922287994022,6.890153996104985,-10.404004372152691,12.478682986029167,0,1,38.31840354970885,27.827771719045764,fused,3.4450769980524925,-5.202002186076346,-3.4450769980524925,5.202002186076346,0,3,23.784821043553254,986.6140577835273,12.040118870728083,928.1282813273897,12,12,12,0.8950022230855577,0.07471425577799384,-67.72180423687792,-0.08470786563891909,0.9522257346368294,128.56369687171306,-3.741694663507287e-05,4.467324381347946e-06,1.0,1.0,0.0,135.59028932645444,0.0,1.0,104.64230482700656,0.0,0.0,1.0,45.2060136932879,39.81385416814359,0.000000,35.000000,0,0
frame_0010.jpg,frame_0010,10,D:\visualization2026\visualization\left_downsample2_Q45\frame_0010.jpg,D:\visualization2026\visualization\right_downsample2_Q45\frame_0010.jpg,D:\visualization2026\dowsample2_Q45\stitched_frames\frame_0010.jpg,D:\visualization2026\dowsample2_Q45_hess_matched\stitched_frames\frame_0010.jpg,1668,1297,1.944953161982724,2.7186536721134296,50.1116893329,50.0138461853,10.432712215320912,59.37129054520358,39.67897711756881,-9.357444359925609,14.466618491596458,-4.788335008413756,15.238477703963783,0,1,40.767425599927854,25.623032368373494,fused,7.233309245798229,-2.394167504206878,-7.233309245798229,2.394167504206878,5,2,31.80952380952381,1035.9087301587301,21.3768115942029,976.5374396135265,12,12,12,0.8948446226227197,0.07473307218214927,-63.50979665713178,-0.08479440932545511,0.9522360673538383,130.876651142944,-3.741694663507287e-05,4.467324381347946e-06,1.0,1.0,0.0,131.3782817467083,0.0,1.0,102.32935055577562,0.0,0.0,1.0,50.111689332889725,50.01384618527797,0.000000,35.000000,0,0
frame_0012.jpg,frame_0012,12,D:\visualization2026\visualization\left_downsample2_Q45\frame_0012.jpg,D:\visualization2026\visualization\right_downsample2_Q45\frame_0012.jpg,D:\visualization2026\dowsample2_Q45\stitched_frames\frame_0012.jpg,D:\visualization2026\dowsample2_Q45_hess_matched\stitched_frames\frame_0012.jpg,1668,1297,1.5903285217476935,2.805256695516345,52.8350692047,55.9634912674,65.82390965985383,67.78328065091819,-12.988840455113902,-11.819789383475538,21.163120449627087,-10.613167913295158,23.675240237877674,0,1,17.561816461804984,34.17326980274579,fused,10.581560224813543,-5.306583956647579,-10.581560224813543,5.306583956647579,8,3,918.3184818481848,226.2337733773377,852.494572188331,158.45049272641953,12,12,12,0.894743994994737,0.07474508642426016,-60.820436967679555,-0.08469730575454407,0.9522244738597437,128.28147490213246,-3.741694663507287e-05,4.467324381347946e-06,1.0,1.0,0.0,128.6889220572561,0.0,1.0,104.92452679658717,0.0,0.0,1.0,52.83506920473992,55.96349126744265,0.000000,35.000000,0,0
frame_0014.jpg,frame_0014,14,D:\visualization2026\visualization\left_downsample2_Q45\frame_0014.jpg,D:\visualization2026\visualization\right_downsample2_Q45\frame_0014.jpg,D:\visualization2026\dowsample2_Q45\stitched_frames\frame_0014.jpg,D:\visualization2026\dowsample2_Q45_hess_matched\stitched_frames\frame_0014.jpg,1668,1297,1.5701369627252895,2.759514996021153,51.9580266312,54.9909414434,44.488375401373816,60.0224159655329,7.469651229800718,-5.031474522108184,22.30295205365996,-5.836430976830897,23.053971390091693,0,1,9.006188170446315,14.855125991559385,fused,11.15147602682998,-2.9182154884154485,-11.15147602682998,2.9182154884154485,5,2,49.454802259887,1092.545197740113,4.966426858513189,1032.5227817745802,12,12,12,0.8946797025316305,0.07475276249924227,-59.10216573262997,-0.08478661552807057,0.9522351368283889,130.66835522129796,-3.741694663507287e-05,4.467324381347946e-06,1.0,1.0,0.0,126.9706508222065,0.0,1.0,102.53764647742167,0.0,0.0,1.0,51.95802663117453,54.99094144342472,0.000000,35.000000,0,0
frame_0016.jpg,frame_0016,16,D:\visualization2026\visualization\left_downsample2_Q45\frame_0016.jpg,D:\visualization2026\visualization\right_downsample2_Q45\frame_0016.jpg,D:\visualization2026\dowsample2_Q45\stitched_frames\frame_0016.jpg,D:\visualization2026\dowsample2_Q45_hess_matched\stitched_frames\frame_0016.jpg,1668,1297,1.6134123795399304,2.688415093739593,50.3927751404,52.6984577469,12.198272304968786,60.883666759839684,38.19450283541707,-8.185209012972429,6.2811300281115585,-8.441291950753591,10.521787121392547,0,1,39.06171646805511,31.914400235772717,fused,3.1405650140557793,-4.2206459753767955,-3.1405650140557793,4.2206459753767955,1,4,30.85232067510548,870.1223628691982,18.654048370136696,809.2386961093586,12,12,12,0.8950197358321756,0.07471216487729278,-68.1898474149835,-0.08468534194369015,0.9522230454635563,127.96173179293142,-3.741694663507287e-05,4.467324381347946e-06,1.0,1.0,0.0,136.05833250456004,0.0,1.0,105.24426990578822,0.0,0.0,1.0,50.39277514038586,52.698457746867255,0.000000,35.000000,0,0
frame_0018.jpg,frame_0018,18,D:\visualization2026\visualization\left_downsample2_Q45\frame_0018.jpg,D:\visualization2026\visualization\right_downsample2_Q45\frame_0018.jpg,D:\visualization2026\dowsample2_Q45\stitched_frames\frame_0018.jpg,D:\visualization2026\dowsample2_Q45_hess_matched\stitched_frames\frame_0018.jpg,1668,1297,1.6324480885479176,2.6449612567356695,49.4562020714,51.3748895567,10.29573253077131,46.16312716235166,39.160469540627105,5.211762394327273,11.140168808439388,-12.930777302023094,17.067757987358547,0,1,39.5057570728281,33.380967627615114,fused,5.570084404219694,-6.465388651011547,-5.570084404219694,6.465388651011547,3,2,17.119631901840492,852.7740286298568,6.823899371069182,806.6109014675052,12,12,12,0.8951006183461823,0.07470250806509025,-70.35150199346756,-0.0844383600386808,0.9521935575340156,121.36092848799709,-3.741694663507287e-05,4.467324381347946e-06,1.0,1.0,0.0,138.2199870830441,0.0,1.0,111.84507321072255,0.0,0.0,1.0,49.456202071398415,51.37488955667893,0.000000,35.000000,0,0
frame_0020.jpg,frame_0020,20,D:\visualization2026\visualization\left_downsample2_Q45\frame_0020.jpg,D:\visualization2026\visualization\right_downsample2_Q45\frame_0020.jpg,D:\visualization2026\dowsample2_Q45\stitched_frames\frame_0020.jpg,D:\visualization2026\dowsample2_Q45_hess_matched\stitched_frames\frame_0020.jpg,1668,1297,1.5721181201147907,2.652817970378436,49.7794518494,52.2091136113,90.20958485958485,74.59086284086288,-40.43013301017319,-22.381749229539075,18.211813323182106,-8.665548380242434,20.16833838591458,0,1,46.211885417003586,60.2246796214174,fused,9.105906661591053,-4.332774190121217,-9.105906661591053,4.332774190121217,2,0,106.14021164021163,1114.7910052910051,15.93062678062678,1040.2001424501423,12,12,12,0.894943858580692,0.07472122409580273,-66.16196277159729,-0.0845358618969229,0.9522051985808601,123.96674929943386,-3.741694663507287e-05,4.467324381347946e-06,1.0,1.0,0.0,134.0304478611738,0.0,1.0,109.23925239928577,0.0,0.0,1.0,49.77945184941166,52.20911361132381,0.000000,35.000000,0,0
frame_0022.jpg,frame_0022,22,D:\visualization2026\visualization\left_downsample2_Q45\frame_0022.jpg,D:\visualization2026\visualization\right_downsample2_Q45\frame_0022.jpg,D:\visualization2026\dowsample2_Q45\stitched_frames\frame_0022.jpg,D:\visualization2026\dowsample2_Q45_hess_matched\stitched_frames\frame_0022.jpg,1668,1297,1.4781711301854266,2.6714460634553703,50.4130453562,53.6736337749,39.10669190966827,87.94084991476711,11.306353446525229,-34.267216139823056,5.8609295809146085,-10.03795173224051,11.623724469000035,0,1,36.08428647252295,24.833644412544604,fused,2.9304647904573042,-5.018975866120255,-2.9304647904573042,5.018975866120255,2,0,62.09492273730684,1072.2119205298013,22.98823082763857,984.2710706150342,12,12,12,0.8951834210880564,0.07469262199097458,-72.56447630913317,-0.0845418695986333,0.9522059158588514,124.12731028184078,-3.741694663507287e-05,4.467324381347946e-06,1.0,1.0,0.0,140.4329613987097,0.0,1.0,109.07869141687885,0.0,0.0,1.0,50.4130453561935,53.67363377494406,0.000000,35.000000,0,0
frame_0024.jpg,frame_0024,24,D:\visualization2026\visualization\left_downsample2_Q45\frame_0024.jpg,D:\visualization2026\visualization\right_downsample2_Q45\frame_0024.jpg,D:\visualization2026\dowsample2_Q45\stitched_frames\frame_0024.jpg,D:\visualization2026\dowsample2_Q45_hess_matched\stitched_frames\frame_0024.jpg,1668,1297,1.3976762955113458,2.689633265482861,51.0012637719,54.9860670515,8.173389968338292,38.69139696471029,42.827873803514315,16.294670086795108,4.8022873641475545,-14.399584869381888,15.179262443820617,0,1,45.822953285086754,48.86801112560802,fused,2.4011436820737773,-7.199792434690944,-2.4011436820737773,7.199792434690944,1,2,28.263302249040045,1088.1080636313768,20.089912280701753,1049.4166666666665,12,12,12,0.8951918808923947,0.07469161194890592,-72.79057183800822,-0.0844604015587742,0.9521961891389158,121.95000702260754,-3.741694663507287e-05,4.467324381347946e-06,1.0,1.0,0.0,140.65905692758474,0.0,1.0,111.2559946761121,0.0,0.0,1.0,51.00126377185261,54.9860670515054,0.000000,35.000000,0,0
frame_0026.jpg,frame_0026,26,D:\visualization2026\visualization\left_downsample2_Q45\frame_0026.jpg,D:\visualization2026\visualization\right_downsample2_Q45\frame_0026.jpg,D:\visualization2026\dowsample2_Q45\stitched_frames\frame_0026.jpg,D:\visualization2026\dowsample2_Q45_hess_matched\stitched_frames\frame_0026.jpg,1668,1297,1.3542849367162937,2.713642834864853,51.6076887565,56.0611578174,75.16760463238711,71.10838359036961,-23.559915875920417,-15.047225772962804,17.638139852580764,-11.277833012014778,20.935460226756135,0,1,27.955118306724497,41.37013557622184,raw,8.819069926290382,-5.638916506007389,-8.819069926290382,5.638916506007389,0,0,483.9577785503466,1015.4251557000543,408.79017391795946,944.3167721096847,12,12,12,0.8949634938854427,0.0747188797763556,-66.68673313680921,-0.08447648009127517,0.9521981088043807,122.37971959797615,-3.741694663507287e-05,4.467324381347946e-06,1.0,1.0,0.0,134.55521822638573,0.0,1.0,110.82628210074348,0.0,0.0,1.0,51.60768875646669,56.06115781740681,0.000000,35.000000,0,0
frame_0028.jpg,frame_0028,28,D:\visualization2026\visualization\left_downsample2_Q45\frame_0028.jpg,D:\visualization2026\visualization\right_downsample2_Q45\frame_0028.jpg,D:\visualization2026\dowsample2_Q45\stitched_frames\frame_0028.jpg,D:\visualization2026\dowsample2_Q45_hess_matched\stitched_frames\frame_0028.jpg,1668,1297,1.315971003914548,2.766049685863635,52.7787751165,57.818016728,18.911516659753904,74.4144200193557,33.86725845679183,-16.59640329137961,16.96441871692923,-9.443243781550041,19.4156214302062,0,1,37.715140163987904,18.354118944927418,fused,8.482209358464615,-4.721621890775021,-8.482209358464615,4.721621890775021,0,2,23.911516659753904,999.9144200193557,5.0,925.5,12,12,12,0.8949598197858208,0.07471931843841376,-66.58853967228757,-0.08458191492265663,0.952210696993296,125.19755592250965,-3.741694663507287e-05,4.467324381347946e-06,1.0,1.0,0.0,134.4570247618641,0.0,1.0,108.00844577620998,0.0,0.0,1.0,52.77877511654573,57.818016727976094,0.000000,35.000000,0,0
frame_0030.jpg,frame_0030,30,D:\visualization2026\visualization\left_downsample2_Q45\frame_0030.jpg,D:\visualization2026\visualization\right_downsample2_Q45\frame_0030.jpg,D:\visualization2026\dowsample2_Q45\stitched_frames\frame_0030.jpg,D:\visualization2026\dowsample2_Q45_hess_matched\stitched_frames\frame_0030.jpg,1668,1297,1.2897832076611344,2.81790345850062,53.9057889051,59.4337525602,30.156659473078946,66.20674250290335,23.74912943199284,-6.772989942703525,16.618344233444137,-9.411377825730344,19.098256403135206,0,1,24.696043034087705,7.60323537509816,raw,8.309172116722069,-4.705688912865172,-8.309172116722069,4.705688912865172,0,3,486.1665593071432,1010.3400350948314,456.00989983406424,944.133292591928,12,12,12,0.894980861626193,0.07471680618835125,-67.15090090868813,-0.08430052963612376,0.9521771015381847,117.67729273061398,-3.741694663507287e-05,4.467324381347946e-06,1.0,1.0,0.0,135.01938599826465,0.0,1.0,115.52870896810565,0.0,0.0,1.0,53.90578890507179,59.43375256019983,0.000000,35.000000,0,0
frame_0032.jpg,frame_0032,32,D:\visualization2026\visualization\left_downsample2_Q45\frame_0032.jpg,D:\visualization2026\visualization\right_downsample2_Q45\frame_0032.jpg,D:\visualization2026\dowsample2_Q45\stitched_frames\frame_0032.jpg,D:\visualization2026\dowsample2_Q45_hess_matched\stitched_frames\frame_0032.jpg,1668,1297,1.2783202923093917,2.8360083406178376,54.3055638602,60.0221461634,46.367816091954026,85.11641615089877,7.9377477682675845,-25.094269987499374,19.053420802422686,-4.902216935215996,19.673956774225974,0,1,26.319768726912265,23.049451044839863,fused,9.526710401211343,-2.451108467607998,-9.526710401211343,2.451108467607998,2,4,52.367816091954026,965.1164161508988,6.0,880.0,12,12,12,0.8941787108259855,0.07481257744040541,-45.71273258269534,-0.08487967882771706,0.9522462479420662,133.15555174628776,-3.741694663507287e-05,4.467324381347946e-06,1.0,1.0,0.0,113.58121767227186,0.0,1.0,100.05044995243186,0.0,0.0,1.0,54.30556386022161,60.0221461633994,0.000000,35.000000,0,0
frame_0034.jpg,frame_0034,34,D:\visualization2026\visualization\left_downsample2_Q45\frame_0034.jpg,D:\visualization2026\visualization\right_downsample2_Q45\frame_0034.jpg,D:\visualization2026\dowsample2_Q45\stitched_frames\frame_0034.jpg,D:\visualization2026\dowsample2_Q45_hess_matched\stitched_frames\frame_0034.jpg,1668,1297,1.265159821095132,2.816212526252272,53.9379667376,59.6474965058,12.84046535154274,43.19349663993057,41.097501386088844,16.453999865893586,15.171518365154261,-3.615713852951066,15.596421261643174,0,1,44.26893642009485,32.78643018625494,fused,7.585759182577131,-1.807856926475533,-7.585759182577131,1.807856926475533,1,4,29.54046535154274,895.9458775923115,16.7,852.7523809523809,12,12,12,0.8940571412255663,0.0748270920090387,-42.46368071310278,-0.08460656995276679,0.9522136406331981,125.85648275453137,-3.741694663507287e-05,4.467324381347946e-06,1.0,1.0,0.0,110.3321658026793,0.0,1.0,107.34951894418826,0.0,0.0,1.0,53.937966737631584,59.64749650582416,0.000000,35.000000,0,0
frame_0036.jpg,frame_0036,36,D:\visualization2026\visualization\left_downsample2_Q45\frame_0036.jpg,D:\visualization2026\visualization\right_downsample2_Q45\frame_0036.jpg,D:\visualization2026\dowsample2_Q45\stitched_frames\frame_0036.jpg,D:\visualization2026\dowsample2_Q45_hess_matched\stitched_frames\frame_0036.jpg,1668,1297,1.2559112697683332,2.79724379121285,53.5766318916,59.253340677,64.961164922654,51.75476199738068,-11.384533031027672,7.49857867960894,17.974473264272426,-2.3321190399995344,18.125133609018516,0,1,13.632177909228073,30.961167101738695,fused,8.987236632136213,-1.1660595199997672,-8.987236632136213,1.1660595199997672,3,2,136.8319783197832,1081.3252032520325,71.87081339712918,1029.5704412546518,12,12,12,0.8939563022323503,0.07483913148669513,-39.76867210645324,-0.08452951109932413,0.9522044403395948,123.7970187850574,-3.741694663507287e-05,4.467324381347946e-06,1.0,1.0,0.0,107.63715719602976,0.0,1.0,109.40898291366223,0.0,0.0,1.0,53.576631891626334,59.25334067698962,0.000000,35.000000,0,0
frame_0038.jpg,frame_0038,38,D:\visualization2026\visualization\left_downsample2_Q45\frame_0038.jpg,D:\visualization2026\visualization\right_downsample2_Q45\frame_0038.jpg,D:\visualization2026\dowsample2_Q45\stitched_frames\frame_0038.jpg,D:\visualization2026\dowsample2_Q45_hess_matched\stitched_frames\frame_0038.jpg,1668,1297,1.2587804038515529,2.796606212255991,53.5558831456,59.2068370784,39.09813687511529,69.37072495849463,14.457746270449704,-10.163887880054958,25.015639904480896,9.048031047883455,26.601674865957595,0,1,17.672890087901028,21.921837215005375,fused,12.507819952240448,4.524015523941728,-12.507819952240448,-4.524015523941728,4,5,63.17505995203836,1019.3117505995202,24.076923076923077,949.9410256410256,12,12,12,0.8939761372652925,0.07483676332108474,-40.29878037893008,-0.08486823144685861,0.9522448812040447,132.84961067177701,-3.741694663507287e-05,4.467324381347946e-06,1.0,1.0,0.0,108.1672654685066,0.0,1.0,100.35639102694262,0.0,0.0,1.0,53.55588314556499,59.206837078439676,0.000000,35.000000,0,0
frame_0040.jpg,frame_0040,40,D:\visualization2026\visualization\left_downsample2_Q45\frame_0040.jpg,D:\visualization2026\visualization\right_downsample2_Q45\frame_0040.jpg,D:\visualization2026\dowsample2_Q45\stitched_frames\frame_0040.jpg,D:\visualization2026\dowsample2_Q45_hess_matched\stitched_frames\frame_0040.jpg,1668,1297,1.271662261015468,2.763846736415573,52.8537831253,58.2243725967,15.089879197734234,58.57938847465482,37.763903927583655,-0.355015877945867,24.71261847522019,6.992182691944463,25.68275940586062,0,1,37.765572630709066,14.97722867504108,fused,12.356309237610095,3.4960913459722316,-12.356309237610095,-3.4960913459722316,2,3,94.62869198312235,1056.506329113924,79.53881278538812,997.9269406392692,12,12,12,0.8938935482163993,0.07484662388173792,-38.091517191516616,-0.08483742737693782,0.9522412034113605,132.02634547536118,-3.741694663507287e-05,4.467324381347946e-06,1.0,1.0,0.0,105.96000228109314,0.0,1.0,101.17965622335844,0.0,0.0,1.0,52.85378312531789,58.22437259670895,0.000000,35.000000,0,0
frame_0042.jpg,frame_0042,42,D:\visualization2026\visualization\left_downsample2_Q45\frame_0042.jpg,D:\visualization2026\visualization\right_downsample2_Q45\frame_0042.jpg,D:\visualization2026\dowsample2_Q45\stitched_frames\frame_0042.jpg,D:\visualization2026\dowsample2_Q45_hess_matched\stitched_frames\frame_0042.jpg,1668,1297,1.274652245300512,2.753424590022359,52.6334144569,57.9233997885,9.489833487581222,26.116919336614842,43.14358096930993,31.806480451915576,40.539316776438845,10.428386845736853,41.85913827236286,0,1,53.60056695216469,21.53613424504988,raw,20.269658388219423,5.214193422868426,-20.269658388219423,-5.214193422868426,0,9,536.5244558637874,1018.2336150396354,527.0346223762061,992.1166957030206,12,12,12,0.8935184612400678,0.07489140666989097,-28.066995950115373,-0.08491402850817756,0.9522503490561017,134.07357642626818,-3.741694663507287e-05,4.467324381347946e-06,1.0,1.0,0.0,95.9354810396919,0.0,1.0,99.13242527245146,0.0,0.0,1.0,52.63341445689115,57.92339978853042,0.000000,35.000000,0,0
frame_0044.jpg,frame_0044,44,D:\visualization2026\visualization\left_downsample2_Q45\frame_0044.jpg,D:\visualization2026\visualization\right_downsample2_Q45\frame_0044.jpg,D:\visualization2026\dowsample2_Q45\stitched_frames\frame_0044.jpg,D:\visualization2026\dowsample2_Q45_hess_matched\stitched_frames\frame_0044.jpg,1668,1297,1.228110406763804,2.8180251182960525,54.0751234527,60.0818514282,14.49272921295858,53.907093342038934,39.58239423978534,6.174758086198622,42.245729700842645,12.596547164325317,44.08372350902009,0,1,40.06112293953911,6.952174533343695,fused,21.122864850421323,6.2982735821626585,-21.122864850421323,-6.2982735821626585,0,1,48.73149464505734,1002.0479575395697,34.23876543209876,948.1408641975307,12,12,12,0.8936529032091004,0.07487535522956386,-31.660072914514515,-0.08497619347239702,0.9522577711224459,135.7349884283149,-3.741694663507287e-05,4.467324381347946e-06,1.0,1.0,0.0,99.52855800409104,0.0,1.0,97.47101327040474,0.0,0.0,1.0,54.07512345274392,60.081851428237556,0.000000,35.000000,0,0
frame_0046.jpg,frame_0046,46,D:\visualization2026\visualization\left_downsample2_Q45\frame_0046.jpg,D:\visualization2026\visualization\right_downsample2_Q45\frame_0046.jpg,D:\visualization2026\dowsample2_Q45\stitched_frames\frame_0046.jpg,D:\visualization2026\dowsample2_Q45_hess_matched\stitched_frames\frame_0046.jpg,1668,1297,1.0597279190288411,2.900840424496746,56.2174741749,63.985828661,-11.531484300129655,39.3062292124697,67.74895847506559,24.67959944857089,39.829065083783405,14.846502540748556,42.50615323856898,0,1,72.10411918467669,29.600848666536365,fused,19.914532541891703,7.423251270374278,-19.914532541891703,-7.423251270374278,0,3,35.48909183155759,911.27989176391,47.02057613168724,871.9736625514403,12,12,12,0.893643329269441,0.07487649829167642,-31.404201163331948,-0.08501666767404499,0.9522626034619097,136.81669619144992,-3.741694663507287e-05,4.467324381347946e-06,1.0,1.0,0.0,99.27268625290847,0.0,1.0,96.3893055072697,0.0,0.0,1.0,56.21747417493594,63.98582866104059,0.000000,35.000000,0,0
frame_0048.jpg,frame_0048,48,D:\visualization2026\visualization\left_downsample2_Q45\frame_0048.jpg,D:\visualization2026\visualization\right_downsample2_Q45\frame_0048.jpg,D:\visualization2026\dowsample2_Q45\stitched_frames\frame_0048.jpg,D:\visualization2026\dowsample2_Q45_hess_matched\stitched_frames\frame_0048.jpg,1668,1297,0.8745359706687772,2.955185351089092,57.8254158283,67.3288352452,34.8356049358678,66.65192153235807,22.989810892468704,0.6769137128873552,28.147544418297585,-1.9259495058644767,28.21335744428825,0,1,22.999774282504767,5.7772927967163294,fused,14.073772209148792,-0.9629747529322383,-14.073772209148792,0.9629747529322383,4,2,80.25917767988253,1055.3370044052863,45.42357274401473,988.6850828729282,12,12,12,0.8938322373607169,0.07485394397343603,-36.45293197288682,-0.08487633850728674,0.9522458491309327,133.06627881702127,-3.741694663507287e-05,4.467324381347946e-06,1.0,1.0,0.0,104.32141706246335,0.0,1.0,100.13972288169836,0.0,0.0,1.0,57.8254158283365,67.32883524524543,0.000000,35.000000,0,0
frame_0050.jpg,frame_0050,50,D:\visualization2026\visualization\left_downsample2_Q45\frame_0050.jpg,D:\visualization2026\visualization\right_downsample2_Q45\frame_0050.jpg,D:\visualization2026\dowsample2_Q45\stitched_frames\frame_0050.jpg,D:\visualization2026\dowsample2_Q45_hess_matched\stitched_frames\frame_0050.jpg,1668,1297,0.7881835650464737,2.948771619324841,57.9284079191,68.0659008665,32.2478270768379,57.17113986229913,25.680580842287462,10.894761004170334,22.329372491868845,3.0173966927834446,22.532322531915113,0,1,27.896022113112334,8.560576259938774,fused,11.164686245934423,1.5086983463917223,-11.164686245934423,-1.5086983463917223,0,2,36.85173223722842,909.5616559013506,4.603905160390516,852.3905160390515,12,12,12,0.8941655477389848,0.07481414902186195,-45.36093778957205,-0.08504561106137647,0.9522660591019748,137.59023304932785,-3.741694663507287e-05,4.467324381347946e-06,1.0,1.0,0.0,113.22942287914857,0.0,1.0,95.61576864939178,0.0,0.0,1.0,57.92840791912536,68.06590086646946,0.000000,35.000000,0,0
frame_0052.jpg,frame_0052,52,D:\visualization2026\visualization\left_downsample2_Q45\frame_0052.jpg,D:\visualization2026\visualization\right_downsample2_Q45\frame_0052.jpg,D:\visualization2026\dowsample2_Q45\stitched_frames\frame_0052.jpg,D:\visualization2026\dowsample2_Q45_hess_matched\stitched_frames\frame_0052.jpg,1668,1297,0.7785831816595454,2.9044271704506173,57.0511701092,67.0187506848,72.31519246728766,119.0745304659315,-15.264022358119192,-52.05577978114958,13.116690117152839,-2.6969801825152455,13.39108889277847,0,1,54.24753070115454,56.936420140558596,raw,6.558345058576419,-1.3484900912576228,-6.558345058576419,1.3484900912576228,0,8,553.7464572036419,1029.1718844336028,481.4312647363542,910.0973539676713,12,12,12,0.894245973035206,0.07480454679829758,-47.51037283048156,-0.08496833646801716,0.952256833050519,135.5250032454913,-3.741694663507287e-05,4.467324381347946e-06,1.0,1.0,0.0,115.37885792005808,0.0,1.0,97.68099845322834,0.0,0.0,1.0,57.05117010916847,67.01875068478192,0.000000,35.000000,0,0
frame_0054.jpg,frame_0054,54,D:\visualization2026\visualization\left_downsample2_Q45\frame_0054.jpg,D:\visualization2026\visualization\right_downsample2_Q45\frame_0054.jpg,D:\visualization2026\dowsample2_Q45\stitched_frames\frame_0054.jpg,D:\visualization2026\dowsample2_Q45_hess_matched\stitched_frames\frame_0054.jpg,1668,1297,0.8124384770405975,2.8490875365265396,55.8324114613,65.2326238312,45.34087685364278,34.34113475177287,10.491534607641626,30.89148907943823,14.255238964976225,-4.400020771921561,14.918847835604385,0,1,32.624475412922635,35.491634761983626,fused,7.127619482488113,-2.2000103859607805,-7.127619482488113,2.2000103859607805,1,3,205.85151515151512,1092.160606060606,160.51063829787233,1057.819471308833,12,12,12,0.8942232834827171,0.07480725577377932,-46.90397507413266,-0.08491630449485042,0.9522506207931533,134.13440412274105,-3.741694663507287e-05,4.467324381347946e-06,1.0,1.0,0.0,114.77246016370918,0.0,1.0,99.07159757597859,0.0,0.0,1.0,55.83241146128441,65.2326238312111,0.000000,35.000000,0,0
frame_0056.jpg,frame_0056,56,D:\visualization2026\visualization\left_downsample2_Q45\frame_0056.jpg,D:\visualization2026\visualization\right_downsample2_Q45\frame_0056.jpg,D:\visualization2026\dowsample2_Q45\stitched_frames\frame_0056.jpg,D:\visualization2026\dowsample2_Q45_hess_matched\stitched_frames\frame_0056.jpg,1668,1297,0.8731305790123152,2.8000590715041938,54.6695919449,63.3291685905,32.984045343405455,67.22145351838446,21.685546601485605,-3.89228492792256,13.592403221556513,-6.502037355755263,15.067511908507548,0,1,22.03208599668531,8.503515596661703,fused,6.796201610778256,-3.2510186778776315,-6.796201610778256,3.2510186778776315,0,1,560.7737461699726,1025.0471429339354,527.7897008265671,957.825689415551,12,12,12,0.8942205657896792,0.07480758024751277,-46.8313423960992,-0.08489187772068689,0.9522477044054308,133.48157762672088,-3.741694663507287e-05,4.467324381347946e-06,1.0,1.0,0.0,114.69982748567573,0.0,1.0,99.72442407199875,0.0,0.0,1.0,54.66959194489106,63.329168590461904,0.000000,35.000000,0,0
frame_0058.jpg,frame_0058,58,D:\visualization2026\visualization\left_downsample2_Q45\frame_0058.jpg,D:\visualization2026\visualization\right_downsample2_Q45\frame_0058.jpg,D:\visualization2026\dowsample2_Q45\stitched_frames\frame_0058.jpg,D:\visualization2026\dowsample2_Q45_hess_matched\stitched_frames\frame_0058.jpg,1668,1297,0.9719543227553125,2.734087453328396,53.0585070864,60.5884916769,24.375951954771754,68.42678091102039,28.682555131585627,-7.83828923414422,25.260040132550394,1.9766039988653759,25.337256972024164,0,1,29.734285715223596,10.394505187549747,fused,12.630020066275197,0.9883019994326879,-12.630020066275197,-0.9883019994326879,1,5,35.36588906168999,931.7286677034732,10.989937106918237,863.3018867924528,12,12,12,0.8941091702163282,0.07482088010775147,-43.85420012852046,-0.08520693522187979,0.9522853200898513,141.9017596438603,-3.741694663507287e-05,4.467324381347946e-06,1.0,1.0,0.0,111.72268521809698,0.0,1.0,91.30424205485933,0.0,0.0,1.0,53.05850708635738,60.58849167687617,0.000000,35.000000,0,0
frame_0060.jpg,frame_0060,60,D:\visualization2026\visualization\left_downsample2_Q45\frame_0060.jpg,D:\visualization2026\visualization\right_downsample2_Q45\frame_0060.jpg,D:\visualization2026\dowsample2_Q45\stitched_frames\frame_0060.jpg,D:\visualization2026\dowsample2_Q45_hess_matched\stitched_frames\frame_0060.jpg,1668,1297,1.0780154467972203,2.6649072325589813,51.3624882909,57.689096671,28.996086165713415,57.30441858596487,22.3664021251889,0.38467808500182343,30.828319887260722,-5.412429307408127,31.299835432138703,0,1,22.369709905466703,10.257217280100912,fused,15.414159943630361,-2.7062146537040634,-15.414159943630361,2.7062146537040634,1,3,41.15543575920935,932.9125486672656,12.159349593495934,875.6081300813007,12,12,12,0.8940386489744586,0.07482929985579449,-41.96945943716096,-0.08461713793827813,0.9522149023775034,126.13892123392962,-3.741694663507287e-05,4.467324381347946e-06,1.0,1.0,0.0,109.83794452673747,0.0,1.0,107.06708046479001,0.0,0.0,1.0,51.36248829090231,57.68909667096669,0.000000,35.000000,0,0
frame_0062.jpg,frame_0062,62,D:\visualization2026\visualization\left_downsample2_Q45\frame_0062.jpg,D:\visualization2026\visualization\right_downsample2_Q45\frame_0062.jpg,D:\visualization2026\dowsample2_Q45\stitched_frames\frame_0062.jpg,D:\visualization2026\dowsample2_Q45_hess_matched\stitched_frames\frame_0062.jpg,1668,1297,1.153677336219804,2.622054776221006,50.284961326,55.7889161068,7.210799129108992,65.45148911486922,43.07416219685019,-9.662573008046394,25.042341278731527,3.515254829006114,25.287860194830873,0,1,44.14463462411241,22.33386917052434,fused,12.521170639365764,1.757627414503057,-12.521170639365764,-1.757627414503057,0,1,48.18075218075218,1098.6782496782496,40.96995305164319,1033.2267605633804,12,12,12,0.8940520378735582,0.0748277013139367,-42.32728925235607,-0.08478841548127689,0.9522353517303401,130.71646051497328,-3.741694663507287e-05,4.467324381347946e-06,1.0,1.0,0.0,110.19577434193259,0.0,1.0,102.48954118374634,0.0,0.0,1.0,50.28496132595918,55.788916106822825,0.000000,35.000000,0,0
frame_0064.jpg,frame_0064,64,D:\visualization2026\visualization\left_downsample2_Q45\frame_0064.jpg,D:\visualization2026\visualization\right_downsample2_Q45\frame_0064.jpg,D:\visualization2026\dowsample2_Q45\stitched_frames\frame_0064.jpg,D:\visualization2026\dowsample2_Q45_hess_matched\stitched_frames\frame_0064.jpg,1668,1297,1.2385812800929372,2.6529336748214085,50.6841968134,55.7001084527,12.351263432202146,61.75378590460582,38.33293338119328,-6.053677451929282,20.28428316826519,5.1796292681218725,20.935154716542012,0,1,38.80799907620849,21.25890294383451,fused,10.142141584132595,2.5898146340609363,-10.142141584132595,-2.5898146340609363,0,1,40.17575322812051,996.454806312769,27.824489795918367,934.7010204081632,12,12,12,0.8941574645538021,0.07481511409821086,-45.144907730747256,-0.08481427908487912,0.9522384396655502,131.40768751044354,-3.741694663507287e-05,4.467324381347946e-06,1.0,1.0,0.0,113.01339282032379,0.0,1.0,101.79831418827608,0.0,0.0,1.0,50.684196813395424,55.70010845267654,0.000000,35.000000,0,0
frame_0066.jpg,frame_0066,66,D:\visualization2026\visualization\left_downsample2_Q45\frame_0066.jpg,D:\visualization2026\visualization\right_downsample2_Q45\frame_0066.jpg,D:\visualization2026\dowsample2_Q45\stitched_frames\frame_0066.jpg,D:\visualization2026\dowsample2_Q45_hess_matched\stitched_frames\frame_0066.jpg,1668,1297,1.3222033336238503,2.717746130706974,51.7780622568,56.5028401901,59.02240869798828,15.756704435910706,-7.244346441160353,40.74613575414864,22.17981566806871,6.6003526593353055,23.141064761525147,0,1,41.38511972019729,45.07455844473944,fused,11.089907834034355,3.3001763296676527,-11.089907834034355,-3.3001763296676527,1,6,350.2883263009845,1035.9402250351616,291.26591760299624,1020.1835205992509,12,12,12,0.8942139139116817,0.07480837443569306,-46.65356524976037,-0.08483640494934305,0.9522410813405843,131.99902022071808,-3.741694663507287e-05,4.467324381347946e-06,1.0,1.0,0.0,114.5220503393369,0.0,1.0,101.20698147800157,0.0,0.0,1.0,51.77806225682793,56.502840190059345,0.000000,35.000000,0,0
frame_0068.jpg,frame_0068,68,D:\visualization2026\visualization\left_downsample2_Q45\frame_0068.jpg,D:\visualization2026\visualization\right_downsample2_Q45\frame_0068.jpg,D:\visualization2026\dowsample2_Q45\stitched_frames\frame_0068.jpg,D:\visualization2026\dowsample2_Q45_hess_matched\stitched_frames\frame_0068.jpg,1668,1297,1.3698703188758188,2.7563045815758507,52.434460643,57.0021741423,47.54219606377677,56.51859118086679,4.892264579253947,0.48358296143457125,15.732684740724661,10.75341668386609,19.05658257736366,0,1,4.9161067110074645,14.932655288447949,fused,7.8663423703623305,5.376708341933045,-7.8663423703623305,-5.376708341933045,4,7,211.34080717488789,1044.1644245142002,163.79861111111111,987.6458333333334,12,12,12,0.8941876016744699,0.07481151593464995,-45.95034813617815,-0.08491452606797663,0.952250408461297,134.08687413877033,-3.741694663507287e-05,4.467324381347946e-06,1.0,1.0,0.0,113.81883322575467,0.0,1.0,99.1191275599493,0.0,0.0,1.0,52.43446064303072,57.002174142301364,0.000000,35.000000,0,0
frame_0070.jpg,frame_0070,70,D:\visualization2026\visualization\left_downsample2_Q45\frame_0070.jpg,D:\visualization2026\visualization\right_downsample2_Q45\frame_0070.jpg,D:\visualization2026\dowsample2_Q45\stitched_frames\frame_0070.jpg,D:\visualization2026\dowsample2_Q45_hess_matched\stitched_frames\frame_0070.jpg,1668,1297,1.4298154575860913,2.7904601345521947,52.9679616992,57.2591695068,21.123897074953874,49.77087446571193,31.844064624206474,7.488295041068987,6.903276181715323,12.760048636039267,14.507724261066091,0,1,32.71267360538935,25.49184799301891,fused,3.4516380908576614,6.380024318019633,-3.4516380908576614,-6.380024318019633,3,2,37.85344057193923,913.6067917783735,16.729543496985357,863.8359173126615,12,12,12,0.8943306944892563,0.0747944316432318,-49.774626375180425,-0.084967598970375,0.9522567449984064,135.50529298828218,-3.741694663507287e-05,4.467324381347946e-06,1.0,1.0,0.0,117.64311146475696,0.0,1.0,97.70070871043744,0.0,0.0,1.0,52.96796169916035,57.259169506780914,0.000000,35.000000,0,0
frame_0072.jpg,frame_0072,72,D:\visualization2026\visualization\left_downsample2_Q45\frame_0072.jpg,D:\visualization2026\visualization\right_downsample2_Q45\frame_0072.jpg,D:\visualization2026\dowsample2_Q45\stitched_frames\frame_0072.jpg,D:\visualization2026\dowsample2_Q45_hess_matched\stitched_frames\frame_0072.jpg,1668,1297,1.51392543742622,2.8367644951064364,53.6835324805,57.5778455098,42.845024920323674,46.475098395198074,10.838507560129955,11.102747114607531,0.06253779964007578,8.898924572325313,8.89914431393935,0,1,15.515935022483177,10.999016232230206,fused,0.03126889982003789,4.449462286162657,-0.03126889982003789,-4.449462286162657,0,1,95.86258278145695,1121.769591611479,53.01755786113328,1075.294493216281,12,12,12,0.8946331116197944,0.07475832513155496,-57.85698364199909,-0.08489533526975762,0.9522481172128524,133.57398359197666,-3.741694663507287e-05,4.467324381347946e-06,1.0,1.0,0.0,125.72546873157562,0.0,1.0,99.63201810674298,0.0,0.0,1.0,53.68353248045363,57.577845509805606,0.000000,35.000000,0,0
frame_0074.jpg,frame_0074,74,D:\visualization2026\visualization\left_downsample2_Q45\frame_0074.jpg,D:\visualization2026\visualization\right_downsample2_Q45\frame_0074.jpg,D:\visualization2026\dowsample2_Q45\stitched_frames\frame_0074.jpg,D:\visualization2026\dowsample2_Q45_hess_matched\stitched_frames\frame_0074.jpg,1668,1297,1.5988665090710974,2.8863431826371624,54.463546522,57.9725634295,60.27765593587635,53.99308112059748,-5.814109413853409,3.9794823089366034,-2.7260359384075907,10.224088859705471,10.581269533881239,0,1,7.045576464945805,6.966441614171292,fused,-1.3630179692037954,5.112044429852736,1.3630179692037954,-5.112044429852736,5,1,93.61764705882354,1082.1568627450981,33.33999112294718,1028.1637816245006,12,12,12,0.89461500219908,0.07476048727101221,-57.37299383676405,-0.08489321916975721,0.9522478645651626,133.51742900399725,-3.741694663507287e-05,4.467324381347946e-06,1.0,1.0,0.0,125.24147892634058,0.0,1.0,99.6885726947224,0.0,0.0,1.0,54.463546522022945,57.972563429534084,0.000000,35.000000,0,0
frame_0076.jpg,frame_0076,76,D:\visualization2026\visualization\left_downsample2_Q45\frame_0076.jpg,D:\visualization2026\visualization\right_downsample2_Q45\frame_0076.jpg,D:\visualization2026\dowsample2_Q45\stitched_frames\frame_0076.jpg,D:\visualization2026\dowsample2_Q45_hess_matched\stitched_frames\frame_0076.jpg,1668,1297,1.6827469409966405,2.9380053092782923,55.2888658158,58.4322884293,96.7369041672955,36.991772993721725,-41.44803835153659,21.440515435578874,-12.843322181961817,11.2393710877668,17.066762643167003,0,1,46.66514315132596,30.369279430813485,raw,-6.421661090980908,5.6196855438834,6.421661090980908,-5.6196855438834,0,5,614.8535539003532,1029.0279915971767,518.1166497330577,992.0362186034549,12,12,12,0.8948376537448525,0.07473390421791933,-63.32354741730995,-0.08493918028793387,0.9522533520044726,134.74577931875976,-3.741694663507287e-05,4.467324381347946e-06,1.0,1.0,0.0,131.19203250688648,0.0,1.0,98.46022237995987,0.0,0.0,1.0,55.28886581575892,58.4322884293006,0.000000,35.000000,0,0
frame_0078.jpg,frame_0078,78,D:\visualization2026\visualization\left_downsample2_Q45\frame_0078.jpg,D:\visualization2026\visualization\right_downsample2_Q45\frame_0078.jpg,D:\visualization2026\dowsample2_Q45\stitched_frames\frame_0078.jpg,D:\visualization2026\dowsample2_Q45_hess_matched\stitched_frames\frame_0078.jpg,1668,1297,1.7409458653848802,2.9885310470021302,56.1605206913,59.1311732921,65.21112480223927,52.02176889375687,-9.050604110984388,7.109404398335357,-8.525744446799687,9.683699064676837,12.902028753159666,0,1,11.50899933412274,2.6272553542132653,fused,-4.262872223399843,4.8418495323384185,4.262872223399843,-4.8418495323384185,0,3,89.03977272727273,1133.905303030303,23.828647925033465,1081.8835341365461,12,12,12,0.8949495527789305,0.07472054424795542,-66.31414510475308,-0.08502143856710788,0.9522631730735113,136.9442024016553,-3.741694663507287e-05,4.467324381347946e-06,1.0,1.0,0.0,134.18263019432962,0.0,1.0,96.26179929706433,0.0,0.0,1.0,56.16052069125488,59.13117329209223,0.000000,35.000000,0,0
frame_0080.jpg,frame_0080,80,D:\visualization2026\visualization\left_downsample2_Q45\frame_0080.jpg,D:\visualization2026\visualization\right_downsample2_Q45\frame_0080.jpg,D:\visualization2026\dowsample2_Q45\stitched_frames\frame_0080.jpg,D:\visualization2026\dowsample2_Q45_hess_matched\stitched_frames\frame_0080.jpg,1668,1297,1.7323010310855125,3.030843890781785,57.0457412588,60.3165510253,75.78810785241248,47.75184484389786,-18.742366593564647,12.564706181375634,-0.13025985303995125,11.410990345571427,11.411733798859766,0,1,22.564311355586884,18.64783037113086,fused,-0.06512992651997562,5.705495172785714,0.06512992651997562,-5.705495172785714,2,3,294.56953642384104,1031.794701986755,218.78142857142856,984.0428571428571,12,12,12,0.8946611523190104,0.07475497726620137,-58.60639538554494,-0.08505232377653407,0.9522668605536907,137.7696361209646,-3.741694663507287e-05,4.467324381347946e-06,1.0,1.0,0.0,126.47488047512147,0.0,1.0,95.43636557775501,0.0,0.0,1.0,57.04574125884783,60.31655102527349,0.000000,35.000000,0,0
frame_0082.jpg,frame_0082,82,D:\visualization2026\visualization\left_downsample2_Q45\frame_0082.jpg,D:\visualization2026\visualization\right_downsample2_Q45\frame_0082.jpg,D:\visualization2026\dowsample2_Q45\stitched_frames\frame_0082.jpg,D:\visualization2026\dowsample2_Q45_hess_matched\stitched_frames\frame_0082.jpg,1668,1297,1.6619149101369644,3.0536080194357567,57.6998336756,61.6417131216,25.27343743961913,58.317326122408076,32.426396235940594,3.32438699915771,9.187457907342887,3.3867156407198395,9.791793790225249,0,1,32.596360560197375,23.239021913581617,fused,4.593728953671444,1.6933578203599198,-4.593728953671444,-1.6933578203599198,1,3,40.213359920239284,940.568295114656,14.939922480620154,882.250968992248,12,12,12,0.8944539157668503,0.0747797198757788,-53.067820734296106,-0.0849433060454353,0.9522538445913546,134.85604372760287,-3.741694663507287e-05,4.467324381347946e-06,1.0,1.0,0.0,120.93630582387263,0.0,1.0,98.34995797111677,0.0,0.0,1.0,57.699833675559724,61.641713121565786,0.000000,35.000000,0,0
frame_0084.jpg,frame_0084,84,D:\visualization2026\visualization\left_downsample2_Q45\frame_0084.jpg,D:\visualization2026\visualization\right_downsample2_Q45\frame_0084.jpg,D:\visualization2026\dowsample2_Q45\stitched_frames\frame_0084.jpg,D:\visualization2026\dowsample2_Q45_hess_matched\stitched_frames\frame_0084.jpg,1668,1297,1.5804516623049025,3.0641742062485413,58.1354466138,62.7670567737,21.97213305885395,50.151118060314275,36.16331355494526,12.615938713409562,17.805631248071258,4.466451111761294,18.357278928971073,0,1,38.30074616627976,20.08528436068391,fused,8.902815624035629,2.233225555880647,-8.902815624035629,-2.233225555880647,2,1,32.085973523724526,792.9873568347464,10.113840464870576,742.8362387744321,12,12,12,0.894355147614032,0.07479151210942867,-50.42815711391866,-0.08494101846113365,0.9522535714696265,134.7949060745509,-3.741694663507287e-05,4.467324381347946e-06,1.0,1.0,0.0,118.29664220349518,0.0,1.0,98.41109562416871,0.0,0.0,1.0,58.13544661379921,62.76705677372384,0.000000,35.000000,0,0
frame_0086.jpg,frame_0086,86,D:\visualization2026\visualization\left_downsample2_Q45\frame_0086.jpg,D:\visualization2026\visualization\right_downsample2_Q45\frame_0086.jpg,D:\visualization2026\dowsample2_Q45\stitched_frames\frame_0086.jpg,D:\visualization2026\dowsample2_Q45_hess_matched\stitched_frames\frame_0086.jpg,1668,1297,1.52832561593301,3.0796865323537332,58.5924307851,63.7135995784,53.45188033472469,82.3944576670533,5.140550450377617,-18.680858088679066,23.892017916636007,-2.1108251230941493,23.98508083849503,0,1,19.375234653088555,25.023659297127548,fused,11.946008958318004,-1.0554125615470746,-11.946008958318004,1.0554125615470746,1,2,74.64049586776859,1094.3360881542699,21.188615533043897,1011.9416304872166,12,12,12,0.8943482751763194,0.07479233263091195,-50.24448531996774,-0.08482234666135142,0.9522394028783271,131.62330041309397,-3.741694663507287e-05,4.467324381347946e-06,1.0,1.0,0.0,118.11297040954426,0.0,1.0,101.58270128562565,0.0,0.0,1.0,58.59243078510231,63.713599578374236,0.000000,35.000000,0,0
frame_0088.jpg,frame_0088,88,D:\visualization2026\visualization\left_downsample2_Q45\frame_0088.jpg,D:\visualization2026\visualization\right_downsample2_Q45\frame_0088.jpg,D:\visualization2026\dowsample2_Q45\stitched_frames\frame_0088.jpg,D:\visualization2026\dowsample2_Q45_hess_matched\stitched_frames\frame_0088.jpg,1668,1297,1.5502504424072399,3.076326394451332,58.4646732854,63.397364358,24.424410692727044,50.88928260446937,34.040262592657456,12.508081753542626,23.71537726238348,-4.019132694690825,24.053535006620297,0,1,36.26557026341073,19.48722849717741,fused,11.85768863119174,-2.0095663473454124,-11.85768863119174,2.0095663473454124,2,0,49.89263000374111,964.7388701833146,25.468219311014067,913.8495875788452,12,12,12,0.8942057817816084,0.07480934535572303,-46.43622709674144,-0.08478854504395358,0.9522353671992267,130.71992318866378,-3.741694663507287e-05,4.467324381347946e-06,1.0,1.0,0.0,114.30471218631797,0.0,1.0,102.48607851005585,0.0,0.0,1.0,58.4646732853845,63.397364358012,0.000000,35.000000,0,0
frame_0090.jpg,frame_0090,90,D:\visualization2026\visualization\left_downsample2_Q45\frame_0090.jpg,D:\visualization2026\visualization\right_downsample2_Q45\frame_0090.jpg,D:\visualization2026\dowsample2_Q45\stitched_frames\frame_0090.jpg,D:\visualization2026\dowsample2_Q45_hess_matched\stitched_frames\frame_0090.jpg,1668,1297,1.6213075606345093,3.0505750565910645,57.7479217276,61.9878821167,46.05835497835498,82.30955710955709,11.689566749259107,-20.321674992901578,22.29986695018201,-4.882195091418692,22.828050615558322,0,1,23.443899959317893,18.733819951680932,fused,11.149933475091006,-2.441097545709346,-11.149933475091006,2.441097545709346,2,3,68.45454545454545,1099.4428904428903,22.396190476190476,1017.1333333333332,12,12,12,0.894204563566171,0.07480949080221226,-46.40366924403109,-0.08476777713681719,0.9522328876548961,130.16488305300143,-3.741694663507287e-05,4.467324381347946e-06,1.0,1.0,0.0,114.27215433360762,0.0,1.0,103.0411186457182,0.0,0.0,1.0,57.747921727614084,61.98788211665551,0.000000,35.000000,0,0
frame_0092.jpg,frame_0092,92,D:\visualization2026\visualization\left_downsample2_Q45\frame_0092.jpg,D:\visualization2026\visualization\right_downsample2_Q45\frame_0092.jpg,D:\visualization2026\dowsample2_Q45\stitched_frames\frame_0092.jpg,D:\visualization2026\dowsample2_Q45_hess_matched\stitched_frames\frame_0092.jpg,1668,1297,1.6798232291738273,3.044789157094005,57.4717590928,61.2262199224,25.928566128123407,67.44337078126193,31.54319296467795,-6.2171508588256685,28.212749821799996,3.338417063999155,28.40958079593355,0,1,32.15005423336491,10.11932457507227,raw,14.106374910899998,1.6692085319995775,-14.106374910899998,-1.6692085319995775,0,0,649.2240575073448,1035.4036828417143,623.2954913792214,967.9603120604523,12,12,12,0.8942688024101915,0.07480182112897779,-48.12050746300767,-0.08491366775570867,0.9522503059847546,134.063935007036,-3.741694663507287e-05,4.467324381347946e-06,1.0,1.0,0.0,115.9889925525842,0.0,1.0,99.14206669168362,0.0,0.0,1.0,57.471759092801356,61.226219922436265,0.000000,35.000000,0,0
frame_0094.jpg,frame_0094,94,D:\visualization2026\visualization\left_downsample2_Q45\frame_0094.jpg,D:\visualization2026\visualization\right_downsample2_Q45\frame_0094.jpg,D:\visualization2026\dowsample2_Q45\stitched_frames\frame_0094.jpg,D:\visualization2026\dowsample2_Q45_hess_matched\stitched_frames\frame_0094.jpg,1668,1297,1.6268403195634669,3.151475317581248,59.7880984801,64.5411233934,30.702336486194284,56.24049666359929,29.085761993937922,8.30062672977023,27.397194038728024,2.9158977458684783,27.551927352910816,0,1,30.247015635843805,5.643276350617018,fused,13.698597019364012,1.4579488729342391,-13.698597019364012,-1.4579488729342391,4,1,56.07441154138192,942.6044039483675,25.372075055187636,886.3639072847682,12,12,12,0.8942067450685004,0.0748092303459372,-46.46197176536653,-0.08491623247212947,0.952250612194139,134.1324792537329,-3.741694663507287e-05,4.467324381347946e-06,1.0,1.0,0.0,114.33045685494305,0.0,1.0,99.07352244498675,0.0,0.0,1.0,59.788098480132206,64.54112339336952,0.000000,35.000000,0,0
frame_0096.jpg,frame_0096,96,D:\visualization2026\visualization\left_downsample2_Q45\frame_0096.jpg,D:\visualization2026\visualization\right_downsample2_Q45\frame_0096.jpg,D:\visualization2026\dowsample2_Q45\stitched_frames\frame_0096.jpg,D:\visualization2026\dowsample2_Q45_hess_matched\stitched_frames\frame_0096.jpg,1668,1297,1.447164440070182,3.3506853254289553,64.331741504,71.5752690665,29.626776695526694,49.15306637806634,34.70496480846753,22.422202688410167,23.19990871648269,7.822400643863948,24.483172104248514,0,1,41.31815285993697,18.58818268200669,fused,11.599954358241344,3.911200321931974,-11.599954358241344,-3.911200321931974,7,2,54.877344877344875,951.9083694083694,25.25056818181818,902.755303030303,12,12,12,0.8942132950780449,0.07480844832014494,-46.637026389903355,-0.08501761723439849,0.9522627168328419,136.84207400655507,-3.741694663507287e-05,4.467324381347946e-06,1.0,1.0,0.0,114.50551147947988,0.0,1.0,96.36392769216457,0.0,0.0,1.0,64.33174150399422,71.57526906647651,0.000000,35.000000,0,0
frame_0098.jpg,frame_0098,98,D:\visualization2026\visualization\left_downsample2_Q45\frame_0098.jpg,D:\visualization2026\visualization\right_downsample2_Q45\frame_0098.jpg,D:\visualization2026\dowsample2_Q45\stitched_frames\frame_0098.jpg,D:\visualization2026\dowsample2_Q45_hess_matched\stitched_frames\frame_0098.jpg,1668,1297,1.2237196028659874,3.49078283122277,67.7897931909,77.5374181967,37.82730951356882,67.14193303376192,29.962483677297598,10.395485162889244,16.20052678696979,10.255938291536584,19.17397555060327,0,1,31.714610826623357,13.762664377966404,raw,8.100263393484894,5.127969145768292,-8.100263393484894,-5.127969145768292,0,0,670.578737964409,1038.3366135158674,632.7514284508402,971.1946804821055,12,12,12,0.8944072064967877,0.0747852966392443,-51.81947541852308,-0.08508813133372099,0.9522711357281143,138.726623807217,-3.741694663507287e-05,4.467324381347946e-06,1.0,1.0,0.0,119.68796050809961,0.0,1.0,94.47937789150264,0.0,0.0,1.0,67.78979319086642,77.53741819665116,0.000000,35.000000,0,0
frame_0100.jpg,frame_0100,100,D:\visualization2026\visualization\left_downsample2_Q45\frame_0100.jpg,D:\visualization2026\visualization\right_downsample2_Q45\frame_0100.jpg,D:\visualization2026\dowsample2_Q45\stitched_frames\frame_0100.jpg,D:\visualization2026\dowsample2_Q45_hess_matched\stitched_frames\frame_0100.jpg,1668,1297,1.164656224025162,3.4110566645643843,66.3257201126,76.0919236685,75.6225799745329,71.88108417140938,-9.296859861967562,4.210839497075767,17.18381633167199,12.059649571207995,20.99330111013926,0,1,10.206016488483488,27.619377821598157,fused,8.591908165835996,6.0298247856039975,-8.591908165835996,-6.0298247856039975,3,1,113.92125984251969,1131.7952755905512,38.2986798679868,1059.9141914191418,12,12,12,0.8945158180554602,0.0747723291710838,-54.72221250532116,-0.08508781221576293,0.9522710976276394,138.71809510600627,-3.741694663507287e-05,4.467324381347946e-06,1.0,1.0,0.0,122.59069759489768,0.0,1.0,94.48790659271337,0.0,0.0,1.0,66.32572011256534,76.09192366848515,0.000000,35.000000,0,0
frame_0102.jpg,frame_0102,102,D:\visualization2026\visualization\left_downsample2_Q45\frame_0102.jpg,D:\visualization2026\visualization\right_downsample2_Q45\frame_0102.jpg,D:\visualization2026\dowsample2_Q45\stitched_frames\frame_0102.jpg,D:\visualization2026\dowsample2_Q45_hess_matched\stitched_frames\frame_0102.jpg,1668,1297,1.3264403446306794,3.165250042205841,60.8813993889,68.0390542187,64.33511607177459,62.08851683912735,-3.453716682886572,5.950537379537508,21.725414630926686,7.945850780951994,23.132881046658213,0,1,6.880192877450613,25.25806661817399,fused,10.862707315463343,3.972925390475997,-10.862707315463343,-3.972925390475997,4,6,71.64480874316939,1066.3060109289618,7.309692671394798,1004.2174940898344,12,12,12,0.8944855315614397,0.07477594516878888,-53.91277996888515,-0.08506762578260686,0.9522686875072763,138.1785953613335,-3.741694663507287e-05,4.467324381347946e-06,1.0,1.0,0.0,121.78126505846167,0.0,1.0,95.02740633738615,0.0,0.0,1.0,60.88139938888802,68.03905421866486,0.000000,35.000000,0,0
frame_0104.jpg,frame_0104,104,D:\visualization2026\visualization\left_downsample2_Q45\frame_0104.jpg,D:\visualization2026\visualization\right_downsample2_Q45\frame_0104.jpg,D:\visualization2026\dowsample2_Q45\stitched_frames\frame_0104.jpg,D:\visualization2026\dowsample2_Q45_hess_matched\stitched_frames\frame_0104.jpg,1668,1297,1.4279754289840838,2.9699944371900955,56.6297109458,61.9244072641,22.627501228365002,44.60522413598619,34.00220971744895,17.319183128127285,18.45732574477198,-1.4181586129757227,18.511727296505306,0,1,38.15893564939919,24.346075520438,fused,9.22866287238599,-0.7090793064878613,-9.22866287238599,0.7090793064878613,0,1,27.663705972434915,996.5933639612045,5.036204744069912,951.9881398252184,12,12,12,0.8946911523608139,0.07475139546890781,-59.40817224072598,-0.08492041361866647,0.9522511113940885,134.24422398207142,-3.741694663507287e-05,4.467324381347946e-06,1.0,1.0,0.0,127.2766573303025,0.0,1.0,98.96177771664821,0.0,0.0,1.0,56.62971094581395,61.924407264113476,0.000000,35.000000,0,0
frame_0106.jpg,frame_0106,106,D:\visualization2026\visualization\left_downsample2_Q45\frame_0106.jpg,D:\visualization2026\visualization\right_downsample2_Q45\frame_0106.jpg,D:\visualization2026\dowsample2_Q45\stitched_frames\frame_0106.jpg,D:\visualization2026\dowsample2_Q45_hess_matched\stitched_frames\frame_0106.jpg,1668,1297,1.3246734001831157,2.9435551828493054,56.3706787965,62.3205043313,-1.0422775082627638,60.46729559413882,57.41295630474101,1.85320873713016,30.88143248701755,-6.575612313340555,31.573747793785564,0,1,57.442857991864194,27.83822516597072,fused,15.440716243508774,-3.2878061566702774,-15.440716243508774,3.2878061566702774,0,1,14.195487042001785,827.3525469168901,15.237764550264549,766.8852513227513,12,12,12,0.8944752129347313,0.07477717714137941,-53.637005817430406,-0.08484598037334944,0.9522422245799176,132.25493164234675,-3.741694663507287e-05,4.467324381347946e-06,1.0,1.0,0.0,121.50549090700693,0.0,1.0,100.95107005637287,0.0,0.0,1.0,56.370678796478245,62.32050433126898,0.000000,35.000000,0,0
frame_0108.jpg,frame_0108,108,D:\visualization2026\visualization\left_downsample2_Q45\frame_0108.jpg,D:\visualization2026\visualization\right_downsample2_Q45\frame_0108.jpg,D:\visualization2026\dowsample2_Q45\stitched_frames\frame_0108.jpg,D:\visualization2026\dowsample2_Q45_hess_matched\stitched_frames\frame_0108.jpg,1668,1297,1.2007082753304879,2.9656838952437248,57.1567876932,64.1895318213,43.53474844662719,100.61409362801862,13.622039246524054,-36.42456180674934,40.84556438417334,-12.771365519131992,42.795652899388315,0,1,38.88841287642817,36.063749327278465,raw,20.42278219208667,-6.385682759565996,-20.42278219208667,6.385682759565996,0,0,688.8999296019372,1046.6626393463869,645.36518115531,946.0485457183682,12,12,12,0.8941190373070029,0.07481970204543724,-44.11790659209338,-0.08475071257969531,0.9522308502649179,129.70881812369797,-3.741694663507287e-05,4.467324381347946e-06,1.0,1.0,0.0,111.9863916816699,0.0,1.0,103.49718357502165,0.0,0.0,1.0,57.156787693151244,64.18953182126928,0.000000,35.000000,0,0
frame_0110.jpg,frame_0110,110,D:\visualization2026\visualization\left_downsample2_Q45\frame_0110.jpg,D:\visualization2026\visualization\right_downsample2_Q45\frame_0110.jpg,D:\visualization2026\dowsample2_Q45\stitched_frames\frame_0110.jpg,D:\visualization2026\dowsample2_Q45_hess_matched\stitched_frames\frame_0110.jpg,1668,1297,1.1660119485337752,2.9822929000838947,57.5889527824,64.9821811821,4.765278933139232,86.55861018682197,52.82367384926029,-21.57642900474839,42.027164791988454,-21.931207803575646,47.40527877965249,0,1,57.06034356302083,10.802336590749709,fused,21.013582395994227,-10.965603901787823,-21.013582395994227,10.965603901787823,0,2,29.173824130879343,988.9276073619632,24.40854519774011,902.3689971751412,12,12,12,0.894096906487377,0.07482234431208336,-43.52644145086385,-0.08457040039432273,0.9522093222383309,124.88982027410981,-3.741694663507287e-05,4.467324381347946e-06,1.0,1.0,0.0,111.39492654044037,0.0,1.0,108.31618142460982,0.0,0.0,1.0,57.58895278239952,64.98218118207357,0.000000,35.000000,0,0
frame_0112.jpg,frame_0112,112,D:\visualization2026\visualization\left_downsample2_Q45\frame_0112.jpg,D:\visualization2026\visualization\right_downsample2_Q45\frame_0112.jpg,D:\visualization2026\dowsample2_Q45\stitched_frames\frame_0112.jpg,D:\visualization2026\dowsample2_Q45_hess_matched\stitched_frames\frame_0112.jpg,1668,1297,1.2703140164875037,2.95796264233973,56.8112012673,63.2618107432,110.18349664543712,34.94200039328541,-53.37229537812378,28.319810349877315,29.710268742504137,-23.0700404652244,37.615513233490645,1,1,60.42030761410199,97.69150028357973,raw,14.855134371252069,-11.5350202326122,-14.855134371252069,11.5350202326122,0,4,660.7048783651267,1022.379529590054,550.5213817196895,987.4375291967685,12,12,12,0.8944851203168535,0.07477599426854532,-53.90178910449858,-0.0845372193056942,0.9522053606460696,124.00302721341052,-3.741694663507287e-05,4.467324381347946e-06,1.0,1.0,0.0,121.77027419407511,0.0,1.0,109.20297448530911,0.0,0.0,1.0,56.811201267313336,63.26181074316273,0.000000,35.000000,0,0
frame_0114.jpg,frame_0114,114,D:\visualization2026\visualization\left_downsample2_Q45\frame_0114.jpg,D:\visualization2026\visualization\right_downsample2_Q45\frame_0114.jpg,D:\visualization2026\dowsample2_Q45\stitched_frames\frame_0114.jpg,D:\visualization2026\dowsample2_Q45_hess_matched\stitched_frames\frame_0114.jpg,1668,1297,1.4007532417698911,2.9188796382509636,55.6622500501,60.8863357896,15.752038293531314,89.36636408370111,39.910211756524504,-28.480028294090964,37.33363900038955,-15.994270407710399,40.61548087720209,0,1,49.02996037203017,12.74883826726856,raw,18.666819500194777,-7.9971352038551995,-18.666819500194777,7.9971352038551995,0,0,664.0392709983569,1022.4311789275017,648.2872327048256,933.0648148438006,12,12,12,0.8942699949202415,0.07480167875153387,-48.15237831718585,-0.08468335960642569,0.9522228087862111,127.90875212882925,-3.741694663507287e-05,4.467324381347946e-06,1.0,1.0,0.0,116.02086340676237,0.0,1.0,105.29724956989038,0.0,0.0,1.0,55.66225005005582,60.88633578961015,0.000000,35.000000,0,0
frame_0116.jpg,frame_0116,116,D:\visualization2026\visualization\left_downsample2_Q45\frame_0116.jpg,D:\visualization2026\visualization\right_downsample2_Q45\frame_0116.jpg,D:\visualization2026\dowsample2_Q45\stitched_frames\frame_0116.jpg,D:\visualization2026\dowsample2_Q45_hess_matched\stitched_frames\frame_0116.jpg,1668,1297,1.505725471051072,2.891871223701404,54.828136463,59.0896516174,58.9996604057138,62.93060618847221,-4.171523942680572,-3.8409545711136417,34.29811538606597,-16.760252126170897,38.17416364989168,0,1,5.670497687303651,40.58104729304003,fused,17.149057693032987,-8.380126063085449,-17.149057693032987,8.380126063085449,5,2,85.07253886010362,1141.006908462867,26.072878454389823,1078.0763022743947,12,12,12,0.8942823190250709,0.07480020733874009,-48.48175059199109,-0.0846583745005796,0.9522198257375513,127.24100373958288,-3.741694663507287e-05,4.467324381347946e-06,1.0,1.0,0.0,116.35023568156761,0.0,1.0,105.96499795913675,0.0,0.0,1.0,54.828136463033225,59.08965161735857,0.000000,35.000000,0,0
frame_0118.jpg,frame_0118,118,D:\visualization2026\visualization\left_downsample2_Q45\frame_0118.jpg,D:\visualization2026\visualization\right_downsample2_Q45\frame_0118.jpg,D:\visualization2026\dowsample2_Q45\stitched_frames\frame_0118.jpg,D:\visualization2026\dowsample2_Q45_hess_matched\stitched_frames\frame_0118.jpg,1668,1297,1.5186922900322202,2.903730776337248,55.0346110127,59.2609515361,3.295720476706393,60.306663055254376,51.738890535951114,-1.0457115191793065,34.053347009478586,-17.450080419859162,38.264026829484585,0,1,51.749457064518815,24.122225619879,fused,17.026673504739293,-8.725040209929581,-17.026673504739293,8.725040209929581,0,2,28.40469483568075,1119.069483568075,25.108974358974358,1058.7628205128206,12,12,12,0.894266145767856,0.07480213831368003,-48.049506417378,-0.08465943724304095,0.9522199526216435,127.26940644362276,-3.741694663507287e-05,4.467324381347946e-06,1.0,1.0,0.0,115.91799150695452,0.0,1.0,105.93659525509688,0.0,0.0,1.0,55.03461101265751,59.26095153607507,0.000000,35.000000,0,0
frame_0120.jpg,frame_0120,120,D:\visualization2026\visualization\left_downsample2_Q45\frame_0120.jpg,D:\visualization2026\visualization\right_downsample2_Q45\frame_0120.jpg,D:\visualization2026\dowsample2_Q45\stitched_frames\frame_0120.jpg,D:\visualization2026\dowsample2_Q45_hess_matched\stitched_frames\frame_0120.jpg,1668,1297,1.4126149369793026,2.9502867231286096,56.2698604433,61.5750444451,18.623804665636044,86.98138204211352,37.64605577764241,-25.406337597050893,33.933976985265,-16.52666510799945,37.744475802804054,0,1,45.417039816666666,9.624349976680774,raw,16.9669884926325,-8.263332553999724,-16.9669884926325,8.263332553999724,0,0,675.2973057401175,1023.2515423008186,656.6735010744815,936.2701602587051,12,12,12,0.8944316211803449,0.07478238169505654,-52.47197878271233,-0.08467545518925187,0.9522218650535248,127.6974997984102,-3.741694663507287e-05,4.467324381347946e-06,1.0,1.0,0.0,120.34046387228885,0.0,1.0,105.50850190030943,0.0,0.0,1.0,56.26986044327845,61.57504444506263,0.000000,35.000000,0,0
frame_0122.jpg,frame_0122,122,D:\visualization2026\visualization\left_downsample2_Q45\frame_0122.jpg,D:\visualization2026\visualization\right_downsample2_Q45\frame_0122.jpg,D:\visualization2026\dowsample2_Q45\stitched_frames\frame_0122.jpg,D:\visualization2026\dowsample2_Q45_hess_matched\stitched_frames\frame_0122.jpg,1668,1297,1.312615320619102,2.9879270416705097,57.3070721497,63.594859746,12.163971229712956,92.07222986389036,45.143100919955444,-28.477370117860993,33.659108172254776,-15.262452099873553,36.95778682568104,0,1,53.374714701803555,17.507602567209783,raw,16.829554086127388,-7.631226049936776,-16.829554086127388,7.631226049936776,0,0,679.0768332625427,1023.3450194242824,666.9128620328297,931.2727895603921,12,12,12,0.8944531090451416,0.07477981619276568,-53.04626040452047,-0.08469016098132992,0.952223620823287,128.09052470825856,-3.741694663507287e-05,4.467324381347946e-06,1.0,1.0,0.0,120.91474549409699,0.0,1.0,105.11547699046108,0.0,0.0,1.0,57.3070721496684,63.594859746029364,0.000000,35.000000,0,0
frame_0124.jpg,frame_0124,124,D:\visualization2026\visualization\left_downsample2_Q45\frame_0124.jpg,D:\visualization2026\visualization\right_downsample2_Q45\frame_0124.jpg,D:\visualization2026\dowsample2_Q45\stitched_frames\frame_0124.jpg,D:\visualization2026\dowsample2_Q45_hess_matched\stitched_frames\frame_0124.jpg,1668,1297,1.3653852994388913,2.9681448253394898,56.7613762977,62.5310865622,17.44801466229262,86.3940382970402,39.31336163545658,-23.86295173479241,30.511315715204567,-19.05855949631827,35.97456152265921,0,1,45.9889211503947,10.027871018483221,raw,15.255657857602284,-9.529279748159135,-15.255657857602284,9.529279748159135,0,0,685.9174599961578,1023.7850575996486,668.4694453338652,937.3910193026084,12,12,12,0.8944403314154572,0.07478134175328727,-52.70476728887293,-0.08462288301328508,0.9522155882996847,126.29246329237101,-3.741694663507287e-05,4.467324381347946e-06,1.0,1.0,0.0,120.57325237844945,0.0,1.0,106.91353840634862,0.0,0.0,1.0,56.7613762977492,62.531086562247786,0.000000,35.000000,0,0
frame_0126.jpg,frame_0126,126,D:\visualization2026\visualization\left_downsample2_Q45\frame_0126.jpg,D:\visualization2026\visualization\right_downsample2_Q45\frame_0126.jpg,D:\visualization2026\dowsample2_Q45\stitched_frames\frame_0126.jpg,D:\visualization2026\dowsample2_Q45_hess_matched\stitched_frames\frame_0126.jpg,1668,1297,1.6052164330029832,2.881974193224437,54.3573787455,57.7930974825,59.90324675324674,55.31298701298692,-5.545868007731691,2.48011046951585,30.65370985135448,-21.667254008337036,37.53824481662434,0,1,6.075162541050569,43.514418856309156,fused,15.32685492567724,-10.833627004168518,-15.32685492567724,10.833627004168518,3,2,87.42380952380951,1108.7047619047619,27.52056277056277,1053.391774891775,12,12,12,0.8943783012614341,0.07478874772422735,-51.046958204983795,-0.08458174834425092,0.9522106771049876,125.19310397170425,-3.741694663507287e-05,4.467324381347946e-06,1.0,1.0,0.0,118.91544329456032,0.0,1.0,108.01289772701539,0.0,0.0,1.0,54.35737874551505,57.79309748250277,0.000000,35.000000,0,0
frame_0128.jpg,frame_0128,128,D:\visualization2026\visualization\left_downsample2_Q45\frame_0128.jpg,D:\visualization2026\visualization\right_downsample2_Q45\frame_0128.jpg,D:\visualization2026\dowsample2_Q45\stitched_frames\frame_0128.jpg,D:\visualization2026\dowsample2_Q45_hess_matched\stitched_frames\frame_0128.jpg,1668,1297,1.824690031644451,2.7951546906905484,51.9952425186,53.2512082196,15.995314267933923,73.27745672097774,35.99992825070008,-20.02624850140289,30.33614333626329,-19.073728917013995,35.83418378194273,0,1,41.19521165251485,5.7433224805547995,fused,15.168071668131645,-9.536864458506997,-15.168071668131645,9.536864458506997,0,1,27.830730934600588,1075.6503733876443,11.835416666666665,1002.3729166666666,12,12,12,0.8943600311054175,0.07479092905436688,-50.558672610896636,-0.08462741882741617,0.9522161298444893,126.41368681644256,-3.741694663507287e-05,4.467324381347946e-06,1.0,1.0,0.0,118.42715770047316,0.0,1.0,106.79231488227707,0.0,0.0,1.0,51.995242518634,53.25120821957485,0.000000,35.000000,0,0
frame_0130.jpg,frame_0130,130,D:\visualization2026\visualization\left_downsample2_Q45\frame_0130.jpg,D:\visualization2026\visualization\right_downsample2_Q45\frame_0130.jpg,D:\visualization2026\dowsample2_Q45\stitched_frames\frame_0130.jpg,D:\visualization2026\dowsample2_Q45_hess_matched\stitched_frames\frame_0130.jpg,1668,1297,1.825866870270719,2.7775886343231306,51.6342715306,52.7843262236,13.276245072216284,91.23413638074942,38.358026458392004,-38.44981015714472,28.80668135660758,-13.371006693632872,31.758600579721673,0,1,54.311380896669995,26.83606857225617,raw,14.40334067830379,-6.685503346816436,-14.40334067830379,6.685503346816436,0,0,703.3955548706155,1025.0899353072302,690.1193097983992,933.8557989264808,12,12,12,0.8945752439140197,0.07476523413499188,-56.310419558639595,-0.08473420382603329,0.952228879234025,129.2676075187008,-3.741694663507287e-05,4.467324381347946e-06,1.0,1.0,0.0,124.17890464821612,0.0,1.0,103.93839418001883,0.0,0.0,1.0,51.63427153060829,52.7843262236047,0.000000,35.000000,0,0
frame_0132.jpg,frame_0132,132,D:\visualization2026\visualization\left_downsample2_Q45\frame_0132.jpg,D:\visualization2026\visualization\right_downsample2_Q45\frame_0132.jpg,D:\visualization2026\dowsample2_Q45\stitched_frames\frame_0132.jpg,D:\visualization2026\dowsample2_Q45_hess_matched\stitched_frames\frame_0132.jpg,1668,1297,1.6586946708706805,2.8390921355804046,53.3392670181,56.1241390335,9.783998673552787,71.63388369476979,43.555268344499474,-15.50974466124579,39.144374964003106,-8.130231218502374,39.979779276389,0,1,46.23433334675001,8.597278584862623,raw,19.572187482001553,-4.065115609251187,-19.572187482001553,4.065115609251187,0,0,704.9081591362747,1014.5875265425193,695.1241604627219,942.9536428477495,12,12,12,0.894323849492582,0.07479524888844508,-49.59168796652217,-0.08444730510022927,0.9521946255124356,121.5999929321298,-3.741694663507287e-05,4.467324381347946e-06,1.0,1.0,0.0,117.4601730560987,0.0,1.0,111.60600876658984,0.0,0.0,1.0,53.33926701805226,56.124139033524,0.000000,35.000000,0,0
frame_0134.jpg,frame_0134,134,D:\visualization2026\visualization\left_downsample2_Q45\frame_0134.jpg,D:\visualization2026\visualization\right_downsample2_Q45\frame_0134.jpg,D:\visualization2026\dowsample2_Q45\stitched_frames\frame_0134.jpg,D:\visualization2026\dowsample2_Q45_hess_matched\stitched_frames\frame_0134.jpg,1668,1297,1.4926807649325333,2.897339930618209,54.9748162066,59.3675875656,23.308764469444668,54.71692818344275,31.666051737178037,4.65065938211319,35.73419093365338,0.78614049602648,35.74283730430879,0,1,32.005741130460855,5.611083918711246,raw,17.86709546682669,0.39307024801324,-17.86709546682669,-0.39307024801324,0,0,715.8445110037718,1011.5206151026564,692.5357465343271,956.8036869192136,12,12,12,0.8943509183906593,0.0747920170494194,-50.31512749089743,-0.08446807641087149,0.9521971054631213,122.15512402940529,-3.741694663507287e-05,4.467324381347946e-06,1.0,1.0,0.0,118.18361258047395,0.0,1.0,111.05087766931435,0.0,0.0,1.0,54.974816206622705,59.36758756555594,0.000000,35.000000,0,0
frame_0136.jpg,frame_0136,136,D:\visualization2026\visualization\left_downsample2_Q45\frame_0136.jpg,D:\visualization2026\visualization\right_downsample2_Q45\frame_0136.jpg,D:\visualization2026\dowsample2_Q45\stitched_frames\frame_0136.jpg,D:\visualization2026\dowsample2_Q45_hess_matched\stitched_frames\frame_0136.jpg,1668,1297,1.4705234508926033,2.8676983235019833,54.4310201567,58.832233652,8.288420127444518,30.14824580678237,46.14260002924592,28.68398784516834,26.190679129492466,10.492605375400592,28.21429497307912,0,1,54.331488992671005,27.000102661867636,fused,13.095339564746233,5.246302687700296,-13.095339564746233,-5.246302687700296,1,0,21.572972972972973,1082.9639639639638,13.284552845528456,1052.8157181571814,12,12,12,0.8945095613475279,0.07477307617869416,-54.554996618003834,-0.08464455996720105,0.9522181763779073,126.87179848311705,-3.741694663507287e-05,4.467324381347946e-06,1.0,1.0,0.0,122.42348170758035,0.0,1.0,106.33420321560259,0.0,0.0,1.0,54.43102015669044,58.83223365195071,0.000000,35.000000,0,0
frame_0138.jpg,frame_0138,138,D:\visualization2026\visualization\left_downsample2_Q45\frame_0138.jpg,D:\visualization2026\visualization\right_downsample2_Q45\frame_0138.jpg,D:\visualization2026\dowsample2_Q45\stitched_frames\frame_0138.jpg,D:\visualization2026\dowsample2_Q45_hess_matched\stitched_frames\frame_0138.jpg,1668,1297,1.514278631137664,2.750664134604204,51.9288769269,55.3460435748,32.979868827964424,30.790433503510258,18.949008098951452,24.555610071241375,15.243521340309725,10.240023478731928,18.363633183481397,0,1,31.01681630833472,14.787381499308978,raw,7.621760670154862,5.120011739365964,-7.621760670154862,-5.120011739365964,0,0,716.4702270498004,1010.8525916752653,683.490358221836,980.0621581717551,12,12,12,0.8948984996118363,0.07472663964265262,-64.94970541403953,-0.08462858077023984,0.952216268572418,126.44474073527218,-3.741694663507287e-05,4.467324381347946e-06,1.0,1.0,0.0,132.81819050361605,0.0,1.0,106.76126096344746,0.0,0.0,1.0,51.928876926915876,55.34604357475163,0.000000,35.000000,0,0
frame_0140.jpg,frame_0140,140,D:\visualization2026\visualization\left_downsample2_Q45\frame_0140.jpg,D:\visualization2026\visualization\right_downsample2_Q45\frame_0140.jpg,D:\visualization2026\dowsample2_Q45\stitched_frames\frame_0140.jpg,D:\visualization2026\dowsample2_Q45_hess_matched\stitched_frames\frame_0140.jpg,1668,1297,1.5610559567018356,2.6250160064533254,49.2431077443,51.605337214,58.60264030672056,41.522822974304034,-9.359532562412546,10.082514239725839,4.567755877697266,8.360598676764365,9.527014432242241,0,1,13.75710518899725,14.03333019991995,fused,2.283877938848633,4.1802993383821825,-2.283877938848633,-4.1802993383821825,5,2,894.9597367402245,196.09252806813782,836.3570964335039,154.5697050938338,12,12,12,0.8950781150106147,0.0747051948075608,-69.75008104410347,-0.08462137814342137,0.9522154086286415,126.25224435418801,-3.741694663507287e-05,4.467324381347946e-06,1.0,1.0,0.0,137.61856613368,0.0,1.0,106.95375734453162,0.0,0.0,1.0,49.24310774430801,51.60533721402987,0.000000,35.000000,0,0
frame_0142.jpg,frame_0142,142,D:\visualization2026\visualization\left_downsample2_Q45\frame_0142.jpg,D:\visualization2026\visualization\right_downsample2_Q45\frame_0142.jpg,D:\visualization2026\dowsample2_Q45\stitched_frames\frame_0142.jpg,D:\visualization2026\dowsample2_Q45_hess_matched\stitched_frames\frame_0142.jpg,1668,1297,1.572475900322015,2.5670441007643525,48.0314338832,49.9857126559,59.21195448460509,66.75836680053567,-11.180520601414237,-16.772654144589104,-8.753008076054805,7.703496011237749,11.660145847056826,0,1,20.157528816118564,24.596234335998663,fused,-4.376504038027402,3.8517480056188744,4.376504038027402,-3.8517480056188744,3,1,71.52888888888889,1101.6666666666667,12.316934404283801,1034.908299866131,12,12,12,0.8952131535091831,0.07468907214573703,-73.35910077212728,-0.08459706611104022,0.9522125059402935,125.60248443074335,-3.741694663507287e-05,4.467324381347946e-06,1.0,1.0,0.0,141.2275858617038,0.0,1.0,107.60351726797629,0.0,0.0,1.0,48.03143388319085,49.985712655946564,0.000000,35.000000,0,0
frame_0144.jpg,frame_0144,144,D:\visualization2026\visualization\left_downsample2_Q45\frame_0144.jpg,D:\visualization2026\visualization\right_downsample2_Q45\frame_0144.jpg,D:\visualization2026\dowsample2_Q45\stitched_frames\frame_0144.jpg,D:\visualization2026\dowsample2_Q45_hess_matched\stitched_frames\frame_0144.jpg,1668,1297,1.5382751900958986,2.5693263238077364,48.170448879,50.4024300496,69.88322445491883,55.14889467736157,-21.712775575884258,-4.74646462772462,-18.33235297768141,4.600759002241163,18.90085048602331,0,1,22.225515734645104,9.939710585878805,fused,-9.166176488840705,2.3003795011205814,9.166176488840705,-2.3003795011205814,1,8,289.5575539568345,1056.880695443645,219.67432950191568,1001.7318007662834,12,12,12,0.8954125687810414,0.07466526334287897,-78.68864499718433,-0.08454138986755805,0.9522058585822823,124.11448905727859,-3.741694663507287e-05,4.467324381347946e-06,1.0,1.0,0.0,146.55713008676085,0.0,1.0,109.09151264144104,0.0,0.0,1.0,48.17044887903457,50.40243004963695,0.000000,35.000000,0,0
frame_0146.jpg,frame_0146,146,D:\visualization2026\visualization\left_downsample2_Q45\frame_0146.jpg,D:\visualization2026\visualization\right_downsample2_Q45\frame_0146.jpg,D:\visualization2026\dowsample2_Q45\stitched_frames\frame_0146.jpg,D:\visualization2026\dowsample2_Q45_hess_matched\stitched_frames\frame_0146.jpg,1668,1297,1.5026630123068365,2.57835671616899,48.450729946,51.0085374106,68.91194968553464,25.610062893081704,-20.461219739514426,25.39847451753525,-4.269143478489298,5.840357880405318,7.2343186418031245,0,1,32.615088855414484,25.39100746395133,fused,-2.134571739244649,2.920178940202659,2.134571739244649,-2.920178940202659,3,4,387.0,1056.5,318.08805031446536,1030.8899371069183,12,12,12,0.895166723788755,0.0746946155329116,-72.1182266601632,-0.08455393971327779,0.9522073569469754,124.44989445104672,-3.741694663507287e-05,4.467324381347946e-06,1.0,1.0,0.0,139.98671174973973,0.0,1.0,108.75610724767292,0.0,0.0,1.0,48.45072994602021,51.00853741061695,0.000000,35.000000,0,0
frame_0148.jpg,frame_0148,148,D:\visualization2026\visualization\left_downsample2_Q45\frame_0148.jpg,D:\visualization2026\visualization\right_downsample2_Q45\frame_0148.jpg,D:\visualization2026\dowsample2_Q45\stitched_frames\frame_0148.jpg,D:\visualization2026\dowsample2_Q45_hess_matched\stitched_frames\frame_0148.jpg,1668,1297,1.5113755803577682,2.5439836305818417,47.7270438418,50.0279167052,76.6747602509466,40.985991678925984,-28.947716409181588,9.041925026258447,-2.6568959951893167,12.244832632350855,12.529765461633247,0,1,30.32699611710464,26.48520068215375,fused,-1.3284479975946584,6.1224163161754275,1.3284479975946584,-6.1224163161754275,0,3,95.5815702867889,1089.1974612129761,18.906810035842295,1048.2114695340501,12,12,12,0.8950810213348065,0.07470484781257351,-69.82775505155654,-0.08467091932203237,0.9522213235023816,127.5762748555055,-3.741694663507287e-05,4.467324381347946e-06,1.0,1.0,0.0,137.69624014113305,0.0,1.0,105.62972684321413,0.0,0.0,1.0,47.72704384176502,50.02791670518443,0.000000,35.000000,0,0
frame_0150.jpg,frame_0150,150,D:\visualization2026\visualization\left_downsample2_Q45\frame_0150.jpg,D:\visualization2026\visualization\right_downsample2_Q45\frame_0150.jpg,D:\visualization2026\dowsample2_Q45\stitched_frames\frame_0150.jpg,D:\visualization2026\dowsample2_Q45_hess_matched\stitched_frames\frame_0150.jpg,1668,1297,1.5506124253597413,2.443298368036764,45.5701214479,47.0120557805,-15.386393485684266,30.731547149986795,60.95651493354804,16.280508630546613,0.5198019779350473,14.265514308991238,14.274981351872196,0,1,63.093198318940594,60.470294153369714,fused,0.25990098896752367,7.132757154495619,-0.25990098896752367,-7.132757154495619,3,4,255.64197530864197,1048.5802469135801,271.02836879432624,1017.8486997635933,12,12,12,0.8950248678107899,0.0747115521545762,-68.3270039463352,-0.08472145939016847,0.9522273576366156,128.92700153635982,-3.741694663507287e-05,4.467324381347946e-06,1.0,1.0,0.0,136.19548903591172,0.0,1.0,104.2790001623598,0.0,0.0,1.0,45.57012144786378,47.01205578053341,0.000000,35.000000,0,0
frame_0152.jpg,frame_0152,152,D:\visualization2026\visualization\left_downsample2_Q45\frame_0152.jpg,D:\visualization2026\visualization\right_downsample2_Q45\frame_0152.jpg,D:\visualization2026\dowsample2_Q45\stitched_frames\frame_0152.jpg,D:\visualization2026\dowsample2_Q45_hess_matched\stitched_frames\frame_0152.jpg,1668,1297,1.6204792667323922,2.321084183429768,42.8918261529,43.1187518195,46.011109337809785,27.86903220438262,-3.1192831849143516,15.249719615138588,3.784741462145038,9.882141306982207,10.582106819837144,0,1,15.565470629827805,8.745081658932317,raw,1.892370731072519,4.941070653491104,-1.892370731072519,-4.941070653491104,0,0,717.7810784101753,995.935700252709,671.7699690723655,968.0666680483264,12,12,12,0.8948586735079831,0.0747313946037266,-63.885318620494175,-0.08477822620392772,0.9522341352011676,130.44414333611434,-3.741694663507287e-05,4.467324381347946e-06,1.0,1.0,0.0,131.75380371007068,0.0,1.0,102.76185836260528,0.0,0.0,1.0,42.89182615289543,43.11875181952121,0.000000,35.000000,0,0
frame_0154.jpg,frame_0154,154,D:\visualization2026\visualization\left_downsample2_Q45\frame_0154.jpg,D:\visualization2026\visualization\right_downsample2_Q45\frame_0154.jpg,D:\visualization2026\dowsample2_Q45\stitched_frames\frame_0154.jpg,D:\visualization2026\dowsample2_Q45_hess_matched\stitched_frames\frame_0154.jpg,1668,1297,1.739378797054183,2.232719076523189,40.7703133734,39.588630468,46.59959908361971,34.23168671248595,-5.82928571026244,5.356943755477289,7.568801361817272,5.111922061118721,9.133372937398278,0,1,7.916907116495494,13.40032734009643,fused,3.784400680908636,2.5559610305593603,-3.784400680908636,-2.5559610305593603,2,3,74.65,1119.9625,28.050400916380294,1085.7308132875141,12,12,12,0.8948355738591709,0.07473415254187014,-63.26796068806881,-0.08471436261322324,0.9522265103305811,128.73733408394986,-3.741694663507287e-05,4.467324381347946e-06,1.0,1.0,0.0,131.13644577764532,0.0,1.0,104.46866761476977,0.0,0.0,1.0,40.77031337335727,39.58863046796324,0.000000,35.000000,0,0
frame_0156.jpg,frame_0156,156,D:\visualization2026\visualization\left_downsample2_Q45\frame_0156.jpg,D:\visualization2026\visualization\right_downsample2_Q45\frame_0156.jpg,D:\visualization2026\dowsample2_Q45\stitched_frames\frame_0156.jpg,D:\visualization2026\dowsample2_Q45_hess_matched\stitched_frames\frame_0156.jpg,1668,1297,1.958412417458117,2.236455042680518,40.253809546,37.3947401569,44.390331864441464,33.91313064939277,-4.136522318464472,3.4816095074900915,0.43822743286730326,0.4764811211643849,0.6473619866377204,0,1,5.406701550279994,5.473493574090562,raw,0.21911371643365163,0.23824056058219245,-0.21911371643365163,-0.23824056058219245,0,0,730.6902988858203,997.7223282115183,686.2999670213788,963.8091975621255,12,12,12,0.8948160089682844,0.07473648845438936,-62.74507219379076,-0.0846476732725154,0.9522185480850076,126.9550042386463,-3.741694663507287e-05,4.467324381347946e-06,1.0,1.0,0.0,130.6135572833673,0.0,1.0,106.25099746007334,0.0,0.0,1.0,40.25380954597699,37.39474015688286,0.000000,35.000000,0,0
frame_0158.jpg,frame_0158,158,D:\visualization2026\visualization\left_downsample2_Q45\frame_0158.jpg,D:\visualization2026\visualization\right_downsample2_Q45\frame_0158.jpg,D:\visualization2026\dowsample2_Q45\stitched_frames\frame_0158.jpg,D:\visualization2026\dowsample2_Q45_hess_matched\stitched_frames\frame_0158.jpg,1668,1297,2.178372023628981,2.2846791272586593,40.6409384992,36.3424314443,50.66835541005639,51.151602647336745,-10.027416910820428,-14.809171203058973,5.483642766575446,-2.041372486145595,5.851285296292385,0,1,17.88464821082368,20.090038735436796,fused,2.741821383287723,-1.0206862430727974,-2.741821383287723,1.0206862430727974,9,0,753.4521072796935,1036.4750957854405,702.7837518696371,985.3234931381038,12,12,12,0.8947099584349584,0.07474915015385412,-59.91078070655902,-0.08459703360240219,0.9522125020589872,125.60161560950188,-3.741694663507287e-05,4.467324381347946e-06,1.0,1.0,0.0,127.77926579613553,0.0,1.0,107.60438608921775,0.0,0.0,1.0,40.640938499235965,36.34243144427777,0.000000,35.000000,0,0
frame_0160.jpg,frame_0160,160,D:\visualization2026\visualization\left_downsample2_Q45\frame_0160.jpg,D:\visualization2026\visualization\right_downsample2_Q45\frame_0160.jpg,D:\visualization2026\dowsample2_Q45\stitched_frames\frame_0160.jpg,D:\visualization2026\dowsample2_Q45_hess_matched\stitched_frames\frame_0160.jpg,1668,1297,2.25096184961674,2.3019746635575338,40.7968228334,36.0308893617,15.493177544646642,42.92758543092907,25.303645288798208,-6.896696069225072,8.617559010902138,-0.900612033658283,8.664492214870457,0,1,26.226682626145923,17.73072189830325,raw,4.308779505451069,-0.4503060168291415,-4.308779505451069,0.4503060168291415,0,0,710.7338818307335,1009.8566005286674,695.2407042860868,966.9290150977383,12,12,12,0.8947039941448306,0.0747498622488031,-59.751379935941856,-0.0846446813491047,0.9522181908700662,126.87504251862954,-3.741694663507287e-05,4.467324381347946e-06,1.0,1.0,0.0,127.61986502551838,0.0,1.0,106.33095918009009,0.0,0.0,1.0,40.79682283344485,36.030889361704,0.000000,35.000000,0,0
frame_0162.jpg,frame_0162,162,D:\visualization2026\visualization\left_downsample2_Q45\frame_0162.jpg,D:\visualization2026\visualization\right_downsample2_Q45\frame_0162.jpg,D:\visualization2026\dowsample2_Q45\stitched_frames\frame_0162.jpg,D:\visualization2026\dowsample2_Q45_hess_matched\stitched_frames\frame_0162.jpg,1668,1297,2.0751538573198633,2.232240359948026,39.852119011,36.0648351342,17.744325527422347,33.40438355559559,22.107793483626367,2.6604515785886917,10.250322178689542,0.6721489299583023,10.272336099981288,0,1,22.267297440791676,12.023018471663045,raw,5.125161089344771,0.33607446497915117,-5.125161089344771,-0.33607446497915117,0,0,718.1787198939419,1004.4990563552151,700.4343943665195,971.0946727996195,12,12,12,0.894638397152949,0.07475769407548939,-57.99824405017884,-0.08445902188726818,0.9521960244156898,121.91313411794552,-3.741694663507287e-05,4.467324381347946e-06,1.0,1.0,0.0,125.86672913975536,0.0,1.0,111.29286758077411,0.0,0.0,1.0,39.852119011048714,36.06483513418428,0.000000,35.000000,0,0
frame_0164.jpg,frame_0164,164,D:\visualization2026\visualization\left_downsample2_Q45\frame_0164.jpg,D:\visualization2026\visualization\right_downsample2_Q45\frame_0164.jpg,D:\visualization2026\dowsample2_Q45\stitched_frames\frame_0164.jpg,D:\visualization2026\dowsample2_Q45_hess_matched\stitched_frames\frame_0164.jpg,1668,1297,1.8227871940507168,2.137626463205894,38.6077958563,36.2555671431,28.76750034489237,25.194821125152657,9.840295511371018,11.06074601791385,13.345058961047508,5.927566634954502,14.60228218072984,0,1,14.804442516484897,6.21553677616239,raw,6.672529480523754,2.963783317477251,-6.672529480523754,-2.963783317477251,0,0,724.784258247889,1001.7729509111698,696.0167579029967,976.5781297860171,12,12,12,0.8946124859638891,0.07476078769207349,-57.30574529252812,-0.08443344112581974,0.9521929702498749,121.22946632169446,-3.741694663507287e-05,4.467324381347946e-06,1.0,1.0,0.0,125.17423038210465,0.0,1.0,111.97653537702517,0.0,0.0,1.0,38.60779585626339,36.25556714306651,0.000000,35.000000,0,0
frame_0166.jpg,frame_0166,166,D:\visualization2026\visualization\left_downsample2_Q45\frame_0166.jpg,D:\visualization2026\visualization\right_downsample2_Q45\frame_0166.jpg,D:\visualization2026\dowsample2_Q45\stitched_frames\frame_0166.jpg,D:\visualization2026\dowsample2_Q45_hess_matched\stitched_frames\frame_0166.jpg,1668,1297,1.7313532058352994,2.1089014427097297,38.2700978746,36.4684016407,34.24280435414232,25.122987315165574,4.02729352047254,11.345414325573017,11.213085720622892,9.316056714676245,14.578141311192637,0,1,12.038999930183468,7.466853544609423,raw,5.606542860311446,4.6580283573381225,-5.606542860311446,-4.6580283573381225,0,0,735.0858148562437,1001.3727219896506,700.8430105021014,976.249734674485,12,12,12,0.8944759664332126,0.0747770871788774,-53.65714371079254,-0.08447768896036964,0.9521982531349813,122.4120276616522,-3.741694663507287e-05,4.467324381347946e-06,1.0,1.0,0.0,121.52562880036906,0.0,1.0,110.79397403706743,0.0,0.0,1.0,38.27009787461486,36.46840164073859,0.000000,35.000000,0,0
frame_0168.jpg,frame_0168,168,D:\visualization2026\visualization\left_downsample2_Q45\frame_0168.jpg,D:\visualization2026\visualization\right_downsample2_Q45\frame_0168.jpg,D:\visualization2026\dowsample2_Q45\stitched_frames\frame_0168.jpg,D:\visualization2026\dowsample2_Q45_hess_matched\stitched_frames\frame_0168.jpg,1668,1297,1.9786869245255332,2.1799563812725786,39.0481867213,35.7206426336,33.60191972028804,24.252725311714016,5.4462670009694065,11.467917321922023,5.299593351632204,12.48084246580678,13.559392255884854,0,1,12.695469741143393,1.0234893778265846,raw,2.649796675816102,6.24042123290339,-2.649796675816102,-6.24042123290339,0,0,740.9008253008956,1002.1547051058966,707.2989055806075,977.9019797941826,12,12,12,0.894574281715295,0.07476534901485805,-56.284703972223525,-0.08455305589041814,0.952207251424645,124.42627352686297,-3.741694663507287e-05,4.467324381347946e-06,1.0,1.0,0.0,124.15318906180005,0.0,1.0,108.77972817185666,0.0,0.0,1.0,39.048186721257444,35.72064263363604,0.000000,35.000000,0,0
frame_0170.jpg,frame_0170,170,D:\visualization2026\visualization\left_downsample2_Q45\frame_0170.jpg,D:\visualization2026\visualization\right_downsample2_Q45\frame_0170.jpg,D:\visualization2026\dowsample2_Q45\stitched_frames\frame_0170.jpg,D:\visualization2026\dowsample2_Q45_hess_matched\stitched_frames\frame_0170.jpg,1668,1297,2.3734470272653105,2.2902574188967755,40.2267796762,34.4467669472,25.58300058953023,24.401012617802053,14.643779086675139,10.04575432938364,7.901715333663624,11.210033788611545,13.715026895929418,0,1,17.758306394070193,6.8418543033925925,raw,3.950857666831812,5.6050168943057725,-3.950857666831812,-5.6050168943057725,0,0,738.54802916068,1001.9218638995292,712.9650285711498,977.5208512817271,12,12,12,0.8946150240591654,0.07476048466106938,-57.37357806629774,-0.08452196851254672,0.9522035398069528,123.59543668240784,-3.741694663507287e-05,4.467324381347946e-06,1.0,1.0,0.0,125.24206315587426,0.0,1.0,109.6105650163118,0.0,0.0,1.0,40.22677967620537,34.446766947185694,0.000000,35.000000,0,0
frame_0172.jpg,frame_0172,172,D:\visualization2026\visualization\left_downsample2_Q45\frame_0172.jpg,D:\visualization2026\visualization\right_downsample2_Q45\frame_0172.jpg,D:\visualization2026\dowsample2_Q45\stitched_frames\frame_0172.jpg,D:\visualization2026\dowsample2_Q45_hess_matched\stitched_frames\frame_0172.jpg,1668,1297,2.6188667893116815,2.376294076159631,41.3151957684,34.1067208468,48.77486412969404,15.622340512518576,-7.459668361327083,18.484380334241365,6.2577406949880805,14.500318019323274,15.792990257301533,0,1,19.932861520661636,14.284259299922685,fused,3.1288703474940402,7.250159009661637,-3.1288703474940402,-7.250159009661637,7,3,960.0597720322489,299.65888240200167,911.2849079025549,284.0365418894831,12,12,12,0.89492801872219,0.07472311526524458,-65.7386289636144,-0.08444623242596898,0.9521944974425554,121.57132479224236,-3.741694663507287e-05,4.467324381347946e-06,1.0,1.0,0.0,133.60711405319094,0.0,1.0,111.63467690647727,0.0,0.0,1.0,41.315195768366955,34.10672084675994,0.000000,35.000000,0,0
frame_0174.jpg,frame_0174,174,D:\visualization2026\visualization\left_downsample2_Q45\frame_0174.jpg,D:\visualization2026\visualization\right_downsample2_Q45\frame_0174.jpg,D:\visualization2026\dowsample2_Q45\stitched_frames\frame_0174.jpg,D:\visualization2026\dowsample2_Q45_hess_matched\stitched_frames\frame_0174.jpg,1668,1297,2.6295817102590107,2.4136744852252683,42.0475739854,34.9619999368,19.196668563848448,30.255297304874375,22.850905421528118,4.706702631937681,12.463108655050219,13.096108939441544,18.078637855250832,0,1,23.33060068341817,13.352470177987078,raw,6.231554327525109,6.548054469720772,-6.231554327525109,-6.548054469720772,0,0,743.63591584411,1009.4696659907356,724.4392472802615,979.2143686858612,12,12,12,0.8945986659846624,0.07476243770191399,-56.936394491099925,-0.08447185997755584,0.9521975571947889,122.25624309508567,-3.741694663507287e-05,4.467324381347946e-06,1.0,1.0,0.0,124.80487958067646,0.0,1.0,110.94975860363397,0.0,0.0,1.0,42.047573985376566,34.961999936812056,0.000000,35.000000,0,0
frame_0176.jpg,frame_0176,176,D:\visualization2026\visualization\left_downsample2_Q45\frame_0176.jpg,D:\visualization2026\visualization\right_downsample2_Q45\frame_0176.jpg,D:\visualization2026\dowsample2_Q45\stitched_frames\frame_0176.jpg,D:\visualization2026\dowsample2_Q45_hess_matched\stitched_frames\frame_0176.jpg,1668,1297,2.573887528805564,2.416730890433943,42.2605084617,35.6235221428,46.453088134637824,7.826686663714099,-4.1925796729051825,27.79683547913165,15.276169714349209,12.661794034868656,19.84143113091985,0,1,28.111239513183513,24.659717805021142,fused,7.638084857174604,6.330897017434328,-7.638084857174604,-6.330897017434328,5,4,593.471568627451,1048.1552287581699,547.0184804928132,1040.3285420944558,12,12,12,0.8949630152441743,0.07471893692280931,-66.6739410382665,-0.08437957294256357,0.952186538761737,119.78979290896163,-3.741694663507287e-05,4.467324381347946e-06,1.0,1.0,0.0,134.54242612784304,0.0,1.0,113.416208789758,0.0,0.0,1.0,42.26050846173264,35.62352214284575,0.000000,35.000000,0,0
frame_0178.jpg,frame_0178,178,D:\visualization2026\visualization\left_downsample2_Q45\frame_0178.jpg,D:\visualization2026\visualization\right_downsample2_Q45\frame_0178.jpg,D:\visualization2026\dowsample2_Q45\stitched_frames\frame_0178.jpg,D:\visualization2026\dowsample2_Q45_hess_matched\stitched_frames\frame_0178.jpg,1668,1297,2.5655187458476565,2.386353843525864,41.6644278559,34.9249413091,5.191321054588343,30.478069386549578,36.4731068012801,4.446871922513374,16.015023243614884,14.364928930809619,21.513534174578016,0,1,36.74319242571095,22.73545771855553,raw,8.007511621807442,7.182464465404809,-8.007511621807442,-7.182464465404809,0,0,747.6070373881682,1008.6171601102075,742.4157163335799,978.1390907236579,12,12,12,0.894765810994027,0.07474248174498255,-61.40348826533891,-0.08446712268655307,0.9521969915950406,122.12963492876519,-3.741694663507287e-05,4.467324381347946e-06,1.0,1.0,0.0,129.27197335491542,0.0,1.0,111.07636676995445,0.0,0.0,1.0,41.664427855868446,34.92494130906295,0.000000,35.000000,0,0
frame_0180.jpg,frame_0180,180,D:\visualization2026\visualization\left_downsample2_Q45\frame_0180.jpg,D:\visualization2026\visualization\right_downsample2_Q45\frame_0180.jpg,D:\visualization2026\dowsample2_Q45\stitched_frames\frame_0180.jpg,D:\visualization2026\dowsample2_Q45_hess_matched\stitched_frames\frame_0180.jpg,1668,1297,2.5086717525471602,2.35578534264177,41.1956061305,34.7283725945,12.486521747285451,26.854192788025216,28.709084383170087,7.8741798065192015,10.585068204764864,12.193279318425871,16.14681793532943,0,1,29.76935057648009,18.63154805776607,raw,5.292534102382432,6.0966396592129355,-5.292534102382432,-6.0966396592129355,0,0,754.9318209944779,1009.5078976181195,742.4452992471925,982.6537048300943,12,12,12,0.8947786974306505,0.07474094319366574,-61.747889339783654,-0.08443127226222957,0.9521927113025779,121.17150158151108,-3.741694663507287e-05,4.467324381347946e-06,1.0,1.0,0.0,129.61637442936018,0.0,1.0,112.03450011720855,0.0,0.0,1.0,41.19560613045554,34.72837259454442,0.000000,35.000000,0,0
frame_0182.jpg,frame_0182,182,D:\visualization2026\visualization\left_downsample2_Q45\frame_0182.jpg,D:\visualization2026\visualization\right_downsample2_Q45\frame_0182.jpg,D:\visualization2026\dowsample2_Q45\stitched_frames\frame_0182.jpg,D:\visualization2026\dowsample2_Q45_hess_matched\stitched_frames\frame_0182.jpg,1668,1297,2.3332659160435725,2.340709089558917,41.3630944208,36.1725558648,45.12849513578965,9.172501050850883,-3.765400714998705,27.00005481394617,13.26761242377389,6.216623687772509,14.651824101553142,0,1,27.261349975755245,26.871444806001854,raw,6.633806211886945,3.1083118438862547,-6.633806211886945,-3.1083118438862547,0,0,768.1468093032297,1009.464353147636,723.01831416744,1000.2918520967851,12,12,12,0.8944185901294978,0.07478393751231048,-52.12371276907133,-0.08432480399881566,0.9521799997290326,118.32604589929572,-3.741694663507287e-05,4.467324381347946e-06,1.0,1.0,0.0,119.99219785864786,0.0,1.0,114.87995579942391,0.0,0.0,1.0,41.363094420790944,36.172555864797054,0.000000,35.000000,0,0
frame_0184.jpg,frame_0184,184,D:\visualization2026\visualization\left_downsample2_Q45\frame_0184.jpg,D:\visualization2026\visualization\right_downsample2_Q45\frame_0184.jpg,D:\visualization2026\dowsample2_Q45\stitched_frames\frame_0184.jpg,D:\visualization2026\dowsample2_Q45_hess_matched\stitched_frames\frame_0184.jpg,1668,1297,2.221306803190066,2.308090001125553,41.0016127021,36.4992634249,45.30048247481196,42.650808854831894,-4.298869772721993,-6.151545429981049,5.294884538287808,11.09792229487509,12.296327969637314,0,1,7.504784640477271,19.73788890866682,fused,2.647442269143904,5.548961147437545,-2.647442269143904,-5.548961147437545,0,9,260.1625514403292,1077.0617283950617,214.86206896551724,1034.4109195402298,12,12,12,0.8945586366221365,0.07476721693066629,-55.86657543514253,-0.08441749450431235,0.9521910663336695,120.8032791808007,-3.741694663507287e-05,4.467324381347946e-06,1.0,1.0,0.0,123.73506052471905,0.0,1.0,112.40272251791893,0.0,0.0,1.0,41.001612702089965,36.499263424850845,0.000000,35.000000,0,0
frame_0186.jpg,frame_0186,186,D:\visualization2026\visualization\left_downsample2_Q45\frame_0186.jpg,D:\visualization2026\visualization\right_downsample2_Q45\frame_0186.jpg,D:\visualization2026\dowsample2_Q45\stitched_frames\frame_0186.jpg,D:\visualization2026\dowsample2_Q45_hess_matched\stitched_frames\frame_0186.jpg,1668,1297,2.216099470057822,2.257383179167551,39.9829000428,35.2415266745,30.762758620689652,37.32796934865905,9.220141422139946,-2.0864426741351565,1.9784400590842213,15.5327034313943,15.658195967449041,0,1,9.45326667754132,19.049318836107417,fused,0.9892200295421106,7.76635171569715,-0.9892200295421106,-7.76635171569715,1,5,247.5022222222222,1055.0444444444445,216.73946360153255,1017.7164750957854,12,12,12,0.8946199203399728,0.07475990007903913,-57.50443537155445,-0.0844955939637453,0.9522003908684236,122.89055423813348,-3.741694663507287e-05,4.467324381347946e-06,1.0,1.0,0.0,125.37292046113097,0.0,1.0,110.31544746058616,0.0,0.0,1.0,39.9829000428296,35.2415266745239,0.000000,35.000000,0,0
frame_0188.jpg,frame_0188,188,D:\visualization2026\visualization\left_downsample2_Q45\frame_0188.jpg,D:\visualization2026\visualization\right_downsample2_Q45\frame_0188.jpg,D:\visualization2026\dowsample2_Q45\stitched_frames\frame_0188.jpg,D:\visualization2026\dowsample2_Q45_hess_matched\stitched_frames\frame_0188.jpg,1668,1297,2.1752599132759904,2.2224746027714417,39.3823709352,34.765245677,42.77290356133972,5.911880718995121,-3.3905326261502964,28.853364958026283,-1.2118365531891895,10.996420318849593,11.062992708144286,0,1,29.051891175791788,17.98936320231923,raw,-0.6059182765945947,5.498210159424796,0.6059182765945947,-5.498210159424796,0,0,775.5024293391639,1010.4090012368457,732.7295257778242,1004.4971205178506,12,12,12,0.8948148150623078,0.07473663099849727,-62.71316403227635,-0.08443542059220722,0.9521932065844572,121.28236925914699,-3.741694663507287e-05,4.467324381347946e-06,1.0,1.0,0.0,130.58164912185288,0.0,1.0,111.92363243957264,0.0,0.0,1.0,39.38237093518942,34.765245677021404,0.000000,35.000000,0,0
frame_0190.jpg,frame_0190,190,D:\visualization2026\visualization\left_downsample2_Q45\frame_0190.jpg,D:\visualization2026\visualization\right_downsample2_Q45\frame_0190.jpg,D:\visualization2026\dowsample2_Q45\stitched_frames\frame_0190.jpg,D:\visualization2026\dowsample2_Q45_hess_matched\stitched_frames\frame_0190.jpg,1668,1297,2.166659873367905,2.2024608973220303,38.9979974806,34.3372661803,26.87113549343269,4.289180691214256,12.126861987152154,30.048085489115238,-1.9852509934548364,9.986394041434531,10.18181159999597,0,1,32.402904549077284,24.52800840915058,raw,-0.9926254967274182,4.993197020717266,0.9926254967274182,-4.993197020717266,0,0,774.4224341135807,1010.753417182682,747.551298620148,1006.4642364914678,12,12,12,0.8950443414360163,0.07470922713854494,-68.84745328754843,-0.08440696356956429,0.9521898090129687,120.52183091483774,-3.741694663507287e-05,4.467324381347946e-06,1.0,1.0,0.0,136.71593837712496,0.0,1.0,112.6841707838819,0.0,0.0,1.0,38.99799748058484,34.33726618032949,0.000000,35.000000,0,0
frame_0192.jpg,frame_0192,192,D:\visualization2026\visualization\left_downsample2_Q45\frame_0192.jpg,D:\visualization2026\visualization\right_downsample2_Q45\frame_0192.jpg,D:\visualization2026\dowsample2_Q45\stitched_frames\frame_0192.jpg,D:\visualization2026\dowsample2_Q45_hess_matched\stitched_frames\frame_0192.jpg,1668,1297,2.3910420646684223,2.1838729877393455,38.0123282907,31.5097444648,57.72911206705004,27.191105213547416,-19.71678377636576,4.318639251222638,-1.7537412489674282,15.869480126469053,15.966089309932038,0,1,20.18420688226716,21.356329782207062,fused,-0.8768706244837141,7.934740063234527,0.8768706244837141,-7.934740063234527,6,0,400.1338199513382,1078.5693430656934,342.40470788428814,1051.378237852146,12,12,12,0.8947637097759539,0.07474273261587323,-61.34733140963216,-0.08443819721880304,0.9521935380944495,121.35657698707556,-3.741694663507287e-05,4.467324381347946e-06,1.0,1.0,0.0,129.21581649920867,0.0,1.0,111.84942471164408,0.0,0.0,1.0,38.01232829068428,31.509744464770055,0.000000,35.000000,0,0
frame_0194.jpg,frame_0194,194,D:\visualization2026\visualization\left_downsample2_Q45\frame_0194.jpg,D:\visualization2026\visualization\right_downsample2_Q45\frame_0194.jpg,D:\visualization2026\dowsample2_Q45\stitched_frames\frame_0194.jpg,D:\visualization2026\dowsample2_Q45_hess_matched\stitched_frames\frame_0194.jpg,1668,1297,2.871385407712026,2.155195993494999,36.1286574601,25.744393261,44.29459943413883,36.9460700780628,-8.165941974050227,-11.201676817056342,-0.4401429606959427,15.336967687522815,15.34328203722949,0,1,13.862184958993039,27.64032602078303,fused,-0.22007148034797136,7.668483843761408,0.22007148034797136,-7.668483843761408,3,0,524.6004728132388,1080.340425531915,480.3058733790999,1043.394355453852,12,12,12,0.8947991390198184,0.0747385026094413,-62.29420834778034,-0.08439202950747342,0.9521880259893474,120.12270529305684,-3.741694663507287e-05,4.467324381347946e-06,1.0,1.0,0.0,130.16269343735686,0.0,1.0,113.0832964056628,0.0,0.0,1.0,36.128657460088604,25.74439326100646,0.000000,35.000000,0,0
frame_0196.jpg,frame_0196,196,D:\visualization2026\visualization\left_downsample2_Q45\frame_0196.jpg,D:\visualization2026\visualization\right_downsample2_Q45\frame_0196.jpg,D:\visualization2026\dowsample2_Q45\stitched_frames\frame_0196.jpg,D:\visualization2026\dowsample2_Q45_hess_matched\stitched_frames\frame_0196.jpg,1668,1297,3.1673705550060376,2.1372644624541977,34.9626347137,22.1850610208,24.58494456908545,-5.143926730239286,10.377690144576988,27.328987751037438,-3.687547711934167,15.969737281775728,16.38995170757768,0,1,29.233029679340536,18.079366338001364,raw,-1.8437738559670835,7.984868640887864,1.8437738559670835,-7.984868640887864,0,0,778.2644134923025,1008.9569025268428,753.6794689232171,1014.1008292570821,12,12,12,0.8948857730673385,0.07472815910395658,-64.60957759383426,-0.08441723794865683,0.9521910357027004,120.79642251079929,-3.741694663507287e-05,4.467324381347946e-06,1.0,1.0,0.0,132.47806268341077,0.0,1.0,112.40957918792034,0.0,0.0,1.0,34.96263471366244,22.185061020798152,0.000000,35.000000,0,0
frame_0198.jpg,frame_0198,198,D:\visualization2026\visualization\left_downsample2_Q45\frame_0198.jpg,D:\visualization2026\visualization\right_downsample2_Q45\frame_0198.jpg,D:\visualization2026\dowsample2_Q45\stitched_frames\frame_0198.jpg,D:\visualization2026\dowsample2_Q45_hess_matched\stitched_frames\frame_0198.jpg,1668,1297,3.0220078466531284,2.142391125980602,35.4603357729,23.8378765901,32.28287695768404,-2.3529261731861197,3.1774588152071317,26.190802763295103,0.7725085008263959,15.82246208174435,15.84130915398367,0,1,26.382842794288944,10.643602515283082,raw,0.38625425041319794,7.911231040872175,-0.38625425041319794,-7.911231040872175,0,0,786.3103130567487,1008.7993406994748,754.0274360990646,1011.1522668726609,12,12,12,0.8947082327138567,0.07474935619300606,-59.86465932956509,-0.08439712268008397,0.9521886340788958,120.25882470066703,-3.741694663507287e-05,4.467324381347946e-06,1.0,1.0,0.0,127.73314441914161,0.0,1.0,112.9471769980526,0.0,0.0,1.0,35.46033577289117,23.837876590108984,0.000000,35.000000,0,0
frame_0200.jpg,frame_0200,200,D:\visualization2026\visualization\left_downsample2_Q45\frame_0200.jpg,D:\visualization2026\visualization\right_downsample2_Q45\frame_0200.jpg,D:\visualization2026\dowsample2_Q45\stitched_frames\frame_0200.jpg,D:\visualization2026\dowsample2_Q45_hess_matched\stitched_frames\frame_0200.jpg,1668,1297,2.7491692274388537,2.1512008411867676,36.3779413091,26.9190966036,40.48810307815393,-6.292836856735221,-4.110161769038967,33.2119334603798,3.596107116347669,19.406897347903623,19.737265541718667,0,1,33.46529476852646,15.810300509498528,raw,1.7980535581738346,9.703448673951812,-1.7980535581738346,-9.703448673951812,0,0,789.6932588108746,1010.7070707373738,749.2051557327206,1016.999907594109,12,12,12,0.8946985059152276,0.07475051750542132,-59.60470229127692,-0.08452553343930329,0.9522039654345267,123.69071240844048,-3.741694663507287e-05,4.467324381347946e-06,1.0,1.0,0.0,127.47318738085345,0.0,1.0,109.51528929027916,0.0,0.0,1.0,36.37794130911496,26.919096603644576,0.000000,35.000000,0,0
frame_0202.jpg,frame_0202,202,D:\visualization2026\visualization\left_downsample2_Q45\frame_0202.jpg,D:\visualization2026\visualization\right_downsample2_Q45\frame_0202.jpg,D:\visualization2026\dowsample2_Q45\stitched_frames\frame_0202.jpg,D:\visualization2026\dowsample2_Q45_hess_matched\stitched_frames\frame_0202.jpg,1668,1297,2.5207948662338495,2.1481813324603323,36.9343095032,29.2292093199,34.35081221572443,25.646946068876105,2.583497287437055,3.5822632510657435,0.3173968125144837,16.890939483404555,16.89392131414815,0,1,4.416680680571183,13.50022497663147,fused,0.15869840625724185,8.445469741702277,-0.15869840625724185,-8.445469741702277,11,4,639.5298245614034,1089.8105263157895,605.179012345679,1064.1635802469134,12,12,12,0.8949012666599216,0.0747263092762682,-65.02365714805647,-0.08454598712961135,0.9522064074635436,124.23735482978884,-3.741694663507287e-05,4.467324381347946e-06,1.0,1.0,0.0,132.892142237633,0.0,1.0,108.96864686893079,0.0,0.0,1.0,36.93430950316149,29.229209319941848,0.000000,35.000000,0,0
frame_0204.jpg,frame_0204,204,D:\visualization2026\visualization\left_downsample2_Q45\frame_0204.jpg,D:\visualization2026\visualization\right_downsample2_Q45\frame_0204.jpg,D:\visualization2026\dowsample2_Q45\stitched_frames\frame_0204.jpg,D:\visualization2026\dowsample2_Q45_hess_matched\stitched_frames\frame_0204.jpg,1668,1297,2.490083233697467,2.1279028730542997,36.6043667191,29.0256130846,30.652315615511696,22.305113570851972,5.952051103556137,6.720499513740027,-0.44844796152565763,12.500799964159283,12.508841086132689,0,1,8.977306169086791,8.624283250173896,fused,-0.22422398076282882,6.250399982079641,0.22422398076282882,-6.250399982079641,2,5,259.99977324263034,1052.0085034013605,229.34745762711864,1029.7033898305085,12,12,12,0.8949176932556915,0.07472434805445868,-65.46267201290361,-0.08441371705001255,0.9521906153317782,120.70232347384126,-3.741694663507287e-05,4.467324381347946e-06,1.0,1.0,0.0,133.33115710248012,0.0,1.0,112.50367822487837,0.0,0.0,1.0,36.60436671906783,29.025613084592,0.000000,35.000000,0,0
frame_0206.jpg,frame_0206,206,D:\visualization2026\visualization\left_downsample2_Q45\frame_0206.jpg,D:\visualization2026\visualization\right_downsample2_Q45\frame_0206.jpg,D:\visualization2026\dowsample2_Q45\stitched_frames\frame_0206.jpg,D:\visualization2026\dowsample2_Q45_hess_matched\stitched_frames\frame_0206.jpg,1668,1297,2.6202513925452244,2.110445280973245,35.8966172367,27.2125960661,41.9124786112491,12.463397637578282,-6.015861374588937,14.749198428542098,-1.189554675455011,5.794968898730479,5.915801286651743,0,1,15.928887040932262,10.172092352444277,fused,-0.5947773377275055,2.8974844493652396,0.5947773377275055,-2.8974844493652396,8,4,264.96590909090907,1086.5113636363637,223.05343047965997,1074.0479659987855,12,12,12,0.8949105395763963,0.07472520215423985,-65.27148379637056,-0.08430626042138123,0.9521777857542687,117.83045288324098,-3.741694663507287e-05,4.467324381347946e-06,1.0,1.0,0.0,133.13996888594707,0.0,1.0,115.37554881547865,0.0,0.0,1.0,35.89661723666016,27.21259606612038,0.000000,35.000000,0,0
frame_0208.jpg,frame_0208,208,D:\visualization2026\visualization\left_downsample2_Q45\frame_0208.jpg,D:\visualization2026\visualization\right_downsample2_Q45\frame_0208.jpg,D:\visualization2026\dowsample2_Q45\stitched_frames\frame_0208.jpg,D:\visualization2026\dowsample2_Q45_hess_matched\stitched_frames\frame_0208.jpg,1668,1297,2.7308059011886776,2.091816306262679,35.2180739135,25.5743780121,35.869838968470305,21.334272845019314,-0.6517650549935752,4.240105167068748,-2.834183972267968,9.51820290105322,9.931202608661177,0,1,4.289905536805429,5.711503131398,fused,-1.417091986133984,4.75910145052661,1.417091986133984,-4.75910145052661,4,8,225.98372093023255,1073.4697674418605,190.11388196176225,1052.1354945968412,12,12,12,0.8948625797682522,0.07473092822329448,-63.98971677748918,-0.08437927897089136,0.9521865036635545,119.78193626381407,-3.741694663507287e-05,4.467324381347946e-06,1.0,1.0,0.0,131.8582018670657,0.0,1.0,113.42406543490556,0.0,0.0,1.0,35.21807391347673,25.57437801208806,0.000000,35.000000,0,0
frame_0210.jpg,frame_0210,210,D:\visualization2026\visualization\left_downsample2_Q45\frame_0210.jpg,D:\visualization2026\visualization\right_downsample2_Q45\frame_0210.jpg,D:\visualization2026\dowsample2_Q45\stitched_frames\frame_0210.jpg,D:\visualization2026\dowsample2_Q45_hess_matched\stitched_frames\frame_0210.jpg,1668,1297,2.66902133180319,2.068673298940862,34.9138539938,25.6216017807,42.72954933253038,25.93882364749561,-7.815695338685735,-0.31722186676422126,-6.017842394485026,10.714905653589692,12.289167191074814,0,1,7.8221303581509884,11.177661331169478,fused,-3.008921197242513,5.357452826794846,3.008921197242513,-5.357452826794846,2,6,398.0731707317073,1095.121951219512,355.3436213991769,1069.1831275720165,12,12,12,0.8948300632656435,0.07473481046858609,-63.12068534834047,-0.08440171955366119,0.9521891829137755,120.38168009082095,-3.741694663507287e-05,4.467324381347946e-06,1.0,1.0,0.0,130.98917043791698,0.0,1.0,112.82432160789868,0.0,0.0,1.0,34.91385399384465,25.62160178073139,0.000000,35.000000,0,0
frame_0212.jpg,frame_0212,212,D:\visualization2026\visualization\left_downsample2_Q45\frame_0212.jpg,D:\visualization2026\visualization\right_downsample2_Q45\frame_0212.jpg,D:\visualization2026\dowsample2_Q45\stitched_frames\frame_0212.jpg,D:\visualization2026\dowsample2_Q45_hess_matched\stitched_frames\frame_0212.jpg,1776,1296,2.4942469272394536,2.046935241325002,34.9439456954,26.8867873489,40.58359489205452,4.688354086216691,-5.63964919662773,22.19843326267945,-6.610836722776363,11.02736193576211,12.857133173359589,0,1,22.903625965743007,11.213208274263947,raw,-3.3054183613881816,5.513680967881055,3.3054183613881816,-5.513680967881055,0,0,829.692025375647,996.1532720482201,789.1084304835924,991.4649179620034,12,12,12,0.8583341912798033,0.07687097646198791,-3.3391391980687826,-0.052586691079698045,0.9470947418619524,89.35040370701665,-4.3631152393884366e-05,1.0917302921227496e-05,1.0,1.0,0.0,179.30541836138818,0.0,1.0,90.48631903211894,0.0,0.0,1.0,34.94394569542679,26.886787348896142,0.000000,35.000000,0,0
frame_0214.jpg,frame_0214,214,D:\visualization2026\visualization\left_downsample2_Q45\frame_0214.jpg,D:\visualization2026\visualization\right_downsample2_Q45\frame_0214.jpg,D:\visualization2026\dowsample2_Q45\stitched_frames\frame_0214.jpg,D:\visualization2026\dowsample2_Q45_hess_matched\stitched_frames\frame_0214.jpg,1782,1290,2.312516692841312,2.026748139694263,35.0244464984,28.264850021,44.99068750592005,15.560836744608423,-9.966241007529149,12.704013276422387,-7.879962944860552,11.072085363387103,13.589881909218574,0,1,16.146761692292106,2.648725140160061,raw,-3.939981472430276,5.5360426816935515,3.939981472430276,-5.5360426816935515,0,0,846.1444711642301,998.9252169674496,801.1537836583101,983.3643802228412,12,12,12,0.8609383196795907,0.08079236600313003,-4.400492467021081,-0.057746383265058286,0.941665726144241,97.55838387343209,-4.004744791915349e-05,4.1037012505606175e-06,1.0,1.0,0.0,185.93998147243028,0.0,1.0,84.46395731830646,0.0,0.0,1.0,35.0244464983909,28.26485002103081,0.000000,35.000000,0,0
frame_0216.jpg,frame_0216,216,D:\visualization2026\visualization\left_downsample2_Q45\frame_0216.jpg,D:\visualization2026\visualization\right_downsample2_Q45\frame_0216.jpg,D:\visualization2026\dowsample2_Q45\stitched_frames\frame_0216.jpg,D:\visualization2026\dowsample2_Q45_hess_matched\stitched_frames\frame_0216.jpg,1782,1291,2.19812886587224,1.9944846582505704,34.6767787331,28.626158555,43.65761174910597,12.31467871556356,-8.980833016045622,16.311479839404186,-7.413153855016206,14.44255288811063,16.23398238276777,0,1,18.620411816428344,2.4393658809611414,raw,-3.706576927508103,7.221276444055315,3.706576927508103,-7.221276444055315,0,0,850.220507082678,996.712399207269,806.562895333572,984.3977204917054,12,12,12,0.8575978958182936,0.08882912058940463,-3.600693142840463,-0.058821305262630054,0.9439248922690213,100.29647762197779,-4.303944443773493e-05,1.2061928296358794e-05,1.0,1.0,0.0,185.7065769275081,0.0,1.0,83.77872355594468,0.0,0.0,1.0,34.676778733060345,28.626158554967745,0.000000,35.000000,0,0
frame_0218.jpg,frame_0218,218,D:\visualization2026\visualization\left_downsample2_Q45\frame_0218.jpg,D:\visualization2026\visualization\right_downsample2_Q45\frame_0218.jpg,D:\visualization2026\dowsample2_Q45\stitched_frames\frame_0218.jpg,D:\visualization2026\dowsample2_Q45_hess_matched\stitched_frames\frame_0218.jpg,1770,1297,2.091734238856267,1.915960806979502,33.3652498354,27.7067496707,40.36264600078607,23.243027365490207,-6.997396165414521,4.463722305193709,-7.256193340928441,9.276805308806194,11.777582881832291,0,1,8.299901801445706,4.820035682203751,fused,-3.6280966704642204,4.638402654403097,3.6280966704642204,-4.638402654403097,0,5,524.8315256688359,1063.312183658713,484.4688796680498,1040.0691562932227,12,12,12,0.8566809088945391,0.08130615443250365,-3.7718822655076742,-0.05905753587539091,0.9444208811881841,98.53791751021231,-4.6153764598499515e-05,1.0243644897536186e-05,1.0,1.0,0.0,173.62809667046423,0.0,1.0,92.3615973455969,0.0,0.0,1.0,33.36524983537155,27.706749670683916,0.000000,35.000000,0,0
frame_0220.jpg,frame_0220,220,D:\visualization2026\visualization\left_downsample2_Q45\frame_0220.jpg,D:\visualization2026\visualization\right_downsample2_Q45\frame_0220.jpg,D:\visualization2026\dowsample2_Q45\stitched_frames\frame_0220.jpg,D:\visualization2026\dowsample2_Q45_hess_matched\stitched_frames\frame_0220.jpg,1779,1289,2.0097612034492762,1.8537046519849731,32.3189899212,26.9529251835,37.8006398106246,10.417809426634108,-5.481649889464002,16.535115756853408,-6.795540557806619,10.254303497817823,12.301630448771965,0,1,17.420061383451053,6.416767980970598,raw,-3.3977702789033093,5.127151748908911,3.3977702789033093,-5.127151748908911,0,0,857.373359661336,993.7860739472779,819.5727198507115,983.3682645206438,12,12,12,0.858236052293311,0.08095746535081473,-3.193319920848339,-0.05749707251707729,0.9422030372246132,96.2665319376999,-4.434440391913582e-05,7.8244671527073e-06,1.0,1.0,0.0,182.39777027890332,0.0,1.0,83.87284825109109,0.0,0.0,1.0,32.3189899211606,26.952925183487515,0.000000,35.000000,0,0
frame_0222.jpg,frame_0222,222,D:\visualization2026\visualization\left_downsample2_Q45\frame_0222.jpg,D:\visualization2026\visualization\right_downsample2_Q45\frame_0222.jpg,D:\visualization2026\dowsample2_Q45\stitched_frames\frame_0222.jpg,D:\visualization2026\dowsample2_Q45_hess_matched\stitched_frames\frame_0222.jpg,1777,1290,1.9795207705302857,1.858807204860213,32.5047350698,27.4012121142,37.35958169595949,31.03151674799551,-4.854846626188909,-3.6303046338427265,-2.688412182206392,2.798733662851393,3.8807821604688546,0,1,6.062066273006079,6.784244366208622,fused,-1.344206091103196,1.3993668314256964,1.344206091103196,-1.3993668314256964,4,5,507.1385542168675,1059.7208835341364,469.778972520908,1028.689366786141,12,12,12,0.8542509786635459,0.08481219207539725,-1.4437826613783857,-0.05838695266273369,0.9421827006049385,94.29459370338738,-4.6814475921618225e-05,1.1850473788150318e-05,1.0,1.0,0.0,178.3442060911032,0.0,1.0,88.6006331685743,0.0,0.0,1.0,32.50473506977058,27.401212114152784,0.000000,35.000000,0,0
frame_0224.jpg,frame_0224,224,D:\visualization2026\visualization\left_downsample2_Q45\frame_0224.jpg,D:\visualization2026\visualization\right_downsample2_Q45\frame_0224.jpg,D:\visualization2026\dowsample2_Q45\stitched_frames\frame_0224.jpg,D:\visualization2026\dowsample2_Q45_hess_matched\stitched_frames\frame_0224.jpg,1776,1290,1.9801932159013322,1.8501589739197044,32.3267678047,27.1703806919,39.989744896603156,9.578876470462092,-7.662977091920034,17.591504221480537,-6.6115282465101135,1.611349970850216,6.8050535988308045,0,1,19.18807542943426,16.014708069410823,raw,-3.3057641232550568,0.805674985425108,3.3057641232550568,-0.805674985425108,0,0,863.970802751844,992.4318176469327,823.9810578552408,982.8529411764706,12,12,12,0.8533906779246687,0.08447335292901749,-3.7915405806778724,-0.05865816880838734,0.9412875170309221,94.13897884859901,-4.729294079585704e-05,1.1738330153143666e-05,1.0,1.0,0.0,179.30576412325505,0.0,1.0,89.19432501457489,0.0,0.0,1.0,32.32676780468312,27.17038069194263,0.000000,35.000000,0,0
frame_0226.jpg,frame_0226,226,D:\visualization2026\visualization\left_downsample2_Q45\frame_0226.jpg,D:\visualization2026\visualization\right_downsample2_Q45\frame_0226.jpg,D:\visualization2026\dowsample2_Q45\stitched_frames\frame_0226.jpg,D:\visualization2026\dowsample2_Q45_hess_matched\stitched_frames\frame_0226.jpg,1776,1290,1.9769184417010592,1.840085563056384,32.1304515993,26.9439469218,20.575642737393764,47.91031625724884,11.554808861955507,-20.966369335427967,-12.338201727698873,0.08594052661879092,12.338501029197468,0,1,23.939554109170448,31.8445553519745,fused,-6.169100863849437,0.04297026330939546,6.169100863849437,-0.04297026330939546,1,4,288.4066286528867,1040.2342599192207,267.83098591549293,992.3239436619718,12,12,12,0.8535260935396203,0.08443974213701677,-6.654877321272252,-0.058622098259119605,0.9412785641510845,93.3762741264833,-4.729294079585704e-05,1.1738330153143666e-05,1.0,1.0,0.0,182.16910086384945,0.0,1.0,89.9570297366906,0.0,0.0,1.0,32.13045159934927,26.94394692182087,0.000000,35.000000,0,0
frame_0228.jpg,frame_0228,228,D:\visualization2026\visualization\left_downsample2_Q45\frame_0228.jpg,D:\visualization2026\visualization\right_downsample2_Q45\frame_0228.jpg,D:\visualization2026\dowsample2_Q45\stitched_frames\frame_0228.jpg,D:\visualization2026\dowsample2_Q45_hess_matched\stitched_frames\frame_0228.jpg,1770,1286,1.9363771998844186,1.8609165118201183,32.664423121,27.906975791,59.277399607904954,29.380171945816528,-26.61297648693313,-1.4731961548121753,-5.939753043714002,2.6379548332658804,6.499190097439878,0,1,26.65372064843122,21.078039044940592,raw,-2.969876521857001,1.3189774166329402,2.969876521857001,-1.3189774166329402,0,0,854.7918923615282,1001.9827446904519,795.5144927536232,972.6025727446354,12,12,12,0.8567927913671043,0.040428177187870507,-2.553403053294486,-0.05677424147294212,0.9218396178982173,92.03690605591048,-4.000486002471595e-05,-2.4612595726228222e-05,1.0,1.0,0.0,172.969876521857,0.0,1.0,84.68102258336705,0.0,0.0,1.0,32.664423120971826,27.906975791004353,0.000000,35.000000,0,0
frame_0230.jpg,frame_0230,230,D:\visualization2026\visualization\left_downsample2_Q45\frame_0230.jpg,D:\visualization2026\visualization\right_downsample2_Q45\frame_0230.jpg,D:\visualization2026\dowsample2_Q45\stitched_frames\frame_0230.jpg,D:\visualization2026\dowsample2_Q45_hess_matched\stitched_frames\frame_0230.jpg,1790,1289,1.844280698130051,1.9005143425016904,33.7201236329,29.8947999166,67.83514092830228,20.98673138087736,-34.1150172954078,8.908068535696284,-4.792191239481576,3.3344397561657892,5.838114880957973,0,1,35.25887250186307,29.847838542817748,raw,-2.396095619740788,1.6672198780828946,2.396095619740788,-1.6672198780828946,0,0,887.6522368087582,998.477216006394,819.8170958804559,977.4904846255166,12,12,12,0.8673531845334722,0.08135235658343078,-2.6757414688567107,-0.058206744055893586,0.9474845324610899,95.12061593346695,-4.132353422525196e-05,7.508612731798223e-06,1.0,1.0,0.0,192.39609561974078,0.0,1.0,87.33278012191711,0.0,0.0,1.0,33.72012363289448,29.894799916573643,0.000000,35.000000,0,0
frame_0232.jpg,frame_0232,232,D:\visualization2026\visualization\left_downsample2_Q45\frame_0232.jpg,D:\visualization2026\visualization\right_downsample2_Q45\frame_0232.jpg,D:\visualization2026\dowsample2_Q45\stitched_frames\frame_0232.jpg,D:\visualization2026\dowsample2_Q45_hess_matched\stitched_frames\frame_0232.jpg,1820,1296,1.7385668759353674,1.9424903405119274,34.8611047122,32.086571072,7.723707918444688,22.956804172593593,27.137396793735448,9.12976689939272,-9.210032302539078,10.654847667272188,14.083695318579881,0,1,28.63199169422012,36.379410017993145,fused,-4.605016151269539,5.327423833636094,4.605016151269539,-5.327423833636094,1,3,392.65614035087714,1058.5649122807017,384.93243243243245,1035.6081081081081,12,12,12,0.8770769399175026,0.09620028178818131,-4.489675886886418,-0.06082747459148181,0.9565484554390536,102.16310497857287,-3.768082306412199e-05,1.4006715969150277e-05,1.0,1.0,0.0,224.60501615126955,0.0,1.0,90.67257616636391,0.0,0.0,1.0,34.861104712180136,32.08657107198631,0.000000,35.000000,0,0
frame_0234.jpg,frame_0234,234,D:\visualization2026\visualization\left_downsample2_Q45\frame_0234.jpg,D:\visualization2026\visualization\right_downsample2_Q45\frame_0234.jpg,D:\visualization2026\dowsample2_Q45\stitched_frames\frame_0234.jpg,D:\visualization2026\dowsample2_Q45_hess_matched\stitched_frames\frame_0234.jpg,1819,1296,1.6599982183885036,1.964907664590509,35.5302713416,33.4883283829,37.45543941232074,12.414399546950676,-1.9251680707578984,21.073928835980084,-1.282744341755782,12.872678428365225,12.936432389434339,0,1,21.161681140321026,8.226373228585476,raw,-0.641372170877891,6.436339214182612,0.641372170877891,-6.436339214182612,0,0,893.0488573580114,993.6373432698944,855.5934179456907,981.2229437229437,12,12,12,0.8761494624068726,0.0953748555210822,-0.7609024802294657,-0.06109645316091442,0.9560009566015344,103.69638719043641,-3.793023421073116e-05,1.3355197289103347e-05,1.0,1.0,0.0,219.6413721708779,0.0,1.0,89.56366078581739,0.0,0.0,1.0,35.530271341562845,33.48832838293076,0.000000,35.000000,0,0
frame_0236.jpg,frame_0236,236,D:\visualization2026\visualization\left_downsample2_Q45\frame_0236.jpg,D:\visualization2026\visualization\right_downsample2_Q45\frame_0236.jpg,D:\visualization2026\dowsample2_Q45\stitched_frames\frame_0236.jpg,D:\visualization2026\dowsample2_Q45_hess_matched\stitched_frames\frame_0236.jpg,1815,1295,1.6111028169351105,1.8682155770768318,33.6931252464,31.4974562997,44.22752169975297,15.861786079567196,-10.534396453332008,15.635670220104025,2.518507453244305,15.709697499315535,15.910294633099912,0,1,18.853320446749475,13.053113821321816,raw,1.2592537266221524,7.8548487496577675,-1.2592537266221524,-7.8548487496577675,0,0,901.1406819985331,998.0561006585343,856.9131602987801,982.1943145789671,12,12,12,0.8697928293254229,0.09395105114828073,1.4711559060725432,-0.06053832190174272,0.9489310660707749,104.45254961253582,-4.035759597580373e-05,4.149024689920148e-06,1.0,1.0,0.0,213.74074627337785,0.0,1.0,87.14515125034224,0.0,0.0,1.0,33.69312524642096,31.49745629967122,0.000000,35.000000,0,0
frame_0238.jpg,frame_0238,238,D:\visualization2026\visualization\left_downsample2_Q45\frame_0238.jpg,D:\visualization2026\visualization\right_downsample2_Q45\frame_0238.jpg,D:\visualization2026\dowsample2_Q45\stitched_frames\frame_0238.jpg,D:\visualization2026\dowsample2_Q45_hess_matched\stitched_frames\frame_0238.jpg,1802,1296,1.6215978800041277,1.7286857733384764,30.8227749673,27.7769454324,17.799311650318316,18.160987781793438,13.023463316983353,9.615957650653009,-1.8979853354747542,19.23775386676654,19.33115418623441,0,1,16.188799779723116,17.754678040233806,fused,-0.9489926677373771,9.61887693338327,0.9489926677373771,-9.61887693338327,2,4,467.46085011185676,1065.3020134228188,449.66153846153844,1047.1410256410254,12,12,12,0.8723597415190507,0.09207286892046052,-1.4455829076109463,-0.06013534803794758,0.9539641961876214,105.47484833604082,-4.2282606083264074e-05,1.4212510421363718e-05,1.0,1.0,0.0,202.94899266773737,0.0,1.0,86.38112306661674,0.0,0.0,1.0,30.82277496730167,27.776945432446446,0.000000,35.000000,0,0
frame_0240.jpg,frame_0240,240,D:\visualization2026\visualization\left_downsample2_Q45\frame_0240.jpg,D:\visualization2026\visualization\right_downsample2_Q45\frame_0240.jpg,D:\visualization2026\dowsample2_Q45\stitched_frames\frame_0240.jpg,D:\visualization2026\dowsample2_Q45_hess_matched\stitched_frames\frame_0240.jpg,1803,1295,1.7455776117013553,1.6639569105512315,29.1689428091,24.8053568941,44.27770112949713,1.7121930036329331,-15.108758320407375,23.093163890447844,-1.7996361610901093,15.475343601300041,15.579632533875799,0,1,27.596535950288455,15.335055220291249,raw,-0.8998180805450546,7.737671800650021,0.8998180805450546,-7.737671800650021,0,0,901.0976929193164,985.1271150069169,856.8199917898193,983.414922003284,12,12,12,0.8744285008371045,0.08763287426958925,-1.3728794301376241,-0.05932464000257129,0.9526167695768298,102.40608955241653,-4.0709280707433514e-05,1.0082868972364493e-05,1.0,1.0,0.0,203.89981808054506,0.0,1.0,87.26232819934998,0.0,0.0,1.0,29.168942809089756,24.805356894080777,0.000000,35.000000,0,0
frame_0242.jpg,frame_0242,242,D:\visualization2026\visualization\left_downsample2_Q45\frame_0242.jpg,D:\visualization2026\visualization\right_downsample2_Q45\frame_0242.jpg,D:\visualization2026\dowsample2_Q45\stitched_frames\frame_0242.jpg,D:\visualization2026\dowsample2_Q45_hess_matched\stitched_frames\frame_0242.jpg,1835,1302,2.153392029738937,1.6471724155386447,27.7237274415,20.106239976,22.668794591401365,-6.663808760655456,5.054932850140158,26.77004873664772,2.843736834396191,11.736581004469066,12.076182048054996,0,1,27.24312492138008,15.195214374088271,raw,1.4218684171980955,5.868290502234533,-1.4218684171980955,-5.868290502234533,0,0,920.2239499033303,984.6670186995376,897.555155311929,991.3308274601931,12,12,12,0.8910818752045657,0.09733834597383684,1.7716922218407776,-0.05778067822279537,0.9659707833305309,97.88505558396332,-3.37930077597845e-05,1.520546759844248e-05,1.0,1.0,0.0,233.57813158280192,0.0,1.0,96.13170949776547,0.0,0.0,1.0,27.723727441541524,20.106239975992263,0.000000,35.000000,0,0
frame_0244.jpg,frame_0244,244,D:\visualization2026\visualization\left_downsample2_Q45\frame_0244.jpg,D:\visualization2026\visualization\right_downsample2_Q45\frame_0244.jpg,D:\visualization2026\dowsample2_Q45\stitched_frames\frame_0244.jpg,D:\visualization2026\dowsample2_Q45_hess_matched\stitched_frames\frame_0244.jpg,1835,1302,2.6031426768746293,1.6365789092281453,26.291151679,15.1287806606,27.724573877882847,12.866903151904808,-1.4334221988346734,2.261877508647606,0.5349584876385639,13.332565912010354,13.343293985429423,0,1,2.677832904465462,11.244316975754074,fused,0.26747924381928195,6.666282956005177,-0.26747924381928195,-6.666282956005177,7,3,394.05841924398624,1052.705612829324,366.3338453661034,1039.8387096774193,12,12,12,0.8926728937622713,0.09648912047034257,-0.2996401290595249,-0.05723215423592809,0.9662818328372239,98.23892438115881,-3.297070351399258e-05,1.414373859212015e-05,1.0,1.0,0.0,234.73252075618072,0.0,1.0,95.33371704399482,0.0,0.0,1.0,26.291151679048173,15.128780660552414,0.000000,35.000000,0,0
frame_0246.jpg,frame_0246,246,D:\visualization2026\visualization\left_downsample2_Q45\frame_0246.jpg,D:\visualization2026\visualization\right_downsample2_Q45\frame_0246.jpg,D:\visualization2026\dowsample2_Q45\stitched_frames\frame_0246.jpg,D:\visualization2026\dowsample2_Q45_hess_matched\stitched_frames\frame_0246.jpg,1835,1302,2.7278380243419384,1.6212919791515112,25.6424212008,13.4291686823,12.959952676722821,16.48731144631779,12.682468524099491,-3.0581427640508565,-0.1010738107863669,10.278219544364863,10.278716501460226,0,1,13.045966619231054,18.473697904024263,fused,-0.05053690539318345,5.139109772182431,0.05053690539318345,-5.139109772182431,4,5,385.7014492753623,1040.7594202898551,372.74149659863946,1024.2721088435374,12,12,12,0.8914234805097643,0.09926121268432615,-0.5007691396162348,-0.05781492675865795,0.9668580227687462,97.22438317374771,-3.4002989211381195e-05,1.6456961576177274e-05,1.0,1.0,0.0,235.0505369053932,0.0,1.0,96.86089022781756,0.0,0.0,1.0,25.642421200822312,13.429168682266933,0.000000,35.000000,0,0
frame_0248.jpg,frame_0248,248,D:\visualization2026\visualization\left_downsample2_Q45\frame_0248.jpg,D:\visualization2026\visualization\right_downsample2_Q45\frame_0248.jpg,D:\visualization2026\dowsample2_Q45\stitched_frames\frame_0248.jpg,D:\visualization2026\dowsample2_Q45_hess_matched\stitched_frames\frame_0248.jpg,1836,1302,2.3872294125954596,1.5334714883804104,24.7752065038,14.718501236,23.295634920634996,-2.8773809523809177,1.4795715831952165,17.59588218835945,-0.24601246403666144,14.07716226621676,14.079311758813297,0,1,17.65797842496202,3.919059861056603,fused,-0.12300623201833072,7.03858113310838,0.12300623201833072,-7.03858113310838,1,2,375.175,1051.017857142857,351.879365079365,1053.895238095238,12,12,12,0.8910100250566848,0.11289544995246951,0.20815103479088326,-0.057994308265119504,0.9714219041257224,99.23213248426518,-3.476935197032184e-05,2.3192755448446638e-05,1.0,1.0,0.0,236.12300623201833,0.0,1.0,94.96141886689162,0.0,0.0,1.0,24.775206503830212,14.718501235978533,0.000000,35.000000,0,0
frame_0250.jpg,frame_0250,250,D:\visualization2026\visualization\left_downsample2_Q45\frame_0250.jpg,D:\visualization2026\visualization\right_downsample2_Q45\frame_0250.jpg,D:\visualization2026\dowsample2_Q45\stitched_frames\frame_0250.jpg,D:\visualization2026\dowsample2_Q45_hess_matched\stitched_frames\frame_0250.jpg,1819,1300,1.9031240876146658,1.4272217916209584,23.9208562965,17.031555818,42.20977610902514,9.210123765818253,-18.288919812532026,7.821432052220391,-0.3459373671369271,22.495357975047686,22.498017759072088,0,1,19.891188683855145,23.179187238218244,fused,-0.17296868356846354,11.247678987523843,0.17296868356846354,-11.247678987523843,8,4,413.49346405228755,1068.6143790849671,371.2836879432624,1059.404255319149,12,12,12,0.8885841299577459,0.09079889867799731,0.022072444980572564,-0.05648679813342692,0.9618544488045873,101.07706550455997,-3.6680014434718775e-05,1.2067718812764663e-05,1.0,1.0,0.0,219.17296868356846,0.0,1.0,88.75232101247616,0.0,0.0,1.0,23.920856296493117,17.031555818038644,0.000000,35.000000,0,0
frame_0252.jpg,frame_0252,252,D:\visualization2026\visualization\left_downsample2_Q45\frame_0252.jpg,D:\visualization2026\visualization\right_downsample2_Q45\frame_0252.jpg,D:\visualization2026\dowsample2_Q45\stitched_frames\frame_0252.jpg,D:\visualization2026\dowsample2_Q45_hess_matched\stitched_frames\frame_0252.jpg,1851,1311,1.6503226725981648,1.411439668534232,24.2833621128,19.2668459007,19.95312252888948,-26.49791644525544,4.330239583888684,45.76476234590721,-4.91074801780905,31.246009857129778,31.629552290322838,0,1,45.96916844398257,17.210172157335094,raw,-2.455374008904525,15.623004928564889,2.455374008904525,-15.623004928564889,0,0,936.145950922596,976.5141059268108,916.1928283937065,1003.0120223720662,12,12,12,0.9095486120361121,0.10419111159829092,-2.177402777515252,-0.05446218078189286,0.9809957280878898,101.5968848136304,-2.854572211492342e-05,2.005244022611061e-05,1.0,1.0,0.0,253.45537400890453,0.0,1.0,95.37699507143512,0.0,0.0,1.0,24.283362112778164,19.266845900651766,0.000000,35.000000,0,0
frame_0254.jpg,frame_0254,254,D:\visualization2026\visualization\left_downsample2_Q45\frame_0254.jpg,D:\visualization2026\visualization\right_downsample2_Q45\frame_0254.jpg,D:\visualization2026\dowsample2_Q45\stitched_frames\frame_0254.jpg,D:\visualization2026\dowsample2_Q45_hess_matched\stitched_frames\frame_0254.jpg,1844,1312,1.663449120342948,1.488128313914359,25.8098496493,21.1141261854,27.74289636362414,-23.238729867391157,-1.933046714336001,44.35285605280224,-8.464427025741276,27.740108752190665,29.00276122126072,0,1,44.39496040814094,17.850554659342933,raw,-4.232213512870638,13.870054376095332,4.232213512870638,-13.870054376095332,0,0,938.2259499996886,979.1136338487435,910.4830536360645,1002.3523637161346,12,12,12,0.8994902231968724,0.10661118412239096,-4.400610087108911,-0.05540502850551725,0.9790839462669211,101.38009013455783,-3.278141632180907e-05,2.0402362647504368e-05,1.0,1.0,0.0,248.23221351287063,0.0,1.0,98.12994562390466,0.0,0.0,1.0,25.80984964928814,21.114126185411084,0.000000,35.000000,0,0
frame_0256.jpg,frame_0256,256,D:\visualization2026\visualization\left_downsample2_Q45\frame_0256.jpg,D:\visualization2026\visualization\right_downsample2_Q45\frame_0256.jpg,D:\visualization2026\dowsample2_Q45\stitched_frames\frame_0256.jpg,D:\visualization2026\dowsample2_Q45_hess_matched\stitched_frames\frame_0256.jpg,1833,1306,1.7459333133075923,1.5600312678005537,27.0512134983,22.1122454074,37.192798227597905,-18.582871239005726,-10.141584729261123,40.695116646359594,-3.102516171891889,24.476554998966794,24.672400596907814,0,1,41.9397694280929,17.680221380560397,raw,-1.5512580859459446,12.238277499483397,1.5512580859459446,-12.238277499483397,0,0,947.1427903647264,980.6978332742825,909.9499921371284,999.2807045132882,12,12,12,0.9005345369426974,0.1023769842399456,-1.8750869868966176,-0.05479535829429604,0.9767607279918146,99.20118156511886,-3.408927764401074e-05,1.8173047964294947e-05,1.0,1.0,0.0,234.55125808594593,0.0,1.0,93.7617225005166,0.0,0.0,1.0,27.051213498336782,22.11224540735387,0.000000,35.000000,0,0
frame_0258.jpg,frame_0258,258,D:\visualization2026\visualization\left_downsample2_Q45\frame_0258.jpg,D:\visualization2026\visualization\right_downsample2_Q45\frame_0258.jpg,D:\visualization2026\dowsample2_Q45\stitched_frames\frame_0258.jpg,D:\visualization2026\dowsample2_Q45_hess_matched\stitched_frames\frame_0258.jpg,1814,1298,1.7870912967565467,1.5478623951745227,26.6920033297,21.3669244226,42.98082678619693,21.30054775890676,-16.288823456465916,0.06637666366386696,-5.430534508234307,18.854345083595113,19.620831622956526,0,1,16.28895869776191,21.700004521465484,fused,-2.7152672541171534,9.427172541797557,2.7152672541171534,-9.427172541797557,2,4,303.89438277833835,1039.887319206189,260.9135559921414,1018.5867714472822,12,12,12,0.8970010250102811,0.08771454850732338,-3.0416312553977343,-0.05402384202132147,0.9656734745946145,95.71319258002039,-3.6090040871721984e-05,8.817382970736067e-06,1.0,1.0,0.0,216.71526725411715,0.0,1.0,88.57282745820244,0.0,0.0,1.0,26.692003329731012,21.366924422570627,0.000000,35.000000,0,0
frame_0260.jpg,frame_0260,260,D:\visualization2026\visualization\left_downsample2_Q45\frame_0260.jpg,D:\visualization2026\visualization\right_downsample2_Q45\frame_0260.jpg,D:\visualization2026\dowsample2_Q45\stitched_frames\frame_0260.jpg,D:\visualization2026\dowsample2_Q45_hess_matched\stitched_frames\frame_0260.jpg,1806,1297,1.788467929783633,1.4436822662946263,24.566328479,18.6565508241,16.045694022289695,27.152887537994047,8.520634456714912,-8.496336713898934,-9.14272733194783,16.46615910758884,18.83411422984306,0,1,12.032827976037236,30.57974079868869,fused,-4.571363665973915,8.23307955379442,4.571363665973915,-8.23307955379442,8,4,378.60952380952375,1061.2238095238095,362.56382978723406,1034.0709219858154,12,12,12,0.8908007792010462,0.08905029508676826,-4.369218876992373,-0.05554314992680999,0.9644492500845133,96.48731100891032,-4.0440771658631795e-05,1.2230984927429401e-05,1.0,1.0,0.0,210.5713636659739,0.0,1.0,88.76692044620557,0.0,0.0,1.0,24.566328479004607,18.656550824095113,0.000000,35.000000,0,0
frame_0262.jpg,frame_0262,262,D:\visualization2026\visualization\left_downsample2_Q45\frame_0262.jpg,D:\visualization2026\visualization\right_downsample2_Q45\frame_0262.jpg,D:\visualization2026\dowsample2_Q45\stitched_frames\frame_0262.jpg,D:\visualization2026\dowsample2_Q45_hess_matched\stitched_frames\frame_0262.jpg,1806,1296,1.7900351161691557,1.3169988860902144,21.9817898115,15.3618445066,29.291641909289012,-2.2918682624565463,-7.309852097823402,17.653712769048802,-9.34103374306233,8.582126638173714,12.68494418681769,0,1,19.107263336860406,9.296202117307947,fused,-4.670516871531165,4.291063319086857,4.670516871531165,-4.291063319086857,6,1,389.8787878787879,1045.8225108225108,360.58714596949886,1048.1143790849674,12,12,12,0.89096641706506,0.08854875340824296,-4.2963818818751935,-0.05526334898255599,0.9626500428006919,92.1875997589866,-4.0302313315394694e-05,1.2297668357724828e-05,1.0,1.0,0.0,210.67051687153116,0.0,1.0,91.70893668091314,0.0,0.0,1.0,21.98178981146561,15.361844506592254,0.000000,35.000000,0,0
frame_0264.jpg,frame_0264,264,D:\visualization2026\visualization\left_downsample2_Q45\frame_0264.jpg,D:\visualization2026\visualization\right_downsample2_Q45\frame_0264.jpg,D:\visualization2026\dowsample2_Q45\stitched_frames\frame_0264.jpg,D:\visualization2026\dowsample2_Q45_hess_matched\stitched_frames\frame_0264.jpg,1833,1304,1.768908814606963,1.219673004678782,20.0566048814,13.0641724608,40.550615714259266,-19.347753711962582,-20.494010832903623,32.41192617277086,-7.0456459527058035,10.35907924476218,12.52803455016557,0,1,38.34758712420274,25.829955005402542,raw,-3.5228229763529018,5.17953962238109,3.5228229763529018,-5.17953962238109,0,0,956.4311012418036,977.1983091576298,915.8804855275444,996.5460628695923,12,12,12,0.9052850244710244,0.09415547473016242,-3.433744554073886,-0.054167009351773876,0.9738997025857968,91.5803190675304,-3.390800497254737e-05,1.3209911527314868e-05,1.0,1.0,0.0,236.5228229763529,0.0,1.0,98.82046037761891,0.0,0.0,1.0,20.056604881355643,13.064172460808276,0.000000,35.000000,0,0
frame_0266.jpg,frame_0266,266,D:\visualization2026\visualization\left_downsample2_Q45\frame_0266.jpg,D:\visualization2026\visualization\right_downsample2_Q45\frame_0266.jpg,D:\visualization2026\dowsample2_Q45\stitched_frames\frame_0266.jpg,D:\visualization2026\dowsample2_Q45_hess_matched\stitched_frames\frame_0266.jpg,1825,1304,1.6659230824021698,1.1770338059905185,19.4667550457,13.0377390495,30.59987183057683,11.76278475023446,-11.133116784833621,1.2749542992839658,-11.016026481037263,14.742698408108625,18.403803840058796,0,1,11.205882286103437,13.468253098305823,fused,-5.508013240518632,7.3713492040543125,5.508013240518632,-7.3713492040543125,7,1,449.3164556962025,1053.915611814346,418.7165838656257,1042.1528270641115,12,12,12,0.8929933582893428,0.09508085951818604,-5.687956059460215,-0.05614900598534444,0.9672856802610669,96.38004802421035,-3.9382152682553236e-05,1.4709241947907612e-05,1.0,1.0,0.0,230.50801324051864,0.0,1.0,96.62865079594569,0.0,0.0,1.0,19.46675504574321,13.037739049518425,0.000000,35.000000,0,0
frame_0268.jpg,frame_0268,268,D:\visualization2026\visualization\left_downsample2_Q45\frame_0268.jpg,D:\visualization2026\visualization\right_downsample2_Q45\frame_0268.jpg,D:\visualization2026\dowsample2_Q45\stitched_frames\frame_0268.jpg,D:\visualization2026\dowsample2_Q45_hess_matched\stitched_frames\frame_0268.jpg,1834,1303,1.5300057655640487,1.1652075713120382,19.5936033002,14.1530705909,24.40548780487802,5.201930894309044,-4.8118845046832845,8.951139696606202,-9.0698902648161,5.359310349370149,10.534947405500981,0,1,10.16253582303996,5.570623942880224,fused,-4.53494513240805,2.6796551746850743,4.53494513240805,-2.6796551746850743,6,8,320.625,1039.6125,296.219512195122,1034.410569105691,12,12,12,0.9066173205906626,0.09373803032613405,-4.134464037091003,-0.05370678501665092,0.97298853582564,88.5105431506606,-3.3369038844728756e-05,1.314605168865031e-05,1.0,1.0,0.0,238.53494513240804,0.0,1.0,100.32034482531492,0.0,0.0,1.0,19.593603300194737,14.153070590915245,0.000000,35.000000,0,0
frame_0270.jpg,frame_0270,270,D:\visualization2026\visualization\left_downsample2_Q45\frame_0270.jpg,D:\visualization2026\visualization\right_downsample2_Q45\frame_0270.jpg,D:\visualization2026\dowsample2_Q45\stitched_frames\frame_0270.jpg,D:\visualization2026\dowsample2_Q45_hess_matched\stitched_frames\frame_0270.jpg,1824,1303,1.503696149897876,1.1630040731278513,19.619903258,14.3711842746,30.95117144293613,0.9494251717781026,-11.331268184942381,13.421759102833287,-2.6441744619150334,-7.559152793427841,8.008273817710755,0,1,17.56534247014773,22.708242145778982,fused,-1.3220872309575167,-3.7795763967139204,1.3220872309575167,3.7795763967139204,1,5,1752.420060331825,456.36349924585215,1721.4688888888888,455.41407407407405,12,12,12,0.8931320257191087,0.09530324515763547,-1.6923469592415425,-0.05533043056210961,0.9672644437454204,84.57566563466318,-3.92461865204328e-05,1.4020549115180805e-05,1.0,1.0,0.0,225.32208723095752,0.0,1.0,106.77957639671392,0.0,0.0,1.0,19.619903257993748,14.37118427461139,0.000000,35.000000,0,0
frame_0272.jpg,frame_0272,272,D:\visualization2026\visualization\left_downsample2_Q45\frame_0272.jpg,D:\visualization2026\visualization\right_downsample2_Q45\frame_0272.jpg,D:\visualization2026\dowsample2_Q45\stitched_frames\frame_0272.jpg,D:\visualization2026\dowsample2_Q45_hess_matched\stitched_frames\frame_0272.jpg,1838,1306,1.686903165537144,1.16790311806772,19.2240184732,12.5820530828,16.803189489907027,41.84528060745026,2.420828983282405,-29.263227524643575,-1.7032436929971388,-4.626054508808479,4.929646984947481,0,1,29.363189508726016,24.97995735887931,fused,-0.8516218464985694,-2.3130272544042394,0.8516218464985694,2.3130272544042394,6,1,1183.786036036036,395.2972972972973,1166.982846546129,353.452016689847,12,12,12,0.9038134382482436,0.1000121565218416,-1.164234485711712,-0.05471426447650632,0.975088353202801,85.01224887080522,-3.6549419203463424e-05,1.7221809913843504e-05,1.0,1.0,0.0,238.85162184649857,0.0,1.0,108.31302725440423,0.0,0.0,1.0,19.22401847318943,12.58205308280669,0.000000,35.000000,0,0
frame_0274.jpg,frame_0274,274,D:\visualization2026\visualization\left_downsample2_Q45\frame_0274.jpg,D:\visualization2026\visualization\right_downsample2_Q45\frame_0274.jpg,D:\visualization2026\dowsample2_Q45\stitched_frames\frame_0274.jpg,D:\visualization2026\dowsample2_Q45_hess_matched\stitched_frames\frame_0274.jpg,1844,1305,1.9750676762503296,1.1817037070923,18.7254772725,9.92567106484,7.090909090909008,42.10606060606062,11.634568181601715,-32.18038954121908,-1.8214897317937342,-5.407369384298026,5.705915220301965,0,1,34.21901003531431,29.9643138231389,fused,-0.9107448658968671,-2.703684692149013,0.9107448658968671,2.703684692149013,6,7,1501.013774104683,446.6873278236914,1493.922865013774,404.5812672176308,12,12,12,0.9135720152162822,0.09937745423874154,-1.2858866109264049,-0.05357490415865461,0.9785238432590183,82.91816293242132,-3.2349553666324564e-05,1.6117090682193195e-05,1.0,1.0,0.0,244.91074486589687,0.0,1.0,107.70368469214901,0.0,0.0,1.0,18.725477272510723,9.925671064841543,0.000000,35.000000,0,0
frame_0276.jpg,frame_0276,276,D:\visualization2026\visualization\left_downsample2_Q45\frame_0276.jpg,D:\visualization2026\visualization\right_downsample2_Q45\frame_0276.jpg,D:\visualization2026\dowsample2_Q45\stitched_frames\frame_0276.jpg,D:\visualization2026\dowsample2_Q45_hess_matched\stitched_frames\frame_0276.jpg,1845,1305,2.202494492780918,1.1795551410088088,18.0664088546,7.49172777366,24.494871794871813,-8.448717948717785,-6.428462940244145,15.940445722380776,-4.481879532482685,-4.018027437600164,6.019284727689408,0,1,17.18787204985713,20.053175255830478,fused,-2.2409397662413424,-2.009013718800082,2.2409397662413424,2.009013718800082,7,4,423.5,1036.0,399.0051282051282,1044.4487179487178,12,12,12,0.9155233477625616,0.09713246795041955,-2.3314782282596864,-0.053216393788572035,0.9789463544307216,83.33140645654201,-3.12464272806802e-05,1.4216928187055701e-05,1.0,1.0,0.0,247.24093976624135,0.0,1.0,107.00901371880008,0.0,0.0,1.0,18.066408854627667,7.49172777366299,0.000000,35.000000,0,0
frame_0278.jpg,frame_0278,278,D:\visualization2026\visualization\left_downsample2_Q45\frame_0278.jpg,D:\visualization2026\visualization\right_downsample2_Q45\frame_0278.jpg,D:\visualization2026\dowsample2_Q45\stitched_frames\frame_0278.jpg,D:\visualization2026\dowsample2_Q45_hess_matched\stitched_frames\frame_0278.jpg,1837,1306,2.2301505528201817,1.1874525838326164,18.1524408569,7.4068816037,23.555555555555543,2.362316284538565,-5.403114698666261,5.044565319158461,-6.544378402032209,3.0003949864717194,7.1993929427299825,0,1,7.391974547182891,2.3411781627328536,fused,-3.2721892010161047,1.5001974932358597,3.2721892010161047,-1.5001974932358597,4,3,400.66666666666663,1051.395238095238,377.1111111111111,1049.0329218106995,12,12,12,0.9020733056548457,0.10092937673517448,-3.65734123824835,-0.0553452689285622,0.973583724941177,89.64544954138894,-3.754239597036277e-05,1.7990782631248646e-05,1.0,1.0,0.0,240.27218920101612,0.0,1.0,104.49980250676414,0.0,0.0,1.0,18.15244085688928,7.406881603697026,0.000000,35.000000,0,0
frame_0280.jpg,frame_0280,280,D:\visualization2026\visualization\left_downsample2_Q45\frame_0280.jpg,D:\visualization2026\visualization\right_downsample2_Q45\frame_0280.jpg,D:\visualization2026\dowsample2_Q45\stitched_frames\frame_0280.jpg,D:\visualization2026\dowsample2_Q45_hess_matched\stitched_frames\frame_0280.jpg,1847,1305,2.127562398999813,1.2421767774069643,19.5446218076,9.89586400008,44.177838996020824,-10.47260483624109,-24.633217188387132,20.368468836322602,-13.116131799938163,8.92640133258072,15.865483104640967,0,1,31.963571636888396,16.234659362148953,fused,-6.5580658999690815,4.46320066629036,6.5580658999690815,-4.46320066629036,1,2,233.366391184573,1091.6570247933885,189.18855218855217,1102.1296296296296,12,12,12,0.9192510223390152,0.09836173705997263,-7.0179845858739345,-0.05224757818812251,0.9819298525340588,88.14286330761269,-2.9771316526752796e-05,1.537117334631664e-05,1.0,1.0,0.0,253.55806589996908,0.0,1.0,100.53679933370964,0.0,0.0,1.0,19.544621807633693,9.895864000081513,0.000000,35.000000,0,0
frame_0282.jpg,frame_0282,282,D:\visualization2026\visualization\left_downsample2_Q45\frame_0282.jpg,D:\visualization2026\visualization\right_downsample2_Q45\frame_0282.jpg,D:\visualization2026\dowsample2_Q45\stitched_frames\frame_0282.jpg,D:\visualization2026\dowsample2_Q45_hess_matched\stitched_frames\frame_0282.jpg,1867,1305,2.0593380052189545,1.273771530437088,20.3727286046,11.4269388109,28.264393969113257,5.5980542152130965,-7.891665364465215,5.828884595715834,-14.795222844913038,5.92013059806508,15.935700967600486,0,1,9.810926452424013,6.904160464444017,fused,-7.397611422456519,2.96006529903254,7.397611422456519,-2.96006529903254,7,2,355.11877394636014,1046.2988505747126,326.8543799772469,1040.7007963594995,12,12,12,0.9175446893426918,0.13958053813800533,-7.278588086927526,-0.053264974455477586,0.9913527689917732,88.122579665044,-3.240956829931267e-05,2.0795019681187127e-05,1.0,1.0,0.0,274.3976114224565,0.0,1.0,102.03993470096746,0.0,0.0,1.0,20.372728604648042,11.426938810928931,0.000000,35.000000,0,0
frame_0284.jpg,frame_0284,284,D:\visualization2026\visualization\left_downsample2_Q45\frame_0284.jpg,D:\visualization2026\visualization\right_downsample2_Q45\frame_0284.jpg,D:\visualization2026\dowsample2_Q45\stitched_frames\frame_0284.jpg,D:\visualization2026\dowsample2_Q45_hess_matched\stitched_frames\frame_0284.jpg,1838,1296,2.080708546079733,1.2329862105527383,19.4841912172,10.1480098292,40.70839002515385,12.698367639853473,-21.22419880792805,-2.550357810674079,-15.744646368767823,4.9942742977209695,16.51776816154138,0,1,21.37687863091618,9.324535837484476,fused,-7.872323184383911,2.4971371488604848,7.872323184383911,-2.4971371488604848,6,2,316.87401574803147,145.54199475065616,276.1656257228776,132.8436271108027,12,12,12,0.907527524306357,0.09447609782685117,-8.057515085134622,-0.05326968203733929,0.9719052266320203,87.83588916749565,-3.605582552852797e-05,1.2374133820130392e-05,1.0,1.0,0.0,245.8723231843839,0.0,1.0,93.50286285113951,0.0,0.0,1.0,19.484191217225796,10.148009829179394,0.000000,35.000000,0,0
frame_0286.jpg,frame_0286,286,D:\visualization2026\visualization\left_downsample2_Q45\frame_0286.jpg,D:\visualization2026\visualization\right_downsample2_Q45\frame_0286.jpg,D:\visualization2026\dowsample2_Q45\stitched_frames\frame_0286.jpg,D:\visualization2026\dowsample2_Q45_hess_matched\stitched_frames\frame_0286.jpg,1836,1294,2.049482480423986,1.1505140145303123,17.8888725477,8.34034148105,32.71279071279059,7.431249431249455,-14.823918165118528,0.9090920498025774,-18.468221030641676,10.182041730556055,21.089076837059995,0,1,14.851767508318506,9.963359832779615,fused,-9.234110515320838,5.091020865278027,9.234110515320838,-5.091020865278027,5,6,1624.2996632996633,440.6835016835017,1591.5868725868727,433.2522522522522,12,12,12,0.9129891093825835,0.1070943087878502,-8.999670638847578,-0.05288247705654003,0.9790533088631796,89.61812802103421,-3.586648918495928e-05,1.6375058877962976e-05,1.0,1.0,0.0,245.23411051532085,0.0,1.0,88.90897913472197,0.0,0.0,1.0,17.888872547672065,8.340341481052032,0.000000,35.000000,0,0
frame_0288.jpg,frame_0288,288,D:\visualization2026\visualization\left_downsample2_Q45\frame_0288.jpg,D:\visualization2026\visualization\right_downsample2_Q45\frame_0288.jpg,D:\visualization2026\dowsample2_Q45\stitched_frames\frame_0288.jpg,D:\visualization2026\dowsample2_Q45_hess_matched\stitched_frames\frame_0288.jpg,1819,1288,1.997413705535446,1.055224003053123,16.0888696683,6.41893829927,26.239101986215474,6.003654481829415,-10.15023231794018,0.41528381743791165,-17.397657132925357,4.747140221064524,18.033685535499313,0,1,10.158724169755919,8.443349237743504,fused,-8.698828566462678,2.373570110532262,8.698828566462678,-2.373570110532262,9,6,1581.5790754257905,385.4963503649635,1555.339973439575,379.4926958831341,12,12,12,0.9026530343987621,0.08411316822265187,-8.437072076253598,-0.052825244751003336,0.9642964149738728,86.86192593303146,-3.9427742822566296e-05,6.150846850751236e-06,1.0,1.0,0.0,227.69882856646268,0.0,1.0,85.62642988946774,0.0,0.0,1.0,16.088869668275294,6.418938299267326,0.000000,35.000000,0,0
frame_0290.jpg,frame_0290,290,D:\visualization2026\visualization\left_downsample2_Q45\frame_0290.jpg,D:\visualization2026\visualization\right_downsample2_Q45\frame_0290.jpg,D:\visualization2026\dowsample2_Q45\stitched_frames\frame_0290.jpg,D:\visualization2026\dowsample2_Q45_hess_matched\stitched_frames\frame_0290.jpg,1818,1288,1.9341365718572217,1.0151241461222007,15.4433092439,6.04296074158,53.694399741633106,-40.264345258913295,-38.2510904977564,46.30730600049803,-14.173049935009681,4.569838357861327,14.891566978570745,0,1,60.06257165066537,48.184730387970646,raw,-7.0865249675048405,2.2849191789306635,7.0865249675048405,-2.2849191789306635,0,0,976.6229419201752,968.916142046574,922.9285421785421,1009.1804873054873,12,12,12,0.8995464259915268,0.0864247997792498,-6.801582835915963,-0.05433856882641261,0.961796130452713,88.65428260610464,-4.133616703759216e-05,8.303357953479938e-06,1.0,1.0,0.0,225.08652496750483,0.0,1.0,85.71508082106934,0.0,0.0,1.0,15.443309243876705,6.0429607415847375,0.000000,35.000000,0,0
frame_0292.jpg,frame_0292,292,D:\visualization2026\visualization\left_downsample2_Q45\frame_0292.jpg,D:\visualization2026\visualization\right_downsample2_Q45\frame_0292.jpg,D:\visualization2026\dowsample2_Q45\stitched_frames\frame_0292.jpg,D:\visualization2026\dowsample2_Q45_hess_matched\stitched_frames\frame_0292.jpg,1817,1288,1.8234860599614917,1.0907233130838918,17.2824863688,9.15645954064,19.821332244688268,30.502082492385597,-2.53884587588362,-21.345622951741824,-14.344597893289388,3.5446104534450598,14.77605332918213,0,1,21.496077725469327,27.54813060193307,fused,-7.172298946644694,1.7723052267225299,7.172298946644694,-1.7723052267225299,8,2,41.664119359534205,125.69395924308587,21.842787114845937,95.19187675070027,12,12,12,0.8989811375578182,0.08444715543623967,-7.123332293814193,-0.053754798076438105,0.9629388914095713,87.13786526617443,-4.1225820517697866e-05,6.3406246906927886e-06,1.0,1.0,0.0,224.1722989466447,0.0,1.0,86.22769477327748,0.0,0.0,1.0,17.282486368804648,9.156459540643775,0.000000,35.000000,0,0
frame_0294.jpg,frame_0294,294,D:\visualization2026\visualization\left_downsample2_Q45\frame_0294.jpg,D:\visualization2026\visualization\right_downsample2_Q45\frame_0294.jpg,D:\visualization2026\dowsample2_Q45\stitched_frames\frame_0294.jpg,D:\visualization2026\dowsample2_Q45_hess_matched\stitched_frames\frame_0294.jpg,1818,1288,1.7151467458774663,1.1603756197872777,18.9942843265,12.0918956438,24.095447144873845,15.52876277047335,-5.101162818349675,-3.4368671266900677,-12.749705723957211,8.94055291931944,15.57204169499487,0,1,6.150928201973751,14.549939366687319,fused,-6.374852861978606,4.47027645965972,6.374852861978606,-4.47027645965972,8,3,353.14172335600904,1066.6213151927436,329.0462762111352,1051.0925524222703,12,12,12,0.8988884184868686,0.08355330583392344,-6.533989396926468,-0.05409278079237903,0.9633669993443658,90.97946635263786,-4.1215174793057975e-05,6.374577425379334e-06,1.0,1.0,0.0,224.3748528619786,0.0,1.0,83.52972354034029,0.0,0.0,1.0,18.99428432652417,12.091895643783282,0.000000,35.000000,0,0
frame_0296.jpg,frame_0296,296,D:\visualization2026\visualization\left_downsample2_Q45\frame_0296.jpg,D:\visualization2026\visualization\right_downsample2_Q45\frame_0296.jpg,D:\visualization2026\dowsample2_Q45\stitched_frames\frame_0296.jpg,D:\visualization2026\dowsample2_Q45_hess_matched\stitched_frames\frame_0296.jpg,1837,1287,1.68931238499043,1.070758847074469,17.2388569405,10.0429552859,32.920514897038196,14.260002758167403,-15.68165795651705,-4.217047472278752,-11.188079238417561,-3.183881382280683,11.63229202270746,0,1,16.238777221473516,4.610822254791279,fused,-5.594039619208781,-1.5919406911403415,5.594039619208781,1.5919406911403415,9,1,68.16877637130801,117.25316455696202,35.24826147426982,102.99316179879462,12,12,12,0.9076966590632556,0.09033050821724332,-6.048216380404904,-0.05371361588587821,0.9668860258309826,84.73928671603696,-3.720614681561381e-05,8.22152256051815e-06,1.0,1.0,0.0,242.5940396192088,0.0,1.0,88.59194069114034,0.0,0.0,1.0,17.238856940521146,10.04295528588865,0.000000,35.000000,0,0
frame_0298.jpg,frame_0298,298,D:\visualization2026\visualization\left_downsample2_Q45\frame_0298.jpg,D:\visualization2026\visualization\right_downsample2_Q45\frame_0298.jpg,D:\visualization2026\dowsample2_Q45\stitched_frames\frame_0298.jpg,D:\visualization2026\dowsample2_Q45_hess_matched\stitched_frames\frame_0298.jpg,1841,1285,1.7964683439204152,0.7781822161872007,10.9897176304,1.35105020476,13.165489101637604,-26.043945942050414,-2.175771471279303,27.39499614680981,-18.823478331219707,4.360834062136342,19.32201361668567,0,1,27.481262623448675,28.420393498991455,raw,-9.411739165609854,2.180417031068171,9.411739165609854,-2.180417031068171,0,0,970.9630280680035,975.6082826606294,957.7975389663659,1001.6522286026798,10,12,12,0.9193989859110432,0.07992649340619196,-9.48923105265724,-0.05146651300815158,0.9819499048669247,84.21869885448186,-3.299481867569044e-05,1.5803125895302464e-05,1.0,1.0,0.0,250.41173916560984,0.0,1.0,82.81958296893183,0.0,0.0,1.0,10.989717630358301,1.3510502047593962,0.000000,35.000000,0,0
frame_0300.jpg,frame_0300,300,D:\visualization2026\visualization\left_downsample2_Q45\frame_0300.jpg,D:\visualization2026\visualization\right_downsample2_Q45\frame_0300.jpg,D:\visualization2026\dowsample2_Q45\stitched_frames\frame_0300.jpg,D:\visualization2026\dowsample2_Q45_hess_matched\stitched_frames\frame_0300.jpg,1831,1283,1.8957879037726486,0.5203719077258775,5.46990342157,-6.35922061305,35.91286149162852,7.955644894447914,-30.442958070058157,-14.314865507502581,-22.737876857699977,8.652234678657567,24.32842388915675,0,1,33.64058665590132,24.225110267038055,fused,-11.368938428849988,4.326117339328784,11.368938428849988,-4.326117339328784,0,4,608.6628614916285,1069.7998477929984,572.75,1061.8442028985505,12,12,12,0.9039448341894275,0.08563395368616442,-11.57568476741264,-0.05433916198278843,0.9621882276890689,90.62049991855865,-4.0873581782408015e-05,4.91442557867261e-06,1.0,1.0,0.0,242.36893842885,0.0,1.0,78.67388266067121,0.0,0.0,1.0,5.46990342157036,-6.359220613054667,0.000000,35.000000,0,0
frame_0302.jpg,frame_0302,302,D:\visualization2026\visualization\left_downsample2_Q45\frame_0302.jpg,D:\visualization2026\visualization\right_downsample2_Q45\frame_0302.jpg,D:\visualization2026\dowsample2_Q45\stitched_frames\frame_0302.jpg,D:\visualization2026\dowsample2_Q45_hess_matched\stitched_frames\frame_0302.jpg,1832,1283,1.8864042853113303,0.49671382527171204,5.01342094629,-6.87331507042,45.72926228618644,-23.251269340758313,-40.715841339894354,16.377954270343302,-22.663748161185914,12.658462384601066,25.95924017871128,0,1,43.886411588291274,18.431296428110368,raw,-11.331874080592957,6.329231192300533,11.331874080592957,-6.329231192300533,0,0,970.5305036043482,978.5403665392475,924.8012413181617,1001.7916358800059,12,12,12,0.9049997675091794,0.08635988200788539,-11.47952953843124,-0.05435929261856985,0.9613544789904283,93.01871445221673,-4.07693089961542e-05,5.629904971088924e-06,1.0,1.0,0.0,243.33187408059297,0.0,1.0,76.67076880769946,0.0,0.0,1.0,5.013420946292089,-6.8733150704150106,0.000000,35.000000,0,0
frame_0304.jpg,frame_0304,304,D:\visualization2026\visualization\left_downsample2_Q45\frame_0304.jpg,D:\visualization2026\visualization\right_downsample2_Q45\frame_0304.jpg,D:\visualization2026\dowsample2_Q45\stitched_frames\frame_0304.jpg,D:\visualization2026\dowsample2_Q45_hess_matched\stitched_frames\frame_0304.jpg,1832,1283,1.8908701859676071,0.5456120840099388,5.99730258046,-5.65462677007,30.670458031214707,-23.67476272598242,-24.67315545075101,18.02013595591606,-26.11036227942524,10.367182789341596,28.093228674370145,0,1,30.5530669453432,7.78673587828494,raw,-13.05518113971262,5.183591394670798,13.05518113971262,-5.183591394670798,0,0,956.5878011263391,979.2801420435013,925.9173430951244,1002.9549047694837,12,12,12,0.905070025547168,0.08635017995290653,-13.202836597550903,-0.054312585675661995,0.9613480291472365,91.873074654587,-4.07693089961542e-05,5.629904971088924e-06,1.0,1.0,0.0,245.05518113971263,0.0,1.0,77.8164086053292,0.0,0.0,1.0,5.997302580463695,-5.654626770066359,0.000000,35.000000,0,0
frame_0306.jpg,frame_0306,306,D:\visualization2026\visualization\left_downsample2_Q45\frame_0306.jpg,D:\visualization2026\visualization\right_downsample2_Q45\frame_0306.jpg,D:\visualization2026\dowsample2_Q45\stitched_frames\frame_0306.jpg,D:\visualization2026\dowsample2_Q45_hess_matched\stitched_frames\frame_0306.jpg,1831,1284,1.892550294858728,0.5862402090349974,6.82027437413,-4.62082055705,22.13128884807861,-20.43491161448719,-15.311014473946761,15.814091057438738,-23.182361521680896,12.351545716574561,26.267519245458683,0,1,22.01164783005514,8.59926302559778,raw,-11.591180760840448,6.175772858287281,11.591180760840448,-6.175772858287281,0,0,953.9845319025145,983.2311639403517,931.8532430544359,1003.6660755548389,12,12,12,0.9035357284784692,0.08300485572435613,-11.326332353765256,-0.054655102163631133,0.9631921513913136,93.41715481529044,-4.1234513171037814e-05,4.0770165049311965e-06,1.0,1.0,0.0,242.59118076084044,0.0,1.0,77.82422714171273,0.0,0.0,1.0,6.82027437413185,-4.620820557048454,0.000000,35.000000,0,0
frame_0308.jpg,frame_0308,308,D:\visualization2026\visualization\left_downsample2_Q45\frame_0308.jpg,D:\visualization2026\visualization\right_downsample2_Q45\frame_0308.jpg,D:\visualization2026\dowsample2_Q45\stitched_frames\frame_0308.jpg,D:\visualization2026\dowsample2_Q45_hess_matched\stitched_frames\frame_0308.jpg,1831,1284,1.8581029698802882,0.5838093698167306,6.86396050808,-4.32348896328,26.27280257055679,-20.262087133796626,-19.408842062475927,15.93859817051246,-19.56911697819624,10.648272554130287,22.278600667307916,0,1,25.11457867150468,5.292752892017401,raw,-9.78455848909812,5.3241362770651435,9.78455848909812,-5.3241362770651435,0,0,964.5262714827483,983.3477529255191,938.2534689121915,1003.6098400593157,12,12,12,0.9034612332886099,0.08301222135317621,-9.519710082022929,-0.05461998534380579,0.9631886792549157,92.56551823406832,-4.1234513171037814e-05,4.0770165049311965e-06,1.0,1.0,0.0,240.78455848909812,0.0,1.0,78.67586372293485,0.0,0.0,1.0,6.863960508080863,-4.323488963284167,0.000000,35.000000,0,0
frame_0310.jpg,frame_0310,310,D:\visualization2026\visualization\left_downsample2_Q45\frame_0310.jpg,D:\visualization2026\visualization\right_downsample2_Q45\frame_0310.jpg,D:\visualization2026\dowsample2_Q45\stitched_frames\frame_0310.jpg,D:\visualization2026\dowsample2_Q45_hess_matched\stitched_frames\frame_0310.jpg,1847,1261,1.8120850507941249,0.6008162570339834,7.33486041791,-3.40214630765,23.13781469924845,0.990904563686513,-15.802954281336412,-4.39305087133776,-21.45286983052111,5.743678345569946,22.20845480673187,0,1,16.402202900103703,11.604948295008873,raw,-10.726434915260555,2.871839172784973,10.726434915260555,-2.871839172784973,0,0,967.6609996879506,986.9300439683432,944.5231849887022,985.9391394046567,12,12,12,0.9123671217534117,0.07161605768827085,-11.10623534218017,-0.05363033353451125,0.9611324996178732,88.01973660195675,-4.090629258375865e-05,-3.145398539840692e-06,1.0,1.0,0.0,257.72643491526054,0.0,1.0,58.12816082721503,0.0,0.0,1.0,7.334860417912039,-3.402146307651247,0.000000,35.000000,0,0
frame_0312.jpg,frame_0312,312,D:\visualization2026\visualization\left_downsample2_Q45\frame_0312.jpg,D:\visualization2026\visualization\right_downsample2_Q45\frame_0312.jpg,D:\visualization2026\dowsample2_Q45\stitched_frames\frame_0312.jpg,D:\visualization2026\dowsample2_Q45_hess_matched\stitched_frames\frame_0312.jpg,1849,1254,1.7667192743016042,0.6053285163936337,7.54950422941,-2.81095995977,30.19912285188218,-10.672548417894177,-22.649618622471102,7.861588458121931,-26.027909689161515,2.0597625105465145,26.109283873499876,0,1,23.975191278241468,6.713719897138963,fused,-13.013954844580757,1.0298812552732572,13.013954844580757,-1.0298812552732572,2,3,343.7277686852155,1071.192034915439,313.5286458333333,1081.8645833333333,12,12,12,0.9107603674799511,0.07948744993873064,-13.310583591817766,-0.05330014464489318,0.9440936395462901,86.27013937783988,-4.136232289645175e-05,-1.503873078482674e-05,1.0,1.0,0.0,262.0139548445808,0.0,1.0,52.97011874472674,0.0,0.0,1.0,7.5495042294110775,-2.8109599597722457,0.000000,35.000000,0,0
frame_0314.jpg,frame_0314,314,D:\visualization2026\visualization\left_downsample2_Q45\frame_0314.jpg,D:\visualization2026\visualization\right_downsample2_Q45\frame_0314.jpg,D:\visualization2026\dowsample2_Q45\stitched_frames\frame_0314.jpg,D:\visualization2026\dowsample2_Q45_hess_matched\stitched_frames\frame_0314.jpg,1849,1254,1.727635889464247,0.5462090992566573,6.45109516665,-3.93213537955,40.54301487902967,2.570699707331073,-34.091919712375336,-6.502835086885645,-23.878282003793338,2.367737929772244,23.995385688851993,0,1,34.70656787759742,13.527951097118413,raw,-11.939141001896669,1.183868964886122,11.939141001896669,-1.183868964886122,0,0,996.7816980066016,982.392450296872,956.2386831275719,979.8217505895409,12,12,12,0.9107159106827364,0.0794712861027067,-12.235769749133677,-0.05330651393426027,0.9440913237665811,86.42412708745275,-4.136232289645175e-05,-1.503873078482674e-05,1.0,1.0,0.0,260.93914100189664,0.0,1.0,52.81613103511388,0.0,0.0,1.0,6.451095166654331,-3.932135379554572,0.000000,35.000000,0,0
frame_0316.jpg,frame_0316,316,D:\visualization2026\visualization\left_downsample2_Q45\frame_0316.jpg,D:\visualization2026\visualization\right_downsample2_Q45\frame_0316.jpg,D:\visualization2026\dowsample2_Q45\stitched_frames\frame_0316.jpg,D:\visualization2026\dowsample2_Q45_hess_matched\stitched_frames\frame_0316.jpg,1849,1258,1.691178801098321,0.41405743900315883,3.85805324604,-6.97070673954,42.044267013189256,-4.365218621856798,-38.186213767148786,-2.605488117678413,-25.859431164129873,-0.2653012795721783,25.860792039326906,0,1,38.274998239082215,12.546953565680214,raw,-12.929715582064937,-0.13265063978608915,12.929715582064937,0.13265063978608915,0,0,997.9787004889517,984.3570936417844,955.9344334757625,988.7223122636412,12,12,12,0.9180904612352083,0.07754498938298411,-12.54212495686317,-0.05332585674680014,0.9609866256788471,85.57512488288243,-3.977763365918016e-05,-9.352283751489696e-07,1.0,1.0,0.0,261.92971558206494,0.0,1.0,58.13265063978609,0.0,0.0,1.0,3.8580532460404684,-6.970706739535211,0.000000,35.000000,0,0
frame_0318.jpg,frame_0318,318,D:\visualization2026\visualization\left_downsample2_Q45\frame_0318.jpg,D:\visualization2026\visualization\right_downsample2_Q45\frame_0318.jpg,D:\visualization2026\dowsample2_Q45\stitched_frames\frame_0318.jpg,D:\visualization2026\dowsample2_Q45_hess_matched\stitched_frames\frame_0318.jpg,1858,1247,1.6507153601650362,0.2860089957011702,1.35942526125,-9.86119799475,10.020128896882511,-27.339673261391,-8.66070363563506,17.47847526664111,-22.78600703164417,1.511052736983674,22.836054756023064,0,1,19.50653442082646,21.3186016959349,fused,-11.393003515822086,0.755526368491837,11.393003515822086,-0.755526368491837,5,2,461.6930455635491,1045.904076738609,451.6729166666666,1073.24375,12,12,12,0.9187501896227834,0.07199118040412272,-11.631481753652151,-0.049451177787913636,0.9569329869966048,80.10462641370312,-3.855736851503778e-05,-5.687510299148634e-06,1.0,1.0,0.0,269.3930035158221,0.0,1.0,46.244473631508164,0.0,0.0,1.0,1.3594252612474504,-9.86119799474989,0.000000,35.000000,0,0
frame_0320.jpg,frame_0320,320,D:\visualization2026\visualization\left_downsample2_Q45\frame_0320.jpg,D:\visualization2026\visualization\right_downsample2_Q45\frame_0320.jpg,D:\visualization2026\dowsample2_Q45\stitched_frames\frame_0320.jpg,D:\visualization2026\dowsample2_Q45_hess_matched\stitched_frames\frame_0320.jpg,1869,1242,1.5992870634795162,0.24467313370306343,0.656632589547,-10.3930715411,26.365332672566296,7.165175376928346,-25.708700083019103,-17.558246918059872,-22.609445937192614,-2.0922267574793305,22.706044534254488,0,1,31.13244761971319,15.773495359872092,raw,-11.304722968596307,-1.0461133787396653,11.304722968596307,1.0461133787396653,0,0,1009.9653956547738,978.8046022388398,983.6000629822075,971.6394268619115,12,12,12,0.925523809726003,0.07655324093878958,-11.279492814756336,-0.049070073008052745,0.9620264842463659,77.3226073178503,-3.589555961964801e-05,-1.9857505438296234e-06,1.0,1.0,0.0,280.3047229685963,0.0,1.0,43.04611337873966,0.0,0.0,1.0,0.6566325895471951,-10.393071541131526,0.000000,35.000000,0,0
frame_0322.jpg,frame_0322,322,D:\visualization2026\visualization\left_downsample2_Q45\frame_0322.jpg,D:\visualization2026\visualization\right_downsample2_Q45\frame_0322.jpg,D:\visualization2026\dowsample2_Q45\stitched_frames\frame_0322.jpg,D:\visualization2026\dowsample2_Q45_hess_matched\stitched_frames\frame_0322.jpg,1852,1248,1.5288706385736393,0.29507763345962346,1.87378858967,-8.35231397372,9.156286549707616,-25.095672514619764,-7.282497960042574,16.74335854090119,-14.103484377487185,4.8491856006552005,14.913848348954968,0,1,18.258555029552397,13.711207300578742,fused,-7.051742188743592,2.4245928003276003,7.051742188743592,-2.4245928003276003,2,0,105.11184210526316,1061.842105263158,95.95555555555555,1086.9377777777777,12,12,12,0.920877026482451,0.06721826747786551,-7.513947597296923,-0.05050414655143846,0.957925305597232,82.83018555251356,-3.909014344504238e-05,-7.791045084545977e-06,1.0,1.0,0.0,259.0517421887436,0.0,1.0,45.5754071996724,0.0,0.0,1.0,1.8737885896650421,-8.352313973718575,0.000000,35.000000,0,0
frame_0324.jpg,frame_0324,324,D:\visualization2026\visualization\left_downsample2_Q45\frame_0324.jpg,D:\visualization2026\visualization\right_downsample2_Q45\frame_0324.jpg,D:\visualization2026\dowsample2_Q45\stitched_frames\frame_0324.jpg,D:\visualization2026\dowsample2_Q45_hess_matched\stitched_frames\frame_0324.jpg,1852,1248,1.4530370033990176,0.3671197453748647,3.5463177779,-5.69496635233,36.75543201802202,18.824266206869197,-33.20911424011754,-24.519232559200667,-21.995068310381342,1.2766271396253117,22.032085848415928,0,1,41.27999556571371,28.127943467586594,fused,-10.997534155190671,0.6383135698126559,10.997534155190671,-0.6383135698126559,5,6,1270.5959595959596,349.9577594123048,1233.8405275779376,331.1334932054356,11,12,12,0.9210312680564237,0.06724900932097033,-11.459739563744002,-0.050434320640084726,0.9579392225792505,81.0439063219986,-3.909014344504238e-05,-7.791045084545977e-06,1.0,1.0,0.0,262.9975341551907,0.0,1.0,47.36168643018735,0.0,0.0,1.0,3.546317777904475,-5.69496635233147,0.000000,35.000000,0,0
frame_0326.jpg,frame_0326,326,D:\visualization2026\visualization\left_downsample2_Q45\frame_0326.jpg,D:\visualization2026\visualization\right_downsample2_Q45\frame_0326.jpg,D:\visualization2026\dowsample2_Q45\stitched_frames\frame_0326.jpg,D:\visualization2026\dowsample2_Q45_hess_matched\stitched_frames\frame_0326.jpg,1872,1256,1.3870169440144482,0.39313653391623404,4.25484823071,-4.33129040209,-0.08874580067188731,-36.4328640750814,4.343594031378356,32.10157367299424,-17.27710151361834,8.825505164642056,19.40071591779532,0,1,32.394101953783235,31.768378004785582,fused,-8.63855075680917,4.412752582321028,8.63855075680917,-4.412752582321028,5,2,104.67543859649122,1045.4749373433583,104.7641843971631,1081.9078014184397,12,12,12,0.9264824023731432,0.08419197905726784,-8.925265721209119,-0.05958091118134752,0.9625459348233736,99.08806923488073,-3.755909728226917e-05,-2.6988489117172056e-06,1.0,1.0,0.0,280.6385507568092,0.0,1.0,51.587247417678974,0.0,0.0,1.0,4.254848230706469,-4.3312904020871565,0.000000,35.000000,0,0
frame_0328.jpg,frame_0328,328,D:\visualization2026\visualization\left_downsample2_Q45\frame_0328.jpg,D:\visualization2026\visualization\right_downsample2_Q45\frame_0328.jpg,D:\visualization2026\dowsample2_Q45\stitched_frames\frame_0328.jpg,D:\visualization2026\dowsample2_Q45_hess_matched\stitched_frames\frame_0328.jpg,1872,1256,1.3122210607162534,0.3927192960136807,4.44871113216,-3.55990097507,52.56733443226244,-3.175583936557132,-48.118623300105845,-0.38431703850833676,-21.489705870134166,6.139647429018776,22.349557689975338,0,1,48.120158020143464,27.416443165841294,raw,-10.744852935067083,3.069823714509388,10.744852935067083,-3.069823714509388,0,0,1022.7167397580175,985.4797681316462,970.1494053257551,988.6553520682033,12,12,12,0.9260115267138952,0.08266547913112819,-10.377942331414683,-0.059527394617906244,0.960747752551847,98.30037098162812,-3.73852790830093e-05,-4.382090774210083e-06,1.0,1.0,0.0,282.74485293506706,0.0,1.0,52.93017628549061,0.0,0.0,1.0,4.448711132156597,-3.5599009750654687,0.000000,35.000000,0,0
frame_0330.jpg,frame_0330,330,D:\visualization2026\visualization\left_downsample2_Q45\frame_0330.jpg,D:\visualization2026\visualization\right_downsample2_Q45\frame_0330.jpg,D:\visualization2026\dowsample2_Q45\stitched_frames\frame_0330.jpg,D:\visualization2026\dowsample2_Q45_hess_matched\stitched_frames\frame_0330.jpg,1876,1256,1.250716927273463,0.3819113789586872,4.39497473125,-3.19640196791,6.513840830449851,-23.382545174932602,-2.118866099204097,20.186143207023843,-13.600109682005609,16.064851099865685,21.04857297356375,0,1,20.297043408359535,12.198524617352092,fused,-6.8000548410028046,8.032425549932842,6.8000548410028046,-8.032425549932842,9,1,468.5,1069.0,461.98615916955015,1092.3825451749326,12,12,12,0.9302881983100896,0.08301254506854522,-6.372491016283789,-0.05924820585220899,0.9657452247636109,102.00844709451201,-3.572775887731601e-05,-2.2008542432139183e-06,1.0,1.0,0.0,282.8000548410028,0.0,1.0,46.96757445006716,0.0,0.0,1.0,4.394974731245754,-3.1964019679087596,0.000000,35.000000,0,0
frame_0332.jpg,frame_0332,332,D:\visualization2026\visualization\left_downsample2_Q45\frame_0332.jpg,D:\visualization2026\visualization\right_downsample2_Q45\frame_0332.jpg,D:\visualization2026\dowsample2_Q45\stitched_frames\frame_0332.jpg,D:\visualization2026\dowsample2_Q45_hess_matched\stitched_frames\frame_0332.jpg,1895,1261,1.2433464766094597,0.35694347545978644,3.90636704983,-3.76544496201,32.25188679245281,-7.079514824798025,-28.345519742621697,3.314069862784794,-18.46643010496516,14.204870455292088,23.297797867463647,0,1,28.53859752221147,14.70394333553452,fused,-9.23321505248258,7.102435227646044,9.23321505248258,-7.102435227646044,8,3,392.5518867924528,1085.1823899371068,360.3,1092.2619047619048,12,12,12,0.9425068038533783,0.08917434272870287,-8.864001650639226,-0.05904533405398958,0.9704657818983115,100.77767153842161,-2.974258518511815e-05,-2.1135712693507337e-06,1.0,1.0,0.0,304.2332150524826,0.0,1.0,46.89756477235396,0.0,0.0,1.0,3.9063670498311094,-3.765444962013231,0.000000,35.000000,0,0
frame_0334.jpg,frame_0334,334,D:\visualization2026\visualization\left_downsample2_Q45\frame_0334.jpg,D:\visualization2026\visualization\right_downsample2_Q45\frame_0334.jpg,D:\visualization2026\dowsample2_Q45\stitched_frames\frame_0334.jpg,D:\visualization2026\dowsample2_Q45_hess_matched\stitched_frames\frame_0334.jpg,1880,1256,1.3460586139773838,0.3183826196992925,2.84306699646,-5.83744846647,-3.395799704062483,-30.94423426150115,6.238866700525241,25.106785795033872,-4.825365209352044,14.639754900536932,15.414492302746147,0,1,25.870333408455277,15.230757154583623,fused,-2.412682604676022,7.319877450268466,2.412682604676022,-7.319877450268466,2,11,430.8194780737153,1024.732849071832,434.21527777777777,1055.6770833333333,12,12,12,0.9351016428314838,0.08424657940483099,-1.9880031555178879,-0.0583722729666033,0.9664238025064193,99.81238097404184,-3.4641578723255674e-05,-2.5370489277979234e-06,1.0,1.0,0.0,282.41268260467604,0.0,1.0,47.680122549731536,0.0,0.0,1.0,2.8430669964627575,-5.837448466467277,0.000000,35.000000,0,0
frame_0336.jpg,frame_0336,336,D:\visualization2026\visualization\left_downsample2_Q45\frame_0336.jpg,D:\visualization2026\visualization\right_downsample2_Q45\frame_0336.jpg,D:\visualization2026\dowsample2_Q45\stitched_frames\frame_0336.jpg,D:\visualization2026\dowsample2_Q45_hess_matched\stitched_frames\frame_0336.jpg,1881,1259,1.4883473115551171,0.2751403039607787,1.5773396384,-8.44447549026,21.56534772182252,-31.246145940390306,-19.9880080834194,22.801670450126267,-12.988560933717675,9.605156078538567,16.154310211890305,0,1,30.322213680056418,14.937879767925175,fused,-6.494280466858838,4.802578039269283,6.494280466858838,-4.802578039269283,3,1,145.83333333333331,1069.047619047619,124.2679856115108,1100.2937649880093,12,12,12,0.9380208974073796,0.08550138116961571,-6.800059456599881,-0.0581800455590112,0.9701849715770483,97.7863069364589,-3.353728078878191e-05,-9.1472628400105e-07,1.0,1.0,0.0,287.4942804668588,0.0,1.0,51.197421960730715,0.0,0.0,1.0,1.5773396384031209,-8.44447549026404,0.000000,35.000000,0,0
frame_0338.jpg,frame_0338,338,D:\visualization2026\visualization\left_downsample2_Q45\frame_0338.jpg,D:\visualization2026\visualization\right_downsample2_Q45\frame_0338.jpg,D:\visualization2026\dowsample2_Q45\stitched_frames\frame_0338.jpg,D:\visualization2026\dowsample2_Q45_hess_matched\stitched_frames\frame_0338.jpg,1895,1265,1.5609399011475071,0.23688480844588966,0.601748020977,-10.1935981661,-19.484953156983167,-11.983703353802412,20.08670117795973,1.79010518771587,-14.316566386304563,7.559656150761384,16.189888023430246,0,1,20.166309548247444,34.88370016803749,fused,-7.158283193152282,3.779828075380692,7.158283193152282,-3.779828075380692,10,4,109.25570776255707,1068.13698630137,128.74066091954023,1080.1206896551723,12,12,12,0.9477512224044368,0.08418337844075219,-6.765417218151195,-0.05637255018267767,0.9723647027007104,93.49035673926716,-2.801416837004489e-05,-5.360481843216373e-06,1.0,1.0,0.0,302.1582831931523,0.0,1.0,50.22017192461931,0.0,0.0,1.0,0.6017480209765611,-10.193598166086542,0.000000,35.000000,0,0
frame_0340.jpg,frame_0340,340,D:\visualization2026\visualization\left_downsample2_Q45\frame_0340.jpg,D:\visualization2026\visualization\right_downsample2_Q45\frame_0340.jpg,D:\visualization2026\dowsample2_Q45\stitched_frames\frame_0340.jpg,D:\visualization2026\dowsample2_Q45_hess_matched\stitched_frames\frame_0340.jpg,1881,1257,1.5228119588124462,0.20099483239742355,-0.0261066325227,-10.723632887,42.908738088509494,-5.736781983992955,-42.93484472103224,-4.986850902967978,-10.424817334412703,4.6647934805586075,11.420906911105337,0,1,43.22348404684175,33.91247734956579,raw,-5.212408667206351,2.3323967402793038,5.212408667206351,-2.3323967402793038,0,0,1049.400654947632,979.9378578488454,1006.4919168591224,985.6746398328384,12,12,12,0.9411711105444086,0.08356848985432,-5.45304454701304,-0.056727689969999835,0.9703997537783706,92.6277880881992,-3.347459545545854e-05,-1.4620367647465015e-06,1.0,1.0,0.0,286.2124086672064,0.0,1.0,52.66760325972069,0.0,0.0,1.0,-0.026106632522746285,-10.723632886960933,0.000000,35.000000,0,0
frame_0342.jpg,frame_0342,342,D:\visualization2026\visualization\left_downsample2_Q45\frame_0342.jpg,D:\visualization2026\visualization\right_downsample2_Q45\frame_0342.jpg,D:\visualization2026\dowsample2_Q45\stitched_frames\frame_0342.jpg,D:\visualization2026\dowsample2_Q45_hess_matched\stitched_frames\frame_0342.jpg,1901,1265,1.4308253787741974,0.18013272252064993,-0.202157090242,-10.3015428985,34.7833899153145,-3.388113122353843,-34.98554700555614,-6.913429776101115,-8.225476266509949,4.633065792733949,9.440538038200994,0,1,35.66208084993163,29.14486139750683,raw,-4.112738133254974,2.3165328963669745,4.112738133254974,-2.3165328963669745,0,0,1064.3427011766537,980.853754330122,1029.5593112613392,984.2418674524758,12,12,12,0.9521846366578395,0.08465366570480637,-4.525029794059985,-0.05596605357714492,0.9739611074564286,92.02791735615405,-2.8207820436502257e-05,-4.300520283015366e-06,1.0,1.0,0.0,305.112738133255,0.0,1.0,52.68346710363303,0.0,0.0,1.0,-0.20215709024163786,-10.301542898454958,0.000000,35.000000,0,0
frame_0344.jpg,frame_0344,344,D:\visualization2026\visualization\left_downsample2_Q45\frame_0344.jpg,D:\visualization2026\visualization\right_downsample2_Q45\frame_0344.jpg,D:\visualization2026\dowsample2_Q45\stitched_frames\frame_0344.jpg,D:\visualization2026\dowsample2_Q45_hess_matched\stitched_frames\frame_0344.jpg,1901,1264,1.3432950756772462,0.16664698541383416,-0.240021431242,-9.73516889668,-25.9376333912262,-20.3676413406954,25.697611959984535,10.632472444019996,-8.773839411175764,7.850268111376876,11.77314602957093,0,1,27.81037092019423,34.58354551781595,fused,-4.386919705587882,3.925134055688438,4.386919705587882,-3.925134055688438,1,5,539.4083262047333,1067.556601083547,565.3459595959595,1087.9242424242425,12,12,12,0.9454381142176587,0.10832042698893372,-4.486472929173072,-0.05621447252866531,0.9700784882200676,94.07672520099545,-3.1989768437758895e-05,-6.333740603139101e-06,1.0,1.0,0.0,305.3869197055879,0.0,1.0,51.07486594431156,0.0,0.0,1.0,-0.24002143124166458,-9.735168896675404,0.000000,35.000000,0,0
frame_0346.jpg,frame_0346,346,D:\visualization2026\visualization\left_downsample2_Q45\frame_0346.jpg,D:\visualization2026\visualization\right_downsample2_Q45\frame_0346.jpg,D:\visualization2026\dowsample2_Q45\stitched_frames\frame_0346.jpg,D:\visualization2026\dowsample2_Q45_hess_matched\stitched_frames\frame_0346.jpg,1878,1261,1.2029515014644319,0.17220436002507356,0.252873057489,-8.12369555385,9.244175801394192,-30.766727564850044,-8.99130274390562,22.643032011002973,-8.848802233173744,9.330723996811221,12.859382227249077,0,1,24.36289029823576,13.313070684867284,fused,-4.424401116586872,4.6653619984056105,4.424401116586872,-4.6653619984056105,5,3,392.9561403508772,1052.8201754385964,383.711964549483,1083.5869030034464,12,12,12,0.9415566031083596,0.07829510258858981,-4.475539045598347,-0.05680771781396519,0.9672789734792214,95.42067161811367,-3.495518602265484e-05,-6.064485833127436e-06,1.0,1.0,0.0,282.42440111658686,0.0,1.0,49.33463800159439,0.0,0.0,1.0,0.25287305748857214,-8.123695553847073,0.000000,35.000000,0,0
frame_0348.jpg,frame_0348,348,D:\visualization2026\visualization\left_downsample2_Q45\frame_0348.jpg,D:\visualization2026\visualization\right_downsample2_Q45\frame_0348.jpg,D:\visualization2026\dowsample2_Q45\stitched_frames\frame_0348.jpg,D:\visualization2026\dowsample2_Q45_hess_matched\stitched_frames\frame_0348.jpg,1878,1260,1.0416480587042556,0.1818279416615205,0.885295619829,-6.18780646805,-16.459589834802046,-24.06392324898252,17.34488545463066,17.876116780930506,-5.383271149615933,10.466752741805585,11.769983909435986,0,1,24.907842190758384,23.905392238811636,fused,-2.6916355748079663,5.233376370902793,2.6916355748079663,-5.233376370902793,4,5,377.55043522785456,1076.2017409114183,394.0100250626566,1100.2656641604008,12,12,12,0.9420667787352565,0.07814676721592893,-3.2016683834687196,-0.056642573483864526,0.9674049719470609,95.06608561570921,-3.468102763944812e-05,-6.001566222935455e-06,1.0,1.0,0.0,280.69163557480795,0.0,1.0,47.76662362909721,0.0,0.0,1.0,0.8852956198286132,-6.187806468052012,0.000000,35.000000,0,0
frame_0350.jpg,frame_0350,350,D:\visualization2026\visualization\left_downsample2_Q45\frame_0350.jpg,D:\visualization2026\visualization\right_downsample2_Q45\frame_0350.jpg,D:\visualization2026\dowsample2_Q45\stitched_frames\frame_0350.jpg,D:\visualization2026\dowsample2_Q45_hess_matched\stitched_frames\frame_0350.jpg,1878,1260,1.0037244874048006,0.18922349897845336,1.13853172315,-5.59983376107,44.44819055416883,-8.015262285273138,-43.309658831022155,2.415428524203742,-15.017266805438005,7.305529349107194,16.699971897472665,0,1,43.376962122941165,28.71188834972473,raw,-7.508633402719003,3.652764674553597,7.508633402719003,-3.652764674553597,0,0,1065.3359199917456,976.324813703382,1020.8877294375768,984.3400759886551,12,12,12,0.9422338371700654,0.07817567674738889,-8.018666211379756,-0.056587756245936205,0.9674144580928292,93.48547391936002,-3.468102763944812e-05,-6.001566222935455e-06,1.0,1.0,0.0,285.508633402719,0.0,1.0,49.347235325446405,0.0,0.0,1.0,1.1385317231466798,-5.599833761069396,0.000000,35.000000,0,0
frame_0352.jpg,frame_0352,352,D:\visualization2026\visualization\left_downsample2_Q45\frame_0352.jpg,D:\visualization2026\visualization\right_downsample2_Q45\frame_0352.jpg,D:\visualization2026\dowsample2_Q45\stitched_frames\frame_0352.jpg,D:\visualization2026\dowsample2_Q45_hess_matched\stitched_frames\frame_0352.jpg,1911,1268,1.271680886145653,0.19298438074245183,0.490174162116,-8.30469499957,18.14806574988347,-7.07140894843667,-17.657891587767082,-1.233286051129289,-19.765785524758204,0.8658944193918019,19.784742873140274,0,1,17.700907598460752,2.9748572230312313,raw,-9.882892762379102,0.43294720969590095,9.882892762379102,-0.43294720969590095,0,0,1083.7507022847233,975.9505051073756,1065.6026365348398,983.0219140558123,12,12,12,0.9628601033284316,0.08215908611815381,-9.510598701288787,-0.05283391943247014,0.9782217995434316,85.14703585362903,-2.5292218716199063e-05,-6.112313632799446e-06,1.0,1.0,0.0,320.88289276237913,0.0,1.0,53.567052790304096,0.0,0.0,1.0,0.49017416211639087,-8.304694999565958,0.000000,35.000000,0,0
frame_0354.jpg,frame_0354,354,D:\visualization2026\visualization\left_downsample2_Q45\frame_0354.jpg,D:\visualization2026\visualization\right_downsample2_Q45\frame_0354.jpg,D:\visualization2026\dowsample2_Q45\stitched_frames\frame_0354.jpg,D:\visualization2026\dowsample2_Q45_hess_matched\stitched_frames\frame_0354.jpg,1911,1268,1.7024461555205885,0.1972332028906152,-0.588726514758,-12.699522165,21.883639804367704,-7.5258776455006,-22.472366319125832,-5.173644519471964,-29.36360135643841,-4.155510627209906,29.65618574922753,0,1,23.060222149728812,6.966040264171401,raw,-14.681800678219204,-2.077755313604953,14.681800678219204,2.077755313604953,0,0,1088.0924146695843,976.5027522113501,1066.2087748652166,984.0286298568507,12,12,12,0.9621771892815599,0.08326498527782203,-14.217753848630949,-0.05361289826306259,0.9788705231116627,84.09977158393392,-2.6047601951840593e-05,-4.801314591831473e-06,1.0,1.0,0.0,325.6818006782192,0.0,1.0,57.07775531360495,0.0,0.0,1.0,-0.5887265147581289,-12.699522164972564,0.000000,35.000000,0,0
frame_0356.jpg,frame_0356,356,D:\visualization2026\visualization\left_downsample2_Q45\frame_0356.jpg,D:\visualization2026\visualization\right_downsample2_Q45\frame_0356.jpg,D:\visualization2026\dowsample2_Q45\stitched_frames\frame_0356.jpg,D:\visualization2026\dowsample2_Q45_hess_matched\stitched_frames\frame_0356.jpg,1901,1267,1.9608845606760616,0.20709166564118675,-1.08713693479,-15.1470544385,31.646759405719195,-5.591911800940238,-32.733896340506604,-9.555142637573987,-24.463384260541147,3.020311207814765,24.64912674459166,0,1,34.09998123834404,15.051359057651814,raw,-12.231692130270574,1.5101556039073825,12.231692130270574,-1.5101556039073825,0,0,1098.6806638241142,976.5762276640431,1067.033904418395,982.1681394649834,12,12,12,0.963187289485205,0.08421868465302214,-12.133442095758198,-0.05164079244049484,0.9778642991510718,84.47335657763243,-2.6010336684144374e-05,-7.073011099970882e-06,1.0,1.0,0.0,313.2316921302706,0.0,1.0,51.489844396092614,0.0,0.0,1.0,-1.0871369347874118,-15.147054438514225,0.000000,35.000000,0,0
frame_0358.jpg,frame_0358,358,D:\visualization2026\visualization\left_downsample2_Q45\frame_0358.jpg,D:\visualization2026\visualization\right_downsample2_Q45\frame_0358.jpg,D:\visualization2026\dowsample2_Q45\stitched_frames\frame_0358.jpg,D:\visualization2026\dowsample2_Q45_hess_matched\stitched_frames\frame_0358.jpg,1901,1267,1.746166374309294,0.2020710870762663,-0.608473673166,-13.0315365334,30.035720030604352,-5.800628081360287,-30.64419370377037,-7.230908452078033,-27.427466969823843,3.263721068260156,27.620967028548858,0,1,31.4857530447746,10.976546799883836,raw,-13.713733484911922,1.631860534130078,13.713733484911922,-1.631860534130078,0,0,1101.201275786324,976.2438083565187,1071.1655557557197,982.044436437879,12,12,12,0.9632258378798191,0.08422916714797414,-13.615483450399546,-0.05164395802670605,0.9778634383307494,84.59506150785514,-2.6010336684144374e-05,-7.073011099970882e-06,1.0,1.0,0.0,314.7137334849119,0.0,1.0,51.36813946586992,0.0,0.0,1.0,-0.608473673166019,-13.03153653343832,0.000000,35.000000,0,0
frame_0360.jpg,frame_0360,360,D:\visualization2026\visualization\left_downsample2_Q45\frame_0360.jpg,D:\visualization2026\visualization\right_downsample2_Q45\frame_0360.jpg,D:\visualization2026\dowsample2_Q45\stitched_frames\frame_0360.jpg,D:\visualization2026\dowsample2_Q45_hess_matched\stitched_frames\frame_0360.jpg,1901,1267,1.2545178422451073,0.17911992966295287,0.25421659985,-8.48399524126,19.06278995138541,-46.778532940584796,-18.808573351535834,38.294537699327094,-34.072847520008764,-0.08578098275439938,34.072955499908865,0,1,42.66420102527748,41.30432093653694,fused,-17.036423760004382,-0.04289049137719969,17.036423760004382,0.04289049137719969,3,5,1885.3879569892474,681.3225806451613,1866.325167037862,728.1011135857461,12,12,12,0.9633122621725714,0.08425266857317162,-16.938173725492007,-0.051600397188670495,0.9778752838633425,82.92031048234786,-2.6010336684144374e-05,-7.073011099970882e-06,1.0,1.0,0.0,318.03642376000437,0.0,1.0,53.0428904913772,0.0,0.0,1.0,0.2542165998495774,-8.483995241257702,0.000000,35.000000,0,0
frame_0362.jpg,frame_0362,362,D:\visualization2026\visualization\left_downsample2_Q45\frame_0362.jpg,D:\visualization2026\visualization\right_downsample2_Q45\frame_0362.jpg,D:\visualization2026\dowsample2_Q45\stitched_frames\frame_0362.jpg,D:\visualization2026\dowsample2_Q45_hess_matched\stitched_frames\frame_0362.jpg,1885,1259,0.9269032872536285,0.18119786309213026,1.18290560286,-5.00415475488,33.661210737043945,-4.98791800597769,-32.47830513418057,-0.016236748902334952,-22.49056154357781,3.435363412982368,22.751419303523,0,1,32.478309192766716,10.567334844186075,fused,-11.245280771788906,1.717681706491184,11.245280771788906,-1.717681706491184,1,4,135.67028985507247,1091.0471014492753,102.00907911802852,1096.035019455253,12,12,12,0.9471940918103832,0.07872004049528032,-11.092860146735369,-0.05487843383955442,0.9700354604610678,89.2738732855643,-3.522714327771935e-05,-4.737879499886626e-06,1.0,1.0,0.0,296.2452807717889,0.0,1.0,51.282318293508816,0.0,0.0,1.0,1.1829056028633689,-5.004154754880025,0.000000,35.000000,0,0
frame_0364.jpg,frame_0364,364,D:\visualization2026\visualization\left_downsample2_Q45\frame_0364.jpg,D:\visualization2026\visualization\right_downsample2_Q45\frame_0364.jpg,D:\visualization2026\dowsample2_Q45\stitched_frames\frame_0364.jpg,D:\visualization2026\dowsample2_Q45_hess_matched\stitched_frames\frame_0364.jpg,1885,1261,1.036404727239468,0.2163704841309908,1.60304717231,-5.23908049967,57.302316242362394,16.682074274870388,-55.699269070050434,-21.92115477454474,-19.5080596989028,0.41004316005597286,19.512368605811655,0,1,59.857711295934315,42.52629818054423,raw,-9.7540298494514,0.20502158002798643,9.7540298494514,-0.20502158002798643,0,0,1097.6931654923892,973.2005808034124,1040.3908492500268,956.518506528542,12,12,12,0.945833318532956,0.07452869394945973,-10.145411902875596,-0.05514213556073702,0.9656190615805685,88.73565281678606,-3.535178487823834e-05,-8.761943408489846e-06,1.0,1.0,0.0,294.7540298494514,0.0,1.0,51.79497841997201,0.0,0.0,1.0,1.603047172311964,-5.239080499674353,0.000000,35.000000,0,0
frame_0366.jpg,frame_0366,366,D:\visualization2026\visualization\left_downsample2_Q45\frame_0366.jpg,D:\visualization2026\visualization\right_downsample2_Q45\frame_0366.jpg,D:\visualization2026\dowsample2_Q45\stitched_frames\frame_0366.jpg,D:\visualization2026\dowsample2_Q45_hess_matched\stitched_frames\frame_0366.jpg,1885,1261,1.3461514675767143,0.24657903459243968,1.38031381968,-7.69655537236,-23.797219721972198,-15.747134713471269,25.177533541648145,8.050579341109852,-18.61567166244552,-11.953579303691065,22.12309403346667,0,1,26.433312750548733,48.14572862813709,fused,-9.30783583122276,-5.976789651845532,9.30783583122276,5.976789651845532,2,4,85.42904290429043,1087.5720572057205,109.22626262626262,1103.3191919191918,12,12,12,0.9458175447780097,0.0745247844227228,-9.699217884646956,-0.05492359749990995,0.9656732262607443,82.55384158491253,-3.535178487823834e-05,-8.761943408489846e-06,1.0,1.0,0.0,294.30783583122275,0.0,1.0,57.976789651845536,0.0,0.0,1.0,1.3803138196759488,-7.696555372361416,0.000000,35.000000,0,0
frame_0368.jpg,frame_0368,368,D:\visualization2026\visualization\left_downsample2_Q45\frame_0368.jpg,D:\visualization2026\visualization\right_downsample2_Q45\frame_0368.jpg,D:\visualization2026\dowsample2_Q45\stitched_frames\frame_0368.jpg,D:\visualization2026\dowsample2_Q45_hess_matched\stitched_frames\frame_0368.jpg,1920,1266,1.595512007588572,0.27160027610779025,1.21530054125,-9.6567718464,16.946985021641467,12.700737870312423,-15.731684480395293,-22.35750971671001,-16.363676212737495,-15.598387534359297,22.607069532944035,0,1,27.33759567561662,6.788604144129657,raw,-8.181838106368748,-7.7991937671796485,8.181838106368748,7.7991937671796485,0,0,1108.0768691915255,964.7513942409688,1091.129884169884,952.0506563706564,12,12,12,0.9626609392836022,0.07600450624767717,-8.456159559049883,-0.05071832772674687,0.9743645079299107,73.23637798531142,-2.788152017244903e-05,-1.0498331635364393e-05,1.0,1.0,0.0,328.18183810636873,0.0,1.0,53.799193767179645,0.0,0.0,1.0,1.2153005412461737,-9.656771846397586,0.000000,35.000000,0,0
frame_0370.jpg,frame_0370,370,D:\visualization2026\visualization\left_downsample2_Q45\frame_0370.jpg,D:\visualization2026\visualization\right_downsample2_Q45\frame_0370.jpg,D:\visualization2026\dowsample2_Q45\stitched_frames\frame_0370.jpg,D:\visualization2026\dowsample2_Q45_hess_matched\stitched_frames\frame_0370.jpg,1921,1265,1.6620279784874816,0.3193559578191696,2.00803278546,-9.11654708708,16.354665954706434,14.407027532331426,-14.346633169249445,-23.523574619408095,-5.4366852691468965,-8.193866204495494,9.83346277223503,0,1,27.553301910440226,17.73096533381034,raw,-2.7183426345734483,-4.096933102247747,2.7183426345734483,4.096933102247747,0,0,1110.6171300412368,964.5002053814667,1094.2624640865304,950.0931778491353,12,12,12,0.9638626156901203,0.08018912633972998,-3.010794078049346,-0.05120504796519896,0.977855123906853,77.90461513828055,-2.7645635518527394e-05,-6.200090031675051e-06,1.0,1.0,0.0,323.71834263457345,0.0,1.0,51.096933102247746,0.0,0.0,1.0,2.008032785456989,-9.116547087076667,0.000000,35.000000,0,0
frame_0372.jpg,frame_0372,372,D:\visualization2026\visualization\left_downsample2_Q45\frame_0372.jpg,D:\visualization2026\visualization\right_downsample2_Q45\frame_0372.jpg,D:\visualization2026\dowsample2_Q45\stitched_frames\frame_0372.jpg,D:\visualization2026\dowsample2_Q45_hess_matched\stitched_frames\frame_0372.jpg,1922,1267,1.7129469338107985,0.41714580844552174,3.86206346817,-7.11842860067,25.08039135380932,11.121849301569796,-21.21832788564044,-18.240277902243495,-11.854176343591389,-13.662283873483247,18.088103754252465,0,1,27.980800135336,10.42330866039302,raw,-5.9270881717956945,-6.8311419367416235,5.9270881717956945,6.8311419367416235,0,0,1123.185387388702,965.0114607210782,1098.1049960348928,953.8896114195084,12,12,12,0.9649076332776177,0.07877994491651807,-5.4781179596224865,-0.05063453694360173,0.976888639893008,74.88927107278946,-2.7133707622449415e-05,-8.326482936662653e-06,1.0,1.0,0.0,327.9270881717957,0.0,1.0,53.83114193674162,0.0,0.0,1.0,3.8620634681688752,-7.118428600673699,0.000000,35.000000,0,0
frame_0374.jpg,frame_0374,374,D:\visualization2026\visualization\left_downsample2_Q45\frame_0374.jpg,D:\visualization2026\visualization\right_downsample2_Q45\frame_0374.jpg,D:\visualization2026\dowsample2_Q45\stitched_frames\frame_0374.jpg,D:\visualization2026\dowsample2_Q45_hess_matched\stitched_frames\frame_0374.jpg,1905,1265,1.7655984354663072,0.5126939767943277,5.66574793534,-5.19643875918,6.730062287439296,-20.297890633956285,-1.0643143520974467,15.101451874774275,-10.726507075992469,-13.436240342435918,17.192745813017158,0,1,15.13891058716591,30.129019986018612,fused,-5.3632535379962345,-6.718120171217959,5.3632535379962345,6.718120171217959,6,3,580.7983682983682,1048.8496503496503,574.068306010929,1069.1475409836066,12,12,12,0.9588399090114174,0.0718816359484995,-5.131418789609375,-0.049838464467472025,0.9706410794990118,73.04259884154104,-3.024106041625701e-05,-1.3735122887197247e-05,1.0,1.0,0.0,310.36325353799623,0.0,1.0,50.71812017121796,0.0,0.0,1.0,5.665747935341849,-5.19643875918201,0.000000,35.000000,0,0
frame_0376.jpg,frame_0376,376,D:\visualization2026\visualization\left_downsample2_Q45\frame_0376.jpg,D:\visualization2026\visualization\right_downsample2_Q45\frame_0376.jpg,D:\visualization2026\dowsample2_Q45\stitched_frames\frame_0376.jpg,D:\visualization2026\dowsample2_Q45_hess_matched\stitched_frames\frame_0376.jpg,1905,1265,1.8840641116070855,0.5779244818975542,6.67385836637,-4.74726999995,13.583780196947373,14.544239003879966,-6.909921830574322,-19.291509003828907,-8.593623008635241,-12.10737284087054,14.847182679633013,0,1,20.491689519155305,7.378798145018599,raw,-4.2968115043176205,-6.05368642043527,4.2968115043176205,6.05368642043527,0,0,1106.278134623009,963.1364841571007,1092.6943544260616,948.5922451532207,12,12,12,0.9588076586734464,0.07186698823611486,-4.064976755930761,-0.049858557648672044,0.9706319534197944,73.70703259232373,-3.024106041625701e-05,-1.3735122887197247e-05,1.0,1.0,0.0,309.29681150431765,0.0,1.0,50.05368642043527,0.0,0.0,1.0,6.673858366373051,-4.747269999948942,0.000000,35.000000,0,0
frame_0378.jpg,frame_0378,378,D:\visualization2026\visualization\left_downsample2_Q45\frame_0378.jpg,D:\visualization2026\visualization\right_downsample2_Q45\frame_0378.jpg,D:\visualization2026\dowsample2_Q45\stitched_frames\frame_0378.jpg,D:\visualization2026\dowsample2_Q45_hess_matched\stitched_frames\frame_0378.jpg,1896,1264,2.091679729487652,0.6381771654318449,7.33938374039,-5.35921347011,17.432721882793885,15.868078591360018,-10.093338142400691,-21.22729206147336,-7.617884522325009,-11.867815185323519,14.102382843635839,0,1,23.504752777256147,9.681305594821877,raw,-3.8089422611625046,-5.933907592661759,3.8089422611625046,5.933907592661759,0,0,1112.0726321192863,963.7944264824929,1094.6399102364924,947.9263478911329,12,12,12,0.9526301888869885,0.07348953062881096,-3.44289614825802,-0.05340824753712883,0.9692879803465793,79.35883104962979,-3.433679891123017e-05,-1.044535071113845e-05,1.0,1.0,0.0,299.8089422611625,0.0,1.0,51.93390759266176,0.0,0.0,1.0,7.339383740393194,-5.3592134701133425,0.000000,35.000000,0,0
frame_0380.jpg,frame_0380,380,D:\visualization2026\visualization\left_downsample2_Q45\frame_0380.jpg,D:\visualization2026\visualization\right_downsample2_Q45\frame_0380.jpg,D:\visualization2026\dowsample2_Q45\stitched_frames\frame_0380.jpg,D:\visualization2026\dowsample2_Q45_hess_matched\stitched_frames\frame_0380.jpg,1896,1262,2.155221403839161,0.6657757853509416,7.72960211267,-5.30950985957,11.411814945135575,11.569727252013081,-3.682212832463298,-16.879237111581205,-10.41856280622321,-18.308275002461684,21.065122466128248,0,1,17.276207246167704,6.886258800143029,raw,-5.209281403111605,-9.154137501230842,5.209281403111605,9.154137501230842,0,0,1110.3714312696711,958.9893875648185,1098.9596163245355,947.4196603128054,12,12,12,0.952186374754962,0.0736125275179949,-5.047551683035339,-0.05286278871997023,0.9676700612517675,75.98391577901893,-3.4960668358483125e-05,-1.0579940490604877e-05,1.0,1.0,0.0,301.2092814031116,0.0,1.0,55.15413750123084,0.0,0.0,1.0,7.729602112672277,-5.309509859568122,0.000000,35.000000,0,0
frame_0382.jpg,frame_0382,382,D:\visualization2026\visualization\left_downsample2_Q45\frame_0382.jpg,D:\visualization2026\visualization\right_downsample2_Q45\frame_0382.jpg,D:\visualization2026\dowsample2_Q45\stitched_frames\frame_0382.jpg,D:\visualization2026\dowsample2_Q45_hess_matched\stitched_frames\frame_0382.jpg,1914,1271,1.9438541185334004,0.6488942030038878,7.95761346248,-3.53597389788,24.297248916570652,13.506515726630596,-16.339635454089287,-17.0424896245084,-11.747769131992388,-17.634543155034738,21.189317871639375,0,1,23.609958478870904,4.629877288116435,raw,-5.873884565996194,-8.817271577517369,5.873884565996194,8.817271577517369,0,0,1131.2136315568796,967.3248524682803,1106.916382640309,953.8183367416497,12,12,12,0.9631771454426589,0.09129850409654577,-5.754606944440171,-0.05247168053982355,0.9836597986530458,75.59838233203436,-3.429375728122698e-05,-4.140377132777758e-06,1.0,1.0,0.0,319.8738845659962,0.0,1.0,70.81727157751737,0.0,0.0,1.0,7.9576134624813655,-3.535973897877804,0.000000,35.000000,0,0
frame_0384.jpg,frame_0384,384,D:\visualization2026\visualization\left_downsample2_Q45\frame_0384.jpg,D:\visualization2026\visualization\right_downsample2_Q45\frame_0384.jpg,D:\visualization2026\dowsample2_Q45\stitched_frames\frame_0384.jpg,D:\visualization2026\dowsample2_Q45_hess_matched\stitched_frames\frame_0384.jpg,1902,1267,1.7135522929486582,0.6349450788663127,8.29658103464,-1.48854149575,23.36428680623294,15.612305715169327,-15.067705771588455,-17.10084721091656,-10.715832935065443,-16.98240719717274,20.08061825997441,0,1,22.79198834130697,4.353484262303298,raw,-5.357916467532721,-8.49120359858637,5.357916467532721,8.49120359858637,0,0,1125.790735365164,966.5146965115023,1102.426448558931,950.902390796333,12,12,12,0.9524003774003862,0.07584781930050993,-5.541445128776605,-0.054478951505911206,0.9729913242675587,78.92680045943328,-3.927546009897331e-05,-8.202971051868732e-06,1.0,1.0,0.0,307.35791646753273,0.0,1.0,69.49120359858637,0.0,0.0,1.0,8.296581034644484,-1.488541495747232,0.000000,35.000000,0,0
frame_0386.jpg,frame_0386,386,D:\visualization2026\visualization\left_downsample2_Q45\frame_0386.jpg,D:\visualization2026\visualization\right_downsample2_Q45\frame_0386.jpg,D:\visualization2026\dowsample2_Q45\stitched_frames\frame_0386.jpg,D:\visualization2026\dowsample2_Q45_hess_matched\stitched_frames\frame_0386.jpg,1903,1270,1.520231670540825,0.6312992324482138,8.74535357652,0.438784243963,22.30130703594068,16.361634010657326,-13.555953459420204,-15.92284976669417,-6.187831155076358,-13.83244006674206,15.153403993946203,0,1,20.911743564004396,7.658918918843776,raw,-3.093915577538179,-6.91622003337103,3.093915577538179,6.91622003337103,0,0,1135.562447855905,967.6965122043589,1113.2611408199643,951.3348781937016,12,12,12,0.952926928022271,0.08034987407870967,-3.1281214405358595,-0.054663379674234854,0.9745734262016112,80.6694724827568,-3.918105291960041e-05,-8.580539584238743e-06,1.0,1.0,0.0,306.09391557753816,0.0,1.0,67.91622003337103,0.0,0.0,1.0,8.745353576520477,0.4387842439631549,0.000000,35.000000,0,0
frame_0388.jpg,frame_0388,388,D:\visualization2026\visualization\left_downsample2_Q45\frame_0388.jpg,D:\visualization2026\visualization\right_downsample2_Q45\frame_0388.jpg,D:\visualization2026\dowsample2_Q45\stitched_frames\frame_0388.jpg,D:\visualization2026\dowsample2_Q45_hess_matched\stitched_frames\frame_0388.jpg,1889,1262,1.402935227117287,0.6004627013363759,8.43461936537,0.867436650138,13.36827652313832,18.834048922301577,-4.933657157765959,-17.96661227216337,-0.41096522888306275,-10.833694679474544,10.841486652089092,0,1,18.631696903090354,8.445901708383317,raw,-0.20548261444153137,-5.416847339737272,0.20548261444153137,5.416847339737272,0,0,1096.9094529937265,970.147958236027,1083.5411764705882,951.3139093137254,12,12,12,0.9513171635822026,0.07905627464283775,0.2383656854520142,-0.05542081450649796,0.9735249354918128,83.35748891218134,-4.182548469144845e-05,-3.612087234792235e-06,1.0,1.0,0.0,289.2054826144415,0.0,1.0,66.41684733973727,0.0,0.0,1.0,8.434619365372361,0.867436650138207,0.000000,35.000000,0,0
frame_0390.jpg,frame_0390,390,D:\visualization2026\visualization\left_downsample2_Q45\frame_0390.jpg,D:\visualization2026\visualization\right_downsample2_Q45\frame_0390.jpg,D:\visualization2026\dowsample2_Q45\stitched_frames\frame_0390.jpg,D:\visualization2026\dowsample2_Q45_hess_matched\stitched_frames\frame_0390.jpg,1888,1260,1.369619170396959,0.4408793158587052,5.27434746514,-2.91386163484,-13.683448602345607,-1.7844601754115956,18.957796067482114,-1.1294014594278088,3.9652269243152087,-10.85199152770532,11.553732932637066,0,1,18.991408041343274,17.869132243855855,raw,1.9826134621576044,-5.42599576385266,-1.9826134621576044,5.42599576385266,0,0,1072.9738531243152,948.0828503308804,1086.6573017266608,949.867310506292,12,12,12,0.9567352727474107,0.038111456612709003,2.3590048984330165,-0.055349252536398025,0.9498391646029966,83.85781129808308,-3.8939354091870436e-05,-8.085716724613467e-06,1.0,1.0,0.0,286.0173865378424,0.0,1.0,65.42599576385265,0.0,0.0,1.0,5.2743474651365085,-2.9138616348394044,0.000000,35.000000,0,0
frame_0392.jpg,frame_0392,392,D:\visualization2026\visualization\left_downsample2_Q45\frame_0392.jpg,D:\visualization2026\visualization\right_downsample2_Q45\frame_0392.jpg,D:\visualization2026\dowsample2_Q45\stitched_frames\frame_0392.jpg,D:\visualization2026\dowsample2_Q45_hess_matched\stitched_frames\frame_0392.jpg,1888,1260,1.3338717409465617,0.29042877421396085,2.3066722705,-6.43339347771,-10.238021906378435,-4.384630789535777,12.54469417687719,-2.0487626881708083,6.934168420619452,-9.506291677382292,11.766574401285359,0,1,12.710892200936067,9.332349001540882,raw,3.467084210309726,-4.753145838691146,-3.467084210309726,4.753145838691146,0,0,1080.5427915056055,947.5255420346389,1090.780813411984,951.9101728241747,12,12,12,0.9566774684153093,0.03809945360275347,3.843475646585138,-0.055375452877884576,0.9498337241291035,84.53066122324459,-3.8939354091870436e-05,-8.085716724613467e-06,1.0,1.0,0.0,284.53291578969026,0.0,1.0,64.75314583869114,0.0,0.0,1.0,2.3066722704987552,-6.433393477706585,0.000000,35.000000,0,0
frame_0394.jpg,frame_0394,394,D:\visualization2026\visualization\left_downsample2_Q45\frame_0394.jpg,D:\visualization2026\visualization\right_downsample2_Q45\frame_0394.jpg,D:\visualization2026\dowsample2_Q45\stitched_frames\frame_0394.jpg,D:\visualization2026\dowsample2_Q45_hess_matched\stitched_frames\frame_0394.jpg,1909,1277,1.2303775279381899,0.2887383768369709,2.55224705041,-5.39483476946,-4.261007943989853,11.797496682611722,6.813254994402898,-17.19233145207044,8.944960227031086,-7.327680351946761,11.563183506434317,0,1,18.49315290524054,10.092349009323138,raw,4.472480113515543,-3.6638401759733803,-4.472480113515543,3.6638401759733803,0,0,1119.1587498152833,976.3348421279813,1123.4197577592731,964.5373454453696,12,12,12,0.952222962338536,0.08263247238326404,4.6384354961846395,-0.05829289640243912,0.9775900815139769,89.60491847841823,-4.276296025501797e-05,-4.470753013242866e-06,1.0,1.0,0.0,304.52751988648447,0.0,1.0,80.66384017597338,0.0,0.0,1.0,2.552247050413046,-5.3948347694587175,0.000000,35.000000,0,0
frame_0396.jpg,frame_0396,396,D:\visualization2026\visualization\left_downsample2_Q45\frame_0396.jpg,D:\visualization2026\visualization\right_downsample2_Q45\frame_0396.jpg,D:\visualization2026\dowsample2_Q45\stitched_frames\frame_0396.jpg,D:\visualization2026\dowsample2_Q45_hess_matched\stitched_frames\frame_0396.jpg,1915,1276,1.1450574572362258,0.3847857125632821,4.7393824987,-2.01707355005,3.4506284765996043,7.177276965024248,1.2887540221010125,-9.194350515079027,9.094648008002196,-6.280463619274317,11.052458806188175,0,1,9.284232242012017,8.332029630328414,raw,4.547324004001098,-3.1402318096371586,-4.547324004001098,3.1402318096371586,0,0,1133.019845867904,972.3198276896618,1129.5692173913044,965.1425507246375,12,12,12,0.9638825990250767,0.08818012204134264,4.227746761718777,-0.056160036030600415,0.9860693327925433,87.00755986935344,-3.7655793357043375e-05,6.030115470488812e-07,1.0,1.0,0.0,310.4526759959989,0.0,1.0,79.14023180963716,0.0,0.0,1.0,4.739382498700617,-2.0170735500547776,0.000000,35.000000,0,0
frame_0398.jpg,frame_0398,398,D:\visualization2026\visualization\left_downsample2_Q45\frame_0398.jpg,D:\visualization2026\visualization\right_downsample2_Q45\frame_0398.jpg,D:\visualization2026\dowsample2_Q45\stitched_frames\frame_0398.jpg,D:\visualization2026\dowsample2_Q45_hess_matched\stitched_frames\frame_0398.jpg,1910,1277,1.0752237287882789,0.4922419408272738,7.11699680751,1.49397717885,1.9966949332167587,8.56753282383147,5.120301874292216,-7.073555644985716,7.899280907737424,-3.6877567682021,8.717694009356222,0,1,8.732278096040556,4.380223567622692,raw,3.949640453868712,-1.84387838410105,-3.949640453868712,1.84387838410105,0,0,1136.000749485373,974.4879161633081,1134.0040545521563,965.9203833394766,12,12,12,0.9542682403236024,0.0828260492608987,3.9743113007178312,-0.05789318898690035,0.9785842695419841,90.95047462729029,-4.182277408610445e-05,-4.578841374064449e-06,1.0,1.0,0.0,306.0503595461313,0.0,1.0,78.84387838410105,0.0,0.0,1.0,7.116996807508975,1.493977178845754,0.000000,35.000000,0,0
frame_0400.jpg,frame_0400,400,D:\visualization2026\visualization\left_downsample2_Q45\frame_0400.jpg,D:\visualization2026\visualization\right_downsample2_Q45\frame_0400.jpg,D:\visualization2026\dowsample2_Q45\stitched_frames\frame_0400.jpg,D:\visualization2026\dowsample2_Q45_hess_matched\stitched_frames\frame_0400.jpg,1935,1284,0.9869011720802967,0.546388736344845,8.45882150239,3.81883349104,-11.247413469952335,-0.2878487128971301,19.706234972337654,4.106682203934407,7.6535714490257725,2.6263701744289945,8.091660906048439,0,1,20.129593525679926,12.143229459697745,raw,3.8267857245128862,1.3131850872144972,-3.8267857245128862,-1.3131850872144972,0,0,1153.3051464946068,970.7529082012221,1164.5525599645591,971.0407569141192,12,12,12,0.9715054560801551,0.09205178048354198,3.8881028727202516,-0.05880148168179425,0.9885198763048114,95.2978211910271,-3.470734056601944e-05,-5.647106714723437e-07,1.0,1.0,0.0,331.1732142754871,0.0,1.0,82.68681491278551,0.0,0.0,1.0,8.458821502385318,3.818833491037277,0.000000,35.000000,0,0
frame_0402.jpg,frame_0402,402,D:\visualization2026\visualization\left_downsample2_Q45\frame_0402.jpg,D:\visualization2026\visualization\right_downsample2_Q45\frame_0402.jpg,D:\visualization2026\dowsample2_Q45\stitched_frames\frame_0402.jpg,D:\visualization2026\dowsample2_Q45_hess_matched\stitched_frames\frame_0402.jpg,1948,1277,0.8161854607558219,0.5829001017170334,9.66436190813,6.54895555938,3.0965032325734683,-4.365816007812555,6.5678586755533335,10.91477156719028,8.617995767637883,7.333569104489889,11.315966015385213,0,1,12.738485229649033,4.126508593859007,raw,4.308997883818941,3.6667845522449447,-4.308997883818941,-3.6667845522449447,0,0,1165.412683281235,959.4330282744257,1162.3161800486616,963.7988442822383,12,12,12,0.9949204456499643,0.10051278451176858,3.7888592269473893,-0.05205652979812528,0.9996700015288581,86.34007004453017,-2.4795478409039193e-05,7.084530142299323e-06,1.0,1.0,0.0,343.69100211618104,0.0,1.0,73.33321544775505,0.0,0.0,1.0,9.664361908126802,6.548955559377726,0.000000,35.000000,0,0
frame_0404.jpg,frame_0404,404,D:\visualization2026\visualization\left_downsample2_Q45\frame_0404.jpg,D:\visualization2026\visualization\right_downsample2_Q45\frame_0404.jpg,D:\visualization2026\dowsample2_Q45\stitched_frames\frame_0404.jpg,D:\visualization2026\dowsample2_Q45_hess_matched\stitched_frames\frame_0404.jpg,1948,1277,0.635130647175207,0.600404468559411,10.5107386134,8.89533617913,4.92603091257206,-5.482967081951415,5.584707700844644,14.37830326108503,8.504015209845623,11.698130648560603,14.462521749683857,0,1,15.424803556985804,3.9630394352107454,raw,4.252007604922811,5.849065324280302,-4.252007604922811,-5.849065324280302,0,0,1171.4403616403183,958.8026779522847,1166.5143307277463,964.2856450342362,12,12,12,0.9949218587511942,0.10051238076241993,3.7318689480512592,-0.05211064049389074,0.9996854619627665,88.52235081656552,-2.4795478409039193e-05,7.084530142299323e-06,1.0,1.0,0.0,343.7479923950772,0.0,1.0,71.1509346757197,0.0,0.0,1.0,10.510738613416704,8.895336179133615,0.000000,35.000000,0,0
frame_0406.jpg,frame_0406,406,D:\visualization2026\visualization\left_downsample2_Q45\frame_0406.jpg,D:\visualization2026\visualization\right_downsample2_Q45\frame_0406.jpg,D:\visualization2026\dowsample2_Q45\stitched_frames\frame_0406.jpg,D:\visualization2026\dowsample2_Q45_hess_matched\stitched_frames\frame_0406.jpg,1948,1277,0.5402858881206347,0.5929063308743387,10.614619599,9.69314928552,4.503743983840877,-4.648494849709209,6.110875615161563,14.341644135225444,3.862030050405955,13.576706952277867,14.115319613039897,0,1,15.58927699687906,2.3753810784749336,raw,1.9310150252029774,6.7883534761389335,-1.9310150252029774,-6.7883534761389335,0,0,1176.195443342456,958.53258740946,1171.691699358615,963.1810822591692,12,12,12,0.9949794088725922,0.10049593762052884,1.4108763683314254,-0.05213393059298002,0.9996921163779907,89.46163896842415,-2.4795478409039193e-05,7.084530142299323e-06,1.0,1.0,0.0,346.06898497479705,0.0,1.0,70.21164652386106,0.0,0.0,1.0,10.61461959900244,9.693149285516235,0.000000,35.000000,0,0
frame_0408.jpg,frame_0408,408,D:\visualization2026\visualization\left_downsample2_Q45\frame_0408.jpg,D:\visualization2026\visualization\right_downsample2_Q45\frame_0408.jpg,D:\visualization2026\dowsample2_Q45\stitched_frames\frame_0408.jpg,D:\visualization2026\dowsample2_Q45_hess_matched\stitched_frames\frame_0408.jpg,1948,1277,0.5859251859658885,0.6353810822589558,11.3562714856,10.3150341889,6.805872400225098,-4.434217886473448,4.550399085330918,14.749252075367853,2.2059147151143756,14.404902096603172,14.572826223594399,0,1,15.435237886683943,2.369637919612382,raw,1.1029573575571878,7.202451048301586,-1.1029573575571878,-7.202451048301586,0,0,1183.6859647328722,958.3511087090722,1176.880092332647,962.7853265955456,12,12,12,0.9949999409586118,0.10049007122102285,0.5828187006856358,-0.052144198340389816,0.9996950500647226,89.8757365405868,-2.4795478409039193e-05,7.084530142299323e-06,1.0,1.0,0.0,346.8970426424428,0.0,1.0,69.79754895169842,0.0,0.0,1.0,11.356271485556016,10.315034188894405,0.000000,35.000000,0,0
frame_0410.jpg,frame_0410,410,D:\visualization2026\visualization\left_downsample2_Q45\frame_0410.jpg,D:\visualization2026\visualization\right_downsample2_Q45\frame_0410.jpg,D:\visualization2026\dowsample2_Q45\stitched_frames\frame_0410.jpg,D:\visualization2026\dowsample2_Q45_hess_matched\stitched_frames\frame_0410.jpg,1954,1290,0.6886919025523,0.6927924185317664,12.2475941143,10.7260319142,15.751284939178731,-2.77353180829175,-3.503690824860687,13.49956372252073,-5.550659867969382,14.230964391243525,15.275148852784612,0,1,13.94683010919007,2.1737132289364856,raw,-2.775329933984691,7.115482195621762,2.775329933984691,-7.115482195621762,0,0,1196.4485620347473,970.049153129716,1180.6972770955686,972.8226849380078,12,12,12,0.9877816619848695,0.10088906742378712,-2.913553586388358,-0.05967636806924761,0.9985533550149638,101.89511833054935,-2.9008243553426597e-05,1.8227753005575477e-06,1.0,1.0,0.0,356.77532993398466,0.0,1.0,77.88451780437823,0.0,0.0,1.0,12.247594114318044,10.72603191422898,0.000000,35.000000,0,0
frame_0412.jpg,frame_0412,412,D:\visualization2026\visualization\left_downsample2_Q45\frame_0412.jpg,D:\visualization2026\visualization\right_downsample2_Q45\frame_0412.jpg,D:\visualization2026\dowsample2_Q45\stitched_frames\frame_0412.jpg,D:\visualization2026\dowsample2_Q45_hess_matched\stitched_frames\frame_0412.jpg,1954,1290,0.7576086029511631,0.7028264340409187,12.2655128212,10.2649880651,13.978230822072646,-4.790759223719533,-1.712718000904557,15.055747288816793,-12.345012202221387,13.898641757840418,18.589555373536513,0,1,15.152852186150854,10.695072379052496,raw,-6.172506101110693,6.949320878920209,6.172506101110693,-6.949320878920209,0,0,1197.5722494256286,970.3128555178322,1183.594018603556,975.1036147415517,12,12,12,0.9878802080985194,0.10088287513497804,-6.3107297535143605,-0.05967154802130357,0.9985530521402198,101.72895701384779,-2.9008243553426597e-05,1.8227753005575477e-06,1.0,1.0,0.0,360.1725061011107,0.0,1.0,78.0506791210798,0.0,0.0,1.0,12.26551282116809,10.26498806509726,0.000000,35.000000,0,0
frame_0414.jpg,frame_0414,414,D:\visualization2026\visualization\left_downsample2_Q45\frame_0414.jpg,D:\visualization2026\visualization\right_downsample2_Q45\frame_0414.jpg,D:\visualization2026\dowsample2_Q45\stitched_frames\frame_0414.jpg,D:\visualization2026\dowsample2_Q45_hess_matched\stitched_frames\frame_0414.jpg,1912,1298,0.8677774041781294,0.6760915868961241,11.4229118866,8.42103951962,44.62107710113014,-5.087575214663502,-33.198165214574146,13.508614734286791,-19.44563166100263,13.689849639461093,23.781181086027686,0,1,35.8413287372769,13.753727684993768,raw,-9.722815830501315,6.844924819730546,9.722815830501315,-6.844924819730546,0,0,1185.2481247201777,980.9965517694634,1140.6270476190475,986.0841269841269,12,12,12,0.9558703259385776,0.09744951766790583,-9.905730053428567,-0.06762611259971556,0.9851629491943916,114.49011531313593,-4.842486393961896e-05,4.175822228389801e-06,1.0,1.0,0.0,321.7228158305013,0.0,1.0,91.15507518026945,0.0,0.0,1.0,11.42291188655599,8.421039519623289,0.000000,35.000000,0,0
frame_0416.jpg,frame_0416,416,D:\visualization2026\visualization\left_downsample2_Q45\frame_0416.jpg,D:\visualization2026\visualization\right_downsample2_Q45\frame_0416.jpg,D:\visualization2026\dowsample2_Q45\stitched_frames\frame_0416.jpg,D:\visualization2026\dowsample2_Q45_hess_matched\stitched_frames\frame_0416.jpg,1927,1292,0.9955499104966306,0.6468092345278222,10.4807960791,6.32707372669,38.341682135176825,-6.352957241522404,-27.860886056098455,12.680030968209914,-24.713146164979086,12.734774691510099,27.801332338849278,0,1,30.610654308355837,3.148215891165175,raw,-12.356573082489543,6.367387345755049,12.356573082489543,-6.367387345755049,0,0,1205.7525464248913,973.172710109607,1167.4108642897145,979.5256673511294,12,12,12,0.9881443059622576,0.09965277112827937,-12.38067998525997,-0.05992924602693884,1.0021692557141595,102.19496010336611,-3.031307285463288e-05,4.0841312847171065e-06,1.0,1.0,0.0,339.35657308248955,0.0,1.0,85.63261265424495,0.0,0.0,1.0,10.48079607907837,6.327073726687511,0.000000,35.000000,0,0
frame_0418.jpg,frame_0418,418,D:\visualization2026\visualization\left_downsample2_Q45\frame_0418.jpg,D:\visualization2026\visualization\right_downsample2_Q45\frame_0418.jpg,D:\visualization2026\dowsample2_Q45\stitched_frames\frame_0418.jpg,D:\visualization2026\dowsample2_Q45_hess_matched\stitched_frames\frame_0418.jpg,1929,1292,1.0639590662450402,0.6362940580379721,10.0815401407,5.33956482115,41.03423834927548,-8.365726662321663,-30.952698208575292,13.705291483471232,-31.280072079886086,11.635707062719007,33.37413052309046,0,1,33.85121181048101,2.095316998985437,raw,-15.640036039943043,5.8178535313595034,15.640036039943043,-5.8178535313595034,0,0,1211.3897857002078,971.7385130767713,1170.3555473509323,980.1042397390929,12,12,12,0.9911484926368705,0.10213476085520169,-15.29227430754891,-0.05969033697034594,1.0058173652267213,100.88346274208534,-2.9329829306380044e-05,7.162857685306253e-06,1.0,1.0,0.0,344.640036039943,0.0,1.0,86.1821464686405,0.0,0.0,1.0,10.08154014070019,5.339564821149569,0.000000,35.000000,0,0
frame_0420.jpg,frame_0420,420,D:\visualization2026\visualization\left_downsample2_Q45\frame_0420.jpg,D:\visualization2026\visualization\right_downsample2_Q45\frame_0420.jpg,D:\visualization2026\dowsample2_Q45\stitched_frames\frame_0420.jpg,D:\visualization2026\dowsample2_Q45_hess_matched\stitched_frames\frame_0420.jpg,1914,1297,1.0614749361048208,0.59676262362537,9.28308113131,4.34254695563,39.124344476049146,-4.381642027133466,-29.841263344742973,8.72418898276576,-28.594309142393275,12.10253098123379,31.050052680832597,0,1,31.09039194698761,3.6011233582551063,raw,-14.297154571196637,6.051265490616895,14.297154571196637,-6.051265490616895,0,0,1203.4080686313694,978.7173872214796,1164.2837241553202,983.0990292486131,12,12,12,0.9601241393246935,0.09810040656677252,-14.328296800134519,-0.06645109968724776,0.9871499568582043,112.04142565695086,-4.616225138319225e-05,4.333256426228535e-06,1.0,1.0,0.0,328.29715457119664,0.0,1.0,90.9487345093831,0.0,0.0,1.0,9.283081131306172,4.342546955632293,0.000000,35.000000,0,0
frame_0422.jpg,frame_0422,422,D:\visualization2026\visualization\left_downsample2_Q45\frame_0422.jpg,D:\visualization2026\visualization\right_downsample2_Q45\frame_0422.jpg,D:\visualization2026\dowsample2_Q45\stitched_frames\frame_0422.jpg,D:\visualization2026\dowsample2_Q45_hess_matched\stitched_frames\frame_0422.jpg,1930,1296,1.031373068878617,0.5419165860105437,8.24741303838,3.2380329378,42.79476061381661,-6.322376207056777,-34.547347575439545,9.560409144861328,-26.086807601818016,12.881413569897575,29.09385410035961,0,1,35.845789815756284,9.088993730680977,raw,-13.043403800909008,6.440706784948787,13.043403800909008,-6.440706784948787,0,0,1223.7503956539772,969.9333968853126,1180.9556350401606,976.2557730923694,12,12,12,0.9955650309451847,0.09706993584337881,-12.749896688574328,-0.05898510136898914,1.0034877165730287,100.33542006383641,-2.5659114923311366e-05,1.6045416008119054e-06,1.0,1.0,0.0,343.043403800909,0.0,1.0,83.55929321505121,0.0,0.0,1.0,8.247413038377061,3.2380329378045505,0.000000,35.000000,0,0
frame_0424.jpg,frame_0424,424,D:\visualization2026\visualization\left_downsample2_Q45\frame_0424.jpg,D:\visualization2026\visualization\right_downsample2_Q45\frame_0424.jpg,D:\visualization2026\dowsample2_Q45\stitched_frames\frame_0424.jpg,D:\visualization2026\dowsample2_Q45_hess_matched\stitched_frames\frame_0424.jpg,1947,1297,1.0120255801027485,0.5199204563384505,7.85173875023,2.87114489995,27.621089277341298,-12.971589426910896,-19.7693505271101,15.842734326860707,-24.129702347044233,14.155296745119966,27.975256232952646,0,1,25.334155822036756,4.675480038014702,raw,-12.064851173522117,7.077648372559983,12.064851173522117,-7.077648372559983,0,0,1235.9248527182015,967.1845313340485,1208.3037634408602,980.1561207609594,12,12,12,0.9959818066736302,0.1074992778850696,-12.2924479607169,-0.06159574821053658,1.0089540485161976,105.41764243730259,-2.779608874160572e-05,7.873056880932994e-06,1.0,1.0,0.0,359.06485117352213,0.0,1.0,87.92235162744002,0.0,0.0,1.0,7.851738750231199,2.8711448999498113,0.000000,35.000000,0,0
frame_0426.jpg,frame_0426,426,D:\visualization2026\visualization\left_downsample2_Q45\frame_0426.jpg,D:\visualization2026\visualization\right_downsample2_Q45\frame_0426.jpg,D:\visualization2026\dowsample2_Q45\stitched_frames\frame_0426.jpg,D:\visualization2026\dowsample2_Q45_hess_matched\stitched_frames\frame_0426.jpg,1937,1298,1.0147244966764069,0.5243150408784238,7.93394609422,2.95664388739,23.25732444744267,-13.61780002414173,-15.323378353222171,16.57444391152884,-20.556060972144454,16.54807540772253,26.38921071934876,0,1,22.572507949548122,5.232749056505991,raw,-10.278030486072227,8.274037703861264,10.278030486072227,-8.274037703861264,0,0,1225.1379326697067,970.4214966406477,1201.880608222264,984.0392966647894,12,12,12,0.9757121302613136,0.0987895563717145,-10.487421889348697,-0.06637115950958022,0.9926186904368607,114.38230905282899,-3.828890327981003e-05,-6.073840044435647e-08,1.0,1.0,0.0,347.2780304860722,0.0,1.0,89.72596229613873,0.0,0.0,1.0,7.933946094220499,2.9566438873871084,0.000000,35.000000,0,0
frame_0428.jpg,frame_0428,428,D:\visualization2026\visualization\left_downsample2_Q45\frame_0428.jpg,D:\visualization2026\visualization\right_downsample2_Q45\frame_0428.jpg,D:\visualization2026\dowsample2_Q45\stitched_frames\frame_0428.jpg,D:\visualization2026\dowsample2_Q45_hess_matched\stitched_frames\frame_0428.jpg,1934,1299,1.0247117455596522,0.5403112080688537,8.23273685168,3.26615047716,29.39990878638514,-16.808556882427638,-21.167171934706378,20.074707359583183,-13.58588983721466,19.33800110886878,23.633338519040066,0,1,29.172642034727065,7.61699247351539,raw,-6.79294491860733,9.66900055443439,6.79294491860733,-9.66900055443439,0,0,1214.1371953991436,967.3001583017592,1184.7372866127585,984.1087151841868,12,12,12,0.9688039966818882,0.1011264970796444,-6.75272495775985,-0.06836063621916678,0.994475860478479,117.91092850613889,-4.337258279926889e-05,1.0895061604624503e-05,1.0,1.0,0.0,340.7929449186073,0.0,1.0,89.33099944556561,0.0,0.0,1.0,8.232736851678762,3.2661504771555463,0.000000,35.000000,0,0
frame_0430.jpg,frame_0430,430,D:\visualization2026\visualization\left_downsample2_Q45\frame_0430.jpg,D:\visualization2026\visualization\right_downsample2_Q45\frame_0430.jpg,D:\visualization2026\dowsample2_Q45\stitched_frames\frame_0430.jpg,D:\visualization2026\dowsample2_Q45_hess_matched\stitched_frames\frame_0430.jpg,1934,1299,1.0283254709773928,0.5720525588973722,8.86947059443,4.04976339127,20.842527064676915,-16.638318904503876,-11.973056470244078,20.688082295778578,-9.67219234919973,21.292575481895284,23.386429301886295,0,1,23.902946059357635,2.378946766022878,raw,-4.836096174599865,10.646287740947642,4.836096174599865,-10.646287740947642,0,0,1214.8798691843913,965.7245998214707,1194.0373421197144,982.3629187259746,12,12,12,0.9687191230977131,0.1011478170672613,-4.7958762137523845,-0.06840302368858249,0.9944865080825814,118.88821569265214,-4.337258279926889e-05,1.0895061604624503e-05,1.0,1.0,0.0,338.83609617459985,0.0,1.0,88.35371225905236,0.0,0.0,1.0,8.869470594432837,4.049763391274701,0.000000,35.000000,0,0
frame_0432.jpg,frame_0432,432,D:\visualization2026\visualization\left_downsample2_Q45\frame_0432.jpg,D:\visualization2026\visualization\right_downsample2_Q45\frame_0432.jpg,D:\visualization2026\dowsample2_Q45\stitched_frames\frame_0432.jpg,D:\visualization2026\dowsample2_Q45_hess_matched\stitched_frames\frame_0432.jpg,1934,1299,0.9112129362464394,0.6016436931341218,9.7890350065,6.04024194945,9.485526907289568,-17.469795701145927,0.3035080992094219,23.510037650592587,-8.802572409025407,22.64870554311691,24.299159322802712,0,1,23.511996671881498,9.146725929086472,raw,-4.4012862045127035,11.324352771558456,4.4012862045127035,-11.324352771558456,0,0,1208.9247269072896,964.6971376321873,1199.4392,982.1669333333332,12,12,12,0.9687002642662836,0.1011525543486717,-4.361066243665223,-0.06843243312026595,0.994493895642862,119.56628072326295,-4.337258279926889e-05,1.0895061604624503e-05,1.0,1.0,0.0,338.4012862045127,0.0,1.0,87.67564722844155,0.0,0.0,1.0,9.78903500649899,6.040241949446662,0.000000,35.000000,0,0
frame_0434.jpg,frame_0434,434,D:\visualization2026\visualization\left_downsample2_Q45\frame_0434.jpg,D:\visualization2026\visualization\right_downsample2_Q45\frame_0434.jpg,D:\visualization2026\dowsample2_Q45\stitched_frames\frame_0434.jpg,D:\visualization2026\dowsample2_Q45_hess_matched\stitched_frames\frame_0434.jpg,1934,1299,0.7436604651087153,0.6154741950778408,10.5240513328,8.15034782476,10.724914419841298,-17.46525836722958,-0.20086308703544908,25.615606191993237,-8.023891108345106,20.857055663052023,22.347250377848056,0,1,25.616393707214442,9.156613487457182,raw,-4.011945554172553,10.428527831526011,4.011945554172553,-10.428527831526011,0,0,1215.833661934752,964.4481279813456,1205.1087475149106,981.9133863485752,12,12,12,0.9686833775566897,0.10115679623904233,-3.971725593325073,-0.06839357887888074,0.9944841355749533,118.67045578323051,-4.337258279926889e-05,1.0895061604624503e-05,1.0,1.0,0.0,338.01194555417254,0.0,1.0,88.57147216847399,0.0,0.0,1.0,10.524051332805849,8.150347824763655,0.000000,35.000000,0,0
frame_0436.jpg,frame_0436,436,D:\visualization2026\visualization\left_downsample2_Q45\frame_0436.jpg,D:\visualization2026\visualization\right_downsample2_Q45\frame_0436.jpg,D:\visualization2026\dowsample2_Q45\stitched_frames\frame_0436.jpg,D:\visualization2026\dowsample2_Q45_hess_matched\stitched_frames\frame_0436.jpg,1954,1302,0.7223567273612224,0.6140305551798058,10.5522846852,8.33577559413,21.527563337507218,-15.019318623502272,-10.975278652350552,23.35509421763696,-14.923612125160544,17.91583102498307,23.31718679811063,0,1,25.80537090241954,6.721229150346773,raw,-7.461806062580272,8.957915512491535,7.461806062580272,-8.957915512491535,0,0,1245.521842898716,964.4644958996822,1223.9942795612087,979.4838145231845,12,12,12,0.9950930028879682,0.11274792530899355,-7.181141645834791,-0.06753785555110942,1.0062446390153958,116.02997454208626,-3.1842703046495245e-05,8.13569667648736e-06,1.0,1.0,0.0,361.46180606258025,0.0,1.0,88.04208448750846,0.0,0.0,1.0,10.552284685156666,8.33577559413469,0.000000,35.000000,0,0
frame_0438.jpg,frame_0438,438,D:\visualization2026\visualization\left_downsample2_Q45\frame_0438.jpg,D:\visualization2026\visualization\right_downsample2_Q45\frame_0438.jpg,D:\visualization2026\dowsample2_Q45\stitched_frames\frame_0438.jpg,D:\visualization2026\dowsample2_Q45_hess_matched\stitched_frames\frame_0438.jpg,1953,1320,1.0814722697817434,0.5636064556538898,8.55365023479,3.27540592953,25.827415666094907,-7.841052029731145,-17.273765431304867,11.116457959258733,-14.003650002481463,16.468916209251034,21.61775692571573,0,1,20.54163113620021,6.272357151481372,fused,-7.001825001240731,8.234458104625517,7.001825001240731,-8.234458104625517,7,6,600.62893081761,1116.0377358490566,574.8015151515151,1123.8787878787878,12,12,12,0.99627800908338,0.11673339734602259,-7.109680406564634,-0.06780241785121124,1.0026059014502706,116.368433345152,-2.6356471875889467e-05,-5.7017732196142434e-06,1.0,1.0,0.0,360.0018250012407,0.0,1.0,87.76554189537448,0.0,0.0,1.0,8.553650234790043,3.2754059295275884,0.000000,35.000000,0,0
frame_0440.jpg,frame_0440,440,D:\visualization2026\visualization\left_downsample2_Q45\frame_0440.jpg,D:\visualization2026\visualization\right_downsample2_Q45\frame_0440.jpg,D:\visualization2026\dowsample2_Q45\stitched_frames\frame_0440.jpg,D:\visualization2026\dowsample2_Q45_hess_matched\stitched_frames\frame_0440.jpg,1918,1308,1.6339395758138577,0.47919965751143323,5.33973735775,-4.68636804254,51.81139891207317,-10.668327147971695,-46.47166155432127,5.981959105433836,-17.69392071085148,11.169890325750636,20.92465722565597,0,1,46.85508683545966,29.24163125409811,raw,-8.84696035542574,5.584945162875318,8.84696035542574,-5.584945162875318,0,0,1251.1686251393303,975.1335266110397,1199.3572262272571,985.8018537590114,12,12,12,0.9715592115012077,0.10896825873850524,-8.546481252113455,-0.07722640990023877,0.9940378817431498,128.89757578510054,-4.502691908535642e-05,5.402997797666716e-06,1.0,1.0,0.0,326.8469603554257,0.0,1.0,98.41505483712469,0.0,0.0,1.0,5.339737357751901,-4.686368042537859,0.000000,35.000000,0,0
frame_0442.jpg,frame_0442,442,D:\visualization2026\visualization\left_downsample2_Q45\frame_0442.jpg,D:\visualization2026\visualization\right_downsample2_Q45\frame_0442.jpg,D:\visualization2026\dowsample2_Q45\stitched_frames\frame_0442.jpg,D:\visualization2026\dowsample2_Q45_hess_matched\stitched_frames\frame_0442.jpg,1916,1308,1.970142508840281,0.42605722807813606,3.34772608084,-9.57747144981,-1.5555926317634885,-25.852935021746134,4.903318712604831,16.2754635719324,-18.771957567520822,6.449141594745472,19.8488744825967,0,1,16.998036618347403,25.63348026584816,fused,-9.385978783760411,3.224570797372736,9.385978783760411,-3.224570797372736,3,5,578.9213085764809,1091.4562334217508,580.4769012082444,1117.309168443497,12,12,12,0.9695743091731999,0.1051777352806989,-9.236347659882401,-0.07601123926526109,0.9900637847704327,124.42863065188773,-4.473655512349498e-05,1.1026336509065e-06,1.0,1.0,0.0,325.38597878376044,0.0,1.0,98.77542920262727,0.0,0.0,1.0,3.3477260808413423,-9.577471449813736,0.000000,35.000000,0,0
frame_0444.jpg,frame_0444,444,D:\visualization2026\visualization\left_downsample2_Q45\frame_0444.jpg,D:\visualization2026\visualization\right_downsample2_Q45\frame_0444.jpg,D:\visualization2026\dowsample2_Q45\stitched_frames\frame_0444.jpg,D:\visualization2026\dowsample2_Q45_hess_matched\stitched_frames\frame_0444.jpg,1925,1312,1.9177233844114516,0.4162685081410409,3.29016916887,-9.28260516895,21.942385797751285,-8.403081943443794,-18.65221662888553,-0.8795232255087573,-20.11728902361231,4.804192684223918,20.682978146454225,0,1,18.672941553892446,5.869502846437576,raw,-10.058644511806156,2.402096342111959,10.058644511806156,-2.402096342111959,0,0,1232.7388713994083,978.825688017136,1210.796485601657,987.2287699605798,12,12,12,0.9630031485419174,0.10495306083585229,-10.262303491870616,-0.08065133478566427,0.9836789680877176,131.5840791117475,-4.887840781036293e-05,-1.8259894065506924e-06,1.0,1.0,0.0,335.05864451180616,0.0,1.0,103.59790365788804,0.0,0.0,1.0,3.2901691688657566,-9.282605168952552,0.000000,35.000000,0,0
frame_0446.jpg,frame_0446,446,D:\visualization2026\visualization\left_downsample2_Q45\frame_0446.jpg,D:\visualization2026\visualization\right_downsample2_Q45\frame_0446.jpg,D:\visualization2026\dowsample2_Q45\stitched_frames\frame_0446.jpg,D:\visualization2026\dowsample2_Q45_hess_matched\stitched_frames\frame_0446.jpg,1928,1314,1.7174552988588383,0.41359882829086914,3.77762081274,-7.25736424309,20.14308374844086,-7.008714805698219,-16.365462935697273,-0.24864943738885348,-17.393720546626064,4.863431641700914,18.060854957272078,0,1,16.36735176020834,5.214468973310761,raw,-8.696860273313032,2.431715820850457,8.696860273313032,-2.431715820850457,0,0,1240.8348068948776,975.669521656272,1220.6917231464367,982.6782364619702,12,12,12,0.967776079105161,0.10763235125012402,-9.19686493182419,-0.08081047854755387,0.986034452197355,131.0800960822564,-4.5913999481245006e-05,-1.0484409464357738e-06,1.0,1.0,0.0,336.696860273313,0.0,1.0,99.56828417914954,0.0,0.0,1.0,3.7776208127435846,-7.257364243087072,0.000000,35.000000,0,0
frame_0448.jpg,frame_0448,448,D:\visualization2026\visualization\left_downsample2_Q45\frame_0448.jpg,D:\visualization2026\visualization\right_downsample2_Q45\frame_0448.jpg,D:\visualization2026\dowsample2_Q45\stitched_frames\frame_0448.jpg,D:\visualization2026\dowsample2_Q45_hess_matched\stitched_frames\frame_0448.jpg,1928,1314,1.5455005245626747,0.4207118429614738,4.38772523536,-5.27505615452,28.38814794711834,-8.166769561169986,-24.000422711762308,2.8917134066509673,-21.42790549549874,1.1797727915818723,21.46035875198227,0,1,24.17400042958304,3.0900785584666948,raw,-10.71395274774937,0.5898863957909362,10.71395274774937,-0.5898863957909362,0,0,1246.0259252780384,975.7903991498696,1217.63777733092,983.9571687110396,12,12,12,0.9678686918879859,0.10763446605246697,-11.21395740626053,-0.08072591279228715,0.9860363832467406,129.23826665719687,-4.5913999481245006e-05,-1.0484409464357738e-06,1.0,1.0,0.0,338.7139527477494,0.0,1.0,101.41011360420906,0.0,0.0,1.0,4.387725235356032,-5.275056154519018,0.000000,35.000000,0,0
frame_0450.jpg,frame_0450,450,D:\visualization2026\visualization\left_downsample2_Q45\frame_0450.jpg,D:\visualization2026\visualization\right_downsample2_Q45\frame_0450.jpg,D:\visualization2026\dowsample2_Q45\stitched_frames\frame_0450.jpg,D:\visualization2026\dowsample2_Q45_hess_matched\stitched_frames\frame_0450.jpg,1928,1314,1.4588650863492063,0.4266025702929106,4.74210141787,-4.21661543108,37.59592058726503,-10.49476932389723,-32.85381916939004,6.278153892818812,-23.6735931139983,0.05666880050988454,23.673660939535715,0,1,33.448298167722925,11.089789320898554,raw,-11.83679655699915,0.02833440025494227,11.83679655699915,-0.02833440025494227,0,0,1250.776102660094,974.9468973427694,1213.180182072829,985.4416666666666,12,12,12,0.9679202461380613,0.10763564328789305,-12.33680121551031,-0.08070012969425541,0.9860369720008462,128.6767146616609,-4.5913999481245006e-05,-1.0484409464357738e-06,1.0,1.0,0.0,339.83679655699916,0.0,1.0,101.97166559974505,0.0,0.0,1.0,4.742101417874986,-4.216615431078418,0.000000,35.000000,0,0
frame_0452.jpg,frame_0452,452,D:\visualization2026\visualization\left_downsample2_Q45\frame_0452.jpg,D:\visualization2026\visualization\right_downsample2_Q45\frame_0452.jpg,D:\visualization2026\dowsample2_Q45\stitched_frames\frame_0452.jpg,D:\visualization2026\dowsample2_Q45_hess_matched\stitched_frames\frame_0452.jpg,1947,1327,1.3797630738034128,0.4212477496586473,4.84704547364,-3.52796910403,20.114651505399024,-1.385138425371224,-15.267606031758561,-2.1428306786628077,-26.97606230821704,-1.1286924577404682,26.999664522378204,0,1,15.417247395641315,11.752294444442558,raw,-13.48803115410852,-0.5643462288702341,13.48803115410852,0.5643462288702341,0,0,1262.5717999658816,975.5398795520099,1242.4571484604826,976.9250179773811,12,12,12,0.9778049933770316,0.10912449351844486,-13.998433072390704,-0.08346728486747972,0.9867043928632404,132.92272266193947,-4.110291724839158e-05,-5.799252417416282e-06,1.0,1.0,0.0,360.4880311541085,0.0,1.0,94.56434622887024,0.0,0.0,1.0,4.8470454736404625,-3.5279691040340317,0.000000,35.000000,0,0
frame_0454.jpg,frame_0454,454,D:\visualization2026\visualization\left_downsample2_Q45\frame_0454.jpg,D:\visualization2026\visualization\right_downsample2_Q45\frame_0454.jpg,D:\visualization2026\dowsample2_Q45\stitched_frames\frame_0454.jpg,D:\visualization2026\dowsample2_Q45_hess_matched\stitched_frames\frame_0454.jpg,1943,1323,1.355315758617687,0.42031616704807107,4.89421344535,-3.29641596701,34.774868166731494,3.1986272138542517,-29.880654721383312,-6.495043180868695,-29.166482400326533,-2.219329604006806,29.25079690367048,0,1,30.578409253914366,4.334947369406544,raw,-14.583241200163267,-1.109664802003403,14.583241200163267,1.109664802003403,0,0,1277.793905675578,978.1731495068478,1243.0190375088464,974.9745222929936,12,12,12,0.9738939322892296,0.1199097000127963,-14.371681684037904,-0.08368168988225985,0.9908162077594239,133.07413275988074,-4.4707169143059555e-05,5.114614041981132e-08,1.0,1.0,0.0,357.5832412001633,0.0,1.0,93.10966480200341,0.0,0.0,1.0,4.894213445348183,-3.2964159670144437,0.000000,35.000000,0,0
frame_0456.jpg,frame_0456,456,D:\visualization2026\visualization\left_downsample2_Q45\frame_0456.jpg,D:\visualization2026\visualization\right_downsample2_Q45\frame_0456.jpg,D:\visualization2026\dowsample2_Q45\stitched_frames\frame_0456.jpg,D:\visualization2026\dowsample2_Q45_hess_matched\stitched_frames\frame_0456.jpg,1935,1323,1.3753244778729634,0.43294432087730783,5.09729098073,-3.178867656,37.975099887519946,2.996588072637678,-32.87780890679095,-6.175455728640617,-28.575649607949902,-3.5716950976115664,28.79799917332157,0,1,33.45275133629314,5.028731853688494,raw,-14.287824803974951,-1.7858475488057832,14.287824803974951,1.7858475488057832,0,0,1271.5628683282296,975.3388583140675,1233.5877684407096,972.3422702414298,12,12,12,0.9716697344790517,0.10525258632999318,-13.884944871280988,-0.08321484582672577,0.9811760056511857,131.85093978307876,-4.419061266599098e-05,-7.847083784147727e-06,1.0,1.0,0.0,349.28782480397496,0.0,1.0,88.78584754880578,0.0,0.0,1.0,5.097290980728993,-3.1788676560029385,0.000000,35.000000,0,0
frame_0458.jpg,frame_0458,458,D:\visualization2026\visualization\left_downsample2_Q45\frame_0458.jpg,D:\visualization2026\visualization\right_downsample2_Q45\frame_0458.jpg,D:\visualization2026\dowsample2_Q45\stitched_frames\frame_0458.jpg,D:\visualization2026\dowsample2_Q45_hess_matched\stitched_frames\frame_0458.jpg,1937,1321,1.3786888290312138,0.45132615406865995,5.462591537,-2.73836498165,40.41511470931391,-0.1768926569678797,-34.952523172309796,-2.561472324680722,-31.815698262204556,-2.6605710826880724,31.926748885498537,0,1,35.0462553860032,3.138389886629028,raw,-15.907849131102278,-1.3302855413440362,15.907849131102278,1.3302855413440362,0,0,1276.612175359283,972.6940795365047,1236.197060649969,972.8709721934725,12,12,12,0.9753098810916541,0.10797982298530238,-15.841949278454745,-0.08429156333840601,0.983040063038392,133.64149083277044,-4.348454763827057e-05,-4.245621291888976e-06,1.0,1.0,0.0,352.9078491311023,0.0,1.0,88.33028554134404,0.0,0.0,1.0,5.462591537004113,-2.7383649816486018,0.000000,35.000000,0,0
frame_0460.jpg,frame_0460,460,D:\visualization2026\visualization\left_downsample2_Q45\frame_0460.jpg,D:\visualization2026\visualization\right_downsample2_Q45\frame_0460.jpg,D:\visualization2026\dowsample2_Q45\stitched_frames\frame_0460.jpg,D:\visualization2026\dowsample2_Q45_hess_matched\stitched_frames\frame_0460.jpg,1937,1327,1.4145903152745074,0.4719588272327293,5.78570776206,-2.57987589338,35.685362969565745,-2.096202318178939,-29.89965520750689,-0.4836735752049881,-36.78793416607897,-2.582488746243681,36.878467272003526,0,1,29.90356703898626,7.200931337909633,fused,-18.393967083039485,-1.2912443731218406,18.393967083039485,1.2912443731218406,7,5,175.51918465227817,1140.904076738609,139.83382168271243,1143.000279056788,12,12,12,0.9768338481402594,0.10974981776388797,-18.8779563327183,-0.0818306262461333,0.987677777793385,129.27217848991535,-4.13401639873853e-05,-7.065359424203126e-06,1.0,1.0,0.0,355.39396708303946,0.0,1.0,88.29124437312184,0.0,0.0,1.0,5.785707762058854,-2.579875893383927,0.000000,35.000000,0,0
frame_0462.jpg,frame_0462,462,D:\visualization2026\visualization\left_downsample2_Q45\frame_0462.jpg,D:\visualization2026\visualization\right_downsample2_Q45\frame_0462.jpg,D:\visualization2026\dowsample2_Q45\stitched_frames\frame_0462.jpg,D:\visualization2026\dowsample2_Q45_hess_matched\stitched_frames\frame_0462.jpg,1920,1316,1.5388887122691397,0.48232249747927725,5.66050500175,-3.61154951473,37.12835430478509,-6.02433891068722,-31.467849303031826,2.412789395954662,-32.435228334368965,-0.5349264433542369,32.439639076328376,0,1,31.56021375763402,3.102394375250083,fused,-16.217614167184482,-0.26746322167711845,16.217614167184482,0.26746322167711845,2,3,169.32133676092545,1171.9288774635818,132.19298245614036,1177.953216374269,12,12,12,0.9645676418288252,0.11502094351681985,-15.804128669624905,-0.08473229765095701,0.9761529014266264,135.37797395956702,-4.946446854168143e-05,-5.369818564289803e-06,1.0,1.0,0.0,336.2176141671845,0.0,1.0,88.26746322167712,0.0,0.0,1.0,5.6605050017532665,-3.611549514732558,0.000000,35.000000,0,0
frame_0464.jpg,frame_0464,464,D:\visualization2026\visualization\left_downsample2_Q45\frame_0464.jpg,D:\visualization2026\visualization\right_downsample2_Q45\frame_0464.jpg,D:\visualization2026\dowsample2_Q45\stitched_frames\frame_0464.jpg,D:\visualization2026\dowsample2_Q45_hess_matched\stitched_frames\frame_0464.jpg,1910,1313,1.7286986097180872,0.4709570496807167,4.91547936461,-5.89062427313,59.65731360536097,0.2140072255162977,-54.74183424075535,-6.104631498646739,-32.02372932516309,-3.8365262149051924,32.252723501883764,0,1,55.08116685198858,22.831044490648992,raw,-16.011864662581544,-1.9182631074525962,16.011864662581544,1.9182631074525962,0,0,1283.9659040974377,977.5189140923497,1224.3085904920767,977.3049068668334,12,12,12,0.9592370734389976,0.10668042148599785,-16.341069543025057,-0.0874045913015017,0.9789942230782769,138.02706210804436,-5.504017415450236e-05,1.2374312800048897e-06,1.0,1.0,0.0,326.01186466258156,0.0,1.0,93.9182631074526,0.0,0.0,1.0,4.91547936460562,-5.890624273130442,0.000000,35.000000,0,0
frame_0466.jpg,frame_0466,466,D:\visualization2026\visualization\left_downsample2_Q45\frame_0466.jpg,D:\visualization2026\visualization\right_downsample2_Q45\frame_0466.jpg,D:\visualization2026\dowsample2_Q45\stitched_frames\frame_0466.jpg,D:\visualization2026\dowsample2_Q45_hess_matched\stitched_frames\frame_0466.jpg,1914,1335,1.8730380404416493,0.4610889175192163,4.32397213146,-7.65543870041,15.438251879699237,-11.717794486215325,-11.114279748240968,4.062355785806604,-30.850436779338718,-5.120407535107354,31.272480279017834,0,1,11.833425068535131,21.767844095455846,fused,-15.425218389669359,-2.560203767553677,15.425218389669359,2.560203767553677,4,6,682.6136904761904,1309.6857142857143,667.1754385964912,1321.4035087719296,12,12,12,0.9575340135384214,0.08294726443477193,-15.635172087908662,-0.08884549081701701,0.9772074746707478,140.07585784680415,-5.383917516310843e-05,-1.2466361557828851e-05,1.0,1.0,0.0,329.42521838966934,0.0,1.0,90.56020376755367,0.0,0.0,1.0,4.323972131458269,-7.655438700408721,0.000000,35.000000,0,0
frame_0468.jpg,frame_0468,468,D:\visualization2026\visualization\left_downsample2_Q45\frame_0468.jpg,D:\visualization2026\visualization\right_downsample2_Q45\frame_0468.jpg,D:\visualization2026\dowsample2_Q45\stitched_frames\frame_0468.jpg,D:\visualization2026\dowsample2_Q45_hess_matched\stitched_frames\frame_0468.jpg,1931,1328,1.7871038699013972,0.5066058055448757,5.48356027464,-5.57888428774,38.3785884009169,13.490586894693138,-32.89502812628041,-19.0694711824355,-29.03780424858296,-5.203015463039829,29.50026178676478,0,1,38.02272487087843,14.392941681971765,raw,-14.51890212429148,-2.6015077315199147,14.51890212429148,2.6015077315199147,0,0,1295.6610353943126,981.0130060813459,1257.2824469933958,967.5224191866528,12,12,12,0.9655760829769283,0.10121461726285498,-14.117579347140031,-0.08789293942554634,0.9724007722648907,137.97786955941913,-5.0107951032563526e-05,-1.272148060518722e-05,1.0,1.0,0.0,345.51890212429146,0.0,1.0,83.60150773151992,0.0,0.0,1.0,5.483560274636485,-5.578884287742363,0.000000,35.000000,0,0
frame_0470.jpg,frame_0470,470,D:\visualization2026\visualization\left_downsample2_Q45\frame_0470.jpg,D:\visualization2026\visualization\right_downsample2_Q45\frame_0470.jpg,D:\visualization2026\dowsample2_Q45\stitched_frames\frame_0470.jpg,D:\visualization2026\dowsample2_Q45_hess_matched\stitched_frames\frame_0470.jpg,1950,1335,1.3730967245332728,0.651128741376489,9.54731834196,2.49061398329,33.580510820341715,9.39369415950182,-24.033192478385047,-6.903080176215795,-22.61306870034111,-4.247913897626973,23.00859944733706,0,1,25.004936645038057,3.011089422770601,raw,-11.306534350170555,-2.1239569488134866,11.306534350170555,2.1239569488134866,0,0,1309.713041835868,975.902943100888,1276.1325310155262,966.5092489413862,12,12,12,0.9828467990807034,0.10540776042232289,-11.260641054375956,-0.08621874149578033,0.9810744255867739,136.14620171487505,-4.014301993919444e-05,-1.2118330405776091e-05,1.0,1.0,0.0,361.3065343501706,0.0,1.0,78.12395694881349,0.0,0.0,1.0,9.54731834195667,2.4906139832860252,0.000000,35.000000,0,0
frame_0472.jpg,frame_0472,472,D:\visualization2026\visualization\left_downsample2_Q45\frame_0472.jpg,D:\visualization2026\visualization\right_downsample2_Q45\frame_0472.jpg,D:\visualization2026\dowsample2_Q45\stitched_frames\frame_0472.jpg,D:\visualization2026\dowsample2_Q45_hess_matched\stitched_frames\frame_0472.jpg,1950,1335,0.9944863797679862,0.7760586824106355,13.1162379998,9.68291780205,35.52092464904922,7.683168045756702,-22.404686649253016,1.9997497562922852,-23.08677611014836,-1.7847818247840732,23.155661884778777,0,1,22.49375430956352,3.845507160418353,raw,-11.54338805507418,-0.8923909123920366,11.54338805507418,0.8923909123920366,0,0,1314.6459332917927,975.435363302619,1279.1250086427435,967.7521952568623,12,12,12,0.982856307103702,0.10541063069377675,-11.497494759279581,-0.08626818027573684,0.9810595010626281,137.3777677512965,-4.014301993919444e-05,-1.2118330405776091e-05,1.0,1.0,0.0,361.54338805507416,0.0,1.0,76.89239091239203,0.0,0.0,1.0,13.116237999796207,9.682917802048987,0.000000,35.000000,0,0
frame_0474.jpg,frame_0474,474,D:\visualization2026\visualization\left_downsample2_Q45\frame_0474.jpg,D:\visualization2026\visualization\right_downsample2_Q45\frame_0474.jpg,D:\visualization2026\dowsample2_Q45\stitched_frames\frame_0474.jpg,D:\visualization2026\dowsample2_Q45_hess_matched\stitched_frames\frame_0474.jpg,1938,1340,1.0061417444587448,0.7840856254428417,13.2481977647,9.76875199227,35.86635426429234,11.097875663854893,-22.6181564995461,-1.32912367158246,-19.30320729581424,4.248439797301488,19.76519801612094,0,1,22.657174871821955,6.488305053922113,fused,-9.65160364790712,2.124219898650744,9.65160364790712,-2.124219898650744,2,3,723.7151515151514,1312.6030303030302,687.8487972508591,1301.5051546391753,12,12,12,0.9761984739929292,0.1058149896824957,-9.686214157858398,-0.09083806967811243,0.9799481652063261,147.62480404827627,-4.638177606684424e-05,-1.1463452657837054e-05,1.0,1.0,0.0,347.6516036479071,0.0,1.0,80.87578010134925,0.0,0.0,1.0,13.24819776474624,9.768751992272433,0.000000,35.000000,0,0
frame_0476.jpg,frame_0476,476,D:\visualization2026\visualization\left_downsample2_Q45\frame_0476.jpg,D:\visualization2026\visualization\right_downsample2_Q45\frame_0476.jpg,D:\visualization2026\dowsample2_Q45\stitched_frames\frame_0476.jpg,D:\visualization2026\dowsample2_Q45_hess_matched\stitched_frames\frame_0476.jpg,1936,1347,1.3548089173252542,0.7416303685864136,11.4401416281,5.02386538875,24.9229584253776,-11.354150761275378,-13.482816797277232,16.378016150021104,-20.295300720832707,2.929718285932079,20.505669474171217,0,1,21.213810638338725,15.075365755097394,fused,-10.147650360416353,1.4648591429660396,10.147650360416353,-1.4648591429660396,2,1,681.1434308663224,1304.6821572002293,656.2204724409448,1316.0363079615047,12,12,12,0.9735443975663979,0.09567927721013343,-10.279277117669753,-0.0915320363196863,0.9769079959847085,148.04740942749368,-4.706493330298044e-05,-1.7159386386199524e-05,1.0,1.0,0.0,346.1476503604164,0.0,1.0,81.53514085703397,0.0,0.0,1.0,11.440141628100369,5.023865388745728,0.000000,35.000000,0,0
frame_0478.jpg,frame_0478,478,D:\visualization2026\visualization\left_downsample2_Q45\frame_0478.jpg,D:\visualization2026\visualization\right_downsample2_Q45\frame_0478.jpg,D:\visualization2026\dowsample2_Q45\stitched_frames\frame_0478.jpg,D:\visualization2026\dowsample2_Q45_hess_matched\stitched_frames\frame_0478.jpg,1949,1346,1.6947961913583587,0.7017089286602349,9.70717808531,0.435320055564,23.684362139917653,-10.66131687242796,-13.977184054609806,11.096636927992309,-17.66780975811418,5.711014225925991,18.567907397917615,0,1,17.84648495385355,6.528832205868005,fused,-8.83390487905709,2.8555071129629956,8.83390487905709,-2.8555071129629956,1,3,673.5197530864197,1316.001234567901,649.835390946502,1326.662551440329,12,12,12,0.9779703614217649,0.10065178749767925,-9.128570338606867,-0.09127917621535904,0.9757403707950698,148.7164974505452,-4.515001449857005e-05,-1.8324191366063196e-05,1.0,1.0,0.0,357.8339048790571,0.0,1.0,75.144492887037,0.0,0.0,1.0,9.707178085307847,0.4353200555643491,0.000000,35.000000,0,0
frame_0480.jpg,frame_0480,480,D:\visualization2026\visualization\left_downsample2_Q45\frame_0480.jpg,D:\visualization2026\visualization\right_downsample2_Q45\frame_0480.jpg,D:\visualization2026\dowsample2_Q45\stitched_frames\frame_0480.jpg,D:\visualization2026\dowsample2_Q45_hess_matched\stitched_frames\frame_0480.jpg,1952,1342,1.733798125009642,0.6830820759995895,9.22226441221,-0.454573635947,38.215924015688415,13.0421140971157,-28.993659603477386,-13.496687733062842,-15.53448163039925,8.232599653069212,17.58112102719639,0,1,31.981133140746053,25.559957003487103,raw,-7.767240815199625,4.116299826534606,7.767240815199625,-4.116299826534606,0,0,1325.945745978479,984.0198753316841,1287.7298219627905,970.9777612345684,12,12,12,0.9827872958069419,0.10449252961417782,-8.19293826104889,-0.09065551585712432,0.9791100665194368,147.01905196698374,-4.294150738661252e-05,-1.4219435882617224e-05,1.0,1.0,0.0,360.3279939635209,0.0,1.0,74.51032392039792,0.0,0.0,1.0,9.222264412211029,-0.45457363594714134,0.000000,35.000000,0,0
frame_0482.jpg,frame_0482,482,D:\visualization2026\visualization\left_downsample2_Q45\frame_0482.jpg,D:\visualization2026\visualization\right_downsample2_Q45\frame_0482.jpg,D:\visualization2026\dowsample2_Q45\stitched_frames\frame_0482.jpg,D:\visualization2026\dowsample2_Q45_hess_matched\stitched_frames\frame_0482.jpg,1951,1346,1.6128517983767967,0.6076541383143059,8.0131631781,-1.14169024586,17.280395013760767,-17.047919702120907,-9.267231835660377,15.906229456261842,-21.489357075442484,1.2109983147778127,21.523451963713086,0,1,18.408957640538183,19.113611999791164,fused,-10.744678537721242,0.6054991573889064,10.744678537721242,-0.6054991573889064,3,4,718.1079812206573,1292.5727699530514,700.8275862068965,1309.6206896551723,12,12,12,0.9809255937281426,0.10504064426505988,-15.359912252669844,-0.09093266621633099,0.979596253242527,143.41299665579666,-4.4354288928941274e-05,-1.549263247495244e-05,1.0,1.0,0.0,366.4064817222296,0.0,1.0,80.12824370236514,0.0,0.0,1.0,8.01316317810039,-1.1416902458590648,0.000000,35.000000,0,0
frame_0484.jpg,frame_0484,484,D:\visualization2026\visualization\left_downsample2_Q45\frame_0484.jpg,D:\visualization2026\visualization\right_downsample2_Q45\frame_0484.jpg,D:\visualization2026\dowsample2_Q45\stitched_frames\frame_0484.jpg,D:\visualization2026\dowsample2_Q45_hess_matched\stitched_frames\frame_0484.jpg,1933,1339,1.4918268363283111,0.5237799398384908,6.63224048421,-2.04655717139,18.583756345177676,-13.32536063552152,-11.951515860971451,11.27880346413364,-23.505570023953158,-2.988113781673661,23.69473878571345,0,1,16.433202334225825,18.358679018377895,fused,-11.752785011976579,-1.4940568908368306,11.752785011976579,1.4940568908368306,1,4,657.5837563451777,1296.6294416243654,639.0,1309.954802259887,12,12,12,0.9769802941895886,0.10505985083014703,-14.104130972465379,-0.09109951379931451,0.9818694715754254,142.43679402159609,-4.8383926974480154e-05,-8.961614610838302e-06,1.0,1.0,0.0,347.50499700248577,0.0,1.0,87.63673826947117,0.0,0.0,1.0,6.632240484206224,-2.0465571713878803,0.000000,35.000000,0,0
frame_0486.jpg,frame_0486,486,D:\visualization2026\visualization\left_downsample2_Q45\frame_0486.jpg,D:\visualization2026\visualization\right_downsample2_Q45\frame_0486.jpg,D:\visualization2026\dowsample2_Q45\stitched_frames\frame_0486.jpg,D:\visualization2026\dowsample2_Q45_hess_matched\stitched_frames\frame_0486.jpg,1943,1346,1.4928733990050276,0.5100438655412525,6.34963138304,-2.41296437114,49.606825405538075,16.3170261702993,-43.25719402249339,-18.729990541435882,-17.42007003421451,4.588300484584394,18.01419832614751,0,1,47.13806721092747,34.80373072473515,raw,-8.710035017107256,2.294150242292197,8.710035017107256,-2.294150242292197,0,0,1331.3281106684262,988.3720791471566,1281.7212852628882,972.0550529768573,12,12,12,0.9795658795899245,0.10165773226402812,-14.56698560963127,-0.09196350296440602,0.9786176626982483,147.0791292182335,-4.6690523835399023e-05,-1.5182749781147513e-05,1.0,1.0,0.0,357.7159966340244,0.0,1.0,79.8056700910893,0.0,0.0,1.0,6.34963138304469,-2.4129643711365825,0.000000,35.000000,0,0
frame_0488.jpg,frame_0488,488,D:\visualization2026\visualization\left_downsample2_Q45\frame_0488.jpg,D:\visualization2026\visualization\right_downsample2_Q45\frame_0488.jpg,D:\visualization2026\dowsample2_Q45\stitched_frames\frame_0488.jpg,D:\visualization2026\dowsample2_Q45_hess_matched\stitched_frames\frame_0488.jpg,1941,1344,1.5824845064322766,0.6319300099722902,8.58977544842,-0.195908806799,32.64802424558809,9.703014747465886,-24.05824879716318,-9.898923554265062,-16.496622178198482,-4.483470866111501,17.095030105194336,0,1,26.015149869247097,9.30082388513325,fused,-8.248311089099241,-2.2417354330557506,8.248311089099241,2.2417354330557506,6,1,643.6955380577427,1323.8267716535433,611.0475138121546,1314.1237569060775,12,12,12,0.9746998459131025,0.10073961942385562,-12.60589701677676,-0.09308424506932902,0.9757233533134326,143.70695482215018,-5.0486283798946865e-05,-1.5069374091308382e-05,1.0,1.0,0.0,353.41456162580033,0.0,1.0,86.13238842900337,0.0,0.0,1.0,8.589775448424907,-0.1959088067991769,0.000000,35.000000,0,0
frame_0490.jpg,frame_0490,490,D:\visualization2026\visualization\left_downsample2_Q45\frame_0490.jpg,D:\visualization2026\visualization\right_downsample2_Q45\frame_0490.jpg,D:\visualization2026\dowsample2_Q45\stitched_frames\frame_0490.jpg,D:\visualization2026\dowsample2_Q45_hess_matched\stitched_frames\frame_0490.jpg,1960,1347,1.6605541308282437,0.7697715862689662,11.1861268364,2.55473843694,9.75228649116309,-21.830645161290477,1.4338403452158577,24.385383598227435,-13.404306512403139,-13.235578563291748,18.837621213505734,0,1,24.427501537575804,40.44140695038597,fused,-6.702153256201569,-6.617789281645874,6.702153256201569,6.617789281645874,1,5,771.1465517241379,1297.1944444444443,761.3942652329748,1319.0250896057348,12,12,12,0.9850519316651726,0.1052267370587941,-10.208122218748912,-0.09262429467705756,0.9802185804748138,139.90661473176397,-4.5492206592290215e-05,-1.364770663043444e-05,1.0,1.0,0.0,370.2315482212131,0.0,1.0,87.22289690503227,0.0,0.0,1.0,11.186126836378948,2.554738436936959,0.000000,35.000000,0,0
frame_0492.jpg,frame_0492,492,D:\visualization2026\visualization\left_downsample2_Q45\frame_0492.jpg,D:\visualization2026\visualization\right_downsample2_Q45\frame_0492.jpg,D:\visualization2026\dowsample2_Q45\stitched_frames\frame_0492.jpg,D:\visualization2026\dowsample2_Q45_hess_matched\stitched_frames\frame_0492.jpg,1959,1354,1.633004665121792,0.79709427579429,11.8171733047,3.54989779498,16.46716586029902,33.00252509219297,-4.649992555580237,-29.45262729721763,-8.554329347407045,-16.182804223045345,18.304636109612332,0,1,29.81743928434769,13.83228289921254,raw,-4.277164673703522,-8.091402111522672,4.277164673703522,8.091402111522672,0,0,1323.8023932132112,1003.6543116958513,1307.3352273529122,970.6517866036584,12,12,12,0.9847716396553571,0.0997356038549062,-8.787466390433122,-0.09213501190325057,0.978972341343442,137.2595728866629,-4.5011009087144306e-05,-1.920703038210821e-05,1.0,1.0,0.0,367.3248489443904,0.0,1.0,89.07448223702103,0.0,0.0,1.0,11.817173304718782,3.5498977949753363,0.000000,35.000000,0,0
frame_0494.jpg,frame_0494,494,D:\visualization2026\visualization\left_downsample2_Q45\frame_0494.jpg,D:\visualization2026\visualization\right_downsample2_Q45\frame_0494.jpg,D:\visualization2026\dowsample2_Q45\stitched_frames\frame_0494.jpg,D:\visualization2026\dowsample2_Q45_hess_matched\stitched_frames\frame_0494.jpg,1978,1356,1.4733456246468997,0.7753891001009876,11.807039933,4.65786358937,8.296977464946167,37.13959861113733,3.5100624680052537,-32.48173502176759,-4.351162647673229,-20.68670252374104,21.139353767139163,0,1,32.670837891820625,14.174683486726492,raw,-2.1755813238366146,-10.34335126187052,2.1755813238366146,10.34335126187052,0,0,1344.4979635756451,998.9737391629616,1336.200986110699,961.8341405518242,12,12,12,0.9967764862565307,0.10598981081926669,-5.756551726915949,-0.09230647197906006,0.9834746303885376,135.64196064343764,-3.9474242271689766e-05,-1.7359849445661686e-05,1.0,1.0,0.0,384.1034715118047,0.0,1.0,83.41615582608138,0.0,0.0,1.0,11.80703993295142,4.657863589369736,0.000000,35.000000,0,0
frame_0496.jpg,frame_0496,496,D:\visualization2026\visualization\left_downsample2_Q45\frame_0496.jpg,D:\visualization2026\visualization\right_downsample2_Q45\frame_0496.jpg,D:\visualization2026\dowsample2_Q45\stitched_frames\frame_0496.jpg,D:\visualization2026\dowsample2_Q45_hess_matched\stitched_frames\frame_0496.jpg,1956,1355,1.271208581197243,0.74185876931179,11.6709755183,5.90403627495,30.678283715777752,39.37015511515858,-19.007308197512906,-33.46611884020386,-7.225377546140256,-26.61488080426658,27.57821533220715,0,1,38.48712609616219,13.629136161137584,raw,-3.612688773070128,-13.30744040213329,3.612688773070128,13.30744040213329,0,0,1338.349111735289,1004.5680094510307,1307.6708280195112,965.1978543358721,12,12,12,0.9832718709847373,0.096873731676821,-7.728516116659515,-0.09297788084650113,0.97621061945529,133.43375829591304,-4.7721724159981356e-05,-2.0629395632282894e-05,1.0,1.0,0.0,363.6427560857829,0.0,1.0,91.75035313872411,0.0,0.0,1.0,11.670975518264848,5.904036274954718,0.000000,35.000000,0,0
frame_0498.jpg,frame_0498,498,D:\visualization2026\visualization\left_downsample2_Q45\frame_0498.jpg,D:\visualization2026\visualization\right_downsample2_Q45\frame_0498.jpg,D:\visualization2026\dowsample2_Q45\stitched_frames\frame_0498.jpg,D:\visualization2026\dowsample2_Q45_hess_matched\stitched_frames\frame_0498.jpg,1980,1354,1.1169267384116086,0.7065666272766364,11.3695535001,6.60416536714,14.411968798546468,39.02258042488245,-3.0424152984941166,-32.418415057743545,-11.02948033995702,-20.61341646703158,23.37867350840905,0,1,32.560864940978526,14.253111930496802,raw,-5.51474016997851,-10.30670823351579,5.51474016997851,10.30670823351579,0,0,1354.1010974811395,1000.5851313597653,1339.689128682593,961.5625509348829,12,12,12,0.996430498692997,0.10046004982943539,-13.053150691776139,-0.09008078330713934,0.9809528328229755,131.63306250863053,-4.3473709622435976e-05,-1.9476003909440847e-05,1.0,1.0,0.0,392.77732715800926,0.0,1.0,85.57096265720321,0.0,0.0,1.0,11.369553500052351,6.604165367138905,0.000000,35.000000,0,0
frame_0500.jpg,frame_0500,500,D:\visualization2026\visualization\left_downsample2_Q45\frame_0500.jpg,D:\visualization2026\visualization\right_downsample2_Q45\frame_0500.jpg,D:\visualization2026\dowsample2_Q45\stitched_frames\frame_0500.jpg,D:\visualization2026\dowsample2_Q45_hess_matched\stitched_frames\frame_0500.jpg,1980,1354,0.9731846175888439,0.6877830389757875,11.3758638519,7.62128305531,24.313097999056254,12.876790859713083,-12.93723414711927,-5.255507804400263,-16.17264268004497,-20.334268467836758,25.98147119349619,0,1,13.963967547208814,15.421961338303511,fused,-8.086321340022485,-10.167134233918379,8.086321340022485,10.167134233918379,3,6,236.16853408029877,1233.8851540616247,211.85543608124252,1221.0083632019116,12,12,12,0.9965766079548597,0.10052550604607659,-16.41401552552565,-0.09010902362891707,0.9809401813004318,132.28265790830994,-4.3473709622435976e-05,-1.9476003909440847e-05,1.0,1.0,0.0,396.1381919917588,0.0,1.0,84.9213672575238,0.0,0.0,1.0,11.375863851936984,7.621283055312819,0.000000,35.000000,0,0
frame_0502.jpg,frame_0502,502,D:\visualization2026\visualization\left_downsample2_Q45\frame_0502.jpg,D:\visualization2026\visualization\right_downsample2_Q45\frame_0502.jpg,D:\visualization2026\dowsample2_Q45\stitched_frames\frame_0502.jpg,D:\visualization2026\dowsample2_Q45_hess_matched\stitched_frames\frame_0502.jpg,1980,1354,0.8668860057548873,0.6821837620434863,11.5494095548,8.58801496103,35.21991607949667,8.033320572069215,-23.67050652466406,0.5546943889573619,-16.308777981099947,-11.516897737258216,19.965349301409024,0,1,23.677004983724284,14.139249754171418,fused,-8.154388990549974,-5.758448868629108,8.154388990549974,5.758448868629108,6,1,604.0790378006873,1331.5549828178694,568.8591217211906,1323.5216622458001,12,12,12,0.9964253069848829,0.10045772397023438,-12.933728904235961,-0.09027942051523366,0.9808638443498269,136.20219658574212,-4.3473709622435976e-05,-1.9476003909440847e-05,1.0,1.0,0.0,392.6579053704691,0.0,1.0,81.00182858009163,0.0,0.0,1.0,11.54940955483261,8.588014961026577,0.000000,35.000000,0,0
frame_0504.jpg,frame_0504,504,D:\visualization2026\visualization\left_downsample2_Q45\frame_0504.jpg,D:\visualization2026\visualization\right_downsample2_Q45\frame_0504.jpg,D:\visualization2026\dowsample2_Q45\stitched_frames\frame_0504.jpg,D:\visualization2026\dowsample2_Q45_hess_matched\stitched_frames\frame_0504.jpg,1978,1355,0.8571303369785355,0.6793782358522691,11.5186604314,8.61743449947,33.724409663860115,39.7034295252605,-22.205749232434485,-31.085995025793462,-16.7929820594919,-7.320434962362123,18.319197976128503,0,1,38.20254423094646,24.37416446972178,raw,-8.39649102974595,-3.6602174811810615,8.39649102974595,3.6602174811810615,0,0,1364.787939737132,1001.3982882445329,1331.063530073272,961.6948587192724,12,12,12,0.9926998222317965,0.09895508793590976,-13.909845136763627,-0.0908705470002697,0.9801250181218966,138.17208946748062,-4.529034197446013e-05,-2.030177922277311e-05,1.0,1.0,0.0,391.64027416254913,0.0,1.0,80.96642930838408,0.0,0.0,1.0,11.518660431425628,8.617434499467041,0.000000,35.000000,0,0
frame_0506.jpg,frame_0506,506,D:\visualization2026\visualization\left_downsample2_Q45\frame_0506.jpg,D:\visualization2026\visualization\right_downsample2_Q45\frame_0506.jpg,D:\visualization2026\dowsample2_Q45\stitched_frames\frame_0506.jpg,D:\visualization2026\dowsample2_Q45_hess_matched\stitched_frames\frame_0506.jpg,1980,1353,0.9167208922452392,0.6525999724681917,10.8120152972,7.30129036824,30.5,-3.3194444444445708,-19.6879847027878,10.620734812688841,-16.703645672856997,-8.30920229154302,18.656222058234032,0,1,22.369996638771923,19.16373654107524,fused,-8.351822836428498,-4.15460114577151,8.351822836428498,4.15460114577151,2,1,755.0416666666666,1319.611111111111,724.5416666666666,1322.9305555555557,12,12,12,0.9980416465247784,0.1005583160910026,-15.351293590154414,-0.08975561573297913,0.9824264494498286,136.21705322548888,-4.2197009268679956e-05,-1.8970740469218818e-05,1.0,1.0,0.0,394.8557952953595,0.0,1.0,78.45141810163075,0.0,0.0,1.0,10.812015297212199,7.30129036824427,0.000000,35.000000,0,0
frame_0508.jpg,frame_0508,508,D:\visualization2026\visualization\left_downsample2_Q45\frame_0508.jpg,D:\visualization2026\visualization\right_downsample2_Q45\frame_0508.jpg,D:\visualization2026\dowsample2_Q45\stitched_frames\frame_0508.jpg,D:\visualization2026\dowsample2_Q45_hess_matched\stitched_frames\frame_0508.jpg,1984,1348,0.9914633844107943,0.6120504891694516,9.78388293816,5.47032093179,15.247318628613584,16.906422115055193,-5.4634356904539025,-11.43610118326309,-16.047567970658108,-9.6012763694858,18.700506562554352,0,1,12.674128759704038,10.74199414550732,fused,-8.023783985329054,-4.8006381847429,8.023783985329054,4.8006381847429,5,2,881.4175824175824,1314.2637362637363,866.1702637889688,1297.357314148681,12,12,12,1.0034182501870716,0.11148535131220337,-1.5822798326791698,-0.08897802659932144,0.9896274315966539,134.33327751644455,-4.026063951029514e-05,-1.0954468376501272e-05,1.0,1.0,0.0,385.31786613123415,0.0,1.0,79.58747285148294,0.0,0.0,1.0,9.783882938159682,5.470320931792101,0.000000,35.000000,0,0
frame_0510.jpg,frame_0510,510,D:\visualization2026\visualization\left_downsample2_Q45\frame_0510.jpg,D:\visualization2026\visualization\right_downsample2_Q45\frame_0510.jpg,D:\visualization2026\dowsample2_Q45\stitched_frames\frame_0510.jpg,D:\visualization2026\dowsample2_Q45_hess_matched\stitched_frames\frame_0510.jpg,1950,1352,1.0437562129453344,0.5805988707155798,9.00179457748,4.10955637566,21.492346791428417,14.308900825968976,-12.490552213944733,-10.199344450304743,-11.62229624143469,-5.618274473284275,12.909019249378499,0,1,16.12577197610216,4.662624858184248,fused,-5.811148120717345,-2.8091372366421377,5.811148120717345,2.8091372366421377,6,1,856.8390804597701,1323.9655172413793,835.3467336683417,1309.6566164154103,12,12,12,0.9787046408530073,0.09920198241735304,-12.980498277916578,-0.09600208414199361,0.9756370139676755,146.86363830882667,-5.548644419198467e-05,-1.71003600359639e-05,1.0,1.0,0.0,363.28658830522295,0.0,1.0,93.01544955917798,0.0,0.0,1.0,9.001794577483684,4.109556375664233,0.000000,35.000000,0,0
frame_0512.jpg,frame_0512,512,D:\visualization2026\visualization\left_downsample2_Q45\frame_0512.jpg,D:\visualization2026\visualization\right_downsample2_Q45\frame_0512.jpg,D:\visualization2026\dowsample2_Q45\stitched_frames\frame_0512.jpg,D:\visualization2026\dowsample2_Q45_hess_matched\stitched_frames\frame_0512.jpg,1947,1356,1.0830830672670348,0.561425122519843,8.5048626092,3.20211220487,28.89498062286964,9.107788205631095,-20.390118013669596,-5.905676000756538,-16.755555523272722,-14.093506006003963,21.89464666156421,0,1,21.228139853441824,8.958270184105299,fused,-8.377777761636361,-7.046753003001982,8.377777761636361,7.046753003001982,11,3,729.6418732782369,1186.5936639118456,700.7468926553672,1177.4858757062145,12,12,12,0.9746972622056693,0.09481134150066499,-14.225673565018264,-0.09621491180049782,0.9723117115791017,142.5896257485229,-5.6785132713427066e-05,-2.1047739753050222e-05,1.0,1.0,0.0,361.3156574690437,0.0,1.0,99.25025431210253,0.0,0.0,1.0,8.504862609200043,3.202112204874558,0.000000,35.000000,0,0
frame_0514.jpg,frame_0514,514,D:\visualization2026\visualization\left_downsample2_Q45\frame_0514.jpg,D:\visualization2026\visualization\right_downsample2_Q45\frame_0514.jpg,D:\visualization2026\dowsample2_Q45\stitched_frames\frame_0514.jpg,D:\visualization2026\dowsample2_Q45_hess_matched\stitched_frames\frame_0514.jpg,1947,1356,1.1121348403150755,0.5638720149846357,8.47610118559,2.96162065498,8.555491771909601,14.132606199770379,-0.07939058631740536,-11.170985544785843,-19.189464033510447,-9.254924146868289,21.30467438985343,0,1,11.171267649958535,19.205889680972923,fused,-9.594732016755223,-4.6274620734341445,9.594732016755223,4.6274620734341445,3,5,719.0298507462686,151.4402985074627,710.474358974359,137.30769230769232,12,12,12,0.9751952786222973,0.0949959341823944,-22.995863803741976,-0.09634636357761155,0.9722629882132741,144.9045235189852,-5.6785132713427066e-05,-2.1047739753050222e-05,1.0,1.0,0.0,370.0858477077674,0.0,1.0,96.93535654164023,0.0,0.0,1.0,8.476101185592196,2.9616206549845367,0.000000,35.000000,0,0
frame_0516.jpg,frame_0516,516,D:\visualization2026\visualization\left_downsample2_Q45\frame_0516.jpg,D:\visualization2026\visualization\right_downsample2_Q45\frame_0516.jpg,D:\visualization2026\dowsample2_Q45\stitched_frames\frame_0516.jpg,D:\visualization2026\dowsample2_Q45_hess_matched\stitched_frames\frame_0516.jpg,1947,1356,1.113956366852623,0.60617907515282,9.33288707585,4.03739552321,54.68716818783059,35.79281837412077,-45.35428111197796,-31.755422850909607,-22.551280838876586,-13.136629821458609,26.09849249554307,0,1,55.3662143876967,29.438686712022236,raw,-11.275640419438293,-6.568314910729304,11.275640419438293,6.568314910729304,0,0,1392.5459887330874,1007.406064545427,1337.8588205452568,971.6132461713062,12,12,12,0.9750315064995907,0.09493523109246896,-20.111796885504607,-0.09627177913694522,0.9722906333700565,143.59107337627418,-5.6785132713427066e-05,-2.1047739753050222e-05,1.0,1.0,0.0,367.20178078953,0.0,1.0,98.24880668435125,0.0,0.0,1.0,9.33288707585263,4.037395523211164,0.000000,35.000000,0,0
frame_0518.jpg,frame_0518,518,D:\visualization2026\visualization\left_downsample2_Q45\frame_0518.jpg,D:\visualization2026\visualization\right_downsample2_Q45\frame_0518.jpg,D:\visualization2026\dowsample2_Q45\stitched_frames\frame_0518.jpg,D:\visualization2026\dowsample2_Q45_hess_matched\stitched_frames\frame_0518.jpg,1980,1351,1.0285785181345037,0.6960099769961907,11.3935619519,7.25489185295,29.026540193542132,-5.501916259461495,-17.632978241642533,12.756808112415285,-18.825565446806458,-13.405002107631342,23.11051699762673,0,1,21.763687070145615,26.188978182274635,fused,-9.412782723403229,-6.702501053815671,9.412782723403229,6.702501053815671,1,2,838.6462585034013,1301.5544217687075,809.6197183098592,1307.056338028169,12,12,12,1.0119843561339468,0.1104191391262479,-13.06032333941069,-0.08897613126750854,0.9950279813895713,134.8817899589844,-3.9412750681518515e-05,-8.604208416487218e-06,1.0,1.0,0.0,392.86124228876724,0.0,1.0,87.0818791863642,0.0,0.0,1.0,11.3935619518996,7.254891852953789,0.000000,35.000000,0,0
frame_0520.jpg,frame_0520,520,D:\visualization2026\visualization\left_downsample2_Q45\frame_0520.jpg,D:\visualization2026\visualization\right_downsample2_Q45\frame_0520.jpg,D:\visualization2026\dowsample2_Q45\stitched_frames\frame_0520.jpg,D:\visualization2026\dowsample2_Q45_hess_matched\stitched_frames\frame_0520.jpg,2003,1353,0.8866830028574118,0.7978363159493433,13.8514702698,11.3738466849,43.15110651059058,40.98171950814674,-29.29963624077543,-29.607872823256344,-16.321278178856033,-13.380626685533375,21.10510108692233,0,1,41.65446935155797,20.778866552284157,raw,-8.160639089428017,-6.690313342766688,8.160639089428017,6.690313342766688,0,0,1424.547105563226,996.1641455989574,1381.3959990526355,955.1824260908106,12,12,12,1.0186522839146566,0.10895221905594675,-12.380124018967209,-0.08541072538394527,1.0000098392613301,128.59733122960463,-3.825122436902327e-05,-9.760466058490594e-06,1.0,1.0,0.0,415.51904643190545,0.0,1.0,87.15342924524062,0.0,0.0,1.0,13.851470269815149,11.373846684890394,0.000000,35.000000,0,0
frame_0522.jpg,frame_0522,522,D:\visualization2026\visualization\left_downsample2_Q45\frame_0522.jpg,D:\visualization2026\visualization\right_downsample2_Q45\frame_0522.jpg,D:\visualization2026\dowsample2_Q45\stitched_frames\frame_0522.jpg,D:\visualization2026\dowsample2_Q45_hess_matched\stitched_frames\frame_0522.jpg,2000,1350,0.7729749372406118,0.8663100113973385,15.5537873937,14.3349269906,17.315328447002685,21.58246442226732,-1.7615410533189735,-7.247537431620195,-11.243730692741746,-8.848021949788539,14.307654326088626,0,1,7.458540454087782,9.616312757542422,fused,-5.621865346370873,-4.424010974894269,5.621865346370873,4.424010974894269,3,11,718.3398898505114,1172.3052714398111,701.0245614035088,1150.7228070175438,12,12,12,1.0112769175391492,0.11004454752446009,-8.1905275528159,-0.08775258269632412,0.9973916602424366,133.8626459970291,-4.308932857425021e-05,-7.660626147646285e-06,1.0,1.0,0.0,407.8192409626074,0.0,1.0,89.2960965159735,0.0,0.0,1.0,15.553787393683711,14.334926990647126,0.000000,35.000000,0,0
frame_0524.jpg,frame_0524,524,D:\visualization2026\visualization\left_downsample2_Q45\frame_0524.jpg,D:\visualization2026\visualization\right_downsample2_Q45\frame_0524.jpg,D:\visualization2026\dowsample2_Q45\stitched_frames\frame_0524.jpg,D:\visualization2026\dowsample2_Q45_hess_matched\stitched_frames\frame_0524.jpg,2007,1351,0.7709238834116992,0.918153961254518,16.6152988385,15.6979958128,4.173253085017791,26.74710424710429,12.442045753434734,-11.049108434296006,-10.758140455602543,-8.110245587158806,13.472700900209318,0,1,16.63993088096806,23.38558434096285,fused,-5.379070227801272,-4.055122793579403,5.379070227801272,4.055122793579403,6,2,840.8301158301158,1320.2471042471043,836.656862745098,1293.5,12,12,12,1.0261039353317978,0.11245873812412914,-7.400122175254303,-0.08360677398992335,1.005032103475446,127.13575560023797,-3.509893569118116e-05,-7.060733407062585e-06,1.0,1.0,0.0,414.00581863315386,0.0,1.0,84.94073818815114,0.0,0.0,1.0,16.615298838452524,15.697995812808283,0.000000,35.000000,0,0
frame_0526.jpg,frame_0526,526,D:\visualization2026\visualization\left_downsample2_Q45\frame_0526.jpg,D:\visualization2026\visualization\right_downsample2_Q45\frame_0526.jpg,D:\visualization2026\dowsample2_Q45\stitched_frames\frame_0526.jpg,D:\visualization2026\dowsample2_Q45_hess_matched\stitched_frames\frame_0526.jpg,2007,1351,0.8399735321421247,0.9772156065702902,17.6314570804,16.5043004907,37.5980007617984,25.59669966289698,-19.966543681406517,-9.092399172185424,-12.30318373560906,-4.661928918711385,13.156819952985327,0,1,21.939338852569662,8.851901057161173,raw,-6.15159186780453,-2.3309644593556924,6.15159186780453,2.3309644593556924,0,0,1430.6307511695625,983.062941941588,1393.032750407764,957.466242278691,12,12,12,1.0258042166174333,0.11239844473068107,1.139131464850788,-0.0835393923690346,1.0050456584067355,125.21599309001257,-3.509893569118116e-05,-7.060733407062585e-06,1.0,1.0,0.0,405.4665649930488,0.0,1.0,86.86050069837654,0.0,0.0,1.0,17.631457080391886,16.504300490711557,0.000000,35.000000,0,0
frame_0528.jpg,frame_0528,528,D:\visualization2026\visualization\left_downsample2_Q45\frame_0528.jpg,D:\visualization2026\visualization\right_downsample2_Q45\frame_0528.jpg,D:\visualization2026\dowsample2_Q45\stitched_frames\frame_0528.jpg,D:\visualization2026\dowsample2_Q45_hess_matched\stitched_frames\frame_0528.jpg,1978,1356,0.8872391373316173,1.0245358137464535,18.467401656,17.2345689816,33.67242871189774,0.7888790560473353,-15.205027055946527,16.445689925563947,-14.405501886480392,0.027277935948782694,14.40552771290173,0,1,22.397624090511506,16.437867646302205,fused,-7.202750943240196,0.013638967974391347,7.202750943240196,-0.013638967974391347,0,2,850.0022222222221,1316.4366666666667,816.3297935103244,1315.6477876106194,12,12,12,1.0122143927585199,0.11506269909594292,-9.417147604094872,-0.09156555206543122,1.0024808036609862,144.8146901546227,-4.434916774565579e-05,-3.5102750856303706e-06,1.0,1.0,0.0,387.10193527741717,0.0,1.0,98.04029572000461,0.0,0.0,1.0,18.46740165595121,17.234568981611282,0.000000,35.000000,0,0
frame_0530.jpg,frame_0530,530,D:\visualization2026\visualization\left_downsample2_Q45\frame_0530.jpg,D:\visualization2026\visualization\right_downsample2_Q45\frame_0530.jpg,D:\visualization2026\dowsample2_Q45\stitched_frames\frame_0530.jpg,D:\visualization2026\dowsample2_Q45_hess_matched\stitched_frames\frame_0530.jpg,1979,1352,0.8624125249323082,1.0104289826725363,18.2472411607,17.129139088,55.27209380155318,29.49542856903838,-37.02485264080802,-12.366289481019244,-21.048114376340905,-0.5366711372460471,21.05495511059289,0,1,39.035430426753535,19.87953811663196,raw,-10.524057188170453,-0.26833556862302355,10.524057188170453,0.26833556862302355,0,0,1423.9916869962608,995.0854789016322,1368.7195931947076,965.5900503325938,12,12,12,1.0126531891265176,0.11773052533576571,-12.012232011242482,-0.09171440919664227,1.0038119721657457,144.55839602903262,-4.510445602313409e-05,-3.327237066018839e-07,1.0,1.0,0.0,391.30419654291927,0.0,1.0,98.29721744086103,0.0,0.0,1.0,18.247241160745165,17.129139088019137,0.000000,35.000000,0,0
frame_0532.jpg,frame_0532,532,D:\visualization2026\visualization\left_downsample2_Q45\frame_0532.jpg,D:\visualization2026\visualization\right_downsample2_Q45\frame_0532.jpg,D:\visualization2026\dowsample2_Q45\stitched_frames\frame_0532.jpg,D:\visualization2026\dowsample2_Q45_hess_matched\stitched_frames\frame_0532.jpg,1980,1355,0.8160070285383849,0.9452068287261675,17.0443410676,15.926608656,29.31747287522603,-0.2718881856540065,-12.273131807675625,16.19849684168064,-20.81399217670098,3.208832943892011,21.059887919777168,0,1,20.322919679478066,15.5459854631574,fused,-10.40699608835049,1.6044164719460055,10.40699608835049,-1.6044164719460055,1,2,785.6835443037975,1327.915611814346,756.3660714285714,1328.1875,12,12,12,1.0148989002322542,0.11673199355262508,-11.745892488769153,-0.09152581404941064,1.0040682529679872,146.50140464968595,-4.351700226195648e-05,-1.839865659713548e-06,1.0,1.0,0.0,392.1923076279008,0.0,1.0,96.37211068440122,0.0,0.0,1.0,17.044341067550405,15.926608656026634,0.000000,35.000000,0,0
frame_0534.jpg,frame_0534,534,D:\visualization2026\visualization\left_downsample2_Q45\frame_0534.jpg,D:\visualization2026\visualization\right_downsample2_Q45\frame_0534.jpg,D:\visualization2026\dowsample2_Q45\stitched_frames\frame_0534.jpg,D:\visualization2026\dowsample2_Q45_hess_matched\stitched_frames\frame_0534.jpg,1982,1353,0.8045533250123054,0.9046604647035288,16.2494771776,14.9971267699,37.02049387347529,28.865980570179545,-20.771016695867836,-13.868853800270154,-19.075265208003945,2.58302717217534,19.249357706891985,0,1,24.97559289212747,16.539043522528946,raw,-9.537632604001972,1.29151358608767,9.537632604001972,-1.29151358608767,0,0,1431.969589502398,991.2313830462809,1394.9490956289228,962.3654024761014,12,12,12,1.0160055402726775,0.11609451283414815,-17.9844972922846,-0.09093574415758685,1.004603413335452,144.12873795262442,-4.328682646009719e-05,-1.4602010349769127e-06,1.0,1.0,0.0,400.5002165703568,0.0,1.0,95.0563018865112,0.0,0.0,1.0,16.249477177607453,14.997126769909391,0.000000,35.000000,0,0
frame_0536.jpg,frame_0536,536,D:\visualization2026\visualization\left_downsample2_Q45\frame_0536.jpg,D:\visualization2026\visualization\right_downsample2_Q45\frame_0536.jpg,D:\visualization2026\dowsample2_Q45\stitched_frames\frame_0536.jpg,D:\visualization2026\dowsample2_Q45_hess_matched\stitched_frames\frame_0536.jpg,1999,1359,0.8553323687315846,0.9427654822905325,16.8882202785,15.4521820421,35.68415296173282,5.817060808557926,-18.795932683206896,9.635121233504867,-16.834883994516126,2.9414533930521136,17.089922971514913,0,1,21.12161562513582,6.9750197933573785,fused,-8.417441997258063,1.4707266965260568,8.417441997258063,-1.4707266965260568,4,3,927.3383084577114,1322.410447761194,891.6541554959786,1316.5933869526361,12,12,12,1.0275013571518767,0.11564034644634541,-10.322845955402752,-0.08783305888190696,1.0089715016671832,139.35071894888745,-3.74919112569809e-05,-4.5137950939173195e-06,1.0,1.0,0.0,409.15662217572515,0.0,1.0,94.30039782254,0.0,0.0,1.0,16.888220278525925,15.452182042062793,0.000000,35.000000,0,0
frame_0538.jpg,frame_0538,538,D:\visualization2026\visualization\left_downsample2_Q45\frame_0538.jpg,D:\visualization2026\visualization\right_downsample2_Q45\frame_0538.jpg,D:\visualization2026\dowsample2_Q45\stitched_frames\frame_0538.jpg,D:\visualization2026\dowsample2_Q45_hess_matched\stitched_frames\frame_0538.jpg,1997,1359,0.9376346588147424,1.0210890455925075,18.2608518255,16.6183563069,24.772244037927408,3.3016952399195816,-6.511392212461331,13.316661066980593,-20.3329315048843,-1.7566131630465138,20.408669564351932,0,1,14.823349503986567,20.45088126281093,fused,-10.16646575244215,-0.8783065815232569,10.16646575244215,0.8783065815232569,4,6,285.18104906937396,1248.5972927241962,260.40880503144655,1245.2955974842766,12,12,12,1.0213738204723923,0.11652817584649967,-13.321952441989993,-0.09048641193709134,1.0073914510938724,140.65628718657013,-4.135088921585702e-05,-2.85996287094253e-06,1.0,1.0,0.0,410.70445873116853,0.0,1.0,100.71427972024982,0.0,0.0,1.0,18.260851825466077,16.618356306900175,0.000000,35.000000,0,0
frame_0540.jpg,frame_0540,540,D:\visualization2026\visualization\left_downsample2_Q45\frame_0540.jpg,D:\visualization2026\visualization\right_downsample2_Q45\frame_0540.jpg,D:\visualization2026\dowsample2_Q45\stitched_frames\frame_0540.jpg,D:\visualization2026\dowsample2_Q45_hess_matched\stitched_frames\frame_0540.jpg,1994,1354,1.031476472711331,1.0778440274306433,19.1629522084,17.1057020845,44.98589878172038,27.67986046111207,-25.822946573368935,-10.574158376635378,-20.078047527853556,0.23600897729969472,20.07943457291844,0,1,27.904074883522558,12.241878257164915,raw,-10.039023763926778,0.11800448864984736,10.039023763926778,-0.11800448864984736,0,0,1450.1755137948437,990.6779490857311,1405.1896150131233,962.9980886246191,12,12,12,1.0132063389260964,0.11560696146335481,-10.618506765949647,-0.09217900150246987,1.005263110093528,143.49533065350244,-4.57716360078115e-05,6.790580350257466e-08,1.0,1.0,0.0,404.87850065550305,0.0,1.0,101.34985086402331,0.0,0.0,1.0,19.162952208351445,17.105702084476693,0.000000,35.000000,0,0
frame_0542.jpg,frame_0542,542,D:\visualization2026\visualization\left_downsample2_Q45\frame_0542.jpg,D:\visualization2026\visualization\right_downsample2_Q45\frame_0542.jpg,D:\visualization2026\dowsample2_Q45\stitched_frames\frame_0542.jpg,D:\visualization2026\dowsample2_Q45_hess_matched\stitched_frames\frame_0542.jpg,2000,1373,1.1317150066883546,1.0786383456847801,19.5980039876,16.0780012524,48.67130364900231,23.36983719121622,-29.763369359516506,-7.291835938812497,-19.69551355533534,-2.6914718870492704,19.878563205804756,0,1,30.643580518430994,11.069104295404385,raw,-9.84775677766767,-1.3457359435246352,9.84775677766767,1.3457359435246352,0,0,1466.3844464256367,995.9000158324084,1417.7131427766344,972.5301786411922,12,12,12,1.0202583826313634,0.11800055640165369,-12.342228099365471,-0.09638073603391956,1.0091493119754844,150.55045167707414,-4.4554918954204806e-05,-4.399800903429985e-06,1.0,1.0,0.0,412.28751607280367,0.0,1.0,112.2103876490736,0.0,0.0,1.0,18.907934289485805,16.078001252403723,0.033333,35.000000,0.690069698154,0
frame_0544.jpg,frame_0544,544,D:\visualization2026\visualization\left_downsample2_Q45\frame_0544.jpg,D:\visualization2026\visualization\right_downsample2_Q45\frame_0544.jpg,D:\visualization2026\dowsample2_Q45\stitched_frames\frame_0544.jpg,D:\visualization2026\dowsample2_Q45_hess_matched\stitched_frames\frame_0544.jpg,2000,1373,1.2402159817483778,1.0529350906776322,19.7786373842,14.2781897749,37.587454053707916,18.183932873463732,-19.496596810714102,-3.905743098539114,-19.25607017542504,-9.886619401606218,21.645819037243896,0,1,19.88396631337252,5.985710852929091,raw,-9.62803508771252,-4.943309700803109,9.62803508771252,4.943309700803109,0,0,1456.5793559028375,991.1604002929774,1418.9919018491296,972.9764674195137,12,12,12,1.020281048394194,0.11800279464708473,-12.850943261748386,-0.09619059157880469,1.0091680887517647,146.2828094149415,-4.4554918954204806e-05,-4.399800903429985e-06,1.0,1.0,0.0,412.7962312351866,0.0,1.0,116.47802991120624,0.0,0.0,1.0,18.090857242993813,14.278189774924618,0.066667,35.000000,1.68778014121,0
frame_0546.jpg,frame_0546,546,D:\visualization2026\visualization\left_downsample2_Q45\frame_0546.jpg,D:\visualization2026\visualization\right_downsample2_Q45\frame_0546.jpg,D:\visualization2026\dowsample2_Q45\stitched_frames\frame_0546.jpg,D:\visualization2026\dowsample2_Q45_hess_matched\stitched_frames\frame_0546.jpg,2000,1373,1.3339799400560146,1.017199766637507,20.0673153535,12.3728821191,33.99258011316897,17.375165207325495,-16.883262820615816,-5.002283088239958,-19.935272683954317,-7.4151136561441255,21.269673422907797,0,1,17.608730776659623,3.89056751070178,raw,-9.967636341977158,-3.7075568280720628,9.967636341977158,3.7075568280720628,0,0,1463.695234349,989.9359191215053,1429.702654235831,972.5607539141798,12,12,12,1.0203958151201187,0.11801412786811305,-15.426791868783443,-0.0962563370548449,1.0091615963820857,147.75841474839038,-4.4554918954204806e-05,-4.399800903429985e-06,1.0,1.0,0.0,415.37207984222164,0.0,1.0,115.00242457775735,0.0,0.0,1.0,17.109317292553154,12.372882119085537,0.100000,35.000000,2.95799806094,0
frame_0548.jpg,frame_0548,548,D:\visualization2026\visualization\left_downsample2_Q45\frame_0548.jpg,D:\visualization2026\visualization\right_downsample2_Q45\frame_0548.jpg,D:\visualization2026\dowsample2_Q45\stitched_frames\frame_0548.jpg,D:\visualization2026\dowsample2_Q45_hess_matched\stitched_frames\frame_0548.jpg,2000,1373,1.362444089473156,0.9666549005087717,20.2271698482,10.7672129885,20.316980040617977,33.42628949427353,-4.3141753129098355,-22.65907650580414,-20.028899925126023,-6.55202950113857,21.07334626476069,0,1,23.06611923853698,22.503100516335508,fused,-10.014449962563011,-3.276014750569285,10.014449962563011,3.276014750569285,4,1,443.390625,165.9765625,423.073644959382,132.55027300572647,12,12,12,1.0200560539936656,0.11798057643661666,-7.801121473051884,-0.09618390732875852,1.0091687488218555,146.1327866968427,-4.4554918954204806e-05,-4.399800903429985e-06,1.0,1.0,0.0,407.7464094464901,0.0,1.0,116.62805262930505,0.0,0.0,1.0,16.002804727708142,10.767212988469392,0.133333,35.000000,4.22436512051,0
frame_0550.jpg,frame_0550,550,D:\visualization2026\visualization\left_downsample2_Q45\frame_0550.jpg,D:\visualization2026\visualization\right_downsample2_Q45\frame_0550.jpg,D:\visualization2026\dowsample2_Q45\stitched_frames\frame_0550.jpg,D:\visualization2026\dowsample2_Q45_hess_matched\stitched_frames\frame_0550.jpg,1979,1365,1.3258399831134113,0.8933423004317085,19.9078998198,9.25281850069,43.827559017993735,7.469448150011317,-29.21895911601532,1.7833703506750904,-18.99615765337091,-4.242918882097278,19.464232998805265,0,1,29.273332260455792,11.866837475152039,raw,-9.498078826685456,-2.121459441048639,9.498078826685456,2.121459441048639,0,0,1450.1249809802173,983.1817142506517,1406.2974219622236,975.7122661006404,12,12,12,1.0133754623494973,0.1157193619155235,-18.591611699728617,-0.0960236342969155,1.0071034419871367,148.12266999349822,-5.041839034062629e-05,-1.8113833964117205e-06,1.0,1.0,0.0,397.08271445626525,0.0,1.0,119.57677311695895,0.0,0.0,1.0,14.608599901978417,9.252818500686407,0.166667,35.000000,5.29929991783,0
frame_0552.jpg,frame_0552,552,D:\visualization2026\visualization\left_downsample2_Q45\frame_0552.jpg,D:\visualization2026\visualization\right_downsample2_Q45\frame_0552.jpg,D:\visualization2026\dowsample2_Q45\stitched_frames\frame_0552.jpg,D:\visualization2026\dowsample2_Q45_hess_matched\stitched_frames\frame_0552.jpg,1979,1365,1.323154857238661,0.8406616772817763,20.0963726531,7.91762737049,43.774366380933316,10.894042534276082,-30.23150556537503,-2.9764151637847194,-13.732871718133204,-1.832606961186046,13.854609842968888,0,1,30.37767232650502,16.538234973227514,raw,-6.866435859066602,-0.916303480593023,6.866435859066602,0.916303480593023,0,0,1453.5218395667057,984.6438981455798,1409.7474731857724,973.7498556113037,12,12,12,1.0130835509937133,0.11570887440532099,-12.801832339220315,-0.09615672965593414,1.0070986602651928,150.7624876893716,-5.041839034062629e-05,-1.8113833964117205e-06,1.0,1.0,0.0,391.29293509575695,0.0,1.0,116.93695542108557,0.0,0.0,1.0,13.542860815558283,7.9176273704913624,0.200000,35.000000,6.55351183756,0
frame_0554.jpg,frame_0554,554,D:\visualization2026\visualization\left_downsample2_Q45\frame_0554.jpg,D:\visualization2026\visualization\right_downsample2_Q45\frame_0554.jpg,D:\visualization2026\dowsample2_Q45\stitched_frames\frame_0554.jpg,D:\visualization2026\dowsample2_Q45_hess_matched\stitched_frames\frame_0554.jpg,1979,1365,1.4917714278919707,0.8515772847854812,22.3863640275,6.43677430151,27.641882016723912,-1.2030356951620433,-14.332885451938559,7.639809996667345,-13.542353486751477,5.192980273703231,14.503874726541207,0,1,16.241868801451705,2.5713647118141743,raw,-6.771176743375738,2.5964901368516156,6.771176743375738,-2.5964901368516156,0,0,1453.3230657300523,977.2808013649278,1425.6811837133284,978.4838370600899,12,12,12,1.0135014728871827,0.1157238891008262,-21.090908817983,-0.0960705081983848,1.0071017579467245,149.05236848550922,-5.041839034062629e-05,-1.8113833964117205e-06,1.0,1.0,0.0,399.58201157451964,0.0,1.0,118.64707462494796,0.0,0.0,1.0,13.308996564785353,6.436774301505301,0.233333,35.000000,9.07736746267,0
frame_0556.jpg,frame_0556,556,D:\visualization2026\visualization\left_downsample2_Q45\frame_0556.jpg,D:\visualization2026\visualization\right_downsample2_Q45\frame_0556.jpg,D:\visualization2026\dowsample2_Q45\stitched_frames\frame_0556.jpg,D:\visualization2026\dowsample2_Q45_hess_matched\stitched_frames\frame_0556.jpg,1979,1365,1.8551272770157023,0.9193220969691609,27.3654156322,4.39004067781,4.272598208174713,-2.6592358385078114,9.433166855572722,7.0492765163162,-12.69161814384048,5.376537162108972,13.783480074516728,0,1,11.776117200867306,22.187928434564885,raw,-6.34580907192024,2.688268581054486,6.34580907192024,-2.688268581054486,0,0,1421.0973110648588,973.1071103818365,1416.824712856684,975.7663462203443,12,12,12,1.013386597102361,0.11571976195420629,-18.812458751535797,-0.0961722669192693,1.0070981020573515,151.07065427759886,-5.041839034062629e-05,-1.8113833964117205e-06,1.0,1.0,0.0,397.30356150807245,0.0,1.0,116.62878883285829,0.0,0.0,1.0,13.705765063747435,4.390040677808389,0.266667,35.000000,13.6596505685,0
frame_0558.jpg,frame_0558,558,D:\visualization2026\visualization\left_downsample2_Q45\frame_0558.jpg,D:\visualization2026\visualization\right_downsample2_Q45\frame_0558.jpg,D:\visualization2026\dowsample2_Q45\stitched_frames\frame_0558.jpg,D:\visualization2026\dowsample2_Q45_hess_matched\stitched_frames\frame_0558.jpg,1979,1365,2.1650325085674176,0.9794247607639583,32.5968835935,2.70450935487,17.45307308970098,-9.764350313769,-3.3615841560011877,12.468859668642239,-17.48760268626492,13.205779626875794,21.91366841189005,0,1,12.914050854560363,14.145227129395884,fused,-8.74380134313246,6.602889813437897,8.74380134313246,-6.602889813437897,4,7,170.92926356589146,1224.3110465116279,153.47619047619048,1234.0753968253969,12,12,12,1.0117518816353246,0.11566103147045141,13.61054118940281,-0.09575652608513693,1.0071130383938562,142.82483700093394,-5.041839034062629e-05,-1.8113833964117205e-06,1.0,1.0,0.0,364.88056156713384,0.0,1.0,124.87460610952321,0.0,0.0,1.0,14.091488933699791,2.7045093548732386,0.300000,35.000000,18.5053946598,0
frame_0560.jpg,frame_0560,560,D:\visualization2026\visualization\left_downsample2_Q45\frame_0560.jpg,D:\visualization2026\visualization\right_downsample2_Q45\frame_0560.jpg,D:\visualization2026\dowsample2_Q45\stitched_frames\frame_0560.jpg,D:\visualization2026\dowsample2_Q45_hess_matched\stitched_frames\frame_0560.jpg,1979,1365,2.163838042588033,0.9823463761186666,34.6809293666,2.79260629513,39.119510706096065,0.09145150242716227,-24.965282401460335,2.701154792703793,-30.70041980362827,19.478688450482522,36.35842515662597,0,1,25.11098489902003,17.730691939674653,fused,-15.350209901814136,9.739344225241261,15.350209901814136,-9.739344225241261,2,3,216.4088269454123,1221.8559814169569,177.28931623931624,1221.7645299145297,12,12,12,1.0122741688707284,0.11567979570350163,3.251479111553923,-0.09590521546217465,1.0071076964250436,145.77394695928766,-5.041839034062629e-05,-1.8113833964117205e-06,1.0,1.0,0.0,375.2396236449827,0.0,1.0,121.92549615116951,0.0,0.0,1.0,14.154228304635728,2.7926062951309554,0.333333,35.000000,20.526701062,0
frame_0562.jpg,frame_0562,562,D:\visualization2026\visualization\left_downsample2_Q45\frame_0562.jpg,D:\visualization2026\visualization\right_downsample2_Q45\frame_0562.jpg,D:\visualization2026\dowsample2_Q45\stitched_frames\frame_0562.jpg,D:\visualization2026\dowsample2_Q45_hess_matched\stitched_frames\frame_0562.jpg,1979,1365,1.8638614246167737,0.9667178094986113,33.1963017205,5.5252103376,68.8589231794449,-30.644586822453334,-54.211428277497234,36.169797160049384,-37.50546290631289,12.058392474965457,39.39625079746949,0,1,65.1700328562549,29.33341294277053,raw,-18.752731453156446,6.029196237482728,18.752731453156446,-6.029196237482728,0,0,1470.994378069916,957.3978724252651,1402.135454890471,988.0424592477184,12,12,12,1.012344344139853,0.1156823168930214,1.8596205327593331,-0.09565567015821541,1.0071166618485168,140.8244572537795,-5.041839034062629e-05,-1.8113833964117205e-06,1.0,1.0,0.0,376.6314822237773,0.0,1.0,126.87498585667765,0.0,0.0,1.0,14.647494901947663,5.52521033759605,0.366667,35.000000,18.5488068185,0
frame_0564.jpg,frame_0564,564,D:\visualization2026\visualization\left_downsample2_Q45\frame_0564.jpg,D:\visualization2026\visualization\right_downsample2_Q45\frame_0564.jpg,D:\visualization2026\dowsample2_Q45\stitched_frames\frame_0564.jpg,D:\visualization2026\dowsample2_Q45_hess_matched\stitched_frames\frame_0564.jpg,1979,1365,1.5973382981989772,0.96832811741778,31.6035615387,8.35407881144,95.79834664529471,-30.65027530326563,-80.39697103875531,39.00435411470099,-45.05476111094781,5.752225874282789,45.42047557295436,0,1,89.3588976661611,48.52603255056437,raw,-22.527380555473904,2.8761129371413947,22.527380555473904,-2.8761129371413947,0,0,1474.0755153074929,959.389054908759,1378.2771686621982,990.0393302120247,12,12,12,1.0123833435546974,0.11568371802645787,1.0861048655450318,-0.09558020845945407,1.007119372963792,139.32774745698643,-5.041839034062629e-05,-1.8113833964117205e-06,1.0,1.0,0.0,377.4049978909916,0.0,1.0,128.37169565347074,0.0,0.0,1.0,15.4013756065394,8.354078811435357,0.400000,35.000000,16.2021859322,0
frame_0566.jpg,frame_0566,566,D:\visualization2026\visualization\left_downsample2_Q45\frame_0566.jpg,D:\visualization2026\visualization\right_downsample2_Q45\frame_0566.jpg,D:\visualization2026\dowsample2_Q45\stitched_frames\frame_0566.jpg,D:\visualization2026\dowsample2_Q45_hess_matched\stitched_frames\frame_0566.jpg,1979,1365,1.6573675495839133,1.0099221866694386,34.2522304026,8.80268876195,40.678206129452064,38.85489212322011,-24.59204865785039,-30.052203361269115,-40.904032898941196,3.6338327301080353,41.065126904809006,0,1,38.831736814842,37.4276616612788,fused,-20.452016449470598,1.8169163650540177,20.452016449470598,-1.8169163650540177,2,4,1565.9274074074074,378.02049382716046,1525.2492012779553,339.16560170394035,12,12,12,1.0122986621428276,0.11568067567420487,2.765678753122579,-0.09545065438061286,1.0071240274580304,136.7581676277626,-5.041839034062629e-05,-1.8113833964117205e-06,1.0,1.0,0.0,375.72542400341405,0.0,1.0,130.94127548269458,0.0,0.0,1.0,16.086157471601673,8.802688761950998,0.433333,35.000000,18.166072931,0
frame_0568.jpg,frame_0568,568,D:\visualization2026\visualization\left_downsample2_Q45\frame_0568.jpg,D:\visualization2026\visualization\right_downsample2_Q45\frame_0568.jpg,D:\visualization2026\dowsample2_Q45\stitched_frames\frame_0568.jpg,D:\visualization2026\dowsample2_Q45_hess_matched\stitched_frames\frame_0568.jpg,1979,1365,1.9166338467853201,1.058019499069232,40.0326779245,7.33604510095,57.472434729811766,26.398018435723344,-41.1080751791758,-19.061973334771103,-33.321250654494364,4.0578257553064745,33.567420142752546,0,1,45.312610522373284,24.39589609224741,fused,-16.660625327247182,2.0289128776532372,16.660625327247182,-2.0289128776532372,6,4,1416.8205828779599,195.89162112932604,1359.348148148148,169.4936026936027,12,12,12,1.012209908152891,0.11567748700628726,4.526028287030293,-0.09554294074398659,1.0071207118824002,138.58857837174375,-5.041839034062629e-05,-1.8113833964117205e-06,1.0,1.0,0.0,373.96507446950636,0.0,1.0,129.11086473871342,0.0,0.0,1.0,16.364359550635964,7.336045100952239,0.466667,35.000000,23.6683183739,0
frame_0570.jpg,frame_0570,570,D:\visualization2026\visualization\left_downsample2_Q45\frame_0570.jpg,D:\visualization2026\visualization\right_downsample2_Q45\frame_0570.jpg,D:\visualization2026\dowsample2_Q45\stitched_frames\frame_0570.jpg,D:\visualization2026\dowsample2_Q45_hess_matched\stitched_frames\frame_0570.jpg,1979,1365,2.157141777938353,1.092258130973395,45.955499998,5.70693379818,20.622679109555747,13.597744726353653,-4.211641341427196,-7.890810928169976,-18.30916283803322,2.6217227595888852,18.495915064082745,0,1,8.94442954541794,17.585604251305494,fused,-9.15458141901661,1.3108613797944426,9.15458141901661,-1.3108613797944426,2,6,1677.8757655293086,550.8508311461067,1657.253086419753,537.253086419753,12,12,12,1.0121134409104204,0.11567402122405725,6.4393627235066315,-0.09541246704159269,1.0071253994159883,136.00075869895358,-5.041839034062629e-05,-1.8113833964117205e-06,1.0,1.0,0.0,372.05174003303,0.0,1.0,131.6986844115036,0.0,0.0,1.0,16.41103776812855,5.706933798183678,0.500000,35.000000,29.5444622299,0
frame_0572.jpg,frame_0572,572,D:\visualization2026\visualization\left_downsample2_Q45\frame_0572.jpg,D:\visualization2026\visualization\right_downsample2_Q45\frame_0572.jpg,D:\visualization2026\dowsample2_Q45\stitched_frames\frame_0572.jpg,D:\visualization2026\dowsample2_Q45_hess_matched\stitched_frames\frame_0572.jpg,1979,1365,2.210004868779343,1.0877531372696758,48.8023445529,5.03753142679,32.473774917354376,-33.25223085925609,-16.2975170552631,38.28976228604158,-20.316435452689433,9.539887442828102,22.444754441185705,0,1,41.61387939243545,29.02941626325977,raw,-10.158217726344716,4.769943721414051,10.158217726344716,-4.769943721414051,0,0,1441.0334761321049,955.8011948932285,1408.5597012147505,989.0534257524846,12,12,12,1.0123283652765351,0.11568174281980106,2.176545829462796,-0.09559017507860179,1.0071190148926927,139.52542570653762,-5.041839034062629e-05,-1.8113833964117205e-06,1.0,1.0,0.0,376.31455692707385,0.0,1.0,128.17401740391955,0.0,0.0,1.0,16.176257862091276,5.037531426785488,0.533333,35.000000,32.6260866908,0
frame_0574.jpg,frame_0574,574,D:\visualization2026\visualization\left_downsample2_Q45\frame_0574.jpg,D:\visualization2026\visualization\right_downsample2_Q45\frame_0574.jpg,D:\visualization2026\dowsample2_Q45\stitched_frames\frame_0574.jpg,D:\visualization2026\dowsample2_Q45_hess_matched\stitched_frames\frame_0574.jpg,1979,1365,2.174290905096626,1.0135979118822398,49.5205118501,3.49202267802,20.09901403109575,-28.33181645809634,-5.3365319564496065,31.823839136113044,-14.328981327813262,17.416590859191224,22.55343306570608,0,1,32.268177988281394,16.98331382885582,fused,-7.164490663906631,8.708295429595612,7.164490663906631,-8.708295429595612,2,9,1579.021236253318,487.2237390974592,1558.9222222222222,515.5555555555555,12,12,12,1.0124728051210976,0.11568693211550156,-0.6882787630439084,-0.09548028019622685,1.0071229630902443,137.3457670218295,-5.041839034062629e-05,-1.8113833964117205e-06,1.0,1.0,0.0,379.17938151958055,0.0,1.0,130.35367608862768,0.0,0.0,1.0,14.762482074646142,3.4920226780167027,0.566667,35.000000,34.7580297755,0
frame_0576.jpg,frame_0576,576,D:\visualization2026\visualization\left_downsample2_Q45\frame_0576.jpg,D:\visualization2026\visualization\right_downsample2_Q45\frame_0576.jpg,D:\visualization2026\dowsample2_Q45\stitched_frames\frame_0576.jpg,D:\visualization2026\dowsample2_Q45_hess_matched\stitched_frames\frame_0576.jpg,1979,1365,2.1118269460154053,0.9472830112402733,49.7806743456,2.42914736354,48.209182929319354,-2.1094726913840987,-34.62841173113146,4.5386200549269615,-15.994974069048778,21.049490563041445,26.43709984913462,0,1,34.92457545946333,24.896060813760194,fused,-7.997487034524389,10.524745281520723,7.997487034524389,-10.524745281520723,2,3,1018.2946530147894,1139.3748577929464,970.0854700854701,1141.4843304843305,12,12,12,1.012590828551878,0.11569117234771562,-3.029159342197196,-0.09557717626473693,1.007119481901565,139.2676068079762,-5.041839034062629e-05,-1.8113833964117205e-06,1.0,1.0,0.0,381.52026209873384,0.0,1.0,128.43183630248097,0.0,0.0,1.0,13.580771198187895,2.429147363542863,0.600000,35.000000,36.1999031474,0
frame_0578.jpg,frame_0578,578,D:\visualization2026\visualization\left_downsample2_Q45\frame_0578.jpg,D:\visualization2026\visualization\right_downsample2_Q45\frame_0578.jpg,D:\visualization2026\dowsample2_Q45\stitched_frames\frame_0578.jpg,D:\visualization2026\dowsample2_Q45_hess_matched\stitched_frames\frame_0578.jpg,1979,1365,2.0536002045195474,0.976185115473978,50.7746990703,3.7859900857,25.497789655022416,-16.535553661339804,-11.170804554794943,20.321543747044515,-13.265976698090489,11.316013178780848,17.436693838472408,0,1,23.1894806898402,9.246043863511192,fused,-6.632988349045244,5.658006589390424,6.632988349045244,-5.658006589390424,7,8,1612.4779541446208,464.05467372134035,1586.9801644895983,480.59022738268015,12,12,12,1.012535415613207,0.11568918152499444,-1.9300973075528232,-0.09531764702250163,1.0071288060183623,134.12009534475962,-5.041839034062629e-05,-1.8113833964117205e-06,1.0,1.0,0.0,380.4212000640895,0.0,1.0,133.57934776569755,0.0,0.0,1.0,14.326985100227473,3.7859900857047095,0.633333,35.000000,36.44771397,0
frame_0580.jpg,frame_0580,580,D:\visualization2026\visualization\left_downsample2_Q45\frame_0580.jpg,D:\visualization2026\visualization\right_downsample2_Q45\frame_0580.jpg,D:\visualization2026\dowsample2_Q45\stitched_frames\frame_0580.jpg,D:\visualization2026\dowsample2_Q45_hess_matched\stitched_frames\frame_0580.jpg,1979,1365,1.9894467867074326,1.098198105404716,52.082333257,7.61433872609,29.527329749103956,-2.6593488649939445,-12.541605047604776,10.27368759108112,-20.76928713599206,5.112647322760674,21.389306926224073,0,1,16.212356827100734,9.712419327788217,fused,-10.38464356799603,2.556323661380337,10.38464356799603,-2.556323661380337,5,3,442.76344086021504,1187.252688172043,413.2361111111111,1189.912037037037,12,12,12,1.0124756888714244,0.11568703572010747,-0.7454751611718464,-0.09506562452305745,1.0071378604401304,129.12147286313103,-5.041839034062629e-05,-1.8113833964117205e-06,1.0,1.0,0.0,379.2365779177085,0.0,1.0,138.57797024732614,0.0,0.0,1.0,16.98572470149918,7.614338726087177,0.666667,35.000000,35.0966085555,0
frame_0582.jpg,frame_0582,582,D:\visualization2026\visualization\left_downsample2_Q45\frame_0582.jpg,D:\visualization2026\visualization\right_downsample2_Q45\frame_0582.jpg,D:\visualization2026\dowsample2_Q45\stitched_frames\frame_0582.jpg,D:\visualization2026\dowsample2_Q45_hess_matched\stitched_frames\frame_0582.jpg,1979,1365,1.9189448335699488,1.2298909175633561,52.9717883771,11.7595727235,22.51133004926109,22.13719735876748,-2.6525302004716487,-10.37762463526141,-13.210664386698205,2.626897165926777,13.469307415688842,0,1,10.711256207130829,16.75087414948679,fused,-6.605332193349103,1.3134485829633884,6.605332193349103,-1.3134485829633884,3,4,238.0,1239.0567375886524,215.4886699507389,1216.919540229885,12,12,12,1.0124538334324518,0.11568625051893366,-0.31199367108432696,-0.0951620662243378,1.0071343955755199,131.03430071480983,-5.041839034062629e-05,-1.8113833964117205e-06,1.0,1.0,0.0,378.80309642762097,0.0,1.0,136.66514239564734,0.0,0.0,1.0,19.85879984878944,11.75957272350607,0.700000,35.000000,33.1129885283,0
frame_0584.jpg,frame_0584,584,D:\visualization2026\visualization\left_downsample2_Q45\frame_0584.jpg,D:\visualization2026\visualization\right_downsample2_Q45\frame_0584.jpg,D:\visualization2026\dowsample2_Q45\stitched_frames\frame_0584.jpg,D:\visualization2026\dowsample2_Q45_hess_matched\stitched_frames\frame_0584.jpg,1979,1365,1.8445805586749842,1.2828179393336008,52.9810385438,13.906893315,63.99109991275691,13.099883458989325,-42.85308414595746,0.8070098560121792,-15.730212289680274,3.234023895544004,16.05921820124996,0,1,42.86068228257935,27.231242624605247,fused,-7.865106144840137,1.617011947772002,7.865106144840137,-1.617011947772002,1,3,954.7002096436057,1171.1656184486371,890.7091097308488,1158.0657349896478,12,12,12,1.0125048512307762,0.11568808343728315,-1.3238823486057747,-0.09515311569245029,1.0071347171416138,130.85677557314887,-5.041839034062629e-05,-1.8113833964117205e-06,1.0,1.0,0.0,379.8149851051424,0.0,1.0,136.8426675373083,0.0,0.0,1.0,21.138015766799448,13.906893315001504,0.733333,35.000000,31.843022777,0
frame_0586.jpg,frame_0586,586,D:\visualization2026\visualization\left_downsample2_Q45\frame_0586.jpg,D:\visualization2026\visualization\right_downsample2_Q45\frame_0586.jpg,D:\visualization2026\dowsample2_Q45\stitched_frames\frame_0586.jpg,D:\visualization2026\dowsample2_Q45_hess_matched\stitched_frames\frame_0586.jpg,1979,1365,1.7485952678299093,1.2043288594008317,51.5404139367,12.8795273904,16.634330484330462,20.769658119657834,3.164702015337806,-7.890130729242527,-22.787718224407122,0.8217057733399378,22.802528417982877,0,1,8.501147085565593,27.375613446059077,fused,-11.393859112203561,0.4108528866699689,11.393859112203561,-0.4108528866699689,2,1,965.6880341880341,1168.0918803418801,949.0537037037036,1147.3222222222223,12,12,12,1.012656537484741,0.11569353307500539,-4.332432461768551,-0.09501547819215683,1.0071396620492372,128.12686889894587,-5.041839034062629e-05,-1.8113833964117205e-06,1.0,1.0,0.0,382.8235352183052,0.0,1.0,139.5725742115113,0.0,0.0,1.0,19.799032499668268,12.879527390415307,0.766667,35.000000,31.741381437,0
frame_0588.jpg,frame_0588,588,D:\visualization2026\visualization\left_downsample2_Q45\frame_0588.jpg,D:\visualization2026\visualization\right_downsample2_Q45\frame_0588.jpg,D:\visualization2026\dowsample2_Q45\stitched_frames\frame_0588.jpg,D:\visualization2026\dowsample2_Q45_hess_matched\stitched_frames\frame_0588.jpg,1979,1365,1.6749613931175773,1.0971481902505111,50.4619558636,10.8759368833,41.583728351457665,-12.481240511819578,-23.768544069705303,23.357177395130655,-29.395086009264336,15.421131761579408,33.19461381459409,0,1,33.32418675768586,9.72824724682841,fused,-14.697543004632168,7.710565880789704,14.697543004632168,-7.710565880789704,2,6,182.56648697214732,1210.317610062893,140.98275862068965,1222.7988505747126,12,12,12,1.012866172070166,0.11570106462460043,-8.490331672923505,-0.09521437934094366,1.0071325161202218,132.07188077741037,-5.041839034062629e-05,-1.8113833964117205e-06,1.0,1.0,0.0,386.98143442946014,0.0,1.0,135.6275623330468,0.0,0.0,1.0,17.815184281752362,10.875936883311075,0.800000,35.000000,32.6467715819,0
frame_0590.jpg,frame_0590,590,D:\visualization2026\visualization\left_downsample2_Q45\frame_0590.jpg,D:\visualization2026\visualization\right_downsample2_Q45\frame_0590.jpg,D:\visualization2026\dowsample2_Q45\stitched_frames\frame_0590.jpg,D:\visualization2026\dowsample2_Q45_hess_matched\stitched_frames\frame_0590.jpg,1979,1365,1.6802165280269108,1.082506286618738,51.9234385373,10.44207696,65.33187354020697,12.229979979980044,-47.829134721239,-1.7879030199392112,-22.116693265173964,17.08302123459911,27.94597887867869,0,1,47.86253989699186,31.89422248389345,fused,-11.058346632586982,8.541510617299554,11.058346632586982,-8.541510617299554,1,2,1014.1081081081081,1157.6096096096096,948.7762345679012,1145.3796296296296,12,12,12,1.0126987718263525,0.11569505042977686,-5.170109772091983,-0.0954665951270029,1.0071234547542383,137.0743369120721,-5.041839034062629e-05,-1.8113833964117205e-06,1.0,1.0,0.0,383.6612125286286,0.0,1.0,130.62510619838505,0.0,0.0,1.0,17.50273881896797,10.442076960040833,0.833333,35.000000,34.4206997183,0
frame_0592.jpg,frame_0592,592,D:\visualization2026\visualization\left_downsample2_Q45\frame_0592.jpg,D:\visualization2026\visualization\right_downsample2_Q45\frame_0592.jpg,D:\visualization2026\dowsample2_Q45\stitched_frames\frame_0592.jpg,D:\visualization2026\dowsample2_Q45_hess_matched\stitched_frames\frame_0592.jpg,1979,1365,1.752709201612646,1.143117238605715,55.6376642264,11.2524688179,54.230507456228224,-51.36703648801415,-35.689369124757725,62.61950530593594,-24.070046129985467,17.183852800461054,29.57451466664401,0,1,72.07588718346344,46.89783774818525,raw,-12.035023064992734,8.591926400230527,12.035023064992734,-8.591926400230527,0,0,1450.520928505743,918.4919260856623,1396.2904210495149,969.8589625736764,12,12,12,1.0128169037506145,0.11569929455984031,-7.513142214501945,-0.09559486194695684,1.0071188465073981,139.61838520650124,-5.041839034062629e-05,-1.8113833964117205e-06,1.0,1.0,0.0,386.0042449710386,0.0,1.0,128.08105790395592,0.0,0.0,1.0,18.5411383314705,11.25246881792179,0.866667,35.000000,37.096525895,0
frame_0594.jpg,frame_0594,594,D:\visualization2026\visualization\left_downsample2_Q45\frame_0594.jpg,D:\visualization2026\visualization\right_downsample2_Q45\frame_0594.jpg,D:\visualization2026\dowsample2_Q45\stitched_frames\frame_0594.jpg,D:\visualization2026\dowsample2_Q45_hess_matched\stitched_frames\frame_0594.jpg,1979,1365,1.8363191092905353,1.2084683258714826,59.8086526955,12.0692662951,26.107127954174643,2.952809074010929,-6.461120425505598,9.116457221110675,-21.48165873011008,14.202721014589942,25.752260988410114,0,1,11.173892312763114,15.858330628945424,fused,-10.74082936505504,7.101360507294971,10.74082936505504,-7.101360507294971,4,2,929.2490421455938,1156.0881226053639,903.1419141914191,1153.135313531353,12,12,12,1.0127961961793783,0.11569855059815365,-7.102427570576927,-0.09538405325853018,1.0071264202390355,135.43719879808089,-5.041839034062629e-05,-1.8113833964117205e-06,1.0,1.0,0.0,385.59353032711357,0.0,1.0,132.26224431237628,0.0,0.0,1.0,19.646007528669045,12.069266295121604,0.900000,35.000000,40.1626451668,0
frame_0596.jpg,frame_0596,596,D:\visualization2026\visualization\left_downsample2_Q45\frame_0596.jpg,D:\visualization2026\visualization\right_downsample2_Q45\frame_0596.jpg,D:\visualization2026\dowsample2_Q45\stitched_frames\frame_0596.jpg,D:\visualization2026\dowsample2_Q45_hess_matched\stitched_frames\frame_0596.jpg,1979,1365,1.8807258518197685,1.2282898626378191,62.7656839175,12.1178200496,26.5316536802477,19.503792949575995,-6.6020623087197094,-7.3859728999328045,-13.530249556082305,14.210392085763964,19.62149067428386,0,1,9.906554517427299,22.68044882999336,fused,-6.7651247780411525,7.105196042881982,6.7651247780411525,-7.105196042881982,8,3,1773.3654618473893,744.429718875502,1746.8338081671416,724.925925925926,12,12,12,1.0125456019779795,0.11568954749090281,-2.1321339990053305,-0.09537039878772834,1.007126910803719,135.1663755784265,-5.041839034062629e-05,-1.8113833964117205e-06,1.0,1.0,0.0,380.62323675554194,0.0,1.0,132.53306753203066,0.0,0.0,1.0,19.92959137152799,12.117820049643191,0.933333,35.000000,42.836092546,0
frame_0598.jpg,frame_0598,598,D:\visualization2026\visualization\left_downsample2_Q45\frame_0598.jpg,D:\visualization2026\visualization\right_downsample2_Q45\frame_0598.jpg,D:\visualization2026\dowsample2_Q45\stitched_frames\frame_0598.jpg,D:\visualization2026\dowsample2_Q45_hess_matched\stitched_frames\frame_0598.jpg,1979,1365,1.8734156859273199,1.1908732576929708,64.0234728507,11.2259986558,30.013871374527128,2.774480190034865,-10.826607070328368,8.451518465775095,-12.582600678780189,0.12854849660448942,12.583257311110623,0,1,13.734758280822478,8.50619437002467,fused,-6.291300339390094,0.06427424830224471,6.291300339390094,-0.06427424830224471,7,6,195.33333333333331,1205.8682170542634,165.3194619588062,1203.0937368642285,12,12,12,1.0129414781964838,0.1157037701506186,-9.983955840795605,-0.09506561160920184,1.007137860904087,129.12121672929706,-5.041839034062629e-05,-1.8113833964117205e-06,1.0,1.0,0.0,388.47505859733224,0.0,1.0,138.5782263811601,0.0,0.0,1.0,19.18726430419876,11.22599865580996,0.966667,35.000000,44.8362085465,0
frame_0600.jpg,frame_0600,600,D:\visualization2026\visualization\left_downsample2_Q45\frame_0600.jpg,D:\visualization2026\visualization\right_downsample2_Q45\frame_0600.jpg,D:\visualization2026\dowsample2_Q45\stitched_frames\frame_0600.jpg,D:\visualization2026\dowsample2_Q45_hess_matched\stitched_frames\frame_0600.jpg,1979,1365,1.8614192318323894,1.126012036003928,65.1496731141,9.67297184541,25.97071044897143,11.422519509476047,-8.072088851100123,-1.7495476640691017,-12.8931250095238,0.24737740061015678,12.895497977571114,0,1,8.259511816621158,5.218246770206713,fused,-6.4465625047619,0.12368870030507839,6.4465625047619,-0.12368870030507839,10,6,1603.941724941725,513.5384615384615,1577.9710144927535,502.1159420289855,12,12,12,1.012935672338285,0.11570356156333383,-9.868802259737194,-0.09480052242962725,1.0071473847729613,123.86342928738068,-5.041839034062629e-05,-1.8113833964117205e-06,1.0,1.0,0.0,388.35990501627384,0.0,1.0,143.83601382307648,0.0,0.0,1.0,17.89862159787131,9.672971845406945,1.000000,35.000000,47.2510515163,0
frame_0602.jpg,frame_0602,602,D:\visualization2026\visualization\left_downsample2_Q45\frame_0602.jpg,D:\visualization2026\visualization\right_downsample2_Q45\frame_0602.jpg,D:\visualization2026\dowsample2_Q45\stitched_frames\frame_0602.jpg,D:\visualization2026\dowsample2_Q45_hess_matched\stitched_frames\frame_0602.jpg,1979,1365,1.897504549423676,1.062805108111018,66.4126592298,7.65993414344,47.46471257398014,15.449646783297567,-30.95112473824714,-7.789712639861416,-17.52355532191945,0.8171872308823683,17.54259918286594,0,1,31.916324123779525,15.949242797553374,fused,-8.761777660959725,0.40859361544118417,8.761777660959725,-0.40859361544118417,2,4,988.3099787685775,1167.188959660297,940.8452661945973,1151.7393128769995,12,12,12,1.0132671640735436,0.11571547107931082,-16.44362015890053,-0.09498740869766906,1.0071406705030161,127.57013762890458,-5.041839034062629e-05,-1.8113833964117205e-06,1.0,1.0,0.0,394.9347229154372,0.0,1.0,140.1293054815526,0.0,0.0,1.0,16.513587835732995,7.659934143436151,1.000000,35.000000,49.8990713941,0
frame_0604.jpg,frame_0604,604,D:\visualization2026\visualization\left_downsample2_Q45\frame_0604.jpg,D:\visualization2026\visualization\right_downsample2_Q45\frame_0604.jpg,D:\visualization2026\dowsample2_Q45\stitched_frames\frame_0604.jpg,D:\visualization2026\dowsample2_Q45_hess_matched\stitched_frames\frame_0604.jpg,1979,1365,2.068500353383527,1.0304834774183185,72.3975123684,5.03530508526,23.40636861240955,-4.675296655879265,-8.013742079223647,9.710601741139012,-16.371822980981708,5.238758143673668,17.189565864457077,0,1,12.590307712178117,9.479182534402671,fused,-8.185911490490854,2.619379071836834,8.185911490490854,-2.619379071836834,2,1,902.5843621399176,1175.4444444444443,879.1779935275081,1180.1197411003236,12,12,12,1.0136445896044781,0.11572903086048388,-23.929490461082978,-0.09534422613150949,1.0071278511097186,134.6472662605364,-5.041839034062629e-05,-1.8113833964117205e-06,1.0,1.0,0.0,402.4205932176196,0.0,1.0,133.05217684992076,0.0,0.0,1.0,15.392626533185904,5.035305085259748,1.000000,35.000000,57.0048858352,0
frame_0606.jpg,frame_0606,606,D:\visualization2026\visualization\left_downsample2_Q45\frame_0606.jpg,D:\visualization2026\visualization\right_downsample2_Q45\frame_0606.jpg,D:\visualization2026\dowsample2_Q45\stitched_frames\frame_0606.jpg,D:\visualization2026\dowsample2_Q45_hess_matched\stitched_frames\frame_0606.jpg,1979,1365,2.2966999296314086,1.0245039143951402,80.3844975371,2.49414188565,44.4076511799409,7.031065634218294,-29.754213870697967,-4.536923748571747,-16.98324031645735,9.554198296908897,19.486229926365933,0,1,30.098121538786927,19.017294392834742,fused,-8.491620158228676,4.7770991484544485,8.491620158228676,-4.7770991484544485,2,1,988.0979166666666,1169.6770833333333,943.6902654867257,1162.646017699115,12,12,12,1.013168176908219,0.11571191476371812,-14.480305490271126,-0.0951759782754379,1.0071338957567393,131.31023279050882,-5.041839034062629e-05,-1.8113833964117205e-06,1.0,1.0,0.0,392.97140824680775,0.0,1.0,136.38921031994835,0.0,0.0,1.0,14.653437309242934,2.4941418856465467,1.000000,35.000000,65.7310602279,0
frame_0608.jpg,frame_0608,608,D:\visualization2026\visualization\left_downsample2_Q45\frame_0608.jpg,D:\visualization2026\visualization\right_downsample2_Q45\frame_0608.jpg,D:\visualization2026\dowsample2_Q45\stitched_frames\frame_0608.jpg,D:\visualization2026\dowsample2_Q45_hess_matched\stitched_frames\frame_0608.jpg,1979,1365,2.4336364523168967,1.0293429648577401,85.1772758311,1.18733726335,19.44946134128554,-29.37203576638649,-5.067945365639664,30.559373029731596,-12.076569724255279,13.756271599651162,18.305150767698375,0,1,30.97675499789149,18.206181177549322,fused,-6.0382848621276395,6.878135799825581,6.0382848621276395,-6.878135799825581,2,3,855.2090483619345,1159.8403536141445,835.759587020649,1189.212389380531,12,12,12,1.0130500574773633,0.11570767108250576,-12.137520842490758,-0.09533294009714133,1.0071282565834976,134.4234186864287,-5.041839034062629e-05,-1.8113833964117205e-06,1.0,1.0,0.0,390.6286235990274,0.0,1.0,133.27602442402846,0.0,0.0,1.0,14.381515975645877,1.1873372633451083,1.000000,35.000000,70.7957598554,0
frame_0610.jpg,frame_0610,610,D:\visualization2026\visualization\left_downsample2_Q45\frame_0610.jpg,D:\visualization2026\visualization\right_downsample2_Q45\frame_0610.jpg,D:\visualization2026\dowsample2_Q45\stitched_frames\frame_0610.jpg,D:\visualization2026\dowsample2_Q45_hess_matched\stitched_frames\frame_0610.jpg,1979,1365,2.410333063593196,1.1070116741328206,84.3616572258,3.44094896755,27.155702470582355,-16.386704134559523,-11.129175528478335,19.827653102107035,-18.846876712656915,14.1231986056162,23.55142247669488,0,1,22.737510318440226,9.597067920506031,raw,-9.423438356328457,7.0615993028081,9.423438356328457,-7.0615993028081,1,2,978.6504689917498,1162.2549272827312,951.4947665211674,1178.6416314172907,12,12,12,1.0131388914114567,0.1157108626225801,-13.899455991417422,-0.09528272586001836,1.0071300606322735,133.4274678680125,-5.041839034062629e-05,-1.8113833964117205e-06,1.0,1.0,0.0,392.39055874795406,0.0,1.0,134.27197524244465,0.0,0.0,1.0,16.02652694210402,3.440948967547514,1.000000,35.000000,68.3351302837,0
frame_0612.jpg,frame_0612,612,D:\visualization2026\visualization\left_downsample2_Q45\frame_0612.jpg,D:\visualization2026\visualization\right_downsample2_Q45\frame_0612.jpg,D:\visualization2026\dowsample2_Q45\stitched_frames\frame_0612.jpg,D:\visualization2026\dowsample2_Q45_hess_matched\stitched_frames\frame_0612.jpg,1979,1365,2.3194824599497075,1.2333194949442827,81.1818860982,7.65962835628,25.262745412721415,-5.561025517573398,-6.417771777236773,13.220653873849908,-19.67721143267118,19.259067694803107,27.533694598419842,0,1,14.696036317212863,14.569666483800688,fused,-9.83860571633559,9.629533847401554,9.83860571633559,-9.629533847401554,2,10,1625.3308457711441,1004.7400497512438,1600.0681003584227,1010.3010752688172,12,12,12,1.0133064531330207,0.11571688261882083,-17.222880647223317,-0.09540894771550351,1.0071255258549483,135.93095627040722,-5.041839034062629e-05,-1.8113833964117205e-06,1.0,1.0,0.0,395.7139834037599,0.0,1.0,131.76848684004995,0.0,0.0,1.0,18.844973635484642,7.659628356276509,1.000000,35.000000,62.3369124628,0
frame_0614.jpg,frame_0614,614,D:\visualization2026\visualization\left_downsample2_Q45\frame_0614.jpg,D:\visualization2026\visualization\right_downsample2_Q45\frame_0614.jpg,D:\visualization2026\dowsample2_Q45\stitched_frames\frame_0614.jpg,D:\visualization2026\dowsample2_Q45_hess_matched\stitched_frames\frame_0614.jpg,1979,1365,2.266720958573682,1.297919063653623,79.3352335501,9.88309801822,62.16876748727759,-1.6621387527461593,-41.86527702123183,11.545236770964198,-20.247508686350745,17.803459418090547,26.961542523665923,0,1,43.42803141016302,22.505405094812065,fused,-10.123754343175372,8.901729709045274,10.123754343175372,-8.901729709045274,1,3,1067.0862932604734,1134.0457650273224,1004.9175257731958,1135.7079037800686,12,12,12,1.0132919471199775,0.11571636146074743,-16.93516791095235,-0.09553659254795677,1.0071209399542764,138.4626680444419,-5.041839034062629e-05,-1.8113833964117205e-06,1.0,1.0,0.0,395.426270667489,0.0,1.0,129.23677506601527,0.0,0.0,1.0,20.303490466045755,9.883098018218039,1.000000,35.000000,59.031743084,0
frame_0616.jpg,frame_0616,616,D:\visualization2026\visualization\left_downsample2_Q45\frame_0616.jpg,D:\visualization2026\visualization\right_downsample2_Q45\frame_0616.jpg,D:\visualization2026\dowsample2_Q45\stitched_frames\frame_0616.jpg,D:\visualization2026\dowsample2_Q45_hess_matched\stitched_frames\frame_0616.jpg,1979,1365,2.002798223267007,1.2604310377753087,70.0979378143,11.672984443,54.159864825999534,-9.469437254338118,-33.90588747076927,21.1424216973628,-21.798020330135344,18.458336439443997,28.563330940643105,0,1,39.9576175517208,12.401804722177324,fused,-10.899010165067672,9.229168219721998,10.899010165067672,-9.229168219721998,2,4,986.0921052631579,1136.5994152046783,931.9322404371584,1146.0688524590164,12,12,12,1.0132669392333566,0.115715463001469,-16.43916067129178,-0.0954840217315777,1.0071228286679637,137.41997675612637,-5.041839034062629e-05,-1.8113833964117205e-06,1.0,1.0,0.0,394.93026342782844,0.0,1.0,130.2794663543308,0.0,0.0,1.0,20.253977355230266,11.672984443024683,1.000000,35.000000,49.8439604591,0
frame_0618.jpg,frame_0618,618,D:\visualization2026\visualization\left_downsample2_Q45\frame_0618.jpg,D:\visualization2026\visualization\right_downsample2_Q45\frame_0618.jpg,D:\visualization2026\dowsample2_Q45\stitched_frames\frame_0618.jpg,D:\visualization2026\dowsample2_Q45_hess_matched\stitched_frames\frame_0618.jpg,1979,1365,1.5305322065491964,1.1947530174740244,53.5686272292,14.9121434406,28.113394979203804,-8.36918820558526,-7.919431634037512,23.281331646168777,-23.045330209755207,19.78653315833772,30.37423478711281,0,1,24.59141721465223,15.524381604220016,fused,-11.522665104877603,9.89326657916886,11.522665104877603,-9.89326657916886,4,2,1113.5590277777776,1120.607638888889,1085.4456327985738,1128.9768270944742,12,12,12,1.0133392862378352,0.1157180622150061,-17.874093519993664,-0.09563167758830697,1.0071175238304737,140.34858783894168,-5.041839034062629e-05,-1.8113833964117205e-06,1.0,1.0,0.0,396.3651962765303,0.0,1.0,127.35085527151548,0.0,0.0,1.0,20.193963345166292,14.912143440583517,1.000000,35.000000,33.3746638841,0
frame_0620.jpg,frame_0620,620,D:\visualization2026\visualization\left_downsample2_Q45\frame_0620.jpg,D:\visualization2026\visualization\right_downsample2_Q45\frame_0620.jpg,D:\visualization2026\dowsample2_Q45\stitched_frames\frame_0620.jpg,D:\visualization2026\dowsample2_Q45_hess_matched\stitched_frames\frame_0620.jpg,1979,1365,1.3257743400511153,1.1631032590450623,46.4021019018,16.234389213,38.985027018019935,-6.867648995850004,-18.881733747401316,23.102038208874305,-15.026147334656603,18.954862600113575,24.188259960402117,0,1,29.83662244142326,5.662562327784268,fused,-7.513073667328301,9.477431300056788,7.513073667328301,-9.477431300056788,4,3,175.14292175486204,1221.001356852103,136.1578947368421,1227.869005847953,12,12,12,1.0132412831535649,0.11571454125453028,-15.93029714712033,-0.09550685463134988,1.0071220083495191,137.8728452356222,-5.041839034062629e-05,-1.8113833964117205e-06,1.0,1.0,0.0,394.42139990365695,0.0,1.0,129.82659787483496,0.0,0.0,1.0,20.103293270618618,16.2343892130243,1.000000,35.000000,26.2988086312,0
frame_0622.jpg,frame_0622,622,D:\visualization2026\visualization\left_downsample2_Q45\frame_0622.jpg,D:\visualization2026\visualization\right_downsample2_Q45\frame_0622.jpg,D:\visualization2026\dowsample2_Q45\stitched_frames\frame_0622.jpg,D:\visualization2026\dowsample2_Q45_hess_matched\stitched_frames\frame_0622.jpg,1979,1365,1.4909414928348461,1.178270240442437,52.1829522492,14.8996260498,32.619675010979336,-4.962011418533166,-12.654321175336076,19.8616374683185,-10.98288036800997,18.703746280954174,21.689946660154007,0,1,23.5502969690718,2.033328889818589,fused,-5.491440184004985,9.351873140477087,5.491440184004985,-9.351873140477087,4,3,911.9227053140096,1151.8864734299516,879.3030303030303,1156.8484848484848,12,12,12,1.0133457379614077,0.11571829400632032,-18.002057215962267,-0.0956443919691405,1.0071170670404377,140.60076528347426,-5.041839034062629e-05,-1.8113833964117205e-06,1.0,1.0,0.0,396.4931599724989,0.0,1.0,127.09867782698292,0.0,0.0,1.0,19.96535383564326,14.899626049785331,1.000000,35.000000,32.2175984136,0
frame_0624.jpg,frame_0624,624,D:\visualization2026\visualization\left_downsample2_Q45\frame_0624.jpg,D:\visualization2026\visualization\right_downsample2_Q45\frame_0624.jpg,D:\visualization2026\dowsample2_Q45\stitched_frames\frame_0624.jpg,D:\visualization2026\dowsample2_Q45_hess_matched\stitched_frames\frame_0624.jpg,1979,1365,1.682251853441425,1.1907425996454535,58.8788148704,13.2217356888,21.471161945294142,5.834851709003715,-1.7693626457388447,7.3868839798434855,-13.32837148566773,15.034801387837836,20.09205662025894,0,1,7.595834325721191,13.860062266853536,fused,-6.664185742833865,7.517400693918918,6.664185742833865,-7.517400693918918,6,7,161.32876712328766,1231.0079908675798,139.85760517799352,1225.173139158576,12,12,12,1.0133749306671698,0.11571934281375262,-18.581066295085634,-0.09559823943898409,1.0071187251641158,139.68537449363328,-5.041839034062629e-05,-1.8113833964117205e-06,1.0,1.0,0.0,397.07216905162227,0.0,1.0,128.0140686168239,0.0,0.0,1.0,19.701799299555297,13.2217356888472,1.000000,35.000000,39.1770155709,0
frame_0626.jpg,frame_0626,626,D:\visualization2026\visualization\left_downsample2_Q45\frame_0626.jpg,D:\visualization2026\visualization\right_downsample2_Q45\frame_0626.jpg,D:\visualization2026\dowsample2_Q45\stitched_frames\frame_0626.jpg,D:\visualization2026\dowsample2_Q45_hess_matched\stitched_frames\frame_0626.jpg,1979,1365,1.8331344331438615,1.1861258522732,64.15970516,11.5243910467,32.88910281235593,-8.3624490548641,-13.689552637536107,19.8868401015658,-9.924559340236602,17.368593220902373,20.00412228944458,0,1,24.143120358419235,4.529541023181187,fused,-4.962279670118301,8.684296610451186,4.962279670118301,-8.684296610451186,8,2,162.38865836791146,1232.0677731673582,129.49955555555553,1240.4302222222223,12,12,12,1.0131610244167157,0.11571165779588824,-14.338442740290384,-0.09574108252401714,1.0071135932352546,142.51852890550555,-5.041839034062629e-05,-1.8113833964117205e-06,1.0,1.0,0.0,392.829545496827,0.0,1.0,125.18091420495162,0.0,0.0,1.0,19.199550174819823,11.524391046701698,1.000000,35.000000,44.9601549852,0
frame_0628.jpg,frame_0628,628,D:\visualization2026\visualization\left_downsample2_Q45\frame_0628.jpg,D:\visualization2026\visualization\right_downsample2_Q45\frame_0628.jpg,D:\visualization2026\dowsample2_Q45\stitched_frames\frame_0628.jpg,D:\visualization2026\dowsample2_Q45_hess_matched\stitched_frames\frame_0628.jpg,1979,1365,1.9224237087460985,1.1597597396233468,67.2848298061,9.90833471532,38.06783671011317,4.971727534735692,-19.646887222326303,4.936607180587094,-7.671071765422646,18.226572324335677,19.77506714841959,0,1,20.25759778409653,17.8897548719893,fused,-3.835535882711323,9.113286162167839,3.835535882711323,-9.113286162167839,5,4,619.3174603174602,1164.5357142857142,581.2496236073471,1159.5639867509785,12,12,12,1.012851235172181,0.11570052798610761,-8.194072750654012,-0.09574285342846,1.0071135296119043,142.55365308203938,-5.041839034062629e-05,-1.8113833964117205e-06,1.0,1.0,0.0,386.68517550719065,0.0,1.0,125.14579002841779,0.0,0.0,1.0,18.420949487786867,9.908334715322786,1.000000,35.000000,48.8638803183,0
frame_0630.jpg,frame_0630,630,D:\visualization2026\visualization\left_downsample2_Q45\frame_0630.jpg,D:\visualization2026\visualization\right_downsample2_Q45\frame_0630.jpg,D:\visualization2026\dowsample2_Q45\stitched_frames\frame_0630.jpg,D:\visualization2026\dowsample2_Q45_hess_matched\stitched_frames\frame_0630.jpg,1979,1365,1.98578317748753,1.12774253781199,69.5024112121,8.4172032834,19.46007335412901,-26.3537940907986,-1.8626730202456763,34.77099737419699,-11.149348822145756,19.69894595993796,22.63529215827441,0,1,34.82085307939432,17.703363558478486,raw,-5.574674411072878,9.84947297996898,5.574674411072878,-9.84947297996898,0,0,1385.6842357773928,832.6190205153866,1366.2241624232638,858.9728146061852,12,12,12,1.0127949986606486,0.11569850757485342,-7.078675944996193,-0.09568080486474374,1.0071157588329749,141.32297984362225,-5.041839034062629e-05,-1.8113833964117205e-06,1.0,1.0,0.0,385.5697787015328,0.0,1.0,126.3764632668349,0.0,0.0,1.0,17.597400333883332,8.417203283398385,1.000000,35.000000,51.9050108782,0
frame_0632.jpg,frame_0632,632,D:\visualization2026\visualization\left_downsample2_Q45\frame_0632.jpg,D:\visualization2026\visualization\right_downsample2_Q45\frame_0632.jpg,D:\visualization2026\dowsample2_Q45\stitched_frames\frame_0632.jpg,D:\visualization2026\dowsample2_Q45_hess_matched\stitched_frames\frame_0632.jpg,1979,1365,2.0073799106915295,1.1010667544150756,70.2582968742,7.50103598507,18.382518605425958,-16.650497000419932,-1.3868833012662982,24.151532985485023,-8.119886669491573,20.213177933006214,21.783138471688517,0,1,24.191320568342324,7.800254795576761,raw,-4.059943334745786,10.106588966503107,4.059943334745786,-10.106588966503107,0,0,1384.7366019519836,829.5731407536388,1366.3540833465577,846.2236377540587,12,12,12,1.0127583697839015,0.11569719160782788,-6.352177607784516,-0.09582958199464095,1.007110413711462,144.27383029505614,-5.041839034062629e-05,-1.8113833964117205e-06,1.0,1.0,0.0,384.8432803643212,0.0,1.0,123.42561281540101,0.0,0.0,1.0,16.99563530415966,7.501035985065092,1.000000,35.000000,53.26266157,0
frame_0634.jpg,frame_0634,634,D:\visualization2026\visualization\left_downsample2_Q45\frame_0634.jpg,D:\visualization2026\visualization\right_downsample2_Q45\frame_0634.jpg,D:\visualization2026\dowsample2_Q45\stitched_frames\frame_0634.jpg,D:\visualization2026\dowsample2_Q45_hess_matched\stitched_frames\frame_0634.jpg,1979,1365,1.935817717684472,1.0867015076367572,67.753620119,7.8776616177,36.05740302862603,-6.871090540155365,-19.160747929354397,14.748752157854888,-8.59321301215157,23.636818812654393,25.15039787865122,0,1,24.179742583950063,13.80834975970915,fused,-4.296606506075785,11.818409406327197,4.296606506075785,-11.818409406327197,4,3,929.9688249400479,1144.8585131894483,893.9114219114218,1151.7296037296037,12,12,12,1.01269477967541,0.11569490700362058,-5.0909293199709635,-0.09558189523599438,1.007119312362908,139.3612030379542,-5.041839034062629e-05,-1.8113833964117205e-06,1.0,1.0,0.0,383.5820320765076,0.0,1.0,128.33824007250297,0.0,0.0,1.0,16.89665509927163,7.8776616176995224,1.000000,35.000000,50.8569650197,0
frame_0636.jpg,frame_0636,636,D:\visualization2026\visualization\left_downsample2_Q45\frame_0636.jpg,D:\visualization2026\visualization\right_downsample2_Q45\frame_0636.jpg,D:\visualization2026\dowsample2_Q45\stitched_frames\frame_0636.jpg,D:\visualization2026\dowsample2_Q45_hess_matched\stitched_frames\frame_0636.jpg,1979,1365,1.7653932783725423,1.0788774050659384,61.788764743,9.45742276633,15.740620490620472,-13.000577200577254,1.4577581257348093,22.45799996690707,-14.004528658805153,15.998729735979193,21.26231822074441,0,1,22.50526207949474,16.75722186173801,fused,-7.002264329402577,7.999364867989597,7.002264329402577,-7.999364867989597,4,1,839.9603174603174,1159.3373015873015,824.2196969696969,1172.3378787878787,12,12,12,1.0125100724634735,0.11568827102070564,-1.4274404483774088,-0.09514818021004391,1.007134894458875,130.75888505397475,-5.041839034062629e-05,-1.8113833964117205e-06,1.0,1.0,0.0,379.91854320491404,0.0,1.0,136.94055805648242,0.0,0.0,1.0,17.19837861635528,9.457422766329817,1.000000,35.000000,44.5903861267,0
frame_0638.jpg,frame_0638,638,D:\visualization2026\visualization\left_downsample2_Q45\frame_0638.jpg,D:\visualization2026\visualization\right_downsample2_Q45\frame_0638.jpg,D:\visualization2026\dowsample2_Q45\stitched_frames\frame_0638.jpg,D:\visualization2026\dowsample2_Q45_hess_matched\stitched_frames\frame_0638.jpg,2083,1463,1.63267383077946,1.072501315550273,57.1435840773,10.6803512766,39.441102982329994,-11.374460302230545,-22.01351893562629,22.054811578827987,-15.567926365353502,10.551140188588919,18.80656509297551,0,1,31.161029021949552,13.186361099126653,fused,-7.783963182676751,5.2755700942944594,7.783963182676751,-5.2755700942944594,5,2,1213.3522727272727,1188.6325757575758,1173.9111697449428,1200.0070360598063,12,12,12,1.0552792654617695,0.18615285326205006,-20.281469947783528,-0.15762881931969652,1.0062040591535784,260.2005770528255,-5.028822364908953e-05,-2.1938224405536065e-06,1.0,1.0,0.0,471.51570850234464,0.0,1.0,208.19960058580304,0.0,0.0,1.0,17.427584046703704,10.680351276597444,1.000000,35.000000,39.7160000306,0
frame_0640.jpg,frame_0640,640,D:\visualization2026\visualization\left_downsample2_Q45\frame_0640.jpg,D:\visualization2026\visualization\right_downsample2_Q45\frame_0640.jpg,D:\visualization2026\dowsample2_Q45\stitched_frames\frame_0640.jpg,D:\visualization2026\dowsample2_Q45_hess_matched\stitched_frames\frame_0640.jpg,2083,1463,1.6607616155479477,1.06221888680534,58.1266565442,10.1205308938,46.06140998593537,13.539978902953408,-28.919251253513576,-3.419448009179005,-16.253867078226843,6.236285684303836,17.40917729626875,0,1,29.120709430769793,15.926240908232657,fused,-8.126933539113422,3.118142842151918,8.126933539113422,-3.118142842151918,4,8,741.5375,1251.2583333333332,695.4760900140647,1237.7183544303798,12,12,12,1.0553629916904135,0.18615650581658338,-21.946397093118634,-0.15765043085196753,1.0062031163510485,260.6303303967067,-5.028822364908953e-05,-2.1938224405536065e-06,1.0,1.0,0.0,473.1806356476797,0.0,1.0,207.76984724192184,0.0,0.0,1.0,17.142158732421795,10.120530893774403,1.000000,35.000000,40.9844978118,0
frame_0642.jpg,frame_0642,642,D:\visualization2026\visualization\left_downsample2_Q45\frame_0642.jpg,D:\visualization2026\visualization\right_downsample2_Q45\frame_0642.jpg,D:\visualization2026\dowsample2_Q45\stitched_frames\frame_0642.jpg,D:\visualization2026\dowsample2_Q45_hess_matched\stitched_frames\frame_0642.jpg,2083,1463,1.8131181208198477,1.0480799147403452,63.4591342287,8.16135601299,25.64584417710728,11.247770764452525,-9.203871834008044,-3.0864147514663482,-20.80271153621758,3.9791014047675555,21.179850217801423,0,1,9.707585320506624,13.581406443794931,fused,-10.40135576810879,1.9895507023837777,10.40135576810879,-1.9895507023837777,3,1,1028.620596205962,1366.2222222222222,1002.9747520288548,1354.9744514577696,12,12,12,1.0554908072220113,0.18616208176580415,-24.488056398675855,-0.15791923987348958,1.0061913895645198,265.97569760231295,-5.028822364908953e-05,-2.1938224405536065e-06,1.0,1.0,0.0,475.72229495323694,0.0,1.0,202.42448003631563,0.0,0.0,1.0,16.441972343099234,8.161356012986177,1.000000,35.000000,47.0171618856,0
frame_0644.jpg,frame_0644,644,D:\visualization2026\visualization\left_downsample2_Q45\frame_0644.jpg,D:\visualization2026\visualization\right_downsample2_Q45\frame_0644.jpg,D:\visualization2026\dowsample2_Q45\stitched_frames\frame_0644.jpg,D:\visualization2026\dowsample2_Q45_hess_matched\stitched_frames\frame_0644.jpg,2083,1463,1.9654747136022834,1.0372385893088918,68.7916149761,6.28751684077,38.39940397766486,13.113037204341481,-22.590451493721112,-6.825520363570521,-20.152933778400982,7.0797098020098606,21.36031438807233,0,1,23.59907258609292,14.117256056694092,fused,-10.076466889200491,3.5398549010049303,10.076466889200491,-3.5398549010049303,0,3,947.0004140786749,1381.7544513457556,908.60101010101,1368.641414141414,12,12,12,1.055399532012165,0.18615809988716345,-22.673014959089343,-0.15776785616841446,1.0061979936746919,262.965376415956,-5.028822364908953e-05,-2.1938224405536065e-06,1.0,1.0,0.0,473.90725351365046,0.0,1.0,205.43480122267258,0.0,0.0,1.0,15.808952483943749,6.28751684077096,1.000000,35.000000,52.9826624921,0
frame_0646.jpg,frame_0646,646,D:\visualization2026\visualization\left_downsample2_Q45\frame_0646.jpg,D:\visualization2026\visualization\right_downsample2_Q45\frame_0646.jpg,D:\visualization2026\dowsample2_Q45\stitched_frames\frame_0646.jpg,D:\visualization2026\dowsample2_Q45_hess_matched\stitched_frames\frame_0646.jpg,2083,1463,2.0245148044766665,1.0606774204695313,70.8580181567,6.2766491186,37.41308715720879,-4.895429450629081,-21.286464164218874,11.172078569225667,-14.471884762909266,12.673789471870066,19.23695371331464,0,1,24.04015175017674,6.978081975147202,fused,-7.235942381454633,6.336894735935033,7.235942381454633,-6.336894735935033,2,3,967.3632183908045,1385.2436781609194,929.9501312335957,1390.1391076115485,12,12,12,1.0552431035330472,0.18615127569885595,-19.56237656769511,-0.15797299797881303,1.0061890443685821,267.04469748782435,-5.028822364908953e-05,-2.1938224405536065e-06,1.0,1.0,0.0,470.7966151222562,0.0,1.0,201.3554801508042,0.0,0.0,1.0,16.12662299298992,6.276649118596586,1.000000,35.000000,54.7313951637,0
frame_0648.jpg,frame_0648,648,D:\visualization2026\visualization\left_downsample2_Q45\frame_0648.jpg,D:\visualization2026\visualization\right_downsample2_Q45\frame_0648.jpg,D:\visualization2026\dowsample2_Q45\stitched_frames\frame_0648.jpg,D:\visualization2026\dowsample2_Q45_hess_matched\stitched_frames\frame_0648.jpg,2083,1463,2.0411550387659823,1.1716079163128015,71.4404263568,8.97329546364,37.105675208989396,-28.58455810139469,-18.7646301465433,37.55785356503951,-15.088239898420323,16.27148053067718,22.190449790224836,0,1,41.9845651275503,21.601516664681704,raw,-7.544119949210161,8.13574026533859,7.544119949210161,-8.13574026533859,0,0,1477.1721761256122,847.3898683187643,1440.0665009166228,875.974426420159,12,12,12,1.0552823211862206,0.18615298656794924,-20.342234163123827,-0.15821637330906457,1.0061784271261696,271.884306298623,-5.028822364908953e-05,-2.1938224405536065e-06,1.0,1.0,0.0,471.5764727176849,0.0,1.0,196.51587134000556,0.0,0.0,1.0,18.341045062446096,8.973295463644817,1.000000,35.000000,53.0993812944,0
frame_0650.jpg,frame_0650,650,D:\visualization2026\visualization\left_downsample2_Q45\frame_0650.jpg,D:\visualization2026\visualization\right_downsample2_Q45\frame_0650.jpg,D:\visualization2026\dowsample2_Q45\stitched_frames\frame_0650.jpg,D:\visualization2026\dowsample2_Q45_hess_matched\stitched_frames\frame_0650.jpg,2083,1463,2.044208611904889,1.309925873296116,71.5473014167,12.5207596622,21.6640625,-12.030190677965948,-0.5140061760549948,24.550950340122014,-14.402407317663254,20.28465054127787,24.877628185292195,0,1,24.556330445572684,14.52890223808541,fused,-7.201203658831627,10.142325270638935,7.201203658831627,-10.142325270638935,3,5,615.8307291666666,1430.4895833333333,594.1666666666666,1442.5197740112992,12,12,12,1.0552467829205594,0.1861514362120399,-19.635542554585935,-0.1584437445149928,1.0061685080632616,276.4056671546922,-5.028822364908953e-05,-2.1938224405536065e-06,1.0,1.0,0.0,470.869781109147,0.0,1.0,191.99451048393638,0.0,0.0,1.0,21.150056323945005,12.520759662156067,1.000000,35.000000,50.3972450927,0
frame_0652.jpg,frame_0652,652,D:\visualization2026\visualization\left_downsample2_Q45\frame_0652.jpg,D:\visualization2026\visualization\right_downsample2_Q45\frame_0652.jpg,D:\visualization2026\dowsample2_Q45\stitched_frames\frame_0652.jpg,D:\visualization2026\dowsample2_Q45_hess_matched\stitched_frames\frame_0652.jpg,2083,1463,2.0676266925585907,1.4013037318922876,72.3669342396,14.6405420009,35.23353845694555,-0.2614985416965965,-12.285647511563333,14.902040542569237,-9.174050780356058,24.164738246687996,25.8475875518683,0,1,19.31341365763079,9.771366484558172,raw,-4.587025390178029,12.082369123343998,4.587025390178029,-12.082369123343998,0,0,1459.76883726218,873.6674967263915,1424.5352988052346,873.9289952680881,12,12,12,1.0551373844244805,0.1861466637055116,-17.460112838827612,-0.15829228917658217,1.006175115298436,273.3939215128598,-5.028822364908953e-05,-2.1938224405536065e-06,1.0,1.0,0.0,468.69435139338873,0.0,1.0,195.00625612576874,0.0,0.0,1.0,22.94789094538222,14.64054200087264,1.000000,35.000000,49.4190432942,0
frame_0654.jpg,frame_0654,654,D:\visualization2026\visualization\left_downsample2_Q45\frame_0654.jpg,D:\visualization2026\visualization\right_downsample2_Q45\frame_0654.jpg,D:\visualization2026\dowsample2_Q45\stitched_frames\frame_0654.jpg,D:\visualization2026\dowsample2_Q45_hess_matched\stitched_frames\frame_0654.jpg,2083,1463,2.1408831338541816,1.4056211987502358,74.9309096849,13.9861817409,41.99892183288398,0.7458520515126565,-19.161288589935772,13.240329689432915,-13.644699555413975,21.389410721684925,25.370942374662484,0,1,23.290798842282793,9.840745715951389,fused,-6.822349777706988,10.694705360842462,6.822349777706988,-10.694705360842462,2,4,961.3354297693919,1391.796645702306,919.3365079365079,1391.0507936507934,12,12,12,1.0554034602739994,0.18615827125748316,-22.751129904289513,-0.15845839083070004,1.0061678691181222,276.6969145809171,-5.028822364908953e-05,-2.1938224405536065e-06,1.0,1.0,0.0,473.9853684588506,0.0,1.0,191.7032630577114,0.0,0.0,1.0,22.837633242948208,13.986181740945572,1.000000,35.000000,52.0932764419,0
frame_0656.jpg,frame_0656,656,D:\visualization2026\visualization\left_downsample2_Q45\frame_0656.jpg,D:\visualization2026\visualization\right_downsample2_Q45\frame_0656.jpg,D:\visualization2026\dowsample2_Q45\stitched_frames\frame_0656.jpg,D:\visualization2026\dowsample2_Q45_hess_matched\stitched_frames\frame_0656.jpg,2083,1463,2.1932932274040446,1.3790566482446813,76.7652629591,12.7506586005,17.299449342927574,-17.821858495771494,4.855318522317113,30.572517096276307,-14.248022422595891,14.187683996350817,20.107126103327257,0,1,30.955660541414115,25.167447049114926,fused,-7.124011211297946,7.093841998175408,7.124011211297946,-7.093841998175408,5,1,627.6086956521739,1403.3985507246375,610.3092463092463,1421.220409220409,12,12,12,1.0553697013333647,0.18615679852458153,-22.079820834589718,-0.15826425509608158,1.006176338284464,272.8364534126499,-5.028822364908953e-05,-2.1938224405536065e-06,1.0,1.0,0.0,473.3140593891508,0.0,1.0,195.56372422597863,0.0,0.0,1.0,22.154767865244686,12.750658600504813,1.000000,35.000000,54.6104950939,0
frame_0658.jpg,frame_0658,658,D:\visualization2026\visualization\left_downsample2_Q45\frame_0658.jpg,D:\visualization2026\visualization\right_downsample2_Q45\frame_0658.jpg,D:\visualization2026\dowsample2_Q45\stitched_frames\frame_0658.jpg,D:\visualization2026\dowsample2_Q45_hess_matched\stitched_frames\frame_0658.jpg,2083,1463,2.148517687082773,1.3511055268494978,75.1981190479,12.4955838951,62.824471711440424,-11.185632044929207,-41.11787402183289,23.68121594002416,-17.514381639652182,9.231621780954809,19.79839399865516,0,1,47.44975819193787,27.67518064977126,fused,-8.757190819826091,4.6158108904774044,8.757190819826091,-4.6158108904774044,1,6,719.7258523820518,1408.8518433002384,656.9013806706114,1420.0374753451676,12,12,12,1.0553723200392633,0.1861569127655578,-22.13189477374388,-0.15852218568101648,1.0061650860694467,277.9654988674015,-5.028822364908953e-05,-2.1938224405536065e-06,1.0,1.0,0.0,473.36613332830495,0.0,1.0,190.43467877122708,0.0,0.0,1.0,21.706597689607534,12.495583895094954,1.000000,35.000000,53.4915213583,0
frame_0660.jpg,frame_0660,660,D:\visualization2026\visualization\left_downsample2_Q45\frame_0660.jpg,D:\visualization2026\visualization\right_downsample2_Q45\frame_0660.jpg,D:\visualization2026\dowsample2_Q45\stitched_frames\frame_0660.jpg,D:\visualization2026\dowsample2_Q45_hess_matched\stitched_frames\frame_0660.jpg,2083,1463,2.0162213126680903,1.2182608540949715,70.5677459434,10.4413293099,22.88935538178987,21.899012596467855,-3.530620511964578,-11.457683286548527,-16.390432740445632,9.805171747363364,19.099415656358833,0,1,11.98931972608782,24.849220807601654,fused,-8.195216370222816,4.902585873681682,8.195216370222816,-4.902585873681682,7,9,754.2903645833333,1429.3359375,731.4010092015434,1407.4369249035321,12,12,12,1.0553252276295313,0.18615485836041573,-21.19544472013589,-0.15861611316791993,1.0061609884852887,279.8332818210979,-5.028822364908953e-05,-2.1938224405536065e-06,1.0,1.0,0.0,472.42968327469697,0.0,1.0,188.56689581753062,0.0,0.0,1.0,19.35873486982529,10.441329309919329,1.000000,35.000000,51.2090110736,0
frame_0662.jpg,frame_0662,662,D:\visualization2026\visualization\left_downsample2_Q45\frame_0662.jpg,D:\visualization2026\visualization\right_downsample2_Q45\frame_0662.jpg,D:\visualization2026\dowsample2_Q45\stitched_frames\frame_0662.jpg,D:\visualization2026\dowsample2_Q45_hess_matched\stitched_frames\frame_0662.jpg,2083,1463,1.9015756622364925,1.0823825270808136,66.5551481783,8.12398518865,45.51877163595759,18.002255723059534,-28.61744359684477,-9.878270534410813,-22.226624523976,3.2762771891573066,22.466793940168763,0,1,30.274383672828098,14.624797237355956,fused,-11.113312261988,1.6381385945786533,11.113312261988,-1.6381385945786533,2,1,1052.2088888888889,1395.662222222222,1006.6901172529313,1377.6599664991625,12,12,12,1.0553932389249003,0.18615782535139622,-22.547874582118908,-0.1583471059895384,1.0061727239164056,274.4839741927624,-5.028822364908953e-05,-2.1938224405536065e-06,1.0,1.0,0.0,473.78211313668,0.0,1.0,193.91620344586613,0.0,0.0,1.0,16.901328039112823,8.12398518864872,1.000000,35.000000,49.6538201392,0
frame_0664.jpg,frame_0664,664,D:\visualization2026\visualization\left_downsample2_Q45\frame_0664.jpg,D:\visualization2026\visualization\right_downsample2_Q45\frame_0664.jpg,D:\visualization2026\dowsample2_Q45\stitched_frames\frame_0664.jpg,D:\visualization2026\dowsample2_Q45_hess_matched\stitched_frames\frame_0664.jpg,2083,1463,1.8983294244570388,1.0703236041457913,66.441529856,7.84587183942,30.206037631337495,-8.26220768205485,-13.541544093903038,16.10807952147569,-16.485362382072424,0.4094061935838176,16.490445303253438,0,1,21.04385046319482,15.972301348572916,fused,-8.242681191036212,0.2047030967919088,8.242681191036212,-0.2047030967919088,2,5,1023.4554707379134,1407.3409669211196,993.2494331065759,1415.6031746031745,12,12,12,1.0553215910763933,0.18615469971588025,-21.12313051068392,-0.15847501528533525,1.006167143876724,277.02749803423643,-5.028822364908953e-05,-2.1938224405536065e-06,1.0,1.0,0.0,472.35736906524505,0.0,1.0,191.37267960439206,0.0,0.0,1.0,16.664493537434456,7.84587183942084,1.000000,35.000000,49.7770363186,0
frame_0666.jpg,frame_0666,666,D:\visualization2026\visualization\left_downsample2_Q45\frame_0666.jpg,D:\visualization2026\visualization\right_downsample2_Q45\frame_0666.jpg,D:\visualization2026\dowsample2_Q45\stitched_frames\frame_0666.jpg,D:\visualization2026\dowsample2_Q45_hess_matched\stitched_frames\frame_0666.jpg,2083,1463,1.941243752096664,1.168687740917246,67.9435313234,9.94256105747,42.87751835292818,12.014516752221652,-24.325640395334705,-2.071955694753978,-15.427517297447032,1.7901379298724205,15.531029707363105,0,1,24.413721163398318,9.700121743078382,fused,-7.713758648723516,0.8950689649362102,7.713758648723516,-0.8950689649362102,3,5,868.8720538720538,1413.5117845117845,825.9945355191256,1401.4972677595629,12,12,12,1.0555113746629616,0.18616297901987733,-24.897047598956252,-0.15816036164751657,1.0061808706334385,270.7704936108085,-5.028822364908953e-05,-2.1938224405536065e-06,1.0,1.0,0.0,476.13128615351735,0.0,1.0,197.62968402782005,0.0,0.0,1.0,18.551877957593472,9.942561057467675,1.000000,35.000000,49.3916533658,0
frame_0668.jpg,frame_0668,668,D:\visualization2026\visualization\left_downsample2_Q45\frame_0668.jpg,D:\visualization2026\visualization\right_downsample2_Q45\frame_0668.jpg,D:\visualization2026\dowsample2_Q45\stitched_frames\frame_0668.jpg,D:\visualization2026\dowsample2_Q45_hess_matched\stitched_frames\frame_0668.jpg,2083,1463,1.9835892971154188,1.271545118515192,69.425625399,12.1614746418,32.94388327721663,2.8146136796078736,-12.411563312315021,9.346860962156715,-17.775902750498176,13.454487631893674,22.293630391480622,0,1,15.537397262781607,6.756384718618494,fused,-8.887951375249088,6.727243815946837,8.887951375249088,-6.727243815946837,4,6,799.6969696969697,1419.9188660801565,766.7530864197531,1417.1042524005486,12,12,12,1.0555182253064992,0.18616327787902234,-25.033275189444623,-0.15867155068076705,1.0061585700252418,280.9356773488056,-5.028822364908953e-05,-2.1938224405536065e-06,1.0,1.0,0.0,476.2675137440057,0.0,1.0,187.46450028982298,0.0,0.0,1.0,20.532319964901607,12.161474641764588,1.000000,35.000000,48.8933054341,0
frame_0670.jpg,frame_0670,670,D:\visualization2026\visualization\left_downsample2_Q45\frame_0670.jpg,D:\visualization2026\visualization\right_downsample2_Q45\frame_0670.jpg,D:\visualization2026\dowsample2_Q45\stitched_frames\frame_0670.jpg,D:\visualization2026\dowsample2_Q45_hess_matched\stitched_frames\frame_0670.jpg,2083,1463,2.0005057761217273,1.2875544465999305,70.0177021643,12.3988585727,19.054026750717185,16.95288317775885,1.7586049111623723,-4.554024605105512,-21.25245798797051,22.757447719000204,31.137893268708453,0,1,4.881785670988725,35.71310034508684,fused,-10.626228993985254,11.378723859500102,10.626228993985254,-11.378723859500102,4,2,1120.4109589041095,1409.0502283105022,1101.3569321533923,1392.0973451327434,12,12,12,1.0556538092226624,0.1861691927238165,-27.729411706600448,-0.15882527828386808,1.00615186366258,283.9926078177312,-5.028822364908953e-05,-2.1938224405536065e-06,1.0,1.0,0.0,478.96365026116155,0.0,1.0,184.40756982089738,0.0,0.0,1.0,20.812631661879557,12.398858572653337,1.000000,35.000000,49.2050705024,0
frame_0672.jpg,frame_0672,672,D:\visualization2026\visualization\left_downsample2_Q45\frame_0672.jpg,D:\visualization2026\visualization\right_downsample2_Q45\frame_0672.jpg,D:\visualization2026\dowsample2_Q45\stitched_frames\frame_0672.jpg,D:\visualization2026\dowsample2_Q45_hess_matched\stitched_frames\frame_0672.jpg,2083,1463,2.0011310444465025,1.2788074101899092,70.0395865556,12.1659636183,60.992150418207984,-36.277514357415384,-40.35937086210048,48.443477975695444,-11.592423689962704,17.04614111803318,20.61444187999059,0,1,63.05275073116362,42.58321278811737,raw,-5.796211844981352,8.52307055901659,5.796211844981352,-8.52307055901659,0,0,1488.7097292703052,873.5975269268531,1427.7175788520972,909.8750412842685,12,12,12,1.0557946163072216,0.1861753354291952,-30.52941286675125,-0.1575531300501464,1.0062073610959814,258.69546782331156,-5.028822364908953e-05,-2.1938224405536065e-06,1.0,1.0,0.0,481.7636514213124,0.0,1.0,209.704709815317,0.0,0.0,1.0,20.63277955610751,12.16596361828006,1.000000,35.000000,49.4068069995,0
frame_0674.jpg,frame_0674,674,D:\visualization2026\visualization\left_downsample2_Q45\frame_0674.jpg,D:\visualization2026\visualization\right_downsample2_Q45\frame_0674.jpg,D:\visualization2026\dowsample2_Q45\stitched_frames\frame_0674.jpg,D:\visualization2026\dowsample2_Q45_hess_matched\stitched_frames\frame_0674.jpg,2083,1463,1.9982093423874439,1.2549943097117335,69.9373269836,11.5802813497,51.07997714147723,-51.042598607283935,-30.924320281264706,62.62287995700836,-9.528810765374805,12.764916617480342,15.929260210491528,0,1,69.84224136558132,54.254809333461445,raw,-4.764405382687403,6.382458308740171,4.764405382687403,-6.382458308740171,0,0,1483.5100137927316,863.8660631807618,1432.4300366512543,914.9086617880457,12,12,7,1.055965940191709,0.18618280942917206,-33.9362519247894,-0.15722582477449445,1.0062216397800654,252.18688088383496,-5.028822364908953e-05,-2.1938224405536065e-06,1.0,1.0,0.0,485.1704904793505,0.0,1.0,216.2132967547936,0.0,0.0,1.0,20.155656860212524,11.580281349724423,1.000000,35.000000,49.7816701233,0
frame_0676.jpg,frame_0676,676,D:\visualization2026\visualization\left_downsample2_Q45\frame_0676.jpg,D:\visualization2026\visualization\right_downsample2_Q45\frame_0676.jpg,D:\visualization2026\dowsample2_Q45\stitched_frames\frame_0676.jpg,D:\visualization2026\dowsample2_Q45_hess_matched\stitched_frames\frame_0676.jpg,2083,1463,2.001447139160369,1.1937076078621125,70.0506498706,9.96044213245,-5.075927260299665,40.58893083203975,23.974531094704318,-30.62848869958911,-12.267479577711613,13.06567876384565,17.922137616634313,0,1,38.89578976228407,56.768508945560576,fused,-6.133739788855807,6.532839381922825,6.133739788855807,-6.532839381922825,2,4,204.98244123477767,1444.8603794958933,210.05836849507733,1404.2714486638536,12,12,12,1.056050769208622,0.18618651009281478,-35.62310842434296,-0.1573352135556063,1.0062168676973524,254.3621174138659,-5.028822364908953e-05,-2.1938224405536065e-06,1.0,1.0,0.0,486.85734697890405,0.0,1.0,214.03806022476266,0.0,0.0,1.0,18.898603834404653,9.960442132450641,1.000000,35.000000,51.1520460362,0
frame_0678.jpg,frame_0678,678,D:\visualization2026\visualization\left_downsample2_Q45\frame_0678.jpg,D:\visualization2026\visualization\right_downsample2_Q45\frame_0678.jpg,D:\visualization2026\dowsample2_Q45\stitched_frames\frame_0678.jpg,D:\visualization2026\dowsample2_Q45_hess_matched\stitched_frames\frame_0678.jpg,2083,1463,2.0286694625677235,1.0933473625343701,71.0034311899,7.07863528479,18.874305555555566,19.137896825396865,-2.0934986893755365,-12.059261540607483,-12.32713991794629,10.060415358793135,15.911327278013788,0,1,12.239629310857085,24.372269466116208,fused,-6.163569958973145,5.030207679396567,6.163569958973145,-5.030207679396567,3,7,1733.6520833333332,495.3125,1714.7777777777776,476.17460317460313,12,12,12,1.0560220847230195,0.18618525873288108,-35.05270677716982,-0.15769777007971453,1.006201051178477,261.5716885181894,-5.028822364908953e-05,-2.1938224405536065e-06,1.0,1.0,0.0,486.2869453317309,0.0,1.0,206.82848912043917,0.0,0.0,1.0,16.78080686618003,7.0786352847893825,1.000000,35.000000,54.2226243237,0
frame_0680.jpg,frame_0680,680,D:\visualization2026\visualization\left_downsample2_Q45\frame_0680.jpg,D:\visualization2026\visualization\right_downsample2_Q45\frame_0680.jpg,D:\visualization2026\dowsample2_Q45\stitched_frames\frame_0680.jpg,D:\visualization2026\dowsample2_Q45_hess_matched\stitched_frames\frame_0680.jpg,2083,1463,2.0575421402846956,0.9901689412095998,72.01397491,4.10664079876,26.53588312795472,7.156854672040026,-11.934739150521663,-3.0502138732789756,-14.477331623570338,1.3384259874420423,14.539068576173989,0,1,12.318352295000256,5.071975582661373,fused,-7.238665811785169,0.6692129937210212,7.238665811785169,-0.6692129937210212,8,3,228.46078431372547,1451.1335784313724,201.92490118577075,1443.9767237593323,12,12,12,1.0561388378945384,0.18619035208693294,-37.37438694495144,-0.15752550523069153,1.0062085662280071,258.1461380309601,-5.028822364908953e-05,-2.1938224405536065e-06,1.0,1.0,0.0,488.6086254995125,0.0,1.0,210.2540396076684,0.0,0.0,1.0,14.601143977433056,4.106640798761051,1.000000,35.000000,57.4128309325,0
frame_0682.jpg,frame_0682,682,D:\visualization2026\visualization\left_downsample2_Q45\frame_0682.jpg,D:\visualization2026\visualization\right_downsample2_Q45\frame_0682.jpg,D:\visualization2026\dowsample2_Q45\stitched_frames\frame_0682.jpg,D:\visualization2026\dowsample2_Q45_hess_matched\stitched_frames\frame_0682.jpg,2083,1463,2.054113860625396,0.924530776479763,71.8939851219,2.44390553766,53.931167679714235,-30.973255412772232,-40.657672563273856,33.41716095043288,-26.6515881658748,10.004131801604629,28.467346291273355,0,1,52.6284427306141,27.28260130689423,raw,-13.3257940829374,5.0020659008023145,13.3257940829374,-5.0020659008023145,0,0,1485.2470298504377,849.5711506123778,1431.3158621707234,880.54440602515,12,12,12,1.056399277190055,0.18620171374438366,-42.55331904113829,-0.15757586013093483,1.006206369496802,259.1474639197941,-5.028822364908953e-05,-2.1938224405536065e-06,1.0,1.0,0.0,493.7875575956994,0.0,1.0,209.25271371883443,0.0,0.0,1.0,13.273495116440378,2.443905537660645,1.000000,35.000000,58.6204900054,0
frame_0684.jpg,frame_0684,684,D:\visualization2026\visualization\left_downsample2_Q45\frame_0684.jpg,D:\visualization2026\visualization\right_downsample2_Q45\frame_0684.jpg,D:\visualization2026\dowsample2_Q45\stitched_frames\frame_0684.jpg,D:\visualization2026\dowsample2_Q45_hess_matched\stitched_frames\frame_0684.jpg,2083,1463,1.9802095425249462,0.9220909416894507,69.3073339884,3.15363047862,55.099028248370814,-15.859302621634015,-41.67527880938495,19.012933100252894,-28.74860781591745,12.862947923695426,31.495045334800366,0,1,45.807428315881936,14.315066910260345,raw,-14.374303907958724,6.431473961847713,14.374303907958724,-6.431473961847713,0,0,1488.5588682088674,864.5555264982735,1433.4598399604965,880.4148291199075,12,12,12,1.056577213108576,0.18620947619417222,-46.09164085108409,-0.15821605052803506,1.0061784412074835,271.8778876779975,-5.028822364908953e-05,-2.1938224405536065e-06,1.0,1.0,0.0,497.3258794056452,0.0,1.0,196.52228996063104,0.0,0.0,1.0,13.423749438985864,3.153630478618879,1.000000,35.000000,55.8835845494,0
frame_0686.jpg,frame_0686,686,D:\visualization2026\visualization\left_downsample2_Q45\frame_0686.jpg,D:\visualization2026\visualization\right_downsample2_Q45\frame_0686.jpg,D:\visualization2026\dowsample2_Q45\stitched_frames\frame_0686.jpg,D:\visualization2026\dowsample2_Q45_hess_matched\stitched_frames\frame_0686.jpg,2110,1494,1.8722155007561305,0.9630860855882908,65.5275425265,5.34386471814,51.44767317312517,-7.3561756530839375,-36.89675161681798,12.700040371223826,-32.427701817320646,12.94968872266515,34.91776457860643,0,1,39.021292973245714,4.476017248599978,raw,-16.213850908660323,6.474844361332575,16.213850908660323,-6.474844361332575,0,0,1515.5782946684799,845.9194351411822,1464.1306214953547,853.2756107942662,12,12,12,1.1097859835813437,0.17903419304301194,-20.228305135009396,-0.1484576260674923,1.0655076105775083,243.75231919362906,-2.5609084082661256e-05,1.2161342044248762e-05,1.0,1.0,0.0,530.5202398585112,0.0,1.0,179.73484231810986,0.0,0.0,1.0,14.55092155630719,5.343864718139889,1.000000,35.000000,50.9766209702,0
frame_0688.jpg,frame_0688,688,D:\visualization2026\visualization\left_downsample2_Q45\frame_0688.jpg,D:\visualization2026\visualization\right_downsample2_Q45\frame_0688.jpg,D:\visualization2026\dowsample2_Q45\stitched_frames\frame_0688.jpg,D:\visualization2026\dowsample2_Q45_hess_matched\stitched_frames\frame_0688.jpg,2110,1494,1.7869599497301891,1.0210505715076863,62.5435982406,7.73544179451,28.540804432522123,5.500622724659934,-12.578596939588795,2.234819069846508,-30.65660361528081,8.068761509810885,31.700666515495445,0,1,12.775582853380202,18.996031421304362,fused,-15.328301807640406,4.034380754905443,15.328301807640406,-4.034380754905443,5,3,969.9436274509802,1413.8578431372548,941.4028230184581,1408.3572204125949,12,12,12,1.1096598045024113,0.17909411345768866,-15.301183238535094,-0.14845196388417267,1.0655049216977404,243.53121861457885,-2.5609084082661256e-05,1.2161342044248762e-05,1.0,1.0,0.0,525.5931179620369,0.0,1.0,179.95594289716007,0.0,0.0,1.0,15.962207492933327,7.735441794506442,1.000000,35.000000,46.5813907476,0
frame_0690.jpg,frame_0690,690,D:\visualization2026\visualization\left_downsample2_Q45\frame_0690.jpg,D:\visualization2026\visualization\right_downsample2_Q45\frame_0690.jpg,D:\visualization2026\dowsample2_Q45\stitched_frames\frame_0690.jpg,D:\visualization2026\dowsample2_Q45_hess_matched\stitched_frames\frame_0690.jpg,2110,1494,1.7416383087466194,1.1134980738845393,60.9573408061,10.6017581193,48.298014090258675,13.218267997727708,-30.330209157537638,-2.6165098784303655,-26.86473781538827,8.819321056501025,28.2753348660488,0,1,30.442859778343816,11.949381607246139,raw,-13.432368907694135,4.409660528250512,13.432368907694135,-4.409660528250512,0,0,1510.3431660188921,865.1093611707333,1462.0451519286335,851.8910931730056,12,12,11,1.109695278145199,0.17907726759541165,-16.686380876734184,-0.14841340512110754,1.0654866107614755,242.0255512138748,-2.5609084082661256e-05,1.2161342044248762e-05,1.0,1.0,0.0,526.978315600236,0.0,1.0,181.46161029786413,0.0,0.0,1.0,17.967804932721037,10.601758119297342,1.000000,35.000000,42.9895358734,0
frame_0692.jpg,frame_0692,692,D:\visualization2026\visualization\left_downsample2_Q45\frame_0692.jpg,D:\visualization2026\visualization\right_downsample2_Q45\frame_0692.jpg,D:\visualization2026\dowsample2_Q45\stitched_frames\frame_0692.jpg,D:\visualization2026\dowsample2_Q45_hess_matched\stitched_frames\frame_0692.jpg,2110,1494,1.7088159716102922,1.2199145163075258,59.8085590064,13.698850264,52.026287538381894,4.686325377820822,-31.802181553074703,9.01252488616156,-23.873728448772013,11.561319088770366,26.52581778415271,0,1,33.05456634654895,8.328068234253323,raw,-11.936864224386007,5.780659544385183,11.936864224386007,-5.780659544385183,0,0,1515.6081917677247,860.3260499870844,1463.5819042293429,855.6397246092636,12,12,12,1.1096904322694343,0.1790795688238542,-16.497156000549417,-0.14835216617056124,1.0654575293690436,239.63425325301716,-2.5609084082661256e-05,1.2161342044248762e-05,1.0,1.0,0.0,526.7890907240512,0.0,1.0,183.85290825872175,0.0,0.0,1.0,20.22410598530719,13.698850263982381,1.000000,35.000000,39.5844530211,0
frame_0694.jpg,frame_0694,694,D:\visualization2026\visualization\left_downsample2_Q45\frame_0694.jpg,D:\visualization2026\visualization\right_downsample2_Q45\frame_0694.jpg,D:\visualization2026\dowsample2_Q45\stitched_frames\frame_0694.jpg,D:\visualization2026\dowsample2_Q45_hess_matched\stitched_frames\frame_0694.jpg,2110,1494,1.6632311809375473,1.2896015998404557,58.2130913328,15.9789235318,44.4827789062831,-6.786807301854083,-22.715949809922233,22.7657308337036,-26.472431040695003,16.432530701834303,31.15794714789598,0,1,32.16042406684882,7.363462171251876,raw,-13.236215520347502,8.216265350917151,13.236215520347502,-8.216265350917151,0,0,1511.6056496660574,850.5751427660471,1467.1228707597743,857.3619500679011,12,12,12,1.109822212624485,0.17901698845325953,-21.643000132468543,-0.1482419291415259,1.0654051795773951,235.32964678292487,-2.5609084082661256e-05,1.2161342044248762e-05,1.0,1.0,0.0,531.9349348559704,0.0,1.0,188.15751472881405,0.0,0.0,1.0,21.76682909636087,15.978923531849517,1.000000,35.000000,36.4462622365,0
frame_0696.jpg,frame_0696,696,D:\visualization2026\visualization\left_downsample2_Q45\frame_0696.jpg,D:\visualization2026\visualization\right_downsample2_Q45\frame_0696.jpg,D:\visualization2026\dowsample2_Q45\stitched_frames\frame_0696.jpg,D:\visualization2026\dowsample2_Q45_hess_matched\stitched_frames\frame_0696.jpg,2110,1494,1.588627841268437,1.3062537899305973,55.6019744444,17.1900227115,44.249547516000575,-9.22000782110706,-21.94170478373669,26.410030532570527,-24.345038422103933,25.09410306062717,34.96276453873599,0,1,34.33552273590663,2.7400141767375525,raw,-12.172519211051966,12.547051530313585,12.172519211051966,-12.547051530313585,0,0,1510.9106457706273,840.2638439456246,1466.6610982546267,849.4838517667316,12,12,12,1.1097907507596796,0.17903192918671218,-20.414456983342976,-0.14829014274766522,1.0654280754433134,237.21232271087757,-2.5609084082661256e-05,1.2161342044248762e-05,1.0,1.0,0.0,530.7063917068448,0.0,1.0,186.27483880086135,0.0,0.0,1.0,22.307842732263886,17.190022711463467,1.000000,35.000000,33.2941317121,0
frame_0698.jpg,frame_0698,698,D:\visualization2026\visualization\left_downsample2_Q45\frame_0698.jpg,D:\visualization2026\visualization\right_downsample2_Q45\frame_0698.jpg,D:\visualization2026\dowsample2_Q45\stitched_frames\frame_0698.jpg,D:\visualization2026\dowsample2_Q45_hess_matched\stitched_frames\frame_0698.jpg,2110,1494,1.5160639580965025,1.2951737918188932,53.0622385334,17.6621394252,47.850596756437426,-8.928737709973916,-25.572109899203745,26.590877135166203,-21.608702946494567,28.35905142104163,35.65349689064351,0,1,36.89183583822387,4.339934904813036,raw,-10.804351473247284,14.179525710520815,10.804351473247284,-14.179525710520815,0,0,1510.9077253785467,837.5571183102026,1463.0571286221093,846.4858560201765,12,12,12,1.1097513312784901,0.17905064886416747,-18.875179707268064,-0.14839728517764153,1.0654789556596533,241.39608928489662,-2.5609084082661256e-05,1.2161342044248762e-05,1.0,1.0,0.0,529.1671144307699,0.0,1.0,182.0910722268423,0.0,0.0,1.0,22.27848685723368,17.662139425192287,1.000000,35.000000,30.7837516761,0
frame_0700.jpg,frame_0700,700,D:\visualization2026\visualization\left_downsample2_Q45\frame_0700.jpg,D:\visualization2026\visualization\right_downsample2_Q45\frame_0700.jpg,D:\visualization2026\dowsample2_Q45\stitched_frames\frame_0700.jpg,D:\visualization2026\dowsample2_Q45_hess_matched\stitched_frames\frame_0700.jpg,2110,1494,1.489395776904118,1.27728087215724,52.1288521916,17.4779914103,41.67943941794806,-23.21336050521745,-19.69324606458229,40.691351915533964,-20.720953314859102,28.967496817392387,35.61563951612,0,1,45.20630554772216,11.768813047818025,raw,-10.360476657429551,14.483748408696194,10.360476657429551,-14.483748408696194,0,0,1510.0577643802699,832.3022707996693,1468.3783249623218,855.5156313048867,12,12,12,1.1097422265891064,0.17905497253468397,-18.51965393546066,-0.14841310573115446,1.065486468586003,242.01386044226822,-2.5609084082661256e-05,1.2161342044248762e-05,1.0,1.0,0.0,528.8115886589625,0.0,1.0,181.4733010694707,0.0,0.0,1.0,21.98619335336577,17.477991410316513,1.000000,35.000000,30.1426588383,0
frame_0702.jpg,frame_0702,702,D:\visualization2026\visualization\left_downsample2_Q45\frame_0702.jpg,D:\visualization2026\visualization\right_downsample2_Q45\frame_0702.jpg,D:\visualization2026\dowsample2_Q45\stitched_frames\frame_0702.jpg,D:\visualization2026\dowsample2_Q45_hess_matched\stitched_frames\frame_0702.jpg,2110,1494,1.5563145007006867,1.2599732297326014,54.4710075245,16.3302931826,39.57312440845794,-9.006973505617907,-18.12050417502787,25.33726668823386,-20.905017639429364,23.182671908967492,31.21627843519601,0,1,31.15011644902612,3.520766095081451,raw,-10.452508819714682,11.591335954483746,10.452508819714682,-11.591335954483746,0,0,1506.4810949037235,846.519230549668,1466.9079704952655,855.5262040552859,12,12,12,1.1097147061683603,0.17906804153976108,-17.44501883108107,-0.1483626591819008,1.0654625123313224,240.04399111422654,-2.5609084082661256e-05,1.2161342044248762e-05,1.0,1.0,0.0,527.7369535545829,0.0,1.0,183.44317039751238,0.0,0.0,1.0,21.45262023343007,16.330293182615954,1.000000,35.000000,33.0183872911,0
frame_0704.jpg,frame_0704,704,D:\visualization2026\visualization\left_downsample2_Q45\frame_0704.jpg,D:\visualization2026\visualization\right_downsample2_Q45\frame_0704.jpg,D:\visualization2026\dowsample2_Q45\stitched_frames\frame_0704.jpg,D:\visualization2026\dowsample2_Q45_hess_matched\stitched_frames\frame_0704.jpg,2116,1502,1.6766857313484316,1.2372893895663566,58.6840005972,14.4844836455,38.942129423294546,-11.323474169910583,-18.277201651744893,25.807957815457378,-25.136860718322716,16.526888477824826,30.083214747277502,0,1,31.624465004533654,11.540934561794657,raw,-12.568430359161358,8.263444238912413,12.568430359161358,-8.263444238912413,0,0,1508.450111818678,853.7348539863527,1469.5079823953834,865.0583281562633,12,12,12,1.1014291916327854,0.18035742873641777,-16.156914082923482,-0.15316762623177413,1.0636623606038809,251.68457812856798,-2.894504496995432e-05,1.0588024132524793e-05,1.0,1.0,0.0,532.5842740170872,0.0,1.0,202.173883680328,0.0,0.0,1.0,20.664927771549653,14.484483645546794,1.000000,35.000000,38.0190728256,0
frame_0706.jpg,frame_0706,706,D:\visualization2026\visualization\left_downsample2_Q45\frame_0706.jpg,D:\visualization2026\visualization\right_downsample2_Q45\frame_0706.jpg,D:\visualization2026\dowsample2_Q45\stitched_frames\frame_0706.jpg,D:\visualization2026\dowsample2_Q45_hess_matched\stitched_frames\frame_0706.jpg,2116,1486,1.766185746021229,1.2088288964121503,61.8165011107,12.8120250281,42.70512480095681,15.326119037630178,-22.862026406588015,-2.514094009553954,-25.013036389250978,16.528047080358,29.980465801927163,0,1,22.999846088711177,19.163245581937026,raw,-12.506518194625489,8.264023540179,12.506518194625489,-8.264023540179,0,0,1510.8733925411966,838.8334541207329,1468.1682677402398,823.5073350831027,12,12,12,1.1194579670758098,0.18145282252849626,-15.612662560952192,-0.1460426388150898,1.0751867582696544,242.48032626376522,-2.3868087319742405e-05,2.0714401616072428e-05,1.0,1.0,0.0,532.088171761637,0.0,1.0,170.42286998047197,0.0,0.0,1.0,19.843098394368795,12.812025028076224,1.000000,35.000000,41.9734027164,0
frame_0708.jpg,frame_0708,708,D:\visualization2026\visualization\left_downsample2_Q45\frame_0708.jpg,D:\visualization2026\visualization\right_downsample2_Q45\frame_0708.jpg,D:\visualization2026\dowsample2_Q45\stitched_frames\frame_0708.jpg,D:\visualization2026\dowsample2_Q45_hess_matched\stitched_frames\frame_0708.jpg,2116,1486,1.739130347102023,1.154671686548479,60.8695621486,11.693477721,65.54454344160217,18.38151774151777,-46.7313252936705,-6.688040020547122,-23.694153429631324,4.651711619302664,24.146455800718773,0,1,47.20748503171174,25.67686224496198,raw,-11.847076714815662,2.325855809651332,11.847076714815662,-2.325855809651332,0,0,1533.812053674368,846.5879353724562,1468.2675102327657,828.2064176309384,12,12,12,1.1194445282341998,0.181464485698596,-15.049616120321721,-0.14584507871996819,1.0750153017512145,234.20316134162132,-2.3868087319742405e-05,2.0714401616072428e-05,1.0,1.0,0.0,531.5251253210065,0.0,1.0,178.70003490261587,0.0,0.0,1.0,18.81321814793167,11.693477720970646,1.000000,35.000000,42.0563440006,0
frame_0710.jpg,frame_0710,710,D:\visualization2026\visualization\left_downsample2_Q45\frame_0710.jpg,D:\visualization2026\visualization\right_downsample2_Q45\frame_0710.jpg,D:\visualization2026\dowsample2_Q45\stitched_frames\frame_0710.jpg,D:\visualization2026\dowsample2_Q45_hess_matched\stitched_frames\frame_0710.jpg,2157,1509,1.6376288428516617,1.0765834443489304,57.3170094998,10.7341711392,36.571447787029456,-29.962973788978502,-19.074124419223605,40.69714492819983,-23.4796464271315,9.5786105411117,25.358303891258288,0,1,44.94529817085346,31.42883718120267,raw,-11.73982321356575,4.78930527055585,11.73982321356575,-4.78930527055585,0,0,1546.816597481963,880.0875167660308,1510.2451496949336,910.0504905550093,12,12,12,1.123160035325739,0.22137474065424761,-16.251267158524364,-0.16555325617789207,1.1003766529262335,269.2595150487712,-2.977841707255665e-05,4.1344927205761405e-05,1.0,1.0,0.0,573.7848963681244,0.0,1.0,257.853990489199,0.0,0.0,1.0,17.49732336780585,10.734171139221333,1.000000,35.000000,39.819686132,0
frame_0712.jpg,frame_0712,712,D:\visualization2026\visualization\left_downsample2_Q45\frame_0712.jpg,D:\visualization2026\visualization\right_downsample2_Q45\frame_0712.jpg,D:\visualization2026\dowsample2_Q45\stitched_frames\frame_0712.jpg,D:\visualization2026\dowsample2_Q45_hess_matched\stitched_frames\frame_0712.jpg,2166,1514,1.578588379475221,1.0141933786992468,55.2505932816,9.73706124443,27.912380952380886,43.78147186147203,-11.526089376929601,-34.04441061704282,-18.903672905993556,7.7526005844654176,20.431633932680185,0,1,35.9426297116222,42.44312528675664,fused,-9.451836452996778,3.8763002922327088,9.451836452996778,-3.8763002922327088,4,3,504.9523809523809,1388.5281385281385,477.04,1344.7466666666664,12,12,12,1.1451908762850271,0.21896034522949237,-12.976504249890601,-0.15651546001660263,1.1145917299003882,251.72954994077645,-1.791992801722143e-05,4.0585411833791786e-05,1.0,1.0,0.0,579.1851401127124,0.0,1.0,258.30266598603396,0.0,0.0,1.0,16.386291575451285,9.737061244429208,1.000000,35.000000,38.8643017062,0
frame_0714.jpg,frame_0714,714,D:\visualization2026\visualization\left_downsample2_Q45\frame_0714.jpg,D:\visualization2026\visualization\right_downsample2_Q45\frame_0714.jpg,D:\visualization2026\dowsample2_Q45\stitched_frames\frame_0714.jpg,D:\visualization2026\dowsample2_Q45_hess_matched\stitched_frames\frame_0714.jpg,2166,1514,1.6160711304572821,1.034978368439651,56.562489566,9.88295572526,33.91289870520586,-40.55949669924303,-17.20466663924575,50.44245242450257,-13.375541356141705,6.7172941903419865,14.967536464276922,0,1,53.29579308693868,43.89250121645026,raw,-6.687770678070852,3.3586470951709932,6.687770678070852,-3.3586470951709932,0,0,1550.3595322774927,862.9707861405234,1516.4466335722868,903.5302828397664,12,12,12,1.145148757234266,0.21905573729912284,-10.626101350909867,-0.15654321419123846,1.1146545881109022,253.27833822882982,-1.791992801722143e-05,4.0585411833791786e-05,1.0,1.0,0.0,576.8347372137316,0.0,1.0,256.7538776979806,0.0,0.0,1.0,16.70823206596011,9.882955725259542,1.000000,35.000000,39.8542575,0
frame_0716.jpg,frame_0716,716,D:\visualization2026\visualization\left_downsample2_Q45\frame_0716.jpg,D:\visualization2026\visualization\right_downsample2_Q45\frame_0716.jpg,D:\visualization2026\dowsample2_Q45\stitched_frames\frame_0716.jpg,D:\visualization2026\dowsample2_Q45_hess_matched\stitched_frames\frame_0716.jpg,2166,1514,1.7132677118983182,1.1252083945888387,59.9643699164,11.2014870845,18.265237633141624,22.84563087729026,0.01784119910169224,-11.644143792785375,-11.300471596741126,8.450338548043177,14.11059459715633,0,1,11.644157460952147,23.062793089528636,fused,-5.650235798370563,4.225169274021589,5.650235798370563,-4.225169274021589,3,5,1598.0655021834061,426.3231441048035,1579.8002645502645,403.4775132275132,12,12,12,1.1451213339265525,0.21911784615560484,-9.09577669296677,-0.1565489615017019,1.1146676047347341,253.59905996710256,-1.791992801722143e-05,4.0585411833791786e-05,1.0,1.0,0.0,575.3044125557885,0.0,1.0,256.43315595970785,0.0,0.0,1.0,18.283078832243316,11.201487084504887,1.000000,35.000000,41.6812910842,0
frame_0718.jpg,frame_0718,718,D:\visualization2026\visualization\left_downsample2_Q45\frame_0718.jpg,D:\visualization2026\visualization\right_downsample2_Q45\frame_0718.jpg,D:\visualization2026\dowsample2_Q45\stitched_frames\frame_0718.jpg,D:\visualization2026\dowsample2_Q45_hess_matched\stitched_frames\frame_0718.jpg,2170,1507,1.789979376738728,1.20826721393761,62.6492781859,12.548665103,38.85795155971931,24.413237094154738,-19.090667544411257,-11.86457199116427,-9.370465207199485,10.02830789085895,13.724888974166602,0,1,22.477136290567735,23.953716267106323,fused,-4.685232603599743,5.014153945429475,4.685232603599743,-5.014153945429475,1,6,300.143300248139,1335.9954507857733,261.2853486884197,1311.5822136916186,12,12,12,1.158892257107603,0.21220588736343868,-6.595800587529097,-0.1481104144540657,1.112885498683258,239.9086163568834,-8.299756891973555e-06,3.573780184231858e-05,1.0,1.0,0.0,576.7547121307118,0.0,1.0,229.4725923310598,0.0,0.0,1.0,19.767284015308054,12.548665102990467,1.000000,35.000000,42.8819941705,0
frame_0720.jpg,frame_0720,720,D:\visualization2026\visualization\left_downsample2_Q45\frame_0720.jpg,D:\visualization2026\visualization\right_downsample2_Q45\frame_0720.jpg,D:\visualization2026\dowsample2_Q45\stitched_frames\frame_0720.jpg,D:\visualization2026\dowsample2_Q45_hess_matched\stitched_frames\frame_0720.jpg,2162,1512,1.7994347702638365,1.2443885466514129,62.9802169592,13.3845334236,29.17620054067106,-35.97783329310016,-8.698775622220708,49.36236671670578,-8.46287563486339,10.36162537639803,13.378473173422297,0,1,50.12296824012205,39.00145476642667,raw,-4.231437817431695,5.180812688199015,4.231437817431695,-5.180812688199015,0,0,1542.524280526748,841.9655295046734,1513.348079986077,877.9433627977736,11,12,12,1.140158773977385,0.20783945407162013,-7.674618989921781,-0.1544348436919626,1.1050347035625638,254.02103766612703,-1.7541679641889524e-05,3.298968295765796e-05,1.0,1.0,0.0,570.1060512287327,0.0,1.0,232.31159674407957,0.0,0.0,1.0,20.477424918450353,13.384533423605621,1.000000,35.000000,42.5027920408,0
frame_0722.jpg,frame_0722,722,D:\visualization2026\visualization\left_downsample2_Q45\frame_0722.jpg,D:\visualization2026\visualization\right_downsample2_Q45\frame_0722.jpg,D:\visualization2026\dowsample2_Q45\stitched_frames\frame_0722.jpg,D:\visualization2026\dowsample2_Q45_hess_matched\stitched_frames\frame_0722.jpg,2169,1509,1.7852164923853664,1.2708709878926747,62.4825772335,14.2185363441,22.93134685932472,40.3731002470613,-1.8760574292214045,-26.15456390296396,-8.99365959555544,19.887202613472837,21.826285545416273,0,1,26.221762039038534,46.58867377971048,fused,-4.49682979777772,9.943601306736419,4.49682979777772,-9.943601306736419,3,6,364.7331486611265,1366.67189904586,341.8018018018018,1326.2987987987988,12,12,12,1.1593571619484246,0.20906890487038637,-4.3483407285435325,-0.1476129330988804,1.110406743944532,246.0116134733974,-6.993978308332623e-06,3.298513471648613e-05,1.0,1.0,0.0,573.4968297977778,0.0,1.0,222.0563986932636,0.0,0.0,1.0,21.055289430103315,14.218536344097341,1.000000,35.000000,41.4272878034,0
frame_0724.jpg,frame_0724,724,D:\visualization2026\visualization\left_downsample2_Q45\frame_0724.jpg,D:\visualization2026\visualization\right_downsample2_Q45\frame_0724.jpg,D:\visualization2026\dowsample2_Q45\stitched_frames\frame_0724.jpg,D:\visualization2026\dowsample2_Q45_hess_matched\stitched_frames\frame_0724.jpg,2169,1509,1.7882228984641522,1.2761655457318124,62.5878014462,14.3241092669,33.821714372890256,-37.78493058532422,-12.666718777565272,52.10903985219797,-5.055308314449046,19.615087923425172,20.256056289362885,0,1,53.62646547095828,33.37349968444173,raw,-2.527654157224523,9.807543961712586,2.527654157224523,-9.807543961712586,0,0,1551.6977265562346,836.2624655962373,1517.8760121833443,874.0473961815616,12,12,12,1.1593433895767093,0.20913385839417045,-2.379165087990335,-0.1476119815167606,1.1104022560746771,245.87555612837357,-6.993978308332623e-06,3.298513471648613e-05,1.0,1.0,0.0,571.5276541572246,0.0,1.0,222.19245603828742,0.0,0.0,1.0,21.154995595324984,14.324109266873746,1.000000,35.000000,41.4328058509,0
frame_0726.jpg,frame_0726,726,D:\visualization2026\visualization\left_downsample2_Q45\frame_0726.jpg,D:\visualization2026\visualization\right_downsample2_Q45\frame_0726.jpg,D:\visualization2026\dowsample2_Q45\stitched_frames\frame_0726.jpg,D:\visualization2026\dowsample2_Q45_hess_matched\stitched_frames\frame_0726.jpg,2167,1511,1.8368700849830653,1.2412155836336929,64.2904529744,12.9109391713,22.947594589269556,-23.07280322125507,-2.6360786043585662,35.98374239258867,-6.490831620909738,20.841135063542705,21.828509016142878,0,1,36.08016944229253,15.625545671760932,fused,-3.245415810454869,10.420567531771352,3.245415810454869,-10.420567531771352,4,1,795.5099667774086,1413.639534883721,772.5623721881391,1436.712338104976,12,12,12,1.1486144376679286,0.21437254818322882,-2.7790130912735087,-0.15322034898234937,1.113852633692736,255.76667111529488,-1.5109009789798411e-05,3.880733631300488e-05,1.0,1.0,0.0,570.2454158104549,0.0,1.0,230.57943246822865,0.0,0.0,1.0,20.31151598491099,12.910939171333593,1.000000,35.000000,43.9789369895,0
frame_0728.jpg,frame_0728,728,D:\visualization2026\visualization\left_downsample2_Q45\frame_0728.jpg,D:\visualization2026\visualization\right_downsample2_Q45\frame_0728.jpg,D:\visualization2026\dowsample2_Q45\stitched_frames\frame_0728.jpg,D:\visualization2026\dowsample2_Q45_hess_matched\stitched_frames\frame_0728.jpg,2168,1510,1.9022062924193577,1.1710114823793578,66.5772202347,10.4109337412,18.103735632183998,23.63607918263085,0.6010888611207257,-13.225145441402603,-9.503843180267028,36.18859996532325,37.41574271139492,0,1,13.238798274964969,50.436374638566015,fused,-4.751921590133514,18.094299982661624,4.751921590133514,-18.094299982661624,2,8,1742.4176245210729,584.8416347381864,1724.3138888888889,561.2055555555555,12,12,12,1.152549515003457,0.21571436989850507,-5.123379992475514,-0.1523511862769822,1.116389567351108,260.89329581902274,-1.2933132455250123e-05,3.9257865796254176e-05,1.0,1.0,0.0,572.7519215901335,0.0,1.0,220.90570001733838,0.0,0.0,1.0,18.704824493304724,10.410933741228249,1.000000,35.000000,47.8723957414,0
frame_0730.jpg,frame_0730,730,D:\visualization2026\visualization\left_downsample2_Q45\frame_0730.jpg,D:\visualization2026\visualization\right_downsample2_Q45\frame_0730.jpg,D:\visualization2026\dowsample2_Q45\stitched_frames\frame_0730.jpg,D:\visualization2026\dowsample2_Q45_hess_matched\stitched_frames\frame_0730.jpg,2168,1510,1.945296238410819,1.1151204189932962,68.0853683444,8.51396453305,33.32624196637653,-46.97863788424479,-15.876392154524169,55.49260241729344,-7.198496006620629,20.119803477486826,21.368781826066364,0,1,57.71905015580244,36.42170762594449,raw,-3.5992480033103145,10.059901738743413,3.5992480033103145,-10.059901738743413,0,0,1549.7082652722474,822.737683647708,1516.382023305871,869.7163215319528,12,12,12,1.152534607323281,0.21575962140348345,-3.9707064056523147,-0.15224727634029536,1.1160741540230945,252.85889757510452,-1.2933132455250123e-05,3.9257865796254176e-05,1.0,1.0,0.0,571.5992480033103,0.0,1.0,228.9400982612566,0.0,0.0,1.0,17.44984981185236,8.513964533048652,1.000000,35.000000,50.6355185325,0
frame_0732.jpg,frame_0732,732,D:\visualization2026\visualization\left_downsample2_Q45\frame_0732.jpg,D:\visualization2026\visualization\right_downsample2_Q45\frame_0732.jpg,D:\visualization2026\dowsample2_Q45\stitched_frames\frame_0732.jpg,D:\visualization2026\dowsample2_Q45_hess_matched\stitched_frames\frame_0732.jpg,2168,1510,1.9260094001401136,1.1168604513190807,67.4103290049,8.76068752916,34.4785869680552,-41.822073076775155,-16.94111522600785,50.58276060593876,-0.21749984249116583,9.924645430154897,9.927028412157293,0,1,53.34432543034531,43.963185065951514,raw,-0.10874992124558291,4.962322715077448,0.10874992124558291,-4.962322715077448,0,0,1550.3084810866114,822.9463016044213,1515.8298941185562,864.7683746811964,12,12,12,1.1524894642492507,0.21589665090875124,-0.48020832358758314,-0.1521813486755812,1.1158740339498976,247.76131855143856,-1.2933132455250123e-05,3.9257865796254176e-05,1.0,1.0,0.0,568.1087499212456,0.0,1.0,234.03767728492255,0.0,0.0,1.0,17.537471742047348,8.760687529163606,1.000000,35.000000,49.8728572629,0
frame_0734.jpg,frame_0734,734,D:\visualization2026\visualization\left_downsample2_Q45\frame_0734.jpg,D:\visualization2026\visualization\right_downsample2_Q45\frame_0734.jpg,D:\visualization2026\dowsample2_Q45\stitched_frames\frame_0734.jpg,D:\visualization2026\dowsample2_Q45_hess_matched\stitched_frames\frame_0734.jpg,2168,1510,1.8515274839726423,1.1622663499001895,64.803461939,10.714606459,19.803797927375,38.94954904602719,-1.1399829093332805,-28.234942586984133,-2.48005680973571,7.310992714948128,7.720187579168078,0,1,28.257946562407223,35.57118657773021,fused,-1.240028404867855,3.655496357474064,1.240028404867855,-3.655496357474064,7,3,335.1737931034483,1384.8096551724138,315.3699951760733,1345.8601061263867,12,12,12,1.1525040952237233,0.215852239329863,-1.6114868072098552,-0.1521644473172023,1.1158227307361317,246.45449219383516,-1.2933132455250123e-05,3.9257865796254176e-05,1.0,1.0,0.0,569.2400284048679,0.0,1.0,235.34450364252592,0.0,0.0,1.0,18.66381501804172,10.714606459043052,1.000000,35.000000,46.139646921,0
frame_0736.jpg,frame_0736,736,D:\visualization2026\visualization\left_downsample2_Q45\frame_0736.jpg,D:\visualization2026\visualization\right_downsample2_Q45\frame_0736.jpg,D:\visualization2026\dowsample2_Q45\stitched_frames\frame_0736.jpg,D:\visualization2026\dowsample2_Q45_hess_matched\stitched_frames\frame_0736.jpg,2168,1510,1.7906204723601533,1.2148083136506163,62.6717165326,12.7112315949,-12.3701229789624,27.703279438999402,32.268902216288744,-14.992047844070983,0.7789936066065091,-3.621199422544547,3.7040405366262905,0,1,35.58150571298688,33.48000206199918,fused,0.38949680330325454,-1.8105997112722736,-0.38949680330325454,1.8105997112722736,7,3,1912.979274611399,954.5526770293609,1925.3493975903614,926.8493975903615,12,12,12,1.152483020358367,0.215916211011797,0.01803840096125431,-0.15209375357273208,1.1156081434702356,240.98839612508885,-1.2933132455250123e-05,3.9257865796254176e-05,1.0,1.0,0.0,567.6105031966968,0.0,1.0,240.81059971127226,0.0,0.0,1.0,19.898779237326345,12.71123159492842,1.000000,35.000000,42.7729372953,0
frame_0738.jpg,frame_0738,738,D:\visualization2026\visualization\left_downsample2_Q45\frame_0738.jpg,D:\visualization2026\visualization\right_downsample2_Q45\frame_0738.jpg,D:\visualization2026\dowsample2_Q45\stitched_frames\frame_0738.jpg,D:\visualization2026\dowsample2_Q45_hess_matched\stitched_frames\frame_0738.jpg,2168,1510,1.808362801197248,1.2471924750169237,63.2926980419,13.3637276564,31.222076657314403,39.657136673854666,-10.71169597510199,-26.29340901743644,-3.661851564351686,-5.454582885213441,6.569751238137428,0,1,28.39161475543834,21.999022268837482,fused,-1.830925782175843,-2.7272914426067203,1.830925782175843,2.7272914426067203,6,2,270.7714521452145,1399.5585808580856,239.54937548790008,1359.901444184231,12,12,12,1.1525117373777714,0.2158290419599253,-2.202384184517843,-0.1520818978771501,1.1155721561092702,240.0717043937544,-1.2933132455250123e-05,3.9257865796254176e-05,1.0,1.0,0.0,569.8309257821759,0.0,1.0,241.7272914426067,0.0,0.0,1.0,20.510380682212414,13.363727656418229,1.000000,35.000000,42.7823173597,0
frame_0740.jpg,frame_0740,740,D:\visualization2026\visualization\left_downsample2_Q45\frame_0740.jpg,D:\visualization2026\visualization\right_downsample2_Q45\frame_0740.jpg,D:\visualization2026\dowsample2_Q45\stitched_frames\frame_0740.jpg,D:\visualization2026\dowsample2_Q45_hess_matched\stitched_frames\frame_0740.jpg,2168,1510,1.8904645578041226,1.272889506284269,66.1662595231,13.1701276465,20.39279285106022,12.338485916631726,0.4188599271869222,0.831641729830066,-8.40372479645491,-2.7934975816049614,8.85585790270959,0,1,0.9311667978390221,9.538324603050047,fused,-4.201862398227455,-1.3967487908024807,4.201862398227455,1.3967487908024807,6,5,721.8380062305296,1397.8909657320871,701.4452133794694,1385.5524798154554,12,12,12,1.1525424010150698,0.21573596404844092,-4.573320800569455,-0.15209910596150325,1.115624390374131,241.40224704555862,-1.2933132455250123e-05,3.9257865796254176e-05,1.0,1.0,0.0,572.2018623982275,0.0,1.0,240.3967487908025,0.0,0.0,1.0,20.811652778247144,13.170127646461792,1.000000,35.000000,45.3546067449,0
frame_0742.jpg,frame_0742,742,D:\visualization2026\visualization\left_downsample2_Q45\frame_0742.jpg,D:\visualization2026\visualization\right_downsample2_Q45\frame_0742.jpg,D:\visualization2026\dowsample2_Q45\stitched_frames\frame_0742.jpg,D:\visualization2026\dowsample2_Q45_hess_matched\stitched_frames\frame_0742.jpg,2168,1510,1.9687790575008073,1.2897088311302785,68.9072670125,12.786395699,60.08769049538455,-28.62944759358095,-39.14534108079882,41.415843292594296,-14.232256267685768,1.160174772476565,14.279465115044466,0,1,56.987979469084564,47.34110943891115,raw,-7.116128133842884,0.5800873862382825,7.116128133842884,-0.5800873862382825,0,0,1565.0759029692729,826.5172250414533,1504.9882124738883,855.1466726350343,12,12,12,1.1525800915998383,0.2156215561952975,-7.487586536184884,-0.15212467264562324,1.1157019967434705,243.3790832225994,-1.2933132455250123e-05,3.9257865796254176e-05,1.0,1.0,0.0,575.1161281338428,0.0,1.0,238.4199126137617,0.0,0.0,1.0,20.942349414585728,12.786395699013346,1.000000,35.000000,47.9649175979,0
frame_0744.jpg,frame_0744,744,D:\visualization2026\visualization\left_downsample2_Q45\frame_0744.jpg,D:\visualization2026\visualization\right_downsample2_Q45\frame_0744.jpg,D:\visualization2026\dowsample2_Q45\stitched_frames\frame_0744.jpg,D:\visualization2026\dowsample2_Q45_hess_matched\stitched_frames\frame_0744.jpg,2168,1510,1.9701890754064664,1.282202077502463,68.9566176392,12.5773902184,45.63498542105549,27.506906287296488,-24.849349069849403,-14.929516068941743,-7.062283481554122,0.7625957094753648,7.10333725722934,0,1,28.989318709621568,23.71965586404354,fused,-3.531141740777061,0.3812978547376824,3.531141740777061,-0.3812978547376824,2,1,343.9775978407557,1364.6817813765183,298.34261241970023,1337.1748750892218,12,12,12,1.1525337264959665,0.21576229510999786,-3.902600143119061,-0.15212210167428164,1.1156941926907211,243.1802936910988,-1.2933132455250123e-05,3.9257865796254176e-05,1.0,1.0,0.0,571.5311417407771,0.0,1.0,238.61870214526232,0.0,0.0,1.0,20.785636351206087,12.577390218354745,1.000000,35.000000,48.170981288,0
frame_0746.jpg,frame_0746,746,D:\visualization2026\visualization\left_downsample2_Q45\frame_0746.jpg,D:\visualization2026\visualization\right_downsample2_Q45\frame_0746.jpg,D:\visualization2026\dowsample2_Q45\stitched_frames\frame_0746.jpg,D:\visualization2026\dowsample2_Q45_hess_matched\stitched_frames\frame_0746.jpg,2140,1510,1.868979629006997,1.2224153018494324,65.4142870152,12.0886354476,16.715472481827646,7.312321521287458,3.1262448601344595,4.77631392633665,-6.928157722195728,-5.092810936004788,8.59860992565137,0,1,5.708465787620572,14.088670513432197,fused,-3.464078861097864,-2.546405468002394,3.464078861097864,2.546405468002394,8,5,592.6043613707164,1407.8348909657318,575.8888888888888,1400.5225694444443,12,12,12,1.1227396688754334,0.1994731713494339,-3.4109568302668727,-0.16291210877320653,1.0943862218553226,257.66956617565216,-2.671243188717756e-05,3.500399052617625e-05,1.0,1.0,0.0,543.4640788610978,0.0,1.0,234.5464054680024,0.0,0.0,1.0,19.841717341962106,12.088635447624108,1.000000,35.000000,45.5725696733,0
frame_0748.jpg,frame_0748,748,D:\visualization2026\visualization\left_downsample2_Q45\frame_0748.jpg,D:\visualization2026\visualization\right_downsample2_Q45\frame_0748.jpg,D:\visualization2026\dowsample2_Q45\stitched_frames\frame_0748.jpg,D:\visualization2026\dowsample2_Q45_hess_matched\stitched_frames\frame_0748.jpg,2140,1510,1.7500677324086773,1.1731665863450171,61.2523706343,12.0577104441,-5.977835243428217,40.3390147765042,25.13816795555623,-28.281304332442435,-7.665953321952028,-10.40143351871943,12.921170983261826,0,1,37.83860017106845,37.360408899059095,fused,-3.832976660976014,-5.200716759359715,3.832976660976014,5.200716759359715,4,6,566.8905120955073,1429.3418158969523,572.8683473389356,1389.002801120448,12,12,12,1.122749523032786,0.19946025845434184,-3.7798546301450227,-0.16284120566362878,1.0942933103680264,255.01525488429482,-2.671243188717756e-05,3.500399052617625e-05,1.0,1.0,0.0,543.832976660976,0.0,1.0,237.20071675935972,0.0,0.0,1.0,19.160332712128014,12.057710444061765,1.000000,35.000000,42.0920379222,0
frame_0750.jpg,frame_0750,750,D:\visualization2026\visualization\left_downsample2_Q45\frame_0750.jpg,D:\visualization2026\visualization\right_downsample2_Q45\frame_0750.jpg,D:\visualization2026\dowsample2_Q45\stitched_frames\frame_0750.jpg,D:\visualization2026\dowsample2_Q45_hess_matched\stitched_frames\frame_0750.jpg,2140,1510,1.7169154577807006,1.1968718226511381,60.0920410223,13.0178492432,18.64336831275716,41.46324074074096,1.0894887239788993,-28.445391497570697,-11.251338797035448,-4.835474331707433,12.246405053658666,0,1,28.466248139327114,26.640649625757064,fused,-5.625669398517724,-2.4177371658537163,5.625669398517724,2.4177371658537163,9,4,513.7572016460905,1461.0740740740741,495.11383333333333,1419.6108333333332,12,12,12,1.1227974102154323,0.19939750705474057,-5.572547367686733,-0.16291554581646372,1.094390725759352,257.7982344778008,-2.671243188717756e-05,3.500399052617625e-05,1.0,1.0,0.0,545.6256693985177,0.0,1.0,234.4177371658537,0.0,0.0,1.0,19.73285703673606,13.017849243170263,1.000000,35.000000,40.3591839856,0
frame_0752.jpg,frame_0752,752,D:\visualization2026\visualization\left_downsample2_Q45\frame_0752.jpg,D:\visualization2026\visualization\right_downsample2_Q45\frame_0752.jpg,D:\visualization2026\dowsample2_Q45\stitched_frames\frame_0752.jpg,D:\visualization2026\dowsample2_Q45_hess_matched\stitched_frames\frame_0752.jpg,2140,1510,1.8439110789248225,1.252931533732765,64.5368877624,13.1404929488,63.36541710175925,-1.7322374302145818,-42.834319079580325,14.872730379021082,-18.63203683902967,-5.294204608124347,19.369599872058377,0,1,45.34288257200192,31.503265424825795,raw,-9.316018419514835,-2.6471023040621735,9.316018419514835,2.6471023040621735,0,0,1549.4609300702807,834.9171122195968,1486.0955129685215,836.6493496498114,12,12,12,1.1228959884122955,0.1992683301125713,-9.262896388683844,-0.16290941891583202,1.0943826970642272,257.56886933959237,-2.671243188717756e-05,3.500399052617625e-05,1.0,1.0,0.0,549.3160184195149,0.0,1.0,234.64710230406217,0.0,0.0,1.0,20.53109802217892,13.1404929488065,1.000000,35.000000,44.0057897402,0
frame_0754.jpg,frame_0754,754,D:\visualization2026\visualization\left_downsample2_Q45\frame_0754.jpg,D:\visualization2026\visualization\right_downsample2_Q45\frame_0754.jpg,D:\visualization2026\dowsample2_Q45\stitched_frames\frame_0754.jpg,D:\visualization2026\dowsample2_Q45_hess_matched\stitched_frames\frame_0754.jpg,2140,1510,2.0055379743402497,1.300174276841524,70.1938291019,12.6728102114,63.83233528058395,-0.22746965467490554,-42.776276445266504,12.900279866118243,-31.107568303584774,0.3598676612027952,31.109649797060907,0,1,44.67915674166241,17.129526787536832,raw,-15.553784151792387,0.1799338306013976,15.553784151792387,-0.1799338306013976,0,0,1548.8953345958087,829.5257830273612,1485.0629993152247,829.7532526820361,12,12,12,1.1230626143045472,0.19904998341997415,-15.500662120961396,-0.1629849359260218,1.094481654610302,260.3959054742559,-2.671243188717756e-05,3.500399052617625e-05,1.0,1.0,0.0,555.5537841517923,0.0,1.0,231.82006616939861,0.0,0.0,1.0,21.056058835317444,12.672810211443338,1.000000,35.000000,49.1377702666,0
frame_0756.jpg,frame_0756,756,D:\visualization2026\visualization\left_downsample2_Q45\frame_0756.jpg,D:\visualization2026\visualization\right_downsample2_Q45\frame_0756.jpg,D:\visualization2026\dowsample2_Q45\stitched_frames\frame_0756.jpg,D:\visualization2026\dowsample2_Q45_hess_matched\stitched_frames\frame_0756.jpg,2145,1514,2.0593983078697384,1.2951236498288363,72.0789407754,11.9788591383,54.58471271704866,9.496196594064372,-33.77724534983665,2.4826625442520776,-39.02900796990401,6.927441468318342,39.63903263718487,0,1,33.868361589124646,6.880194059862005,raw,-19.514503984952004,3.463720734159171,19.514503984952004,-3.463720734159171,0,0,1545.3610724861157,814.4923223916943,1490.776359769067,804.9961257976299,12,12,12,1.1273368668744794,0.18368440707998218,-19.849225943297316,-0.15533185649078723,1.0813891553470334,252.2477848659862,-1.8478123021486537e-05,1.7580187863747485e-05,1.0,1.0,0.0,564.5145039849521,0.0,1.0,208.53627926584082,0.0,0.0,1.0,20.80746736721201,11.97885913831645,1.000000,35.000000,51.2714734082,0
frame_0758.jpg,frame_0758,758,D:\visualization2026\visualization\left_downsample2_Q45\frame_0758.jpg,D:\visualization2026\visualization\right_downsample2_Q45\frame_0758.jpg,D:\visualization2026\dowsample2_Q45\stitched_frames\frame_0758.jpg,D:\visualization2026\dowsample2_Q45_hess_matched\stitched_frames\frame_0758.jpg,2145,1514,2.014812262355086,1.1504487169984383,70.5184291824,8.70121958227,55.220832657496885,8.712162568080657,-37.23948936721928,-0.0109429858067287,-31.104383850643583,-1.0457395482718876,31.12195793858409,0,1,37.239490975041214,6.221762099695494,raw,-15.552191925321791,-0.5228697741359438,15.552191925321791,0.5228697741359438,0,0,1544.6150369255495,803.4786796166671,1489.3942042680526,794.7665170485865,12,12,12,1.127263650784792,0.18375406527036525,-15.886913883667104,-0.15525819178093866,1.0813190703369617,248.26119435769107,-1.8478123021486537e-05,1.7580187863747485e-05,1.0,1.0,0.0,560.5521919253218,0.0,1.0,212.52286977413596,0.0,0.0,1.0,17.981343290277604,8.701219582273929,1.000000,35.000000,52.5370858922,0
frame_0760.jpg,frame_0760,760,D:\visualization2026\visualization\left_downsample2_Q45\frame_0760.jpg,D:\visualization2026\visualization\right_downsample2_Q45\frame_0760.jpg,D:\visualization2026\dowsample2_Q45\stitched_frames\frame_0760.jpg,D:\visualization2026\dowsample2_Q45_hess_matched\stitched_frames\frame_0760.jpg,2148,1524,1.9837243611434872,0.9741391315036481,69.43035264,4.46377886593,52.99207192867357,0.07130132792281074,-38.51770960761727,4.392477538007036,-33.15895284972916,-12.072553498805457,35.28827995343612,0,1,38.767354982493046,17.31512405480856,raw,-16.57947642486458,-6.036276749402728,16.57947642486458,6.036276749402728,0,0,1544.4880380601537,802.6102421378916,1491.4959661314801,802.5389408099688,12,12,12,1.1257419305420433,0.1776803962095635,-16.14574040308996,-0.15876674318701214,1.0834696590942434,247.7373736929462,-2.0685400933960683e-05,1.6451632049974003e-05,1.0,1.0,0.0,564.5794764248645,0.0,1.0,223.03627674940273,0.0,0.0,1.0,14.474362321056299,4.4637788659298465,1.000000,35.000000,54.955990319,0
frame_0762.jpg,frame_0762,762,D:\visualization2026\visualization\left_downsample2_Q45\frame_0762.jpg,D:\visualization2026\visualization\right_downsample2_Q45\frame_0762.jpg,D:\visualization2026\dowsample2_Q45\stitched_frames\frame_0762.jpg,D:\visualization2026\dowsample2_Q45_hess_matched\stitched_frames\frame_0762.jpg,2126,1524,2.07089856709829,0.9049285075964573,72.4814498484,1.76110924832,16.040021559040042,26.754283952248784,-3.211198483278192,-24.993174703930066,-27.51433836871664,-21.951201832754847,35.197927180028266,0,1,25.19862253140393,24.492778675359705,fused,-13.75716918435832,-10.975600916377424,13.75716918435832,10.975600916377424,9,2,1491.4929971988795,362.57142857142856,1475.4529756398395,335.81714461917977,12,12,12,1.0948648934120175,0.14309400620874638,-13.379988383444486,-0.1587331858384134,1.0437619606308648,243.1448737392029,-3.359895774142932e-05,-9.496024917091931e-06,1.0,1.0,0.0,539.7571691843583,0.0,1.0,204.97560091637743,0.0,0.0,1.0,12.82882307576185,1.7611092483187194,1.000000,35.000000,59.6526267727,0
frame_0764.jpg,frame_0764,764,D:\visualization2026\visualization\left_downsample2_Q45\frame_0764.jpg,D:\visualization2026\visualization\right_downsample2_Q45\frame_0764.jpg,D:\visualization2026\dowsample2_Q45\stitched_frames\frame_0764.jpg,D:\visualization2026\dowsample2_Q45_hess_matched\stitched_frames\frame_0764.jpg,2141,1503,2.2622963237346454,0.9166926198807186,79.1803713307,0.0639768927193,65.59972789152926,42.297766779268954,-53.04912144069441,-42.2337898865496,-24.364337755443053,-21.264945663633775,32.33912287522042,0,1,67.80783357260991,35.531806077296054,raw,-12.182168877721526,-10.632472831816887,12.182168877721526,10.632472831816887,0,0,1544.8093395793417,794.4597813890343,1479.2096116878124,752.1620146097654,12,12,12,1.1391218575083775,0.15388521579978184,-12.397233491839277,-0.14403781500050494,1.0680774635750396,219.97060400204782,-1.2210651943955593e-05,5.446883772555966e-06,1.0,1.0,0.0,553.1821688777216,0.0,1.0,170.6324728318169,0.0,0.0,1.0,12.550606450834849,0.06397689271934964,1.000000,35.000000,66.6297648799,0
frame_0766.jpg,frame_0766,766,D:\visualization2026\visualization\left_downsample2_Q45\frame_0766.jpg,D:\visualization2026\visualization\right_downsample2_Q45\frame_0766.jpg,D:\visualization2026\dowsample2_Q45\stitched_frames\frame_0766.jpg,D:\visualization2026\dowsample2_Q45_hess_matched\stitched_frames\frame_0766.jpg,2141,1486,2.44521415052316,0.9365361407659929,85.5824952683,-1.33539636164,18.014067461980403,45.57518276385508,-5.554172944774068,-46.910579125494884,-23.88492140233753,-30.840753414055115,39.00822402445917,0,1,47.23823949926348,24.377359114771146,fused,-11.942460701168764,-15.420376707027557,11.942460701168764,15.420376707027557,1,3,281.62850045167113,1331.5607497741644,263.6144329896907,1285.9855670103093,12,12,12,1.1298805319371397,0.1601388050346427,-11.6148528091911,-0.1468049324396165,1.0644638481228583,219.53097140418532,-1.7152099545472188e-05,1.4980044989103362e-05,1.0,1.0,0.0,552.9424607011688,0.0,1.0,178.42037670702757,0.0,0.0,1.0,12.459894517206335,-1.3353963616398046,1.000000,35.000000,73.1226007511,0
frame_0768.jpg,frame_0768,768,D:\visualization2026\visualization\left_downsample2_Q45\frame_0768.jpg,D:\visualization2026\visualization\right_downsample2_Q45\frame_0768.jpg,D:\visualization2026\dowsample2_Q45\stitched_frames\frame_0768.jpg,D:\visualization2026\dowsample2_Q45_hess_matched\stitched_frames\frame_0768.jpg,2141,1505,2.5109471322764705,0.922210321373262,87.8831496297,-2.39353082413,33.479749781786495,-5.813868683929769,-21.48948630085134,3.4203378597986487,-29.51655274353547,-33.87695553958429,44.93189293244701,0,1,21.759980067767742,38.151302606790765,fused,-14.758276371767735,-16.938477769792144,14.758276371767735,16.938477769792144,1,3,1448.08927359131,238.795655125594,1414.6095238095236,244.60952380952378,12,12,12,1.132427494633183,0.15501343896927128,-14.827857493053372,-0.14481279054337864,1.0705245058083177,214.9869254538459,-1.3079352535706156e-05,6.679228312146071e-06,1.0,1.0,0.0,555.7582763717677,0.0,1.0,191.93847776979214,0.0,0.0,1.0,11.990263480935157,-2.3935308241311204,1.000000,35.000000,75.8928861487,0
frame_0770.jpg,frame_0770,770,D:\visualization2026\visualization\left_downsample2_Q45\frame_0770.jpg,D:\visualization2026\visualization\right_downsample2_Q45\frame_0770.jpg,D:\visualization2026\dowsample2_Q45\stitched_frames\frame_0770.jpg,D:\visualization2026\dowsample2_Q45_hess_matched\stitched_frames\frame_0770.jpg,2153,1503,2.444915048791735,0.9958639438887129,85.5720267077,0.20301865245,49.78972567955907,43.68957986655005,-36.12062784208965,-43.48656121409966,-24.398442794126854,-28.2850549463692,37.35409407410928,0,1,56.531237045852606,19.19623439913492,raw,-12.199221397063427,-14.1425274731846,12.199221397063427,14.1425274731846,0,0,1540.2695972334436,801.0169608189309,1490.4798715538845,757.3273809523808,12,12,12,1.151003423115716,0.16574814563928073,-12.276491280931866,-0.14264999281509094,1.085954864861854,214.37691095484044,-9.412542435578375e-06,1.5801366806592214e-05,1.0,1.0,0.0,565.1992213970634,0.0,1.0,190.1425274731846,0.0,0.0,1.0,13.669097837469424,0.20301865245038958,1.000000,35.000000,71.9029288702,0
frame_0772.jpg,frame_0772,772,D:\visualization2026\visualization\left_downsample2_Q45\frame_0772.jpg,D:\visualization2026\visualization\right_downsample2_Q45\frame_0772.jpg,D:\visualization2026\dowsample2_Q45\stitched_frames\frame_0772.jpg,D:\visualization2026\dowsample2_Q45_hess_matched\stitched_frames\frame_0772.jpg,2141,1503,2.3468345241961366,1.1088003585576836,82.1392083469,4.15128003627,47.60411034790445,44.32546536784719,-31.369355189267896,-40.174185331575956,-29.30059575627085,-18.468124888542267,34.63519234205567,0,1,50.97059556299359,21.804422155797802,raw,-14.650297878135426,-9.234062444271133,14.650297878135426,9.234062444271133,0,0,1525.830070014649,792.4139182215417,1478.2259596667445,748.0884528536945,12,12,12,1.1303518582630065,0.15737047775914542,-14.592307649081668,-0.14589927771792616,1.0743450773209178,224.59626076565877,-1.6446767925054483e-05,1.1278720409638526e-05,1.0,1.0,0.0,555.6502978781355,0.0,1.0,187.23406244427113,0.0,0.0,1.0,16.234755158636556,4.15128003627123,1.000000,35.000000,65.9044531882,0
frame_0774.jpg,frame_0774,774,D:\visualization2026\visualization\left_downsample2_Q45\frame_0774.jpg,D:\visualization2026\visualization\right_downsample2_Q45\frame_0774.jpg,D:\visualization2026\dowsample2_Q45\stitched_frames\frame_0774.jpg,D:\visualization2026\dowsample2_Q45_hess_matched\stitched_frames\frame_0774.jpg,2164,1498,2.317950361423428,1.1276201374574377,81.1282626498,4.94035850421,44.154796303078,19.214645424684477,-27.45857169365133,-14.274286920474166,-31.34001468321168,-15.631446386154554,35.021973623243284,0,1,30.947187700070742,4.1118708025049955,raw,-15.67000734160584,-7.815723193077277,15.67000734160584,7.815723193077277,0,0,1542.7275995843524,781.8499191271611,1498.5728032812744,762.6352737024766,12,12,12,1.163382199432708,0.17112534979181498,-15.180957279024627,-0.13708347977238705,1.0978452180138845,211.2167542266902,-4.096883505395278e-06,2.1404925646340905e-05,1.0,1.0,0.0,579.6700073416058,0.0,1.0,192.81572319307728,0.0,0.0,1.0,16.69622460942667,4.940358504210311,1.000000,35.000000,64.4320380404,0
frame_0776.jpg,frame_0776,776,D:\visualization2026\visualization\left_downsample2_Q45\frame_0776.jpg,D:\visualization2026\visualization\right_downsample2_Q45\frame_0776.jpg,D:\visualization2026\dowsample2_Q45\stitched_frames\frame_0776.jpg,D:\visualization2026\dowsample2_Q45_hess_matched\stitched_frames\frame_0776.jpg,2160,1502,2.3390776427851883,1.038156348255633,81.8677174975,2.40427017568,44.8817956233554,0.23019901204509097,-30.06493775549404,2.17407116363981,-28.411367663908983,-0.7753085385139507,28.421944266072046,0,1,30.143441536531643,3.381291864844148,raw,-14.205683831954492,-0.3876542692569753,14.205683831954492,0.3876542692569753,0,0,1534.5656796003989,787.7201168032658,1489.6838839770435,787.4899177912207,11,12,12,1.1490579163757242,0.1688864162254839,-14.58573970664678,-0.14090592636815552,1.0950926290519285,225.0948730336004,-1.0106501406737866e-05,2.058901335208061e-05,1.0,1.0,0.0,574.2056838319545,0.0,1.0,206.38765426925698,0.0,0.0,1.0,14.816857867861362,2.4042701756849008,1.000000,35.000000,67.0508596296,0
frame_0778.jpg,frame_0778,778,D:\visualization2026\visualization\left_downsample2_Q45\frame_0778.jpg,D:\visualization2026\visualization\right_downsample2_Q45\frame_0778.jpg,D:\visualization2026\dowsample2_Q45\stitched_frames\frame_0778.jpg,D:\visualization2026\dowsample2_Q45_hess_matched\stitched_frames\frame_0778.jpg,2173,1505,2.3715207758306107,0.9227500756192324,83.0032271541,-0.921495562419,44.06505801202661,-18.525225934156197,-31.686580935555483,17.603730371737218,-24.31677575213309,12.767198363726528,27.464648860640274,0,1,36.24818249769679,8.815104667904487,raw,-12.158387876066545,6.383599181863264,12.158387876066545,-6.383599181863264,0,0,1541.927878524847,789.43487021969,1497.8628205128205,807.9600961538462,12,12,12,1.1487881441763172,0.1805868689124782,-11.942246059242539,-0.14621474362359677,1.1054843523617155,239.76450231120265,-1.4901845790598583e-05,3.0071328438212913e-05,1.0,1.0,0.0,585.1583878760665,0.0,1.0,221.61640081813673,0.0,0.0,1.0,12.378477076471128,-0.9214955624189801,1.000000,35.000000,70.6247500776,0
frame_0780.jpg,frame_0780,780,D:\visualization2026\visualization\left_downsample2_Q45\frame_0780.jpg,D:\visualization2026\visualization\right_downsample2_Q45\frame_0780.jpg,D:\visualization2026\dowsample2_Q45\stitched_frames\frame_0780.jpg,D:\visualization2026\dowsample2_Q45_hess_matched\stitched_frames\frame_0780.jpg,2203,1506,2.415786286956635,0.8480605316686844,84.5525200435,-3.31722616865,32.214825469742664,-34.11135419275024,-21.47739274557618,30.794128024103337,-21.119361616278958,17.684778386727196,27.54594020299199,0,1,37.544063710693266,13.114237843066592,raw,-10.559680808139479,8.842389193363598,10.559680808139479,-8.842389193363598,0,0,1558.997935326247,772.1780679040112,1526.7831098565043,806.2894220967614,12,12,12,1.1832874552570216,0.19010352977019637,-10.387318913618333,-0.13807103801896503,1.1235346787536071,229.25746045711335,-7.332112716234051e-07,3.476430595842461e-05,1.0,1.0,0.0,613.5596808081394,0.0,1.0,227.1576108066364,0.0,0.0,1.0,10.737432724166485,-3.3172261686469025,1.000000,35.000000,73.8150873193,0
frame_0782.jpg,frame_0782,782,D:\visualization2026\visualization\left_downsample2_Q45\frame_0782.jpg,D:\visualization2026\visualization\right_downsample2_Q45\frame_0782.jpg,D:\visualization2026\dowsample2_Q45\stitched_frames\frame_0782.jpg,D:\visualization2026\dowsample2_Q45_hess_matched\stitched_frames\frame_0782.jpg,2206,1498,2.473708475605278,0.8316510184182224,86.5797966462,-4.34760025392,21.142888654997478,-31.88594943354758,-10.89639563038841,27.538349179626433,-18.39761483504468,23.513092400444073,29.855280033027274,0,1,29.615740971196033,8.51298899885684,raw,-9.19880741752234,11.756546200222036,9.19880741752234,-11.756546200222036,0,0,1556.666479692697,756.6894118878564,1535.5235910376996,788.575361321404,12,12,12,1.1962234350979235,0.1789315293665961,-9.320994978140158,-0.12798321518742056,1.1193654188003759,216.9467051724355,8.153103353453466e-06,2.7957634496495417e-05,1.0,1.0,0.0,615.1988074175223,0.0,1.0,198.24345379977797,0.0,0.0,1.0,10.246493024609068,-4.347600253921148,1.000000,35.000000,76.3333036216,0
frame_0784.jpg,frame_0784,784,D:\visualization2026\visualization\left_downsample2_Q45\frame_0784.jpg,D:\visualization2026\visualization\right_downsample2_Q45\frame_0784.jpg,D:\visualization2026\dowsample2_Q45\stitched_frames\frame_0784.jpg,D:\visualization2026\dowsample2_Q45_hess_matched\stitched_frames\frame_0784.jpg,2207,1499,2.5462078899014173,0.8407373020958033,89.1172761465,-4.870636194,21.706916178257757,-15.184249388527405,-11.471501014380676,10.313613194529175,-15.671471632755614,27.905938345882745,32.00525610115427,0,1,15.42614510009883,18.08672600074873,fused,-7.835735816377807,13.952969172941373,7.835735816377807,-13.952969172941373,1,9,440.3395326657129,1376.6204101096805,418.63261648745515,1391.804659498208,12,12,12,1.2018292067534753,0.1754261270407349,-7.901620798115361,-0.12499985930688358,1.118701427638158,213.81703953477196,1.2771763199608478e-05,2.3910759473314343e-05,1.0,1.0,0.0,614.8357358163778,0.0,1.0,192.04703082705862,0.0,0.0,1.0,10.23541516387708,-4.870636193998229,1.000000,35.000000,78.8818609827,0
frame_0786.jpg,frame_0786,786,D:\visualization2026\visualization\left_downsample2_Q45\frame_0786.jpg,D:\visualization2026\visualization\right_downsample2_Q45\frame_0786.jpg,D:\visualization2026\dowsample2_Q45\stitched_frames\frame_0786.jpg,D:\visualization2026\dowsample2_Q45_hess_matched\stitched_frames\frame_0786.jpg,2203,1501,2.6333538577152034,0.8502474894310765,92.16738502,-5.53587039111,26.649548818562607,-36.85151162333534,-16.456203849322648,31.315641232224205,-17.935273231617167,28.46458506612566,33.64382006965718,0,1,35.37620713015801,3.2118791228640013,raw,-8.967636615808583,14.23229253306283,8.967636615808583,-14.23229253306283,0,0,1554.7627082909846,752.5076760265447,1528.113159472422,789.35918764988,12,12,12,1.186033571215845,0.18153255589595554,-8.957638122986037,-0.1333919805540752,1.1204965960214022,227.60351989545313,1.367087151260096e-06,3.150055848819272e-05,1.0,1.0,0.0,611.9676366158086,0.0,1.0,202.76770746693717,0.0,0.0,1.0,10.193344969239961,-5.5358703911111355,1.000000,35.000000,81.9740400508,0
frame_0788.jpg,frame_0788,788,D:\visualization2026\visualization\left_downsample2_Q45\frame_0788.jpg,D:\visualization2026\visualization\right_downsample2_Q45\frame_0788.jpg,D:\visualization2026\dowsample2_Q45\stitched_frames\frame_0788.jpg,D:\visualization2026\dowsample2_Q45_hess_matched\stitched_frames\frame_0788.jpg,2207,1500,2.8100817746146767,0.8043161613345191,98.3528621115,-8.57263595465,26.83553672816265,-48.14059605357852,-18.055864924110146,39.567960098930584,-15.766708176807622,26.252753066822727,30.623457190855877,0,1,43.49296178174434,13.510550578034016,raw,-7.883354088403811,13.126376533411364,7.883354088403811,-13.126376533411364,0,0,1557.983353955218,744.95149580315,1531.1478172270554,793.0920918567285,12,12,12,1.1981748832612678,0.18249722417320738,-8.217492781923246,-0.12953801969961912,1.126731402453234,220.8464680810847,7.27228472478538e-06,3.286459284388856e-05,1.0,1.0,0.0,614.8833540884038,0.0,1.0,200.87362346658864,0.0,0.0,1.0,8.779671804052507,-8.572635954647932,1.000000,35.000000,89.5731903075,0
frame_0790.jpg,frame_0790,790,D:\visualization2026\visualization\left_downsample2_Q45\frame_0790.jpg,D:\visualization2026\visualization\right_downsample2_Q45\frame_0790.jpg,D:\visualization2026\dowsample2_Q45\stitched_frames\frame_0790.jpg,D:\visualization2026\dowsample2_Q45_hess_matched\stitched_frames\frame_0790.jpg,2219,1502,3.0507753876128554,0.7194539573053058,106.777138566,-13.285784963,39.196391724709656,-46.87314658832304,-32.796400739883936,33.58736162531789,-15.685407900929045,22.77220348577258,27.65149675182087,0,1,46.94374039678705,20.24237440415869,raw,-7.842703950464522,11.38610174288629,7.842703950464522,-11.38610174288629,0,0,1580.8659219468286,763.2806340788079,1541.669530222119,810.153780667131,12,12,12,1.196369970289205,0.19257611775325678,-7.434082649848176,-0.13177646161060483,1.1385437047438212,221.862510018585,2.1418078423049906e-06,4.1277176815210346e-05,1.0,1.0,0.0,626.8427039504645,0.0,1.0,225.6138982571137,0.0,0.0,1.0,6.399990984825722,-13.285784963005147,1.000000,35.000000,100.377147582,0
frame_0792.jpg,frame_0792,792,D:\visualization2026\visualization\left_downsample2_Q45\frame_0792.jpg,D:\visualization2026\visualization\right_downsample2_Q45\frame_0792.jpg,D:\visualization2026\dowsample2_Q45\stitched_frames\frame_0792.jpg,D:\visualization2026\dowsample2_Q45_hess_matched\stitched_frames\frame_0792.jpg,2221,1498,3.2272642710706627,0.6678211582303346,112.954249487,-16.4675936869,4.92440680399784,-32.946782870007155,-0.05357035634069618,16.479189183111778,-14.269084694796891,15.940251401274356,21.39388680822435,0,1,16.479276255827095,14.22572675962622,fused,-7.134542347398446,7.970125700637178,7.134542347398446,-7.970125700637178,6,1,364.21773049645384,1429.4716312056737,359.293323692456,1462.4184140756809,12,12,12,1.2051362508372125,0.18896980942699054,-6.713439581584902,-0.12671508598291864,1.1362011475334284,210.54747516904888,8.194831426516805e-06,3.745435751220828e-05,1.0,1.0,0.0,628.1345423473985,0.0,1.0,222.02987429936283,0.0,0.0,1.0,4.870836447657144,-16.467593686895377,1.000000,35.000000,108.08341304,0
frame_0794.jpg,frame_0794,794,D:\visualization2026\visualization\left_downsample2_Q45\frame_0794.jpg,D:\visualization2026\visualization\right_downsample2_Q45\frame_0794.jpg,D:\visualization2026\dowsample2_Q45\stitched_frames\frame_0794.jpg,D:\visualization2026\dowsample2_Q45_hess_matched\stitched_frames\frame_0794.jpg,2221,1501,3.315385616055849,0.6605418113396695,116.038496562,-17.577508204,15.54915623027523,-10.488373493245831,-11.064999634987787,-7.089134710721588,-12.922450009280565,8.911936112271395,15.697525904153249,0,1,13.141158543638285,16.108519155260602,raw,-6.461225004640283,4.455968056135697,6.461225004640283,-4.455968056135697,0,0,1559.5049206125811,785.9373274770345,1543.955764382306,796.4257009702803,8,12,12,1.2105258072578429,0.1847065924880908,-6.813287693881221,-0.12693600240232847,1.1418557884373457,208.06039673542858,9.038967229210743e-06,4.006683464546927e-05,1.0,1.0,0.0,627.4612250046403,0.0,1.0,209.5440319438643,0.0,0.0,1.0,4.484156595287443,-17.57750820396742,1.000000,35.000000,111.554339967,0
frame_0796.jpg,frame_0796,796,D:\visualization2026\visualization\left_downsample2_Q45\frame_0796.jpg,D:\visualization2026\visualization\right_downsample2_Q45\frame_0796.jpg,D:\visualization2026\dowsample2_Q45\stitched_frames\frame_0796.jpg,D:\visualization2026\dowsample2_Q45_hess_matched\stitched_frames\frame_0796.jpg,2219,1499,3.3774108576211965,0.6583632264477277,118.209380017,-18.2825219467,13.646560695760854,-15.438402756456526,-9.37458781866188,-2.8441191902668947,-8.794769798769378,4.697281705127247,9.970578279652043,0,1,9.796525442127331,7.5636576073513275,raw,-4.397384899384689,2.3486408525636233,4.397384899384689,-2.3486408525636233,0,0,1555.5294986019544,774.6546988017612,1541.8829379061935,790.0931015582178,12,12,12,1.2107117949866304,0.17903004337252723,-4.5922594676544,-0.12330436969757161,1.136558839225877,199.3259465700333,1.2256561329447731e-05,3.4445223462870624e-05,1.0,1.0,0.0,623.3973848993846,0.0,1.0,205.65135914743638,0.0,0.0,1.0,4.271972877098974,-18.28252194672342,1.000000,35.000000,113.93740714,0
frame_0798.jpg,frame_0798,798,D:\visualization2026\visualization\left_downsample2_Q45\frame_0798.jpg,D:\visualization2026\visualization\right_downsample2_Q45\frame_0798.jpg,D:\visualization2026\dowsample2_Q45\stitched_frames\frame_0798.jpg,D:\visualization2026\dowsample2_Q45_hess_matched\stitched_frames\frame_0798.jpg,2215,1499,3.4008474636474517,0.665810119933929,119.029661228,-18.334902014,15.682935334000149,-22.761285667927837,-11.322691496528527,4.426383653915789,-8.16965668923082,6.273960158269925,10.3007701890418,0,1,12.157146662651245,3.6544722512932495,raw,-4.08482834461541,3.1369800791349625,4.08482834461541,-3.1369800791349625,0,0,1552.1018372947844,761.4244398222681,1536.4189019607843,784.185725490196,12,12,12,1.2034853446892104,0.1709120721539684,-3.529198877190204,-0.12275951513676532,1.124369716655679,199.7941760495093,1.128512915502895e-05,2.609521401991684e-05,1.0,1.0,0.0,619.0848283446154,0.0,1.0,201.86301992086504,0.0,0.0,1.0,4.360243837471621,-18.334902014012048,1.000000,35.000000,114.66941739,0
frame_0800.jpg,frame_0800,800,D:\visualization2026\visualization\left_downsample2_Q45\frame_0800.jpg,D:\visualization2026\visualization\right_downsample2_Q45\frame_0800.jpg,D:\visualization2026\dowsample2_Q45\stitched_frames\frame_0800.jpg,D:\visualization2026\dowsample2_Q45_hess_matched\stitched_frames\frame_0800.jpg,2215,1499,3.3709897242789246,0.6802998008209125,117.98464035,-17.647696694,16.894151169170982,-30.161786283576134,-12.157999687328005,12.514089589597148,-4.445451984301124,10.326685718669586,11.242885807340622,0,1,17.447618595485505,8.01674047016704,raw,-2.222725992150562,5.163342859334793,2.222725992150562,-5.163342859334793,0,0,1553.4055997673017,763.7718585762369,1536.5114485981308,793.9336448598131,12,12,12,1.1995087254351686,0.17822341172567832,-1.7666333027783496,-0.12778008749646488,1.1325515087845994,209.81890596345585,5.382008955193947e-06,3.5780324938601525e-05,1.0,1.0,0.0,617.2227259921506,0.0,1.0,207.8366571406652,0.0,0.0,1.0,4.736151481842978,-17.647696693978986,1.000000,35.000000,113.248488868,0
frame_0802.jpg,frame_0802,802,D:\visualization2026\visualization\left_downsample2_Q45\frame_0802.jpg,D:\visualization2026\visualization\right_downsample2_Q45\frame_0802.jpg,D:\visualization2026\dowsample2_Q45\stitched_frames\frame_0802.jpg,D:\visualization2026\dowsample2_Q45_hess_matched\stitched_frames\frame_0802.jpg,2232,1506,3.307037461641265,0.6944344031091134,115.746311157,-16.613132634,2.1250748404941078,-40.97571408282079,3.0719951913520998,24.362581448825168,-1.9370340580850267,14.090873494078599,14.223389777697445,0,1,24.555498962683096,11.427963875044433,raw,-0.9685170290425134,7.045436747039299,0.9685170290425134,-7.045436747039299,0,0,1555.1192681863822,771.7170825273487,1552.994193345888,812.6927966101695,12,12,12,1.209948380383951,0.18076640344110134,-1.0243449516564709,-0.1257861377300359,1.139944064768954,207.92694096555664,1.0153926822277756e-05,3.449344278146009e-05,1.0,1.0,0.0,632.9685170290425,0.0,1.0,223.9545632529607,0.0,0.0,1.0,5.1970700318462075,-16.61313263399562,1.000000,35.000000,110.549241126,0
frame_0804.jpg,frame_0804,804,D:\visualization2026\visualization\left_downsample2_Q45\frame_0804.jpg,D:\visualization2026\visualization\right_downsample2_Q45\frame_0804.jpg,D:\visualization2026\dowsample2_Q45\stitched_frames\frame_0804.jpg,D:\visualization2026\dowsample2_Q45_hess_matched\stitched_frames\frame_0804.jpg,2233,1507,3.253954913261005,0.7098577229656922,113.888421964,-15.6588904044,-1.9011947451879223,-28.833383495698172,7.556023889660686,13.174493091276714,2.0241947359671446,18.119798953607216,18.232511578174364,0,1,15.187520048817083,7.420052820408642,raw,1.0120973679835723,9.059899476803608,-1.0120973679835723,-9.059899476803608,0,0,1551.703511137165,778.7157929748901,1553.6047058823528,807.5491764705882,12,12,12,1.201985226863278,0.18639728429927194,1.0296855605837871,-0.13021590814987105,1.1455718493541795,217.54222562139034,4.91236742146525e-06,4.186224492896248e-05,1.0,1.0,0.0,631.9879026320165,0.0,1.0,222.9401005231964,0.0,0.0,1.0,5.654829144472764,-15.658890404421458,1.000000,35.000000,108.23359282,0
frame_0806.jpg,frame_0806,806,D:\visualization2026\visualization\left_downsample2_Q45\frame_0806.jpg,D:\visualization2026\visualization\right_downsample2_Q45\frame_0806.jpg,D:\visualization2026\dowsample2_Q45\stitched_frames\frame_0806.jpg,D:\visualization2026\dowsample2_Q45_hess_matched\stitched_frames\frame_0806.jpg,2240,1506,3.2493743213152584,0.7673827964324262,113.728101246,-14.12235231,3.6713961183234005,-30.099171996761015,3.1675018124186076,15.976819686778166,4.400503754362611,19.563495603274784,20.052301451741425,0,1,16.28778177148434,3.792695336935797,raw,2.2002518771813055,9.781747801637392,-2.2002518771813055,-9.781747801637392,0,0,1562.509849718387,773.8107271855839,1558.8384536000635,803.9098991823449,12,12,12,1.2110455322449198,0.197422608531471,1.9121097330211723,-0.12920840798866462,1.1596493581887963,217.06090028567846,5.356931291457787e-06,5.1138558275065754e-05,1.0,1.0,0.0,637.7997481228186,0.0,1.0,225.21825219836262,0.0,0.0,1.0,6.838897930742008,-14.12235230998285,1.000000,35.000000,106.889203315,0
frame_0808.jpg,frame_0808,808,D:\visualization2026\visualization\left_downsample2_Q45\frame_0808.jpg,D:\visualization2026\visualization\right_downsample2_Q45\frame_0808.jpg,D:\visualization2026\dowsample2_Q45\stitched_frames\frame_0808.jpg,D:\visualization2026\dowsample2_Q45_hess_matched\stitched_frames\frame_0808.jpg,2242,1504,3.2819112075117687,0.8826488576913691,114.866892263,-11.4797511423,0.6151661179060284,-36.05076209387846,8.483452473732333,24.57101095155888,2.3241616885066243,18.394634039213955,18.54088155916354,0,1,25.99429831820243,8.722642646601644,raw,1.1620808442533122,9.197317019606977,-1.1620808442533122,-9.197317019606977,0,0,1563.0277595850448,769.0939840690495,1562.4125934671388,805.144746162928,12,12,12,1.2182517680154394,0.18832379252736586,1.3655043260489652,-0.12567283027718604,1.146772563927092,210.4562938686526,1.1240017390477414e-05,4.064940840381297e-05,1.0,1.0,0.0,640.8379191557467,0.0,1.0,216.80268298039303,0.0,0.0,1.0,9.098618591638362,-11.479751142319582,1.000000,35.000000,105.768273671,0
frame_0810.jpg,frame_0810,810,D:\visualization2026\visualization\left_downsample2_Q45\frame_0810.jpg,D:\visualization2026\visualization\right_downsample2_Q45\frame_0810.jpg,D:\visualization2026\dowsample2_Q45\stitched_frames\frame_0810.jpg,D:\visualization2026\dowsample2_Q45_hess_matched\stitched_frames\frame_0810.jpg,2245,1504,3.320384971990755,0.9564536729930855,116.21347402,-9.97217125957,10.774245112729432,-29.704744097501703,-0.2764545953506694,19.73257283793498,-0.22810275449801654,12.946383159663363,12.948392478737455,0,1,19.734509316111712,6.786361930371388,raw,-0.11405137724900827,6.473191579831681,0.11405137724900827,-6.473191579831681,0,0,1575.9046410880621,771.97101052762,1565.1303959753327,801.6757546251217,12,12,12,1.22434233846211,0.19244815516980207,0.15341748644081987,-0.12522547437698653,1.15365499619042,207.3302235102296,1.33945794280606e-05,4.4681134481728855e-05,1.0,1.0,0.0,645.114051377249,0.0,1.0,220.52680842016832,0.0,0.0,1.0,10.497790517378762,-9.972171259566723,1.000000,35.000000,105.715683502,0
frame_0812.jpg,frame_0812,812,D:\visualization2026\visualization\left_downsample2_Q45\frame_0812.jpg,D:\visualization2026\visualization\right_downsample2_Q45\frame_0812.jpg,D:\visualization2026\dowsample2_Q45\stitched_frames\frame_0812.jpg,D:\visualization2026\dowsample2_Q45_hess_matched\stitched_frames\frame_0812.jpg,2243,1508,3.359056149771373,0.9374169280358853,117.566965242,-10.869213241,17.3151381229236,-29.387486869556028,-7.309715137927837,18.518273628521023,-2.2875361687436397,7.622458684656319,7.958310004178204,0,1,19.90875168307718,11.997544119087934,raw,-1.1437680843718199,3.8112293423281596,1.1437680843718199,-3.8112293423281596,0,0,1579.625281640316,777.7687605965916,1562.3101435173924,807.1562474661476,12,12,12,1.226512687955732,0.18478539440247277,-1.2570135616010902,-0.1231557978832495,1.1530374443202005,201.16055566973534,1.593223357945452e-05,4.015774210267957e-05,1.0,1.0,0.0,644.1437680843718,0.0,1.0,221.18877065767185,0.0,0.0,1.0,10.005422984995763,-10.869213241035006,1.000000,35.000000,107.561542257,0
frame_0814.jpg,frame_0814,814,D:\visualization2026\visualization\left_downsample2_Q45\frame_0814.jpg,D:\visualization2026\visualization\right_downsample2_Q45\frame_0814.jpg,D:\visualization2026\dowsample2_Q45\stitched_frames\frame_0814.jpg,D:\visualization2026\dowsample2_Q45_hess_matched\stitched_frames\frame_0814.jpg,2235,1503,3.4209274029875374,0.9041278229356968,119.732459105,-12.3776958457,14.36529230102201,1.6890654607902889,-5.2052983253625165,-14.066761306476245,-5.5848423204212345,2.5775492120477734,6.150953071231818,0,1,14.998963441164829,16.648637370104332,raw,-2.7924211602106173,1.2887746060238867,2.7924211602106173,-1.2887746060238867,0,0,1568.3469443996125,772.2530468766497,1553.9816520985905,770.5639814158594,12,12,12,1.2101798793878125,0.1758987465911117,-3.107403161863269,-0.12673538047214294,1.1416400715172945,204.3203478635123,8.943411577693334e-06,3.900848777431463e-05,1.0,1.0,0.0,637.7924211602107,0.0,1.0,197.71122539397612,0.0,0.0,1.0,9.159993975659493,-12.377695845685956,1.000000,35.000000,110.572465129,0
frame_0816.jpg,frame_0816,816,D:\visualization2026\visualization\left_downsample2_Q45\frame_0816.jpg,D:\visualization2026\visualization\right_downsample2_Q45\frame_0816.jpg,D:\visualization2026\dowsample2_Q45\stitched_frames\frame_0816.jpg,D:\visualization2026\dowsample2_Q45_hess_matched\stitched_frames\frame_0816.jpg,2230,1503,3.4675652665414773,0.8819996568589006,121.364784329,-13.4380502904,15.7127713825937,-2.795247602190784,-7.129665258809508,-10.64280268825705,-7.472580863306614,-2.198638643807203,7.789318111664114,0,1,12.810205921992305,8.451124038930395,raw,-3.736290431653307,-1.0993193219036015,3.736290431653307,1.0993193219036015,0,0,1563.618660041756,765.7436144852585,1547.9058886591622,768.5388620874493,12,12,12,1.2012888785449287,0.16909750773821983,-4.037383340721496,-0.12668972272579238,1.1317342001955701,201.14682384498263,7.178605796692341e-06,3.202294392255535e-05,1.0,1.0,0.0,633.7362904316533,0.0,1.0,198.0993193219036,0.0,0.0,1.0,8.583106123784193,-13.438050290447833,1.000000,35.000000,112.781678205,0
frame_0818.jpg,frame_0818,818,D:\visualization2026\visualization\left_downsample2_Q45\frame_0818.jpg,D:\visualization2026\visualization\right_downsample2_Q45\frame_0818.jpg,D:\visualization2026\dowsample2_Q45\stitched_frames\frame_0818.jpg,D:\visualization2026\dowsample2_Q45_hess_matched\stitched_frames\frame_0818.jpg,2233,1501,3.473780170792857,0.8848852063464605,121.582305978,-13.4283710226,16.628143038390817,-12.774834611081815,-8.003078284655642,-0.6535364114838451,-6.438669378847645,-5.0344592241563495,8.173263916563766,0,1,8.029718044331437,4.651866283027248,raw,-3.2193346894238224,-2.5172296120781747,3.2193346894238224,2.5172296120781747,0,0,1564.884907300868,762.5684169956785,1548.2567642624772,775.3432516067603,12,12,12,1.209679129116901,0.17102968109338407,-3.6131383965479293,-0.12306791050078766,1.137074593164715,194.05833803262664,1.162006959990332e-05,3.3657173085948616e-05,1.0,1.0,0.0,636.2193346894238,0.0,1.0,196.51722961207818,0.0,0.0,1.0,8.625064753735176,-13.42837102256566,1.000000,35.000000,112.957241224,0
frame_0820.jpg,frame_0820,820,D:\visualization2026\visualization\left_downsample2_Q45\frame_0820.jpg,D:\visualization2026\visualization\right_downsample2_Q45\frame_0820.jpg,D:\visualization2026\dowsample2_Q45\stitched_frames\frame_0820.jpg,D:\visualization2026\dowsample2_Q45_hess_matched\stitched_frames\frame_0820.jpg,2231,1502,3.46225275306049,0.8960291560087281,121.178846357,-13.0194381503,18.598380624566516,-8.871071708930685,-9.715147309777567,-4.148366441339897,-7.520043365065101,0.751793891291348,7.557529111253403,0,1,10.563760286106143,5.369362402891519,raw,-3.7600216825325505,0.375896945645674,3.7600216825325505,-0.375896945645674,0,0,1563.8822105808638,759.7960717157812,1545.2838299562973,768.6671434247119,12,12,12,1.2040218841583417,0.17016060613746434,-4.029934724302547,-0.12527224840631304,1.1353676500481507,200.64229996723597,8.309949443662607e-06,3.350702315245017e-05,1.0,1.0,0.0,634.7600216825325,0.0,1.0,196.62410305435432,0.0,0.0,1.0,8.88323331478895,-13.019438150270583,1.000000,35.000000,112.295613042,0
frame_0822.jpg,frame_0822,822,D:\visualization2026\visualization\left_downsample2_Q45\frame_0822.jpg,D:\visualization2026\visualization\right_downsample2_Q45\frame_0822.jpg,D:\visualization2026\dowsample2_Q45\stitched_frames\frame_0822.jpg,D:\visualization2026\dowsample2_Q45_hess_matched\stitched_frames\frame_0822.jpg,2247,1491,3.430081582058726,0.9047611766640675,120.052855372,-12.4570367957,11.288285146438511,-16.796207522505256,-2.1401577156329896,4.339170726775288,-6.976490146234567,9.295083949663406,11.621961985473806,0,1,4.838251506886243,6.924679577575113,raw,-3.4882450731172834,4.647541974831703,3.4882450731172834,-4.647541974831703,0,0,1572.9576184797718,747.5800349017371,1561.6693333333333,764.3762424242424,12,12,12,1.2331856655799118,0.17981012751488026,-3.373544011461305,-0.12101273466182615,1.1597447929791596,198.68293089628307,1.5159074496961734e-05,5.2779340881466437e-05,1.0,1.0,0.0,650.4882450731172,0.0,1.0,194.3524580251683,0.0,0.0,1.0,9.148127430805522,-12.457036795729968,1.000000,35.000000,110.904727941,0
frame_0824.jpg,frame_0824,824,D:\visualization2026\visualization\left_downsample2_Q45\frame_0824.jpg,D:\visualization2026\visualization\right_downsample2_Q45\frame_0824.jpg,D:\visualization2026\dowsample2_Q45\stitched_frames\frame_0824.jpg,D:\visualization2026\dowsample2_Q45_hess_matched\stitched_frames\frame_0824.jpg,2274,1501,3.3741516571375705,0.9023622328945322,118.095308,-11.934223001,19.86275292587561,-26.798727271713915,-10.612168256449792,14.864504270762243,-4.017598713711301,12.688653262863868,13.309508670480687,0,1,18.263942682748148,6.944254824139629,raw,-2.0087993568556506,6.344326631431934,2.0087993568556506,-6.344326631431934,0,0,1608.4315805994288,758.4414373764298,1588.5688276735532,785.2401646481437,12,12,12,1.2575279067675968,0.19661391797885572,-1.4488069514509228,-0.11462799120932073,1.1791659544475876,189.88583032127482,2.3129101511270864e-05,5.4100977414684325e-05,1.0,1.0,0.0,676.0087993568557,0.0,1.0,213.65567336856807,0.0,0.0,1.0,9.25058466942582,-11.934223000951672,1.000000,35.000000,108.84472333,0
frame_0826.jpg,frame_0826,826,D:\visualization2026\visualization\left_downsample2_Q45\frame_0826.jpg,D:\visualization2026\visualization\right_downsample2_Q45\frame_0826.jpg,D:\visualization2026\dowsample2_Q45\stitched_frames\frame_0826.jpg,D:\visualization2026\dowsample2_Q45_hess_matched\stitched_frames\frame_0826.jpg,2273,1500,3.3064018254474057,0.8898452051190766,115.724063891,-11.5496373031,13.590833928719121,-43.623284906751564,-4.411899164656839,32.073647603603234,-5.506777222138364,22.29037813493753,22.960521613690812,0,1,32.37566562773996,9.844344541780373,raw,-2.753388611069182,11.145189067468765,2.753388611069182,-11.145189067468765,0,0,1600.5410826849381,759.4236678295667,1586.950248756219,803.0469527363183,12,12,12,1.2453082843216277,0.19965554921356932,-2.330545359029953,-0.11903689517706226,1.1842120208122875,201.62725645052006,1.662485776303374e-05,6.133182293844685e-05,1.0,1.0,0.0,675.7533886110692,0.0,1.0,236.85481093253122,0.0,0.0,1.0,9.178934764062282,-11.549637303148332,1.000000,35.000000,106.545129127,0
frame_0828.jpg,frame_0828,828,D:\visualization2026\visualization\left_downsample2_Q45\frame_0828.jpg,D:\visualization2026\visualization\right_downsample2_Q45\frame_0828.jpg,D:\visualization2026\dowsample2_Q45\stitched_frames\frame_0828.jpg,D:\visualization2026\dowsample2_Q45_hess_matched\stitched_frames\frame_0828.jpg,2280,1513,3.2416023601841317,0.8740039284283219,113.456082606,-11.281930447,2.2402151211362025,-27.59624060150395,6.79137887796068,16.314310154518466,-3.5746608273644833,26.82465914087433,27.0617911095106,0,1,17.671432960624184,14.762188692310149,fused,-1.7873304136822417,13.412329570437166,1.7873304136822417,-13.412329570437166,9,4,504.59226190476187,1417.5476190476188,502.35204678362567,1445.1438596491228,12,12,12,1.2524746733041048,0.21173467729263168,-1.756827499847248,-0.1229045892441662,1.1918051160024168,209.98384227209732,1.8133637522779455e-05,6.180285012731399e-05,1.0,1.0,0.0,681.7873304136823,0.0,1.0,248.58767042956282,0.0,0.0,1.0,9.031593999096883,-11.281930446985486,1.000000,35.000000,104.424488607,0
frame_0830.jpg,frame_0830,830,D:\visualization2026\visualization\left_downsample2_Q45\frame_0830.jpg,D:\visualization2026\visualization\right_downsample2_Q45\frame_0830.jpg,D:\visualization2026\dowsample2_Q45\stitched_frames\frame_0830.jpg,D:\visualization2026\dowsample2_Q45_hess_matched\stitched_frames\frame_0830.jpg,2269,1508,3.1894897826181463,0.8519050814855778,111.632142392,-11.308831846,25.88351378462812,-55.16908976501156,-17.161039851912882,43.86025791902841,0.38402406579955417,31.764356407251654,31.766677705577308,0,1,47.098020271797374,21.310563138012515,raw,0.19201203289977709,15.882178203625827,-0.19201203289977709,-15.882178203625827,0,0,1605.848434271064,750.50513848569,1579.9649204864359,805.6742282507016,12,12,12,1.2349089700558562,0.20249720396868734,0.30929873030182786,-0.12284668968589857,1.1753635070564306,213.24817801671708,1.4892332018709146e-05,5.480350679616863e-05,1.0,1.0,0.0,668.8079879671002,0.0,1.0,242.1178217963742,0.0,0.0,1.0,8.722473932715241,-11.308831845983153,1.000000,35.000000,102.909668459,0
frame_0832.jpg,frame_0832,832,D:\visualization2026\visualization\left_downsample2_Q45\frame_0832.jpg,D:\visualization2026\visualization\right_downsample2_Q45\frame_0832.jpg,D:\visualization2026\dowsample2_Q45\stitched_frames\frame_0832.jpg,D:\visualization2026\dowsample2_Q45_hess_matched\stitched_frames\frame_0832.jpg,2277,1512,3.1405384847243525,0.8016440786894794,109.918846965,-12.0975740274,0.3107673696033544,-39.10814978387032,7.520424258236419,27.010575756459296,3.611843344368028,34.21255786101857,34.402681984662166,0,1,28.037973958888283,8.194238890504,raw,1.805921672184014,17.106278930509283,-1.805921672184014,-17.106278930509283,0,0,1588.1063729681646,766.6724429129785,1587.7956055985612,805.7805926968488,12,12,12,1.2496425906125683,0.2126927657398745,1.8039320670116021,-0.12196112885300138,1.1963369432730127,212.9699263274754,1.785560950999885e-05,6.483714915377478e-05,1.0,1.0,0.0,675.194078327816,0.0,1.0,245.8937210694907,0.0,0.0,1.0,7.8311916278397735,-12.097574027411019,1.000000,35.000000,102.087655338,0
frame_0834.jpg,frame_0834,834,D:\visualization2026\visualization\left_downsample2_Q45\frame_0834.jpg,D:\visualization2026\visualization\right_downsample2_Q45\frame_0834.jpg,D:\visualization2026\dowsample2_Q45\stitched_frames\frame_0834.jpg,D:\visualization2026\dowsample2_Q45_hess_matched\stitched_frames\frame_0834.jpg,2282,1510,3.1031743790841233,0.768866978437416,108.611103268,-12.5550415431,-1.9165824675121712,-52.11803214574377,9.181256209370392,39.56299060264887,4.781293666783603,38.84327614354792,39.13643916725107,0,1,40.61435326343859,4.458436864956795,raw,2.3906468333918016,19.42163807177396,-2.3906468333918016,-19.42163807177396,0,0,1595.6310710201124,761.9480237848252,1597.5476534876245,814.066055930569,12,12,12,1.2565592603522664,0.21269371254110483,2.2021259330744303,-0.12102531107361755,1.1903537913648243,213.83268240439847,2.005423102108409e-05,6.154604202612882e-05,1.0,1.0,0.0,679.6093531666082,0.0,1.0,239.57836192822603,0.0,0.0,1.0,7.264673741858221,-12.555041543094902,1.000000,35.000000,101.346429526,0
frame_0836.jpg,frame_0836,836,D:\visualization2026\visualization\left_downsample2_Q45\frame_0836.jpg,D:\visualization2026\visualization\right_downsample2_Q45\frame_0836.jpg,D:\visualization2026\dowsample2_Q45\stitched_frames\frame_0836.jpg,D:\visualization2026\dowsample2_Q45_hess_matched\stitched_frames\frame_0836.jpg,2269,1514,3.0992604297152297,0.8036419219202506,108.47411504,-11.6142036618,-3.743635029497227,-55.92885853422263,11.727197228185528,44.31465487243782,11.400616630546685,37.23443407110291,38.94068746378275,0,1,45.8401111614276,7.087748689281363,raw,5.700308315273342,18.617217035551455,-5.700308315273342,-18.617217035551455,0,0,1580.6644905476035,757.7957490373378,1584.4081255771007,813.7246075715605,12,12,12,1.23243638989126,0.2051302734207674,5.94250552869256,-0.1265087377823304,1.1801019368361607,221.53889380708557,1.2418079534509086e-05,5.7378814977018446e-05,1.0,1.0,0.0,663.2996916847267,0.0,1.0,245.38278296444855,0.0,0.0,1.0,7.983562198688301,-11.614203661784808,1.000000,35.000000,100.490552841,0
frame_0838.jpg,frame_0838,838,D:\visualization2026\visualization\left_downsample2_Q45\frame_0838.jpg,D:\visualization2026\visualization\right_downsample2_Q45\frame_0838.jpg,D:\visualization2026\dowsample2_Q45\stitched_frames\frame_0838.jpg,D:\visualization2026\dowsample2_Q45_hess_matched\stitched_frames\frame_0838.jpg,2282,1507,3.1788704765569094,0.8881688709848177,111.260466679,-10.2593434971,-3.148801718973573,-49.72724506424731,12.638630490038556,39.4679015671652,14.214320073316872,40.1296152065469,42.57267799624801,0,1,41.44213115633864,1.7089946177198936,raw,7.107160036658436,20.06480760327345,-7.107160036658436,-20.06480760327345,0,0,1591.3881780669954,736.8010149436797,1594.536979785969,786.528260007927,12,12,12,1.2618945396459036,0.2014299881551054,7.579226589882844,-0.11712504248256418,1.18176981734304,207.80290046470532,2.584301378908196e-05,5.3722250893391435e-05,1.0,1.0,0.0,674.8928399633415,0.0,1.0,217.93519239672656,0.0,0.0,1.0,9.489828771064984,-10.259343497082112,1.000000,35.000000,101.770637908,0
frame_0840.jpg,frame_0840,840,D:\visualization2026\visualization\left_downsample2_Q45\frame_0840.jpg,D:\visualization2026\visualization\right_downsample2_Q45\frame_0840.jpg,D:\visualization2026\dowsample2_Q45\stitched_frames\frame_0840.jpg,D:\visualization2026\dowsample2_Q45_hess_matched\stitched_frames\frame_0840.jpg,2265,1497,3.2915832272487613,0.943597668121688,115.205412954,-10.0036618127,-5.62171323016014,-45.8197093695411,15.935574966902522,35.816047556803326,15.05754179801759,42.54785220184701,45.13368245544855,0,1,39.20117105542853,6.788824347756668,raw,7.528770899008795,21.273926100923504,-7.528770899008795,-21.273926100923504,0,0,1574.4364591673905,729.1018638758663,1580.0581723975506,774.9215732454074,12,12,12,1.2524850336814868,0.17136871902927242,7.776034330841857,-0.11345550464257423,1.1591875237794023,203.5023491052862,2.516467259239917e-05,4.1886962260671086e-05,1.0,1.0,0.0,657.4712291009912,0.0,1.0,192.72607389907648,0.0,0.0,1.0,10.313861736742382,-10.003661812737771,1.000000,35.000000,104.891551217,0
frame_0842.jpg,frame_0842,842,D:\visualization2026\visualization\left_downsample2_Q45\frame_0842.jpg,D:\visualization2026\visualization\right_downsample2_Q45\frame_0842.jpg,D:\visualization2026\dowsample2_Q45\stitched_frames\frame_0842.jpg,D:\visualization2026\dowsample2_Q45_hess_matched\stitched_frames\frame_0842.jpg,2273,1498,3.3832157039571804,0.9022350266901771,118.412549639,-12.032303181,-12.365470647498569,-53.51878461464992,21.58894147208735,41.48648143367925,9.904716549135047,35.84555364173626,37.18880376943175,0,1,46.767622728039385,12.974635964220907,raw,4.952358274567524,17.92277682086813,-4.952358274567524,-17.92277682086813,0,0,1575.075627391717,725.2580781304481,1587.4410980392156,778.776862745098,12,12,12,1.2534955384926678,0.17173802386285786,5.5049436770067866,-0.11212330269773232,1.1635686534333247,197.6721313524065,2.526616157159386e-05,4.279490814168787e-05,1.0,1.0,0.0,668.0476417254325,0.0,1.0,204.07722317913186,0.0,0.0,1.0,9.223470824588782,-12.032303180970667,1.000000,35.000000,109.189078814,0
frame_0844.jpg,frame_0844,844,D:\visualization2026\visualization\left_downsample2_Q45\frame_0844.jpg,D:\visualization2026\visualization\right_downsample2_Q45\frame_0844.jpg,D:\visualization2026\dowsample2_Q45\stitched_frames\frame_0844.jpg,D:\visualization2026\dowsample2_Q45_hess_matched\stitched_frames\frame_0844.jpg,2263,1500,3.4904070306064305,0.8276368204710836,122.164246071,-15.0837242447,-5.983324602705352,-66.73789982382937,13.397364832873997,51.65417557914944,10.335460192689894,38.044634699377106,39.423545842601804,0,1,53.36331360800908,13.949726269134292,raw,5.167730096344947,19.022317349688553,-5.167730096344947,-19.022317349688553,0,0,1571.2349544444508,725.44861775841,1577.218279047156,792.1865175822394,12,12,12,1.2381807820891735,0.17581175697256973,4.885480664433324,-0.12225639676264825,1.1577812929231046,214.57952150715428,1.629492865035538e-05,4.6341815983442553e-05,1.0,1.0,0.0,657.8322699036551,0.0,1.0,222.97768265031144,0.0,0.0,1.0,7.414040230168646,-15.083724244679924,1.000000,35.000000,114.750205841,0
frame_0846.jpg,frame_0846,846,D:\visualization2026\visualization\left_downsample2_Q45\frame_0846.jpg,D:\visualization2026\visualization\right_downsample2_Q45\frame_0846.jpg,D:\visualization2026\dowsample2_Q45\stitched_frames\frame_0846.jpg,D:\visualization2026\dowsample2_Q45_hess_matched\stitched_frames\frame_0846.jpg,2274,1504,3.5770529637378665,0.7507040029301069,125.196853731,-17.9807046048,19.649572906993285,-28.783866676705884,-14.03692901622719,10.803162071884078,10.800353325813962,32.70467037161761,34.44187997305872,0,1,17.712811379281252,33.11444790331806,fused,5.400176662906981,16.352335185808805,-5.400176662906981,-16.352335185808805,7,2,485.90565302144245,1353.8584795321638,466.25608011444916,1382.6423462088696,12,12,12,1.243591276939504,0.18219063779667463,5.936729201373689,-0.11808229983901951,1.1652036327974322,205.40804087294478,1.898294975930092e-05,4.563930430230026e-05,1.0,1.0,0.0,668.599823337093,0.0,1.0,229.6476648141912,0.0,0.0,1.0,5.612643890766096,-17.980704604821806,1.000000,35.000000,119.58420984,0
frame_0848.jpg,frame_0848,848,D:\visualization2026\visualization\left_downsample2_Q45\frame_0848.jpg,D:\visualization2026\visualization\right_downsample2_Q45\frame_0848.jpg,D:\visualization2026\dowsample2_Q45\stitched_frames\frame_0848.jpg,D:\visualization2026\dowsample2_Q45_hess_matched\stitched_frames\frame_0848.jpg,2275,1504,3.5796994608042425,0.6813079151008434,125.289481128,-19.8042152317,-10.600330785865026,-70.26752208707228,14.792348707812787,50.46330685536942,8.989466988520615,31.120869981376686,32.39319473493552,0,1,52.586680053723725,20.194140250886864,raw,4.494733494260307,15.560434990688343,-4.494733494260307,-15.560434990688343,0,0,1578.31698309191,714.8108492944292,1588.917313877775,785.0783713815015,12,12,12,1.2482399886078024,0.1827628477637287,4.133811365230448,-0.11723100392270434,1.1667866199902082,203.5926992170522,2.0864123240430934e-05,4.633805564859612e-05,1.0,1.0,0.0,670.5052665057397,0.0,1.0,229.43956500931165,0.0,0.0,1.0,4.192017921947761,-19.804215231702862,1.000000,35.000000,121.097463206,0
frame_0850.jpg,frame_0850,850,D:\visualization2026\visualization\left_downsample2_Q45\frame_0850.jpg,D:\visualization2026\visualization\right_downsample2_Q45\frame_0850.jpg,D:\visualization2026\dowsample2_Q45\stitched_frames\frame_0850.jpg,D:\visualization2026\dowsample2_Q45_hess_matched\stitched_frames\frame_0850.jpg,2269,1502,3.4462525729889784,0.6247592810075391,120.618840055,-19.8720464273,-14.858768138042706,-28.988272345325413,18.26004063252286,9.116225918005867,2.659241551338436,20.911296169105498,21.079702870306573,0,1,20.409180750081756,19.55782744069137,fused,1.329620775669218,10.455648084552749,-1.329620775669218,-10.455648084552749,11,6,756.857233906947,1148.202039515615,771.7160020449898,1177.1903118609405,12,12,12,1.242841554822143,0.17199736777332567,1.0483166790798801,-0.1149925688122925,1.1551056914233595,194.87198684839973,2.2517550450903806e-05,3.75018927376204e-05,1.0,1.0,0.0,667.6703792243308,0.0,1.0,229.54435191544724,0.0,0.0,1.0,3.4012724944801525,-19.872046427319546,1.000000,35.000000,117.21756756,0
frame_0852.jpg,frame_0852,852,D:\visualization2026\visualization\left_downsample2_Q45\frame_0852.jpg,D:\visualization2026\visualization\right_downsample2_Q45\frame_0852.jpg,D:\visualization2026\dowsample2_Q45\stitched_frames\frame_0852.jpg,D:\visualization2026\dowsample2_Q45_hess_matched\stitched_frames\frame_0852.jpg,2270,1499,3.2977103026853563,0.5723267520901365,115.419860594,-19.6754991648,-9.799304758696508,-53.2429786472469,12.534509785620623,33.56747948247464,8.13439005953253,24.34385402145463,25.666934570737393,0,1,35.831405419996784,10.219408997054872,raw,4.067195029766265,12.171927010727314,-4.067195029766265,-12.171927010727314,0,0,1573.1046781716022,700.9598030818505,1582.9039829302988,754.2027817290974,12,12,12,1.2445289752963826,0.171241362176292,4.521389035567052,-0.1152112332899087,1.157952464629788,196.3764247232593,2.0423565697837258e-05,4.125555569733432e-05,1.0,1.0,0.0,665.9328049702337,0.0,1.0,212.8280729892727,0.0,0.0,1.0,2.7352050269241146,-19.675499164772265,1.000000,35.000000,112.684655567,0
frame_0854.jpg,frame_0854,854,D:\visualization2026\visualization\left_downsample2_Q45\frame_0854.jpg,D:\visualization2026\visualization\right_downsample2_Q45\frame_0854.jpg,D:\visualization2026\dowsample2_Q45\stitched_frames\frame_0854.jpg,D:\visualization2026\dowsample2_Q45_hess_matched\stitched_frames\frame_0854.jpg,2266,1500,3.2834517058700072,0.5219628234673284,114.920809705,-20.8297078565,20.00172711571679,-21.43601437433199,-18.2537623530369,0.606306517793481,7.643853910710053,16.77928590898071,18.43835508454038,0,1,18.26382894232932,30.532798603011443,fused,3.8219269553550266,8.389642954490355,-3.8219269553550266,-8.389642954490355,5,3,492.0,1355.0855745721271,471.9982728842832,1376.5215889464591,12,12,12,1.239061315867934,0.16583998204346112,4.194335769668443,-0.11539256307729832,1.150757063679113,193.0879385301568,2.009249464892837e-05,3.621945983574658e-05,1.0,1.0,0.0,662.178073044645,0.0,1.0,215.61035704550966,0.0,0.0,1.0,1.7479647626798887,-20.82970785653851,1.000000,35.000000,113.172844943,0
frame_0856.jpg,frame_0856,856,D:\visualization2026\visualization\left_downsample2_Q45\frame_0856.jpg,D:\visualization2026\visualization\right_downsample2_Q45\frame_0856.jpg,D:\visualization2026\dowsample2_Q45\stitched_frames\frame_0856.jpg,D:\visualization2026\dowsample2_Q45_hess_matched\stitched_frames\frame_0856.jpg,2265,1499,3.4152591770671528,0.5924210838719262,119.534071197,-20.384778436,-10.512355336111114,-48.35072976959964,13.338813524743282,27.965951333629718,4.539063271883895,16.014184795194122,16.645035597462442,0,1,30.984163378132706,14.841843817463095,raw,2.2695316359419473,8.007092397597061,-2.2695316359419473,-8.007092397597061,0,0,1566.8138773110884,686.9040971013114,1577.3262326471995,735.2548268709111,12,12,12,1.2402807529083089,0.1638861057729595,2.132324563952269,-0.11362554159497024,1.1506321765779732,189.72850423531528,2.1160049892742516e-05,3.5358213081823334e-05,1.0,1.0,0.0,662.7304683640581,0.0,1.0,213.99290760240294,0.0,0.0,1.0,2.826458188632168,-20.38477843596992,1.000000,35.000000,116.707613009,0
frame_0858.jpg,frame_0858,858,D:\visualization2026\visualization\left_downsample2_Q45\frame_0858.jpg,D:\visualization2026\visualization\right_downsample2_Q45\frame_0858.jpg,D:\visualization2026\dowsample2_Q45\stitched_frames\frame_0858.jpg,D:\visualization2026\dowsample2_Q45_hess_matched\stitched_frames\frame_0858.jpg,2260,1493,3.5748320489197525,0.7288752777738658,125.119121712,-18.5223636989,-7.1656248206184046,-31.162829991886724,12.339667963700398,12.640466292999847,2.2455128607566937,10.48588833091372,10.723627282604344,0,1,17.66490287431095,10.321539295908902,raw,1.1227564303783468,5.24294416545686,-1.1227564303783468,-5.24294416545686,0,0,1564.9052413211139,671.6309788702407,1572.0708661417323,702.7938088621274,12,12,12,1.2406965313712663,0.15015921105836022,1.65519459820611,-0.10979563238281866,1.1386092782656274,181.53175207814238,2.4070108634733284e-05,2.777571714209491e-05,1.0,1.0,0.0,658.8772435696217,0.0,1.0,189.75705583454314,0.0,0.0,1.0,5.1740431430819935,-18.522363698886878,1.000000,35.000000,119.945078569,0
frame_0860.jpg,frame_0860,860,D:\visualization2026\visualization\left_downsample2_Q45\frame_0860.jpg,D:\visualization2026\visualization\right_downsample2_Q45\frame_0860.jpg,D:\visualization2026\dowsample2_Q45\stitched_frames\frame_0860.jpg,D:\visualization2026\dowsample2_Q45_hess_matched\stitched_frames\frame_0860.jpg,2261,1495,3.649269394418919,0.8079424647826234,127.724428805,-17.254697331,3.8470121574998757,-22.545417680086302,2.7360874383920715,5.290720349072924,7.281865566962757,8.396932925143025,11.114587202621106,0,1,5.956332452325106,5.505692995611693,raw,3.6409327834813787,4.1984664625715125,-3.6409327834813787,-4.1984664625715125,0,0,1577.0890340536098,682.8682790354972,1573.24202189611,705.4136967155835,12,12,12,1.240229282838892,0.1535597930253712,3.819926319946479,-0.11141477995497198,1.142330857012418,182.92325269477726,2.256940766049065e-05,3.02604381307408e-05,1.0,1.0,0.0,657.3590672165186,0.0,1.0,193.8015335374285,0.0,0.0,1.0,6.583099595891947,-17.25469733101338,1.000000,35.000000,121.141329209,0
frame_0862.jpg,frame_0862,862,D:\visualization2026\visualization\left_downsample2_Q45\frame_0862.jpg,D:\visualization2026\visualization\right_downsample2_Q45\frame_0862.jpg,D:\visualization2026\dowsample2_Q45\stitched_frames\frame_0862.jpg,D:\visualization2026\dowsample2_Q45_hess_matched\stitched_frames\frame_0862.jpg,2265,1499,3.6614616871092736,0.8033468743206622,128.151159049,-17.5011245253,5.389752053464008,-23.427121686359555,1.0667577299846167,5.925997161072633,5.789085747361789,0.7656065776055532,5.839492034584883,0,1,6.021246914678291,6.99499913349824,raw,2.8945428736808947,0.3828032888027766,-2.8945428736808947,-0.3828032888027766,0,0,1581.6883425296544,677.8332211707833,1576.2985904761904,701.2603428571429,12,12,12,1.2452242330536825,0.1612832773391964,2.6653562129828754,-0.11289336098627828,1.1552727984031628,181.12504593992827,2.1487140849776245e-05,3.797932063284589e-05,1.0,1.0,0.0,662.1054571263192,0.0,1.0,203.6171967111972,0.0,0.0,1.0,6.456509783448625,-17.501124525286922,1.000000,35.000000,121.694649265,0
frame_0864.jpg,frame_0864,864,D:\visualization2026\visualization\left_downsample2_Q45\frame_0864.jpg,D:\visualization2026\visualization\right_downsample2_Q45\frame_0864.jpg,D:\visualization2026\dowsample2_Q45\stitched_frames\frame_0864.jpg,D:\visualization2026\dowsample2_Q45_hess_matched\stitched_frames\frame_0864.jpg,2254,1497,3.6667937111598654,0.7685415626868949,128.337779891,-18.4575779571,-1.1948350122468128,-8.619107446052453,6.928001177993417,-9.838470511060002,4.324012962821606,-1.680733220408399,4.639175816978019,0,1,12.032983932478071,8.563260613110023,raw,2.162006481410803,-0.8403666102041994,-2.162006481410803,0.8403666102041994,0,0,1564.3571569889837,692.2146104435029,1565.5519920012305,700.8337178895554,12,12,12,1.2238240503834963,0.15415392989293747,2.4605672986997473,-0.1166062609973507,1.14045244584396,185.36524973708921,1.556417786350799e-05,3.19327456796597e-05,1.0,1.0,0.0,651.8379935185892,0.0,1.0,204.8403666102042,0.0,0.0,1.0,5.733166165746605,-18.457577957112456,1.000000,35.000000,122.604613725,0
frame_0866.jpg,frame_0866,866,D:\visualization2026\visualization\left_downsample2_Q45\frame_0866.jpg,D:\visualization2026\visualization\right_downsample2_Q45\frame_0866.jpg,D:\visualization2026\dowsample2_Q45\stitched_frames\frame_0866.jpg,D:\visualization2026\dowsample2_Q45_hess_matched\stitched_frames\frame_0866.jpg,2266,1496,3.682743773396968,0.7473016061620912,128.896032069,-19.1740259989,-0.6175187317842301,-8.983345594813045,5.874914426738441,-10.190680404057638,1.2842375170460887,-3.602563371292398,3.8246213988271247,0,1,11.76284772574838,8.029794550708878,raw,0.6421187585230443,-1.801281685646199,-0.6421187585230443,1.801281685646199,0,0,1575.7910588017933,676.492768568801,1576.4085775335775,685.476114163614,12,12,12,1.249801658412421,0.15893849296813556,0.8677181555881832,-0.10970000681650725,1.1536006898945332,173.35281018728182,2.5372698265793968e-05,3.559165226306785e-05,1.0,1.0,0.0,665.357881241477,0.0,1.0,200.8012816856462,0.0,0.0,1.0,5.257395694954211,-19.174025998870682,1.000000,35.000000,123.638636374,0
frame_0868.jpg,frame_0868,868,D:\visualization2026\visualization\left_downsample2_Q45\frame_0868.jpg,D:\visualization2026\visualization\right_downsample2_Q45\frame_0868.jpg,D:\visualization2026\dowsample2_Q45\stitched_frames\frame_0868.jpg,D:\visualization2026\dowsample2_Q45_hess_matched\stitched_frames\frame_0868.jpg,2254,1492,3.6505104476950514,0.780753644349689,127.767865669,-17.97126911,1.0116534985199905,-18.380036412890945,5.01430404099948,0.40876730293008734,3.149476120639504,-3.710836149112538,4.867186534337762,0,1,5.030937857251713,4.52202562737493,raw,1.574738060319752,-1.855418074556269,-1.574738060319752,1.855418074556269,0,0,1563.638908007538,681.4916328515638,1562.627254509018,699.8716692644548,12,12,12,1.2248504061553924,0.1471122595523161,1.328410054263592,-0.11956901045967629,1.1368125111087541,189.5188612565956,1.2652501235219307e-05,3.545622271683376e-05,1.0,1.0,0.0,652.4252619396802,0.0,1.0,210.85541807455627,0.0,0.0,1.0,6.025957539519471,-17.971269109960858,1.000000,35.000000,121.74190813,0
frame_0870.jpg,frame_0870,870,D:\visualization2026\visualization\left_downsample2_Q45\frame_0870.jpg,D:\visualization2026\visualization\right_downsample2_Q45\frame_0870.jpg,D:\visualization2026\dowsample2_Q45\stitched_frames\frame_0870.jpg,D:\visualization2026\dowsample2_Q45_hess_matched\stitched_frames\frame_0870.jpg,2271,1500,3.5912358202559282,0.8399655796564386,125.693253709,-15.8191090481,19.855149700598815,-11.500678642714547,-12.462789790485512,-4.318430405347071,4.715257155816625,3.6576345618873356,5.967574099564466,0,1,13.189767644945682,18.939453773826322,fused,2.3576285779083124,1.8288172809436678,-2.3576285779083124,-1.8288172809436678,8,7,375.7584830339321,1321.6726546906186,355.9033333333333,1333.1733333333332,12,12,12,1.2390698125125947,0.16162642012604353,3.00040598512754,-0.11604330775114685,1.1481000398491261,187.96855267861804,1.9616325844847567e-05,3.569428930833013e-05,1.0,1.0,0.0,668.6423714220917,0.0,1.0,229.17118271905633,0.0,0.0,1.0,7.392359910113302,-15.819109048061618,1.000000,35.000000,118.300893799,0
frame_0872.jpg,frame_0872,872,D:\visualization2026\visualization\left_downsample2_Q45\frame_0872.jpg,D:\visualization2026\visualization\right_downsample2_Q45\frame_0872.jpg,D:\visualization2026\dowsample2_Q45\stitched_frames\frame_0872.jpg,D:\visualization2026\dowsample2_Q45_hess_matched\stitched_frames\frame_0872.jpg,2260,1487,3.588574772339644,0.877027708652401,125.600117032,-14.8321856579,-2.2385065194728213,-20.21681892985214,10.392950747951694,5.384633271971937,1.7218599703640824,4.989510762393128,5.2782591264146035,0,1,11.705028864679356,8.680088540489711,raw,0.8609299851820412,2.494755381196564,-0.8609299851820412,-2.494755381196564,0,0,1570.192514585431,663.2015547510913,1572.4310211049037,683.4183736809434,12,12,12,1.250693719423317,0.12363619058282276,1.2935708610811378,-0.10509692342261466,1.1342028335628007,170.74171724474593,2.9220356080570457e-05,2.387905486115671e-05,1.0,1.0,0.0,659.139070014818,0.0,1.0,186.50524461880343,0.0,0.0,1.0,8.154444228478873,-14.832185657880201,1.000000,35.000000,117.445672803,0
frame_0874.jpg,frame_0874,874,D:\visualization2026\visualization\left_downsample2_Q45\frame_0874.jpg,D:\visualization2026\visualization\right_downsample2_Q45\frame_0874.jpg,D:\visualization2026\dowsample2_Q45\stitched_frames\frame_0874.jpg,D:\visualization2026\dowsample2_Q45_hess_matched\stitched_frames\frame_0874.jpg,2284,1489,3.67835625801024,0.8531243650462481,128.74246903,-16.3896577038,-7.332232589063096,-43.393540747712564,14.756906353879021,27.003883043939357,0.44025229307197616,8.001577215447368,8.013679555380385,0,1,30.77297490636728,23.791893793819007,raw,0.22012614653598808,4.000788607723684,-0.22012614653598808,-4.000788607723684,0,0,1588.6169035443893,663.3441714953616,1595.9491361334524,706.7377122430742,12,12,12,1.2605690886441938,0.14951914888950718,0.2855879064292981,-0.10589957328383952,1.1583884305504912,174.00035137091902,2.6714609649606194e-05,3.961161084343048e-05,1.0,1.0,0.0,683.779873853464,0.0,1.0,218.99921139227632,0.0,0.0,1.0,7.424673764815925,-16.389657703773207,1.000000,35.000000,121.317795266,0
frame_0876.jpg,frame_0876,876,D:\visualization2026\visualization\left_downsample2_Q45\frame_0876.jpg,D:\visualization2026\visualization\right_downsample2_Q45\frame_0876.jpg,D:\visualization2026\dowsample2_Q45\stitched_frames\frame_0876.jpg,D:\visualization2026\dowsample2_Q45_hess_matched\stitched_frames\frame_0876.jpg,2285,1530,3.7794587652605465,0.8603952103315898,132.281056784,-17.2587938274,16.391304347826008,-13.727494425863966,-9.092071500524273,-3.5312994015286705,3.835511047641168,12.373351791938198,12.954187723035268,0,1,9.75376028175198,20.495861048647818,fused,1.917755523820584,6.186675895969099,-1.917755523820584,-6.186675895969099,5,4,1175.6666666666665,252.10416666666666,1159.2753623188405,265.8316610925306,12,12,12,1.255101567473465,0.18338230917268217,1.8460752713375639,-0.12262122891764266,1.2119423981759905,202.11388041259127,1.4363291699611702e-05,6.528163742970303e-05,1.0,1.0,0.0,683.0822444761794,0.0,1.0,274.8133241040309,0.0,0.0,1.0,7.299232847301734,-17.258793827392637,1.000000,35.000000,124.981823937,0
frame_0878.jpg,frame_0878,878,D:\visualization2026\visualization\left_downsample2_Q45\frame_0878.jpg,D:\visualization2026\visualization\right_downsample2_Q45\frame_0878.jpg,D:\visualization2026\dowsample2_Q45\stitched_frames\frame_0878.jpg,D:\visualization2026\dowsample2_Q45_hess_matched\stitched_frames\frame_0878.jpg,2287,1509,3.850211864397288,0.8738358492281664,134.757415254,-17.6508853035,8.775303914171218,-33.11998487172207,-1.3937343454610494,15.46909956820128,2.6934102479563533,14.472668058870987,14.721160942876102,0,1,15.53175897561647,4.206854725360428,raw,1.3467051239781767,7.236334029435493,-1.3467051239781767,-7.236334029435493,0,0,1608.416656043927,702.0150007277929,1599.641352129756,735.134985599515,12,12,12,1.2665573441608142,0.17387353850971135,1.4586634863443577,-0.11352021537495088,1.1875771664215007,189.00353755251408,2.3545637467074663e-05,5.402086956339879e-05,1.0,1.0,0.0,685.6532948760218,0.0,1.0,235.76366597056452,0.0,0.0,1.0,7.381569568710169,-17.650885303520788,1.000000,35.000000,127.375845685,0
frame_0880.jpg,frame_0880,880,D:\visualization2026\visualization\left_downsample2_Q45\frame_0880.jpg,D:\visualization2026\visualization\right_downsample2_Q45\frame_0880.jpg,D:\visualization2026\dowsample2_Q45\stitched_frames\frame_0880.jpg,D:\visualization2026\dowsample2_Q45_hess_matched\stitched_frames\frame_0880.jpg,2278,1515,3.840512856120572,0.8955383400856765,134.417949964,-16.9878389111,3.336344690259466,-34.528281388203936,4.513503982360442,17.54044247710708,0.9031666448231479,15.528021937235033,15.554265500870606,0,1,18.111842548219272,4.133324584413228,raw,0.45158332241157395,7.764010968617517,-0.45158332241157395,-7.764010968617517,0,0,1600.4541380080527,724.7466991867766,1597.1177933177933,759.2749805749805,12,12,12,1.2472307111596037,0.17452021656240782,0.1663048941044225,-0.11980967667296503,1.1897794338749668,200.0511503720347,1.406155788870907e-05,5.7562372143627934e-05,1.0,1.0,0.0,677.5484166775884,0.0,1.0,246.23598903138247,0.0,0.0,1.0,7.849848672619908,-16.987838911096855,1.000000,35.000000,126.568101292,0
frame_0882.jpg,frame_0882,882,D:\visualization2026\visualization\left_downsample2_Q45\frame_0882.jpg,D:\visualization2026\visualization\right_downsample2_Q45\frame_0882.jpg,D:\visualization2026\dowsample2_Q45\stitched_frames\frame_0882.jpg,D:\visualization2026\dowsample2_Q45_hess_matched\stitched_frames\frame_0882.jpg,2279,1509,3.783488302818629,0.9081417914968388,132.422090599,-16.0653453643,3.5783908443356722,-31.94655997097243,4.6824467495276245,15.881214606635883,2.5828178937851054,20.549162822004376,20.71084355978055,0,1,16.55712187984937,5.118415953518095,raw,1.2914089468925527,10.274581411002188,-1.2914089468925527,-10.274581411002188,0,0,1600.4674767038168,710.9546395799346,1596.8890858594812,742.901199550907,12,12,12,1.2502524857695696,0.17177232601318906,1.7284912663221308,-0.11623438598201591,1.1843218002089233,196.51320214634882,1.737918622977498e-05,5.394945053149561e-05,1.0,1.0,0.0,677.7085910531074,0.0,1.0,236.7254185889978,0.0,0.0,1.0,8.260837593863297,-16.065345364336547,1.000000,35.000000,124.161253005,0
frame_0884.jpg,frame_0884,884,D:\visualization2026\visualization\left_downsample2_Q45\frame_0884.jpg,D:\visualization2026\visualization\right_downsample2_Q45\frame_0884.jpg,D:\visualization2026\dowsample2_Q45\stitched_frames\frame_0884.jpg,D:\visualization2026\dowsample2_Q45_hess_matched\stitched_frames\frame_0884.jpg,2278,1510,3.7515219339772585,0.8944137157146965,131.303267689,-16.0863089736,2.2620199872030753,-48.36696140930985,5.805688338212995,32.28065243575959,2.8254210203588914,21.25621829370663,21.443176539216253,0,1,32.79857525501335,11.42016380961028,raw,1.4127105101794457,10.628109146853316,-1.4127105101794457,-10.628109146853316,0,0,1600.3444500196606,697.4351697683495,1598.0824300324575,745.8021311776594,12,12,12,1.2492113058654981,0.16629194754424084,1.416981460408843,-0.11783317749055323,1.1742203159419158,199.12446263886525,1.7280688665395106e-05,4.8065522071248796e-05,1.0,1.0,0.0,676.5872894898206,0.0,1.0,234.37189085314668,0.0,0.0,1.0,8.06770832541607,-16.086308973550256,1.000000,35.000000,123.235559364,0
frame_0886.jpg,frame_0886,886,D:\visualization2026\visualization\left_downsample2_Q45\frame_0886.jpg,D:\visualization2026\visualization\right_downsample2_Q45\frame_0886.jpg,D:\visualization2026\dowsample2_Q45\stitched_frames\frame_0886.jpg,D:\visualization2026\dowsample2_Q45_hess_matched\stitched_frames\frame_0886.jpg,2287,1502,3.759587273563735,0.8420080709393662,131.585554575,-17.5268084569,7.672299754298592,-39.101213479214834,-0.6938152557144877,21.574405022318047,1.1139018924556698,21.079123019167458,21.108533930219117,0,1,21.58555840547296,1.8743386968297138,raw,0.5569509462278349,10.539561509583729,-0.5569509462278349,-10.539561509583729,0,0,1616.3423603603592,697.0172107632094,1608.6700606060606,736.1184242424242,12,12,12,1.2678818926648396,0.16985536100923812,0.8297506044213835,-0.10983936730936288,1.1789248421644833,186.29475605611316,2.6486889655895635e-05,4.8868711704766844e-05,1.0,1.0,0.0,686.4430490537721,0.0,1.0,224.46043849041627,0.0,0.0,1.0,6.978484498584105,-17.526808456896788,1.000000,35.000000,124.607070076,0
frame_0888.jpg,frame_0888,888,D:\visualization2026\visualization\left_downsample2_Q45\frame_0888.jpg,D:\visualization2026\visualization\right_downsample2_Q45\frame_0888.jpg,D:\visualization2026\dowsample2_Q45\stitched_frames\frame_0888.jpg,D:\visualization2026\dowsample2_Q45_hess_matched\stitched_frames\frame_0888.jpg,2297,1508,3.7629625734794736,0.7721460783228644,131.703690072,-19.3699973267,5.727115865578298,-38.37437425341932,-0.18071871259211747,19.004376926712542,-0.9151408445220031,21.86366578058385,21.882809786002934,0,1,19.005236163374686,2.952102406377723,raw,-0.45757042226100153,10.931832890291926,0.45757042226100153,-10.931832890291926,0,0,1624.6810604022564,698.8618060331206,1618.9539445366781,737.2361802865399,12,12,12,1.2856539112298497,0.180607639897326,0.23275726699196597,-0.10690939151876264,1.2037650893993401,182.25004180187435,3.0850800101291716e-05,5.886695643764166e-05,1.0,1.0,0.0,697.457570422261,0.0,1.0,230.06816710970807,0.0,0.0,1.0,5.546397152986181,-19.369997326706777,1.000000,35.000000,126.157292919,0
frame_0890.jpg,frame_0890,890,D:\visualization2026\visualization\left_downsample2_Q45\frame_0890.jpg,D:\visualization2026\visualization\right_downsample2_Q45\frame_0890.jpg,D:\visualization2026\dowsample2_Q45\stitched_frames\frame_0890.jpg,D:\visualization2026\dowsample2_Q45_hess_matched\stitched_frames\frame_0890.jpg,2289,1508,3.768015226782712,0.7197225414317665,131.880532937,-20.7794543026,8.509051417230012,-37.43442040703337,-4.044091657155666,16.654966104411223,-2.0693924547797566,9.643386845811804,9.862925275488784,0,1,17.138919839667924,7.2843449011895105,raw,-1.0346962273898783,4.821693422905902,1.0346962273898783,-4.821693422905902,0,0,1618.7922856336052,693.1933203270328,1610.2832342163751,730.6277407340662,12,12,12,1.2717847355579628,0.17348406422291926,-0.7871775309950011,-0.11077366756103632,1.1898431894385475,182.16397017262642,2.606736856177154e-05,5.3714782669735135e-05,1.0,1.0,0.0,690.0346962273899,0.0,1.0,236.1783065770941,0.0,0.0,1.0,4.464959760074346,-20.77945430262215,1.000000,35.000000,127.415573177,0
frame_0892.jpg,frame_0892,892,D:\visualization2026\visualization\left_downsample2_Q45\frame_0892.jpg,D:\visualization2026\visualization\right_downsample2_Q45\frame_0892.jpg,D:\visualization2026\dowsample2_Q45\stitched_frames\frame_0892.jpg,D:\visualization2026\dowsample2_Q45_hess_matched\stitched_frames\frame_0892.jpg,2281,1514,3.776808590297108,0.7257224522349364,132.18830066,-20.7161460156,10.026142864989879,-40.52007442935644,-5.462766935360739,19.803928413717838,-2.1964270075511902,-0.849921192358738,2.3551343130957045,0,1,20.54354894378601,20.910535145577512,raw,-1.0982135037755951,-0.424960596179369,1.0982135037755951,0.424960596179369,0,0,1611.7171912801762,685.6517007941428,1601.6910484151863,726.1717752234993,12,12,12,1.258960455156822,0.16725858390769388,-1.3596311780776331,-0.11604797248817882,1.1829985872776256,185.30790835355262,2.122081708003386e-05,5.041203063447373e-05,1.0,1.0,0.0,682.0982135037756,0.0,1.0,246.42496059617937,0.0,0.0,1.0,4.56337592962914,-20.716146015638603,1.000000,35.000000,127.624924731,0
frame_0894.jpg,frame_0894,894,D:\visualization2026\visualization\left_downsample2_Q45\frame_0894.jpg,D:\visualization2026\visualization\right_downsample2_Q45\frame_0894.jpg,D:\visualization2026\dowsample2_Q45\stitched_frames\frame_0894.jpg,D:\visualization2026\dowsample2_Q45_hess_matched\stitched_frames\frame_0894.jpg,2264,1505,3.786617096899864,0.7830520758320856,132.531598391,-19.3351414666,5.6701035938128825,9.48560077151626,0.034430286924227005,-28.820742238100635,-2.5120316549875397,-11.100623069889568,11.381306408994705,0,1,28.82076280391787,17.902153271525922,raw,-1.2560158274937698,-5.550311534944784,1.2560158274937698,5.550311534944784,0,0,1588.565854496961,720.1383904956976,1582.8957509031482,710.6527897241814,12,12,12,1.2356360066178333,0.15340102371413128,-1.340744962796493,-0.11698302127706638,1.164280388773039,181.13637473648396,1.425805913319188e-05,4.4049763974953555e-05,1.0,1.0,0.0,665.2560158274938,0.0,1.0,228.5503115349448,0.0,0.0,1.0,5.7045338807371095,-19.335141466584375,1.000000,35.000000,126.827064511,0
frame_0896.jpg,frame_0896,896,D:\visualization2026\visualization\left_downsample2_Q45\frame_0896.jpg,D:\visualization2026\visualization\right_downsample2_Q45\frame_0896.jpg,D:\visualization2026\dowsample2_Q45\stitched_frames\frame_0896.jpg,D:\visualization2026\dowsample2_Q45_hess_matched\stitched_frames\frame_0896.jpg,2266,1506,3.801301130568664,0.8356652731849561,133.04553957,-18.1271751698,8.06542444989941,12.764959998777954,-1.3289880195716544,-30.892135168534658,-4.217738748581429,-16.76413785056901,17.286573923833657,0,1,30.92070866631586,14.420304746807503,raw,-2.1088693742907143,-8.382068925284505,2.1088693742907143,8.382068925284505,0,0,1592.844513045782,723.9780064942672,1584.7790885958825,711.2130464954893,12,12,12,1.2379922289418186,0.15467225334328844,-1.8215801230853348,-0.11591083140473017,1.1672885604533678,177.23842657709534,1.5122661305638283e-05,4.47786759302041e-05,1.0,1.0,0.0,668.1088693742907,0.0,1.0,232.3820689252845,0.0,0.0,1.0,6.736436430327756,-18.127175169756704,1.000000,35.000000,126.30910314,0
frame_0898.jpg,frame_0898,898,D:\visualization2026\visualization\left_downsample2_Q45\frame_0898.jpg,D:\visualization2026\visualization\right_downsample2_Q45\frame_0898.jpg,D:\visualization2026\dowsample2_Q45\stitched_frames\frame_0898.jpg,D:\visualization2026\dowsample2_Q45_hess_matched\stitched_frames\frame_0898.jpg,2269,1505,3.821054706538323,0.8270901266211439,133.736914729,-18.5556584737,8.267075455723216,13.693473987258471,-1.7587419497738646,-32.24913246094161,-4.442098361306929,-26.889798406693192,27.25423813288725,0,1,32.29705431969381,5.99356848099214,raw,-2.2210491806534645,-13.444899203346596,2.2210491806534645,13.444899203346596,0,0,1595.8046030495423,718.2767782744666,1587.537527593819,704.5833042872081,12,12,12,1.2484599633211684,0.15682113138579024,-2.048197011222184,-0.11369925337024597,1.177029680344634,167.5730465784135,1.8601225162040563e-05,4.961131856491103e-05,1.0,1.0,0.0,671.2210491806535,0.0,1.0,236.4448992033466,0.0,0.0,1.0,6.508333505949351,-18.555658473683142,1.000000,35.000000,127.228581223,0
frame_0900.jpg,frame_0900,900,D:\visualization2026\visualization\left_downsample2_Q45\frame_0900.jpg,D:\visualization2026\visualization\right_downsample2_Q45\frame_0900.jpg,D:\visualization2026\dowsample2_Q45\stitched_frames\frame_0900.jpg,D:\visualization2026\dowsample2_Q45_hess_matched\stitched_frames\frame_0900.jpg,2269,1532,3.840014288194247,0.7672815935761936,134.400500087,-20.301657993,17.81147958735096,-8.639050194001697,-12.57262712512511,-11.662607798985977,-5.659511105916923,-26.99505625853231,27.581934818995588,0,1,17.148975873223456,16.81889261692569,raw,-2.8297555529584617,-13.497528129266154,2.8297555529584617,13.497528129266154,0,0,1604.041048170731,732.2124825524551,1586.2295685833801,740.8515327464568,12,12,12,1.2477786644356748,0.16244403851134245,-2.574072509125843,-0.12362865108978122,1.2004296053663865,183.88615849193727,1.1465867053080371e-05,5.7905441432438395e-05,1.0,1.0,0.0,671.8297555529584,0.0,1.0,278.49752812926613,0.0,0.0,1.0,5.23885246222585,-20.301657992987675,1.000000,35.000000,129.161647625,0
frame_0902.jpg,frame_0902,902,D:\visualization2026\visualization\left_downsample2_Q45\frame_0902.jpg,D:\visualization2026\visualization\right_downsample2_Q45\frame_0902.jpg,D:\visualization2026\dowsample2_Q45\stitched_frames\frame_0902.jpg,D:\visualization2026\dowsample2_Q45_hess_matched\stitched_frames\frame_0902.jpg,2261,1500,3.8586018144002026,0.7230556174177241,135.051063504,-21.640520705,10.872329956048816,9.1838536618543,-6.58456499898824,-30.824374366903076,-9.220826667689737,-25.025172047086198,26.669887146777405,0,1,31.519812044758332,6.370292232859828,raw,-4.6104133338448685,-12.512586023543099,4.6104133338448685,12.512586023543099,0,0,1589.0857881468164,703.065719320057,1578.2134581907676,693.8818656582027,12,12,12,1.235910356418113,0.14849578709796474,-4.395279905980552,-0.1143416586152972,1.159396399865432,169.71211302609785,1.5532950390320946e-05,4.1177185154520245e-05,1.0,1.0,0.0,665.6104133338449,0.0,1.0,235.5125860235431,0.0,0.0,1.0,4.287764957060576,-21.640520705048775,1.000000,35.000000,130.763298547,0
frame_0904.jpg,frame_0904,904,D:\visualization2026\visualization\left_downsample2_Q45\frame_0904.jpg,D:\visualization2026\visualization\right_downsample2_Q45\frame_0904.jpg,D:\visualization2026\dowsample2_Q45\stitched_frames\frame_0904.jpg,D:\visualization2026\dowsample2_Q45_hess_matched\stitched_frames\frame_0904.jpg,2265,1507,3.8664802319194926,0.7573260709550156,135.326808117,-20.8360580938,11.017106949933577,8.510973403458138,-6.052633436125749,-29.347031497296207,-7.679106459669428,-24.174204925998392,25.3645591292871,0,1,29.9646897066431,5.422503963395511,raw,-3.839553229834714,-12.087102462999196,3.839553229834714,12.087102462999196,0,0,1593.9462581166565,700.3899047527987,1582.929151166723,691.8789313493405,12,12,12,1.240173139003308,0.15643981134736598,-4.107443809100268,-0.11624264241354534,1.1730462065859522,174.0450099719297,1.4168046678575953e-05,4.8590184715982365e-05,1.0,1.0,0.0,668.8395532298347,0.0,1.0,243.08710246299918,0.0,0.0,1.0,4.964473513807828,-20.83605809383807,1.000000,35.000000,130.362334603,0
frame_0906.jpg,frame_0906,906,D:\visualization2026\visualization\left_downsample2_Q45\frame_0906.jpg,D:\visualization2026\visualization\right_downsample2_Q45\frame_0906.jpg,D:\visualization2026\dowsample2_Q45\stitched_frames\frame_0906.jpg,D:\visualization2026\dowsample2_Q45_hess_matched\stitched_frames\frame_0906.jpg,2267,1493,3.8502489783798417,0.8681886634917655,134.758714243,-17.7974115124,26.4020125914476,3.24530259887797,-19.135565828435723,-21.04271411130412,-7.041109209699656,-21.38546867635527,22.5147837966588,0,1,28.44232228114425,12.099312443042043,raw,-3.520554604849828,-10.692734338177635,3.520554604849828,10.692734338177635,0,0,1611.0344728234772,698.1651686436094,1584.6324602320296,694.9198660447314,12,12,12,1.262690774949133,0.1364859818384073,-3.737376002450198,-0.10769894759369608,1.1662347057122229,161.42322057457903,2.5183186080707262e-05,4.392778567233632e-05,1.0,1.0,0.0,670.5205546048498,0.0,1.0,234.69273433817764,0.0,0.0,1.0,7.26644676301188,-17.79741151242615,1.000000,35.000000,127.49226748,0
frame_0908.jpg,frame_0908,908,D:\visualization2026\visualization\left_downsample2_Q45\frame_0908.jpg,D:\visualization2026\visualization\right_downsample2_Q45\frame_0908.jpg,D:\visualization2026\dowsample2_Q45\stitched_frames\frame_0908.jpg,D:\visualization2026\dowsample2_Q45_hess_matched\stitched_frames\frame_0908.jpg,2290,1500,3.841627081796343,1.0095423877923237,134.456947863,-14.0492900185,4.219019855468559,13.945006836977086,5.949859090327681,-27.994296855502583,-2.7551834693833257,-16.432869531986178,16.66223985559093,0,1,28.619599571425816,14.472192913423028,raw,-1.3775917346916629,-8.216434765993089,1.3775917346916629,8.216434765993089,0,0,1610.434671517722,723.0977576460385,1606.2156516622535,709.1527508090614,12,12,12,1.2674447827625628,0.15363612001935692,-0.7267206569876805,-0.10771058793838388,1.1801667518022938,164.05199917937182,2.3755163391962804e-05,4.9347274636416236e-05,1.0,1.0,0.0,691.3775917346917,0.0,1.0,246.21643476599309,0.0,0.0,1.0,10.16887894579624,-14.049290018525499,1.000000,35.000000,124.288068917,0
frame_0910.jpg,frame_0910,910,D:\visualization2026\visualization\left_downsample2_Q45\frame_0910.jpg,D:\visualization2026\visualization\right_downsample2_Q45\frame_0910.jpg,D:\visualization2026\dowsample2_Q45\stitched_frames\frame_0910.jpg,D:\visualization2026\dowsample2_Q45_hess_matched\stitched_frames\frame_0910.jpg,2277,1496,3.8979785190400094,1.1487030225122687,136.429248166,-11.037387641,22.23349675065549,-13.3184610902089,-9.382640875276248,2.281073449229643,-0.4318820510804049,-8.798263878691497,8.80885743925584,0,1,9.655943551781206,14.243166753035874,fused,-0.21594102554020245,-4.399131939345748,0.21594102554020245,4.399131939345748,3,2,952.2607076350092,101.78584729981377,930.0272108843537,115.10430839002267,12,12,12,1.2455980885396603,0.14267934419451014,0.3846169840820023,-0.11001823985733551,1.1598607990456522,171.42360963227566,1.8292182613464762e-05,4.0231585833713126e-05,1.0,1.0,0.0,677.2159410255402,0.0,1.0,239.39913193934575,0.0,0.0,1.0,12.850855875379242,-11.037387640979256,1.000000,35.000000,123.578392291,0
frame_0912.jpg,frame_0912,912,D:\visualization2026\visualization\left_downsample2_Q45\frame_0912.jpg,D:\visualization2026\visualization\right_downsample2_Q45\frame_0912.jpg,D:\visualization2026\dowsample2_Q45\stitched_frames\frame_0912.jpg,D:\visualization2026\dowsample2_Q45_hess_matched\stitched_frames\frame_0912.jpg,2282,1494,4.072856470145847,1.2783208079262263,142.549976455,-9.5119404021,0.17272444440118306,-3.4505617570418963,14.845063702593409,-6.061378645057609,0.9539868971677192,-5.410401321358428,5.493863254407113,0,1,16.03484416552954,13.906321810248969,raw,0.4769934485838596,-2.705200660679214,-0.4769934485838596,2.705200660679214,0,0,1598.1469562441846,704.0588162715767,1597.9742317997834,707.5093780286186,12,12,12,1.2562023260858597,0.1490930670612119,0.939498411393449,-0.10418768420814306,1.1733711214346985,164.07050676232063,2.3622155570252042e-05,4.5186987321815725e-05,1.0,1.0,0.0,681.5230065514162,0.0,1.0,235.70520066067922,0.0,0.0,1.0,15.017788146994592,-9.511940402099505,1.000000,35.000000,127.532188308,0
frame_0914.jpg,frame_0914,914,D:\visualization2026\visualization\left_downsample2_Q45\frame_0914.jpg,D:\visualization2026\visualization\right_downsample2_Q45\frame_0914.jpg,D:\visualization2026\dowsample2_Q45\stitched_frames\frame_0914.jpg,D:\visualization2026\dowsample2_Q45_hess_matched\stitched_frames\frame_0914.jpg,2287,1493,4.271835522506308,1.3342578252289705,149.514243288,-10.1452469482,10.054904323854089,-18.97124371741768,5.563873655388857,8.82599676917718,-2.9831134345186117,-1.2268957059621584,3.2255602360696676,0,1,10.433355597441132,13.195136809891666,raw,-1.4915567172593058,-0.6134478529810792,1.4915567172593058,0.6134478529810792,0,0,1609.2984014761057,698.6466882889237,1599.2434971522516,717.6179320063413,12,12,12,1.2668041521913131,0.14821539694354013,-1.5585407411938434,-0.10457697829517545,1.17081167635644,166.5829779254397,2.6393454649933037e-05,4.3945856458831014e-05,1.0,1.0,0.0,688.4915567172593,0.0,1.0,230.61344785298107,0.0,0.0,1.0,15.618777979242946,-10.145246948240498,1.000000,35.000000,133.895465308,0
frame_0916.jpg,frame_0916,916,D:\visualization2026\visualization\left_downsample2_Q45\frame_0916.jpg,D:\visualization2026\visualization\right_downsample2_Q45\frame_0916.jpg,D:\visualization2026\dowsample2_Q45\stitched_frames\frame_0916.jpg,D:\visualization2026\dowsample2_Q45_hess_matched\stitched_frames\frame_0916.jpg,2286,1494,4.430765330126409,1.2760324580192703,155.076786554,-13.3140323028,26.209072810614998,-9.21063097813635,-12.206221087195102,-4.103401324638776,-4.855150455038122,-2.387302565112042,5.410332658760218,0,1,12.87748949370698,7.548724024059299,raw,-2.427575227519061,-1.193651282556021,2.427575227519061,1.193651282556021,0,0,1626.349786882022,711.9856486498263,1600.140714071407,721.1962796279627,12,12,12,1.2660677662740398,0.14716557581355838,-2.4754165591873982,-0.10378640465715647,1.1713760120487302,164.75147434613308,2.6473101215957066e-05,4.346019413436002e-05,1.0,1.0,0.0,688.427575227519,0.0,1.0,231.19365128255603,0.0,0.0,1.0,14.002851723419896,-13.314032302775127,1.000000,35.000000,141.073934831,0
frame_0918.jpg,frame_0918,918,D:\visualization2026\visualization\left_downsample2_Q45\frame_0918.jpg,D:\visualization2026\visualization\right_downsample2_Q45\frame_0918.jpg,D:\visualization2026\dowsample2_Q45\stitched_frames\frame_0918.jpg,D:\visualization2026\dowsample2_Q45_hess_matched\stitched_frames\frame_0918.jpg,2287,1489,4.629652216851866,1.2094956820581713,162.03782759,-17.1157564487,25.845176104985285,-10.038987670135725,-13.735642568103973,-7.076768778521231,-11.218823825018099,-1.0573513585843917,11.26854027424555,0,1,15.45148967262907,6.524397494097631,raw,-5.609411912509049,-0.5286756792921958,5.609411912509049,0.5286756792921958,0,0,1626.0549146081414,699.5871620142647,1600.2097385031561,709.6261496844004,12,12,12,1.269226814389084,0.14535241184998154,-5.376807843091715,-0.1010166685012786,1.1675760379696531,161.27837171601217,2.899718943651908e-05,4.153694874600498e-05,1.0,1.0,0.0,692.609411912509,0.0,1.0,225.5286756792922,0.0,0.0,1.0,12.109533536881312,-17.115756448656956,1.000000,35.000000,149.928294053,0
frame_0920.jpg,frame_0920,920,D:\visualization2026\visualization\left_downsample2_Q45\frame_0920.jpg,D:\visualization2026\visualization\right_downsample2_Q45\frame_0920.jpg,D:\visualization2026\dowsample2_Q45\stitched_frames\frame_0920.jpg,D:\visualization2026\dowsample2_Q45_hess_matched\stitched_frames\frame_0920.jpg,2286,1497,4.78783379070201,1.1772437887043399,167.574182675,-19.6045745265,29.767487695925865,-16.083613680004987,-18.7428259778738,-3.520960846519774,-15.100213353238411,-2.4908844637227205,15.304278771798913,0,1,19.070676205095253,3.7854569192568266,raw,-7.5501066766192055,-1.2454422318613603,7.5501066766192055,1.2454422318613603,0,0,1627.6923660414245,706.9985031083162,1597.9248783454987,723.0821167883212,12,12,12,1.263295563697593,0.1474121315818653,-6.938208344999933,-0.10630313415746044,1.1717270944921374,169.0683818652573,2.4703842880538457e-05,4.3937029489160384e-05,1.0,1.0,0.0,693.5501066766192,0.0,1.0,235.24544223186135,0.0,0.0,1.0,11.024661718052064,-19.60457452652476,1.000000,35.000000,156.549520957,0
frame_0922.jpg,frame_0922,922,D:\visualization2026\visualization\left_downsample2_Q45\frame_0922.jpg,D:\visualization2026\visualization\right_downsample2_Q45\frame_0922.jpg,D:\visualization2026\dowsample2_Q45\stitched_frames\frame_0922.jpg,D:\visualization2026\dowsample2_Q45_hess_matched\stitched_frames\frame_0922.jpg,2285,1491,4.775893069961672,1.2001017613584546,167.156257449,-18.8881835616,28.49584391012945,-19.47656094914828,-16.973303147306474,0.5883773875806426,-14.584110995284705,-0.5673448238986494,14.59514212578928,0,1,16.983498099054273,2.654040875606288,raw,-7.292055497642353,-0.2836724119493247,7.292055497642353,0.2836724119493247,0,0,1624.823641000383,691.2265419219731,1596.3277970902536,710.7031028711214,12,12,12,1.2666222413780364,0.14403635161243478,-7.535517039236809,-0.10238770543403805,1.1678195067010229,163.0250007167833,2.7567573939654326e-05,4.117466609993402e-05,1.0,1.0,0.0,692.2920554976423,0.0,1.0,227.2836724119493,0.0,0.0,1.0,11.52254076282298,-18.888183561567637,1.000000,35.000000,155.633716686,0
frame_0924.jpg,frame_0924,924,D:\visualization2026\visualization\left_downsample2_Q45\frame_0924.jpg,D:\visualization2026\visualization\right_downsample2_Q45\frame_0924.jpg,D:\visualization2026\dowsample2_Q45\stitched_frames\frame_0924.jpg,D:\visualization2026\dowsample2_Q45_hess_matched\stitched_frames\frame_0924.jpg,2284,1494,4.486926090908206,1.2434699961709414,157.042413182,-14.7439926614,27.030746847729915,-16.40232390485744,-13.843073985712701,1.6583312434855362,-14.57442974389819,1.8148898971937435,14.68699518958048,0,1,13.942050060412063,0.7479250343998368,raw,-7.287214871949095,0.9074449485968717,7.287214871949095,-0.9074449485968717,0,0,1624.1418178030362,692.010397454015,1597.1110709553063,708.4127213588724,12,12,12,1.2628842874406172,0.14528006875922644,-7.328928658904578,-0.104459322132195,1.168447411299907,167.99570080224123,2.5782616577292293e-05,4.211511565922736e-05,1.0,1.0,0.0,691.2872148719491,0.0,1.0,229.09255505140314,0.0,0.0,1.0,13.187672862017214,-14.743992661371903,1.000000,35.000000,143.85474032,0
frame_0926.jpg,frame_0926,926,D:\visualization2026\visualization\left_downsample2_Q45\frame_0926.jpg,D:\visualization2026\visualization\right_downsample2_Q45\frame_0926.jpg,D:\visualization2026\dowsample2_Q45\stitched_frames\frame_0926.jpg,D:\visualization2026\dowsample2_Q45_hess_matched\stitched_frames\frame_0926.jpg,2283,1491,4.17544438773027,1.2853093721905138,146.140553571,-10.4039152575,24.5082882042675,-15.918212131937821,-9.625709297426575,5.51429687448158,-13.310431855358397,0.6313256108394765,13.325395611502174,0,1,11.093320039486905,6.117237014411506,raw,-6.6552159276791985,0.31566280541973823,6.6552159276791985,-0.31566280541973823,0,0,1619.6927005459834,682.4292107323389,1595.1844123417159,698.3474228642767,12,12,12,1.2636469386584712,0.14187069511606262,-6.910777030113711,-0.10265641392650714,1.1624776615895798,164.17310090599926,2.8423767567815946e-05,3.8051631295500886e-05,1.0,1.0,0.0,689.6552159276793,0.0,1.0,224.68433719458025,0.0,0.0,1.0,14.882578906840926,-10.40391525745624,1.000000,35.000000,131.257974664,0
frame_0928.jpg,frame_0928,928,D:\visualization2026\visualization\left_downsample2_Q45\frame_0928.jpg,D:\visualization2026\visualization\right_downsample2_Q45\frame_0928.jpg,D:\visualization2026\dowsample2_Q45\stitched_frames\frame_0928.jpg,D:\visualization2026\dowsample2_Q45_hess_matched\stitched_frames\frame_0928.jpg,2282,1501,4.1123664281842665,1.3111630993349168,143.932824986,-9.07522637043,29.267064531818278,-13.909631197371596,-13.687236311171398,4.834404826940732,-8.71136429703129,-1.5770649890002806,8.852965711846053,0,1,14.515919118974061,8.115802332599374,raw,-4.355682148515645,-0.7885324945001403,4.355682148515645,0.7885324945001403,0,0,1622.1006344395544,686.40122756771,1592.833569907736,700.3108587650815,12,12,12,1.259589792131562,0.1398541998844995,-4.480163846648954,-0.10722209518743867,1.1698922532362752,170.95349776052737,2.2894428759964376e-05,4.138082423673816e-05,1.0,1.0,0.0,686.3556821485156,0.0,1.0,233.78853249450015,0.0,0.0,1.0,15.57982822064688,-9.075226370430864,1.000000,35.000000,128.352996766,0
frame_0930.jpg,frame_0930,930,D:\visualization2026\visualization\left_downsample2_Q45\frame_0930.jpg,D:\visualization2026\visualization\right_downsample2_Q45\frame_0930.jpg,D:\visualization2026\dowsample2_Q45\stitched_frames\frame_0930.jpg,D:\visualization2026\dowsample2_Q45_hess_matched\stitched_frames\frame_0930.jpg,2281,1498,4.239734827484217,1.3275133931554697,148.390718962,-9.98408283086,27.991092158224546,-0.5453005525723711,-12.422836535174829,-9.438782278291107,-5.296668011071003,-2.1597688702829925,5.720078110703239,0,1,15.601842150100635,10.186575186385758,raw,-2.6483340055355016,-1.0798844351414962,2.6483340055355016,1.0798844351414962,0,0,1621.154674520573,678.7308589173842,1593.1635823623485,679.2761594699566,12,12,12,1.2541067499361376,0.13546638049785142,-2.4506454677763245,-0.10836165164880852,1.1619593936174597,171.85287796158266,2.037165965953694e-05,3.861516149776131e-05,1.0,1.0,0.0,683.6483340055355,0.0,1.0,219.0798844351415,0.0,0.0,1.0,15.568255623049717,-9.984082830863478,1.000000,35.000000,132.822463339,0
frame_0932.jpg,frame_0932,932,D:\visualization2026\visualization\left_downsample2_Q45\frame_0932.jpg,D:\visualization2026\visualization\right_downsample2_Q45\frame_0932.jpg,D:\visualization2026\dowsample2_Q45\stitched_frames\frame_0932.jpg,D:\visualization2026\dowsample2_Q45_hess_matched\stitched_frames\frame_0932.jpg,2244,1489,4.378364864102302,1.3384952333637505,153.242770244,-11.1496342295,9.39483472194297,-0.6960586179041002,6.022034644329054,-10.453575611618144,-0.769591840185444,-8.24319117740793,8.279038131798641,0,1,12.064084893820873,7.14226782276873,raw,-0.384795920092722,-4.121595588703965,0.384795920092722,4.121595588703965,0,0,1566.56954414494,638.88234528413,1557.174709422997,639.5784039020341,12,12,12,1.193613607603253,0.06879019150131435,-0.34460510995332916,-0.10296530653119418,1.0676401782198333,160.01442914206538,1.840316892919969e-05,-2.4463240002378878e-05,1.0,1.0,0.0,644.3847959200928,0.0,1.0,190.12159558870397,0.0,0.0,1.0,15.416869366272024,-11.149634229522244,1.000000,35.000000,137.825900877,0
frame_0934.jpg,frame_0934,934,D:\visualization2026\visualization\left_downsample2_Q45\frame_0934.jpg,D:\visualization2026\visualization\right_downsample2_Q45\frame_0934.jpg,D:\visualization2026\dowsample2_Q45\stitched_frames\frame_0934.jpg,D:\visualization2026\dowsample2_Q45_hess_matched\stitched_frames\frame_0934.jpg,2245,1492,4.3786146528073004,1.345781065854017,153.251512848,-10.9637033767,12.334184615210006,-9.708515213820988,3.2304074440887387,-1.2551881629280217,4.475958213276954,-11.943356187241493,12.75452699798472,0,1,3.4656932321223355,10.760498707521982,raw,2.237979106638477,-5.9716780936207465,-2.237979106638477,5.9716780936207465,0,0,1569.5785917740466,642.8507129740984,1557.2444071588366,652.5592281879194,12,12,12,1.1875335835184084,0.06867739200115347,1.9053608749678688,-0.11116842685937453,1.0678463503738922,171.73624279400047,1.1869248045653549e-05,-1.8314278420849856e-05,1.0,1.0,0.0,642.7620208933615,0.0,1.0,203.97167809362074,0.0,0.0,1.0,15.564592059298745,-10.96370337674901,1.000000,35.000000,137.686920789,0
frame_0936.jpg,frame_0936,936,D:\visualization2026\visualization\left_downsample2_Q45\frame_0936.jpg,D:\visualization2026\visualization\right_downsample2_Q45\frame_0936.jpg,D:\visualization2026\dowsample2_Q45\stitched_frames\frame_0936.jpg,D:\visualization2026\dowsample2_Q45_hess_matched\stitched_frames\frame_0936.jpg,2292,1494,4.288221257558728,1.3574706422286331,150.087744015,-9.71590054286,3.0375753721280034,15.186914118279901,13.00967155700122,-24.902814661143104,10.360085850581536,-12.794768212037457,16.46321573785583,0,1,28.096293920520736,12.394559017139873,raw,5.180042925290768,-6.397384106018729,-5.180042925290768,6.397384106018729,0,0,1607.0544474619662,670.9462677200329,1604.0168720898382,655.759353601753,12,12,12,1.267920914516579,0.11183049630018824,5.086289281581689,-0.10225311993414891,1.1576689295507527,157.31712518591297,2.8547790209815574e-05,3.305020372255973e-05,1.0,1.0,0.0,686.8199570747092,0.0,1.0,215.39738410601873,0.0,0.0,1.0,16.047246929129223,-9.715900542863201,1.000000,35.000000,134.040497085,0
frame_0938.jpg,frame_0938,938,D:\visualization2026\visualization\left_downsample2_Q45\frame_0938.jpg,D:\visualization2026\visualization\right_downsample2_Q45\frame_0938.jpg,D:\visualization2026\dowsample2_Q45\stitched_frames\frame_0938.jpg,D:\visualization2026\dowsample2_Q45_hess_matched\stitched_frames\frame_0938.jpg,2298,1485,4.215329170799059,1.3721949142601,147.536520978,-8.57258772743,4.003848781169154,5.093832494801063,12.540513956140586,-13.666420222227083,12.316193853120332,-13.434880221786084,18.225933106466126,0,1,18.548194844098823,0.3223821961945717,raw,6.158096926560166,-6.717440110893042,-6.158096926560166,6.717440110893042,0,0,1610.911531051598,667.1460806326795,1606.907682270429,662.0522481378785,12,12,12,1.26904779995652,0.11947441067608941,6.2020637158034795,-0.09913544581261331,1.1622667062119305,151.99220581356965,2.894215042527033e-05,3.849527934092609e-05,1.0,1.0,0.0,691.8419030734399,0.0,1.0,214.71744011089305,0.0,0.0,1.0,16.54436273730974,-8.57258772742602,1.000000,35.000000,130.992158241,0
frame_0940.jpg,frame_0940,940,D:\visualization2026\visualization\left_downsample2_Q45\frame_0940.jpg,D:\visualization2026\visualization\right_downsample2_Q45\frame_0940.jpg,D:\visualization2026\dowsample2_Q45\stitched_frames\frame_0940.jpg,D:\visualization2026\dowsample2_Q45_hess_matched\stitched_frames\frame_0940.jpg,2306,1484,4.252333188376728,1.3861645463630428,148.831661593,-8.59805491736,-0.2690190290309147,5.0977874849095315,16.997801651348077,-13.695842402270927,13.995253595539795,-17.542694597743818,22.44132921538249,0,1,21.828911106292352,4.879914614135446,raw,6.997626797769898,-8.771347298871909,-6.997626797769898,8.771347298871909,0,0,1617.9813054547449,660.5856340925791,1618.2503244837758,655.4878466076696,12,12,12,1.2720144418235202,0.11260877650583132,7.1399460979416185,-0.09483177192121296,1.1422433297465449,142.65364586775584,3.582608539697282e-05,2.15625538370751e-05,1.0,1.0,0.0,699.00237320223,0.0,1.0,208.77134729887192,0.0,0.0,1.0,16.728782622317162,-8.598054917361395,1.000000,35.000000,132.102878971,0
frame_0942.jpg,frame_0942,942,D:\visualization2026\visualization\left_downsample2_Q45\frame_0942.jpg,D:\visualization2026\visualization\right_downsample2_Q45\frame_0942.jpg,D:\visualization2026\dowsample2_Q45\stitched_frames\frame_0942.jpg,D:\visualization2026\dowsample2_Q45_hess_matched\stitched_frames\frame_0942.jpg,2315,1490,4.46194612659917,1.3882119338372547,156.168114431,-10.737124442,0.4007987924492227,2.9170112184040136,15.802574657023037,-13.654135660361272,12.553279868115075,-16.402629108385607,20.65504967591417,0,1,20.884367034275567,4.2558351541215895,raw,6.276639934057537,-8.201314554192804,-6.276639934057537,8.201314554192804,0,0,1626.289557181711,654.5515749767933,1625.8887583892617,651.6345637583893,12,12,12,1.2903775958757815,0.12235990421734502,6.263541529303732,-0.0915752535430447,1.1670799716218518,137.2267237063956,4.0562672345869086e-05,3.1621722609493436e-05,1.0,1.0,0.0,708.7233600659424,0.0,1.0,213.2013145541928,0.0,0.0,1.0,16.20337344947226,-10.737124441957258,1.000000,35.000000,139.964740981,0
frame_0944.jpg,frame_0944,944,D:\visualization2026\visualization\left_downsample2_Q45\frame_0944.jpg,D:\visualization2026\visualization\right_downsample2_Q45\frame_0944.jpg,D:\visualization2026\dowsample2_Q45\stitched_frames\frame_0944.jpg,D:\visualization2026\dowsample2_Q45_hess_matched\stitched_frames\frame_0944.jpg,2314,1491,4.693602392687719,1.3870713866503603,164.276083744,-13.1892121472,3.9276874649572164,8.605047895553298,11.625706156186057,-21.7942600427167,14.125617698022012,-19.744712403955095,24.277288630849426,0,1,24.701150063095042,3.2326774105310756,raw,7.062808849011006,-9.872356201977547,-7.062808849011006,9.872356201977547,0,0,1629.9984449866602,660.1581457668816,1626.070757521703,651.5530978713283,12,12,12,1.282237267713789,0.12358274809131686,7.628961117647876,-0.09550916380568093,1.1618770653102721,142.67776485004086,3.625876806956083e-05,3.149428614942917e-05,1.0,1.0,0.0,706.937191150989,0.0,1.0,217.87235620197754,0.0,0.0,1.0,15.553393621143274,-13.189212147163405,1.000000,35.000000,148.722690123,0
frame_0946.jpg,frame_0946,946,D:\visualization2026\visualization\left_downsample2_Q45\frame_0946.jpg,D:\visualization2026\visualization\right_downsample2_Q45\frame_0946.jpg,D:\visualization2026\dowsample2_Q45\stitched_frames\frame_0946.jpg,D:\visualization2026\dowsample2_Q45_hess_matched\stitched_frames\frame_0946.jpg,2324,1503,4.760628048065733,1.3989690608278043,166.621981682,-13.5822523419,9.814584824633357,5.62023487240981,5.799802919877619,-19.20248721435206,12.733215872012137,-22.021300520610616,25.43761905254317,0,1,20.059242984887923,7.484512249997792,raw,6.366607936006068,-11.010650260305308,-6.366607936006068,11.010650260305308,0,0,1642.974863764661,661.3728150676678,1633.1602789400276,655.752580195258,12,12,12,1.2956559094250748,0.13975269430695325,6.406403373589803,-0.09793931973713664,1.1923589577475693,145.06872965321415,3.532893614510261e-05,4.6925629246108624e-05,1.0,1.0,0.0,717.6333920639939,0.0,1.0,233.0106502603053,0.0,0.0,1.0,15.614387744510976,-13.58225234194225,1.000000,35.000000,151.007593938,0
frame_0948.jpg,frame_0948,948,D:\visualization2026\visualization\left_downsample2_Q45\frame_0948.jpg,D:\visualization2026\visualization\right_downsample2_Q45\frame_0948.jpg,D:\visualization2026\dowsample2_Q45\stitched_frames\frame_0948.jpg,D:\visualization2026\dowsample2_Q45_hess_matched\stitched_frames\frame_0948.jpg,2295,1485,4.679265373290711,1.4549140723785765,163.774288065,-11.2836455094,-3.4281944900183134,19.093191190629568,20.402203105675273,-30.37683670007452,7.611343823691069,-17.917580540665853,19.467209538957754,0,1,36.59237761430951,17.856067462274115,raw,3.8056719118455344,-8.958790270332926,-3.8056719118455344,8.958790270332926,0,0,1603.0680141845344,658.050576692601,1606.4962086745527,638.9573855019714,12,12,12,1.2430363696751174,0.11657631450779105,3.4717131052925065,-0.1038120782989727,1.1368624313730171,156.82313872854343,2.2688493060545145e-05,2.516104371441387e-05,1.0,1.0,0.0,691.1943280881545,0.0,1.0,217.95879027033294,0.0,0.0,1.0,16.97400861565696,-11.283645509444952,1.000000,35.000000,146.80027945,0
frame_0950.jpg,frame_0950,950,D:\visualization2026\visualization\left_downsample2_Q45\frame_0950.jpg,D:\visualization2026\visualization\right_downsample2_Q45\frame_0950.jpg,D:\visualization2026\dowsample2_Q45\stitched_frames\frame_0950.jpg,D:\visualization2026\dowsample2_Q45_hess_matched\stitched_frames\frame_0950.jpg,2284,1501,4.551637578724261,1.5226519819403173,159.307315255,-8.1960386999,8.663206673119475,16.882744285648414,10.035792521298703,-25.078782985548543,7.0357778756039,-12.334994910219946,14.200502447096344,0,1,27.012265502300878,13.092143536612735,raw,3.51788893780195,-6.167497455109973,-3.51788893780195,6.167497455109973,0,0,1602.196221132408,659.7575587339413,1593.5330144592886,642.8748144482929,12,12,12,1.2582432283224583,0.08692828732167424,3.706735559266627,-0.09496644301815234,1.1422221219758861,145.6121783717592,3.403384043207801e-05,1.2014880562782295e-05,1.0,1.0,0.0,680.4821110621981,0.0,1.0,203.16749745510998,0.0,0.0,1.0,18.698999194418178,-8.196038699900127,1.000000,35.000000,140.608316061,0
frame_0952.jpg,frame_0952,952,D:\visualization2026\visualization\left_downsample2_Q45\frame_0952.jpg,D:\visualization2026\visualization\right_downsample2_Q45\frame_0952.jpg,D:\visualization2026\dowsample2_Q45\stitched_frames\frame_0952.jpg,D:\visualization2026\dowsample2_Q45_hess_matched\stitched_frames\frame_0952.jpg,2314,1496,4.440349994849349,1.5491784380188474,155.41224982,-6.34578310548,29.347168066492486,-13.210247344842173,-9.806785584582308,6.864464239362574,8.088442377183803,-12.793932490521652,15.13630102307193,0,1,11.970543546366596,26.58367442234234,fused,4.0442211885919015,-6.396966245260826,-4.0442211885919015,6.396966245260826,3,8,571.2407108239096,1337.8508346795907,541.8935427574171,1351.0610820244328,12,12,12,1.2868404659032686,0.11623303641018574,4.603572602200412,-0.09333728259931864,1.1679229066220524,142.415388343715,3.7647903584218435e-05,3.049998497895791e-05,1.0,1.0,0.0,709.9557788114081,0.0,1.0,200.3969662452608,0.0,0.0,1.0,19.54038248191018,-6.345783105479599,1.000000,35.000000,135.871867338,0
frame_0954.jpg,frame_0954,954,D:\visualization2026\visualization\left_downsample2_Q45\frame_0954.jpg,D:\visualization2026\visualization\right_downsample2_Q45\frame_0954.jpg,D:\visualization2026\dowsample2_Q45\stitched_frames\frame_0954.jpg,D:\visualization2026\dowsample2_Q45_hess_matched\stitched_frames\frame_0954.jpg,2323,1508,4.3477994236663555,1.532036244306667,152.172979828,-5.82153098286,10.693749085053469,-11.940199092373007,8.747876415750213,6.118668109512823,6.318542525239771,-11.892072213821383,13.466453177507653,0,1,10.675366093001589,18.173839169150785,fused,3.1592712626198853,-5.946036106910691,-3.1592712626198853,5.946036106910691,1,0,616.3265993265993,139.46801346801345,605.6328502415458,151.40821256038646,12,12,12,1.2951768841823108,0.12890155798000563,3.735171683807156,-0.09898279466839366,1.189575600239631,151.75346290143332,3.3735529989151186e-05,4.2938270471607575e-05,1.0,1.0,0.0,719.8407287373801,0.0,1.0,213.9460361069107,0.0,0.0,1.0,19.44162550080368,-5.821530982860184,1.000000,35.000000,132.731354328,0
frame_0956.jpg,frame_0956,956,D:\visualization2026\visualization\left_downsample2_Q45\frame_0956.jpg,D:\visualization2026\visualization\right_downsample2_Q45\frame_0956.jpg,D:\visualization2026\dowsample2_Q45\stitched_frames\frame_0956.jpg,D:\visualization2026\dowsample2_Q45_hess_matched\stitched_frames\frame_0956.jpg,2325,1497,4.264018970918837,1.504069303111148,149.240663982,-5.66911662563,8.035535979244287,15.82805849023066,11.063125427777134,-21.497175115860582,6.903698024220116,-11.960048469720924,13.80955487362625,0,1,24.17687494678964,10.404692258301932,raw,3.451849012110058,-5.980024234860462,-3.451849012110058,5.980024234860462,0,0,1641.6951080887666,661.0270386476411,1633.6595721095223,645.1989801574105,12,12,12,1.3092263698269888,0.1260589072177305,3.502986347879853,-0.08862240118307105,1.188671075553685,135.840784636821,4.407224003794612e-05,3.978006257378335e-05,1.0,1.0,0.0,721.5481509878899,0.0,1.0,200.98002423486045,0.0,0.0,1.0,19.09866140702142,-5.669116625629921,1.000000,35.000000,130.142002575,0
frame_0958.jpg,frame_0958,958,D:\visualization2026\visualization\left_downsample2_Q45\frame_0958.jpg,D:\visualization2026\visualization\right_downsample2_Q45\frame_0958.jpg,D:\visualization2026\dowsample2_Q45\stitched_frames\frame_0958.jpg,D:\visualization2026\dowsample2_Q45_hess_matched\stitched_frames\frame_0958.jpg,2314,1492,4.200986850549246,1.4878718287490091,147.034539769,-5.4291096828,7.386580154756075,20.438425633773704,11.552703845955115,-25.867535316573182,10.282999574818714,-18.031848279653985,20.757833042882446,0,1,28.33009617891381,7.937892684880891,raw,5.141499787409357,-9.015924139826993,-5.141499787409357,9.015924139826993,0,0,1630.2029862070813,654.1431976594808,1622.8164060523252,633.7047720257071,12,12,12,1.2898785834259856,0.1143811607474651,5.619650298440815,-0.09189432255022559,1.165598818076437,137.15690834018864,3.9329300235617776e-05,2.9574684730896036e-05,1.0,1.0,0.0,708.8585002125907,0.0,1.0,199.015924139827,0.0,0.0,1.0,18.93928400071119,-5.429109682799478,1.000000,35.000000,128.095255769,0
frame_0960.jpg,frame_0960,960,D:\visualization2026\visualization\left_downsample2_Q45\frame_0960.jpg,D:\visualization2026\visualization\right_downsample2_Q45\frame_0960.jpg,D:\visualization2026\dowsample2_Q45\stitched_frames\frame_0960.jpg,D:\visualization2026\dowsample2_Q45_hess_matched\stitched_frames\frame_0960.jpg,2304,1492,4.16169915916614,1.498595207676118,145.659470571,-4.74075403709,6.302422106165977,20.677910227958364,12.96157001620043,-25.418664265046253,11.799383504922874,-22.854307394397356,25.720513555795335,0,1,28.53262676838579,2.815422463332939,raw,5.899691752461437,-11.427153697198678,-5.899691752461437,11.427153697198678,0,0,1621.308733919694,650.7282556382263,1615.006311813528,630.0503454102679,12,12,12,1.268912731526747,0.10892230885130838,5.724831404608964,-0.09899647779878543,1.147998087840161,146.4496916215988,3.115933681988151e-05,2.449911018941707e-05,1.0,1.0,0.0,698.1003082475386,0.0,1.0,203.4271536971987,0.0,0.0,1.0,19.263992122366407,-4.740754037087891,1.000000,35.000000,126.395478448,0
frame_0962.jpg,frame_0962,962,D:\visualization2026\visualization\left_downsample2_Q45\frame_0962.jpg,D:\visualization2026\visualization\right_downsample2_Q45\frame_0962.jpg,D:\visualization2026\dowsample2_Q45\stitched_frames\frame_0962.jpg,D:\visualization2026\dowsample2_Q45_hess_matched\stitched_frames\frame_0962.jpg,2313,1500,4.131266077738921,1.5203728305493556,144.594312721,-3.85893437289,12.700175659839033,19.635600437409153,7.089722168410681,-23.494534810302728,10.292408547467419,-19.340383357119357,21.908539479123654,0,1,24.54093165260399,5.245395536904825,raw,5.1462042737337095,-9.670191678559679,-5.1462042737337095,9.670191678559679,0,0,1634.2383665903965,654.1663700388741,1621.5381909305574,634.530769601465,12,12,12,1.2812298072323283,0.12120725004639665,5.134003832757807,-0.10049390803402129,1.1718764017524022,150.12263305469196,3.088475149215677e-05,3.671089555543993e-05,1.0,1.0,0.0,707.8537957262663,0.0,1.0,211.6701916785597,0.0,0.0,1.0,19.789897828249714,-3.858934372893575,1.000000,35.000000,124.804414893,0
frame_0964.jpg,frame_0964,964,D:\visualization2026\visualization\left_downsample2_Q45\frame_0964.jpg,D:\visualization2026\visualization\right_downsample2_Q45\frame_0964.jpg,D:\visualization2026\dowsample2_Q45\stitched_frames\frame_0964.jpg,D:\visualization2026\dowsample2_Q45_hess_matched\stitched_frames\frame_0964.jpg,2306,1495,4.09330138039881,1.529614053121625,143.265548314,-3.22276939056,3.751041810331799,14.770858073647219,16.32979606627101,-17.993627464204017,5.519183671317772,-19.87610908539461,20.62816280651883,0,1,24.29882443425108,10.973289270225084,raw,2.759591835658886,-9.938054542697305,-2.759591835658886,9.938054542697305,0,0,1622.6962693235594,652.5321702429593,1618.9452275132276,637.7613121693121,12,12,12,1.263667474098543,0.11686733325599388,2.438270318129218,-0.10072815029336568,1.1670054878389275,150.46702767342128,2.3913050326359182e-05,3.7124692297602944e-05,1.0,1.0,0.0,703.2404081643411,0.0,1.0,216.9380545426973,0.0,0.0,1.0,20.08083787660281,-3.2227693905568007,1.000000,35.000000,123.184710437,0
frame_0966.jpg,frame_0966,966,D:\visualization2026\visualization\left_downsample2_Q45\frame_0966.jpg,D:\visualization2026\visualization\right_downsample2_Q45\frame_0966.jpg,D:\visualization2026\dowsample2_Q45\stitched_frames\frame_0966.jpg,D:\visualization2026\dowsample2_Q45_hess_matched\stitched_frames\frame_0966.jpg,2291,1459,4.105516908590634,1.4387532730163102,143.693091801,-5.70181339791,14.668877321420496,-1.7742584684389158,3.5282506404998593,-3.9275549294705945,4.4701984403201,-17.12888113968659,17.702577303696522,0,1,5.279606074907146,13.234888717557167,raw,2.23509922016005,-8.564440569843295,-2.23509922016005,8.564440569843295,0,0,1613.412523192757,617.9546320419182,1598.7436458713364,619.7288905103571,12,12,12,1.2781842419426823,0.09800980911234435,2.37215916430152,-0.09450779862787977,1.12990218955421,141.98450192752526,3.671455730688769e-05,2.7279938092195786e-05,1.0,1.0,0.0,688.76490077984,0.0,1.0,211.5644405698433,0.0,0.0,1.0,18.197127961920355,-5.70181339790951,1.000000,35.000000,125.495963839,0
frame_0968.jpg,frame_0968,968,D:\visualization2026\visualization\left_downsample2_Q45\frame_0968.jpg,D:\visualization2026\visualization\right_downsample2_Q45\frame_0968.jpg,D:\visualization2026\dowsample2_Q45\stitched_frames\frame_0968.jpg,D:\visualization2026\dowsample2_Q45_hess_matched\stitched_frames\frame_0968.jpg,2310,1494,4.166445569986049,1.271129749848976,145.82559495,-10.6767498658,26.9315340216981,17.869414092103284,-12.313420534793122,-28.546163957949453,5.4983764264066055,-14.609690736483616,15.610099510962735,0,1,31.08864426090011,22.616042908511613,raw,2.7491882132033028,-7.304845368241808,-2.7491882132033028,7.304845368241808,8,6,1964.2810200716247,630.0074463975365,1937.3494860499266,612.1380323054332,12,12,12,1.2681847591761328,0.11661199325629254,2.7992262348104817,-0.09865124824229467,1.167497123944984,150.57044725711162,2.595272424487453e-05,3.619921747370737e-05,1.0,1.0,0.0,707.2508117867967,0.0,1.0,243.3048453682418,0.0,0.0,1.0,14.618113486904976,-10.67674986584617,1.000000,35.000000,131.207481463,0
frame_0970.jpg,frame_0970,970,D:\visualization2026\visualization\left_downsample2_Q45\frame_0970.jpg,D:\visualization2026\visualization\right_downsample2_Q45\frame_0970.jpg,D:\visualization2026\dowsample2_Q45\stitched_frames\frame_0970.jpg,D:\visualization2026\dowsample2_Q45_hess_matched\stitched_frames\frame_0970.jpg,2331,1498,4.178303933963676,1.160529732025342,146.240637689,-13.6628715233,4.61667543209046,-1.9803469867880494,7.716643861212074,-11.682524536506149,5.036867987607096,-12.628560644164788,13.595976723572637,0,1,14.000998965318518,2.841862602194066,raw,2.518433993803548,-6.314280322082394,-2.518433993803548,6.314280322082394,0,0,1643.7086343111216,641.4729694475169,1639.0919588790312,643.453316434305,12,12,12,1.2881195794241111,0.13587745203993606,2.950615842962385,-0.09567065113667843,1.1944180900144699,146.76268627622014,2.850865448538514e-05,4.9339611577769536e-05,1.0,1.0,0.0,728.4815660061964,0.0,1.0,241.3142803220824,0.0,0.0,1.0,12.333319293302534,-13.662871523294198,1.000000,35.000000,133.907318395,0
frame_0972.jpg,frame_0972,972,D:\visualization2026\visualization\left_downsample2_Q45\frame_0972.jpg,D:\visualization2026\visualization\right_downsample2_Q45\frame_0972.jpg,D:\visualization2026\dowsample2_Q45\stitched_frames\frame_0972.jpg,D:\visualization2026\dowsample2_Q45_hess_matched\stitched_frames\frame_0972.jpg,2360,1497,4.065115553029063,1.2074200131892674,142.279044356,-11.2657622884,1.3640053570154578,-0.367179494150605,12.230612098843205,-10.89858279428786,11.412493973092623,-24.32544950449504,26.869546186744827,0,1,16.381910121726257,13.451768170814997,raw,5.7062469865463115,-12.16272475224752,-5.7062469865463115,12.16272475224752,0,0,1669.295119259863,626.914820785023,1667.9311139028475,627.2820002791736,12,12,12,1.3604438722391645,0.15054683664310886,6.4143383720079825,-0.07358525689757428,1.2438703592300233,105.03145073013744,5.78111068308718e-05,6.304650324424838e-05,1.0,1.0,0.0,754.2937530134537,0.0,1.0,237.16272475224753,0.0,0.0,1.0,13.594617455858662,-11.265762288438465,1.000000,35.000000,128.6844269,0
frame_0974.jpg,frame_0974,974,D:\visualization2026\visualization\left_downsample2_Q45\frame_0974.jpg,D:\visualization2026\visualization\right_downsample2_Q45\frame_0974.jpg,D:\visualization2026\dowsample2_Q45\stitched_frames\frame_0974.jpg,D:\visualization2026\dowsample2_Q45_hess_matched\stitched_frames\frame_0974.jpg,2376,1495,3.9037471880207733,1.3646007785791987,136.631151581,-5.51070391456,3.2104199497157424,2.5772730880461268,14.022253872273463,-8.087977002609883,24.34701307812827,-13.87966106310555,28.025382014403252,0,1,16.18761797341519,11.838253963971342,raw,12.173506539064135,-6.939830531552775,-12.173506539064135,6.939830531552775,0,0,1685.851590047224,619.2859043628746,1682.6411700975082,616.7086312748285,12,12,12,1.3909782201340255,0.15572404441491475,12.899276570154996,-0.062056423643599486,1.2604191231283481,91.38769971356855,6.720959835387383e-05,6.500095313615019e-05,1.0,1.0,0.0,763.8264934609358,0.0,1.0,227.9398305315528,0.0,0.0,1.0,17.232673821989206,-5.510703914563755,1.000000,35.000000,119.398477759,0
frame_0976.jpg,frame_0976,976,D:\visualization2026\visualization\left_downsample2_Q45\frame_0976.jpg,D:\visualization2026\visualization\right_downsample2_Q45\frame_0976.jpg,D:\visualization2026\dowsample2_Q45\stitched_frames\frame_0976.jpg,D:\visualization2026\dowsample2_Q45_hess_matched\stitched_frames\frame_0976.jpg,2349,1496,3.8297909864831787,1.542143963712311,134.042684527,-0.142829031325,-14.357401512349043,62.26917019979658,35.4063805679275,-62.411999231121854,25.368683648040626,-16.3281278807039,30.169154282528105,0,1,71.75562300577195,47.164378063294535,raw,12.684341824020313,-8.16406394035195,-12.684341824020313,8.16406394035195,0,7,1655.9759318209842,612.0844568240004,1670.3333333333333,549.8152866242038,12,12,12,1.331162802939879,0.14501405563703762,12.645880816569067,-0.08166428233781253,1.2195050669837442,122.12556149832389,4.7092282423365655e-05,5.497541006493087e-05,1.0,1.0,0.0,736.3156581759797,0.0,1.0,234.16406394035195,0.0,0.0,1.0,21.048979055578453,-0.14282903132527452,1.000000,35.000000,112.993705471,0
frame_0978.jpg,frame_0978,978,D:\visualization2026\visualization\left_downsample2_Q45\frame_0978.jpg,D:\visualization2026\visualization\right_downsample2_Q45\frame_0978.jpg,D:\visualization2026\dowsample2_Q45\stitched_frames\frame_0978.jpg,D:\visualization2026\dowsample2_Q45_hess_matched\stitched_frames\frame_0978.jpg,2354,1496,3.9606795171273355,1.689746296638102,138.623783099,2.30804753073,-28.657938809024245,-21.374730718266107,52.3591749903851,23.682778248997998,27.002266146810985,-19.079683943817308,33.06292056759618,0,1,57.46613951941597,49.715198872108374,raw,13.501133073405493,-9.539841971908654,-13.501133073405493,9.539841971908654,4,1,1355.1153109297427,386.29298088048,1383.773249738767,407.6677115987461,12,12,12,1.3630073445583557,0.12682326642694539,13.191231128604807,-0.06827139316785275,1.2283529398957482,98.49374066382357,6.23320858490783e-05,4.825230763749159e-05,1.0,1.0,0.0,740.4988669265945,0.0,1.0,217.53984197190866,0.0,0.0,1.0,23.701236181360855,2.3080475307318915,1.000000,35.000000,114.922546918,0
frame_0980.jpg,frame_0980,980,D:\visualization2026\visualization\left_downsample2_Q45\frame_0980.jpg,D:\visualization2026\visualization\right_downsample2_Q45\frame_0980.jpg,D:\visualization2026\dowsample2_Q45\stitched_frames\frame_0980.jpg,D:\visualization2026\dowsample2_Q45_hess_matched\stitched_frames\frame_0980.jpg,2348,1490,4.21630438621029,1.8113315817592017,147.570653517,2.7812090561,12.661103201524156,26.70606768059929,12.824996710773853,-23.9248586244979,20.52600974227797,-19.55366191591814,28.34894654589686,0,1,27.145522666428285,8.855109393818621,raw,10.263004871138985,-9.77683095795907,-10.263004871138985,9.77683095795907,0,1,1664.8882239627571,631.7007405194252,1652.227120761233,604.9946728388259,12,12,12,1.3361185850283281,0.1289557844760214,10.311881206491119,-0.07713311391604452,1.2094248641145762,113.23188754970045,5.1175013936807367e-05,4.750915822925598e-05,1.0,1.0,0.0,737.736995128861,0.0,1.0,215.77683095795908,0.0,0.0,1.0,25.48609991229801,2.7812090561013894,1.000000,35.000000,122.084553605,0
frame_0982.jpg,frame_0982,982,D:\visualization2026\visualization\left_downsample2_Q45\frame_0982.jpg,D:\visualization2026\visualization\right_downsample2_Q45\frame_0982.jpg,D:\visualization2026\dowsample2_Q45\stitched_frames\frame_0982.jpg,D:\visualization2026\dowsample2_Q45_hess_matched\stitched_frames\frame_0982.jpg,2323,1494,4.413222907872079,1.8681637740983756,154.462801776,2.19261612479,5.71237295128077,26.84897923464476,20.398524592694997,-24.656363109854887,14.807908790849988,-9.614329701913821,17.65529660966461,0,1,32.00056323510253,16.047359723314433,fused,7.403954395424994,-4.8071648509569105,-7.403954395424994,4.8071648509569105,2,3,479.6427758816837,142.72810011376563,473.9304029304029,115.87912087912088,12,12,12,1.3118987784649054,0.10509300983487013,7.236092434620109,-0.08996447363196648,1.1789647324798394,138.452500176024,4.386437738662575e-05,3.5770457120185805e-05,1.0,1.0,0.0,715.596045604575,0.0,1.0,206.80716485095692,0.0,0.0,1.0,26.110897543975767,2.1926161247898723,1.000000,35.000000,128.351904232,0
frame_0984.jpg,frame_0984,984,D:\visualization2026\visualization\left_downsample2_Q45\frame_0984.jpg,D:\visualization2026\visualization\right_downsample2_Q45\frame_0984.jpg,D:\visualization2026\dowsample2_Q45\stitched_frames\frame_0984.jpg,D:\visualization2026\dowsample2_Q45_hess_matched\stitched_frames\frame_0984.jpg,2355,1461,4.437769097643763,1.861105065020059,155.321918418,1.75325592606,44.25974322742832,12.211122789176443,-18.3590281503916,-10.457866863114049,11.420178863097675,-14.17504571828978,18.203087825441823,0,1,21.128674685211333,30.01030804563016,raw,5.7100894315488375,-7.08752285914489,-5.7100894315488375,7.08752285914489,9,9,1737.1077285754136,538.1726612507149,1692.8479853479853,525.9615384615385,12,12,12,1.3333777412131294,0.117768591591846,5.479024760680815,-0.07101849580241973,1.1762425080095393,105.67281785932124,5.509432437033249e-05,3.601685578389244e-05,1.0,1.0,0.0,749.2899105684512,0.0,1.0,199.08752285914488,0.0,0.0,1.0,25.900715077036715,1.7532559260623934,1.000000,35.000000,129.42120334,0
frame_0986.jpg,frame_0986,986,D:\visualization2026\visualization\left_downsample2_Q45\frame_0986.jpg,D:\visualization2026\visualization\right_downsample2_Q45\frame_0986.jpg,D:\visualization2026\dowsample2_Q45\stitched_frames\frame_0986.jpg,D:\visualization2026\dowsample2_Q45_hess_matched\stitched_frames\frame_0986.jpg,2378,1492,4.385597420592092,1.8486827013369869,153.495909721,1.97738096494,18.972970586509064,14.692719126041425,6.815875810787578,-12.715338161100266,11.086038853344185,-4.343241019986649,11.906468830663083,0,1,14.42691885397613,9.398207432817127,raw,5.5430194266720925,-2.1716205099933243,-5.5430194266720925,2.1716205099933243,0,0,1693.3584528385393,668.6328596498118,1674.3854822520302,653.9401405237704,12,12,12,1.3746155597573195,0.14232513029622793,5.611528102174336,-0.07420123083579111,1.2428040021123834,116.59240094896329,5.8594052999993285e-05,6.608891003362781e-05,1.0,1.0,0.0,772.4569805733279,0.0,1.0,239.17162050999332,0.0,0.0,1.0,25.78884639729664,1.9773809649411582,1.000000,35.000000,127.707063323,0
frame_0988.jpg,frame_0988,988,D:\visualization2026\visualization\left_downsample2_Q45\frame_0988.jpg,D:\visualization2026\visualization\right_downsample2_Q45\frame_0988.jpg,D:\visualization2026\dowsample2_Q45\stitched_frames\frame_0988.jpg,D:\visualization2026\dowsample2_Q45_hess_matched\stitched_frames\frame_0988.jpg,2242,1408,4.328665739374369,1.825116091284725,151.503300878,1.96289307879,-9.95765640539048,1.0836949116716141,35.42052535162355,0.8791981671181899,8.780805031279652,4.232691148769178,9.7477285230055,0,1,35.431435274372824,26.84996487752128,raw,4.390402515639826,2.116345574384589,-4.390402515639826,-2.116345574384589,0,0,1532.3502148461425,603.1633379349765,1542.307871251533,602.0796430233049,12,12,12,1.0400267472567741,0.06526757113727875,4.8237938098981115,-0.1607662390742058,0.8752866727382409,259.2537889648554,-3.661150242466904e-05,-5.915996030286031e-05,1.0,1.0,0.0,637.6095974843602,0.0,1.0,187.88365442561542,0.0,0.0,1.0,25.462868946233076,1.962893078789804,1.000000,35.000000,126.040431932,0
frame_0990.jpg,frame_0990,990,D:\visualization2026\visualization\left_downsample2_Q45\frame_0990.jpg,D:\visualization2026\visualization\right_downsample2_Q45\frame_0990.jpg,D:\visualization2026\dowsample2_Q45\stitched_frames\frame_0990.jpg,D:\visualization2026\dowsample2_Q45_hess_matched\stitched_frames\frame_0990.jpg,2355,1494,4.344156480576206,1.7799862431483842,152.04547682,0.633024926176,13.347453024659444,-24.601139940842017,11.154296662006388,25.23416486701776,12.071803501969754,9.979206267128209,15.662470989983033,0,1,27.589516316164012,15.282525337316597,raw,6.035901750984877,4.9896031335641045,-6.035901750984877,-4.9896031335641045,0,0,1670.391207321234,661.1076634883302,1657.0437542965747,685.7088034291722,12,12,12,1.306728378387035,0.1403668723146807,5.770249285963487,-0.09699105318907307,1.195701813005648,160.7362994447409,3.5100191869596416e-05,5.3649077279439386e-05,1.0,1.0,0.0,748.9640982490151,0.0,1.0,270.0103968664359,0.0,0.0,1.0,24.501749686665832,0.633024926175743,1.000000,35.000000,127.543727134,0
frame_0992.jpg,frame_0992,992,D:\visualization2026\visualization\left_downsample2_Q45\frame_0992.jpg,D:\visualization2026\visualization\right_downsample2_Q45\frame_0992.jpg,D:\visualization2026\dowsample2_Q45\stitched_frames\frame_0992.jpg,D:\visualization2026\dowsample2_Q45_hess_matched\stitched_frames\frame_0992.jpg,2390,1499,4.436379323013721,1.716678822824564,155.273276305,-1.96967807523,14.090432795082279,-20.192975809159066,8.872355482372342,18.223297733924255,5.229507566271687,10.080383126182031,11.356138135665146,0,1,20.268381092352477,8.920616528515314,raw,2.6147537831358436,5.040191563091016,-2.6147537831358436,-5.040191563091016,0,0,1702.5369700584417,660.339878252667,1688.4465372633595,680.532854061826,12,12,12,1.3775889725874195,0.16650230619820364,2.876100892313521,-0.07305920379139222,1.2648118841340472,122.45241892165751,5.836789348699269e-05,7.548706460458113e-05,1.0,1.0,0.0,787.3852462168642,0.0,1.0,271.959808436909,0.0,0.0,1.0,22.96278827745462,-1.9696780752348102,1.000000,35.000000,132.310488028,0
frame_0994.jpg,frame_0994,994,D:\visualization2026\visualization\left_downsample2_Q45\frame_0994.jpg,D:\visualization2026\visualization\right_downsample2_Q45\frame_0994.jpg,D:\visualization2026\dowsample2_Q45\stitched_frames\frame_0994.jpg,D:\visualization2026\dowsample2_Q45_hess_matched\stitched_frames\frame_0994.jpg,2393,1508,4.508515040578608,1.6618980019186935,157.79802642,-4.1416659508,23.555879197796912,-22.416374679481123,-1.9040357969410948,18.2747087286811,-1.5177643578130264,6.858519156360073,7.024449705422175,0,1,18.37363141662982,11.422722529058362,raw,-0.7588821789065132,3.4292595781800363,0.7588821789065132,-3.4292595781800363,0,0,1711.9753564937525,666.5881515287244,1688.4194772959556,689.0045262082056,12,12,12,1.3773549463259946,0.17448749683335305,-1.0100641948100229,-0.07761377188661417,1.2788700664981234,127.39724420914884,5.360974439513366e-05,8.310226198448553e-05,1.0,1.0,0.0,793.7588821789066,0.0,1.0,284.57074042181995,0.0,0.0,1.0,21.651843400855817,-4.1416659508000215,1.000000,35.000000,136.146183019,0
frame_0996.jpg,frame_0996,996,D:\visualization2026\visualization\left_downsample2_Q45\frame_0996.jpg,D:\visualization2026\visualization\right_downsample2_Q45\frame_0996.jpg,D:\visualization2026\dowsample2_Q45\stitched_frames\frame_0996.jpg,D:\visualization2026\dowsample2_Q45_hess_matched\stitched_frames\frame_0996.jpg,2381,1507,4.455035835341636,1.6549115648165689,155.926254237,-3.76319616981,49.049835571050664,8.44625769601663,-27.395603867702743,-12.209453865831152,-4.304376811934029,7.989998534587475,9.075667265927358,0,1,29.9931638040729,30.67935208275825,fused,-2.1521884059670144,3.9949992672937373,2.1521884059670144,-3.9949992672937373,2,0,544.0573770491803,171.6830601092896,495.00754147812967,163.23680241327298,12,12,12,1.3521557781351774,0.1638272626715,-1.9715058830311607,-0.08501256464652654,1.254904415958789,140.21901830294044,4.5429156419452845e-05,7.471289729768036e-05,1.0,1.0,0.0,783.152188405967,0.0,1.0,284.00500073270626,0.0,0.0,1.0,21.65423170334792,-3.763196169814522,1.000000,35.000000,134.272022534,0
frame_0998.jpg,frame_0998,998,D:\visualization2026\visualization\left_downsample2_Q45\frame_0998.jpg,D:\visualization2026\visualization\right_downsample2_Q45\frame_0998.jpg,D:\visualization2026\dowsample2_Q45\stitched_frames\frame_0998.jpg,D:\visualization2026\dowsample2_Q45_hess_matched\stitched_frames\frame_0998.jpg,2392,1504,4.274109657005212,1.7175263612677227,149.593837995,-0.250791372592,21.73490799129695,14.979330309400012,1.6841657311999754,-15.230121681991607,-4.986876368141603,1.8550043701402306,5.320712088092019,0,1,15.322957307857358,18.341328602596423,fused,-2.4934381840708015,0.9275021850701153,2.4934381840708015,-0.9275021850701153,3,5,606.0754877014418,142.6242578456319,584.3405797101449,127.64492753623188,12,12,12,1.3826414340734412,0.16470194109803463,-2.6574566728269433,-0.07671035054296182,1.2630795633901362,123.54456923968566,5.9590815618090465e-05,7.451354069100797e-05,1.0,1.0,0.0,794.4934381840708,0.0,1.0,277.0724978149299,0.0,0.0,1.0,23.419073722496925,-0.2507913725915953,1.000000,35.000000,126.174764273,0
frame_1000.jpg,frame_1000,1000,D:\visualization2026\visualization\left_downsample2_Q45\frame_1000.jpg,D:\visualization2026\visualization\right_downsample2_Q45\frame_1000.jpg,D:\visualization2026\dowsample2_Q45\stitched_frames\frame_1000.jpg,D:\visualization2026\dowsample2_Q45_hess_matched\stitched_frames\frame_1000.jpg,2359,1499,4.111583167847822,1.7848592610883216,143.905410875,3.19129177287,28.00899950946871,-27.700269985284052,-2.7787656085986256,30.891561758154776,-13.443109166572537,0.7169784240375572,13.46221534981973,0,1,31.016288078450348,32.00365139964633,fused,-6.721554583286268,0.3584892120187786,6.721554583286268,-0.3584892120187786,1,6,565.8229529978408,124.95864474339811,537.8139534883721,152.65891472868216,12,12,12,1.3129617808424845,0.14303203360221825,-6.229417133035048,-0.09746768386355652,1.2059664807255832,156.67958857868732,3.5807335551914865e-05,5.780210862748678e-05,1.0,1.0,0.0,765.7215545832863,0.0,1.0,279.64151078798125,0.0,0.0,1.0,25.230233900870083,3.191291772870722,1.000000,35.000000,118.675176974,0
frame_1002.jpg,frame_1002,1002,D:\visualization2026\visualization\left_downsample2_Q45\frame_1002.jpg,D:\visualization2026\visualization\right_downsample2_Q45\frame_1002.jpg,D:\visualization2026\dowsample2_Q45\stitched_frames\frame_1002.jpg,D:\visualization2026\dowsample2_Q45_hess_matched\stitched_frames\frame_1002.jpg,2325,1462,4.097980126340705,1.8049485177955784,143.429304422,3.85341771678,20.216359216359024,16.3050908050908,5.459857701334478,-12.451673088311965,-7.476418832682447,8.105322376496822,11.026925654443712,0,1,13.596110061963085,24.28862517938646,fused,-3.7382094163412236,4.052661188248411,3.7382094163412236,-4.052661188248411,1,0,1477.743386243386,314.4312169312169,1457.527027027027,298.1261261261261,12,12,12,1.2872225196080254,0.08860727230963399,-3.3983392018738274,-0.07834762276025223,1.1283582520282323,129.66798119073815,5.0121103646765605e-05,1.0149922894941232e-05,1.0,1.0,0.0,728.7382094163412,0.0,1.0,226.9473388117516,0.0,0.0,1.0,25.676216917693502,3.8534177167788344,1.000000,35.000000,117.753087504,0
frame_1004.jpg,frame_1004,1004,D:\visualization2026\visualization\left_downsample2_Q45\frame_1004.jpg,D:\visualization2026\visualization\right_downsample2_Q45\frame_1004.jpg,D:\visualization2026\dowsample2_Q45\stitched_frames\frame_1004.jpg,D:\visualization2026\dowsample2_Q45_hess_matched\stitched_frames\frame_1004.jpg,2403,1497,4.18423393694485,1.8219127607212542,146.448187793,3.39040968954,69.97358513821706,-9.194169308626897,-44.18519978909576,12.584578998167734,-7.182286348416299,16.276125957628327,17.79037698811438,0,1,45.94239337434906,37.18659868894061,fused,-3.5911431742081494,8.138062978814164,3.5911431742081494,-8.138062978814164,0,2,417.77504939316964,87.76319503245837,347.8014642549526,96.95736434108527,12,12,12,1.4244662243416646,0.1549801750379352,-3.7675369670834233,-0.05605399808949551,1.281171133074921,99.3450214597107,7.701169243396302e-05,7.270060743319994e-05,1.0,1.0,0.0,806.5911431742081,0.0,1.0,242.86193702118584,0.0,0.0,1.0,25.788385349121295,3.3904096895408373,1.000000,35.000000,120.659802444,0
frame_1006.jpg,frame_1006,1006,D:\visualization2026\visualization\left_downsample2_Q45\frame_1006.jpg,D:\visualization2026\visualization\right_downsample2_Q45\frame_1006.jpg,D:\visualization2026\dowsample2_Q45\stitched_frames\frame_1006.jpg,D:\visualization2026\dowsample2_Q45_hess_matched\stitched_frames\frame_1006.jpg,2409,1511,4.25140630668621,1.8512285834538638,148.799220734,3.44658271612,23.765909169044562,-21.285683180344023,2.4378478017477008,24.73226589646517,-7.455161454547639,11.59617665845051,13.785889358592913,0,1,24.85212422063635,16.444709563085322,fused,-3.7275807272738195,5.798088329225255,3.7275807272738195,-5.798088329225255,0,2,589.6164838816882,96.03040877367896,565.8505747126436,117.31609195402298,12,12,12,1.415313051141139,0.16997954416501493,-2.946686697963658,-0.06859776302396439,1.2931687311635092,116.31674386438392,6.579570747687243e-05,8.343766806408896e-05,1.0,1.0,0.0,812.7275807272738,0.0,1.0,262.20191167077473,0.0,0.0,1.0,26.203756970792263,3.446582716121145,1.000000,35.000000,122.595463763,0
frame_1008.jpg,frame_1008,1008,D:\visualization2026\visualization\left_downsample2_Q45\frame_1008.jpg,D:\visualization2026\visualization\right_downsample2_Q45\frame_1008.jpg,D:\visualization2026\dowsample2_Q45\stitched_frames\frame_1008.jpg,D:\visualization2026\dowsample2_Q45_hess_matched\stitched_frames\frame_1008.jpg,2370,1498,4.195569724824935,1.897141816265954,146.844940369,5.21864468922,24.135160328113443,-20.405251534446194,3.154828152530719,25.62389622366592,-8.406187503992266,19.042952346213163,20.81581183649634,0,1,25.81737783651161,13.302853277720255,fused,-4.203093751996133,9.521476173106581,4.203093751996133,-9.521476173106581,3,2,667.6944444444445,155.29273504273502,643.559284116331,175.6979865771812,12,12,12,1.3505491206464444,0.13912627675124523,-4.207615906573008,-0.08077682677283293,1.2293997049704903,139.6491271034885,5.150562332252602e-05,5.9311011724425116e-05,1.0,1.0,0.0,774.2030937519961,0.0,1.0,247.47852382689342,0.0,0.0,1.0,27.289988480644162,5.218644689219727,1.000000,35.000000,119.554951888,0
frame_1010.jpg,frame_1010,1010,D:\visualization2026\visualization\left_downsample2_Q45\frame_1010.jpg,D:\visualization2026\visualization\right_downsample2_Q45\frame_1010.jpg,D:\visualization2026\dowsample2_Q45\stitched_frames\frame_1010.jpg,D:\visualization2026\dowsample2_Q45_hess_matched\stitched_frames\frame_1010.jpg,2390,1492,4.049118529150064,1.9441329767595228,141.71914852,7.96621427094,32.786475482386265,0.4743990086740979,-4.143141139255327,7.4918152622656935,-2.2632793010565626,15.831283135773917,15.992246837753308,0,1,8.561128104619574,8.54871949147893,fused,-1.1316396505282813,7.915641567886959,1.1316396505282813,-7.915641567886959,3,7,502.11028500619574,89.3543990086741,469.3238095238095,88.88,12,12,12,1.3925810300866932,0.14763810931241617,-0.9392880942668529,-0.06444655699732049,1.2542713379425892,111.71014182574235,6.673289994478828e-05,6.515766291757206e-05,1.0,1.0,0.0,791.1316396505283,0.0,1.0,241.08435843211305,0.0,0.0,1.0,28.643334343130938,7.966214270939791,1.000000,35.000000,113.075814177,0
frame_1012.jpg,frame_1012,1012,D:\visualization2026\visualization\left_downsample2_Q45\frame_1012.jpg,D:\visualization2026\visualization\right_downsample2_Q45\frame_1012.jpg,D:\visualization2026\dowsample2_Q45\stitched_frames\frame_1012.jpg,D:\visualization2026\dowsample2_Q45_hess_matched\stitched_frames\frame_1012.jpg,2353,1459,3.8979753935616515,1.9815280811738987,136.429138775,10.5145232643,29.109193512267666,-14.26768208617085,0.7047274541113389,24.782205350501286,-4.242301856587849,19.19522999302208,19.65843278411133,0,1,24.792223434355236,7.462398585307326,raw,-2.1211509282939245,9.59761499651104,2.1211509282939245,-9.59761499651104,1,3,1567.427022969632,322.0772791541392,1538.3178294573643,336.34496124031006,12,12,12,1.3516942871944486,0.10397436167404067,-1.914704867154252,-0.05898699181807661,1.183347246729521,104.49694248360998,6.867090644503361e-05,3.1614200428912426e-05,1.0,1.0,0.0,755.1211509282939,0.0,1.0,204.40238500348897,0.0,0.0,1.0,29.813920966379005,10.514523264330435,1.000000,35.000000,106.615217808,0
frame_1014.jpg,frame_1014,1014,D:\visualization2026\visualization\left_downsample2_Q45\frame_1014.jpg,D:\visualization2026\visualization\right_downsample2_Q45\frame_1014.jpg,D:\visualization2026\dowsample2_Q45\stitched_frames\frame_1014.jpg,D:\visualization2026\dowsample2_Q45_hess_matched\stitched_frames\frame_1014.jpg,2386,1493,3.832470038611323,1.9999128360161347,134.136451351,11.6753145772,43.83626769663056,15.149081631214656,-13.470658774417245,-3.473767054028473,-5.589693340512771,10.935670502190549,12.281431552284664,0,1,13.911351672732524,16.42380914577895,fused,-2.7948466702563857,5.467835251095274,2.7948466702563857,-5.467835251095274,0,3,403.7980575407733,110.62268645776066,359.96178984414274,95.47360482654601,12,12,12,1.3864494980814477,0.14323120279751897,-2.1831677990006093,-0.06550068445147161,1.2515176993835881,110.94853440115021,6.391594041514033e-05,6.38474902381785e-05,1.0,1.0,0.0,788.7948466702563,0.0,1.0,245.53216474890473,0.0,0.0,1.0,30.365608922213312,11.675314577186183,1.000000,35.000000,103.770842429,0
frame_1016.jpg,frame_1016,1016,D:\visualization2026\visualization\left_downsample2_Q45\frame_1016.jpg,D:\visualization2026\visualization\right_downsample2_Q45\frame_1016.jpg,D:\visualization2026\dowsample2_Q45\stitched_frames\frame_1016.jpg,D:\visualization2026\dowsample2_Q45_hess_matched\stitched_frames\frame_1016.jpg,2381,1487,3.9304371709719454,1.9830025047457553,137.565300984,10.2132056071,37.213391372286424,-31.338794575590157,-7.457264975908732,41.55200018270598,-5.857516733664097,7.23614033434699,9.309792114946406,0,1,42.215868107910715,34.35312841024499,fused,-2.9287583668320485,3.618070167173495,2.9287583668320485,-3.618070167173495,2,1,1622.9389898989898,203.92363636363638,1585.7255985267034,235.26243093922653,12,12,12,1.3988643500269062,0.1304361334610169,-2.309987885336077,-0.0559172067522682,1.2518234074264019,93.66051814779794,7.314299054500057e-05,5.8942021631142785e-05,1.0,1.0,0.0,783.9287583668321,0.0,1.0,220.3819298328265,0.0,0.0,1.0,29.75612639637769,10.213205607115823,1.000000,35.000000,107.809174588,0
frame_1018.jpg,frame_1018,1018,D:\visualization2026\visualization\left_downsample2_Q45\frame_1018.jpg,D:\visualization2026\visualization\right_downsample2_Q45\frame_1018.jpg,D:\visualization2026\dowsample2_Q45\stitched_frames\frame_1018.jpg,D:\visualization2026\dowsample2_Q45_hess_matched\stitched_frames\frame_1018.jpg,2347,1450,4.067703573942179,1.9463959287440247,142.369625088,7.83041974114,32.221273540428456,23.504320971634684,-3.5821292670938867,-15.673901230491749,-9.462141383317872,4.005132912038056,10.27488244219792,0,1,16.07802319532415,20.53871776109197,fused,-4.731070691658936,2.002566456019028,4.731070691658936,-2.002566456019028,1,2,1519.560471976401,322.15339233038344,1487.3391984359725,298.64907135874876,12,12,12,1.323862610619733,0.09026558942253192,-4.845077078237062,-0.06459860366266697,1.1628423609378515,105.34336789281404,5.657230874209451e-05,2.7789701909337986e-05,1.0,1.0,0.0,751.7310706916589,0.0,1.0,207.99743354398097,0.0,0.0,1.0,28.63914427333457,7.830419741142935,1.000000,35.000000,113.730480815,0
frame_1020.jpg,frame_1020,1020,D:\visualization2026\visualization\left_downsample2_Q45\frame_1020.jpg,D:\visualization2026\visualization\right_downsample2_Q45\frame_1020.jpg,D:\visualization2026\dowsample2_Q45\stitched_frames\frame_1020.jpg,D:\visualization2026\dowsample2_Q45_hess_matched\stitched_frames\frame_1020.jpg,2359,1487,4.113562626909125,1.9257987724479193,143.974691942,6.81782932821,33.577805355338455,17.8236649051627,-5.482258105011958,-11.005835576952093,-10.972851290401167,12.84162149737097,16.891142889780987,0,1,12.295672843601269,24.471367400272577,fused,-5.486425645200583,6.420810748685485,5.486425645200583,-6.420810748685485,4,1,436.1762114537445,134.3215859030837,402.59840609840603,116.497920997921,12,12,12,1.3170542588955714,0.11924294993557395,-4.827923583675542,-0.08483204801359714,1.2071337761034227,142.8139473875089,3.604287080612153e-05,5.482435207725658e-05,1.0,1.0,0.0,764.4864256452006,0.0,1.0,247.57918925131452,0.0,0.0,1.0,28.095547250326497,6.817829328210609,1.000000,35.000000,115.879144691,0
frame_1022.jpg,frame_1022,1022,D:\visualization2026\visualization\left_downsample2_Q45\frame_1022.jpg,D:\visualization2026\visualization\right_downsample2_Q45\frame_1022.jpg,D:\visualization2026\dowsample2_Q45\stitched_frames\frame_1022.jpg,D:\visualization2026\dowsample2_Q45_hess_matched\stitched_frames\frame_1022.jpg,2379,1458,4.023914657026367,1.9234467218072009,140.837012996,7.69446703637,45.60858001850136,-0.9327012025901951,-17.31839579415753,8.627168238956616,-12.018573209629938,4.508941873063845,12.836536090780214,0,1,19.348252239061672,6.711773821293678,fused,-6.009286604814969,2.2544709365319227,6.009286604814969,-2.2544709365319227,1,2,417.64662349676223,66.85353068146777,372.0380434782609,67.78623188405797,12,12,12,1.404228235683922,0.10269767614229497,-6.310056591993311,-0.04058353224152037,1.2241387624593474,66.94798605203952,8.581494764807507e-05,4.294091008675738e-05,1.0,1.0,0.0,785.009286604815,0.0,1.0,205.74552906346807,0.0,0.0,1.0,28.290184224343825,7.6944670363664205,1.000000,35.000000,112.546828772,0
frame_1024.jpg,frame_1024,1024,D:\visualization2026\visualization\left_downsample2_Q45\frame_1024.jpg,D:\visualization2026\visualization\right_downsample2_Q45\frame_1024.jpg,D:\visualization2026\dowsample2_Q45\stitched_frames\frame_1024.jpg,D:\visualization2026\dowsample2_Q45_hess_matched\stitched_frames\frame_1024.jpg,2379,1458,3.9273334670137388,1.9163994778424218,137.456671345,8.52210731789,49.432155300798286,-32.18656855474495,-21.024208309833718,40.70867587263609,-10.327838562495714,8.399931014806402,13.312516307087854,0,1,45.81717610633184,34.033326608783106,raw,-5.163919281247857,4.199965507403201,5.163919281247857,-4.199965507403201,7,9,1549.64565151953,462.965845639554,1500.2134962187317,495.15241419429896,12,12,12,1.4043007808365373,0.10273397698452655,-5.4646892684261985,-0.04041657972677144,1.2242223037667896,68.89348062291081,8.581494764807507e-05,4.294091008675738e-05,1.0,1.0,0.0,784.1639192812479,0.0,1.0,203.8000344925968,0.0,0.0,1.0,28.407946990964568,8.522107317891145,1.000000,35.000000,109.048724355,0
frame_1026.jpg,frame_1026,1026,D:\visualization2026\visualization\left_downsample2_Q45\frame_1026.jpg,D:\visualization2026\visualization\right_downsample2_Q45\frame_1026.jpg,D:\visualization2026\dowsample2_Q45\stitched_frames\frame_1026.jpg,D:\visualization2026\dowsample2_Q45_hess_matched\stitched_frames\frame_1026.jpg,2439,1469,3.9720782548122386,1.885754481502417,139.022738918,7.26115108078,40.34858387799568,7.372549019607838,-12.68587457205259,-0.11139793882964,-9.92962783273693,10.660064577047182,14.568269824638751,0,1,12.686363669650417,11.118511627863128,fused,-4.964813916368465,5.330032288523591,4.964813916368465,-5.330032288523591,4,3,492.88235294117646,66.89324618736383,452.5337690631808,59.52069716775599,12,12,12,1.5042548202510033,0.15080972961646844,-4.322224632269448,-0.011945239844512939,1.31579489039315,25.976568779212833,0.00011396459440220387,7.397047092757683e-05,1.0,1.0,0.0,843.9648139163685,0.0,1.0,210.6699677114764,0.0,0.0,1.0,27.66270930594309,7.261151080778198,1.000000,35.000000,111.360029612,0
frame_1028.jpg,frame_1028,1028,D:\visualization2026\visualization\left_downsample2_Q45\frame_1028.jpg,D:\visualization2026\visualization\right_downsample2_Q45\frame_1028.jpg,D:\visualization2026\dowsample2_Q45\stitched_frames\frame_1028.jpg,D:\visualization2026\dowsample2_Q45_hess_matched\stitched_frames\frame_1028.jpg,2375,1487,4.176035823761019,1.8659663756603422,146.161253832,4.61616352584,21.836309523809575,0.8351190476190595,4.871543968577225,3.7810444782210366,-7.437202551458402,12.434019514559866,14.488506585562051,0,1,6.1667039805772195,15.04590369083865,fused,-3.718601275729201,6.217009757279933,3.718601275729201,-6.217009757279933,5,1,523.0,98.0,501.1636904761904,97.16488095238094,12,12,12,1.3631787002080569,0.12292256729960843,-3.665624939861276,-0.06752308216933317,1.2359040720608538,114.84574219430074,5.755776316927887e-05,5.8356764253160006e-05,1.0,1.0,0.0,778.7186012757292,0.0,1.0,239.78299024272008,0.0,0.0,1.0,26.7078534923868,4.616163525840096,1.000000,35.000000,119.453400339,0
frame_1030.jpg,frame_1030,1030,D:\visualization2026\visualization\left_downsample2_Q45\frame_1030.jpg,D:\visualization2026\visualization\right_downsample2_Q45\frame_1030.jpg,D:\visualization2026\dowsample2_Q45\stitched_frames\frame_1030.jpg,D:\visualization2026\dowsample2_Q45_hess_matched\stitched_frames\frame_1030.jpg,2398,1481,4.409858354995794,1.8810555422766146,154.345042425,2.56141499348,29.873785550256116,2.26658275922982,-3.4912044562180355,0.29483223425180816,-5.3322681643592675,-0.06992890976397437,5.332726678638249,0,1,3.5036316303901844,1.876850092473675,fused,-2.6661340821796338,-0.034964454881987184,2.6661340821796338,0.034964454881987184,2,4,539.06006006006,73.54354354354354,509.18627450980387,71.27696078431372,12,12,12,1.412931994969374,0.1326559593396599,-2.2436353801770346,-0.053631366406007845,1.25818246543136,86.19805955709188,7.621845767776208e-05,6.471641604003446e-05,1.0,1.0,0.0,800.6661340821796,0.0,1.0,234.034964454882,0.0,0.0,1.0,26.38258109403808,2.561414993481628,1.000000,35.000000,127.962461331,0
frame_1032.jpg,frame_1032,1032,D:\visualization2026\visualization\left_downsample2_Q45\frame_1032.jpg,D:\visualization2026\visualization\right_downsample2_Q45\frame_1032.jpg,D:\visualization2026\dowsample2_Q45\stitched_frames\frame_1032.jpg,D:\visualization2026\dowsample2_Q45_hess_matched\stitched_frames\frame_1032.jpg,2353,1474,4.542093548048552,1.9454468541631122,158.973274182,2.84487074042,32.192614540782074,-14.652072186103595,-4.856269387764886,17.496942926520035,-4.976975202716046,-2.3699862638027294,5.512451093575711,0,1,18.158368983486426,19.86729587405044,fused,-2.488487601358023,-1.1849931319013647,2.488487601358023,1.1849931319013647,3,4,431.6062271062271,176.2912087912088,399.413612565445,190.94328097731238,12,12,12,1.3096586615002999,0.11011145317116552,-2.185849752212497,-0.08041295511663787,1.1839328707350447,127.57738711872693,4.015758921399325e-05,4.266904959400216e-05,1.0,1.0,0.0,755.488487601358,0.0,1.0,240.18499313190136,0.0,0.0,1.0,27.336345153017188,2.844870740416441,1.000000,35.000000,131.636929029,0
frame_1034.jpg,frame_1034,1034,D:\visualization2026\visualization\left_downsample2_Q45\frame_1034.jpg,D:\visualization2026\visualization\right_downsample2_Q45\frame_1034.jpg,D:\visualization2026\dowsample2_Q45\stitched_frames\frame_1034.jpg,D:\visualization2026\dowsample2_Q45_hess_matched\stitched_frames\frame_1034.jpg,2353,1474,4.565306648621068,2.103095769057216,159.785732702,6.68176157207,40.9840856346504,28.492827821057062,-10.49953637433805,-21.81106624898311,-4.67482135322345,3.429731689273552,5.798018122165637,0,1,24.206670051735287,25.904153829783745,fused,-2.337410676611725,1.714865844636776,2.337410676611725,-1.714865844636776,4,3,385.42684766214177,154.10708898944193,344.44276202749137,125.61426116838487,12,12,12,1.3096647283853835,0.11011789947996002,-2.034772827466199,-0.08029650377107955,1.1840566049615302,130.47724609526506,4.015758921399325e-05,4.266904959400216e-05,1.0,1.0,0.0,755.3374106766117,0.0,1.0,237.28513415536324,0.0,0.0,1.0,30.48454926031235,6.6817615720739525,1.000000,35.000000,129.301183441,0
frame_1036.jpg,frame_1036,1036,D:\visualization2026\visualization\left_downsample2_Q45\frame_1036.jpg,D:\visualization2026\visualization\right_downsample2_Q45\frame_1036.jpg,D:\visualization2026\dowsample2_Q45\stitched_frames\frame_1036.jpg,D:\visualization2026\dowsample2_Q45_hess_matched\stitched_frames\frame_1036.jpg,2398,1464,4.559535427807134,2.2903479472724015,159.583739973,11.5878337079,45.223542555352196,23.199518416954447,-10.909409763836486,-11.611684709023418,-5.289977840101339,0.23890839634139827,5.295369937087083,0,1,15.932559216179273,13.115432592728835,fused,-2.6449889200506695,0.11945419817069913,2.6449889200506695,-0.11945419817069913,6,7,2052.723542555352,589.7712776762137,2007.5,566.5717592592592,12,12,12,1.4428993234500098,0.11261065052169239,-2.895502448087901,-0.030419836664857244,1.2539800371047907,49.031411812255925,9.726344207765674e-05,5.0853427248950556e-05,1.0,1.0,0.0,800.6449889200507,0.0,1.0,196.8805458018293,0.0,0.0,1.0,34.31413279151571,11.58783370793103,1.000000,35.000000,125.269607182,0
frame_1038.jpg,frame_1038,1038,D:\visualization2026\visualization\left_downsample2_Q45\frame_1038.jpg,D:\visualization2026\visualization\right_downsample2_Q45\frame_1038.jpg,D:\visualization2026\dowsample2_Q45\stitched_frames\frame_1038.jpg,D:\visualization2026\dowsample2_Q45_hess_matched\stitched_frames\frame_1038.jpg,2380,1489,4.5930909247776555,2.4076378473527633,160.758182367,14.2721556111,30.23000610500617,-18.507478632478637,6.38231321604021,32.779634243602445,-5.562531820889329,4.755028995452687,7.317927370916039,0,1,33.39518443027371,30.464041463188742,fused,-2.7812659104446644,2.3775144977263434,2.7812659104446644,-2.3775144977263434,0,2,1627.1488095238094,269.4583333333333,1596.9188034188032,287.96581196581195,12,12,12,1.3794895941728853,0.1210161467182328,-2.9445124706429957,-0.06181217592896408,1.2440912062744816,101.94772537634032,6.344550935734519e-05,5.792470323020506e-05,1.0,1.0,0.0,782.7812659104446,0.0,1.0,228.62248550227366,0.0,0.0,1.0,36.61231932104638,14.272155611123805,1.000000,35.000000,124.145863046,0
frame_1040.jpg,frame_1040,1040,D:\visualization2026\visualization\left_downsample2_Q45\frame_1040.jpg,D:\visualization2026\visualization\right_downsample2_Q45\frame_1040.jpg,D:\visualization2026\dowsample2_Q45\stitched_frames\frame_1040.jpg,D:\visualization2026\dowsample2_Q45_hess_matched\stitched_frames\frame_1040.jpg,2326,1436,4.709785155175812,2.3828901280840533,164.842480431,12.4113895945,42.3595246445625,28.070673824875684,-6.566986890607481,-15.65928423040896,-12.804714225010137,11.950887177718055,17.51526222237974,0,1,16.980532954832288,28.306020693211345,fused,-6.402357112505069,5.975443588859028,6.402357112505069,-5.975443588859028,3,7,731.5330033003299,111.11881188118812,689.1734786557674,83.04813805631244,12,12,12,1.306387838966673,0.05096155781622343,-6.355810624214268,-0.06462890872057366,1.1244482888438045,109.87446023005604,5.366246318428681e-05,1.024294641640039e-05,1.0,1.0,0.0,732.4023571125051,0.0,1.0,184.02455641114096,0.0,0.0,1.0,35.79253775395502,12.411389594466723,1.000000,35.000000,129.049942677,0
frame_1042.jpg,frame_1042,1042,D:\visualization2026\visualization\left_downsample2_Q45\frame_1042.jpg,D:\visualization2026\visualization\right_downsample2_Q45\frame_1042.jpg,D:\visualization2026\dowsample2_Q45\stitched_frames\frame_1042.jpg,D:\visualization2026\dowsample2_Q45_hess_matched\stitched_frames\frame_1042.jpg,2425,1480,4.848990317331243,2.3126100139698487,169.714661107,9.13692383991,40.20348389355763,-30.940622082166215,-6.2190392917048385,40.077545922076474,-10.723913229456155,12.516322289678559,16.482130888086317,0,1,40.55719587012787,27.926957179579745,fused,-5.3619566147280775,6.2581611448392795,5.3619566147280775,-6.2581611448392795,0,3,1678.5877976190477,279.2554563492063,1638.38431372549,310.19607843137254,12,12,12,1.5068630568535455,0.1757649849204319,-4.828061986374982,-0.020627041143971212,1.3435711575603615,40.649245899766925,0.00010666672351321565,9.330803432337194e-05,1.0,1.0,0.0,830.3619566147281,0.0,1.0,252.74183885516072,0.0,0.0,1.0,33.98444460185279,9.136923839910262,1.000000,35.000000,135.730216505,0
frame_1044.jpg,frame_1044,1044,D:\visualization2026\visualization\left_downsample2_Q45\frame_1044.jpg,D:\visualization2026\visualization\right_downsample2_Q45\frame_1044.jpg,D:\visualization2026\dowsample2_Q45\stitched_frames\frame_1044.jpg,D:\visualization2026\dowsample2_Q45_hess_matched\stitched_frames\frame_1044.jpg,2314,1479,4.9270997882793495,2.3342279276859514,172.44849259,8.87951406808,80.92388243617921,-5.28871059426217,-46.710448394942084,14.16822466234373,-7.15539728572777,6.506997406333032,9.671645442354944,0,1,48.81193070694083,40.290153528136344,fused,-3.577698642863885,3.253498703166516,3.577698642863885,-3.253498703166516,1,3,459.2171382000232,160.1748748399115,378.293255763844,165.46358543417367,12,12,12,1.251657906101039,0.1123858879092542,-3.1599104109330995,-0.11119307745311433,1.1397852111326863,180.98143570802236,1.559335955994829e-05,3.733639905858496e-05,1.0,1.0,0.0,717.5776986428639,0.0,1.0,271.74650129683346,0.0,0.0,1.0,34.21343404123713,8.87951406808156,1.000000,35.000000,138.235058549,0
frame_1046.jpg,frame_1046,1046,D:\visualization2026\visualization\left_downsample2_Q45\frame_1046.jpg,D:\visualization2026\visualization\right_downsample2_Q45\frame_1046.jpg,D:\visualization2026\dowsample2_Q45\stitched_frames\frame_1046.jpg,D:\visualization2026\dowsample2_Q45_hess_matched\stitched_frames\frame_1046.jpg,2301,1494,4.896289597926387,2.4314090098408663,171.370135927,11.716570951,36.78158933149001,20.50108010023328,-0.5054047860665847,-8.784509149220888,-2.2186420902752113,9.75634534321239,10.00543088431292,0,1,8.799036026209036,18.61984069131944,fused,-1.1093210451376057,4.878172671606195,1.1093210451376057,-4.878172671606195,2,11,467.88957055214723,204.75460122699386,431.1079812206572,184.25352112676057,12,12,12,1.229820521906164,0.10915548085780528,-1.3517623138588282,-0.12172781482823831,1.1387564914714943,199.2122589353307,6.434582730494981e-06,3.699957110554007e-05,1.0,1.0,0.0,702.1093210451376,0.0,1.0,285.1218273283938,0.0,0.0,1.0,36.276184545423426,11.716570951012393,1.000000,35.000000,135.093951382,0
frame_1048.jpg,frame_1048,1048,D:\visualization2026\visualization\left_downsample2_Q45\frame_1048.jpg,D:\visualization2026\visualization\right_downsample2_Q45\frame_1048.jpg,D:\visualization2026\dowsample2_Q45\stitched_frames\frame_1048.jpg,D:\visualization2026\dowsample2_Q45_hess_matched\stitched_frames\frame_1048.jpg,2324,1479,4.815312784686668,2.5196436693657915,168.535947464,14.8467353171,14.067547018807488,12.113725490196089,24.22489293468213,2.7330098268748024,-6.449356126021948,2.128740751836618,6.7915927166451,0,1,24.37857215692926,30.680200399494666,fused,-3.224678063010974,1.064370375918309,3.224678063010974,-1.064370375918309,5,4,361.4557823129251,234.0,347.38823529411764,221.8862745098039,12,12,12,1.3006103522718813,0.11093478864161589,-3.461622299862488,-0.09248868930707625,1.1754931153416477,149.24489066113438,3.663545288768971e-05,4.4667683966578745e-05,1.0,1.0,0.0,727.224678063011,0.0,1.0,266.9356296240817,0.0,0.0,1.0,38.29243995348962,14.846735317070891,1.000000,35.000000,130.243507511,0
frame_1050.jpg,frame_1050,1050,D:\visualization2026\visualization\left_downsample2_Q45\frame_1050.jpg,D:\visualization2026\visualization\right_downsample2_Q45\frame_1050.jpg,D:\visualization2026\dowsample2_Q45\stitched_frames\frame_1050.jpg,D:\visualization2026\dowsample2_Q45_hess_matched\stitched_frames\frame_1050.jpg,2296,1450,4.76258080582835,2.574646643395088,166.690328204,16.8215552054,21.438623509492572,16.23409975143204,18.116789086655317,0.587455453987829,4.887873950932514,0.5275559777290575,4.916261493232666,0,1,18.126311006952662,13.229050745061487,fused,2.443936975466257,0.26377798886452875,-2.443936975466257,-0.26377798886452875,3,5,1971.3114305270362,629.0564681724846,1949.8728070175437,612.8223684210526,12,12,12,1.2565434702166505,0.08181512628167165,2.2928889744216425,-0.09372149524146461,1.1060221677522344,149.88201859476183,3.156572247744058e-05,1.5495668800282777e-05,1.0,1.0,0.0,693.5560630245337,0.0,1.0,238.73622201113548,0.0,0.0,1.0,39.55541259614789,16.82155520541987,1.000000,35.000000,127.134915608,0
frame_1052.jpg,frame_1052,1052,D:\visualization2026\visualization\left_downsample2_Q45\frame_1052.jpg,D:\visualization2026\visualization\right_downsample2_Q45\frame_1052.jpg,D:\visualization2026\dowsample2_Q45\stitched_frames\frame_1052.jpg,D:\visualization2026\dowsample2_Q45_hess_matched\stitched_frames\frame_1052.jpg,2364,1505,4.799379402224833,2.5600510813330892,167.978279078,16.0590250616,66.531179245283,14.119502096436065,-27.372609470438526,1.9395229651976145,8.491245438416517,-0.7420301826519102,8.52360592046557,0,1,27.44123719065286,35.96396552395394,fused,4.245622719208258,-0.3710150913259551,-4.245622719208258,0.3710150913259551,4,2,539.3425,238.5325,472.811320754717,224.41299790356393,12,12,12,1.3548104201702544,0.15742486403310008,4.201302748916364,-0.08413507503501676,1.2658419734861686,133.8717951125566,4.188144984830447e-05,8.213107584719366e-05,1.0,1.0,0.0,759.7543772807917,0.0,1.0,299.37101509132594,0.0,0.0,1.0,39.15856977484447,16.05902506163368,1.000000,35.000000,128.819709303,0
frame_1054.jpg,frame_1054,1054,D:\visualization2026\visualization\left_downsample2_Q45\frame_1054.jpg,D:\visualization2026\visualization\right_downsample2_Q45\frame_1054.jpg,D:\visualization2026\dowsample2_Q45\stitched_frames\frame_1054.jpg,D:\visualization2026\dowsample2_Q45_hess_matched\stitched_frames\frame_1054.jpg,2343,1478,4.878316290350089,2.500416122145662,170.741070162,13.6902975738,27.754652721909338,7.527996781979084,9.975701989830227,6.162300791805929,-3.098754643038418,-3.389086139769348,4.592187409125291,0,1,11.725552491827187,16.191677138623717,fused,-1.549377321519209,-1.694543069884674,1.549377321519209,1.694543069884674,2,1,620.2030303030302,279.55454545454546,592.4483775811209,272.0265486725664,12,12,12,1.3359140638024143,0.1239725874444935,-1.4821735443763868,-0.07908560945492298,1.2049383768345494,125.11311054561253,4.949940141142689e-05,5.361852296187443e-05,1.0,1.0,0.0,744.5493773215192,0.0,1.0,266.6945430698847,0.0,0.0,1.0,37.730354711739565,13.690297573785013,1.000000,35.000000,133.010715451,0
frame_1056.jpg,frame_1056,1056,D:\visualization2026\visualization\left_downsample2_Q45\frame_1056.jpg,D:\visualization2026\visualization\right_downsample2_Q45\frame_1056.jpg,D:\visualization2026\dowsample2_Q45\stitched_frames\frame_1056.jpg,D:\visualization2026\dowsample2_Q45_hess_matched\stitched_frames\frame_1056.jpg,2316,1442,4.916970801399835,2.4578100549275064,172.093978049,12.1835020779,19.24651751794005,27.31594202898549,17.51145265135343,-15.132439951125729,1.8068692361448413,-7.380050640222816,7.598021050825,0,1,23.143934687840336,17.513808274417258,fused,0.9034346180724206,-3.690025320111408,-0.9034346180724206,3.690025320111408,6,1,404.69579288025886,258.66666666666663,385.4492753623188,231.35072463768114,12,12,12,1.3028329486873915,0.08566673557918544,1.4741695574404012,-0.07378671067822301,1.1287770582994388,114.33552034996669,5.364289841269992e-05,1.7462488030160002e-05,1.0,1.0,0.0,715.0965653819276,0.0,1.0,228.6900253201114,0.0,0.0,1.0,36.75797016929348,12.18350207785976,1.000000,35.000000,135.33600788,0
frame_1058.jpg,frame_1058,1058,D:\visualization2026\visualization\left_downsample2_Q45\frame_1058.jpg,D:\visualization2026\visualization\right_downsample2_Q45\frame_1058.jpg,D:\visualization2026\dowsample2_Q45\stitched_frames\frame_1058.jpg,D:\visualization2026\dowsample2_Q45_hess_matched\stitched_frames\frame_1058.jpg,2318,1485,4.898789593909608,2.4562970088000107,171.457635787,12.3344795237,70.50144927536223,22.83674948240173,-33.72510747259254,-10.502269958712384,8.106958528138552,-3.2933115846674292,8.750353008345611,0,1,35.32252182848203,42.44868462895211,fused,4.053479264069276,-1.6466557923337146,-4.053479264069276,1.6466557923337146,0,1,658.1014492753623,324.4891304347826,587.6,301.6523809523809,12,12,12,1.2753954031708725,0.11078661173572323,4.067711991783719,-0.10253218478596975,1.1601635205338365,162.69259542081085,2.6127866140754536e-05,4.021303616339458e-05,1.0,1.0,0.0,713.9465207359307,0.0,1.0,277.6466557923337,0.0,0.0,1.0,36.77634180276969,12.334479523689344,1.000000,35.000000,134.681293984,0
frame_1060.jpg,frame_1060,1060,D:\visualization2026\visualization\left_downsample2_Q45\frame_1060.jpg,D:\visualization2026\visualization\right_downsample2_Q45\frame_1060.jpg,D:\visualization2026\dowsample2_Q45\stitched_frames\frame_1060.jpg,D:\visualization2026\dowsample2_Q45_hess_matched\stitched_frames\frame_1060.jpg,2337,1462,4.8666794569292335,2.463649124411944,170.333780993,12.8605333731,-5.631943723712311,32.22790042140923,42.644908482571616,-19.367367048279508,6.472926011105927,-6.121516168658832,8.909081397563005,0,1,46.83677108714574,38.52096677708347,raw,3.2364630055529635,-3.060758084329416,-3.2364630055529635,3.060758084329416,0,3,1603.26413470766,646.6318219900367,1608.8960784313724,614.4039215686274,12,12,12,1.3333133722552721,0.11002935516871636,3.5023614036838073,-0.07314619683562491,1.1797295272324082,113.18404994694251,5.512370467697191e-05,4.021315269618415e-05,1.0,1.0,0.0,733.763536994447,0.0,1.0,249.06075808432942,0.0,0.0,1.0,37.012964758859304,12.860533373129723,1.000000,35.000000,133.320816234,0
frame_1062.jpg,frame_1062,1062,D:\visualization2026\visualization\left_downsample2_Q45\frame_1062.jpg,D:\visualization2026\visualization\right_downsample2_Q45\frame_1062.jpg,D:\visualization2026\dowsample2_Q45\stitched_frames\frame_1062.jpg,D:\visualization2026\dowsample2_Q45_hess_matched\stitched_frames\frame_1062.jpg,2337,1487,4.816092925948897,2.463228230904548,168.563252408,13.378656058,33.01341749358676,-8.994562184978747,4.127836989530024,22.373218242974545,-2.976216861171527,1.413992677433046,3.295032943167029,0,1,22.750822683144918,22.13044774560415,raw,-1.4881084305857635,0.706996338716523,1.4881084305857635,-0.706996338716523,0,0,1530.0712406228383,450.60407727080354,1497.0578231292516,459.5986394557823,12,12,12,1.307343879474308,0.12815354683324126,-1.2773641397832685,-0.09116201788728248,1.1992674322676078,146.74397831462898,3.462009181364867e-05,5.482185960129307e-05,1.0,1.0,0.0,738.4881084305857,0.0,1.0,265.2930036612835,0.0,0.0,1.0,37.14125448311678,13.378656057995798,1.000000,35.000000,131.421997925,0
frame_1064.jpg,frame_1064,1064,D:\visualization2026\visualization\left_downsample2_Q45\frame_1064.jpg,D:\visualization2026\visualization\right_downsample2_Q45\frame_1064.jpg,D:\visualization2026\dowsample2_Q45\stitched_frames\frame_1064.jpg,D:\visualization2026\dowsample2_Q45_hess_matched\stitched_frames\frame_1064.jpg,2333,1461,4.712200733229544,2.4344106398298564,164.927025663,13.719378146,35.029837446141755,21.698100274187254,1.8055394046671012,-7.978722128151091,0.6622020280653058,6.416205175433328,6.450286844724909,0,1,8.180463271725722,14.440261508442802,fused,0.3311010140326529,3.208102587716664,-0.3311010140326529,-3.208102587716664,1,4,401.95157657657654,248.46621621621622,366.9217391304348,226.76811594202897,12,12,12,1.3337942071901723,0.10465598009643688,0.15802269798787294,-0.07075566737707488,1.1797448253463818,116.80912913063935,5.595813002251953e-05,3.879171312960962e-05,1.0,1.0,0.0,732.6688989859673,0.0,1.0,228.79189741228333,0.0,0.0,1.0,36.835376850808856,13.719378146036163,1.000000,35.000000,128.091648812,0
frame_1066.jpg,frame_1066,1066,D:\visualization2026\visualization\left_downsample2_Q45\frame_1066.jpg,D:\visualization2026\visualization\right_downsample2_Q45\frame_1066.jpg,D:\visualization2026\dowsample2_Q45\stitched_frames\frame_1066.jpg,D:\visualization2026\dowsample2_Q45_hess_matched\stitched_frames\frame_1066.jpg,2306,1486,4.561865016717395,2.3910730259657598,159.665275585,14.1700391369,66.09366934349555,-8.375065142471726,-29.734261710033834,22.54510427933367,-11.983730337881926,15.904985434351152,19.914275143172897,0,1,37.314984207511245,18.951847990875223,raw,-5.991865168940963,7.952492717175576,5.991865168940963,-7.952492717175576,0,0,1558.3463081785305,669.9216476230273,1492.252638835035,678.296712765499,12,12,12,1.2444722079138475,0.10802841851767335,-5.576938111925502,-0.11324353062542074,1.1444956168564508,188.7907712021629,1.2900810523038087e-05,3.792458931464806e-05,1.0,1.0,0.0,711.991865168941,0.0,1.0,260.0475072828244,0.0,0.0,1.0,36.359407633461714,14.170039136861945,1.000000,35.000000,123.305867952,0
frame_1068.jpg,frame_1068,1068,D:\visualization2026\visualization\left_downsample2_Q45\frame_1068.jpg,D:\visualization2026\visualization\right_downsample2_Q45\frame_1068.jpg,D:\visualization2026\dowsample2_Q45\stitched_frames\frame_1068.jpg,D:\visualization2026\dowsample2_Q45_hess_matched\stitched_frames\frame_1068.jpg,2325,1460,4.453544340374908,2.3773180420496622,155.874051913,14.9468633271,51.90532090221927,0.43807079577425156,-15.533013026408376,14.508792531289025,-15.689048397643624,13.510940911928218,20.704872951776828,0,1,21.255106548652268,1.0099776687320894,raw,-7.844524198821812,6.755470455964109,7.844524198821812,-6.755470455964109,0,0,1564.60230776221,651.1085888444073,1512.6969868599908,650.6705180486331,12,12,12,1.2988325265483158,0.11014963229852626,-7.497041080012121,-0.07499510586872288,1.171363439235402,126.86622355376967,4.390922362750485e-05,3.7565858420529006e-05,1.0,1.0,0.0,732.8445241988218,0.0,1.0,231.24452954403588,0.0,0.0,1.0,36.3723078758109,14.946863327063276,1.000000,35.000000,119.501744037,0
frame_1070.jpg,frame_1070,1070,D:\visualization2026\visualization\left_downsample2_Q45\frame_1070.jpg,D:\visualization2026\visualization\right_downsample2_Q45\frame_1070.jpg,D:\visualization2026\dowsample2_Q45\stitched_frames\frame_1070.jpg,D:\visualization2026\dowsample2_Q45_hess_matched\stitched_frames\frame_1070.jpg,2345,1490,4.471414085116404,2.4260290429972358,156.499492979,16.0205334911,57.90086449783894,-12.056000755208288,-20.584753347164543,28.076534246309606,-15.529571538174942,24.447114102857736,28.962544434449104,0,1,34.81413284354212,6.223146607595997,raw,-7.764785769087471,12.223557051428868,7.764785769087471,-12.223557051428868,0,0,1581.505822303746,678.8424457350104,1523.6049578059071,690.8984464902187,12,12,12,1.3162600396255788,0.13641548482584165,-7.320121829557397,-0.08478633181379429,1.2191826886228883,148.9868506724198,3.628170614142086e-05,6.084397153909401e-05,1.0,1.0,0.0,752.7647857690874,0.0,1.0,258.7764429485711,0.0,0.0,1.0,37.316111150674395,16.020533491101318,1.000000,35.000000,119.183381828,0
frame_1072.jpg,frame_1072,1072,D:\visualization2026\visualization\left_downsample2_Q45\frame_1072.jpg,D:\visualization2026\visualization\right_downsample2_Q45\frame_1072.jpg,D:\visualization2026\dowsample2_Q45\stitched_frames\frame_1072.jpg,D:\visualization2026\dowsample2_Q45_hess_matched\stitched_frames\frame_1072.jpg,2283,1463,4.586107976241838,2.50783108769226,160.513779168,16.9379850601,53.070710132172735,6.534989429207144,-14.398753309278462,10.402995630859877,-13.98223985675265,24.27395512238936,28.012995710839906,0,1,17.76362617702667,13.877211559668131,raw,-6.991119928376325,12.13697756119468,6.991119928376325,-12.13697756119468,0,0,1519.1892116612248,648.4678258206444,1466.118501529052,641.9328363914373,12,12,12,1.255224558328689,0.0721919437998648,-6.801035633448951,-0.0859730281691785,1.1262311852006377,150.02252367986273,3.398139580848748e-05,1.4731139488290957e-05,1.0,1.0,0.0,689.9911199283763,0.0,1.0,213.86302243880533,0.0,0.0,1.0,38.67195682289427,16.93798506006702,1.000000,35.000000,121.841822346,0
frame_1074.jpg,frame_1074,1074,D:\visualization2026\visualization\left_downsample2_Q45\frame_1074.jpg,D:\visualization2026\visualization\right_downsample2_Q45\frame_1074.jpg,D:\visualization2026\dowsample2_Q45\stitched_frames\frame_1074.jpg,D:\visualization2026\dowsample2_Q45_hess_matched\stitched_frames\frame_1074.jpg,2386,1468,4.69060259381742,2.573499548555205,164.171090784,17.5445912391,37.12386275648464,-29.1575525874307,2.6029237020105143,46.702143826496496,-10.8092437832611,25.85599506238691,28.02449342686046,0,1,46.77462399409805,24.78806476811703,fused,-5.40462189163055,12.927997531193455,5.40462189163055,-12.927997531193455,0,2,1657.9224738675957,320.5415214866434,1620.798611111111,349.6990740740741,12,12,12,1.4548775213491931,0.14873225859882483,-5.306081114579807,-0.02266592454216905,1.3317685204332126,51.06390769801385,8.763349921167321e-05,9.472361938068217e-05,1.0,1.0,0.0,791.4046218916305,0.0,1.0,229.07200246880655,0.0,0.0,1.0,39.726786458495155,17.544591239065795,1.000000,35.000000,124.444304325,0
frame_1076.jpg,frame_1076,1076,D:\visualization2026\visualization\left_downsample2_Q45\frame_1076.jpg,D:\visualization2026\visualization\right_downsample2_Q45\frame_1076.jpg,D:\visualization2026\dowsample2_Q45\stitched_frames\frame_1076.jpg,D:\visualization2026\dowsample2_Q45_hess_matched\stitched_frames\frame_1076.jpg,2347,1488,4.69760476720354,2.5925572105043173,164.416166852,17.9645400827,62.09361348373204,-3.7147692942992308,-21.99760330292237,21.679309376991785,-7.773768475787064,25.000459322640882,26.181184897902583,0,1,30.885061213085933,14.606420305848804,fused,-3.886884237893532,12.500229661320441,3.886884237893532,-12.500229661320441,0,1,1671.4982993197277,326.34353741496597,1609.4046858359957,330.0583067092652,12,12,12,1.321419007633924,0.12631381357835317,-3.647364602525449,-0.0866206351484237,1.2111026013429063,151.65624660500814,3.9243313352614266e-05,5.820507176056611e-05,1.0,1.0,0.0,750.8868842378936,0.0,1.0,250.49977033867955,0.0,0.0,1.0,40.09601018080967,17.964540082692555,1.000000,35.000000,124.320156671,0
frame_1078.jpg,frame_1078,1078,D:\visualization2026\visualization\left_downsample2_Q45\frame_1078.jpg,D:\visualization2026\visualization\right_downsample2_Q45\frame_1078.jpg,D:\visualization2026\dowsample2_Q45\stitched_frames\frame_1078.jpg,D:\visualization2026\dowsample2_Q45_hess_matched\stitched_frames\frame_1078.jpg,2324,1450,4.64337625516232,2.5886765179752516,162.518168931,18.4312164025,39.83171648990151,-3.9877758288000678,0.33196734104936354,22.41899223127677,-7.390322828417183,25.85352150275598,26.889058101794678,0,1,22.421449885802918,8.451612673217294,raw,-3.6951614142085916,12.92676075137799,3.6951614142085916,-12.92676075137799,0,0,1532.4576459693928,631.9709672750618,1492.6259294794913,635.9587431038618,12,12,12,1.3122249175909562,0.0816454526882557,-3.9245133982770355,-0.07025849076517679,1.1420364500269593,126.11531862745741,5.5451377722982464e-05,1.9221003106020308e-05,1.0,1.0,0.0,727.6951614142085,0.0,1.0,203.073239248622,0.0,0.0,1.0,40.16368383095087,18.431216402476704,1.000000,35.000000,122.3544851,0
frame_1080.jpg,frame_1080,1080,D:\visualization2026\visualization\left_downsample2_Q45\frame_1080.jpg,D:\visualization2026\visualization\right_downsample2_Q45\frame_1080.jpg,D:\visualization2026\dowsample2_Q45\stitched_frames\frame_1080.jpg,D:\visualization2026\dowsample2_Q45_hess_matched\stitched_frames\frame_1080.jpg,2324,1450,4.605172917227467,2.568300990388991,161.181052103,18.3034536213,45.25940967010956,-5.495401926290583,-5.407376809794364,23.7988555475795,-7.025650540312061,19.71255966253375,20.92713009381697,0,1,24.405434831972517,4.395068136789859,raw,-3.5128252701560303,9.856279831266875,3.5128252701560303,-9.856279831266875,0,0,1532.4382808936598,627.8689553519579,1487.1788712235502,633.3643572782485,12,12,12,1.3122350283813524,0.08164895737184687,-3.7421772542244742,-0.07042875316246908,1.141977432303657,123.0448377073463,5.5451377722982464e-05,1.9221003106020308e-05,1.0,1.0,0.0,727.512825270156,0.0,1.0,206.14372016873313,0.0,0.0,1.0,39.8520328603152,18.303453621288917,1.000000,35.000000,121.329019243,0
frame_1082.jpg,frame_1082,1082,D:\visualization2026\visualization\left_downsample2_Q45\frame_1082.jpg,D:\visualization2026\visualization\right_downsample2_Q45\frame_1082.jpg,D:\visualization2026\dowsample2_Q45\stitched_frames\frame_1082.jpg,D:\visualization2026\dowsample2_Q45_hess_matched\stitched_frames\frame_1082.jpg,2361,1498,4.66240584989518,2.5244306827810554,163.184204746,16.5696560411,51.28515906410746,1.9013495097071882,-12.481525072429058,14.66830653143537,-5.582080074557281,13.66322286165087,14.75951479303803,0,1,19.260002197139666,6.972268960813642,fused,-2.7910400372786404,6.831611430825435,2.7910400372786404,-6.831611430825435,5,3,472.26003490401393,295.3787085514834,420.9748758399065,293.4773590417762,12,12,12,1.3627486789622618,0.12803562294562953,-2.219036098720472,-0.07469380264871875,1.2451017746585362,127.0803063777482,5.436345738735913e-05,6.431219006301607e-05,1.0,1.0,0.0,763.7910400372787,0.0,1.0,260.16838856917457,0.0,0.0,1.0,38.8036339916784,16.569656041142558,1.000000,35.000000,124.380570755,0
frame_1084.jpg,frame_1084,1084,D:\visualization2026\visualization\left_downsample2_Q45\frame_1084.jpg,D:\visualization2026\visualization\right_downsample2_Q45\frame_1084.jpg,D:\visualization2026\dowsample2_Q45\stitched_frames\frame_1084.jpg,D:\visualization2026\dowsample2_Q45_hess_matched\stitched_frames\frame_1084.jpg,2412,1493,4.805569027279066,2.4459210593514555,168.194915955,13.0408353261,32.39092783989895,-2.956499299301754,4.4262851425361305,15.997334625385328,-6.672856131943381,9.470296437951962,11.585056045626192,0,1,16.59839496094693,12.87606945193556,raw,-3.3364280659716905,4.735148218975981,3.3364280659716905,-4.735148218975981,0,0,1594.0325933316983,659.8525612768532,1561.6416654917994,662.8090605761549,12,12,12,1.42692105608017,0.15181301255023838,-3.456109907797386,-0.04594469517166727,1.281781318796732,78.98708224103211,8.360844269384696e-05,6.637720502684525e-05,1.0,1.0,0.0,815.3364280659717,0.0,1.0,238.26485178102402,0.0,0.0,1.0,36.81721298243508,13.040835326083574,1.000000,35.000000,131.377702972,0
frame_1086.jpg,frame_1086,1086,D:\visualization2026\visualization\left_downsample2_Q45\frame_1086.jpg,D:\visualization2026\visualization\right_downsample2_Q45\frame_1086.jpg,D:\visualization2026\dowsample2_Q45\stitched_frames\frame_1086.jpg,D:\visualization2026\dowsample2_Q45_hess_matched\stitched_frames\frame_1086.jpg,2295,1432,4.917087187460229,2.377874350360866,172.098051561,10.113705785,49.9092685495757,18.681080412396682,-14.779750974148477,-8.567374627422618,-7.10245216238686,5.517971952690646,8.994044762490033,0,1,17.083352916346595,16.041755057567258,raw,-3.55122608119343,2.758985976345323,3.55122608119343,-2.758985976345323,0,0,1492.5318370730063,627.7307414792991,1442.6225685234306,609.0496610669024,12,12,12,1.2968152554932033,0.06088532794323431,-3.510743977068113,-0.06261147948562451,1.1345285773329268,103.25666924640731,5.255149089077516e-05,1.707387334702541e-05,1.0,1.0,0.0,698.5512260811935,0.0,1.0,191.24101402365469,0.0,0.0,1.0,35.12951757542722,10.113705784974064,1.000000,35.000000,136.968533986,0
frame_1088.jpg,frame_1088,1088,D:\visualization2026\visualization\left_downsample2_Q45\frame_1088.jpg,D:\visualization2026\visualization\right_downsample2_Q45\frame_1088.jpg,D:\visualization2026\dowsample2_Q45\stitched_frames\frame_1088.jpg,D:\visualization2026\dowsample2_Q45_hess_matched\stitched_frames\frame_1088.jpg,2359,1505,4.866522277683966,2.345374474693376,170.328279719,9.80146125559,39.72627411924668,8.347101142807787,-5.121912945881135,1.454360112782238,-9.395020475283518,4.1675345965883395,10.27787693761495,0,1,5.324392506458998,5.061695737340583,fused,-4.697510237641759,2.0837672982941697,4.697510237641759,-2.0837672982941697,1,0,1604.3763102725366,483.3637316561845,1564.6500361532899,475.0166305133767,12,12,12,1.3806391729586756,0.13516878435905758,-4.630203313476195,-0.07051686225737422,1.2928580017427245,114.79012953701874,5.090419469812519e-05,8.805014720210258e-05,1.0,1.0,0.0,763.6975102376417,0.0,1.0,269.91623270170584,0.0,0.0,1.0,34.60436117336555,9.801461255590025,1.000000,35.000000,135.723918546,0
frame_1090.jpg,frame_1090,1090,D:\visualization2026\visualization\left_downsample2_Q45\frame_1090.jpg,D:\visualization2026\visualization\right_downsample2_Q45\frame_1090.jpg,D:\visualization2026\dowsample2_Q45\stitched_frames\frame_1090.jpg,D:\visualization2026\dowsample2_Q45_hess_matched\stitched_frames\frame_1090.jpg,2359,1505,4.633576250476786,2.299357758892196,162.175168767,11.0466993621,41.85268400243319,7.009466240875895,-7.555356962011757,4.0372331212729105,-0.9101881703446342,1.55406296085798,1.8009870048798198,0,1,8.56636854792756,7.093969432928354,fused,-0.4550940851723171,0.77703148042899,0.4550940851723171,-0.77703148042899,1,6,653.609375,355.58854166666663,611.7566909975668,348.57907542579073,12,12,12,1.3808551297364913,0.1355423297257751,-0.38778716100675314,-0.07058338059186584,1.2927429434616071,113.48339371915357,5.090419469812519e-05,8.805014720210258e-05,1.0,1.0,0.0,759.4550940851723,0.0,1.0,271.222968519571,0.0,0.0,1.0,34.297327040421436,11.046699362148805,1.000000,35.000000,127.877841726,0
frame_1092.jpg,frame_1092,1092,D:\visualization2026\visualization\left_downsample2_Q45\frame_1092.jpg,D:\visualization2026\visualization\right_downsample2_Q45\frame_1092.jpg,D:\visualization2026\dowsample2_Q45\stitched_frames\frame_1092.jpg,D:\visualization2026\dowsample2_Q45_hess_matched\stitched_frames\frame_1092.jpg,2359,1505,4.399512571714432,2.262129365430102,153.98294001,12.5310499773,58.116684714997746,4.614930226385354,-23.94436663691235,7.916119750923837,5.698508089014078,1.0285537068647486,5.790588672014625,0,1,25.218993745862416,30.432525166805387,raw,2.849254044507039,0.5142768534323743,-2.849254044507039,-0.5142768534323743,0,0,1552.0744391009625,689.1816670684906,1493.9577543859648,684.5667368421052,12,12,12,1.3810233349170349,0.13583327806500034,2.916560968672603,-0.0705967559045563,1.292719807878022,113.22063909215696,5.090419469812519e-05,8.805014720210258e-05,1.0,1.0,0.0,756.150745955493,0.0,1.0,271.48572314656764,0.0,0.0,1.0,34.1723180780854,12.531049977309191,1.000000,35.000000,119.810621932,0
frame_1094.jpg,frame_1094,1094,D:\visualization2026\visualization\left_downsample2_Q45\frame_1094.jpg,D:\visualization2026\visualization\right_downsample2_Q45\frame_1094.jpg,D:\visualization2026\dowsample2_Q45\stitched_frames\frame_1094.jpg,D:\visualization2026\dowsample2_Q45_hess_matched\stitched_frames\frame_1094.jpg,2359,1505,4.331051510033799,2.271041583410007,151.586802851,13.4776202746,-12.311381423490047,10.547643827825084,46.85044666723055,2.92997644673353,7.63034617150694,1.5482036045107739,7.785827964837829,0,1,46.94197604380782,39.244433733743236,raw,3.81517308575347,0.7741018022553869,-3.81517308575347,-0.7741018022553869,1,1,1599.5445325550045,482.5497943654595,1611.8559139784945,472.0021505376344,12,12,12,1.381072504247973,0.1359183273787674,3.8824800099190337,-0.070583529724774,1.2927426855030126,113.48046404097997,5.090419469812519e-05,8.805014720210258e-05,1.0,1.0,0.0,755.1848269142465,0.0,1.0,271.22589819774464,0.0,0.0,1.0,34.5390652437405,13.477620274558614,1.000000,35.000000,117.047737607,0
frame_1096.jpg,frame_1096,1096,D:\visualization2026\visualization\left_downsample2_Q45\frame_1096.jpg,D:\visualization2026\visualization\right_downsample2_Q45\frame_1096.jpg,D:\visualization2026\dowsample2_Q45\stitched_frames\frame_1096.jpg,D:\visualization2026\dowsample2_Q45_hess_matched\stitched_frames\frame_1096.jpg,2376,1495,4.3836815939620415,2.3478335244463153,153.428855789,14.914459738,17.697048788296797,26.10938063535241,18.263730322645088,-11.194920897388773,11.696447988354215,-5.142334945139369,12.776952071299199,0,1,21.421720266988306,8.931013042631603,raw,5.848223994177108,-2.5711674725696847,-5.848223994177108,2.5711674725696847,0,0,1510.9078292971367,651.5874746413895,1493.21078050884,625.478094006037,12,12,12,1.3513580415687598,0.09964276031543984,5.9070616128161255,-0.07687648227928522,1.200947073815864,120.16014032614517,6.194206620201938e-05,3.8403788488829565e-05,1.0,1.0,0.0,770.1517760058229,0.0,1.0,212.5711674725697,0.0,0.0,1.0,35.960779110941886,14.914459737963636,1.000000,35.000000,117.468076678,0
frame_1098.jpg,frame_1098,1098,D:\visualization2026\visualization\left_downsample2_Q45\frame_1098.jpg,D:\visualization2026\visualization\right_downsample2_Q45\frame_1098.jpg,D:\visualization2026\dowsample2_Q45\stitched_frames\frame_1098.jpg,D:\visualization2026\dowsample2_Q45_hess_matched\stitched_frames\frame_1098.jpg,2312,1452,4.4713850386759155,2.4256427731206216,156.498476354,16.0108413413,32.77104468959402,11.95823174023991,4.53727746658317,4.052609601012364,16.76452154347918,-10.764736292382635,19.923070296174668,0,1,6.083628143384585,19.210914528998824,fused,8.38226077173959,-5.382368146191317,-8.38226077173959,5.382368146191317,5,1,443.727952167414,322.083707025411,410.95690747782,310.1254752851711,12,12,12,1.2531260409966627,0.048358427016454174,8.55946109564689,-0.09024808290790139,1.0855452308578086,138.12803313746414,4.0933586326074155e-05,-3.356188497261904e-06,1.0,1.0,0.0,703.6177392282605,0.0,1.0,179.3823681461913,0.0,0.0,1.0,37.30832215617719,16.010841341252274,1.000000,35.000000,119.190154197,0
frame_1100.jpg,frame_1100,1100,D:\visualization2026\visualization\left_downsample2_Q45\frame_1100.jpg,D:\visualization2026\visualization\right_downsample2_Q45\frame_1100.jpg,D:\visualization2026\dowsample2_Q45\stitched_frames\frame_1100.jpg,D:\visualization2026\dowsample2_Q45_hess_matched\stitched_frames\frame_1100.jpg,2312,1452,4.525029261282032,2.4387577041768083,158.376024145,15.789239269,24.65516099774868,45.204698895999854,12.775152122224618,-29.415459626977807,7.3586427535952765,-16.69476643649014,18.24458411540252,0,1,32.06982657908117,13.82586738642349,raw,3.6793213767976383,-8.34738321824507,-3.6793213767976383,8.34738321824507,0,2,1441.6311235073435,632.8907571515648,1416.9759625095949,587.686058255565,12,12,12,1.2529335328209537,0.048374210967554794,3.8565217007049384,-0.0903694516083114,1.0855551820072877,135.16301806541037,4.0933586326074155e-05,-3.356188497261904e-06,1.0,1.0,0.0,708.3206786232024,0.0,1.0,182.34738321824506,0.0,0.0,1.0,37.4303131199733,15.789239269022048,1.000000,35.000000,120.945711025,0
frame_1102.jpg,frame_1102,1102,D:\visualization2026\visualization\left_downsample2_Q45\frame_1102.jpg,D:\visualization2026\visualization\right_downsample2_Q45\frame_1102.jpg,D:\visualization2026\dowsample2_Q45\stitched_frames\frame_1102.jpg,D:\visualization2026\dowsample2_Q45_hess_matched\stitched_frames\frame_1102.jpg,2347,1480,4.556467218849743,2.4116773888974805,159.47635266,14.759687721,35.397681848019374,34.95557470627398,1.396001138712478,-20.19588698529249,2.49097314934656,-19.286749633668407,19.446944712796764,0,1,20.24407741296187,1.4231986608306284,raw,1.24548657467328,-9.643374816834204,-1.24548657467328,9.643374816834204,0,0,1486.1998180991593,663.3079258851199,1450.80213625114,628.3523511788459,12,12,12,1.3232895276699463,0.10166486864002346,1.394553234708767,-0.0769650515366689,1.198113383461562,112.43545591009917,5.1990517175411656e-05,4.517023502574962e-05,1.0,1.0,0.0,745.7545134253268,0.0,1.0,221.6433748168342,0.0,0.0,1.0,36.79368298673185,14.759687720981487,1.000000,35.000000,122.682669673,0
frame_1104.jpg,frame_1104,1104,D:\visualization2026\visualization\left_downsample2_Q45\frame_1104.jpg,D:\visualization2026\visualization\right_downsample2_Q45\frame_1104.jpg,D:\visualization2026\dowsample2_Q45\stitched_frames\frame_1104.jpg,D:\visualization2026\dowsample2_Q45_hess_matched\stitched_frames\frame_1104.jpg,2347,1480,4.588236895833845,2.3837334222196738,160.588291354,13.7043175748,36.3175117341259,40.42449184862585,-0.1789472821889717,-26.720174273804005,1.5845582900294986,-18.348545806655366,18.41683898483753,0,1,26.720773479677945,8.555355930364271,raw,0.7922791450147493,-9.174272903327683,-0.7922791450147493,9.174272903327683,0,0,1483.1890268856412,663.1270813803062,1446.8715151515153,622.7025895316804,12,12,12,1.3232659651812908,0.10164439715391037,0.9413458050502364,-0.07694066268557771,1.1981345729052462,112.9045578236057,5.1990517175411656e-05,4.517023502574962e-05,1.0,1.0,0.0,746.2077208549853,0.0,1.0,221.17427290332768,0.0,0.0,1.0,36.13856445193693,13.704317574821841,1.000000,35.000000,124.449726902,0
frame_1106.jpg,frame_1106,1106,D:\visualization2026\visualization\left_downsample2_Q45\frame_1106.jpg,D:\visualization2026\visualization\right_downsample2_Q45\frame_1106.jpg,D:\visualization2026\dowsample2_Q45\stitched_frames\frame_1106.jpg,D:\visualization2026\dowsample2_Q45_hess_matched\stitched_frames\frame_1106.jpg,2372,1512,4.636422392358902,2.3899108899032733,162.274783733,13.3602728327,42.20863888345275,37.515109715999756,-6.0746176985984945,-24.15483688328009,-1.7013927012050147,-12.042648357037223,12.162241428904666,0,1,24.906969407015264,12.877507824617174,raw,-0.8506963506025074,-6.021324178518611,0.8506963506025074,6.021324178518611,0,0,1506.8225849792898,688.3132903659608,1464.613946095837,650.7981806499611,12,12,12,1.3553871005805023,0.1315643469719023,-0.894274117219257,-0.08170575052201208,1.2601937347999153,123.96318754859361,5.087504108284968e-05,7.215373567278061e-05,1.0,1.0,0.0,772.8506963506026,0.0,1.0,250.02132417851863,0.0,0.0,1.0,36.134021184854255,13.360272832719666,1.000000,35.000000,126.140762548,0
frame_1108.jpg,frame_1108,1108,D:\visualization2026\visualization\left_downsample2_Q45\frame_1108.jpg,D:\visualization2026\visualization\right_downsample2_Q45\frame_1108.jpg,D:\visualization2026\dowsample2_Q45\stitched_frames\frame_1108.jpg,D:\visualization2026\dowsample2_Q45_hess_matched\stitched_frames\frame_1108.jpg,2357,1482,4.69896537910299,2.4475523447976286,164.463788269,14.1978699506,37.13365354811492,5.454241214485592,0.005203169997862744,8.743628736077564,-3.1625471607531863,-9.552757374203878,10.062647663234294,0,1,8.743630284232022,18.56858602194774,fused,-1.5812735803765932,-4.776378687101939,1.5812735803765932,4.776378687101939,6,4,580.8952193844138,305.05566470203007,543.7615658362989,299.6014234875445,12,12,12,1.3432043965957674,0.11947252891410304,-1.6527839276889622,-0.07229593415922946,1.227448386329514,110.22128176577263,5.3945644301280804e-05,5.9622148656578996e-05,1.0,1.0,0.0,758.5812735803765,0.0,1.0,226.77637868710195,0.0,0.0,1.0,37.138856718112784,14.197869950563156,1.000000,35.000000,127.32493155,0
frame_1110.jpg,frame_1110,1110,D:\visualization2026\visualization\left_downsample2_Q45\frame_1110.jpg,D:\visualization2026\visualization\right_downsample2_Q45\frame_1110.jpg,D:\visualization2026\dowsample2_Q45\stitched_frames\frame_1110.jpg,D:\visualization2026\dowsample2_Q45_hess_matched\stitched_frames\frame_1110.jpg,2343,1508,4.753441002042603,2.5107275655322177,166.370435071,15.2630354726,41.93283369022129,13.149007851534577,-3.6546028339479477,2.1140276211129088,1.1258070225734924,-4.237930093564364,4.3849165248627315,0,1,4.221994156406268,7.949822966920423,fused,0.5629035112867462,-2.118965046782182,-0.5629035112867462,2.118965046782182,4,6,447.56666666666666,323.4266666666666,405.6338329764454,310.27765881513204,12,12,12,1.3151520336853897,0.12720347779092578,0.24493690512551103,-0.0912849101784981,1.2428259695667034,143.76365599469176,3.407117273480912e-05,7.173703061859796e-05,1.0,1.0,0.0,742.4370964887132,0.0,1.0,259.1189650467822,0.0,0.0,1.0,38.27823085627334,15.263035472647486,1.000000,35.000000,128.092204215,0
frame_1112.jpg,frame_1112,1112,D:\visualization2026\visualization\left_downsample2_Q45\frame_1112.jpg,D:\visualization2026\visualization\right_downsample2_Q45\frame_1112.jpg,D:\visualization2026\dowsample2_Q45\stitched_frames\frame_1112.jpg,D:\visualization2026\dowsample2_Q45_hess_matched\stitched_frames\frame_1112.jpg,2253,1461,4.7750144825195235,2.5290252855697553,167.125506888,15.5109373574,44.50232430954338,23.25736942849329,-5.909771159028381,-7.746432071125769,-1.0631054762194156,3.872753770542495,4.016019798359916,0,1,9.743336440083013,12.589505465432007,fused,-0.5315527381097078,1.9363768852712475,0.5315527381097078,-1.9363768852712475,2,4,617.1652173913044,369.0057971014493,572.662893081761,345.748427672956,12,12,12,1.2369923256397133,0.03267515576512017,-0.3034536870759845,-0.08580240323486962,1.1244728959577153,139.2936526852699,2.9970161227941347e-05,1.469398928102806e-05,1.0,1.0,0.0,653.5315527381097,0.0,1.0,207.06362311472876,0.0,0.0,1.0,38.592553150515,15.510937357367522,1.000000,35.000000,128.532953738,0
frame_1114.jpg,frame_1114,1114,D:\visualization2026\visualization\left_downsample2_Q45\frame_1114.jpg,D:\visualization2026\visualization\right_downsample2_Q45\frame_1114.jpg,D:\visualization2026\dowsample2_Q45\stitched_frames\frame_1114.jpg,D:\visualization2026\dowsample2_Q45_hess_matched\stitched_frames\frame_1114.jpg,2272,1467,4.746155690242595,2.514186619795769,166.115449158,15.428736012,17.10557206047406,15.574773882617023,21.262823634444423,-0.14603787060643114,-8.941743183179323,4.646602301608199,10.076987848719702,0,1,21.263325139054324,30.582433789033583,fused,-4.4708715915896615,2.3233011508040997,4.4708715915896615,-2.3233011508040997,0,1,1536.979012345679,469.2753086419753,1519.8734402852049,453.7005347593583,12,12,12,1.2040778294479544,0.060431519618289034,-4.649585950636924,-0.10538328338650607,1.1067856984053834,170.54309180169244,8.329440877287153e-06,1.6686425793805067e-05,1.0,1.0,0.0,676.4708715915897,0.0,1.0,217.6766988491959,0.0,0.0,1.0,38.36839569491848,15.428736012010592,1.000000,35.000000,127.747053464,0
frame_1116.jpg,frame_1116,1116,D:\visualization2026\visualization\left_downsample2_Q45\frame_1116.jpg,D:\visualization2026\visualization\right_downsample2_Q45\frame_1116.jpg,D:\visualization2026\dowsample2_Q45\stitched_frames\frame_1116.jpg,D:\visualization2026\dowsample2_Q45_hess_matched\stitched_frames\frame_1116.jpg,2293,1469,4.709702551877964,2.495738864787434,164.839589316,15.3325572848,55.110454776422785,-1.0660251524390105,-17.019180192563034,16.398582437254202,-5.744211518774719,2.341261351529944,6.203021093676209,0,1,23.634000938866695,18.020355010433498,fused,-2.8721057593873596,1.170630675764972,2.8721057593873596,-1.170630675764972,1,4,451.0609756097561,307.2764227642276,395.9505208333333,308.34244791666663,12,12,12,1.2616408339254492,0.08611068964078801,-2.344455246522962,-0.08840402449186613,1.1663283655912173,142.69098644932876,2.8662452436230635e-05,4.0628179188899116e-05,1.0,1.0,0.0,695.8721057593874,0.0,1.0,222.82936932423502,0.0,0.0,1.0,38.09127458385975,15.332557284815191,1.000000,35.000000,126.748314732,0
frame_1118.jpg,frame_1118,1118,D:\visualization2026\visualization\left_downsample2_Q45\frame_1118.jpg,D:\visualization2026\visualization\right_downsample2_Q45\frame_1118.jpg,D:\visualization2026\dowsample2_Q45\stitched_frames\frame_1118.jpg,D:\visualization2026\dowsample2_Q45_hess_matched\stitched_frames\frame_1118.jpg,2272,1461,4.719461387505433,2.495343130353522,165.181148563,15.2202622857,77.4447969361799,2.607390894281025,-39.38798536480167,12.612871391406083,-3.674064954848184,1.1498409207354605,3.8497905703351396,0,1,41.35816625328039,37.50846809215242,fused,-1.837032477424092,0.5749204603677303,1.837032477424092,-0.5749204603677303,3,4,537.7414330218068,375.76947040498436,460.29663608562686,373.16207951070334,12,12,12,1.1930158822929386,0.05742524644550384,-1.4763546950776494,-0.10744619336090365,1.0959051106464002,172.49603358986587,3.800800232046306e-06,1.5074828825062002e-05,1.0,1.0,0.0,673.8370324774241,0.0,1.0,215.42507953963226,0.0,0.0,1.0,38.056811571378226,15.220262285687108,1.000000,35.000000,127.124336991,0
frame_1120.jpg,frame_1120,1120,D:\visualization2026\visualization\left_downsample2_Q45\frame_1120.jpg,D:\visualization2026\visualization\right_downsample2_Q45\frame_1120.jpg,D:\visualization2026\dowsample2_Q45\stitched_frames\frame_1120.jpg,D:\visualization2026\dowsample2_Q45_hess_matched\stitched_frames\frame_1120.jpg,2320,1446,4.804961035579325,2.517372236341636,168.173636245,14.8962097186,25.941126503406622,24.308886847870895,12.333055488075068,-9.412677129278364,-6.962137457315788,-1.9637423352744738,7.233784758610723,0,1,15.514597913319525,20.68311147688333,raw,-3.481068728657894,-0.9818711676372369,3.481068728657894,0.9818711676372369,0,0,1410.950618161511,646.4079132190241,1385.0094916581045,622.0990263711532,12,12,12,1.3053142896506613,0.08068891778269593,-2.9964455492625093,-0.06585847792528245,1.1761126245400684,103.9163442436503,5.0043881684389684e-05,4.041612553354914e-05,1.0,1.0,0.0,723.4810687286579,0.0,1.0,193.98187116763722,0.0,0.0,1.0,38.27418199148169,14.89620971859253,1.000000,35.000000,129.899454254,0
frame_1122.jpg,frame_1122,1122,D:\visualization2026\visualization\left_downsample2_Q45\frame_1122.jpg,D:\visualization2026\visualization\right_downsample2_Q45\frame_1122.jpg,D:\visualization2026\dowsample2_Q45\stitched_frames\frame_1122.jpg,D:\visualization2026\dowsample2_Q45_hess_matched\stitched_frames\frame_1122.jpg,2323,1462,4.9299649046464005,2.5433556054559574,172.548771663,14.2613656956,34.024252355574845,27.96489992068689,4.4409616606042945,-13.703534225098187,-4.87157792870194,-9.734911298692271,10.88580587319204,0,1,14.405172360280686,10.122912700126903,raw,-2.43578896435097,-4.867455649346136,2.43578896435097,4.867455649346136,0,0,1421.0004021896193,671.546787070995,1386.9761498340445,643.5818871503081,12,12,12,1.299481438017995,0.08583398930248633,-1.8727987833710604,-0.07285518175058252,1.1822829521969644,111.40420522747979,4.468877811406698e-05,4.1829693646474246e-05,1.0,1.0,0.0,725.435788964351,0.0,1.0,211.86745564934614,0.0,0.0,1.0,38.46521401617914,14.261365695588703,1.000000,35.000000,134.083557646,0
frame_1124.jpg,frame_1124,1124,D:\visualization2026\visualization\left_downsample2_Q45\frame_1124.jpg,D:\visualization2026\visualization\right_downsample2_Q45\frame_1124.jpg,D:\visualization2026\dowsample2_Q45\stitched_frames\frame_1124.jpg,D:\visualization2026\dowsample2_Q45_hess_matched\stitched_frames\frame_1124.jpg,2348,1477,5.050502847783399,2.5527963104316775,176.767599672,13.2451329316,33.508925050203516,28.959087082291262,4.822461122106404,-15.713954150656102,1.273689486870208,-16.152641024215864,16.202780531937876,0,1,16.437289506580758,3.5757833116801976,raw,0.636844743435104,-8.076320512107932,-0.636844743435104,8.076320512107932,0,0,1447.2919296764514,690.4252180781519,1413.783004626248,661.4661309958607,12,12,12,1.3226661403932447,0.11957722486670176,0.9432533959904233,-0.07495876432360485,1.2283230783095254,111.51279709431046,4.2835281684952936e-05,6.584470373560363e-05,1.0,1.0,0.0,747.3631552565649,0.0,1.0,235.07632051210794,0.0,0.0,1.0,38.33138617230992,13.24513293163516,1.000000,35.000000,138.4362135,0
frame_1126.jpg,frame_1126,1126,D:\visualization2026\visualization\left_downsample2_Q45\frame_1126.jpg,D:\visualization2026\visualization\right_downsample2_Q45\frame_1126.jpg,D:\visualization2026\dowsample2_Q45\stitched_frames\frame_1126.jpg,D:\visualization2026\dowsample2_Q45_hess_matched\stitched_frames\frame_1126.jpg,2367,1442,5.1919101191856925,2.517045720038727,181.716854171,10.841194676,43.787018217858986,33.29845705584103,-6.566382549493788,-22.457262379834788,-0.21113637734466417,-14.196954753104421,14.198524670948473,0,1,23.397564261756806,10.422180002131794,raw,-0.10556818867233209,-7.098477376552211,0.10556818867233209,7.098477376552211,0,1,1467.7867162464167,651.3439684660476,1423.9996980285578,618.0455114102066,12,12,12,1.428708712361288,0.1278068551632441,0.3765902348281045,-0.018400070249179543,1.277072006324458,20.716223176112322,0.00010010565814398089,6.842991126921837e-05,1.0,1.0,0.0,767.1055681886724,0.0,1.0,195.0984773765522,0.0,0.0,1.0,37.2206356683652,10.841194676006241,1.000000,35.000000,144.496218503,0
frame_1128.jpg,frame_1128,1128,D:\visualization2026\visualization\left_downsample2_Q45\frame_1128.jpg,D:\visualization2026\visualization\right_downsample2_Q45\frame_1128.jpg,D:\visualization2026\dowsample2_Q45\stitched_frames\frame_1128.jpg,D:\visualization2026\dowsample2_Q45_hess_matched\stitched_frames\frame_1128.jpg,2304,1439,5.33093723515724,2.4686391165395563,186.582803231,8.13463439144,44.52019416557482,27.61041162765673,-8.661648286940938,-19.47577723621186,-0.41383277896154336,-9.411425137738147,9.42051913071634,0,1,21.31501935258833,13.0122113345779,raw,-0.20691638948077168,-4.705712568869074,0.20691638948077168,4.705712568869074,0,0,1404.5412598409155,657.1374824502666,1360.0210656753407,629.5270708226099,12,12,12,1.3083244404100383,0.09323475374619647,-0.19167578428781423,-0.05699781581809275,1.1736954993064297,86.06476901024999,6.132308279895012e-05,3.498515630938247e-05,1.0,1.0,0.0,704.2069163894807,0.0,1.0,196.70571256886907,0.0,0.0,1.0,35.85854587863388,8.134634391444871,1.000000,35.000000,150.724257352,0
frame_1130.jpg,frame_1130,1130,D:\visualization2026\visualization\left_downsample2_Q45\frame_1130.jpg,D:\visualization2026\visualization\right_downsample2_Q45\frame_1130.jpg,D:\visualization2026\dowsample2_Q45\stitched_frames\frame_1130.jpg,D:\visualization2026\dowsample2_Q45_hess_matched\stitched_frames\frame_1130.jpg,2321,1437,5.405262890098491,2.4607047043761234,189.184201153,7.15203811783,30.58692185007976,6.786283891547043,4.908926167000708,0.3657542262788258,3.7796930549125696,-7.831506494061233,8.695894063055137,0,1,4.922533114881512,8.274675264846728,fused,1.8898465274562848,-3.9157532470306164,-1.8898465274562848,3.9157532470306164,4,6,582.2456140350877,299.12280701754383,551.6586921850079,292.3365231259968,12,12,12,1.317674427883313,0.08706007855232259,2.160154771279536,-0.05308677658648338,1.1796094940649104,81.09495451665279,6.286358462715198e-05,3.707725951075155e-05,1.0,1.0,0.0,719.1101534725437,0.0,1.0,190.9157532470306,0.0,0.0,1.0,35.49584801708047,7.152038117825869,1.000000,35.000000,153.688353136,0
frame_1132.jpg,frame_1132,1132,D:\visualization2026\visualization\left_downsample2_Q45\frame_1132.jpg,D:\visualization2026\visualization\right_downsample2_Q45\frame_1132.jpg,D:\visualization2026\dowsample2_Q45\stitched_frames\frame_1132.jpg,D:\visualization2026\dowsample2_Q45_hess_matched\stitched_frames\frame_1132.jpg,2278,1438,5.356180201169497,2.492603637399771,187.466307041,8.49080788567,32.8508825944171,-1.733305966064563,3.4274796525198994,10.224113851733188,7.589272768117151,-9.011307447146024,11.781371866462493,0,1,10.783326055611987,19.680496804766097,fused,3.7946363840585753,-4.505653723573012,-3.7946363840585753,4.505653723573012,1,4,464.9811507936508,298.9563492063492,432.1302681992337,300.6896551724138,12,12,12,1.2263578689330707,0.07020446630874119,3.558897308527347,-0.08734444443614647,1.1142633310240961,134.8811230300016,2.760133316522497e-05,2.2222190422018406e-05,1.0,1.0,0.0,674.2053636159415,0.0,1.0,201.505653723573,0.0,0.0,1.0,36.278362246937,8.490807885668625,1.000000,35.000000,151.187944794,0
frame_1134.jpg,frame_1134,1134,D:\visualization2026\visualization\left_downsample2_Q45\frame_1134.jpg,D:\visualization2026\visualization\right_downsample2_Q45\frame_1134.jpg,D:\visualization2026\dowsample2_Q45\stitched_frames\frame_1134.jpg,D:\visualization2026\dowsample2_Q45_hess_matched\stitched_frames\frame_1134.jpg,2351,1450,5.261008203719932,2.539550842139427,184.13528713,10.7009817469,11.701985981308553,18.51534267912757,25.790090291476965,-7.81436093227153,10.547083608687052,-11.783203629238637,15.814071595156564,0,1,26.94796827262393,15.751221066471228,fused,5.273541804343526,-5.891601814619318,-5.273541804343526,5.891601814619318,8,7,1755.3644859813085,624.0903426791276,1743.6625,605.575,12,12,12,1.3685342894942012,0.11399434068340986,5.238705605118898,-0.044386235567466285,1.2372172581885588,63.907234408686804,7.380834380691719e-05,6.0097928659403815e-05,1.0,1.0,0.0,745.7264581956565,0.0,1.0,205.89160181461932,0.0,0.0,1.0,37.49207627278552,10.70098174685604,1.000000,35.000000,146.643210857,0
frame_1136.jpg,frame_1136,1136,D:\visualization2026\visualization\left_downsample2_Q45\frame_1136.jpg,D:\visualization2026\visualization\right_downsample2_Q45\frame_1136.jpg,D:\visualization2026\dowsample2_Q45\stitched_frames\frame_1136.jpg,D:\visualization2026\dowsample2_Q45_hess_matched\stitched_frames\frame_1136.jpg,2264,1436,5.243101433852468,2.595216899114533,183.508550185,12.3287722117,26.192818574089188,40.68503935693673,12.481516016529113,-28.356267145258744,10.411739777325783,-17.666031038367112,20.505925432403632,0,1,30.981706352041897,10.888761256518587,raw,5.205869888662892,-8.833015519183556,-5.205869888662892,8.833015519183556,0,0,1337.3412459084095,671.8920210054313,1311.1484273343203,631.2069816484945,12,12,12,1.2024225165242108,0.06108573285003578,5.586973175207436,-0.09662890400478245,1.0900852001558408,145.58943915956934,1.95446237643206e-05,1.5599581288083986e-05,1.0,1.0,0.0,658.7941301113372,0.0,1.0,203.83301551918356,0.0,0.0,1.0,38.6743345906183,12.328772211677983,1.000000,35.000000,144.834215594,0
frame_1138.jpg,frame_1138,1138,D:\visualization2026\visualization\left_downsample2_Q45\frame_1138.jpg,D:\visualization2026\visualization\right_downsample2_Q45\frame_1138.jpg,D:\visualization2026\dowsample2_Q45\stitched_frames\frame_1138.jpg,D:\visualization2026\dowsample2_Q45_hess_matched\stitched_frames\frame_1138.jpg,2319,1440,5.359479426137025,2.645717923181447,187.581779915,12.418603105,33.260675950664336,45.75386125169621,6.127405915908568,-33.33525814667492,8.149597379230562,-21.061721457071645,22.583446330859996,0,1,33.893724182564654,12.439009654525155,raw,4.074798689615281,-10.530860728535822,-4.074798689615281,10.530860728535822,0,0,1393.0586326652765,674.0069866717795,1359.7979567146122,628.2531254200833,12,12,12,1.3035242177459054,0.09098307687008127,3.7372579003704542,-0.06391931531157477,1.1694764867974505,90.56938415502842,5.4537213507823024e-05,3.764924973128811e-05,1.0,1.0,0.0,714.9252013103848,0.0,1.0,202.53086072853583,0.0,0.0,1.0,39.388081866572904,12.418603105021289,1.000000,35.000000,148.193698048,0
frame_1140.jpg,frame_1140,1140,D:\visualization2026\visualization\left_downsample2_Q45\frame_1140.jpg,D:\visualization2026\visualization\right_downsample2_Q45\frame_1140.jpg,D:\visualization2026\dowsample2_Q45\stitched_frames\frame_1140.jpg,D:\visualization2026\dowsample2_Q45_hess_matched\stitched_frames\frame_1140.jpg,2302,1439,5.526461628008057,2.6857874629994605,193.42615698,11.7092881973,35.520242359977146,40.75767101664235,4.232207010194358,-29.048382819363553,4.495770221213421,-19.518175034776995,20.02925626602599,0,1,29.355069759709888,9.533851581789854,raw,2.2478851106067106,-9.759087517388497,-2.2478851106067106,9.759087517388497,0,0,1385.2169173622924,677.9112321910426,1349.6966750023153,637.1535611744002,12,12,12,1.2840840494291332,0.0911501129149355,2.5240947538661596,-0.07232730851760724,1.1600679612533813,104.84957708183495,4.603233971486707e-05,3.93634490793394e-05,1.0,1.0,0.0,699.7521148893933,0.0,1.0,208.7590875173885,0.0,0.0,1.0,39.752449370171504,11.709288197278797,1.000000,35.000000,153.67370761,0
frame_1142.jpg,frame_1142,1142,D:\visualization2026\visualization\left_downsample2_Q45\frame_1142.jpg,D:\visualization2026\visualization\right_downsample2_Q45\frame_1142.jpg,D:\visualization2026\dowsample2_Q45\stitched_frames\frame_1142.jpg,D:\visualization2026\dowsample2_Q45_hess_matched\stitched_frames\frame_1142.jpg,2303,1435,5.648552238912096,2.719275258469075,197.699328362,11.299109741,47.98744643029392,18.053447982839373,-7.883232337956201,-6.754338241789474,1.7464120028985772,-17.356460635801678,17.444101601572992,0,1,10.38106146685868,14.322536416046272,fused,0.8732060014492886,-8.678230317900839,-0.8732060014492886,8.678230317900839,6,1,90.34013605442176,349.90816326530614,42.35268962412784,331.85471528246677,12,12,12,1.2762525878460487,0.07141446279026857,0.622630029720453,-0.06973800410467246,1.1433942121064367,102.60985758417861,4.833775251006507e-05,2.819783812689584e-05,1.0,1.0,0.0,702.1267939985507,0.0,1.0,200.67823031790084,0.0,0.0,1.0,40.10421409233772,11.299109741049898,1.000000,35.000000,157.59511427,0
frame_1144.jpg,frame_1144,1144,D:\visualization2026\visualization\left_downsample2_Q45\frame_1144.jpg,D:\visualization2026\visualization\right_downsample2_Q45\frame_1144.jpg,D:\visualization2026\dowsample2_Q45\stitched_frames\frame_1144.jpg,D:\visualization2026\dowsample2_Q45_hess_matched\stitched_frames\frame_1144.jpg,2285,1437,5.6670345015879455,2.7386070126260904,198.346207556,11.6060971725,32.92700651650921,11.702725993277056,7.520954501391266,-0.09662882079827995,0.4380022908602043,-10.320925348917154,10.330215199342144,0,1,7.5215752167352825,12.438024421569951,raw,0.21900114543010216,-5.160462674458577,-0.21900114543010216,5.160462674458577,1,1,1606.262347881971,433.1679201030494,1573.3353413654618,421.46519410977237,12,12,12,1.2256338288821889,0.06803720570647412,0.5684859016301154,-0.0885706545294989,1.1117933482635654,136.48662435023903,2.5956898738820223e-05,2.228117001066072e-05,1.0,1.0,0.0,684.7809988545699,0.0,1.0,207.16046267445859,0.0,0.0,1.0,40.447961017900475,11.606097172478776,1.000000,35.000000,157.898246538,0
frame_1146.jpg,frame_1146,1146,D:\visualization2026\visualization\left_downsample2_Q45\frame_1146.jpg,D:\visualization2026\visualization\right_downsample2_Q45\frame_1146.jpg,D:\visualization2026\dowsample2_Q45\stitched_frames\frame_1146.jpg,D:\visualization2026\dowsample2_Q45_hess_matched\stitched_frames\frame_1146.jpg,2286,1433,5.627361200468375,2.74346196567987,196.957642016,12.1466220316,41.91945885420019,29.694317181963584,-1.2652750750451034,-17.547695150382165,2.7851926089820935,-6.444209211350371,7.020336902797575,0,1,17.593252289053215,11.819208453091326,fused,1.3925963044910468,-3.2221046056751854,-1.3925963044910468,3.2221046056751854,6,0,75.26457105435495,307.9613621480026,33.34511220015476,278.267044966039,12,12,12,1.2326675029309935,0.06989088823588713,1.8273481925095147,-0.08237110667425995,1.1184471971158554,128.32678085497324,3.1568037543553295e-05,2.37752692435632e-05,1.0,1.0,0.0,684.607403695509,0.0,1.0,200.22210460567518,0.0,0.0,1.0,40.65418377915508,12.146622031581419,1.000000,35.000000,156.303458237,0
frame_1148.jpg,frame_1148,1148,D:\visualization2026\visualization\left_downsample2_Q45\frame_1148.jpg,D:\visualization2026\visualization\right_downsample2_Q45\frame_1148.jpg,D:\visualization2026\dowsample2_Q45\stitched_frames\frame_1148.jpg,D:\visualization2026\dowsample2_Q45_hess_matched\stitched_frames\frame_1148.jpg,2261,1434,5.589354285418194,2.749510057228971,195.62739999,12.7005965457,41.294842708900205,10.858178258001885,-0.41464264428329756,1.8424182877477033,6.178014891628597,-3.3077226913678786,7.007774069144543,0,1,1.8885003758234797,8.365828440183407,raw,3.0890074458142984,-1.6538613456839393,-3.0890074458142984,1.6538613456839393,0,0,1328.5342933063357,641.2229513912638,1287.2394505974355,630.3647731332619,12,12,12,1.180329089205357,0.06702786499454584,3.600204515098279,-0.10324580644493704,1.0774129563011674,163.70579299313047,1.1371147050127351e-05,1.4245530197933697e-05,1.0,1.0,0.0,657.9109925541857,0.0,1.0,204.65386134568394,0.0,0.0,1.0,40.88020006461691,12.700596545749589,1.000000,35.000000,154.747199925,0
frame_1150.jpg,frame_1150,1150,D:\visualization2026\visualization\left_downsample2_Q45\frame_1150.jpg,D:\visualization2026\visualization\right_downsample2_Q45\frame_1150.jpg,D:\visualization2026\dowsample2_Q45\stitched_frames\frame_1150.jpg,D:\visualization2026\dowsample2_Q45_hess_matched\stitched_frames\frame_1150.jpg,2268,1437,5.597338023172664,2.7674322020071394,195.906830811,13.0808956087,25.255481233742046,22.745697740262983,15.968158600803804,-9.664802131529635,5.54070467144654,-1.3404456048683107,5.700544068402619,0,1,18.665221384758453,13.342664914920002,fused,2.77035233572327,-0.6702228024341553,-2.77035233572327,0.6702228024341553,4,1,450.9777034559643,291.55852842809367,425.72222222222223,268.8128306878307,12,12,12,1.1897657426583246,0.08101457632189041,3.05555325661329,-0.10023234820156417,1.0879709942327755,159.96622665999342,1.7090232946129106e-05,1.6855369251104547e-05,1.0,1.0,0.0,665.2296476642767,0.0,1.0,204.67022280243415,0.0,0.0,1.0,41.22363983454585,13.080895608733348,1.000000,35.000000,154.683190976,0
frame_1152.jpg,frame_1152,1152,D:\visualization2026\visualization\left_downsample2_Q45\frame_1152.jpg,D:\visualization2026\visualization\right_downsample2_Q45\frame_1152.jpg,D:\visualization2026\dowsample2_Q45\stitched_frames\frame_1152.jpg,D:\visualization2026\dowsample2_Q45_hess_matched\stitched_frames\frame_1152.jpg,2308,1440,5.613047084261936,2.7897333252607197,196.456647949,13.4937255664,32.55449099817565,4.565631208267064,9.080879075276314,8.928094358122983,7.739966596223716,10.330487020289224,12.908371120595467,0,1,12.734725503415403,1.9402967441545378,raw,3.869983298111858,5.165243510144612,-3.869983298111858,-5.165243510144612,0,0,1366.0597438689306,632.7845415429848,1333.505252870755,628.2189103347177,12,12,12,1.2952008496271006,0.08552364921976284,4.1926438999941205,-0.062051650550128554,1.1728313818745142,104.66661856117835,5.689901433127135e-05,3.86086305021613e-05,1.0,1.0,0.0,704.1300167018882,0.0,1.0,197.83475648985538,0.0,0.0,1.0,41.635370073451966,13.493725566390047,1.000000,35.000000,154.821277876,0
frame_1154.jpg,frame_1154,1154,D:\visualization2026\visualization\left_downsample2_Q45\frame_1154.jpg,D:\visualization2026\visualization\right_downsample2_Q45\frame_1154.jpg,D:\visualization2026\dowsample2_Q45\stitched_frames\frame_1154.jpg,D:\visualization2026\dowsample2_Q45_hess_matched\stitched_frames\frame_1154.jpg,2354,1439,5.570856432005549,2.8057360717010127,194.97997512,14.3490589373,37.74105943152455,4.609302325581439,4.33440340048098,9.73975661169956,17.514390757228632,2.593225961716005,17.70532983272025,0,1,10.660671259036476,14.992830521792152,fused,8.757195378614316,1.2966129808580025,-8.757195378614316,-1.2966129808580025,5,8,189.61444444444442,1278.9555555555555,151.87338501291987,1274.346253229974,12,12,12,1.3090803009930003,0.14008595589339104,8.642814829077967,-0.05807599386989216,1.1875560232827578,94.61349733722876,6.0191587189838555e-05,4.5757726253662775e-05,1.0,1.0,0.0,745.2428046213856,0.0,1.0,202.70338701914199,0.0,0.0,1.0,42.07546283200553,14.349058937280999,1.000000,35.000000,152.904512288,0
frame_1156.jpg,frame_1156,1156,D:\visualization2026\visualization\left_downsample2_Q45\frame_1156.jpg,D:\visualization2026\visualization\right_downsample2_Q45\frame_1156.jpg,D:\visualization2026\dowsample2_Q45\stitched_frames\frame_1156.jpg,D:\visualization2026\dowsample2_Q45_hess_matched\stitched_frames\frame_1156.jpg,2296,1437,5.384557838185108,2.8007219646542723,188.459524336,16.1675430891,32.746333777723976,-24.63942488629766,9.731034548840775,40.806967975405506,13.925762033941231,5.466880778996059,14.960402189704514,0,1,41.951181970672806,35.58816519187355,fused,6.9628810169706155,2.7334403894980297,-6.9628810169706155,-2.7334403894980297,0,2,1615.7657657657658,315.26789947842576,1583.0194319880418,339.9073243647234,12,12,12,1.283787424482339,0.08941119185277344,7.4791230760139085,-0.06871157353259803,1.1629147322439537,112.3161585244399,5.1932091787435213e-05,3.9611672076606475e-05,1.0,1.0,0.0,689.0371189830294,0.0,1.0,198.26655961050196,0.0,0.0,1.0,42.47736832656475,16.167543089107845,1.000000,35.000000,145.98215601,0
frame_1158.jpg,frame_1158,1158,D:\visualization2026\visualization\left_downsample2_Q45\frame_1158.jpg,D:\visualization2026\visualization\right_downsample2_Q45\frame_1158.jpg,D:\visualization2026\dowsample2_Q45\stitched_frames\frame_1158.jpg,D:\visualization2026\dowsample2_Q45_hess_matched\stitched_frames\frame_1158.jpg,2281,1434,5.09383430952056,2.768779053723428,178.284200833,18.3811986483,-5.844169641637336,55.22508565339069,48.457478160741275,-36.84388700511839,11.870325697089488,4.698200733034132,12.766272842253745,0,1,60.87363303881779,55.35670491496819,raw,5.935162848544744,2.349100366517066,-5.935162848544744,-2.349100366517066,0,3,1333.4969156296804,635.8723724750961,1339.3410852713178,580.6472868217054,12,12,12,1.2153357862355296,0.08693991606743715,6.2327217200539256,-0.08874500782999742,1.118588985800283,144.6263554283383,2.7286635734417016e-05,2.94290279360584e-05,1.0,1.0,0.0,675.0648371514552,0.0,1.0,213.65089963348294,0.0,0.0,1.0,42.61330851910394,18.381198648272303,1.000000,35.000000,135.670892314,0
frame_1160.jpg,frame_1160,1160,D:\visualization2026\visualization\left_downsample2_Q45\frame_1160.jpg,D:\visualization2026\visualization\right_downsample2_Q45\frame_1160.jpg,D:\visualization2026\dowsample2_Q45\stitched_frames\frame_1160.jpg,D:\visualization2026\dowsample2_Q45_hess_matched\stitched_frames\frame_1160.jpg,2292,1439,4.880529047671482,2.7204426292133626,170.818516669,19.3610116374,44.18087301587309,14.657539682539664,-1.9749850156331945,4.703471954870636,13.062769593221278,10.745598030322329,16.91460394082148,0,1,5.101295349441184,16.206213351297617,fused,6.531384796610639,5.372799015161164,-6.531384796610639,-5.372799015161164,5,4,595.2177777777778,325.2444444444444,551.0369047619047,310.58690476190475,12,12,12,1.2523455937125427,0.09417260443596226,6.734939099028936,-0.07897321679392146,1.1586096812192026,132.31306444757394,3.52348969781639e-05,4.5176172203652904e-05,1.0,1.0,0.0,685.4686152033894,0.0,1.0,216.62720098483882,0.0,0.0,1.0,42.205888000239895,19.3610116374103,1.000000,35.000000,128.612628668,0
frame_1162.jpg,frame_1162,1162,D:\visualization2026\visualization\left_downsample2_Q45\frame_1162.jpg,D:\visualization2026\visualization\right_downsample2_Q45\frame_1162.jpg,D:\visualization2026\dowsample2_Q45\stitched_frames\frame_1162.jpg,D:\visualization2026\dowsample2_Q45_hess_matched\stitched_frames\frame_1162.jpg,2306,1452,4.8603994921002815,2.6597391786699873,170.113982224,18.0006326482,42.22023797668603,12.915938519844246,-1.1963026089823998,5.084694128313341,8.929412129600038,4.445317909354086,9.97473068786684,0,1,5.223528913556645,10.145880982769128,fused,4.464706064800019,2.222658954677043,-4.464706064800019,-2.222658954677043,6,1,84.83643892339545,308.12215320910974,42.61620094670942,295.2062146892655,12,12,12,1.279466761276286,0.10551030348718875,4.670452352223968,-0.07432818771037304,1.1924708336288352,120.81486902248967,4.332088926589932e-05,5.5909354830422575e-05,1.0,1.0,0.0,701.5352939352,0.0,1.0,228.77734104532297,0.0,0.0,1.0,41.02393536770363,18.000632648157588,1.000000,35.000000,129.090046856,0
frame_1164.jpg,frame_1164,1164,D:\visualization2026\visualization\left_downsample2_Q45\frame_1164.jpg,D:\visualization2026\visualization\right_downsample2_Q45\frame_1164.jpg,D:\visualization2026\dowsample2_Q45\stitched_frames\frame_1164.jpg,D:\visualization2026\dowsample2_Q45_hess_matched\stitched_frames\frame_1164.jpg,2264,1430,4.927763496744166,2.5974233830127034,172.471722386,15.68355516,29.275804489815755,-24.293187938101596,10.296622881139925,39.976743098140545,1.3481435354648852,3.994262488939073,4.215640381100068,0,1,41.28147806814991,37.07848693503462,fused,0.6740717677324426,1.9971312444695366,-0.6740717677324426,-1.9971312444695366,0,1,1590.1769033909147,319.4101087651951,1560.901098901099,343.7032967032967,12,12,12,1.194419176769175,0.07844471082629467,0.8449140577136802,-0.0983517194435432,1.1021949272037903,159.1300463001013,1.6893537945637707e-05,2.8683331423676446e-05,1.0,1.0,0.0,663.3259282322675,0.0,1.0,214.00286875553047,0.0,0.0,1.0,39.57242737095568,15.683555160038951,1.000000,35.000000,132.899295015,0
frame_1166.jpg,frame_1166,1166,D:\visualization2026\visualization\left_downsample2_Q45\frame_1166.jpg,D:\visualization2026\visualization\right_downsample2_Q45\frame_1166.jpg,D:\visualization2026\dowsample2_Q45\stitched_frames\frame_1166.jpg,D:\visualization2026\dowsample2_Q45_hess_matched\stitched_frames\frame_1166.jpg,2257,1424,5.001915032395974,2.567481586638749,175.067026134,14.1332718422,49.697704955009385,4.827704471672632,-10.93575276926542,9.305567370564294,-4.757227781110844,2.8721248346101462,5.557006138826658,0,1,14.359118103790607,8.919829252439458,fused,-2.378613890555422,1.4360624173050731,2.378613890555422,-1.4360624173050731,1,0,251.82478632478632,1284.638888888889,202.12708136977693,1279.8111844172163,9,12,12,1.211427817256418,0.07399775270185559,-2.1345353291528193,-0.08940406616015709,1.1120474658153414,144.12446924136003,2.590109980876828e-05,3.1292712261383064e-05,1.0,1.0,0.0,659.3786138905555,0.0,1.0,207.56393758269493,0.0,0.0,1.0,38.761952185743965,14.133271842236926,1.000000,35.000000,136.305073948,0
frame_1168.jpg,frame_1168,1168,D:\visualization2026\visualization\left_downsample2_Q45\frame_1168.jpg,D:\visualization2026\visualization\right_downsample2_Q45\frame_1168.jpg,D:\visualization2026\dowsample2_Q45\stitched_frames\frame_1168.jpg,D:\visualization2026\dowsample2_Q45_hess_matched\stitched_frames\frame_1168.jpg,2339,1424,5.03675318229886,2.590860378097286,176.28636138,14.3739450476,28.592743278610513,53.47310915483652,10.551135190065516,-39.09916410719345,-2.1702161396334545,4.960340335155795,5.414315684673276,0,1,40.4977911456944,45.859270724238804,fused,-1.0851080698167272,2.4801701675778975,1.0851080698167272,-2.4801701675778975,0,1,54.73348401935125,229.82619557458958,26.14074074074074,176.35308641975305,12,12,12,1.3658013269748508,0.11119781191523524,-0.7997175071377007,-0.030579037826979336,1.223428866159719,52.01099555378288,8.670454525318322e-05,5.452763194224425e-05,1.0,1.0,0.0,740.0851080698168,0.0,1.0,195.5198298324221,0.0,0.0,1.0,39.14387846867603,14.373945047643067,1.000000,35.000000,137.142482912,0
frame_1170.jpg,frame_1170,1170,D:\visualization2026\visualization\left_downsample2_Q45\frame_1170.jpg,D:\visualization2026\visualization\right_downsample2_Q45\frame_1170.jpg,D:\visualization2026\dowsample2_Q45\stitched_frames\frame_1170.jpg,D:\visualization2026\dowsample2_Q45_hess_matched\stitched_frames\frame_1170.jpg,2258,1421,5.077860943410929,2.6392487802757216,177.725133019,15.1962527059,72.5200818635605,16.103469022719764,-32.50184159851184,-0.9072163167739937,-4.406247019928638,-7.817484008714098,8.973743311858806,0,1,32.514500591892464,28.932926473109916,fused,-2.203123509964319,-3.908742004357049,2.203123509964319,3.908742004357049,5,6,404.8489838822705,1350.600268628825,332.32890201871,1334.4967996061052,12,12,12,1.2295144167650518,0.07406513616336463,-2.5210784835539406,-0.07879814812781355,1.1199719639008818,122.33178894851291,3.7625721023512244e-05,2.860130894750774e-05,1.0,1.0,0.0,660.2031235099644,0.0,1.0,206.90874200435704,0.0,0.0,1.0,40.01824026504867,15.19625270594577,1.000000,35.000000,137.706892754,0
frame_1172.jpg,frame_1172,1172,D:\visualization2026\visualization\left_downsample2_Q45\frame_1172.jpg,D:\visualization2026\visualization\right_downsample2_Q45\frame_1172.jpg,D:\visualization2026\dowsample2_Q45\stitched_frames\frame_1172.jpg,D:\visualization2026\dowsample2_Q45_hess_matched\stitched_frames\frame_1172.jpg,2318,1455,5.123461332747542,2.6961166558459873,179.321146646,16.1910103091,29.314402284781863,0.6652386780906454,11.738755598404545,15.525771631041579,-0.20302229186397858,-9.6497319505853,9.651867423931003,0,1,19.46401725590916,27.86417125573653,fused,-0.10151114593198929,-4.82486597529265,0.10151114593198929,4.82486597529265,8,5,1907.1438596491228,1419.7543859649122,1877.829457364341,1419.0891472868216,12,12,12,1.3199962079789525,0.12723022119645594,0.5033597392621563,-0.06379367932875382,1.2328463195906636,97.15277459104954,5.684909989406058e-05,7.240731963193894e-05,1.0,1.0,0.0,718.101511145932,0.0,1.0,238.82486597529265,0.0,0.0,1.0,41.05315788318641,16.191010309132224,1.000000,35.000000,138.267988763,0
frame_1174.jpg,frame_1174,1174,D:\visualization2026\visualization\left_downsample2_Q45\frame_1174.jpg,D:\visualization2026\visualization\right_downsample2_Q45\frame_1174.jpg,D:\visualization2026\dowsample2_Q45\stitched_frames\frame_1174.jpg,D:\visualization2026\dowsample2_Q45_hess_matched\stitched_frames\frame_1174.jpg,2257,1420,5.169296761449861,2.751869334222789,180.925386651,17.1544508456,42.94825668159001,41.06682946682952,-0.8835315203359926,-23.912378621208912,7.863862970642164,-7.603420637000477,10.938571488279525,0,1,23.92869572859073,18.506729071110083,fused,3.931931485321082,-3.8017103185002386,-3.931931485321082,3.8017103185002386,1,3,543.373897707231,304.33862433862436,500.42564102564097,263.27179487179484,12,12,12,1.235526589228315,0.06954428197484092,3.630169394380881,-0.07874890328447562,1.1223280899145929,122.34146221146592,3.950737172825035e-05,3.1299106771354785e-05,1.0,1.0,0.0,653.0680685146789,0.0,1.0,206.80171031850023,0.0,0.0,1.0,42.06472516125402,17.154450845620605,1.000000,35.000000,138.860661489,0
frame_1176.jpg,frame_1176,1176,D:\visualization2026\visualization\left_downsample2_Q45\frame_1176.jpg,D:\visualization2026\visualization\right_downsample2_Q45\frame_1176.jpg,D:\visualization2026\dowsample2_Q45\stitched_frames\frame_1176.jpg,D:\visualization2026\dowsample2_Q45_hess_matched\stitched_frames\frame_1176.jpg,2308,1447,5.218030798733558,2.810792742709161,182.631077956,18.1696311159,33.05266106442578,18.02530345471527,10.080370871057873,0.14432766120827978,22.131964676882298,-13.264557655638985,25.80256480000654,0,1,10.081404037725198,18.02884130222871,fused,11.065982338441149,-6.632278827819492,-11.065982338441149,6.632278827819492,4,8,56.1764705882353,263.1078431372549,23.123809523809523,245.08253968253965,12,12,12,1.271582228490785,0.10387976787992055,11.56587758514583,-0.07763486032937314,1.1816527344024694,117.42594430311858,4.2201644553635106e-05,5.5211026745247995e-05,1.0,1.0,0.0,696.9340176615589,0.0,1.0,239.6322788278195,0.0,0.0,1.0,43.13303193548365,18.16963111592355,1.000000,35.000000,139.49804602,0
frame_1178.jpg,frame_1178,1178,D:\visualization2026\visualization\left_downsample2_Q45\frame_1178.jpg,D:\visualization2026\visualization\right_downsample2_Q45\frame_1178.jpg,D:\visualization2026\dowsample2_Q45\stitched_frames\frame_1178.jpg,D:\visualization2026\dowsample2_Q45_hess_matched\stitched_frames\frame_1178.jpg,2302,1439,5.255081219063536,2.8645280595936953,183.927842667,19.1727365515,-6.758284136515677,48.040344090812425,50.885561502596225,-28.86760753926934,21.577977671588812,-18.902606175726067,28.686541106068933,0,1,58.50366770105771,30.955382765957626,fused,10.788988835794406,-9.451303087863034,-10.788988835794406,9.451303087863034,1,5,50.70243773184949,302.63057763646,57.46072186836517,254.59023354564755,12,12,12,1.264476442041866,0.11364026460449388,10.868681595248539,-0.07738201793042483,1.1706363502678334,113.25613447987087,4.40850943636135e-05,5.155820501571525e-05,1.0,1.0,0.0,691.2110111642056,0.0,1.0,233.45130308786304,0.0,0.0,1.0,44.12727736608055,19.172736551543085,1.000000,35.000000,139.800565301,0
frame_1180.jpg,frame_1180,1180,D:\visualization2026\visualization\left_downsample2_Q45\frame_1180.jpg,D:\visualization2026\visualization\right_downsample2_Q45\frame_1180.jpg,D:\visualization2026\dowsample2_Q45\stitched_frames\frame_1180.jpg,D:\visualization2026\dowsample2_Q45_hess_matched\stitched_frames\frame_1180.jpg,2299,1447,5.309662647835692,2.8880345408921215,185.838192674,19.2102464642,5.619721815268576,48.42314787420332,38.838666932688824,-29.212901409966523,19.371162978906344,-14.752105452905836,24.348851522176684,0,1,48.59872074341835,24.25073874961914,raw,9.685581489453172,-7.376052726452918,-9.685581489453172,7.376052726452918,11,0,1895.039840158464,678.2594397874183,1889.4201183431953,629.836291913215,12,12,12,1.2760151637859773,0.11203990913319103,9.311419577789822,-0.07676174671770378,1.1878965110912774,115.33844275357627,4.538944977702508e-05,5.8607172916974504e-05,1.0,1.0,0.0,689.3144185105468,0.0,1.0,239.3760527264529,0.0,0.0,1.0,44.4583887479574,19.2102464642368,1.000000,35.000000,141.379803926,0
frame_1182.jpg,frame_1182,1182,D:\visualization2026\visualization\left_downsample2_Q45\frame_1182.jpg,D:\visualization2026\visualization\right_downsample2_Q45\frame_1182.jpg,D:\visualization2026\dowsample2_Q45\stitched_frames\frame_1182.jpg,D:\visualization2026\dowsample2_Q45_hess_matched\stitched_frames\frame_1182.jpg,2273,1416,5.4258325129012395,2.8675660915205157,189.904137952,17.4657031671,34.75836584514866,30.130174136454514,8.968820571937123,-12.664470969393815,24.235479162906664,-30.103123242819798,38.64655843963445,0,1,15.518652241294063,23.177089067583303,fused,12.117739581453332,-15.051561621409899,-12.117739581453332,15.051561621409899,1,10,605.8013765978368,291.0835791543756,571.0430107526881,260.9534050179211,12,12,12,1.2969888426128042,0.07932268122080659,11.93984644714605,-0.0562859652161191,1.1661813803243828,73.42754399013452,6.840717881565167e-05,4.286401607380826e-05,1.0,1.0,0.0,660.8822604185467,0.0,1.0,213.0515616214099,0.0,0.0,1.0,43.72718641708578,17.4657031670607,1.000000,35.000000,146.176951534,0
frame_1184.jpg,frame_1184,1184,D:\visualization2026\visualization\left_downsample2_Q45\frame_1184.jpg,D:\visualization2026\visualization\right_downsample2_Q45\frame_1184.jpg,D:\visualization2026\dowsample2_Q45\stitched_frames\frame_1184.jpg,D:\visualization2026\dowsample2_Q45_hess_matched\stitched_frames\frame_1184.jpg,2273,1444,5.545512870054539,2.8474741824303393,194.092950452,15.6941926106,54.91176079442198,18.85406761768695,-11.917604983748326,-3.1598750071077752,14.032589712997735,-23.130972942677975,27.054675812661856,0,1,12.329400577854843,32.745341005266134,raw,7.016294856498868,-11.565486471338987,-7.016294856498868,11.565486471338987,8,2,1839.526973322386,620.8093248883804,1784.615212527964,601.9552572706934,9,12,12,1.2300753298456815,0.08490382700691261,7.615089008630613,-0.09028358425448717,1.136152488472868,132.61493294347494,3.85715207582161e-05,3.719670242521577e-05,1.0,1.0,0.0,665.9837051435011,0.0,1.0,238.565486471339,0.0,0.0,1.0,42.994155810673654,15.694192610579176,1.000000,35.000000,151.098794641,0
frame_1186.jpg,frame_1186,1186,D:\visualization2026\visualization\left_downsample2_Q45\frame_1186.jpg,D:\visualization2026\visualization\right_downsample2_Q45\frame_1186.jpg,D:\visualization2026\dowsample2_Q45\stitched_frames\frame_1186.jpg,D:\visualization2026\dowsample2_Q45_hess_matched\stitched_frames\frame_1186.jpg,2292,1437,5.6029842676931985,2.8751115296689527,196.104449369,15.8083790391,8.999634406546278,92.41914032745058,34.401951791059474,-76.61076128836154,9.686773593131793,-19.27186750064823,21.569387093914766,0,1,83.98037289877139,62.43868011220279,fused,4.8433867965658965,-9.635933750324115,-4.8433867965658965,9.635933750324115,2,0,66.01384973648732,401.3254483801119,57.01421532994104,308.9063080526613,12,12,12,1.2546483639388513,0.0996939145094797,5.360130361879628,-0.08030137233858775,1.1574055018882368,118.21598985214659,4.449765674580195e-05,4.647530068003899e-05,1.0,1.0,0.0,687.1566132034341,0.0,1.0,233.6359337503241,0.0,0.0,1.0,43.40158619760575,15.80837903908904,1.000000,35.000000,152.702863172,0
frame_1188.jpg,frame_1188,1188,D:\visualization2026\visualization\left_downsample2_Q45\frame_1188.jpg,D:\visualization2026\visualization\right_downsample2_Q45\frame_1188.jpg,D:\visualization2026\dowsample2_Q45\stitched_frames\frame_1188.jpg,D:\visualization2026\dowsample2_Q45_hess_matched\stitched_frames\frame_1188.jpg,2355,1477,5.595748662883032,2.9562149145128203,195.851203201,17.9828426715,45.20196909613014,11.989698710059713,-0.12888574694841992,5.993143961439802,10.821976806053787,-16.183201293629256,19.468209627515566,0,1,5.994529679491863,24.732805735030748,fused,5.410988403026893,-8.091600646814628,-5.410988403026893,8.091600646814628,4,7,591.7230046948356,316.7793427230047,546.5210355987055,304.78964401294496,12,12,12,1.335323571669336,0.16885326633895387,5.398139016526814,-0.07111524644477282,1.2778283493346425,104.75222943724357,5.6306167207993734e-05,9.589786354316115e-05,1.0,1.0,0.0,749.5890115969731,0.0,1.0,273.09160064681464,0.0,0.0,1.0,45.07308334918172,17.982842671499515,1.000000,35.000000,150.778119852,0
frame_1190.jpg,frame_1190,1190,D:\visualization2026\visualization\left_downsample2_Q45\frame_1190.jpg,D:\visualization2026\visualization\right_downsample2_Q45\frame_1190.jpg,D:\visualization2026\dowsample2_Q45\stitched_frames\frame_1190.jpg,D:\visualization2026\dowsample2_Q45_hess_matched\stitched_frames\frame_1190.jpg,2266,1435,5.55776372763496,3.035591539831003,194.521730467,20.4341858867,29.683016088020736,30.35156008649983,17.10958633335912,-9.917374199817814,18.68276613970531,-7.76412374569645,20.231840454328587,0,1,19.776052576737378,2.6667174993368326,fused,9.341383069852656,-3.882061872848225,-9.341383069852656,3.882061872848225,3,4,668.6508875739645,347.4358974358974,638.9678714859438,317.0843373493976,12,12,12,1.2363303808260813,0.08667235573298611,9.30036720804536,-0.08430416050244324,1.138213132056431,130.13859914151277,4.218565905768791e-05,3.763591200191168e-05,1.0,1.0,0.0,656.6586169301473,0.0,1.0,225.88206187284823,0.0,0.0,1.0,46.792602421379854,20.434185886682016,1.000000,35.000000,147.729128046,0
frame_1192.jpg,frame_1192,1192,D:\visualization2026\visualization\left_downsample2_Q45\frame_1192.jpg,D:\visualization2026\visualization\right_downsample2_Q45\frame_1192.jpg,D:\visualization2026\dowsample2_Q45\stitched_frames\frame_1192.jpg,D:\visualization2026\dowsample2_Q45_hess_matched\stitched_frames\frame_1192.jpg,2249,1437,5.518286513815443,3.0607862116782663,193.140027984,21.4990121485,32.76773927392742,18.720152082775826,14.64483663654709,2.77886006570105,14.900794083152672,14.687087591866046,20.922337494641063,0,1,14.906149850846795,11.910978004739432,fused,7.450397041576336,7.343543795933023,-7.450397041576336,-7.343543795933023,6,10,1841.7083333333333,640.3389639639639,1808.9405940594058,621.6188118811881,12,12,12,1.2022288247750554,0.08168620832642343,7.398519025599596,-0.09659443973041386,1.1175835905591074,161.76554694120276,2.897647718067118e-05,3.397023485218566e-05,1.0,1.0,0.0,641.5496029584236,0.0,1.0,219.65645620406698,0.0,0.0,1.0,47.41257591047451,21.499012148476876,1.000000,35.000000,145.727452073,0
frame_1194.jpg,frame_1194,1194,D:\visualization2026\visualization\left_downsample2_Q45\frame_1194.jpg,D:\visualization2026\visualization\right_downsample2_Q45\frame_1194.jpg,D:\visualization2026\dowsample2_Q45\stitched_frames\frame_1194.jpg,D:\visualization2026\dowsample2_Q45_hess_matched\stitched_frames\frame_1194.jpg,2266,1441,5.463589621592238,3.0612034655935147,191.225636756,22.0818090289,20.18271604938286,-16.853703703703673,27.386341684509283,38.935512732556255,17.925223389500854,23.86611209007131,29.848030753457696,0,1,47.602372447260876,17.793245772367353,fused,8.962611694750427,11.933056045035656,-8.962611694750427,-11.933056045035656,0,2,705.7259259259259,385.20493827160493,685.5432098765431,402.0586419753086,12,12,12,1.2427031020255923,0.11049956487937396,9.041230469409362,-0.08390044964295909,1.1659097147652402,146.47061249806876,4.0221511498051596e-05,5.332841078452422e-05,1.0,1.0,0.0,657.0373883052496,0.0,1.0,222.06694395496436,0.0,0.0,1.0,47.569057733892144,22.081809028852582,1.000000,35.000000,143.656579022,0
frame_1196.jpg,frame_1196,1196,D:\visualization2026\visualization\left_downsample2_Q45\frame_1196.jpg,D:\visualization2026\visualization\right_downsample2_Q45\frame_1196.jpg,D:\visualization2026\dowsample2_Q45\stitched_frames\frame_1196.jpg,D:\visualization2026\dowsample2_Q45_hess_matched\stitched_frames\frame_1196.jpg,2284,1432,5.405058088494698,3.0682654774513303,189.177033097,22.8766604123,32.3791637549499,-12.768634987188477,15.492091508296276,35.64529539945093,13.158784338844917,27.550738224550614,30.53189777910873,0,1,38.866334833832006,8.424142579796674,fused,6.579392169422459,13.775369112275307,-6.579392169422459,-13.775369112275307,1,5,654.0118798043326,304.7344514325646,621.6327160493827,317.50308641975306,12,12,12,1.2796536661474467,0.10990982840670875,6.510226740291483,-0.06859876205936957,1.1812700251464732,124.45643794784857,5.6607963155163564e-05,5.559757891225469e-05,1.0,1.0,0.0,677.4206078305775,0.0,1.0,211.2246308877247,0.0,0.0,1.0,47.87125526324618,22.876660412262456,1.000000,35.000000,141.305777834,0
frame_1198.jpg,frame_1198,1198,D:\visualization2026\visualization\left_downsample2_Q45\frame_1198.jpg,D:\visualization2026\visualization\right_downsample2_Q45\frame_1198.jpg,D:\visualization2026\dowsample2_Q45\stitched_frames\frame_1198.jpg,D:\visualization2026\dowsample2_Q45_hess_matched\stitched_frames\frame_1198.jpg,2286,1445,5.357851962021282,3.109408434733332,187.524818671,24.4350230158,33.843714771919394,-27.453243436657033,14.99326078479249,51.88826645246612,13.840343761868098,38.99550254091993,41.37879087002874,0,1,54.011017990803666,12.944210247852771,fused,6.920171880934049,19.497751270459965,-6.920171880934049,-19.497751270459965,0,2,1634.7665797856935,324.5577758470895,1600.922865013774,352.0110192837465,12,12,12,1.2213763369473538,0.10863898868645025,6.577486553563062,-0.09602024214764322,1.1469019191945504,174.24054177840634,3.121433746637224e-05,4.9179198774219806e-05,1.0,1.0,0.0,679.079828119066,0.0,1.0,224.50224872954004,0.0,0.0,1.0,48.836975556711884,24.435023015809087,1.000000,35.000000,138.687843114,0
frame_1200.jpg,frame_1200,1200,D:\visualization2026\visualization\left_downsample2_Q45\frame_1200.jpg,D:\visualization2026\visualization\right_downsample2_Q45\frame_1200.jpg,D:\visualization2026\dowsample2_Q45\stitched_frames\frame_1200.jpg,D:\visualization2026\dowsample2_Q45_hess_matched\stitched_frames\frame_1200.jpg,2412,1478,5.289780530864759,3.2301583077486598,185.14231858,28.2716577533,58.20319703392147,19.76590128076316,-6.722608919920553,8.5057564725787,9.581043880895226,31.826838003143045,33.23768973809627,0,1,10.84164949908499,28.454910620221206,raw,4.790521940447613,15.913419001571523,-4.790521940447613,-15.913419001571523,8,8,1967.7912922720166,712.3516155664774,1909.588095238095,692.5857142857143,12,12,12,1.363123682592376,0.235246473467251,4.926051018630526,-0.06413194215278903,1.3074475308242115,120.12147166133028,6.775121267256884e-05,0.00010887850348455554,1.0,1.0,0.0,807.2094780595523,0.0,1.0,257.0865809984285,0.0,0.0,1.0,51.480588114000916,28.27165775334186,1.000000,35.000000,133.661730466,0
frame_1202.jpg,frame_1202,1202,D:\visualization2026\visualization\left_downsample2_Q45\frame_1202.jpg,D:\visualization2026\visualization\right_downsample2_Q45\frame_1202.jpg,D:\visualization2026\dowsample2_Q45\stitched_frames\frame_1202.jpg,D:\visualization2026\dowsample2_Q45_hess_matched\stitched_frames\frame_1202.jpg,2287,1434,5.222440438450924,3.361643591801606,182.785415346,32.3784558011,36.288248102709076,-27.62422584640791,18.052633751662995,60.00268164754764,6.746833500091063,27.577802611562195,28.391107043583872,0,1,62.65955146877954,34.33939282845188,fused,3.3734167500455317,13.788901305781097,-3.3734167500455317,-13.788901305781097,0,2,1650.987670068027,318.56845238095235,1614.699421965318,346.19267822736026,12,12,12,1.250236350670664,0.11101192577120635,3.9929334940277488,-0.08110716277692483,1.1573093839181032,144.81202021237897,4.7574410126132046e-05,4.959879101375851e-05,1.0,1.0,0.0,683.6265832499545,0.0,1.0,217.2110986942189,0.0,0.0,1.0,54.34088185437207,32.37845580113973,1.000000,35.000000,128.444533491,0
frame_1204.jpg,frame_1204,1204,D:\visualization2026\visualization\left_downsample2_Q45\frame_1204.jpg,D:\visualization2026\visualization\right_downsample2_Q45\frame_1204.jpg,D:\visualization2026\dowsample2_Q45\stitched_frames\frame_1204.jpg,D:\visualization2026\dowsample2_Q45_hess_matched\stitched_frames\frame_1204.jpg,2311,1459,5.195395727684998,3.413706511865332,181.838850469,34.0085652424,49.38463169051403,30.91637519872816,6.08984227964492,3.0921900436718346,3.802482852362273,24.1036266421458,24.40171496322482,0,1,6.829920808994351,21.13557382900379,fused,1.9012414261811366,12.0518133210729,-1.9012414261811366,-12.0518133210729,9,6,560.6549019607843,278.5019607843137,511.27027027027026,247.58558558558556,12,12,12,1.3005180175844588,0.14930994887491017,2.1302319436684547,-0.07565325319708449,1.2329142892874045,133.69318609893577,5.653751875445873e-05,8.036967396635403e-05,1.0,1.0,0.0,709.0987585738188,0.0,1.0,244.9481866789271,0.0,0.0,1.0,55.47447397015895,34.008565242399996,1.000000,35.000000,126.364376499,0
frame_1206.jpg,frame_1206,1206,D:\visualization2026\visualization\left_downsample2_Q45\frame_1206.jpg,D:\visualization2026\visualization\right_downsample2_Q45\frame_1206.jpg,D:\visualization2026\dowsample2_Q45\stitched_frames\frame_1206.jpg,D:\visualization2026\dowsample2_Q45_hess_matched\stitched_frames\frame_1206.jpg,2274,1446,5.239542690521102,3.3834236386385896,183.383994168,32.7632318655,53.417189860668145,18.36311342398301,1.3210396042754624,14.400118441546681,10.095299795958066,33.65933377854138,35.14065776825368,0,1,14.460586321675795,21.16376661438313,fused,5.047649897979033,16.82966688927069,-5.047649897979033,-16.82966688927069,2,4,568.2084942084942,279.17760617760615,514.7913043478261,260.81449275362314,12,12,12,1.2378999214087754,0.12208424095391411,5.254324625709421,-0.09022809616937004,1.165966128827908,162.42091168050416,3.89985655212345e-05,5.7804025623384766e-05,1.0,1.0,0.0,668.952350102021,0.0,1.0,229.1703331107293,0.0,0.0,1.0,54.73822946494361,32.76323186552969,1.000000,35.000000,128.645764703,0
frame_1208.jpg,frame_1208,1208,D:\visualization2026\visualization\left_downsample2_Q45\frame_1208.jpg,D:\visualization2026\visualization\right_downsample2_Q45\frame_1208.jpg,D:\visualization2026\dowsample2_Q45\stitched_frames\frame_1208.jpg,D:\visualization2026\dowsample2_Q45_hess_matched\stitched_frames\frame_1208.jpg,2271,1455,5.296583025918471,3.3347747230636635,185.380405907,30.9077873971,53.321513002363986,-3.60959920831273,0.2715075461485412,34.51738660538416,8.396702193009874,25.43625336695855,26.786332206298926,0,1,34.518454403596486,12.185473685639902,fused,4.198351096504937,12.718126683479275,-4.198351096504937,-12.718126683479275,4,1,660.6548463356974,123.99763593380612,607.3333333333334,127.60723514211885,12,12,12,1.2344057008371063,0.12127480056801614,4.405443540194185,-0.09642011622604943,1.1703270648347794,167.66527244482165,3.548713418887598e-05,6.0474434214637706e-05,1.0,1.0,0.0,666.8016489034951,0.0,1.0,242.28187331652072,0.0,0.0,1.0,53.59302054851253,30.907787397071434,1.000000,35.000000,131.787385359,0
frame_1210.jpg,frame_1210,1210,D:\visualization2026\visualization\left_downsample2_Q45\frame_1210.jpg,D:\visualization2026\visualization\right_downsample2_Q45\frame_1210.jpg,D:\visualization2026\dowsample2_Q45\stitched_frames\frame_1210.jpg,D:\visualization2026\dowsample2_Q45_hess_matched\stitched_frames\frame_1210.jpg,2313,1448,5.290872481108609,3.326472102814453,185.180536839,30.7526505701,28.697886178862063,-25.531641584500903,24.741475798058417,56.28429215455656,9.68680940367718,27.33083627652577,28.996704778257577,0,1,61.48221017502044,32.63350406449156,fused,4.84340470183859,13.665418138262885,-4.84340470183859,-13.665418138262885,1,2,1690.031219512195,323.21658536585363,1661.333333333333,348.74822695035454,12,12,12,1.311920603411963,0.1406419798279391,5.362567004724479,-0.06758245559204867,1.2205828811877242,123.1890199968806,6.529125947203297e-05,7.225839904732934e-05,1.0,1.0,0.0,708.1565952981614,0.0,1.0,230.33458186173712,0.0,0.0,1.0,53.43936197692048,30.752650570055657,1.000000,35.000000,131.741174862,0
frame_1212.jpg,frame_1212,1212,D:\visualization2026\visualization\left_downsample2_Q45\frame_1212.jpg,D:\visualization2026\visualization\right_downsample2_Q45\frame_1212.jpg,D:\visualization2026\dowsample2_Q45\stitched_frames\frame_1212.jpg,D:\visualization2026\dowsample2_Q45_hess_matched\stitched_frames\frame_1212.jpg,2215,1467,5.216010797372874,3.366297491694663,182.560377908,32.5661283237,44.89342265234848,13.67884873408218,9.559645736922029,18.887279589633508,15.671120934119497,24.71647622592949,29.265820138153245,0,1,21.168754259815053,8.445688989689609,fused,7.835560467059748,12.358238112964745,-7.835560467059748,-12.358238112964745,1,2,711.2546705998033,168.31760078662734,666.3612479474548,154.63875205254516,11,12,12,1.143933705438872,0.10025010569597465,7.619709631151876,-0.12972937398511733,1.1001648831097661,219.80425665052587,1.5680721308100138e-06,4.264037167396682e-05,1.0,1.0,0.0,607.1644395329403,0.0,1.0,254.64176188703524,0.0,0.0,1.0,54.453068389270506,32.56612832371569,1.000000,35.000000,128.107309519,0
frame_1214.jpg,frame_1214,1214,D:\visualization2026\visualization\left_downsample2_Q45\frame_1214.jpg,D:\visualization2026\visualization\right_downsample2_Q45\frame_1214.jpg,D:\visualization2026\dowsample2_Q45\stitched_frames\frame_1214.jpg,D:\visualization2026\dowsample2_Q45_hess_matched\stitched_frames\frame_1214.jpg,2245,1459,5.132888893940407,3.4216595097228435,179.651111288,34.868045768,43.26519607843136,22.302941176470597,12.540378332981454,12.565104591507946,10.089503841167499,23.10086165456566,25.20809189415803,0,1,17.752265830869163,10.817068117858687,fused,5.044751920583749,11.55043082728283,-5.044751920583749,-11.55043082728283,4,6,709.8019607843137,371.9450980392157,666.5367647058823,349.6421568627451,7,12,12,1.1978428719102405,0.11795406590549641,5.412569354745656,-0.10697809087353997,1.1446254406055556,182.8252671818231,2.2434527274656055e-05,5.682400820843554e-05,1.0,1.0,0.0,639.9552480794163,0.0,1.0,247.44956917271716,0.0,0.0,1.0,55.80557441141281,34.86804576797854,1.000000,35.000000,123.845536877,0
frame_1216.jpg,frame_1216,1216,D:\visualization2026\visualization\left_downsample2_Q45\frame_1216.jpg,D:\visualization2026\visualization\right_downsample2_Q45\frame_1216.jpg,D:\visualization2026\dowsample2_Q45\stitched_frames\frame_1216.jpg,D:\visualization2026\dowsample2_Q45_hess_matched\stitched_frames\frame_1216.jpg,2359,1453,5.098971616000638,3.466183160221295,178.46400656,36.3749243852,25.561602562076587,35.04660619660146,31.242597256487038,1.3283181885652695,9.419545260101131,0.4411538984837442,9.429870077007482,0,1,31.27082206372459,21.84107732953113,fused,4.709772630050566,0.2205769492418721,-4.709772630050566,-0.2205769492418721,3,2,586.7023060796645,261.0985324947589,561.1407035175879,226.05192629815744,5,12,12,1.3779102562760166,0.16270710145703504,4.62032912051518,-0.0483764240430364,1.273082934440656,77.94024867317965,8.802008345777097e-05,8.736561497154857e-05,1.0,1.0,0.0,754.2902273699494,0.0,1.0,243.77942305075814,0.0,0.0,1.0,56.804199818563625,36.37492438516673,1.000000,35.000000,121.659806741,0
frame_1218.jpg,frame_1218,1218,D:\visualization2026\visualization\left_downsample2_Q45\frame_1218.jpg,D:\visualization2026\visualization\right_downsample2_Q45\frame_1218.jpg,D:\visualization2026\dowsample2_Q45\stitched_frames\frame_1218.jpg,D:\visualization2026\dowsample2_Q45_hess_matched\stitched_frames\frame_1218.jpg,2308,1451,5.149469457358153,3.535753384702538,180.231431008,37.6471781725,85.72116783412412,11.20786442398196,-27.636577918611444,26.43931374856499,11.999684608821461,3.595529366237664,12.526781794805244,0,1,38.24680052692695,45.74791571262941,raw,5.9998423044107305,1.797764683118832,-5.9998423044107305,-1.797764683118832,8,3,1779.3666704796267,621.00019246631,1693.6455026455026,609.792328042328,9,12,12,1.2846969166035267,0.15512425648155936,6.202163914847869,-0.0797189873180512,1.2108773095103809,129.58177557401112,5.5604376759946597e-05,7.697442351880755e-05,1.0,1.0,0.0,702.0001576955892,0.0,1.0,249.20223531688117,0.0,0.0,1.0,58.08458991551267,37.64717817254695,1.000000,35.000000,122.146841092,0
frame_1220.jpg,frame_1220,1220,D:\visualization2026\visualization\left_downsample2_Q45\frame_1220.jpg,D:\visualization2026\visualization\right_downsample2_Q45\frame_1220.jpg,D:\visualization2026\dowsample2_Q45\stitched_frames\frame_1220.jpg,D:\visualization2026\dowsample2_Q45_hess_matched\stitched_frames\frame_1220.jpg,2264,1440,5.241372078522279,3.6225171840654973,183.448022748,38.9313725953,38.21147624504597,95.94561922110358,21.39168289272657,-57.014246625853,3.005837938559128,-1.9691046592600507,3.5933876595771053,0,1,60.89522489733132,58.03453238203144,fused,1.502918969279564,-0.9845523296300254,-1.502918969279564,0.9845523296300254,0,5,58.85559862829879,337.77170617762533,20.644122383252817,241.82608695652175,8,12,12,1.2403936468887595,0.1155033811606429,2.0949521172083236,-0.08651083870166604,1.1582150460732237,137.11715951277088,4.8103982632368455e-05,5.3905027665358956e-05,1.0,1.0,0.0,662.4970810307204,0.0,1.0,240.98455232963002,0.0,0.0,1.0,59.60315913777254,38.931372595250586,1.000000,35.000000,123.844863611,0
frame_1222.jpg,frame_1222,1222,D:\visualization2026\visualization\left_downsample2_Q45\frame_1222.jpg,D:\visualization2026\visualization\right_downsample2_Q45\frame_1222.jpg,D:\visualization2026\dowsample2_Q45\stitched_frames\frame_1222.jpg,D:\visualization2026\dowsample2_Q45_hess_matched\stitched_frames\frame_1222.jpg,2300,1481,5.316478912301028,3.675388084642048,186.076761931,39.5141292244,38.01649345317469,4.854972296020321,22.460342480523686,34.65915692840311,-10.638496390112685,6.791918083446994,12.621717660235271,0,1,41.300413355438586,43.26795737524687,fused,-5.319248195056343,3.395959041723497,5.319248195056343,-3.395959041723497,3,2,657.3294483294483,185.05439005439004,619.3129548762736,180.19941775836972,12,12,12,1.207324003282443,0.18614639789187323,-4.8326987029505055,-0.11275430475348945,1.1840162035052375,183.91776254559613,1.831502077118155e-05,8.022507355855836e-05,1.0,1.0,0.0,705.3192481950564,0.0,1.0,277.6040409582765,0.0,0.0,1.0,60.476835933698375,39.51412922442343,1.000000,35.000000,125.599925997,0
frame_1224.jpg,frame_1224,1224,D:\visualization2026\visualization\left_downsample2_Q45\frame_1224.jpg,D:\visualization2026\visualization\right_downsample2_Q45\frame_1224.jpg,D:\visualization2026\dowsample2_Q45\stitched_frames\frame_1224.jpg,D:\visualization2026\dowsample2_Q45_hess_matched\stitched_frames\frame_1224.jpg,2285,1462,5.359960907821911,3.65705963567758,187.598631774,38.5851068624,92.41473432657483,53.84317239834206,-32.42885501833021,-15.258065535980627,0.9820889264840602,13.988432227351478,14.022864715839201,0,1,35.83907367246202,44.40325220864021,fused,0.4910444632420301,6.994216113675739,-0.4910444632420301,-6.994216113675739,6,3,817.3881856540085,395.2827004219409,724.9734513274336,341.4395280235988,12,12,12,1.2606443760308426,0.15380300016969783,0.8894301649440983,-0.08919536796429668,1.2008300204466853,150.10841288712632,4.7871801916682793e-05,7.439942569493567e-05,1.0,1.0,0.0,684.508955536758,0.0,1.0,255.00578388632425,0.0,0.0,1.0,59.98587930824462,38.585106862361435,1.000000,35.000000,127.612752466,0
frame_1226.jpg,frame_1226,1226,D:\visualization2026\visualization\left_downsample2_Q45\frame_1226.jpg,D:\visualization2026\visualization\right_downsample2_Q45\frame_1226.jpg,D:\visualization2026\dowsample2_Q45\stitched_frames\frame_1226.jpg,D:\visualization2026\dowsample2_Q45_hess_matched\stitched_frames\frame_1226.jpg,2222,1468,5.394643720803495,3.6103822182121235,188.812530228,37.01448731,95.92038900117836,-8.118944592097023,-36.97907438687202,45.13343190210049,7.350200014059338,28.13275870578332,29.077096702465074,0,1,58.34791014056422,47.477441570087215,fused,3.675100007029669,14.06637935289166,-3.675100007029669,-14.06637935289166,0,1,1222.22982029754,660.2671969362203,1126.3094312963617,668.3861415283174,12,12,12,1.181812354697945,0.12309017216371243,3.363494703464567,-0.11348535089665225,1.1400799069883376,196.14577507896726,2.0661628409774088e-05,5.720262423206811e-05,1.0,1.0,0.0,618.3248999929704,0.0,1.0,253.93362064710834,0.0,0.0,1.0,58.94131461430634,37.01448731000347,1.000000,35.000000,129.871215614,0
frame_1228.jpg,frame_1228,1228,D:\visualization2026\visualization\left_downsample2_Q45\frame_1228.jpg,D:\visualization2026\visualization\right_downsample2_Q45\frame_1228.jpg,D:\visualization2026\dowsample2_Q45\stitched_frames\frame_1228.jpg,D:\visualization2026\dowsample2_Q45_hess_matched\stitched_frames\frame_1228.jpg,2219,1464,5.43013568993374,3.6016673456791217,190.054749148,36.4178020792,28.20143664564216,-26.004082388917197,30.466348664372276,62.42188446808741,5.3356647693208,22.163248687233153,22.79646707063867,0,1,69.4599889251816,47.458497953143,fused,2.6678323846604,11.081624343616577,-2.6678323846604,-11.081624343616577,0,1,1655.7663896583563,331.65373961218836,1627.564953012714,357.65782200110556,12,12,12,1.1776282599613417,0.11920068855911463,2.8327917773639086,-0.10877841471785214,1.1365745129776859,185.58667434524182,2.081022836478071e-05,5.4564687624592914e-05,1.0,1.0,0.0,616.3321676153396,0.0,1.0,252.91837565638343,0.0,0.0,1.0,58.66778531001444,36.417802079170215,1.000000,35.000000,131.386963838,0
frame_1230.jpg,frame_1230,1230,D:\visualization2026\visualization\left_downsample2_Q45\frame_1230.jpg,D:\visualization2026\visualization\right_downsample2_Q45\frame_1230.jpg,D:\visualization2026\dowsample2_Q45\stitched_frames\frame_1230.jpg,D:\visualization2026\dowsample2_Q45_hess_matched\stitched_frames\frame_1230.jpg,2242,1444,5.441786397608251,3.6337149209010704,190.462523916,37.1252917948,6.056773767828986,23.417906028458773,53.232238330602954,13.70738576630621,16.822734470444374,33.101138111904234,37.13071153865,0,1,54.968751325025096,41.25251024344205,fused,8.411367235222187,16.550569055952117,-8.411367235222187,-16.550569055952117,4,1,800.2979797979798,139.8299663299663,794.2412060301508,116.41206030150754,9,12,12,1.2020164658732133,0.10612766944650584,8.377512978031845,-0.09977456574919068,1.1371300298783698,177.02779465917655,3.732436097249774e-05,4.7037593820278117e-05,1.0,1.0,0.0,633.5886327647778,0.0,1.0,227.4494309440479,0.0,0.0,1.0,59.28901209843194,37.12529179476498,1.000000,35.000000,131.173511818,0
frame_1232.jpg,frame_1232,1232,D:\visualization2026\visualization\left_downsample2_Q45\frame_1232.jpg,D:\visualization2026\visualization\right_downsample2_Q45\frame_1232.jpg,D:\visualization2026\dowsample2_Q45\stitched_frames\frame_1232.jpg,D:\visualization2026\dowsample2_Q45_hess_matched\stitched_frames\frame_1232.jpg,2263,1433,5.427539219453365,3.6660523781886027,189.963872681,38.1111132689,47.598544043339984,33.29950643329687,12.387666256830997,4.81160683565227,16.87007621231053,28.99269892711133,33.54364414441711,0,1,13.28931283518922,24.593031812784,fused,8.435038106155265,14.496349463555665,-8.435038106155265,-14.496349463555665,3,10,596.5327004219408,283.52584388185653,548.9341563786008,250.22633744855966,8,12,12,1.2344669797344108,0.11332683943740782,8.230345868895018,-0.08378673526024559,1.1488490249126777,149.9173355893703,5.000710084109784e-05,4.782916827972205e-05,1.0,1.0,0.0,654.5649618938447,0.0,1.0,218.50365053644433,0.0,0.0,1.0,59.98621030017098,38.11111326894914,1.000000,35.000000,129.977662381,0
frame_1234.jpg,frame_1234,1234,D:\visualization2026\visualization\left_downsample2_Q45\frame_1234.jpg,D:\visualization2026\visualization\right_downsample2_Q45\frame_1234.jpg,D:\visualization2026\dowsample2_Q45\stitched_frames\frame_1234.jpg,D:\visualization2026\dowsample2_Q45_hess_matched\stitched_frames\frame_1234.jpg,2246,1452,5.430274322200118,3.6969430355039172,190.059601277,38.881900204,35.601500677827175,-0.549481383397989,25.006493487287656,39.43138158737478,12.848578655233826,29.303453217955948,31.99653643688115,0,1,46.69216819145282,15.823710883340652,fused,6.424289327616913,14.651726608977974,-6.424289327616913,-14.651726608977974,5,1,726.7767584097859,210.6360856269113,691.1752577319587,211.18556701030928,11,12,12,1.1914043048790985,0.11481543359967426,6.389784220971189,-0.10651099609478214,1.1358443679723655,185.8445879048058,2.7877593752326342e-05,5.133049271592225e-05,1.0,1.0,0.0,639.5757106723831,0.0,1.0,237.34827339102202,0.0,0.0,1.0,60.60799416511483,38.88190020397679,1.000000,35.000000,129.451607112,0
frame_1236.jpg,frame_1236,1236,D:\visualization2026\visualization\left_downsample2_Q45\frame_1236.jpg,D:\visualization2026\visualization\right_downsample2_Q45\frame_1236.jpg,D:\visualization2026\dowsample2_Q45\stitched_frames\frame_1236.jpg,D:\visualization2026\dowsample2_Q45_hess_matched\stitched_frames\frame_1236.jpg,2258,1442,5.485992043251846,3.734665256148638,192.009721514,39.2754026448,97.96794444444458,14.68416666666667,-36.74236567754125,24.59123597813597,1.6933172180509872,34.33053464222779,34.37226981190143,0,1,44.21233224468632,39.65041813296428,fused,0.8466586090254936,17.165267321113895,-0.8466586090254936,-17.165267321113895,1,2,1626.6693333333333,477.08,1528.7013888888887,462.3958333333333,12,12,12,1.2241440063600146,0.11573358816548844,0.7004388685281214,-0.09162028222101037,1.1535715503595114,164.4935394858174,4.4479445192064256e-05,5.2225278217989244e-05,1.0,1.0,0.0,657.1533413909746,0.0,1.0,224.8347326788861,0.0,0.0,1.0,61.22557876690333,39.27540264480264,1.000000,35.000000,130.784142747,0
frame_1238.jpg,frame_1238,1238,D:\visualization2026\visualization\left_downsample2_Q45\frame_1238.jpg,D:\visualization2026\visualization\right_downsample2_Q45\frame_1238.jpg,D:\visualization2026\dowsample2_Q45\stitched_frames\frame_1238.jpg,D:\visualization2026\dowsample2_Q45_hess_matched\stitched_frames\frame_1238.jpg,2227,1453,5.570059189523992,3.7853392404752633,194.952071633,39.7076038734,51.671405450896714,-24.26805204894154,10.358860878988757,63.97565592231049,-6.347078268636623,36.320825010664294,36.87123176683274,0,1,64.80887708794302,32.30910205431132,fused,-3.1735391343183115,18.160412505332147,3.1735391343183115,-18.160412505332147,2,3,794.3368421052631,172.83157894736843,742.6654366543664,197.09963099630997,8,12,12,1.1495381945765006,0.10145047829277078,-2.7447313027353535,-0.11943902775009282,1.0971570527225059,209.26662053605344,1.250449482633458e-05,3.7534469787910176e-05,1.0,1.0,0.0,630.1735391343183,0.0,1.0,234.83958749466785,0.0,0.0,1.0,62.03026632988547,39.707603873368946,1.000000,35.000000,132.921805303,0
frame_1240.jpg,frame_1240,1240,D:\visualization2026\visualization\left_downsample2_Q45\frame_1240.jpg,D:\visualization2026\visualization\right_downsample2_Q45\frame_1240.jpg,D:\visualization2026\dowsample2_Q45\stitched_frames\frame_1240.jpg,D:\visualization2026\dowsample2_Q45_hess_matched\stitched_frames\frame_1240.jpg,2227,1453,5.632730516429473,3.8374320541164053,197.145568075,40.4002709117,65.4658082621437,1.5574780240188204,-2.544068855311231,38.84279288766543,-14.808717233255294,27.62390712217314,31.342915480040464,0,1,38.92601759305255,16.62182293413606,fused,-7.404358616627647,13.81195356108657,7.404358616627647,-13.81195356108657,1,0,746.9878048780488,214.6991869918699,681.5219966159051,213.1417089678511,10,12,12,1.149485290316173,0.10129167672673393,-6.975550785044689,-0.11949340303246367,1.096993835621639,204.91816159180786,1.250449482633458e-05,3.7534469787910176e-05,1.0,1.0,0.0,634.4043586166276,0.0,1.0,239.18804643891343,0.0,0.0,1.0,62.921739406832465,40.40027091168425,1.000000,35.000000,134.223828668,0
frame_1242.jpg,frame_1242,1242,D:\visualization2026\visualization\left_downsample2_Q45\frame_1242.jpg,D:\visualization2026\visualization\right_downsample2_Q45\frame_1242.jpg,D:\visualization2026\dowsample2_Q45\stitched_frames\frame_1242.jpg,D:\visualization2026\dowsample2_Q45_hess_matched\stitched_frames\frame_1242.jpg,2267,1437,5.641953918297335,3.9278430663551482,197.46838714,42.6434756828,92.5525962794311,27.88041700495367,-27.81431117660705,14.763058677834792,-4.952445695203517,34.749192008081266,35.10032853946582,0,1,31.489423744399023,30.36627107144009,fused,-2.4762228476017585,17.374596004040633,2.4762228476017585,-17.374596004040633,0,1,766.3245614035088,201.1520467836257,673.7719651240777,173.27162977867204,12,12,12,1.2084396037876766,0.11251225926328297,-2.313105687042918,-0.09359681314823713,1.1386205332495924,167.8369248325519,4.186705591823684e-05,4.570454464333089e-05,1.0,1.0,0.0,669.4762228476018,0.0,1.0,206.62540399595937,0.0,0.0,1.0,64.73828510282405,42.64347568278846,1.000000,35.000000,132.730102038,0
frame_1244.jpg,frame_1244,1244,D:\visualization2026\visualization\left_downsample2_Q45\frame_1244.jpg,D:\visualization2026\visualization\right_downsample2_Q45\frame_1244.jpg,D:\visualization2026\dowsample2_Q45\stitched_frames\frame_1244.jpg,D:\visualization2026\dowsample2_Q45_hess_matched\stitched_frames\frame_1244.jpg,2265,1398,5.624574063519414,4.08406582002555,196.860092223,46.8679658538,85.26896713615031,50.921173708920165,-17.301701335805703,-4.053207855080984,-2.4818940042956656,15.635708796451834,15.8314619481588,0,1,17.770125577212756,24.64305436130199,fused,-1.2409470021478328,7.817854398225917,1.2409470021478328,-7.817854398225917,6,2,742.6056338028169,171.75117370892016,657.3366666666666,120.83,11,12,12,1.226784983111861,0.07955123182483459,-1.53819162481676,-0.06725134867163686,1.077218698707406,116.58046744909315,7.32384909210075e-05,2.0884103331360855e-06,1.0,1.0,0.0,666.2409470021478,0.0,1.0,158.1821456017741,0.0,0.0,1.0,67.9672658003446,46.86796585383918,1.000000,35.000000,128.892826423,0
frame_1246.jpg,frame_1246,1246,D:\visualization2026\visualization\left_downsample2_Q45\frame_1246.jpg,D:\visualization2026\visualization\right_downsample2_Q45\frame_1246.jpg,D:\visualization2026\dowsample2_Q45\stitched_frames\frame_1246.jpg,D:\visualization2026\dowsample2_Q45_hess_matched\stitched_frames\frame_1246.jpg,2279,1442,5.611029347955284,4.225925880773783,196.386027178,50.6806712985,58.35433782845871,-9.536989109212755,12.538992012717642,60.21766040767662,-13.746664578224618,5.516209684351837,14.812135440507975,0,1,61.50929153932161,60.689244958668546,fused,-6.873332289112309,2.7581048421759187,6.873332289112309,-2.7581048421759187,1,0,744.193220338983,188.26553672316382,685.8388825105243,197.80252583237657,5,12,12,1.2541014894121425,0.1268533495784911,-6.378667952635251,-0.08405219249999973,1.1701563145345333,137.57817615736272,6.08044930875282e-05,5.578950258599007e-05,1.0,1.0,0.0,685.8733322891123,0.0,1.0,215.24189515782408,0.0,0.0,1.0,70.89332984117635,50.680671298463864,1.000000,35.000000,125.492697337,0
frame_1248.jpg,frame_1248,1248,D:\visualization2026\visualization\left_downsample2_Q45\frame_1248.jpg,D:\visualization2026\visualization\right_downsample2_Q45\frame_1248.jpg,D:\visualization2026\dowsample2_Q45\stitched_frames\frame_1248.jpg,D:\visualization2026\dowsample2_Q45_hess_matched\stitched_frames\frame_1248.jpg,2273,1441,5.581288123135974,4.291404774322171,195.34508431,52.6861589187,49.5958558471375,84.27791905453671,22.71161933352802,-31.591760135836694,-5.950907266087642,6.397062336373432,8.737030606849343,0,1,38.90831480842269,47.58877035497737,raw,-2.975453633043821,3.198531168186716,2.975453633043821,-3.198531168186716,5,6,1819.6077001787787,683.2220814910849,1770.0118443316412,598.9441624365481,7,12,12,1.248555673385149,0.12074575147416944,-3.26675613829675,-0.08316939908705306,1.1627354506034053,136.7278537158104,6.0675349427060885e-05,5.085453736702765e-05,1.0,1.0,0.0,675.9754536330438,0.0,1.0,212.80146883181328,0.0,0.0,1.0,72.30747518066552,52.686158918700016,1.000000,35.000000,123.037609129,0
frame_1250.jpg,frame_1250,1250,D:\visualization2026\visualization\left_downsample2_Q45\frame_1250.jpg,D:\visualization2026\visualization\right_downsample2_Q45\frame_1250.jpg,D:\visualization2026\dowsample2_Q45\stitched_frames\frame_1250.jpg,D:\visualization2026\dowsample2_Q45_hess_matched\stitched_frames\frame_1250.jpg,2241,1452,5.499346851484771,4.313527554181466,192.477139802,54.1155635109,131.84768888311692,65.870266183779,-58.86792172495599,-11.754702672834547,5.154491026088879,7.32323904944584,8.955367547641984,0,1,60.03003617475412,66.8044698715878,raw,2.5772455130444394,3.66161952472292,-2.5772455130444394,-3.66161952472292,0,9,1211.8073430617912,674.3207945219153,1079.9596541786743,608.4505283381363,6,12,12,1.161924275795529,0.11906273130195048,2.6378716187055113,-0.12171512859536728,1.1203658999478507,198.52139526365184,1.6367514195654382e-05,5.0110350844805193e-05,1.0,1.0,0.0,638.4227544869556,0.0,1.0,239.3383804752771,0.0,0.0,1.0,72.97976715816093,54.11556351094445,1.000000,35.000000,119.497372644,0
frame_1252.jpg,frame_1252,1252,D:\visualization2026\visualization\left_downsample2_Q45\frame_1252.jpg,D:\visualization2026\visualization\right_downsample2_Q45\frame_1252.jpg,D:\visualization2026\dowsample2_Q45\stitched_frames\frame_1252.jpg,D:\visualization2026\dowsample2_Q45_hess_matched\stitched_frames\frame_1252.jpg,2281,1454,5.465448147201423,4.344654115070991,191.290685152,55.2755575027,62.54099378881983,36.10823556475725,11.164475384077832,19.16732193794276,9.055187002216186,-2.4357803477325173,9.377069774055482,0,1,22.181788495845453,21.705831609113826,fused,4.527593501108093,-1.2178901738662586,-4.527593501108093,1.2178901738662586,5,2,793.0714285714286,383.7169312169312,730.5304347826087,347.60869565217394,8,12,12,1.2430703466029656,0.14318068848440968,4.711689299068006,-0.09433518964330904,1.1854345015046877,149.27306172199573,4.9595945059099244e-05,6.807103255044035e-05,1.0,1.0,0.0,676.4724064988919,0.0,1.0,237.21789017386627,0.0,0.0,1.0,73.70546917289766,55.27555750270001,1.000000,35.000000,117.585215979,0
frame_1254.jpg,frame_1254,1254,D:\visualization2026\visualization\left_downsample2_Q45\frame_1254.jpg,D:\visualization2026\visualization\right_downsample2_Q45\frame_1254.jpg,D:\visualization2026\dowsample2_Q45\stitched_frames\frame_1254.jpg,D:\visualization2026\dowsample2_Q45_hess_matched\stitched_frames\frame_1254.jpg,2262,1448,5.59287703528126,4.402860296715499,195.750696235,55.4492167146,36.32096733178969,54.871541004272444,38.225290125076896,0.5776757102810564,9.684793867836877,8.336061906092544,12.778308196498394,0,1,38.22965490784019,29.57621481820975,raw,4.8423969339184385,4.168030953046272,-4.8423969339184385,-4.168030953046272,7,5,1823.5239851644371,649.3585094542038,1787.2030178326474,594.4869684499314,11,12,12,1.2130081774780304,0.12724134239864787,4.7194793578664065,-0.09999071639335574,1.1539797598237882,164.28554023529284,4.155438249714642e-05,5.572904059137452e-05,1.0,1.0,0.0,657.1576030660816,0.0,1.0,226.83196904695373,0.0,0.0,1.0,74.54625745686658,55.4492167145535,1.000000,35.000000,121.204438778,0
frame_1256.jpg,frame_1256,1256,D:\visualization2026\visualization\left_downsample2_Q45\frame_1256.jpg,D:\visualization2026\visualization\right_downsample2_Q45\frame_1256.jpg,D:\visualization2026\dowsample2_Q45\stitched_frames\frame_1256.jpg,D:\visualization2026\dowsample2_Q45_hess_matched\stitched_frames\frame_1256.jpg,2239,1449,5.862508878434106,4.432149672024497,205.187810745,53.3874616365,146.57668191831885,65.92653787493646,-72.1633482780197,-12.539076238399666,21.12352179565811,18.76329912430012,28.253576182133205,1,1,73.24463985580903,98.39857128785255,fused,10.561760897829055,9.38164956215006,-10.561760897829055,-9.38164956215006,5,9,1833.5766819183189,662.4265378749365,1687.0,596.5,12,12,12,1.1889361861545336,0.1261274584535229,10.544616564586073,-0.1098867283683959,1.1378569836867982,186.14886264292136,3.2739310847807644e-05,5.324244933362989e-05,1.0,1.0,0.0,628.438239102171,0.0,1.0,223.61835043784993,0.0,0.0,1.0,74.41333364029916,53.38746163653679,1.000000,35.000000,130.774477105,0
frame_1258.jpg,frame_1258,1258,D:\visualization2026\visualization\left_downsample2_Q45\frame_1258.jpg,D:\visualization2026\visualization\right_downsample2_Q45\frame_1258.jpg,D:\visualization2026\dowsample2_Q45\stitched_frames\frame_1258.jpg,D:\visualization2026\dowsample2_Q45_hess_matched\stitched_frames\frame_1258.jpg,2210,1446,6.090402026638068,4.444266187174286,213.164070932,51.3177939363,48.18390236793084,29.05034280305449,25.85965366163147,22.267451133288617,14.784568816381714,20.14061749002977,24.984554187858137,0,1,34.12566581728372,11.277452091477866,raw,7.392284408190857,10.070308745014884,-7.392284408190857,-10.070308745014884,0,11,1177.1961347838328,668.7735843932685,1129.012232415902,639.723241590214,10,12,12,1.128387187760317,0.10933140005375318,7.908835915273084,-0.12871857625842958,1.0918746817360376,216.47196577664255,7.378386916035399e-06,4.0274189265314935e-05,1.0,1.0,0.0,602.6077155918091,0.0,1.0,228.92969125498513,0.0,0.0,1.0,74.04355602956231,51.31779393634311,1.000000,35.000000,139.120514903,0
frame_1260.jpg,frame_1260,1260,D:\visualization2026\visualization\left_downsample2_Q45\frame_1260.jpg,D:\visualization2026\visualization\right_downsample2_Q45\frame_1260.jpg,D:\visualization2026\dowsample2_Q45\stitched_frames\frame_1260.jpg,D:\visualization2026\dowsample2_Q45_hess_matched\stitched_frames\frame_1260.jpg,2271,1458,6.085428115452048,4.467187929851537,212.989984041,51.9629789161,76.19816723940437,11.581495497846817,-1.6742820858498533,40.38148341820332,15.153195664626104,33.806005985978686,37.04679985605329,0,1,40.41617774552199,18.066568874704988,fused,7.576597832313052,16.903002992989343,-7.576597832313052,-16.903002992989343,0,6,797.864833906071,227.00343642611685,721.6666666666666,215.42194092827003,10,12,12,1.2105346176753171,0.13160118970733253,8.055074934626656,-0.10576746362366168,1.1605120359028456,187.1422238346728,3.933389663696195e-05,5.935856838286054e-05,1.0,1.0,0.0,663.423402167687,0.0,1.0,209.09699700701066,0.0,0.0,1.0,74.52388515355452,51.96297891605013,1.000000,35.000000,138.466098887,0
frame_1262.jpg,frame_1262,1262,D:\visualization2026\visualization\left_downsample2_Q45\frame_1262.jpg,D:\visualization2026\visualization\right_downsample2_Q45\frame_1262.jpg,D:\visualization2026\dowsample2_Q45\stitched_frames\frame_1262.jpg,D:\visualization2026\dowsample2_Q45_hess_matched\stitched_frames\frame_1262.jpg,2253,1448,5.840757028272268,4.521387610966357,204.42649599,55.924236905,96.820079534569,29.870323138447702,-20.530289512304122,26.05391376659101,12.852817871321026,40.68789443142892,42.669657609318286,0,1,33.170758357565255,36.44976335568583,raw,6.426408935660513,20.34394721571446,-6.426408935660513,-20.34394721571446,5,4,1786.0193346556118,607.6729302147978,1689.1992551210428,577.8026070763501,10,12,12,1.1837141223170797,0.11497796697380679,6.813573025777098,-0.1108553247018486,1.1267465729825958,198.56665987524147,3.1996868016156975e-05,4.674968938105778e-05,1.0,1.0,0.0,646.5735910643394,0.0,1.0,197.65605278428555,0.0,0.0,1.0,76.28979002226488,55.92423690503871,1.000000,35.000000,128.136705967,0
frame_1264.jpg,frame_1264,1264,D:\visualization2026\visualization\left_downsample2_Q45\frame_1264.jpg,D:\visualization2026\visualization\right_downsample2_Q45\frame_1264.jpg,D:\visualization2026\dowsample2_Q45\stitched_frames\frame_1264.jpg,D:\visualization2026\dowsample2_Q45_hess_matched\stitched_frames\frame_1264.jpg,2257,1447,5.6008391753352065,4.549327446861689,196.029371137,59.1562341261,37.43954766848174,-9.748384063932349,40.06842436629883,68.90461819002564,6.066279013455636,40.70883764876026,41.158343064100784,0,1,79.7077476730526,44.17180015493002,fused,3.033139506727818,20.35441882438013,-3.033139506727818,-20.35441882438013,3,1,1608.4776902887138,438.1023622047244,1571.038142620232,447.85074626865674,5,12,12,1.2035300048109172,0.12456071362507425,3.4702981318699786,-0.10355628800346979,1.143091635059261,187.5366706718631,4.118189310349382e-05,5.199735286084373e-05,1.0,1.0,0.0,653.9668604932722,0.0,1.0,195.64558117561987,0.0,0.0,1.0,77.50797203478056,59.15623412609329,1.000000,35.000000,118.521399102,0
frame_1266.jpg,frame_1266,1266,D:\visualization2026\visualization\left_downsample2_Q45\frame_1266.jpg,D:\visualization2026\visualization\right_downsample2_Q45\frame_1266.jpg,D:\visualization2026\dowsample2_Q45\stitched_frames\frame_1266.jpg,D:\visualization2026\dowsample2_Q45_hess_matched\stitched_frames\frame_1266.jpg,2341,1436,5.576689326291671,4.5039409528902326,195.18412642,58.2342706063,56.10829059829064,12.402264957264947,20.540582926828804,45.832005649036034,6.179391119345735,30.374658622743176,30.99685082478598,0,1,50.224379426601196,21.09913285475409,fused,3.0896955596728675,15.187329311371588,-3.0896955596728675,-15.187329311371588,3,1,877.8711111111111,174.4311111111111,821.7628205128204,162.02884615384616,12,12,12,1.3731415298275906,0.13760600995057296,3.23674514084434,-0.03927957002666402,1.2073106480346563,80.66593700817465,0.00011626942082103634,4.508027071876502e-05,1.0,1.0,0.0,737.9103044403271,0.0,1.0,158.8126706886284,0.0,0.0,1.0,76.64887352511944,58.23427060630098,1.000000,35.000000,118.535252895,0
frame_1268.jpg,frame_1268,1268,D:\visualization2026\visualization\left_downsample2_Q45\frame_1268.jpg,D:\visualization2026\visualization\right_downsample2_Q45\frame_1268.jpg,D:\visualization2026\dowsample2_Q45\stitched_frames\frame_1268.jpg,D:\visualization2026\dowsample2_Q45_hess_matched\stitched_frames\frame_1268.jpg,2225,1440,5.6796025579517675,4.425543773190444,198.786089528,55.1292782441,82.84668016256774,32.7571110241837,-8.073040627695477,22.37216721994527,11.323727523576363,26.146869076350526,28.493605730479537,0,1,23.78419330340248,19.76064241918625,raw,5.661863761788181,13.073434538175263,-5.661863761788181,-13.073434538175263,3,11,1768.180013495901,586.5683985021378,1685.3333333333333,553.8112874779541,7,12,12,1.2539536182164095,0.0708531351709475,5.596141247653504,-0.07126798115584013,1.1594190289422603,128.2881982680844,7.472681782800233e-05,3.8208408452448104e-05,1.0,1.0,0.0,619.3381362382119,0.0,1.0,175.92656546182474,0.0,0.0,1.0,74.77363953487226,55.12927824412897,1.000000,35.000000,124.012449993,0
frame_1270.jpg,frame_1270,1270,D:\visualization2026\visualization\left_downsample2_Q45\frame_1270.jpg,D:\visualization2026\visualization\right_downsample2_Q45\frame_1270.jpg,D:\visualization2026\dowsample2_Q45\stitched_frames\frame_1270.jpg,D:\visualization2026\dowsample2_Q45_hess_matched\stitched_frames\frame_1270.jpg,2237,1441,5.79190101145589,4.364041384867651,202.716535401,52.3633428707,74.32584990977949,63.65275458253336,-1.1087215563993595,-11.289411711882096,-3.2859796479170225,6.382103600846325,7.178363923517706,0,1,11.343724268951766,17.80513707459378,fused,-1.6429898239585112,3.1910518004231627,1.6429898239585112,-3.1910518004231627,3,4,380.79358111403764,1364.2566578870353,306.46773120425814,1300.603903304502,6,12,12,1.1727829905711165,0.12127148730816172,-1.481576438626031,-0.1121074787173619,1.1217990762245562,182.7214650414123,3.127389881626704e-05,4.866527205746938e-05,1.0,1.0,0.0,638.6429898239585,0.0,1.0,205.80894819957683,0.0,0.0,1.0,73.21712835338013,52.363342870651266,1.000000,35.000000,129.499407048,0
frame_1272.jpg,frame_1272,1272,D:\visualization2026\visualization\left_downsample2_Q45\frame_1272.jpg,D:\visualization2026\visualization\right_downsample2_Q45\frame_1272.jpg,D:\visualization2026\dowsample2_Q45\stitched_frames\frame_1272.jpg,D:\visualization2026\dowsample2_Q45_hess_matched\stitched_frames\frame_1272.jpg,2236,1435,5.818313909530256,4.3646760567645515,203.640986834,52.1035509533,67.96720245814254,47.18858491870401,5.19139250884902,4.914966034627788,-8.32538654828457,-6.523644631750225,10.576861560014917,0,1,7.148947286312757,17.707205597054042,raw,-4.162693274142285,-3.2618223158751123,4.162693274142285,3.2618223158751123,2,9,1795.8498315661238,607.2887414132267,1727.8826291079813,560.1001564945227,6,12,12,1.1754161069336058,0.11670887098632608,-4.203423546085801,-0.10782075666812792,1.1150115593519083,168.75675006153526,3.513000910225445e-05,4.388715225477575e-05,1.0,1.0,0.0,640.1626932741423,0.0,1.0,204.26182231587512,0.0,0.0,1.0,73.15859496699156,52.1035509533318,1.000000,35.000000,130.482391867,0
frame_1274.jpg,frame_1274,1274,D:\visualization2026\visualization\left_downsample2_Q45\frame_1274.jpg,D:\visualization2026\visualization\right_downsample2_Q45\frame_1274.jpg,D:\visualization2026\dowsample2_Q45\stitched_frames\frame_1274.jpg,D:\visualization2026\dowsample2_Q45_hess_matched\stitched_frames\frame_1274.jpg,2241,1441,5.780987973638027,4.425461601553181,202.334579077,54.0669019236,107.47777777777777,83.98611111111114,-32.9801114911681,-29.919209187495376,-7.818487538997136,-6.7235434488362325,10.311875867457003,0,1,44.529168332397425,34.22201380646775,fused,-3.909243769498568,-3.3617717244181162,3.909243769498568,3.3617717244181162,7,5,212.16666666666666,387.1607142857143,104.68888888888888,303.17460317460313,11,12,12,1.208678998474344,0.11622386816091314,-3.2659221195773913,-0.09725004473508762,1.1361515272905147,152.04318118051577,5.1715189725844006e-05,4.523098613389229e-05,1.0,1.0,0.0,644.9092437694985,0.0,1.0,200.3617717244181,0.0,0.0,1.0,74.49766628660967,54.06690192361577,1.000000,35.000000,127.836912791,0
frame_1276.jpg,frame_1276,1276,D:\visualization2026\visualization\left_downsample2_Q45\frame_1276.jpg,D:\visualization2026\visualization\right_downsample2_Q45\frame_1276.jpg,D:\visualization2026\dowsample2_Q45\stitched_frames\frame_1276.jpg,D:\visualization2026\dowsample2_Q45_hess_matched\stitched_frames\frame_1276.jpg,2239,1445,5.754204512362792,4.489287931326757,201.397157933,55.998693277,80.5266013636799,74.69542879093444,-4.65645157500893,-18.696735513946706,-3.442809069534391,-2.411725544824434,4.203493117970693,0,1,19.267860808841213,16.330170783721346,fused,-1.7214045347671956,-1.205862772412217,1.7214045347671956,1.205862772412217,1,4,725.9881398252184,386.44756554307116,645.4615384615385,311.7521367521367,10,12,12,1.208760261796926,0.12720991458811395,-1.3743385990727504,-0.1004006282272227,1.1492217870195514,159.05168434563916,4.8752986563648534e-05,5.461314310736187e-05,1.0,1.0,0.0,640.7214045347672,0.0,1.0,205.20586277241222,0.0,0.0,1.0,75.87014978867097,55.99869327698774,1.000000,35.000000,125.527008144,0
frame_1278.jpg,frame_1278,1278,D:\visualization2026\visualization\left_downsample2_Q45\frame_1278.jpg,D:\visualization2026\visualization\right_downsample2_Q45\frame_1278.jpg,D:\visualization2026\dowsample2_Q45\stitched_frames\frame_1278.jpg,D:\visualization2026\dowsample2_Q45_hess_matched\stitched_frames\frame_1278.jpg,2259,1445,5.802366977587717,4.515776192197492,203.082844216,56.1804928581,81.81790649954269,34.80781972360256,-5.538545581258305,21.37267313451523,-11.348059699466425,-10.738091535261042,15.623222099243769,0,1,22.07864678983984,32.63206493569495,fused,-5.674029849733213,-5.369045767630521,5.674029849733213,5.369045767630521,4,1,703.8213429256595,326.08273381294964,622.0034364261168,291.2749140893471,8,12,12,1.1901788748389628,0.1257832827511706,-5.477793981877451,-0.10819044510081999,1.1377744410583117,167.80152387893574,3.876386758735633e-05,5.432089478950077e-05,1.0,1.0,0.0,664.6740298497332,0.0,1.0,214.36904576763052,0.0,0.0,1.0,76.27936091828438,56.180492858117795,1.000000,35.000000,126.803483297,0
frame_1280.jpg,frame_1280,1280,D:\visualization2026\visualization\left_downsample2_Q45\frame_1280.jpg,D:\visualization2026\visualization\right_downsample2_Q45\frame_1280.jpg,D:\visualization2026\dowsample2_Q45\stitched_frames\frame_1280.jpg,D:\visualization2026\dowsample2_Q45_hess_matched\stitched_frames\frame_1280.jpg,2255,1441,5.901310361202928,4.5936468036449725,206.545862642,57.1609194298,56.8280732133735,46.89124162157418,20.76967079091436,10.269677808176887,-6.605407426028457,-11.73214052763742,13.463822957245997,0,1,23.169926781211934,35.1208615706664,raw,-3.3027037130142287,-5.86607026381871,3.3027037130142287,5.86607026381871,9,4,1790.2458509911512,614.6454638437963,1733.4177777777777,567.7542222222221,12,12,12,1.1940580488213406,0.11671146972055682,-3.48792989486309,-0.10249509599246502,1.1330079708020977,157.66422326374214,4.419181622562521e-05,4.774035976025721e-05,1.0,1.0,0.0,658.3027037130142,0.0,1.0,207.8660702638187,0.0,0.0,1.0,77.59774400428786,57.16091942975107,1.000000,35.000000,128.948118638,0
frame_1282.jpg,frame_1282,1282,D:\visualization2026\visualization\left_downsample2_Q45\frame_1282.jpg,D:\visualization2026\visualization\right_downsample2_Q45\frame_1282.jpg,D:\visualization2026\dowsample2_Q45\stitched_frames\frame_1282.jpg,D:\visualization2026\dowsample2_Q45_hess_matched\stitched_frames\frame_1282.jpg,2253,1437,6.010522469112727,4.679285009308575,210.368286419,58.2349697078,113.3814166294867,94.95183362537045,-34.334860640811144,-36.716863917555244,-11.805806850375458,-16.86147507152816,20.58364440462713,0,1,50.269381845853175,30.02989728452765,raw,-5.902903425187729,-8.43073753576408,5.902903425187729,8.43073753576408,0,9,1151.608024816621,642.4094359645517,1038.2266081871344,547.4576023391812,6,12,12,1.1924553937153861,0.1142635410389648,-6.240089455385315,-0.10322795242507174,1.1271418184143882,155.5731453300592,4.413428955362057e-05,4.633637174012026e-05,1.0,1.0,0.0,658.9029034251877,0.0,1.0,206.43073753576408,0.0,0.0,1.0,79.04655598867555,58.23496970781521,1.000000,35.000000,131.32173043,0
frame_1284.jpg,frame_1284,1284,D:\visualization2026\visualization\left_downsample2_Q45\frame_1284.jpg,D:\visualization2026\visualization\right_downsample2_Q45\frame_1284.jpg,D:\visualization2026\dowsample2_Q45\stitched_frames\frame_1284.jpg,D:\visualization2026\dowsample2_Q45_hess_matched\stitched_frames\frame_1284.jpg,2245,1438,6.097063891363522,4.702221421811618,213.397236198,57.9235019772,88.54643810080778,92.81295612656407,-9.266850123978273,-34.889454149377265,-11.203109261954543,-24.060762043352227,26.54109883260508,0,1,36.09914849496833,11.000439635600276,fused,-5.6015546309772715,-12.030381021676114,5.6015546309772715,12.030381021676114,5,3,134.51987767584097,356.9510703363914,45.9734395750332,264.13811420982734,12,12,12,1.1658456535329933,0.11523164275971985,-5.252251737230959,-0.11317044536500118,1.111704738729575,168.5674917374848,3.1842753718491975e-05,4.482624820378746e-05,1.0,1.0,0.0,650.6015546309773,0.0,1.0,216.0303810216761,0.0,0.0,1.0,79.2795879768295,57.92350197718681,1.000000,35.000000,134.117648221,0
frame_1286.jpg,frame_1286,1286,D:\visualization2026\visualization\left_downsample2_Q45\frame_1286.jpg,D:\visualization2026\visualization\right_downsample2_Q45\frame_1286.jpg,D:\visualization2026\dowsample2_Q45\stitched_frames\frame_1286.jpg,D:\visualization2026\dowsample2_Q45_hess_matched\stitched_frames\frame_1286.jpg,2252,1443,6.161659688712709,4.679150484719283,215.658089105,56.650953269,109.29336095092026,100.99436150237887,-30.658448696743932,-44.34340823340041,-12.534141093536537,-23.91499603362751,27.000587553627437,0,1,53.9099093882088,27.309532238753402,fused,-6.267070546768268,-11.957498016813755,6.267070546768268,11.957498016813755,3,1,746.0300489168413,381.14185883997203,636.7366879659211,280.14749733759317,6,12,12,1.1752794918243241,0.12220690745052107,-6.088283260383109,-0.11134307634527157,1.1269695418558785,165.66707294602134,3.3017468732321484e-05,5.0774697030643076e-05,1.0,1.0,0.0,658.2670705467683,0.0,1.0,221.95749801681376,0.0,0.0,1.0,78.63491225417633,56.650953268978455,1.000000,35.000000,137.023176851,0
frame_1288.jpg,frame_1288,1288,D:\visualization2026\visualization\left_downsample2_Q45\frame_1288.jpg,D:\visualization2026\visualization\right_downsample2_Q45\frame_1288.jpg,D:\visualization2026\dowsample2_Q45\stitched_frames\frame_1288.jpg,D:\visualization2026\dowsample2_Q45_hess_matched\stitched_frames\frame_1288.jpg,2244,1439,6.223913255275196,4.654192388477391,217.836963935,55.3540627385,80.48319327731087,69.97782446311862,-2.5250576391537294,-14.623761724605082,0.48364721565819746,-9.247467762475257,9.260106621806957,0,1,14.840159131864901,6.160912405691424,fused,0.24182360782909873,-4.623733881237628,-0.24182360782909873,4.623733881237628,5,6,708.078431372549,333.1484593837535,627.5952380952381,263.1706349206349,10,12,12,1.2128204354764887,0.12743166721570678,0.24726587917879206,-0.09536997418798165,1.14695415858579,147.55110284361515,5.513051997599992e-05,5.198762409960382e-05,1.0,1.0,0.0,643.7581763921709,0.0,1.0,199.62373388123763,0.0,0.0,1.0,77.95813563815715,55.35406273851354,1.000000,35.000000,139.878828296,0
frame_1290.jpg,frame_1290,1290,D:\visualization2026\visualization\left_downsample2_Q45\frame_1290.jpg,D:\visualization2026\visualization\right_downsample2_Q45\frame_1290.jpg,D:\visualization2026\dowsample2_Q45\stitched_frames\frame_1290.jpg,D:\visualization2026\dowsample2_Q45_hess_matched\stitched_frames\frame_1290.jpg,2234,1446,6.308224943644653,4.658161808558379,220.787873028,54.5750841676,54.774356869184544,136.4120415982485,23.036521902463363,-81.8369574306131,4.104797628801936,-0.8224772922453238,4.186386564768858,1,1,85.01746257600644,83.1970923534226,fused,2.052398814400968,-0.4112386461226619,-2.052398814400968,0.4112386461226619,4,2,707.7902298850574,411.88505747126436,653.0158730158729,275.47301587301587,10,12,12,1.188077516282162,0.12975106237693582,1.8785562164310168,-0.1078702089842616,1.1425353119266137,172.01494604590798,4.0676362938038206e-05,5.599540409177018e-05,1.0,1.0,0.0,631.9476011855991,0.0,1.0,208.41123864612265,0.0,0.0,1.0,77.81087877164791,54.5750841676354,1.000000,35.000000,142.976994256,0
frame_1292.jpg,frame_1292,1292,D:\visualization2026\visualization\left_downsample2_Q45\frame_1292.jpg,D:\visualization2026\visualization\right_downsample2_Q45\frame_1292.jpg,D:\visualization2026\dowsample2_Q45\stitched_frames\frame_1292.jpg,D:\visualization2026\dowsample2_Q45_hess_matched\stitched_frames\frame_1292.jpg,2224,1445,6.474584212121439,4.644721979817671,226.610447424,52.487566205,46.332967032967076,15.866788766788744,30.754080905162525,36.62077743820602,11.016310887997177,11.485003171123662,15.914283000554116,0,1,47.82148923339695,31.959141309744712,fused,5.5081554439985885,5.742501585561831,-5.5081554439985885,-5.742501585561831,1,0,828.1047619047619,242.25396825396822,781.7717948717948,226.38717948717948,1,12,12,1.1707237619507,0.12587305921894568,5.623938823409502,-0.11026733331469543,1.133096072383611,182.41777993987014,3.611122188190337e-05,5.223338964233493e-05,1.0,1.0,0.0,618.4918445560014,0.0,1.0,203.25749841443817,0.0,0.0,1.0,77.0870479381296,52.48756620499476,1.000000,35.000000,149.523399486,0
frame_1294.jpg,frame_1294,1294,D:\visualization2026\visualization\left_downsample2_Q45\frame_1294.jpg,D:\visualization2026\visualization\right_downsample2_Q45\frame_1294.jpg,D:\visualization2026\dowsample2_Q45\stitched_frames\frame_1294.jpg,D:\visualization2026\dowsample2_Q45_hess_matched\stitched_frames\frame_1294.jpg,2217,1434,6.629166310401871,4.610501687577102,232.020820864,49.9854517647,67.13292007804182,42.74995356294812,8.838901941740417,7.23549820177238,15.251959934511422,23.01965132616175,27.6138847144331,0,1,11.422723920482095,17.037218161214426,fused,7.625979967255711,11.509825663080875,-7.625979967255711,-11.509825663080875,7,6,388.8024470307371,1337.0373022978215,321.66952695269526,1294.2873487348734,5,12,12,1.1656375855734997,0.11235688177161633,7.772658366155719,-0.1095288154722314,1.1095113660948424,186.82244524023073,3.673545397240829e-05,4.189940928148151e-05,1.0,1.0,0.0,609.3740200327443,0.0,1.0,184.49017433691913,0.0,0.0,1.0,75.97182201978224,49.9854517647205,1.000000,35.000000,156.048998844,0
frame_1296.jpg,frame_1296,1296,D:\visualization2026\visualization\left_downsample2_Q45\frame_1296.jpg,D:\visualization2026\visualization\right_downsample2_Q45\frame_1296.jpg,D:\visualization2026\dowsample2_Q45\stitched_frames\frame_1296.jpg,D:\visualization2026\dowsample2_Q45_hess_matched\stitched_frames\frame_1296.jpg,2132,1412,6.636540391232381,4.580690602269499,232.278913693,49.1368840614,71.44555884811166,31.942889977965137,3.8991175992322695,17.193994083444515,9.89525477741595,17.458759414644938,20.0679931086401,0,1,17.630557296755192,6.001979818376777,fused,4.947627388707975,8.729379707322469,-4.947627388707975,-8.729379707322469,8,6,1885.0919003115264,566.1989875389407,1813.6463414634147,534.2560975609756,12,12,12,1.108486448179948,0.022360797047226783,4.716317104970518,-0.11100172925265082,1.0438368670836127,186.83438601538083,2.6483626961532326e-05,1.1234579606679639e-05,1.0,1.0,0.0,527.0523726112921,0.0,1.0,168.27062029267753,0.0,0.0,1.0,75.34467644734393,49.13688406140965,1.000000,35.000000,156.934237246,0
frame_1298.jpg,frame_1298,1298,D:\visualization2026\visualization\left_downsample2_Q45\frame_1298.jpg,D:\visualization2026\visualization\right_downsample2_Q45\frame_1298.jpg,D:\visualization2026\dowsample2_Q45\stitched_frames\frame_1298.jpg,D:\visualization2026\dowsample2_Q45_hess_matched\stitched_frames\frame_1298.jpg,2252,1438,6.525680782592314,4.574164409151702,228.398827391,50.1273263544,56.85849488009171,7.07784730382366,18.6531875934175,43.04947905058537,8.520744106815906,6.722037513633243,10.853058023825847,0,1,46.916937814844786,37.71404804088059,fused,4.260372053407953,3.3610187568166214,-4.260372053407953,-3.3610187568166214,9,4,1925.2700729927008,567.7201946472019,1868.411578112609,560.6423473433782,8,12,12,1.2183084763985113,0.12742921884462063,4.797546757319499,-0.09043273675054164,1.1591318531173045,148.84004165413228,5.7255057937850847e-05,5.704895958644967e-05,1.0,1.0,0.0,647.739627946592,0.0,1.0,192.63898124318337,0.0,0.0,1.0,75.51168247350921,50.12732635440903,1.000000,35.000000,152.887144917,0
frame_1300.jpg,frame_1300,1300,D:\visualization2026\visualization\left_downsample2_Q45\frame_1300.jpg,D:\visualization2026\visualization\right_downsample2_Q45\frame_1300.jpg,D:\visualization2026\dowsample2_Q45\stitched_frames\frame_1300.jpg,D:\visualization2026\dowsample2_Q45_hess_matched\stitched_frames\frame_1300.jpg,2243,1437,6.397146911431481,4.575961646565048,223.9001419,51.51799337,88.5650529917043,68.32394507079749,-12.669014152472954,-16.80595170078358,15.573636556112774,6.40690464512059,16.840029177930777,0,1,21.046233206078245,36.557954247779804,raw,7.786818278056387,3.203452322560295,-7.786818278056387,-3.203452322560295,2,2,1553.9195809300472,441.9212475756145,1465.354527938343,373.597302504817,11,12,12,1.1970772235265774,0.12478078697467115,7.961359619258303,-0.1002682785698987,1.1422997675160285,164.04759059637144,4.718421357021035e-05,5.4687173841918345e-05,1.0,1.0,0.0,635.2131817219436,0.0,1.0,194.79654767743972,0.0,0.0,1.0,75.89603883923135,51.51799337001391,1.000000,35.000000,148.004103061,0
frame_1302.jpg,frame_1302,1302,D:\visualization2026\visualization\left_downsample2_Q45\frame_1302.jpg,D:\visualization2026\visualization\right_downsample2_Q45\frame_1302.jpg,D:\visualization2026\dowsample2_Q45\stitched_frames\frame_1302.jpg,D:\visualization2026\dowsample2_Q45_hess_matched\stitched_frames\frame_1302.jpg,2232,1441,6.3207648560015635,4.56338252273353,221.22676996,51.9912446363,51.96495119787039,69.05407670314509,23.881527552162297,-17.062832066852465,20.371882774456264,2.0393459216011767,20.473703611319063,0,1,29.350768241500866,19.421915723435788,fused,10.185941387228132,1.0196729608005883,-10.185941387228132,-1.0196729608005883,4,5,739.3084886128364,374.80124223602485,687.343537414966,305.74716553287976,7,12,12,1.172971017242264,0.1246750747940479,10.65016917534752,-0.10631444150047244,1.136790126187678,171.46692239691444,3.820437619501443e-05,5.4030265506514035e-05,1.0,1.0,0.0,621.8140586127719,0.0,1.0,204.9803270391994,0.0,0.0,1.0,75.84647875003269,51.99124463629262,1.000000,35.000000,145.38029121,0
frame_1304.jpg,frame_1304,1304,D:\visualization2026\visualization\left_downsample2_Q45\frame_1304.jpg,D:\visualization2026\visualization\right_downsample2_Q45\frame_1304.jpg,D:\visualization2026\dowsample2_Q45\stitched_frames\frame_1304.jpg,D:\visualization2026\dowsample2_Q45_hess_matched\stitched_frames\frame_1304.jpg,2259,1461,6.304306248260357,4.499095797174974,220.650718689,50.4997481537,30.478245660063862,44.83991429445973,44.10336418822476,5.659833859209108,15.97286751503976,-12.276141168140253,20.145375117706802,0,1,44.465047532112635,33.362014976043824,fused,7.98643375751988,-6.138070584070126,-7.98643375751988,6.138070584070126,2,1,755.8597883597884,402.7407407407407,725.3815426997245,357.900826446281,11,12,12,1.1851694207844177,0.17112318707329083,8.403947915209077,-0.12026217222121317,1.1849131423861845,185.87242010607096,2.7310732712656893e-05,8.786134896349371e-05,1.0,1.0,0.0,651.0135662424801,0.0,1.0,239.13807058407014,0.0,0.0,1.0,74.58160984828862,50.49974815366884,1.000000,35.000000,146.069108841,0
frame_1306.jpg,frame_1306,1306,D:\visualization2026\visualization\left_downsample2_Q45\frame_1306.jpg,D:\visualization2026\visualization\right_downsample2_Q45\frame_1306.jpg,D:\visualization2026\dowsample2_Q45\stitched_frames\frame_1306.jpg,D:\visualization2026\dowsample2_Q45_hess_matched\stitched_frames\frame_1306.jpg,2210,1448,6.308060638973997,4.425718958242168,220.782122364,48.5616375721,45.18655746678098,53.20543710622292,27.890348690949708,-4.643799534152549,28.364079420247045,-3.201922775098623,28.544234283227446,0,1,28.27430678577559,1.517705304787604,raw,14.182039710123522,-1.6009613875493116,-14.182039710123522,1.6009613875493116,1,6,976.2713527884183,321.51830260329893,931.0847953216373,268.312865497076,11,12,12,1.1578379578356588,0.13268335429781747,14.056743577050643,-0.11716117975086905,1.1391889488949898,185.9404423628959,2.7896742896334698e-05,6.154844478895118e-05,1.0,1.0,0.0,595.8179602898765,0.0,1.0,211.60096138754932,0.0,0.0,1.0,73.07690615773069,48.56163757207037,1.000000,35.000000,147.705216206,0
frame_1308.jpg,frame_1308,1308,D:\visualization2026\visualization\left_downsample2_Q45\frame_1308.jpg,D:\visualization2026\visualization\right_downsample2_Q45\frame_1308.jpg,D:\visualization2026\dowsample2_Q45\stitched_frames\frame_1308.jpg,D:\visualization2026\dowsample2_Q45_hess_matched\stitched_frames\frame_1308.jpg,2211,1443,6.301155824573611,4.416815689927407,220.54045386,48.4034463662,76.2561333473127,76.93140276428733,-3.3418887036650204,-28.527956398121773,18.848019197503277,-7.308114962668873,20.215250974871342,0,1,28.72303111373904,30.702991437449466,raw,9.424009598751638,-3.6540574813344366,-9.424009598751638,3.6540574813344366,0,0,1077.611524987636,647.5286630382599,1001.3553916403232,570.5972602739726,7,12,12,1.1630482371461643,0.12753335612630393,9.56658798823588,-0.11501626044401309,1.131546520390692,180.32313453465156,3.2557910624639e-05,5.712265929040255e-05,1.0,1.0,0.0,601.5759904012484,0.0,1.0,205.65405748133443,0.0,0.0,1.0,72.91424464364768,48.403446366165554,1.000000,35.000000,147.626209216,0
frame_1310.jpg,frame_1310,1310,D:\visualization2026\visualization\left_downsample2_Q45\frame_1310.jpg,D:\visualization2026\visualization\right_downsample2_Q45\frame_1310.jpg,D:\visualization2026\dowsample2_Q45\stitched_frames\frame_1310.jpg,D:\visualization2026\dowsample2_Q45_hess_matched\stitched_frames\frame_1310.jpg,2210,1438,6.168677622996476,4.4786333642784015,215.903716805,51.3885728065,25.244728798594224,22.823432542029423,49.28704537356347,28.565140264424556,6.882030554675835,-24.524867669047786,25.472170671927376,0,1,56.966482074830225,67.9465541743379,raw,3.4410152773379177,-12.262433834523893,-3.4410152773379177,12.262433834523893,6,3,1753.9908895935355,568.9417703920745,1728.7461607949413,546.1183378500451,9,12,12,1.134681570112572,0.11335812687980984,3.9166307939383596,-0.11866403269646711,1.1113222971529622,177.24935395803126,2.1814789739462104e-05,5.008440249617155e-05,1.0,1.0,0.0,606.5589847226621,0.0,1.0,216.2624338345239,0.0,0.0,1.0,74.5317741721577,51.38857280645398,1.000000,35.000000,141.371942633,0
frame_1312.jpg,frame_1312,1312,D:\visualization2026\visualization\left_downsample2_Q45\frame_1312.jpg,D:\visualization2026\visualization\right_downsample2_Q45\frame_1312.jpg,D:\visualization2026\dowsample2_Q45\stitched_frames\frame_1312.jpg,D:\visualization2026\dowsample2_Q45_hess_matched\stitched_frames\frame_1312.jpg,2210,1424,5.981475952297757,4.567412047910022,209.35165833,55.6436743588,100.54527661624365,93.23746736345592,-23.69877356155655,-37.593793004703706,-0.4572892846620409,-27.131846840518815,27.135700220691515,0,1,44.440129846822465,25.487622661508425,raw,-0.22864464233102044,-13.565923420259407,0.22864464233102044,13.565923420259407,4,0,971.5606218847859,282.1078850957662,871.0153452685422,188.8704177323103,11,12,12,1.1546088659281215,0.10092126886341463,-0.43121371251278706,-0.10200069794959556,1.10475406669551,148.9142122007551,4.052545506053976e-05,3.8111051121123795e-05,1.0,1.0,0.0,610.228644642331,0.0,1.0,195.5659234202594,0.0,0.0,1.0,76.8465030546871,55.643674358752214,1.000000,35.000000,132.505155276,0
frame_1314.jpg,frame_1314,1314,D:\visualization2026\visualization\left_downsample2_Q45\frame_1314.jpg,D:\visualization2026\visualization\right_downsample2_Q45\frame_1314.jpg,D:\visualization2026\dowsample2_Q45\stitched_frames\frame_1314.jpg,D:\visualization2026\dowsample2_Q45_hess_matched\stitched_frames\frame_1314.jpg,2212,1436,5.9304202506985355,4.658136159164037,207.564708774,58.5253573148,94.55909090909063,138.94928698752227,-15.726579025912443,-80.42392967268546,2.695453255380139,-27.451765993693172,27.583780096724023,0,1,81.94713998581845,56.084056542006095,fused,1.3477266276900695,-13.725882996846586,-1.3477266276900695,13.725882996846586,3,1,1626.333333333333,169.69019607843137,1531.7742424242424,30.740909090909092,11,12,12,1.1378150524601087,0.11546473160888211,1.4243537217593643,-0.11704915742997221,1.1145509696594307,172.6639159626617,2.2823284005518472e-05,5.155649381808096e-05,1.0,1.0,0.0,610.6522733723099,0.0,1.0,216.7258829968466,0.0,0.0,1.0,78.83251188317819,58.5253573148368,1.000000,35.000000,128.732196891,0
frame_1316.jpg,frame_1316,1316,D:\visualization2026\visualization\left_downsample2_Q45\frame_1316.jpg,D:\visualization2026\visualization\right_downsample2_Q45\frame_1316.jpg,D:\visualization2026\dowsample2_Q45\stitched_frames\frame_1316.jpg,D:\visualization2026\dowsample2_Q45_hess_matched\stitched_frames\frame_1316.jpg,2192,1434,6.118974179362887,4.767172941284404,214.164096278,59.3751904358,89.34949837501756,77.05388582732803,-8.80625050573967,-17.678695391507695,-1.87752066888729,-33.50927351238317,33.561830927257276,0,1,19.750602996251928,17.2804658731537,fused,-0.938760334443645,-16.754636756191584,0.938760334443645,16.754636756191584,6,10,394.10187932739854,1383.0276953511375,304.752380952381,1305.9738095238095,12,12,12,1.1104586112371975,0.10169271351830236,-1.3462943522712743,-0.12525485438390363,1.088981406211201,182.8399145681832,1.4408904315064645e-05,4.248743845088117e-05,1.0,1.0,0.0,592.9387603344436,0.0,1.0,218.7546367561916,0.0,0.0,1.0,80.54324786927789,59.375190435820336,1.000000,35.000000,133.620848408,0
frame_1318.jpg,frame_1318,1318,D:\visualization2026\visualization\left_downsample2_Q45\frame_1318.jpg,D:\visualization2026\visualization\right_downsample2_Q45\frame_1318.jpg,D:\visualization2026\dowsample2_Q45\stitched_frames\frame_1318.jpg,D:\visualization2026\dowsample2_Q45_hess_matched\stitched_frames\frame_1318.jpg,2219,1426,6.38720184362511,4.892793542529759,223.552064527,59.8209828145,69.95438226268084,89.94853497852284,12.421823996545882,-30.12755216399355,10.946739545005375,-20.6539634102539,23.375570821228973,0,1,32.58789822611019,9.587739984697059,raw,5.4733697725026875,-10.32698170512695,-5.4733697725026875,10.32698170512695,5,2,982.6898895090576,296.69491179011703,912.7355072463768,206.7463768115942,12,12,12,1.1733234081311898,0.09095315124049944,5.6089425898551415,-0.09653182214969014,1.1280743946191796,143.62279426301353,4.3328502062278425e-05,4.819428577124797e-05,1.0,1.0,0.0,613.5266302274973,0.0,1.0,200.32698170512694,0.0,0.0,1.0,82.37620625922672,59.820982814529295,1.000000,35.000000,141.175858268,0
frame_1320.jpg,frame_1320,1320,D:\visualization2026\visualization\left_downsample2_Q45\frame_1320.jpg,D:\visualization2026\visualization\right_downsample2_Q45\frame_1320.jpg,D:\visualization2026\dowsample2_Q45\stitched_frames\frame_1320.jpg,D:\visualization2026\dowsample2_Q45_hess_matched\stitched_frames\frame_1320.jpg,2230,1428,6.527617974821286,4.988504059814716,228.466629119,60.8293650173,-12.525920314034693,43.89465059996775,96.471669424637,16.934714417348133,18.306953006121226,-3.863681389765918,18.71022614106934,1,1,97.94675877216959,80.88446180161162,raw,9.153476503060613,-1.931840694882959,-9.153476503060613,1.931840694882959,2,2,1652.3971566090422,426.3289454717626,1664.923076923077,382.43429487179486,12,12,12,1.1491420551879699,0.10719737853383085,9.618633507839757,-0.10817845818938247,1.121250570360565,171.2099555908713,2.9834843505802684e-05,5.268666601036064e-05,1.0,1.0,0.0,620.8465234969394,0.0,1.0,203.93184069488296,0.0,0.0,1.0,83.9457491106023,60.82936501731588,1.000000,35.000000,144.520880008,0
frame_1322.jpg,frame_1322,1322,D:\visualization2026\visualization\left_downsample2_Q45\frame_1322.jpg,D:\visualization2026\visualization\right_downsample2_Q45\frame_1322.jpg,D:\visualization2026\dowsample2_Q45\stitched_frames\frame_1322.jpg,D:\visualization2026\dowsample2_Q45_hess_matched\stitched_frames\frame_1322.jpg,2227,1425,6.434047089280796,4.985698705637581,225.191648125,61.7352964702,43.71923914865101,35.052538964303636,40.42252750790678,26.682757505942654,20.41349291755453,-4.253501640751125,20.85192963020261,0,1,48.435010872801705,36.84309426784492,fused,10.206746458777266,-2.1267508203755625,-10.206746458777266,2.1267508203755625,2,0,915.0743589743589,227.3205128205128,871.3551198257079,192.26797385620915,5,12,12,1.1438584066262014,0.10359119302525406,10.424851996581756,-0.1095659300574529,1.112671655219889,172.8601046447165,2.7002453661450674e-05,5.0037450149059896e-05,1.0,1.0,0.0,616.7932535412227,0.0,1.0,202.12675082037555,0.0,0.0,1.0,84.14176665655779,61.73529647024629,1.000000,35.000000,141.049881468,0
frame_1324.jpg,frame_1324,1324,D:\visualization2026\visualization\left_downsample2_Q45\frame_1324.jpg,D:\visualization2026\visualization\right_downsample2_Q45\frame_1324.jpg,D:\visualization2026\dowsample2_Q45\stitched_frames\frame_1324.jpg,D:\visualization2026\dowsample2_Q45_hess_matched\stitched_frames\frame_1324.jpg,2237,1438,6.245305963531024,4.91126198956967,218.585708724,61.7828027966,158.17475822821007,82.17218024495429,-75.03848379742018,-20.38937744836143,18.46914635382532,-2.8596754822346493,18.68922445963751,1,1,77.75924873188681,95.13657208205132,raw,9.23457317691266,-1.4298377411173246,-9.23457317691266,1.4298377411173246,2,0,1632.9068645676782,411.4881311651997,1474.7321063394681,329.3159509202454,9,12,12,1.1764103598728382,0.1206529445897004,9.232511854391829,-0.10157331904265084,1.146443676362868,160.76787335052623,4.1043572726229174e-05,5.8180475007103945e-05,1.0,1.0,0.0,627.7654268230873,0.0,1.0,195.42983774111732,0.0,0.0,1.0,83.13627443078988,61.78280279659286,1.000000,35.000000,135.449434293,0
frame_1326.jpg,frame_1326,1326,D:\visualization2026\visualization\left_downsample2_Q45\frame_1326.jpg,D:\visualization2026\visualization\right_downsample2_Q45\frame_1326.jpg,D:\visualization2026\dowsample2_Q45\stitched_frames\frame_1326.jpg,D:\visualization2026\dowsample2_Q45_hess_matched\stitched_frames\frame_1326.jpg,2186,1424,6.108288349947541,4.875324959778517,213.790092248,62.2857007567,81.04855963058378,81.91349740314126,1.7264490514268402,-19.627796646433737,15.15180067130242,-7.727333549213057,17.0084904492925,0,1,19.703579053586385,17.940487397102878,raw,7.57590033565121,-3.8636667746065285,-7.57590033565121,3.8636667746065285,0,0,1043.3338204015588,616.0706402602841,962.285260770975,534.1571428571428,5,12,12,1.1430902813395722,0.09738214140263214,7.278594388932658,-0.10289313871754721,1.1039325809053857,160.09831072125763,3.974572199418811e-05,3.819593469803534e-05,1.0,1.0,0.0,578.4240996643488,0.0,1.0,172.86366677460654,0.0,0.0,1.0,82.77500868201062,62.28570075670753,1.000000,35.000000,131.015083566,0
frame_1328.jpg,frame_1328,1328,D:\visualization2026\visualization\left_downsample2_Q45\frame_1328.jpg,D:\visualization2026\visualization\right_downsample2_Q45\frame_1328.jpg,D:\visualization2026\dowsample2_Q45\stitched_frames\frame_1328.jpg,D:\visualization2026\dowsample2_Q45_hess_matched\stitched_frames\frame_1328.jpg,2193,1420,6.090784057605424,4.894982584455679,213.177442016,62.977454699,80.5226638856252,86.13587607043223,2.7000911778998216,-23.158421371411173,9.690580307759385,-14.792883716456688,17.684364714338578,0,1,23.315294825174444,10.901796114913642,raw,4.845290153879692,-7.396441858228344,-4.845290153879692,7.396441858228344,0,0,1044.255173670361,613.1151650462965,963.7325097847358,526.9792889758643,7,12,12,1.1530044915777415,0.10091831659966381,5.1871471227058565,-0.09867495382348652,1.1089155157640689,149.44083989794538,4.3955572299989105e-05,3.956567089722448e-05,1.0,1.0,0.0,588.1547098461203,0.0,1.0,172.39644185822834,0.0,0.0,1.0,83.22275506352503,62.97745469902106,1.000000,35.000000,129.954686953,0
frame_1330.jpg,frame_1330,1330,D:\visualization2026\visualization\left_downsample2_Q45\frame_1330.jpg,D:\visualization2026\visualization\right_downsample2_Q45\frame_1330.jpg,D:\visualization2026\dowsample2_Q45\stitched_frames\frame_1330.jpg,D:\visualization2026\dowsample2_Q45_hess_matched\stitched_frames\frame_1330.jpg,2220,1416,6.1082284532394695,4.89150266038245,213.787995863,62.7049742788,73.26923227282896,88.76566194272516,9.835447339611846,-26.060687663917484,9.258780206798441,-18.876194553033773,21.02464581679759,0,1,27.854900213185807,7.207599201010194,raw,4.629390103399221,-9.438097276516887,-4.629390103399221,9.438097276516887,0,0,1054.0906131575255,602.9211514547206,980.8213808846965,514.1554895119955,10,12,12,1.1752094177758288,0.09261168447913297,4.640613240886598,-0.08863901988173371,1.1173891132968758,131.00359547017686,5.2991594987749e-05,3.87977157897003e-05,1.0,1.0,0.0,615.3706098966007,0.0,1.0,163.43809727651688,0.0,0.0,1.0,83.1046796124408,62.704974278807676,1.000000,35.000000,130.683316251,0
frame_1332.jpg,frame_1332,1332,D:\visualization2026\visualization\left_downsample2_Q45\frame_1332.jpg,D:\visualization2026\visualization\right_downsample2_Q45\frame_1332.jpg,D:\visualization2026\dowsample2_Q45\stitched_frames\frame_1332.jpg,D:\visualization2026\dowsample2_Q45_hess_matched\stitched_frames\frame_1332.jpg,2219,1410,6.121597436973043,4.89619308942212,214.255910294,62.6865456621,70.04761904761904,71.33153899240855,13.116425690191605,-8.644993330275497,13.856400368419585,-19.97726605894431,24.31236291189704,0,1,15.709122590610404,11.356406461612295,fused,6.928200184209793,-9.988633029472155,-6.928200184209793,9.988633029472155,4,3,751.8,292.25217391304346,681.7523809523809,220.9206349206349,12,12,12,1.1773816459586923,0.0854666217037237,7.423104029526932,-0.08287337614144617,1.111024243990351,121.38437745685029,5.8229105932476984e-05,3.2564214329834434e-05,1.0,1.0,0.0,612.0717998157902,0.0,1.0,156.98863302947217,0.0,0.0,1.0,83.16404473781064,62.68654566213306,1.000000,35.000000,131.091865556,0
frame_1334.jpg,frame_1334,1334,D:\visualization2026\visualization\left_downsample2_Q45\frame_1334.jpg,D:\visualization2026\visualization\right_downsample2_Q45\frame_1334.jpg,D:\visualization2026\dowsample2_Q45\stitched_frames\frame_1334.jpg,D:\visualization2026\dowsample2_Q45_hess_matched\stitched_frames\frame_1334.jpg,2231,1420,6.099470556822489,4.933783731085409,213.481469489,63.8907121475,33.53085457877046,7.913243590298407,50.45870433538252,55.97746855717586,18.75705512762605,-19.97978825381901,27.40472688658376,1,1,75.3628411704015,82.30734733146897,fused,9.378527563813025,-9.989894126909505,-9.378527563813025,9.989894126909505,7,8,164.75381263616558,1046.7167755991284,131.22295805739512,1038.80353200883,10,12,12,1.1844894301732993,0.10429376469596373,9.048289036824842,-0.08775409393350841,1.1329725511969928,129.21869989908555,5.477579133776e-05,4.622338742980192e-05,1.0,1.0,0.0,621.621472436187,0.0,1.0,169.98989412690952,0.0,0.0,1.0,83.98955891415298,63.89071214747427,1.000000,35.000000,129.491910575,0
frame_1336.jpg,frame_1336,1336,D:\visualization2026\visualization\left_downsample2_Q45\frame_1336.jpg,D:\visualization2026\visualization\right_downsample2_Q45\frame_1336.jpg,D:\visualization2026\dowsample2_Q45\stitched_frames\frame_1336.jpg,D:\visualization2026\dowsample2_Q45_hess_matched\stitched_frames\frame_1336.jpg,2234,1417,6.053093518897432,4.987871300788672,211.858273161,65.7753856278,60.50214328275001,90.90853980378358,24.714549859532568,-25.13315417598642,17.89243597061126,-20.901041074402833,27.513501830125115,0,1,35.24889237399134,8.028201493361294,raw,8.94621798530563,-10.450520537201417,-8.94621798530563,10.450520537201417,0,0,1055.5255303431138,600.789076171114,995.0233870603638,509.88053636733036,12,12,12,1.1998998029959926,0.09885078936133418,9.019848082932931,-0.07957720048974078,1.137372830734363,115.61862479535716,6.306041619344789e-05,4.3712973689638775e-05,1.0,1.0,0.0,625.0537820146943,0.0,1.0,164.4505205372014,0.0,0.0,1.0,85.21669314228258,65.77538562779716,1.000000,35.000000,126.641580019,0
frame_1338.jpg,frame_1338,1338,D:\visualization2026\visualization\left_downsample2_Q45\frame_1338.jpg,D:\visualization2026\visualization\right_downsample2_Q45\frame_1338.jpg,D:\visualization2026\dowsample2_Q45\stitched_frames\frame_1338.jpg,D:\visualization2026\dowsample2_Q45_hess_matched\stitched_frames\frame_1338.jpg,2231,1420,6.011232581875086,5.0297013053435045,210.393140366,67.2956297207,58.97858082322705,90.46666206649923,27.20336497393214,-23.17103234578468,12.033418459601663,-26.804616645925442,29.38180786403222,0,1,35.73401469012904,15.599045230842712,raw,6.016709229800831,-13.402308322962721,-6.016709229800831,13.402308322962721,0,0,1046.260906512363,605.3108130973077,987.2823256891359,514.8441510308085,11,12,12,1.189421661957599,0.09977965177062363,6.348079421555845,-0.08467029384970308,1.1337212867424367,120.71568091141957,5.8167113767466484e-05,4.393309933517205e-05,1.0,1.0,0.0,624.9832907701991,0.0,1.0,171.4023083229627,0.0,0.0,1.0,86.18194579715919,67.29562972071454,1.000000,35.000000,124.211194568,0
frame_1340.jpg,frame_1340,1340,D:\visualization2026\visualization\left_downsample2_Q45\frame_1340.jpg,D:\visualization2026\visualization\right_downsample2_Q45\frame_1340.jpg,D:\visualization2026\dowsample2_Q45\stitched_frames\frame_1340.jpg,D:\visualization2026\dowsample2_Q45_hess_matched\stitched_frames\frame_1340.jpg,2222,1420,5.993176457135058,5.0272375488011605,209.761176,67.4206965791,10.73113959244563,27.32188751810355,75.4494752688674,40.09880906099927,10.704648588932459,-31.16290257853645,32.95020483292763,1,1,85.44318466945103,96.28148382535012,fused,5.3523242944662295,-15.581451289268225,-5.3523242944662295,15.581451289268225,1,4,717.6966568338249,250.64208456243853,706.9655172413793,223.32019704433498,12,12,12,1.1746963141011948,0.1035761493934463,5.251691543440502,-0.09055649636417334,1.1247681119325126,128.2437758287836,5.2849256067175014e-05,4.3632677536663084e-05,1.0,1.0,0.0,616.6476757055337,0.0,1.0,170.58145128926822,0.0,0.0,1.0,86.18061486131303,67.42069657910282,1.000000,35.000000,123.580561138,0
frame_1342.jpg,frame_1342,1342,D:\visualization2026\visualization\left_downsample2_Q45\frame_1342.jpg,D:\visualization2026\visualization\right_downsample2_Q45\frame_1342.jpg,D:\visualization2026\dowsample2_Q45\stitched_frames\frame_1342.jpg,D:\visualization2026\dowsample2_Q45_hess_matched\stitched_frames\frame_1342.jpg,2200,1429,5.9899123314765745,4.989944979897377,209.646931602,66.4897730542,101.60852942142014,104.65264424204156,-16.178661864856366,-38.16287118788854,12.53046472242218,-33.370236379604926,35.64526928206006,0,1,41.45061926003918,29.10641334499934,raw,6.26523236121109,-16.685118189802463,-6.26523236121109,16.685118189802463,0,0,1041.0893940403053,615.83471477674,939.4808646188851,511.1820705346985,12,12,12,1.1780947961146124,0.11455477023915255,6.162706351710269,-0.09220661758733688,1.1418502919292437,129.69675210447605,5.192643306301268e-05,5.167762105819128e-05,1.0,1.0,0.0,593.7347676387889,0.0,1.0,172.68511818980247,0.0,0.0,1.0,85.42986755656378,66.48977305415302,1.000000,35.000000,124.217064045,0
frame_1344.jpg,frame_1344,1344,D:\visualization2026\visualization\left_downsample2_Q45\frame_1344.jpg,D:\visualization2026\visualization\right_downsample2_Q45\frame_1344.jpg,D:\visualization2026\dowsample2_Q45\stitched_frames\frame_1344.jpg,D:\visualization2026\dowsample2_Q45_hess_matched\stitched_frames\frame_1344.jpg,2177,1424,6.001551023819767,4.978886943999381,210.054285834,66.0818997942,72.90150941845252,104.76240321037182,12.271638421516073,-38.680503416186,12.712868188357675,-35.258787609561686,37.4806499579548,0,1,40.58046887454612,3.4500467777190673,raw,6.356434094178837,-17.629393804780843,-6.356434094178837,17.629393804780843,0,0,1019.0718902365062,612.7930096983831,946.1703808180537,508.0306064880113,10,12,12,1.1466681433084234,0.09752906100111089,6.8406458252863445,-0.09962557652649799,1.1111683715954686,140.10739240007055,4.511227961579292e-05,3.97134148859992e-05,1.0,1.0,0.0,570.6435659058211,0.0,1.0,167.62939380478085,0.0,0.0,1.0,85.17314783996859,66.08189979418582,1.000000,35.000000,124.881137994,0
frame_1346.jpg,frame_1346,1346,D:\visualization2026\visualization\left_downsample2_Q45\frame_1346.jpg,D:\visualization2026\visualization\right_downsample2_Q45\frame_1346.jpg,D:\visualization2026\dowsample2_Q45\stitched_frames\frame_1346.jpg,D:\visualization2026\dowsample2_Q45_hess_matched\stitched_frames\frame_1346.jpg,2210,1409,6.055479474746695,5.087995482591875,211.941781616,68.3414515605,53.405945833177725,104.51127474183431,33.84363052698116,-36.169823181328795,10.317395158979107,-27.84535842287006,29.69533008007532,0,1,49.53430564987664,24.95556980125783,raw,5.158697579489553,-13.92267921143503,-5.158697579489553,13.92267921143503,0,0,1019.4532923211026,597.9748987815993,966.0473464879249,493.463624039765,11,12,12,1.1776115866917016,0.09032135458202753,5.482833273233764,-0.08173694158838103,1.11890908849908,115.22149002584027,5.9367289050449255e-05,3.7404494636896786e-05,1.0,1.0,0.0,604.8413024205105,0.0,1.0,149.92267921143502,0.0,0.0,1.0,87.24957636015888,68.34145156050552,1.000000,35.000000,124.692205256,0
frame_1348.jpg,frame_1348,1348,D:\visualization2026\visualization\left_downsample2_Q45\frame_1348.jpg,D:\visualization2026\visualization\right_downsample2_Q45\frame_1348.jpg,D:\visualization2026\dowsample2_Q45\stitched_frames\frame_1348.jpg,D:\visualization2026\dowsample2_Q45_hess_matched\stitched_frames\frame_1348.jpg,2213,1414,6.168603443272009,5.355252042033943,215.901120515,74.0745196934,64.27164161945564,106.68830818899715,28.11538230360962,-32.61378849556847,17.697973923493656,-26.108513486231022,31.541603596795273,0,1,43.059655387750134,12.281734417630947,raw,8.848986961746828,-13.054256743115511,-8.848986961746828,13.054256743115511,0,0,1031.035968409065,602.2516137610772,966.7643267896093,495.5633055720801,12,12,12,1.1827528409511472,0.09284428109329561,8.923743522117302,-0.08116299818742036,1.124908378939091,115.54774482870185,6.140312760602305e-05,3.8582781415349335e-05,1.0,1.0,0.0,604.1510130382532,0.0,1.0,151.0542567431155,0.0,0.0,1.0,92.38702392306526,74.07451969342868,1.000000,35.000000,123.514096591,0
frame_1350.jpg,frame_1350,1350,D:\visualization2026\visualization\left_downsample2_Q45\frame_1350.jpg,D:\visualization2026\visualization\right_downsample2_Q45\frame_1350.jpg,D:\visualization2026\dowsample2_Q45\stitched_frames\frame_1350.jpg,D:\visualization2026\dowsample2_Q45_hess_matched\stitched_frames\frame_1350.jpg,2182,1403,6.21648703077901,5.588348157040368,217.577046077,79.6058414982,103.47021073986664,73.20564733159443,-6.46501359235495,6.400194166621503,24.646807114058284,-18.336066171806202,30.719316782351292,0,1,9.097191111534931,39.74704974206858,fused,12.323403557029142,-9.168033085903101,-12.323403557029142,9.168033085903101,5,4,284.14089347079033,367.1855670103093,180.6706827309237,293.97991967871485,12,12,12,1.1450095288244244,0.07118025721623557,12.494566619988323,-0.0866883150864788,1.088561471535566,128.87893957695093,5.264349437037726e-05,2.4663373251056972e-05,1.0,1.0,0.0,569.6765964429709,0.0,1.0,139.1680330859031,0.0,0.0,1.0,97.0051971475117,79.60584149821594,1.000000,35.000000,120.57184893,0
frame_1352.jpg,frame_1352,1352,D:\visualization2026\visualization\left_downsample2_Q45\frame_1352.jpg,D:\visualization2026\visualization\right_downsample2_Q45\frame_1352.jpg,D:\visualization2026\dowsample2_Q45\stitched_frames\frame_1352.jpg,D:\visualization2026\dowsample2_Q45_hess_matched\stitched_frames\frame_1352.jpg,2226,1412,6.09714124970089,5.6286833542674195,213.39994374,81.8977097586,77.425407732459,111.37635626330677,20.72423195771637,-29.478646504693344,22.735320053609165,-17.174461488646536,28.49310276830247,0,1,36.03448889586061,12.467455403511684,raw,11.367660026804582,-8.587230744323268,-11.367660026804582,8.587230744323268,0,0,1045.7850930815248,598.1482835002782,968.3596853490658,486.77192723697146,11,12,12,1.2170054922059388,0.08773701972460893,11.592857053303032,-0.06569162111099718,1.1369589352348757,95.66844414610298,7.846625618652069e-05,3.3720238665688547e-05,1.0,1.0,0.0,614.6323399731954,0.0,1.0,137.58723074432328,0.0,0.0,1.0,98.14963969017538,81.89770975861343,1.000000,35.000000,115.250304049,0
frame_1354.jpg,frame_1354,1354,D:\visualization2026\visualization\left_downsample2_Q45\frame_1354.jpg,D:\visualization2026\visualization\right_downsample2_Q45\frame_1354.jpg,D:\visualization2026\dowsample2_Q45\stitched_frames\frame_1354.jpg,D:\visualization2026\dowsample2_Q45_hess_matched\stitched_frames\frame_1354.jpg,2192,1409,5.9003424310382115,5.570094017312961,206.511985086,82.4395794273,50.472924144591616,82.25784627132612,47.01580437433921,0.18173315593810457,21.252342259364035,-17.061026323160036,27.253268991236812,0,1,47.01615560534593,31.001108602819183,raw,10.626171129682017,-8.530513161580018,-10.626171129682017,8.530513161580018,10,9,1502.568269489937,524.4688072322871,1452.0953453453453,442.21096096096096,12,12,12,1.149615734387994,0.08438356366409737,10.760276276237516,-0.08841756624862626,1.1032487429285298,132.58640261128807,5.0206406416829654e-05,3.353987942879073e-05,1.0,1.0,0.0,581.373828870318,0.0,1.0,147.53051316158002,0.0,0.0,1.0,97.48872851893083,82.43957942726422,1.000000,35.000000,109.023256567,0
frame_1356.jpg,frame_1356,1356,D:\visualization2026\visualization\left_downsample2_Q45\frame_1356.jpg,D:\visualization2026\visualization\right_downsample2_Q45\frame_1356.jpg,D:\visualization2026\dowsample2_Q45\stitched_frames\frame_1356.jpg,D:\visualization2026\dowsample2_Q45_hess_matched\stitched_frames\frame_1356.jpg,2214,1410,5.73939208516996,5.478035163491764,200.878722981,81.7404340682,71.76292344329033,112.10223383374444,24.286195224735565,-30.361799765530478,21.101823098639876,-15.751594809855982,26.332483307507733,0,1,38.880048398839925,14.953204161124486,raw,10.550911549319938,-7.875797404927991,-10.550911549319938,7.875797404927991,0,0,1013.5907815907686,607.6655249729849,941.8278581474783,495.5632911392405,12,12,12,1.1845627648000479,0.0912294246329866,10.159903433432294,-0.07893263395415458,1.1274846227081914,117.21481035527545,6.250341480775961e-05,4.0606707439737606e-05,1.0,1.0,0.0,603.44908845068,0.0,1.0,145.875797404928,0.0,0.0,1.0,96.0491186680259,81.74043406821396,1.000000,35.000000,104.829604313,0
frame_1358.jpg,frame_1358,1358,D:\visualization2026\visualization\left_downsample2_Q45\frame_1358.jpg,D:\visualization2026\visualization\right_downsample2_Q45\frame_1358.jpg,D:\visualization2026\dowsample2_Q45\stitched_frames\frame_1358.jpg,D:\visualization2026\dowsample2_Q45_hess_matched\stitched_frames\frame_1358.jpg,2218,1417,5.709911998916054,5.402631171373471,199.846919962,80.0974181824,73.89254871674495,112.1440308504952,20.700493332383985,-32.046612668135964,26.513705196052626,-18.22045750119552,32.17081961616862,0,1,38.15096077041319,14.998533224026009,raw,13.256852598026313,-9.11022875059776,-13.256852598026313,9.11022875059776,0,0,1018.6396359995252,619.4167895392787,944.7470872827803,507.27275868878354,8,12,12,1.1718149801521747,0.09992230408364393,13.491520549194348,-0.08576867992462993,1.1296536384394773,127.54125109838249,5.686068330634857e-05,4.4739440934079796e-05,1.0,1.0,0.0,604.7431474019737,0.0,1.0,158.11022875059777,0.0,0.0,1.0,94.59304204912894,80.09741818235923,1.000000,35.000000,105.253877913,0
frame_1360.jpg,frame_1360,1360,D:\visualization2026\visualization\left_downsample2_Q45\frame_1360.jpg,D:\visualization2026\visualization\right_downsample2_Q45\frame_1360.jpg,D:\visualization2026\dowsample2_Q45\stitched_frames\frame_1360.jpg,D:\visualization2026\dowsample2_Q45_hess_matched\stitched_frames\frame_1360.jpg,2193,1414,5.786694432591771,5.354440148386093,202.534305141,78.0473677665,100.6213564213564,65.10001603334945,-7.217609395975757,12.947351733141772,27.475877300424436,-26.66399538657259,38.28697537548694,0,1,14.823218351443346,52.656403597205546,fused,13.737938650212218,-13.331997693286295,-13.737938650212218,13.331997693286295,11,5,214.96632996632994,1129.8181818181818,114.34497354497354,1064.7181657848323,12,12,12,1.1365191250638904,0.08761664111042826,14.009865682834207,-0.093771071800424,1.1065313409623159,135.90903765464617,4.632960106971938e-05,3.744150432514322e-05,1.0,1.0,0.0,579.2620613497878,0.0,1.0,163.3319976932863,0.0,0.0,1.0,93.40374702538064,78.04736776649122,1.000000,35.000000,109.130558115,0
frame_1362.jpg,frame_1362,1362,D:\visualization2026\visualization\left_downsample2_Q45\frame_1362.jpg,D:\visualization2026\visualization\right_downsample2_Q45\frame_1362.jpg,D:\visualization2026\dowsample2_Q45\stitched_frames\frame_1362.jpg,D:\visualization2026\dowsample2_Q45_hess_matched\stitched_frames\frame_1362.jpg,2217,1418,5.872471044728299,5.317100096081315,205.536486565,76.1840615019,44.62748924832147,118.00702146331565,47.78364244478013,-41.822959961391035,33.79257572500062,-29.041425949567184,44.55718343111574,0,1,63.501468213126465,18.950397348148975,raw,16.89628786250031,-14.520712974783592,-16.89628786250031,14.520712974783592,0,0,1016.9512887298907,622.719599996772,972.3237994815693,504.71257853345634,12,12,12,1.1834112099968392,0.10539322291337945,17.417161611134553,-0.08505426973193664,1.141429473796284,120.02863418492926,5.911198585946966e-05,5.105563945177305e-05,1.0,1.0,0.0,600.1037121374997,0.0,1.0,168.52071297478358,0.0,0.0,1.0,92.4111316931016,76.18406150192462,1.000000,35.000000,113.125354872,0
frame_1364.jpg,frame_1364,1364,D:\visualization2026\visualization\left_downsample2_Q45\frame_1364.jpg,D:\visualization2026\visualization\right_downsample2_Q45\frame_1364.jpg,D:\visualization2026\dowsample2_Q45\stitched_frames\frame_1364.jpg,D:\visualization2026\dowsample2_Q45_hess_matched\stitched_frames\frame_1364.jpg,2221,1402,5.880536175926109,5.275998620279577,205.818766157,75.0360939081,85.38758598670643,-23.821703963854162,6.164566786415378,98.8577978719321,41.63501901833073,-31.124493193951928,51.982774889737485,1,1,99.049816172227,134.73510668074888,fused,20.817509509165365,-15.562246596975964,-20.817509509165365,15.562246596975964,3,2,885.9351145038167,196.8918575063613,800.5475285171103,220.71356147021547,6,12,12,1.1922515468956647,0.08636097196312371,20.600812229759658,-0.07267304804178902,1.1260879875334036,98.5398600819048,6.868178505506184e-05,3.7911131288064286e-05,1.0,1.0,0.0,600.1824904908347,0.0,1.0,151.56224659697597,0.0,0.0,1.0,91.5521527731218,75.03609390807794,1.000000,35.000000,114.266613384,0
frame_1366.jpg,frame_1366,1366,D:\visualization2026\visualization\left_downsample2_Q45\frame_1366.jpg,D:\visualization2026\visualization\right_downsample2_Q45\frame_1366.jpg,D:\visualization2026\dowsample2_Q45\stitched_frames\frame_1366.jpg,D:\visualization2026\dowsample2_Q45_hess_matched\stitched_frames\frame_1366.jpg,2215,1403,5.844318030916208,5.241517906100633,204.551131082,74.5225561893,95.42029317453047,33.09909909909925,-4.472458062471787,41.42345709021758,54.15314829653391,-40.53531210813355,67.64373583806702,1,1,41.66420140151094,100.76805827974299,fused,27.076574148266953,-20.267656054066777,-27.076574148266953,20.267656054066777,10,11,218.24011299435028,1063.5,122.81981981981981,1030.4009009009008,11,12,12,1.1806571705203042,0.08594138222231054,27.39343241443356,-0.0757918088677781,1.1216071592574324,99.14139751977048,6.43871987407873e-05,3.746102174728534e-05,1.0,1.0,0.0,587.9234258517331,0.0,1.0,159.26765605406678,0.0,0.0,1.0,90.94783511205868,74.52255618931683,1.000000,35.000000,113.60329597,0
frame_1368.jpg,frame_1368,1368,D:\visualization2026\visualization\left_downsample2_Q45\frame_1368.jpg,D:\visualization2026\visualization\right_downsample2_Q45\frame_1368.jpg,D:\visualization2026\dowsample2_Q45\stitched_frames\frame_1368.jpg,D:\visualization2026\dowsample2_Q45_hess_matched\stitched_frames\frame_1368.jpg,2203,1383,5.813649359791306,5.229043747097734,203.477727593,74.5204706596,30.86402499756923,116.9824195496555,59.91270979903457,-42.46194889005967,55.44549187424357,-39.264754796241164,67.94058829879053,0,1,73.43398327072673,5.493458479056884,raw,27.722745937121786,-19.632377398120582,-27.722745937121786,19.632377398120582,0,0,966.4356477495558,591.0478733346827,935.5716227519865,474.06545378502716,12,12,12,1.1698074659214803,0.053869811287206894,27.902589439344197,-0.06770375304334106,1.0911693023345979,86.738066294361,6.868404980225723e-05,2.000636907784662e-05,1.0,1.0,0.0,575.2772540628782,0.0,1.0,136.63237739812058,0.0,0.0,1.0,90.7767347966038,74.52047065959583,1.000000,35.000000,112.700992796,0
frame_1370.jpg,frame_1370,1370,D:\visualization2026\visualization\left_downsample2_Q45\frame_1370.jpg,D:\visualization2026\visualization\right_downsample2_Q45\frame_1370.jpg,D:\visualization2026\dowsample2_Q45\stitched_frames\frame_1370.jpg,D:\visualization2026\dowsample2_Q45_hess_matched\stitched_frames\frame_1370.jpg,2238,1409,5.857273294456514,5.256548499703499,205.004565306,74.7760372679,35.845891981222394,108.88278010569843,55.37303699504011,-34.10674283776636,48.89085138652793,-29.478011676983208,57.090003693535685,0,1,65.03416896567225,7.9651668169604175,raw,24.445425693263964,-14.739005838491604,-24.445425693263964,14.739005838491604,0,0,1008.1511923718886,612.5305997657132,972.3053003906662,503.64781966001476,11,12,12,1.1904564123080166,0.09905026257135766,24.219591832671462,-0.07485283739864779,1.1455205701632603,103.19615954483662,6.363919625570923e-05,5.0143497268204604e-05,1.0,1.0,0.0,613.5545743067361,0.0,1.0,160.7390058384916,0.0,0.0,1.0,91.2189289762625,74.77603726793207,1.000000,35.000000,113.78563633,0
frame_1372.jpg,frame_1372,1372,D:\visualization2026\visualization\left_downsample2_Q45\frame_1372.jpg,D:\visualization2026\visualization\right_downsample2_Q45\frame_1372.jpg,D:\visualization2026\dowsample2_Q45\stitched_frames\frame_1372.jpg,D:\visualization2026\dowsample2_Q45_hess_matched\stitched_frames\frame_1372.jpg,2245,1397,6.1618192385029875,5.348092746364749,215.663673348,73.9601977879,38.014197158375396,109.43037118985711,54.24536033332846,-35.4701734019291,44.49910460924958,-29.01013530413546,53.12022459844446,0,1,64.81274811991514,11.692800899018417,raw,22.24955230462479,-14.50506765206773,-22.24955230462479,14.50506765206773,0,0,1011.4725373122468,595.8758341679768,973.4583401538714,486.4454629781197,12,12,12,1.2147411983009457,0.08369312780565283,22.63541514116594,-0.06204675934343326,1.1357739456717617,82.49402816442228,7.766126105933779e-05,3.811431259899455e-05,1.0,1.0,0.0,622.7504476953752,0.0,1.0,142.50506765206774,0.0,0.0,1.0,92.25955749170386,73.96019778792801,1.000000,35.000000,123.404115856,0
frame_1374.jpg,frame_1374,1374,D:\visualization2026\visualization\left_downsample2_Q45\frame_1374.jpg,D:\visualization2026\visualization\right_downsample2_Q45\frame_1374.jpg,D:\visualization2026\dowsample2_Q45\stitched_frames\frame_1374.jpg,D:\visualization2026\dowsample2_Q45_hess_matched\stitched_frames\frame_1374.jpg,2238,1400,6.49383506325477,5.438931193798645,227.284227214,72.8388241085,74.15802764486975,65.94106478316985,19.053462457620043,6.897759325342562,33.13863304504194,-15.282690610642025,36.49287098043331,0,1,20.26360074947902,26.2747861996914,fused,16.56931652252097,-7.641345305321012,-16.56931652252097,7.641345305321012,10,11,325.51767676767673,1112.8282828282827,251.35964912280699,1046.8872180451128,12,12,12,1.1837309583142495,0.1018948066417221,16.987136337790666,-0.0741824461740313,1.1335840173608709,109.87979692882556,6.358846619861765e-05,4.652664824278612e-05,1.0,1.0,0.0,621.4306834774791,0.0,1.0,146.641345305321,0.0,0.0,1.0,93.21149010248979,72.83882410851241,1.000000,35.000000,134.072737111,0
frame_1376.jpg,frame_1376,1376,D:\visualization2026\visualization\left_downsample2_Q45\frame_1376.jpg,D:\visualization2026\visualization\right_downsample2_Q45\frame_1376.jpg,D:\visualization2026\dowsample2_Q45\stitched_frames\frame_1376.jpg,D:\visualization2026\dowsample2_Q45_hess_matched\stitched_frames\frame_1376.jpg,2220,1407,6.586117083856806,5.456620707628051,230.514097935,72.3315439557,59.41116805547131,112.24111467196411,33.91095346122469,-39.909570716264724,28.240672702410432,-16.53717180077578,32.72634482879265,0,1,52.37104733921102,24.050387002053167,raw,14.120336351205216,-8.26858590038789,-14.120336351205216,8.26858590038789,0,0,994.7238850345879,610.2595946164174,935.3127169791165,498.0184799444533,12,12,12,1.1886678900350416,0.10501278319360312,14.220783201326546,-0.07458562395417008,1.140389112796745,110.40125742804688,6.65337134981724e-05,4.789858164735817e-05,1.0,1.0,0.0,605.8796636487948,0.0,1.0,151.2685859003879,0.0,0.0,1.0,93.322121516696,72.33154395569939,1.000000,35.000000,137.191976418,0
frame_1378.jpg,frame_1378,1378,D:\visualization2026\visualization\left_downsample2_Q45\frame_1378.jpg,D:\visualization2026\visualization\right_downsample2_Q45\frame_1378.jpg,D:\visualization2026\dowsample2_Q45\stitched_frames\frame_1378.jpg,D:\visualization2026\dowsample2_Q45_hess_matched\stitched_frames\frame_1378.jpg,2195,1398,6.483598621864355,5.385763375747736,226.925951765,71.5699940983,89.04590599090875,45.39471952090025,3.110351977996416,26.175274577407507,17.74955947692418,-10.500304763120457,20.622881994117094,0,1,26.359425043610152,39.48929622264778,fused,8.87477973846209,-5.250152381560229,-8.87477973846209,5.250152381560229,8,9,319.40334572490707,1087.8203221809167,230.35743973399832,1042.4256026600165,12,12,12,1.157467284004894,0.08845001006126814,8.695582727242405,-0.0794739052459457,1.1117120230141657,121.21104428476104,5.8783022785580297e-05,3.725536855377383e-05,1.0,1.0,0.0,586.125220261538,0.0,1.0,143.25015238156024,0.0,0.0,1.0,92.15625796890517,71.56999409830776,1.000000,35.000000,134.769693796,0
frame_1380.jpg,frame_1380,1380,D:\visualization2026\visualization\left_downsample2_Q45\frame_1380.jpg,D:\visualization2026\visualization\right_downsample2_Q45\frame_1380.jpg,D:\visualization2026\dowsample2_Q45\stitched_frames\frame_1380.jpg,D:\visualization2026\dowsample2_Q45_hess_matched\stitched_frames\frame_1380.jpg,2193,1392,6.346479293158107,5.296246821017547,222.126775261,70.6874227928,59.82071948672933,111.06657158128155,30.88323528188255,-40.37914878843513,18.334218482303985,-19.298826569986424,26.619321447686662,0,1,50.835517882231684,24.532790454200825,raw,9.167109241151993,-9.649413284993212,-9.167109241151993,9.649413284993212,0,0,958.6028998840657,599.7947098235356,898.7821803973363,488.7281382422541,12,12,12,1.1636503343211497,0.07647806667734124,9.542454287897785,-0.07635940981554833,1.10544320726835,111.13305486382686,6.331240337773674e-05,3.3343181086074733e-05,1.0,1.0,0.0,583.832890758848,0.0,1.0,140.64941328499322,0.0,0.0,1.0,90.70395476861188,70.68742279284642,1.000000,35.000000,131.422820492,0
frame_1382.jpg,frame_1382,1382,D:\visualization2026\visualization\left_downsample2_Q45\frame_1382.jpg,D:\visualization2026\visualization\right_downsample2_Q45\frame_1382.jpg,D:\visualization2026\dowsample2_Q45\stitched_frames\frame_1382.jpg,D:\visualization2026\dowsample2_Q45_hess_matched\stitched_frames\frame_1382.jpg,2216,1398,6.294048781371496,5.262182226057313,220.291707348,70.3541961506,88.36218122626153,75.64003436426123,1.789794205897195,-5.285838213652497,5.374225151792243,-14.094478301838834,15.084316841778485,0,1,5.580631587945238,9.510009748107175,fused,2.6871125758961214,-7.047239150919417,-2.6871125758961214,7.047239150919417,8,9,237.5463917525773,314.55670103092785,149.18421052631578,238.91666666666663,12,12,12,1.1789439341677421,0.09026378475006934,2.9158439342570817,-0.07185998472307234,1.127862506541132,107.5450645568304,6.598471668597365e-05,4.2070922236414855e-05,1.0,1.0,0.0,613.3128874241039,0.0,1.0,146.0472391509194,0.0,0.0,1.0,90.15197543215872,70.35419615060873,1.000000,35.000000,130.139731916,0
frame_1384.jpg,frame_1384,1384,D:\visualization2026\visualization\left_downsample2_Q45\frame_1384.jpg,D:\visualization2026\visualization\right_downsample2_Q45\frame_1384.jpg,D:\visualization2026\dowsample2_Q45\stitched_frames\frame_1384.jpg,D:\visualization2026\dowsample2_Q45_hess_matched\stitched_frames\frame_1384.jpg,2215,1398,6.318559648513586,5.286586342257326,221.149587698,70.7294015194,68.6059687369285,107.82425122840169,21.97675748451907,-37.09484970898728,9.465560592694562,-16.53422582047269,19.05196737390546,0,1,43.116188890783455,24.068014092379034,raw,4.732780296347281,-8.267112910236346,-4.732780296347281,8.267112910236346,0,0,972.0741283694292,608.7902001230327,903.4681596325007,500.965948894631,10,12,12,1.173900826375672,0.09421675112690882,4.685011844543945,-0.07463652483254613,1.1287399948416945,110.7826394928997,6.252439392367322e-05,4.518145044919797e-05,1.0,1.0,0.0,610.2672197036527,0.0,1.0,150.26711291023634,0.0,0.0,1.0,90.58272622144757,70.72940151941441,1.000000,35.000000,130.566861477,0
frame_1386.jpg,frame_1386,1386,D:\visualization2026\visualization\left_downsample2_Q45\frame_1386.jpg,D:\visualization2026\visualization\right_downsample2_Q45\frame_1386.jpg,D:\visualization2026\dowsample2_Q45\stitched_frames\frame_1386.jpg,D:\visualization2026\dowsample2_Q45_hess_matched\stitched_frames\frame_1386.jpg,2214,1406,6.3410922365327025,5.336059325988462,221.938228279,71.774028072,122.41844743886395,85.66185744748418,-30.889013191334016,-13.887829375526763,13.356509254770796,-13.048381857116617,18.67234876928738,0,1,33.86743185861826,44.25348493243136,fused,6.678254627385398,-6.524190928558308,-6.678254627385398,6.524190928558308,4,5,339.51971326164875,404.5985663082437,217.1012658227848,318.9367088607595,8,12,12,1.1749455013143044,0.10484253848721004,7.042640451429746,-0.07821430930544743,1.1356824615447156,118.07594932842952,6.231347186564465e-05,4.861666067873699e-05,1.0,1.0,0.0,607.3217453726146,0.0,1.0,156.5241909285583,0.0,0.0,1.0,91.52943424752993,71.77402807195742,1.000000,35.000000,130.408794031,0
frame_1388.jpg,frame_1388,1388,D:\visualization2026\visualization\left_downsample2_Q45\frame_1388.jpg,D:\visualization2026\visualization\right_downsample2_Q45\frame_1388.jpg,D:\visualization2026\dowsample2_Q45\stitched_frames\frame_1388.jpg,D:\visualization2026\dowsample2_Q45_hess_matched\stitched_frames\frame_1388.jpg,2201,1395,6.298538985389815,5.386846944887996,220.448864489,73.5333176022,69.11198028949798,59.55678061800637,23.56702918250801,13.976536984238209,24.706799595964767,-16.966477892773646,29.971441713089842,0,1,27.399789243002626,30.963999197041204,fused,12.353399797982384,-8.483238946386823,-12.353399797982384,8.483238946386823,3,6,339.3315881326352,425.9371727748691,270.2196078431372,366.38039215686274,11,12,12,1.1692235659777133,0.09105025993828847,12.620353089103965,-0.07503476026222622,1.1185166569489042,110.26918551821989,6.440291805905133e-05,3.9703199733729585e-05,1.0,1.0,0.0,588.6466002020176,0.0,1.0,148.48323894638682,0.0,0.0,1.0,92.67900947200599,73.53331760224458,1.000000,35.000000,127.769855017,0
frame_1390.jpg,frame_1390,1390,D:\visualization2026\visualization\left_downsample2_Q45\frame_1390.jpg,D:\visualization2026\visualization\right_downsample2_Q45\frame_1390.jpg,D:\visualization2026\dowsample2_Q45\stitched_frames\frame_1390.jpg,D:\visualization2026\dowsample2_Q45_hess_matched\stitched_frames\frame_1390.jpg,2179,1404,6.22166684424366,5.436365628013693,217.758339549,75.6186633835,43.5576105108247,98.56859235520454,50.337978592263724,-22.949928971654742,31.2713692945008,-14.250762124568606,34.36542970317826,0,1,55.32279212548114,20.957363716531287,raw,15.6356846472504,-7.125381062284303,-15.6356846472504,7.125381062284303,0,0,924.4720523267534,606.1359574560269,880.9144418159287,507.5673651008223,12,12,12,1.1606816482323712,0.04777525383327701,15.822221320590074,-0.07100010294101068,1.1238329596697882,106.0872513272551,6.594555110020241e-05,3.430058610497129e-05,1.0,1.0,0.0,563.3643153527496,0.0,1.0,148.1253810622843,0.0,0.0,1.0,93.89558910308843,75.6186633835498,1.000000,35.000000,123.862750445,0
frame_1392.jpg,frame_1392,1392,D:\visualization2026\visualization\left_downsample2_Q45\frame_1392.jpg,D:\visualization2026\visualization\right_downsample2_Q45\frame_1392.jpg,D:\visualization2026\dowsample2_Q45\stitched_frames\frame_1392.jpg,D:\visualization2026\dowsample2_Q45_hess_matched\stitched_frames\frame_1392.jpg,2230,1394,6.134969266446529,5.485181685199759,214.723924326,77.7885772409,36.58319452061687,102.66489563284318,58.54124591186705,-24.876318391937644,34.91552136381678,-7.8661705438748415,35.79064502258195,0,1,63.60745781471498,29.112196588943622,raw,17.45776068190839,-3.9330852719374207,-17.45776068190839,3.9330852719374207,0,0,968.9497632666569,605.6106936859507,932.36656874604,502.94579805310747,12,12,12,1.1872285714383362,0.10193842978927828,17.737203562189343,-0.06912891735994786,1.130783393411041,105.81980393530968,7.202854060833099e-05,4.374419141953389e-05,1.0,1.0,0.0,612.5422393180916,0.0,1.0,138.93308527193741,0.0,0.0,1.0,95.12444043248392,77.78857724090554,1.000000,35.000000,119.599483893,0
frame_1394.jpg,frame_1394,1394,D:\visualization2026\visualization\left_downsample2_Q45\frame_1394.jpg,D:\visualization2026\visualization\right_downsample2_Q45\frame_1394.jpg,D:\visualization2026\dowsample2_Q45\stitched_frames\frame_1394.jpg,D:\visualization2026\dowsample2_Q45_hess_matched\stitched_frames\frame_1394.jpg,2216,1399,6.025935062526368,5.527503931271383,210.907727188,80.0240318982,41.48185128282421,103.54030276611235,54.799605977199235,-23.516270867962078,39.40872226098511,-15.197333569832416,42.23749919060335,0,1,59.63230509372962,17.49525705259108,raw,19.704361130492554,-7.598666784916208,-19.704361130492554,7.598666784916208,0,0,953.6778207060347,611.9322995231195,912.1959694232105,508.3919967570071,12,12,12,1.171629591132049,0.09653850881825758,19.952481512597625,-0.0768398765517595,1.1248170915425577,114.11305625911231,6.634233381987125e-05,4.339265008683793e-05,1.0,1.0,0.0,596.2956388695075,0.0,1.0,147.59866678491622,0.0,0.0,1.0,96.28145726002344,80.02403189815027,1.000000,35.000000,114.626269928,0
frame_1396.jpg,frame_1396,1396,D:\visualization2026\visualization\left_downsample2_Q45\frame_1396.jpg,D:\visualization2026\visualization\right_downsample2_Q45\frame_1396.jpg,D:\visualization2026\dowsample2_Q45\stitched_frames\frame_1396.jpg,D:\visualization2026\dowsample2_Q45_hess_matched\stitched_frames\frame_1396.jpg,2216,1395,5.856279416521449,5.5917502946802955,204.969779578,83.4607955323,110.71729145558936,65.42566700439033,-12.668252844754136,18.03512852794205,32.967661714181666,-16.06819173970044,36.67497109316512,0,1,22.03974798308752,56.9708096388658,fused,16.483830857090833,-8.03409586985022,-16.483830857090833,8.03409586985022,10,6,328.6714285714286,1121.6190476190475,217.95413711583922,1056.1933806146571,11,12,12,1.174520400596132,0.09334668302165848,16.46790379879344,-0.07244473508129612,1.1234135923369948,107.47516926043558,6.817882819572086e-05,4.110449418627277e-05,1.0,1.0,0.0,599.5161691429091,0.0,1.0,146.0340958698502,0.0,0.0,1.0,98.04903861083523,83.46079553233238,1.000000,35.000000,106.920740967,0
frame_1398.jpg,frame_1398,1398,D:\visualization2026\visualization\left_downsample2_Q45\frame_1398.jpg,D:\visualization2026\visualization\right_downsample2_Q45\frame_1398.jpg,D:\visualization2026\dowsample2_Q45\stitched_frames\frame_1398.jpg,D:\visualization2026\dowsample2_Q45_hess_matched\stitched_frames\frame_1398.jpg,2216,1395,5.663802383948912,5.664160814276293,198.233083438,87.3474888353,54.01161812997452,110.02676698081501,46.03303366834963,-22.67927814554966,25.212816892964835,-16.80633480681984,30.300808987832273,0,1,51.31656502450858,21.63268106439757,raw,12.606408446482417,-8.40316740340992,-12.606408446482417,8.40316740340992,0,0,954.8701283979871,616.1752760886001,900.8585102680125,506.14850910778506,12,12,12,1.174256042479757,0.0931873035347239,12.590481388185024,-0.07246989794597461,1.1233984218382893,107.10609772687587,6.817882819572086e-05,4.110449418627277e-05,1.0,1.0,0.0,603.3935915535176,0.0,1.0,146.40316740340992,0.0,0.0,1.0,100.04465179832415,87.34748883526535,1.000000,35.000000,98.1884316399,0
frame_1400.jpg,frame_1400,1400,D:\visualization2026\visualization\left_downsample2_Q45\frame_1400.jpg,D:\visualization2026\visualization\right_downsample2_Q45\frame_1400.jpg,D:\visualization2026\dowsample2_Q45\stitched_frames\frame_1400.jpg,D:\visualization2026\dowsample2_Q45_hess_matched\stitched_frames\frame_1400.jpg,2167,1381,5.528176150450384,5.698034069885008,193.486165266,89.6423894685,82.96884804448041,116.9466092895185,18.132675858246543,-27.30421982099486,17.045743457891177,-19.49054506086243,25.89283137862194,0,1,32.77673494742034,7.888912174696385,raw,8.522871728945589,-9.745272530431215,-8.522871728945589,9.745272530431215,0,0,928.9697651391245,613.192757492013,846.0009170946441,496.2461482024945,12,12,12,1.1358336311817605,0.0916797803359117,8.815688306485995,-0.07815670894596376,1.0987210954735098,113.96325516510439,5.9645005778590506e-05,3.7081026122623216e-05,1.0,1.0,0.0,558.4771282710544,0.0,1.0,137.7452725304312,0.0,0.0,1.0,101.10152390272695,89.64238946852365,1.000000,35.000000,92.384641363,0
frame_1402.jpg,frame_1402,1402,D:\visualization2026\visualization\left_downsample2_Q45\frame_1402.jpg,D:\visualization2026\visualization\right_downsample2_Q45\frame_1402.jpg,D:\visualization2026\dowsample2_Q45\stitched_frames\frame_1402.jpg,D:\visualization2026\dowsample2_Q45_hess_matched\stitched_frames\frame_1402.jpg,2181,1395,5.752351228953666,5.689043350276425,201.332293013,87.0653901028,80.54486969277514,115.63242383031775,19.76702180578289,-28.56703372753465,17.26678151971944,-20.52680293668862,26.823336534655294,0,1,34.73917913624901,8.420006689909641,raw,8.63339075985972,-10.26340146834431,-8.63339075985972,10.26340146834431,0,0,933.7492224176758,627.1417045039819,853.2043527249007,511.5092806736642,12,12,12,1.148435365045122,0.11035118800773973,8.943587108459168,-0.08078622232937228,1.1289255221782701,118.01790110808301,5.735226531257863e-05,5.3169659779818926e-05,1.0,1.0,0.0,572.3666092401403,0.0,1.0,154.2634014683443,0.0,0.0,1.0,100.31189149855803,87.0653901027831,1.000000,35.000000,101.020401515,0
frame_1404.jpg,frame_1404,1404,D:\visualization2026\visualization\left_downsample2_Q45\frame_1404.jpg,D:\visualization2026\visualization\right_downsample2_Q45\frame_1404.jpg,D:\visualization2026\dowsample2_Q45\stitched_frames\frame_1404.jpg,D:\visualization2026\dowsample2_Q45_hess_matched\stitched_frames\frame_1404.jpg,2163,1403,6.226988755899275,5.660707453516551,217.944606456,81.3685350739,84.48636653087635,118.30585721202988,13.964238801830959,-36.93732213817502,14.354630461599843,-22.325055298677835,26.541731476640958,0,1,39.48880514847057,14.617480899138744,raw,7.1773152307999215,-11.162527649338918,-7.1773152307999215,11.162527649338918,0,0,915.0112864311967,637.8577736710306,830.5249199003204,519.5519164590007,12,12,12,1.1177966537289061,0.10554570047524871,7.219494270318409,-0.09638095992714484,1.1145241643005037,142.15349692758585,4.423864642228252e-05,5.255261980009884e-05,1.0,1.0,0.0,555.8226847692001,0.0,1.0,163.16252764933893,0.0,0.0,1.0,98.45060533270731,81.36853507385486,1.000000,35.000000,119.494001124,0
frame_1406.jpg,frame_1406,1406,D:\visualization2026\visualization\left_downsample2_Q45\frame_1406.jpg,D:\visualization2026\visualization\right_downsample2_Q45\frame_1406.jpg,D:\visualization2026\dowsample2_Q45\stitched_frames\frame_1406.jpg,D:\visualization2026\dowsample2_Q45_hess_matched\stitched_frames\frame_1406.jpg,2178,1390,6.4954540453808125,5.616798793245962,227.340891588,77.4247578474,108.39299592360476,64.57091869859983,-11.56306253561283,12.853839148811076,14.189126933400727,-23.000607509664224,27.02515992451812,0,1,17.289464886629695,44.14427038284157,fused,7.094563466700364,-11.500303754832112,-7.094563466700364,11.500303754832112,5,10,1108.0032733224223,1269.7496362975085,999.6102773988175,1205.1787175989086,12,12,12,1.1520690128417908,0.09874540299856101,7.411558946793078,-0.07879073258760565,1.1160034006692559,112.8945214850861,6.235324134306855e-05,4.4388323377251235e-05,1.0,1.0,0.0,570.9054365332996,0.0,1.0,145.50030375483212,0.0,0.0,1.0,96.82993338799193,77.4247578474109,1.000000,35.000000,130.5109582,0
frame_1408.jpg,frame_1408,1408,D:\visualization2026\visualization\left_downsample2_Q45\frame_1408.jpg,D:\visualization2026\visualization\right_downsample2_Q45\frame_1408.jpg,D:\visualization2026\dowsample2_Q45\stitched_frames\frame_1408.jpg,D:\visualization2026\dowsample2_Q45_hess_matched\stitched_frames\frame_1408.jpg,2178,1390,6.332789392948586,5.569030523224033,221.647628753,77.8896934453,64.82479788226692,109.56023340078713,31.47227837775165,-31.670539955495727,11.746413850328837,-22.85200416151554,25.694208151665634,0,1,44.648935120104994,21.607320632228962,raw,5.873206925164419,-11.42600208075777,-5.873206925164419,11.42600208075777,0,0,913.9692763546143,620.5628755673637,849.1444784723474,511.00264216657655,12,12,12,1.1519928573025904,0.0986911890294364,6.190202405257133,-0.07878609963738989,1.116006698795992,112.96882315916045,6.235324134306855e-05,4.4388323377251235e-05,1.0,1.0,0.0,572.1267930748356,0.0,1.0,145.42600208075777,0.0,0.0,1.0,96.29707626001857,77.8896934452914,1.000000,35.000000,125.350552493,0
frame_1410.jpg,frame_1410,1410,D:\visualization2026\visualization\left_downsample2_Q45\frame_1410.jpg,D:\visualization2026\visualization\right_downsample2_Q45\frame_1410.jpg,D:\visualization2026\dowsample2_Q45\stitched_frames\frame_1410.jpg,D:\visualization2026\dowsample2_Q45_hess_matched\stitched_frames\frame_1410.jpg,2176,1385,6.004286054525766,5.524766342730114,210.150011908,80.17958552,78.97911126451413,110.86156639592843,17.305158217250963,-30.681980875926797,8.906405126801701,-21.309367286319926,23.095739573046835,0,1,35.22573564022228,12.585107825299488,raw,4.4532025634008505,-10.654683643159963,-4.4532025634008505,10.654683643159963,0,0,920.6617523720754,623.1423406864753,841.6826411075613,512.2807742905469,12,12,12,1.145228400003023,0.10067057077355691,4.4227025591168285,-0.07616646952151539,1.1131023724779776,109.67410802017005,6.099655311424467e-05,4.2980800702309874e-05,1.0,1.0,0.0,571.5467974365991,0.0,1.0,143.65468364315996,0.0,0.0,1.0,96.2842694817651,80.17958552000164,1.000000,35.000000,113.865742427,0
frame_1412.jpg,frame_1412,1412,D:\visualization2026\visualization\left_downsample2_Q45\frame_1412.jpg,D:\visualization2026\visualization\right_downsample2_Q45\frame_1412.jpg,D:\visualization2026\dowsample2_Q45\stitched_frames\frame_1412.jpg,D:\visualization2026\dowsample2_Q45_hess_matched\stitched_frames\frame_1412.jpg,2173,1389,5.775136918907053,5.480373136815217,202.129792162,81.4271304373,88.44657421572538,109.25114742404241,7.553456390423435,-27.824016986791236,15.263976324144423,-30.864384536205083,34.43253121719019,0,1,28.831070474806793,8.28830214723362,raw,7.631988162072211,-15.432192268102542,-7.631988162072211,15.432192268102542,0,0,927.7517300910251,625.7145766806372,839.3051558752998,516.4634292565947,12,12,12,1.1418965513693682,0.10067545062065937,7.291212404587036,-0.07872080345317696,1.115085966513748,108.77491934160923,5.897735943060986e-05,4.4376659769747526e-05,1.0,1.0,0.0,565.3680118379278,0.0,1.0,152.43219226810254,0.0,0.0,1.0,96.00003060614881,81.42713043725118,1.000000,35.000000,106.129761556,0
frame_1414.jpg,frame_1414,1414,D:\visualization2026\visualization\left_downsample2_Q45\frame_1414.jpg,D:\visualization2026\visualization\right_downsample2_Q45\frame_1414.jpg,D:\visualization2026\dowsample2_Q45\stitched_frames\frame_1414.jpg,D:\visualization2026\dowsample2_Q45_hess_matched\stitched_frames\frame_1414.jpg,2146,1414,5.7261920645107125,5.435775898996795,200.416722258,80.7848879955,95.45989576494026,110.00902575769783,-0.23580481580471258,-29.224137762196932,10.487107086760112,-31.100838208263756,32.82135817277788,0,1,29.225089082071612,10.885901167768974,raw,5.243553543380056,-15.550419104131878,-5.243553543380056,15.550419104131878,0,0,900.5586093046168,656.5146938254599,805.0987135396765,546.505668067762,9,12,12,1.099212503930879,0.10057297002444213,4.835522457108862,-0.10564041293017468,1.1212213654380272,152.2281060112568,3.426357000137134e-05,5.91381799204883e-05,1.0,1.0,0.0,540.75644645662,0.0,1.0,182.5504191041319,0.0,0.0,1.0,95.22409094913554,80.7848879955009,1.000000,35.000000,105.192631309,0
frame_1416.jpg,frame_1416,1416,D:\visualization2026\visualization\left_downsample2_Q45\frame_1416.jpg,D:\visualization2026\visualization\right_downsample2_Q45\frame_1416.jpg,D:\visualization2026\dowsample2_Q45\stitched_frames\frame_1416.jpg,D:\visualization2026\dowsample2_Q45_hess_matched\stitched_frames\frame_1416.jpg,2189,1383,5.706004114894244,5.409892857573858,199.710144021,80.3262035269,74.52672811519358,115.24745062749673,20.22479345110078,-34.92124710061471,8.525590696041832,-25.29816412464265,26.696119657991336,0,1,40.35512073085496,15.148434607787765,raw,4.262795348020916,-12.649082062321325,-4.262795348020916,12.649082062321325,0,0,917.4840708591262,618.9858112020386,842.9573427439326,503.73836057454184,12,12,12,1.1505558514197132,0.09031732526069697,4.422528174860247,-0.07252722588580347,1.111563691155119,101.97643899544256,6.505245325386413e-05,3.997170059647842e-05,1.0,1.0,0.0,584.737204651979,0.0,1.0,136.64908206232133,0.0,0.0,1.0,94.75152156629436,80.32620352688203,1.000000,35.000000,104.958622455,0
frame_1418.jpg,frame_1418,1418,D:\visualization2026\visualization\left_downsample2_Q45\frame_1418.jpg,D:\visualization2026\visualization\right_downsample2_Q45\frame_1418.jpg,D:\visualization2026\dowsample2_Q45\stitched_frames\frame_1418.jpg,D:\visualization2026\dowsample2_Q45_hess_matched\stitched_frames\frame_1418.jpg,2188,1377,5.721620291661299,5.427929477564135,200.256710208,80.6296478572,87.48871112331108,113.48245617303763,7.587932190830088,-32.85280831578909,10.28119114473919,-25.948020782334925,27.91061937462422,0,1,33.71770646361666,7.41145968584837,raw,5.140595572369595,-12.974010391167463,-5.140595572369595,12.974010391167463,0,0,917.5989518569756,606.1021224575874,830.1102407336646,492.61966628454974,12,12,12,1.1609209651175736,0.07748485847868941,4.890730104802461,-0.06410957896204295,1.1026037628242897,88.13904262773453,7.436113885070306e-05,2.8778392800208133e-05,1.0,1.0,0.0,582.8594044276304,0.0,1.0,125.97401039116747,0.0,0.0,1.0,95.07664331414117,80.62964785724854,1.000000,35.000000,105.180066894,0
frame_1420.jpg,frame_1420,1420,D:\visualization2026\visualization\left_downsample2_Q45\frame_1420.jpg,D:\visualization2026\visualization\right_downsample2_Q45\frame_1420.jpg,D:\visualization2026\dowsample2_Q45\stitched_frames\frame_1420.jpg,D:\visualization2026\dowsample2_Q45_hess_matched\stitched_frames\frame_1420.jpg,2194,1390,5.850149147487949,5.494973684769899,204.755220162,81.0205147855,88.59689306677257,82.68912524334212,7.4975762636595675,-1.6686104578212735,16.83150904662956,-22.450086102100236,28.058974727856448,0,1,7.681009744124914,22.781396602288492,fused,8.41575452331478,-11.225043051050118,-8.41575452331478,11.225043051050118,7,1,396.76556776556777,447.97069597069594,308.1686746987952,365.2815707273538,12,12,12,1.1430581771065722,0.10767528880526706,8.498876938668735,-0.07948700335418761,1.1212054520609531,114.86869964400424,5.776912485590569e-05,4.908819095175026e-05,1.0,1.0,0.0,585.5842454766852,0.0,1.0,146.2250430510501,0.0,0.0,1.0,96.09446933043213,81.02051478552085,1.000000,35.000000,108.660750832,0
frame_1422.jpg,frame_1422,1422,D:\visualization2026\visualization\left_downsample2_Q45\frame_1422.jpg,D:\visualization2026\visualization\right_downsample2_Q45\frame_1422.jpg,D:\visualization2026\dowsample2_Q45\stitched_frames\frame_1422.jpg,D:\visualization2026\dowsample2_Q45_hess_matched\stitched_frames\frame_1422.jpg,2178,1376,6.118716822041696,5.581389806421438,214.155088771,80.4482164679,80.79652877370461,111.52151674316104,16.331458633910216,-31.073300275252606,17.294974235713006,-18.49351937205023,25.320473782660027,0,1,35.103654099069715,12.616625931186697,raw,8.647487117856503,-9.246759686025115,-8.647487117856503,9.246759686025115,0,0,908.3966332873894,613.7684956444609,827.6001045136848,502.2469789012999,12,12,12,1.1378908595548758,0.0872255231746395,8.486069466839826,-0.07393237696044164,1.096378450734084,107.51874833313107,6.287453393835881e-05,3.45764280890262e-05,1.0,1.0,0.0,569.3525128821435,0.0,1.0,128.24675968602511,0.0,0.0,1.0,97.12798740761482,80.44821646790844,1.000000,35.000000,117.027101364,0
frame_1424.jpg,frame_1424,1424,D:\visualization2026\visualization\left_downsample2_Q45\frame_1424.jpg,D:\visualization2026\visualization\right_downsample2_Q45\frame_1424.jpg,D:\visualization2026\dowsample2_Q45\stitched_frames\frame_1424.jpg,D:\visualization2026\dowsample2_Q45_hess_matched\stitched_frames\frame_1424.jpg,2116,1370,6.349383514485485,5.678703675150597,222.228423007,80.5542844266,65.9702286990888,92.2887487876718,32.51578469364715,-11.734464361023498,19.98304715791438,-14.468661001267842,24.67112330002505,0,1,34.568394641402556,12.827522808675432,raw,9.99152357895719,-7.234330500633921,-9.99152357895719,7.234330500633921,0,0,875.4422364210965,617.3261361750591,809.4720077220077,525.0373873873873,12,12,12,1.1023143275340723,0.07907368397165747,9.648046766015346,-0.08255725796655988,1.0747516674783322,124.67140385206699,5.154058203110037e-05,3.135084381695079e-05,1.0,1.0,0.0,506.0084764210428,0.0,1.0,125.23433050063392,0.0,0.0,1.0,98.48601339273596,80.55428442664831,1.000000,35.000000,123.742409614,0
frame_1426.jpg,frame_1426,1426,D:\visualization2026\visualization\left_downsample2_Q45\frame_1426.jpg,D:\visualization2026\visualization\right_downsample2_Q45\frame_1426.jpg,D:\visualization2026\dowsample2_Q45\stitched_frames\frame_1426.jpg,D:\visualization2026\dowsample2_Q45_hess_matched\stitched_frames\frame_1426.jpg,2115,1377,6.3968526374737875,5.790961681915981,223.889842312,82.9628874287,78.1019469672209,98.10130087904645,22.542119396518018,-15.13841345036468,21.217786115250497,-16.759424155376955,27.03835693329662,0,1,27.15361317911589,2.0932114909003325,raw,10.608893057625249,-8.379712077688477,-10.608893057625249,8.379712077688477,0,0,873.7237957067167,625.5963840186853,795.6218487394958,527.4950831396388,12,12,12,1.092604355935324,0.08521738388062686,10.692175192272014,-0.08851956761601806,1.0789205098564212,132.87879700065486,4.5335529940813195e-05,3.5736038971711e-05,1.0,1.0,0.0,504.39110694237473,0.0,1.0,135.37971207768848,0.0,0.0,1.0,100.64406636373892,82.96288742868177,1.000000,35.000000,123.245775948,0
frame_1428.jpg,frame_1428,1428,D:\visualization2026\visualization\left_downsample2_Q45\frame_1428.jpg,D:\visualization2026\visualization\right_downsample2_Q45\frame_1428.jpg,D:\visualization2026\dowsample2_Q45\stitched_frames\frame_1428.jpg,D:\visualization2026\dowsample2_Q45_hess_matched\stitched_frames\frame_1428.jpg,2115,1376,6.3216110256326115,5.920433912044803,221.256385897,87.1002226577,82.45643890084057,99.82873911959905,21.02829680183696,-12.728516461877149,23.30588477981021,-13.759455813876478,27.064495001085987,0,1,24.580569515501956,2.5000485885096535,raw,11.652942389905105,-6.879727906938239,-11.652942389905105,6.879727906938239,0,0,867.4241281366365,623.3147922447881,784.9676892357959,523.4860531251891,12,12,12,1.0968241648236925,0.08109814535998769,11.565970499631602,-0.08379072380488786,1.0786389583578682,126.69140723096756,4.9227742731109486e-05,3.149459561720089e-05,1.0,1.0,0.0,503.3470576100949,0.0,1.0,130.87972790693823,0.0,0.0,1.0,103.48473570267753,87.1002226577219,1.000000,35.000000,117.771650194,0
frame_1430.jpg,frame_1430,1430,D:\visualization2026\visualization\left_downsample2_Q45\frame_1430.jpg,D:\visualization2026\visualization\right_downsample2_Q45\frame_1430.jpg,D:\visualization2026\dowsample2_Q45\stitched_frames\frame_1430.jpg,D:\visualization2026\dowsample2_Q45_hess_matched\stitched_frames\frame_1430.jpg,2115,1376,6.232394004230227,6.024903952302971,218.133790148,90.7366997612,92.18269776464831,103.85912598961329,13.671271050340152,-13.122426228366848,22.622774974361214,-14.495151100618374,26.868184772521236,0,1,18.94997947890179,9.056146866999372,raw,11.311387487180607,-7.247575550309187,-11.311387487180607,7.247575550309187,0,0,877.2198488714819,629.6244131246791,785.0371511068336,525.7652871350658,12,12,12,1.0968073508468126,0.0810873882264453,11.224415596907104,-0.08380883211403997,1.0786273731450915,126.3235595875966,4.9227742731109486e-05,3.149459561720089e-05,1.0,1.0,0.0,503.6886125128194,0.0,1.0,131.2475755503092,0.0,0.0,1.0,105.85396881498846,90.73669976124644,1.000000,35.000000,112.279821333,0
frame_1432.jpg,frame_1432,1432,D:\visualization2026\visualization\left_downsample2_Q45\frame_1432.jpg,D:\visualization2026\visualization\right_downsample2_Q45\frame_1432.jpg,D:\visualization2026\dowsample2_Q45\stitched_frames\frame_1432.jpg,D:\visualization2026\dowsample2_Q45_hess_matched\stitched_frames\frame_1432.jpg,2136,1376,6.204900387700398,6.073443642068572,217.17151357,92.2803294009,80.14506201893448,108.35378796866269,26.771951956708776,-16.073458567750208,17.582251267026237,-7.589429662125075,19.150326425760728,0,1,31.22648686454346,12.507171752136236,raw,8.791125633513118,-3.7947148310625374,-8.791125633513118,3.7947148310625374,0,0,879.9045895574362,629.6086169950265,799.7595275385017,521.2548290263638,12,12,12,1.1106682445462095,0.08211888767239513,8.880257410220523,-0.07885347335573345,1.0907389333685984,122.32461623259331,5.382254624801861e-05,3.608612127821072e-05,1.0,1.0,0.0,527.2088743664868,0.0,1.0,123.79471483106254,0.0,0.0,1.0,106.91701397564326,92.28032940091248,1.000000,35.000000,110.254499594,0
frame_1434.jpg,frame_1434,1434,D:\visualization2026\visualization\left_downsample2_Q45\frame_1434.jpg,D:\visualization2026\visualization\right_downsample2_Q45\frame_1434.jpg,D:\visualization2026\dowsample2_Q45\stitched_frames\frame_1434.jpg,D:\visualization2026\dowsample2_Q45_hess_matched\stitched_frames\frame_1434.jpg,2140,1382,6.195888998548455,6.087621484851251,216.856114949,92.7414618095,78.12993433339989,108.15440260424532,29.100235666402156,-15.412940794732975,17.99172645724779,-8.44167677939289,19.873704429727518,0,1,32.929962948386205,13.114781691718807,raw,8.995863228623895,-4.220838389696445,-8.995863228623895,4.220838389696445,0,0,877.7171370514067,640.9815700888306,799.5872027180068,532.8271674845853,12,12,12,1.1036426927069747,0.09778735459295201,8.837015980855787,-0.08580943177854418,1.1029274946896959,132.4731075773679,4.623628483346391e-05,4.728480795428439e-05,1.0,1.0,0.0,531.0041367713761,0.0,1.0,135.22083838969644,0.0,0.0,1.0,107.23016999980204,92.74146180951234,1.000000,35.000000,109.625944949,0
frame_1436.jpg,frame_1436,1436,D:\visualization2026\visualization\left_downsample2_Q45\frame_1436.jpg,D:\visualization2026\visualization\right_downsample2_Q45\frame_1436.jpg,D:\visualization2026\dowsample2_Q45\stitched_frames\frame_1436.jpg,D:\visualization2026\dowsample2_Q45_hess_matched\stitched_frames\frame_1436.jpg,2135,1373,6.187736281364575,6.083360788453962,216.570769848,92.7164613442,109.82594417077173,73.32626760212963,-2.6604991401568725,19.390193742101815,18.863657101084407,-9.87412824544546,21.291687763885605,0,1,19.571864219614334,36.32753560714253,fused,9.431828550542203,-4.93706412272273,-9.431828550542203,4.93706412272273,10,4,212.95238095238093,1033.4718614718613,103.1264367816092,960.1455938697317,12,12,12,1.103786047959831,0.08603017372338696,9.558574291012118,-0.08280819724589761,1.0869814838692986,127.24968532352496,4.959765628648992e-05,3.861219813699639e-05,1.0,1.0,0.0,525.5681714494579,0.0,1.0,124.93706412272273,0.0,0.0,1.0,107.16544503061486,92.71646134423145,1.000000,35.000000,109.405324817,0
frame_1438.jpg,frame_1438,1438,D:\visualization2026\visualization\left_downsample2_Q45\frame_1438.jpg,D:\visualization2026\visualization\right_downsample2_Q45\frame_1438.jpg,D:\visualization2026\dowsample2_Q45\stitched_frames\frame_1438.jpg,D:\visualization2026\dowsample2_Q45_hess_matched\stitched_frames\frame_1438.jpg,2135,1370,6.180534016225726,6.079188762171139,216.318690568,92.6838160237,84.02428188900353,109.67356807195233,23.075672752944726,-16.989752048216232,20.886581190393343,-11.2828263619491,23.739238499513554,0,1,28.655511645421083,6.1123745514987196,raw,10.443290595196672,-5.64141318097455,-10.443290595196672,5.64141318097455,0,0,866.1607207333461,627.9185725265787,782.1364388443426,518.2450044546264,12,12,12,1.1094501907655372,0.08135590577306964,10.507162733580671,-0.07604169821573332,1.0870454308258155,115.05820696647748,5.4795020003187806e-05,3.3999337478865895e-05,1.0,1.0,0.0,524.5567094048033,0.0,1.0,121.64141318097455,0.0,0.0,1.0,107.09995464194826,92.6838160237361,1.000000,35.000000,109.218735926,0
frame_1440.jpg,frame_1440,1440,D:\visualization2026\visualization\left_downsample2_Q45\frame_1440.jpg,D:\visualization2026\visualization\right_downsample2_Q45\frame_1440.jpg,D:\visualization2026\dowsample2_Q45\stitched_frames\frame_1440.jpg,D:\visualization2026\dowsample2_Q45_hess_matched\stitched_frames\frame_1440.jpg,2135,1370,6.195285496607657,6.088654054807474,216.834992381,92.7744938861,89.2219099915751,113.05917744469389,18.03092426952324,-20.284683558629695,18.79449777665166,-12.750196186374097,22.711245000386764,0,1,27.14005558371287,7.573080249374588,raw,9.39724888832583,-6.375098093187049,-9.39724888832583,6.375098093187049,0,0,865.0471655765808,630.837859761998,775.8252555850057,517.7786823173041,12,12,12,1.109392872889285,0.08132034104806077,9.46112102670983,-0.07608190049517403,1.087020486024882,114.32452205426499,5.4795020003187806e-05,3.3999337478865895e-05,1.0,1.0,0.0,525.6027511116741,0.0,1.0,122.37509809318705,0.0,0.0,1.0,107.25283426109834,92.77449388606419,1.000000,35.000000,109.58215812,0
frame_1442.jpg,frame_1442,1442,D:\visualization2026\visualization\left_downsample2_Q45\frame_1442.jpg,D:\visualization2026\visualization\right_downsample2_Q45\frame_1442.jpg,D:\visualization2026\dowsample2_Q45\stitched_frames\frame_1442.jpg,D:\visualization2026\dowsample2_Q45_hess_matched\stitched_frames\frame_1442.jpg,2168,1378,6.189342849556608,6.092120870354844,216.626999734,92.9263541981,70.45295218197714,116.04330334834742,36.88657240325347,-23.11694915026841,22.670680660529918,-20.391378621480413,30.492098709277023,0,1,43.53174200140118,14.474816501366554,raw,11.335340330264959,-10.195689310740207,-11.335340330264959,10.195689310740207,0,0,869.744986423629,635.2725394458447,799.2920342416519,519.2292360974973,12,12,12,1.1370357571254386,0.08745477164428711,11.712271794696736,-0.07208749126776098,1.1121091620692893,103.90103362591768,6.304615634634362e-05,4.274273757939906e-05,1.0,1.0,0.0,556.664659669735,0.0,1.0,126.1956893107402,0.0,0.0,1.0,107.3395245852306,92.92635419807901,1.000000,35.000000,109.287475149,0
frame_1444.jpg,frame_1444,1444,D:\visualization2026\visualization\left_downsample2_Q45\frame_1444.jpg,D:\visualization2026\visualization\right_downsample2_Q45\frame_1444.jpg,D:\visualization2026\dowsample2_Q45\stitched_frames\frame_1444.jpg,D:\visualization2026\dowsample2_Q45_hess_matched\stitched_frames\frame_1444.jpg,2163,1372,6.078987049565892,6.075688203511991,212.764546735,93.655167753,88.66357299385606,116.40495766988312,18.639818597693747,-22.749789916857964,21.557869731508234,-20.18096017051255,29.529864557164714,0,1,29.410810573938658,3.8876610815842807,raw,10.778934865754117,-10.090480085256274,-10.778934865754117,10.090480085256274,0,0,881.746157428511,624.6187021632752,793.0825844346549,508.2137444933921,12,12,12,1.1356697790057582,0.07728815188213999,10.949451616282694,-0.0677828942173947,1.100236770043281,96.92068521186843,6.616698742821027e-05,3.4074451302102716e-05,1.0,1.0,0.0,552.2210651342459,0.0,1.0,118.09048008525627,0.0,0.0,1.0,107.30339159154981,93.65516775302515,1.000000,35.000000,105.461155143,0
frame_1446.jpg,frame_1446,1446,D:\visualization2026\visualization\left_downsample2_Q45\frame_1446.jpg,D:\visualization2026\visualization\right_downsample2_Q45\frame_1446.jpg,D:\visualization2026\dowsample2_Q45\stitched_frames\frame_1446.jpg,D:\visualization2026\dowsample2_Q45_hess_matched\stitched_frames\frame_1446.jpg,2151,1356,5.764719383420034,6.064229815445863,201.76517842,96.6451381461,91.19984610401525,115.46085657953984,16.720415279234402,-18.81571843342975,15.053004299151866,-18.89800002806473,24.160449985275918,0,1,25.171482818383257,1.6694399172523338,raw,7.526502149575933,-9.449000014032364,-7.526502149575933,9.449000014032364,0,0,866.8944393200316,609.5022363296035,775.6945932160163,494.0413797500637,12,12,12,1.1295605915168554,0.058454048568348974,7.373681771361291,-0.06178159518732162,1.073398564254169,88.63064100047772,7.061495124524239e-05,1.8858167169484894e-05,1.0,1.0,0.0,543.4734978504241,0.0,1.0,100.44900001403236,0.0,0.0,1.0,107.92026138324965,96.64513814611009,1.000000,35.000000,93.8449170365,0
frame_1448.jpg,frame_1448,1448,D:\visualization2026\visualization\left_downsample2_Q45\frame_1448.jpg,D:\visualization2026\visualization\right_downsample2_Q45\frame_1448.jpg,D:\visualization2026\dowsample2_Q45\stitched_frames\frame_1448.jpg,D:\visualization2026\dowsample2_Q45_hess_matched\stitched_frames\frame_1448.jpg,2151,1356,5.469709204390847,6.062350791830475,191.439822154,99.6816162621,91.16852505118027,115.6192760555025,17.511618107836313,-15.937659793376938,1.4909533395873424,-19.185306978863142,19.243153217028684,0,1,23.678381879767976,16.34652598743874,raw,0.7454766697936712,-9.592653489431571,-0.7454766697936712,9.592653489431571,0,0,856.3074792995462,610.2075767090972,765.138954248366,494.58830065359473,12,12,12,1.1290817497332077,0.058326170856270704,0.5926562915790292,-0.06179173927048314,1.0733958552129155,88.48698752507852,7.061495124524239e-05,1.8858167169484894e-05,1.0,1.0,0.0,550.2545233302063,0.0,1.0,100.59265348943157,0.0,0.0,1.0,108.68014315901658,99.68161626212556,1.000000,35.000000,82.7596789947,0
frame_1450.jpg,frame_1450,1450,D:\visualization2026\visualization\left_downsample2_Q45\frame_1450.jpg,D:\visualization2026\visualization\right_downsample2_Q45\frame_1450.jpg,D:\visualization2026\dowsample2_Q45\stitched_frames\frame_1450.jpg,D:\visualization2026\dowsample2_Q45_hess_matched\stitched_frames\frame_1450.jpg,2124,1381,5.381976924316952,6.06788153399161,188.369192351,100.742211628,123.52355754307052,114.61209447461243,-14.493402892258601,-13.869882846390581,-8.608533214290885,-19.03335936262392,20.889605375122166,0,1,20.060717274562485,7.828996159173724,raw,-4.3042666071454425,-9.51667968131196,4.3042666071454425,9.51667968131196,0,0,860.9517261961527,613.2927301275664,737.4281686530821,498.680635652954,12,12,12,1.1295584192519748,0.031177160288561205,-4.194396345014517,-0.06534532963891772,1.0738033527282935,93.54481860246902,7.431454276652665e-05,6.520858846576163e-06,1.0,1.0,0.0,528.3042666071455,0.0,1.0,106.51667968131196,0.0,0.0,1.0,109.03015465081192,100.74221162822185,1.000000,35.000000,79.3390377003,0
frame_1452.jpg,frame_1452,1452,D:\visualization2026\visualization\left_downsample2_Q45\frame_1452.jpg,D:\visualization2026\visualization\right_downsample2_Q45\frame_1452.jpg,D:\visualization2026\dowsample2_Q45\stitched_frames\frame_1452.jpg,D:\visualization2026\dowsample2_Q45_hess_matched\stitched_frames\frame_1452.jpg,2094,1375,5.2782372599607275,6.068820019109889,184.738304099,101.851367493,140.25362121518845,126.40485139717691,-30.92368239456914,-24.553483904260474,-8.507761240710511,-13.38855261106835,15.863018071863916,0,1,39.48604442935458,25.04254803245283,raw,-4.253880620355256,-6.694276305534175,4.253880620355256,6.694276305534175,0,0,843.6628794685531,640.7440993904173,703.4092582533647,514.3392479932404,12,12,12,1.0586379601876177,0.08362027177846472,-3.9211180943351795,-0.09445510715011056,1.0649888980574573,144.18369371784928,3.733746816391886e-05,3.276455942085426e-05,1.0,1.0,0.0,498.25388062035523,0.0,1.0,119.69427630553417,0.0,0.0,1.0,109.3299388206193,101.85136749291644,1.000000,35.000000,75.408365278,0
frame_1454.jpg,frame_1454,1454,D:\visualization2026\visualization\left_downsample2_Q45\frame_1454.jpg,D:\visualization2026\visualization\right_downsample2_Q45\frame_1454.jpg,D:\visualization2026\dowsample2_Q45\stitched_frames\frame_1454.jpg,D:\visualization2026\dowsample2_Q45_hess_matched\stitched_frames\frame_1454.jpg,2094,1375,5.204768959971302,6.07235071695451,182.166913599,102.711038392,141.45823601456436,124.7010902272749,-31.857614171697392,-21.990051835661845,-14.130125418533645,-16.32756246022506,21.5928168666351,0,1,38.71007569674631,18.609880263464387,raw,-7.065062709266822,-8.16378123011253,7.065062709266822,8.16378123011253,0,0,838.2333395342331,640.8709271837967,696.7751035196687,516.1698369565217,12,12,12,1.05853299776587,0.08352816463586973,-6.732300183246746,-0.09450997474344873,1.0649407503760366,142.71418879327092,3.733746816391886e-05,3.276455942085426e-05,1.0,1.0,0.0,501.06506270926684,0.0,1.0,121.16378123011253,0.0,0.0,1.0,109.60062184286697,102.71103839161306,1.000000,35.000000,72.5662917561,0
frame_1456.jpg,frame_1456,1456,D:\visualization2026\visualization\left_downsample2_Q45\frame_1456.jpg,D:\visualization2026\visualization\right_downsample2_Q45\frame_1456.jpg,D:\visualization2026\dowsample2_Q45\stitched_frames\frame_1456.jpg,D:\visualization2026\dowsample2_Q45_hess_matched\stitched_frames\frame_1456.jpg,2119,1369,5.273818071933826,6.091153980578145,184.583632518,102.475540766,92.57252000551875,93.06722544150108,17.224275147136268,9.408315324348095,-12.142829841427568,-21.228881814290308,24.456363990646064,0,1,19.626310187771395,42.438952672292984,fused,-6.071414920713784,-10.614440907145154,6.071414920713784,10.614440907145154,5,1,484.5703125,477.55729166666663,391.99779249448125,384.49006622516555,12,12,12,1.0757594225375497,0.07968483574277455,-5.807211470246904,-0.0840406213381975,1.0697097790855794,122.59426030689731,4.7328901903301905e-05,2.9617843163264134e-05,1.0,1.0,0.0,525.0714149207138,0.0,1.0,108.61444090714515,0.0,0.0,1.0,109.79679515265502,102.47554076584917,1.000000,35.000000,74.786837365,0
frame_1458.jpg,frame_1458,1458,D:\visualization2026\visualization\left_downsample2_Q45\frame_1458.jpg,D:\visualization2026\visualization\right_downsample2_Q45\frame_1458.jpg,D:\visualization2026\dowsample2_Q45\stitched_frames\frame_1458.jpg,D:\visualization2026\dowsample2_Q45_hess_matched\stitched_frames\frame_1458.jpg,2140,1376,5.495593114351106,6.140450829199736,192.345759002,101.432007944,120.80106535639868,132.06471698315914,-10.60020278127935,-30.63270903916049,-7.065793020776846,-23.978998515861754,24.998355962666004,0,1,32.41492190461219,7.534183172912093,raw,-3.532896510388423,-11.989499257930877,3.532896510388423,11.989499257930877,0,0,848.7135153137393,630.3394429790901,727.9124499573406,498.27472599593096,12,12,12,1.117766706901501,0.08228335849824636,-3.843322134228697,-0.07684494326260774,1.0929858026223178,109.7795725497502,6.213735449726484e-05,3.4702863619969274e-05,1.0,1.0,0.0,543.5328965103885,0.0,1.0,107.98949925793087,0.0,0.0,1.0,110.20086257511933,101.43200794399866,1.000000,35.000000,82.1448964272,0
frame_1460.jpg,frame_1460,1460,D:\visualization2026\visualization\left_downsample2_Q45\frame_1460.jpg,D:\visualization2026\visualization\right_downsample2_Q45\frame_1460.jpg,D:\visualization2026\dowsample2_Q45\stitched_frames\frame_1460.jpg,D:\visualization2026\dowsample2_Q45_hess_matched\stitched_frames\frame_1460.jpg,2121,1379,5.750807741514989,6.195644633449227,201.278270953,100.191378381,115.19149349941631,138.56785799774286,-4.556925006728221,-38.37647961671682,-0.4370046102289421,-27.497595291613965,27.501067612926445,0,1,38.64608328523379,11.632878759467044,raw,-0.21850230511447105,-13.748797645806983,0.21850230511447105,13.748797645806983,0,0,830.100480115095,643.4792665382145,714.9089866156787,504.9114085404716,12,12,12,1.0770319751243664,0.08786117075830263,-0.22681491845671214,-0.09088876427547522,1.083712444809546,130.54163985654608,4.3093925785032784e-05,3.99137078230037e-05,1.0,1.0,0.0,521.2185023051145,0.0,1.0,122.74879764580699,0.0,0.0,1.0,110.63456849268809,100.19137838102604,1.000000,35.000000,90.6437024603,0
frame_1462.jpg,frame_1462,1462,D:\visualization2026\visualization\left_downsample2_Q45\frame_1462.jpg,D:\visualization2026\visualization\right_downsample2_Q45\frame_1462.jpg,D:\visualization2026\dowsample2_Q45\stitched_frames\frame_1462.jpg,D:\visualization2026\dowsample2_Q45_hess_matched\stitched_frames\frame_1462.jpg,2121,1379,5.908539146394263,6.234559610910544,206.798870124,99.5489269601,116.53894620869971,137.8529943721805,-5.538498291315534,-38.3040674121177,2.363523043323281,-38.609676975046824,38.6819518289057,0,1,38.702410049439585,7.907928829854297,raw,1.1817615216616404,-19.304838487523412,-1.1817615216616404,19.304838487523412,0,0,821.0007034584369,643.849160822437,704.4617572497372,505.99616645025657,12,12,12,1.077092317989797,0.08791706047955969,1.1734489083193993,-0.09112819588716677,1.0834906826187372,124.98559901482965,4.3093925785032784e-05,3.99137078230037e-05,1.0,1.0,0.0,519.8182384783383,0.0,1.0,128.3048384875234,0.0,0.0,1.0,111.00044791738418,99.54892696006279,1.000000,35.000000,95.7984222064,0
frame_1464.jpg,frame_1464,1464,D:\visualization2026\visualization\left_downsample2_Q45\frame_1464.jpg,D:\visualization2026\visualization\right_downsample2_Q45\frame_1464.jpg,D:\visualization2026\dowsample2_Q45\stitched_frames\frame_1464.jpg,D:\visualization2026\dowsample2_Q45_hess_matched\stitched_frames\frame_1464.jpg,2105,1428,5.875963982012973,6.322032130505836,205.65873937,102.153202719,111.58390081454615,141.73623843299424,1.2863278810421264,-39.58303571442289,7.065545961074804,-41.662151556356704,42.25703269318488,0,1,39.6039310648176,6.141830696197734,raw,3.532772980537402,-20.831075778178352,-3.532772980537402,20.831075778178352,0,0,800.9084862695664,706.2238347249383,689.3245854550203,564.4875962919441,12,12,12,1.020916401478035,0.11659700006600947,3.8436165839291903,-0.13553404989284448,1.1153315698254769,196.0654759947748,-1.8061531599018724e-07,7.553323624865224e-05,1.0,1.0,0.0,501.4672270194626,0.0,1.0,192.83107577817836,0.0,0.0,1.0,112.87022869558828,102.15320271857135,1.000000,35.000000,92.7885106749,0
frame_1466.jpg,frame_1466,1466,D:\visualization2026\visualization\left_downsample2_Q45\frame_1466.jpg,D:\visualization2026\visualization\right_downsample2_Q45\frame_1466.jpg,D:\visualization2026\dowsample2_Q45\stitched_frames\frame_1466.jpg,D:\visualization2026\dowsample2_Q45_hess_matched\stitched_frames\frame_1466.jpg,2169,1375,5.7787930429714205,6.426787096681505,202.257756504,105.880232173,84.03987121829391,152.0323252654527,31.226913414897382,-46.152093092816216,16.31838187012493,-41.03039734608793,44.156348277875985,0,1,55.723745551330914,15.763758439646605,raw,8.159190935062465,-20.515198673043965,-8.159190935062465,20.515198673043965,0,0,839.6734235955648,625.1434578514596,755.6335523772709,473.11113258600693,12,12,12,1.1462125460676595,0.07905426152585315,8.416157510882922,-0.06715194817893912,1.1068721923335993,84.35149700230467,7.407855860283355e-05,3.581315104608743e-05,1.0,1.0,0.0,560.8408090649375,0.0,1.0,105.51519867304397,0.0,0.0,1.0,115.26678463319129,105.88023217263648,1.000000,35.000000,86.9909718708,0
frame_1468.jpg,frame_1468,1468,D:\visualization2026\visualization\left_downsample2_Q45\frame_1468.jpg,D:\visualization2026\visualization\right_downsample2_Q45\frame_1468.jpg,D:\visualization2026\dowsample2_Q45\stitched_frames\frame_1468.jpg,D:\visualization2026\dowsample2_Q45_hess_matched\stitched_frames\frame_1468.jpg,2181,1365,5.772792645743424,6.487075822273539,202.047742601,107.503135941,103.6010732319096,153.39821788684355,12.909911807478267,-45.895081945709876,21.308466362684822,-41.0806397924823,46.27817741105791,0,1,47.67624533958491,9.680628691544543,raw,10.654233181342411,-20.54031989624115,-10.654233181342411,20.54031989624115,0,0,865.7970902087297,604.7713814519758,762.1960169768201,451.37316356513224,12,12,12,1.184812482962688,0.06107314734971563,10.477918218367895,-0.049075505388562125,1.1017254233021418,54.465392810907595,9.62833456220912e-05,1.9982270454947435e-05,1.0,1.0,0.0,570.3457668186576,0.0,1.0,84.54031989624116,0.0,0.0,1.0,116.51098503938786,107.50313594113368,1.000000,35.000000,85.5367575616,0
frame_1470.jpg,frame_1470,1470,D:\visualization2026\visualization\left_downsample2_Q45\frame_1470.jpg,D:\visualization2026\visualization\right_downsample2_Q45\frame_1470.jpg,D:\visualization2026\dowsample2_Q45\stitched_frames\frame_1470.jpg,D:\visualization2026\dowsample2_Q45_hess_matched\stitched_frames\frame_1470.jpg,2176,1362,5.860698617326296,6.511939959033381,205.124451606,107.227283997,75.07233474615316,142.44499256202727,41.70725453852242,-35.217708565372945,21.843623311999252,-39.96033739615625,45.54088760895159,0,1,54.587380205837334,20.421958126729262,raw,10.921811655999626,-19.980168698078124,-10.921811655999626,19.980168698078124,0,0,862.5843544319378,608.641408739704,787.5120196857846,466.1964161776768,12,12,12,1.1694410795241221,0.06929088823410577,11.329155783501768,-0.05165362496901236,1.101219312178647,59.37064454345492,8.880749803693853e-05,2.4177524271842887e-05,1.0,1.0,0.0,565.0781883440004,0.0,1.0,89.98016869807813,0.0,0.0,1.0,116.77958928467558,107.22728399665432,1.000000,35.000000,88.3448623217,0
frame_1472.jpg,frame_1472,1472,D:\visualization2026\visualization\left_downsample2_Q45\frame_1472.jpg,D:\visualization2026\visualization\right_downsample2_Q45\frame_1472.jpg,D:\visualization2026\dowsample2_Q45\stitched_frames\frame_1472.jpg,D:\visualization2026\dowsample2_Q45_hess_matched\stitched_frames\frame_1472.jpg,2113,1367,5.958369019546662,6.520499092258653,208.542915684,106.427377878,97.27774976682542,144.98265752196176,19.411924171483918,-38.55527964408958,14.527189995715169,-36.00804345791509,38.82806256869777,0,1,43.16633397073917,5.508996292981147,raw,7.2635949978575844,-18.004021728957547,-7.2635949978575844,18.004021728957547,0,0,816.8376351536449,636.546427022121,719.5598853868195,491.5637695001592,12,12,12,1.0761058167155138,0.0869475332031543,6.908426359459785,-0.08551656233125493,1.0723513663733248,117.22740986479849,4.794705297907528e-05,3.402366382890356e-05,1.0,1.0,0.0,505.7364050021424,0.0,1.0,114.00402172895755,0.0,0.0,1.0,116.68967393830934,106.42737787787217,1.000000,35.000000,91.8532417458,0
frame_1474.jpg,frame_1474,1474,D:\visualization2026\visualization\left_downsample2_Q45\frame_1474.jpg,D:\visualization2026\visualization\right_downsample2_Q45\frame_1474.jpg,D:\visualization2026\dowsample2_Q45\stitched_frames\frame_1474.jpg,D:\visualization2026\dowsample2_Q45_hess_matched\stitched_frames\frame_1474.jpg,2085,1348,5.996835554699279,6.518216943052991,209.889244414,105.96605203,112.57700657362341,139.94757576308422,3.9621126276142746,-33.98152373279261,22.579926282164557,-31.10028742373851,38.432810835887786,0,1,34.21172739977109,18.839440223747914,raw,11.289963141082278,-15.550143711869255,-11.289963141082278,15.550143711869255,0,0,798.7499761565647,622.12957639024,686.1729695829413,482.1820006271558,12,12,12,1.059519598862627,0.06559502049937005,11.578622244217325,-0.08094823940880914,1.0408662976075185,113.13587074613943,4.783336573857676e-05,1.8596558953801903e-05,1.0,1.0,0.0,473.7100368589177,0.0,1.0,102.55014371186925,0.0,0.0,1.0,116.53911920123768,105.9660520302916,1.000000,35.000000,93.3501252132,0
frame_1476.jpg,frame_1476,1476,D:\visualization2026\visualization\left_downsample2_Q45\frame_1476.jpg,D:\visualization2026\visualization\right_downsample2_Q45\frame_1476.jpg,D:\visualization2026\dowsample2_Q45\stitched_frames\frame_1476.jpg,D:\visualization2026\dowsample2_Q45_hess_matched\stitched_frames\frame_1476.jpg,2068,1361,5.923648365487388,6.522747472934171,207.327692792,106.848656871,122.18465951109022,133.23928027274206,-5.355253166523042,-26.39062340161044,29.979576039020078,-30.356964359361328,42.66521140923739,0,1,26.92849308823618,35.55674360199533,raw,14.989788019510039,-15.178482179680664,-14.989788019510039,15.178482179680664,0,0,786.7863459194419,617.6981573389269,664.6016864083517,484.4588770661848,12,12,12,1.0865318425250428,0.028825965248641228,15.38608795680049,-0.06636086791878255,1.0639569985755513,89.77841931138127,6.374533807917195e-05,1.2865494755917492e-05,1.0,1.0,0.0,453.01021198048994,0.0,1.0,103.17848217968066,0.0,0.0,1.0,116.82940634456718,106.84865687113162,1.000000,35.000000,90.4982864475,0
frame_1478.jpg,frame_1478,1478,D:\visualization2026\visualization\left_downsample2_Q45\frame_1478.jpg,D:\visualization2026\visualization\right_downsample2_Q45\frame_1478.jpg,D:\visualization2026\dowsample2_Q45\stitched_frames\frame_1478.jpg,D:\visualization2026\dowsample2_Q45_hess_matched\stitched_frames\frame_1478.jpg,2156,1358,5.796107805695412,6.518841903978178,202.863773199,108.081358779,63.921326774207614,129.43766055346998,53.17359323972522,-21.356301774826974,41.42303132539533,-28.357241567509213,50.1996083002921,0,1,57.30203001221884,13.678043108692922,raw,20.711515662697664,-14.178620783754607,-20.711515662697664,14.178620783754607,0,0,806.7125792592971,635.0368653248418,742.7912524850894,505.5992047713718,12,12,12,1.106934289954786,0.08734133040014835,21.01049397964603,-0.06413342702678619,1.121030800467974,86.81033261827008,5.7337000446980205e-05,5.483322389608521e-05,1.0,1.0,0.0,535.2884843373023,0.0,1.0,124.17862078375461,0.0,0.0,1.0,117.09492001393284,108.08135877864301,1.000000,35.000000,85.7688531854,0
frame_1480.jpg,frame_1480,1480,D:\visualization2026\visualization\left_downsample2_Q45\frame_1480.jpg,D:\visualization2026\visualization\right_downsample2_Q45\frame_1480.jpg,D:\visualization2026\dowsample2_Q45\stitched_frames\frame_1480.jpg,D:\visualization2026\dowsample2_Q45_hess_matched\stitched_frames\frame_1480.jpg,2143,1326,5.697064852753028,6.478199890771837,199.397269846,108.065376532,37.829578470397564,139.56646977519534,78.70550332280001,-31.501093243487034,52.63960718117489,-27.88629893696591,59.5699077772513,0,1,84.7754394198588,26.31535064452772,raw,26.319803590587444,-13.943149468482956,-26.319803590587444,13.943149468482956,0,0,791.7678776634453,596.2962649334821,753.9382991930478,456.7297951582868,12,12,12,1.119424915867075,0.04229653563370496,25.96719562573165,-0.04625480002480731,1.0669807036654524,58.32418851129937,7.684910033936165e-05,1.7144664208255844e-05,1.0,1.0,0.0,516.6801964094126,0.0,1.0,72.94314946848296,0.0,0.0,1.0,116.53508179319758,108.06537653170831,1.000000,35.000000,82.8621880532,0
frame_1482.jpg,frame_1482,1482,D:\visualization2026\visualization\left_downsample2_Q45\frame_1482.jpg,D:\visualization2026\visualization\right_downsample2_Q45\frame_1482.jpg,D:\visualization2026\dowsample2_Q45\stitched_frames\frame_1482.jpg,D:\visualization2026\dowsample2_Q45_hess_matched\stitched_frames\frame_1482.jpg,2166,1329,5.680217122830154,6.406452785755604,198.807599299,106.384889359,38.490111375083984,134.9415550443266,76.62920060336018,-28.556665684829,62.4251344392717,-28.864772028008645,68.7755223461811,0,1,81.77724341248674,14.207407402918752,raw,31.21256721963585,-14.432386014004322,-31.21256721963585,14.432386014004322,0,0,813.1623316279494,592.0613116318251,774.6722202528654,457.1197565874985,12,12,12,1.1608471134403175,0.04711729636929847,31.41507292282973,-0.03388658984713504,1.0921654457820988,37.03678086916944,9.223111728936596e-05,2.103804257767319e-05,1.0,1.0,0.0,534.7874327803642,0.0,1.0,71.43238601400432,0.0,0.0,1.0,115.11931197844416,106.3848893594976,1.000000,35.000000,83.6882873206,0
frame_1484.jpg,frame_1484,1484,D:\visualization2026\visualization\left_downsample2_Q45\frame_1484.jpg,D:\visualization2026\visualization\right_downsample2_Q45\frame_1484.jpg,D:\visualization2026\dowsample2_Q45\stitched_frames\frame_1484.jpg,D:\visualization2026\dowsample2_Q45_hess_matched\stitched_frames\frame_1484.jpg,2151,1357,5.727235369459729,6.334004963634545,200.453237931,104.018383061,53.471487752062785,135.64519364074158,60.04499190651205,-31.626810580076125,60.94669807497636,-30.379176364575706,68.09841674247883,0,1,67.86498508451257,1.5393716737467706,raw,30.47334903748818,-15.189588182287853,-30.47334903748818,15.189588182287853,0,0,810.8516706407011,632.1141902585545,757.3801828886383,496.4689966178129,12,12,12,1.103226397975102,0.07713246001312997,30.859498698945988,-0.06761168205572697,1.1049906096171684,91.86132075259277,5.648268180143566e-05,4.69552760237967e-05,1.0,1.0,0.0,520.5266509625118,0.0,1.0,112.18958818228785,0.0,0.0,1.0,113.51647965857484,104.01838306066546,1.000000,35.000000,86.9367582725,0
frame_1486.jpg,frame_1486,1486,D:\visualization2026\visualization\left_downsample2_Q45\frame_1486.jpg,D:\visualization2026\visualization\right_downsample2_Q45\frame_1486.jpg,D:\visualization2026\dowsample2_Q45\stitched_frames\frame_1486.jpg,D:\visualization2026\dowsample2_Q45_hess_matched\stitched_frames\frame_1486.jpg,2158,1340,5.807780595884596,6.284156143819217,203.272320856,101.886082269,68.71085506908582,133.1690711262475,43.57238312396103,-31.282988856824105,54.77062359819116,-28.78494455089702,61.87401912057233,0,1,53.639332237803124,11.473483127327128,raw,27.38531179909558,-14.39247227544851,-27.38531179909558,14.39247227544851,0,0,822.3773876245743,610.0031085432662,753.6665325554885,476.8340374170187,12,12,12,1.1281973196214394,0.06619641087031969,27.137643800690288,-0.05083340335411451,1.0974120523085846,65.57982035757647,7.316697588859239e-05,3.5630455450652015e-05,1.0,1.0,0.0,530.6146882009044,0.0,1.0,90.39247227544851,0.0,0.0,1.0,112.28323819304686,101.8860822694234,1.000000,35.000000,90.9890826629,0
frame_1488.jpg,frame_1488,1488,D:\visualization2026\visualization\left_downsample2_Q45\frame_1488.jpg,D:\visualization2026\visualization\right_downsample2_Q45\frame_1488.jpg,D:\visualization2026\dowsample2_Q45\stitched_frames\frame_1488.jpg,D:\visualization2026\dowsample2_Q45_hess_matched\stitched_frames\frame_1488.jpg,2167,1339,5.926115460762283,6.387416213252127,207.414041127,103.3207495,68.28488074679467,132.24907295781992,45.781411418248496,-28.928323457662273,44.384589812109695,-16.562387153967094,47.374090820058235,0,1,54.15519854564349,12.444576781330193,raw,22.192294906054848,-8.281193576983547,-22.192294906054848,8.281193576983547,0,0,831.0505047712686,604.5434476846726,762.7656240244739,472.2943747268527,12,12,12,1.1445288411031782,0.06542924150325038,22.736651132760493,-0.04406607255058347,1.1041302881520767,60.980688512638075,8.065556097741034e-05,3.460778680145611e-05,1.0,1.0,0.0,544.8077050939452,0.0,1.0,80.28119357698355,0.0,0.0,1.0,114.06629216504317,103.32074950015765,1.000000,35.000000,93.3477489616,0
frame_1490.jpg,frame_1490,1490,D:\visualization2026\visualization\left_downsample2_Q45\frame_1490.jpg,D:\visualization2026\visualization\right_downsample2_Q45\frame_1490.jpg,D:\visualization2026\dowsample2_Q45\stitched_frames\frame_1490.jpg,D:\visualization2026\dowsample2_Q45_hess_matched\stitched_frames\frame_1490.jpg,2169,1337,6.078525885111187,6.594770283740875,212.748405979,107.092816048,70.05221941879563,130.62275022283552,47.825130938874025,-23.529934175093587,41.82272820180368,-15.730981240357114,44.68337906902758,0,1,53.30010273540458,9.84136705423715,raw,20.91136410090184,-7.865490620178557,-20.91136410090184,7.865490620178557,0,0,828.0068915347161,602.4507271873534,757.9546721159205,471.8279769645179,12,12,12,1.1516052793445641,0.06455455615679973,20.654829865088747,-0.040334625806309456,1.1070038956671442,55.60833998127621,8.395877084233863e-05,3.441872898407816e-05,1.0,1.0,0.0,548.0886358990981,0.0,1.0,77.86549062017856,0.0,0.0,1.0,117.87735035766966,107.09281604774193,1.000000,35.000000,94.8710556212,0
frame_1492.jpg,frame_1492,1492,D:\visualization2026\visualization\left_downsample2_Q45\frame_1492.jpg,D:\visualization2026\visualization\right_downsample2_Q45\frame_1492.jpg,D:\visualization2026\dowsample2_Q45\stitched_frames\frame_1492.jpg,D:\visualization2026\dowsample2_Q45_hess_matched\stitched_frames\frame_1492.jpg,2160,1381,6.235288507937048,6.7107158980472335,218.235097778,108.453897499,95.11578618789288,75.89777619908728,24.69903167295287,32.55612129982062,44.54271380793363,-15.563365022459514,47.18338356029374,0,1,40.86493851298645,52.05052050262571,fused,22.271356903966815,-7.781682511229757,-22.271356903966815,7.781682511229757,11,3,199.92616033755274,1102.9683544303798,104.81037414965986,1027.0705782312925,12,12,12,1.0845889839027374,0.11360374377990483,22.493231034858407,-0.0862078090066956,1.1405236075280831,130.07027768141066,3.538905968122113e-05,7.601982057319161e-05,1.0,1.0,0.0,537.7286430960332,0.0,1.0,139.78168251122975,0.0,0.0,1.0,119.81481786084575,108.45389749890789,1.000000,35.000000,98.420279917,0
frame_1494.jpg,frame_1494,1494,D:\visualization2026\visualization\left_downsample2_Q45\frame_1494.jpg,D:\visualization2026\visualization\right_downsample2_Q45\frame_1494.jpg,D:\visualization2026\dowsample2_Q45\stitched_frames\frame_1494.jpg,D:\visualization2026\dowsample2_Q45_hess_matched\stitched_frames\frame_1494.jpg,2159,1351,6.364492306522971,6.682758265036366,222.757230728,106.379244937,71.66012782293285,133.84902594858403,47.23568385498194,-27.469781012026218,49.00805703783988,-13.6593032907936,50.8759886490086,0,1,54.64246240879412,13.923742370066188,raw,24.50402851891994,-6.8296516453968,-24.50402851891994,6.8296516453968,0,0,807.9811454580876,624.7709687066066,736.3210176351547,490.92194275802257,12,12,12,1.1171501095154137,0.07924347636997406,24.546621895960076,-0.05972308893243274,1.1097193337651856,87.8565431176669,6.355862340165761e-05,4.6953327359064365e-05,1.0,1.0,0.0,534.49597148108,0.0,1.0,96.8296516453968,0.0,0.0,1.0,118.89581167791479,106.37924493655781,1.000000,35.000000,103.86141905,0
frame_1496.jpg,frame_1496,1496,D:\visualization2026\visualization\left_downsample2_Q45\frame_1496.jpg,D:\visualization2026\visualization\right_downsample2_Q45\frame_1496.jpg,D:\visualization2026\dowsample2_Q45\stitched_frames\frame_1496.jpg,D:\visualization2026\dowsample2_Q45_hess_matched\stitched_frames\frame_1496.jpg,2200,1330,6.454443527819562,6.638489706341513,225.905523474,104.292986058,60.57847028222466,134.73789382505117,57.172311154610796,-30.444907767336105,55.25181964625483,-10.627540822040748,56.26462652632126,0,1,64.77318559188853,19.910206434845236,raw,27.625909823127415,-5.313770411020374,-27.625909823127415,5.313770411020374,0,0,831.6802979584648,607.2144572963927,771.1018276762402,472.4765634713415,12,12,12,1.164706646989912,0.10855727875461238,27.519792668868433,-0.041391543898489,1.1212146993344594,60.41618537523739,8.334644993842754e-05,5.0783440309080684e-05,1.0,1.0,0.0,572.3740901768726,0.0,1.0,77.31377041102037,0.0,0.0,1.0,117.75078143683545,104.29298605771507,1.000000,35.000000,108.154742037,0
frame_1498.jpg,frame_1498,1498,D:\visualization2026\visualization\left_downsample2_Q45\frame_1498.jpg,D:\visualization2026\visualization\right_downsample2_Q45\frame_1498.jpg,D:\visualization2026\dowsample2_Q45\stitched_frames\frame_1498.jpg,D:\visualization2026\dowsample2_Q45_hess_matched\stitched_frames\frame_1498.jpg,2200,1330,6.5095827922876595,6.652157705531291,227.83539773,104.070061728,128.2960836112194,61.80583849407435,-10.416091123800143,42.26422323371162,48.49278888771872,-10.878185505697761,49.697942553039645,1,1,43.52883549841779,79.33707677270432,fused,24.24639444385936,-5.439092752848881,-24.24639444385936,5.439092752848881,8,5,453.712104283054,1122.2819366852887,325.4160206718346,1060.4760981912143,12,12,12,1.1644249763805379,0.1083856553370757,24.140277289600377,-0.041401989070778376,1.1212083350347937,60.29086303340888,8.334644993842754e-05,5.0783440309080684e-05,1.0,1.0,0.0,575.7536055561407,0.0,1.0,77.43909275284888,0.0,0.0,1.0,117.87999248741924,104.07006172778597,1.000000,35.000000,109.955405243,0
frame_1500.jpg,frame_1500,1500,D:\visualization2026\visualization\left_downsample2_Q45\frame_1500.jpg,D:\visualization2026\visualization\right_downsample2_Q45\frame_1500.jpg,D:\visualization2026\dowsample2_Q45\stitched_frames\frame_1500.jpg,D:\visualization2026\dowsample2_Q45_hess_matched\stitched_frames\frame_1500.jpg,2138,1368,6.449565979903325,6.72718184487697,225.734809297,106.639172087,40.52652327992905,115.01029391853695,79.04394398094875,-8.371121831329319,44.97609488891145,1.852656872093366,45.01423606973777,0,1,79.48597839102393,35.56886268542173,raw,22.488047444455724,0.926328436046683,-22.488047444455724,-0.926328436046683,0,0,795.7771065103393,649.5054908445695,755.2505832304103,534.4951969260326,12,12,12,1.0978331601420692,0.11004697677275616,22.342110277259216,-0.07795824795138011,1.1269544962972224,125.15470296169498,4.8577340052553444e-05,6.59540660451339e-05,1.0,1.0,0.0,515.5119525555443,0.0,1.0,122.07367156395331,0.0,0.0,1.0,119.5704672608778,106.63917208720763,1.000000,35.000000,106.164342036,0
frame_1502.jpg,frame_1502,1502,D:\visualization2026\visualization\left_downsample2_Q45\frame_1502.jpg,D:\visualization2026\visualization\right_downsample2_Q45\frame_1502.jpg,D:\visualization2026\dowsample2_Q45\stitched_frames\frame_1502.jpg,D:\visualization2026\dowsample2_Q45_hess_matched\stitched_frames\frame_1502.jpg,2118,1348,6.290896079909132,6.799103638559259,220.181362797,110.159676067,130.56078251458686,78.85677818558258,-9.096122119727667,31.302897881535543,46.98877982628893,6.691263175257175,47.462811046586886,0,1,32.597712395179535,61.24743904204962,fused,23.494389913144467,3.3456315876285876,-23.494389913144467,-3.3456315876285876,5,8,281.3354037267081,1078.2639751552795,150.77462121212122,999.4071969696969,12,12,12,1.0838931334792967,0.08166568362877132,23.32813764164576,-0.07221180061938383,1.0850348643525962,119.16752522647694,5.3028524146486076e-05,4.297704505421897e-05,1.0,1.0,0.0,494.50561008685554,0.0,1.0,96.65436841237141,0.0,0.0,1.0,121.4646603948592,110.15967606711813,1.000000,35.000000,98.716702402,0
frame_1504.jpg,frame_1504,1504,D:\visualization2026\visualization\left_downsample2_Q45\frame_1504.jpg,D:\visualization2026\visualization\right_downsample2_Q45\frame_1504.jpg,D:\visualization2026\dowsample2_Q45\stitched_frames\frame_1504.jpg,D:\visualization2026\dowsample2_Q45_hess_matched\stitched_frames\frame_1504.jpg,2154,1338,6.238704666949467,6.868598661813479,218.354663343,112.50386872,93.3691320467725,76.3194378426341,29.652213860945594,36.184430876929426,38.69147319040065,5.2128202699535695,39.04105009871444,0,1,46.78212078072709,32.26373928755437,fused,19.345736595200325,2.6064101349767848,-19.345736595200325,-2.6064101349767848,9,7,249.88853503184714,1061.1751592356688,156.51940298507463,984.8557213930347,12,12,12,1.164426142404351,0.07667746596391199,19.338510133107267,-0.03802022585540432,1.11390643614093,63.96000301952843,9.130005907842506e-05,3.7386253169041345e-05,1.0,1.0,0.0,534.6542634047996,0.0,1.0,75.39358986502322,0.0,0.0,1.0,123.0213459077181,112.50386871956353,1.000000,35.000000,95.3333174355,0
frame_1506.jpg,frame_1506,1506,D:\visualization2026\visualization\left_downsample2_Q45\frame_1506.jpg,D:\visualization2026\visualization\right_downsample2_Q45\frame_1506.jpg,D:\visualization2026\dowsample2_Q45\stitched_frames\frame_1506.jpg,D:\visualization2026\dowsample2_Q45_hess_matched\stitched_frames\frame_1506.jpg,2141,1343,6.304918751563804,6.9506338258651965,220.672156305,113.934336225,57.27736668564967,120.18621247611713,67.23573584149823,-6.251876251517061,36.53536170260354,5.54809667219422,36.95421534039225,0,1,67.52577382608816,32.89000354619064,raw,18.26768085130177,2.77404833609711,-18.26768085130177,-2.77404833609711,0,0,798.9971290011566,618.8017003043709,741.719762315507,498.6154878282538,12,12,12,1.1329662246231134,0.07827863601446897,18.159547247316162,-0.051574794954995645,1.1018849501634238,86.12365275881196,7.606265626511387e-05,3.9022710430999836e-05,1.0,1.0,0.0,522.7323191486983,0.0,1.0,84.22595166390289,0.0,0.0,1.0,124.5131025271479,113.93433622460007,1.000000,35.000000,96.1590537776,0
frame_1508.jpg,frame_1508,1508,D:\visualization2026\visualization\left_downsample2_Q45\frame_1508.jpg,D:\visualization2026\visualization\right_downsample2_Q45\frame_1508.jpg,D:\visualization2026\dowsample2_Q45\stitched_frames\frame_1508.jpg,D:\visualization2026\dowsample2_Q45_hess_matched\stitched_frames\frame_1508.jpg,2118,1333,6.310498473672236,7.049209353895602,220.867446579,116.426926851,99.88420745920746,143.2271561771563,26.62159438833831,-26.80022932585075,46.163826435392615,-2.2699546416782024,46.21960152610936,0,1,37.77514499899896,31.362927310151925,fused,23.081913217696307,-1.1349773208391012,-23.081913217696307,1.1349773208391012,3,9,153.02435897435896,1033.4923076923078,53.14015151515151,890.2651515151515,12,12,12,1.1051082637195038,0.058452659627564074,23.075908611065085,-0.0565149951049489,1.0682087893891457,88.5897192887788,7.010840739577239e-05,2.4368692280837854e-05,1.0,1.0,0.0,494.9180867823037,0.0,1.0,78.1349773208391,0.0,0.0,1.0,126.50580184754577,116.42692685130555,1.000000,35.000000,94.361644731,0
frame_1510.jpg,frame_1510,1510,D:\visualization2026\visualization\left_downsample2_Q45\frame_1510.jpg,D:\visualization2026\visualization\right_downsample2_Q45\frame_1510.jpg,D:\visualization2026\dowsample2_Q45\stitched_frames\frame_1510.jpg,D:\visualization2026\dowsample2_Q45_hess_matched\stitched_frames\frame_1510.jpg,2113,1350,6.3504071760586225,7.129233191112643,222.264251162,118.080436786,59.76437459273552,124.77517660590445,68.2633865419632,-6.69473982012606,42.199186972497955,-11.282836328169504,43.681503828830145,0,1,68.59088484220526,26.464941503128866,raw,21.099593486248978,-5.641418164084752,-21.099593486248978,5.641418164084752,0,0,763.3236603507004,639.7527953914483,703.5592857579649,514.9776187855439,12,12,12,1.0705052356954994,0.08035908371417287,21.248234522067264,-0.07929579130525355,1.0755923308534456,120.97096317982665,4.604126613936492e-05,4.202524300884995e-05,1.0,1.0,0.0,491.900406513751,0.0,1.0,108.64141816408475,0.0,0.0,1.0,128.02776113469872,118.08043678577839,1.000000,35.000000,94.2364900274,0
frame_1512.jpg,frame_1512,1512,D:\visualization2026\visualization\left_downsample2_Q45\frame_1512.jpg,D:\visualization2026\visualization\right_downsample2_Q45\frame_1512.jpg,D:\visualization2026\dowsample2_Q45\stitched_frames\frame_1512.jpg,D:\visualization2026\dowsample2_Q45_hess_matched\stitched_frames\frame_1512.jpg,2137,1322,6.515186212810967,7.179520410896657,228.031517448,117.658575243,183.15361121092343,121.04686189962877,-54.547407244559224,-3.388286657062366,42.44212468101399,-13.759066052756232,44.61665435779386,1,1,54.65253995537827,97.54241317711968,fused,21.221062340506997,-6.879533026378116,-21.221062340506997,6.879533026378116,5,7,269.8057851239669,1075.2823691460055,86.65217391304348,954.2355072463768,12,12,12,1.1514228013620535,0.051021724218673035,20.99532710323701,-0.03610804717377297,1.0749717356763533,50.140585264607054,9.495146402151031e-05,1.5714069366422724e-05,1.0,1.0,0.0,515.778937659493,0.0,1.0,64.87953302637811,0.0,0.0,1.0,128.6062039663642,117.6585752425664,1.000000,35.000000,99.425313482,0
frame_1514.jpg,frame_1514,1514,D:\visualization2026\visualization\left_downsample2_Q45\frame_1514.jpg,D:\visualization2026\visualization\right_downsample2_Q45\frame_1514.jpg,D:\visualization2026\dowsample2_Q45\stitched_frames\frame_1514.jpg,D:\visualization2026\dowsample2_Q45_hess_matched\stitched_frames\frame_1514.jpg,2131,1320,6.753824703322945,7.212732246025837,236.383864616,116.022442349,118.8080095432856,124.9024199045673,9.829016546472303,-8.879977555527077,47.7573140443876,-12.432978934330677,49.34916422712518,0,1,13.246266177964678,38.094350892069926,fused,23.8786570221938,-6.216489467165339,-23.8786570221938,6.216489467165339,7,9,142.60555555555555,973.3277777777778,23.79754601226994,848.4253578732105,12,12,12,1.1640032819992,0.027388004975102524,24.294423846162196,-0.028095495628550345,1.0604215234087886,37.19141841200269,0.0001087359555867139,-2.36638923018453e-06,1.0,1.0,0.0,507.1213429778062,0.0,1.0,44.21648946716534,0.0,0.0,1.0,128.6370260897579,116.02244234904022,1.000000,35.000000,107.746838527,0
frame_1516.jpg,frame_1516,1516,D:\visualization2026\visualization\left_downsample2_Q45\frame_1516.jpg,D:\visualization2026\visualization\right_downsample2_Q45\frame_1516.jpg,D:\visualization2026\dowsample2_Q45\stitched_frames\frame_1516.jpg,D:\visualization2026\dowsample2_Q45_hess_matched\stitched_frames\frame_1516.jpg,2131,1310,6.92258682320157,7.187479282033291,242.290538812,113.604095527,59.21565891169212,132.23712040163633,68.4504243840784,-18.633024874450697,43.95647163411159,-15.996412121825493,46.77666725293437,0,1,70.9411743230427,24.635451043666993,raw,21.978235817055793,-7.9982060609127466,-21.978235817055793,7.9982060609127466,0,0,758.7722442467908,578.7918773526483,699.5565853350987,446.55475695101194,12,12,12,1.1491537347769056,0.03376334291412667,21.601815535273932,-0.03314128609324337,1.0476840022113496,43.959312370586616,0.00010188326215840277,-6.691958829400663e-07,1.0,1.0,0.0,509.0217641829442,0.0,1.0,40.99820606091275,0.0,0.0,1.0,127.66608329577052,113.60409552718563,1.000000,35.000000,114.624455516,0
frame_1518.jpg,frame_1518,1518,D:\visualization2026\visualization\left_downsample2_Q45\frame_1518.jpg,D:\visualization2026\visualization\right_downsample2_Q45\frame_1518.jpg,D:\visualization2026\dowsample2_Q45\stitched_frames\frame_1518.jpg,D:\visualization2026\dowsample2_Q45_hess_matched\stitched_frames\frame_1518.jpg,2153,1351,6.8328334631916015,7.081108323783642,239.149171212,111.790030158,72.5447976164213,131.9598238917257,53.197541205206335,-20.16979373372297,28.316203405797197,-23.73856664293328,36.95033046644462,0,1,56.89287274817959,25.135972445199318,raw,14.158101702898598,-11.86928332146664,-14.158101702898598,11.86928332146664,0,0,791.6712977388803,621.3584278593966,719.126500122459,489.39860396767085,12,12,12,1.1435351295711285,0.0915518210326569,13.923434696870181,-0.05320069271091674,1.1130530705087012,71.1802908698602,8.379174192077545e-05,4.2369279665734514e-05,1.0,1.0,0.0,538.8418982971014,0.0,1.0,86.86928332146664,0.0,0.0,1.0,125.74233882162764,111.79003015800274,1.000000,35.000000,113.40683239,0
frame_1520.jpg,frame_1520,1520,D:\visualization2026\visualization\left_downsample2_Q45\frame_1520.jpg,D:\visualization2026\visualization\right_downsample2_Q45\frame_1520.jpg,D:\visualization2026\dowsample2_Q45\stitched_frames\frame_1520.jpg,D:\visualization2026\dowsample2_Q45_hess_matched\stitched_frames\frame_1520.jpg,2120,1335,6.458106464089241,6.955460022720342,226.033726243,112.457250252,74.93777709274502,136.96915600930578,49.259174490583106,-24.511905757600147,30.93533384580049,-31.475828527872586,44.13301101972499,0,1,55.02090325833614,19.602534436284163,raw,15.467666922900245,-15.737914263936293,-15.467666922900245,15.737914263936293,0,0,759.1426849153659,612.1137125613735,684.2049078226208,475.14455655206774,12,12,12,1.1008916183065476,0.06464980277527844,15.538714678511193,-0.05942283204007879,1.064416445600626,76.92437430700672,7.372779272784945e-05,2.241123164511596e-05,1.0,1.0,0.0,504.53233307709974,0.0,1.0,77.73791426393629,0.0,0.0,1.0,124.19695158332813,112.45725025170563,1.000000,35.000000,101.83677466,0
frame_1522.jpg,frame_1522,1522,D:\visualization2026\visualization\left_downsample2_Q45\frame_1522.jpg,D:\visualization2026\visualization\right_downsample2_Q45\frame_1522.jpg,D:\visualization2026\dowsample2_Q45\stitched_frames\frame_1522.jpg,D:\visualization2026\dowsample2_Q45_hess_matched\stitched_frames\frame_1522.jpg,2133,1357,6.135235922863364,6.8710156339893125,214.7332573,113.648451747,162.5056506555684,160.14658304084645,-39.15513959735418,-46.49813129336549,22.368977620952982,-35.23014274460781,41.73169200514326,0,1,60.78816637030062,62.54745850493795,raw,11.184488810476491,-17.615071372303905,-11.184488810476491,17.615071372303905,0,6,760.5541943448887,642.9750620052478,598.0485436893204,482.8284789644013,12,12,12,1.0962745137406678,0.10209793427054291,11.263820277236132,-0.07321040497742003,1.1065168160877505,97.79560435549645,5.939326001333675e-05,5.3920071348141214e-05,1.0,1.0,0.0,521.8155111895235,0.0,1.0,110.6150713723039,0.0,0.0,1.0,123.35051105821421,113.64845174748096,1.000000,35.000000,91.382746242,0
frame_1524.jpg,frame_1524,1524,D:\visualization2026\visualization\left_downsample2_Q45\frame_1524.jpg,D:\visualization2026\visualization\right_downsample2_Q45\frame_1524.jpg,D:\visualization2026\dowsample2_Q45\stitched_frames\frame_1524.jpg,D:\visualization2026\dowsample2_Q45_hess_matched\stitched_frames\frame_1524.jpg,2163,1338,6.110089827568448,6.876581416933153,213.853143965,114.05545153,100.60723977544956,161.6217385101163,22.92466874648875,-47.566286980223595,9.932227020393928,-38.11481028009591,39.38766172638772,0,1,52.802387201917554,16.06654766336024,raw,4.966113510196964,-19.057405140047955,-4.966113510196964,19.057405140047955,0,0,822.2225827455107,616.9100282616187,721.6153429700612,455.28828975150236,12,12,12,1.1849415815078836,0.07096271546855798,4.872497481930212,-0.03351966724291107,1.1059697585012158,31.46516854294609,0.00010954509533724027,2.514373357332997e-05,1.0,1.0,0.0,558.0338864898031,0.0,1.0,71.05740514004796,0.0,0.0,1.0,123.5319085219383,114.05545152989271,1.000000,35.000000,90.321235443,0
frame_1526.jpg,frame_1526,1526,D:\visualization2026\visualization\left_downsample2_Q45\frame_1526.jpg,D:\visualization2026\visualization\right_downsample2_Q45\frame_1526.jpg,D:\visualization2026\dowsample2_Q45\stitched_frames\frame_1526.jpg,D:\visualization2026\dowsample2_Q45_hess_matched\stitched_frames\frame_1526.jpg,2169,1340,6.184300337440511,6.948878194627184,216.45051181,115.150285151,99.1850351082038,152.55488110895476,25.618643259840894,-37.40459595812683,1.5626051608948552,-42.52058392908561,42.54928662808894,0,1,45.336725524299936,24.594029802717117,raw,0.7813025804474276,-21.260291964542805,-0.7813025804474276,21.260291964542805,0,0,827.8080799465771,613.7039947690173,728.6230448383733,461.14911366006254,12,12,12,1.1930858737535512,0.08018297857823203,1.128689939896017,-0.03135219573649514,1.1210900131599986,24.546211166716315,0.00011118038219909283,3.214474712207949e-05,1.0,1.0,0.0,568.2186974195525,0.0,1.0,78.2602919645428,0.0,0.0,1.0,124.8036783680447,115.15028515082793,1.000000,35.000000,91.6468334424,0
frame_1528.jpg,frame_1528,1528,D:\visualization2026\visualization\left_downsample2_Q45\frame_1528.jpg,D:\visualization2026\visualization\right_downsample2_Q45\frame_1528.jpg,D:\visualization2026\dowsample2_Q45\stitched_frames\frame_1528.jpg,D:\visualization2026\dowsample2_Q45_hess_matched\stitched_frames\frame_1528.jpg,2093,1318,6.275324169657054,7.0409342664158885,219.636345938,116.580623237,135.41863044959268,151.17375464828433,-8.986211797588922,-34.593131411163455,11.568463448726957,-42.56880847377378,44.112728338217366,0,1,35.741247086540646,22.04781392992419,raw,5.784231724363479,-21.28440423688689,-5.784231724363479,21.28440423688689,0,0,783.4511877087257,595.5207796971832,648.032557259133,444.3470250488989,12,12,12,1.1323062685961935,0.0511509128957195,5.955761169351802,-0.04007508328368455,1.0554931041397027,39.63076926606678,0.00010015665487208524,5.834865468827942e-06,1.0,1.0,0.0,487.21576827563655,0.0,1.0,58.284404236886886,0.0,0.0,1.0,126.43241865200376,116.58062323712088,1.000000,35.000000,93.203927286,0
frame_1530.jpg,frame_1530,1530,D:\visualization2026\visualization\left_downsample2_Q45\frame_1530.jpg,D:\visualization2026\visualization\right_downsample2_Q45\frame_1530.jpg,D:\visualization2026\dowsample2_Q45\stitched_frames\frame_1530.jpg,D:\visualization2026\dowsample2_Q45_hess_matched\stitched_frames\frame_1530.jpg,2093,1327,6.332945538478576,7.083175079030823,221.653093847,117.071150351,119.72582280948131,163.61192435370373,7.411065193087737,-46.54077400254866,10.739142469997441,-45.01336578994825,46.276692629557985,0,1,47.12714220120403,3.6618402762821076,raw,5.369571234998721,-22.506682894974126,-5.369571234998721,22.506682894974126,0,0,760.7681454195657,618.4762296240665,641.0423226100844,454.86430527036276,12,12,12,1.0817057579676814,0.06175796094230293,5.819890738485758,-0.0614914652799513,1.0504389944280828,73.0134129608659,7.175033576979915e-05,1.8382780451532344e-05,1.0,1.0,0.0,487.6304287650013,0.0,1.0,71.50668289497412,0.0,0.0,1.0,127.13688800256905,117.07115035115507,1.000000,35.000000,94.5162058442,0
frame_1532.jpg,frame_1532,1532,D:\visualization2026\visualization\left_downsample2_Q45\frame_1532.jpg,D:\visualization2026\visualization\right_downsample2_Q45\frame_1532.jpg,D:\visualization2026\dowsample2_Q45\stitched_frames\frame_1532.jpg,D:\visualization2026\dowsample2_Q45_hess_matched\stitched_frames\frame_1532.jpg,2141,1323,6.37533490258979,6.99353159715524,223.136721591,114.308061204,114.32218457933948,161.04731522068948,10.874151841806324,-46.73925401680633,9.309980672742842,-50.67305496813837,51.52120184866438,0,1,47.98755093069666,4.233369978023458,raw,4.654990336371421,-25.336527484069187,-4.654990336371421,25.336527484069187,0,0,794.3923354853582,590.4701433975816,680.0701509060187,429.42282817689215,12,12,12,1.186796278217452,0.0573597883275332,4.3660479480360355,-0.02207885823405504,1.0919270326518054,5.272554864777568,0.00012205803757820521,1.1282528946546548e-05,1.0,1.0,0.0,536.3450096636286,0.0,1.0,51.33652748406919,0.0,0.0,1.0,125.1963364211458,114.30806120388316,1.000000,35.000000,97.9403851695,0
frame_1534.jpg,frame_1534,1534,D:\visualization2026\visualization\left_downsample2_Q45\frame_1534.jpg,D:\visualization2026\visualization\right_downsample2_Q45\frame_1534.jpg,D:\visualization2026\dowsample2_Q45\stitched_frames\frame_1534.jpg,D:\visualization2026\dowsample2_Q45_hess_matched\stitched_frames\frame_1534.jpg,2136,1314,6.429566636697716,6.87276311165704,225.034832284,110.615675067,103.81172439174122,170.40474862857042,18.77806385284117,-59.78907356109596,16.815952931521096,-53.28661922454096,55.877008343113275,0,1,62.6685646824269,6.792038844599352,raw,8.407976465760548,-26.64330961227048,-8.407976465760548,26.64330961227048,0,0,787.3185533533962,581.9088345763388,683.506828961655,411.5040859477684,12,12,12,1.1853239305811114,0.04545022438706056,8.43932320130289,-0.019598136237765428,1.0757840688479927,-0.5611831451558373,0.00012429234315057536,2.1102462577206583e-06,1.0,1.0,0.0,527.5920235342395,0.0,1.0,42.64330961227048,0.0,0.0,1.0,122.5897882445824,110.61567506747446,1.000000,35.000000,102.44504404,0
frame_1536.jpg,frame_1536,1536,D:\visualization2026\visualization\left_downsample2_Q45\frame_1536.jpg,D:\visualization2026\visualization\right_downsample2_Q45\frame_1536.jpg,D:\visualization2026\dowsample2_Q45\stitched_frames\frame_1536.jpg,D:\visualization2026\dowsample2_Q45_hess_matched\stitched_frames\frame_1536.jpg,2103,1321,6.533781472783037,6.816794905577343,228.682351547,108.077488848,102.69503385012206,173.78053069708284,18.472834273567898,-65.70304184907748,19.524969835176655,-54.000523936617974,57.421956014174654,0,1,68.25053343615954,11.749719772464243,raw,9.762484917588328,-27.000261968308987,-9.762484917588328,27.000261968308987,0,0,754.8417052846534,603.5019682082575,652.1466714345313,429.72143751117466,12,12,12,1.1150033592055144,0.05042650507137988,9.879160626806769,-0.04666272792143739,1.0519523294968243,43.89790727149588,9.197960295212869e-05,7.721883373789441e-06,1.0,1.0,0.0,493.2375150824117,0.0,1.0,60.00026196830899,0.0,0.0,1.0,121.16786812368996,108.07748884800536,1.000000,35.000000,107.514483424,0
frame_1538.jpg,frame_1538,1538,D:\visualization2026\visualization\left_downsample2_Q45\frame_1538.jpg,D:\visualization2026\visualization\right_downsample2_Q45\frame_1538.jpg,D:\visualization2026\dowsample2_Q45\stitched_frames\frame_1538.jpg,D:\visualization2026\dowsample2_Q45_hess_matched\stitched_frames\frame_1538.jpg,2124,1312,6.740270760355369,6.779167241525631,235.909476612,104.94437279,91.29915546981454,152.6053254827687,28.54364949630235,-47.660952693176355,21.593572675422088,-54.66814428622282,58.778298551319196,0,1,55.554534812101124,9.869361774593042,raw,10.796786337711044,-27.33407214311141,-10.796786337711044,27.33407214311141,0,0,765.1856791824456,584.1523594473954,673.8865237126311,431.5470339646267,12,12,12,1.1670253244163518,0.03923329109189595,10.926975854685313,-0.02432297257426394,1.0615084862083375,6.893367082257175,0.00011856852835910904,-2.4558307414481053e-06,1.0,1.0,0.0,513.2032136622889,0.0,1.0,42.33407214311141,0.0,0.0,1.0,119.84280496611689,104.94437278959235,1.000000,35.000000,116.066671646,0
frame_1540.jpg,frame_1540,1540,D:\visualization2026\visualization\left_downsample2_Q45\frame_1540.jpg,D:\visualization2026\visualization\right_downsample2_Q45\frame_1540.jpg,D:\visualization2026\dowsample2_Q45\stitched_frames\frame_1540.jpg,D:\visualization2026\dowsample2_Q45_hess_matched\stitched_frames\frame_1540.jpg,2124,1312,6.946079126121992,6.764159467051556,243.112769414,102.403735905,98.02415831080305,152.5140334678165,20.956149711365526,-50.11029756293375,24.81311562348021,-52.334673422461066,57.91898435901523,0,1,54.3157632052697,4.452418894450809,raw,12.406557811740106,-26.167336711230533,-12.406557811740106,26.167336711230533,0,0,765.270487117251,584.2227670440558,667.246328806448,431.7087335762393,12,12,12,1.1672161926510218,0.03922933776562333,12.536747328714375,-0.024184634471121395,1.0615056209035967,8.060102514138052,0.00011856852835910904,-2.4558307414481053e-06,1.0,1.0,0.0,511.59344218825987,0.0,1.0,41.16733671123053,0.0,0.0,1.0,118.98030802216857,102.40373590488274,1.000000,35.000000,124.132461392,0
frame_1542.jpg,frame_1542,1542,D:\visualization2026\visualization\left_downsample2_Q45\frame_1542.jpg,D:\visualization2026\visualization\right_downsample2_Q45\frame_1542.jpg,D:\visualization2026\dowsample2_Q45\stitched_frames\frame_1542.jpg,D:\visualization2026\dowsample2_Q45_hess_matched\stitched_frames\frame_1542.jpg,2124,1312,7.033032709622336,6.798109269407945,246.156144837,102.372962867,98.21938058708815,152.45031863169072,21.217166043033473,-50.07735576483054,28.899997369501115,-49.28215137018033,57.13090487319922,0,1,54.386668359948835,7.723875142713238,raw,14.449998684750557,-24.641075685090165,-14.449998684750557,24.641075685090165,0,0,760.2084977501183,584.1652413900918,661.9891171630302,431.71492275840103,12,12,12,1.1674584804281236,0.03922431942070906,14.580188201724827,-0.024003667947360068,1.0615018726648493,9.58636354027842,0.00011856852835910904,-2.4558307414481053e-06,1.0,1.0,0.0,509.55000131524946,0.0,1.0,39.641075685090165,0.0,0.0,1.0,119.43654663012163,102.37296286686018,1.000000,35.000000,126.719598207,0
frame_1544.jpg,frame_1544,1544,D:\visualization2026\visualization\left_downsample2_Q45\frame_1544.jpg,D:\visualization2026\visualization\right_downsample2_Q45\frame_1544.jpg,D:\visualization2026\dowsample2_Q45\stitched_frames\frame_1544.jpg,D:\visualization2026\dowsample2_Q45_hess_matched\stitched_frames\frame_1544.jpg,2144,1326,6.98968341519352,6.906442693090501,244.638919532,105.629749616,86.88459515914928,153.75146885801655,34.8757785931318,-48.12171924228723,34.87499769440628,-46.57580242529589,58.18565833386301,0,1,59.43079837349207,1.5459170142214769,raw,17.43749884720314,-23.287901212647945,-17.43749884720314,23.287901212647945,0,0,763.1419186671551,599.7855390909132,676.2573235080058,446.0340702328966,12,12,12,1.173540995312873,0.05807694828845985,17.1569021636579,-0.028528796488962116,1.0899174325617291,17.517805952189626,0.0001139078747387761,1.4810943597182748e-05,1.0,1.0,0.0,526.5625011527968,0.0,1.0,53.287901212647945,0.0,0.0,1.0,121.76037375228108,105.62974961572932,1.000000,35.000000,122.878545779,0
frame_1546.jpg,frame_1546,1546,D:\visualization2026\visualization\left_downsample2_Q45\frame_1546.jpg,D:\visualization2026\visualization\right_downsample2_Q45\frame_1546.jpg,D:\visualization2026\dowsample2_Q45\stitched_frames\frame_1546.jpg,D:\visualization2026\dowsample2_Q45_hess_matched\stitched_frames\frame_1546.jpg,2117,1330,6.909540066460508,7.014728189716681,241.833902326,109.270074246,85.27552848352764,159.71050583392707,38.907243003672406,-50.440431587673785,38.2231783695175,-39.41643452136144,54.90598032131585,0,1,63.70251719435908,11.04520057499024,raw,19.11158918475875,-19.70821726068072,-19.11158918475875,19.70821726068072,0,0,729.0507139529572,631.0524347159941,643.7751854694295,471.341928882067,12,12,12,1.0912492871527797,0.08411585556953498,18.766133477605912,-0.06021819306703454,1.0742772172562207,73.78951861033582,7.065707853607441e-05,3.332421959476166e-05,1.0,1.0,0.0,497.88841081524123,0.0,1.0,76.70821726068073,0.0,0.0,1.0,124.18277148720004,109.27007424625329,1.000000,35.000000,117.651130839,0
frame_1548.jpg,frame_1548,1548,D:\visualization2026\visualization\left_downsample2_Q45\frame_1548.jpg,D:\visualization2026\visualization\right_downsample2_Q45\frame_1548.jpg,D:\visualization2026\dowsample2_Q45\stitched_frames\frame_1548.jpg,D:\visualization2026\dowsample2_Q45_hess_matched\stitched_frames\frame_1548.jpg,2088,1319,6.90639366214193,7.049692250007624,241.723778175,110.207779407,66.48478416839339,144.3369873757797,58.4186511208282,-34.12920796875416,40.06883102925471,-32.247368192822314,51.43349079553529,0,1,67.65753199276126,18.4460624073376,raw,20.034415514627355,-16.123684096411157,-20.034415514627355,16.123684096411157,0,0,709.7330764295261,617.6688507566703,643.2482922611327,473.3318633808906,12,12,12,1.066070854316407,0.06629269282923,19.914115946950446,-0.06358889515845417,1.046519785023523,83.36059923707664,6.506616488948903e-05,2.2876197222406452e-05,1.0,1.0,0.0,467.96558448537263,0.0,1.0,69.12368409641115,0.0,0.0,1.0,124.90343528922159,110.20777940702554,1.000000,35.000000,116.820342886,0
frame_1550.jpg,frame_1550,1550,D:\visualization2026\visualization\left_downsample2_Q45\frame_1550.jpg,D:\visualization2026\visualization\right_downsample2_Q45\frame_1550.jpg,D:\visualization2026\dowsample2_Q45\stitched_frames\frame_1550.jpg,D:\visualization2026\dowsample2_Q45_hess_matched\stitched_frames\frame_1550.jpg,2120,1318,6.986245575870386,7.074054497833227,244.518595155,110.003165817,87.48655428699203,124.3166238600449,37.69705308692161,-14.313458043261448,37.73243642993181,-25.45314238456656,45.51482413662458,0,1,40.322982188751766,11.139740535797094,raw,18.866218214965905,-12.72657119228328,-18.866218214965905,12.72657119228328,0,0,737.5391764854503,592.7349280083316,650.0526221984583,468.4183041482867,12,12,12,1.1450195006847261,0.053380330201492465,18.58518160512495,-0.0334859865927522,1.0706564441222683,38.71233104430403,0.00010493133654393235,1.1481002476505868e-05,1.0,1.0,0.0,501.1337817850341,0.0,1.0,45.72657119228328,0.0,0.0,1.0,125.18360737391365,110.00316581678345,1.000000,35.000000,119.334987782,0
frame_1552.jpg,frame_1552,1552,D:\visualization2026\visualization\left_downsample2_Q45\frame_1552.jpg,D:\visualization2026\visualization\right_downsample2_Q45\frame_1552.jpg,D:\visualization2026\dowsample2_Q45\stitched_frames\frame_1552.jpg,D:\visualization2026\dowsample2_Q45_hess_matched\stitched_frames\frame_1552.jpg,2116,1321,7.050932689486498,7.097965183698896,246.782644132,109.945454366,176.1603657283124,135.44100321254325,-50.66475515967656,-25.495548846984292,33.13942419946037,-18.178887323008194,37.7980605398532,1,1,56.718078479431355,84.12296959757676,raw,16.569712099730186,-9.089443661504097,-16.569712099730186,9.089443661504097,0,5,730.0030026235809,598.7355274018042,553.8426368952685,463.294524189261,12,12,12,1.1320076894343436,0.05785313590494598,17.03690730898713,-0.03707014792626042,1.073485950427141,48.17284764679474,9.761648219037089e-05,1.5834408191155767e-05,1.0,1.0,0.0,499.43028790026983,0.0,1.0,49.0894436615041,0.0,0.0,1.0,125.49561056863584,109.94545436555896,1.000000,35.000000,121.287033563,0
frame_1554.jpg,frame_1554,1554,D:\visualization2026\visualization\left_downsample2_Q45\frame_1554.jpg,D:\visualization2026\visualization\right_downsample2_Q45\frame_1554.jpg,D:\visualization2026\dowsample2_Q45\stitched_frames\frame_1554.jpg,D:\visualization2026\dowsample2_Q45_hess_matched\stitched_frames\frame_1554.jpg,2159,1302,6.990999686280402,7.100942421056153,244.68498902,110.649255839,181.68332888909686,124.3280815707231,-55.964928154390776,-13.67882573196296,23.193805596517354,-14.150590201008455,27.169685700904164,1,1,57.61235507017165,79.16013953222554,raw,11.596902798258677,-7.075295100504228,-11.596902798258677,7.075295100504228,0,3,749.500042154086,595.1534931892381,567.8167132649892,470.82541161851503,12,12,12,1.1540457353845646,0.09522674414924275,11.399313863819382,-0.03046440182959904,1.0878605613913617,40.35015961716516,0.00010142596395055687,3.2428636510668976e-05,1.0,1.0,0.0,547.4030972017413,0.0,1.0,41.07529510050423,0.0,0.0,1.0,125.71840073470608,110.64925583876014,1.000000,35.000000,118.966588285,0
frame_1556.jpg,frame_1556,1556,D:\visualization2026\visualization\left_downsample2_Q45\frame_1556.jpg,D:\visualization2026\visualization\right_downsample2_Q45\frame_1556.jpg,D:\visualization2026\dowsample2_Q45\stitched_frames\frame_1556.jpg,D:\visualization2026\dowsample2_Q45_hess_matched\stitched_frames\frame_1556.jpg,2032,1315,6.689241322954574,7.074533038846173,234.123446303,113.121506341,227.09319050620263,131.49201661286872,-101.09628727248874,-18.370510272237638,16.184627245927075,-15.112394664644453,22.143320247640805,1,1,102.75181238276996,117.32616173551574,raw,8.092313622963538,-7.556197332322227,-8.092313622963538,7.556197332322227,0,5,667.6797289677411,625.8525935359456,440.58653846153845,494.3605769230769,12,12,12,1.0052454187213695,0.06467312869706784,8.547448477159186,-0.0808089780372827,1.0115381768209386,121.32917147925312,4.6070175838428966e-05,1.7707861507699128e-05,1.0,1.0,0.0,423.90768637703644,0.0,1.0,66.55619733232223,0.0,0.0,1.0,125.9969032337139,113.12150634063109,1.000000,35.000000,108.12654307,0
frame_1558.jpg,frame_1558,1558,D:\visualization2026\visualization\left_downsample2_Q45\frame_1558.jpg,D:\visualization2026\visualization\right_downsample2_Q45\frame_1558.jpg,D:\visualization2026\dowsample2_Q45\stitched_frames\frame_1558.jpg,D:\visualization2026\dowsample2_Q45_hess_matched\stitched_frames\frame_1558.jpg,2036,1317,6.325972781544287,7.041831371949794,221.409047354,116.074174767,117.62310239084877,130.0618971253919,8.690558106113087,-13.987722358755462,9.417894289948652,-17.11743751304294,19.537231120851725,0,1,16.46760993530498,3.213119180997367,raw,4.708947144974326,-8.55871875652147,-4.708947144974326,8.55871875652147,0,0,662.6509085754117,629.0891189418029,545.0278061845629,499.027221816411,12,12,12,1.0100572723729677,0.07057613150021738,4.385794069093317,-0.07994919797960164,1.0216996182663491,118.13529400439063,4.63207389611435e-05,2.2655091144423778e-05,1.0,1.0,0.0,431.29105285502567,0.0,1.0,71.55871875652147,0.0,0.0,1.0,126.31366049696186,116.07417476663645,1.000000,35.000000,95.0953868571,0
frame_1560.jpg,frame_1560,1560,D:\visualization2026\visualization\left_downsample2_Q45\frame_1560.jpg,D:\visualization2026\visualization\right_downsample2_Q45\frame_1560.jpg,D:\visualization2026\dowsample2_Q45\stitched_frames\frame_1560.jpg,D:\visualization2026\dowsample2_Q45_hess_matched\stitched_frames\frame_1560.jpg,2032,1292,6.150776635776465,7.035793637694383,215.277182252,117.750064302,218.20498025625466,63.0684045035282,-91.54030141542843,54.68165979836631,2.8936067285820846,-20.16571874620392,20.3722647845225,1,1,106.62884554158765,120.49851900478117,raw,1.4468033642910423,-10.08285937310196,-1.4468033642910423,10.08285937310196,2,0,1022.3348413673657,375.4977447813059,804.129861111111,312.4293402777777,12,12,12,1.027773573244111,0.027888853724140253,1.4849567763593536,-0.05946750764340626,0.9820127218238226,83.780045515172,6.47724521633037e-05,-1.2762740817944787e-05,1.0,1.0,0.0,430.55319663570896,0.0,1.0,41.08285937310196,0.0,0.0,1.0,126.66467884082623,117.75006430189451,1.000000,35.000000,88.6125034114,0
frame_1562.jpg,frame_1562,1562,D:\visualization2026\visualization\left_downsample2_Q45\frame_1562.jpg,D:\visualization2026\visualization\right_downsample2_Q45\frame_1562.jpg,D:\visualization2026\dowsample2_Q45\stitched_frames\frame_1562.jpg,D:\visualization2026\dowsample2_Q45_hess_matched\stitched_frames\frame_1562.jpg,2052,1308,6.3121173438122895,7.176509782048914,220.924107033,119.704282599,8.14030509574814,109.38410905550143,120.95398359052771,10.32017354343094,-3.3882354381726287,-24.25723836412739,24.492728562546528,1,1,121.3934599901666,129.06039224799468,fused,-1.6941177190863144,-12.128619182063694,1.6941177190863144,12.128619182063694,4,1,63.91076923076923,683.891282051282,55.77046413502109,574.5071729957806,12,12,12,1.0613756850726537,0.046457999116238664,-1.8212433786202453,-0.05363283654243877,1.0200354470622357,72.35170935390127,7.924281663974809e-05,4.077843381159417e-07,1.0,1.0,0.0,453.6941177190863,0.0,1.0,49.128619182063694,0.0,0.0,1.0,129.09428868627586,119.70428259893237,1.000000,35.000000,91.8298183472,0
frame_1564.jpg,frame_1564,1564,D:\visualization2026\visualization\left_downsample2_Q45\frame_1564.jpg,D:\visualization2026\visualization\right_downsample2_Q45\frame_1564.jpg,D:\visualization2026\dowsample2_Q45\stitched_frames\frame_1564.jpg,D:\visualization2026\dowsample2_Q45_hess_matched\stitched_frames\frame_1564.jpg,2037,1317,6.596975217083807,7.371667252949361,230.894132598,121.775640346,207.0087408905497,62.7782312747878,-74.71015376900135,58.99740907165783,-21.82043282724869,-26.65161129679322,34.44473361028981,1,1,95.19612047429433,100.66318727008307,raw,-10.910216413624346,-13.32580564839661,10.910216413624346,13.32580564839661,4,1,1067.5313673324308,397.1562259509191,860.5226264418811,334.3779946761313,12,12,12,1.0083797311707736,0.07286186377149517,-10.758108709533962,-0.08136562854361426,1.0209887800544657,115.70192553138601,4.563728071091702e-05,2.4002460803838878e-05,1.0,1.0,0.0,447.91021641362437,0.0,1.0,76.32580564839661,0.0,0.0,1.0,132.29858712154834,121.77564034644563,1.000000,35.000000,98.5955454764,0
frame_1566.jpg,frame_1566,1566,D:\visualization2026\visualization\left_downsample2_Q45\frame_1566.jpg,D:\visualization2026\visualization\right_downsample2_Q45\frame_1566.jpg,D:\visualization2026\dowsample2_Q45\stitched_frames\frame_1566.jpg,D:\visualization2026\dowsample2_Q45_hess_matched\stitched_frames\frame_1566.jpg,2033,1306,6.7251157943069,7.444327729923792,235.379052801,122.315905784,148.89888530722726,156.84266015377096,-15.467028982458345,-34.526754369499315,-20.69390879308272,-20.525414812050766,29.1467067495314,0,1,37.83286604046733,14.945159147954437,raw,-10.34695439654136,-10.262707406025383,10.34695439654136,10.262707406025383,0,3,658.1780017730907,591.9631420814818,509.27911646586347,435.12048192771084,12,12,12,1.0304818112399214,0.04126503999666309,-9.93888745796259,-0.06411927463042996,1.0006060127012049,91.18753676070125,6.739814328167463e-05,-2.5476696084132026e-06,1.0,1.0,0.0,443.3469543965414,0.0,1.0,48.262707406025385,0.0,0.0,1.0,133.43185632476892,122.31590578427165,1.000000,35.000000,101.947196476,0
frame_1568.jpg,frame_1568,1568,D:\visualization2026\visualization\left_downsample2_Q45\frame_1568.jpg,D:\visualization2026\visualization\right_downsample2_Q45\frame_1568.jpg,D:\visualization2026\dowsample2_Q45\stitched_frames\frame_1568.jpg,D:\visualization2026\dowsample2_Q45_hess_matched\stitched_frames\frame_1568.jpg,2056,1301,6.590214423126712,7.355468206999451,230.657504809,121.427142622,215.45736373428508,147.38672964364582,-83.47042883926721,-25.95958702208462,-26.64784523375814,-19.049939738544765,32.756798678205925,0,1,87.41403004648828,57.24114982412563,raw,-13.32392261687907,-9.524969869272383,13.32392261687907,9.524969869272383,0,8,675.8160777782783,570.921416614881,460.35871404399325,423.53468697123515,12,12,12,1.0797511176029293,0.033459769028447314,-13.166453691662905,-0.04534321110103628,1.0120891100932388,61.551401240953396,9.214913318416807e-05,-1.0047318855563915e-05,1.0,1.0,0.0,469.3239226168791,0.0,1.0,31.524969869272383,0.0,0.0,1.0,131.98693489501787,121.4271426215612,1.000000,35.000000,98.6705699144,0
frame_1570.jpg,frame_1570,1570,D:\visualization2026\visualization\left_downsample2_Q45\frame_1570.jpg,D:\visualization2026\visualization\right_downsample2_Q45\frame_1570.jpg,D:\visualization2026\dowsample2_Q45\stitched_frames\frame_1570.jpg,D:\visualization2026\dowsample2_Q45_hess_matched\stitched_frames\frame_1570.jpg,2065,1320,6.377570144041167,7.214777614670165,223.214955041,120.010098674,121.41286647358038,108.50159661207277,8.28378150480009,11.50850206227085,-31.085276117301444,-18.335585584657444,36.089999861750755,0,1,14.179797450477226,49.40235080975287,raw,-15.542638058650722,-9.167792792328722,15.542638058650722,9.167792792328722,2,4,1088.689289237808,371.27395433565,967.2764227642276,262.7723577235772,12,12,12,1.0494408317856654,0.06649941255063657,-15.632729751701914,-0.06515906272533968,1.0440573602037673,93.98829602105779,6.577129645115158e-05,2.261021947774745e-05,1.0,1.0,0.0,480.5426380586507,0.0,1.0,66.16779279232873,0.0,0.0,1.0,129.69664797838047,120.01009867434362,1.000000,35.000000,93.5183070631,0
frame_1572.jpg,frame_1572,1572,D:\visualization2026\visualization\left_downsample2_Q45\frame_1572.jpg,D:\visualization2026\visualization\right_downsample2_Q45\frame_1572.jpg,D:\visualization2026\dowsample2_Q45\stitched_frames\frame_1572.jpg,D:\visualization2026\dowsample2_Q45_hess_matched\stitched_frames\frame_1572.jpg,2057,1311,6.230448622668355,7.1365750540582145,218.065701793,119.524910438,161.65976794528012,136.404773434532,-33.157917641549744,-16.879862996597396,-31.12391089547386,-0.761067535276803,31.133214630401543,0,1,37.207220765702104,16.24662274341876,raw,-15.56195544773693,-0.3805337676384015,15.56195544773693,0.3805337676384015,0,3,672.7209033164592,595.2213673209949,511.06113537117903,458.8165938864629,12,10,12,1.028418634184427,0.06705225787972345,-15.15586872806018,-0.07059751147534525,1.0291239034860047,112.377032866141,5.629035421204135e-05,2.3253686116185845e-05,1.0,1.0,0.0,472.5619554477369,0.0,1.0,56.380533767638404,0.0,0.0,1.0,128.50185030373038,119.5249104379346,1.000000,35.000000,89.5638514897,0
frame_1574.jpg,frame_1574,1574,D:\visualization2026\visualization\left_downsample2_Q45\frame_1574.jpg,D:\visualization2026\visualization\right_downsample2_Q45\frame_1574.jpg,D:\visualization2026\dowsample2_Q45\stitched_frames\frame_1574.jpg,D:\visualization2026\dowsample2_Q45_hess_matched\stitched_frames\frame_1574.jpg,2047,1302,6.223033959322326,7.173488566823185,217.806188576,120.557699423,160.88855518995268,146.37792502015662,-31.614786628031993,-25.820225597376748,-14.685045574085336,13.573229206732796,19.99707765178371,0,1,40.81885328418009,42.87727152649885,raw,-7.342522787042668,6.786614603366398,7.342522787042668,-6.786614603366398,0,5,661.3602533031602,580.8496231333642,500.47169811320754,434.47169811320754,12,12,12,1.0280433179027388,0.04541406216243757,-7.411847177182182,-0.06437204712907743,1.0065560938868026,110.91230045629923,6.175335625405653e-05,6.164918731626076e-06,1.0,1.0,0.0,454.34252278704264,0.0,1.0,36.213385396633605,0.0,0.0,1.0,129.2737685619207,120.55769942277988,1.000000,35.000000,88.5324200144,0
frame_1576.jpg,frame_1576,1576,D:\visualization2026\visualization\left_downsample2_Q45\frame_1576.jpg,D:\visualization2026\visualization\right_downsample2_Q45\frame_1576.jpg,D:\visualization2026\dowsample2_Q45\stitched_frames\frame_1576.jpg,D:\visualization2026\dowsample2_Q45_hess_matched\stitched_frames\frame_1576.jpg,2062,1319,6.270709972416601,7.26995676894332,219.474849035,122.555529688,146.76985648346204,69.20969381082585,-15.6602028733204,53.3458358774039,-13.720202193311124,18.887120293983195,23.344533861800095,0,1,55.5969437963317,34.51328269373281,raw,-6.860101096655562,9.443560146991597,6.860101096655562,-9.443560146991597,2,1,1061.158274562558,352.6780553927468,914.388418079096,283.46836158192093,12,12,12,1.037356672153705,0.07717743752610684,-6.896207943982169,-0.07099442629874878,1.0466088745784172,123.41941303562453,5.720966080725363e-05,3.207020051462351e-05,1.0,1.0,0.0,468.86010109665557,0.0,1.0,55.5564398530084,0.0,0.0,1.0,131.10965361014163,122.55552968822975,1.000000,35.000000,88.3651954244,0
frame_1578.jpg,frame_1578,1578,D:\visualization2026\visualization\left_downsample2_Q45\frame_1578.jpg,D:\visualization2026\visualization\right_downsample2_Q45\frame_1578.jpg,D:\visualization2026\dowsample2_Q45\stitched_frames\frame_1578.jpg,D:\visualization2026\dowsample2_Q45_hess_matched\stitched_frames\frame_1578.jpg,2035,1287,6.27891989920054,7.3612893461171325,219.762196472,124.833181286,19.062042842215256,75.45975145544116,113.88566895253851,49.37342983057357,-1.5901988550677855,28.351896555119136,28.396457009120613,1,1,124.12768090156912,117.37368064080977,fused,-0.7950994275338927,14.175948277559568,0.7950994275338927,-14.175948277559568,1,3,54.560606060606055,735.3290043290043,35.4985632183908,659.8692528735631,12,12,12,1.040616644353825,0.02865666169336435,-0.5931472339758499,-0.04794768592283283,0.9952225115551202,92.64529039113717,7.438919499277382e-05,-8.958547909845752e-06,1.0,1.0,0.0,435.7950994275339,0.0,1.0,16.82405172244043,0.0,0.0,1.0,132.94771179475376,124.83318128601474,1.000000,35.000000,86.8144846773,0
frame_1580.jpg,frame_1580,1580,D:\visualization2026\visualization\left_downsample2_Q45\frame_1580.jpg,D:\visualization2026\visualization\right_downsample2_Q45\frame_1580.jpg,D:\visualization2026\dowsample2_Q45\stitched_frames\frame_1580.jpg,D:\visualization2026\dowsample2_Q45_hess_matched\stitched_frames\frame_1580.jpg,2035,1287,6.1641015844667315,7.439246714259632,215.743555456,128.051290991,210.4033261896252,42.15347472581129,-75.55712916842779,85.89781626537055,13.107998408671158,38.07795749852284,40.270963106698076,1,1,114.39980160530804,100.7384918526404,raw,6.553999204335579,19.03897874926142,-6.553999204335579,-19.03897874926142,7,5,1018.7286361823312,329.24027268350636,808.325309992706,287.08679795769507,12,8,12,1.0411633378849723,0.028590824441176565,6.755951397893622,-0.0475859290008176,0.9951789458636524,97.50832086283901,7.438919499277382e-05,-8.958547909845752e-06,1.0,1.0,0.0,428.4460007956644,0.0,1.0,11.961021250738579,0.0,0.0,1.0,134.8461970211974,128.05129099118184,1.000000,35.000000,80.8973584351,0
frame_1582.jpg,frame_1582,1582,D:\visualization2026\visualization\left_downsample2_Q45\frame_1582.jpg,D:\visualization2026\visualization\right_downsample2_Q45\frame_1582.jpg,D:\visualization2026\dowsample2_Q45\stitched_frames\frame_1582.jpg,D:\visualization2026\dowsample2_Q45_hess_matched\stitched_frames\frame_1582.jpg,1961,1293,5.990475426547913,7.515394491407882,209.666639929,131.837561952,24.821096019904076,147.33752000364677,112.0458337028764,-15.499958051312177,27.49209904966694,30.444018309082317,41.02016285877516,1,1,113.11285315898043,96.22984468245723,fused,13.74604952483347,15.222009154541158,-13.74604952483347,-15.222009154541158,4,1,70.23428079242032,742.7915590008613,45.413184772516246,595.4540389972145,12,11,12,1.0015034553952469,0.055133888353208094,13.255455319919154,-0.06789488084967207,0.9954918386400794,125.24917418461774,5.2187485936587105e-05,7.3453270886019116e-06,1.0,1.0,0.0,347.2539504751665,0.0,1.0,14.777990845458842,0.0,0.0,1.0,136.86692972278047,131.8375619523346,1.000000,35.000000,72.7997102064,0
frame_1584.jpg,frame_1584,1584,D:\visualization2026\visualization\left_downsample2_Q45\frame_1584.jpg,D:\visualization2026\visualization\right_downsample2_Q45\frame_1584.jpg,D:\visualization2026\dowsample2_Q45\stitched_frames\frame_1584.jpg,D:\visualization2026\dowsample2_Q45_hess_matched\stitched_frames\frame_1584.jpg,1969,1280,5.883120317527718,7.560825224438663,205.909211113,134.13589882,120.39558976763931,198.21786766696118,17.68712791491066,-64.08196884675155,42.21039572879316,34.84267980746977,54.733260854321315,1,1,66.47806574468339,101.91897161781284,raw,21.10519786439658,17.421339903734886,-21.10519786439658,-17.421339903734886,0,9,660.3500057220552,574.7107451598387,539.9544159544159,376.4928774928775,12,11,12,1.02406543015535,0.043811996769972154,20.96932757338015,-0.05228214103651606,0.9922518707906892,102.5176779339983,6.537916573855302e-05,-2.982969547918909e-06,1.0,1.0,0.0,347.8948021356034,0.0,1.0,-1.4213399037348857,0.0,0.0,1.0,138.08271768254997,134.13589882020963,1.000000,35.000000,67.8264934309,0
frame_1586.jpg,frame_1586,1586,D:\visualization2026\visualization\left_downsample2_Q45\frame_1586.jpg,D:\visualization2026\visualization\right_downsample2_Q45\frame_1586.jpg,D:\visualization2026\dowsample2_Q45\stitched_frames\frame_1586.jpg,D:\visualization2026\dowsample2_Q45_hess_matched\stitched_frames\frame_1586.jpg,1988,1308,5.960582994915555,7.549515676983759,208.620404822,133.033154888,81.38248717108854,117.8570149579649,56.2603003316585,15.17613993020126,64.60616382748319,32.160116195486715,72.16806411572091,0,1,58.27123318232988,18.923765145200864,fused,32.30308191374159,16.080058097743358,-32.30308191374159,-16.080058097743358,11,8,144.91737089201877,925.5624413145539,63.53488372093023,807.705426356589,12,12,12,1.041741205792091,0.06836249737867764,32.82507509102156,-0.06175455829780034,1.031686653818389,116.420528020877,6.385328104584361e-05,1.9078510765520725e-05,1.0,1.0,0.0,355.6969180862584,0.0,1.0,21.919941902256642,0.0,0.0,1.0,137.64278750274704,133.03315488816617,1.000000,35.000000,70.9776173193,0
frame_1588.jpg,frame_1588,1588,D:\visualization2026\visualization\left_downsample2_Q45\frame_1588.jpg,D:\visualization2026\visualization\right_downsample2_Q45\frame_1588.jpg,D:\visualization2026\dowsample2_Q45\stitched_frames\frame_1588.jpg,D:\visualization2026\dowsample2_Q45_hess_matched\stitched_frames\frame_1588.jpg,1943,1281,6.144407298962133,7.5065478261096,215.054255464,129.998866999,63.95489417989418,62.293662818662824,72.31538116330645,67.70520417990065,82.10203446676542,30.034039827134528,87.42303822174016,0,1,99.06315675283285,38.92165472555375,fused,41.05101723338271,15.017019913567264,-41.05101723338271,-15.017019913567264,4,1,94.41785714285714,595.3559523809523,30.46296296296296,533.0622895622895,12,12,12,0.9964514090183724,0.022498559035884626,40.73911839617978,-0.06269072287868348,0.9595817335606153,116.50835728417822,5.7883602399546886e-05,-1.825666643377086e-05,1.0,1.0,0.0,301.9489827666173,0.0,1.0,-4.017019913567264,0.0,0.0,1.0,136.27027534320064,129.99886699856347,1.000000,35.000000,78.7839801205,0
frame_1590.jpg,frame_1590,1590,D:\visualization2026\visualization\left_downsample2_Q45\frame_1590.jpg,D:\visualization2026\visualization\right_downsample2_Q45\frame_1590.jpg,D:\visualization2026\dowsample2_Q45\stitched_frames\frame_1590.jpg,D:\visualization2026\dowsample2_Q45_hess_matched\stitched_frames\frame_1590.jpg,1925,1287,6.252687489362778,7.484219540320765,218.844062128,128.288701983,10.435698410748383,103.62356254444057,125.08683890212131,24.665139438607554,94.69800764663985,28.46445070241321,98.88345466271478,0,1,127.49543666363594,30.625411526270266,fused,47.349003823319926,14.232225351206605,-47.349003823319926,-14.232225351206605,1,8,41.087809036658136,756.2924126172207,30.652110625909753,652.6688500727802,12,12,12,0.9496398690944233,0.03954200600004182,47.12749218378506,-0.08524368865626474,0.954914088116549,150.76527704767108,3.088153509524589e-05,-2.9848843049871947e-06,1.0,1.0,0.0,277.65099617668005,0.0,1.0,15.767774648793395,0.0,0.0,1.0,135.5225373128697,128.28870198304813,1.000000,35.000000,83.3215248148,0
frame_1592.jpg,frame_1592,1592,D:\visualization2026\visualization\left_downsample2_Q45\frame_1592.jpg,D:\visualization2026\visualization\right_downsample2_Q45\frame_1592.jpg,D:\visualization2026\dowsample2_Q45\stitched_frames\frame_1592.jpg,D:\visualization2026\dowsample2_Q45_hess_matched\stitched_frames\frame_1592.jpg,1931,1290,6.165023036096624,7.494678434866312,215.775806263,129.476118955,210.7083287866343,158.3096086542289,-74.73558643174354,-28.833489698957237,100.78120240375259,25.590328630642286,103.97940025490826,1,1,80.10479391095444,183.76097290963983,raw,50.390601201876294,12.795164315321143,-50.390601201876294,-12.795164315321143,0,0,636.6298823635456,613.1824978160342,425.92155357691126,454.87288916180535,12,9,12,0.9631662079396855,0.03565484990529427,50.682229347995204,-0.07978951855812853,0.960002638305493,140.8595051680496,3.841383306505494e-05,-6.60566306415889e-06,1.0,1.0,0.0,280.6093987981237,0.0,1.0,15.204835684678857,0.0,0.0,1.0,135.97274235489076,129.47611895527166,1.000000,35.000000,79.8030639085,0
frame_1594.jpg,frame_1594,1594,D:\visualization2026\visualization\left_downsample2_Q45\frame_1594.jpg,D:\visualization2026\visualization\right_downsample2_Q45\frame_1594.jpg,D:\visualization2026\dowsample2_Q45\stitched_frames\frame_1594.jpg,D:\visualization2026\dowsample2_Q45_hess_matched\stitched_frames\frame_1594.jpg,1951,1290,5.977204815067683,7.497732161292181,209.202168527,131.519274485,31.687019997570737,116.55714098921226,104.85606559003486,14.962133496035193,100.01742269997322,9.379072923993778,100.45621858530566,0,1,105.91817563466088,7.388032916049268,fused,50.00871134998661,4.689536461996889,-50.00871134998661,-4.689536461996889,2,7,65.47182425978987,758.8385864374402,33.78480426221913,642.2814454482279,12,12,12,1.0016981979065482,0.03342041926454934,49.93690399761917,-0.06641367347485201,0.974955889076052,110.88842333651596,5.57608034511908e-05,-8.647864244201949e-06,1.0,1.0,0.0,300.9912886500134,0.0,1.0,15.31046353800311,0.0,0.0,1.0,136.5430855876056,131.51927448524745,1.000000,35.000000,72.6590829398,0
frame_1596.jpg,frame_1596,1596,D:\visualization2026\visualization\left_downsample2_Q45\frame_1596.jpg,D:\visualization2026\visualization\right_downsample2_Q45\frame_1596.jpg,D:\visualization2026\dowsample2_Q45\stitched_frames\frame_1596.jpg,D:\visualization2026\dowsample2_Q45_hess_matched\stitched_frames\frame_1596.jpg,1950,1286,5.818517413754741,7.49757829540815,203.648109481,133.174784856,174.32837777792895,132.89344670165985,-37.35909530382034,0.28133815400289564,88.83474151895447,0.8143132552761969,88.83847368576957,1,1,37.36015461794596,126.19496231827839,raw,44.41737075947724,0.40715662763809846,-44.41737075947724,-0.40715662763809846,0,0,664.4951330735064,613.4986049042656,490.16675529557745,480.6051582026057,12,12,12,1.0023693350228229,0.029010009853279322,44.76281894131925,-0.06327819853697252,0.9700856219728201,101.91176475785683,5.8248011693689727e-05,-1.3126408150814752e-05,1.0,1.0,0.0,305.58262924052275,0.0,1.0,15.592843372361902,0.0,0.0,1.0,136.9692824741086,133.17478485566275,1.000000,35.000000,66.6788270073,0
frame_1598.jpg,frame_1598,1598,D:\visualization2026\visualization\left_downsample2_Q45\frame_1598.jpg,D:\visualization2026\visualization\right_downsample2_Q45\frame_1598.jpg,D:\visualization2026\dowsample2_Q45\stitched_frames\frame_1598.jpg,D:\visualization2026\dowsample2_Q45_hess_matched\stitched_frames\frame_1598.jpg,1951,1301,5.74550913640412,7.510964793645421,201.092819774,134.284693787,68.94298209458101,147.63576814057149,68.49648264440954,-13.351074353341886,79.81052773966799,-7.741662729511839,80.18512131250927,0,1,69.78552372121571,12.628266515365501,fused,39.905263869833995,-3.8708313647559196,-39.905263869833995,3.8708313647559196,1,10,108.37873628452515,797.453272796065,39.435754189944134,649.8175046554935,12,12,12,0.9799289454924722,0.05855397864135141,39.83325113612816,-0.0811786015662153,0.99048096667369,126.04848312517011,3.899834216763655e-05,1.1180906958300875e-05,1.0,1.0,0.0,311.094736130166,0.0,1.0,44.87083136475592,0.0,0.0,1.0,137.43946473899055,134.2846937872296,1.000000,35.000000,63.6533550352,0
frame_1600.jpg,frame_1600,1600,D:\visualization2026\visualization\left_downsample2_Q45\frame_1600.jpg,D:\visualization2026\visualization\right_downsample2_Q45\frame_1600.jpg,D:\visualization2026\dowsample2_Q45\stitched_frames\frame_1600.jpg,D:\visualization2026\dowsample2_Q45_hess_matched\stitched_frames\frame_1600.jpg,1961,1279,5.687054197050614,7.541868374989523,199.046896897,135.695717215,22.727586206896554,124.10372786579671,115.4994760944702,11.591989349474545,72.94478136211379,-16.288855030370332,74.74134014163114,1,1,116.0797277528485,50.87478282113025,fused,36.47239068105689,-8.144427515185166,-36.47239068105689,8.144427515185166,5,4,84.5,904.8198198198197,61.772413793103446,780.716091954023,12,12,12,1.0322687848178027,0.023260936424815887,36.193113575005626,-0.0524678819592035,0.9712895935633035,74.17815286091536,7.471171084867239e-05,-2.070823560090411e-05,1.0,1.0,0.0,324.5276093189431,0.0,1.0,14.144427515185166,0.0,0.0,1.0,138.22706230136674,135.69571721527126,1.000000,35.000000,60.8198345954,0
frame_1602.jpg,frame_1602,1602,D:\visualization2026\visualization\left_downsample2_Q45\frame_1602.jpg,D:\visualization2026\visualization\right_downsample2_Q45\frame_1602.jpg,D:\visualization2026\dowsample2_Q45\stitched_frames\frame_1602.jpg,D:\visualization2026\dowsample2_Q45_hess_matched\stitched_frames\frame_1602.jpg,1925,1279,5.6724375986525,7.555701568973603,198.535315953,136.206547923,67.29423311466655,166.11574906002153,71.25413033970958,-29.909201137400572,69.85038334964572,-22.96624345661881,73.52907175125462,1,1,77.27684907620008,7.083443157761626,fused,34.92519167482286,-11.483121728309404,-34.92519167482286,11.483121728309404,7,9,88.51432880844645,545.9562594268476,21.220095693779903,379.8405103668261,12,12,12,0.9616853098711493,0.029359677868417148,34.84541526368262,-0.0806957163873107,0.9328429153105574,117.03706294242063,4.592271358361766e-05,-2.0595199238241416e-05,1.0,1.0,0.0,290.0748083251771,0.0,1.0,34.483121728309406,0.0,0.0,1.0,138.54836345437613,136.20654792262096,1.000000,35.000000,59.9869524985,0
frame_1604.jpg,frame_1604,1604,D:\visualization2026\visualization\left_downsample2_Q45\frame_1604.jpg,D:\visualization2026\visualization\right_downsample2_Q45\frame_1604.jpg,D:\visualization2026\dowsample2_Q45\stitched_frames\frame_1604.jpg,D:\visualization2026\dowsample2_Q45_hess_matched\stitched_frames\frame_1604.jpg,2005,1320,5.738871271702438,7.522517611683888,200.86049451,134.653074296,136.8186274509804,197.9519230769231,0.8741049676740715,-63.29884878066224,70.5273337022638,-27.77382800825727,75.79901266759832,1,1,63.30488382780319,78.18950936048186,fused,35.2636668511319,-13.886914004128634,-35.2636668511319,13.886914004128634,5,3,180.41666666666666,577.9519230769231,43.59803921568627,380.0,12,12,12,1.0814454390336075,0.05835103480693849,34.99686918844576,-0.05899880885211938,1.0246329406336172,78.79291081522044,8.802184449804418e-05,1.2516172146909665e-06,1.0,1.0,0.0,369.7363331488681,0.0,1.0,55.886914004128634,0.0,0.0,1.0,137.69273241865446,134.65307429626085,1.000000,35.000000,63.1677620909,0
frame_1606.jpg,frame_1606,1606,D:\visualization2026\visualization\left_downsample2_Q45\frame_1606.jpg,D:\visualization2026\visualization\right_downsample2_Q45\frame_1606.jpg,D:\visualization2026\dowsample2_Q45\stitched_frames\frame_1606.jpg,D:\visualization2026\dowsample2_Q45_hess_matched\stitched_frames\frame_1606.jpg,1960,1312,5.8727995369425905,7.462703430959806,205.547983793,131.704630129,206.90421728876356,108.49576399535044,-70.79213022419643,23.20886613323424,69.0587448877538,-29.220938357234118,74.98648867595507,1,1,74.49951119886607,149.35578886834963,raw,34.5293724438769,-14.610469178617059,-34.5293724438769,14.610469178617059,0,0,682.6717611484127,663.0471509085794,475.7675438596491,554.551386913229,12,12,12,0.9963372705566418,0.061114231291698316,34.054188370066846,-0.07603626669598343,1.0001828861208137,106.04489513569308,5.082972115905995e-05,5.739844084711135e-06,1.0,1.0,0.0,325.4706275561231,0.0,1.0,64.61046917861705,0.0,0.0,1.0,136.11208706456713,131.70463012858468,1.000000,35.000000,69.4358967284,0
frame_1608.jpg,frame_1608,1608,D:\visualization2026\visualization\left_downsample2_Q45\frame_1608.jpg,D:\visualization2026\visualization\right_downsample2_Q45\frame_1608.jpg,D:\visualization2026\dowsample2_Q45\stitched_frames\frame_1608.jpg,D:\visualization2026\dowsample2_Q45_hess_matched\stitched_frames\frame_1608.jpg,1959,1304,5.992830095287818,7.421623415761619,209.749053335,129.386326302,63.069386920284316,166.77532341361155,71.88123440749997,-37.388997111534195,65.44461690611573,-27.307574503549358,70.91333800671879,0,1,81.0237555594177,11.960983515577396,fused,32.72230845305786,-13.653787251774679,-32.72230845305786,13.653787251774679,8,4,132.69811320754718,772.7861635220125,69.62872628726286,606.010840108401,12,12,12,0.9893721234744978,0.0637446529754659,32.62730230087756,-0.07990607971602925,0.9909083926206099,112.62564296209227,4.671369499397227e-05,7.617888035182746e-06,1.0,1.0,0.0,326.27769154694215,0.0,1.0,55.65378725177468,0.0,0.0,1.0,134.9506213277843,129.38632630207735,1.000000,35.000000,74.7984320073,0
frame_1610.jpg,frame_1610,1610,D:\visualization2026\visualization\left_downsample2_Q45\frame_1610.jpg,D:\visualization2026\visualization\right_downsample2_Q45\frame_1610.jpg,D:\visualization2026\dowsample2_Q45\stitched_frames\frame_1610.jpg,D:\visualization2026\dowsample2_Q45_hess_matched\stitched_frames\frame_1610.jpg,1968,1302,6.022876078594269,7.438739384511141,210.800662751,129.51504459,202.2945438343463,116.97277559322788,-67.07659269744607,12.542268996856933,59.684949757349564,-22.033736447202983,63.62215627721323,1,1,68.23912220631647,131.39249901720652,raw,29.842474878674782,-11.016868223601492,-29.842474878674782,11.016868223601492,0,0,686.3992326982944,653.1438068938887,484.1046888639481,536.1710313006608,12,12,12,1.018489381109857,0.04308237206501823,30.00976723857369,-0.062379628163214206,0.992396733712516,87.95715709461071,6.454276521327093e-05,-7.616265253763533e-06,1.0,1.0,0.0,338.1575251213252,0.0,1.0,34.01686822360149,0.0,0.0,1.0,135.21795113690024,129.5150445900848,1.000000,35.000000,75.5827116139,0
frame_1612.jpg,frame_1612,1612,D:\visualization2026\visualization\left_downsample2_Q45\frame_1612.jpg,D:\visualization2026\visualization\right_downsample2_Q45\frame_1612.jpg,D:\visualization2026\dowsample2_Q45\stitched_frames\frame_1612.jpg,D:\visualization2026\dowsample2_Q45_hess_matched\stitched_frames\frame_1612.jpg,1973,1300,5.978424786215193,7.497470269919628,209.244867518,131.499739259,200.89986497131747,120.44718624642962,-64.365414258941,11.052553012609167,51.779743441455324,-13.399424188194995,53.485384914368154,1,1,65.30746879815219,118.69118268126986,raw,25.889871720727662,-6.699712094097498,-25.889871720727662,6.699712094097498,0,0,690.0214141272261,667.6774411289188,489.1215491559086,547.2302548824891,12,12,12,1.01412045214963,0.05720130579996763,25.99202936111076,-0.06618709148701521,0.9977214642551467,98.95378723026177,5.975918360454308e-05,1.6925149839076004e-06,1.0,1.0,0.0,347.1101282792723,0.0,1.0,29.6997120940975,0.0,0.0,1.0,136.53445071237647,131.4997392590388,1.000000,35.000000,72.7104168052,0
frame_1614.jpg,frame_1614,1614,D:\visualization2026\visualization\left_downsample2_Q45\frame_1614.jpg,D:\visualization2026\visualization\right_downsample2_Q45\frame_1614.jpg,D:\visualization2026\dowsample2_Q45\stitched_frames\frame_1614.jpg,D:\visualization2026\dowsample2_Q45_hess_matched\stitched_frames\frame_1614.jpg,1973,1300,5.938044412975248,7.5523811889145875,207.831554454,133.343008579,80.88103408830932,110.16498894227095,56.881096850769154,23.178019636541194,41.728997958433,-1.404637726525391,41.75263198599202,1,1,61.42214399724639,28.877208034591337,fused,20.8644989792165,-0.7023188632626955,-20.8644989792165,0.7023188632626955,8,3,143.17831541218638,838.2867383512544,62.297281323877066,728.1217494089834,12,12,12,1.0138201399772888,0.0571928002813029,20.966656619599597,-0.0658286921637851,0.9977316149330543,104.95118046109657,5.975918360454308e-05,1.6925149839076004e-06,1.0,1.0,0.0,352.1355010207835,0.0,1.0,23.702318863262697,0.0,0.0,1.0,137.76213093907847,133.34300857881215,1.000000,35.000000,70.0694235151,0
frame_1616.jpg,frame_1616,1616,D:\visualization2026\visualization\left_downsample2_Q45\frame_1616.jpg,D:\visualization2026\visualization\right_downsample2_Q45\frame_1616.jpg,D:\visualization2026\dowsample2_Q45\stitched_frames\frame_1616.jpg,D:\visualization2026\dowsample2_Q45_hess_matched\stitched_frames\frame_1616.jpg,1973,1300,5.966182134505935,7.564388311883494,208.816374708,133.359475835,215.85344668606484,123.7660145110085,-77.92288054675467,9.593461323785476,31.678252475410677,10.590148735144211,33.40154083464323,1,1,78.5112081990512,109.60566475113568,raw,15.839126237705338,5.295074367572106,-15.839126237705338,-5.295074367572106,0,0,713.4646089062427,674.9972932598586,497.61116222017785,551.2312787488501,12,12,12,1.0135198278049475,0.05718429476263817,15.941283878088436,-0.065470292840555,0.997741765610962,110.94857369193136,5.975918360454308e-05,1.6925149839076004e-06,1.0,1.0,0.0,357.16087376229467,0.0,1.0,17.704925632427894,0.0,0.0,1.0,137.93056613931017,133.35947583479398,1.000000,35.000000,70.8858085684,0
frame_1618.jpg,frame_1618,1618,D:\visualization2026\visualization\left_downsample2_Q45\frame_1618.jpg,D:\visualization2026\visualization\right_downsample2_Q45\frame_1618.jpg,D:\visualization2026\dowsample2_Q45\stitched_frames\frame_1618.jpg,D:\visualization2026\dowsample2_Q45_hess_matched\stitched_frames\frame_1618.jpg,1985,1335,6.031079423046464,7.548463623384869,211.087779807,132.268705137,47.486285569188055,126.74509311334054,89.94434460122619,5.523612023871465,21.627506992388362,22.58493519681381,31.270247145650874,1,1,90.1137914835148,70.41504845758396,fused,10.813753496194181,11.292467598406905,-10.813753496194181,-11.292467598406905,8,4,182.9493670886076,1138.120253164557,135.46308151941955,1011.3751600512164,12,12,12,0.992812748874815,0.11524792880790101,11.065424025406685,-0.08142570859076813,1.0453012044959522,142.43103544728595,3.649289859257731e-05,5.021083852841639e-05,1.0,1.0,0.0,374.1862465038058,0.0,1.0,123.7075324015931,0.0,0.0,1.0,137.43063017041425,132.268705137212,1.000000,35.000000,73.6571496362,0
frame_1620.jpg,frame_1620,1620,D:\visualization2026\visualization\left_downsample2_Q45\frame_1620.jpg,D:\visualization2026\visualization\right_downsample2_Q45\frame_1620.jpg,D:\visualization2026\dowsample2_Q45\stitched_frames\frame_1620.jpg,D:\visualization2026\dowsample2_Q45_hess_matched\stitched_frames\frame_1620.jpg,1967,1328,6.092289180600162,7.535165563804984,213.230121321,131.28446923,88.3253876885875,162.35492123569713,48.66878259327838,-31.070452006084963,7.290031396015697,34.464389294684025,35.2269596645868,1,1,57.74100264954035,77.50494484200311,fused,3.6450156980078483,17.232194647342013,-3.6450156980078483,-17.232194647342013,7,2,178.06372549019608,807.8366013071895,89.73833780160858,645.4816800714924,12,12,12,0.9740621068594044,0.09754778353908487,4.0314335171678355,-0.08345325058243012,1.020952481734417,151.90207965563553,3.283352728382273e-05,3.8047928546381424e-05,1.0,1.0,0.0,363.35498430199215,0.0,1.0,110.76780535265799,0.0,0.0,1.0,136.99417028186588,131.28446922961217,1.000000,35.000000,76.2359510391,0
frame_1622.jpg,frame_1622,1622,D:\visualization2026\visualization\left_downsample2_Q45\frame_1622.jpg,D:\visualization2026\visualization\right_downsample2_Q45\frame_1622.jpg,D:\visualization2026\dowsample2_Q45\stitched_frames\frame_1622.jpg,D:\visualization2026\dowsample2_Q45_hess_matched\stitched_frames\frame_1622.jpg,1957,1319,6.115526378404233,7.535988721077683,214.043423244,131.062765202,135.42205185507063,84.48825708196239,1.5260160263437115,46.57450812015301,-11.334174313707306,46.228511028754845,47.59767577633608,0,1,46.59950140877965,12.864843938796831,fused,-5.667087156853653,23.114255514377422,5.667087156853653,-23.114255514377422,9,8,175.4082397003745,617.9026217228463,39.98618784530387,533.414364640884,12,12,12,0.9655564746266171,0.08466099701492241,-5.974096170263748,-0.08046042224440156,1.0018194169176557,153.2905804486793,3.35213047911935e-05,2.6339308288971096e-05,1.0,1.0,0.0,362.66708715685365,0.0,1.0,95.88574448562258,0.0,0.0,1.0,136.94806788141435,131.0627652021154,1.000000,35.000000,77.0953553627,0
frame_1624.jpg,frame_1624,1624,D:\visualization2026\visualization\left_downsample2_Q45\frame_1624.jpg,D:\visualization2026\visualization\right_downsample2_Q45\frame_1624.jpg,D:\visualization2026\dowsample2_Q45\stitched_frames\frame_1624.jpg,D:\visualization2026\dowsample2_Q45_hess_matched\stitched_frames\frame_1624.jpg,1963,1317,6.10050437185096,7.498996739431604,213.517653015,130.262579705,207.7908679518398,52.305826798642784,-71.55561388591232,77.95675290586823,-28.015604599098566,56.06721898510603,62.67700651576196,1,1,105.81805707069263,48.73278264129833,raw,-14.007802299549283,28.033609492553015,14.007802299549283,-28.033609492553015,0,0,706.3946924901946,715.6145633872129,498.60382453835484,663.3087365885701,12,12,12,0.9741053684977412,0.08986920073305324,-14.465239873746967,-0.0809740836983369,1.0132674359164513,159.26019131801405,3.4722934779049675e-05,3.222932389816705e-05,1.0,1.0,0.0,377.00780229954927,0.0,1.0,88.96639050744699,0.0,0.0,1.0,136.23525406592748,130.262579704511,1.000000,35.000000,77.2823989489,0
frame_1626.jpg,frame_1626,1626,D:\visualization2026\visualization\left_downsample2_Q45\frame_1626.jpg,D:\visualization2026\visualization\right_downsample2_Q45\frame_1626.jpg,D:\visualization2026\dowsample2_Q45\stitched_frames\frame_1626.jpg,D:\visualization2026\dowsample2_Q45_hess_matched\stitched_frames\frame_1626.jpg,1971,1318,6.067981113674605,7.475360308607868,212.379338979,129.991031046,197.2845932642889,60.58027364058535,-61.44277607320433,69.41075740549832,-42.75425946015808,63.9805131637376,76.95084643252287,0,1,92.69880244742578,19.461454357814073,raw,-21.37712973007904,31.9902565818688,21.37712973007904,-31.9902565818688,0,0,713.0083855621259,720.2062439473153,515.723792297837,659.62597030673,12,12,12,0.9816165862537226,0.09515711585959048,-21.21233029335007,-0.07855359510071543,1.0212111706467069,159.69904907135992,3.696477768757626e-05,3.5505166216836674e-05,1.0,1.0,0.0,392.37712973007905,0.0,1.0,86.0097434181312,0.0,0.0,1.0,135.84181719108457,129.99103104608366,1.000000,35.000000,76.5375217875,0
frame_1628.jpg,frame_1628,1628,D:\visualization2026\visualization\left_downsample2_Q45\frame_1628.jpg,D:\visualization2026\visualization\right_downsample2_Q45\frame_1628.jpg,D:\visualization2026\dowsample2_Q45\stitched_frames\frame_1628.jpg,D:\visualization2026\dowsample2_Q45_hess_matched\stitched_frames\frame_1628.jpg,1975,1320,6.0265084014166845,7.524350952034238,210.92779405,131.692518515,81.0176798245614,118.87006453634092,55.934188218829306,12.822453978921146,-55.55013889688586,69.96839356464953,89.33864801686335,1,1,57.38509159826247,125.27734672948459,fused,-27.77506944844293,34.984196782324766,27.77506944844293,-34.984196782324766,6,1,183.26041666666666,719.2276785714286,102.24273684210526,600.3576140350876,12,12,12,0.9848760077263405,0.09890638236282462,-27.79142244142764,-0.07874635901058664,1.0271544988028969,162.63322934891576,3.7382633971100215e-05,3.809499022501896e-05,1.0,1.0,0.0,402.77506944844293,0.0,1.0,85.01580321767523,0.0,0.0,1.0,136.9518680433907,131.69251851526207,1.000000,35.000000,73.9759260062,0
frame_1630.jpg,frame_1630,1630,D:\visualization2026\visualization\left_downsample2_Q45\frame_1630.jpg,D:\visualization2026\visualization\right_downsample2_Q45\frame_1630.jpg,D:\visualization2026\dowsample2_Q45\stitched_frames\frame_1630.jpg,D:\visualization2026\dowsample2_Q45_hess_matched\stitched_frames\frame_1630.jpg,1966,1324,5.935350260762931,7.624816678344793,207.737259127,135.245671314,87.16974573033612,168.42805279883305,52.07504691776889,-33.182381484810634,-60.36209836260833,71.37821648970852,93.47958444488775,1,1,61.74852996218885,153.54162395777138,fused,-30.181049181304164,35.68910824485426,30.181049181304164,-35.68910824485426,8,4,184.99813432835822,1087.2866915422885,97.8283885980221,918.8586387434555,12,12,12,0.9671618147295382,0.10295074438422668,-30.1397847517859,-0.08517294258162308,1.0224688666433972,173.46430524970327,2.861755870613203e-05,4.236246223487423e-05,1.0,1.0,0.0,396.18104918130416,0.0,1.0,88.31089175514575,0.0,0.0,1.0,139.244792648105,135.24567131402242,1.000000,35.000000,68.4924664786,0
frame_1632.jpg,frame_1632,1632,D:\visualization2026\visualization\left_downsample2_Q45\frame_1632.jpg,D:\visualization2026\visualization\right_downsample2_Q45\frame_1632.jpg,D:\visualization2026\dowsample2_Q45\stitched_frames\frame_1632.jpg,D:\visualization2026\dowsample2_Q45_hess_matched\stitched_frames\frame_1632.jpg,1972,1325,5.8512981255213,7.724720030864951,204.795434393,138.709959097,203.9604185389079,62.19604897262741,-62.453381157295155,76.51391012471268,-58.33122009297333,71.18369280002122,92.03069791207002,0,1,98.76640755110515,6.738206628521559,raw,-29.165610046486666,35.59184640001061,29.165610046486666,-35.59184640001061,0,0,735.2531213773907,730.5328990103064,531.2927028384828,668.336850037679,12,12,12,0.9782372249984658,0.10199602481780307,-29.208096912989436,-0.08197367814658767,1.0295474114340188,168.94799225398293,3.3846412631606876e-05,4.1033911074806545e-05,1.0,1.0,0.0,401.1656100464867,0.0,1.0,89.40815359998939,0.0,0.0,1.0,141.50703738161275,138.7099590973401,1.000000,35.000000,63.2883970116,0
frame_1634.jpg,frame_1634,1634,D:\visualization2026\visualization\left_downsample2_Q45\frame_1634.jpg,D:\visualization2026\visualization\right_downsample2_Q45\frame_1634.jpg,D:\visualization2026\dowsample2_Q45\stitched_frames\frame_1634.jpg,D:\visualization2026\dowsample2_Q45_hess_matched\stitched_frames\frame_1634.jpg,1958,1312,5.839884281045581,7.7815785881123904,204.395949837,140.3007086,196.71419531101458,75.25896121190135,-54.01817735204264,65.04174738812057,-49.03039863290804,68.6828532903742,84.38788020923938,0,1,84.54816608145218,6.175401909388433,raw,-24.51519931645402,34.3414266451871,24.51519931645402,-34.3414266451871,0,0,722.6800361518555,722.7719742249143,525.9658408408409,647.5130130130129,12,12,12,0.9641976868394312,0.0891775137856233,-24.86350470901147,-0.08313488171364651,1.007126020512865,168.9637172404611,3.094626582849697e-05,3.110602901530156e-05,1.0,1.0,0.0,382.515199316454,0.0,1.0,77.6585733548129,0.0,0.0,1.0,142.69601795897194,140.30070860002192,1.000000,35.000000,61.6999318776,0
frame_1636.jpg,frame_1636,1636,D:\visualization2026\visualization\left_downsample2_Q45\frame_1636.jpg,D:\visualization2026\visualization\right_downsample2_Q45\frame_1636.jpg,D:\visualization2026\dowsample2_Q45\stitched_frames\frame_1636.jpg,D:\visualization2026\dowsample2_Q45_hess_matched\stitched_frames\frame_1636.jpg,1968,1307,5.852613191360547,7.817023173770828,204.841461698,141.084830849,194.6719029989805,72.64669189189794,-51.288384725029346,68.43813895706182,-38.42247842084932,64.59174672822184,75.15570898743081,0,1,85.5235480532042,13.428562030464011,raw,-19.21123921042466,32.29587336411092,19.21123921042466,-32.29587336411092,0,0,731.2670776021552,726.514691891898,536.5951746031747,653.868,12,12,12,0.9826488930976602,0.08783980462582304,-19.294419534844746,-0.07534578006278758,1.012970111168629,154.8860712348985,3.9799005143313174e-05,2.9061720711554555e-05,1.0,1.0,0.0,387.21123921042465,0.0,1.0,74.70412663588908,0.0,0.0,1.0,143.38351827395115,141.08483084895977,1.000000,35.000000,61.4579434237,0
frame_1638.jpg,frame_1638,1638,D:\visualization2026\visualization\left_downsample2_Q45\frame_1638.jpg,D:\visualization2026\visualization\right_downsample2_Q45\frame_1638.jpg,D:\visualization2026\dowsample2_Q45\stitched_frames\frame_1638.jpg,D:\visualization2026\dowsample2_Q45_hess_matched\stitched_frames\frame_1638.jpg,1984,1322,5.867566217168079,7.8411078083659085,205.364817601,141.551720908,159.10915783186385,82.27744347758073,-15.27553713424146,59.27427743033462,-26.507459456797186,58.91037311356417,64.5993611983361,0,1,61.210963067312264,11.237815864823999,fused,-13.253729728398593,29.455186556782085,13.253729728398593,-29.455186556782085,8,1,234.2855414398064,701.5759225650332,75.17638360794254,619.2984790874525,12,12,12,0.9917242330759212,0.11240888848956057,-13.290399554884072,-0.08115294470180322,1.0419305522752504,161.21412554627148,3.681304475905508e-05,4.7605982011049086e-05,1.0,1.0,0.0,397.2537297283986,0.0,1.0,92.54481344321792,0.0,0.0,1.0,143.8336206976224,141.55172090791535,1.000000,35.000000,61.5311969033,0
frame_1640.jpg,frame_1640,1640,D:\visualization2026\visualization\left_downsample2_Q45\frame_1640.jpg,D:\visualization2026\visualization\right_downsample2_Q45\frame_1640.jpg,D:\visualization2026\dowsample2_Q45\stitched_frames\frame_1640.jpg,D:\visualization2026\dowsample2_Q45_hess_matched\stitched_frames\frame_1640.jpg,1971,1319,5.885494729544121,7.85290759823666,205.992315534,141.669586793,82.50176056338029,113.76328727079465,61.523693504015995,27.906299521934415,-16.184185623283927,57.59007897052124,59.82094165189798,1,1,67.55683840577515,83.1843809907569,fused,-8.092092811641963,28.79503948526062,8.092092811641963,-28.79503948526062,11,9,190.79342723004694,996.1830985915493,108.29166666666666,882.4198113207547,12,12,12,0.9780448046761746,0.10162974266227776,-8.055473991253665,-0.08196736706777348,1.0273095005910677,161.7887461517247,3.366346930668584e-05,4.017324015152749e-05,1.0,1.0,0.0,379.092092811642,0.0,1.0,90.20496051473938,0.0,0.0,1.0,144.02545406739628,141.66958679272906,1.000000,35.000000,61.9668614666,0
frame_1642.jpg,frame_1642,1642,D:\visualization2026\visualization\left_downsample2_Q45\frame_1642.jpg,D:\visualization2026\visualization\right_downsample2_Q45\frame_1642.jpg,D:\visualization2026\dowsample2_Q45\stitched_frames\frame_1642.jpg,D:\visualization2026\dowsample2_Q45_hess_matched\stitched_frames\frame_1642.jpg,1972,1304,5.928432855125035,7.85131667312371,207.495149929,141.179386287,146.7551666362058,93.0723442352745,-2.8782863370344955,48.107042051424315,-8.515424736956188,59.722503481879855,60.32652717166733,0,1,48.193070323185125,12.911091107349227,raw,-4.257712368478094,29.861251740939927,4.257712368478094,-29.861251740939927,0,0,741.3307778205126,747.7918582156581,594.5756111843068,654.7195139803836,12,12,12,0.9759194831669816,0.0993235573625535,-4.624303441327909,-0.0821646839660959,1.0208283356928642,162.82872210214458,3.518774101202704e-05,3.386872923609286e-05,1.0,1.0,0.0,376.2577123684781,0.0,1.0,71.13874825906007,0.0,0.0,1.0,143.8768802991713,141.17938628669881,1.000000,35.000000,63.6182696302,0
frame_1644.jpg,frame_1644,1644,D:\visualization2026\visualization\left_downsample2_Q45\frame_1644.jpg,D:\visualization2026\visualization\right_downsample2_Q45\frame_1644.jpg,D:\visualization2026\dowsample2_Q45\stitched_frames\frame_1644.jpg,D:\visualization2026\dowsample2_Q45_hess_matched\stitched_frames\frame_1644.jpg,1978,1296,5.979752629944802,7.844570779210979,209.291342048,140.468133224,146.0024411797798,82.02785655079049,-2.4018081844763515,58.44027667290595,-8.39918713341552,59.231153464805956,59.82370671626364,0,1,58.489611215674984,6.0493008155608194,raw,-4.19959356670776,29.615576732402978,4.19959356670776,-29.615576732402978,0,0,748.8868307323208,735.8579166169307,602.884389552541,653.8300600661402,12,12,12,0.9956697965658067,0.0925468003900808,-4.486260312156018,-0.06784973394350216,1.018416427186319,140.4127317677069,4.4184488901510146e-05,3.084968198894967e-05,1.0,1.0,0.0,382.19959356670773,0.0,1.0,66.38442326759701,0.0,0.0,1.0,143.60063299530344,140.46813322369644,1.000000,35.000000,65.6907090528,0
frame_1646.jpg,frame_1646,1646,D:\visualization2026\visualization\left_downsample2_Q45\frame_1646.jpg,D:\visualization2026\visualization\right_downsample2_Q45\frame_1646.jpg,D:\visualization2026\dowsample2_Q45\stitched_frames\frame_1646.jpg,D:\visualization2026\dowsample2_Q45_hess_matched\stitched_frames\frame_1646.jpg,1939,1326,6.011319586376668,7.842055922413529,210.396185523,140.072938514,156.40858564271878,60.97267700041971,-12.944580293390658,79.10026151385489,-9.687746114204295,56.50088913419196,57.3254123206064,0,1,80.15243932989358,22.832840402047836,raw,-4.843873057102147,28.25044456709598,4.843873057102147,-28.25044456709598,0,0,721.498428528313,745.747700973275,565.0898428855942,684.7750239728553,12,12,12,0.9428116592364155,0.07701801566497189,-5.242166544196213,-0.07627826765887794,1.005982413823289,151.5709722195083,2.5922885179392743e-05,2.067631391536577e-05,1.0,1.0,0.0,343.84387305710214,0.0,1.0,97.74955543290402,0.0,0.0,1.0,143.46400534932812,140.0729385142746,1.000000,35.000000,66.9321801739,0
frame_1648.jpg,frame_1648,1648,D:\visualization2026\visualization\left_downsample2_Q45\frame_1648.jpg,D:\visualization2026\visualization\right_downsample2_Q45\frame_1648.jpg,D:\visualization2026\dowsample2_Q45\stitched_frames\frame_1648.jpg,D:\visualization2026\dowsample2_Q45_hess_matched\stitched_frames\frame_1648.jpg,1948,1281,6.024588734805679,7.837294366174831,210.860605718,139.810955106,158.02547080007616,82.99342776118635,-14.69434911653812,56.81752734496513,-11.937558130693981,54.37163418965209,55.6666857157586,0,1,58.68692622343212,3.685415833639211,raw,-5.9687790653469905,27.185817094826046,5.9687790653469905,-27.185817094826046,0,0,730.5608788222062,728.4962631692084,572.53540802213,645.5028354080221,12,12,12,0.9715492837691582,0.06444165160699857,-5.477175246382484,-0.06503849413266027,0.9913136076209275,133.26052132424778,3.9447599487610897e-05,1.387599586115017e-05,1.0,1.0,0.0,353.968779065347,0.0,1.0,53.81418290517395,0.0,0.0,1.0,143.33112168353804,139.81095510615148,1.000000,35.000000,67.5294840347,0
frame_1650.jpg,frame_1650,1650,D:\visualization2026\visualization\left_downsample2_Q45\frame_1650.jpg,D:\visualization2026\visualization\right_downsample2_Q45\frame_1650.jpg,D:\visualization2026\dowsample2_Q45\stitched_frames\frame_1650.jpg,D:\visualization2026\dowsample2_Q45_hess_matched\stitched_frames\frame_1650.jpg,1939,1273,6.035103997313101,7.833124679049469,211.228639906,139.593087194,158.73745057572637,99.55374910654541,-15.519706639581841,40.039338087809455,-13.484584906302695,46.392513834988236,48.31251773634719,0,1,42.941936247549314,6.671174000414439,raw,-6.7422924531513475,23.196256917494118,6.7422924531513475,-23.196256917494118,0,0,722.4129897808047,739.5663726368058,563.6755392050783,640.0126235302604,12,12,12,0.9479965909231193,0.07214617929820838,-6.789592761662132,-0.07430422508968215,0.9857115581544345,142.58203700169886,2.7620319657564297e-05,1.8605455045210838e-05,1.0,1.0,0.0,345.7422924531513,0.0,1.0,47.80374308250588,0.0,0.0,1.0,143.21774393614453,139.59308719435487,1.000000,35.000000,68.0108959698,0
frame_1652.jpg,frame_1652,1652,D:\visualization2026\visualization\left_downsample2_Q45\frame_1652.jpg,D:\visualization2026\visualization\right_downsample2_Q45\frame_1652.jpg,D:\visualization2026\dowsample2_Q45\stitched_frames\frame_1652.jpg,D:\visualization2026\dowsample2_Q45_hess_matched\stitched_frames\frame_1652.jpg,1938,1266,6.053825565356142,7.838253481618542,211.883894787,139.530027546,157.39890282607075,102.0692602172328,-14.127346419482933,37.46076732872501,-13.31759585827979,34.46373373423574,36.947358530059624,0,1,40.036121262092166,3.104497759359163,raw,-6.658797929139895,17.23186686711787,6.658797929139895,-17.23186686711787,0,0,720.3450823184842,731.7826711174165,562.9461794924134,629.7134109001837,12,12,12,0.9583336290728418,0.054741731074373724,-6.604793274940335,-0.06450726431277486,0.9727401215892818,120.88168207237888,3.761911362348082e-05,3.061643777717244e-06,1.0,1.0,0.0,344.6587979291399,0.0,1.0,40.76813313288213,0.0,0.0,1.0,143.27155640658782,139.5300275459578,1.000000,35.000000,68.6123383809,0
frame_1654.jpg,frame_1654,1654,D:\visualization2026\visualization\left_downsample2_Q45\frame_1654.jpg,D:\visualization2026\visualization\right_downsample2_Q45\frame_1654.jpg,D:\visualization2026\dowsample2_Q45\stitched_frames\frame_1654.jpg,D:\visualization2026\dowsample2_Q45_hess_matched\stitched_frames\frame_1654.jpg,1949,1277,6.080979357730406,7.829582442424714,212.834277521,139.021674098,153.1584210125867,120.47699919805848,-10.136942062519921,18.54467489958668,-13.087167574440958,28.083774757644107,30.983420723987003,0,1,21.134392858803537,9.984901435326291,raw,-6.543583787220479,14.041887378822054,6.543583787220479,-14.041887378822054,0,0,728.3061994835092,748.2219219124134,575.1477784709225,627.744922714355,12,12,12,0.9643537819605199,0.06419790857325046,-6.485753047117493,-0.06847934238599822,0.9834060786182096,124.76141022735777,3.7626239123678725e-05,8.846794186918111e-06,1.0,1.0,0.0,355.5435837872205,0.0,1.0,34.958112621177946,0.0,0.0,1.0,143.02147895006678,139.02167409764516,1.000000,35.000000,69.8127985705,0
frame_1656.jpg,frame_1656,1656,D:\visualization2026\visualization\left_downsample2_Q45\frame_1656.jpg,D:\visualization2026\visualization\right_downsample2_Q45\frame_1656.jpg,D:\visualization2026\dowsample2_Q45\stitched_frames\frame_1656.jpg,D:\visualization2026\dowsample2_Q45_hess_matched\stitched_frames\frame_1656.jpg,1948,1278,6.110359124704182,7.810514964684106,213.862569365,138.221002831,154.66325853635442,118.76464182060488,-12.109635053276122,19.456361010092394,-14.744943155855816,25.395739260368273,29.36591427573863,0,1,22.917095035771382,6.497773679913161,raw,-7.372471577927908,12.697869630184137,7.372471577927908,-12.697869630184137,0,0,727.8980162573341,750.3652807982406,573.2347577209797,631.6006389776358,12,12,12,0.9611065141685771,0.0665430752132784,-7.290831741941926,-0.07004440281118438,0.9845698481090196,125.7079608096717,3.587458142181046e-05,1.0499680624837466e-05,1.0,1.0,0.0,355.3724715779279,0.0,1.0,38.30213036981586,0.0,0.0,1.0,142.5536234830783,138.22100283069727,1.000000,35.000000,71.3089458816,0
frame_1658.jpg,frame_1658,1658,D:\visualization2026\visualization\left_downsample2_Q45\frame_1658.jpg,D:\visualization2026\visualization\right_downsample2_Q45\frame_1658.jpg,D:\visualization2026\dowsample2_Q45\stitched_frames\frame_1658.jpg,D:\visualization2026\dowsample2_Q45_hess_matched\stitched_frames\frame_1658.jpg,1946,1274,6.138110763080881,7.805117529867168,214.833876708,137.791111795,155.91081331577334,112.87337933296567,-13.542207697343969,24.917732462006967,-15.992219156130211,22.878889390309418,27.91405834470708,0,1,28.359915027484796,3.1873872088582185,raw,-7.996109578065106,11.439444695154709,7.996109578065106,-11.439444695154709,0,0,725.41747998244,754.2956015551879,569.5066666666667,641.4222222222222,12,12,12,0.9629979680127749,0.05877985332622311,-7.903117060471576,-0.06724419188650699,0.977905104597587,119.65832633486403,3.840271168746996e-05,4.784237035502491e-06,1.0,1.0,0.0,353.9961095780651,0.0,1.0,34.560555304845295,0.0,0.0,1.0,142.36860561842937,137.79111179497264,1.000000,35.000000,72.4652710894,0
frame_1660.jpg,frame_1660,1660,D:\visualization2026\visualization\left_downsample2_Q45\frame_1660.jpg,D:\visualization2026\visualization\right_downsample2_Q45\frame_1660.jpg,D:\visualization2026\dowsample2_Q45\stitched_frames\frame_1660.jpg,D:\visualization2026\dowsample2_Q45_hess_matched\stitched_frames\frame_1660.jpg,1948,1273,6.1615419992954905,7.835109202825702,215.653969975,138.322202535,166.72466977485806,111.72304193358605,-23.808584546656135,26.5991606014303,-18.303066993597398,24.248225139932316,30.380564244413897,0,1,35.698235850192304,5.986453129455435,raw,-9.151533496798699,12.124112569966158,9.151533496798699,-12.124112569966158,0,0,736.5240887466908,756.5715325234559,569.7994189718328,644.8484905898698,12,12,12,0.9578569668309184,0.07084012042184692,-9.349516513490165,-0.07117183769712052,0.9813108328492658,126.88659367274798,3.375716937972706e-05,1.2783504512675063e-05,1.0,1.0,0.0,357.1515334967987,0.0,1.0,37.87588743003384,0.0,0.0,1.0,142.91608522820192,138.32220253501634,1.000000,35.000000,72.7378847471,0
frame_1662.jpg,frame_1662,1662,D:\visualization2026\visualization\left_downsample2_Q45\frame_1662.jpg,D:\visualization2026\visualization\right_downsample2_Q45\frame_1662.jpg,D:\visualization2026\dowsample2_Q45\stitched_frames\frame_1662.jpg,D:\visualization2026\dowsample2_Q45_hess_matched\stitched_frames\frame_1662.jpg,1954,1281,6.181743351791813,7.880897768750053,216.361017313,139.295862754,164.1577823059473,114.41934477541906,-20.363726420854903,24.87651797843074,-21.57388164264238,26.576928248987095,34.23106022726363,0,1,32.148444759810886,2.0870722912810264,raw,-10.78694082132119,13.288464124493547,10.78694082132119,-13.288464124493547,0,0,742.5427386909037,770.0129383690125,578.3849563849564,655.5935935935935,12,12,12,0.9589562055678987,0.08272413986430999,-10.830930324832815,-0.0733564162353964,0.9961098256698996,131.09356927208566,3.196372632259977e-05,2.0580368794400498e-05,1.0,1.0,0.0,364.7869408213212,0.0,1.0,43.711535875506456,0.0,0.0,1.0,143.7940558850924,139.2958627538498,1.000000,35.000000,72.5669614276,0
frame_1664.jpg,frame_1664,1664,D:\visualization2026\visualization\left_downsample2_Q45\frame_1664.jpg,D:\visualization2026\visualization\right_downsample2_Q45\frame_1664.jpg,D:\visualization2026\dowsample2_Q45\stitched_frames\frame_1664.jpg,D:\visualization2026\dowsample2_Q45_hess_matched\stitched_frames\frame_1664.jpg,1946,1280,6.20003387529313,7.908357654732285,217.001185635,139.815195422,165.9950573425508,114.42384177385281,-21.691181249855845,25.39135364770118,-24.757078396926968,29.640460064237306,38.61955208921039,0,1,33.395032326331496,5.239716657937473,raw,-12.378539198463484,14.820230032118653,12.378539198463484,-14.820230032118653,0,0,735.6422647712002,777.479351810723,569.6472074286494,663.0555100368701,12,12,12,0.950810971795088,0.07421669286377347,-12.215658800857836,-0.07450688327443797,0.9855215178057485,134.4463903661595,3.0307394836478223e-05,1.4212177125554374e-05,1.0,1.0,0.0,358.3785391984635,0.0,1.0,40.17976996788135,0.0,0.0,1.0,144.30387609269496,139.815195421554,1.000000,35.000000,72.6973095426,0
frame_1666.jpg,frame_1666,1666,D:\visualization2026\visualization\left_downsample2_Q45\frame_1666.jpg,D:\visualization2026\visualization\right_downsample2_Q45\frame_1666.jpg,D:\visualization2026\dowsample2_Q45\stitched_frames\frame_1666.jpg,D:\visualization2026\dowsample2_Q45_hess_matched\stitched_frames\frame_1666.jpg,1957,1278,6.20123753752188,7.886035465307938,217.043313813,139.224953524,172.30966748034803,108.12507696895273,-28.463708298501047,31.09987655536628,-26.475299820267153,32.139872552191946,41.640279877111524,0,1,42.1590442474824,2.243960772768966,raw,-13.237649910133577,16.069936276095973,13.237649910133577,-16.069936276095973,0,0,752.7966313703232,763.817359591818,580.4869638899752,655.6922826228653,12,12,12,0.9766928395008405,0.06468484027812924,-13.559933678833296,-0.06364153296521545,0.9849692383659906,118.74124381174346,4.4572160146238636e-05,4.519418151020834e-06,1.0,1.0,0.0,370.2376499101336,0.0,1.0,28.930063723904027,0.0,0.0,1.0,143.84595918184698,139.224953524319,1.000000,35.000000,73.1973546314,0
frame_1668.jpg,frame_1668,1668,D:\visualization2026\visualization\left_downsample2_Q45\frame_1668.jpg,D:\visualization2026\visualization\right_downsample2_Q45\frame_1668.jpg,D:\visualization2026\dowsample2_Q45\stitched_frames\frame_1668.jpg,D:\visualization2026\dowsample2_Q45_hess_matched\stitched_frames\frame_1668.jpg,1965,1284,6.19152907024991,7.835219228139447,216.703517459,138.011456461,172.29538728969953,97.77606492316897,-29.4581914687669,40.23539153825803,-20.940535440842076,25.65553668272933,33.116651204915534,0,1,49.86653965182923,16.88557466651129,raw,-10.470267720421038,12.827768341364665,10.470267720421038,-12.827768341364665,0,0,761.1221148265329,776.7895531987448,588.8267275368333,679.0134882755758,12,12,12,0.983590594900595,0.07698633882256116,-10.404404758824644,-0.06505098013313189,1.0034506776925685,117.50015762110415,4.435130239475367e-05,1.594920150131919e-05,1.0,1.0,0.0,375.470267720421,0.0,1.0,53.17223165863533,0.0,0.0,1.0,142.83719582093264,138.011456461427,1.000000,35.000000,73.8663216378,0
frame_1670.jpg,frame_1670,1670,D:\visualization2026\visualization\left_downsample2_Q45\frame_1670.jpg,D:\visualization2026\visualization\right_downsample2_Q45\frame_1670.jpg,D:\visualization2026\dowsample2_Q45\stitched_frames\frame_1670.jpg,D:\visualization2026\dowsample2_Q45_hess_matched\stitched_frames\frame_1670.jpg,1959,1284,6.19919282113046,7.79793986371034,216.97174874,136.966595091,174.45684361650422,97.87037205012405,-32.39969166335706,39.09622304120347,-23.29120968111922,28.713215947570937,36.972005875549996,0,1,50.77651697357882,13.811997695017716,raw,-11.64560484055961,14.356607973785469,11.64560484055961,-14.356607973785469,0,0,757.0852110296818,790.575078314324,582.6283674131776,692.7047062641999,12,12,12,0.9680841482022168,0.08731773460281395,-11.857694192008193,-0.0717207841952253,1.0067376634978864,130.17189350769377,3.4956085239168685e-05,2.5530464307802307e-05,1.0,1.0,0.0,370.6456048405596,0.0,1.0,59.64339202621453,0.0,0.0,1.0,142.05715195314716,136.96659509132752,1.000000,35.000000,74.9145967864,0
frame_1672.jpg,frame_1672,1672,D:\visualization2026\visualization\left_downsample2_Q45\frame_1672.jpg,D:\visualization2026\visualization\right_downsample2_Q45\frame_1672.jpg,D:\visualization2026\dowsample2_Q45\stitched_frames\frame_1672.jpg,D:\visualization2026\dowsample2_Q45_hess_matched\stitched_frames\frame_1672.jpg,1972,1286,6.219405178091389,7.80095341059887,217.679181233,136.833206677,134.75375187806975,144.3783680456629,7.310095476270476,-7.5451613688823045,-14.103511505814831,24.75070090487929,28.4869484514829,0,1,10.50556785493597,38.75003592242194,fused,-7.0517557529074155,12.375350452439646,7.0517557529074155,-12.375350452439646,2,5,222.89859762675295,1094.2259978425027,88.14484574868321,949.8476297968398,12,12,12,0.9944371582719223,0.07832068239480001,-7.038457438351149,-0.0623440514001915,1.0091241093995396,113.3395666103379,4.844253049218305e-05,1.661209774779268e-05,1.0,1.0,0.0,379.0517557529074,0.0,1.0,53.62464954756035,0.0,0.0,1.0,142.06384735434023,136.8332066767806,1.000000,35.000000,75.6153338789,0
frame_1674.jpg,frame_1674,1674,D:\visualization2026\visualization\left_downsample2_Q45\frame_1674.jpg,D:\visualization2026\visualization\right_downsample2_Q45\frame_1674.jpg,D:\visualization2026\dowsample2_Q45\stitched_frames\frame_1674.jpg,D:\visualization2026\dowsample2_Q45_hess_matched\stitched_frames\frame_1674.jpg,1968,1285,6.249937535540003,7.827398750376773,218.747813744,137.198264465,175.9644352017648,96.51851449290461,-33.44455245124158,40.67974997190922,-10.812308567742313,8.396257624856647,13.689527335413638,0,1,52.66289155032125,39.426416795397365,raw,-5.406154283871157,4.198128812428323,5.406154283871157,-4.198128812428323,0,0,766.6950768652422,798.8260792333051,590.7306416634774,702.3075647404005,12,12,12,0.9862207651572721,0.08183979487772639,-5.802124007994845,-0.06498195716575082,1.0090361842284659,108.78254086762043,4.408359378986918e-05,1.9612276840126972e-05,1.0,1.0,0.0,373.40615428387116,0.0,1.0,64.80187118757168,0.0,0.0,1.0,142.5198827505232,137.19826446481383,1.000000,35.000000,76.2279309934,0
frame_1676.jpg,frame_1676,1676,D:\visualization2026\visualization\left_downsample2_Q45\frame_1676.jpg,D:\visualization2026\visualization\right_downsample2_Q45\frame_1676.jpg,D:\visualization2026\dowsample2_Q45\stitched_frames\frame_1676.jpg,D:\visualization2026\dowsample2_Q45_hess_matched\stitched_frames\frame_1676.jpg,1966,1284,6.329442862509307,7.854613937772095,221.530500188,137.071103824,125.38431888516205,125.78380248194742,17.474782578020907,11.287301341908034,-13.492699178395343,10.017817490910382,16.80504681337902,0,1,20.803153552578078,30.993491503570826,fused,-6.7463495891976715,5.008908745455191,6.7463495891976715,-5.008908745455191,11,7,201.93406593406593,994.9743589743589,76.54974704890388,869.1905564924115,12,12,12,0.9828035274865016,0.0831519211800052,-7.222990644250097,-0.06645900198585465,1.0080015827372777,111.53222939955482,4.255346540913263e-05,2.082689147469704e-05,1.0,1.0,0.0,372.7463495891977,0.0,1.0,63.99109125454481,0.0,0.0,1.0,142.85910146318295,137.07110382385545,1.000000,35.000000,78.6713987246,0
frame_1678.jpg,frame_1678,1678,D:\visualization2026\visualization\left_downsample2_Q45\frame_1678.jpg,D:\visualization2026\visualization\right_downsample2_Q45\frame_1678.jpg,D:\visualization2026\dowsample2_Q45\stitched_frames\frame_1678.jpg,D:\visualization2026\dowsample2_Q45_hess_matched\stitched_frames\frame_1678.jpg,1976,1288,6.389056866601106,7.89550842437677,223.616990331,137.505952446,156.53293440057467,179.0427773074391,-13.002176778404305,-41.536824861855195,-15.247905847100888,23.065957923329417,27.650263066431332,0,1,43.52429689933323,64.641804141281,fused,-7.623952923550444,11.532978961664709,7.623952923550444,-11.532978961664709,4,3,245.64632237871675,930.4047991653625,89.11338797814207,751.3620218579234,12,12,12,0.9906777863881905,0.09564248298044144,-7.529243521351059,-0.0660793769729404,1.0239228240548353,117.61034853879372,4.248008725391449e-05,3.0346125559135446e-05,1.0,1.0,0.0,383.62395292355046,0.0,1.0,75.46702103833529,0.0,0.0,1.0,143.53075762217037,137.50595244558392,1.000000,35.000000,80.0862327089,0
frame_1680.jpg,frame_1680,1680,D:\visualization2026\visualization\left_downsample2_Q45\frame_1680.jpg,D:\visualization2026\visualization\right_downsample2_Q45\frame_1680.jpg,D:\visualization2026\dowsample2_Q45\stitched_frames\frame_1680.jpg,D:\visualization2026\dowsample2_Q45_hess_matched\stitched_frames\frame_1680.jpg,1949,1289,6.377468394613995,7.9678163035757255,223.211393811,139.498326271,190.8365285695504,92.29430389954302,-45.80164471662221,47.20402237147215,-10.026474168590527,22.035384417754642,24.209261671757716,0,1,65.77241356977962,43.74154963174101,raw,-5.013237084295263,11.017692208877321,5.013237084295263,-11.017692208877321,0,0,761.5356935842677,821.7805777026306,570.6991650147173,729.4862738030876,12,12,12,0.947319011195481,0.08933500344010069,-4.9583193837231585,-0.0779178275051333,0.9949520729342043,136.2416018265577,2.8280830874096484e-05,1.963842418773406e-05,1.0,1.0,0.0,354.01323708429527,0.0,1.0,69.98230779112268,0.0,0.0,1.0,145.0348838529282,139.49832627101517,1.000000,35.000000,78.1765099586,0
frame_1682.jpg,frame_1682,1682,D:\visualization2026\visualization\left_downsample2_Q45\frame_1682.jpg,D:\visualization2026\visualization\right_downsample2_Q45\frame_1682.jpg,D:\visualization2026\dowsample2_Q45\stitched_frames\frame_1682.jpg,D:\visualization2026\dowsample2_Q45_hess_matched\stitched_frames\frame_1682.jpg,1965,1286,6.442540722784525,8.02928116491184,225.488925297,140.40841476,147.5766895776951,82.71287396675291,-1.465937867257253,57.69554079321287,-17.63206430284346,19.998236584899054,26.661191985453343,0,1,57.71416118468628,41.017440053049555,raw,-8.81603215142173,9.999118292449527,8.81603215142173,-9.999118292449527,0,0,785.6365320973802,821.8317716045482,638.059842519685,739.1188976377953,12,12,12,0.9701809663272591,0.09489901194129259,-8.513552456301177,-0.0734177930243728,1.0062543663040184,127.89610315839066,3.4997682713771926e-05,2.5518786381229328e-05,1.0,1.0,0.0,373.8160321514217,0.0,1.0,72.00088170755048,0.0,0.0,1.0,146.11075171043785,140.40841475996578,1.000000,35.000000,79.378173587,0
frame_1684.jpg,frame_1684,1684,D:\visualization2026\visualization\left_downsample2_Q45\frame_1684.jpg,D:\visualization2026\visualization\right_downsample2_Q45\frame_1684.jpg,D:\visualization2026\dowsample2_Q45\stitched_frames\frame_1684.jpg,D:\visualization2026\dowsample2_Q45_hess_matched\stitched_frames\frame_1684.jpg,1971,1309,7.117626102798294,7.912657705636178,249.116913598,130.330643923,149.24629620061762,94.80376147916411,-7.3373940586897675,35.52688244403535,-20.143367184842848,26.757335864967576,33.491943271988326,0,1,36.27666919336453,15.520885764356175,raw,-10.071683592421424,13.378667932483788,10.071683592421424,-13.378667932483788,0,0,795.0535847328811,840.021748774383,645.8072885322634,745.2179872952189,12,12,12,0.9606329455514306,0.11408412731087751,-9.989285080860997,-0.0783971818924295,1.0211627633451017,139.9011253534139,3.017479694305145e-05,2.704470700043376e-05,1.0,1.0,0.0,381.07168359242144,0.0,1.0,75.6213320675162,0.0,0.0,1.0,141.90890214192785,130.33064392319946,1.000000,35.000000,107.208011456,0
frame_1686.jpg,frame_1686,1686,D:\visualization2026\visualization\left_downsample2_Q45\frame_1686.jpg,D:\visualization2026\visualization\right_downsample2_Q45\frame_1686.jpg,D:\visualization2026\dowsample2_Q45\stitched_frames\frame_1686.jpg,D:\visualization2026\dowsample2_Q45_hess_matched\stitched_frames\frame_1686.jpg,1973,1293,8.524970234443522,7.541196701057391,298.373958206,106.000495687,151.08853070256964,104.89893350898944,-20.553168093243755,1.1015621776300861,-4.005322531452203,21.41419910561873,21.78555787479496,0,1,20.582666442915464,26.199893352935472,raw,-2.0026612657261014,10.707099552809366,2.0026612657261014,-10.707099552809366,0,0,797.283386168637,826.2370118008043,646.1948554660673,721.3380782918149,12,12,12,0.9929842727146259,0.09153873209886856,-2.2859113681082137,-0.06610397484866107,1.011029716686902,117.68775060794133,4.6532161077823234e-05,1.7420716857944718e-05,1.0,1.0,0.0,375.0026612657261,0.0,1.0,50.29290044719063,0.0,0.0,1.0,130.5353626093259,106.00049568661953,1.000000,35.000000,167.838595596,0
frame_1688.jpg,frame_1688,1688,D:\visualization2026\visualization\left_downsample2_Q45\frame_1688.jpg,D:\visualization2026\visualization\right_downsample2_Q45\frame_1688.jpg,D:\visualization2026\dowsample2_Q45\stitched_frames\frame_1688.jpg,D:\visualization2026\dowsample2_Q45_hess_matched\stitched_frames\frame_1688.jpg,1964,1285,9.521204306327299,7.248099539135243,333.242150721,87.9974816046,147.4288997949434,95.73881006616091,-25.55869118840124,-7.741328461512595,-6.429872132367796,7.789687133842001,10.100617866335881,0,1,26.705333954344855,24.639889689315087,raw,-3.214936066183898,3.8948435669210006,3.214936066183898,-3.8948435669210006,0,0,789.4342410780935,831.8607900674031,642.0053412831501,736.1219800012422,12,12,12,0.9761365888279029,0.08980706494299733,-2.7575439082546067,-0.0703883787924066,0.9990521040340753,116.72772771494613,3.9024952415745457e-05,1.6992187874683966e-05,1.0,1.0,0.0,367.2149360661839,0.0,1.0,56.105156433079,0.0,0.0,1.0,121.87020860654215,87.99748160464831,1.000000,35.000000,211.371942115,0
frame_1690.jpg,frame_1690,1690,D:\visualization2026\visualization\left_downsample2_Q45\frame_1690.jpg,D:\visualization2026\visualization\right_downsample2_Q45\frame_1690.jpg,D:\visualization2026\dowsample2_Q45\stitched_frames\frame_1690.jpg,D:\visualization2026\dowsample2_Q45_hess_matched\stitched_frames\frame_1690.jpg,1960,1287,9.249352927223136,7.297495190873537,323.727352453,92.1186618324,88.72322265259118,71.63032325763527,34.888578550331005,20.488338574727933,-6.8486380524116495,2.0812376159455397,7.157890274862245,0,1,40.459670423957995,45.615968864544186,raw,-3.4243190262058247,1.0406188079727698,3.4243190262058247,-1.0406188079727698,0,0,784.4336970238105,825.1439813283134,695.7104743712193,753.5136580706782,12,12,12,0.982331376851516,0.07385242630916043,-3.561287987408508,-0.06590891855498351,0.9897004818763139,105.98483728146547,4.6596929231548396e-05,3.7224624982469042e-06,1.0,1.0,0.0,363.4243190262058,0.0,1.0,50.95938119202723,0.0,0.0,1.0,123.61180120292218,92.1186618323632,1.000000,35.000000,200.11555125,0
frame_1692.jpg,frame_1692,1692,D:\visualization2026\visualization\left_downsample2_Q45\frame_1692.jpg,D:\visualization2026\visualization\right_downsample2_Q45\frame_1692.jpg,D:\visualization2026\dowsample2_Q45\stitched_frames\frame_1692.jpg,D:\visualization2026\dowsample2_Q45_hess_matched\stitched_frames\frame_1692.jpg,1968,1291,8.261939057301895,7.496771283653677,289.167867006,107.601532458,143.93082182572903,118.02855152392544,-13.588685871835224,-10.427019065670763,-4.415178857575296,1.8039265819571906,4.769481675976086,0,1,17.12819635336061,15.288860728514251,raw,-2.207589428787648,0.9019632909785953,2.207589428787648,-0.9019632909785953,0,0,793.5724996481297,848.1626115736482,649.6416778224007,730.1340600497227,12,12,12,0.9795920748917583,0.09771375600599448,-2.1097948794814756,-0.07253502838494683,1.0099886621661982,116.7819472871236,3.856582608856208e-05,2.378449394506908e-05,1.0,1.0,0.0,370.2075894287876,0.0,1.0,64.0980367090214,0.0,0.0,1.0,130.3421359538938,107.60153245825468,1.000000,35.000000,158.825731052,0
frame_1694.jpg,frame_1694,1694,D:\visualization2026\visualization\left_downsample2_Q45\frame_1694.jpg,D:\visualization2026\visualization\right_downsample2_Q45\frame_1694.jpg,D:\visualization2026\dowsample2_Q45\stitched_frames\frame_1694.jpg,D:\visualization2026\dowsample2_Q45_hess_matched\stitched_frames\frame_1694.jpg,1962,1293,7.416671120475797,7.6548035008286845,259.583489217,120.530584746,145.2790576675128,113.5459498911273,-9.431223658909033,6.984634854553036,-1.9934929619431443,3.8488842970429316,4.3345039533192855,0,1,11.735974768028543,8.071726548856434,raw,-0.9967464809715721,1.9244421485214658,0.9967464809715721,-1.9244421485214658,0,0,788.241038056131,849.6603696709504,642.9619803886181,736.1144197798232,12,12,12,0.9711701198802505,0.09650311628430672,-1.3839761604355005,-0.07565681428216607,1.005685623704182,122.57316973534499,3.602163137881825e-05,2.205346254477099e-05,1.0,1.0,0.0,362.9967464809716,0.0,1.0,64.07555785147854,0.0,0.0,1.0,135.84783400860377,120.53058474568033,1.000000,35.000000,123.735655208,0
frame_1696.jpg,frame_1696,1696,D:\visualization2026\visualization\left_downsample2_Q45\frame_1696.jpg,D:\visualization2026\visualization\right_downsample2_Q45\frame_1696.jpg,D:\visualization2026\dowsample2_Q45\stitched_frames\frame_1696.jpg,D:\visualization2026\dowsample2_Q45_hess_matched\stitched_frames\frame_1696.jpg,1959,1291,7.273478469059501,7.64420412825932,254.571746417,121.753747736,144.4052267341849,122.03874072817928,-8.385872119061986,-0.28499299231165764,-11.394199857261976,0.0007935173298504461,11.394199884893128,0,1,8.390713450173823,3.0218718883361975,raw,-5.697099928630988,0.00039675866492522305,5.697099928630988,-0.00039675866492522305,0,0,785.4580242125143,856.24799640552,641.0527974783294,734.2092556773407,12,12,12,0.9700364914518945,0.08993138275363967,-5.993914663665831,-0.07395394492838639,0.9991713949230258,118.35666933597459,3.7154398980587165e-05,1.7065960737508087e-05,1.0,1.0,0.0,364.69709992863096,0.0,1.0,62.99960324133507,0.0,0.0,1.0,136.01935461512292,121.75374773586762,1.000000,35.000000,118.552391802,0
frame_1698.jpg,frame_1698,1698,D:\visualization2026\visualization\left_downsample2_Q45\frame_1698.jpg,D:\visualization2026\visualization\right_downsample2_Q45\frame_1698.jpg,D:\visualization2026\dowsample2_Q45\stitched_frames\frame_1698.jpg,D:\visualization2026\dowsample2_Q45_hess_matched\stitched_frames\frame_1698.jpg,1963,1293,7.305219629498762,7.54381603336795,255.682687032,118.823963928,147.33902634196727,116.34050381379132,-13.450261710240483,2.4834601139161094,-11.552068074819852,3.594527100781306,12.098384267476517,0,1,13.677613615370682,2.1994565071519547,raw,-5.776034037409926,1.797263550390653,5.776034037409926,-1.797263550390653,0,0,790.646161551993,863.2183928496248,643.3071352100258,746.8778890358335,12,12,12,0.9666599059084067,0.10288336243867374,-5.45642771282557,-0.07648057683614992,1.0092662490371955,124.58765905066689,3.294507059339784e-05,2.6261180945074965e-05,1.0,1.0,0.0,368.77603403740994,0.0,1.0,68.20273644960935,0.0,0.0,1.0,133.8887646317268,118.82396392770742,1.000000,35.000000,121.793922401,0
frame_1700.jpg,frame_1700,1700,D:\visualization2026\visualization\left_downsample2_Q45\frame_1700.jpg,D:\visualization2026\visualization\right_downsample2_Q45\frame_1700.jpg,D:\visualization2026\dowsample2_Q45\stitched_frames\frame_1700.jpg,D:\visualization2026\dowsample2_Q45_hess_matched\stitched_frames\frame_1700.jpg,1964,1293,7.313451178220706,7.466874212617602,255.970791238,116.746778207,144.41429198355206,115.49889353110257,-12.11495592626315,1.2478846761625277,-12.084462455615217,4.854605984021515,13.023111460064804,0,1,12.17905469485624,3.606850210961944,raw,-6.0422312278076085,2.4273029920107576,6.0422312278076085,-2.4273029920107576,0,0,789.8533702663804,861.7819743391833,645.4390782828283,746.2830808080807,12,12,12,0.9780094516085583,0.09066446002434622,-6.071924942457461,-0.07176780399649554,1.0047393082397513,117.31416833517842,4.04907111321069e-05,1.7589971326053176e-05,1.0,1.0,0.0,370.04223122780763,0.0,1.0,60.57269700798924,0.0,0.0,1.0,132.2993360572889,116.7467782072651,1.000000,35.000000,123.67145518,0
frame_1702.jpg,frame_1702,1702,D:\visualization2026\visualization\left_downsample2_Q45\frame_1702.jpg,D:\visualization2026\visualization\right_downsample2_Q45\frame_1702.jpg,D:\visualization2026\dowsample2_Q45\stitched_frames\frame_1702.jpg,D:\visualization2026\dowsample2_Q45_hess_matched\stitched_frames\frame_1702.jpg,1965,1293,7.147166684506388,7.528470411856544,250.150833958,120.079706573,148.38184488594027,112.53805772109683,-14.378026959624606,7.541648851586515,-13.331256975723257,10.779065118540679,17.143822717892014,0,1,16.235890078844715,3.4024390493785823,raw,-6.665628487861628,5.389532559270339,6.665628487861628,-5.389532559270339,0,0,790.4446399756475,865.4917351946042,642.0627950897073,752.9536774735074,12,12,12,0.9808421332143541,0.08890185314299952,-7.145013792674892,-0.07021673218383194,1.004235757091808,118.24751187676574,4.202933055272275e-05,1.5910460108970464e-05,1.0,1.0,0.0,371.6656284878616,0.0,1.0,56.610467440729664,0.0,0.0,1.0,134.00381792631566,120.07970657268335,1.000000,35.000000,116.147016031,0
frame_1704.jpg,frame_1704,1704,D:\visualization2026\visualization\left_downsample2_Q45\frame_1704.jpg,D:\visualization2026\visualization\right_downsample2_Q45\frame_1704.jpg,D:\visualization2026\dowsample2_Q45\stitched_frames\frame_1704.jpg,D:\visualization2026\dowsample2_Q45_hess_matched\stitched_frames\frame_1704.jpg,1967,1293,6.820021202614914,7.731296002648717,238.700742092,128.749597107,151.1132799748051,115.4645678358363,-12.093195562885853,13.28502927075408,-12.545227526570235,11.544500697917895,17.048701711791498,0,1,17.9648930318829,1.7982693371827054,raw,-6.2726137632851175,5.772250348958948,6.2726137632851175,-5.772250348958948,0,0,794.8867895195921,875.5485032249699,643.773509544787,760.0839353891336,12,12,12,0.9816625858740522,0.09310855043875514,-6.692008560178361,-0.07094609184099357,1.0081076403757252,119.0802601536972,4.1341621489092275e-05,1.9285519336311026e-05,1.0,1.0,0.0,373.2726137632851,0.0,1.0,57.22774965104105,0.0,0.0,1.0,139.02008441191924,128.7495971065904,1.000000,35.000000,99.6806576796,0
frame_1706.jpg,frame_1706,1706,D:\visualization2026\visualization\left_downsample2_Q45\frame_1706.jpg,D:\visualization2026\visualization\right_downsample2_Q45\frame_1706.jpg,D:\visualization2026\dowsample2_Q45\stitched_frames\frame_1706.jpg,D:\visualization2026\dowsample2_Q45_hess_matched\stitched_frames\frame_1706.jpg,1963,1291,6.533409609895234,7.9085881040600015,228.669336346,136.334843139,158.0264622126582,106.99754045905524,-14.619844719602185,29.337302680284154,-16.042793014371092,15.898457176977072,22.586105204530675,0,1,32.778303619618384,13.51396871060987,raw,-8.021396507185546,7.949228588488536,8.021396507185546,-7.949228588488536,0,0,801.9863393363495,868.5213947628606,643.9598771236913,761.5238543038054,12,12,12,0.977968804760325,0.08628826315685639,-7.8247121156919555,-0.0702618123906967,0.9992740474872768,120.91952625837324,4.1577617576418694e-05,1.3701128880399349e-05,1.0,1.0,0.0,371.02139650718556,0.0,1.0,52.05077141151146,0.0,0.0,1.0,143.40661749305602,136.3348431393394,1.000000,35.000000,85.2627188533,0
frame_1708.jpg,frame_1708,1708,D:\visualization2026\visualization\left_downsample2_Q45\frame_1708.jpg,D:\visualization2026\visualization\right_downsample2_Q45\frame_1708.jpg,D:\visualization2026\dowsample2_Q45\stitched_frames\frame_1708.jpg,D:\visualization2026\dowsample2_Q45_hess_matched\stitched_frames\frame_1708.jpg,1970,1293,6.627775513592489,7.87239602523152,231.972142976,134.411420651,151.934260212839,128.1007826405538,-9.52011446447537,6.310638010802194,-22.231053385879203,16.45301524980415,27.65721326265716,0,1,11.42176569187508,16.26148161521217,fused,-11.115526692939602,8.226507624902075,11.115526692939602,-8.226507624902075,10,2,254.83333333333334,1085.1680672268908,102.89907312049434,957.067284586337,12,12,12,0.9808418241641261,0.1010515013086318,-11.40346019901242,-0.07164724381090296,1.014234218313645,123.46235135867786,3.9164226511568996e-05,2.5338223552962814e-05,1.0,1.0,0.0,381.1155266929396,0.0,1.0,58.77349237509792,0.0,0.0,1.0,142.41414574836364,134.411420651356,1.000000,35.000000,89.5579972274,0
frame_1710.jpg,frame_1710,1710,D:\visualization2026\visualization\left_downsample2_Q45\frame_1710.jpg,D:\visualization2026\visualization\right_downsample2_Q45\frame_1710.jpg,D:\visualization2026\dowsample2_Q45\stitched_frames\frame_1710.jpg,D:\visualization2026\dowsample2_Q45_hess_matched\stitched_frames\frame_1710.jpg,1963,1292,7.4996017515417535,7.556091821213478,262.486061304,117.10886338,163.21567898683304,94.09119630869975,-29.60278336526744,23.01766707145842,-19.691575603158018,11.332588429090643,22.7197207341562,0,1,37.49850370859424,15.322307338714284,raw,-9.845787801579009,5.666294214545322,9.845787801579009,-5.666294214545322,0,0,813.5119164007175,851.4526165524729,650.2962374138845,757.3614202437732,12,12,12,0.9765425852771694,0.08895072539302273,-10.098469988031328,-0.07147745473223567,1.0016578146562052,120.44589181005199,4.020481606549518e-05,1.5942799292256223e-05,1.0,1.0,0.0,372.84578780157904,0.0,1.0,56.333705785454676,0.0,0.0,1.0,133.6128956215656,117.10886338015817,1.000000,35.000000,128.873165682,0
frame_1712.jpg,frame_1712,1712,D:\visualization2026\visualization\left_downsample2_Q45\frame_1712.jpg,D:\visualization2026\visualization\right_downsample2_Q45\frame_1712.jpg,D:\visualization2026\dowsample2_Q45\stitched_frames\frame_1712.jpg,D:\visualization2026\dowsample2_Q45_hess_matched\stitched_frames\frame_1712.jpg,1967,1293,8.360110410493057,7.235523064519407,292.603864367,99.8143027645,170.07473337276247,89.4998635487758,-45.31932881716516,10.31443921572189,-23.3876967806416,8.93012383478036,25.034605497345982,0,1,46.47826611194912,21.975277310181507,raw,-11.6938483903208,4.46506191739018,11.6938483903208,-4.46506191739018,0,0,817.6662593575356,856.944666594125,647.5915259847732,767.4448030453492,12,12,12,0.9831452732067592,0.0904785248055532,-12.128815049697897,-0.06991404933217221,1.0070196095440647,116.28747302541385,4.266932487231513e-05,1.7455021474319794e-05,1.0,1.0,0.0,378.6938483903208,0.0,1.0,57.53493808260982,0.0,0.0,1.0,124.75540455559731,99.8143027644977,1.000000,35.000000,167.848459812,0
frame_1714.jpg,frame_1714,1714,D:\visualization2026\visualization\left_downsample2_Q45\frame_1714.jpg,D:\visualization2026\visualization\right_downsample2_Q45\frame_1714.jpg,D:\visualization2026\dowsample2_Q45\stitched_frames\frame_1714.jpg,D:\visualization2026\dowsample2_Q45_hess_matched\stitched_frames\frame_1714.jpg,1964,1293,8.339714673499984,7.208123432758526,291.890013572,99.3185448749,123.64831394339295,111.63564970770392,0.6041933507200667,-12.317104832813442,-27.451395024953033,15.328029364796752,31.440858337903048,0,1,12.331914736470189,39.38742799306753,fused,-13.725697512476517,7.664014682398376,13.725697512476517,-7.664014682398376,3,4,239.21641025641026,932.4061538461539,115.5680963130173,820.77050413845,12,12,12,0.9757701848409227,0.09242134509823267,-13.505246040236203,-0.07220877307565106,1.005350026246915,123.6646037656005,3.93469744989163e-05,1.882885454830191e-05,1.0,1.0,0.0,377.72569751247653,0.0,1.0,56.335985317601626,0.0,0.0,1.0,124.25250729411302,99.31854487489048,1.000000,35.000000,167.637506278,0
frame_1716.jpg,frame_1716,1716,D:\visualization2026\visualization\left_downsample2_Q45\frame_1716.jpg,D:\visualization2026\visualization\right_downsample2_Q45\frame_1716.jpg,D:\visualization2026\dowsample2_Q45\stitched_frames\frame_1716.jpg,D:\visualization2026\dowsample2_Q45_hess_matched\stitched_frames\frame_1716.jpg,1967,1294,7.401157273939383,7.4378884846226985,259.040504588,115.079487661,164.57211272726863,97.75450795201937,-33.10045060702009,17.32497970873274,-27.1062546573067,19.87836853321693,33.613964019275535,0,1,37.36033661914435,6.515380232385619,raw,-13.55312732865335,9.939184266608464,13.55312732865335,-9.939184266608464,0,0,819.3648397842776,876.8488901078003,654.792727057009,779.094382155781,12,12,12,0.9752389329313144,0.10041336270239606,-13.832315032428514,-0.07328730020922863,1.0115877304456993,128.06289811057096,3.7305504366951134e-05,2.411530579371145e-05,1.0,1.0,0.0,380.5531273286534,0.0,1.0,58.060815733391536,0.0,0.0,1.0,131.47166212024854,115.07948766075211,1.000000,35.000000,127.568842468,0
frame_1718.jpg,frame_1718,1718,D:\visualization2026\visualization\left_downsample2_Q45\frame_1718.jpg,D:\visualization2026\visualization\right_downsample2_Q45\frame_1718.jpg,D:\visualization2026\dowsample2_Q45\stitched_frames\frame_1718.jpg,D:\visualization2026\dowsample2_Q45_hess_matched\stitched_frames\frame_1718.jpg,1966,1292,6.403910130293092,7.710166500913001,224.13685456,132.554337425,169.55411643387686,94.25417176424605,-29.838605686032537,38.30016566088415,-15.738879302128044,19.076965547087344,24.731415975873926,0,1,48.55146834996551,23.839750559014867,raw,-7.869439651064022,9.538482773543672,7.869439651064022,-9.538482773543672,0,0,818.4868279595264,870.020494215945,648.9327115256496,775.7663224516989,12,12,12,0.9758566178335655,0.09866488122320441,-8.333144084420121,-0.07298779934296024,1.0100262015884645,126.3626752509661,3.7475197713461606e-05,2.3799221120897597e-05,1.0,1.0,0.0,373.869439651064,0.0,1.0,56.46151722645633,0.0,0.0,1.0,139.71551074784432,132.5543374251302,1.000000,35.000000,84.4213438124,0
frame_1720.jpg,frame_1720,1720,D:\visualization2026\visualization\left_downsample2_Q45\frame_1720.jpg,D:\visualization2026\visualization\right_downsample2_Q45\frame_1720.jpg,D:\visualization2026\dowsample2_Q45\stitched_frames\frame_1720.jpg,D:\visualization2026\dowsample2_Q45_hess_matched\stitched_frames\frame_1720.jpg,1967,1292,6.147234462515858,7.857188147906932,215.153206188,139.043185052,171.28158194722948,93.27382213797853,-27.877081527035784,45.76936291355929,-21.616662370371305,28.29708102012504,35.60905623986892,0,1,53.5907291980441,18.559996836765954,raw,-10.808331185185653,14.14854051006252,10.808331185185653,-14.14854051006252,0,0,817.7196508993891,861.1562064106881,646.4380689521596,767.8823842727096,12,12,12,0.9832860173637579,0.08835882410988492,-10.74690213326882,-0.06903862389414228,1.0039877444059693,125.15910396022197,4.336410597813963e-05,1.529196999798758e-05,1.0,1.0,0.0,377.80833118518564,0.0,1.0,45.85145948993748,0.0,0.0,1.0,143.4045004201937,139.04318505153782,1.000000,35.000000,71.7487057679,0
frame_1722.jpg,frame_1722,1722,D:\visualization2026\visualization\left_downsample2_Q45\frame_1722.jpg,D:\visualization2026\visualization\right_downsample2_Q45\frame_1722.jpg,D:\visualization2026\dowsample2_Q45\stitched_frames\frame_1722.jpg,D:\visualization2026\dowsample2_Q45_hess_matched\stitched_frames\frame_1722.jpg,1956,1288,6.161081349999115,7.896151788921257,215.63784725,139.90668217,132.6431045145331,133.59925788497196,11.51754795872813,6.307424285073978,-19.719734904046668,29.63816351760342,35.59899831992573,0,1,13.131546447145649,38.98834741028777,fused,-9.859867452023334,14.81908175880171,9.859867452023334,-14.81908175880171,9,4,235.76623376623377,1060.0346320346318,103.12312925170068,926.4353741496599,12,12,12,0.9616805248386187,0.09409195563340009,-10.273141066995006,-0.07639134089398487,0.9987387013417899,137.19663089369752,3.2263773178324736e-05,2.1008820409897084e-05,1.0,1.0,0.0,365.8598674520233,0.0,1.0,50.18091824119829,0.0,0.0,1.0,144.16065247326122,139.90668217004594,1.000000,35.000000,71.4771947767,0
frame_1724.jpg,frame_1724,1724,D:\visualization2026\visualization\left_downsample2_Q45\frame_1724.jpg,D:\visualization2026\visualization\right_downsample2_Q45\frame_1724.jpg,D:\visualization2026\dowsample2_Q45\stitched_frames\frame_1724.jpg,D:\visualization2026\dowsample2_Q45_hess_matched\stitched_frames\frame_1724.jpg,1959,1292,6.159793849305551,7.8337163011494795,215.592784726,138.304438457,171.67716611318815,104.52096592425244,-28.78472199049625,33.78347253237504,-19.031843980686688,27.643761380669662,33.56171373122361,0,1,44.383366663829115,11.52452526139807,raw,-9.515921990343344,13.821880690334831,9.515921990343344,-13.821880690334831,0,0,807.3552538083213,856.0840398452808,635.6780876951332,751.5630739210284,12,12,12,0.9694966454671698,0.08917888304193014,-9.674739464802116,-0.07278569286955011,0.9987544624685278,131.33803549843321,3.750800850152213e-05,1.5642920650023804e-05,1.0,1.0,0.0,368.5159219903434,0.0,1.0,49.17811930966517,0.0,0.0,1.0,142.8924441226919,138.30443845662748,1.000000,35.000000,72.700340603,0
frame_1726.jpg,frame_1726,1726,D:\visualization2026\visualization\left_downsample2_Q45\frame_1726.jpg,D:\visualization2026\visualization\right_downsample2_Q45\frame_1726.jpg,D:\visualization2026\dowsample2_Q45\stitched_frames\frame_1726.jpg,D:\visualization2026\dowsample2_Q45_hess_matched\stitched_frames\frame_1726.jpg,1953,1287,6.109425829049222,7.779465947994833,213.829904017,137.427275257,165.5395526027164,113.39688306064102,-23.615813275396903,24.03039219612461,-18.906384136703505,25.647000816833092,31.862517352262536,0,1,33.69223034703964,4.97917124077124,raw,-9.453192068351752,12.823500408416546,9.453192068351752,-12.823500408416546,0,0,799.7771735312183,851.8131633285442,634.2376209285019,738.4162802679032,12,12,12,0.9586510079007353,0.08629560266983335,-9.664700531075182,-0.07564834241800676,0.9870771135650179,134.36264349612435,3.340925745061842e-05,1.1951889514337838e-05,1.0,1.0,0.0,362.45319206835177,0.0,1.0,34.17649959158345,0.0,0.0,1.0,141.9237393273195,137.42727525676563,1.000000,35.000000,71.9061646894,0
frame_1728.jpg,frame_1728,1728,D:\visualization2026\visualization\left_downsample2_Q45\frame_1728.jpg,D:\visualization2026\visualization\right_downsample2_Q45\frame_1728.jpg,D:\visualization2026\dowsample2_Q45\stitched_frames\frame_1728.jpg,D:\visualization2026\dowsample2_Q45_hess_matched\stitched_frames\frame_1728.jpg,1956,1291,6.010646569478329,7.759493357878965,210.372629932,137.943419514,168.18333544169116,109.61526453809313,-26.39915106923263,28.328154976215387,-26.45749285341767,31.360750054353673,41.030422518666455,0,1,38.72208080065744,3.033156222770342,raw,-13.228746426708835,15.680375027176837,13.228746426708835,-15.680375027176837,0,0,803.6668734685608,856.0485805733812,635.4835380268696,746.433316035288,12,12,12,0.9628366243060951,0.08791268531418026,-13.049631269176484,-0.07517146268292778,0.9912973638356982,137.27858448313373,3.551587451386649e-05,1.2651846571650878e-05,1.0,1.0,0.0,369.2287464267088,0.0,1.0,32.31962497282316,0.0,0.0,1.0,141.78418437245853,137.94341951430852,1.000000,35.000000,68.5884455593,0
frame_1730.jpg,frame_1730,1730,D:\visualization2026\visualization\left_downsample2_Q45\frame_1730.jpg,D:\visualization2026\visualization\right_downsample2_Q45\frame_1730.jpg,D:\visualization2026\dowsample2_Q45\stitched_frames\frame_1730.jpg,D:\visualization2026\dowsample2_Q45_hess_matched\stitched_frames\frame_1730.jpg,1963,1293,5.906422414121106,7.753586664621233,206.724784494,138.880502217,169.19563842961895,103.09494212240816,-27.249782307119858,35.78556009437645,-25.301792386791394,25.190614014891707,35.7036095154475,0,1,44.979516972213595,10.772536709470543,raw,-12.650896193395697,12.595307007445854,12.650896193395697,-12.595307007445854,0,0,810.6687823148917,860.7595978878735,641.4731438852727,757.6646557654653,12,12,12,0.9702727977130945,0.09415366896515538,-12.869724154110104,-0.07452131115165164,1.0010121043826392,132.8286817710977,3.620650991442457e-05,1.8420360522746375e-05,1.0,1.0,0.0,375.6508961933957,0.0,1.0,38.404692992554146,0.0,0.0,1.0,141.9458561224991,138.8805022167846,1.000000,35.000000,64.7789283717,0
frame_1732.jpg,frame_1732,1732,D:\visualization2026\visualization\left_downsample2_Q45\frame_1732.jpg,D:\visualization2026\visualization\right_downsample2_Q45\frame_1732.jpg,D:\visualization2026\dowsample2_Q45\stitched_frames\frame_1732.jpg,D:\visualization2026\dowsample2_Q45_hess_matched\stitched_frames\frame_1732.jpg,1951,1292,5.838031056289285,7.7417637420886525,204.33108697,139.289758831,168.12807509814422,104.41358835841095,-26.237995624842682,34.876170472676876,-18.090816719124174,15.432405297325158,23.778914668795384,0,1,43.64378170196164,21.08166331948228,raw,-9.045408359562087,7.716202648662579,9.045408359562087,-7.716202648662579,0,0,801.4586901711641,863.1408562402999,633.3306150730199,758.7272678818889,12,12,12,0.9513138944204899,0.09495506431098848,-9.499078056842391,-0.07956128053927161,0.992860905098018,135.60910610216757,2.935762200800112e-05,1.7732318232517306e-05,1.0,1.0,0.0,360.0454083595621,0.0,1.0,45.28379735133742,0.0,0.0,1.0,141.89007947330154,139.28975883108782,1.000000,35.000000,62.4410074968,0
frame_1734.jpg,frame_1734,1734,D:\visualization2026\visualization\left_downsample2_Q45\frame_1734.jpg,D:\visualization2026\visualization\right_downsample2_Q45\frame_1734.jpg,D:\visualization2026\dowsample2_Q45\stitched_frames\frame_1734.jpg,D:\visualization2026\dowsample2_Q45_hess_matched\stitched_frames\frame_1734.jpg,1961,1295,5.780094191039744,7.717100852801423,202.303296686,139.25741322,164.5507121028657,136.32462088450666,-23.00621965736488,2.9327923350652156,-3.884455429809888,8.636393444905805,9.46975637075165,0,1,23.192399914703515,19.954271041418085,fused,-1.942227714904944,4.318196722452902,1.942227714904944,-4.318196722452902,8,2,260.22628726287263,724.4761517615176,95.67557516000691,588.1515308770109,12,12,12,0.9690148969141491,0.09174102097271346,-1.680344588217948,-0.07541794667751534,0.9983591301225753,125.25881747507468,3.693331470866264e-05,1.5627823140445387e-05,1.0,1.0,0.0,362.94222771490496,0.0,1.0,45.6818032775471,0.0,0.0,1.0,141.54449244550082,139.25741321957187,1.000000,35.000000,60.7588042409,0
frame_1736.jpg,frame_1736,1736,D:\visualization2026\visualization\left_downsample2_Q45\frame_1736.jpg,D:\visualization2026\visualization\right_downsample2_Q45\frame_1736.jpg,D:\visualization2026\dowsample2_Q45\stitched_frames\frame_1736.jpg,D:\visualization2026\dowsample2_Q45_hess_matched\stitched_frames\frame_1736.jpg,1968,1296,5.720181327965683,7.692414532415686,200.206346479,139.245125486,128.764709195985,164.00577687800273,12.439065062939193,-24.760651391708137,0.34427476086302455,5.124275626005045,5.13582766477193,0,1,27.709568689926094,32.23961561968814,fused,0.17213738043151228,2.5621378130025225,-0.17213738043151228,-2.5621378130025225,2,3,257.49119097956304,985.0133897110641,128.72648178357804,821.0076128330613,12,12,12,0.9710201867774819,0.11056449113371321,-0.21705991181149908,-0.07667967776536008,1.0166256147018964,125.02096509212033,3.413005908289147e-05,2.9526761510399618e-05,1.0,1.0,0.0,367.82786261956846,0.0,1.0,55.43786218699748,0.0,0.0,1.0,141.2037742589242,139.2451254862946,1.000000,35.000000,59.0025722199,0
frame_1738.jpg,frame_1738,1738,D:\visualization2026\visualization\left_downsample2_Q45\frame_1738.jpg,D:\visualization2026\visualization\right_downsample2_Q45\frame_1738.jpg,D:\visualization2026\dowsample2_Q45\stitched_frames\frame_1738.jpg,D:\visualization2026\dowsample2_Q45_hess_matched\stitched_frames\frame_1738.jpg,1963,1295,5.667271089851226,7.682094739015525,198.354488145,139.531384507,96.50407373145576,145.18328879295575,44.63265537733879,-5.651904285881386,14.887083579655068,-8.100029560660431,16.948030457584398,0,1,44.989086988836014,29.84614479178457,fused,7.443541789827534,-4.050014780330216,-7.443541789827534,4.050014780330216,2,11,218.9210950080515,1059.8627214170692,122.41702127659575,914.6794326241135,12,12,12,0.9741853103864639,0.08928173659648389,7.917556088090023,-0.07337799760612383,0.9985248443251562,112.90083613979672,3.986583101840904e-05,1.309361667167639e-05,1.0,1.0,0.0,355.5564582101725,0.0,1.0,52.050014780330216,0.0,0.0,1.0,141.13672910879455,139.53138450707436,1.000000,35.000000,57.217759036,0
frame_1740.jpg,frame_1740,1740,D:\visualization2026\visualization\left_downsample2_Q45\frame_1740.jpg,D:\visualization2026\visualization\right_downsample2_Q45\frame_1740.jpg,D:\visualization2026\dowsample2_Q45\stitched_frames\frame_1740.jpg,D:\visualization2026\dowsample2_Q45_hess_matched\stitched_frames\frame_1740.jpg,1964,1293,5.672151787587861,7.694038140202558,198.525312566,139.789415823,147.47291995394258,121.56444482351765,-6.106131353755302,18.224970999872653,25.58347049415451,-10.277542828515568,27.5706700882885,0,1,19.220676576424484,42.621874194086196,fused,12.791735247077256,-5.138771414257784,-12.791735247077256,5.138771414257784,10,6,284.2531806615776,764.2646310432569,136.780260707635,642.7001862197393,12,12,12,0.9727436936496127,0.09411412214117676,13.046519968557831,-0.07495519842015855,1.0010941669733822,114.11410255601686,3.7182042937571586e-05,1.7857824367405128e-05,1.0,1.0,0.0,351.20826475292273,0.0,1.0,55.13877141425778,0.0,0.0,1.0,141.36678860018728,139.7894158233903,1.000000,35.000000,57.1585239654,0
frame_1742.jpg,frame_1742,1742,D:\visualization2026\visualization\left_downsample2_Q45\frame_1742.jpg,D:\visualization2026\visualization\right_downsample2_Q45\frame_1742.jpg,D:\visualization2026\dowsample2_Q45\stitched_frames\frame_1742.jpg,D:\visualization2026\dowsample2_Q45_hess_matched\stitched_frames\frame_1742.jpg,1963,1293,5.7057110333963585,7.715963825992754,199.699886169,140.005859795,95.24652951718696,171.25121525587565,46.47604846911753,-31.2453554606505,29.92424490949229,-10.778990137880005,31.80639969873657,0,1,56.00263671619546,26.321745964155287,fused,14.962122454746146,-5.389495068940002,-14.962122454746146,5.389495068940002,8,7,299.4306496112365,768.9513418610484,204.18412009404955,597.7001266051727,12,12,12,0.9697175013179711,0.09637162115903374,15.133079867118079,-0.07605756731131762,1.0019968126705783,115.97939008712483,3.526666390661394e-05,1.9761399229252694e-05,1.0,1.0,0.0,348.0378775452539,0.0,1.0,57.38949506894,0.0,0.0,1.0,141.7225779863045,140.00585979522515,1.000000,35.000000,57.9773081826,0
frame_1744.jpg,frame_1744,1744,D:\visualization2026\visualization\left_downsample2_Q45\frame_1744.jpg,D:\visualization2026\visualization\right_downsample2_Q45\frame_1744.jpg,D:\visualization2026\dowsample2_Q45\stitched_frames\frame_1744.jpg,D:\visualization2026\dowsample2_Q45_hess_matched\stitched_frames\frame_1744.jpg,1969,1294,5.700672908765743,7.73190954230814,199.523551807,140.471190422,111.58527758527757,148.42596442596437,30.47571491513233,-7.9547740042104635,14.559129993195292,-5.958614816002598,15.731285919601245,0,1,31.496787598840644,16.041269497203153,fused,7.279564996597646,-2.979307408001299,-7.279564996597646,2.979307408001299,3,4,192.7321937321937,1028.8632478632478,81.14691614691614,880.4372834372834,12,12,12,0.9869947729837042,0.08670097267129231,6.939389103415596,-0.06905890968225076,1.000279268434405,107.3110628661209,4.580220397502637e-05,1.0792171958989438e-05,1.0,1.0,0.0,361.7204350034024,0.0,1.0,46.9793074080013,0.0,0.0,1.0,142.0609925004099,140.4711904217539,1.000000,35.000000,57.4625593064,0
frame_1746.jpg,frame_1746,1746,D:\visualization2026\visualization\left_downsample2_Q45\frame_1746.jpg,D:\visualization2026\visualization\right_downsample2_Q45\frame_1746.jpg,D:\visualization2026\dowsample2_Q45\stitched_frames\frame_1746.jpg,D:\visualization2026\dowsample2_Q45_hess_matched\stitched_frames\frame_1746.jpg,1966,1292,5.590727510861942,7.730192946103857,195.67546288,141.576535179,108.18055028575102,168.84442311723558,34.14293713962809,-27.267887938530322,14.576113231785463,-12.020677313047974,18.89337873463234,0,1,43.695284289598604,24.806007935545452,fused,7.288056615892732,-6.010338656523987,-7.288056615892732,6.010338656523987,10,4,211.33975731620268,1004.9750178443968,103.15920703045165,836.1305947271612,12,12,12,0.9741226560843342,0.09680702103091796,7.416822479653479,-0.07434211443179038,1.004335066217635,112.19715339378524,3.703260649384743e-05,2.014198847142388e-05,1.0,1.0,0.0,358.71194338410726,0.0,1.0,57.010338656523984,0.0,0.0,1.0,142.3234874253791,141.57653517870526,1.000000,35.000000,53.3519754548,0
frame_1748.jpg,frame_1748,1748,D:\visualization2026\visualization\left_downsample2_Q45\frame_1748.jpg,D:\visualization2026\visualization\right_downsample2_Q45\frame_1748.jpg,D:\visualization2026\dowsample2_Q45\stitched_frames\frame_1748.jpg,D:\visualization2026\dowsample2_Q45_hess_matched\stitched_frames\frame_1748.jpg,1963,1293,5.444110277465235,7.717693719827491,190.543859711,142.786346651,174.65849609409466,124.3363743274922,-32.19291920414619,18.449972323505648,-2.76663377200199,-5.6379474192081345,6.280184195558091,0,1,37.10506064707089,38.028070577738255,fused,-1.383316886000995,-2.8189737096040672,1.383316886000995,2.8189737096040672,4,2,283.85538933640197,1080.0226313770618,109.19689324230731,955.6862570495696,12,12,12,0.9811038049671517,0.07969621839678494,-1.6516702994571633,-0.06895703113355786,0.9934622240695796,106.7863229362667,4.4963703251886625e-05,5.935682426272609e-06,1.0,1.0,0.0,364.383316886001,0.0,1.0,44.818973709604066,0.0,0.0,1.0,142.46557688994847,142.78634665099784,1.000000,35.000000,48.0782828213,0
frame_1750.jpg,frame_1750,1750,D:\visualization2026\visualization\left_downsample2_Q45\frame_1750.jpg,D:\visualization2026\visualization\right_downsample2_Q45\frame_1750.jpg,D:\visualization2026\dowsample2_Q45\stitched_frames\frame_1750.jpg,D:\visualization2026\dowsample2_Q45_hess_matched\stitched_frames\frame_1750.jpg,1967,1295,5.375317062920924,7.7051194430692895,188.136097202,143.180362156,148.41679897886115,155.26570364143902,-6.021215160804445,-12.085341485354235,-23.75260834279547,-1.3626067178757149,23.791660306793155,0,1,13.50224095586823,20.721470629954105,fused,-11.876304171397734,-0.6813033589378574,11.876304171397734,0.6813033589378574,5,4,290.87596899224803,1037.8217054263564,142.45917001338688,882.5560017849174,12,12,12,0.9814716975689494,0.08849419253005392,-11.83893765773,-0.07029000329947052,1.0027966491176985,111.35224175188912,4.326417723029544e-05,1.290807765413927e-05,1.0,1.0,0.0,378.87630417139775,0.0,1.0,47.68130335893786,0.0,0.0,1.0,142.3955838180567,143.18036215608478,1.000000,35.000000,45.7405133842,0
frame_1752.jpg,frame_1752,1752,D:\visualization2026\visualization\left_downsample2_Q45\frame_1752.jpg,D:\visualization2026\visualization\right_downsample2_Q45\frame_1752.jpg,D:\visualization2026\dowsample2_Q45\stitched_frames\frame_1752.jpg,D:\visualization2026\dowsample2_Q45_hess_matched\stitched_frames\frame_1752.jpg,1963,1293,5.404769464812851,7.5500466084176345,189.166931268,138.859379555,107.5708109546785,125.72414483397142,31.586551386948713,13.135234720838127,-45.952828230121284,6.164592374653708,46.36447585698204,1,1,34.20883832713211,77.85207284407083,fused,-22.976414115060642,3.082296187326854,22.976414115060642,-3.082296187326854,9,8,265.3901734104046,818.6657032755298,157.8193624557261,692.9415584415584,12,12,12,0.973684427580672,0.09023392543917758,-23.24838334161226,-0.07260585662553856,0.9993812421572984,119.75534440813604,3.95666880012663e-05,1.4909823566446394e-05,1.0,1.0,0.0,385.97641411506066,0.0,1.0,44.917703812673146,0.0,0.0,1.0,139.15736234162722,138.85937955480955,1.000000,35.000000,50.0095689268,0
frame_1754.jpg,frame_1754,1754,D:\visualization2026\visualization\left_downsample2_Q45\frame_1754.jpg,D:\visualization2026\visualization\right_downsample2_Q45\frame_1754.jpg,D:\visualization2026\dowsample2_Q45\stitched_frames\frame_1754.jpg,D:\visualization2026\dowsample2_Q45_hess_matched\stitched_frames\frame_1754.jpg,1957,1291,5.443885834910148,7.251326437223669,190.536004222,130.720023689,207.42133077983397,117.29809418699665,-74.45415793883504,13.421929502451633,-56.364890223861195,4.0502118592716325,56.510220898992316,0,1,75.6542783056568,20.372793084098358,fused,-28.182445111930598,2.0251059296358163,28.182445111930598,-2.0251059296358163,0,1,838.1295984274079,847.4403257511934,630.708267647574,730.1422315641968,12,12,12,0.9588162285404307,0.09401036287083606,-28.0463033335512,-0.07740288798300995,0.9965735280477321,125.53974156077928,3.173380586915444e-05,1.8472946848554066e-05,1.0,1.0,0.0,385.1824451119306,0.0,1.0,49.974894070364186,0.0,0.0,1.0,132.96717284099893,130.72002368944828,1.000000,35.000000,57.5688313809,0
frame_1756.jpg,frame_1756,1756,D:\visualization2026\visualization\left_downsample2_Q45\frame_1756.jpg,D:\visualization2026\visualization\right_downsample2_Q45\frame_1756.jpg,D:\visualization2026\dowsample2_Q45\stitched_frames\frame_1756.jpg,D:\visualization2026\dowsample2_Q45_hess_matched\stitched_frames\frame_1756.jpg,1971,1295,5.424372988493175,6.975641853212703,189.853054597,123.789905527,204.2629586873246,113.42179800277154,-76.85816229700099,10.368107524116795,-72.47400053123563,7.670478191460619,72.87878284306905,0,1,77.55433427800017,5.14762842528537,fused,-36.237000265617816,3.8352390957303095,36.237000265617816,-3.8352390957303095,0,1,851.9486557509601,843.8762886597938,647.6856970636355,730.4544906570222,12,12,12,0.9824017187548928,0.09544634964058223,-36.330821554468834,-0.07083774816876018,1.0080465227840307,117.15309511146893,4.255843316184715e-05,1.820953700471197e-05,1.0,1.0,0.0,407.23700026561784,0.0,1.0,45.16476090426969,0.0,0.0,1.0,127.40479639032363,123.78990552688833,1.000000,35.000000,62.4482582069,0
frame_1758.jpg,frame_1758,1758,D:\visualization2026\visualization\left_downsample2_Q45\frame_1758.jpg,D:\visualization2026\visualization\right_downsample2_Q45\frame_1758.jpg,D:\visualization2026\dowsample2_Q45\stitched_frames\frame_1758.jpg,D:\visualization2026\dowsample2_Q45_hess_matched\stitched_frames\frame_1758.jpg,1953,1292,5.284764126268499,6.782382553477605,184.966744419,120.24871015,208.0994161509269,112.37064040299435,-84.25322917284576,7.878069746595273,-82.19837745432699,6.503589351433086,82.45526017529801,0,1,84.62074573639899,2.472167458281245,fused,-41.099188727163494,3.251794675716543,41.099188727163494,-3.251794675716543,0,1,834.9969014666391,848.1327549404393,626.8974853157122,735.762114537445,12,12,12,0.9599634136510248,0.08455708202919188,-41.1683191040766,-0.07546366484115745,0.9910085212310548,123.74623350749697,3.515532074684781e-05,1.1302827232548332e-05,1.0,1.0,0.0,394.0991887271635,0.0,1.0,44.748205324283454,0.0,0.0,1.0,123.84618697808115,120.24871014958963,1.000000,35.000000,61.1205574413,0
frame_1760.jpg,frame_1760,1760,D:\visualization2026\visualization\left_downsample2_Q45\frame_1760.jpg,D:\visualization2026\visualization\right_downsample2_Q45\frame_1760.jpg,D:\visualization2026\dowsample2_Q45\stitched_frames\frame_1760.jpg,D:\visualization2026\dowsample2_Q45_hess_matched\stitched_frames\frame_1760.jpg,1956,1290,5.08163631860419,6.625107926071545,177.857271151,118.302984302,207.7591346845095,112.28699412632136,-86.5667666976766,6.0159901755907015,-84.64661990796004,3.2812189984955347,84.7101921846406,0,1,86.7755566636295,3.3415471095181775,fused,-42.32330995398002,1.6406094992477673,42.32330995398002,-1.6406094992477673,0,1,838.0205170860193,856.2177167810355,630.2613824015098,743.9307226547141,12,12,12,0.9582315807166247,0.09170601439813723,-42.16996922886529,-0.07729932596443465,0.9946495285170556,124.85370424860557,3.216345272517222e-05,1.6999572931524893e-05,1.0,1.0,0.0,398.32330995398,0.0,1.0,49.359390500752234,0.0,0.0,1.0,121.19236798683289,118.30298430191206,1.000000,35.000000,56.6649031643,0
frame_1762.jpg,frame_1762,1762,D:\visualization2026\visualization\left_downsample2_Q45\frame_1762.jpg,D:\visualization2026\visualization\right_downsample2_Q45\frame_1762.jpg,D:\visualization2026\dowsample2_Q45\stitched_frames\frame_1762.jpg,D:\visualization2026\dowsample2_Q45_hess_matched\stitched_frames\frame_1762.jpg,1958,1294,4.924710071943846,6.516328177072394,172.364852518,117.129052498,208.26086933248632,122.29520268996498,-88.85957116527652,-5.166150191588969,-86.99953132671165,0.20277176979961697,86.99976762875927,0,1,89.00962024117896,5.681995356257257,fused,-43.499765663355824,0.10138588489980849,43.499765663355824,-0.10138588489980849,0,1,841.0006644076805,866.420636502558,632.7397950751941,744.125433812593,12,12,12,0.9617645321902002,0.09243597534851265,-43.60560319192732,-0.0765992147080529,0.9972895059181155,123.01313015008941,3.418354005908208e-05,1.6462115536888246e-05,1.0,1.0,0.0,401.49976566335584,0.0,1.0,51.898614115100195,0.0,0.0,1.0,119.4012981672098,117.12905249837601,1.000000,35.000000,52.9635543508,0
frame_1764.jpg,frame_1764,1764,D:\visualization2026\visualization\left_downsample2_Q45\frame_1764.jpg,D:\visualization2026\visualization\right_downsample2_Q45\frame_1764.jpg,D:\visualization2026\dowsample2_Q45\stitched_frames\frame_1764.jpg,D:\visualization2026\dowsample2_Q45_hess_matched\stitched_frames\frame_1764.jpg,1970,1298,4.8431627812231,6.451970135268265,169.510697343,116.31638303,205.00644518023557,119.00630529242233,-86.69537020700024,-2.6899222622361236,-87.76216632001143,-0.5808839326814919,87.7640886885097,0,1,86.73709066544541,2.3634924629171974,fused,-43.881083160005716,-0.2904419663407459,43.881083160005716,0.2904419663407459,0,2,852.4126718302979,869.7165585095248,647.4062266500623,750.7102532171025,12,12,12,0.9774333103603227,0.09926346438063872,-43.7983341282912,-0.07360350192941374,1.0113712534976071,117.20200159289162,3.9733987548617365e-05,2.1105308112743122e-05,1.0,1.0,0.0,413.8810831600057,0.0,1.0,53.290441966340744,0.0,0.0,1.0,118.31107497323534,116.3163830301862,1.000000,35.000000,51.1996223696,0
frame_1766.jpg,frame_1766,1766,D:\visualization2026\visualization\left_downsample2_Q45\frame_1766.jpg,D:\visualization2026\visualization\right_downsample2_Q45\frame_1766.jpg,D:\visualization2026\dowsample2_Q45\stitched_frames\frame_1766.jpg,D:\visualization2026\dowsample2_Q45_hess_matched\stitched_frames\frame_1766.jpg,1963,1295,4.77047390322311,6.401954660588037,166.966586613,115.782233164,206.11173533174974,120.80636178296743,-88.6227193907591,-5.0241286193627985,-87.95083075806217,0.8046602497488202,87.95451159065588,0,1,88.76501709906402,5.867385620140103,fused,-43.975415379031084,0.4023301248744101,43.975415379031084,-0.4023301248744101,0,1,845.9507305470607,878.4442405708461,639.838995215311,757.6378787878787,12,12,12,0.96743203415302,0.09700350517663334,-44.30215288588382,-0.0758412277383348,1.0033592573899757,121.23510656375433,3.5950138667422156e-05,1.9244142045362855e-05,1.0,1.0,0.0,406.97541537903106,0.0,1.0,51.59766987512559,0.0,0.0,1.0,117.48901594099064,115.78223316360463,1.000000,35.000000,49.4775706718,0
frame_1768.jpg,frame_1768,1768,D:\visualization2026\visualization\left_downsample2_Q45\frame_1768.jpg,D:\visualization2026\visualization\right_downsample2_Q45\frame_1768.jpg,D:\visualization2026\dowsample2_Q45\stitched_frames\frame_1768.jpg,D:\visualization2026\dowsample2_Q45_hess_matched\stitched_frames\frame_1768.jpg,1961,1293,4.706899036866318,6.3460207770300165,164.74146629,114.999615643,112.2431583382122,91.81292914519719,4.278593801791601,23.186686498005457,-85.39043111827327,4.245036395836049,85.49588329601926,1,1,23.5781423288078,91.64780487664845,raw,-42.695215559136635,2.1225181979180245,42.695215559136635,-2.1225181979180245,11,4,1409.830728959681,397.74836094503576,1297.5875706214688,305.93543179983857,12,12,12,0.9721351520024194,0.08462160547257383,-42.987697837790016,-0.07220848122545515,0.9952866491556821,117.17877723672778,4.0413971810168823e-05,1.0330205780859622e-05,1.0,1.0,0.0,403.6952155591366,0.0,1.0,43.877481802081974,0.0,0.0,1.0,116.5217521400038,114.99961564320265,1.000000,35.000000,48.2197141503,0
frame_1770.jpg,frame_1770,1770,D:\visualization2026\visualization\left_downsample2_Q45\frame_1770.jpg,D:\visualization2026\visualization\right_downsample2_Q45\frame_1770.jpg,D:\visualization2026\dowsample2_Q45\stitched_frames\frame_1770.jpg,D:\visualization2026\dowsample2_Q45_hess_matched\stitched_frames\frame_1770.jpg,1965,1294,4.642622711434214,6.2772219945840195,162.4917949,113.891415376,202.8044416015788,100.94770428790855,-87.51008888793028,12.943711087742258,-83.42376070074168,6.611087018082792,83.68530528722037,0,1,88.46216882880726,7.536591116747836,fused,-41.71188035037084,3.305543509041396,41.71188035037084,-3.305543509041396,0,1,844.7589648289627,864.1025535136623,641.9545232273839,763.1548492257538,12,12,12,0.9733604178091064,0.09340872027887086,-42.078651426830895,-0.07346300725625694,1.0015759492653227,121.03929098744666,3.9225072981143865e-05,1.6536893062901194e-05,1.0,1.0,0.0,406.71188035037085,0.0,1.0,45.6944564909586,0.0,0.0,1.0,115.29435271364851,113.89141537565081,1.000000,35.000000,47.1974421865,0
frame_1772.jpg,frame_1772,1772,D:\visualization2026\visualization\left_downsample2_Q45\frame_1772.jpg,D:\visualization2026\visualization\right_downsample2_Q45\frame_1772.jpg,D:\visualization2026\dowsample2_Q45\stitched_frames\frame_1772.jpg,D:\visualization2026\dowsample2_Q45_hess_matched\stitched_frames\frame_1772.jpg,1960,1294,4.573789744221191,6.219280492295289,160.082641048,113.111831829,190.3579963785395,101.07610128993178,-76.05757296633199,12.035730538847176,-83.1543254499695,8.248871867594296,83.56246602468978,0,1,77.0039818134923,8.043891745297076,fused,-41.57716272498475,4.124435933797148,41.57716272498475,-4.124435933797148,1,2,829.9033151036391,869.7684153669569,639.5453187250996,768.6923140770251,12,12,12,0.9663121709349911,0.09232303600369712,-41.86332404890634,-0.07601585686046451,0.9982611879983193,125.79579500526881,3.624777261259027e-05,1.6720943586581397e-05,1.0,1.0,0.0,401.57716272498476,0.0,1.0,45.875564066202855,0.0,0.0,1.0,114.30042341220751,113.11183182877896,1.000000,35.000000,45.7822176355,0
frame_1774.jpg,frame_1774,1774,D:\visualization2026\visualization\left_downsample2_Q45\frame_1774.jpg,D:\visualization2026\visualization\right_downsample2_Q45\frame_1774.jpg,D:\visualization2026\dowsample2_Q45\stitched_frames\frame_1774.jpg,D:\visualization2026\dowsample2_Q45_hess_matched\stitched_frames\frame_1774.jpg,1968,1294,4.524882242749953,6.188965982100275,158.370878496,112.838807728,190.67731271258094,103.69847687855486,-76.86201811934232,9.140330848997593,-82.65530233820235,9.180148863832077,83.16353851166842,0,1,77.40358827216762,5.793421054506391,fused,-41.32765116910117,4.5900744319160385,41.32765116910117,-4.5900744319160385,0,1,836.857798474725,875.9816427077005,646.180485762144,772.2831658291457,12,12,12,0.976489541476376,0.09591003986853563,-41.665034708750866,-0.07285152794879746,1.0064909796338803,121.54525089076282,3.898238966687886e-05,1.9941745496095365e-05,1.0,1.0,0.0,409.32765116910116,0.0,1.0,46.40992556808396,0.0,0.0,1.0,113.81529459323862,112.83880772755245,1.000000,35.000000,44.555583903,0
frame_1776.jpg,frame_1776,1776,D:\visualization2026\visualization\left_downsample2_Q45\frame_1776.jpg,D:\visualization2026\visualization\right_downsample2_Q45\frame_1776.jpg,D:\visualization2026\dowsample2_Q45\stitched_frames\frame_1776.jpg,D:\visualization2026\dowsample2_Q45_hess_matched\stitched_frames\frame_1776.jpg,1961,1294,4.5446837211049385,6.197328593799975,159.063930239,112.848139425,201.20759500795475,109.68334379659188,-87.27554313689822,3.1647956281947245,-81.71311009200068,9.887585398829188,82.30915323295801,0,1,87.33290537482893,8.725626835884947,raw,-40.85655504600034,4.943792699414594,40.85655504600034,-4.943792699414594,0,0,831.6169237400042,876.7551089826841,630.4093287320494,767.0717651860922,12,12,12,0.966510592798279,0.09535280952661543,-41.32692821379199,-0.07552623842732636,1.00255938515887,125.80985855471712,3.549283980044685e-05,1.9331478872530136e-05,1.0,1.0,0.0,401.8565550460003,0.0,1.0,47.056207300585406,0.0,0.0,1.0,113.93205187105653,112.84813942478661,1.000000,35.000000,45.1318783676,0
frame_1778.jpg,frame_1778,1778,D:\visualization2026\visualization\left_downsample2_Q45\frame_1778.jpg,D:\visualization2026\visualization\right_downsample2_Q45\frame_1778.jpg,D:\visualization2026\dowsample2_Q45\stitched_frames\frame_1778.jpg,D:\visualization2026\dowsample2_Q45_hess_matched\stitched_frames\frame_1778.jpg,1966,1296,4.6443668911098435,6.230669897791593,162.552841189,112.668498499,199.91274504654484,104.05232228339833,-85.5712885805089,8.61617621537863,-83.6462911350788,10.389522290162494,84.28905144840667,0,1,86.00397619821534,2.6173214296038925,fused,-41.8231455675394,5.194761145081247,41.8231455675394,-5.194761145081247,1,2,839.4718091083349,880.1539427589397,639.5590640617901,776.1016204755414,12,12,12,0.9714684575440866,0.10023237921941085,-41.97986270658427,-0.07499201104002995,1.0090149082170183,125.82341945998624,3.690031173973705e-05,2.2583714618512877e-05,1.0,1.0,0.0,407.8231455675394,0.0,1.0,48.805238854918755,0.0,0.0,1.0,114.34145646603594,112.66849849877696,1.000000,35.000000,48.2113847228,0
frame_1780.jpg,frame_1780,1780,D:\visualization2026\visualization\left_downsample2_Q45\frame_1780.jpg,D:\visualization2026\visualization\right_downsample2_Q45\frame_1780.jpg,D:\visualization2026\dowsample2_Q45\stitched_frames\frame_1780.jpg,D:\visualization2026\dowsample2_Q45_hess_matched\stitched_frames\frame_1780.jpg,1962,1292,4.725826269844383,6.270912869297408,165.403919445,112.85803662,197.7398672161171,96.37714285714287,-82.7991276569219,16.480893762727817,-70.79016202052662,9.108771184663912,71.37378196079408,0,1,84.42342921230794,14.091254272140654,fused,-35.39508101026331,4.554385592331956,35.39508101026331,-4.554385592331956,1,2,836.25326007326,870.5342857142857,638.5133928571429,774.1571428571428,12,12,12,0.9697949507622696,0.09135090539880777,-35.80231830758197,-0.07395973207103398,0.9972378347599932,122.95585957592003,3.805859475447659e-05,1.4800337888541616e-05,1.0,1.0,0.0,397.3950810102633,0.0,1.0,43.445614407668046,0.0,0.0,1.0,114.9407395591952,112.85803661987069,1.000000,35.000000,50.4631798854,0
frame_1782.jpg,frame_1782,1782,D:\visualization2026\visualization\left_downsample2_Q45\frame_1782.jpg,D:\visualization2026\visualization\right_downsample2_Q45\frame_1782.jpg,D:\visualization2026\dowsample2_Q45\stitched_frames\frame_1782.jpg,D:\visualization2026\dowsample2_Q45_hess_matched\stitched_frames\frame_1782.jpg,1945,1286,4.723033449367087,6.31681963930601,165.306170728,114.07521999,201.60680702524303,99.52980499464263,-85.72347818172263,14.54541499551371,-54.88882342964677,9.033585896658362,55.62722904876033,0,1,86.94874242313105,31.323412867928397,fused,-27.444411714823385,4.516792948329181,27.444411714823385,-4.516792948329181,1,2,819.9458124335005,872.5199118407052,618.3390054082574,772.9901068460625,12,12,12,0.9480620217577097,0.08243058115695047,-27.745575676307052,-0.07810306941250454,0.9793620383065975,129.17315049966624,3.0403762679480284e-05,9.272237612893432e-06,1.0,1.0,0.0,372.4444117148234,0.0,1.0,41.48320705167082,0.0,0.0,1.0,115.8833288435204,114.07521999015634,1.000000,35.000000,49.4228418843,0
frame_1784.jpg,frame_1784,1784,D:\visualization2026\visualization\left_downsample2_Q45\frame_1784.jpg,D:\visualization2026\visualization\right_downsample2_Q45\frame_1784.jpg,D:\visualization2026\dowsample2_Q45\stitched_frames\frame_1784.jpg,D:\visualization2026\dowsample2_Q45_hess_matched\stitched_frames\frame_1784.jpg,1968,1297,4.686173227190029,6.388736164401135,164.016062952,116.321748632,130.02922953568054,113.58517331052246,-12.581372546581463,2.7365753215046738,-46.985019351596755,9.478491957404996,47.9315538372846,0,1,12.875549683261765,35.05801411103698,fused,-23.492509675798377,4.739245978702498,23.492509675798377,-4.739245978702498,7,6,1643.5390334572492,620.6578376703841,1513.5098039215686,507.0726643598616,12,12,12,0.9734550511122779,0.10245346872783422,-23.505828327140936,-0.07445275269306695,1.0120952671001302,123.8065049304458,3.713348067185131e-05,2.339389235535973e-05,1.0,1.0,0.0,391.4925096757984,0.0,1.0,50.2607540212975,0.0,0.0,1.0,117.44785698909908,116.32174863202714,1.000000,35.000000,46.5682059626,0
frame_1786.jpg,frame_1786,1786,D:\visualization2026\visualization\left_downsample2_Q45\frame_1786.jpg,D:\visualization2026\visualization\right_downsample2_Q45\frame_1786.jpg,D:\visualization2026\dowsample2_Q45\stitched_frames\frame_1786.jpg,D:\visualization2026\dowsample2_Q45_hess_matched\stitched_frames\frame_1786.jpg,1962,1290,4.627697961837093,6.454168184762592,161.969428664,118.626512866,126.70763811642564,115.83764367816093,-7.7688501824989515,2.78886918816697,-47.29233105981612,9.960821974870765,48.32993432114632,0,1,8.25426099095619,40.168923901871764,fused,-23.64616552990806,4.980410987435382,23.64616552990806,-4.980410987435382,4,3,707.4684139784946,1146.1041666666665,580.760775862069,1030.2665229885056,12,12,12,0.968682493038599,0.09453768974924923,-24.08492569017723,-0.0745317367075579,1.000529579279254,123.89708054904011,3.5745026700744416e-05,1.899119280574466e-05,1.0,1.0,0.0,385.64616552990805,0.0,1.0,45.019589012564616,0.0,0.0,1.0,118.93878793392669,118.6265128663279,1.000000,35.000000,43.0306407304,0
frame_1788.jpg,frame_1788,1788,D:\visualization2026\visualization\left_downsample2_Q45\frame_1788.jpg,D:\visualization2026\visualization\right_downsample2_Q45\frame_1788.jpg,D:\visualization2026\dowsample2_Q45\stitched_frames\frame_1788.jpg,D:\visualization2026\dowsample2_Q45_hess_matched\stitched_frames\frame_1788.jpg,1968,1296,4.53245622142558,6.437622958799061,158.63596775,119.194356561,103.5711133864794,156.52035642019553,15.288357653371875,-37.32599985942126,-33.163617009870805,12.816754428375793,35.55410928788236,1,1,40.33564360764472,69.72725189145132,fused,-16.581808504935402,6.4083772141878965,16.581808504935402,-6.4083772141878965,5,7,665.3672566371681,1153.1828908554571,561.7961432506887,996.6625344352616,12,12,12,0.9796465873294773,0.09275142282267639,-16.723632359292203,-0.07218728058054445,1.0045703590285002,122.07232958473713,4.1343807123946515e-05,1.628081831027133e-05,1.0,1.0,0.0,384.5818085049354,0.0,1.0,42.591622785812106,0.0,0.0,1.0,118.85947103985127,119.19435656077427,1.000000,35.000000,39.77649671,0
frame_1790.jpg,frame_1790,1790,D:\visualization2026\visualization\left_downsample2_Q45\frame_1790.jpg,D:\visualization2026\visualization\right_downsample2_Q45\frame_1790.jpg,D:\visualization2026\dowsample2_Q45\stitched_frames\frame_1790.jpg,D:\visualization2026\dowsample2_Q45_hess_matched\stitched_frames\frame_1790.jpg,1959,1290,4.356156126183237,6.2405329303445365,152.465464416,115.937732316,199.6577918053017,97.0451884655638,-84.3356861980187,18.892543850056654,-31.52778869872841,19.007501273343408,36.814216885434604,0,1,86.42589993524508,52.808022624452796,fused,-15.763894349364206,9.503750636671704,15.763894349364206,-9.503750636671704,1,2,834.4665925925925,902.9529629629629,634.8088007872908,805.9077744973991,12,12,12,0.9642030575076923,0.09309757175739324,-15.754657705800595,-0.07512412101324757,0.9975456884092134,129.58352690340413,3.438731874101187e-05,1.7503580166836947e-05,1.0,1.0,0.0,374.7638943493642,0.0,1.0,40.496249363328296,0.0,0.0,1.0,115.322105607283,115.93773231562045,1.000000,35.000000,37.1433588091,0
frame_1792.jpg,frame_1792,1792,D:\visualization2026\visualization\left_downsample2_Q45\frame_1792.jpg,D:\visualization2026\visualization\right_downsample2_Q45\frame_1792.jpg,D:\visualization2026\dowsample2_Q45\stitched_frames\frame_1792.jpg,D:\visualization2026\dowsample2_Q45_hess_matched\stitched_frames\frame_1792.jpg,1963,1290,4.166072441104273,5.98818234284564,145.812535439,111.395216751,125.77638769053783,82.57013948806446,-15.079907931996075,28.82507726303885,-28.718929472177198,26.16083580163934,38.847988878038755,0,1,32.53134953329845,13.896801471495689,fused,-14.359464736088599,13.08041790081967,14.359464736088599,-13.08041790081967,9,7,610.5482456140351,1071.267543859649,484.77185792349724,988.6974043715846,12,12,12,0.9727699967389746,0.08945981749640296,-14.094800331311975,-0.07230856535863667,0.9968220853237996,129.91144310742527,3.860838511358251e-05,1.47130666306993e-05,1.0,1.0,0.0,377.3594647360886,0.0,1.0,33.91958209918033,0.0,0.0,1.0,110.69647975854176,111.3952167511033,1.000000,35.000000,35.1160556801,0
frame_1794.jpg,frame_1794,1794,D:\visualization2026\visualization\left_downsample2_Q45\frame_1794.jpg,D:\visualization2026\visualization\right_downsample2_Q45\frame_1794.jpg,D:\visualization2026\dowsample2_Q45\stitched_frames\frame_1794.jpg,D:\visualization2026\dowsample2_Q45_hess_matched\stitched_frames\frame_1794.jpg,1964,1294,4.016811549773561,5.790924014155582,140.588404242,107.851471579,209.3478712610023,74.47974529216401,-102.265339809571,33.371726286618696,-25.593968510035694,23.309731166081832,34.61783920362023,1,1,107.57263518997769,77.32879749974724,fused,-12.796984255017847,11.654865583040916,12.796984255017847,-11.654865583040916,0,1,847.7735311750599,893.8479466426858,638.4256599140576,819.3682013505218,12,12,12,0.9690206165399724,0.09915147286008723,-13.07761675643259,-0.07537246187286425,1.0060499270026335,133.1097073013246,3.461366694686664e-05,2.2448449251999353e-05,1.0,1.0,0.0,376.79698425501783,0.0,1.0,42.345134416959084,0.0,0.0,1.0,107.0825314514313,107.85147157878271,1.000000,35.000000,33.5058727906,0
frame_1796.jpg,frame_1796,1796,D:\visualization2026\visualization\left_downsample2_Q45\frame_1796.jpg,D:\visualization2026\visualization\right_downsample2_Q45\frame_1796.jpg,D:\visualization2026\dowsample2_Q45\stitched_frames\frame_1796.jpg,D:\visualization2026\dowsample2_Q45_hess_matched\stitched_frames\frame_1796.jpg,1958,1294,3.8623160281774958,5.598481002946,135.181060986,104.487079134,97.3053783796903,65.93153730401446,6.275445950257108,38.55554182964663,-14.812323946342218,18.848259064335355,23.97210483974411,0,1,39.062911151784746,28.862969930411797,fused,-7.406161973171109,9.424129532167678,7.406161973171109,-9.424129532167678,5,8,547.7291879034998,1050.0934420659191,450.4238095238095,984.1619047619047,12,12,12,0.9631166012181263,0.09296938441167371,-7.6839178659493115,-0.07590709479787097,0.9970830672769875,131.2601487432215,3.456638082005017e-05,1.582423158021991e-05,1.0,1.0,0.0,365.4061619731711,0.0,1.0,41.575870467832324,0.0,0.0,1.0,103.5808243299474,104.48707913366108,1.000000,35.000000,31.6002366563,0
frame_1798.jpg,frame_1798,1798,D:\visualization2026\visualization\left_downsample2_Q45\frame_1798.jpg,D:\visualization2026\visualization\right_downsample2_Q45\frame_1798.jpg,D:\visualization2026\dowsample2_Q45\stitched_frames\frame_1798.jpg,D:\visualization2026\dowsample2_Q45_hess_matched\stitched_frames\frame_1798.jpg,1962,1293,3.7108856078060235,5.422409261589566,129.880996273,101.51428937,130.8317394317395,104.92910602910592,-30.427463379551313,-3.4148166586757327,-17.881835035853264,12.400280279992435,21.76067497279987,0,1,30.618482988650914,20.186878949398558,fused,-8.940917517926632,6.2001401399962175,8.940917517926632,-6.2001401399962175,6,10,607.7650727650728,1136.862439362439,476.9333333333333,1031.9333333333332,12,12,12,0.9706444231959285,0.09170261803866879,-8.96165529186899,-0.07429780338865802,0.9992361187809146,124.89152494622085,3.756991690182436e-05,1.5888716237283036e-05,1.0,1.0,0.0,370.9409175179266,0.0,1.0,42.799859860003785,0.0,0.0,1.0,100.40427605218818,101.51428937043019,1.000000,35.000000,29.476720221,0
