ISO-10303-21;
HEADER;
/* Generated by software containing ST-Developer
 * from STEP Tools, Inc. (www.steptools.com) 
 */

FILE_DESCRIPTION(
/* description */ (''),
/* implementation_level */ '2;1');

FILE_NAME(
/* name */ 'eyeball_l1.step',
/* time_stamp */ '2026-08-13T17:51:49-04:00',
/* author */ (''),
/* organization */ (''),
/* preprocessor_version */ 'ST-DEVELOPER v20.1',
/* originating_system */ 'Autodesk Translation Framework v15.8.0.0',
/* authorisation */ '');

FILE_SCHEMA (('AUTOMOTIVE_DESIGN { 1 0 10303 214 3 1 1 }'));
ENDSEC;

DATA;
#10=MECHANICAL_DESIGN_GEOMETRIC_PRESENTATION_REPRESENTATION('',(#13),#1870);
#11=SHAPE_REPRESENTATION_RELATIONSHIP('SRR','None',#1877,#12);
#12=ADVANCED_BREP_SHAPE_REPRESENTATION('',(#14),#1869);
#13=STYLED_ITEM('',(#1887),#14);
#14=MANIFOLD_SOLID_BREP('eyeball_l1',#938);
#15=SPHERICAL_SURFACE('',#999,11.);
#16=SPHERICAL_SURFACE('',#1024,13.);
#17=SPHERICAL_SURFACE('',#1036,13.);
#18=SPHERICAL_SURFACE('',#1045,13.);
#19=SPHERICAL_SURFACE('',#1060,13.);
#20=SPHERICAL_SURFACE('',#1067,14.);
#21=ELLIPSE('',#998,0.812134622741372,0.5);
#22=ELLIPSE('',#1021,0.812134622741372,0.5);
#23=B_SPLINE_CURVE_WITH_KNOTS('',3,(#1474,#1475,#1476,#1477,#1478,#1479,
#1480,#1481,#1482,#1483,#1484,#1485),.UNSPECIFIED.,.F.,.F.,(4,2,2,2,2,4),
(-0.183180924147634,-0.182817625600505,-0.15220884496048,-0.127721813764436,
-0.109502233330974,-0.0967247808665064),.UNSPECIFIED.);
#24=B_SPLINE_CURVE_WITH_KNOTS('',3,(#1486,#1487,#1488,#1489,#1490,#1491,
#1492,#1493,#1494,#1495,#1496,#1497,#1498,#1499),.UNSPECIFIED.,.F.,.F.,
(4,2,2,2,2,2,4),(-0.0929626537468562,-0.078714490555174,-0.0620019028855345,
-0.0393828180575772,-0.0200400113481077,0.,0.000438892277361267),
 .UNSPECIFIED.);
#25=B_SPLINE_CURVE_WITH_KNOTS('',3,(#1504,#1505,#1506,#1507,#1508,#1509),
 .UNSPECIFIED.,.F.,.F.,(4,2,4),(-0.26573500434082,-0.26390739056825,-0.263892845056352),
 .UNSPECIFIED.);
#26=B_SPLINE_CURVE_WITH_KNOTS('',3,(#1510,#1511,#1512,#1513,#1514,#1515,
#1516,#1517,#1518,#1519),.UNSPECIFIED.,.F.,.F.,(4,2,2,2,4),(0.3016500510968,
0.320484774441443,0.339319497786086,0.358166028331752,0.377012558877418),
 .UNSPECIFIED.);
#27=B_SPLINE_CURVE_WITH_KNOTS('',3,(#1522,#1523,#1524,#1525,#1526,#1527),
 .UNSPECIFIED.,.F.,.F.,(4,2,4),(-0.0376802787217359,-0.0376657332098368,
-0.035838119437303),.UNSPECIFIED.);
#28=B_SPLINE_CURVE_WITH_KNOTS('',3,(#1531,#1532,#1533,#1534,#1535,#1536,
#1537,#1538,#1539,#1540,#1541,#1542,#1543),.UNSPECIFIED.,.F.,.F.,(4,2,3,
2,2,4),(0.279534009842987,0.282830094701188,0.301662374858722,0.320494655016256,
0.339326935173791,0.339347263365708),.UNSPECIFIED.);
#29=B_SPLINE_CURVE_WITH_KNOTS('',3,(#1559,#1560,#1561,#1562,#1563,#1564,
#1565,#1566,#1567,#1568,#1569,#1570,#1571),.UNSPECIFIED.,.F.,.F.,(4,2,2,
3,2,4),(0.263977489733206,0.263997817925123,0.282830098082657,0.301662378240191,
0.320504864277479,0.323791482948421),.UNSPECIFIED.);
#30=B_SPLINE_CURVE_WITH_KNOTS('',3,(#1587,#1588,#1589,#1590,#1591,#1592,
#1593,#1594,#1595,#1596),.UNSPECIFIED.,.F.,.F.,(4,2,2,2,4),(0.226287548956181,
0.245134079501847,0.263980610047512,0.282815333392156,0.301650056736799),
 .UNSPECIFIED.);
#31=B_SPLINE_CURVE_WITH_KNOTS('',3,(#1604,#1605,#1606,#1607,#1608,#1609,
#1610,#1611,#1612,#1613,#1614,#1615,#1616,#1617),.UNSPECIFIED.,.F.,.F.,
(4,2,2,2,2,2,4),(-0.0929626537458507,-0.0787144905543353,-0.0620019028848725,
-0.0393828180571698,-0.0200400113479176,0.,0.000438892277343815),
 .UNSPECIFIED.);
#32=B_SPLINE_CURVE_WITH_KNOTS('',3,(#1620,#1621,#1622,#1623,#1624,#1625,
#1626,#1627,#1628,#1629,#1630,#1631,#1632,#1633),.UNSPECIFIED.,.F.,.F.,
(4,2,2,2,2,2,4),(-0.221387812037942,-0.220857596784889,-0.194567382836637,
-0.169355774293604,-0.143151801694075,-0.123543331513954,-0.108536669866887),
 .UNSPECIFIED.);
#33=B_SPLINE_CURVE_WITH_KNOTS('',3,(#1636,#1637,#1638,#1639,#1640,#1641),
 .UNSPECIFIED.,.F.,.F.,(4,2,4),(-0.0376802787217359,-0.0376657332098368,
-0.035838119437303),.UNSPECIFIED.);
#34=B_SPLINE_CURVE_WITH_KNOTS('',3,(#1644,#1645,#1646,#1647,#1648,#1649,
#1650,#1651,#1652,#1653),.UNSPECIFIED.,.F.,.F.,(4,2,2,2,4),(0.226287548956181,
0.245134079501847,0.263980610047512,0.282815333392155,0.301650056736799),
 .UNSPECIFIED.);
#35=B_SPLINE_CURVE_WITH_KNOTS('',3,(#1657,#1658,#1659,#1660,#1661,#1662),
 .UNSPECIFIED.,.F.,.F.,(4,2,4),(-0.265735002612054,-0.263907388839484,-0.263892843327586),
 .UNSPECIFIED.);
#36=B_SPLINE_CURVE_WITH_KNOTS('',3,(#1682,#1683,#1684,#1685,#1686,#1687,
#1688,#1689,#1690,#1691),.UNSPECIFIED.,.F.,.F.,(4,2,2,2,4),(0.3016500510968,
0.320484774441443,0.339319497786086,0.358166028331752,0.377012558877417),
 .UNSPECIFIED.);
#37=B_SPLINE_CURVE_WITH_KNOTS('',3,(#1694,#1695,#1696,#1697,#1698,#1699,
#1700,#1701,#1702,#1703,#1704,#1705,#1706,#1707),.UNSPECIFIED.,.F.,.F.,
(4,2,2,2,2,2,4),(-0.0929626537430397,-0.0787144905519875,-0.0620019028830452,
-0.039382818056046,-0.0200400113473898,0.,0.000438892277313456),
 .UNSPECIFIED.);
#38=B_SPLINE_CURVE_WITH_KNOTS('',3,(#1710,#1711,#1712,#1713,#1714,#1715,
#1716,#1717,#1718,#1719,#1720,#1721,#1722,#1723),.UNSPECIFIED.,.F.,.F.,
(4,2,2,2,2,2,4),(-0.221387812031012,-0.220857596777968,-0.194567382830576,
-0.169355774288356,-0.143151801689653,-0.12354333151015,-0.108536669863561),
 .UNSPECIFIED.);
#39=B_SPLINE_CURVE_WITH_KNOTS('',3,(#1726,#1727,#1728,#1729,#1730,#1731),
 .UNSPECIFIED.,.F.,.F.,(4,2,4),(-0.0376802787217358,-0.0376657332098368,
-0.035838119437303),.UNSPECIFIED.);
#40=B_SPLINE_CURVE_WITH_KNOTS('',3,(#1734,#1735,#1736,#1737,#1738,#1739,
#1740,#1741,#1742,#1743),.UNSPECIFIED.,.F.,.F.,(4,2,2,2,4),(0.226287548956181,
0.245134079501847,0.263980610047512,0.282815333392155,0.301650056736799),
 .UNSPECIFIED.);
#41=B_SPLINE_CURVE_WITH_KNOTS('',3,(#1747,#1748,#1749,#1750,#1751,#1752),
 .UNSPECIFIED.,.F.,.F.,(4,2,4),(-0.265735002612054,-0.263907388839484,-0.263892843327586),
 .UNSPECIFIED.);
#42=B_SPLINE_CURVE_WITH_KNOTS('',3,(#1764,#1765,#1766,#1767,#1768,#1769,
#1770,#1771,#1772,#1773,#1774,#1775,#1776,#1777),.UNSPECIFIED.,.F.,.F.,
(4,2,2,2,2,2,4),(-0.0929626537454794,-0.0787144905540334,-0.0620019028846385,
-0.0393828180570287,-0.020040011347851,0.,0.00043889227734902),
 .UNSPECIFIED.);
#43=B_SPLINE_CURVE_WITH_KNOTS('',3,(#1780,#1781,#1782,#1783,#1784,#1785,
#1786,#1787,#1788,#1789,#1790,#1791,#1792,#1793),.UNSPECIFIED.,.F.,.F.,
(4,2,2,2,2,2,4),(-0.221387812059541,-0.220857596806409,-0.19456738285537,
-0.169355774309605,-0.14315180170727,-0.123543331525023,-0.108536669876364),
 .UNSPECIFIED.);
#44=B_SPLINE_CURVE_WITH_KNOTS('',3,(#1796,#1797,#1798,#1799,#1800,#1801),
 .UNSPECIFIED.,.F.,.F.,(4,2,4),(-0.0376802787217358,-0.0376657332098368,
-0.0358381194373029),.UNSPECIFIED.);
#45=B_SPLINE_CURVE_WITH_KNOTS('',3,(#1807,#1808,#1809,#1810,#1811,#1812),
 .UNSPECIFIED.,.F.,.F.,(4,2,4),(-0.26573500434082,-0.263907390568249,-0.263892845056352),
 .UNSPECIFIED.);
#46=B_SPLINE_CURVE_WITH_KNOTS('',3,(#1813,#1814,#1815,#1816,#1817,#1818,
#1819,#1820,#1821,#1822),.UNSPECIFIED.,.F.,.F.,(4,2,2,2,4),(0.3016500510968,
0.320484774441443,0.339319497786086,0.358166028331752,0.377012558877417),
 .UNSPECIFIED.);
#47=TOROIDAL_SURFACE('',#985,5.5,2.);
#48=TOROIDAL_SURFACE('',#994,13.490737563232,0.5);
#49=TOROIDAL_SURFACE('',#1017,13.490737563232,0.5);
#50=TOROIDAL_SURFACE('',#1030,13.490737563232,0.5);
#51=TOROIDAL_SURFACE('',#1039,13.490737563232,0.5);
#52=CYLINDRICAL_SURFACE('',#954,0.5);
#53=CYLINDRICAL_SURFACE('',#971,0.5);
#54=CYLINDRICAL_SURFACE('',#975,0.5);
#55=CYLINDRICAL_SURFACE('',#983,0.5);
#56=CYLINDRICAL_SURFACE('',#990,7.5);
#57=CYLINDRICAL_SURFACE('',#996,0.5);
#58=CYLINDRICAL_SURFACE('',#997,0.5);
#59=CYLINDRICAL_SURFACE('',#1015,9.);
#60=CYLINDRICAL_SURFACE('',#1019,0.5);
#61=CYLINDRICAL_SURFACE('',#1020,0.5);
#62=CYLINDRICAL_SURFACE('',#1028,9.);
#63=CYLINDRICAL_SURFACE('',#1032,0.5);
#64=CYLINDRICAL_SURFACE('',#1033,0.5);
#65=CYLINDRICAL_SURFACE('',#1041,0.5);
#66=CYLINDRICAL_SURFACE('',#1042,0.5);
#67=CYLINDRICAL_SURFACE('',#1050,9.);
#68=FACE_OUTER_BOUND('',#119,.T.);
#69=FACE_OUTER_BOUND('',#120,.T.);
#70=FACE_OUTER_BOUND('',#121,.T.);
#71=FACE_OUTER_BOUND('',#122,.T.);
#72=FACE_OUTER_BOUND('',#123,.T.);
#73=FACE_OUTER_BOUND('',#124,.T.);
#74=FACE_OUTER_BOUND('',#125,.T.);
#75=FACE_OUTER_BOUND('',#126,.T.);
#76=FACE_OUTER_BOUND('',#127,.T.);
#77=FACE_OUTER_BOUND('',#128,.T.);
#78=FACE_OUTER_BOUND('',#129,.T.);
#79=FACE_OUTER_BOUND('',#130,.T.);
#80=FACE_OUTER_BOUND('',#131,.T.);
#81=FACE_OUTER_BOUND('',#132,.T.);
#82=FACE_OUTER_BOUND('',#133,.T.);
#83=FACE_OUTER_BOUND('',#134,.T.);
#84=FACE_OUTER_BOUND('',#135,.T.);
#85=FACE_OUTER_BOUND('',#136,.T.);
#86=FACE_OUTER_BOUND('',#137,.T.);
#87=FACE_OUTER_BOUND('',#138,.T.);
#88=FACE_OUTER_BOUND('',#139,.T.);
#89=FACE_OUTER_BOUND('',#140,.T.);
#90=FACE_OUTER_BOUND('',#141,.T.);
#91=FACE_OUTER_BOUND('',#142,.T.);
#92=FACE_OUTER_BOUND('',#143,.T.);
#93=FACE_OUTER_BOUND('',#144,.T.);
#94=FACE_OUTER_BOUND('',#145,.T.);
#95=FACE_OUTER_BOUND('',#146,.T.);
#96=FACE_OUTER_BOUND('',#147,.T.);
#97=FACE_OUTER_BOUND('',#148,.T.);
#98=FACE_OUTER_BOUND('',#149,.T.);
#99=FACE_OUTER_BOUND('',#150,.T.);
#100=FACE_OUTER_BOUND('',#151,.T.);
#101=FACE_OUTER_BOUND('',#152,.T.);
#102=FACE_OUTER_BOUND('',#153,.T.);
#103=FACE_OUTER_BOUND('',#154,.T.);
#104=FACE_OUTER_BOUND('',#155,.T.);
#105=FACE_OUTER_BOUND('',#156,.T.);
#106=FACE_OUTER_BOUND('',#157,.T.);
#107=FACE_OUTER_BOUND('',#158,.T.);
#108=FACE_OUTER_BOUND('',#159,.T.);
#109=FACE_OUTER_BOUND('',#160,.T.);
#110=FACE_OUTER_BOUND('',#161,.T.);
#111=FACE_OUTER_BOUND('',#162,.T.);
#112=FACE_OUTER_BOUND('',#163,.T.);
#113=FACE_OUTER_BOUND('',#164,.T.);
#114=FACE_OUTER_BOUND('',#165,.T.);
#115=FACE_OUTER_BOUND('',#166,.T.);
#116=FACE_OUTER_BOUND('',#167,.T.);
#117=FACE_OUTER_BOUND('',#168,.T.);
#118=FACE_OUTER_BOUND('',#169,.T.);
#119=EDGE_LOOP('',(#577,#578));
#120=EDGE_LOOP('',(#579,#580,#581,#582,#583));
#121=EDGE_LOOP('',(#584,#585,#586,#587,#588,#589,#590,#591,#592,#593,#594,
#595,#596,#597,#598,#599,#600,#601,#602,#603,#604,#605,#606,#607,#608,#609,
#610,#611,#612,#613));
#122=EDGE_LOOP('',(#614,#615));
#123=EDGE_LOOP('',(#616,#617,#618,#619));
#124=EDGE_LOOP('',(#620,#621));
#125=EDGE_LOOP('',(#622,#623,#624,#625));
#126=EDGE_LOOP('',(#626,#627,#628,#629,#630,#631,#632,#633));
#127=EDGE_LOOP('',(#634,#635));
#128=EDGE_LOOP('',(#636,#637,#638,#639));
#129=EDGE_LOOP('',(#640,#641,#642,#643,#644));
#130=EDGE_LOOP('',(#645,#646,#647,#648,#649,#650));
#131=EDGE_LOOP('',(#651));
#132=EDGE_LOOP('',(#652,#653,#654,#655));
#133=EDGE_LOOP('',(#656,#657,#658,#659,#660));
#134=EDGE_LOOP('',(#661,#662,#663,#664,#665,#666));
#135=EDGE_LOOP('',(#667,#668,#669,#670,#671,#672,#673,#674,#675,#676,#677,
#678,#679,#680,#681,#682,#683,#684,#685));
#136=EDGE_LOOP('',(#686,#687,#688,#689,#690));
#137=EDGE_LOOP('',(#691,#692,#693,#694,#695,#696));
#138=EDGE_LOOP('',(#697,#698,#699,#700));
#139=EDGE_LOOP('',(#701,#702,#703,#704,#705));
#140=EDGE_LOOP('',(#706,#707,#708,#709,#710,#711));
#141=EDGE_LOOP('',(#712,#713,#714,#715));
#142=EDGE_LOOP('',(#716,#717,#718,#719,#720,#721));
#143=EDGE_LOOP('',(#722,#723,#724,#725,#726));
#144=EDGE_LOOP('',(#727,#728,#729,#730,#731,#732));
#145=EDGE_LOOP('',(#733,#734,#735,#736));
#146=EDGE_LOOP('',(#737,#738,#739,#740,#741));
#147=EDGE_LOOP('',(#742,#743,#744,#745,#746));
#148=EDGE_LOOP('',(#747,#748,#749,#750,#751));
#149=EDGE_LOOP('',(#752,#753,#754,#755,#756,#757));
#150=EDGE_LOOP('',(#758,#759,#760,#761));
#151=EDGE_LOOP('',(#762,#763,#764,#765,#766));
#152=EDGE_LOOP('',(#767,#768,#769,#770,#771));
#153=EDGE_LOOP('',(#772,#773,#774,#775,#776));
#154=EDGE_LOOP('',(#777,#778,#779,#780,#781,#782));
#155=EDGE_LOOP('',(#783,#784,#785,#786));
#156=EDGE_LOOP('',(#787,#788,#789,#790,#791));
#157=EDGE_LOOP('',(#792,#793,#794,#795,#796,#797));
#158=EDGE_LOOP('',(#798,#799,#800,#801,#802));
#159=EDGE_LOOP('',(#803,#804,#805,#806));
#160=EDGE_LOOP('',(#807,#808,#809,#810,#811));
#161=EDGE_LOOP('',(#812,#813,#814,#815));
#162=EDGE_LOOP('',(#816,#817,#818,#819));
#163=EDGE_LOOP('',(#820,#821,#822,#823));
#164=EDGE_LOOP('',(#824,#825,#826,#827));
#165=EDGE_LOOP('',(#828,#829,#830,#831,#832,#833));
#166=EDGE_LOOP('',(#834,#835,#836,#837,#838));
#167=EDGE_LOOP('',(#839,#840,#841,#842));
#168=EDGE_LOOP('',(#843,#844,#845,#846,#847));
#169=EDGE_LOOP('',(#848,#849,#850,#851,#852,#853,#854,#855,#856,#857,#858,
#859,#860,#861,#862));
#170=CIRCLE('',#953,0.5);
#171=CIRCLE('',#955,0.5);
#172=CIRCLE('',#956,0.5);
#173=CIRCLE('',#958,14.);
#174=CIRCLE('',#959,14.);
#175=CIRCLE('',#960,13.490737563232);
#176=CIRCLE('',#961,9.);
#177=CIRCLE('',#962,13.490737563232);
#178=CIRCLE('',#963,9.);
#179=CIRCLE('',#964,13.490737563232);
#180=CIRCLE('',#965,9.);
#181=CIRCLE('',#966,13.490737563232);
#182=CIRCLE('',#967,14.);
#183=CIRCLE('',#968,14.);
#184=CIRCLE('',#970,0.5);
#185=CIRCLE('',#972,0.5);
#186=CIRCLE('',#974,0.5);
#187=CIRCLE('',#976,0.5);
#188=CIRCLE('',#978,13.9977676791694);
#189=CIRCLE('',#979,10.9971587239614);
#190=CIRCLE('',#980,13.9977676791694);
#191=CIRCLE('',#982,0.5);
#192=CIRCLE('',#984,0.5);
#193=CIRCLE('',#986,5.5);
#194=CIRCLE('',#987,2.);
#195=CIRCLE('',#988,7.5);
#196=CIRCLE('',#989,7.5);
#197=CIRCLE('',#991,7.5);
#198=CIRCLE('',#992,7.5);
#199=CIRCLE('',#995,12.9910806164457);
#200=CIRCLE('',#1000,11.);
#201=CIRCLE('',#1001,10.5830052442584);
#202=CIRCLE('',#1002,10.5830052442584);
#203=CIRCLE('',#1003,10.5830052442584);
#204=CIRCLE('',#1004,10.5830052442584);
#205=CIRCLE('',#1005,11.);
#206=CIRCLE('',#1006,8.87411967464942);
#207=CIRCLE('',#1007,8.87411967464942);
#208=CIRCLE('',#1008,11.);
#209=CIRCLE('',#1009,10.5830052442584);
#210=CIRCLE('',#1010,10.5830052442584);
#211=CIRCLE('',#1011,10.5830052442584);
#212=CIRCLE('',#1012,10.5830052442584);
#213=CIRCLE('',#1014,12.3995967676372);
#214=CIRCLE('',#1016,9.);
#215=CIRCLE('',#1018,12.9910806164457);
#216=CIRCLE('',#1023,13.);
#217=CIRCLE('',#1025,12.6491106406735);
#218=CIRCLE('',#1026,13.);
#219=CIRCLE('',#1029,9.);
#220=CIRCLE('',#1031,12.9910806164457);
#221=CIRCLE('',#1035,13.);
#222=CIRCLE('',#1037,12.6491106406735);
#223=CIRCLE('',#1038,13.);
#224=CIRCLE('',#1040,12.9910806164457);
#225=CIRCLE('',#1044,13.);
#226=CIRCLE('',#1046,13.);
#227=CIRCLE('',#1047,12.6491106406735);
#228=CIRCLE('',#1051,9.);
#229=CIRCLE('',#1059,12.6491106406735);
#230=CIRCLE('',#1061,13.);
#231=CIRCLE('',#1062,13.);
#232=CIRCLE('',#1066,12.3995967676372);
#233=CIRCLE('',#1068,14.);
#234=LINE('',#1362,#287);
#235=LINE('',#1366,#288);
#236=LINE('',#1368,#289);
#237=LINE('',#1376,#290);
#238=LINE('',#1378,#291);
#239=LINE('',#1380,#292);
#240=LINE('',#1384,#293);
#241=LINE('',#1386,#294);
#242=LINE('',#1390,#295);
#243=LINE('',#1394,#296);
#244=LINE('',#1398,#297);
#245=LINE('',#1402,#298);
#246=LINE('',#1406,#299);
#247=LINE('',#1410,#300);
#248=LINE('',#1414,#301);
#249=LINE('',#1416,#302);
#250=LINE('',#1420,#303);
#251=LINE('',#1422,#304);
#252=LINE('',#1424,#305);
#253=LINE('',#1433,#306);
#254=LINE('',#1437,#307);
#255=LINE('',#1439,#308);
#256=LINE('',#1445,#309);
#257=LINE('',#1449,#310);
#258=LINE('',#1468,#311);
#259=LINE('',#1503,#312);
#260=LINE('',#1529,#313);
#261=LINE('',#1598,#314);
#262=LINE('',#1601,#315);
#263=LINE('',#1643,#316);
#264=LINE('',#1656,#317);
#265=LINE('',#1666,#318);
#266=LINE('',#1673,#319);
#267=LINE('',#1675,#320);
#268=LINE('',#1676,#321);
#269=LINE('',#1681,#322);
#270=LINE('',#1733,#323);
#271=LINE('',#1746,#324);
#272=LINE('',#1754,#325);
#273=LINE('',#1756,#326);
#274=LINE('',#1802,#327);
#275=LINE('',#1806,#328);
#276=LINE('',#1826,#329);
#277=LINE('',#1827,#330);
#278=LINE('',#1833,#331);
#279=LINE('',#1836,#332);
#280=LINE('',#1837,#333);
#281=LINE('',#1840,#334);
#282=LINE('',#1843,#335);
#283=LINE('',#1845,#336);
#284=LINE('',#1850,#337);
#285=LINE('',#1853,#338);
#286=LINE('',#1856,#339);
#287=VECTOR('',#1073,10.);
#288=VECTOR('',#1078,10.);
#289=VECTOR('',#1079,10.);
#290=VECTOR('',#1088,10.);
#291=VECTOR('',#1089,10.);
#292=VECTOR('',#1090,10.);
#293=VECTOR('',#1093,10.);
#294=VECTOR('',#1094,10.);
#295=VECTOR('',#1097,10.);
#296=VECTOR('',#1100,10.);
#297=VECTOR('',#1103,10.);
#298=VECTOR('',#1106,10.);
#299=VECTOR('',#1109,10.);
#300=VECTOR('',#1112,10.);
#301=VECTOR('',#1115,10.);
#302=VECTOR('',#1116,10.);
#303=VECTOR('',#1119,10.);
#304=VECTOR('',#1120,10.);
#305=VECTOR('',#1121,10.);
#306=VECTOR('',#1134,10.);
#307=VECTOR('',#1139,10.);
#308=VECTOR('',#1140,10.);
#309=VECTOR('',#1147,10.);
#310=VECTOR('',#1150,10.);
#311=VECTOR('',#1177,7.5);
#312=VECTOR('',#1186,10.);
#313=VECTOR('',#1189,10.);
#314=VECTOR('',#1226,10.);
#315=VECTOR('',#1229,10.);
#316=VECTOR('',#1236,10.);
#317=VECTOR('',#1239,10.);
#318=VECTOR('',#1244,10.);
#319=VECTOR('',#1255,10.);
#320=VECTOR('',#1256,10.);
#321=VECTOR('',#1257,10.);
#322=VECTOR('',#1262,10.);
#323=VECTOR('',#1269,10.);
#324=VECTOR('',#1272,10.);
#325=VECTOR('',#1275,10.);
#326=VECTOR('',#1276,10.);
#327=VECTOR('',#1291,10.);
#328=VECTOR('',#1294,10.);
#329=VECTOR('',#1299,10.);
#330=VECTOR('',#1300,10.);
#331=VECTOR('',#1309,10.);
#332=VECTOR('',#1312,10.);
#333=VECTOR('',#1313,10.);
#334=VECTOR('',#1316,10.);
#335=VECTOR('',#1321,10.);
#336=VECTOR('',#1324,10.);
#337=VECTOR('',#1333,10.);
#338=VECTOR('',#1336,10.);
#339=VECTOR('',#1339,10.);
#340=VERTEX_POINT('',#1360);
#341=VERTEX_POINT('',#1361);
#342=VERTEX_POINT('',#1365);
#343=VERTEX_POINT('',#1367);
#344=VERTEX_POINT('',#1369);
#345=VERTEX_POINT('',#1373);
#346=VERTEX_POINT('',#1375);
#347=VERTEX_POINT('',#1377);
#348=VERTEX_POINT('',#1379);
#349=VERTEX_POINT('',#1381);
#350=VERTEX_POINT('',#1383);
#351=VERTEX_POINT('',#1385);
#352=VERTEX_POINT('',#1387);
#353=VERTEX_POINT('',#1389);
#354=VERTEX_POINT('',#1391);
#355=VERTEX_POINT('',#1393);
#356=VERTEX_POINT('',#1395);
#357=VERTEX_POINT('',#1397);
#358=VERTEX_POINT('',#1399);
#359=VERTEX_POINT('',#1401);
#360=VERTEX_POINT('',#1403);
#361=VERTEX_POINT('',#1405);
#362=VERTEX_POINT('',#1407);
#363=VERTEX_POINT('',#1409);
#364=VERTEX_POINT('',#1411);
#365=VERTEX_POINT('',#1413);
#366=VERTEX_POINT('',#1415);
#367=VERTEX_POINT('',#1417);
#368=VERTEX_POINT('',#1419);
#369=VERTEX_POINT('',#1421);
#370=VERTEX_POINT('',#1423);
#371=VERTEX_POINT('',#1431);
#372=VERTEX_POINT('',#1432);
#373=VERTEX_POINT('',#1436);
#374=VERTEX_POINT('',#1438);
#375=VERTEX_POINT('',#1442);
#376=VERTEX_POINT('',#1444);
#377=VERTEX_POINT('',#1446);
#378=VERTEX_POINT('',#1448);
#379=VERTEX_POINT('',#1456);
#380=VERTEX_POINT('',#1458);
#381=VERTEX_POINT('',#1460);
#382=VERTEX_POINT('',#1464);
#383=VERTEX_POINT('',#1465);
#384=VERTEX_POINT('',#1471);
#385=VERTEX_POINT('',#1472);
#386=VERTEX_POINT('',#1501);
#387=VERTEX_POINT('',#1502);
#388=VERTEX_POINT('',#1521);
#389=VERTEX_POINT('',#1528);
#390=VERTEX_POINT('',#1530);
#391=VERTEX_POINT('',#1546);
#392=VERTEX_POINT('',#1548);
#393=VERTEX_POINT('',#1550);
#394=VERTEX_POINT('',#1552);
#395=VERTEX_POINT('',#1554);
#396=VERTEX_POINT('',#1556);
#397=VERTEX_POINT('',#1558);
#398=VERTEX_POINT('',#1574);
#399=VERTEX_POINT('',#1576);
#400=VERTEX_POINT('',#1578);
#401=VERTEX_POINT('',#1580);
#402=VERTEX_POINT('',#1586);
#403=VERTEX_POINT('',#1597);
#404=VERTEX_POINT('',#1599);
#405=VERTEX_POINT('',#1603);
#406=VERTEX_POINT('',#1618);
#407=VERTEX_POINT('',#1635);
#408=VERTEX_POINT('',#1642);
#409=VERTEX_POINT('',#1655);
#410=VERTEX_POINT('',#1665);
#411=VERTEX_POINT('',#1669);
#412=VERTEX_POINT('',#1674);
#413=VERTEX_POINT('',#1678);
#414=VERTEX_POINT('',#1680);
#415=VERTEX_POINT('',#1693);
#416=VERTEX_POINT('',#1708);
#417=VERTEX_POINT('',#1725);
#418=VERTEX_POINT('',#1732);
#419=VERTEX_POINT('',#1745);
#420=VERTEX_POINT('',#1755);
#421=VERTEX_POINT('',#1759);
#422=VERTEX_POINT('',#1763);
#423=VERTEX_POINT('',#1778);
#424=VERTEX_POINT('',#1795);
#425=VERTEX_POINT('',#1804);
#426=VERTEX_POINT('',#1805);
#427=VERTEX_POINT('',#1824);
#428=VERTEX_POINT('',#1829);
#429=VERTEX_POINT('',#1835);
#430=VERTEX_POINT('',#1839);
#431=VERTEX_POINT('',#1852);
#432=VERTEX_POINT('',#1854);
#433=VERTEX_POINT('',#1865);
#434=EDGE_CURVE('',#340,#341,#234,.T.);
#435=EDGE_CURVE('',#340,#341,#170,.T.);
#436=EDGE_CURVE('',#342,#340,#235,.T.);
#437=EDGE_CURVE('',#341,#343,#236,.T.);
#438=EDGE_CURVE('',#343,#344,#171,.T.);
#439=EDGE_CURVE('',#344,#342,#172,.T.);
#440=EDGE_CURVE('',#345,#342,#173,.T.);
#441=EDGE_CURVE('',#346,#345,#237,.T.);
#442=EDGE_CURVE('',#347,#346,#238,.T.);
#443=EDGE_CURVE('',#348,#347,#239,.T.);
#444=EDGE_CURVE('',#349,#348,#174,.T.);
#445=EDGE_CURVE('',#350,#349,#240,.T.);
#446=EDGE_CURVE('',#350,#351,#241,.T.);
#447=EDGE_CURVE('',#351,#352,#175,.T.);
#448=EDGE_CURVE('',#352,#353,#242,.T.);
#449=EDGE_CURVE('',#354,#353,#176,.T.);
#450=EDGE_CURVE('',#354,#355,#243,.T.);
#451=EDGE_CURVE('',#355,#356,#177,.T.);
#452=EDGE_CURVE('',#356,#357,#244,.T.);
#453=EDGE_CURVE('',#358,#357,#178,.T.);
#454=EDGE_CURVE('',#358,#359,#245,.T.);
#455=EDGE_CURVE('',#359,#360,#179,.T.);
#456=EDGE_CURVE('',#360,#361,#246,.T.);
#457=EDGE_CURVE('',#362,#361,#180,.T.);
#458=EDGE_CURVE('',#362,#363,#247,.T.);
#459=EDGE_CURVE('',#363,#364,#181,.T.);
#460=EDGE_CURVE('',#364,#365,#248,.T.);
#461=EDGE_CURVE('',#366,#365,#249,.T.);
#462=EDGE_CURVE('',#367,#366,#182,.T.);
#463=EDGE_CURVE('',#368,#367,#250,.T.);
#464=EDGE_CURVE('',#369,#368,#251,.T.);
#465=EDGE_CURVE('',#370,#369,#252,.T.);
#466=EDGE_CURVE('',#343,#370,#183,.T.);
#467=EDGE_CURVE('',#347,#346,#184,.T.);
#468=EDGE_CURVE('',#345,#348,#185,.T.);
#469=EDGE_CURVE('',#371,#372,#253,.T.);
#470=EDGE_CURVE('',#371,#372,#186,.T.);
#471=EDGE_CURVE('',#373,#371,#254,.T.);
#472=EDGE_CURVE('',#372,#374,#255,.T.);
#473=EDGE_CURVE('',#374,#373,#187,.T.);
#474=EDGE_CURVE('',#373,#375,#188,.T.);
#475=EDGE_CURVE('',#375,#376,#256,.T.);
#476=EDGE_CURVE('',#376,#377,#189,.T.);
#477=EDGE_CURVE('',#377,#378,#257,.T.);
#478=EDGE_CURVE('',#378,#374,#190,.T.);
#479=EDGE_CURVE('',#369,#368,#191,.T.);
#480=EDGE_CURVE('',#367,#370,#192,.T.);
#481=EDGE_CURVE('',#379,#379,#193,.T.);
#482=EDGE_CURVE('',#379,#380,#194,.T.);
#483=EDGE_CURVE('',#381,#380,#195,.T.);
#484=EDGE_CURVE('',#380,#381,#196,.T.);
#485=EDGE_CURVE('',#382,#383,#197,.T.);
#486=EDGE_CURVE('',#383,#382,#198,.T.);
#487=EDGE_CURVE('',#382,#381,#258,.T.);
#488=EDGE_CURVE('',#384,#385,#199,.T.);
#489=EDGE_CURVE('',#364,#384,#23,.T.);
#490=EDGE_CURVE('',#385,#363,#24,.T.);
#491=EDGE_CURVE('',#386,#387,#259,.T.);
#492=EDGE_CURVE('',#385,#386,#25,.T.);
#493=EDGE_CURVE('',#387,#362,#26,.T.);
#494=EDGE_CURVE('',#388,#384,#27,.T.);
#495=EDGE_CURVE('',#389,#388,#260,.T.);
#496=EDGE_CURVE('',#390,#389,#28,.T.);
#497=EDGE_CURVE('',#365,#390,#21,.T.);
#498=EDGE_CURVE('',#383,#391,#200,.T.);
#499=EDGE_CURVE('',#392,#391,#201,.T.);
#500=EDGE_CURVE('',#393,#392,#202,.T.);
#501=EDGE_CURVE('',#394,#393,#203,.T.);
#502=EDGE_CURVE('',#395,#394,#204,.T.);
#503=EDGE_CURVE('',#396,#395,#205,.T.);
#504=EDGE_CURVE('',#396,#397,#29,.T.);
#505=EDGE_CURVE('',#377,#397,#206,.T.);
#506=EDGE_CURVE('',#390,#376,#207,.T.);
#507=EDGE_CURVE('',#398,#389,#208,.T.);
#508=EDGE_CURVE('',#399,#398,#209,.T.);
#509=EDGE_CURVE('',#400,#399,#210,.T.);
#510=EDGE_CURVE('',#401,#400,#211,.T.);
#511=EDGE_CURVE('',#391,#401,#212,.T.);
#512=EDGE_CURVE('',#375,#366,#213,.T.);
#513=EDGE_CURVE('',#361,#402,#30,.T.);
#514=EDGE_CURVE('',#403,#402,#261,.T.);
#515=EDGE_CURVE('',#403,#404,#214,.T.);
#516=EDGE_CURVE('',#387,#404,#262,.T.);
#517=EDGE_CURVE('',#405,#351,#31,.T.);
#518=EDGE_CURVE('',#406,#405,#215,.T.);
#519=EDGE_CURVE('',#352,#406,#32,.T.);
#520=EDGE_CURVE('',#407,#406,#33,.T.);
#521=EDGE_CURVE('',#408,#407,#263,.T.);
#522=EDGE_CURVE('',#353,#408,#34,.T.);
#523=EDGE_CURVE('',#409,#396,#264,.T.);
#524=EDGE_CURVE('',#405,#409,#35,.T.);
#525=EDGE_CURVE('',#397,#350,#22,.T.);
#526=EDGE_CURVE('',#410,#395,#265,.T.);
#527=EDGE_CURVE('',#409,#410,#216,.T.);
#528=EDGE_CURVE('',#410,#411,#217,.T.);
#529=EDGE_CURVE('',#411,#407,#218,.T.);
#530=EDGE_CURVE('',#394,#411,#266,.T.);
#531=EDGE_CURVE('',#394,#412,#267,.T.);
#532=EDGE_CURVE('',#412,#408,#268,.T.);
#533=EDGE_CURVE('',#412,#413,#219,.T.);
#534=EDGE_CURVE('',#414,#413,#269,.T.);
#535=EDGE_CURVE('',#414,#354,#36,.T.);
#536=EDGE_CURVE('',#415,#355,#37,.T.);
#537=EDGE_CURVE('',#416,#415,#220,.T.);
#538=EDGE_CURVE('',#356,#416,#38,.T.);
#539=EDGE_CURVE('',#417,#416,#39,.T.);
#540=EDGE_CURVE('',#418,#417,#270,.T.);
#541=EDGE_CURVE('',#357,#418,#40,.T.);
#542=EDGE_CURVE('',#419,#414,#271,.T.);
#543=EDGE_CURVE('',#415,#419,#41,.T.);
#544=EDGE_CURVE('',#413,#393,#272,.T.);
#545=EDGE_CURVE('',#420,#393,#273,.T.);
#546=EDGE_CURVE('',#419,#420,#221,.T.);
#547=EDGE_CURVE('',#420,#421,#222,.T.);
#548=EDGE_CURVE('',#421,#417,#223,.T.);
#549=EDGE_CURVE('',#422,#359,#42,.T.);
#550=EDGE_CURVE('',#423,#422,#224,.T.);
#551=EDGE_CURVE('',#360,#423,#43,.T.);
#552=EDGE_CURVE('',#424,#423,#44,.T.);
#553=EDGE_CURVE('',#402,#424,#274,.T.);
#554=EDGE_CURVE('',#425,#426,#275,.T.);
#555=EDGE_CURVE('',#422,#425,#45,.T.);
#556=EDGE_CURVE('',#426,#358,#46,.T.);
#557=EDGE_CURVE('',#427,#424,#225,.T.);
#558=EDGE_CURVE('',#400,#427,#276,.T.);
#559=EDGE_CURVE('',#400,#403,#277,.T.);
#560=EDGE_CURVE('',#425,#428,#226,.T.);
#561=EDGE_CURVE('',#428,#427,#227,.T.);
#562=EDGE_CURVE('',#428,#401,#278,.T.);
#563=EDGE_CURVE('',#426,#429,#279,.T.);
#564=EDGE_CURVE('',#429,#401,#280,.T.);
#565=EDGE_CURVE('',#430,#418,#281,.T.);
#566=EDGE_CURVE('',#430,#429,#228,.T.);
#567=EDGE_CURVE('',#392,#430,#282,.T.);
#568=EDGE_CURVE('',#392,#421,#283,.T.);
#569=EDGE_CURVE('',#404,#399,#284,.T.);
#570=EDGE_CURVE('',#398,#431,#285,.T.);
#571=EDGE_CURVE('',#432,#431,#229,.T.);
#572=EDGE_CURVE('',#432,#399,#286,.T.);
#573=EDGE_CURVE('',#386,#432,#230,.T.);
#574=EDGE_CURVE('',#431,#388,#231,.T.);
#575=EDGE_CURVE('',#349,#378,#232,.T.);
#576=EDGE_CURVE('',#344,#433,#233,.T.);
#577=ORIENTED_EDGE('',*,*,#434,.T.);
#578=ORIENTED_EDGE('',*,*,#435,.F.);
#579=ORIENTED_EDGE('',*,*,#436,.T.);
#580=ORIENTED_EDGE('',*,*,#435,.T.);
#581=ORIENTED_EDGE('',*,*,#437,.T.);
#582=ORIENTED_EDGE('',*,*,#438,.T.);
#583=ORIENTED_EDGE('',*,*,#439,.T.);
#584=ORIENTED_EDGE('',*,*,#436,.F.);
#585=ORIENTED_EDGE('',*,*,#440,.F.);
#586=ORIENTED_EDGE('',*,*,#441,.F.);
#587=ORIENTED_EDGE('',*,*,#442,.F.);
#588=ORIENTED_EDGE('',*,*,#443,.F.);
#589=ORIENTED_EDGE('',*,*,#444,.F.);
#590=ORIENTED_EDGE('',*,*,#445,.F.);
#591=ORIENTED_EDGE('',*,*,#446,.T.);
#592=ORIENTED_EDGE('',*,*,#447,.T.);
#593=ORIENTED_EDGE('',*,*,#448,.T.);
#594=ORIENTED_EDGE('',*,*,#449,.F.);
#595=ORIENTED_EDGE('',*,*,#450,.T.);
#596=ORIENTED_EDGE('',*,*,#451,.T.);
#597=ORIENTED_EDGE('',*,*,#452,.T.);
#598=ORIENTED_EDGE('',*,*,#453,.F.);
#599=ORIENTED_EDGE('',*,*,#454,.T.);
#600=ORIENTED_EDGE('',*,*,#455,.T.);
#601=ORIENTED_EDGE('',*,*,#456,.T.);
#602=ORIENTED_EDGE('',*,*,#457,.F.);
#603=ORIENTED_EDGE('',*,*,#458,.T.);
#604=ORIENTED_EDGE('',*,*,#459,.T.);
#605=ORIENTED_EDGE('',*,*,#460,.T.);
#606=ORIENTED_EDGE('',*,*,#461,.F.);
#607=ORIENTED_EDGE('',*,*,#462,.F.);
#608=ORIENTED_EDGE('',*,*,#463,.F.);
#609=ORIENTED_EDGE('',*,*,#464,.F.);
#610=ORIENTED_EDGE('',*,*,#465,.F.);
#611=ORIENTED_EDGE('',*,*,#466,.F.);
#612=ORIENTED_EDGE('',*,*,#437,.F.);
#613=ORIENTED_EDGE('',*,*,#434,.F.);
#614=ORIENTED_EDGE('',*,*,#442,.T.);
#615=ORIENTED_EDGE('',*,*,#467,.F.);
#616=ORIENTED_EDGE('',*,*,#443,.T.);
#617=ORIENTED_EDGE('',*,*,#467,.T.);
#618=ORIENTED_EDGE('',*,*,#441,.T.);
#619=ORIENTED_EDGE('',*,*,#468,.T.);
#620=ORIENTED_EDGE('',*,*,#469,.T.);
#621=ORIENTED_EDGE('',*,*,#470,.F.);
#622=ORIENTED_EDGE('',*,*,#471,.T.);
#623=ORIENTED_EDGE('',*,*,#470,.T.);
#624=ORIENTED_EDGE('',*,*,#472,.T.);
#625=ORIENTED_EDGE('',*,*,#473,.T.);
#626=ORIENTED_EDGE('',*,*,#471,.F.);
#627=ORIENTED_EDGE('',*,*,#474,.T.);
#628=ORIENTED_EDGE('',*,*,#475,.T.);
#629=ORIENTED_EDGE('',*,*,#476,.T.);
#630=ORIENTED_EDGE('',*,*,#477,.T.);
#631=ORIENTED_EDGE('',*,*,#478,.T.);
#632=ORIENTED_EDGE('',*,*,#472,.F.);
#633=ORIENTED_EDGE('',*,*,#469,.F.);
#634=ORIENTED_EDGE('',*,*,#464,.T.);
#635=ORIENTED_EDGE('',*,*,#479,.F.);
#636=ORIENTED_EDGE('',*,*,#465,.T.);
#637=ORIENTED_EDGE('',*,*,#479,.T.);
#638=ORIENTED_EDGE('',*,*,#463,.T.);
#639=ORIENTED_EDGE('',*,*,#480,.T.);
#640=ORIENTED_EDGE('',*,*,#481,.F.);
#641=ORIENTED_EDGE('',*,*,#482,.T.);
#642=ORIENTED_EDGE('',*,*,#483,.F.);
#643=ORIENTED_EDGE('',*,*,#484,.F.);
#644=ORIENTED_EDGE('',*,*,#482,.F.);
#645=ORIENTED_EDGE('',*,*,#485,.T.);
#646=ORIENTED_EDGE('',*,*,#486,.T.);
#647=ORIENTED_EDGE('',*,*,#487,.T.);
#648=ORIENTED_EDGE('',*,*,#483,.T.);
#649=ORIENTED_EDGE('',*,*,#484,.T.);
#650=ORIENTED_EDGE('',*,*,#487,.F.);
#651=ORIENTED_EDGE('',*,*,#481,.T.);
#652=ORIENTED_EDGE('',*,*,#488,.F.);
#653=ORIENTED_EDGE('',*,*,#489,.F.);
#654=ORIENTED_EDGE('',*,*,#459,.F.);
#655=ORIENTED_EDGE('',*,*,#490,.F.);
#656=ORIENTED_EDGE('',*,*,#491,.F.);
#657=ORIENTED_EDGE('',*,*,#492,.F.);
#658=ORIENTED_EDGE('',*,*,#490,.T.);
#659=ORIENTED_EDGE('',*,*,#458,.F.);
#660=ORIENTED_EDGE('',*,*,#493,.F.);
#661=ORIENTED_EDGE('',*,*,#460,.F.);
#662=ORIENTED_EDGE('',*,*,#489,.T.);
#663=ORIENTED_EDGE('',*,*,#494,.F.);
#664=ORIENTED_EDGE('',*,*,#495,.F.);
#665=ORIENTED_EDGE('',*,*,#496,.F.);
#666=ORIENTED_EDGE('',*,*,#497,.F.);
#667=ORIENTED_EDGE('',*,*,#485,.F.);
#668=ORIENTED_EDGE('',*,*,#486,.F.);
#669=ORIENTED_EDGE('',*,*,#498,.T.);
#670=ORIENTED_EDGE('',*,*,#499,.F.);
#671=ORIENTED_EDGE('',*,*,#500,.F.);
#672=ORIENTED_EDGE('',*,*,#501,.F.);
#673=ORIENTED_EDGE('',*,*,#502,.F.);
#674=ORIENTED_EDGE('',*,*,#503,.F.);
#675=ORIENTED_EDGE('',*,*,#504,.T.);
#676=ORIENTED_EDGE('',*,*,#505,.F.);
#677=ORIENTED_EDGE('',*,*,#476,.F.);
#678=ORIENTED_EDGE('',*,*,#506,.F.);
#679=ORIENTED_EDGE('',*,*,#496,.T.);
#680=ORIENTED_EDGE('',*,*,#507,.F.);
#681=ORIENTED_EDGE('',*,*,#508,.F.);
#682=ORIENTED_EDGE('',*,*,#509,.F.);
#683=ORIENTED_EDGE('',*,*,#510,.F.);
#684=ORIENTED_EDGE('',*,*,#511,.F.);
#685=ORIENTED_EDGE('',*,*,#498,.F.);
#686=ORIENTED_EDGE('',*,*,#497,.T.);
#687=ORIENTED_EDGE('',*,*,#506,.T.);
#688=ORIENTED_EDGE('',*,*,#475,.F.);
#689=ORIENTED_EDGE('',*,*,#512,.T.);
#690=ORIENTED_EDGE('',*,*,#461,.T.);
#691=ORIENTED_EDGE('',*,*,#493,.T.);
#692=ORIENTED_EDGE('',*,*,#457,.T.);
#693=ORIENTED_EDGE('',*,*,#513,.T.);
#694=ORIENTED_EDGE('',*,*,#514,.F.);
#695=ORIENTED_EDGE('',*,*,#515,.T.);
#696=ORIENTED_EDGE('',*,*,#516,.F.);
#697=ORIENTED_EDGE('',*,*,#447,.F.);
#698=ORIENTED_EDGE('',*,*,#517,.F.);
#699=ORIENTED_EDGE('',*,*,#518,.F.);
#700=ORIENTED_EDGE('',*,*,#519,.F.);
#701=ORIENTED_EDGE('',*,*,#448,.F.);
#702=ORIENTED_EDGE('',*,*,#519,.T.);
#703=ORIENTED_EDGE('',*,*,#520,.F.);
#704=ORIENTED_EDGE('',*,*,#521,.F.);
#705=ORIENTED_EDGE('',*,*,#522,.F.);
#706=ORIENTED_EDGE('',*,*,#523,.F.);
#707=ORIENTED_EDGE('',*,*,#524,.F.);
#708=ORIENTED_EDGE('',*,*,#517,.T.);
#709=ORIENTED_EDGE('',*,*,#446,.F.);
#710=ORIENTED_EDGE('',*,*,#525,.F.);
#711=ORIENTED_EDGE('',*,*,#504,.F.);
#712=ORIENTED_EDGE('',*,*,#523,.T.);
#713=ORIENTED_EDGE('',*,*,#503,.T.);
#714=ORIENTED_EDGE('',*,*,#526,.F.);
#715=ORIENTED_EDGE('',*,*,#527,.F.);
#716=ORIENTED_EDGE('',*,*,#518,.T.);
#717=ORIENTED_EDGE('',*,*,#524,.T.);
#718=ORIENTED_EDGE('',*,*,#527,.T.);
#719=ORIENTED_EDGE('',*,*,#528,.T.);
#720=ORIENTED_EDGE('',*,*,#529,.T.);
#721=ORIENTED_EDGE('',*,*,#520,.T.);
#722=ORIENTED_EDGE('',*,*,#521,.T.);
#723=ORIENTED_EDGE('',*,*,#529,.F.);
#724=ORIENTED_EDGE('',*,*,#530,.F.);
#725=ORIENTED_EDGE('',*,*,#531,.T.);
#726=ORIENTED_EDGE('',*,*,#532,.T.);
#727=ORIENTED_EDGE('',*,*,#522,.T.);
#728=ORIENTED_EDGE('',*,*,#532,.F.);
#729=ORIENTED_EDGE('',*,*,#533,.T.);
#730=ORIENTED_EDGE('',*,*,#534,.F.);
#731=ORIENTED_EDGE('',*,*,#535,.T.);
#732=ORIENTED_EDGE('',*,*,#449,.T.);
#733=ORIENTED_EDGE('',*,*,#451,.F.);
#734=ORIENTED_EDGE('',*,*,#536,.F.);
#735=ORIENTED_EDGE('',*,*,#537,.F.);
#736=ORIENTED_EDGE('',*,*,#538,.F.);
#737=ORIENTED_EDGE('',*,*,#452,.F.);
#738=ORIENTED_EDGE('',*,*,#538,.T.);
#739=ORIENTED_EDGE('',*,*,#539,.F.);
#740=ORIENTED_EDGE('',*,*,#540,.F.);
#741=ORIENTED_EDGE('',*,*,#541,.F.);
#742=ORIENTED_EDGE('',*,*,#542,.F.);
#743=ORIENTED_EDGE('',*,*,#543,.F.);
#744=ORIENTED_EDGE('',*,*,#536,.T.);
#745=ORIENTED_EDGE('',*,*,#450,.F.);
#746=ORIENTED_EDGE('',*,*,#535,.F.);
#747=ORIENTED_EDGE('',*,*,#542,.T.);
#748=ORIENTED_EDGE('',*,*,#534,.T.);
#749=ORIENTED_EDGE('',*,*,#544,.T.);
#750=ORIENTED_EDGE('',*,*,#545,.F.);
#751=ORIENTED_EDGE('',*,*,#546,.F.);
#752=ORIENTED_EDGE('',*,*,#537,.T.);
#753=ORIENTED_EDGE('',*,*,#543,.T.);
#754=ORIENTED_EDGE('',*,*,#546,.T.);
#755=ORIENTED_EDGE('',*,*,#547,.T.);
#756=ORIENTED_EDGE('',*,*,#548,.T.);
#757=ORIENTED_EDGE('',*,*,#539,.T.);
#758=ORIENTED_EDGE('',*,*,#455,.F.);
#759=ORIENTED_EDGE('',*,*,#549,.F.);
#760=ORIENTED_EDGE('',*,*,#550,.F.);
#761=ORIENTED_EDGE('',*,*,#551,.F.);
#762=ORIENTED_EDGE('',*,*,#456,.F.);
#763=ORIENTED_EDGE('',*,*,#551,.T.);
#764=ORIENTED_EDGE('',*,*,#552,.F.);
#765=ORIENTED_EDGE('',*,*,#553,.F.);
#766=ORIENTED_EDGE('',*,*,#513,.F.);
#767=ORIENTED_EDGE('',*,*,#554,.F.);
#768=ORIENTED_EDGE('',*,*,#555,.F.);
#769=ORIENTED_EDGE('',*,*,#549,.T.);
#770=ORIENTED_EDGE('',*,*,#454,.F.);
#771=ORIENTED_EDGE('',*,*,#556,.F.);
#772=ORIENTED_EDGE('',*,*,#553,.T.);
#773=ORIENTED_EDGE('',*,*,#557,.F.);
#774=ORIENTED_EDGE('',*,*,#558,.F.);
#775=ORIENTED_EDGE('',*,*,#559,.T.);
#776=ORIENTED_EDGE('',*,*,#514,.T.);
#777=ORIENTED_EDGE('',*,*,#550,.T.);
#778=ORIENTED_EDGE('',*,*,#555,.T.);
#779=ORIENTED_EDGE('',*,*,#560,.T.);
#780=ORIENTED_EDGE('',*,*,#561,.T.);
#781=ORIENTED_EDGE('',*,*,#557,.T.);
#782=ORIENTED_EDGE('',*,*,#552,.T.);
#783=ORIENTED_EDGE('',*,*,#510,.T.);
#784=ORIENTED_EDGE('',*,*,#558,.T.);
#785=ORIENTED_EDGE('',*,*,#561,.F.);
#786=ORIENTED_EDGE('',*,*,#562,.T.);
#787=ORIENTED_EDGE('',*,*,#554,.T.);
#788=ORIENTED_EDGE('',*,*,#563,.T.);
#789=ORIENTED_EDGE('',*,*,#564,.T.);
#790=ORIENTED_EDGE('',*,*,#562,.F.);
#791=ORIENTED_EDGE('',*,*,#560,.F.);
#792=ORIENTED_EDGE('',*,*,#541,.T.);
#793=ORIENTED_EDGE('',*,*,#565,.F.);
#794=ORIENTED_EDGE('',*,*,#566,.T.);
#795=ORIENTED_EDGE('',*,*,#563,.F.);
#796=ORIENTED_EDGE('',*,*,#556,.T.);
#797=ORIENTED_EDGE('',*,*,#453,.T.);
#798=ORIENTED_EDGE('',*,*,#564,.F.);
#799=ORIENTED_EDGE('',*,*,#566,.F.);
#800=ORIENTED_EDGE('',*,*,#567,.F.);
#801=ORIENTED_EDGE('',*,*,#499,.T.);
#802=ORIENTED_EDGE('',*,*,#511,.T.);
#803=ORIENTED_EDGE('',*,*,#500,.T.);
#804=ORIENTED_EDGE('',*,*,#568,.T.);
#805=ORIENTED_EDGE('',*,*,#547,.F.);
#806=ORIENTED_EDGE('',*,*,#545,.T.);
#807=ORIENTED_EDGE('',*,*,#540,.T.);
#808=ORIENTED_EDGE('',*,*,#548,.F.);
#809=ORIENTED_EDGE('',*,*,#568,.F.);
#810=ORIENTED_EDGE('',*,*,#567,.T.);
#811=ORIENTED_EDGE('',*,*,#565,.T.);
#812=ORIENTED_EDGE('',*,*,#544,.F.);
#813=ORIENTED_EDGE('',*,*,#533,.F.);
#814=ORIENTED_EDGE('',*,*,#531,.F.);
#815=ORIENTED_EDGE('',*,*,#501,.T.);
#816=ORIENTED_EDGE('',*,*,#502,.T.);
#817=ORIENTED_EDGE('',*,*,#530,.T.);
#818=ORIENTED_EDGE('',*,*,#528,.F.);
#819=ORIENTED_EDGE('',*,*,#526,.T.);
#820=ORIENTED_EDGE('',*,*,#559,.F.);
#821=ORIENTED_EDGE('',*,*,#509,.T.);
#822=ORIENTED_EDGE('',*,*,#569,.F.);
#823=ORIENTED_EDGE('',*,*,#515,.F.);
#824=ORIENTED_EDGE('',*,*,#508,.T.);
#825=ORIENTED_EDGE('',*,*,#570,.T.);
#826=ORIENTED_EDGE('',*,*,#571,.F.);
#827=ORIENTED_EDGE('',*,*,#572,.T.);
#828=ORIENTED_EDGE('',*,*,#488,.T.);
#829=ORIENTED_EDGE('',*,*,#492,.T.);
#830=ORIENTED_EDGE('',*,*,#573,.T.);
#831=ORIENTED_EDGE('',*,*,#571,.T.);
#832=ORIENTED_EDGE('',*,*,#574,.T.);
#833=ORIENTED_EDGE('',*,*,#494,.T.);
#834=ORIENTED_EDGE('',*,*,#491,.T.);
#835=ORIENTED_EDGE('',*,*,#516,.T.);
#836=ORIENTED_EDGE('',*,*,#569,.T.);
#837=ORIENTED_EDGE('',*,*,#572,.F.);
#838=ORIENTED_EDGE('',*,*,#573,.F.);
#839=ORIENTED_EDGE('',*,*,#495,.T.);
#840=ORIENTED_EDGE('',*,*,#574,.F.);
#841=ORIENTED_EDGE('',*,*,#570,.F.);
#842=ORIENTED_EDGE('',*,*,#507,.T.);
#843=ORIENTED_EDGE('',*,*,#525,.T.);
#844=ORIENTED_EDGE('',*,*,#445,.T.);
#845=ORIENTED_EDGE('',*,*,#575,.T.);
#846=ORIENTED_EDGE('',*,*,#477,.F.);
#847=ORIENTED_EDGE('',*,*,#505,.T.);
#848=ORIENTED_EDGE('',*,*,#438,.F.);
#849=ORIENTED_EDGE('',*,*,#466,.T.);
#850=ORIENTED_EDGE('',*,*,#480,.F.);
#851=ORIENTED_EDGE('',*,*,#462,.T.);
#852=ORIENTED_EDGE('',*,*,#512,.F.);
#853=ORIENTED_EDGE('',*,*,#474,.F.);
#854=ORIENTED_EDGE('',*,*,#473,.F.);
#855=ORIENTED_EDGE('',*,*,#478,.F.);
#856=ORIENTED_EDGE('',*,*,#575,.F.);
#857=ORIENTED_EDGE('',*,*,#444,.T.);
#858=ORIENTED_EDGE('',*,*,#468,.F.);
#859=ORIENTED_EDGE('',*,*,#440,.T.);
#860=ORIENTED_EDGE('',*,*,#439,.F.);
#861=ORIENTED_EDGE('',*,*,#576,.T.);
#862=ORIENTED_EDGE('',*,*,#576,.F.);
#863=PLANE('',#952);
#864=PLANE('',#957);
#865=PLANE('',#969);
#866=PLANE('',#973);
#867=PLANE('',#977);
#868=PLANE('',#981);
#869=PLANE('',#993);
#870=PLANE('',#1013);
#871=PLANE('',#1022);
#872=PLANE('',#1027);
#873=PLANE('',#1034);
#874=PLANE('',#1043);
#875=PLANE('',#1048);
#876=PLANE('',#1049);
#877=PLANE('',#1052);
#878=PLANE('',#1053);
#879=PLANE('',#1054);
#880=PLANE('',#1055);
#881=PLANE('',#1056);
#882=PLANE('',#1057);
#883=PLANE('',#1058);
#884=PLANE('',#1063);
#885=PLANE('',#1064);
#886=PLANE('',#1065);
#887=ADVANCED_FACE('',(#68),#863,.F.);
#888=ADVANCED_FACE('',(#69),#52,.F.);
#889=ADVANCED_FACE('',(#70),#864,.F.);
#890=ADVANCED_FACE('',(#71),#865,.F.);
#891=ADVANCED_FACE('',(#72),#53,.F.);
#892=ADVANCED_FACE('',(#73),#866,.F.);
#893=ADVANCED_FACE('',(#74),#54,.F.);
#894=ADVANCED_FACE('',(#75),#867,.T.);
#895=ADVANCED_FACE('',(#76),#868,.F.);
#896=ADVANCED_FACE('',(#77),#55,.F.);
#897=ADVANCED_FACE('',(#78),#47,.T.);
#898=ADVANCED_FACE('',(#79),#56,.T.);
#899=ADVANCED_FACE('',(#80),#869,.F.);
#900=ADVANCED_FACE('',(#81),#48,.T.);
#901=ADVANCED_FACE('',(#82),#57,.T.);
#902=ADVANCED_FACE('',(#83),#58,.T.);
#903=ADVANCED_FACE('',(#84),#15,.F.);
#904=ADVANCED_FACE('',(#85),#870,.T.);
#905=ADVANCED_FACE('',(#86),#59,.F.);
#906=ADVANCED_FACE('',(#87),#49,.T.);
#907=ADVANCED_FACE('',(#88),#60,.T.);
#908=ADVANCED_FACE('',(#89),#61,.T.);
#909=ADVANCED_FACE('',(#90),#871,.T.);
#910=ADVANCED_FACE('',(#91),#16,.F.);
#911=ADVANCED_FACE('',(#92),#872,.T.);
#912=ADVANCED_FACE('',(#93),#62,.F.);
#913=ADVANCED_FACE('',(#94),#50,.T.);
#914=ADVANCED_FACE('',(#95),#63,.T.);
#915=ADVANCED_FACE('',(#96),#64,.T.);
#916=ADVANCED_FACE('',(#97),#873,.T.);
#917=ADVANCED_FACE('',(#98),#17,.F.);
#918=ADVANCED_FACE('',(#99),#51,.T.);
#919=ADVANCED_FACE('',(#100),#65,.T.);
#920=ADVANCED_FACE('',(#101),#66,.T.);
#921=ADVANCED_FACE('',(#102),#874,.T.);
#922=ADVANCED_FACE('',(#103),#18,.F.);
#923=ADVANCED_FACE('',(#104),#875,.T.);
#924=ADVANCED_FACE('',(#105),#876,.T.);
#925=ADVANCED_FACE('',(#106),#67,.F.);
#926=ADVANCED_FACE('',(#107),#877,.F.);
#927=ADVANCED_FACE('',(#108),#878,.T.);
#928=ADVANCED_FACE('',(#109),#879,.T.);
#929=ADVANCED_FACE('',(#110),#880,.F.);
#930=ADVANCED_FACE('',(#111),#881,.T.);
#931=ADVANCED_FACE('',(#112),#882,.F.);
#932=ADVANCED_FACE('',(#113),#883,.T.);
#933=ADVANCED_FACE('',(#114),#19,.F.);
#934=ADVANCED_FACE('',(#115),#884,.T.);
#935=ADVANCED_FACE('',(#116),#885,.T.);
#936=ADVANCED_FACE('',(#117),#886,.T.);
#937=ADVANCED_FACE('',(#118),#20,.T.);
#938=CLOSED_SHELL('',(#887,#888,#889,#890,#891,#892,#893,#894,#895,#896,
#897,#898,#899,#900,#901,#902,#903,#904,#905,#906,#907,#908,#909,#910,#911,
#912,#913,#914,#915,#916,#917,#918,#919,#920,#921,#922,#923,#924,#925,#926,
#927,#928,#929,#930,#931,#932,#933,#934,#935,#936,#937));
#939=DERIVED_UNIT_ELEMENT(#941,1.);
#940=DERIVED_UNIT_ELEMENT(#1872,-3.);
#941=(
MASS_UNIT()
NAMED_UNIT(*)
SI_UNIT(.KILO.,.GRAM.)
);
#942=DERIVED_UNIT((#939,#940));
#943=MEASURE_REPRESENTATION_ITEM('density measure',
POSITIVE_RATIO_MEASURE(900.),#942);
#944=PROPERTY_DEFINITION_REPRESENTATION(#949,#946);
#945=PROPERTY_DEFINITION_REPRESENTATION(#950,#947);
#946=REPRESENTATION('material name',(#948),#1869);
#947=REPRESENTATION('density',(#943),#1869);
#948=DESCRIPTIVE_REPRESENTATION_ITEM('\X2\76AE9769FF0C98CE5316\X0\',
'\X2\76AE9769FF0C98CE5316\X0\');
#949=PROPERTY_DEFINITION('material property','material name',#1879);
#950=PROPERTY_DEFINITION('material property','density of part',#1879);
#951=AXIS2_PLACEMENT_3D('',#1358,#1069,#1070);
#952=AXIS2_PLACEMENT_3D('',#1359,#1071,#1072);
#953=AXIS2_PLACEMENT_3D('',#1363,#1074,#1075);
#954=AXIS2_PLACEMENT_3D('',#1364,#1076,#1077);
#955=AXIS2_PLACEMENT_3D('',#1370,#1080,#1081);
#956=AXIS2_PLACEMENT_3D('',#1371,#1082,#1083);
#957=AXIS2_PLACEMENT_3D('',#1372,#1084,#1085);
#958=AXIS2_PLACEMENT_3D('',#1374,#1086,#1087);
#959=AXIS2_PLACEMENT_3D('',#1382,#1091,#1092);
#960=AXIS2_PLACEMENT_3D('',#1388,#1095,#1096);
#961=AXIS2_PLACEMENT_3D('',#1392,#1098,#1099);
#962=AXIS2_PLACEMENT_3D('',#1396,#1101,#1102);
#963=AXIS2_PLACEMENT_3D('',#1400,#1104,#1105);
#964=AXIS2_PLACEMENT_3D('',#1404,#1107,#1108);
#965=AXIS2_PLACEMENT_3D('',#1408,#1110,#1111);
#966=AXIS2_PLACEMENT_3D('',#1412,#1113,#1114);
#967=AXIS2_PLACEMENT_3D('',#1418,#1117,#1118);
#968=AXIS2_PLACEMENT_3D('',#1425,#1122,#1123);
#969=AXIS2_PLACEMENT_3D('',#1426,#1124,#1125);
#970=AXIS2_PLACEMENT_3D('',#1427,#1126,#1127);
#971=AXIS2_PLACEMENT_3D('',#1428,#1128,#1129);
#972=AXIS2_PLACEMENT_3D('',#1429,#1130,#1131);
#973=AXIS2_PLACEMENT_3D('',#1430,#1132,#1133);
#974=AXIS2_PLACEMENT_3D('',#1434,#1135,#1136);
#975=AXIS2_PLACEMENT_3D('',#1435,#1137,#1138);
#976=AXIS2_PLACEMENT_3D('',#1440,#1141,#1142);
#977=AXIS2_PLACEMENT_3D('',#1441,#1143,#1144);
#978=AXIS2_PLACEMENT_3D('',#1443,#1145,#1146);
#979=AXIS2_PLACEMENT_3D('',#1447,#1148,#1149);
#980=AXIS2_PLACEMENT_3D('',#1450,#1151,#1152);
#981=AXIS2_PLACEMENT_3D('',#1451,#1153,#1154);
#982=AXIS2_PLACEMENT_3D('',#1452,#1155,#1156);
#983=AXIS2_PLACEMENT_3D('',#1453,#1157,#1158);
#984=AXIS2_PLACEMENT_3D('',#1454,#1159,#1160);
#985=AXIS2_PLACEMENT_3D('',#1455,#1161,#1162);
#986=AXIS2_PLACEMENT_3D('',#1457,#1163,#1164);
#987=AXIS2_PLACEMENT_3D('',#1459,#1165,#1166);
#988=AXIS2_PLACEMENT_3D('',#1461,#1167,#1168);
#989=AXIS2_PLACEMENT_3D('',#1462,#1169,#1170);
#990=AXIS2_PLACEMENT_3D('',#1463,#1171,#1172);
#991=AXIS2_PLACEMENT_3D('',#1466,#1173,#1174);
#992=AXIS2_PLACEMENT_3D('',#1467,#1175,#1176);
#993=AXIS2_PLACEMENT_3D('',#1469,#1178,#1179);
#994=AXIS2_PLACEMENT_3D('',#1470,#1180,#1181);
#995=AXIS2_PLACEMENT_3D('',#1473,#1182,#1183);
#996=AXIS2_PLACEMENT_3D('',#1500,#1184,#1185);
#997=AXIS2_PLACEMENT_3D('',#1520,#1187,#1188);
#998=AXIS2_PLACEMENT_3D('',#1544,#1190,#1191);
#999=AXIS2_PLACEMENT_3D('',#1545,#1192,#1193);
#1000=AXIS2_PLACEMENT_3D('',#1547,#1194,#1195);
#1001=AXIS2_PLACEMENT_3D('',#1549,#1196,#1197);
#1002=AXIS2_PLACEMENT_3D('',#1551,#1198,#1199);
#1003=AXIS2_PLACEMENT_3D('',#1553,#1200,#1201);
#1004=AXIS2_PLACEMENT_3D('',#1555,#1202,#1203);
#1005=AXIS2_PLACEMENT_3D('',#1557,#1204,#1205);
#1006=AXIS2_PLACEMENT_3D('',#1572,#1206,#1207);
#1007=AXIS2_PLACEMENT_3D('',#1573,#1208,#1209);
#1008=AXIS2_PLACEMENT_3D('',#1575,#1210,#1211);
#1009=AXIS2_PLACEMENT_3D('',#1577,#1212,#1213);
#1010=AXIS2_PLACEMENT_3D('',#1579,#1214,#1215);
#1011=AXIS2_PLACEMENT_3D('',#1581,#1216,#1217);
#1012=AXIS2_PLACEMENT_3D('',#1582,#1218,#1219);
#1013=AXIS2_PLACEMENT_3D('',#1583,#1220,#1221);
#1014=AXIS2_PLACEMENT_3D('',#1584,#1222,#1223);
#1015=AXIS2_PLACEMENT_3D('',#1585,#1224,#1225);
#1016=AXIS2_PLACEMENT_3D('',#1600,#1227,#1228);
#1017=AXIS2_PLACEMENT_3D('',#1602,#1230,#1231);
#1018=AXIS2_PLACEMENT_3D('',#1619,#1232,#1233);
#1019=AXIS2_PLACEMENT_3D('',#1634,#1234,#1235);
#1020=AXIS2_PLACEMENT_3D('',#1654,#1237,#1238);
#1021=AXIS2_PLACEMENT_3D('',#1663,#1240,#1241);
#1022=AXIS2_PLACEMENT_3D('',#1664,#1242,#1243);
#1023=AXIS2_PLACEMENT_3D('',#1667,#1245,#1246);
#1024=AXIS2_PLACEMENT_3D('',#1668,#1247,#1248);
#1025=AXIS2_PLACEMENT_3D('',#1670,#1249,#1250);
#1026=AXIS2_PLACEMENT_3D('',#1671,#1251,#1252);
#1027=AXIS2_PLACEMENT_3D('',#1672,#1253,#1254);
#1028=AXIS2_PLACEMENT_3D('',#1677,#1258,#1259);
#1029=AXIS2_PLACEMENT_3D('',#1679,#1260,#1261);
#1030=AXIS2_PLACEMENT_3D('',#1692,#1263,#1264);
#1031=AXIS2_PLACEMENT_3D('',#1709,#1265,#1266);
#1032=AXIS2_PLACEMENT_3D('',#1724,#1267,#1268);
#1033=AXIS2_PLACEMENT_3D('',#1744,#1270,#1271);
#1034=AXIS2_PLACEMENT_3D('',#1753,#1273,#1274);
#1035=AXIS2_PLACEMENT_3D('',#1757,#1277,#1278);
#1036=AXIS2_PLACEMENT_3D('',#1758,#1279,#1280);
#1037=AXIS2_PLACEMENT_3D('',#1760,#1281,#1282);
#1038=AXIS2_PLACEMENT_3D('',#1761,#1283,#1284);
#1039=AXIS2_PLACEMENT_3D('',#1762,#1285,#1286);
#1040=AXIS2_PLACEMENT_3D('',#1779,#1287,#1288);
#1041=AXIS2_PLACEMENT_3D('',#1794,#1289,#1290);
#1042=AXIS2_PLACEMENT_3D('',#1803,#1292,#1293);
#1043=AXIS2_PLACEMENT_3D('',#1823,#1295,#1296);
#1044=AXIS2_PLACEMENT_3D('',#1825,#1297,#1298);
#1045=AXIS2_PLACEMENT_3D('',#1828,#1301,#1302);
#1046=AXIS2_PLACEMENT_3D('',#1830,#1303,#1304);
#1047=AXIS2_PLACEMENT_3D('',#1831,#1305,#1306);
#1048=AXIS2_PLACEMENT_3D('',#1832,#1307,#1308);
#1049=AXIS2_PLACEMENT_3D('',#1834,#1310,#1311);
#1050=AXIS2_PLACEMENT_3D('',#1838,#1314,#1315);
#1051=AXIS2_PLACEMENT_3D('',#1841,#1317,#1318);
#1052=AXIS2_PLACEMENT_3D('',#1842,#1319,#1320);
#1053=AXIS2_PLACEMENT_3D('',#1844,#1322,#1323);
#1054=AXIS2_PLACEMENT_3D('',#1846,#1325,#1326);
#1055=AXIS2_PLACEMENT_3D('',#1847,#1327,#1328);
#1056=AXIS2_PLACEMENT_3D('',#1848,#1329,#1330);
#1057=AXIS2_PLACEMENT_3D('',#1849,#1331,#1332);
#1058=AXIS2_PLACEMENT_3D('',#1851,#1334,#1335);
#1059=AXIS2_PLACEMENT_3D('',#1855,#1337,#1338);
#1060=AXIS2_PLACEMENT_3D('',#1857,#1340,#1341);
#1061=AXIS2_PLACEMENT_3D('',#1858,#1342,#1343);
#1062=AXIS2_PLACEMENT_3D('',#1859,#1344,#1345);
#1063=AXIS2_PLACEMENT_3D('',#1860,#1346,#1347);
#1064=AXIS2_PLACEMENT_3D('',#1861,#1348,#1349);
#1065=AXIS2_PLACEMENT_3D('',#1862,#1350,#1351);
#1066=AXIS2_PLACEMENT_3D('',#1863,#1352,#1353);
#1067=AXIS2_PLACEMENT_3D('',#1864,#1354,#1355);
#1068=AXIS2_PLACEMENT_3D('',#1866,#1356,#1357);
#1069=DIRECTION('axis',(0.,0.,1.));
#1070=DIRECTION('refdir',(1.,0.,0.));
#1071=DIRECTION('center_axis',(-1.83697019872103E-16,0.,-1.));
#1072=DIRECTION('ref_axis',(0.,1.,0.));
#1073=DIRECTION('',(-1.,0.,1.83697019872103E-16));
#1074=DIRECTION('center_axis',(-1.83697019872103E-16,0.,-1.));
#1075=DIRECTION('ref_axis',(0.,1.,0.));
#1076=DIRECTION('center_axis',(-1.83697019872103E-16,0.,-1.));
#1077=DIRECTION('ref_axis',(1.22464679914735E-16,-1.,-2.24963967399279E-32));
#1078=DIRECTION('',(-1.83697019872103E-16,0.,-1.));
#1079=DIRECTION('',(1.83697019872103E-16,0.,1.));
#1080=DIRECTION('center_axis',(1.83697019872103E-16,0.,1.));
#1081=DIRECTION('ref_axis',(0.,1.,0.));
#1082=DIRECTION('center_axis',(1.83697019872103E-16,0.,1.));
#1083=DIRECTION('ref_axis',(0.,1.,0.));
#1084=DIRECTION('center_axis',(0.,-1.,0.));
#1085=DIRECTION('ref_axis',(0.,0.,1.));
#1086=DIRECTION('center_axis',(0.,-1.,0.));
#1087=DIRECTION('ref_axis',(0.,0.,-1.));
#1088=DIRECTION('',(1.,0.,-1.22464679914735E-16));
#1089=DIRECTION('',(1.22464679914735E-16,0.,1.));
#1090=DIRECTION('',(-1.,0.,1.22464679914735E-16));
#1091=DIRECTION('center_axis',(0.,-1.,0.));
#1092=DIRECTION('ref_axis',(0.,0.,-1.));
#1093=DIRECTION('',(8.32667268468868E-17,0.,-1.));
#1094=DIRECTION('',(0.615661475325658,0.,-0.788010753606722));
#1095=DIRECTION('center_axis',(0.,-1.,0.));
#1096=DIRECTION('ref_axis',(0.707106781186548,0.,-0.707106781186547));
#1097=DIRECTION('',(-0.788010753606722,0.,0.615661475325658));
#1098=DIRECTION('center_axis',(0.,1.,0.));
#1099=DIRECTION('ref_axis',(-1.,0.,0.));
#1100=DIRECTION('',(0.788010753606722,0.,0.615661475325658));
#1101=DIRECTION('center_axis',(0.,-1.,0.));
#1102=DIRECTION('ref_axis',(0.707106781186547,0.,0.707106781186548));
#1103=DIRECTION('',(-0.615661475325659,0.,-0.788010753606722));
#1104=DIRECTION('center_axis',(0.,1.,0.));
#1105=DIRECTION('ref_axis',(-1.,0.,0.));
#1106=DIRECTION('',(-0.615661475325658,0.,0.788010753606722));
#1107=DIRECTION('center_axis',(0.,-1.,0.));
#1108=DIRECTION('ref_axis',(-0.707106781186548,0.,0.707106781186547));
#1109=DIRECTION('',(0.788010753606722,0.,-0.615661475325659));
#1110=DIRECTION('center_axis',(0.,1.,0.));
#1111=DIRECTION('ref_axis',(-1.,0.,0.));
#1112=DIRECTION('',(-0.788010753606722,0.,-0.615661475325658));
#1113=DIRECTION('center_axis',(0.,-1.,0.));
#1114=DIRECTION('ref_axis',(-0.707106781186547,0.,-0.707106781186548));
#1115=DIRECTION('',(0.615661475325658,0.,0.788010753606722));
#1116=DIRECTION('',(0.,0.,1.));
#1117=DIRECTION('center_axis',(0.,-1.,0.));
#1118=DIRECTION('ref_axis',(0.,0.,-1.));
#1119=DIRECTION('',(-1.,0.,0.));
#1120=DIRECTION('',(0.,0.,-1.));
#1121=DIRECTION('',(1.,0.,0.));
#1122=DIRECTION('center_axis',(0.,-1.,0.));
#1123=DIRECTION('ref_axis',(0.,0.,-1.));
#1124=DIRECTION('center_axis',(-1.,0.,1.22464679914735E-16));
#1125=DIRECTION('ref_axis',(0.,1.,0.));
#1126=DIRECTION('center_axis',(-1.,0.,1.22464679914735E-16));
#1127=DIRECTION('ref_axis',(0.,1.,0.));
#1128=DIRECTION('center_axis',(-1.,0.,1.22464679914735E-16));
#1129=DIRECTION('ref_axis',(-1.49975978266186E-32,-1.,-1.22464679914735E-16));
#1130=DIRECTION('center_axis',(1.,0.,-1.22464679914735E-16));
#1131=DIRECTION('ref_axis',(0.,1.,0.));
#1132=DIRECTION('center_axis',(6.12323399573677E-17,0.,1.));
#1133=DIRECTION('ref_axis',(0.,1.,0.));
#1134=DIRECTION('',(1.,0.,-6.12323399573677E-17));
#1135=DIRECTION('center_axis',(6.12323399573677E-17,0.,1.));
#1136=DIRECTION('ref_axis',(0.,1.,0.));
#1137=DIRECTION('center_axis',(6.12323399573677E-17,0.,1.));
#1138=DIRECTION('ref_axis',(-1.22464679914735E-16,-1.,7.49879891330929E-33));
#1139=DIRECTION('',(6.12323399573677E-17,0.,1.));
#1140=DIRECTION('',(-6.12323399573677E-17,0.,-1.));
#1141=DIRECTION('center_axis',(-6.12323399573677E-17,0.,-1.));
#1142=DIRECTION('ref_axis',(0.,1.,0.));
#1143=DIRECTION('center_axis',(0.,1.,0.));
#1144=DIRECTION('ref_axis',(0.,0.,-1.));
#1145=DIRECTION('center_axis',(0.,1.,0.));
#1146=DIRECTION('ref_axis',(0.,0.,1.));
#1147=DIRECTION('',(0.,0.,1.));
#1148=DIRECTION('center_axis',(0.,-1.,0.));
#1149=DIRECTION('ref_axis',(0.,0.,1.));
#1150=DIRECTION('',(8.32667268468868E-17,0.,-1.));
#1151=DIRECTION('center_axis',(0.,1.,0.));
#1152=DIRECTION('ref_axis',(0.,0.,1.));
#1153=DIRECTION('center_axis',(1.,0.,0.));
#1154=DIRECTION('ref_axis',(0.,1.,0.));
#1155=DIRECTION('center_axis',(1.,0.,0.));
#1156=DIRECTION('ref_axis',(0.,1.,0.));
#1157=DIRECTION('center_axis',(1.,0.,0.));
#1158=DIRECTION('ref_axis',(0.,-1.,1.22464679914735E-16));
#1159=DIRECTION('center_axis',(-1.,0.,0.));
#1160=DIRECTION('ref_axis',(0.,1.,0.));
#1161=DIRECTION('center_axis',(0.,1.,0.));
#1162=DIRECTION('ref_axis',(0.,0.,1.));
#1163=DIRECTION('center_axis',(0.,1.,0.));
#1164=DIRECTION('ref_axis',(1.,0.,0.));
#1165=DIRECTION('center_axis',(-1.,0.,0.));
#1166=DIRECTION('ref_axis',(0.,0.,-1.));
#1167=DIRECTION('center_axis',(0.,-1.,0.));
#1168=DIRECTION('ref_axis',(1.,0.,0.));
#1169=DIRECTION('center_axis',(0.,-1.,0.));
#1170=DIRECTION('ref_axis',(1.,0.,0.));
#1171=DIRECTION('center_axis',(0.,1.,0.));
#1172=DIRECTION('ref_axis',(1.,0.,0.));
#1173=DIRECTION('center_axis',(0.,1.,0.));
#1174=DIRECTION('ref_axis',(1.,0.,0.));
#1175=DIRECTION('center_axis',(0.,1.,0.));
#1176=DIRECTION('ref_axis',(1.,0.,0.));
#1177=DIRECTION('',(0.,1.,0.));
#1178=DIRECTION('center_axis',(0.,-1.,0.));
#1179=DIRECTION('ref_axis',(1.,0.,0.));
#1180=DIRECTION('center_axis',(0.,-1.,0.));
#1181=DIRECTION('ref_axis',(0.,0.,-1.));
#1182=DIRECTION('center_axis',(0.,1.,0.));
#1183=DIRECTION('ref_axis',(-0.707106781186547,0.,-0.707106781186548));
#1184=DIRECTION('center_axis',(-0.788010753606722,0.,-0.615661475325658));
#1185=DIRECTION('ref_axis',(0.435338404118087,0.707106781186548,-0.557207747523235));
#1186=DIRECTION('',(0.788010753606722,0.,0.615661475325658));
#1187=DIRECTION('center_axis',(0.615661475325658,0.,0.788010753606722));
#1188=DIRECTION('ref_axis',(-0.557207747523235,0.707106781186548,0.435338404118087));
#1189=DIRECTION('',(-0.615661475325658,0.,-0.788010753606722));
#1190=DIRECTION('center_axis',(1.,0.,0.));
#1191=DIRECTION('ref_axis',(3.0207669984717E-17,-8.54401931601548E-17,1.));
#1192=DIRECTION('center_axis',(0.,1.,-6.12323399573677E-17));
#1193=DIRECTION('ref_axis',(0.,0.,-1.));
#1194=DIRECTION('center_axis',(-1.,0.,0.));
#1195=DIRECTION('ref_axis',(0.,0.,1.));
#1196=DIRECTION('center_axis',(0.,-1.,0.));
#1197=DIRECTION('ref_axis',(0.,0.,1.));
#1198=DIRECTION('center_axis',(0.,-1.,0.));
#1199=DIRECTION('ref_axis',(0.,0.,1.));
#1200=DIRECTION('center_axis',(0.,-1.,0.));
#1201=DIRECTION('ref_axis',(0.,0.,1.));
#1202=DIRECTION('center_axis',(0.,-1.,0.));
#1203=DIRECTION('ref_axis',(0.,0.,1.));
#1204=DIRECTION('center_axis',(-0.788010753606722,0.,-0.615661475325658));
#1205=DIRECTION('ref_axis',(0.,-1.,0.));
#1206=DIRECTION('center_axis',(1.,0.,8.32667268468868E-17));
#1207=DIRECTION('ref_axis',(8.32667268468868E-17,0.,-1.));
#1208=DIRECTION('center_axis',(-1.,0.,0.));
#1209=DIRECTION('ref_axis',(0.,0.,1.));
#1210=DIRECTION('center_axis',(0.788010753606722,0.,-0.615661475325658));
#1211=DIRECTION('ref_axis',(0.,-1.,0.));
#1212=DIRECTION('center_axis',(0.,-1.,0.));
#1213=DIRECTION('ref_axis',(0.,0.,1.));
#1214=DIRECTION('center_axis',(0.,-1.,0.));
#1215=DIRECTION('ref_axis',(0.,0.,1.));
#1216=DIRECTION('center_axis',(0.,-1.,0.));
#1217=DIRECTION('ref_axis',(0.,0.,1.));
#1218=DIRECTION('center_axis',(0.,-1.,0.));
#1219=DIRECTION('ref_axis',(0.,0.,1.));
#1220=DIRECTION('center_axis',(1.,0.,0.));
#1221=DIRECTION('ref_axis',(0.,0.,1.));
#1222=DIRECTION('center_axis',(1.,0.,0.));
#1223=DIRECTION('ref_axis',(0.,0.,1.));
#1224=DIRECTION('center_axis',(0.,1.,0.));
#1225=DIRECTION('ref_axis',(-1.,0.,0.));
#1226=DIRECTION('',(0.,1.,0.));
#1227=DIRECTION('center_axis',(0.,-1.,0.));
#1228=DIRECTION('ref_axis',(-1.,0.,0.));
#1229=DIRECTION('',(0.,-1.,0.));
#1230=DIRECTION('center_axis',(0.,-1.,0.));
#1231=DIRECTION('ref_axis',(0.,0.,-1.));
#1232=DIRECTION('center_axis',(0.,1.,0.));
#1233=DIRECTION('ref_axis',(0.707106781186548,0.,-0.707106781186547));
#1234=DIRECTION('center_axis',(-0.788010753606722,0.,0.615661475325658));
#1235=DIRECTION('ref_axis',(-0.435338404118087,0.707106781186548,-0.557207747523235));
#1236=DIRECTION('',(0.788010753606722,0.,-0.615661475325658));
#1237=DIRECTION('center_axis',(0.615661475325658,0.,-0.788010753606722));
#1238=DIRECTION('ref_axis',(0.557207747523235,0.707106781186548,0.435338404118086));
#1239=DIRECTION('',(-0.615661475325658,0.,0.788010753606722));
#1240=DIRECTION('center_axis',(-1.,0.,-8.32667268468868E-17));
#1241=DIRECTION('ref_axis',(-1.81246019908302E-16,-4.27200965800774E-17,
1.));
#1242=DIRECTION('center_axis',(0.788010753606722,0.,0.615661475325658));
#1243=DIRECTION('ref_axis',(-0.615661475325658,0.,0.788010753606722));
#1244=DIRECTION('',(-0.615661475325658,0.,0.788010753606722));
#1245=DIRECTION('center_axis',(-0.788010753606722,0.,-0.615661475325658));
#1246=DIRECTION('ref_axis',(0.,-1.,0.));
#1247=DIRECTION('center_axis',(0.,0.,1.));
#1248=DIRECTION('ref_axis',(-1.,0.,0.));
#1249=DIRECTION('center_axis',(0.,-1.,0.));
#1250=DIRECTION('ref_axis',(0.,0.,1.));
#1251=DIRECTION('center_axis',(0.615661475325658,0.,0.788010753606722));
#1252=DIRECTION('ref_axis',(0.,1.,0.));
#1253=DIRECTION('center_axis',(-0.615661475325658,0.,-0.788010753606722));
#1254=DIRECTION('ref_axis',(0.788010753606722,0.,-0.615661475325658));
#1255=DIRECTION('',(0.788010753606722,0.,-0.615661475325658));
#1256=DIRECTION('',(-0.788010753606722,0.,0.615661475325658));
#1257=DIRECTION('',(0.,1.,0.));
#1258=DIRECTION('center_axis',(0.,1.,0.));
#1259=DIRECTION('ref_axis',(1.,0.,-1.22464679914735E-16));
#1260=DIRECTION('center_axis',(0.,-1.,0.));
#1261=DIRECTION('ref_axis',(-1.,0.,0.));
#1262=DIRECTION('',(0.,-1.,0.));
#1263=DIRECTION('center_axis',(0.,-1.,0.));
#1264=DIRECTION('ref_axis',(0.,0.,-1.));
#1265=DIRECTION('center_axis',(0.,1.,0.));
#1266=DIRECTION('ref_axis',(0.707106781186547,0.,0.707106781186548));
#1267=DIRECTION('center_axis',(-0.615661475325659,0.,-0.788010753606722));
#1268=DIRECTION('ref_axis',(0.557207747523234,0.707106781186547,-0.435338404118088));
#1269=DIRECTION('',(0.615661475325659,0.,0.788010753606722));
#1270=DIRECTION('center_axis',(0.788010753606722,0.,0.615661475325658));
#1271=DIRECTION('ref_axis',(-0.435338404118087,0.707106781186548,0.557207747523234));
#1272=DIRECTION('',(-0.788010753606722,0.,-0.615661475325658));
#1273=DIRECTION('center_axis',(-0.615661475325658,0.,0.788010753606722));
#1274=DIRECTION('ref_axis',(-0.788010753606722,0.,-0.615661475325658));
#1275=DIRECTION('',(0.788010753606722,0.,0.615661475325658));
#1276=DIRECTION('',(-0.788010753606722,0.,-0.615661475325658));
#1277=DIRECTION('center_axis',(0.615661475325658,0.,-0.788010753606722));
#1278=DIRECTION('ref_axis',(0.,-1.,0.));
#1279=DIRECTION('center_axis',(0.,0.,1.));
#1280=DIRECTION('ref_axis',(-1.,0.,0.));
#1281=DIRECTION('center_axis',(0.,-1.,0.));
#1282=DIRECTION('ref_axis',(0.,0.,1.));
#1283=DIRECTION('center_axis',(-0.788010753606722,0.,0.615661475325659));
#1284=DIRECTION('ref_axis',(0.,1.,0.));
#1285=DIRECTION('center_axis',(0.,-1.,0.));
#1286=DIRECTION('ref_axis',(0.,0.,-1.));
#1287=DIRECTION('center_axis',(0.,1.,0.));
#1288=DIRECTION('ref_axis',(-0.707106781186548,0.,0.707106781186548));
#1289=DIRECTION('center_axis',(0.788010753606722,0.,-0.615661475325659));
#1290=DIRECTION('ref_axis',(0.435338404118088,0.707106781186547,0.557207747523234));
#1291=DIRECTION('',(-0.788010753606722,0.,0.615661475325659));
#1292=DIRECTION('center_axis',(-0.615661475325658,0.,0.788010753606722));
#1293=DIRECTION('ref_axis',(-0.557207747523234,0.707106781186548,-0.435338404118087));
#1294=DIRECTION('',(0.615661475325658,0.,-0.788010753606722));
#1295=DIRECTION('center_axis',(0.615661475325659,0.,0.788010753606722));
#1296=DIRECTION('ref_axis',(-0.788010753606722,0.,0.615661475325659));
#1297=DIRECTION('center_axis',(-0.615661475325659,0.,-0.788010753606722));
#1298=DIRECTION('ref_axis',(0.,-1.,0.));
#1299=DIRECTION('',(-0.788010753606722,0.,0.615661475325659));
#1300=DIRECTION('',(0.788010753606722,0.,-0.615661475325659));
#1301=DIRECTION('center_axis',(0.,0.,1.));
#1302=DIRECTION('ref_axis',(-1.,0.,0.));
#1303=DIRECTION('center_axis',(0.788010753606722,0.,0.615661475325658));
#1304=DIRECTION('ref_axis',(0.,1.,0.));
#1305=DIRECTION('center_axis',(0.,-1.,0.));
#1306=DIRECTION('ref_axis',(0.,0.,1.));
#1307=DIRECTION('center_axis',(0.,1.,0.));
#1308=DIRECTION('ref_axis',(1.83697019872103E-16,0.,1.));
#1309=DIRECTION('',(0.615661475325658,0.,-0.788010753606722));
#1310=DIRECTION('center_axis',(-0.788010753606722,0.,-0.615661475325658));
#1311=DIRECTION('ref_axis',(0.615661475325658,0.,-0.788010753606722));
#1312=DIRECTION('',(0.,-1.,0.));
#1313=DIRECTION('',(-0.615661475325658,0.,0.788010753606722));
#1314=DIRECTION('center_axis',(0.,1.,0.));
#1315=DIRECTION('ref_axis',(-1.,0.,0.));
#1316=DIRECTION('',(0.,1.,0.));
#1317=DIRECTION('center_axis',(0.,-1.,0.));
#1318=DIRECTION('ref_axis',(-1.,0.,0.));
#1319=DIRECTION('center_axis',(0.,1.,0.));
#1320=DIRECTION('ref_axis',(-1.,0.,0.));
#1321=DIRECTION('',(-0.615661475325659,0.,-0.788010753606722));
#1322=DIRECTION('center_axis',(0.,1.,0.));
#1323=DIRECTION('ref_axis',(1.,0.,-1.22464679914735E-16));
#1324=DIRECTION('',(0.615661475325659,0.,0.788010753606722));
#1325=DIRECTION('center_axis',(0.788010753606722,0.,-0.615661475325659));
#1326=DIRECTION('ref_axis',(0.615661475325659,0.,0.788010753606722));
#1327=DIRECTION('center_axis',(0.,1.,0.));
#1328=DIRECTION('ref_axis',(-1.,0.,0.));
#1329=DIRECTION('center_axis',(0.,1.,0.));
#1330=DIRECTION('ref_axis',(-6.12323399573677E-17,0.,-1.));
#1331=DIRECTION('center_axis',(0.,1.,0.));
#1332=DIRECTION('ref_axis',(-1.,0.,0.));
#1333=DIRECTION('',(-0.788010753606722,0.,-0.615661475325658));
#1334=DIRECTION('center_axis',(0.,1.,0.));
#1335=DIRECTION('ref_axis',(-1.,0.,0.));
#1336=DIRECTION('',(-0.615661475325658,0.,-0.788010753606722));
#1337=DIRECTION('center_axis',(0.,-1.,0.));
#1338=DIRECTION('ref_axis',(0.,0.,1.));
#1339=DIRECTION('',(0.788010753606722,0.,0.615661475325658));
#1340=DIRECTION('center_axis',(0.,0.,1.));
#1341=DIRECTION('ref_axis',(-1.,0.,0.));
#1342=DIRECTION('center_axis',(-0.615661475325658,0.,0.788010753606722));
#1343=DIRECTION('ref_axis',(0.,1.,0.));
#1344=DIRECTION('center_axis',(0.788010753606722,0.,-0.615661475325658));
#1345=DIRECTION('ref_axis',(0.,-1.,0.));
#1346=DIRECTION('center_axis',(0.615661475325658,0.,-0.788010753606722));
#1347=DIRECTION('ref_axis',(0.788010753606722,0.,0.615661475325658));
#1348=DIRECTION('center_axis',(-0.788010753606722,0.,0.615661475325658));
#1349=DIRECTION('ref_axis',(-0.615661475325658,0.,-0.788010753606722));
#1350=DIRECTION('center_axis',(-1.,0.,-8.32667268468868E-17));
#1351=DIRECTION('ref_axis',(8.32667268468868E-17,0.,-1.));
#1352=DIRECTION('center_axis',(-1.,0.,-8.32667268468868E-17));
#1353=DIRECTION('ref_axis',(8.32667268468868E-17,0.,-1.));
#1354=DIRECTION('center_axis',(0.,1.,-6.12323399573677E-17));
#1355=DIRECTION('ref_axis',(0.,0.,-1.));
#1356=DIRECTION('center_axis',(1.,0.,0.));
#1357=DIRECTION('ref_axis',(0.,0.,1.));
#1358=CARTESIAN_POINT('',(0.,0.,0.));
#1359=CARTESIAN_POINT('Origin',(-70.,0.,13.5));
#1360=CARTESIAN_POINT('',(-69.5,0.,13.5));
#1361=CARTESIAN_POINT('',(-70.5,0.,13.5));
#1362=CARTESIAN_POINT('',(-70.,0.,13.5));
#1363=CARTESIAN_POINT('Origin',(-70.,0.,13.5));
#1364=CARTESIAN_POINT('Origin',(-70.,0.,13.5));
#1365=CARTESIAN_POINT('',(-69.5,0.,13.9910685796332));
#1366=CARTESIAN_POINT('',(-69.5,0.,13.5));
#1367=CARTESIAN_POINT('',(-70.5,0.,13.9910685796332));
#1368=CARTESIAN_POINT('',(-70.5,0.,13.5));
#1369=CARTESIAN_POINT('',(-70.,-0.5,13.9910685796332));
#1370=CARTESIAN_POINT('Origin',(-70.,0.,13.9910685796332));
#1371=CARTESIAN_POINT('Origin',(-70.,0.,13.9910685796332));
#1372=CARTESIAN_POINT('Origin',(-70.,0.,0.));
#1373=CARTESIAN_POINT('',(-56.0089314203668,0.,0.499999999999998));
#1374=CARTESIAN_POINT('Origin',(-70.,0.,0.));
#1375=CARTESIAN_POINT('',(-56.5,0.,0.499999999999998));
#1376=CARTESIAN_POINT('',(-56.5,0.,0.499999999999998));
#1377=CARTESIAN_POINT('',(-56.5,0.,-0.500000000000002));
#1378=CARTESIAN_POINT('',(-56.5,0.,-1.65327317884893E-15));
#1379=CARTESIAN_POINT('',(-56.0089314203668,0.,-0.500000000000002));
#1380=CARTESIAN_POINT('',(-56.5,0.,-0.500000000000002));
#1381=CARTESIAN_POINT('',(-63.5,0.,-12.3995967676372));
#1382=CARTESIAN_POINT('Origin',(-70.,0.,0.));
#1383=CARTESIAN_POINT('',(-63.5,0.,-9.13175523199639));
#1384=CARTESIAN_POINT('',(-63.5,0.,-3.50000020116568));
#1385=CARTESIAN_POINT('',(-62.0939844287948,0.,-10.9313730970936));
#1386=CARTESIAN_POINT('',(-66.3922057871866,0.,-5.42990063610652));
#1387=CARTESIAN_POINT('',(-59.0686269029064,0.,-7.90601557120516));
#1388=CARTESIAN_POINT('Origin',(-70.,0.,0.));
#1389=CARTESIAN_POINT('',(-62.6110255316368,0.,-5.13839043922096));
#1390=CARTESIAN_POINT('',(-66.1461208711069,0.,-2.3764712621621));
#1391=CARTESIAN_POINT('',(-62.6110255316368,0.,5.13839043922096));
#1392=CARTESIAN_POINT('Origin',(-70.,0.,-8.32667268468867E-16));
#1393=CARTESIAN_POINT('',(-59.0686269029064,0.,7.90601557120517));
#1394=CARTESIAN_POINT('',(-64.5700993638935,0.,3.60779421281342));
#1395=CARTESIAN_POINT('',(-62.0939844287948,0.,10.9313730970936));
#1396=CARTESIAN_POINT('Origin',(-70.,0.,0.));
#1397=CARTESIAN_POINT('',(-64.861609560779,0.,7.38897446836316));
#1398=CARTESIAN_POINT('',(-67.6235287378379,0.,3.85387912889308));
#1399=CARTESIAN_POINT('',(-75.138390439221,0.,7.38897446836316));
#1400=CARTESIAN_POINT('Origin',(-70.,0.,-8.32667268468867E-16));
#1401=CARTESIAN_POINT('',(-77.9060155712052,0.,10.9313730970936));
#1402=CARTESIAN_POINT('',(-73.6077942128134,0.,5.42990063610652));
#1403=CARTESIAN_POINT('',(-80.9313730970936,0.,7.90601557120516));
#1404=CARTESIAN_POINT('Origin',(-70.,0.,0.));
#1405=CARTESIAN_POINT('',(-77.3889744683632,0.,5.13839043922096));
#1406=CARTESIAN_POINT('',(-73.8538791288931,0.,2.3764712621621));
#1407=CARTESIAN_POINT('',(-77.3889744683632,0.,-5.13839043922096));
#1408=CARTESIAN_POINT('Origin',(-70.,0.,-8.32667268468867E-16));
#1409=CARTESIAN_POINT('',(-80.9313730970936,0.,-7.90601557120516));
#1410=CARTESIAN_POINT('',(-75.4299006361065,0.,-3.60779421281342));
#1411=CARTESIAN_POINT('',(-77.9060155712052,0.,-10.9313730970936));
#1412=CARTESIAN_POINT('Origin',(-70.,0.,0.));
#1413=CARTESIAN_POINT('',(-76.5,0.,-9.13175523199638));
#1414=CARTESIAN_POINT('',(-72.3764712621621,0.,-3.85387912889308));
#1415=CARTESIAN_POINT('',(-76.5,0.,-12.3995967676372));
#1416=CARTESIAN_POINT('',(-76.5,0.,-23.5000002011657));
#1417=CARTESIAN_POINT('',(-83.9910685796332,0.,-0.5));
#1418=CARTESIAN_POINT('Origin',(-70.,0.,0.));
#1419=CARTESIAN_POINT('',(-83.5,0.,-0.5));
#1420=CARTESIAN_POINT('',(-83.5,0.,-0.5));
#1421=CARTESIAN_POINT('',(-83.5,0.,0.5));
#1422=CARTESIAN_POINT('',(-83.5,0.,0.));
#1423=CARTESIAN_POINT('',(-83.9910685796332,0.,0.5));
#1424=CARTESIAN_POINT('',(-83.5,0.,0.5));
#1425=CARTESIAN_POINT('Origin',(-70.,0.,0.));
#1426=CARTESIAN_POINT('Origin',(-56.5,0.,-1.65327317884893E-15));
#1427=CARTESIAN_POINT('Origin',(-56.5,0.,-1.65327317884893E-15));
#1428=CARTESIAN_POINT('Origin',(-56.5,0.,-1.65327317884893E-15));
#1429=CARTESIAN_POINT('Origin',(-56.0089314203668,0.,-1.71341173526989E-15));
#1430=CARTESIAN_POINT('Origin',(-70.,0.,-13.5));
#1431=CARTESIAN_POINT('',(-70.4330127018922,-0.25,-13.5));
#1432=CARTESIAN_POINT('',(-69.5669872981078,-0.25,-13.5));
#1433=CARTESIAN_POINT('',(-70.,-0.25,-13.5));
#1434=CARTESIAN_POINT('Origin',(-70.,0.,-13.5));
#1435=CARTESIAN_POINT('Origin',(-70.,0.,-13.5));
#1436=CARTESIAN_POINT('',(-70.4330127018922,-0.25,-13.9910685796332));
#1437=CARTESIAN_POINT('',(-70.4330127018922,-0.25,-13.5));
#1438=CARTESIAN_POINT('',(-69.5669872981078,-0.25,-13.9910685796332));
#1439=CARTESIAN_POINT('',(-69.5669872981078,-0.25,-13.5));
#1440=CARTESIAN_POINT('Origin',(-70.,0.,-13.9910685796332));
#1441=CARTESIAN_POINT('Origin',(-70.,-0.25,-27.0000004023314));
#1442=CARTESIAN_POINT('',(-76.5,-0.25,-12.3970762682174));
#1443=CARTESIAN_POINT('Origin',(-70.,-0.25,0.));
#1444=CARTESIAN_POINT('',(-76.5,-0.25,-8.87059749960509));
#1445=CARTESIAN_POINT('',(-76.5,-0.25,-47.0000004023314));
#1446=CARTESIAN_POINT('',(-63.5,-0.25,-8.87059749960509));
#1447=CARTESIAN_POINT('Origin',(-70.,-0.25,0.));
#1448=CARTESIAN_POINT('',(-63.5,-0.25,-12.3970762682174));
#1449=CARTESIAN_POINT('',(-63.5,-0.25,-7.00000040233136));
#1450=CARTESIAN_POINT('Origin',(-70.,-0.25,0.));
#1451=CARTESIAN_POINT('Origin',(-83.5,0.,0.));
#1452=CARTESIAN_POINT('Origin',(-83.5,0.,0.));
#1453=CARTESIAN_POINT('Origin',(-83.5,0.,0.));
#1454=CARTESIAN_POINT('Origin',(-83.9910685796332,0.,0.));
#1455=CARTESIAN_POINT('Origin',(-70.,4.,0.));
#1456=CARTESIAN_POINT('',(-70.,6.,-5.5));
#1457=CARTESIAN_POINT('Origin',(-70.,6.,0.));
#1458=CARTESIAN_POINT('',(-70.,4.,-7.5));
#1459=CARTESIAN_POINT('Origin',(-70.,4.,-5.5));
#1460=CARTESIAN_POINT('',(-77.5,4.,-9.18485099360515E-16));
#1461=CARTESIAN_POINT('Origin',(-70.,4.,0.));
#1462=CARTESIAN_POINT('Origin',(-70.,4.,0.));
#1463=CARTESIAN_POINT('Origin',(-70.,0.,0.));
#1464=CARTESIAN_POINT('',(-77.5,-8.04673846971554,9.18485099360515E-16));
#1465=CARTESIAN_POINT('',(-70.,-8.04673846971554,7.5));
#1466=CARTESIAN_POINT('Origin',(-70.,-8.04673846971554,0.));
#1467=CARTESIAN_POINT('Origin',(-70.,-8.04673846971554,0.));
#1468=CARTESIAN_POINT('',(-77.5,0.,9.18485099360515E-16));
#1469=CARTESIAN_POINT('Origin',(-70.,6.,0.));
#1470=CARTESIAN_POINT('Origin',(-70.,-0.5,0.));
#1471=CARTESIAN_POINT('',(-77.9978375259855,-0.481481481481482,-10.2373224278094));
#1472=CARTESIAN_POINT('',(-80.2373224278094,-0.481481481481482,-7.99783752598547));
#1473=CARTESIAN_POINT('Origin',(-70.,-0.481481481481482,0.));
#1474=CARTESIAN_POINT('Ctrl Pts',(-77.9060155712052,0.,-10.9313730970936));
#1475=CARTESIAN_POINT('Ctrl Pts',(-77.9062207455516,6.4506726100498E-20,
-10.9299245815892));
#1476=CARTESIAN_POINT('Ctrl Pts',(-77.9064258386219,-3.32942733860444E-6,
-10.9284760511786));
#1477=CARTESIAN_POINT('Ctrl Pts',(-77.9239033258411,-0.000570924192763508,
-10.8049859085228));
#1478=CARTESIAN_POINT('Ctrl Pts',(-77.9402534639328,-0.0247280065589447,
-10.6850132374682));
#1479=CARTESIAN_POINT('Ctrl Pts',(-77.9653802775504,-0.10569995363756,-10.4949517408579));
#1480=CARTESIAN_POINT('Ctrl Pts',(-77.9747264679395,-0.153962614112896,
-10.4220388367486));
#1481=CARTESIAN_POINT('Ctrl Pts',(-77.9872481911824,-0.254297514041873,
-10.3229283860136));
#1482=CARTESIAN_POINT('Ctrl Pts',(-77.9916002888534,-0.30397267206148,-10.287884664376));
#1483=CARTESIAN_POINT('Ctrl Pts',(-77.9964004920365,-0.398672700812175,
-10.2490383138335));
#1484=CARTESIAN_POINT('Ctrl Pts',(-77.9975697990333,-0.439572476473263,
-10.2395026508746));
#1485=CARTESIAN_POINT('Ctrl Pts',(-77.9978375259855,-0.481481481481481,
-10.2373224278094));
#1486=CARTESIAN_POINT('Ctrl Pts',(-80.2373224278094,-0.481481481481482,
-7.99783752598548));
#1487=CARTESIAN_POINT('Ctrl Pts',(-80.2397676802683,-0.43447798941725,-7.99753725396355));
#1488=CARTESIAN_POINT('Ctrl Pts',(-80.2514459965216,-0.388991493944012,
-7.99610564941596));
#1489=CARTESIAN_POINT('Ctrl Pts',(-80.2936683720902,-0.295884066439144,
-7.99088144367225));
#1490=CARTESIAN_POINT('Ctrl Pts',(-80.3263840296539,-0.250812871169809,
-7.98681153006971));
#1491=CARTESIAN_POINT('Ctrl Pts',(-80.4176034072669,-0.158434335784721,
-7.97528694132572));
#1492=CARTESIAN_POINT('Ctrl Pts',(-80.4810204876083,-0.115969368554984,
-7.96715219629858));
#1493=CARTESIAN_POINT('Ctrl Pts',(-80.6060923650677,-0.0561268044491787,
-7.95072261053257));
#1494=CARTESIAN_POINT('Ctrl Pts',(-80.6674255703728,-0.035630618428764,
-7.9425260256233));
#1495=CARTESIAN_POINT('Ctrl Pts',(-80.7944298298927,-0.00755868381883915,
-7.92521964317527));
#1496=CARTESIAN_POINT('Ctrl Pts',(-80.8608873103782,-0.000313985927159782,
-7.91599163333295));
#1497=CARTESIAN_POINT('Ctrl Pts',(-80.9284760511787,-3.32942733826773E-6,
-7.90642583862191));
#1498=CARTESIAN_POINT('Ctrl Pts',(-80.9299245815891,6.45067261031801E-20,
-7.90622074555159));
#1499=CARTESIAN_POINT('Ctrl Pts',(-80.9313730970936,0.,-7.90601557120516));
#1500=CARTESIAN_POINT('Origin',(-75.4299006361065,-0.5,-3.60779421281342));
#1501=CARTESIAN_POINT('',(-80.2365599661811,-0.5,-7.9976771664514));
#1502=CARTESIAN_POINT('',(-77.0920967824605,-0.5,-5.54095327793093));
#1503=CARTESIAN_POINT('',(-75.1220698984437,-0.5,-4.00179958961678));
#1504=CARTESIAN_POINT('Ctrl Pts',(-80.2373224278094,-0.481481481481349,
-7.99783752598548));
#1505=CARTESIAN_POINT('Ctrl Pts',(-80.2370020574002,-0.487639752759308,
-7.99787686681926));
#1506=CARTESIAN_POINT('Ctrl Pts',(-80.2367500614736,-0.493767104360665,
-7.99782341256641));
#1507=CARTESIAN_POINT('Ctrl Pts',(-80.2365629095096,-0.499903094198525,
-7.99767945709341));
#1508=CARTESIAN_POINT('Ctrl Pts',(-80.2365614358217,-0.499951545861644,
-7.99767831466046));
#1509=CARTESIAN_POINT('Ctrl Pts',(-80.2365599661811,-0.499999999999988,
-7.9976771664514));
#1510=CARTESIAN_POINT('Ctrl Pts',(-77.0920967824605,-0.5,-5.54095327793092));
#1511=CARTESIAN_POINT('Ctrl Pts',(-77.0920967824605,-0.437217588851189,
-5.54095327793092));
#1512=CARTESIAN_POINT('Ctrl Pts',(-77.0998433478112,-0.370250687774099,
-5.53108266144332));
#1513=CARTESIAN_POINT('Ctrl Pts',(-77.1310891569329,-0.247060619772724,
-5.49073933155851));
#1514=CARTESIAN_POINT('Ctrl Pts',(-77.1545588461306,-0.19083753900897,-5.46024347385478));
#1515=CARTESIAN_POINT('Ctrl Pts',(-77.2080966460146,-0.102027851807236,
-5.38937067664509));
#1516=CARTESIAN_POINT('Ctrl Pts',(-77.2417315516836,-0.0635400472165274,
-5.34426080243599));
#1517=CARTESIAN_POINT('Ctrl Pts',(-77.3142523359936,-0.0125267563183479,
-5.2445697780238));
#1518=CARTESIAN_POINT('Ctrl Pts',(-77.3531074934119,-7.83432648646781E-17,
-5.18996693293176));
#1519=CARTESIAN_POINT('Ctrl Pts',(-77.3889744683632,-3.08148791101958E-31,
-5.13839043922096));
#1520=CARTESIAN_POINT('Origin',(-72.3764712621621,-0.5,-3.85387912889308));
#1521=CARTESIAN_POINT('',(-77.9976771664514,-0.5,-10.2365599661811));
#1522=CARTESIAN_POINT('Ctrl Pts',(-77.9976771664514,-0.5,-10.2365599661811));
#1523=CARTESIAN_POINT('Ctrl Pts',(-77.9976783146604,-0.499951545861652,
-10.2365614358217));
#1524=CARTESIAN_POINT('Ctrl Pts',(-77.9976794570934,-0.499903094198529,
-10.2365629095096));
#1525=CARTESIAN_POINT('Ctrl Pts',(-77.9978234125664,-0.493767104360787,
-10.2367500614736));
#1526=CARTESIAN_POINT('Ctrl Pts',(-77.9978768668193,-0.487639752759552,
-10.2370020574002));
#1527=CARTESIAN_POINT('Ctrl Pts',(-77.9978375259855,-0.481481481481718,
-10.2373224278094));
#1528=CARTESIAN_POINT('',(-76.7652764580001,-0.5,-8.65915899189003));
#1529=CARTESIAN_POINT('',(-72.7704766389655,-0.5,-3.54604839123025));
#1530=CARTESIAN_POINT('',(-76.5,-0.025833859638396,-8.87408207149879));
#1531=CARTESIAN_POINT('Ctrl Pts',(-76.5,-0.025833859638391,-8.87408207149879));
#1532=CARTESIAN_POINT('Ctrl Pts',(-76.5089087749406,-0.0295288893434677,
-8.86754590319141));
#1533=CARTESIAN_POINT('Ctrl Pts',(-76.5177152750496,-0.0336162028735656,
-8.8610605267629));
#1534=CARTESIAN_POINT('Ctrl Pts',(-76.5759046694731,-0.0635887589753706,
-8.81804273254235));
#1535=CARTESIAN_POINT('Ctrl Pts',(-76.6206959610114,-0.102058499391402,
-8.78407136031866));
#1536=CARTESIAN_POINT('Ctrl Pts',(-76.6556742690358,-0.146446609406726,
-8.7567433110197));
#1537=CARTESIAN_POINT('Ctrl Pts',(-76.6906525770601,-0.190834719422051,
-8.72941526172075));
#1538=CARTESIAN_POINT('Ctrl Pts',(-76.7204706361471,-0.247045603964255,
-8.7050954206979));
#1539=CARTESIAN_POINT('Ctrl Pts',(-76.7586530918586,-0.370172144328011,
-8.67110283370475));
#1540=CARTESIAN_POINT('Ctrl Pts',(-76.7670180420647,-0.437087481784919,
-8.6614295563873));
#1541=CARTESIAN_POINT('Ctrl Pts',(-76.7652802396979,-0.499864604211908,
-8.65916385457627));
#1542=CARTESIAN_POINT('Ctrl Pts',(-76.7652783545271,-0.499932299696677,
-8.65916141933388));
#1543=CARTESIAN_POINT('Ctrl Pts',(-76.7652764580001,-0.5,-8.65915899189003));
#1544=CARTESIAN_POINT('Origin',(-76.5,-0.5,-9.13175523199638));
#1545=CARTESIAN_POINT('Origin',(-70.,0.,0.));
#1546=CARTESIAN_POINT('',(-70.,-3.,10.5830052442584));
#1547=CARTESIAN_POINT('Origin',(-70.,0.,0.));
#1548=CARTESIAN_POINT('',(-63.4844513779407,-3.,8.33952193795192));
#1549=CARTESIAN_POINT('Origin',(-70.,-3.,0.));
#1550=CARTESIAN_POINT('',(-61.6604780620481,-3.,6.51554862205928));
#1551=CARTESIAN_POINT('Origin',(-70.,-3.,0.));
#1552=CARTESIAN_POINT('',(-61.6604780620481,-3.,-6.51554862205928));
#1553=CARTESIAN_POINT('Origin',(-70.,-3.,0.));
#1554=CARTESIAN_POINT('',(-63.4844513779407,-3.,-8.33952193795192));
#1555=CARTESIAN_POINT('Origin',(-70.,-3.,0.));
#1556=CARTESIAN_POINT('',(-63.2347235419999,-0.5,-8.65915899189003));
#1557=CARTESIAN_POINT('Origin',(-70.,0.,1.36704309056248E-15));
#1558=CARTESIAN_POINT('',(-63.5,-0.0258338596383949,-8.87408207149879));
#1559=CARTESIAN_POINT('Ctrl Pts',(-63.2347235419999,-0.5,-8.65915899189003));
#1560=CARTESIAN_POINT('Ctrl Pts',(-63.2347216454729,-0.499932299696676,
-8.65916141933388));
#1561=CARTESIAN_POINT('Ctrl Pts',(-63.2347197603021,-0.499864604211907,
-8.65916385457627));
#1562=CARTESIAN_POINT('Ctrl Pts',(-63.2329819579353,-0.437087481784918,
-8.6614295563873));
#1563=CARTESIAN_POINT('Ctrl Pts',(-63.2413469081414,-0.37017214432801,-8.67110283370474));
#1564=CARTESIAN_POINT('Ctrl Pts',(-63.2795293638529,-0.247045603964254,
-8.7050954206979));
#1565=CARTESIAN_POINT('Ctrl Pts',(-63.3093474229399,-0.19083471942205,-8.72941526172075));
#1566=CARTESIAN_POINT('Ctrl Pts',(-63.3443257309642,-0.146446609406726,
-8.7567433110197));
#1567=CARTESIAN_POINT('Ctrl Pts',(-63.3793229949728,-0.10203444390213,-8.78408617035667));
#1568=CARTESIAN_POINT('Ctrl Pts',(-63.4241412511033,-0.063550240346568,
-8.81807750919664));
#1569=CARTESIAN_POINT('Ctrl Pts',(-63.4823358223544,-0.0335924895575859,
-8.86109815633057));
#1570=CARTESIAN_POINT('Ctrl Pts',(-63.4911170364175,-0.0295181837486477,
-8.86756484040576));
#1571=CARTESIAN_POINT('Ctrl Pts',(-63.5,-0.0258338596383894,-8.87408207149879));
#1572=CARTESIAN_POINT('Origin',(-63.5,0.,5.41233724504764E-16));
#1573=CARTESIAN_POINT('Origin',(-76.5,0.,0.));
#1574=CARTESIAN_POINT('',(-76.5155486220593,-3.,-8.33952193795192));
#1575=CARTESIAN_POINT('Origin',(-70.,0.,-1.36704309056248E-15));
#1576=CARTESIAN_POINT('',(-78.3395219379519,-3.,-6.51554862205928));
#1577=CARTESIAN_POINT('Origin',(-70.,-3.,0.));
#1578=CARTESIAN_POINT('',(-78.3395219379519,-3.,6.51554862205928));
#1579=CARTESIAN_POINT('Origin',(-70.,-3.,0.));
#1580=CARTESIAN_POINT('',(-76.5155486220593,-3.,8.33952193795192));
#1581=CARTESIAN_POINT('Origin',(-70.,-3.,0.));
#1582=CARTESIAN_POINT('Origin',(-70.,-3.,0.));
#1583=CARTESIAN_POINT('Origin',(-76.5,0.,-47.0000004023314));
#1584=CARTESIAN_POINT('Origin',(-76.5,0.,0.));
#1585=CARTESIAN_POINT('Origin',(-70.,0.,-8.32667268468867E-16));
#1586=CARTESIAN_POINT('',(-77.0920967824605,-0.5,5.54095327793092));
#1587=CARTESIAN_POINT('Ctrl Pts',(-77.3889744683632,6.93889390390691E-17,
5.13839043922096));
#1588=CARTESIAN_POINT('Ctrl Pts',(-77.3531074934119,6.83077847145712E-16,
5.18996693293176));
#1589=CARTESIAN_POINT('Ctrl Pts',(-77.3142523359936,-0.0125267563183478,
5.24456977802379));
#1590=CARTESIAN_POINT('Ctrl Pts',(-77.2417315516836,-0.0635400472165267,
5.34426080243598));
#1591=CARTESIAN_POINT('Ctrl Pts',(-77.2080966460146,-0.102027851807236,
5.38937067664509));
#1592=CARTESIAN_POINT('Ctrl Pts',(-77.1545588461306,-0.19083753900897,5.46024347385478));
#1593=CARTESIAN_POINT('Ctrl Pts',(-77.1310891569329,-0.247060619772723,
5.49073933155851));
#1594=CARTESIAN_POINT('Ctrl Pts',(-77.0998433478112,-0.370250687774099,
5.53108266144332));
#1595=CARTESIAN_POINT('Ctrl Pts',(-77.0920967824605,-0.437217588851189,
5.54095327793093));
#1596=CARTESIAN_POINT('Ctrl Pts',(-77.0920967824605,-0.5,5.54095327793093));
#1597=CARTESIAN_POINT('',(-77.0920967824605,-3.,5.54095327793092));
#1598=CARTESIAN_POINT('',(-77.0920967824605,0.,5.54095327793092));
#1599=CARTESIAN_POINT('',(-77.0920967824605,-3.,-5.54095327793093));
#1600=CARTESIAN_POINT('Origin',(-70.,-3.,-8.32667268468867E-16));
#1601=CARTESIAN_POINT('',(-77.0920967824605,0.,-5.54095327793093));
#1602=CARTESIAN_POINT('Origin',(-70.,-0.5,0.));
#1603=CARTESIAN_POINT('',(-62.0021624740145,-0.481481481481482,-10.2373224278094));
#1604=CARTESIAN_POINT('Ctrl Pts',(-62.0021624740145,-0.481481481481481,
-10.2373224278094));
#1605=CARTESIAN_POINT('Ctrl Pts',(-62.0024627460364,-0.434477989417219,
-10.2397676802683));
#1606=CARTESIAN_POINT('Ctrl Pts',(-62.0038943505841,-0.388991493943951,
-10.2514459965217));
#1607=CARTESIAN_POINT('Ctrl Pts',(-62.0091185563278,-0.295884066439159,
-10.2936683720902));
#1608=CARTESIAN_POINT('Ctrl Pts',(-62.0131884699303,-0.250812871169836,
-10.3263840296539));
#1609=CARTESIAN_POINT('Ctrl Pts',(-62.0247130586743,-0.158434335784721,
-10.4176034072669));
#1610=CARTESIAN_POINT('Ctrl Pts',(-62.0328478037014,-0.115969368554984,
-10.4810204876083));
#1611=CARTESIAN_POINT('Ctrl Pts',(-62.0492773894674,-0.0561268044491783,
-10.6060923650677));
#1612=CARTESIAN_POINT('Ctrl Pts',(-62.0574739743767,-0.0356306184287629,
-10.6674255703728));
#1613=CARTESIAN_POINT('Ctrl Pts',(-62.0747803568247,-0.0075586838188122,
-10.7944298298928));
#1614=CARTESIAN_POINT('Ctrl Pts',(-62.084008366667,-0.000313985927155305,
-10.8608873103789));
#1615=CARTESIAN_POINT('Ctrl Pts',(-62.0935741613781,-3.32942733849647E-6,
-10.9284760511786));
#1616=CARTESIAN_POINT('Ctrl Pts',(-62.0937792544484,6.4506726100615E-20,
-10.9299245815892));
#1617=CARTESIAN_POINT('Ctrl Pts',(-62.0939844287948,0.,-10.9313730970936));
#1618=CARTESIAN_POINT('',(-59.7626775721906,-0.481481481481482,-7.99783752598547));
#1619=CARTESIAN_POINT('Origin',(-70.,-0.481481481481482,0.));
#1620=CARTESIAN_POINT('Ctrl Pts',(-59.0686269029064,0.,-7.90601557120516));
#1621=CARTESIAN_POINT('Ctrl Pts',(-59.0700754184108,4.74287456958605E-18,
-7.90622074555158));
#1622=CARTESIAN_POINT('Ctrl Pts',(-59.0715239488214,-3.3294273386036E-6,
-7.9064258386219));
#1623=CARTESIAN_POINT('Ctrl Pts',(-59.1447961264272,-0.000340108570724226,
-7.91679600679963));
#1624=CARTESIAN_POINT('Ctrl Pts',(-59.217027790272,-0.0088551440600332,
-7.92680855173996));
#1625=CARTESIAN_POINT('Ctrl Pts',(-59.3538970130823,-0.0418561146284467,
-7.94539773999608));
#1626=CARTESIAN_POINT('Ctrl Pts',(-59.4195669155664,-0.0658823358112562,
-7.95412973953371));
#1627=CARTESIAN_POINT('Ctrl Pts',(-59.5436539390083,-0.131957619794981,
-7.97033240435524));
#1628=CARTESIAN_POINT('Ctrl Pts',(-59.6025814714694,-0.175184763060361,
-7.97785458007223));
#1629=CARTESIAN_POINT('Ctrl Pts',(-59.6866041696493,-0.267951236797307,
-7.98843334728709));
#1630=CARTESIAN_POINT('Ctrl Pts',(-59.7163160131788,-0.313040009291018,
-7.99212004831225));
#1631=CARTESIAN_POINT('Ctrl Pts',(-59.7514707174913,-0.400879466108035,
-7.99646282716156));
#1632=CARTESIAN_POINT('Ctrl Pts',(-59.7605561640165,-0.440703036737989,
-7.99757702138217));
#1633=CARTESIAN_POINT('Ctrl Pts',(-59.7626775721906,-0.481481481481481,
-7.99783752598548));
#1634=CARTESIAN_POINT('Origin',(-66.1461208711069,-0.5,-2.3764712621621));
#1635=CARTESIAN_POINT('',(-59.7634400338189,-0.5,-7.9976771664514));
#1636=CARTESIAN_POINT('Ctrl Pts',(-59.7634400338189,-0.5,-7.9976771664514));
#1637=CARTESIAN_POINT('Ctrl Pts',(-59.7634385641783,-0.499951545861653,
-7.99767831466045));
#1638=CARTESIAN_POINT('Ctrl Pts',(-59.7634370904904,-0.499903094198529,
-7.99767945709341));
#1639=CARTESIAN_POINT('Ctrl Pts',(-59.7632499385264,-0.493767104360787,
-7.9978234125664));
#1640=CARTESIAN_POINT('Ctrl Pts',(-59.7629979425998,-0.487639752759553,
-7.99787686681925));
#1641=CARTESIAN_POINT('Ctrl Pts',(-59.7626775721906,-0.481481481481719,
-7.99783752598548));
#1642=CARTESIAN_POINT('',(-62.9079032175395,-0.5,-5.54095327793092));
#1643=CARTESIAN_POINT('',(-66.4539516087697,-0.5,-2.77047663896546));
#1644=CARTESIAN_POINT('Ctrl Pts',(-62.6110255316368,-6.93889390390729E-17,
-5.13839043922096));
#1645=CARTESIAN_POINT('Ctrl Pts',(-62.6468925065881,-3.3923796246183E-16,
-5.18996693293176));
#1646=CARTESIAN_POINT('Ctrl Pts',(-62.6857476640064,-0.012526756318348,
-5.2445697780238));
#1647=CARTESIAN_POINT('Ctrl Pts',(-62.7582684483164,-0.0635400472165266,
-5.34426080243599));
#1648=CARTESIAN_POINT('Ctrl Pts',(-62.7919033539854,-0.102027851807236,
-5.38937067664509));
#1649=CARTESIAN_POINT('Ctrl Pts',(-62.8454411538694,-0.19083753900897,-5.46024347385478));
#1650=CARTESIAN_POINT('Ctrl Pts',(-62.8689108430671,-0.247060619772723,
-5.49073933155851));
#1651=CARTESIAN_POINT('Ctrl Pts',(-62.9001566521888,-0.370250687774099,
-5.53108266144332));
#1652=CARTESIAN_POINT('Ctrl Pts',(-62.9079032175395,-0.437217588851189,
-5.54095327793092));
#1653=CARTESIAN_POINT('Ctrl Pts',(-62.9079032175395,-0.5,-5.54095327793092));
#1654=CARTESIAN_POINT('Origin',(-66.3922057871866,-0.5,-5.42990063610652));
#1655=CARTESIAN_POINT('',(-62.0023228335486,-0.5,-10.2365599661811));
#1656=CARTESIAN_POINT('',(-65.9982004103832,-0.5,-5.12206989844369));
#1657=CARTESIAN_POINT('Ctrl Pts',(-62.0021624740145,-0.481481481481349,
-10.2373224278094));
#1658=CARTESIAN_POINT('Ctrl Pts',(-62.0021231331807,-0.487639752759308,
-10.2370020574002));
#1659=CARTESIAN_POINT('Ctrl Pts',(-62.0021765874336,-0.493767104360666,
-10.2367500614736));
#1660=CARTESIAN_POINT('Ctrl Pts',(-62.0023205429066,-0.499903094198525,
-10.2365629095096));
#1661=CARTESIAN_POINT('Ctrl Pts',(-62.0023216853395,-0.499951545861645,
-10.2365614358217));
#1662=CARTESIAN_POINT('Ctrl Pts',(-62.0023228335486,-0.499999999999988,
-10.2365599661811));
#1663=CARTESIAN_POINT('Origin',(-63.5,-0.5,-9.13175523199639));
#1664=CARTESIAN_POINT('Origin',(-61.9964008207664,0.,-10.2441397968874));
#1665=CARTESIAN_POINT('',(-62.2124298814055,-3.,-9.96763520841194));
#1666=CARTESIAN_POINT('',(-70.,-3.,2.22044604925031E-15));
#1667=CARTESIAN_POINT('Origin',(-70.,0.,6.83521545281239E-16));
#1668=CARTESIAN_POINT('Origin',(-70.,0.,0.));
#1669=CARTESIAN_POINT('',(-60.0323647915881,-3.,-7.78757011859454));
#1670=CARTESIAN_POINT('Origin',(-70.,-3.,0.));
#1671=CARTESIAN_POINT('Origin',(-70.,0.,1.74973536461281E-15));
#1672=CARTESIAN_POINT('Origin',(-62.9079032175395,0.,-5.54095327793092));
#1673=CARTESIAN_POINT('',(-70.,-3.,2.22044604925031E-15));
#1674=CARTESIAN_POINT('',(-62.9079032175395,-3.,-5.54095327793092));
#1675=CARTESIAN_POINT('',(-66.7367784659836,-3.,-2.54950808063424));
#1676=CARTESIAN_POINT('',(-62.9079032175395,0.,-5.54095327793092));
#1677=CARTESIAN_POINT('Origin',(-70.,0.,-8.32667268468867E-16));
#1678=CARTESIAN_POINT('',(-62.9079032175395,-3.,5.54095327793092));
#1679=CARTESIAN_POINT('Origin',(-70.,-3.,-8.32667268468867E-16));
#1680=CARTESIAN_POINT('',(-62.9079032175395,-0.5,5.54095327793093));
#1681=CARTESIAN_POINT('',(-62.9079032175395,0.,5.54095327793093));
#1682=CARTESIAN_POINT('Ctrl Pts',(-62.9079032175395,-0.5,5.54095327793093));
#1683=CARTESIAN_POINT('Ctrl Pts',(-62.9079032175395,-0.437217588851189,
5.54095327793093));
#1684=CARTESIAN_POINT('Ctrl Pts',(-62.9001566521888,-0.370250687774098,
5.53108266144332));
#1685=CARTESIAN_POINT('Ctrl Pts',(-62.8689108430671,-0.247060619772722,
5.49073933155851));
#1686=CARTESIAN_POINT('Ctrl Pts',(-62.8454411538694,-0.19083753900897,5.46024347385478));
#1687=CARTESIAN_POINT('Ctrl Pts',(-62.7919033539854,-0.102027851807236,
5.38937067664509));
#1688=CARTESIAN_POINT('Ctrl Pts',(-62.7582684483164,-0.0635400472165263,
5.34426080243599));
#1689=CARTESIAN_POINT('Ctrl Pts',(-62.6857476640064,-0.0125267563183479,
5.2445697780238));
#1690=CARTESIAN_POINT('Ctrl Pts',(-62.6468925065881,4.83754768763625E-17,
5.18996693293176));
#1691=CARTESIAN_POINT('Ctrl Pts',(-62.6110255316368,-1.38777878078146E-16,
5.13839043922096));
#1692=CARTESIAN_POINT('Origin',(-70.,-0.5,0.));
#1693=CARTESIAN_POINT('',(-59.7626775721906,-0.481481481481481,7.99783752598549));
#1694=CARTESIAN_POINT('Ctrl Pts',(-59.7626775721906,-0.481481481481482,
7.99783752598548));
#1695=CARTESIAN_POINT('Ctrl Pts',(-59.7602323197317,-0.434477989417189,
7.99753725396355));
#1696=CARTESIAN_POINT('Ctrl Pts',(-59.7485540034783,-0.38899149394389,7.99610564941594));
#1697=CARTESIAN_POINT('Ctrl Pts',(-59.7063316279098,-0.295884066439164,
7.99088144367224));
#1698=CARTESIAN_POINT('Ctrl Pts',(-59.6736159703462,-0.250812871169844,
7.98681153006972));
#1699=CARTESIAN_POINT('Ctrl Pts',(-59.5823965927331,-0.158434335784712,
7.97528694132572));
#1700=CARTESIAN_POINT('Ctrl Pts',(-59.5189795123917,-0.115969368554972,
7.96715219629857));
#1701=CARTESIAN_POINT('Ctrl Pts',(-59.3939076349324,-0.0561268044491842,
7.95072261053257));
#1702=CARTESIAN_POINT('Ctrl Pts',(-59.3325744296272,-0.0356306184287683,
7.9425260256233));
#1703=CARTESIAN_POINT('Ctrl Pts',(-59.2055701701069,-0.00755868381874702,
7.92521964317521));
#1704=CARTESIAN_POINT('Ctrl Pts',(-59.1391126896193,-0.000313985927147224,
7.91599163333298));
#1705=CARTESIAN_POINT('Ctrl Pts',(-59.0715239488215,-3.32942733902955E-6,
7.9064258386219));
#1706=CARTESIAN_POINT('Ctrl Pts',(-59.0700754184107,6.45067260961532E-20,
7.90622074555157));
#1707=CARTESIAN_POINT('Ctrl Pts',(-59.0686269029064,0.,7.90601557120516));
#1708=CARTESIAN_POINT('',(-62.0021624740145,-0.481481481481482,10.2373224278094));
#1709=CARTESIAN_POINT('Origin',(-70.,-0.481481481481482,0.));
#1710=CARTESIAN_POINT('Ctrl Pts',(-62.0939844287948,0.,10.9313730970936));
#1711=CARTESIAN_POINT('Ctrl Pts',(-62.0937792544484,6.45067261012855E-20,
10.9299245815891));
#1712=CARTESIAN_POINT('Ctrl Pts',(-62.0935741613781,-3.32942733852328E-6,
10.9284760511786));
#1713=CARTESIAN_POINT('Ctrl Pts',(-62.0832039932004,-0.000340108570726185,
10.8552038735726));
#1714=CARTESIAN_POINT('Ctrl Pts',(-62.07319144826,-0.00885514406003834,
10.782972209728));
#1715=CARTESIAN_POINT('Ctrl Pts',(-62.0546022600039,-0.0418561146284211,
10.6461029869178));
#1716=CARTESIAN_POINT('Ctrl Pts',(-62.0458702604663,-0.0658823358112151,
10.5804330844337));
#1717=CARTESIAN_POINT('Ctrl Pts',(-62.0296675956448,-0.131957619794924,
10.4563460609918));
#1718=CARTESIAN_POINT('Ctrl Pts',(-62.0221454199278,-0.175184763060298,
10.3974185285306));
#1719=CARTESIAN_POINT('Ctrl Pts',(-62.0115666527129,-0.267951236797233,
10.3133958303508));
#1720=CARTESIAN_POINT('Ctrl Pts',(-62.0078799516878,-0.313040009290945,
10.2836839868213));
#1721=CARTESIAN_POINT('Ctrl Pts',(-62.0035371728384,-0.400879466107958,
10.2485292825087));
#1722=CARTESIAN_POINT('Ctrl Pts',(-62.0024229786178,-0.440703036737947,
10.2394438359835));
#1723=CARTESIAN_POINT('Ctrl Pts',(-62.0021624740145,-0.481481481481482,
10.2373224278094));
#1724=CARTESIAN_POINT('Origin',(-67.6235287378379,-0.5,3.85387912889308));
#1725=CARTESIAN_POINT('',(-62.0023228335486,-0.5,10.2365599661811));
#1726=CARTESIAN_POINT('Ctrl Pts',(-62.0023228335486,-0.5,10.2365599661811));
#1727=CARTESIAN_POINT('Ctrl Pts',(-62.0023216853395,-0.499951545861653,
10.2365614358217));
#1728=CARTESIAN_POINT('Ctrl Pts',(-62.0023205429066,-0.499903094198529,
10.2365629095096));
#1729=CARTESIAN_POINT('Ctrl Pts',(-62.0021765874336,-0.493767104360788,
10.2367500614736));
#1730=CARTESIAN_POINT('Ctrl Pts',(-62.0021231331807,-0.487639752759553,
10.2370020574002));
#1731=CARTESIAN_POINT('Ctrl Pts',(-62.0021624740145,-0.481481481481719,
10.2373224278094));
#1732=CARTESIAN_POINT('',(-64.4590467220691,-0.5,7.0920967824605));
#1733=CARTESIAN_POINT('',(-67.2295233610345,-0.5,3.54604839123025));
#1734=CARTESIAN_POINT('Ctrl Pts',(-64.861609560779,6.93889390390705E-17,
7.38897446836316));
#1735=CARTESIAN_POINT('Ctrl Pts',(-64.8100330670682,1.08560571471405E-16,
7.35310749341193));
#1736=CARTESIAN_POINT('Ctrl Pts',(-64.7554302219762,-0.012526756318348,
7.3142523359936));
#1737=CARTESIAN_POINT('Ctrl Pts',(-64.655739197564,-0.0635400472165264,
7.24173155168365));
#1738=CARTESIAN_POINT('Ctrl Pts',(-64.6106293233549,-0.102027851807236,
7.20809664601461));
#1739=CARTESIAN_POINT('Ctrl Pts',(-64.5397565261452,-0.19083753900897,7.15455884613055));
#1740=CARTESIAN_POINT('Ctrl Pts',(-64.5092606684415,-0.247060619772723,
7.13108915693287));
#1741=CARTESIAN_POINT('Ctrl Pts',(-64.4689173385567,-0.370250687774099,
7.09984334781119));
#1742=CARTESIAN_POINT('Ctrl Pts',(-64.4590467220691,-0.437217588851189,
7.0920967824605));
#1743=CARTESIAN_POINT('Ctrl Pts',(-64.4590467220691,-0.5,7.0920967824605));
#1744=CARTESIAN_POINT('Origin',(-64.5700993638935,-0.5,3.60779421281342));
#1745=CARTESIAN_POINT('',(-59.7634400338189,-0.5,7.9976771664514));
#1746=CARTESIAN_POINT('',(-64.8779301015563,-0.5,4.00179958961678));
#1747=CARTESIAN_POINT('Ctrl Pts',(-59.7626775721906,-0.48148148148135,7.99783752598548));
#1748=CARTESIAN_POINT('Ctrl Pts',(-59.7629979425998,-0.487639752759308,
7.99787686681926));
#1749=CARTESIAN_POINT('Ctrl Pts',(-59.7632499385264,-0.493767104360666,
7.9978234125664));
#1750=CARTESIAN_POINT('Ctrl Pts',(-59.7634370904904,-0.499903094198525,
7.99767945709341));
#1751=CARTESIAN_POINT('Ctrl Pts',(-59.7634385641783,-0.499951545861645,
7.99767831466045));
#1752=CARTESIAN_POINT('Ctrl Pts',(-59.7634400338189,-0.499999999999988,
7.9976771664514));
#1753=CARTESIAN_POINT('Origin',(-59.7558602031126,0.,8.00359917923356));
#1754=CARTESIAN_POINT('',(-64.5951032443425,-3.,4.222768147948));
#1755=CARTESIAN_POINT('',(-60.0323647915881,-3.,7.78757011859454));
#1756=CARTESIAN_POINT('',(-70.,-3.,8.32667268468868E-16));
#1757=CARTESIAN_POINT('Origin',(-70.,0.,2.62460304691921E-15));
#1758=CARTESIAN_POINT('Origin',(-70.,0.,0.));
#1759=CARTESIAN_POINT('',(-62.2124298814055,-3.,9.96763520841194));
#1760=CARTESIAN_POINT('Origin',(-70.,-3.,0.));
#1761=CARTESIAN_POINT('Origin',(-70.,0.,1.7088038632031E-15));
#1762=CARTESIAN_POINT('Origin',(-70.,-0.5,0.));
#1763=CARTESIAN_POINT('',(-77.9978375259855,-0.481481481481482,10.2373224278094));
#1764=CARTESIAN_POINT('Ctrl Pts',(-77.9978375259855,-0.481481481481482,
10.2373224278094));
#1765=CARTESIAN_POINT('Ctrl Pts',(-77.9975372539636,-0.4344779894172,10.2397676802683));
#1766=CARTESIAN_POINT('Ctrl Pts',(-77.9961056494159,-0.388991493943913,
10.2514459965217));
#1767=CARTESIAN_POINT('Ctrl Pts',(-77.9908814436722,-0.295884066439164,
10.2936683720902));
#1768=CARTESIAN_POINT('Ctrl Pts',(-77.9868115300697,-0.250812871169844,
10.3263840296538));
#1769=CARTESIAN_POINT('Ctrl Pts',(-77.9752869413257,-0.158434335784716,
10.4176034072669));
#1770=CARTESIAN_POINT('Ctrl Pts',(-77.9671521962986,-0.115969368554978,
10.4810204876083));
#1771=CARTESIAN_POINT('Ctrl Pts',(-77.9507226105326,-0.05612680444918,10.6060923650677));
#1772=CARTESIAN_POINT('Ctrl Pts',(-77.9425260256233,-0.0356306184287649,
10.6674255703728));
#1773=CARTESIAN_POINT('Ctrl Pts',(-77.9252196431752,-0.00755868381880721,
10.7944298298929));
#1774=CARTESIAN_POINT('Ctrl Pts',(-77.915991633333,-0.000313985927155294,
10.8608873103791));
#1775=CARTESIAN_POINT('Ctrl Pts',(-77.9064258386219,-3.32942733846653E-6,
10.9284760511786));
#1776=CARTESIAN_POINT('Ctrl Pts',(-77.9062207455516,6.45067261013802E-20,
10.9299245815891));
#1777=CARTESIAN_POINT('Ctrl Pts',(-77.9060155712052,0.,10.9313730970936));
#1778=CARTESIAN_POINT('',(-80.2373224278094,-0.481481481481481,7.99783752598549));
#1779=CARTESIAN_POINT('Origin',(-70.,-0.481481481481482,0.));
#1780=CARTESIAN_POINT('Ctrl Pts',(-80.9313730970936,0.,7.90601557120516));
#1781=CARTESIAN_POINT('Ctrl Pts',(-80.9299245815891,6.45067261038911E-20,
7.90622074555159));
#1782=CARTESIAN_POINT('Ctrl Pts',(-80.9284760511787,-3.32942733814511E-6,
7.90642583862191));
#1783=CARTESIAN_POINT('Ctrl Pts',(-80.8552038735717,-0.000340108570728564,
7.91679600679959));
#1784=CARTESIAN_POINT('Ctrl Pts',(-80.7829722097277,-0.00885514406008597,
7.92680855173999));
#1785=CARTESIAN_POINT('Ctrl Pts',(-80.6461029869175,-0.0418561146285041,
7.94539773999611));
#1786=CARTESIAN_POINT('Ctrl Pts',(-80.5804330844333,-0.0658823358113484,
7.95412973953375));
#1787=CARTESIAN_POINT('Ctrl Pts',(-80.4563460609915,-0.131957619795129,
7.97033240435527));
#1788=CARTESIAN_POINT('Ctrl Pts',(-80.3974185285304,-0.175184763060516,
7.97785458007225));
#1789=CARTESIAN_POINT('Ctrl Pts',(-80.3133958303506,-0.267951236797519,
7.98843334728712));
#1790=CARTESIAN_POINT('Ctrl Pts',(-80.2836839868212,-0.313040009291207,
7.99212004831225));
#1791=CARTESIAN_POINT('Ctrl Pts',(-80.2485292825087,-0.400879466108079,
7.99646282716155));
#1792=CARTESIAN_POINT('Ctrl Pts',(-80.2394438359835,-0.440703036738006,
7.99757702138217));
#1793=CARTESIAN_POINT('Ctrl Pts',(-80.2373224278094,-0.481481481481482,
7.99783752598548));
#1794=CARTESIAN_POINT('Origin',(-73.8538791288931,-0.5,2.3764712621621));
#1795=CARTESIAN_POINT('',(-80.2365599661811,-0.5,7.9976771664514));
#1796=CARTESIAN_POINT('Ctrl Pts',(-80.2365599661811,-0.5,7.9976771664514));
#1797=CARTESIAN_POINT('Ctrl Pts',(-80.2365614358217,-0.499951545861652,
7.99767831466046));
#1798=CARTESIAN_POINT('Ctrl Pts',(-80.2365629095096,-0.499903094198529,
7.99767945709341));
#1799=CARTESIAN_POINT('Ctrl Pts',(-80.2367500614736,-0.493767104360788,
7.9978234125664));
#1800=CARTESIAN_POINT('Ctrl Pts',(-80.2370020574002,-0.487639752759552,
7.99787686681927));
#1801=CARTESIAN_POINT('Ctrl Pts',(-80.2373224278094,-0.481481481481718,
7.99783752598549));
#1802=CARTESIAN_POINT('',(-73.5460483912303,-0.5,2.77047663896546));
#1803=CARTESIAN_POINT('Origin',(-73.6077942128134,-0.5,5.42990063610652));
#1804=CARTESIAN_POINT('',(-77.9976771664514,-0.5,10.2365599661811));
#1805=CARTESIAN_POINT('',(-75.5409532779309,-0.5,7.0920967824605));
#1806=CARTESIAN_POINT('',(-74.0017995896168,-0.5,5.12206989844369));
#1807=CARTESIAN_POINT('Ctrl Pts',(-77.9978375259855,-0.481481481481349,
10.2373224278094));
#1808=CARTESIAN_POINT('Ctrl Pts',(-77.9978768668193,-0.487639752759308,
10.2370020574002));
#1809=CARTESIAN_POINT('Ctrl Pts',(-77.9978234125664,-0.493767104360666,
10.2367500614736));
#1810=CARTESIAN_POINT('Ctrl Pts',(-77.9976794570934,-0.499903094198525,
10.2365629095096));
#1811=CARTESIAN_POINT('Ctrl Pts',(-77.9976783146604,-0.499951545861645,
10.2365614358217));
#1812=CARTESIAN_POINT('Ctrl Pts',(-77.9976771664514,-0.499999999999988,
10.2365599661811));
#1813=CARTESIAN_POINT('Ctrl Pts',(-75.5409532779309,-0.5,7.09209678246049));
#1814=CARTESIAN_POINT('Ctrl Pts',(-75.5409532779309,-0.437217588851189,
7.09209678246049));
#1815=CARTESIAN_POINT('Ctrl Pts',(-75.5310826614433,-0.370250687774098,
7.09984334781119));
#1816=CARTESIAN_POINT('Ctrl Pts',(-75.4907393315585,-0.247060619772722,
7.13108915693287));
#1817=CARTESIAN_POINT('Ctrl Pts',(-75.4602434738548,-0.19083753900897,7.15455884613055));
#1818=CARTESIAN_POINT('Ctrl Pts',(-75.3893706766451,-0.102027851807236,
7.20809664601461));
#1819=CARTESIAN_POINT('Ctrl Pts',(-75.344260802436,-0.0635400472165268,
7.24173155168365));
#1820=CARTESIAN_POINT('Ctrl Pts',(-75.2445697780238,-0.012526756318348,
7.3142523359936));
#1821=CARTESIAN_POINT('Ctrl Pts',(-75.1899669329318,3.96706696691541E-17,
7.35310749341192));
#1822=CARTESIAN_POINT('Ctrl Pts',(-75.138390439221,-1.38777878078145E-16,
7.38897446836316));
#1823=CARTESIAN_POINT('Origin',(-77.0920967824605,0.,5.54095327793093));
#1824=CARTESIAN_POINT('',(-79.9676352084119,-3.,7.78757011859454));
#1825=CARTESIAN_POINT('Origin',(-70.,0.,-2.18716920576601E-15));
#1826=CARTESIAN_POINT('',(-70.,-3.,-2.22044604925031E-15));
#1827=CARTESIAN_POINT('',(-73.8288752484441,-3.,2.99144519729668));
#1828=CARTESIAN_POINT('Origin',(-70.,0.,0.));
#1829=CARTESIAN_POINT('',(-77.7875701185945,-3.,9.96763520841195));
#1830=CARTESIAN_POINT('Origin',(-70.,0.,-6.83521545281238E-16));
#1831=CARTESIAN_POINT('Origin',(-70.,-3.,0.));
#1832=CARTESIAN_POINT('Origin',(-77.8925465374091,-3.,7.89254653740915));
#1833=CARTESIAN_POINT('',(-70.,-3.,-2.22044604925031E-15));
#1834=CARTESIAN_POINT('Origin',(-78.0035991792336,0.,10.2441397968874));
#1835=CARTESIAN_POINT('',(-75.5409532779309,-3.,7.0920967824605));
#1836=CARTESIAN_POINT('',(-75.5409532779309,0.,7.0920967824605));
#1837=CARTESIAN_POINT('',(-74.2846264468306,-3.,5.48407176769398));
#1838=CARTESIAN_POINT('Origin',(-70.,0.,-8.32667268468867E-16));
#1839=CARTESIAN_POINT('',(-64.4590467220691,-3.,7.0920967824605));
#1840=CARTESIAN_POINT('',(-64.4590467220691,0.,7.0920967824605));
#1841=CARTESIAN_POINT('Origin',(-70.,-3.,-8.32667268468867E-16));
#1842=CARTESIAN_POINT('Origin',(-70.,-3.,1.16594085516303));
#1843=CARTESIAN_POINT('',(-66.9466965038207,-3.,3.90805026048054));
#1844=CARTESIAN_POINT('Origin',(-62.1074534625908,-3.,7.89254653740916));
#1845=CARTESIAN_POINT('',(-70.,-3.,8.32667268468868E-16));
#1846=CARTESIAN_POINT('Origin',(-64.4590467220691,0.,7.0920967824605));
#1847=CARTESIAN_POINT('Origin',(-70.,-3.,1.16594085516303));
#1848=CARTESIAN_POINT('Origin',(-62.1074534625908,-3.,-7.89254653740915));
#1849=CARTESIAN_POINT('Origin',(-70.,-3.,1.16594085516303));
#1850=CARTESIAN_POINT('',(-74.8392430412299,-3.,-3.78083103128556));
#1851=CARTESIAN_POINT('Origin',(-77.8925465374091,-3.,-7.89254653740916));
#1852=CARTESIAN_POINT('',(-77.7875701185945,-3.,-9.96763520841195));
#1853=CARTESIAN_POINT('',(-70.,-3.,-8.32667268468867E-16));
#1854=CARTESIAN_POINT('',(-79.9676352084119,-3.,-7.78757011859454));
#1855=CARTESIAN_POINT('Origin',(-70.,-3.,0.));
#1856=CARTESIAN_POINT('',(-70.,-3.,-8.32667268468867E-16));
#1857=CARTESIAN_POINT('Origin',(-70.,0.,0.));
#1858=CARTESIAN_POINT('Origin',(-70.,0.,-1.74973536461281E-15));
#1859=CARTESIAN_POINT('Origin',(-70.,0.,-1.36704309056248E-15));
#1860=CARTESIAN_POINT('Origin',(-80.2441397968874,0.,-8.00359917923356));
#1861=CARTESIAN_POINT('Origin',(-75.5409532779309,0.,-7.0920967824605));
#1862=CARTESIAN_POINT('Origin',(-63.5,0.,-7.00000040233136));
#1863=CARTESIAN_POINT('Origin',(-63.5,0.,5.41233724504764E-16));
#1864=CARTESIAN_POINT('Origin',(-70.,0.,0.));
#1865=CARTESIAN_POINT('',(-70.,-14.,8.57252759403147E-16));
#1866=CARTESIAN_POINT('Origin',(-70.,0.,0.));
#1867=UNCERTAINTY_MEASURE_WITH_UNIT(LENGTH_MEASURE(0.01),#1871,
'DISTANCE_ACCURACY_VALUE',
'Maximum model space distance between geometric entities at asserted c
onnectivities');
#1868=UNCERTAINTY_MEASURE_WITH_UNIT(LENGTH_MEASURE(0.01),#1871,
'DISTANCE_ACCURACY_VALUE',
'Maximum model space distance between geometric entities at asserted c
onnectivities');
#1869=(
GEOMETRIC_REPRESENTATION_CONTEXT(3)
GLOBAL_UNCERTAINTY_ASSIGNED_CONTEXT((#1867))
GLOBAL_UNIT_ASSIGNED_CONTEXT((#1871,#1873,#1874))
REPRESENTATION_CONTEXT('','3D')
);
#1870=(
GEOMETRIC_REPRESENTATION_CONTEXT(3)
GLOBAL_UNCERTAINTY_ASSIGNED_CONTEXT((#1868))
GLOBAL_UNIT_ASSIGNED_CONTEXT((#1871,#1873,#1874))
REPRESENTATION_CONTEXT('','3D')
);
#1871=(
LENGTH_UNIT()
NAMED_UNIT(*)
SI_UNIT(.MILLI.,.METRE.)
);
#1872=(
LENGTH_UNIT()
NAMED_UNIT(*)
SI_UNIT($,.METRE.)
);
#1873=(
NAMED_UNIT(*)
PLANE_ANGLE_UNIT()
SI_UNIT($,.RADIAN.)
);
#1874=(
NAMED_UNIT(*)
SI_UNIT($,.STERADIAN.)
SOLID_ANGLE_UNIT()
);
#1875=SHAPE_DEFINITION_REPRESENTATION(#1876,#1877);
#1876=PRODUCT_DEFINITION_SHAPE('',$,#1879);
#1877=SHAPE_REPRESENTATION('',(#951),#1869);
#1878=PRODUCT_DEFINITION_CONTEXT('part definition',#1883,'design');
#1879=PRODUCT_DEFINITION('2026-08-13-17-51-49-520',
'_export_tmp_eyeball_l1',#1880,#1878);
#1880=PRODUCT_DEFINITION_FORMATION('',$,#1885);
#1881=PRODUCT_RELATED_PRODUCT_CATEGORY('_export_tmp_eyeball_l1',
'_export_tmp_eyeball_l1',(#1885));
#1882=APPLICATION_PROTOCOL_DEFINITION('international standard',
'automotive_design',2009,#1883);
#1883=APPLICATION_CONTEXT(
'Core Data for Automotive Mechanical Design Process');
#1884=PRODUCT_CONTEXT('part definition',#1883,'mechanical');
#1885=PRODUCT('2026-08-13-17-51-49-520','_export_tmp_eyeball_l1',$,(#1884));
#1886=PRESENTATION_STYLE_ASSIGNMENT((#1888));
#1887=PRESENTATION_STYLE_ASSIGNMENT((#1889));
#1888=SURFACE_STYLE_USAGE(.BOTH.,#1890);
#1889=SURFACE_STYLE_USAGE(.BOTH.,#1891);
#1890=SURFACE_SIDE_STYLE('',(#1892));
#1891=SURFACE_SIDE_STYLE('',(#1893));
#1892=SURFACE_STYLE_FILL_AREA(#1894);
#1893=SURFACE_STYLE_FILL_AREA(#1895);
#1894=FILL_AREA_STYLE('\X2\76AE9769\X0\ - \X2\98CE5316\X0\',(#1896));
#1895=FILL_AREA_STYLE('\X2\94A2\X0\ - \X2\7F0E5149\X0\',(#1897));
#1896=FILL_AREA_STYLE_COLOUR('\X2\76AE9769\X0\ - \X2\98CE5316\X0\',#1898);
#1897=FILL_AREA_STYLE_COLOUR('\X2\94A2\X0\ - \X2\7F0E5149\X0\',#1899);
#1898=COLOUR_RGB('\X2\76AE9769\X0\ - \X2\98CE5316\X0\',0.,0.,0.);
#1899=COLOUR_RGB('\X2\94A2\X0\ - \X2\7F0E5149\X0\',0.627450980392157,0.627450980392157,
0.627450980392157);
ENDSEC;
END-ISO-10303-21;
