ISO-10303-21;
HEADER;
/* Generated by software containing ST-Developer
 * from STEP Tools, Inc. (www.steptools.com) 
 */

FILE_DESCRIPTION(
/* description */ (''),
/* implementation_level */ '2;1');

FILE_NAME(
/* name */ 'front_eye_support_right.step',
/* time_stamp */ '2026-08-13T17:51:45-04:00',
/* author */ (''),
/* organization */ (''),
/* preprocessor_version */ 'ST-DEVELOPER v20.1',
/* originating_system */ 'Autodesk Translation Framework v15.8.0.0',
/* authorisation */ '');

FILE_SCHEMA (('AUTOMOTIVE_DESIGN { 1 0 10303 214 3 1 1 }'));
ENDSEC;

DATA;
#10=MECHANICAL_DESIGN_GEOMETRIC_PRESENTATION_REPRESENTATION('',(#13),#2771);
#11=SHAPE_REPRESENTATION_RELATIONSHIP('SRR','None',#2778,#12);
#12=ADVANCED_BREP_SHAPE_REPRESENTATION('',(#14),#2770);
#13=STYLED_ITEM('',(#2788),#14);
#14=MANIFOLD_SOLID_BREP('front eye support of right eye',#1704);
#15=CYLINDRICAL_SURFACE('',#1832,0.5);
#16=CYLINDRICAL_SURFACE('',#1836,0.5);
#17=ELLIPSE('',#1729,0.844731642564891,0.5);
#18=ELLIPSE('',#1731,0.844560228782558,0.5);
#19=ELLIPSE('',#1732,0.844560228782558,0.5);
#20=ELLIPSE('',#1734,0.844246888444517,0.5);
#21=ELLIPSE('',#1735,0.844246888444517,0.5);
#22=ELLIPSE('',#1737,0.934444100884928,0.5);
#23=ELLIPSE('',#1738,0.934444100884928,0.5);
#24=ELLIPSE('',#1740,0.934648373969084,0.5);
#25=ELLIPSE('',#1742,0.934424849828265,0.5);
#26=ELLIPSE('',#1786,1.03436706787629,0.5);
#27=ELLIPSE('',#1787,1.54976534286431,0.5);
#28=ELLIPSE('',#1789,0.928434127371165,0.5);
#29=ELLIPSE('',#1790,1.86736348260535,0.5);
#30=ELLIPSE('',#1792,0.928408507652014,0.5);
#31=ELLIPSE('',#1793,1.86746026209707,0.5);
#32=ELLIPSE('',#1795,1.0345698121751,0.5);
#33=ELLIPSE('',#1796,1.54942421191305,0.5);
#34=ELLIPSE('',#1801,1.34584086642107,0.5);
#35=ELLIPSE('',#1803,1.3457674302556,0.5);
#36=ELLIPSE('',#1806,1.34532946230919,0.5);
#37=ELLIPSE('',#1808,1.0343143435538,0.5);
#38=ELLIPSE('',#1809,1.54985720264436,0.5);
#39=ELLIPSE('',#1833,0.707106781186481,0.5);
#40=FACE_OUTER_BOUND('',#136,.T.);
#41=FACE_OUTER_BOUND('',#137,.T.);
#42=FACE_OUTER_BOUND('',#138,.T.);
#43=FACE_OUTER_BOUND('',#139,.T.);
#44=FACE_OUTER_BOUND('',#140,.T.);
#45=FACE_OUTER_BOUND('',#141,.T.);
#46=FACE_OUTER_BOUND('',#142,.T.);
#47=FACE_OUTER_BOUND('',#143,.T.);
#48=FACE_OUTER_BOUND('',#144,.T.);
#49=FACE_OUTER_BOUND('',#145,.T.);
#50=FACE_OUTER_BOUND('',#146,.T.);
#51=FACE_OUTER_BOUND('',#147,.T.);
#52=FACE_OUTER_BOUND('',#148,.T.);
#53=FACE_OUTER_BOUND('',#149,.T.);
#54=FACE_OUTER_BOUND('',#150,.T.);
#55=FACE_OUTER_BOUND('',#151,.T.);
#56=FACE_OUTER_BOUND('',#152,.T.);
#57=FACE_OUTER_BOUND('',#153,.T.);
#58=FACE_OUTER_BOUND('',#154,.T.);
#59=FACE_OUTER_BOUND('',#155,.T.);
#60=FACE_OUTER_BOUND('',#156,.T.);
#61=FACE_OUTER_BOUND('',#157,.T.);
#62=FACE_OUTER_BOUND('',#158,.T.);
#63=FACE_OUTER_BOUND('',#159,.T.);
#64=FACE_OUTER_BOUND('',#160,.T.);
#65=FACE_OUTER_BOUND('',#161,.T.);
#66=FACE_OUTER_BOUND('',#162,.T.);
#67=FACE_OUTER_BOUND('',#163,.T.);
#68=FACE_OUTER_BOUND('',#164,.T.);
#69=FACE_OUTER_BOUND('',#165,.T.);
#70=FACE_OUTER_BOUND('',#166,.T.);
#71=FACE_OUTER_BOUND('',#167,.T.);
#72=FACE_OUTER_BOUND('',#168,.T.);
#73=FACE_OUTER_BOUND('',#169,.T.);
#74=FACE_OUTER_BOUND('',#170,.T.);
#75=FACE_OUTER_BOUND('',#171,.T.);
#76=FACE_OUTER_BOUND('',#172,.T.);
#77=FACE_OUTER_BOUND('',#173,.T.);
#78=FACE_OUTER_BOUND('',#174,.T.);
#79=FACE_OUTER_BOUND('',#175,.T.);
#80=FACE_OUTER_BOUND('',#176,.T.);
#81=FACE_OUTER_BOUND('',#177,.T.);
#82=FACE_OUTER_BOUND('',#178,.T.);
#83=FACE_OUTER_BOUND('',#179,.T.);
#84=FACE_OUTER_BOUND('',#180,.T.);
#85=FACE_OUTER_BOUND('',#181,.T.);
#86=FACE_OUTER_BOUND('',#182,.T.);
#87=FACE_OUTER_BOUND('',#183,.T.);
#88=FACE_OUTER_BOUND('',#184,.T.);
#89=FACE_OUTER_BOUND('',#185,.T.);
#90=FACE_OUTER_BOUND('',#186,.T.);
#91=FACE_OUTER_BOUND('',#187,.T.);
#92=FACE_OUTER_BOUND('',#188,.T.);
#93=FACE_OUTER_BOUND('',#189,.T.);
#94=FACE_OUTER_BOUND('',#190,.T.);
#95=FACE_OUTER_BOUND('',#191,.T.);
#96=FACE_OUTER_BOUND('',#192,.T.);
#97=FACE_OUTER_BOUND('',#193,.T.);
#98=FACE_OUTER_BOUND('',#194,.T.);
#99=FACE_OUTER_BOUND('',#195,.T.);
#100=FACE_OUTER_BOUND('',#196,.T.);
#101=FACE_OUTER_BOUND('',#197,.T.);
#102=FACE_OUTER_BOUND('',#198,.T.);
#103=FACE_OUTER_BOUND('',#199,.T.);
#104=FACE_OUTER_BOUND('',#200,.T.);
#105=FACE_OUTER_BOUND('',#201,.T.);
#106=FACE_OUTER_BOUND('',#202,.T.);
#107=FACE_OUTER_BOUND('',#203,.T.);
#108=FACE_OUTER_BOUND('',#204,.T.);
#109=FACE_OUTER_BOUND('',#205,.T.);
#110=FACE_OUTER_BOUND('',#206,.T.);
#111=FACE_OUTER_BOUND('',#207,.T.);
#112=FACE_OUTER_BOUND('',#208,.T.);
#113=FACE_OUTER_BOUND('',#209,.T.);
#114=FACE_OUTER_BOUND('',#210,.T.);
#115=FACE_OUTER_BOUND('',#211,.T.);
#116=FACE_OUTER_BOUND('',#212,.T.);
#117=FACE_OUTER_BOUND('',#213,.T.);
#118=FACE_OUTER_BOUND('',#214,.T.);
#119=FACE_OUTER_BOUND('',#215,.T.);
#120=FACE_OUTER_BOUND('',#216,.T.);
#121=FACE_OUTER_BOUND('',#217,.T.);
#122=FACE_OUTER_BOUND('',#218,.T.);
#123=FACE_OUTER_BOUND('',#219,.T.);
#124=FACE_OUTER_BOUND('',#220,.T.);
#125=FACE_OUTER_BOUND('',#221,.T.);
#126=FACE_OUTER_BOUND('',#222,.T.);
#127=FACE_OUTER_BOUND('',#223,.T.);
#128=FACE_OUTER_BOUND('',#224,.T.);
#129=FACE_OUTER_BOUND('',#225,.T.);
#130=FACE_OUTER_BOUND('',#226,.T.);
#131=FACE_OUTER_BOUND('',#227,.T.);
#132=FACE_OUTER_BOUND('',#228,.T.);
#133=FACE_OUTER_BOUND('',#229,.T.);
#134=FACE_OUTER_BOUND('',#230,.T.);
#135=FACE_OUTER_BOUND('',#231,.T.);
#136=EDGE_LOOP('',(#1040,#1041,#1042,#1043));
#137=EDGE_LOOP('',(#1044,#1045,#1046));
#138=EDGE_LOOP('',(#1047,#1048,#1049,#1050));
#139=EDGE_LOOP('',(#1051,#1052,#1053,#1054));
#140=EDGE_LOOP('',(#1055,#1056,#1057));
#141=EDGE_LOOP('',(#1058,#1059,#1060,#1061));
#142=EDGE_LOOP('',(#1062,#1063,#1064));
#143=EDGE_LOOP('',(#1065,#1066,#1067,#1068));
#144=EDGE_LOOP('',(#1069,#1070,#1071));
#145=EDGE_LOOP('',(#1072,#1073,#1074,#1075));
#146=EDGE_LOOP('',(#1076,#1077));
#147=EDGE_LOOP('',(#1078,#1079,#1080,#1081));
#148=EDGE_LOOP('',(#1082,#1083,#1084,#1085));
#149=EDGE_LOOP('',(#1086,#1087,#1088,#1089,#1090));
#150=EDGE_LOOP('',(#1091,#1092,#1093,#1094));
#151=EDGE_LOOP('',(#1095,#1096,#1097,#1098,#1099));
#152=EDGE_LOOP('',(#1100,#1101,#1102,#1103));
#153=EDGE_LOOP('',(#1104,#1105,#1106,#1107));
#154=EDGE_LOOP('',(#1108,#1109,#1110,#1111));
#155=EDGE_LOOP('',(#1112,#1113,#1114,#1115));
#156=EDGE_LOOP('',(#1116,#1117,#1118,#1119));
#157=EDGE_LOOP('',(#1120,#1121,#1122,#1123));
#158=EDGE_LOOP('',(#1124,#1125,#1126,#1127));
#159=EDGE_LOOP('',(#1128,#1129,#1130,#1131,#1132));
#160=EDGE_LOOP('',(#1133,#1134,#1135));
#161=EDGE_LOOP('',(#1136,#1137,#1138));
#162=EDGE_LOOP('',(#1139,#1140,#1141));
#163=EDGE_LOOP('',(#1142,#1143,#1144));
#164=EDGE_LOOP('',(#1145,#1146,#1147));
#165=EDGE_LOOP('',(#1148,#1149,#1150,#1151));
#166=EDGE_LOOP('',(#1152,#1153,#1154,#1155));
#167=EDGE_LOOP('',(#1156,#1157,#1158));
#168=EDGE_LOOP('',(#1159,#1160,#1161,#1162));
#169=EDGE_LOOP('',(#1163,#1164,#1165,#1166));
#170=EDGE_LOOP('',(#1167,#1168,#1169,#1170));
#171=EDGE_LOOP('',(#1171,#1172,#1173));
#172=EDGE_LOOP('',(#1174,#1175,#1176,#1177));
#173=EDGE_LOOP('',(#1178,#1179,#1180,#1181));
#174=EDGE_LOOP('',(#1182,#1183,#1184,#1185));
#175=EDGE_LOOP('',(#1186,#1187,#1188));
#176=EDGE_LOOP('',(#1189,#1190,#1191,#1192));
#177=EDGE_LOOP('',(#1193,#1194,#1195,#1196));
#178=EDGE_LOOP('',(#1197,#1198,#1199));
#179=EDGE_LOOP('',(#1200,#1201,#1202,#1203));
#180=EDGE_LOOP('',(#1204,#1205,#1206,#1207));
#181=EDGE_LOOP('',(#1208,#1209,#1210,#1211));
#182=EDGE_LOOP('',(#1212,#1213,#1214));
#183=EDGE_LOOP('',(#1215,#1216,#1217,#1218));
#184=EDGE_LOOP('',(#1219,#1220,#1221));
#185=EDGE_LOOP('',(#1222,#1223,#1224,#1225));
#186=EDGE_LOOP('',(#1226,#1227,#1228));
#187=EDGE_LOOP('',(#1229,#1230,#1231,#1232));
#188=EDGE_LOOP('',(#1233,#1234,#1235,#1236));
#189=EDGE_LOOP('',(#1237,#1238,#1239));
#190=EDGE_LOOP('',(#1240,#1241,#1242,#1243));
#191=EDGE_LOOP('',(#1244,#1245,#1246));
#192=EDGE_LOOP('',(#1247,#1248,#1249,#1250));
#193=EDGE_LOOP('',(#1251,#1252,#1253,#1254));
#194=EDGE_LOOP('',(#1255,#1256,#1257,#1258));
#195=EDGE_LOOP('',(#1259,#1260,#1261));
#196=EDGE_LOOP('',(#1262,#1263,#1264,#1265));
#197=EDGE_LOOP('',(#1266,#1267,#1268,#1269));
#198=EDGE_LOOP('',(#1270,#1271,#1272));
#199=EDGE_LOOP('',(#1273,#1274,#1275));
#200=EDGE_LOOP('',(#1276,#1277,#1278));
#201=EDGE_LOOP('',(#1279,#1280,#1281,#1282));
#202=EDGE_LOOP('',(#1283,#1284,#1285,#1286,#1287));
#203=EDGE_LOOP('',(#1288,#1289,#1290,#1291));
#204=EDGE_LOOP('',(#1292,#1293,#1294,#1295));
#205=EDGE_LOOP('',(#1296,#1297,#1298,#1299,#1300));
#206=EDGE_LOOP('',(#1301,#1302,#1303));
#207=EDGE_LOOP('',(#1304,#1305,#1306));
#208=EDGE_LOOP('',(#1307,#1308,#1309));
#209=EDGE_LOOP('',(#1310,#1311,#1312));
#210=EDGE_LOOP('',(#1313,#1314,#1315,#1316));
#211=EDGE_LOOP('',(#1317,#1318,#1319,#1320));
#212=EDGE_LOOP('',(#1321,#1322,#1323,#1324));
#213=EDGE_LOOP('',(#1325,#1326,#1327,#1328));
#214=EDGE_LOOP('',(#1329,#1330,#1331,#1332));
#215=EDGE_LOOP('',(#1333,#1334,#1335,#1336));
#216=EDGE_LOOP('',(#1337,#1338,#1339,#1340));
#217=EDGE_LOOP('',(#1341,#1342,#1343,#1344,#1345));
#218=EDGE_LOOP('',(#1346,#1347,#1348));
#219=EDGE_LOOP('',(#1349,#1350,#1351,#1352));
#220=EDGE_LOOP('',(#1353,#1354,#1355));
#221=EDGE_LOOP('',(#1356,#1357,#1358,#1359));
#222=EDGE_LOOP('',(#1360,#1361,#1362,#1363));
#223=EDGE_LOOP('',(#1364,#1365,#1366,#1367));
#224=EDGE_LOOP('',(#1368,#1369,#1370,#1371));
#225=EDGE_LOOP('',(#1372,#1373,#1374,#1375));
#226=EDGE_LOOP('',(#1376,#1377,#1378,#1379));
#227=EDGE_LOOP('',(#1380,#1381,#1382,#1383));
#228=EDGE_LOOP('',(#1384,#1385,#1386,#1387,#1388,#1389,#1390,#1391,#1392,
#1393,#1394,#1395,#1396,#1397,#1398,#1399,#1400));
#229=EDGE_LOOP('',(#1401,#1402,#1403,#1404,#1405,#1406,#1407,#1408,#1409,
#1410,#1411,#1412,#1413,#1414,#1415,#1416,#1417,#1418,#1419,#1420,#1421,
#1422,#1423,#1424,#1425,#1426,#1427,#1428,#1429,#1430,#1431,#1432,#1433,
#1434,#1435,#1436,#1437,#1438,#1439,#1440,#1441,#1442,#1443,#1444,#1445,
#1446,#1447,#1448));
#230=EDGE_LOOP('',(#1449,#1450,#1451,#1452,#1453,#1454,#1455,#1456,#1457,
#1458,#1459,#1460,#1461,#1462,#1463,#1464,#1465,#1466,#1467,#1468,#1469,
#1470,#1471,#1472,#1473,#1474,#1475,#1476,#1477,#1478,#1479,#1480,#1481,
#1482,#1483,#1484,#1485,#1486,#1487,#1488,#1489,#1490,#1491,#1492,#1493,
#1494,#1495,#1496,#1497,#1498,#1499,#1500,#1501,#1502,#1503));
#231=EDGE_LOOP('',(#1504,#1505,#1506,#1507,#1508,#1509,#1510,#1511,#1512,
#1513));
#232=LINE('',#2295,#446);
#233=LINE('',#2297,#447);
#234=LINE('',#2299,#448);
#235=LINE('',#2300,#449);
#236=LINE('',#2303,#450);
#237=LINE('',#2304,#451);
#238=LINE('',#2307,#452);
#239=LINE('',#2309,#453);
#240=LINE('',#2310,#454);
#241=LINE('',#2313,#455);
#242=LINE('',#2315,#456);
#243=LINE('',#2316,#457);
#244=LINE('',#2319,#458);
#245=LINE('',#2320,#459);
#246=LINE('',#2323,#460);
#247=LINE('',#2325,#461);
#248=LINE('',#2326,#462);
#249=LINE('',#2329,#463);
#250=LINE('',#2330,#464);
#251=LINE('',#2333,#465);
#252=LINE('',#2335,#466);
#253=LINE('',#2336,#467);
#254=LINE('',#2339,#468);
#255=LINE('',#2340,#469);
#256=LINE('',#2343,#470);
#257=LINE('',#2345,#471);
#258=LINE('',#2346,#472);
#259=LINE('',#2351,#473);
#260=LINE('',#2356,#474);
#261=LINE('',#2362,#475);
#262=LINE('',#2368,#476);
#263=LINE('',#2370,#477);
#264=LINE('',#2376,#478);
#265=LINE('',#2377,#479);
#266=LINE('',#2381,#480);
#267=LINE('',#2383,#481);
#268=LINE('',#2384,#482);
#269=LINE('',#2388,#483);
#270=LINE('',#2390,#484);
#271=LINE('',#2391,#485);
#272=LINE('',#2394,#486);
#273=LINE('',#2396,#487);
#274=LINE('',#2397,#488);
#275=LINE('',#2400,#489);
#276=LINE('',#2402,#490);
#277=LINE('',#2403,#491);
#278=LINE('',#2406,#492);
#279=LINE('',#2408,#493);
#280=LINE('',#2409,#494);
#281=LINE('',#2412,#495);
#282=LINE('',#2414,#496);
#283=LINE('',#2415,#497);
#284=LINE('',#2418,#498);
#285=LINE('',#2420,#499);
#286=LINE('',#2421,#500);
#287=LINE('',#2424,#501);
#288=LINE('',#2426,#502);
#289=LINE('',#2427,#503);
#290=LINE('',#2429,#504);
#291=LINE('',#2431,#505);
#292=LINE('',#2432,#506);
#293=LINE('',#2435,#507);
#294=LINE('',#2436,#508);
#295=LINE('',#2439,#509);
#296=LINE('',#2440,#510);
#297=LINE('',#2443,#511);
#298=LINE('',#2444,#512);
#299=LINE('',#2447,#513);
#300=LINE('',#2448,#514);
#301=LINE('',#2451,#515);
#302=LINE('',#2452,#516);
#303=LINE('',#2455,#517);
#304=LINE('',#2456,#518);
#305=LINE('',#2457,#519);
#306=LINE('',#2460,#520);
#307=LINE('',#2461,#521);
#308=LINE('',#2464,#522);
#309=LINE('',#2465,#523);
#310=LINE('',#2468,#524);
#311=LINE('',#2470,#525);
#312=LINE('',#2471,#526);
#313=LINE('',#2474,#527);
#314=LINE('',#2476,#528);
#315=LINE('',#2477,#529);
#316=LINE('',#2480,#530);
#317=LINE('',#2482,#531);
#318=LINE('',#2483,#532);
#319=LINE('',#2486,#533);
#320=LINE('',#2487,#534);
#321=LINE('',#2490,#535);
#322=LINE('',#2492,#536);
#323=LINE('',#2493,#537);
#324=LINE('',#2496,#538);
#325=LINE('',#2498,#539);
#326=LINE('',#2499,#540);
#327=LINE('',#2502,#541);
#328=LINE('',#2504,#542);
#329=LINE('',#2505,#543);
#330=LINE('',#2508,#544);
#331=LINE('',#2509,#545);
#332=LINE('',#2512,#546);
#333=LINE('',#2514,#547);
#334=LINE('',#2515,#548);
#335=LINE('',#2518,#549);
#336=LINE('',#2520,#550);
#337=LINE('',#2521,#551);
#338=LINE('',#2524,#552);
#339=LINE('',#2525,#553);
#340=LINE('',#2528,#554);
#341=LINE('',#2530,#555);
#342=LINE('',#2531,#556);
#343=LINE('',#2534,#557);
#344=LINE('',#2536,#558);
#345=LINE('',#2537,#559);
#346=LINE('',#2540,#560);
#347=LINE('',#2542,#561);
#348=LINE('',#2543,#562);
#349=LINE('',#2547,#563);
#350=LINE('',#2549,#564);
#351=LINE('',#2550,#565);
#352=LINE('',#2553,#566);
#353=LINE('',#2555,#567);
#354=LINE('',#2556,#568);
#355=LINE('',#2559,#569);
#356=LINE('',#2560,#570);
#357=LINE('',#2563,#571);
#358=LINE('',#2564,#572);
#359=LINE('',#2565,#573);
#360=LINE('',#2568,#574);
#361=LINE('',#2569,#575);
#362=LINE('',#2572,#576);
#363=LINE('',#2573,#577);
#364=LINE('',#2576,#578);
#365=LINE('',#2577,#579);
#366=LINE('',#2580,#580);
#367=LINE('',#2581,#581);
#368=LINE('',#2584,#582);
#369=LINE('',#2585,#583);
#370=LINE('',#2588,#584);
#371=LINE('',#2589,#585);
#372=LINE('',#2592,#586);
#373=LINE('',#2593,#587);
#374=LINE('',#2596,#588);
#375=LINE('',#2597,#589);
#376=LINE('',#2603,#590);
#377=LINE('',#2606,#591);
#378=LINE('',#2613,#592);
#379=LINE('',#2622,#593);
#380=LINE('',#2625,#594);
#381=LINE('',#2626,#595);
#382=LINE('',#2630,#596);
#383=LINE('',#2631,#597);
#384=LINE('',#2632,#598);
#385=LINE('',#2636,#599);
#386=LINE('',#2637,#600);
#387=LINE('',#2638,#601);
#388=LINE('',#2642,#602);
#389=LINE('',#2644,#603);
#390=LINE('',#2647,#604);
#391=LINE('',#2650,#605);
#392=LINE('',#2654,#606);
#393=LINE('',#2655,#607);
#394=LINE('',#2658,#608);
#395=LINE('',#2660,#609);
#396=LINE('',#2661,#610);
#397=LINE('',#2664,#611);
#398=LINE('',#2666,#612);
#399=LINE('',#2670,#613);
#400=LINE('',#2674,#614);
#401=LINE('',#2675,#615);
#402=LINE('',#2678,#616);
#403=LINE('',#2683,#617);
#404=LINE('',#2685,#618);
#405=LINE('',#2687,#619);
#406=LINE('',#2688,#620);
#407=LINE('',#2691,#621);
#408=LINE('',#2692,#622);
#409=LINE('',#2695,#623);
#410=LINE('',#2697,#624);
#411=LINE('',#2698,#625);
#412=LINE('',#2700,#626);
#413=LINE('',#2702,#627);
#414=LINE('',#2706,#628);
#415=LINE('',#2707,#629);
#416=LINE('',#2708,#630);
#417=LINE('',#2710,#631);
#418=LINE('',#2713,#632);
#419=LINE('',#2715,#633);
#420=LINE('',#2717,#634);
#421=LINE('',#2718,#635);
#422=LINE('',#2721,#636);
#423=LINE('',#2722,#637);
#424=LINE('',#2724,#638);
#425=LINE('',#2727,#639);
#426=LINE('',#2728,#640);
#427=LINE('',#2731,#641);
#428=LINE('',#2732,#642);
#429=LINE('',#2735,#643);
#430=LINE('',#2737,#644);
#431=LINE('',#2738,#645);
#432=LINE('',#2741,#646);
#433=LINE('',#2743,#647);
#434=LINE('',#2744,#648);
#435=LINE('',#2747,#649);
#436=LINE('',#2749,#650);
#437=LINE('',#2750,#651);
#438=LINE('',#2752,#652);
#439=LINE('',#2753,#653);
#440=LINE('',#2755,#654);
#441=LINE('',#2757,#655);
#442=LINE('',#2758,#656);
#443=LINE('',#2761,#657);
#444=LINE('',#2763,#658);
#445=LINE('',#2765,#659);
#446=VECTOR('',#1841,10.);
#447=VECTOR('',#1842,10.);
#448=VECTOR('',#1843,10.);
#449=VECTOR('',#1844,10.);
#450=VECTOR('',#1847,10.);
#451=VECTOR('',#1848,10.);
#452=VECTOR('',#1851,10.);
#453=VECTOR('',#1852,10.);
#454=VECTOR('',#1853,10.);
#455=VECTOR('',#1856,10.);
#456=VECTOR('',#1857,10.);
#457=VECTOR('',#1858,10.);
#458=VECTOR('',#1861,10.);
#459=VECTOR('',#1862,10.);
#460=VECTOR('',#1865,10.);
#461=VECTOR('',#1866,10.);
#462=VECTOR('',#1867,10.);
#463=VECTOR('',#1870,10.);
#464=VECTOR('',#1871,10.);
#465=VECTOR('',#1874,10.);
#466=VECTOR('',#1875,10.);
#467=VECTOR('',#1876,10.);
#468=VECTOR('',#1879,10.);
#469=VECTOR('',#1880,10.);
#470=VECTOR('',#1883,10.);
#471=VECTOR('',#1884,10.);
#472=VECTOR('',#1885,10.);
#473=VECTOR('',#1890,10.);
#474=VECTOR('',#1895,10.);
#475=VECTOR('',#1902,10.);
#476=VECTOR('',#1909,10.);
#477=VECTOR('',#1910,10.);
#478=VECTOR('',#1917,10.);
#479=VECTOR('',#1918,10.);
#480=VECTOR('',#1921,10.);
#481=VECTOR('',#1922,10.);
#482=VECTOR('',#1923,10.);
#483=VECTOR('',#1928,10.);
#484=VECTOR('',#1929,10.);
#485=VECTOR('',#1930,10.);
#486=VECTOR('',#1933,10.);
#487=VECTOR('',#1934,10.);
#488=VECTOR('',#1935,10.);
#489=VECTOR('',#1938,10.);
#490=VECTOR('',#1939,10.);
#491=VECTOR('',#1940,10.);
#492=VECTOR('',#1943,10.);
#493=VECTOR('',#1944,10.);
#494=VECTOR('',#1945,10.);
#495=VECTOR('',#1948,10.);
#496=VECTOR('',#1949,10.);
#497=VECTOR('',#1950,10.);
#498=VECTOR('',#1953,10.);
#499=VECTOR('',#1954,10.);
#500=VECTOR('',#1955,10.);
#501=VECTOR('',#1958,10.);
#502=VECTOR('',#1959,10.);
#503=VECTOR('',#1960,10.);
#504=VECTOR('',#1963,10.);
#505=VECTOR('',#1964,10.);
#506=VECTOR('',#1965,10.);
#507=VECTOR('',#1968,10.);
#508=VECTOR('',#1969,10.);
#509=VECTOR('',#1972,10.);
#510=VECTOR('',#1973,10.);
#511=VECTOR('',#1976,10.);
#512=VECTOR('',#1977,10.);
#513=VECTOR('',#1980,10.);
#514=VECTOR('',#1981,10.);
#515=VECTOR('',#1984,10.);
#516=VECTOR('',#1985,10.);
#517=VECTOR('',#1988,10.);
#518=VECTOR('',#1989,10.);
#519=VECTOR('',#1990,10.);
#520=VECTOR('',#1993,10.);
#521=VECTOR('',#1994,10.);
#522=VECTOR('',#1997,10.);
#523=VECTOR('',#1998,10.);
#524=VECTOR('',#2001,10.);
#525=VECTOR('',#2002,10.);
#526=VECTOR('',#2003,10.);
#527=VECTOR('',#2006,10.);
#528=VECTOR('',#2007,10.);
#529=VECTOR('',#2008,10.);
#530=VECTOR('',#2011,10.);
#531=VECTOR('',#2012,10.);
#532=VECTOR('',#2013,10.);
#533=VECTOR('',#2016,10.);
#534=VECTOR('',#2017,10.);
#535=VECTOR('',#2020,10.);
#536=VECTOR('',#2021,10.);
#537=VECTOR('',#2022,10.);
#538=VECTOR('',#2025,10.);
#539=VECTOR('',#2026,10.);
#540=VECTOR('',#2027,10.);
#541=VECTOR('',#2030,10.);
#542=VECTOR('',#2031,10.);
#543=VECTOR('',#2032,10.);
#544=VECTOR('',#2035,10.);
#545=VECTOR('',#2036,10.);
#546=VECTOR('',#2039,10.);
#547=VECTOR('',#2040,10.);
#548=VECTOR('',#2041,10.);
#549=VECTOR('',#2044,10.);
#550=VECTOR('',#2045,10.);
#551=VECTOR('',#2046,10.);
#552=VECTOR('',#2049,10.);
#553=VECTOR('',#2050,10.);
#554=VECTOR('',#2053,10.);
#555=VECTOR('',#2054,10.);
#556=VECTOR('',#2055,10.);
#557=VECTOR('',#2058,10.);
#558=VECTOR('',#2059,10.);
#559=VECTOR('',#2060,10.);
#560=VECTOR('',#2063,10.);
#561=VECTOR('',#2064,10.);
#562=VECTOR('',#2065,10.);
#563=VECTOR('',#2068,10.);
#564=VECTOR('',#2069,10.);
#565=VECTOR('',#2070,10.);
#566=VECTOR('',#2073,10.);
#567=VECTOR('',#2074,10.);
#568=VECTOR('',#2075,10.);
#569=VECTOR('',#2078,10.);
#570=VECTOR('',#2079,10.);
#571=VECTOR('',#2082,10.);
#572=VECTOR('',#2083,10.);
#573=VECTOR('',#2084,10.);
#574=VECTOR('',#2087,10.);
#575=VECTOR('',#2088,10.);
#576=VECTOR('',#2091,10.);
#577=VECTOR('',#2092,10.);
#578=VECTOR('',#2095,10.);
#579=VECTOR('',#2096,10.);
#580=VECTOR('',#2099,10.);
#581=VECTOR('',#2100,10.);
#582=VECTOR('',#2103,10.);
#583=VECTOR('',#2104,10.);
#584=VECTOR('',#2107,10.);
#585=VECTOR('',#2108,10.);
#586=VECTOR('',#2111,10.);
#587=VECTOR('',#2112,10.);
#588=VECTOR('',#2115,10.);
#589=VECTOR('',#2116,10.);
#590=VECTOR('',#2121,10.);
#591=VECTOR('',#2124,10.);
#592=VECTOR('',#2131,10.);
#593=VECTOR('',#2144,10.);
#594=VECTOR('',#2147,10.);
#595=VECTOR('',#2148,10.);
#596=VECTOR('',#2151,10.);
#597=VECTOR('',#2152,10.);
#598=VECTOR('',#2153,10.);
#599=VECTOR('',#2156,10.);
#600=VECTOR('',#2157,10.);
#601=VECTOR('',#2158,10.);
#602=VECTOR('',#2161,10.);
#603=VECTOR('',#2162,10.);
#604=VECTOR('',#2165,10.);
#605=VECTOR('',#2168,10.);
#606=VECTOR('',#2171,10.);
#607=VECTOR('',#2172,10.);
#608=VECTOR('',#2175,10.);
#609=VECTOR('',#2176,10.);
#610=VECTOR('',#2177,10.);
#611=VECTOR('',#2180,10.);
#612=VECTOR('',#2181,10.);
#613=VECTOR('',#2186,10.);
#614=VECTOR('',#2193,10.);
#615=VECTOR('',#2194,10.);
#616=VECTOR('',#2199,10.);
#617=VECTOR('',#2204,10.);
#618=VECTOR('',#2205,10.);
#619=VECTOR('',#2206,10.);
#620=VECTOR('',#2207,10.);
#621=VECTOR('',#2210,10.);
#622=VECTOR('',#2211,10.);
#623=VECTOR('',#2214,10.);
#624=VECTOR('',#2215,10.);
#625=VECTOR('',#2216,10.);
#626=VECTOR('',#2219,10.);
#627=VECTOR('',#2222,10.);
#628=VECTOR('',#2225,10.);
#629=VECTOR('',#2226,10.);
#630=VECTOR('',#2227,10.);
#631=VECTOR('',#2230,10.);
#632=VECTOR('',#2233,10.);
#633=VECTOR('',#2234,10.);
#634=VECTOR('',#2235,10.);
#635=VECTOR('',#2236,10.);
#636=VECTOR('',#2239,10.);
#637=VECTOR('',#2240,10.);
#638=VECTOR('',#2243,10.);
#639=VECTOR('',#2246,10.);
#640=VECTOR('',#2247,10.);
#641=VECTOR('',#2250,10.);
#642=VECTOR('',#2251,10.);
#643=VECTOR('',#2254,10.);
#644=VECTOR('',#2255,10.);
#645=VECTOR('',#2256,10.);
#646=VECTOR('',#2259,10.);
#647=VECTOR('',#2260,10.);
#648=VECTOR('',#2261,10.);
#649=VECTOR('',#2264,10.);
#650=VECTOR('',#2265,10.);
#651=VECTOR('',#2266,10.);
#652=VECTOR('',#2269,10.);
#653=VECTOR('',#2270,10.);
#654=VECTOR('',#2273,10.);
#655=VECTOR('',#2276,10.);
#656=VECTOR('',#2277,10.);
#657=VECTOR('',#2280,10.);
#658=VECTOR('',#2283,10.);
#659=VECTOR('',#2286,10.);
#660=VERTEX_POINT('',#2293);
#661=VERTEX_POINT('',#2294);
#662=VERTEX_POINT('',#2296);
#663=VERTEX_POINT('',#2298);
#664=VERTEX_POINT('',#2302);
#665=VERTEX_POINT('',#2306);
#666=VERTEX_POINT('',#2308);
#667=VERTEX_POINT('',#2312);
#668=VERTEX_POINT('',#2314);
#669=VERTEX_POINT('',#2318);
#670=VERTEX_POINT('',#2322);
#671=VERTEX_POINT('',#2324);
#672=VERTEX_POINT('',#2328);
#673=VERTEX_POINT('',#2332);
#674=VERTEX_POINT('',#2334);
#675=VERTEX_POINT('',#2338);
#676=VERTEX_POINT('',#2342);
#677=VERTEX_POINT('',#2344);
#678=VERTEX_POINT('',#2348);
#679=VERTEX_POINT('',#2349);
#680=VERTEX_POINT('',#2353);
#681=VERTEX_POINT('',#2355);
#682=VERTEX_POINT('',#2359);
#683=VERTEX_POINT('',#2361);
#684=VERTEX_POINT('',#2365);
#685=VERTEX_POINT('',#2367);
#686=VERTEX_POINT('',#2369);
#687=VERTEX_POINT('',#2373);
#688=VERTEX_POINT('',#2375);
#689=VERTEX_POINT('',#2379);
#690=VERTEX_POINT('',#2380);
#691=VERTEX_POINT('',#2382);
#692=VERTEX_POINT('',#2387);
#693=VERTEX_POINT('',#2389);
#694=VERTEX_POINT('',#2393);
#695=VERTEX_POINT('',#2395);
#696=VERTEX_POINT('',#2399);
#697=VERTEX_POINT('',#2401);
#698=VERTEX_POINT('',#2405);
#699=VERTEX_POINT('',#2407);
#700=VERTEX_POINT('',#2411);
#701=VERTEX_POINT('',#2413);
#702=VERTEX_POINT('',#2417);
#703=VERTEX_POINT('',#2419);
#704=VERTEX_POINT('',#2423);
#705=VERTEX_POINT('',#2425);
#706=VERTEX_POINT('',#2430);
#707=VERTEX_POINT('',#2434);
#708=VERTEX_POINT('',#2438);
#709=VERTEX_POINT('',#2442);
#710=VERTEX_POINT('',#2446);
#711=VERTEX_POINT('',#2450);
#712=VERTEX_POINT('',#2454);
#713=VERTEX_POINT('',#2459);
#714=VERTEX_POINT('',#2463);
#715=VERTEX_POINT('',#2467);
#716=VERTEX_POINT('',#2469);
#717=VERTEX_POINT('',#2473);
#718=VERTEX_POINT('',#2475);
#719=VERTEX_POINT('',#2479);
#720=VERTEX_POINT('',#2481);
#721=VERTEX_POINT('',#2485);
#722=VERTEX_POINT('',#2489);
#723=VERTEX_POINT('',#2491);
#724=VERTEX_POINT('',#2495);
#725=VERTEX_POINT('',#2497);
#726=VERTEX_POINT('',#2501);
#727=VERTEX_POINT('',#2503);
#728=VERTEX_POINT('',#2507);
#729=VERTEX_POINT('',#2511);
#730=VERTEX_POINT('',#2513);
#731=VERTEX_POINT('',#2517);
#732=VERTEX_POINT('',#2519);
#733=VERTEX_POINT('',#2523);
#734=VERTEX_POINT('',#2527);
#735=VERTEX_POINT('',#2529);
#736=VERTEX_POINT('',#2533);
#737=VERTEX_POINT('',#2535);
#738=VERTEX_POINT('',#2539);
#739=VERTEX_POINT('',#2541);
#740=VERTEX_POINT('',#2545);
#741=VERTEX_POINT('',#2546);
#742=VERTEX_POINT('',#2548);
#743=VERTEX_POINT('',#2552);
#744=VERTEX_POINT('',#2554);
#745=VERTEX_POINT('',#2558);
#746=VERTEX_POINT('',#2562);
#747=VERTEX_POINT('',#2567);
#748=VERTEX_POINT('',#2571);
#749=VERTEX_POINT('',#2575);
#750=VERTEX_POINT('',#2579);
#751=VERTEX_POINT('',#2583);
#752=VERTEX_POINT('',#2587);
#753=VERTEX_POINT('',#2591);
#754=VERTEX_POINT('',#2595);
#755=VERTEX_POINT('',#2599);
#756=VERTEX_POINT('',#2600);
#757=VERTEX_POINT('',#2602);
#758=VERTEX_POINT('',#2604);
#759=VERTEX_POINT('',#2608);
#760=VERTEX_POINT('',#2609);
#761=VERTEX_POINT('',#2611);
#762=VERTEX_POINT('',#2618);
#763=VERTEX_POINT('',#2620);
#764=VERTEX_POINT('',#2624);
#765=VERTEX_POINT('',#2628);
#766=VERTEX_POINT('',#2629);
#767=VERTEX_POINT('',#2634);
#768=VERTEX_POINT('',#2635);
#769=VERTEX_POINT('',#2640);
#770=VERTEX_POINT('',#2641);
#771=VERTEX_POINT('',#2643);
#772=VERTEX_POINT('',#2645);
#773=VERTEX_POINT('',#2649);
#774=VERTEX_POINT('',#2651);
#775=VERTEX_POINT('',#2653);
#776=VERTEX_POINT('',#2657);
#777=VERTEX_POINT('',#2659);
#778=VERTEX_POINT('',#2663);
#779=VERTEX_POINT('',#2665);
#780=VERTEX_POINT('',#2669);
#781=VERTEX_POINT('',#2681);
#782=VERTEX_POINT('',#2682);
#783=VERTEX_POINT('',#2684);
#784=VERTEX_POINT('',#2686);
#785=VERTEX_POINT('',#2690);
#786=VERTEX_POINT('',#2694);
#787=VERTEX_POINT('',#2696);
#788=VERTEX_POINT('',#2704);
#789=VERTEX_POINT('',#2705);
#790=VERTEX_POINT('',#2712);
#791=VERTEX_POINT('',#2714);
#792=VERTEX_POINT('',#2716);
#793=VERTEX_POINT('',#2720);
#794=VERTEX_POINT('',#2726);
#795=VERTEX_POINT('',#2730);
#796=VERTEX_POINT('',#2734);
#797=VERTEX_POINT('',#2736);
#798=VERTEX_POINT('',#2740);
#799=VERTEX_POINT('',#2742);
#800=VERTEX_POINT('',#2746);
#801=VERTEX_POINT('',#2748);
#802=VERTEX_POINT('',#2760);
#803=EDGE_CURVE('',#660,#661,#232,.T.);
#804=EDGE_CURVE('',#662,#660,#233,.T.);
#805=EDGE_CURVE('',#663,#662,#234,.T.);
#806=EDGE_CURVE('',#663,#661,#235,.T.);
#807=EDGE_CURVE('',#661,#664,#236,.T.);
#808=EDGE_CURVE('',#663,#664,#237,.T.);
#809=EDGE_CURVE('',#664,#665,#238,.T.);
#810=EDGE_CURVE('',#666,#663,#239,.T.);
#811=EDGE_CURVE('',#666,#665,#240,.T.);
#812=EDGE_CURVE('',#665,#667,#241,.T.);
#813=EDGE_CURVE('',#668,#666,#242,.T.);
#814=EDGE_CURVE('',#668,#667,#243,.T.);
#815=EDGE_CURVE('',#667,#669,#244,.T.);
#816=EDGE_CURVE('',#668,#669,#245,.T.);
#817=EDGE_CURVE('',#669,#670,#246,.T.);
#818=EDGE_CURVE('',#671,#668,#247,.T.);
#819=EDGE_CURVE('',#671,#670,#248,.T.);
#820=EDGE_CURVE('',#670,#672,#249,.T.);
#821=EDGE_CURVE('',#671,#672,#250,.T.);
#822=EDGE_CURVE('',#672,#673,#251,.T.);
#823=EDGE_CURVE('',#674,#671,#252,.T.);
#824=EDGE_CURVE('',#674,#673,#253,.T.);
#825=EDGE_CURVE('',#673,#675,#254,.T.);
#826=EDGE_CURVE('',#675,#674,#255,.T.);
#827=EDGE_CURVE('',#675,#676,#256,.T.);
#828=EDGE_CURVE('',#677,#674,#257,.T.);
#829=EDGE_CURVE('',#677,#676,#258,.T.);
#830=EDGE_CURVE('',#678,#679,#17,.T.);
#831=EDGE_CURVE('',#679,#678,#259,.T.);
#832=EDGE_CURVE('',#680,#678,#18,.T.);
#833=EDGE_CURVE('',#681,#680,#260,.T.);
#834=EDGE_CURVE('',#679,#681,#19,.T.);
#835=EDGE_CURVE('',#682,#680,#20,.T.);
#836=EDGE_CURVE('',#683,#682,#261,.T.);
#837=EDGE_CURVE('',#681,#683,#21,.T.);
#838=EDGE_CURVE('',#684,#682,#22,.T.);
#839=EDGE_CURVE('',#685,#684,#262,.T.);
#840=EDGE_CURVE('',#686,#685,#263,.T.);
#841=EDGE_CURVE('',#683,#686,#23,.T.);
#842=EDGE_CURVE('',#687,#684,#24,.T.);
#843=EDGE_CURVE('',#688,#687,#264,.T.);
#844=EDGE_CURVE('',#685,#688,#265,.T.);
#845=EDGE_CURVE('',#689,#690,#266,.T.);
#846=EDGE_CURVE('',#691,#689,#267,.T.);
#847=EDGE_CURVE('',#688,#691,#268,.T.);
#848=EDGE_CURVE('',#690,#687,#25,.T.);
#849=EDGE_CURVE('',#692,#689,#269,.T.);
#850=EDGE_CURVE('',#693,#692,#270,.T.);
#851=EDGE_CURVE('',#691,#693,#271,.T.);
#852=EDGE_CURVE('',#694,#692,#272,.T.);
#853=EDGE_CURVE('',#695,#694,#273,.T.);
#854=EDGE_CURVE('',#693,#695,#274,.T.);
#855=EDGE_CURVE('',#696,#694,#275,.T.);
#856=EDGE_CURVE('',#697,#696,#276,.T.);
#857=EDGE_CURVE('',#695,#697,#277,.T.);
#858=EDGE_CURVE('',#698,#696,#278,.T.);
#859=EDGE_CURVE('',#699,#698,#279,.T.);
#860=EDGE_CURVE('',#697,#699,#280,.T.);
#861=EDGE_CURVE('',#700,#698,#281,.T.);
#862=EDGE_CURVE('',#701,#700,#282,.T.);
#863=EDGE_CURVE('',#699,#701,#283,.T.);
#864=EDGE_CURVE('',#702,#700,#284,.T.);
#865=EDGE_CURVE('',#703,#702,#285,.T.);
#866=EDGE_CURVE('',#701,#703,#286,.T.);
#867=EDGE_CURVE('',#704,#702,#287,.T.);
#868=EDGE_CURVE('',#705,#704,#288,.T.);
#869=EDGE_CURVE('',#703,#705,#289,.T.);
#870=EDGE_CURVE('',#676,#704,#290,.T.);
#871=EDGE_CURVE('',#706,#677,#291,.T.);
#872=EDGE_CURVE('',#705,#706,#292,.T.);
#873=EDGE_CURVE('',#706,#707,#293,.T.);
#874=EDGE_CURVE('',#707,#677,#294,.T.);
#875=EDGE_CURVE('',#707,#708,#295,.T.);
#876=EDGE_CURVE('',#708,#677,#296,.T.);
#877=EDGE_CURVE('',#708,#709,#297,.T.);
#878=EDGE_CURVE('',#709,#677,#298,.T.);
#879=EDGE_CURVE('',#709,#710,#299,.T.);
#880=EDGE_CURVE('',#710,#677,#300,.T.);
#881=EDGE_CURVE('',#710,#711,#301,.T.);
#882=EDGE_CURVE('',#711,#677,#302,.T.);
#883=EDGE_CURVE('',#711,#712,#303,.T.);
#884=EDGE_CURVE('',#677,#663,#304,.T.);
#885=EDGE_CURVE('',#712,#663,#305,.T.);
#886=EDGE_CURVE('',#712,#713,#306,.T.);
#887=EDGE_CURVE('',#713,#662,#307,.T.);
#888=EDGE_CURVE('',#713,#714,#308,.T.);
#889=EDGE_CURVE('',#714,#662,#309,.T.);
#890=EDGE_CURVE('',#714,#715,#310,.T.);
#891=EDGE_CURVE('',#662,#716,#311,.T.);
#892=EDGE_CURVE('',#715,#716,#312,.T.);
#893=EDGE_CURVE('',#715,#717,#313,.T.);
#894=EDGE_CURVE('',#716,#718,#314,.T.);
#895=EDGE_CURVE('',#717,#718,#315,.T.);
#896=EDGE_CURVE('',#717,#719,#316,.T.);
#897=EDGE_CURVE('',#718,#720,#317,.T.);
#898=EDGE_CURVE('',#719,#720,#318,.T.);
#899=EDGE_CURVE('',#719,#721,#319,.T.);
#900=EDGE_CURVE('',#721,#720,#320,.T.);
#901=EDGE_CURVE('',#721,#722,#321,.T.);
#902=EDGE_CURVE('',#720,#723,#322,.T.);
#903=EDGE_CURVE('',#722,#723,#323,.T.);
#904=EDGE_CURVE('',#722,#724,#324,.T.);
#905=EDGE_CURVE('',#725,#723,#325,.T.);
#906=EDGE_CURVE('',#724,#725,#326,.T.);
#907=EDGE_CURVE('',#724,#726,#327,.T.);
#908=EDGE_CURVE('',#725,#727,#328,.T.);
#909=EDGE_CURVE('',#726,#727,#329,.T.);
#910=EDGE_CURVE('',#726,#728,#330,.T.);
#911=EDGE_CURVE('',#728,#727,#331,.T.);
#912=EDGE_CURVE('',#728,#729,#332,.T.);
#913=EDGE_CURVE('',#730,#727,#333,.T.);
#914=EDGE_CURVE('',#729,#730,#334,.T.);
#915=EDGE_CURVE('',#729,#731,#335,.T.);
#916=EDGE_CURVE('',#730,#732,#336,.T.);
#917=EDGE_CURVE('',#731,#732,#337,.T.);
#918=EDGE_CURVE('',#731,#733,#338,.T.);
#919=EDGE_CURVE('',#733,#732,#339,.T.);
#920=EDGE_CURVE('',#733,#734,#340,.T.);
#921=EDGE_CURVE('',#732,#735,#341,.T.);
#922=EDGE_CURVE('',#734,#735,#342,.T.);
#923=EDGE_CURVE('',#734,#736,#343,.T.);
#924=EDGE_CURVE('',#737,#735,#344,.T.);
#925=EDGE_CURVE('',#736,#737,#345,.T.);
#926=EDGE_CURVE('',#736,#738,#346,.T.);
#927=EDGE_CURVE('',#739,#737,#347,.T.);
#928=EDGE_CURVE('',#738,#739,#348,.T.);
#929=EDGE_CURVE('',#740,#741,#349,.T.);
#930=EDGE_CURVE('',#740,#742,#350,.T.);
#931=EDGE_CURVE('',#742,#741,#351,.T.);
#932=EDGE_CURVE('',#741,#743,#352,.T.);
#933=EDGE_CURVE('',#742,#744,#353,.T.);
#934=EDGE_CURVE('',#744,#743,#354,.T.);
#935=EDGE_CURVE('',#743,#745,#355,.T.);
#936=EDGE_CURVE('',#744,#745,#356,.T.);
#937=EDGE_CURVE('',#745,#746,#357,.T.);
#938=EDGE_CURVE('',#744,#739,#358,.T.);
#939=EDGE_CURVE('',#739,#746,#359,.T.);
#940=EDGE_CURVE('',#746,#747,#360,.T.);
#941=EDGE_CURVE('',#739,#747,#361,.T.);
#942=EDGE_CURVE('',#747,#748,#362,.T.);
#943=EDGE_CURVE('',#737,#748,#363,.T.);
#944=EDGE_CURVE('',#748,#749,#364,.T.);
#945=EDGE_CURVE('',#735,#749,#365,.T.);
#946=EDGE_CURVE('',#749,#750,#366,.T.);
#947=EDGE_CURVE('',#735,#750,#367,.T.);
#948=EDGE_CURVE('',#750,#751,#368,.T.);
#949=EDGE_CURVE('',#732,#751,#369,.T.);
#950=EDGE_CURVE('',#751,#752,#370,.T.);
#951=EDGE_CURVE('',#732,#752,#371,.T.);
#952=EDGE_CURVE('',#752,#753,#372,.T.);
#953=EDGE_CURVE('',#730,#753,#373,.T.);
#954=EDGE_CURVE('',#753,#754,#374,.T.);
#955=EDGE_CURVE('',#727,#754,#375,.T.);
#956=EDGE_CURVE('',#755,#756,#26,.T.);
#957=EDGE_CURVE('',#757,#755,#376,.T.);
#958=EDGE_CURVE('',#758,#757,#27,.T.);
#959=EDGE_CURVE('',#758,#756,#377,.T.);
#960=EDGE_CURVE('',#759,#760,#28,.T.);
#961=EDGE_CURVE('',#761,#759,#29,.T.);
#962=EDGE_CURVE('',#761,#760,#378,.T.);
#963=EDGE_CURVE('',#760,#755,#30,.T.);
#964=EDGE_CURVE('',#757,#761,#31,.T.);
#965=EDGE_CURVE('',#756,#762,#32,.T.);
#966=EDGE_CURVE('',#763,#758,#33,.T.);
#967=EDGE_CURVE('',#763,#762,#379,.T.);
#968=EDGE_CURVE('',#764,#660,#380,.T.);
#969=EDGE_CURVE('',#662,#764,#381,.T.);
#970=EDGE_CURVE('',#765,#766,#382,.T.);
#971=EDGE_CURVE('',#718,#765,#383,.T.);
#972=EDGE_CURVE('',#718,#766,#384,.T.);
#973=EDGE_CURVE('',#767,#768,#385,.T.);
#974=EDGE_CURVE('',#720,#767,#386,.T.);
#975=EDGE_CURVE('',#720,#768,#387,.T.);
#976=EDGE_CURVE('',#769,#770,#388,.T.);
#977=EDGE_CURVE('',#771,#769,#389,.T.);
#978=EDGE_CURVE('',#772,#771,#34,.T.);
#979=EDGE_CURVE('',#772,#770,#390,.T.);
#980=EDGE_CURVE('',#770,#773,#391,.T.);
#981=EDGE_CURVE('',#774,#772,#35,.T.);
#982=EDGE_CURVE('',#775,#774,#392,.T.);
#983=EDGE_CURVE('',#775,#773,#393,.T.);
#984=EDGE_CURVE('',#773,#776,#394,.T.);
#985=EDGE_CURVE('',#777,#775,#395,.T.);
#986=EDGE_CURVE('',#777,#776,#396,.T.);
#987=EDGE_CURVE('',#778,#769,#397,.T.);
#988=EDGE_CURVE('',#779,#778,#398,.T.);
#989=EDGE_CURVE('',#771,#779,#36,.T.);
#990=EDGE_CURVE('',#780,#778,#399,.T.);
#991=EDGE_CURVE('',#762,#780,#37,.T.);
#992=EDGE_CURVE('',#779,#763,#38,.T.);
#993=EDGE_CURVE('',#677,#668,#400,.T.);
#994=EDGE_CURVE('',#677,#671,#401,.T.);
#995=EDGE_CURVE('',#677,#666,#402,.T.);
#996=EDGE_CURVE('',#781,#782,#403,.T.);
#997=EDGE_CURVE('',#783,#781,#404,.T.);
#998=EDGE_CURVE('',#784,#783,#405,.T.);
#999=EDGE_CURVE('',#784,#782,#406,.T.);
#1000=EDGE_CURVE('',#785,#764,#407,.T.);
#1001=EDGE_CURVE('',#716,#785,#408,.T.);
#1002=EDGE_CURVE('',#776,#786,#409,.T.);
#1003=EDGE_CURVE('',#787,#777,#410,.T.);
#1004=EDGE_CURVE('',#787,#786,#411,.T.);
#1005=EDGE_CURVE('',#766,#785,#412,.T.);
#1006=EDGE_CURVE('',#768,#765,#413,.T.);
#1007=EDGE_CURVE('',#788,#789,#414,.T.);
#1008=EDGE_CURVE('',#725,#788,#415,.T.);
#1009=EDGE_CURVE('',#723,#789,#416,.T.);
#1010=EDGE_CURVE('',#789,#767,#417,.T.);
#1011=EDGE_CURVE('',#790,#740,#418,.T.);
#1012=EDGE_CURVE('',#791,#790,#419,.T.);
#1013=EDGE_CURVE('',#792,#791,#420,.T.);
#1014=EDGE_CURVE('',#792,#742,#421,.T.);
#1015=EDGE_CURVE('',#754,#793,#422,.T.);
#1016=EDGE_CURVE('',#727,#793,#423,.T.);
#1017=EDGE_CURVE('',#793,#788,#424,.T.);
#1018=EDGE_CURVE('',#738,#794,#425,.T.);
#1019=EDGE_CURVE('',#794,#739,#426,.T.);
#1020=EDGE_CURVE('',#794,#795,#427,.T.);
#1021=EDGE_CURVE('',#795,#744,#428,.T.);
#1022=EDGE_CURVE('',#796,#790,#429,.T.);
#1023=EDGE_CURVE('',#797,#796,#430,.T.);
#1024=EDGE_CURVE('',#791,#797,#431,.T.);
#1025=EDGE_CURVE('',#786,#798,#432,.T.);
#1026=EDGE_CURVE('',#799,#787,#433,.T.);
#1027=EDGE_CURVE('',#799,#798,#434,.T.);
#1028=EDGE_CURVE('',#800,#796,#435,.T.);
#1029=EDGE_CURVE('',#801,#800,#436,.T.);
#1030=EDGE_CURVE('',#797,#801,#437,.T.);
#1031=EDGE_CURVE('',#782,#800,#438,.T.);
#1032=EDGE_CURVE('',#801,#784,#439,.T.);
#1033=EDGE_CURVE('',#795,#792,#440,.T.);
#1034=EDGE_CURVE('',#798,#781,#441,.T.);
#1035=EDGE_CURVE('',#783,#799,#442,.T.);
#1036=EDGE_CURVE('',#686,#802,#443,.T.);
#1037=EDGE_CURVE('',#802,#759,#39,.T.);
#1038=EDGE_CURVE('',#780,#690,#444,.T.);
#1039=EDGE_CURVE('',#802,#774,#445,.T.);
#1040=ORIENTED_EDGE('',*,*,#803,.F.);
#1041=ORIENTED_EDGE('',*,*,#804,.F.);
#1042=ORIENTED_EDGE('',*,*,#805,.F.);
#1043=ORIENTED_EDGE('',*,*,#806,.T.);
#1044=ORIENTED_EDGE('',*,*,#807,.F.);
#1045=ORIENTED_EDGE('',*,*,#806,.F.);
#1046=ORIENTED_EDGE('',*,*,#808,.T.);
#1047=ORIENTED_EDGE('',*,*,#809,.F.);
#1048=ORIENTED_EDGE('',*,*,#808,.F.);
#1049=ORIENTED_EDGE('',*,*,#810,.F.);
#1050=ORIENTED_EDGE('',*,*,#811,.T.);
#1051=ORIENTED_EDGE('',*,*,#812,.F.);
#1052=ORIENTED_EDGE('',*,*,#811,.F.);
#1053=ORIENTED_EDGE('',*,*,#813,.F.);
#1054=ORIENTED_EDGE('',*,*,#814,.T.);
#1055=ORIENTED_EDGE('',*,*,#815,.F.);
#1056=ORIENTED_EDGE('',*,*,#814,.F.);
#1057=ORIENTED_EDGE('',*,*,#816,.T.);
#1058=ORIENTED_EDGE('',*,*,#817,.F.);
#1059=ORIENTED_EDGE('',*,*,#816,.F.);
#1060=ORIENTED_EDGE('',*,*,#818,.F.);
#1061=ORIENTED_EDGE('',*,*,#819,.T.);
#1062=ORIENTED_EDGE('',*,*,#820,.F.);
#1063=ORIENTED_EDGE('',*,*,#819,.F.);
#1064=ORIENTED_EDGE('',*,*,#821,.T.);
#1065=ORIENTED_EDGE('',*,*,#822,.F.);
#1066=ORIENTED_EDGE('',*,*,#821,.F.);
#1067=ORIENTED_EDGE('',*,*,#823,.F.);
#1068=ORIENTED_EDGE('',*,*,#824,.T.);
#1069=ORIENTED_EDGE('',*,*,#825,.F.);
#1070=ORIENTED_EDGE('',*,*,#824,.F.);
#1071=ORIENTED_EDGE('',*,*,#826,.F.);
#1072=ORIENTED_EDGE('',*,*,#827,.F.);
#1073=ORIENTED_EDGE('',*,*,#826,.T.);
#1074=ORIENTED_EDGE('',*,*,#828,.F.);
#1075=ORIENTED_EDGE('',*,*,#829,.T.);
#1076=ORIENTED_EDGE('',*,*,#830,.F.);
#1077=ORIENTED_EDGE('',*,*,#831,.F.);
#1078=ORIENTED_EDGE('',*,*,#832,.F.);
#1079=ORIENTED_EDGE('',*,*,#833,.F.);
#1080=ORIENTED_EDGE('',*,*,#834,.F.);
#1081=ORIENTED_EDGE('',*,*,#831,.T.);
#1082=ORIENTED_EDGE('',*,*,#835,.F.);
#1083=ORIENTED_EDGE('',*,*,#836,.F.);
#1084=ORIENTED_EDGE('',*,*,#837,.F.);
#1085=ORIENTED_EDGE('',*,*,#833,.T.);
#1086=ORIENTED_EDGE('',*,*,#838,.F.);
#1087=ORIENTED_EDGE('',*,*,#839,.F.);
#1088=ORIENTED_EDGE('',*,*,#840,.F.);
#1089=ORIENTED_EDGE('',*,*,#841,.F.);
#1090=ORIENTED_EDGE('',*,*,#836,.T.);
#1091=ORIENTED_EDGE('',*,*,#842,.F.);
#1092=ORIENTED_EDGE('',*,*,#843,.F.);
#1093=ORIENTED_EDGE('',*,*,#844,.F.);
#1094=ORIENTED_EDGE('',*,*,#839,.T.);
#1095=ORIENTED_EDGE('',*,*,#845,.F.);
#1096=ORIENTED_EDGE('',*,*,#846,.F.);
#1097=ORIENTED_EDGE('',*,*,#847,.F.);
#1098=ORIENTED_EDGE('',*,*,#843,.T.);
#1099=ORIENTED_EDGE('',*,*,#848,.F.);
#1100=ORIENTED_EDGE('',*,*,#849,.F.);
#1101=ORIENTED_EDGE('',*,*,#850,.F.);
#1102=ORIENTED_EDGE('',*,*,#851,.F.);
#1103=ORIENTED_EDGE('',*,*,#846,.T.);
#1104=ORIENTED_EDGE('',*,*,#852,.F.);
#1105=ORIENTED_EDGE('',*,*,#853,.F.);
#1106=ORIENTED_EDGE('',*,*,#854,.F.);
#1107=ORIENTED_EDGE('',*,*,#850,.T.);
#1108=ORIENTED_EDGE('',*,*,#855,.F.);
#1109=ORIENTED_EDGE('',*,*,#856,.F.);
#1110=ORIENTED_EDGE('',*,*,#857,.F.);
#1111=ORIENTED_EDGE('',*,*,#853,.T.);
#1112=ORIENTED_EDGE('',*,*,#858,.F.);
#1113=ORIENTED_EDGE('',*,*,#859,.F.);
#1114=ORIENTED_EDGE('',*,*,#860,.F.);
#1115=ORIENTED_EDGE('',*,*,#856,.T.);
#1116=ORIENTED_EDGE('',*,*,#861,.F.);
#1117=ORIENTED_EDGE('',*,*,#862,.F.);
#1118=ORIENTED_EDGE('',*,*,#863,.F.);
#1119=ORIENTED_EDGE('',*,*,#859,.T.);
#1120=ORIENTED_EDGE('',*,*,#864,.F.);
#1121=ORIENTED_EDGE('',*,*,#865,.F.);
#1122=ORIENTED_EDGE('',*,*,#866,.F.);
#1123=ORIENTED_EDGE('',*,*,#862,.T.);
#1124=ORIENTED_EDGE('',*,*,#867,.F.);
#1125=ORIENTED_EDGE('',*,*,#868,.F.);
#1126=ORIENTED_EDGE('',*,*,#869,.F.);
#1127=ORIENTED_EDGE('',*,*,#865,.T.);
#1128=ORIENTED_EDGE('',*,*,#870,.F.);
#1129=ORIENTED_EDGE('',*,*,#829,.F.);
#1130=ORIENTED_EDGE('',*,*,#871,.F.);
#1131=ORIENTED_EDGE('',*,*,#872,.F.);
#1132=ORIENTED_EDGE('',*,*,#868,.T.);
#1133=ORIENTED_EDGE('',*,*,#873,.F.);
#1134=ORIENTED_EDGE('',*,*,#871,.T.);
#1135=ORIENTED_EDGE('',*,*,#874,.F.);
#1136=ORIENTED_EDGE('',*,*,#875,.F.);
#1137=ORIENTED_EDGE('',*,*,#874,.T.);
#1138=ORIENTED_EDGE('',*,*,#876,.F.);
#1139=ORIENTED_EDGE('',*,*,#877,.F.);
#1140=ORIENTED_EDGE('',*,*,#876,.T.);
#1141=ORIENTED_EDGE('',*,*,#878,.F.);
#1142=ORIENTED_EDGE('',*,*,#879,.F.);
#1143=ORIENTED_EDGE('',*,*,#878,.T.);
#1144=ORIENTED_EDGE('',*,*,#880,.F.);
#1145=ORIENTED_EDGE('',*,*,#881,.F.);
#1146=ORIENTED_EDGE('',*,*,#880,.T.);
#1147=ORIENTED_EDGE('',*,*,#882,.F.);
#1148=ORIENTED_EDGE('',*,*,#883,.F.);
#1149=ORIENTED_EDGE('',*,*,#882,.T.);
#1150=ORIENTED_EDGE('',*,*,#884,.T.);
#1151=ORIENTED_EDGE('',*,*,#885,.F.);
#1152=ORIENTED_EDGE('',*,*,#886,.F.);
#1153=ORIENTED_EDGE('',*,*,#885,.T.);
#1154=ORIENTED_EDGE('',*,*,#805,.T.);
#1155=ORIENTED_EDGE('',*,*,#887,.F.);
#1156=ORIENTED_EDGE('',*,*,#888,.F.);
#1157=ORIENTED_EDGE('',*,*,#887,.T.);
#1158=ORIENTED_EDGE('',*,*,#889,.F.);
#1159=ORIENTED_EDGE('',*,*,#890,.F.);
#1160=ORIENTED_EDGE('',*,*,#889,.T.);
#1161=ORIENTED_EDGE('',*,*,#891,.T.);
#1162=ORIENTED_EDGE('',*,*,#892,.F.);
#1163=ORIENTED_EDGE('',*,*,#893,.F.);
#1164=ORIENTED_EDGE('',*,*,#892,.T.);
#1165=ORIENTED_EDGE('',*,*,#894,.T.);
#1166=ORIENTED_EDGE('',*,*,#895,.F.);
#1167=ORIENTED_EDGE('',*,*,#896,.F.);
#1168=ORIENTED_EDGE('',*,*,#895,.T.);
#1169=ORIENTED_EDGE('',*,*,#897,.T.);
#1170=ORIENTED_EDGE('',*,*,#898,.F.);
#1171=ORIENTED_EDGE('',*,*,#899,.F.);
#1172=ORIENTED_EDGE('',*,*,#898,.T.);
#1173=ORIENTED_EDGE('',*,*,#900,.F.);
#1174=ORIENTED_EDGE('',*,*,#901,.F.);
#1175=ORIENTED_EDGE('',*,*,#900,.T.);
#1176=ORIENTED_EDGE('',*,*,#902,.T.);
#1177=ORIENTED_EDGE('',*,*,#903,.F.);
#1178=ORIENTED_EDGE('',*,*,#904,.F.);
#1179=ORIENTED_EDGE('',*,*,#903,.T.);
#1180=ORIENTED_EDGE('',*,*,#905,.F.);
#1181=ORIENTED_EDGE('',*,*,#906,.F.);
#1182=ORIENTED_EDGE('',*,*,#907,.F.);
#1183=ORIENTED_EDGE('',*,*,#906,.T.);
#1184=ORIENTED_EDGE('',*,*,#908,.T.);
#1185=ORIENTED_EDGE('',*,*,#909,.F.);
#1186=ORIENTED_EDGE('',*,*,#910,.F.);
#1187=ORIENTED_EDGE('',*,*,#909,.T.);
#1188=ORIENTED_EDGE('',*,*,#911,.F.);
#1189=ORIENTED_EDGE('',*,*,#912,.F.);
#1190=ORIENTED_EDGE('',*,*,#911,.T.);
#1191=ORIENTED_EDGE('',*,*,#913,.F.);
#1192=ORIENTED_EDGE('',*,*,#914,.F.);
#1193=ORIENTED_EDGE('',*,*,#915,.F.);
#1194=ORIENTED_EDGE('',*,*,#914,.T.);
#1195=ORIENTED_EDGE('',*,*,#916,.T.);
#1196=ORIENTED_EDGE('',*,*,#917,.F.);
#1197=ORIENTED_EDGE('',*,*,#918,.F.);
#1198=ORIENTED_EDGE('',*,*,#917,.T.);
#1199=ORIENTED_EDGE('',*,*,#919,.F.);
#1200=ORIENTED_EDGE('',*,*,#920,.F.);
#1201=ORIENTED_EDGE('',*,*,#919,.T.);
#1202=ORIENTED_EDGE('',*,*,#921,.T.);
#1203=ORIENTED_EDGE('',*,*,#922,.F.);
#1204=ORIENTED_EDGE('',*,*,#923,.F.);
#1205=ORIENTED_EDGE('',*,*,#922,.T.);
#1206=ORIENTED_EDGE('',*,*,#924,.F.);
#1207=ORIENTED_EDGE('',*,*,#925,.F.);
#1208=ORIENTED_EDGE('',*,*,#926,.F.);
#1209=ORIENTED_EDGE('',*,*,#925,.T.);
#1210=ORIENTED_EDGE('',*,*,#927,.F.);
#1211=ORIENTED_EDGE('',*,*,#928,.F.);
#1212=ORIENTED_EDGE('',*,*,#929,.F.);
#1213=ORIENTED_EDGE('',*,*,#930,.T.);
#1214=ORIENTED_EDGE('',*,*,#931,.T.);
#1215=ORIENTED_EDGE('',*,*,#932,.F.);
#1216=ORIENTED_EDGE('',*,*,#931,.F.);
#1217=ORIENTED_EDGE('',*,*,#933,.T.);
#1218=ORIENTED_EDGE('',*,*,#934,.T.);
#1219=ORIENTED_EDGE('',*,*,#935,.F.);
#1220=ORIENTED_EDGE('',*,*,#934,.F.);
#1221=ORIENTED_EDGE('',*,*,#936,.T.);
#1222=ORIENTED_EDGE('',*,*,#937,.F.);
#1223=ORIENTED_EDGE('',*,*,#936,.F.);
#1224=ORIENTED_EDGE('',*,*,#938,.T.);
#1225=ORIENTED_EDGE('',*,*,#939,.T.);
#1226=ORIENTED_EDGE('',*,*,#940,.F.);
#1227=ORIENTED_EDGE('',*,*,#939,.F.);
#1228=ORIENTED_EDGE('',*,*,#941,.T.);
#1229=ORIENTED_EDGE('',*,*,#942,.F.);
#1230=ORIENTED_EDGE('',*,*,#941,.F.);
#1231=ORIENTED_EDGE('',*,*,#927,.T.);
#1232=ORIENTED_EDGE('',*,*,#943,.T.);
#1233=ORIENTED_EDGE('',*,*,#944,.F.);
#1234=ORIENTED_EDGE('',*,*,#943,.F.);
#1235=ORIENTED_EDGE('',*,*,#924,.T.);
#1236=ORIENTED_EDGE('',*,*,#945,.T.);
#1237=ORIENTED_EDGE('',*,*,#946,.F.);
#1238=ORIENTED_EDGE('',*,*,#945,.F.);
#1239=ORIENTED_EDGE('',*,*,#947,.T.);
#1240=ORIENTED_EDGE('',*,*,#948,.F.);
#1241=ORIENTED_EDGE('',*,*,#947,.F.);
#1242=ORIENTED_EDGE('',*,*,#921,.F.);
#1243=ORIENTED_EDGE('',*,*,#949,.T.);
#1244=ORIENTED_EDGE('',*,*,#950,.F.);
#1245=ORIENTED_EDGE('',*,*,#949,.F.);
#1246=ORIENTED_EDGE('',*,*,#951,.T.);
#1247=ORIENTED_EDGE('',*,*,#952,.F.);
#1248=ORIENTED_EDGE('',*,*,#951,.F.);
#1249=ORIENTED_EDGE('',*,*,#916,.F.);
#1250=ORIENTED_EDGE('',*,*,#953,.T.);
#1251=ORIENTED_EDGE('',*,*,#954,.F.);
#1252=ORIENTED_EDGE('',*,*,#953,.F.);
#1253=ORIENTED_EDGE('',*,*,#913,.T.);
#1254=ORIENTED_EDGE('',*,*,#955,.T.);
#1255=ORIENTED_EDGE('',*,*,#956,.F.);
#1256=ORIENTED_EDGE('',*,*,#957,.F.);
#1257=ORIENTED_EDGE('',*,*,#958,.F.);
#1258=ORIENTED_EDGE('',*,*,#959,.T.);
#1259=ORIENTED_EDGE('',*,*,#960,.F.);
#1260=ORIENTED_EDGE('',*,*,#961,.F.);
#1261=ORIENTED_EDGE('',*,*,#962,.T.);
#1262=ORIENTED_EDGE('',*,*,#963,.F.);
#1263=ORIENTED_EDGE('',*,*,#962,.F.);
#1264=ORIENTED_EDGE('',*,*,#964,.F.);
#1265=ORIENTED_EDGE('',*,*,#957,.T.);
#1266=ORIENTED_EDGE('',*,*,#965,.F.);
#1267=ORIENTED_EDGE('',*,*,#959,.F.);
#1268=ORIENTED_EDGE('',*,*,#966,.F.);
#1269=ORIENTED_EDGE('',*,*,#967,.T.);
#1270=ORIENTED_EDGE('',*,*,#968,.F.);
#1271=ORIENTED_EDGE('',*,*,#969,.F.);
#1272=ORIENTED_EDGE('',*,*,#804,.T.);
#1273=ORIENTED_EDGE('',*,*,#970,.F.);
#1274=ORIENTED_EDGE('',*,*,#971,.F.);
#1275=ORIENTED_EDGE('',*,*,#972,.T.);
#1276=ORIENTED_EDGE('',*,*,#973,.F.);
#1277=ORIENTED_EDGE('',*,*,#974,.F.);
#1278=ORIENTED_EDGE('',*,*,#975,.T.);
#1279=ORIENTED_EDGE('',*,*,#976,.F.);
#1280=ORIENTED_EDGE('',*,*,#977,.F.);
#1281=ORIENTED_EDGE('',*,*,#978,.F.);
#1282=ORIENTED_EDGE('',*,*,#979,.T.);
#1283=ORIENTED_EDGE('',*,*,#980,.F.);
#1284=ORIENTED_EDGE('',*,*,#979,.F.);
#1285=ORIENTED_EDGE('',*,*,#981,.F.);
#1286=ORIENTED_EDGE('',*,*,#982,.F.);
#1287=ORIENTED_EDGE('',*,*,#983,.T.);
#1288=ORIENTED_EDGE('',*,*,#984,.F.);
#1289=ORIENTED_EDGE('',*,*,#983,.F.);
#1290=ORIENTED_EDGE('',*,*,#985,.F.);
#1291=ORIENTED_EDGE('',*,*,#986,.T.);
#1292=ORIENTED_EDGE('',*,*,#987,.F.);
#1293=ORIENTED_EDGE('',*,*,#988,.F.);
#1294=ORIENTED_EDGE('',*,*,#989,.F.);
#1295=ORIENTED_EDGE('',*,*,#977,.T.);
#1296=ORIENTED_EDGE('',*,*,#990,.F.);
#1297=ORIENTED_EDGE('',*,*,#991,.F.);
#1298=ORIENTED_EDGE('',*,*,#967,.F.);
#1299=ORIENTED_EDGE('',*,*,#992,.F.);
#1300=ORIENTED_EDGE('',*,*,#988,.T.);
#1301=ORIENTED_EDGE('',*,*,#818,.T.);
#1302=ORIENTED_EDGE('',*,*,#993,.F.);
#1303=ORIENTED_EDGE('',*,*,#994,.T.);
#1304=ORIENTED_EDGE('',*,*,#823,.T.);
#1305=ORIENTED_EDGE('',*,*,#994,.F.);
#1306=ORIENTED_EDGE('',*,*,#828,.T.);
#1307=ORIENTED_EDGE('',*,*,#993,.T.);
#1308=ORIENTED_EDGE('',*,*,#813,.T.);
#1309=ORIENTED_EDGE('',*,*,#995,.F.);
#1310=ORIENTED_EDGE('',*,*,#995,.T.);
#1311=ORIENTED_EDGE('',*,*,#810,.T.);
#1312=ORIENTED_EDGE('',*,*,#884,.F.);
#1313=ORIENTED_EDGE('',*,*,#996,.F.);
#1314=ORIENTED_EDGE('',*,*,#997,.F.);
#1315=ORIENTED_EDGE('',*,*,#998,.F.);
#1316=ORIENTED_EDGE('',*,*,#999,.T.);
#1317=ORIENTED_EDGE('',*,*,#1000,.F.);
#1318=ORIENTED_EDGE('',*,*,#1001,.F.);
#1319=ORIENTED_EDGE('',*,*,#891,.F.);
#1320=ORIENTED_EDGE('',*,*,#969,.T.);
#1321=ORIENTED_EDGE('',*,*,#1002,.F.);
#1322=ORIENTED_EDGE('',*,*,#986,.F.);
#1323=ORIENTED_EDGE('',*,*,#1003,.F.);
#1324=ORIENTED_EDGE('',*,*,#1004,.T.);
#1325=ORIENTED_EDGE('',*,*,#1005,.F.);
#1326=ORIENTED_EDGE('',*,*,#972,.F.);
#1327=ORIENTED_EDGE('',*,*,#894,.F.);
#1328=ORIENTED_EDGE('',*,*,#1001,.T.);
#1329=ORIENTED_EDGE('',*,*,#1006,.F.);
#1330=ORIENTED_EDGE('',*,*,#975,.F.);
#1331=ORIENTED_EDGE('',*,*,#897,.F.);
#1332=ORIENTED_EDGE('',*,*,#971,.T.);
#1333=ORIENTED_EDGE('',*,*,#1007,.F.);
#1334=ORIENTED_EDGE('',*,*,#1008,.F.);
#1335=ORIENTED_EDGE('',*,*,#905,.T.);
#1336=ORIENTED_EDGE('',*,*,#1009,.T.);
#1337=ORIENTED_EDGE('',*,*,#1010,.F.);
#1338=ORIENTED_EDGE('',*,*,#1009,.F.);
#1339=ORIENTED_EDGE('',*,*,#902,.F.);
#1340=ORIENTED_EDGE('',*,*,#974,.T.);
#1341=ORIENTED_EDGE('',*,*,#1011,.F.);
#1342=ORIENTED_EDGE('',*,*,#1012,.F.);
#1343=ORIENTED_EDGE('',*,*,#1013,.F.);
#1344=ORIENTED_EDGE('',*,*,#1014,.T.);
#1345=ORIENTED_EDGE('',*,*,#930,.F.);
#1346=ORIENTED_EDGE('',*,*,#1015,.F.);
#1347=ORIENTED_EDGE('',*,*,#955,.F.);
#1348=ORIENTED_EDGE('',*,*,#1016,.T.);
#1349=ORIENTED_EDGE('',*,*,#1017,.F.);
#1350=ORIENTED_EDGE('',*,*,#1016,.F.);
#1351=ORIENTED_EDGE('',*,*,#908,.F.);
#1352=ORIENTED_EDGE('',*,*,#1008,.T.);
#1353=ORIENTED_EDGE('',*,*,#1018,.F.);
#1354=ORIENTED_EDGE('',*,*,#928,.T.);
#1355=ORIENTED_EDGE('',*,*,#1019,.F.);
#1356=ORIENTED_EDGE('',*,*,#1020,.F.);
#1357=ORIENTED_EDGE('',*,*,#1019,.T.);
#1358=ORIENTED_EDGE('',*,*,#938,.F.);
#1359=ORIENTED_EDGE('',*,*,#1021,.F.);
#1360=ORIENTED_EDGE('',*,*,#1022,.F.);
#1361=ORIENTED_EDGE('',*,*,#1023,.F.);
#1362=ORIENTED_EDGE('',*,*,#1024,.F.);
#1363=ORIENTED_EDGE('',*,*,#1012,.T.);
#1364=ORIENTED_EDGE('',*,*,#1025,.F.);
#1365=ORIENTED_EDGE('',*,*,#1004,.F.);
#1366=ORIENTED_EDGE('',*,*,#1026,.F.);
#1367=ORIENTED_EDGE('',*,*,#1027,.T.);
#1368=ORIENTED_EDGE('',*,*,#1028,.F.);
#1369=ORIENTED_EDGE('',*,*,#1029,.F.);
#1370=ORIENTED_EDGE('',*,*,#1030,.F.);
#1371=ORIENTED_EDGE('',*,*,#1023,.T.);
#1372=ORIENTED_EDGE('',*,*,#1031,.F.);
#1373=ORIENTED_EDGE('',*,*,#999,.F.);
#1374=ORIENTED_EDGE('',*,*,#1032,.F.);
#1375=ORIENTED_EDGE('',*,*,#1029,.T.);
#1376=ORIENTED_EDGE('',*,*,#1033,.F.);
#1377=ORIENTED_EDGE('',*,*,#1021,.T.);
#1378=ORIENTED_EDGE('',*,*,#933,.F.);
#1379=ORIENTED_EDGE('',*,*,#1014,.F.);
#1380=ORIENTED_EDGE('',*,*,#1034,.F.);
#1381=ORIENTED_EDGE('',*,*,#1027,.F.);
#1382=ORIENTED_EDGE('',*,*,#1035,.F.);
#1383=ORIENTED_EDGE('',*,*,#997,.T.);
#1384=ORIENTED_EDGE('',*,*,#848,.T.);
#1385=ORIENTED_EDGE('',*,*,#842,.T.);
#1386=ORIENTED_EDGE('',*,*,#838,.T.);
#1387=ORIENTED_EDGE('',*,*,#835,.T.);
#1388=ORIENTED_EDGE('',*,*,#832,.T.);
#1389=ORIENTED_EDGE('',*,*,#830,.T.);
#1390=ORIENTED_EDGE('',*,*,#834,.T.);
#1391=ORIENTED_EDGE('',*,*,#837,.T.);
#1392=ORIENTED_EDGE('',*,*,#841,.T.);
#1393=ORIENTED_EDGE('',*,*,#1036,.T.);
#1394=ORIENTED_EDGE('',*,*,#1037,.T.);
#1395=ORIENTED_EDGE('',*,*,#960,.T.);
#1396=ORIENTED_EDGE('',*,*,#963,.T.);
#1397=ORIENTED_EDGE('',*,*,#956,.T.);
#1398=ORIENTED_EDGE('',*,*,#965,.T.);
#1399=ORIENTED_EDGE('',*,*,#991,.T.);
#1400=ORIENTED_EDGE('',*,*,#1038,.T.);
#1401=ORIENTED_EDGE('',*,*,#840,.T.);
#1402=ORIENTED_EDGE('',*,*,#844,.T.);
#1403=ORIENTED_EDGE('',*,*,#847,.T.);
#1404=ORIENTED_EDGE('',*,*,#851,.T.);
#1405=ORIENTED_EDGE('',*,*,#854,.T.);
#1406=ORIENTED_EDGE('',*,*,#857,.T.);
#1407=ORIENTED_EDGE('',*,*,#860,.T.);
#1408=ORIENTED_EDGE('',*,*,#863,.T.);
#1409=ORIENTED_EDGE('',*,*,#866,.T.);
#1410=ORIENTED_EDGE('',*,*,#869,.T.);
#1411=ORIENTED_EDGE('',*,*,#872,.T.);
#1412=ORIENTED_EDGE('',*,*,#873,.T.);
#1413=ORIENTED_EDGE('',*,*,#875,.T.);
#1414=ORIENTED_EDGE('',*,*,#877,.T.);
#1415=ORIENTED_EDGE('',*,*,#879,.T.);
#1416=ORIENTED_EDGE('',*,*,#881,.T.);
#1417=ORIENTED_EDGE('',*,*,#883,.T.);
#1418=ORIENTED_EDGE('',*,*,#886,.T.);
#1419=ORIENTED_EDGE('',*,*,#888,.T.);
#1420=ORIENTED_EDGE('',*,*,#890,.T.);
#1421=ORIENTED_EDGE('',*,*,#893,.T.);
#1422=ORIENTED_EDGE('',*,*,#896,.T.);
#1423=ORIENTED_EDGE('',*,*,#899,.T.);
#1424=ORIENTED_EDGE('',*,*,#901,.T.);
#1425=ORIENTED_EDGE('',*,*,#904,.T.);
#1426=ORIENTED_EDGE('',*,*,#907,.T.);
#1427=ORIENTED_EDGE('',*,*,#910,.T.);
#1428=ORIENTED_EDGE('',*,*,#912,.T.);
#1429=ORIENTED_EDGE('',*,*,#915,.T.);
#1430=ORIENTED_EDGE('',*,*,#918,.T.);
#1431=ORIENTED_EDGE('',*,*,#920,.T.);
#1432=ORIENTED_EDGE('',*,*,#923,.T.);
#1433=ORIENTED_EDGE('',*,*,#926,.T.);
#1434=ORIENTED_EDGE('',*,*,#1018,.T.);
#1435=ORIENTED_EDGE('',*,*,#1020,.T.);
#1436=ORIENTED_EDGE('',*,*,#1033,.T.);
#1437=ORIENTED_EDGE('',*,*,#1013,.T.);
#1438=ORIENTED_EDGE('',*,*,#1024,.T.);
#1439=ORIENTED_EDGE('',*,*,#1030,.T.);
#1440=ORIENTED_EDGE('',*,*,#1032,.T.);
#1441=ORIENTED_EDGE('',*,*,#998,.T.);
#1442=ORIENTED_EDGE('',*,*,#1035,.T.);
#1443=ORIENTED_EDGE('',*,*,#1026,.T.);
#1444=ORIENTED_EDGE('',*,*,#1003,.T.);
#1445=ORIENTED_EDGE('',*,*,#985,.T.);
#1446=ORIENTED_EDGE('',*,*,#982,.T.);
#1447=ORIENTED_EDGE('',*,*,#1039,.F.);
#1448=ORIENTED_EDGE('',*,*,#1036,.F.);
#1449=ORIENTED_EDGE('',*,*,#845,.T.);
#1450=ORIENTED_EDGE('',*,*,#1038,.F.);
#1451=ORIENTED_EDGE('',*,*,#990,.T.);
#1452=ORIENTED_EDGE('',*,*,#987,.T.);
#1453=ORIENTED_EDGE('',*,*,#976,.T.);
#1454=ORIENTED_EDGE('',*,*,#980,.T.);
#1455=ORIENTED_EDGE('',*,*,#984,.T.);
#1456=ORIENTED_EDGE('',*,*,#1002,.T.);
#1457=ORIENTED_EDGE('',*,*,#1025,.T.);
#1458=ORIENTED_EDGE('',*,*,#1034,.T.);
#1459=ORIENTED_EDGE('',*,*,#996,.T.);
#1460=ORIENTED_EDGE('',*,*,#1031,.T.);
#1461=ORIENTED_EDGE('',*,*,#1028,.T.);
#1462=ORIENTED_EDGE('',*,*,#1022,.T.);
#1463=ORIENTED_EDGE('',*,*,#1011,.T.);
#1464=ORIENTED_EDGE('',*,*,#929,.T.);
#1465=ORIENTED_EDGE('',*,*,#932,.T.);
#1466=ORIENTED_EDGE('',*,*,#935,.T.);
#1467=ORIENTED_EDGE('',*,*,#937,.T.);
#1468=ORIENTED_EDGE('',*,*,#940,.T.);
#1469=ORIENTED_EDGE('',*,*,#942,.T.);
#1470=ORIENTED_EDGE('',*,*,#944,.T.);
#1471=ORIENTED_EDGE('',*,*,#946,.T.);
#1472=ORIENTED_EDGE('',*,*,#948,.T.);
#1473=ORIENTED_EDGE('',*,*,#950,.T.);
#1474=ORIENTED_EDGE('',*,*,#952,.T.);
#1475=ORIENTED_EDGE('',*,*,#954,.T.);
#1476=ORIENTED_EDGE('',*,*,#1015,.T.);
#1477=ORIENTED_EDGE('',*,*,#1017,.T.);
#1478=ORIENTED_EDGE('',*,*,#1007,.T.);
#1479=ORIENTED_EDGE('',*,*,#1010,.T.);
#1480=ORIENTED_EDGE('',*,*,#973,.T.);
#1481=ORIENTED_EDGE('',*,*,#1006,.T.);
#1482=ORIENTED_EDGE('',*,*,#970,.T.);
#1483=ORIENTED_EDGE('',*,*,#1005,.T.);
#1484=ORIENTED_EDGE('',*,*,#1000,.T.);
#1485=ORIENTED_EDGE('',*,*,#968,.T.);
#1486=ORIENTED_EDGE('',*,*,#803,.T.);
#1487=ORIENTED_EDGE('',*,*,#807,.T.);
#1488=ORIENTED_EDGE('',*,*,#809,.T.);
#1489=ORIENTED_EDGE('',*,*,#812,.T.);
#1490=ORIENTED_EDGE('',*,*,#815,.T.);
#1491=ORIENTED_EDGE('',*,*,#817,.T.);
#1492=ORIENTED_EDGE('',*,*,#820,.T.);
#1493=ORIENTED_EDGE('',*,*,#822,.T.);
#1494=ORIENTED_EDGE('',*,*,#825,.T.);
#1495=ORIENTED_EDGE('',*,*,#827,.T.);
#1496=ORIENTED_EDGE('',*,*,#870,.T.);
#1497=ORIENTED_EDGE('',*,*,#867,.T.);
#1498=ORIENTED_EDGE('',*,*,#864,.T.);
#1499=ORIENTED_EDGE('',*,*,#861,.T.);
#1500=ORIENTED_EDGE('',*,*,#858,.T.);
#1501=ORIENTED_EDGE('',*,*,#855,.T.);
#1502=ORIENTED_EDGE('',*,*,#852,.T.);
#1503=ORIENTED_EDGE('',*,*,#849,.T.);
#1504=ORIENTED_EDGE('',*,*,#961,.T.);
#1505=ORIENTED_EDGE('',*,*,#1037,.F.);
#1506=ORIENTED_EDGE('',*,*,#1039,.T.);
#1507=ORIENTED_EDGE('',*,*,#981,.T.);
#1508=ORIENTED_EDGE('',*,*,#978,.T.);
#1509=ORIENTED_EDGE('',*,*,#989,.T.);
#1510=ORIENTED_EDGE('',*,*,#992,.T.);
#1511=ORIENTED_EDGE('',*,*,#966,.T.);
#1512=ORIENTED_EDGE('',*,*,#958,.T.);
#1513=ORIENTED_EDGE('',*,*,#964,.T.);
#1514=PLANE('',#1718);
#1515=PLANE('',#1719);
#1516=PLANE('',#1720);
#1517=PLANE('',#1721);
#1518=PLANE('',#1722);
#1519=PLANE('',#1723);
#1520=PLANE('',#1724);
#1521=PLANE('',#1725);
#1522=PLANE('',#1726);
#1523=PLANE('',#1727);
#1524=PLANE('',#1728);
#1525=PLANE('',#1730);
#1526=PLANE('',#1733);
#1527=PLANE('',#1736);
#1528=PLANE('',#1739);
#1529=PLANE('',#1741);
#1530=PLANE('',#1743);
#1531=PLANE('',#1744);
#1532=PLANE('',#1745);
#1533=PLANE('',#1746);
#1534=PLANE('',#1747);
#1535=PLANE('',#1748);
#1536=PLANE('',#1749);
#1537=PLANE('',#1750);
#1538=PLANE('',#1751);
#1539=PLANE('',#1752);
#1540=PLANE('',#1753);
#1541=PLANE('',#1754);
#1542=PLANE('',#1755);
#1543=PLANE('',#1756);
#1544=PLANE('',#1757);
#1545=PLANE('',#1758);
#1546=PLANE('',#1759);
#1547=PLANE('',#1760);
#1548=PLANE('',#1761);
#1549=PLANE('',#1762);
#1550=PLANE('',#1763);
#1551=PLANE('',#1764);
#1552=PLANE('',#1765);
#1553=PLANE('',#1766);
#1554=PLANE('',#1767);
#1555=PLANE('',#1768);
#1556=PLANE('',#1769);
#1557=PLANE('',#1770);
#1558=PLANE('',#1771);
#1559=PLANE('',#1772);
#1560=PLANE('',#1773);
#1561=PLANE('',#1774);
#1562=PLANE('',#1775);
#1563=PLANE('',#1776);
#1564=PLANE('',#1777);
#1565=PLANE('',#1778);
#1566=PLANE('',#1779);
#1567=PLANE('',#1780);
#1568=PLANE('',#1781);
#1569=PLANE('',#1782);
#1570=PLANE('',#1783);
#1571=PLANE('',#1784);
#1572=PLANE('',#1785);
#1573=PLANE('',#1788);
#1574=PLANE('',#1791);
#1575=PLANE('',#1794);
#1576=PLANE('',#1797);
#1577=PLANE('',#1798);
#1578=PLANE('',#1799);
#1579=PLANE('',#1800);
#1580=PLANE('',#1802);
#1581=PLANE('',#1804);
#1582=PLANE('',#1805);
#1583=PLANE('',#1807);
#1584=PLANE('',#1810);
#1585=PLANE('',#1811);
#1586=PLANE('',#1812);
#1587=PLANE('',#1813);
#1588=PLANE('',#1814);
#1589=PLANE('',#1815);
#1590=PLANE('',#1816);
#1591=PLANE('',#1817);
#1592=PLANE('',#1818);
#1593=PLANE('',#1819);
#1594=PLANE('',#1820);
#1595=PLANE('',#1821);
#1596=PLANE('',#1822);
#1597=PLANE('',#1823);
#1598=PLANE('',#1824);
#1599=PLANE('',#1825);
#1600=PLANE('',#1826);
#1601=PLANE('',#1827);
#1602=PLANE('',#1828);
#1603=PLANE('',#1829);
#1604=PLANE('',#1830);
#1605=PLANE('',#1831);
#1606=PLANE('',#1834);
#1607=PLANE('',#1835);
#1608=ADVANCED_FACE('',(#40),#1514,.F.);
#1609=ADVANCED_FACE('',(#41),#1515,.F.);
#1610=ADVANCED_FACE('',(#42),#1516,.F.);
#1611=ADVANCED_FACE('',(#43),#1517,.F.);
#1612=ADVANCED_FACE('',(#44),#1518,.F.);
#1613=ADVANCED_FACE('',(#45),#1519,.F.);
#1614=ADVANCED_FACE('',(#46),#1520,.F.);
#1615=ADVANCED_FACE('',(#47),#1521,.F.);
#1616=ADVANCED_FACE('',(#48),#1522,.F.);
#1617=ADVANCED_FACE('',(#49),#1523,.F.);
#1618=ADVANCED_FACE('',(#50),#1524,.F.);
#1619=ADVANCED_FACE('',(#51),#1525,.F.);
#1620=ADVANCED_FACE('',(#52),#1526,.F.);
#1621=ADVANCED_FACE('',(#53),#1527,.F.);
#1622=ADVANCED_FACE('',(#54),#1528,.F.);
#1623=ADVANCED_FACE('',(#55),#1529,.F.);
#1624=ADVANCED_FACE('',(#56),#1530,.F.);
#1625=ADVANCED_FACE('',(#57),#1531,.F.);
#1626=ADVANCED_FACE('',(#58),#1532,.F.);
#1627=ADVANCED_FACE('',(#59),#1533,.F.);
#1628=ADVANCED_FACE('',(#60),#1534,.F.);
#1629=ADVANCED_FACE('',(#61),#1535,.F.);
#1630=ADVANCED_FACE('',(#62),#1536,.F.);
#1631=ADVANCED_FACE('',(#63),#1537,.F.);
#1632=ADVANCED_FACE('',(#64),#1538,.F.);
#1633=ADVANCED_FACE('',(#65),#1539,.F.);
#1634=ADVANCED_FACE('',(#66),#1540,.F.);
#1635=ADVANCED_FACE('',(#67),#1541,.F.);
#1636=ADVANCED_FACE('',(#68),#1542,.F.);
#1637=ADVANCED_FACE('',(#69),#1543,.F.);
#1638=ADVANCED_FACE('',(#70),#1544,.F.);
#1639=ADVANCED_FACE('',(#71),#1545,.F.);
#1640=ADVANCED_FACE('',(#72),#1546,.F.);
#1641=ADVANCED_FACE('',(#73),#1547,.F.);
#1642=ADVANCED_FACE('',(#74),#1548,.F.);
#1643=ADVANCED_FACE('',(#75),#1549,.F.);
#1644=ADVANCED_FACE('',(#76),#1550,.F.);
#1645=ADVANCED_FACE('',(#77),#1551,.F.);
#1646=ADVANCED_FACE('',(#78),#1552,.F.);
#1647=ADVANCED_FACE('',(#79),#1553,.F.);
#1648=ADVANCED_FACE('',(#80),#1554,.F.);
#1649=ADVANCED_FACE('',(#81),#1555,.F.);
#1650=ADVANCED_FACE('',(#82),#1556,.F.);
#1651=ADVANCED_FACE('',(#83),#1557,.F.);
#1652=ADVANCED_FACE('',(#84),#1558,.F.);
#1653=ADVANCED_FACE('',(#85),#1559,.F.);
#1654=ADVANCED_FACE('',(#86),#1560,.F.);
#1655=ADVANCED_FACE('',(#87),#1561,.F.);
#1656=ADVANCED_FACE('',(#88),#1562,.F.);
#1657=ADVANCED_FACE('',(#89),#1563,.F.);
#1658=ADVANCED_FACE('',(#90),#1564,.F.);
#1659=ADVANCED_FACE('',(#91),#1565,.F.);
#1660=ADVANCED_FACE('',(#92),#1566,.F.);
#1661=ADVANCED_FACE('',(#93),#1567,.F.);
#1662=ADVANCED_FACE('',(#94),#1568,.F.);
#1663=ADVANCED_FACE('',(#95),#1569,.F.);
#1664=ADVANCED_FACE('',(#96),#1570,.F.);
#1665=ADVANCED_FACE('',(#97),#1571,.F.);
#1666=ADVANCED_FACE('',(#98),#1572,.F.);
#1667=ADVANCED_FACE('',(#99),#1573,.F.);
#1668=ADVANCED_FACE('',(#100),#1574,.F.);
#1669=ADVANCED_FACE('',(#101),#1575,.F.);
#1670=ADVANCED_FACE('',(#102),#1576,.F.);
#1671=ADVANCED_FACE('',(#103),#1577,.F.);
#1672=ADVANCED_FACE('',(#104),#1578,.F.);
#1673=ADVANCED_FACE('',(#105),#1579,.F.);
#1674=ADVANCED_FACE('',(#106),#1580,.F.);
#1675=ADVANCED_FACE('',(#107),#1581,.F.);
#1676=ADVANCED_FACE('',(#108),#1582,.F.);
#1677=ADVANCED_FACE('',(#109),#1583,.F.);
#1678=ADVANCED_FACE('',(#110),#1584,.F.);
#1679=ADVANCED_FACE('',(#111),#1585,.F.);
#1680=ADVANCED_FACE('',(#112),#1586,.F.);
#1681=ADVANCED_FACE('',(#113),#1587,.F.);
#1682=ADVANCED_FACE('',(#114),#1588,.F.);
#1683=ADVANCED_FACE('',(#115),#1589,.F.);
#1684=ADVANCED_FACE('',(#116),#1590,.F.);
#1685=ADVANCED_FACE('',(#117),#1591,.F.);
#1686=ADVANCED_FACE('',(#118),#1592,.F.);
#1687=ADVANCED_FACE('',(#119),#1593,.F.);
#1688=ADVANCED_FACE('',(#120),#1594,.F.);
#1689=ADVANCED_FACE('',(#121),#1595,.F.);
#1690=ADVANCED_FACE('',(#122),#1596,.F.);
#1691=ADVANCED_FACE('',(#123),#1597,.F.);
#1692=ADVANCED_FACE('',(#124),#1598,.F.);
#1693=ADVANCED_FACE('',(#125),#1599,.F.);
#1694=ADVANCED_FACE('',(#126),#1600,.F.);
#1695=ADVANCED_FACE('',(#127),#1601,.F.);
#1696=ADVANCED_FACE('',(#128),#1602,.F.);
#1697=ADVANCED_FACE('',(#129),#1603,.F.);
#1698=ADVANCED_FACE('',(#130),#1604,.F.);
#1699=ADVANCED_FACE('',(#131),#1605,.F.);
#1700=ADVANCED_FACE('',(#132),#15,.T.);
#1701=ADVANCED_FACE('',(#133),#1606,.F.);
#1702=ADVANCED_FACE('',(#134),#1607,.F.);
#1703=ADVANCED_FACE('',(#135),#16,.T.);
#1704=CLOSED_SHELL('',(#1608,#1609,#1610,#1611,#1612,#1613,#1614,#1615,
#1616,#1617,#1618,#1619,#1620,#1621,#1622,#1623,#1624,#1625,#1626,#1627,
#1628,#1629,#1630,#1631,#1632,#1633,#1634,#1635,#1636,#1637,#1638,#1639,
#1640,#1641,#1642,#1643,#1644,#1645,#1646,#1647,#1648,#1649,#1650,#1651,
#1652,#1653,#1654,#1655,#1656,#1657,#1658,#1659,#1660,#1661,#1662,#1663,
#1664,#1665,#1666,#1667,#1668,#1669,#1670,#1671,#1672,#1673,#1674,#1675,
#1676,#1677,#1678,#1679,#1680,#1681,#1682,#1683,#1684,#1685,#1686,#1687,
#1688,#1689,#1690,#1691,#1692,#1693,#1694,#1695,#1696,#1697,#1698,#1699,
#1700,#1701,#1702,#1703));
#1705=DERIVED_UNIT_ELEMENT(#1707,1.);
#1706=DERIVED_UNIT_ELEMENT(#2773,-3.);
#1707=(
MASS_UNIT()
NAMED_UNIT(*)
SI_UNIT(.KILO.,.GRAM.)
);
#1708=DERIVED_UNIT((#1705,#1706));
#1709=MEASURE_REPRESENTATION_ITEM('density measure',
POSITIVE_RATIO_MEASURE(900.),#1708);
#1710=PROPERTY_DEFINITION_REPRESENTATION(#1715,#1712);
#1711=PROPERTY_DEFINITION_REPRESENTATION(#1716,#1713);
#1712=REPRESENTATION('material name',(#1714),#2770);
#1713=REPRESENTATION('density',(#1709),#2770);
#1714=DESCRIPTIVE_REPRESENTATION_ITEM('\X2\76AE9769FF0C98CE5316\X0\',
'\X2\76AE9769FF0C98CE5316\X0\');
#1715=PROPERTY_DEFINITION('material property','material name',#2780);
#1716=PROPERTY_DEFINITION('material property','density of part',#2780);
#1717=AXIS2_PLACEMENT_3D('',#2291,#1837,#1838);
#1718=AXIS2_PLACEMENT_3D('',#2292,#1839,#1840);
#1719=AXIS2_PLACEMENT_3D('',#2301,#1845,#1846);
#1720=AXIS2_PLACEMENT_3D('',#2305,#1849,#1850);
#1721=AXIS2_PLACEMENT_3D('',#2311,#1854,#1855);
#1722=AXIS2_PLACEMENT_3D('',#2317,#1859,#1860);
#1723=AXIS2_PLACEMENT_3D('',#2321,#1863,#1864);
#1724=AXIS2_PLACEMENT_3D('',#2327,#1868,#1869);
#1725=AXIS2_PLACEMENT_3D('',#2331,#1872,#1873);
#1726=AXIS2_PLACEMENT_3D('',#2337,#1877,#1878);
#1727=AXIS2_PLACEMENT_3D('',#2341,#1881,#1882);
#1728=AXIS2_PLACEMENT_3D('',#2347,#1886,#1887);
#1729=AXIS2_PLACEMENT_3D('',#2350,#1888,#1889);
#1730=AXIS2_PLACEMENT_3D('',#2352,#1891,#1892);
#1731=AXIS2_PLACEMENT_3D('',#2354,#1893,#1894);
#1732=AXIS2_PLACEMENT_3D('',#2357,#1896,#1897);
#1733=AXIS2_PLACEMENT_3D('',#2358,#1898,#1899);
#1734=AXIS2_PLACEMENT_3D('',#2360,#1900,#1901);
#1735=AXIS2_PLACEMENT_3D('',#2363,#1903,#1904);
#1736=AXIS2_PLACEMENT_3D('',#2364,#1905,#1906);
#1737=AXIS2_PLACEMENT_3D('',#2366,#1907,#1908);
#1738=AXIS2_PLACEMENT_3D('',#2371,#1911,#1912);
#1739=AXIS2_PLACEMENT_3D('',#2372,#1913,#1914);
#1740=AXIS2_PLACEMENT_3D('',#2374,#1915,#1916);
#1741=AXIS2_PLACEMENT_3D('',#2378,#1919,#1920);
#1742=AXIS2_PLACEMENT_3D('',#2385,#1924,#1925);
#1743=AXIS2_PLACEMENT_3D('',#2386,#1926,#1927);
#1744=AXIS2_PLACEMENT_3D('',#2392,#1931,#1932);
#1745=AXIS2_PLACEMENT_3D('',#2398,#1936,#1937);
#1746=AXIS2_PLACEMENT_3D('',#2404,#1941,#1942);
#1747=AXIS2_PLACEMENT_3D('',#2410,#1946,#1947);
#1748=AXIS2_PLACEMENT_3D('',#2416,#1951,#1952);
#1749=AXIS2_PLACEMENT_3D('',#2422,#1956,#1957);
#1750=AXIS2_PLACEMENT_3D('',#2428,#1961,#1962);
#1751=AXIS2_PLACEMENT_3D('',#2433,#1966,#1967);
#1752=AXIS2_PLACEMENT_3D('',#2437,#1970,#1971);
#1753=AXIS2_PLACEMENT_3D('',#2441,#1974,#1975);
#1754=AXIS2_PLACEMENT_3D('',#2445,#1978,#1979);
#1755=AXIS2_PLACEMENT_3D('',#2449,#1982,#1983);
#1756=AXIS2_PLACEMENT_3D('',#2453,#1986,#1987);
#1757=AXIS2_PLACEMENT_3D('',#2458,#1991,#1992);
#1758=AXIS2_PLACEMENT_3D('',#2462,#1995,#1996);
#1759=AXIS2_PLACEMENT_3D('',#2466,#1999,#2000);
#1760=AXIS2_PLACEMENT_3D('',#2472,#2004,#2005);
#1761=AXIS2_PLACEMENT_3D('',#2478,#2009,#2010);
#1762=AXIS2_PLACEMENT_3D('',#2484,#2014,#2015);
#1763=AXIS2_PLACEMENT_3D('',#2488,#2018,#2019);
#1764=AXIS2_PLACEMENT_3D('',#2494,#2023,#2024);
#1765=AXIS2_PLACEMENT_3D('',#2500,#2028,#2029);
#1766=AXIS2_PLACEMENT_3D('',#2506,#2033,#2034);
#1767=AXIS2_PLACEMENT_3D('',#2510,#2037,#2038);
#1768=AXIS2_PLACEMENT_3D('',#2516,#2042,#2043);
#1769=AXIS2_PLACEMENT_3D('',#2522,#2047,#2048);
#1770=AXIS2_PLACEMENT_3D('',#2526,#2051,#2052);
#1771=AXIS2_PLACEMENT_3D('',#2532,#2056,#2057);
#1772=AXIS2_PLACEMENT_3D('',#2538,#2061,#2062);
#1773=AXIS2_PLACEMENT_3D('',#2544,#2066,#2067);
#1774=AXIS2_PLACEMENT_3D('',#2551,#2071,#2072);
#1775=AXIS2_PLACEMENT_3D('',#2557,#2076,#2077);
#1776=AXIS2_PLACEMENT_3D('',#2561,#2080,#2081);
#1777=AXIS2_PLACEMENT_3D('',#2566,#2085,#2086);
#1778=AXIS2_PLACEMENT_3D('',#2570,#2089,#2090);
#1779=AXIS2_PLACEMENT_3D('',#2574,#2093,#2094);
#1780=AXIS2_PLACEMENT_3D('',#2578,#2097,#2098);
#1781=AXIS2_PLACEMENT_3D('',#2582,#2101,#2102);
#1782=AXIS2_PLACEMENT_3D('',#2586,#2105,#2106);
#1783=AXIS2_PLACEMENT_3D('',#2590,#2109,#2110);
#1784=AXIS2_PLACEMENT_3D('',#2594,#2113,#2114);
#1785=AXIS2_PLACEMENT_3D('',#2598,#2117,#2118);
#1786=AXIS2_PLACEMENT_3D('',#2601,#2119,#2120);
#1787=AXIS2_PLACEMENT_3D('',#2605,#2122,#2123);
#1788=AXIS2_PLACEMENT_3D('',#2607,#2125,#2126);
#1789=AXIS2_PLACEMENT_3D('',#2610,#2127,#2128);
#1790=AXIS2_PLACEMENT_3D('',#2612,#2129,#2130);
#1791=AXIS2_PLACEMENT_3D('',#2614,#2132,#2133);
#1792=AXIS2_PLACEMENT_3D('',#2615,#2134,#2135);
#1793=AXIS2_PLACEMENT_3D('',#2616,#2136,#2137);
#1794=AXIS2_PLACEMENT_3D('',#2617,#2138,#2139);
#1795=AXIS2_PLACEMENT_3D('',#2619,#2140,#2141);
#1796=AXIS2_PLACEMENT_3D('',#2621,#2142,#2143);
#1797=AXIS2_PLACEMENT_3D('',#2623,#2145,#2146);
#1798=AXIS2_PLACEMENT_3D('',#2627,#2149,#2150);
#1799=AXIS2_PLACEMENT_3D('',#2633,#2154,#2155);
#1800=AXIS2_PLACEMENT_3D('',#2639,#2159,#2160);
#1801=AXIS2_PLACEMENT_3D('',#2646,#2163,#2164);
#1802=AXIS2_PLACEMENT_3D('',#2648,#2166,#2167);
#1803=AXIS2_PLACEMENT_3D('',#2652,#2169,#2170);
#1804=AXIS2_PLACEMENT_3D('',#2656,#2173,#2174);
#1805=AXIS2_PLACEMENT_3D('',#2662,#2178,#2179);
#1806=AXIS2_PLACEMENT_3D('',#2667,#2182,#2183);
#1807=AXIS2_PLACEMENT_3D('',#2668,#2184,#2185);
#1808=AXIS2_PLACEMENT_3D('',#2671,#2187,#2188);
#1809=AXIS2_PLACEMENT_3D('',#2672,#2189,#2190);
#1810=AXIS2_PLACEMENT_3D('',#2673,#2191,#2192);
#1811=AXIS2_PLACEMENT_3D('',#2676,#2195,#2196);
#1812=AXIS2_PLACEMENT_3D('',#2677,#2197,#2198);
#1813=AXIS2_PLACEMENT_3D('',#2679,#2200,#2201);
#1814=AXIS2_PLACEMENT_3D('',#2680,#2202,#2203);
#1815=AXIS2_PLACEMENT_3D('',#2689,#2208,#2209);
#1816=AXIS2_PLACEMENT_3D('',#2693,#2212,#2213);
#1817=AXIS2_PLACEMENT_3D('',#2699,#2217,#2218);
#1818=AXIS2_PLACEMENT_3D('',#2701,#2220,#2221);
#1819=AXIS2_PLACEMENT_3D('',#2703,#2223,#2224);
#1820=AXIS2_PLACEMENT_3D('',#2709,#2228,#2229);
#1821=AXIS2_PLACEMENT_3D('',#2711,#2231,#2232);
#1822=AXIS2_PLACEMENT_3D('',#2719,#2237,#2238);
#1823=AXIS2_PLACEMENT_3D('',#2723,#2241,#2242);
#1824=AXIS2_PLACEMENT_3D('',#2725,#2244,#2245);
#1825=AXIS2_PLACEMENT_3D('',#2729,#2248,#2249);
#1826=AXIS2_PLACEMENT_3D('',#2733,#2252,#2253);
#1827=AXIS2_PLACEMENT_3D('',#2739,#2257,#2258);
#1828=AXIS2_PLACEMENT_3D('',#2745,#2262,#2263);
#1829=AXIS2_PLACEMENT_3D('',#2751,#2267,#2268);
#1830=AXIS2_PLACEMENT_3D('',#2754,#2271,#2272);
#1831=AXIS2_PLACEMENT_3D('',#2756,#2274,#2275);
#1832=AXIS2_PLACEMENT_3D('',#2759,#2278,#2279);
#1833=AXIS2_PLACEMENT_3D('',#2762,#2281,#2282);
#1834=AXIS2_PLACEMENT_3D('',#2764,#2284,#2285);
#1835=AXIS2_PLACEMENT_3D('',#2766,#2287,#2288);
#1836=AXIS2_PLACEMENT_3D('',#2767,#2289,#2290);
#1837=DIRECTION('axis',(0.,0.,1.));
#1838=DIRECTION('refdir',(1.,0.,0.));
#1839=DIRECTION('center_axis',(0.367452243913422,-0.913901031505048,0.172521746620538));
#1840=DIRECTION('ref_axis',(-6.42698602256756E-14,0.185498799142099,0.982644490910542));
#1841=DIRECTION('',(0.424996285059641,0.,-0.905195093714888));
#1842=DIRECTION('',(-0.919166758551011,-0.385137782452005,-0.0824703492340124));
#1843=DIRECTION('',(-0.126214303132172,0.134781925531508,0.982804040607729));
#1844=DIRECTION('',(-0.924845223461467,-0.378640259139068,-0.0359564569946659));
#1845=DIRECTION('center_axis',(0.36744968017161,-0.91389721012564,0.172547448159497));
#1846=DIRECTION('ref_axis',(-6.4269498325501E-14,0.185526231889155,0.982639311894762));
#1847=DIRECTION('',(0.425050590977336,0.,-0.905169594667109));
#1848=DIRECTION('',(-0.917434821037275,-0.386621099991847,-0.0940078411059221));
#1849=DIRECTION('center_axis',(0.367453475444679,-0.913900287400133,0.172523065337887));
#1850=DIRECTION('ref_axis',(-6.42698402412862E-14,0.185500314101059,0.982644204922824));
#1851=DIRECTION('',(0.424997779748886,0.,-0.905194391944911));
#1852=DIRECTION('',(-0.248418016254347,0.0823157653429606,0.965149006100228));
#1853=DIRECTION('',(-0.921624637779904,-0.382708696578412,-0.0643589978193668));
#1854=DIRECTION('center_axis',(0.353282296356409,-0.896001667223312,0.269021618860247));
#1855=DIRECTION('ref_axis',(-6.25553113354786E-14,0.287564722190713,0.957761207478867));
#1856=DIRECTION('',(0.605835385318358,0.,-0.795590023753539));
#1857=DIRECTION('',(-0.159310791334142,0.225744530416957,0.961072046597609));
#1858=DIRECTION('',(-0.926455278981871,-0.375010033792192,-0.0323742274317594));
#1859=DIRECTION('center_axis',(0.353287705629855,-0.896011569923757,0.268981530246146));
#1860=DIRECTION('ref_axis',(-6.25561768312744E-14,0.287522498168743,0.957773884091023));
#1861=DIRECTION('',(0.605772365522924,0.,-0.795638008876374));
#1862=DIRECTION('',(-0.918510132949526,-0.386790305077769,-0.0820511765113123));
#1863=DIRECTION('center_axis',(0.352661393171204,-0.895239486771621,0.272353085334882));
#1864=DIRECTION('ref_axis',(-6.2483350781581E-14,0.291052944776095,0.956706947469894));
#1865=DIRECTION('',(0.611225469366786,0.,-0.791456521608959));
#1866=DIRECTION('',(-0.155841880704869,0.230797983562558,0.960440315168947));
#1867=DIRECTION('',(-0.923813007850426,-0.379432126913519,-0.0509979175283931));
#1868=DIRECTION('center_axis',(0.352653962369742,-0.895227835129294,0.272401002264381));
#1869=DIRECTION('ref_axis',(-6.24823057165055E-14,0.291103280505026,0.956691632700533));
#1870=DIRECTION('',(0.611300891600826,0.,-0.791398268843214));
#1871=DIRECTION('',(-0.913570543423631,-0.392392349386043,-0.106850860230292));
#1872=DIRECTION('center_axis',(0.352656160421354,-0.895230126828591,0.272390624903526));
#1873=DIRECTION('ref_axis',(-6.24825306285156E-14,0.291092448353116,0.956694928653742));
#1874=DIRECTION('',(0.611283919362703,0.,-0.791411378442699));
#1875=DIRECTION('',(-0.280003890808699,0.176800039815726,0.943578066220887));
#1876=DIRECTION('',(-0.921633376961083,-0.382670528293877,-0.0644607263889793));
#1877=DIRECTION('center_axis',(0.33628080514103,-0.870459179915982,0.359466321362233));
#1878=DIRECTION('ref_axis',(-6.02840924300945E-14,0.381695599790835,0.924288087719578));
#1879=DIRECTION('',(0.730265474988738,0.,-0.683163476804397));
#1880=DIRECTION('',(-0.196567627217037,0.308413204162402,0.930721474678942));
#1881=DIRECTION('center_axis',(0.811219232481122,-0.482004884929832,0.331050823524907));
#1882=DIRECTION('ref_axis',(0.377839208592414,-3.08100841695217E-16,-0.925871228870548));
#1883=DIRECTION('',(0.377839208592414,0.,-0.925871228870548));
#1884=DIRECTION('',(-0.465491454921666,-0.874960760359357,-0.133271802067383));
#1885=DIRECTION('',(-0.341667546129204,-0.85016799972576,-0.400596630245873));
#1886=DIRECTION('center_axis',(0.738655501308661,-0.322548846919259,0.591903954825027));
#1887=DIRECTION('ref_axis',(0.625325858440279,-5.09908497948081E-16,-0.780363742600801));
#1888=DIRECTION('center_axis',(0.738655501308661,-0.322548846919259,0.591903954825027));
#1889=DIRECTION('ref_axis',(0.542442307239748,-0.236868391842235,-0.80600850384006));
#1890=DIRECTION('',(-0.589118900051385,-0.7356520111401,0.334297831443419));
#1891=DIRECTION('center_axis',(0.738601825193457,-0.322451270637269,0.592024088940057));
#1892=DIRECTION('ref_axis',(0.6254308096836,-5.0999407817816E-16,-0.78027963083661));
#1893=DIRECTION('center_axis',(0.738601825193457,-0.322451270637269,0.592024088940057));
#1894=DIRECTION('ref_axis',(0.542572373594448,-0.236870726974422,-0.805920267839626));
#1895=DIRECTION('',(-0.603922912296087,-0.706732969356774,0.368518148844761));
#1896=DIRECTION('center_axis',(0.738601825193457,-0.322451270637269,0.592024088940057));
#1897=DIRECTION('ref_axis',(0.542572373594448,-0.236870726974422,-0.805920267839626));
#1898=DIRECTION('center_axis',(0.738509938294513,-0.322258175766677,0.592243817352084));
#1899=DIRECTION('ref_axis',(0.625619477924016,-5.10147923629748E-16,-0.780128366900013));
#1900=DIRECTION('center_axis',(0.738509938294513,-0.322258175766677,0.592243817352084));
#1901=DIRECTION('ref_axis',(0.542814970523975,-0.23686419519806,-0.80575881056817));
#1902=DIRECTION('',(-0.60699384407214,-0.700175684115428,0.375915528585904));
#1903=DIRECTION('center_axis',(0.738509938294513,-0.322258175766677,0.592243817352084));
#1904=DIRECTION('ref_axis',(0.542814970523975,-0.23686419519806,-0.80575881056817));
#1905=DIRECTION('center_axis',(0.759084586364917,-0.370786562692126,0.535077485669282));
#1906=DIRECTION('ref_axis',(0.576146282507047,-4.69806072380091E-16,-0.817346597933404));
#1907=DIRECTION('center_axis',(0.759084586364917,-0.370786562692126,0.535077485669282));
#1908=DIRECTION('ref_axis',(0.480785554559004,-0.234847112389213,-0.844802985511912));
#1909=DIRECTION('',(-0.573093413172345,-0.770501631669387,0.279089905538134));
#1910=DIRECTION('',(0.,0.821941715800971,0.569571607285823));
#1911=DIRECTION('center_axis',(0.759084586364917,-0.370786562692126,0.535077485669282));
#1912=DIRECTION('ref_axis',(0.480785554559004,-0.234847112389213,-0.844802985511912));
#1913=DIRECTION('center_axis',(0.75912986465342,-0.370862599780796,0.534960541231882));
#1914=DIRECTION('ref_axis',(0.576039193751165,-4.69718749161449E-16,-0.817422074122364));
#1915=DIRECTION('center_axis',(0.75912986465342,-0.370862599780796,0.534960541231882));
#1916=DIRECTION('ref_axis',(0.480667010883874,-0.234823349186299,-0.844877043909285));
#1917=DIRECTION('',(-0.57591224816575,-0.765693766669152,0.28642300552972));
#1918=DIRECTION('',(0.,0.821828731672715,0.56973461874562));
#1919=DIRECTION('center_axis',(0.759081006748229,-0.370777982557018,0.535088509356203));
#1920=DIRECTION('ref_axis',(0.576156027169461,-4.69814018455097E-16,-0.817339728849823));
#1921=DIRECTION('',(0.576156027169462,0.,-0.817339728849823));
#1922=DIRECTION('',(-0.589471118866375,-0.74028711577311,0.32326272015615));
#1923=DIRECTION('',(0.,0.821953379360007,0.569554775380441));
#1924=DIRECTION('center_axis',(0.759081006748229,-0.370777982557018,0.535088509356203));
#1925=DIRECTION('ref_axis',(0.48079716618607,-0.234848457164376,-0.844796003278281));
#1926=DIRECTION('center_axis',(0.75926278526958,-0.371147242212159,0.534574361060264));
#1927=DIRECTION('ref_axis',(0.575693854461739,-4.69437149678592E-16,-0.81766532636219));
#1928=DIRECTION('',(0.575693854461739,0.,-0.81766532636219));
#1929=DIRECTION('',(-0.590531014114655,-0.738118154968203,0.326273980996115));
#1930=DIRECTION('',(0.,0.821431119438537,0.570307737995857));
#1931=DIRECTION('center_axis',(0.778582179063628,-0.414715101406071,0.470978953999312));
#1932=DIRECTION('ref_axis',(0.517586984452048,-4.22055154504088E-16,-0.855630594080083));
#1933=DIRECTION('',(0.517586984452048,0.,-0.855630594080083));
#1934=DIRECTION('',(-0.559878026463083,-0.798050105023221,0.222828690603855));
#1935=DIRECTION('',(0.,0.750513046882221,0.660855632085832));
#1936=DIRECTION('center_axis',(0.778528163286517,-0.414631805324336,0.471141555143678));
#1937=DIRECTION('ref_axis',(0.517744079233788,-4.22183254059083E-16,-0.855535544801241));
#1938=DIRECTION('',(0.517744079233789,0.,-0.855535544801241));
#1939=DIRECTION('',(-0.564315505527986,-0.79099846767955,0.236367160048297));
#1940=DIRECTION('',(0.,0.750691993784087,0.660652352200817));
#1941=DIRECTION('center_axis',(0.778580568795713,-0.414717658660763,0.470979364185609));
#1942=DIRECTION('ref_axis',(0.517588098169119,-4.22056062660678E-16,-0.855629920370761));
#1943=DIRECTION('',(0.517588098169119,0.,-0.855629920370761));
#1944=DIRECTION('',(-0.575558288378809,-0.771001401790913,0.27256099338479));
#1945=DIRECTION('',(0.,0.750511311212827,0.660857603225992));
#1946=DIRECTION('center_axis',(0.796280462133688,-0.452503450172129,0.401469865875983));
#1947=DIRECTION('ref_axis',(0.450198116006911,-3.67104353696023E-16,-0.892928696113989));
#1948=DIRECTION('',(0.450198116006911,0.,-0.892928696113989));
#1949=DIRECTION('',(-0.548382002267144,-0.820131413768214,0.163283935952159));
#1950=DIRECTION('',(0.,0.663665953580262,0.748029078350836));
#1951=DIRECTION('center_axis',(0.796314158828544,-0.452549662397142,0.401350923150079));
#1952=DIRECTION('ref_axis',(0.450076572368781,-3.67005243555098E-16,-0.89298996579176));
#1953=DIRECTION('',(0.450076572368781,0.,-0.89298996579176));
#1954=DIRECTION('',(-0.554128088209256,-0.811831268530271,0.18404361791186));
#1955=DIRECTION('',(0.,0.663517985159572,0.748160332662579));
#1956=DIRECTION('center_axis',(0.79626963988507,-0.452481952225845,0.401515558238021));
#1957=DIRECTION('ref_axis',(0.45024384675395,-3.67141643848377E-16,-0.892905638049288));
#1958=DIRECTION('',(0.45024384675395,0.,-0.892905638049288));
#1959=DIRECTION('',(-0.562249121828131,-0.798477079236041,0.215198231726418));
#1960=DIRECTION('',(0.,0.663725857238581,0.747975926372575));
#1961=DIRECTION('center_axis',(0.811222374035526,-0.482003482333105,0.331045167436297));
#1962=DIRECTION('ref_axis',(0.377832420370393,-3.0809530638583E-16,-0.925873999050114));
#1963=DIRECTION('',(0.377832420370393,0.,-0.925873999050114));
#1964=DIRECTION('',(-0.571855391713656,-0.772146804696914,0.277075301974693));
#1965=DIRECTION('',(0.,0.566142952147035,0.824307077328735));
#1966=DIRECTION('center_axis',(0.811212685050743,-0.481970621439031,0.331116746303232));
#1967=DIRECTION('ref_axis',(0.377906318781621,-3.08155565253045E-16,-0.92584383900576));
#1968=DIRECTION('',(0.,0.566252347433322,0.824231932787278));
#1969=DIRECTION('',(-0.56890985614578,-0.781424181397693,0.256354879624189));
#1970=DIRECTION('center_axis',(0.811227451227961,-0.482013923399806,0.331017522229431));
#1971=DIRECTION('ref_axis',(0.377803344812865,-3.08071597348908E-16,-0.925885863726308));
#1972=DIRECTION('',(0.,0.566102493498316,0.824334863301916));
#1973=DIRECTION('',(-0.55283769467111,-0.816655162080946,0.165664810980719));
#1974=DIRECTION('center_axis',(0.811226853094358,-0.482012926723786,0.331020439383724));
#1975=DIRECTION('ref_axis',(0.377806437840914,-3.08074119491988E-16,-0.925884601624824));
#1976=DIRECTION('',(0.,0.566106678992486,0.824331988946261));
#1977=DIRECTION('',(-0.550590167035689,-0.820283215522909,0.154873865758586));
#1978=DIRECTION('center_axis',(0.824405183639838,-0.505156956321931,0.255289135427514));
#1979=DIRECTION('ref_axis',(0.295806493092013,-2.41209031323344E-16,-0.955247883349974));
#1980=DIRECTION('',(0.,0.451040809712419,0.892503326589859));
#1981=DIRECTION('',(-0.536927133895387,-0.840688154825902,0.0703752742254332));
#1982=DIRECTION('center_axis',(0.824411614197712,-0.505163962482403,0.255254503163021));
#1983=DIRECTION('ref_axis',(0.295767769723139,-2.41177455186533E-16,-0.955259873747977));
#1984=DIRECTION('',(0.,0.450987085186702,0.892530475107042));
#1985=DIRECTION('',(-0.528105305195702,-0.848785086071473,0.0258585437872406));
#1986=DIRECTION('center_axis',(0.824411782161352,-0.505164091280195,0.255253705780343));
#1987=DIRECTION('ref_axis',(0.295766871619345,-2.41176722847144E-16,-0.955260151818606));
#1988=DIRECTION('',(0.,0.450985871301566,0.892531088470518));
#1989=DIRECTION('',(-0.538561626354885,-0.56146264387022,0.628260355391173));
#1990=DIRECTION('',(-0.540873356787109,-0.836017174739467,0.0923650120905348));
#1991=DIRECTION('center_axis',(0.834988076015209,-0.520474414602003,0.178609340901091));
#1992=DIRECTION('ref_axis',(0.209174489373061,-1.70566830470256E-16,-0.977878332409262));
#1993=DIRECTION('',(0.,0.324586072209718,0.945856163339579));
#1994=DIRECTION('',(-0.543499493739396,-0.830817454763824,0.119794228428509));
#1995=DIRECTION('center_axis',(0.834989677323674,-0.520478083046003,0.178591163923822));
#1996=DIRECTION('ref_axis',(0.20915374951636,-1.70549918600972E-16,-0.977882768568527));
#1997=DIRECTION('',(0.,0.324554472421716,0.945867006735652));
#1998=DIRECTION('',(-0.528948590720349,-0.84865384015838,-0.000218996326618745));
#1999=DIRECTION('center_axis',(0.834988733413552,-0.520477496306178,0.178597286965074));
#2000=DIRECTION('ref_axis',(0.20916083279613,-1.70555694508844E-16,-0.977881253539523));
#2001=DIRECTION('',(0.,0.324564755023748,0.945863478413441));
#2002=DIRECTION('',(-0.12528760678846,0.136217645401446,0.982724665746468));
#2003=DIRECTION('',(-0.531838688434646,-0.846628077850462,0.0191965434218488));
#2004=DIRECTION('center_axis',(0.834987573150521,-0.520476584183356,0.178605369463042));
#2005=DIRECTION('ref_axis',(0.20917016226431,-1.70563302022658E-16,-0.977879257995752));
#2006=DIRECTION('',(0.,0.324578404837778,0.945858794489412));
#2007=DIRECTION('',(-0.214898589304828,-0.00963278110168034,0.976588862235814));
#2008=DIRECTION('',(-0.533101359187566,-0.845583122186749,0.028144702970163));
#2009=DIRECTION('center_axis',(0.843182254331839,-0.52826215105811,0.0999138916234193));
#2010=DIRECTION('ref_axis',(0.117672934798143,-9.59538592913729E-17,-0.99305240567454));
#2011=DIRECTION('',(0.,0.185842111652687,0.982579619947651));
#2012=DIRECTION('',(-0.091185010310695,0.0426319528725023,0.994921007160325));
#2013=DIRECTION('',(-0.535291394410504,-0.842200256990263,0.0645124034244057));
#2014=DIRECTION('center_axis',(0.843182893959499,-0.528263529332527,0.0999012057546231));
#2015=DIRECTION('ref_axis',(0.11765811292423,-9.59417731136433E-17,-0.993054161898086));
#2016=DIRECTION('',(0.,0.185818862365448,0.982584016962016));
#2017=DIRECTION('',(-0.525278259335897,-0.849065738654195,-0.0563038339072664));
#2018=DIRECTION('center_axis',(0.843186273820221,-0.528263676670128,0.0998718957071007));
#2019=DIRECTION('ref_axis',(0.117623605870642,-9.5913635080287E-17,-0.993058249722537));
#2020=DIRECTION('',(0.,0.185766176498959,0.982593979051855));
#2021=DIRECTION('',(-0.0891957825611285,0.0457351781255726,0.994963519861472));
#2022=DIRECTION('',(-0.527433285877677,-0.84880263792927,-0.0367179900401702));
#2023=DIRECTION('center_axis',(0.849440038547546,-0.527672731492669,-0.00362068383172832));
#2024=DIRECTION('ref_axis',(-0.00426239731696898,3.47568005424907E-18,-0.999990915943296));
#2025=DIRECTION('',(0.,-0.00686144722803276,0.999976459993903));
#2026=DIRECTION('',(-0.0621070094043886,-0.0931605141066805,-0.993712150471263));
#2027=DIRECTION('',(-0.527434117174553,-0.848804326091453,-0.036666988541928));
#2028=DIRECTION('center_axis',(0.848854275146116,-0.528285615322781,0.0189928462635801));
#2029=DIRECTION('ref_axis',(0.0223690855343101,-1.82403888329355E-17,-0.99974978070133));
#2030=DIRECTION('',(0.,0.0359286399886127,0.99935435798748));
#2031=DIRECTION('',(-0.0503746037769139,-0.045072762013653,0.997712807083672));
#2032=DIRECTION('',(-0.528595004058727,-0.848649799425745,0.0195151125745567));
#2033=DIRECTION('center_axis',(0.848854484254838,-0.528286575267483,0.0189567653519197));
#2034=DIRECTION('ref_axis',(0.0223266064506707,-1.82057501794392E-17,-0.999750730254495));
#2035=DIRECTION('',(0.,0.0358604087481805,0.999356808694679));
#2036=DIRECTION('',(-0.523986827122109,-0.845603666835805,-0.101942354477155));
#2037=DIRECTION('center_axis',(0.851722007262587,-0.520600420123556,-0.0595384322246292));
#2038=DIRECTION('ref_axis',(-0.0697334283012496,5.68626216267249E-17,-0.997565661486678));
#2039=DIRECTION('',(0.,-0.113624281860278,0.993523790642044));
#2040=DIRECTION('',(-0.0737708828965307,-0.0066411743726862,-0.997253103098515));
#2041=DIRECTION('',(-0.523990522440442,-0.846609435028202,-0.0932008418085461));
#2042=DIRECTION('center_axis',(0.851722188588152,-0.52061129398638,-0.0594406766485307));
#2043=DIRECTION('ref_axis',(-0.0696194743051569,5.67697002958723E-17,-0.997573620740581));
#2044=DIRECTION('',(0.,-0.113437787056824,0.9935451013757));
#2045=DIRECTION('',(-0.0128306977235062,-0.134124731955588,0.990881390214676));
#2046=DIRECTION('',(-0.523371169602981,-0.850746735373795,-0.0480896150872206));
#2047=DIRECTION('center_axis',(0.851722529261692,-0.52061225572832,-0.0594273702391243));
#2048=DIRECTION('ref_axis',(-0.0696039370747526,5.67570307961054E-17,-0.997574704943792));
#2049=DIRECTION('',(0.,-0.113412512688641,0.993547986745305));
#2050=DIRECTION('',(-0.52261034716668,-0.835760500810812,-0.168471986747896));
#2051=DIRECTION('center_axis',(0.85171469222523,-0.520648121428657,-0.0592251357152737));
#2052=DIRECTION('ref_axis',(-0.0693688480910754,5.65653325496104E-17,-0.997591080009498));
#2053=DIRECTION('',(0.,-0.113023816182317,0.993592279043867));
#2054=DIRECTION('',(-0.0150303697278606,-0.137251007777501,0.990422257852631));
#2055=DIRECTION('',(-0.522685886417626,-0.836108415930209,-0.166499792644008));
#2056=DIRECTION('center_axis',(0.851921522900083,-0.504908250680289,-0.138914999962473));
#2057=DIRECTION('ref_axis',(-0.160935290054649,1.31231214751503E-16,-0.986964960074584));
#2058=DIRECTION('',(0.,-0.265272288441124,0.964173538832719));
#2059=DIRECTION('',(-0.112016586326993,0.0834290200248402,-0.990197900929578));
#2060=DIRECTION('',(-0.522043804052772,-0.839736342634542,-0.149375839776299));
#2061=DIRECTION('center_axis',(0.851919732138009,-0.504899577305089,-0.138957500089223));
#2062=DIRECTION('ref_axis',(-0.160983580946934,1.31270592519138E-16,-0.986957084510518));
#2063=DIRECTION('',(0.,-0.265351970551133,0.964151612416134));
#2064=DIRECTION('',(-0.0233311529525579,0.228493584935827,-0.973265811042943));
#2065=DIRECTION('',(-0.520055791015631,-0.846839109327476,-0.11137996742931));
#2066=DIRECTION('center_axis',(0.382990598583069,-0.870196228044444,-0.30996245916918));
#2067=DIRECTION('ref_axis',(-6.20316608299382E-14,-0.335547179923321,0.942023402068922));
#2068=DIRECTION('',(-0.629103140308834,0.,-0.777321837370831));
#2069=DIRECTION('',(-0.0652250057601532,0.309235021342884,-0.948746225393627));
#2070=DIRECTION('',(-0.921634076588852,-0.382669052199532,-0.064459486182608));
#2071=DIRECTION('center_axis',(0.387225436965936,-0.895987187038236,-0.217401521682459));
#2072=DIRECTION('ref_axis',(-6.39025931262539E-14,-0.235797226899231,0.971802278134103));
#2073=DIRECTION('',(-0.489554965187898,0.,-0.87197243996578));
#2074=DIRECTION('',(-0.149742321568246,0.171549455777288,-0.973728926012711));
#2075=DIRECTION('',(-0.920286360698897,-0.389920304099646,-0.0321740697211087));
#2076=DIRECTION('center_axis',(0.387225359219744,-0.895986891670301,-0.217402877469763));
#2077=DIRECTION('ref_axis',(-6.39025710596823E-14,-0.235798689057232,0.971801923356242));
#2078=DIRECTION('',(-0.489557361242581,0.,-0.871971094734912));
#2079=DIRECTION('',(-0.921946021398395,-0.378461345455772,-0.0823561996663105));
#2080=DIRECTION('center_axis',(0.387206483640157,-0.895492105395679,-0.219465323459171));
#2081=DIRECTION('ref_axis',(-6.38686635806168E-14,-0.238033604804992,0.9712569191432));
#2082=DIRECTION('',(-0.493094740419278,0.,-0.869975618607122));
#2083=DIRECTION('',(-0.147810743089739,0.174663431277967,-0.9734704258484));
#2084=DIRECTION('',(-0.921786523176847,-0.381030390217899,-0.071592230164564));
#2085=DIRECTION('center_axis',(0.387205677377557,-0.895482604067388,-0.219505510680889));
#2086=DIRECTION('ref_axis',(-6.38680000690734E-14,-0.238077104708958,0.971246257245504));
#2087=DIRECTION('',(-0.493163851680894,0.,-0.869936443307938));
#2088=DIRECTION('',(-0.921343652661469,-0.366870862679864,-0.128575440177956));
#2089=DIRECTION('center_axis',(0.38720598168918,-0.895480387770428,-0.219514015185003));
#2090=DIRECTION('ref_axis',(-6.38678588523348E-14,-0.238086361751373,0.971243988062729));
#2091=DIRECTION('',(-0.493178018204561,0.,-0.869928412204029));
#2092=DIRECTION('',(-0.921618521642701,-0.38270585839051,-0.0644633734666936));
#2093=DIRECTION('center_axis',(0.387890927881672,-0.913745904669269,-0.120867902137973));
#2094=DIRECTION('ref_axis',(-6.50997275377008E-14,-0.131135086684472,0.991364508664828));
#2095=DIRECTION('',(-0.297494530042117,0.,-0.954723522594379));
#2096=DIRECTION('',(-0.921582426929774,-0.386631064740832,-0.0346734790812746));
#2097=DIRECTION('center_axis',(0.387890896541436,-0.913745644682742,-0.120869968162491));
#2098=DIRECTION('ref_axis',(-6.50997099416652E-14,-0.131137326331954,0.991364212407582));
#2099=DIRECTION('',(-0.297499187036921,0.,-0.954722071449263));
#2100=DIRECTION('',(-0.921122834302724,-0.379636811925541,-0.0860733126882407));
#2101=DIRECTION('center_axis',(0.387886635330334,-0.913764445761697,-0.120741441907625));
#2102=DIRECTION('ref_axis',(-6.51008068549374E-14,-0.130997627481705,0.991382681709825));
#2103=DIRECTION('',(-0.297213777506193,0.,-0.954810960588796));
#2104=DIRECTION('',(-0.921230356024829,-0.38013246730469,-0.0826676384035286));
#2105=DIRECTION('center_axis',(0.387824778803375,-0.914057572150108,-0.118704236407823));
#2106=DIRECTION('ref_axis',(-6.51180150370063E-14,-0.128783738026541,0.991672702467861));
#2107=DIRECTION('',(-0.292674517635062,0.,-0.956212124335957));
#2108=DIRECTION('',(-0.917829698832209,-0.371126970932126,-0.140902148274333));
#2109=DIRECTION('center_axis',(0.387824765675809,-0.914057597494135,-0.118704084140999));
#2110=DIRECTION('ref_axis',(-6.51180163146919E-14,-0.128783572058586,0.991672724021303));
#2111=DIRECTION('',(-0.292674183425869,0.,-0.956212226629633));
#2112=DIRECTION('',(-0.921634321259175,-0.382668436897721,-0.0644596407017209));
#2113=DIRECTION('center_axis',(0.384701150444809,-0.922771459309128,-0.0223127481710292));
#2114=DIRECTION('ref_axis',(-6.55594841653127E-14,-0.0241730798048218,0.999707788412569));
#2115=DIRECTION('',(-0.0579029000923872,0.,-0.998322219606922));
#2116=DIRECTION('',(-0.922297909084799,-0.383309156549023,-0.0494030100650118));
#2117=DIRECTION('center_axis',(0.813785501041379,-0.322629488588182,-0.483387392665717));
#2118=DIRECTION('ref_axis',(-0.510696728235398,4.16436643530281E-16,-0.859760927101052));
#2119=DIRECTION('center_axis',(0.813785501041379,-0.322629488588182,-0.483387392665717));
#2120=DIRECTION('ref_axis',(0.449361101221829,-0.178151542504871,0.875406550473459));
#2121=DIRECTION('',(-0.559967042488016,-0.65788287739861,-0.503613970172541));
#2122=DIRECTION('center_axis',(0.813785501041379,-0.322629488588182,-0.483387392665717));
#2123=DIRECTION('ref_axis',(0.277384228218714,0.946525336741351,-0.164765824254244));
#2124=DIRECTION('',(-0.533304778582716,-0.745098749509436,-0.400516999165224));
#2125=DIRECTION('center_axis',(0.798923961648088,-0.267757190636715,-0.538541168683378));
#2126=DIRECTION('ref_axis',(-0.558950449073301,4.55784100509324E-16,-0.82920105853813));
#2127=DIRECTION('center_axis',(0.798923961648088,-0.267757190636715,-0.538541168683378));
#2128=DIRECTION('ref_axis',(0.510626457589804,-0.171135067055666,0.842599198690066));
#2129=DIRECTION('center_axis',(0.798923961648088,-0.267757190636715,-0.538541168683378));
#2130=DIRECTION('ref_axis',(0.22202454590716,0.963486422770105,-0.149663001948997));
#2131=DIRECTION('',(-0.544590292425712,-0.702058267946769,-0.458841586828461));
#2132=DIRECTION('center_axis',(0.798918594278586,-0.267743314354932,-0.53855602989305));
#2133=DIRECTION('ref_axis',(-0.558963636336536,4.55794853778995E-16,-0.829192169073874));
#2134=DIRECTION('center_axis',(0.798918594278586,-0.267743314354932,-0.53855602989305));
#2135=DIRECTION('ref_axis',(0.510642874350501,-0.171132849591252,0.842589700071058));
#2136=DIRECTION('center_axis',(0.798918594278586,-0.267743314354932,-0.53855602989305));
#2137=DIRECTION('ref_axis',(0.222010659584994,0.963490278943299,-0.149658776596629));
#2138=DIRECTION('center_axis',(0.8138135999296,-0.322700520719667,-0.483292663400636));
#2139=DIRECTION('ref_axis',(-0.510609709986198,4.16365686373872E-16,-0.859812609856247));
#2140=DIRECTION('center_axis',(0.8138135999296,-0.322700520719667,-0.483292663400636));
#2141=DIRECTION('ref_axis',(0.449261711540067,-0.178145202127281,0.875458851975991));
#2142=DIRECTION('center_axis',(0.8138135999296,-0.322700520719667,-0.483292663400636));
#2143=DIRECTION('ref_axis',(0.277461976921947,0.946501121989433,-0.164774019297064));
#2144=DIRECTION('',(-0.534225680695753,-0.742753536493531,-0.40363362856867));
#2145=DIRECTION('center_axis',(0.367314766747883,-0.913776409642763,0.173472001514161));
#2146=DIRECTION('ref_axis',(-6.42564905671179E-14,0.186509641888594,0.98245313042536));
#2147=DIRECTION('',(0.427042146559919,0.,-0.904231720888787));
#2148=DIRECTION('',(-0.925287361396982,-0.377945855259343,-0.031626402439945));
#2149=DIRECTION('center_axis',(0.378019698484003,-0.922824232495002,0.074138677342351));
#2150=DIRECTION('ref_axis',(-6.52830785454878E-14,0.0800808742370685,0.996788369505497));
#2151=DIRECTION('',(0.192457376715606,0.,-0.981305333801741));
#2152=DIRECTION('',(-0.924584731187568,-0.380409728850171,-0.0207728922144376));
#2153=DIRECTION('',(-0.920152822417072,-0.383337864900232,-0.079817696857447));
#2154=DIRECTION('center_axis',(0.377794252188539,-0.922740795945686,0.0762949966303419));
#2155=DIRECTION('ref_axis',(-6.52687833236025E-14,0.0824018314742246,0.996599186317997));
#2156=DIRECTION('',(0.197952309416615,0.,-0.980211652244875));
#2157=DIRECTION('',(-0.924099431537663,-0.380903094171207,-0.0308718882248656));
#2158=DIRECTION('',(-0.919845339734808,-0.383451690528579,-0.0827608119760226));
#2159=DIRECTION('center_axis',(0.826260497907193,-0.371514948368023,-0.423403156267478));
#2160=DIRECTION('ref_axis',(-0.456043575682011,3.71870907841473E-16,-0.889957446779994));
#2161=DIRECTION('',(-0.456043575682011,0.,-0.889957446779994));
#2162=DIRECTION('',(-0.550181732452988,-0.693481165401382,-0.465170865928392));
#2163=DIRECTION('center_axis',(0.826260497907193,-0.371514948368023,-0.423403156267478));
#2164=DIRECTION('ref_axis',(0.330632494890207,0.928426972431922,-0.169427005473071));
#2165=DIRECTION('',(-0.556331013167305,-0.655999416755059,-0.510059377921103));
#2166=DIRECTION('center_axis',(0.826263220906893,-0.371535221286368,-0.423380052813375));
#2167=DIRECTION('ref_axis',(-0.45602267588277,3.71853865550491E-16,-0.889968156217243));
#2168=DIRECTION('',(-0.45602267588277,0.,-0.889968156217242));
#2169=DIRECTION('center_axis',(0.826263220906893,-0.371535221286368,-0.423380052813375));
#2170=DIRECTION('ref_axis',(0.330654515857994,0.928418859859972,-0.169428485795706));
#2171=DIRECTION('',(0.,-0.751627780332185,0.65958750733539));
#2172=DIRECTION('',(-0.539480053531907,-0.73815536724286,-0.405077678540511));
#2173=DIRECTION('center_axis',(0.836516009497548,-0.415056629039986,-0.35772749481171));
#2174=DIRECTION('ref_axis',(-0.393195464188371,3.20622769454025E-16,-0.919454907508624));
#2175=DIRECTION('',(-0.393195464188371,0.,-0.919454907508624));
#2176=DIRECTION('',(0.,-0.652855920481492,0.757482110080669));
#2177=DIRECTION('',(-0.540938680842546,-0.729596047987914,-0.418419586454486));
#2178=DIRECTION('center_axis',(0.826288115563183,-0.371656173456406,-0.423225281393711));
#2179=DIRECTION('ref_axis',(-0.455879743159122,3.71737314140631E-16,-0.890041380935276));
#2180=DIRECTION('',(-0.455879743159122,0.,-0.890041380935276));
#2181=DIRECTION('',(-0.548816860640365,-0.700251769913123,-0.456560524148106));
#2182=DIRECTION('center_axis',(0.826288115563183,-0.371656173456406,-0.423225281393711));
#2183=DIRECTION('ref_axis',(0.33078937385626,0.928370448006474,-0.169430520898809));
#2184=DIRECTION('center_axis',(0.813778444942661,-0.322610366391757,-0.483412033407612));
#2185=DIRECTION('ref_axis',(-0.510719244294576,4.16455003765605E-16,-0.859747552196095));
#2186=DIRECTION('',(-0.510719244294576,0.,-0.859747552196095));
#2187=DIRECTION('center_axis',(0.813778444942661,-0.322610366391757,-0.483412033407612));
#2188=DIRECTION('ref_axis',(0.449387095960047,-0.178152833342266,0.875392943743961));
#2189=DIRECTION('center_axis',(0.813778444942661,-0.322610366391757,-0.483412033407612));
#2190=DIRECTION('ref_axis',(0.277363472818398,0.946531854454237,-0.164763322525194));
#2191=DIRECTION('center_axis',(0.824422652119227,-0.505188386183015,0.255170502093208));
#2192=DIRECTION('ref_axis',(0.295675334345885,-2.4110208074977E-16,-0.955288488708751));
#2193=DIRECTION('',(-0.56587597601302,-0.744168477629929,0.354961486183032));
#2194=DIRECTION('',(-0.550585609249026,-0.82028992936319,0.154854508081658));
#2195=DIRECTION('center_axis',(0.811222551227313,-0.482005316185625,0.331042063111388));
#2196=DIRECTION('ref_axis',(0.377829312351311,-3.08092772018636E-16,-0.92587526737036));
#2197=DIRECTION('center_axis',(0.82442104668816,-0.505122374058326,0.25530633561132));
#2198=DIRECTION('ref_axis',(0.29581948509701,-2.41219625373892E-16,-0.955243860088585));
#2199=DIRECTION('',(-0.556985039366264,-0.643999479682945,0.524435254431143));
#2200=DIRECTION('center_axis',(0.824417546608152,-0.505142383429822,0.255278047053472));
#2201=DIRECTION('ref_axis',(0.295790721391758,-2.4119617063019E-16,-0.95525276714519));
#2202=DIRECTION('center_axis',(0.844234633284487,-0.45196227636592,-0.288093708201245));
#2203=DIRECTION('ref_axis',(-0.322961594261722,2.63352073486475E-16,-0.946412071262791));
#2204=DIRECTION('',(-0.322961594261722,0.,-0.946412071262791));
#2205=DIRECTION('',(-0.531399342405948,-0.775905303210735,-0.339978968967176));
#2206=DIRECTION('',(0.,-0.537514563970378,0.843254465460892));
#2207=DIRECTION('',(-0.520455419966278,-0.819699740235054,-0.239203870550438));
#2208=DIRECTION('center_axis',(0.367313136845972,-0.913773840492569,0.173488985044681));
#2209=DIRECTION('ref_axis',(-6.42562501188771E-14,0.18652777276277,0.982449688273227));
#2210=DIRECTION('',(0.427077879547703,0.,-0.904214844382151));
#2211=DIRECTION('',(-0.92161845631843,-0.3827057613731,-0.0644648833479842));
#2212=DIRECTION('center_axis',(0.836512811867617,-0.415036730596713,-0.357758057682738));
#2213=DIRECTION('ref_axis',(-0.393225133862841,3.20646962950806E-16,-0.919442219010282));
#2214=DIRECTION('',(-0.393225133862841,0.,-0.919442219010282));
#2215=DIRECTION('',(0.,-0.652905881249126,0.75743904720466));
#2216=DIRECTION('',(-0.526223319013306,-0.790507169186748,-0.313348741805316));
#2217=DIRECTION('center_axis',(0.378025506711614,-0.922826396059528,0.0740821099268331));
#2218=DIRECTION('ref_axis',(-6.52834488159417E-14,0.0800199779449478,0.996793259974048));
#2219=DIRECTION('',(0.192313120265017,0.,-0.981333614921008));
#2220=DIRECTION('center_axis',(0.378017355085678,-0.922821229552648,0.0741879878482134));
#2221=DIRECTION('ref_axis',(-6.52827549925159E-14,0.0801340541462612,0.996784095662689));
#2222=DIRECTION('',(0.192581786079545,0.,-0.981280925968915));
#2223=DIRECTION('center_axis',(0.378954048850829,-0.923277240789599,0.0628726132708726));
#2224=DIRECTION('ref_axis',(-6.53520503873755E-14,0.067939875612895,0.99768941725454));
#2225=DIRECTION('',(0.163673533814965,0.,-0.986514558599376));
#2226=DIRECTION('',(-0.921634159126357,-0.382669076617602,-0.0644581610976089));
#2227=DIRECTION('',(-0.921641421312071,-0.382666161079107,-0.064371575146529));
#2228=DIRECTION('center_axis',(0.377794906853058,-0.92274146528685,0.0762836587754298));
#2229=DIRECTION('ref_axis',(-6.52688595329913E-14,0.0823896098801348,0.996600196760867));
#2230=DIRECTION('',(0.197923715533221,0.,-0.980217426303738));
#2231=DIRECTION('center_axis',(0.849364299843901,-0.481834949153286,-0.215442261232868));
#2232=DIRECTION('ref_axis',(-0.245865121114208,2.00485415584625E-16,-0.969304050450371));
#2233=DIRECTION('',(-0.245865121114208,0.,-0.969304050450371));
#2234=DIRECTION('',(-0.519116691639117,-0.836383885344574,-0.176010956470249));
#2235=DIRECTION('',(0.,-0.408183747525487,0.912899790916862));
#2236=DIRECTION('',(-0.521785555526289,-0.828019821311466,-0.205238908493127));
#2237=DIRECTION('center_axis',(0.384699374098279,-0.922773356400857,-0.0222648666083825));
#2238=DIRECTION('ref_axis',(-6.55595240240253E-14,-0.0241211867567836,0.999709041846399));
#2239=DIRECTION('',(-0.0577793257729421,0.,-0.9983293792698));
#2240=DIRECTION('',(-0.91252561755449,-0.376575070355561,-0.159650285604191));
#2241=DIRECTION('center_axis',(0.384699223733108,-0.922773444858069,-0.0222637985059983));
#2242=DIRECTION('ref_axis',(-6.55595249120693E-14,-0.0241200279644079,0.999709069805309));
#2243=DIRECTION('',(-0.057776585711791,0.,-0.998329537849846));
#2244=DIRECTION('center_axis',(0.851920308668375,-0.504901145908866,-0.138948265690131));
#2245=DIRECTION('ref_axis',(-0.16097305391654,1.31262008479019E-16,-0.986958801527593));
#2246=DIRECTION('',(0.,-0.265334811848853,0.964156334637248));
#2247=DIRECTION('',(-0.523667361608349,-0.820329465003306,-0.229852263929554));
#2248=DIRECTION('center_axis',(0.849365260665767,-0.481842911171932,-0.215420665042914));
#2249=DIRECTION('ref_axis',(-0.245841703626738,2.00466320299022E-16,-0.96930999002275));
#2250=DIRECTION('',(0.,-0.40814402633949,0.912917550364429));
#2251=DIRECTION('',(-0.523230627548577,-0.822300892484568,-0.223720702247704));
#2252=DIRECTION('center_axis',(0.849362276161304,-0.481829405009712,-0.21546263783328));
#2253=DIRECTION('ref_axis',(-0.245887519662053,2.00503679997864E-16,-0.969298368756723));
#2254=DIRECTION('',(-0.245887519662054,0.,-0.969298368756722));
#2255=DIRECTION('',(-0.526854489491557,-0.798521041783315,-0.291184636840408));
#2256=DIRECTION('',(0.,-0.408219834968928,0.912883654327287));
#2257=DIRECTION('center_axis',(0.836510920433968,-0.41503115422405,-0.357768949209079));
#2258=DIRECTION('ref_axis',(-0.393236005651689,3.20655828116778E-16,-0.919437569310231));
#2259=DIRECTION('',(-0.393236005651689,0.,-0.919437569310231));
#2260=DIRECTION('',(0.,-0.652922317513531,0.757424878976628));
#2261=DIRECTION('',(-0.532128498146702,-0.771066494952588,-0.349708052268841));
#2262=DIRECTION('center_axis',(0.844234841765783,-0.451960066602952,-0.288096563924248));
#2263=DIRECTION('ref_axis',(-0.322964390257062,2.63354353420632E-16,-0.946411117129276));
#2264=DIRECTION('',(-0.322964390257062,0.,-0.946411117129276));
#2265=DIRECTION('',(-0.523206453656759,-0.811566165309922,-0.260029548659505));
#2266=DIRECTION('',(0.,-0.537520221407746,0.843250859221482));
#2267=DIRECTION('center_axis',(0.844241225313715,-0.451980395405587,-0.288045961002417));
#2268=DIRECTION('ref_axis',(-0.322911391507193,2.63311136731967E-16,-0.946429201385338));
#2269=DIRECTION('',(-0.322911391507193,0.,-0.946429201385338));
#2270=DIRECTION('',(0.,-0.537435890863421,0.843304608793193));
#2271=DIRECTION('center_axis',(0.849359327566748,-0.481817020214849,-0.215501952906801));
#2272=DIRECTION('ref_axis',(-0.245930475063729,2.0053870705464E-16,-0.969287470998635));
#2273=DIRECTION('',(0.,-0.408290651648208,0.912851983498246));
#2274=DIRECTION('center_axis',(0.844236880893284,-0.451976435522119,-0.288064907047525));
#2275=DIRECTION('ref_axis',(-0.322931904441442,2.63327863562226E-16,-0.946422202346196));
#2276=DIRECTION('',(-0.322931904441442,0.,-0.946422202346196));
#2277=DIRECTION('',(0.,-0.537464378009914,0.843286453330312));
#2278=DIRECTION('center_axis',(0.,0.,-1.));
#2279=DIRECTION('ref_axis',(0.707106781186547,-0.707106781186548,0.));
#2280=DIRECTION('',(0.,0.,1.));
#2281=DIRECTION('center_axis',(-1.57009245868363E-15,-0.707106781186481,
-0.707106781186614));
#2282=DIRECTION('ref_axis',(-1.57009245868393E-15,-0.707106781186614,0.707106781186481));
#2283=DIRECTION('',(0.,0.,-1.));
#2284=DIRECTION('center_axis',(-1.,0.,0.));
#2285=DIRECTION('ref_axis',(0.,0.,-1.));
#2286=DIRECTION('',(0.,1.,0.));
#2287=DIRECTION('center_axis',(0.,1.,0.));
#2288=DIRECTION('ref_axis',(0.,0.,-1.));
#2289=DIRECTION('center_axis',(0.,1.,0.));
#2290=DIRECTION('ref_axis',(0.707106781186548,0.,0.707106781186548));
#2291=CARTESIAN_POINT('',(0.,0.,0.));
#2292=CARTESIAN_POINT('Origin',(29.1999673394802,0.0674151589543648,22.5483078999453));
#2293=CARTESIAN_POINT('',(29.0019331940639,9.32587340685131E-14,22.6129797921319));
#2294=CARTESIAN_POINT('',(29.0353028954786,9.32587340685131E-14,22.541906017934));
#2295=CARTESIAN_POINT('',(26.864112552959,9.54791801177635E-14,27.1663013706936));
#2296=CARTESIAN_POINT('',(29.1895007638576,0.078592221942646,22.6298089070253));
#2297=CARTESIAN_POINT('',(29.1895007638576,0.078592221942646,22.6298089070253));
#2298=CARTESIAN_POINT('',(29.1999673394802,0.0674151589543648,22.5483078999453));
#2299=CARTESIAN_POINT('',(29.1999673394802,0.0674151589543648,22.5483078999453));
#2300=CARTESIAN_POINT('',(29.1999673394802,0.0674151589543648,22.5483078999453));
#2301=CARTESIAN_POINT('Origin',(27.5785541085842,-0.596406538280738,22.4852700276307));
#2302=CARTESIAN_POINT('',(29.0399941401599,9.32500604511333E-14,22.5319157435129));
#2303=CARTESIAN_POINT('',(26.7287954200195,9.32587340685131E-14,27.4537458811782));
#2304=CARTESIAN_POINT('',(29.1999673394802,0.0674151589543648,22.5483078999453));
#2305=CARTESIAN_POINT('Origin',(29.2132567910793,0.0630115677983589,22.496675972455));
#2306=CARTESIAN_POINT('',(29.0615147118759,9.32587340685131E-14,22.4860795021088));
#2307=CARTESIAN_POINT('',(26.8752180380349,9.32587340685131E-14,27.1426296832839));
#2308=CARTESIAN_POINT('',(29.2132567910793,0.0630115677983589,22.496675972455));
#2309=CARTESIAN_POINT('',(29.2132567910793,0.0630115677983589,22.496675972455));
#2310=CARTESIAN_POINT('',(29.2132567910793,0.0630115677983589,22.496675972455));
#2311=CARTESIAN_POINT('Origin',(29.2132567910793,0.0630115677983589,22.496675972455));
#2312=CARTESIAN_POINT('',(29.0996084517873,9.32587340685131E-14,22.436054362978));
#2313=CARTESIAN_POINT('',(22.5288321616879,9.32587340685131E-14,31.0648736617589));
#2314=CARTESIAN_POINT('',(29.2225932626369,0.0497817208440132,22.4403519673281));
#2315=CARTESIAN_POINT('',(29.2225932626369,0.0497817208440132,22.4403519673281));
#2316=CARTESIAN_POINT('',(29.2225932626369,0.0497817208440132,22.4403519673281));
#2317=CARTESIAN_POINT('Origin',(27.5894784478786,-0.61126955250193,22.3832840962342));
#2318=CARTESIAN_POINT('',(29.1043767136942,9.32587340685131E-14,22.4297915972506));
#2319=CARTESIAN_POINT('',(22.2601424362471,9.32587340685131E-14,31.419196269236));
#2320=CARTESIAN_POINT('',(29.2225932626369,0.0497817208440132,22.4403519673281));
#2321=CARTESIAN_POINT('Origin',(29.231491044009,0.0366043259770699,22.3855156941347));
#2322=CARTESIAN_POINT('',(29.1423695646124,9.32587340685131E-14,22.3805958566593));
#2323=CARTESIAN_POINT('',(22.394203331082,9.32587340685131E-14,31.1185828059957));
#2324=CARTESIAN_POINT('',(29.231491044009,0.0366043259770699,22.3855156941347));
#2325=CARTESIAN_POINT('',(29.231491044009,0.0366043259770699,22.3855156941347));
#2326=CARTESIAN_POINT('',(29.231491044009,0.0366043259770699,22.3855156941347));
#2327=CARTESIAN_POINT('Origin',(27.6013707666042,-0.632925112041729,22.2955269856385));
#2328=CARTESIAN_POINT('',(29.1462686026776,9.32587340685131E-14,22.3755481100956));
#2329=CARTESIAN_POINT('',(22.1090666951236,9.32587340685131E-14,31.4860033436128));
#2330=CARTESIAN_POINT('',(29.231491044009,0.0366043259770699,22.3855156941347));
#2331=CARTESIAN_POINT('Origin',(27.614903405154,-0.657744486126202,22.1964402241639));
#2332=CARTESIAN_POINT('',(29.1990318579743,9.32587340685131E-14,22.3072370695418));
#2333=CARTESIAN_POINT('',(22.1361030746184,9.32587340685131E-14,31.4514040060873));
#2334=CARTESIAN_POINT('',(29.2535876779201,0.0226520707280464,22.3110528035097));
#2335=CARTESIAN_POINT('',(29.2535876779201,0.0226520707280464,22.3110528035097));
#2336=CARTESIAN_POINT('',(29.2535876779201,0.0226520707280464,22.3110528035097));
#2337=CARTESIAN_POINT('Origin',(29.271626427615,-0.00565059879710006,22.2256417317324));
#2338=CARTESIAN_POINT('',(29.2680250098322,9.32587340685131E-14,22.2426939641737));
#2339=CARTESIAN_POINT('',(18.2234766043045,9.32587340685131E-14,32.5748708873277));
#2340=CARTESIAN_POINT('',(29.271626427615,-0.00565059879710006,22.2256417317324));
#2341=CARTESIAN_POINT('Origin',(29.2535876779201,0.0226520707280464,22.3110528035097));
#2342=CARTESIAN_POINT('',(29.2738973037545,9.32587340685131E-14,22.2283042770619));
#2343=CARTESIAN_POINT('',(27.7798105862284,9.10382880192628E-14,25.8894698568558));
#2344=CARTESIAN_POINT('',(29.3738364724758,0.24867765208791,22.345480446332));
#2345=CARTESIAN_POINT('',(29.3738364724758,0.24867765208791,22.345480446332));
#2346=CARTESIAN_POINT('',(29.3738364724758,0.24867765208791,22.345480446332));
#2347=CARTESIAN_POINT('Origin',(31.2061786203031,1.83542482158254,20.6811280293399));
#2348=CARTESIAN_POINT('',(29.8539130344246,0.146806619450003,21.4484764421226));
#2349=CARTESIAN_POINT('',(29.9220019204382,0.231831435200852,21.4098391365842));
#2350=CARTESIAN_POINT('Origin',(29.5,0.500000000000093,22.0826028480012));
#2351=CARTESIAN_POINT('',(31.2061786203031,1.83542482158254,20.6811280293399));
#2352=CARTESIAN_POINT('Origin',(31.2061786203031,1.83542482158254,20.6811280293399));
#2353=CARTESIAN_POINT('',(29.6603147670799,0.0263976610530511,21.6244253839475));
#2354=CARTESIAN_POINT('Origin',(29.5,0.500000000000093,22.082383870107));
#2355=CARTESIAN_POINT('',(29.9928066508585,0.415491983400367,21.4215364207682));
#2356=CARTESIAN_POINT('',(31.2061786203031,1.83542482158254,20.6811280293399));
#2357=CARTESIAN_POINT('Origin',(29.5,0.500000000000093,22.082383870107));
#2358=CARTESIAN_POINT('Origin',(31.2061786203031,1.83542482158254,20.6811280293399));
#2359=CARTESIAN_POINT('',(29.6299032321816,0.0171696464919623,21.6573263903437));
#2360=CARTESIAN_POINT('Origin',(29.5,0.500000000000093,22.0820346769301));
#2361=CARTESIAN_POINT('',(29.9963748001016,0.43989960213012,21.4303679878628));
#2362=CARTESIAN_POINT('',(31.2061786203031,1.83542482158254,20.6811280293399));
#2363=CARTESIAN_POINT('Origin',(29.5,0.500000000000093,22.0820346769301));
#2364=CARTESIAN_POINT('Origin',(29.4395064859036,-0.202455599102276,21.77524042558));
#2365=CARTESIAN_POINT('',(29.5971840176185,0.00953566213288001,21.6984532798541));
#2366=CARTESIAN_POINT('Origin',(29.5,0.500000000000093,22.1761943222685));
#2367=CARTESIAN_POINT('',(30.,0.551105962111358,21.5022865260787));
#2368=CARTESIAN_POINT('',(31.1040305642728,2.03543178340505,20.9646363301211));
#2369=CARTESIAN_POINT('',(30.,0.500000000000093,21.4668722084671));
#2370=CARTESIAN_POINT('',(30.,-5.76285710220445,17.1269713160687));
#2371=CARTESIAN_POINT('Origin',(29.5,0.500000000000093,22.1761943222685));
#2372=CARTESIAN_POINT('Origin',(31.1040305642728,2.03543178340505,20.9646363301211));
#2373=CARTESIAN_POINT('',(29.5776554192844,0.00606717475381668,21.7237605855713));
#2374=CARTESIAN_POINT('Origin',(29.5,0.500000000000093,22.1763766963994));
#2375=CARTESIAN_POINT('',(30.,0.567587812438498,21.5137126059302));
#2376=CARTESIAN_POINT('',(31.1040305642728,2.03543178340505,20.9646363301211));
#2377=CARTESIAN_POINT('',(30.,-5.19478243642125,17.5189364557668));
#2378=CARTESIAN_POINT('Origin',(31.1040305642728,2.03543178340505,20.9646363301211));
#2379=CARTESIAN_POINT('',(29.4832698821327,9.35362898246694E-14,21.8534525758404));
#2380=CARTESIAN_POINT('',(29.5,9.32587340685131E-14,21.8297190915819));
#2381=CARTESIAN_POINT('',(24.0555587251763,9.43689570931383E-14,29.553248735392));
#2382=CARTESIAN_POINT('',(30.,0.64893535297328,21.5700806206382));
#2383=CARTESIAN_POINT('',(31.1040305642728,2.03543178340505,20.9646363301211));
#2384=CARTESIAN_POINT('',(30.,-5.19685194326029,17.5193690425429));
#2385=CARTESIAN_POINT('Origin',(29.5,0.500000000000093,22.1761832522524));
#2386=CARTESIAN_POINT('Origin',(31.1040305642728,2.03543178340505,20.9646363301211));
#2387=CARTESIAN_POINT('',(29.4755845124789,9.32587340685131E-14,21.8643682044119));
#2388=CARTESIAN_POINT('',(24.0682771831488,9.32587340685131E-14,29.5444357922643));
#2389=CARTESIAN_POINT('',(30.,0.655478853496264,21.5746236783499));
#2390=CARTESIAN_POINT('',(31.1040305642728,2.03543178340505,20.9646363301211));
#2391=CARTESIAN_POINT('',(30.,-5.18813231867565,17.5174890136606));
#2392=CARTESIAN_POINT('Origin',(31.0136508493069,2.20992795726369,21.2676949543887));
#2393=CARTESIAN_POINT('',(29.4632593443746,9.32587340685131E-14,21.8847431195933));
#2394=CARTESIAN_POINT('',(25.4693903159952,9.32587340685131E-14,28.4870662692917));
#2395=CARTESIAN_POINT('',(30.,0.765070098032067,21.6711229883615));
#2396=CARTESIAN_POINT('',(31.0136508493069,2.20992795726369,21.2676949543887));
#2397=CARTESIAN_POINT('',(30.,-3.95069304372577,17.5187119879668));
#2398=CARTESIAN_POINT('Origin',(29.3635701684597,-0.102982599529522,21.9588418049745));
#2399=CARTESIAN_POINT('',(29.4370401941156,9.29811783123569E-14,21.9280684146586));
#2400=CARTESIAN_POINT('',(25.0914518659143,9.32587340685131E-14,29.108846383866));
#2401=CARTESIAN_POINT('',(30.,0.789098189678832,21.6922690980799));
#2402=CARTESIAN_POINT('',(31.0136508493069,2.20992795726369,21.2676949543887));
#2403=CARTESIAN_POINT('',(30.,-4.43365946012759,17.0959404374711));
#2404=CARTESIAN_POINT('Origin',(29.3196057824734,-0.0593663046686821,22.0699257893495));
#2405=CARTESIAN_POINT('',(29.3639231710322,9.32587340685131E-14,22.048938876827));
#2406=CARTESIAN_POINT('',(25.0648014448614,9.54791801177635E-14,29.1558588257973));
#2407=CARTESIAN_POINT('',(30.,0.852070305793597,21.7477187643327));
#2408=CARTESIAN_POINT('',(31.0136508493069,2.20992795726369,21.2676949543887));
#2409=CARTESIAN_POINT('',(30.,-4.39082548212258,17.1311227282692));
#2410=CARTESIAN_POINT('Origin',(29.3196057824734,-0.0593663046686821,22.0699257893495));
#2411=CARTESIAN_POINT('',(29.3593011440641,9.29811783123569E-14,22.0581062641777));
#2412=CARTESIAN_POINT('',(26.5632132127937,9.54791801177635E-14,27.6039027966781));
#2413=CARTESIAN_POINT('',(30.,0.958195667155459,21.8673344472239));
#2414=CARTESIAN_POINT('',(30.9357118157986,2.35759727260183,21.5887208027774));
#2415=CARTESIAN_POINT('',(30.,-3.05356315215657,17.3456134880774));
#2416=CARTESIAN_POINT('Origin',(30.9357118157986,2.35759727260183,21.5887208027774));
#2417=CARTESIAN_POINT('',(29.3264970441143,9.32587340685131E-14,22.1231923714992));
#2418=CARTESIAN_POINT('',(26.8260302779517,9.2148511043888E-14,27.0843298069072));
#2419=CARTESIAN_POINT('',(30.,0.986722692225595,21.899500551299));
#2420=CARTESIAN_POINT('',(30.9357118157986,2.35759727260183,21.5887208027774));
#2421=CARTESIAN_POINT('',(30.,-2.63884255583126,17.8114363801014));
#2422=CARTESIAN_POINT('Origin',(30.9357118157986,2.35759727260183,21.5887208027774));
#2423=CARTESIAN_POINT('',(29.2756053072774,9.35362898246694E-14,22.2241188340801));
#2424=CARTESIAN_POINT('',(26.8228475862111,9.32587340685131E-14,27.0883301135869));
#2425=CARTESIAN_POINT('',(30.,1.02874782014521,21.9468601405689));
#2426=CARTESIAN_POINT('',(30.9357118157986,2.35759727260183,21.5887208027774));
#2427=CARTESIAN_POINT('',(30.,-2.6415023253209,17.8107266411213));
#2428=CARTESIAN_POINT('Origin',(29.3738364724758,0.24867765208791,22.345480446332));
#2429=CARTESIAN_POINT('',(27.7824755514057,9.54791801177635E-14,25.8830161219688));
#2430=CARTESIAN_POINT('',(30.,1.09415392808612,22.0420917732718));
#2431=CARTESIAN_POINT('',(30.9357118157986,2.35759727260183,21.5887208027774));
#2432=CARTESIAN_POINT('',(30.,-1.66088362586158,18.0307427925718));
#2433=CARTESIAN_POINT('Origin',(30.9357118157986,2.35759727260183,21.5887208027774));
#2434=CARTESIAN_POINT('',(30.,1.10874241741218,22.0633266499274));
#2435=CARTESIAN_POINT('',(30.,-1.50065975174936,18.2651038203777));
#2436=CARTESIAN_POINT('',(30.9244107751492,2.37846366664479,21.6467804951602));
#2437=CARTESIAN_POINT('Origin',(30.9244107751492,2.37846366664479,21.6467804951602));
#2438=CARTESIAN_POINT('',(30.,1.17365017474424,22.1578426216499));
#2439=CARTESIAN_POINT('',(30.,-1.48216452171278,18.2905559202081));
#2440=CARTESIAN_POINT('',(30.8664893655422,2.45363346835683,21.8981881184512));
#2441=CARTESIAN_POINT('Origin',(30.8664893655422,2.45363346835683,21.8981881184512));
#2442=CARTESIAN_POINT('',(30.,1.18155197958642,22.1693487754254));
#2443=CARTESIAN_POINT('',(30.,-1.41150370264627,18.3934902185409));
#2444=CARTESIAN_POINT('',(30.859236672366,2.46166459819387,21.9276566548282));
#2445=CARTESIAN_POINT('Origin',(29.3738364724758,0.24867765208791,22.345480446332));
#2446=CARTESIAN_POINT('',(30.,1.22908677530454,22.2634089189726));
#2447=CARTESIAN_POINT('',(30.,-0.462704891151459,18.9157524371308));
#2448=CARTESIAN_POINT('',(30.8134746102932,2.50277630588124,22.1567864460879));
#2449=CARTESIAN_POINT('Origin',(29.3738364724758,0.24867765208791,22.345480446332));
#2450=CARTESIAN_POINT('',(30.,1.25506455707742,22.3148205062875));
#2451=CARTESIAN_POINT('',(30.,-0.462217064872537,18.9162172374222));
#2452=CARTESIAN_POINT('',(30.7952498941067,2.53321162959645,22.2758812947207));
#2453=CARTESIAN_POINT('Origin',(30.7952498941067,2.53321162959645,22.2758812947207));
#2454=CARTESIAN_POINT('',(30.,1.30400970766743,22.4116862205179));
#2455=CARTESIAN_POINT('',(30.,-0.243889770003298,19.3482900177473));
#2456=CARTESIAN_POINT('',(29.3738364724758,0.24867765208791,22.345480446332));
#2457=CARTESIAN_POINT('',(30.7952498941067,2.53321162959645,22.2758812947207));
#2458=CARTESIAN_POINT('Origin',(29.1895007638576,0.078592221942646,22.6298089070253));
#2459=CARTESIAN_POINT('',(30.,1.31755733638435,22.4511645260204));
#2460=CARTESIAN_POINT('',(30.,0.548007676676524,20.2086675400122));
#2461=CARTESIAN_POINT('',(30.7952498941067,2.53321162959645,22.2758812947207));
#2462=CARTESIAN_POINT('Origin',(30.7952498941067,2.53321162959645,22.2758812947207));
#2463=CARTESIAN_POINT('',(30.,1.37897055977116,22.630144471499));
#2464=CARTESIAN_POINT('',(30.,0.623157174888415,20.427435820851));
#2465=CARTESIAN_POINT('',(30.7558393029812,2.59165159961293,22.6304574055606));
#2466=CARTESIAN_POINT('Origin',(29.1895007638576,0.078592221942646,22.6298089070253));
#2467=CARTESIAN_POINT('',(30.,1.3884394411853,22.6577391778632));
#2468=CARTESIAN_POINT('',(30.,0.548137541064787,20.2088877056593));
#2469=CARTESIAN_POINT('',(29.1821765451076,0.0865554024846382,22.6872582478456));
#2470=CARTESIAN_POINT('',(29.1895007638576,0.078592221942646,22.6298089070253));
#2471=CARTESIAN_POINT('',(30.7558393029812,2.59165159961293,22.6304574055606));
#2472=CARTESIAN_POINT('Origin',(29.1821765451076,0.0865554024846382,22.6872582478456));
#2473=CARTESIAN_POINT('',(30.,1.39277084894241,22.6703613981296));
#2474=CARTESIAN_POINT('',(30.,0.557288252905641,20.2356690423669));
#2475=CARTESIAN_POINT('',(29.1763257531765,0.0862931420476265,22.713846687787));
#2476=CARTESIAN_POINT('',(29.1821765451076,0.0865554024846382,22.6872582478456));
#2477=CARTESIAN_POINT('',(30.7558393029812,2.59165159961293,22.6304574055606));
#2478=CARTESIAN_POINT('Origin',(29.1664123086574,0.0909279992253609,22.8220124287538));
#2479=CARTESIAN_POINT('',(30.,1.40245247954282,22.7215498657553));
#2480=CARTESIAN_POINT('',(30.,1.22741315535036,21.7960864650685));
#2481=CARTESIAN_POINT('',(29.1664123086574,0.0909279992253609,22.8220124287538));
#2482=CARTESIAN_POINT('',(29.1763257531765,0.0862931420476265,22.713846687787));
#2483=CARTESIAN_POINT('',(30.7558393029812,2.59165159961293,22.6304574055606));
#2484=CARTESIAN_POINT('Origin',(29.1664123086574,0.0909279992253609,22.8220124287538));
#2485=CARTESIAN_POINT('',(30.,1.43834860212194,22.9113635147474));
#2486=CARTESIAN_POINT('',(30.,1.22748508898967,21.7963469059559));
#2487=CARTESIAN_POINT('',(30.7305335549953,2.61919132968496,22.9896683735781));
#2488=CARTESIAN_POINT('Origin',(30.7305335549953,2.61919132968496,22.9896683735781));
#2489=CARTESIAN_POINT('',(30.,1.44353779173274,22.9388112803409));
#2490=CARTESIAN_POINT('',(30.,1.28658359027929,22.1086157289138));
#2491=CARTESIAN_POINT('',(29.1611766366603,0.0936125924260445,22.8804154438905));
#2492=CARTESIAN_POINT('',(29.1664123086574,0.0909279992253609,22.8220124287538));
#2493=CARTESIAN_POINT('',(30.7305335549953,2.61919132968496,22.9896683735781));
#2494=CARTESIAN_POINT('Origin',(29.1611861734035,0.0936268975407906,22.8805680317812));
#2495=CARTESIAN_POINT('',(30.,1.44353730647401,22.9388820011796));
#2496=CARTESIAN_POINT('',(30.,1.43612984955807,24.0184330489667));
#2497=CARTESIAN_POINT('',(29.1611861734035,0.0936268975407906,22.8805680317812));
#2498=CARTESIAN_POINT('',(29.1611861734035,0.0936268975407906,22.8805680317812));
#2499=CARTESIAN_POINT('',(30.7305335549953,2.61919132968496,22.9896683735781));
#2500=CARTESIAN_POINT('Origin',(29.1527366189601,0.08606664439748,23.0479188008241));
#2501=CARTESIAN_POINT('',(30.,1.44633280820779,23.016638822515));
#2502=CARTESIAN_POINT('',(30.,1.46778095479651,23.6132185642196));
#2503=CARTESIAN_POINT('',(29.1527366189601,0.08606664439748,23.0479188008241));
#2504=CARTESIAN_POINT('',(29.1611861734035,0.0936268975407906,22.8805680317812));
#2505=CARTESIAN_POINT('',(30.7305335549953,2.61919132968496,22.9896683735781));
#2506=CARTESIAN_POINT('Origin',(30.7197808770778,2.61494390269826,23.352789406293));
#2507=CARTESIAN_POINT('',(30.,1.45337014268954,23.2127550513838));
#2508=CARTESIAN_POINT('',(30.,1.474857118345,23.8115534524376));
#2509=CARTESIAN_POINT('',(30.7197808770778,2.61494390269826,23.352789406293));
#2510=CARTESIAN_POINT('Origin',(29.1546964196803,0.0862430741460152,23.0744118733339));
#2511=CARTESIAN_POINT('',(30.,1.45199675844683,23.2247638394394));
#2512=CARTESIAN_POINT('',(30.,1.21298742185378,25.314646901431));
#2513=CARTESIAN_POINT('',(29.1546964196803,0.0862430741460152,23.0744118733339));
#2514=CARTESIAN_POINT('',(29.1546964196803,0.0862430741460152,23.0744118733339));
#2515=CARTESIAN_POINT('',(30.7197808770778,2.61494390269826,23.352789406293));
#2516=CARTESIAN_POINT('Origin',(29.1529559640529,0.0680493523747749,23.2088227314882));
#2517=CARTESIAN_POINT('',(30.,1.44493059871185,23.2866528146422));
#2518=CARTESIAN_POINT('',(30.,1.20592762687973,25.3799608563363));
#2519=CARTESIAN_POINT('',(29.1529559640529,0.0680493523747749,23.2088227314882));
#2520=CARTESIAN_POINT('',(29.1546964196803,0.0862430741460152,23.0744118733339));
#2521=CARTESIAN_POINT('',(30.7197808770778,2.61494390269826,23.352789406293));
#2522=CARTESIAN_POINT('Origin',(30.7197808770778,2.61494390269826,23.352789406293));
#2523=CARTESIAN_POINT('',(30.,1.42264547074473,23.4818812202315));
#2524=CARTESIAN_POINT('',(30.,1.21428176618409,25.3072471720942));
#2525=CARTESIAN_POINT('',(30.723428681338,2.57955543300222,23.7150902790957));
#2526=CARTESIAN_POINT('Origin',(29.1529559640529,0.0680493523747749,23.2088227314882));
#2527=CARTESIAN_POINT('',(30.,1.4223311334566,23.4846445590839));
#2528=CARTESIAN_POINT('',(30.,1.20725298580252,25.3753963857205));
#2529=CARTESIAN_POINT('',(29.1528653649928,0.0672220399052925,23.2147927327089));
#2530=CARTESIAN_POINT('',(29.1529559640529,0.0680493523747749,23.2088227314882));
#2531=CARTESIAN_POINT('',(30.723428681338,2.57955543300222,23.7150902790957));
#2532=CARTESIAN_POINT('Origin',(29.1588162927272,0.0627898385197945,23.2673974080019));
#2533=CARTESIAN_POINT('',(30.,1.41588037296393,23.5080908549972));
#2534=CARTESIAN_POINT('',(30.,0.454750315779409,27.0014680711393));
#2535=CARTESIAN_POINT('',(29.1588162927272,0.0627898385197945,23.2673974080019));
#2536=CARTESIAN_POINT('',(29.1588162927272,0.0627898385197945,23.2673974080019));
#2537=CARTESIAN_POINT('',(30.723428681338,2.57955543300222,23.7150902790957));
#2538=CARTESIAN_POINT('Origin',(29.1615294961574,0.0362180878789253,23.3805794758729));
#2539=CARTESIAN_POINT('',(30.,1.40155162889146,23.5601540888699));
#2540=CARTESIAN_POINT('',(30.,0.438810837307881,27.0582554393749));
#2541=CARTESIAN_POINT('',(29.1615294961574,0.0362180878789253,23.3805794758729));
#2542=CARTESIAN_POINT('',(29.1615294961574,0.0362180878789253,23.3805794758729));
#2543=CARTESIAN_POINT('',(30.723428681338,2.57955543300222,23.7150902790957));
#2544=CARTESIAN_POINT('Origin',(27.5386571435573,-0.65606125095774,23.3429284138611));
#2545=CARTESIAN_POINT('',(29.1780603857126,9.32587340685131E-14,23.5267377797926));
#2546=CARTESIAN_POINT('',(29.1187389446248,9.32587340685131E-14,23.4534400188576));
#2547=CARTESIAN_POINT('',(14.4209321117508,9.2148511043888E-14,5.29278323522973));
#2548=CARTESIAN_POINT('',(29.1732835321071,0.0226473023564644,23.457254890912));
#2549=CARTESIAN_POINT('',(29.1792773751857,-0.00576980808665084,23.5444397969179));
#2550=CARTESIAN_POINT('',(29.1732835321071,0.0226473023564644,23.457254890912));
#2551=CARTESIAN_POINT('Origin',(29.164442971194,0.0327753235966988,23.399767403119));
#2552=CARTESIAN_POINT('',(29.0870869500884,9.32587340685131E-14,23.3970629644544));
#2553=CARTESIAN_POINT('',(19.4424361418989,9.32587340685131E-14,6.21846138575925));
#2554=CARTESIAN_POINT('',(29.164442971194,0.0327753235966988,23.399767403119));
#2555=CARTESIAN_POINT('',(29.1732835321071,0.0226473023564644,23.457254890912));
#2556=CARTESIAN_POINT('',(29.164442971194,0.0327753235966988,23.399767403119));
#2557=CARTESIAN_POINT('Origin',(27.5386571435573,-0.65606125095774,23.3429284138611));
#2558=CARTESIAN_POINT('',(29.0846010545683,9.32587340685131E-14,23.3926352319564));
#2559=CARTESIAN_POINT('',(19.2354073187193,9.32587340685131E-14,5.8498242683829));
#2560=CARTESIAN_POINT('',(29.164442971194,0.0327753235966988,23.399767403119));
#2561=CARTESIAN_POINT('Origin',(29.1615294961574,0.0362180878789253,23.3805794758729));
#2562=CARTESIAN_POINT('',(29.073910906777,9.32587340685131E-14,23.3737744184547));
#2563=CARTESIAN_POINT('',(19.3284298755562,9.43689570931383E-14,6.17965289618651));
#2564=CARTESIAN_POINT('',(29.164442971194,0.0327753235966988,23.399767403119));
#2565=CARTESIAN_POINT('',(29.1615294961574,0.0362180878789253,23.3805794758729));
#2566=CARTESIAN_POINT('Origin',(27.5384854821803,-0.634684641155494,23.2545228047303));
#2567=CARTESIAN_POINT('',(29.0705729532067,9.32587340685131E-14,23.3678862994309));
#2568=CARTESIAN_POINT('',(19.1018760404024,9.10382880192628E-14,5.78319774778269));
#2569=CARTESIAN_POINT('',(29.1615294961574,0.0362180878789253,23.3805794758729));
#2570=CARTESIAN_POINT('Origin',(27.5382232217433,-0.61016805866648,23.1540436787537));
#2571=CARTESIAN_POINT('',(29.0076080556909,9.32587340685131E-14,23.256821022191));
#2572=CARTESIAN_POINT('',(19.0798389005963,9.32587340685131E-14,5.74499336762329));
#2573=CARTESIAN_POINT('',(29.1588162927272,0.0627898385197945,23.2673974080019));
#2574=CARTESIAN_POINT('Origin',(29.1588162927272,0.0627898385197945,23.2673974080019));
#2575=CARTESIAN_POINT('',(28.9926334117727,9.32587340685131E-14,23.2087641897205));
#2576=CARTESIAN_POINT('',(24.5345454254679,9.43689570931383E-14,8.90180713165928));
#2577=CARTESIAN_POINT('',(29.1528653649928,0.0672220399052925,23.2147927327089));
#2578=CARTESIAN_POINT('Origin',(29.1528653649928,0.0672220399052925,23.2147927327089));
#2579=CARTESIAN_POINT('',(28.9897627522324,9.32587340685131E-14,23.1995517879992));
#2580=CARTESIAN_POINT('',(24.5267075336954,9.32587340685131E-14,8.87689979801137));
#2581=CARTESIAN_POINT('',(29.1528653649928,0.0672220399052925,23.2147927327089));
#2582=CARTESIAN_POINT('Origin',(27.5405454187038,-0.597288687023414,23.0641312642029));
#2583=CARTESIAN_POINT('',(28.9880420603291,9.3267407685893E-14,23.1940239975216));
#2584=CARTESIAN_POINT('',(24.440488092929,9.43689570931383E-14,8.58482785468065));
#2585=CARTESIAN_POINT('',(29.1529559640529,0.0680493523747749,23.2088227314882));
#2586=CARTESIAN_POINT('Origin',(27.5432538537624,-0.582838136944068,22.9617066426209));
#2587=CARTESIAN_POINT('',(28.9846639198533,9.3267407685893E-14,23.1829870992403));
#2588=CARTESIAN_POINT('',(24.529515810921,9.32587340685131E-14,8.627341216925));
#2589=CARTESIAN_POINT('',(29.1529559640529,0.0680493523747749,23.2088227314882));
#2590=CARTESIAN_POINT('Origin',(27.5432538537624,-0.582838136944068,22.9617066426209));
#2591=CARTESIAN_POINT('',(28.9469850710566,9.32587340685131E-14,23.0598844207498));
#2592=CARTESIAN_POINT('',(24.5295233863997,9.32587340685131E-14,8.62734778874191));
#2593=CARTESIAN_POINT('',(29.1546964196803,0.0862430741460152,23.0744118733339));
#2594=CARTESIAN_POINT('Origin',(29.1527366189601,0.08606664439748,23.0479188008241));
#2595=CARTESIAN_POINT('',(28.945647680923,9.32587340685131E-14,23.036826054338));
#2596=CARTESIAN_POINT('',(28.4366045488369,9.32587340685131E-14,14.2602523647813));
#2597=CARTESIAN_POINT('',(29.1527366189601,0.08606664439748,23.0479188008241));
#2598=CARTESIAN_POINT('Origin',(30.8815574197412,1.52659408351491,25.5510849995547));
#2599=CARTESIAN_POINT('',(29.5889644651348,0.00797832980326835,24.3885739582012));
#2600=CARTESIAN_POINT('',(29.5440135274967,0.00194095792044074,24.3169283430473));
#2601=CARTESIAN_POINT('Origin',(29.5,0.500000000000093,23.9104094566616));
#2602=CARTESIAN_POINT('',(29.9515649763131,0.433983164981155,24.7146836560322));
#2603=CARTESIAN_POINT('',(30.8815574197412,1.52659408351491,25.5510849995547));
#2604=CARTESIAN_POINT('',(29.9789454066513,0.609599490703743,24.6435663520733));
#2605=CARTESIAN_POINT('Origin',(29.5,-0.383368215136879,24.5));
#2606=CARTESIAN_POINT('',(30.6064605264307,1.48632280131887,25.1148362202578));
#2607=CARTESIAN_POINT('Origin',(30.8815574197412,1.52659408351491,25.5510849995547));
#2608=CARTESIAN_POINT('',(29.9206091209579,0.229652136374268,24.7703478636258));
#2609=CARTESIAN_POINT('',(29.7487946830303,0.0662936411628714,24.5966819210542));
#2610=CARTESIAN_POINT('Origin',(29.5,0.500000000000093,24.0119614793897));
#2611=CARTESIAN_POINT('',(29.9322754456469,0.302827762677231,24.7512726389617));
#2612=CARTESIAN_POINT('Origin',(29.5,-0.48159393825044,24.5));
#2613=CARTESIAN_POINT('',(30.8815574197412,1.52659408351491,25.5510849995547));
#2614=CARTESIAN_POINT('Origin',(29.3916177301051,-0.394160826000469,24.2957444233828));
#2615=CARTESIAN_POINT('Origin',(29.5,0.500000000000093,24.0119912687836));
#2616=CARTESIAN_POINT('Origin',(29.5,-0.481611979631451,24.5));
#2617=CARTESIAN_POINT('Origin',(30.6064605264307,1.48632280131887,25.1148362202578));
#2618=CARTESIAN_POINT('',(29.5384895663913,0.00148364793226909,24.3079319298365));
#2619=CARTESIAN_POINT('Origin',(29.5,0.500000000000093,23.9102540142815));
#2620=CARTESIAN_POINT('',(29.9796365738721,0.614826494897605,24.6412400686923));
#2621=CARTESIAN_POINT('Origin',(29.5,-0.383233493184556,24.5));
#2622=CARTESIAN_POINT('',(30.6064605264307,1.48632280131887,25.1148362202578));
#2623=CARTESIAN_POINT('Origin',(27.5785541085842,-0.596406538280738,22.4852700276307));
#2624=CARTESIAN_POINT('',(28.9970912198565,9.32587340685131E-14,22.6232323320868));
#2625=CARTESIAN_POINT('',(26.6917343129347,9.32587340685131E-14,27.5046634976083));
#2626=CARTESIAN_POINT('',(29.1895007638576,0.078592221942646,22.6298089070253));
#2627=CARTESIAN_POINT('Origin',(27.560782387698,-0.578403551372779,22.6775498433045));
#2628=CARTESIAN_POINT('',(28.9665905243102,9.32587340685131E-14,22.7091345103566));
#2629=CARTESIAN_POINT('',(28.9691902586671,9.32587340685131E-14,22.695878935359));
#2630=CARTESIAN_POINT('',(29.2829760780697,9.32587340685131E-14,21.0959418297724));
#2631=CARTESIAN_POINT('',(29.1763257531765,0.0862931420476265,22.713846687787));
#2632=CARTESIAN_POINT('',(29.1763257531765,0.0862931420476265,22.713846687787));
#2633=CARTESIAN_POINT('Origin',(27.560782387698,-0.578403551372779,22.6775498433045));
#2634=CARTESIAN_POINT('',(28.9458141731191,9.32587340685131E-14,22.8146427878358));
#2635=CARTESIAN_POINT('',(28.9482891437198,9.32587340685131E-14,22.8023873358591));
#2636=CARTESIAN_POINT('',(29.2608659417519,9.10382880192628E-14,21.2545831169771));
#2637=CARTESIAN_POINT('',(29.1664123086574,0.0909279992253609,22.8220124287538));
#2638=CARTESIAN_POINT('',(29.1664123086574,0.0909279992253609,22.8220124287538));
#2639=CARTESIAN_POINT('Origin',(30.6064605264307,1.48632280131887,25.1148362202578));
#2640=CARTESIAN_POINT('',(29.4272682215602,9.32587340685131E-14,24.117845820182));
#2641=CARTESIAN_POINT('',(29.3459602137298,9.32587340685131E-14,23.9591753094896));
#2642=CARTESIAN_POINT('',(20.9292744330983,9.32587340685131E-14,7.53422693371579));
#2643=CARTESIAN_POINT('',(29.9909946058574,0.710553635081705,24.5944684974946));
#2644=CARTESIAN_POINT('',(30.6064605264307,1.48632280131887,25.1148362202578));
#2645=CARTESIAN_POINT('',(29.9968609952131,0.767511648483445,24.5559388186846));
#2646=CARTESIAN_POINT('Origin',(29.5,-0.273770654169232,24.5));
#2647=CARTESIAN_POINT('',(30.6064605264307,1.48632280131887,25.1148362202578));
#2648=CARTESIAN_POINT('Origin',(29.23969264313,-0.125305731090801,23.8617463154726));
#2649=CARTESIAN_POINT('',(29.3312722014678,9.32587340685131E-14,23.9305103682867));
#2650=CARTESIAN_POINT('',(20.5334834710552,9.32587340685131E-14,6.76085581100558));
#2651=CARTESIAN_POINT('',(30.,0.838237175187615,24.5));
#2652=CARTESIAN_POINT('Origin',(29.5,-0.273720956326964,24.5));
#2653=CARTESIAN_POINT('',(30.,0.915001417530453,24.4326358916151));
#2654=CARTESIAN_POINT('',(30.,-5.28588811793406,29.8741980304593));
#2655=CARTESIAN_POINT('',(30.8157062081934,2.03110925456594,25.0451226277286));
#2656=CARTESIAN_POINT('Origin',(29.2332982568385,-0.103178102764385,23.8211197895937));
#2657=CARTESIAN_POINT('',(29.3097967890813,9.32587340685131E-14,23.880291901626));
#2658=CARTESIAN_POINT('',(22.3202758894134,9.43689570931383E-14,7.53587830163856));
#2659=CARTESIAN_POINT('',(30.,0.930917963216328,24.4141685725128));
#2660=CARTESIAN_POINT('',(30.,-3.74827095620014,29.8432407229677));
#2661=CARTESIAN_POINT('',(30.8157062081934,2.03110925456594,25.0451226277286));
#2662=CARTESIAN_POINT('Origin',(29.2781972436549,-0.187897760662334,23.9918084187441));
#2663=CARTESIAN_POINT('',(29.4415666285985,9.32587340685131E-14,24.1457614583225));
#2664=CARTESIAN_POINT('',(20.5681773217914,9.32587340685131E-14,6.82171100265159));
#2665=CARTESIAN_POINT('',(29.9895608208016,0.699202102764533,24.6016376049307));
#2666=CARTESIAN_POINT('',(30.6064605264307,1.48632280131887,25.1148362202578));
#2667=CARTESIAN_POINT('Origin',(29.5,-0.273478320554665,24.5));
#2668=CARTESIAN_POINT('Origin',(29.3316363839747,-0.286111910137432,24.1516442341738));
#2669=CARTESIAN_POINT('',(29.5,9.32587340685131E-14,24.2441285133927));
#2670=CARTESIAN_POINT('',(18.9001366282668,9.2148511043888E-14,6.40026089088293));
#2671=CARTESIAN_POINT('Origin',(29.5,0.500000000000093,23.9104479840546));
#2672=CARTESIAN_POINT('Origin',(29.5,-0.383407876861648,24.5));
#2673=CARTESIAN_POINT('Origin',(29.3738364724758,0.24867765208791,22.345480446332));
#2674=CARTESIAN_POINT('',(29.3738364724758,0.24867765208791,22.345480446332));
#2675=CARTESIAN_POINT('',(29.3738364724758,0.24867765208791,22.345480446332));
#2676=CARTESIAN_POINT('Origin',(29.3738364724758,0.24867765208791,22.345480446332));
#2677=CARTESIAN_POINT('Origin',(29.2132567910793,0.0630115677983589,22.496675972455));
#2678=CARTESIAN_POINT('',(29.3738364724758,0.24867765208791,22.345480446332));
#2679=CARTESIAN_POINT('Origin',(29.1999673394802,0.0674151589543648,22.5483078999453));
#2680=CARTESIAN_POINT('Origin',(29.2053460626246,-0.0594020674555473,23.7049813313417));
#2681=CARTESIAN_POINT('',(29.2460291452803,9.32587340685131E-14,23.7310095767533));
#2682=CARTESIAN_POINT('',(29.2430624683363,9.32587340685131E-14,23.7223159768913));
#2683=CARTESIAN_POINT('',(24.0878138662337,9.43689570931383E-14,8.61528902979033));
#2684=CARTESIAN_POINT('',(30.,1.10088578957348,24.2133854725501));
#2685=CARTESIAN_POINT('',(30.8185624627711,2.29608289500783,24.7370858235293));
#2686=CARTESIAN_POINT('',(30.,1.19215109359243,24.070208188967));
#2687=CARTESIAN_POINT('',(30.,-2.17803561198471,29.3573672343384));
#2688=CARTESIAN_POINT('',(30.7753228692652,2.41325847407888,24.4265503926211));
#2689=CARTESIAN_POINT('Origin',(29.1821765451076,0.0865554024846382,22.6872582478456));
#2690=CARTESIAN_POINT('',(28.9737368912659,9.32587340685131E-14,22.6726784205018));
#2691=CARTESIAN_POINT('',(26.7983131422585,9.32587340685131E-14,27.2785138919086));
#2692=CARTESIAN_POINT('',(29.1821765451076,0.0865554024846382,22.6872582478456));
#2693=CARTESIAN_POINT('Origin',(30.817365601504,2.27645150920461,24.7643799824649));
#2694=CARTESIAN_POINT('',(29.3019816613699,9.35362898246694E-14,23.862018506194));
#2695=CARTESIAN_POINT('',(22.6124554801785,9.32587340685131E-14,8.2205137637546));
#2696=CARTESIAN_POINT('',(30.,1.04858238123237,24.277665552351));
#2697=CARTESIAN_POINT('',(30.,-3.47502413827695,29.5255218061661));
#2698=CARTESIAN_POINT('',(30.817365601504,2.27645150920461,24.7643799824649));
#2699=CARTESIAN_POINT('Origin',(27.5689839868191,-0.583329279217017,22.5744195027283));
#2700=CARTESIAN_POINT('',(29.2934308215118,9.32587340685131E-14,21.0413471842131));
#2701=CARTESIAN_POINT('Origin',(29.1763257531765,0.0862931420476265,22.713846687787));
#2702=CARTESIAN_POINT('',(29.309012665158,9.32587340685131E-14,20.9643572794269));
#2703=CARTESIAN_POINT('Origin',(29.1611861734035,0.0936268975407906,22.8805680317812));
#2704=CARTESIAN_POINT('',(28.9356917390237,9.32587340685131E-14,22.8647971790692));
#2705=CARTESIAN_POINT('',(28.9357131608911,9.32587340685131E-14,22.8646680623844));
#2706=CARTESIAN_POINT('',(29.3722590422459,9.2148511043888E-14,20.2334615538238));
#2707=CARTESIAN_POINT('',(29.1611861734035,0.0936268975407906,22.8805680317812));
#2708=CARTESIAN_POINT('',(29.1611766366603,0.0936125924260445,22.8804154438905));
#2709=CARTESIAN_POINT('Origin',(29.1611766366603,0.0936125924260445,22.8804154438905));
#2710=CARTESIAN_POINT('',(29.2726532007121,9.32587340685131E-14,21.1959721319235));
#2711=CARTESIAN_POINT('Origin',(29.1792773751857,-0.00576980808665084,23.5444397969179));
#2712=CARTESIAN_POINT('',(29.1828585102815,9.32587340685131E-14,23.5456540114165));
#2713=CARTESIAN_POINT('',(25.7557330251342,9.32587340685131E-14,10.0344792701572));
#2714=CARTESIAN_POINT('',(30.,1.31655172151964,23.8227128259246));
#2715=CARTESIAN_POINT('',(30.7420205621363,2.51207105418752,24.0743012471133));
#2716=CARTESIAN_POINT('',(30.,1.33456100860979,23.782435194787));
#2717=CARTESIAN_POINT('',(30.,-0.736924778582272,28.4152971190527));
#2718=CARTESIAN_POINT('',(30.7420205621363,2.51207105418752,24.0743012471133));
#2719=CARTESIAN_POINT('Origin',(27.5432538537624,-0.582838136944068,22.9617066426209));
#2720=CARTESIAN_POINT('',(28.9441778905361,9.32587340685131E-14,23.0114305533518));
#2721=CARTESIAN_POINT('',(28.4327067116663,9.32587340685131E-14,14.1740705169601));
#2722=CARTESIAN_POINT('',(29.1527366189601,0.08606664439748,23.0479188008241));
#2723=CARTESIAN_POINT('Origin',(27.5535249261501,-0.573885519298805,22.7681298298768));
#2724=CARTESIAN_POINT('',(28.4271696622556,9.43689570931383E-14,14.0779745651676));
#2725=CARTESIAN_POINT('Origin',(30.723428681338,2.57955543300222,23.7150902790957));
#2726=CARTESIAN_POINT('',(30.,1.34968940624742,23.7486076511529));
#2727=CARTESIAN_POINT('',(30.,0.485664876024893,26.88824363895));
#2728=CARTESIAN_POINT('',(30.7420205621363,2.51207105418752,24.0743012471133));
#2729=CARTESIAN_POINT('Origin',(29.164442971194,0.0327753235966988,23.399767403119));
#2730=CARTESIAN_POINT('',(30.,1.34592339699602,23.7570312852589));
#2731=CARTESIAN_POINT('',(30.,-0.706375811169214,28.3475185760728));
#2732=CARTESIAN_POINT('',(30.7420205621363,2.51207105418752,24.0743012471133));
#2733=CARTESIAN_POINT('Origin',(30.7420205621363,2.51207105418752,24.0743012471133));
#2734=CARTESIAN_POINT('',(29.1830842245171,9.32587340685131E-14,23.5465437858981));
#2735=CARTESIAN_POINT('',(25.8656674931394,9.54791801177635E-14,10.4691552684569));
#2736=CARTESIAN_POINT('',(30.,1.23814914572985,23.9980409794453));
#2737=CARTESIAN_POINT('',(30.7753228692652,2.41325847407888,24.4265503926211));
#2738=CARTESIAN_POINT('',(30.,-0.626207641285164,28.1672181994343));
#2739=CARTESIAN_POINT('Origin',(29.2332982568385,-0.103178102764385,23.8211197895937));
#2740=CARTESIAN_POINT('',(29.2463406242466,9.29811783123569E-14,23.7319224336288));
#2741=CARTESIAN_POINT('',(22.3191744389035,9.43689570931383E-14,7.53529560362957));
#2742=CARTESIAN_POINT('',(30.,1.09206985770221,24.2272177491152));
#2743=CARTESIAN_POINT('',(30.,-3.74922605276509,29.8433804544124));
#2744=CARTESIAN_POINT('',(30.817365601504,2.27645150920461,24.7643799824649));
#2745=CARTESIAN_POINT('Origin',(29.1986846475245,-0.0323272536127739,23.642973427289));
#2746=CARTESIAN_POINT('',(29.2195256195145,9.35362898246694E-14,23.6533312286928));
#2747=CARTESIAN_POINT('',(24.0779269433054,9.43689570931383E-14,8.58644988270784));
#2748=CARTESIAN_POINT('',(30.,1.21062459315307,24.0412209412136));
#2749=CARTESIAN_POINT('',(30.7753228692652,2.41325847407888,24.4265503926211));
#2750=CARTESIAN_POINT('',(30.,-2.16014323765488,29.3292133857039));
#2751=CARTESIAN_POINT('Origin',(29.2053460626246,-0.0594020674555473,23.7049813313417));
#2752=CARTESIAN_POINT('',(24.0890131325431,9.43689570931383E-14,8.61618183276096));
#2753=CARTESIAN_POINT('',(30.,-2.17707546355845,29.3569490486983));
#2754=CARTESIAN_POINT('Origin',(29.1732835321071,0.0226473023564644,23.457254890912));
#2755=CARTESIAN_POINT('',(30.,-0.719336720245801,28.3745183299743));
#2756=CARTESIAN_POINT('Origin',(30.8185624627711,2.29608289500783,24.7370858235293));
#2757=CARTESIAN_POINT('',(24.3303615540332,9.43689570931383E-14,9.32457625838327));
#2758=CARTESIAN_POINT('',(30.,-2.07111324638851,29.1902805495932));
#2759=CARTESIAN_POINT('Origin',(29.5,0.500000000000093,16.7651922469878));
#2760=CARTESIAN_POINT('',(30.,0.500000000000091,24.5));
#2761=CARTESIAN_POINT('',(30.,0.500000000000093,16.7651922469878));
#2762=CARTESIAN_POINT('Origin',(29.5,0.500000000000093,24.5));
#2763=CARTESIAN_POINT('',(29.5,9.32587340685131E-14,16.7651922469878));
#2764=CARTESIAN_POINT('Origin',(30.,-19.9999999999999,25.));
#2765=CARTESIAN_POINT('',(30.,-19.9999999999999,24.5));
#2766=CARTESIAN_POINT('Origin',(-25.,9.32587340685131E-14,8.53038449397559));
#2767=CARTESIAN_POINT('Origin',(29.5,-19.9999999999999,24.5));
#2768=UNCERTAINTY_MEASURE_WITH_UNIT(LENGTH_MEASURE(0.01),#2772,
'DISTANCE_ACCURACY_VALUE',
'Maximum model space distance between geometric entities at asserted c
onnectivities');
#2769=UNCERTAINTY_MEASURE_WITH_UNIT(LENGTH_MEASURE(0.01),#2772,
'DISTANCE_ACCURACY_VALUE',
'Maximum model space distance between geometric entities at asserted c
onnectivities');
#2770=(
GEOMETRIC_REPRESENTATION_CONTEXT(3)
GLOBAL_UNCERTAINTY_ASSIGNED_CONTEXT((#2768))
GLOBAL_UNIT_ASSIGNED_CONTEXT((#2772,#2774,#2775))
REPRESENTATION_CONTEXT('','3D')
);
#2771=(
GEOMETRIC_REPRESENTATION_CONTEXT(3)
GLOBAL_UNCERTAINTY_ASSIGNED_CONTEXT((#2769))
GLOBAL_UNIT_ASSIGNED_CONTEXT((#2772,#2774,#2775))
REPRESENTATION_CONTEXT('','3D')
);
#2772=(
LENGTH_UNIT()
NAMED_UNIT(*)
SI_UNIT(.MILLI.,.METRE.)
);
#2773=(
LENGTH_UNIT()
NAMED_UNIT(*)
SI_UNIT($,.METRE.)
);
#2774=(
NAMED_UNIT(*)
PLANE_ANGLE_UNIT()
SI_UNIT($,.RADIAN.)
);
#2775=(
NAMED_UNIT(*)
SI_UNIT($,.STERADIAN.)
SOLID_ANGLE_UNIT()
);
#2776=SHAPE_DEFINITION_REPRESENTATION(#2777,#2778);
#2777=PRODUCT_DEFINITION_SHAPE('',$,#2780);
#2778=SHAPE_REPRESENTATION('',(#1717),#2770);
#2779=PRODUCT_DEFINITION_CONTEXT('part definition',#2784,'design');
#2780=PRODUCT_DEFINITION('2026-08-13-17-51-45-472',
'_export_tmp_front_eye_support_right',#2781,#2779);
#2781=PRODUCT_DEFINITION_FORMATION('',$,#2786);
#2782=PRODUCT_RELATED_PRODUCT_CATEGORY(
'_export_tmp_front_eye_support_right',
'_export_tmp_front_eye_support_right',(#2786));
#2783=APPLICATION_PROTOCOL_DEFINITION('international standard',
'automotive_design',2009,#2784);
#2784=APPLICATION_CONTEXT(
'Core Data for Automotive Mechanical Design Process');
#2785=PRODUCT_CONTEXT('part definition',#2784,'mechanical');
#2786=PRODUCT('2026-08-13-17-51-45-472',
'_export_tmp_front_eye_support_right',$,(#2785));
#2787=PRESENTATION_STYLE_ASSIGNMENT((#2789));
#2788=PRESENTATION_STYLE_ASSIGNMENT((#2790));
#2789=SURFACE_STYLE_USAGE(.BOTH.,#2791);
#2790=SURFACE_STYLE_USAGE(.BOTH.,#2792);
#2791=SURFACE_SIDE_STYLE('',(#2793));
#2792=SURFACE_SIDE_STYLE('',(#2794));
#2793=SURFACE_STYLE_FILL_AREA(#2795);
#2794=SURFACE_STYLE_FILL_AREA(#2796);
#2795=FILL_AREA_STYLE('\X2\76AE9769\X0\ - \X2\98CE5316\X0\',(#2797));
#2796=FILL_AREA_STYLE(
'PEKK - \X2\78B37EA47EF4589E5F3A578B805A919A916E\X0\ - HT-23 (\X2\5E266709\X0\ 
EOS P 810 3D \X2\62535370673A\X0\)',(#2798));
#2797=FILL_AREA_STYLE_COLOUR('\X2\76AE9769\X0\ - \X2\98CE5316\X0\',#2799);
#2798=FILL_AREA_STYLE_COLOUR(
'PEKK - \X2\78B37EA47EF4589E5F3A578B805A919A916E\X0\ - HT-23 (\X2\5E266709\X0\ 
EOS P 810 3D \X2\62535370673A\X0\)',#2800);
#2799=COLOUR_RGB('\X2\76AE9769\X0\ - \X2\98CE5316\X0\',0.,0.,0.);
#2800=COLOUR_RGB(
'PEKK - \X2\78B37EA47EF4589E5F3A578B805A919A916E\X0\ - HT-23 (\X2\5E266709\X0\ 
EOS P 810 3D \X2\62535370673A\X0\)',0.352941176470588,0.352941176470588,
0.352941176470588);
ENDSEC;
END-ISO-10303-21;
