ISO-10303-21;
HEADER;
/* Generated by software containing ST-Developer
 * from STEP Tools, Inc. (www.steptools.com) 
 */

FILE_DESCRIPTION(
/* description */ (''),
/* implementation_level */ '2;1');

FILE_NAME(
/* name */ 'front_eye_support_left.step',
/* time_stamp */ '2026-08-13T17:51:51-04:00',
/* author */ (''),
/* organization */ (''),
/* preprocessor_version */ 'ST-DEVELOPER v20.1',
/* originating_system */ 'Autodesk Translation Framework v15.8.0.0',
/* authorisation */ '');

FILE_SCHEMA (('AUTOMOTIVE_DESIGN { 1 0 10303 214 3 1 1 }'));
ENDSEC;

DATA;
#10=MECHANICAL_DESIGN_GEOMETRIC_PRESENTATION_REPRESENTATION('',(#13),#2860);
#11=SHAPE_REPRESENTATION_RELATIONSHIP('SRR','None',#2867,#12);
#12=ADVANCED_BREP_SHAPE_REPRESENTATION('',(#14),#2859);
#13=STYLED_ITEM('',(#2877),#14);
#14=MANIFOLD_SOLID_BREP('front eye support of left eye',#1612);
#15=CONICAL_SURFACE('',#1799,1.5,0.0872664625997164);
#16=CONICAL_SURFACE('',#1807,1.5,0.0872664625997164);
#17=B_SPLINE_CURVE_WITH_KNOTS('',3,(#2732,#2733,#2734,#2735,#2736,#2737,
#2738,#2739),.UNSPECIFIED.,.F.,.F.,(4,2,2,4),(2.1106561326256,2.15944614210508,
2.26142019200446,2.28417637501646),.UNSPECIFIED.);
#18=B_SPLINE_CURVE_WITH_KNOTS('',3,(#2741,#2742,#2743,#2744,#2745,#2746,
#2747,#2748,#2749,#2750,#2751,#2752,#2753,#2754),.UNSPECIFIED.,.F.,.F.,
(4,2,2,2,2,2,4),(4.68473697103008,4.79440324898993,4.93728738684871,5.08017152470748,
5.15721841422983,5.23426530375218,5.23573281533397),.UNSPECIFIED.);
#19=B_SPLINE_CURVE_WITH_KNOTS('',3,(#2756,#2757,#2758,#2759,#2760,#2761,
#2762,#2763,#2764,#2765,#2766,#2767,#2768,#2769,#2770,#2771,#2772,#2773),
 .UNSPECIFIED.,.F.,.F.,(4,2,2,2,2,2,2,2,4),(4.05740464524947,4.10121050965664,
4.20190431478654,4.27119171637446,4.34047911796238,4.42559810999668,4.51071710203098,
4.65256017551045,4.68473697103008),.UNSPECIFIED.);
#20=B_SPLINE_CURVE_WITH_KNOTS('',3,(#2790,#2791,#2792,#2793,#2794,#2795,
#2796,#2797,#2798,#2799,#2800,#2801,#2802,#2803,#2804,#2805,#2806,#2807),
 .UNSPECIFIED.,.F.,.F.,(4,2,2,2,2,2,2,2,4),(1.6791128348355,1.74669259749052,
1.90125473777146,1.97179984821922,2.04234495866698,2.10210713525726,2.16186931184754,
2.29333246312354,2.30791127908214),.UNSPECIFIED.);
#21=B_SPLINE_CURVE_WITH_KNOTS('',3,(#2809,#2810,#2811,#2812,#2813,#2814,
#2815,#2816,#2817,#2818,#2819,#2820,#2821,#2822),.UNSPECIFIED.,.F.,.F.,
(4,2,2,2,2,2,4),(1.12645023072425,1.13099518453926,1.20976505220999,1.28853491988071,
1.44033268854514,1.59213045720958,1.6791128348355),.UNSPECIFIED.);
#22=B_SPLINE_CURVE_WITH_KNOTS('',3,(#2823,#2824,#2825,#2826,#2827,#2828,
#2829,#2830),.UNSPECIFIED.,.F.,.F.,(4,2,2,4),(4.06189140123924,4.06735679525017,
4.18756848396963,4.23672439197159),.UNSPECIFIED.);
#23=TOROIDAL_SURFACE('',#1753,1.,0.5);
#24=TOROIDAL_SURFACE('',#1763,1.,0.5);
#25=CIRCLE('',#1664,0.499999999999999);
#26=CIRCLE('',#1665,0.499999999999998);
#27=CIRCLE('',#1666,0.499999999999998);
#28=CIRCLE('',#1674,0.499999999999998);
#29=CIRCLE('',#1675,0.499999999999998);
#30=CIRCLE('',#1676,0.5);
#31=CIRCLE('',#1679,0.499999999999998);
#32=CIRCLE('',#1680,0.499999999999998);
#33=CIRCLE('',#1681,0.499999999999999);
#34=CIRCLE('',#1683,0.499999999999998);
#35=CIRCLE('',#1684,0.499999999999999);
#36=CIRCLE('',#1685,0.499999999999998);
#37=CIRCLE('',#1706,4.);
#38=CIRCLE('',#1707,4.);
#39=CIRCLE('',#1728,1.5);
#40=CIRCLE('',#1729,1.);
#41=CIRCLE('',#1731,1.);
#42=CIRCLE('',#1732,0.999999999999996);
#43=CIRCLE('',#1733,1.);
#44=CIRCLE('',#1735,1.);
#45=CIRCLE('',#1737,1.);
#46=CIRCLE('',#1738,0.999999999999996);
#47=CIRCLE('',#1739,1.);
#48=CIRCLE('',#1741,1.);
#49=CIRCLE('',#1754,1.);
#50=CIRCLE('',#1755,0.5);
#51=CIRCLE('',#1756,0.5);
#52=CIRCLE('',#1757,0.5);
#53=CIRCLE('',#1759,0.5);
#54=CIRCLE('',#1760,0.5);
#55=CIRCLE('',#1762,1.5);
#56=CIRCLE('',#1764,0.5);
#57=CIRCLE('',#1773,1.94401994471403);
#58=CIRCLE('',#1775,1.94401994471403);
#59=CIRCLE('',#1778,4.);
#60=CIRCLE('',#1780,4.);
#61=CIRCLE('',#1786,4.);
#62=CIRCLE('',#1788,4.);
#63=CIRCLE('',#1793,4.);
#64=CIRCLE('',#1794,4.);
#65=CIRCLE('',#1795,4.);
#66=CIRCLE('',#1797,2.19990930820739);
#67=CIRCLE('',#1801,4.);
#68=CIRCLE('',#1802,4.);
#69=CIRCLE('',#1803,4.);
#70=CIRCLE('',#1805,2.19990930820739);
#71=SPHERICAL_SURFACE('',#1663,0.499999999999998);
#72=SPHERICAL_SURFACE('',#1673,0.5);
#73=SPHERICAL_SURFACE('',#1678,0.499999999999999);
#74=SPHERICAL_SURFACE('',#1682,0.499999999999998);
#75=SPHERICAL_SURFACE('',#1730,1.);
#76=SPHERICAL_SURFACE('',#1736,1.);
#77=SPHERICAL_SURFACE('',#1772,15.2);
#78=SPHERICAL_SURFACE('',#1774,15.2);
#79=FACE_BOUND('',#240,.T.);
#80=FACE_BOUND('',#241,.T.);
#81=FACE_BOUND('',#268,.T.);
#82=FACE_BOUND('',#269,.T.);
#83=FACE_BOUND('',#276,.T.);
#84=FACE_BOUND('',#283,.T.);
#85=FACE_BOUND('',#300,.T.);
#86=FACE_BOUND('',#319,.T.);
#87=FACE_BOUND('',#324,.T.);
#88=(
BOUNDED_CURVE()
B_SPLINE_CURVE(2,(#2397,#2398,#2399),.UNSPECIFIED.,.F.,.F.)
B_SPLINE_CURVE_WITH_KNOTS((3,3),(0.,0.390557458168785),.UNSPECIFIED.)
CURVE()
GEOMETRIC_REPRESENTATION_ITEM()
RATIONAL_B_SPLINE_CURVE((1.,0.999920165275059,0.999996170883338))
REPRESENTATION_ITEM('')
);
#89=(
BOUNDED_CURVE()
B_SPLINE_CURVE(2,(#2408,#2409,#2410),.UNSPECIFIED.,.F.,.F.)
B_SPLINE_CURVE_WITH_KNOTS((3,3),(0.0098448194296838,0.389938348125885),
 .UNSPECIFIED.)
CURVE()
GEOMETRIC_REPRESENTATION_ITEM()
RATIONAL_B_SPLINE_CURVE((0.999998792799012,0.999976092301009,1.))
REPRESENTATION_ITEM('')
);
#90=CYLINDRICAL_SURFACE('',#1630,0.5);
#91=CYLINDRICAL_SURFACE('',#1648,0.5);
#92=CYLINDRICAL_SURFACE('',#1652,0.5);
#93=CYLINDRICAL_SURFACE('',#1657,0.5);
#94=CYLINDRICAL_SURFACE('',#1660,0.5);
#95=CYLINDRICAL_SURFACE('',#1667,0.5);
#96=CYLINDRICAL_SURFACE('',#1669,0.5);
#97=CYLINDRICAL_SURFACE('',#1670,0.5);
#98=CYLINDRICAL_SURFACE('',#1677,0.5);
#99=CYLINDRICAL_SURFACE('',#1686,0.5);
#100=CYLINDRICAL_SURFACE('',#1687,0.5);
#101=CYLINDRICAL_SURFACE('',#1688,0.5);
#102=CYLINDRICAL_SURFACE('',#1689,0.5);
#103=CYLINDRICAL_SURFACE('',#1690,0.5);
#104=CYLINDRICAL_SURFACE('',#1691,0.5);
#105=CYLINDRICAL_SURFACE('',#1692,0.5);
#106=CYLINDRICAL_SURFACE('',#1695,0.5);
#107=CYLINDRICAL_SURFACE('',#1696,0.5);
#108=CYLINDRICAL_SURFACE('',#1697,0.5);
#109=CYLINDRICAL_SURFACE('',#1699,0.5);
#110=CYLINDRICAL_SURFACE('',#1701,0.5);
#111=CYLINDRICAL_SURFACE('',#1702,0.5);
#112=CYLINDRICAL_SURFACE('',#1714,0.5);
#113=CYLINDRICAL_SURFACE('',#1719,0.5);
#114=CYLINDRICAL_SURFACE('',#1724,0.5);
#115=CYLINDRICAL_SURFACE('',#1725,0.5);
#116=CYLINDRICAL_SURFACE('',#1734,1.);
#117=CYLINDRICAL_SURFACE('',#1740,1.);
#118=CYLINDRICAL_SURFACE('',#1742,1.);
#119=CYLINDRICAL_SURFACE('',#1743,1.);
#120=CYLINDRICAL_SURFACE('',#1745,1.);
#121=CYLINDRICAL_SURFACE('',#1747,1.);
#122=CYLINDRICAL_SURFACE('',#1758,0.5);
#123=CYLINDRICAL_SURFACE('',#1766,1.5);
#124=CYLINDRICAL_SURFACE('',#1781,4.);
#125=CYLINDRICAL_SURFACE('',#1789,4.);
#126=CYLINDRICAL_SURFACE('',#1792,4.);
#127=CYLINDRICAL_SURFACE('',#1800,4.);
#128=FACE_OUTER_BOUND('',#223,.T.);
#129=FACE_OUTER_BOUND('',#224,.T.);
#130=FACE_OUTER_BOUND('',#225,.T.);
#131=FACE_OUTER_BOUND('',#226,.T.);
#132=FACE_OUTER_BOUND('',#227,.T.);
#133=FACE_OUTER_BOUND('',#228,.T.);
#134=FACE_OUTER_BOUND('',#229,.T.);
#135=FACE_OUTER_BOUND('',#230,.T.);
#136=FACE_OUTER_BOUND('',#231,.T.);
#137=FACE_OUTER_BOUND('',#232,.T.);
#138=FACE_OUTER_BOUND('',#233,.T.);
#139=FACE_OUTER_BOUND('',#234,.T.);
#140=FACE_OUTER_BOUND('',#235,.T.);
#141=FACE_OUTER_BOUND('',#236,.T.);
#142=FACE_OUTER_BOUND('',#237,.T.);
#143=FACE_OUTER_BOUND('',#238,.T.);
#144=FACE_OUTER_BOUND('',#239,.T.);
#145=FACE_OUTER_BOUND('',#242,.T.);
#146=FACE_OUTER_BOUND('',#243,.T.);
#147=FACE_OUTER_BOUND('',#244,.T.);
#148=FACE_OUTER_BOUND('',#245,.T.);
#149=FACE_OUTER_BOUND('',#246,.T.);
#150=FACE_OUTER_BOUND('',#247,.T.);
#151=FACE_OUTER_BOUND('',#248,.T.);
#152=FACE_OUTER_BOUND('',#249,.T.);
#153=FACE_OUTER_BOUND('',#250,.T.);
#154=FACE_OUTER_BOUND('',#251,.T.);
#155=FACE_OUTER_BOUND('',#252,.T.);
#156=FACE_OUTER_BOUND('',#253,.T.);
#157=FACE_OUTER_BOUND('',#254,.T.);
#158=FACE_OUTER_BOUND('',#255,.T.);
#159=FACE_OUTER_BOUND('',#256,.T.);
#160=FACE_OUTER_BOUND('',#257,.T.);
#161=FACE_OUTER_BOUND('',#258,.T.);
#162=FACE_OUTER_BOUND('',#259,.T.);
#163=FACE_OUTER_BOUND('',#260,.T.);
#164=FACE_OUTER_BOUND('',#261,.T.);
#165=FACE_OUTER_BOUND('',#262,.T.);
#166=FACE_OUTER_BOUND('',#263,.T.);
#167=FACE_OUTER_BOUND('',#264,.T.);
#168=FACE_OUTER_BOUND('',#265,.T.);
#169=FACE_OUTER_BOUND('',#266,.T.);
#170=FACE_OUTER_BOUND('',#267,.T.);
#171=FACE_OUTER_BOUND('',#270,.T.);
#172=FACE_OUTER_BOUND('',#271,.T.);
#173=FACE_OUTER_BOUND('',#272,.T.);
#174=FACE_OUTER_BOUND('',#273,.T.);
#175=FACE_OUTER_BOUND('',#274,.T.);
#176=FACE_OUTER_BOUND('',#275,.T.);
#177=FACE_OUTER_BOUND('',#277,.T.);
#178=FACE_OUTER_BOUND('',#278,.T.);
#179=FACE_OUTER_BOUND('',#279,.T.);
#180=FACE_OUTER_BOUND('',#280,.T.);
#181=FACE_OUTER_BOUND('',#281,.T.);
#182=FACE_OUTER_BOUND('',#282,.T.);
#183=FACE_OUTER_BOUND('',#284,.T.);
#184=FACE_OUTER_BOUND('',#285,.T.);
#185=FACE_OUTER_BOUND('',#286,.T.);
#186=FACE_OUTER_BOUND('',#287,.T.);
#187=FACE_OUTER_BOUND('',#288,.T.);
#188=FACE_OUTER_BOUND('',#289,.T.);
#189=FACE_OUTER_BOUND('',#290,.T.);
#190=FACE_OUTER_BOUND('',#291,.T.);
#191=FACE_OUTER_BOUND('',#292,.T.);
#192=FACE_OUTER_BOUND('',#293,.T.);
#193=FACE_OUTER_BOUND('',#294,.T.);
#194=FACE_OUTER_BOUND('',#295,.T.);
#195=FACE_OUTER_BOUND('',#296,.T.);
#196=FACE_OUTER_BOUND('',#297,.T.);
#197=FACE_OUTER_BOUND('',#298,.T.);
#198=FACE_OUTER_BOUND('',#299,.T.);
#199=FACE_OUTER_BOUND('',#301,.T.);
#200=FACE_OUTER_BOUND('',#302,.T.);
#201=FACE_OUTER_BOUND('',#303,.T.);
#202=FACE_OUTER_BOUND('',#304,.T.);
#203=FACE_OUTER_BOUND('',#305,.T.);
#204=FACE_OUTER_BOUND('',#306,.T.);
#205=FACE_OUTER_BOUND('',#307,.T.);
#206=FACE_OUTER_BOUND('',#308,.T.);
#207=FACE_OUTER_BOUND('',#309,.T.);
#208=FACE_OUTER_BOUND('',#310,.T.);
#209=FACE_OUTER_BOUND('',#311,.T.);
#210=FACE_OUTER_BOUND('',#312,.T.);
#211=FACE_OUTER_BOUND('',#313,.T.);
#212=FACE_OUTER_BOUND('',#314,.T.);
#213=FACE_OUTER_BOUND('',#315,.T.);
#214=FACE_OUTER_BOUND('',#316,.T.);
#215=FACE_OUTER_BOUND('',#317,.T.);
#216=FACE_OUTER_BOUND('',#318,.T.);
#217=FACE_OUTER_BOUND('',#320,.T.);
#218=FACE_OUTER_BOUND('',#321,.T.);
#219=FACE_OUTER_BOUND('',#322,.T.);
#220=FACE_OUTER_BOUND('',#323,.T.);
#221=FACE_OUTER_BOUND('',#325,.T.);
#222=FACE_OUTER_BOUND('',#326,.T.);
#223=EDGE_LOOP('',(#1012,#1013,#1014,#1015,#1016));
#224=EDGE_LOOP('',(#1017,#1018,#1019,#1020,#1021));
#225=EDGE_LOOP('',(#1022,#1023,#1024,#1025,#1026));
#226=EDGE_LOOP('',(#1027,#1028,#1029,#1030));
#227=EDGE_LOOP('',(#1031,#1032,#1033,#1034));
#228=EDGE_LOOP('',(#1035,#1036,#1037,#1038));
#229=EDGE_LOOP('',(#1039,#1040,#1041,#1042));
#230=EDGE_LOOP('',(#1043,#1044,#1045,#1046));
#231=EDGE_LOOP('',(#1047,#1048,#1049,#1050));
#232=EDGE_LOOP('',(#1051,#1052,#1053,#1054));
#233=EDGE_LOOP('',(#1055,#1056,#1057,#1058));
#234=EDGE_LOOP('',(#1059,#1060,#1061,#1062,#1063));
#235=EDGE_LOOP('',(#1064,#1065,#1066,#1067,#1068));
#236=EDGE_LOOP('',(#1069,#1070,#1071,#1072));
#237=EDGE_LOOP('',(#1073,#1074,#1075,#1076,#1077));
#238=EDGE_LOOP('',(#1078,#1079,#1080,#1081,#1082,#1083));
#239=EDGE_LOOP('',(#1084,#1085,#1086,#1087,#1088,#1089,#1090,#1091,#1092,
#1093,#1094,#1095,#1096,#1097,#1098,#1099,#1100,#1101,#1102,#1103,#1104));
#240=EDGE_LOOP('',(#1105,#1106,#1107,#1108));
#241=EDGE_LOOP('',(#1109,#1110,#1111,#1112));
#242=EDGE_LOOP('',(#1113,#1114,#1115,#1116));
#243=EDGE_LOOP('',(#1117,#1118,#1119,#1120));
#244=EDGE_LOOP('',(#1121,#1122,#1123));
#245=EDGE_LOOP('',(#1124,#1125,#1126,#1127));
#246=EDGE_LOOP('',(#1128,#1129,#1130,#1131));
#247=EDGE_LOOP('',(#1132,#1133,#1134,#1135));
#248=EDGE_LOOP('',(#1136,#1137,#1138));
#249=EDGE_LOOP('',(#1139,#1140,#1141,#1142));
#250=EDGE_LOOP('',(#1143,#1144,#1145));
#251=EDGE_LOOP('',(#1146,#1147,#1148));
#252=EDGE_LOOP('',(#1149,#1150,#1151,#1152));
#253=EDGE_LOOP('',(#1153,#1154,#1155,#1156));
#254=EDGE_LOOP('',(#1157,#1158,#1159,#1160));
#255=EDGE_LOOP('',(#1161,#1162,#1163,#1164));
#256=EDGE_LOOP('',(#1165,#1166,#1167,#1168));
#257=EDGE_LOOP('',(#1169,#1170,#1171,#1172));
#258=EDGE_LOOP('',(#1173,#1174,#1175,#1176,#1177));
#259=EDGE_LOOP('',(#1178,#1179,#1180,#1181,#1182,#1183));
#260=EDGE_LOOP('',(#1184,#1185,#1186,#1187,#1188,#1189));
#261=EDGE_LOOP('',(#1190,#1191,#1192,#1193));
#262=EDGE_LOOP('',(#1194,#1195,#1196,#1197));
#263=EDGE_LOOP('',(#1198,#1199,#1200,#1201));
#264=EDGE_LOOP('',(#1202,#1203,#1204,#1205));
#265=EDGE_LOOP('',(#1206,#1207,#1208,#1209,#1210));
#266=EDGE_LOOP('',(#1211,#1212,#1213,#1214));
#267=EDGE_LOOP('',(#1215,#1216,#1217,#1218));
#268=EDGE_LOOP('',(#1219));
#269=EDGE_LOOP('',(#1220));
#270=EDGE_LOOP('',(#1221,#1222,#1223,#1224));
#271=EDGE_LOOP('',(#1225,#1226,#1227,#1228,#1229));
#272=EDGE_LOOP('',(#1230,#1231,#1232,#1233));
#273=EDGE_LOOP('',(#1234,#1235,#1236,#1237));
#274=EDGE_LOOP('',(#1238,#1239,#1240,#1241));
#275=EDGE_LOOP('',(#1242,#1243,#1244,#1245,#1246,#1247,#1248,#1249,#1250,
#1251,#1252,#1253,#1254,#1255,#1256,#1257));
#276=EDGE_LOOP('',(#1258,#1259,#1260,#1261));
#277=EDGE_LOOP('',(#1262,#1263,#1264,#1265,#1266,#1267));
#278=EDGE_LOOP('',(#1268,#1269,#1270,#1271,#1272,#1273));
#279=EDGE_LOOP('',(#1274,#1275,#1276,#1277));
#280=EDGE_LOOP('',(#1278,#1279,#1280,#1281));
#281=EDGE_LOOP('',(#1282,#1283,#1284,#1285,#1286,#1287));
#282=EDGE_LOOP('',(#1288,#1289,#1290,#1291));
#283=EDGE_LOOP('',(#1292));
#284=EDGE_LOOP('',(#1293,#1294,#1295));
#285=EDGE_LOOP('',(#1296,#1297,#1298,#1299));
#286=EDGE_LOOP('',(#1300,#1301,#1302));
#287=EDGE_LOOP('',(#1303,#1304,#1305,#1306));
#288=EDGE_LOOP('',(#1307,#1308,#1309,#1310));
#289=EDGE_LOOP('',(#1311,#1312,#1313,#1314));
#290=EDGE_LOOP('',(#1315,#1316,#1317,#1318));
#291=EDGE_LOOP('',(#1319,#1320,#1321,#1322));
#292=EDGE_LOOP('',(#1323,#1324,#1325,#1326));
#293=EDGE_LOOP('',(#1327,#1328,#1329,#1330));
#294=EDGE_LOOP('',(#1331,#1332,#1333,#1334));
#295=EDGE_LOOP('',(#1335,#1336,#1337,#1338));
#296=EDGE_LOOP('',(#1339,#1340,#1341,#1342,#1343,#1344,#1345,#1346,#1347,
#1348));
#297=EDGE_LOOP('',(#1349,#1350,#1351,#1352,#1353));
#298=EDGE_LOOP('',(#1354,#1355,#1356,#1357,#1358,#1359));
#299=EDGE_LOOP('',(#1360,#1361,#1362,#1363));
#300=EDGE_LOOP('',(#1364));
#301=EDGE_LOOP('',(#1365,#1366,#1367,#1368,#1369));
#302=EDGE_LOOP('',(#1370,#1371,#1372,#1373,#1374,#1375));
#303=EDGE_LOOP('',(#1376,#1377,#1378,#1379));
#304=EDGE_LOOP('',(#1380,#1381,#1382,#1383));
#305=EDGE_LOOP('',(#1384,#1385,#1386,#1387));
#306=EDGE_LOOP('',(#1388,#1389,#1390,#1391,#1392));
#307=EDGE_LOOP('',(#1393,#1394,#1395,#1396,#1397));
#308=EDGE_LOOP('',(#1398,#1399,#1400,#1401));
#309=EDGE_LOOP('',(#1402));
#310=EDGE_LOOP('',(#1403));
#311=EDGE_LOOP('',(#1404,#1405));
#312=EDGE_LOOP('',(#1406,#1407));
#313=EDGE_LOOP('',(#1408,#1409,#1410,#1411,#1412,#1413,#1414,#1415,#1416,
#1417));
#314=EDGE_LOOP('',(#1418,#1419));
#315=EDGE_LOOP('',(#1420,#1421));
#316=EDGE_LOOP('',(#1422,#1423,#1424,#1425,#1426,#1427,#1428,#1429,#1430,
#1431));
#317=EDGE_LOOP('',(#1432,#1433,#1434,#1435,#1436,#1437,#1438,#1439,#1440));
#318=EDGE_LOOP('',(#1441));
#319=EDGE_LOOP('',(#1442));
#320=EDGE_LOOP('',(#1443,#1444,#1445,#1446,#1447));
#321=EDGE_LOOP('',(#1448,#1449,#1450,#1451));
#322=EDGE_LOOP('',(#1452,#1453,#1454,#1455,#1456,#1457,#1458,#1459,#1460));
#323=EDGE_LOOP('',(#1461));
#324=EDGE_LOOP('',(#1462));
#325=EDGE_LOOP('',(#1463,#1464,#1465,#1466,#1467));
#326=EDGE_LOOP('',(#1468,#1469,#1470,#1471));
#327=ELLIPSE('',#1627,0.507713305942872,0.5);
#328=ELLIPSE('',#1629,0.507713305942873,0.5);
#329=ELLIPSE('',#1631,0.507713305942873,0.5);
#330=ELLIPSE('',#1632,0.777861913430205,0.5);
#331=ELLIPSE('',#1633,0.777861913430211,0.5);
#332=ELLIPSE('',#1643,0.507883034534733,0.5);
#333=ELLIPSE('',#1645,0.507809150919456,0.5);
#334=ELLIPSE('',#1647,3.39816946579193,0.5);
#335=ELLIPSE('',#1649,0.507713305942873,0.5);
#336=ELLIPSE('',#1650,0.777861913430205,0.5);
#337=ELLIPSE('',#1651,0.777861913430209,0.5);
#338=ELLIPSE('',#1653,0.777861913430204,0.5);
#339=ELLIPSE('',#1654,0.777861913430206,0.5);
#340=ELLIPSE('',#1655,0.507713305942873,0.5);
#341=ELLIPSE('',#1658,0.707106781186541,0.5);
#342=ELLIPSE('',#1659,0.707106781186554,0.5);
#343=ELLIPSE('',#1661,0.707106781186481,0.5);
#344=ELLIPSE('',#1662,0.707106781186482,0.5);
#345=ELLIPSE('',#1668,0.777861913430207,0.5);
#346=ELLIPSE('',#1671,0.707106781186481,0.5);
#347=ELLIPSE('',#1672,0.707106781186481,0.5);
#348=ELLIPSE('',#1693,0.507713305942873,0.5);
#349=ELLIPSE('',#1694,0.777861913430205,0.5);
#350=ELLIPSE('',#1698,0.707106781186548,0.5);
#351=ELLIPSE('',#1700,0.707106781186546,0.5);
#352=ELLIPSE('',#1715,0.707106781186546,0.5);
#353=ELLIPSE('',#1716,0.500202233119252,0.5);
#354=ELLIPSE('',#1717,0.500198403501523,0.5);
#355=ELLIPSE('',#1718,0.707106781186549,0.5);
#356=ELLIPSE('',#1720,0.707106781186549,0.5);
#357=ELLIPSE('',#1721,0.500198403501523,0.5);
#358=ELLIPSE('',#1722,0.500202233119252,0.5);
#359=ELLIPSE('',#1723,0.707106781186546,0.5);
#360=ELLIPSE('',#1744,1.41421356237316,1.);
#361=ELLIPSE('',#1746,1.41421356237303,1.);
#362=ELLIPSE('',#1777,5.65685424949238,4.);
#363=ELLIPSE('',#1782,5.65685424949238,4.);
#364=ELLIPSE('',#1783,5.65685424949238,4.);
#365=ELLIPSE('',#1785,5.65685424949238,4.);
#366=ELLIPSE('',#1790,5.65685424949238,4.);
#367=ELLIPSE('',#1791,5.65685424949238,4.);
#368=LINE('',#2313,#503);
#369=LINE('',#2317,#504);
#370=LINE('',#2319,#505);
#371=LINE('',#2320,#506);
#372=LINE('',#2326,#507);
#373=LINE('',#2328,#508);
#374=LINE('',#2330,#509);
#375=LINE('',#2331,#510);
#376=LINE('',#2338,#511);
#377=LINE('',#2343,#512);
#378=LINE('',#2345,#513);
#379=LINE('',#2347,#514);
#380=LINE('',#2348,#515);
#381=LINE('',#2351,#516);
#382=LINE('',#2353,#517);
#383=LINE('',#2354,#518);
#384=LINE('',#2357,#519);
#385=LINE('',#2359,#520);
#386=LINE('',#2360,#521);
#387=LINE('',#2362,#522);
#388=LINE('',#2363,#523);
#389=LINE('',#2367,#524);
#390=LINE('',#2369,#525);
#391=LINE('',#2371,#526);
#392=LINE('',#2372,#527);
#393=LINE('',#2375,#528);
#394=LINE('',#2377,#529);
#395=LINE('',#2378,#530);
#396=LINE('',#2381,#531);
#397=LINE('',#2383,#532);
#398=LINE('',#2384,#533);
#399=LINE('',#2386,#534);
#400=LINE('',#2387,#535);
#401=LINE('',#2391,#536);
#402=LINE('',#2393,#537);
#403=LINE('',#2395,#538);
#404=LINE('',#2404,#539);
#405=LINE('',#2412,#540);
#406=LINE('',#2413,#541);
#407=LINE('',#2418,#542);
#408=LINE('',#2419,#543);
#409=LINE('',#2426,#544);
#410=LINE('',#2432,#545);
#411=LINE('',#2438,#546);
#412=LINE('',#2439,#547);
#413=LINE('',#2441,#548);
#414=LINE('',#2443,#549);
#415=LINE('',#2445,#550);
#416=LINE('',#2447,#551);
#417=LINE('',#2449,#552);
#418=LINE('',#2451,#553);
#419=LINE('',#2453,#554);
#420=LINE('',#2455,#555);
#421=LINE('',#2456,#556);
#422=LINE('',#2457,#557);
#423=LINE('',#2459,#558);
#424=LINE('',#2461,#559);
#425=LINE('',#2463,#560);
#426=LINE('',#2464,#561);
#427=LINE('',#2468,#562);
#428=LINE('',#2472,#563);
#429=LINE('',#2477,#564);
#430=LINE('',#2489,#565);
#431=LINE('',#2492,#566);
#432=LINE('',#2494,#567);
#433=LINE('',#2495,#568);
#434=LINE('',#2499,#569);
#435=LINE('',#2510,#570);
#436=LINE('',#2511,#571);
#437=LINE('',#2527,#572);
#438=LINE('',#2528,#573);
#439=LINE('',#2530,#574);
#440=LINE('',#2531,#575);
#441=LINE('',#2533,#576);
#442=LINE('',#2534,#577);
#443=LINE('',#2536,#578);
#444=LINE('',#2537,#579);
#445=LINE('',#2539,#580);
#446=LINE('',#2540,#581);
#447=LINE('',#2542,#582);
#448=LINE('',#2543,#583);
#449=LINE('',#2548,#584);
#450=LINE('',#2550,#585);
#451=LINE('',#2551,#586);
#452=LINE('',#2553,#587);
#453=LINE('',#2554,#588);
#454=LINE('',#2557,#589);
#455=LINE('',#2560,#590);
#456=LINE('',#2563,#591);
#457=LINE('',#2566,#592);
#458=LINE('',#2568,#593);
#459=LINE('',#2569,#594);
#460=LINE('',#2571,#595);
#461=LINE('',#2572,#596);
#462=LINE('',#2574,#597);
#463=LINE('',#2576,#598);
#464=LINE('',#2578,#599);
#465=LINE('',#2584,#600);
#466=LINE('',#2592,#601);
#467=LINE('',#2594,#602);
#468=LINE('',#2596,#603);
#469=LINE('',#2597,#604);
#470=LINE('',#2604,#605);
#471=LINE('',#2614,#606);
#472=LINE('',#2619,#607);
#473=LINE('',#2621,#608);
#474=LINE('',#2624,#609);
#475=LINE('',#2626,#610);
#476=LINE('',#2627,#611);
#477=LINE('',#2631,#612);
#478=LINE('',#2645,#613);
#479=LINE('',#2646,#614);
#480=LINE('',#2658,#615);
#481=LINE('',#2659,#616);
#482=LINE('',#2661,#617);
#483=LINE('',#2662,#618);
#484=LINE('',#2664,#619);
#485=LINE('',#2667,#620);
#486=LINE('',#2671,#621);
#487=LINE('',#2673,#622);
#488=LINE('',#2674,#623);
#489=LINE('',#2676,#624);
#490=LINE('',#2679,#625);
#491=LINE('',#2681,#626);
#492=LINE('',#2696,#627);
#493=LINE('',#2699,#628);
#494=LINE('',#2704,#629);
#495=LINE('',#2725,#630);
#496=LINE('',#2755,#631);
#497=LINE('',#2782,#632);
#498=LINE('',#2808,#633);
#499=LINE('',#2835,#634);
#500=LINE('',#2843,#635);
#501=LINE('',#2848,#636);
#502=LINE('',#2856,#637);
#503=VECTOR('',#1812,10.);
#504=VECTOR('',#1815,10.);
#505=VECTOR('',#1816,10.);
#506=VECTOR('',#1817,10.);
#507=VECTOR('',#1822,10.);
#508=VECTOR('',#1823,10.);
#509=VECTOR('',#1824,10.);
#510=VECTOR('',#1825,10.);
#511=VECTOR('',#1832,10.);
#512=VECTOR('',#1837,10.);
#513=VECTOR('',#1838,10.);
#514=VECTOR('',#1839,10.);
#515=VECTOR('',#1840,10.);
#516=VECTOR('',#1843,10.);
#517=VECTOR('',#1844,10.);
#518=VECTOR('',#1845,10.);
#519=VECTOR('',#1848,10.);
#520=VECTOR('',#1849,10.);
#521=VECTOR('',#1850,10.);
#522=VECTOR('',#1853,10.);
#523=VECTOR('',#1854,10.);
#524=VECTOR('',#1857,10.);
#525=VECTOR('',#1858,10.);
#526=VECTOR('',#1859,10.);
#527=VECTOR('',#1860,10.);
#528=VECTOR('',#1863,10.);
#529=VECTOR('',#1864,10.);
#530=VECTOR('',#1865,10.);
#531=VECTOR('',#1868,10.);
#532=VECTOR('',#1869,10.);
#533=VECTOR('',#1870,10.);
#534=VECTOR('',#1873,10.);
#535=VECTOR('',#1874,10.);
#536=VECTOR('',#1877,10.);
#537=VECTOR('',#1878,10.);
#538=VECTOR('',#1879,10.);
#539=VECTOR('',#1884,10.);
#540=VECTOR('',#1887,10.);
#541=VECTOR('',#1888,10.);
#542=VECTOR('',#1893,10.);
#543=VECTOR('',#1894,10.);
#544=VECTOR('',#1901,10.);
#545=VECTOR('',#1908,10.);
#546=VECTOR('',#1915,10.);
#547=VECTOR('',#1916,10.);
#548=VECTOR('',#1917,10.);
#549=VECTOR('',#1918,10.);
#550=VECTOR('',#1919,10.);
#551=VECTOR('',#1920,10.);
#552=VECTOR('',#1921,10.);
#553=VECTOR('',#1922,10.);
#554=VECTOR('',#1923,10.);
#555=VECTOR('',#1924,10.);
#556=VECTOR('',#1925,10.);
#557=VECTOR('',#1926,10.);
#558=VECTOR('',#1927,10.);
#559=VECTOR('',#1928,10.);
#560=VECTOR('',#1929,10.);
#561=VECTOR('',#1930,10.);
#562=VECTOR('',#1933,10.);
#563=VECTOR('',#1936,10.);
#564=VECTOR('',#1941,10.);
#565=VECTOR('',#1956,10.);
#566=VECTOR('',#1959,10.);
#567=VECTOR('',#1962,10.);
#568=VECTOR('',#1963,10.);
#569=VECTOR('',#1966,10.);
#570=VECTOR('',#1981,10.);
#571=VECTOR('',#1982,10.);
#572=VECTOR('',#2001,10.);
#573=VECTOR('',#2002,10.);
#574=VECTOR('',#2005,10.);
#575=VECTOR('',#2006,10.);
#576=VECTOR('',#2009,10.);
#577=VECTOR('',#2010,10.);
#578=VECTOR('',#2013,10.);
#579=VECTOR('',#2014,10.);
#580=VECTOR('',#2017,10.);
#581=VECTOR('',#2018,10.);
#582=VECTOR('',#2021,10.);
#583=VECTOR('',#2022,10.);
#584=VECTOR('',#2029,10.);
#585=VECTOR('',#2032,10.);
#586=VECTOR('',#2033,10.);
#587=VECTOR('',#2036,10.);
#588=VECTOR('',#2037,10.);
#589=VECTOR('',#2040,10.);
#590=VECTOR('',#2043,10.);
#591=VECTOR('',#2046,10.);
#592=VECTOR('',#2049,10.);
#593=VECTOR('',#2052,10.);
#594=VECTOR('',#2053,10.);
#595=VECTOR('',#2056,10.);
#596=VECTOR('',#2057,10.);
#597=VECTOR('',#2060,10.);
#598=VECTOR('',#2063,10.);
#599=VECTOR('',#2066,10.);
#600=VECTOR('',#2073,10.);
#601=VECTOR('',#2084,10.);
#602=VECTOR('',#2085,10.);
#603=VECTOR('',#2086,10.);
#604=VECTOR('',#2087,10.);
#605=VECTOR('',#2094,10.);
#606=VECTOR('',#2105,10.);
#607=VECTOR('',#2112,10.);
#608=VECTOR('',#2115,10.);
#609=VECTOR('',#2118,10.);
#610=VECTOR('',#2119,10.);
#611=VECTOR('',#2120,10.);
#612=VECTOR('',#2125,10.);
#613=VECTOR('',#2140,10.);
#614=VECTOR('',#2141,10.);
#615=VECTOR('',#2154,10.);
#616=VECTOR('',#2155,10.);
#617=VECTOR('',#2158,10.);
#618=VECTOR('',#2159,10.);
#619=VECTOR('',#2162,10.);
#620=VECTOR('',#2165,10.);
#621=VECTOR('',#2170,10.);
#622=VECTOR('',#2173,10.);
#623=VECTOR('',#2174,10.);
#624=VECTOR('',#2177,10.);
#625=VECTOR('',#2182,10.);
#626=VECTOR('',#2185,10.);
#627=VECTOR('',#2204,0.5);
#628=VECTOR('',#2207,10.);
#629=VECTOR('',#2216,10.);
#630=VECTOR('',#2245,10.);
#631=VECTOR('',#2254,4.);
#632=VECTOR('',#2263,10.);
#633=VECTOR('',#2272,4.);
#634=VECTOR('',#2277,4.);
#635=VECTOR('',#2290,1.5);
#636=VECTOR('',#2295,4.);
#637=VECTOR('',#2308,1.5);
#638=VERTEX_POINT('',#2311);
#639=VERTEX_POINT('',#2312);
#640=VERTEX_POINT('',#2314);
#641=VERTEX_POINT('',#2316);
#642=VERTEX_POINT('',#2318);
#643=VERTEX_POINT('',#2322);
#644=VERTEX_POINT('',#2323);
#645=VERTEX_POINT('',#2325);
#646=VERTEX_POINT('',#2327);
#647=VERTEX_POINT('',#2329);
#648=VERTEX_POINT('',#2333);
#649=VERTEX_POINT('',#2335);
#650=VERTEX_POINT('',#2337);
#651=VERTEX_POINT('',#2341);
#652=VERTEX_POINT('',#2342);
#653=VERTEX_POINT('',#2344);
#654=VERTEX_POINT('',#2346);
#655=VERTEX_POINT('',#2350);
#656=VERTEX_POINT('',#2352);
#657=VERTEX_POINT('',#2356);
#658=VERTEX_POINT('',#2358);
#659=VERTEX_POINT('',#2365);
#660=VERTEX_POINT('',#2366);
#661=VERTEX_POINT('',#2368);
#662=VERTEX_POINT('',#2370);
#663=VERTEX_POINT('',#2374);
#664=VERTEX_POINT('',#2376);
#665=VERTEX_POINT('',#2380);
#666=VERTEX_POINT('',#2382);
#667=VERTEX_POINT('',#2389);
#668=VERTEX_POINT('',#2390);
#669=VERTEX_POINT('',#2392);
#670=VERTEX_POINT('',#2394);
#671=VERTEX_POINT('',#2396);
#672=VERTEX_POINT('',#2402);
#673=VERTEX_POINT('',#2403);
#674=VERTEX_POINT('',#2405);
#675=VERTEX_POINT('',#2407);
#676=VERTEX_POINT('',#2411);
#677=VERTEX_POINT('',#2415);
#678=VERTEX_POINT('',#2417);
#679=VERTEX_POINT('',#2421);
#680=VERTEX_POINT('',#2423);
#681=VERTEX_POINT('',#2425);
#682=VERTEX_POINT('',#2429);
#683=VERTEX_POINT('',#2431);
#684=VERTEX_POINT('',#2433);
#685=VERTEX_POINT('',#2437);
#686=VERTEX_POINT('',#2440);
#687=VERTEX_POINT('',#2442);
#688=VERTEX_POINT('',#2444);
#689=VERTEX_POINT('',#2446);
#690=VERTEX_POINT('',#2448);
#691=VERTEX_POINT('',#2450);
#692=VERTEX_POINT('',#2452);
#693=VERTEX_POINT('',#2454);
#694=VERTEX_POINT('',#2458);
#695=VERTEX_POINT('',#2460);
#696=VERTEX_POINT('',#2462);
#697=VERTEX_POINT('',#2466);
#698=VERTEX_POINT('',#2467);
#699=VERTEX_POINT('',#2469);
#700=VERTEX_POINT('',#2471);
#701=VERTEX_POINT('',#2475);
#702=VERTEX_POINT('',#2476);
#703=VERTEX_POINT('',#2481);
#704=VERTEX_POINT('',#2482);
#705=VERTEX_POINT('',#2484);
#706=VERTEX_POINT('',#2488);
#707=VERTEX_POINT('',#2490);
#708=VERTEX_POINT('',#2497);
#709=VERTEX_POINT('',#2498);
#710=VERTEX_POINT('',#2503);
#711=VERTEX_POINT('',#2504);
#712=VERTEX_POINT('',#2506);
#713=VERTEX_POINT('',#2513);
#714=VERTEX_POINT('',#2514);
#715=VERTEX_POINT('',#2516);
#716=VERTEX_POINT('',#2520);
#717=VERTEX_POINT('',#2521);
#718=VERTEX_POINT('',#2523);
#719=VERTEX_POINT('',#2546);
#720=VERTEX_POINT('',#2556);
#721=VERTEX_POINT('',#2558);
#722=VERTEX_POINT('',#2562);
#723=VERTEX_POINT('',#2564);
#724=VERTEX_POINT('',#2579);
#725=VERTEX_POINT('',#2581);
#726=VERTEX_POINT('',#2590);
#727=VERTEX_POINT('',#2591);
#728=VERTEX_POINT('',#2593);
#729=VERTEX_POINT('',#2595);
#730=VERTEX_POINT('',#2599);
#731=VERTEX_POINT('',#2601);
#732=VERTEX_POINT('',#2603);
#733=VERTEX_POINT('',#2605);
#734=VERTEX_POINT('',#2609);
#735=VERTEX_POINT('',#2611);
#736=VERTEX_POINT('',#2613);
#737=VERTEX_POINT('',#2615);
#738=VERTEX_POINT('',#2623);
#739=VERTEX_POINT('',#2625);
#740=VERTEX_POINT('',#2629);
#741=VERTEX_POINT('',#2632);
#742=VERTEX_POINT('',#2635);
#743=VERTEX_POINT('',#2636);
#744=VERTEX_POINT('',#2638);
#745=VERTEX_POINT('',#2642);
#746=VERTEX_POINT('',#2643);
#747=VERTEX_POINT('',#2648);
#748=VERTEX_POINT('',#2649);
#749=VERTEX_POINT('',#2651);
#750=VERTEX_POINT('',#2655);
#751=VERTEX_POINT('',#2656);
#752=VERTEX_POINT('',#2665);
#753=VERTEX_POINT('',#2669);
#754=VERTEX_POINT('',#2684);
#755=VERTEX_POINT('',#2686);
#756=VERTEX_POINT('',#2688);
#757=VERTEX_POINT('',#2692);
#758=VERTEX_POINT('',#2693);
#759=VERTEX_POINT('',#2698);
#760=VERTEX_POINT('',#2712);
#761=VERTEX_POINT('',#2715);
#762=VERTEX_POINT('',#2718);
#763=VERTEX_POINT('',#2719);
#764=VERTEX_POINT('',#2723);
#765=VERTEX_POINT('',#2724);
#766=VERTEX_POINT('',#2728);
#767=VERTEX_POINT('',#2730);
#768=VERTEX_POINT('',#2740);
#769=VERTEX_POINT('',#2775);
#770=VERTEX_POINT('',#2776);
#771=VERTEX_POINT('',#2780);
#772=VERTEX_POINT('',#2781);
#773=VERTEX_POINT('',#2785);
#774=VERTEX_POINT('',#2787);
#775=VERTEX_POINT('',#2789);
#776=VERTEX_POINT('',#2832);
#777=VERTEX_POINT('',#2834);
#778=VERTEX_POINT('',#2839);
#779=VERTEX_POINT('',#2845);
#780=VERTEX_POINT('',#2847);
#781=VERTEX_POINT('',#2852);
#782=EDGE_CURVE('',#638,#639,#368,.T.);
#783=EDGE_CURVE('',#639,#640,#327,.T.);
#784=EDGE_CURVE('',#640,#641,#369,.T.);
#785=EDGE_CURVE('',#641,#642,#370,.T.);
#786=EDGE_CURVE('',#642,#638,#371,.T.);
#787=EDGE_CURVE('',#643,#644,#328,.T.);
#788=EDGE_CURVE('',#644,#645,#372,.T.);
#789=EDGE_CURVE('',#646,#645,#373,.T.);
#790=EDGE_CURVE('',#646,#647,#374,.T.);
#791=EDGE_CURVE('',#647,#643,#375,.T.);
#792=EDGE_CURVE('',#648,#638,#329,.T.);
#793=EDGE_CURVE('',#649,#648,#330,.T.);
#794=EDGE_CURVE('',#650,#649,#376,.T.);
#795=EDGE_CURVE('',#650,#639,#331,.T.);
#796=EDGE_CURVE('',#651,#652,#377,.T.);
#797=EDGE_CURVE('',#653,#651,#378,.T.);
#798=EDGE_CURVE('',#653,#654,#379,.T.);
#799=EDGE_CURVE('',#654,#652,#380,.T.);
#800=EDGE_CURVE('',#655,#651,#381,.T.);
#801=EDGE_CURVE('',#656,#655,#382,.T.);
#802=EDGE_CURVE('',#656,#653,#383,.T.);
#803=EDGE_CURVE('',#657,#655,#384,.T.);
#804=EDGE_CURVE('',#658,#657,#385,.T.);
#805=EDGE_CURVE('',#658,#656,#386,.T.);
#806=EDGE_CURVE('',#652,#657,#387,.T.);
#807=EDGE_CURVE('',#654,#658,#388,.T.);
#808=EDGE_CURVE('',#659,#660,#389,.T.);
#809=EDGE_CURVE('',#661,#659,#390,.T.);
#810=EDGE_CURVE('',#661,#662,#391,.T.);
#811=EDGE_CURVE('',#662,#660,#392,.T.);
#812=EDGE_CURVE('',#663,#659,#393,.T.);
#813=EDGE_CURVE('',#664,#663,#394,.T.);
#814=EDGE_CURVE('',#664,#661,#395,.T.);
#815=EDGE_CURVE('',#665,#663,#396,.T.);
#816=EDGE_CURVE('',#666,#665,#397,.T.);
#817=EDGE_CURVE('',#666,#664,#398,.T.);
#818=EDGE_CURVE('',#660,#665,#399,.T.);
#819=EDGE_CURVE('',#662,#666,#400,.T.);
#820=EDGE_CURVE('',#667,#668,#401,.T.);
#821=EDGE_CURVE('',#668,#669,#402,.T.);
#822=EDGE_CURVE('',#670,#669,#403,.T.);
#823=EDGE_CURVE('',#670,#671,#88,.T.);
#824=EDGE_CURVE('',#671,#667,#332,.T.);
#825=EDGE_CURVE('',#672,#673,#404,.T.);
#826=EDGE_CURVE('',#673,#674,#333,.T.);
#827=EDGE_CURVE('',#674,#675,#89,.T.);
#828=EDGE_CURVE('',#675,#676,#405,.T.);
#829=EDGE_CURVE('',#676,#672,#406,.T.);
#830=EDGE_CURVE('',#675,#677,#334,.T.);
#831=EDGE_CURVE('',#677,#678,#407,.T.);
#832=EDGE_CURVE('',#678,#676,#408,.T.);
#833=EDGE_CURVE('',#679,#670,#335,.T.);
#834=EDGE_CURVE('',#679,#680,#336,.T.);
#835=EDGE_CURVE('',#681,#680,#409,.T.);
#836=EDGE_CURVE('',#671,#681,#337,.T.);
#837=EDGE_CURVE('',#674,#682,#338,.T.);
#838=EDGE_CURVE('',#683,#682,#410,.T.);
#839=EDGE_CURVE('',#684,#683,#339,.T.);
#840=EDGE_CURVE('',#677,#684,#340,.T.);
#841=EDGE_CURVE('',#685,#642,#411,.T.);
#842=EDGE_CURVE('',#641,#647,#412,.T.);
#843=EDGE_CURVE('',#646,#686,#413,.T.);
#844=EDGE_CURVE('',#686,#687,#414,.T.);
#845=EDGE_CURVE('',#687,#688,#415,.T.);
#846=EDGE_CURVE('',#688,#689,#416,.T.);
#847=EDGE_CURVE('',#689,#690,#417,.T.);
#848=EDGE_CURVE('',#691,#690,#418,.T.);
#849=EDGE_CURVE('',#691,#692,#419,.T.);
#850=EDGE_CURVE('',#692,#693,#420,.T.);
#851=EDGE_CURVE('',#693,#669,#421,.T.);
#852=EDGE_CURVE('',#672,#668,#422,.T.);
#853=EDGE_CURVE('',#678,#694,#423,.T.);
#854=EDGE_CURVE('',#694,#695,#424,.T.);
#855=EDGE_CURVE('',#695,#696,#425,.T.);
#856=EDGE_CURVE('',#696,#685,#426,.T.);
#857=EDGE_CURVE('',#697,#698,#427,.T.);
#858=EDGE_CURVE('',#697,#699,#341,.T.);
#859=EDGE_CURVE('',#700,#699,#428,.T.);
#860=EDGE_CURVE('',#698,#700,#342,.T.);
#861=EDGE_CURVE('',#701,#702,#429,.T.);
#862=EDGE_CURVE('',#687,#701,#343,.T.);
#863=EDGE_CURVE('',#702,#686,#344,.T.);
#864=EDGE_CURVE('',#703,#704,#25,.F.);
#865=EDGE_CURVE('',#704,#705,#26,.F.);
#866=EDGE_CURVE('',#705,#703,#27,.F.);
#867=EDGE_CURVE('',#706,#705,#430,.T.);
#868=EDGE_CURVE('',#707,#706,#345,.T.);
#869=EDGE_CURVE('',#703,#707,#431,.T.);
#870=EDGE_CURVE('',#702,#704,#432,.T.);
#871=EDGE_CURVE('',#705,#686,#433,.T.);
#872=EDGE_CURVE('',#708,#709,#434,.T.);
#873=EDGE_CURVE('',#693,#708,#346,.T.);
#874=EDGE_CURVE('',#709,#692,#347,.T.);
#875=EDGE_CURVE('',#710,#711,#28,.F.);
#876=EDGE_CURVE('',#711,#712,#29,.F.);
#877=EDGE_CURVE('',#712,#710,#30,.F.);
#878=EDGE_CURVE('',#680,#712,#435,.T.);
#879=EDGE_CURVE('',#710,#679,#436,.T.);
#880=EDGE_CURVE('',#713,#714,#31,.F.);
#881=EDGE_CURVE('',#714,#715,#32,.F.);
#882=EDGE_CURVE('',#715,#713,#33,.F.);
#883=EDGE_CURVE('',#716,#717,#34,.F.);
#884=EDGE_CURVE('',#717,#718,#35,.F.);
#885=EDGE_CURVE('',#718,#716,#36,.F.);
#886=EDGE_CURVE('',#709,#718,#437,.T.);
#887=EDGE_CURVE('',#716,#692,#438,.T.);
#888=EDGE_CURVE('',#718,#711,#439,.T.);
#889=EDGE_CURVE('',#712,#717,#440,.T.);
#890=EDGE_CURVE('',#717,#715,#441,.T.);
#891=EDGE_CURVE('',#713,#716,#442,.T.);
#892=EDGE_CURVE('',#715,#703,#443,.T.);
#893=EDGE_CURVE('',#704,#714,#444,.T.);
#894=EDGE_CURVE('',#687,#713,#445,.T.);
#895=EDGE_CURVE('',#714,#701,#446,.T.);
#896=EDGE_CURVE('',#693,#710,#447,.T.);
#897=EDGE_CURVE('',#711,#708,#448,.T.);
#898=EDGE_CURVE('',#645,#706,#348,.T.);
#899=EDGE_CURVE('',#719,#644,#349,.T.);
#900=EDGE_CURVE('',#707,#719,#449,.T.);
#901=EDGE_CURVE('',#682,#681,#450,.T.);
#902=EDGE_CURVE('',#667,#673,#451,.T.);
#903=EDGE_CURVE('',#719,#650,#452,.T.);
#904=EDGE_CURVE('',#640,#643,#453,.T.);
#905=EDGE_CURVE('',#720,#683,#454,.T.);
#906=EDGE_CURVE('',#721,#720,#350,.T.);
#907=EDGE_CURVE('',#684,#721,#455,.T.);
#908=EDGE_CURVE('',#722,#648,#456,.T.);
#909=EDGE_CURVE('',#723,#722,#351,.T.);
#910=EDGE_CURVE('',#649,#723,#457,.T.);
#911=EDGE_CURVE('',#698,#720,#458,.T.);
#912=EDGE_CURVE('',#721,#700,#459,.T.);
#913=EDGE_CURVE('',#699,#722,#460,.T.);
#914=EDGE_CURVE('',#723,#697,#461,.T.);
#915=EDGE_CURVE('',#722,#685,#462,.T.);
#916=EDGE_CURVE('',#696,#699,#463,.T.);
#917=EDGE_CURVE('',#700,#695,#464,.T.);
#918=EDGE_CURVE('',#724,#724,#37,.T.);
#919=EDGE_CURVE('',#725,#725,#38,.T.);
#920=EDGE_CURVE('',#721,#694,#465,.T.);
#921=EDGE_CURVE('',#726,#727,#466,.T.);
#922=EDGE_CURVE('',#727,#728,#467,.T.);
#923=EDGE_CURVE('',#728,#729,#468,.T.);
#924=EDGE_CURVE('',#729,#726,#469,.T.);
#925=EDGE_CURVE('',#730,#728,#352,.T.);
#926=EDGE_CURVE('',#731,#730,#353,.T.);
#927=EDGE_CURVE('',#732,#731,#470,.T.);
#928=EDGE_CURVE('',#733,#732,#354,.T.);
#929=EDGE_CURVE('',#729,#733,#355,.T.);
#930=EDGE_CURVE('',#734,#726,#356,.T.);
#931=EDGE_CURVE('',#735,#734,#357,.T.);
#932=EDGE_CURVE('',#736,#735,#471,.T.);
#933=EDGE_CURVE('',#737,#736,#358,.T.);
#934=EDGE_CURVE('',#727,#737,#359,.T.);
#935=EDGE_CURVE('',#730,#737,#472,.T.);
#936=EDGE_CURVE('',#733,#734,#473,.T.);
#937=EDGE_CURVE('',#738,#732,#474,.T.);
#938=EDGE_CURVE('',#738,#739,#475,.T.);
#939=EDGE_CURVE('',#735,#739,#476,.T.);
#940=EDGE_CURVE('',#739,#740,#39,.T.);
#941=EDGE_CURVE('',#740,#736,#477,.T.);
#942=EDGE_CURVE('',#741,#741,#40,.T.);
#943=EDGE_CURVE('',#742,#743,#41,.F.);
#944=EDGE_CURVE('',#743,#744,#42,.F.);
#945=EDGE_CURVE('',#744,#742,#43,.F.);
#946=EDGE_CURVE('',#745,#746,#44,.F.);
#947=EDGE_CURVE('',#742,#745,#478,.T.);
#948=EDGE_CURVE('',#746,#744,#479,.T.);
#949=EDGE_CURVE('',#747,#748,#45,.F.);
#950=EDGE_CURVE('',#748,#749,#46,.F.);
#951=EDGE_CURVE('',#749,#747,#47,.F.);
#952=EDGE_CURVE('',#750,#751,#48,.F.);
#953=EDGE_CURVE('',#747,#750,#480,.T.);
#954=EDGE_CURVE('',#751,#749,#481,.T.);
#955=EDGE_CURVE('',#749,#742,#482,.T.);
#956=EDGE_CURVE('',#743,#748,#483,.T.);
#957=EDGE_CURVE('',#690,#747,#484,.T.);
#958=EDGE_CURVE('',#752,#690,#360,.T.);
#959=EDGE_CURVE('',#748,#752,#485,.T.);
#960=EDGE_CURVE('',#753,#689,#361,.T.);
#961=EDGE_CURVE('',#752,#753,#486,.T.);
#962=EDGE_CURVE('',#753,#743,#487,.T.);
#963=EDGE_CURVE('',#744,#689,#488,.T.);
#964=EDGE_CURVE('',#745,#751,#489,.T.);
#965=EDGE_CURVE('',#688,#746,#490,.T.);
#966=EDGE_CURVE('',#750,#691,#491,.T.);
#967=EDGE_CURVE('',#754,#754,#49,.T.);
#968=EDGE_CURVE('',#754,#755,#50,.T.);
#969=EDGE_CURVE('',#756,#755,#51,.T.);
#970=EDGE_CURVE('',#755,#756,#52,.T.);
#971=EDGE_CURVE('',#757,#758,#53,.T.);
#972=EDGE_CURVE('',#758,#757,#54,.T.);
#973=EDGE_CURVE('',#757,#756,#492,.T.);
#974=EDGE_CURVE('',#759,#731,#493,.T.);
#975=EDGE_CURVE('',#738,#759,#55,.T.);
#976=EDGE_CURVE('',#758,#741,#56,.T.);
#977=EDGE_CURVE('',#759,#740,#494,.T.);
#978=EDGE_CURVE('',#760,#760,#57,.T.);
#979=EDGE_CURVE('',#761,#761,#58,.T.);
#980=EDGE_CURVE('',#762,#763,#362,.T.);
#981=EDGE_CURVE('',#763,#762,#59,.T.);
#982=EDGE_CURVE('',#764,#765,#495,.T.);
#983=EDGE_CURVE('',#765,#764,#60,.T.);
#984=EDGE_CURVE('',#765,#766,#363,.T.);
#985=EDGE_CURVE('',#767,#764,#364,.T.);
#986=EDGE_CURVE('',#763,#767,#17,.T.);
#987=EDGE_CURVE('',#768,#762,#18,.T.);
#988=EDGE_CURVE('',#768,#725,#496,.T.);
#989=EDGE_CURVE('',#766,#768,#19,.T.);
#990=EDGE_CURVE('',#769,#770,#365,.T.);
#991=EDGE_CURVE('',#769,#770,#61,.T.);
#992=EDGE_CURVE('',#771,#772,#497,.T.);
#993=EDGE_CURVE('',#771,#772,#62,.T.);
#994=EDGE_CURVE('',#772,#773,#366,.T.);
#995=EDGE_CURVE('',#774,#771,#367,.T.);
#996=EDGE_CURVE('',#775,#774,#20,.T.);
#997=EDGE_CURVE('',#775,#724,#498,.T.);
#998=EDGE_CURVE('',#770,#775,#21,.T.);
#999=EDGE_CURVE('',#773,#769,#22,.T.);
#1000=EDGE_CURVE('',#776,#774,#63,.T.);
#1001=EDGE_CURVE('',#776,#777,#499,.T.);
#1002=EDGE_CURVE('',#777,#777,#64,.T.);
#1003=EDGE_CURVE('',#773,#776,#65,.T.);
#1004=EDGE_CURVE('',#778,#778,#66,.T.);
#1005=EDGE_CURVE('',#778,#761,#500,.T.);
#1006=EDGE_CURVE('',#767,#779,#67,.T.);
#1007=EDGE_CURVE('',#779,#780,#501,.T.);
#1008=EDGE_CURVE('',#780,#780,#68,.T.);
#1009=EDGE_CURVE('',#779,#766,#69,.T.);
#1010=EDGE_CURVE('',#781,#781,#70,.T.);
#1011=EDGE_CURVE('',#781,#760,#502,.T.);
#1012=ORIENTED_EDGE('',*,*,#782,.T.);
#1013=ORIENTED_EDGE('',*,*,#783,.T.);
#1014=ORIENTED_EDGE('',*,*,#784,.T.);
#1015=ORIENTED_EDGE('',*,*,#785,.T.);
#1016=ORIENTED_EDGE('',*,*,#786,.T.);
#1017=ORIENTED_EDGE('',*,*,#787,.T.);
#1018=ORIENTED_EDGE('',*,*,#788,.T.);
#1019=ORIENTED_EDGE('',*,*,#789,.F.);
#1020=ORIENTED_EDGE('',*,*,#790,.T.);
#1021=ORIENTED_EDGE('',*,*,#791,.T.);
#1022=ORIENTED_EDGE('',*,*,#792,.F.);
#1023=ORIENTED_EDGE('',*,*,#793,.F.);
#1024=ORIENTED_EDGE('',*,*,#794,.F.);
#1025=ORIENTED_EDGE('',*,*,#795,.T.);
#1026=ORIENTED_EDGE('',*,*,#782,.F.);
#1027=ORIENTED_EDGE('',*,*,#796,.F.);
#1028=ORIENTED_EDGE('',*,*,#797,.F.);
#1029=ORIENTED_EDGE('',*,*,#798,.T.);
#1030=ORIENTED_EDGE('',*,*,#799,.T.);
#1031=ORIENTED_EDGE('',*,*,#800,.F.);
#1032=ORIENTED_EDGE('',*,*,#801,.F.);
#1033=ORIENTED_EDGE('',*,*,#802,.T.);
#1034=ORIENTED_EDGE('',*,*,#797,.T.);
#1035=ORIENTED_EDGE('',*,*,#803,.F.);
#1036=ORIENTED_EDGE('',*,*,#804,.F.);
#1037=ORIENTED_EDGE('',*,*,#805,.T.);
#1038=ORIENTED_EDGE('',*,*,#801,.T.);
#1039=ORIENTED_EDGE('',*,*,#806,.F.);
#1040=ORIENTED_EDGE('',*,*,#799,.F.);
#1041=ORIENTED_EDGE('',*,*,#807,.T.);
#1042=ORIENTED_EDGE('',*,*,#804,.T.);
#1043=ORIENTED_EDGE('',*,*,#808,.F.);
#1044=ORIENTED_EDGE('',*,*,#809,.F.);
#1045=ORIENTED_EDGE('',*,*,#810,.T.);
#1046=ORIENTED_EDGE('',*,*,#811,.T.);
#1047=ORIENTED_EDGE('',*,*,#812,.F.);
#1048=ORIENTED_EDGE('',*,*,#813,.F.);
#1049=ORIENTED_EDGE('',*,*,#814,.T.);
#1050=ORIENTED_EDGE('',*,*,#809,.T.);
#1051=ORIENTED_EDGE('',*,*,#815,.F.);
#1052=ORIENTED_EDGE('',*,*,#816,.F.);
#1053=ORIENTED_EDGE('',*,*,#817,.T.);
#1054=ORIENTED_EDGE('',*,*,#813,.T.);
#1055=ORIENTED_EDGE('',*,*,#818,.F.);
#1056=ORIENTED_EDGE('',*,*,#811,.F.);
#1057=ORIENTED_EDGE('',*,*,#819,.T.);
#1058=ORIENTED_EDGE('',*,*,#816,.T.);
#1059=ORIENTED_EDGE('',*,*,#820,.T.);
#1060=ORIENTED_EDGE('',*,*,#821,.T.);
#1061=ORIENTED_EDGE('',*,*,#822,.F.);
#1062=ORIENTED_EDGE('',*,*,#823,.T.);
#1063=ORIENTED_EDGE('',*,*,#824,.T.);
#1064=ORIENTED_EDGE('',*,*,#825,.T.);
#1065=ORIENTED_EDGE('',*,*,#826,.T.);
#1066=ORIENTED_EDGE('',*,*,#827,.T.);
#1067=ORIENTED_EDGE('',*,*,#828,.T.);
#1068=ORIENTED_EDGE('',*,*,#829,.T.);
#1069=ORIENTED_EDGE('',*,*,#830,.T.);
#1070=ORIENTED_EDGE('',*,*,#831,.T.);
#1071=ORIENTED_EDGE('',*,*,#832,.T.);
#1072=ORIENTED_EDGE('',*,*,#828,.F.);
#1073=ORIENTED_EDGE('',*,*,#833,.F.);
#1074=ORIENTED_EDGE('',*,*,#834,.T.);
#1075=ORIENTED_EDGE('',*,*,#835,.F.);
#1076=ORIENTED_EDGE('',*,*,#836,.F.);
#1077=ORIENTED_EDGE('',*,*,#823,.F.);
#1078=ORIENTED_EDGE('',*,*,#827,.F.);
#1079=ORIENTED_EDGE('',*,*,#837,.T.);
#1080=ORIENTED_EDGE('',*,*,#838,.F.);
#1081=ORIENTED_EDGE('',*,*,#839,.F.);
#1082=ORIENTED_EDGE('',*,*,#840,.F.);
#1083=ORIENTED_EDGE('',*,*,#830,.F.);
#1084=ORIENTED_EDGE('',*,*,#841,.T.);
#1085=ORIENTED_EDGE('',*,*,#785,.F.);
#1086=ORIENTED_EDGE('',*,*,#842,.T.);
#1087=ORIENTED_EDGE('',*,*,#790,.F.);
#1088=ORIENTED_EDGE('',*,*,#843,.T.);
#1089=ORIENTED_EDGE('',*,*,#844,.T.);
#1090=ORIENTED_EDGE('',*,*,#845,.T.);
#1091=ORIENTED_EDGE('',*,*,#846,.T.);
#1092=ORIENTED_EDGE('',*,*,#847,.T.);
#1093=ORIENTED_EDGE('',*,*,#848,.F.);
#1094=ORIENTED_EDGE('',*,*,#849,.T.);
#1095=ORIENTED_EDGE('',*,*,#850,.T.);
#1096=ORIENTED_EDGE('',*,*,#851,.T.);
#1097=ORIENTED_EDGE('',*,*,#821,.F.);
#1098=ORIENTED_EDGE('',*,*,#852,.F.);
#1099=ORIENTED_EDGE('',*,*,#829,.F.);
#1100=ORIENTED_EDGE('',*,*,#832,.F.);
#1101=ORIENTED_EDGE('',*,*,#853,.T.);
#1102=ORIENTED_EDGE('',*,*,#854,.T.);
#1103=ORIENTED_EDGE('',*,*,#855,.T.);
#1104=ORIENTED_EDGE('',*,*,#856,.T.);
#1105=ORIENTED_EDGE('',*,*,#800,.T.);
#1106=ORIENTED_EDGE('',*,*,#796,.T.);
#1107=ORIENTED_EDGE('',*,*,#806,.T.);
#1108=ORIENTED_EDGE('',*,*,#803,.T.);
#1109=ORIENTED_EDGE('',*,*,#812,.T.);
#1110=ORIENTED_EDGE('',*,*,#808,.T.);
#1111=ORIENTED_EDGE('',*,*,#818,.T.);
#1112=ORIENTED_EDGE('',*,*,#815,.T.);
#1113=ORIENTED_EDGE('',*,*,#857,.F.);
#1114=ORIENTED_EDGE('',*,*,#858,.T.);
#1115=ORIENTED_EDGE('',*,*,#859,.F.);
#1116=ORIENTED_EDGE('',*,*,#860,.F.);
#1117=ORIENTED_EDGE('',*,*,#861,.F.);
#1118=ORIENTED_EDGE('',*,*,#862,.F.);
#1119=ORIENTED_EDGE('',*,*,#844,.F.);
#1120=ORIENTED_EDGE('',*,*,#863,.F.);
#1121=ORIENTED_EDGE('',*,*,#864,.T.);
#1122=ORIENTED_EDGE('',*,*,#865,.T.);
#1123=ORIENTED_EDGE('',*,*,#866,.T.);
#1124=ORIENTED_EDGE('',*,*,#867,.F.);
#1125=ORIENTED_EDGE('',*,*,#868,.F.);
#1126=ORIENTED_EDGE('',*,*,#869,.F.);
#1127=ORIENTED_EDGE('',*,*,#866,.F.);
#1128=ORIENTED_EDGE('',*,*,#870,.F.);
#1129=ORIENTED_EDGE('',*,*,#863,.T.);
#1130=ORIENTED_EDGE('',*,*,#871,.F.);
#1131=ORIENTED_EDGE('',*,*,#865,.F.);
#1132=ORIENTED_EDGE('',*,*,#872,.F.);
#1133=ORIENTED_EDGE('',*,*,#873,.F.);
#1134=ORIENTED_EDGE('',*,*,#850,.F.);
#1135=ORIENTED_EDGE('',*,*,#874,.F.);
#1136=ORIENTED_EDGE('',*,*,#875,.T.);
#1137=ORIENTED_EDGE('',*,*,#876,.T.);
#1138=ORIENTED_EDGE('',*,*,#877,.T.);
#1139=ORIENTED_EDGE('',*,*,#878,.F.);
#1140=ORIENTED_EDGE('',*,*,#834,.F.);
#1141=ORIENTED_EDGE('',*,*,#879,.F.);
#1142=ORIENTED_EDGE('',*,*,#877,.F.);
#1143=ORIENTED_EDGE('',*,*,#880,.T.);
#1144=ORIENTED_EDGE('',*,*,#881,.T.);
#1145=ORIENTED_EDGE('',*,*,#882,.T.);
#1146=ORIENTED_EDGE('',*,*,#883,.T.);
#1147=ORIENTED_EDGE('',*,*,#884,.T.);
#1148=ORIENTED_EDGE('',*,*,#885,.T.);
#1149=ORIENTED_EDGE('',*,*,#886,.F.);
#1150=ORIENTED_EDGE('',*,*,#874,.T.);
#1151=ORIENTED_EDGE('',*,*,#887,.F.);
#1152=ORIENTED_EDGE('',*,*,#885,.F.);
#1153=ORIENTED_EDGE('',*,*,#876,.F.);
#1154=ORIENTED_EDGE('',*,*,#888,.F.);
#1155=ORIENTED_EDGE('',*,*,#884,.F.);
#1156=ORIENTED_EDGE('',*,*,#889,.F.);
#1157=ORIENTED_EDGE('',*,*,#882,.F.);
#1158=ORIENTED_EDGE('',*,*,#890,.F.);
#1159=ORIENTED_EDGE('',*,*,#883,.F.);
#1160=ORIENTED_EDGE('',*,*,#891,.F.);
#1161=ORIENTED_EDGE('',*,*,#864,.F.);
#1162=ORIENTED_EDGE('',*,*,#892,.F.);
#1163=ORIENTED_EDGE('',*,*,#881,.F.);
#1164=ORIENTED_EDGE('',*,*,#893,.F.);
#1165=ORIENTED_EDGE('',*,*,#894,.F.);
#1166=ORIENTED_EDGE('',*,*,#862,.T.);
#1167=ORIENTED_EDGE('',*,*,#895,.F.);
#1168=ORIENTED_EDGE('',*,*,#880,.F.);
#1169=ORIENTED_EDGE('',*,*,#896,.F.);
#1170=ORIENTED_EDGE('',*,*,#873,.T.);
#1171=ORIENTED_EDGE('',*,*,#897,.F.);
#1172=ORIENTED_EDGE('',*,*,#875,.F.);
#1173=ORIENTED_EDGE('',*,*,#898,.F.);
#1174=ORIENTED_EDGE('',*,*,#788,.F.);
#1175=ORIENTED_EDGE('',*,*,#899,.F.);
#1176=ORIENTED_EDGE('',*,*,#900,.F.);
#1177=ORIENTED_EDGE('',*,*,#868,.T.);
#1178=ORIENTED_EDGE('',*,*,#824,.F.);
#1179=ORIENTED_EDGE('',*,*,#836,.T.);
#1180=ORIENTED_EDGE('',*,*,#901,.F.);
#1181=ORIENTED_EDGE('',*,*,#837,.F.);
#1182=ORIENTED_EDGE('',*,*,#826,.F.);
#1183=ORIENTED_EDGE('',*,*,#902,.F.);
#1184=ORIENTED_EDGE('',*,*,#783,.F.);
#1185=ORIENTED_EDGE('',*,*,#795,.F.);
#1186=ORIENTED_EDGE('',*,*,#903,.F.);
#1187=ORIENTED_EDGE('',*,*,#899,.T.);
#1188=ORIENTED_EDGE('',*,*,#787,.F.);
#1189=ORIENTED_EDGE('',*,*,#904,.F.);
#1190=ORIENTED_EDGE('',*,*,#905,.F.);
#1191=ORIENTED_EDGE('',*,*,#906,.F.);
#1192=ORIENTED_EDGE('',*,*,#907,.F.);
#1193=ORIENTED_EDGE('',*,*,#839,.T.);
#1194=ORIENTED_EDGE('',*,*,#908,.F.);
#1195=ORIENTED_EDGE('',*,*,#909,.F.);
#1196=ORIENTED_EDGE('',*,*,#910,.F.);
#1197=ORIENTED_EDGE('',*,*,#793,.T.);
#1198=ORIENTED_EDGE('',*,*,#911,.F.);
#1199=ORIENTED_EDGE('',*,*,#860,.T.);
#1200=ORIENTED_EDGE('',*,*,#912,.F.);
#1201=ORIENTED_EDGE('',*,*,#906,.T.);
#1202=ORIENTED_EDGE('',*,*,#913,.F.);
#1203=ORIENTED_EDGE('',*,*,#858,.F.);
#1204=ORIENTED_EDGE('',*,*,#914,.F.);
#1205=ORIENTED_EDGE('',*,*,#909,.T.);
#1206=ORIENTED_EDGE('',*,*,#908,.T.);
#1207=ORIENTED_EDGE('',*,*,#792,.T.);
#1208=ORIENTED_EDGE('',*,*,#786,.F.);
#1209=ORIENTED_EDGE('',*,*,#841,.F.);
#1210=ORIENTED_EDGE('',*,*,#915,.F.);
#1211=ORIENTED_EDGE('',*,*,#913,.T.);
#1212=ORIENTED_EDGE('',*,*,#915,.T.);
#1213=ORIENTED_EDGE('',*,*,#856,.F.);
#1214=ORIENTED_EDGE('',*,*,#916,.T.);
#1215=ORIENTED_EDGE('',*,*,#859,.T.);
#1216=ORIENTED_EDGE('',*,*,#916,.F.);
#1217=ORIENTED_EDGE('',*,*,#855,.F.);
#1218=ORIENTED_EDGE('',*,*,#917,.F.);
#1219=ORIENTED_EDGE('',*,*,#918,.T.);
#1220=ORIENTED_EDGE('',*,*,#919,.T.);
#1221=ORIENTED_EDGE('',*,*,#912,.T.);
#1222=ORIENTED_EDGE('',*,*,#917,.T.);
#1223=ORIENTED_EDGE('',*,*,#854,.F.);
#1224=ORIENTED_EDGE('',*,*,#920,.F.);
#1225=ORIENTED_EDGE('',*,*,#907,.T.);
#1226=ORIENTED_EDGE('',*,*,#920,.T.);
#1227=ORIENTED_EDGE('',*,*,#853,.F.);
#1228=ORIENTED_EDGE('',*,*,#831,.F.);
#1229=ORIENTED_EDGE('',*,*,#840,.T.);
#1230=ORIENTED_EDGE('',*,*,#820,.F.);
#1231=ORIENTED_EDGE('',*,*,#902,.T.);
#1232=ORIENTED_EDGE('',*,*,#825,.F.);
#1233=ORIENTED_EDGE('',*,*,#852,.T.);
#1234=ORIENTED_EDGE('',*,*,#861,.T.);
#1235=ORIENTED_EDGE('',*,*,#870,.T.);
#1236=ORIENTED_EDGE('',*,*,#893,.T.);
#1237=ORIENTED_EDGE('',*,*,#895,.T.);
#1238=ORIENTED_EDGE('',*,*,#872,.T.);
#1239=ORIENTED_EDGE('',*,*,#886,.T.);
#1240=ORIENTED_EDGE('',*,*,#888,.T.);
#1241=ORIENTED_EDGE('',*,*,#897,.T.);
#1242=ORIENTED_EDGE('',*,*,#878,.T.);
#1243=ORIENTED_EDGE('',*,*,#889,.T.);
#1244=ORIENTED_EDGE('',*,*,#890,.T.);
#1245=ORIENTED_EDGE('',*,*,#892,.T.);
#1246=ORIENTED_EDGE('',*,*,#869,.T.);
#1247=ORIENTED_EDGE('',*,*,#900,.T.);
#1248=ORIENTED_EDGE('',*,*,#903,.T.);
#1249=ORIENTED_EDGE('',*,*,#794,.T.);
#1250=ORIENTED_EDGE('',*,*,#910,.T.);
#1251=ORIENTED_EDGE('',*,*,#914,.T.);
#1252=ORIENTED_EDGE('',*,*,#857,.T.);
#1253=ORIENTED_EDGE('',*,*,#911,.T.);
#1254=ORIENTED_EDGE('',*,*,#905,.T.);
#1255=ORIENTED_EDGE('',*,*,#838,.T.);
#1256=ORIENTED_EDGE('',*,*,#901,.T.);
#1257=ORIENTED_EDGE('',*,*,#835,.T.);
#1258=ORIENTED_EDGE('',*,*,#921,.T.);
#1259=ORIENTED_EDGE('',*,*,#922,.T.);
#1260=ORIENTED_EDGE('',*,*,#923,.T.);
#1261=ORIENTED_EDGE('',*,*,#924,.T.);
#1262=ORIENTED_EDGE('',*,*,#923,.F.);
#1263=ORIENTED_EDGE('',*,*,#925,.F.);
#1264=ORIENTED_EDGE('',*,*,#926,.F.);
#1265=ORIENTED_EDGE('',*,*,#927,.F.);
#1266=ORIENTED_EDGE('',*,*,#928,.F.);
#1267=ORIENTED_EDGE('',*,*,#929,.F.);
#1268=ORIENTED_EDGE('',*,*,#921,.F.);
#1269=ORIENTED_EDGE('',*,*,#930,.F.);
#1270=ORIENTED_EDGE('',*,*,#931,.F.);
#1271=ORIENTED_EDGE('',*,*,#932,.F.);
#1272=ORIENTED_EDGE('',*,*,#933,.F.);
#1273=ORIENTED_EDGE('',*,*,#934,.F.);
#1274=ORIENTED_EDGE('',*,*,#935,.F.);
#1275=ORIENTED_EDGE('',*,*,#925,.T.);
#1276=ORIENTED_EDGE('',*,*,#922,.F.);
#1277=ORIENTED_EDGE('',*,*,#934,.T.);
#1278=ORIENTED_EDGE('',*,*,#924,.F.);
#1279=ORIENTED_EDGE('',*,*,#929,.T.);
#1280=ORIENTED_EDGE('',*,*,#936,.T.);
#1281=ORIENTED_EDGE('',*,*,#930,.T.);
#1282=ORIENTED_EDGE('',*,*,#936,.F.);
#1283=ORIENTED_EDGE('',*,*,#928,.T.);
#1284=ORIENTED_EDGE('',*,*,#937,.F.);
#1285=ORIENTED_EDGE('',*,*,#938,.T.);
#1286=ORIENTED_EDGE('',*,*,#939,.F.);
#1287=ORIENTED_EDGE('',*,*,#931,.T.);
#1288=ORIENTED_EDGE('',*,*,#932,.T.);
#1289=ORIENTED_EDGE('',*,*,#939,.T.);
#1290=ORIENTED_EDGE('',*,*,#940,.T.);
#1291=ORIENTED_EDGE('',*,*,#941,.T.);
#1292=ORIENTED_EDGE('',*,*,#942,.T.);
#1293=ORIENTED_EDGE('',*,*,#943,.T.);
#1294=ORIENTED_EDGE('',*,*,#944,.T.);
#1295=ORIENTED_EDGE('',*,*,#945,.T.);
#1296=ORIENTED_EDGE('',*,*,#946,.F.);
#1297=ORIENTED_EDGE('',*,*,#947,.F.);
#1298=ORIENTED_EDGE('',*,*,#945,.F.);
#1299=ORIENTED_EDGE('',*,*,#948,.F.);
#1300=ORIENTED_EDGE('',*,*,#949,.T.);
#1301=ORIENTED_EDGE('',*,*,#950,.T.);
#1302=ORIENTED_EDGE('',*,*,#951,.T.);
#1303=ORIENTED_EDGE('',*,*,#952,.F.);
#1304=ORIENTED_EDGE('',*,*,#953,.F.);
#1305=ORIENTED_EDGE('',*,*,#951,.F.);
#1306=ORIENTED_EDGE('',*,*,#954,.F.);
#1307=ORIENTED_EDGE('',*,*,#943,.F.);
#1308=ORIENTED_EDGE('',*,*,#955,.F.);
#1309=ORIENTED_EDGE('',*,*,#950,.F.);
#1310=ORIENTED_EDGE('',*,*,#956,.F.);
#1311=ORIENTED_EDGE('',*,*,#957,.F.);
#1312=ORIENTED_EDGE('',*,*,#958,.F.);
#1313=ORIENTED_EDGE('',*,*,#959,.F.);
#1314=ORIENTED_EDGE('',*,*,#949,.F.);
#1315=ORIENTED_EDGE('',*,*,#847,.F.);
#1316=ORIENTED_EDGE('',*,*,#960,.F.);
#1317=ORIENTED_EDGE('',*,*,#961,.F.);
#1318=ORIENTED_EDGE('',*,*,#958,.T.);
#1319=ORIENTED_EDGE('',*,*,#962,.F.);
#1320=ORIENTED_EDGE('',*,*,#960,.T.);
#1321=ORIENTED_EDGE('',*,*,#963,.F.);
#1322=ORIENTED_EDGE('',*,*,#944,.F.);
#1323=ORIENTED_EDGE('',*,*,#947,.T.);
#1324=ORIENTED_EDGE('',*,*,#964,.T.);
#1325=ORIENTED_EDGE('',*,*,#954,.T.);
#1326=ORIENTED_EDGE('',*,*,#955,.T.);
#1327=ORIENTED_EDGE('',*,*,#956,.T.);
#1328=ORIENTED_EDGE('',*,*,#959,.T.);
#1329=ORIENTED_EDGE('',*,*,#961,.T.);
#1330=ORIENTED_EDGE('',*,*,#962,.T.);
#1331=ORIENTED_EDGE('',*,*,#948,.T.);
#1332=ORIENTED_EDGE('',*,*,#963,.T.);
#1333=ORIENTED_EDGE('',*,*,#846,.F.);
#1334=ORIENTED_EDGE('',*,*,#965,.T.);
#1335=ORIENTED_EDGE('',*,*,#957,.T.);
#1336=ORIENTED_EDGE('',*,*,#953,.T.);
#1337=ORIENTED_EDGE('',*,*,#966,.T.);
#1338=ORIENTED_EDGE('',*,*,#848,.T.);
#1339=ORIENTED_EDGE('',*,*,#894,.T.);
#1340=ORIENTED_EDGE('',*,*,#891,.T.);
#1341=ORIENTED_EDGE('',*,*,#887,.T.);
#1342=ORIENTED_EDGE('',*,*,#849,.F.);
#1343=ORIENTED_EDGE('',*,*,#966,.F.);
#1344=ORIENTED_EDGE('',*,*,#952,.T.);
#1345=ORIENTED_EDGE('',*,*,#964,.F.);
#1346=ORIENTED_EDGE('',*,*,#946,.T.);
#1347=ORIENTED_EDGE('',*,*,#965,.F.);
#1348=ORIENTED_EDGE('',*,*,#845,.F.);
#1349=ORIENTED_EDGE('',*,*,#967,.F.);
#1350=ORIENTED_EDGE('',*,*,#968,.T.);
#1351=ORIENTED_EDGE('',*,*,#969,.F.);
#1352=ORIENTED_EDGE('',*,*,#970,.F.);
#1353=ORIENTED_EDGE('',*,*,#968,.F.);
#1354=ORIENTED_EDGE('',*,*,#971,.T.);
#1355=ORIENTED_EDGE('',*,*,#972,.T.);
#1356=ORIENTED_EDGE('',*,*,#973,.T.);
#1357=ORIENTED_EDGE('',*,*,#969,.T.);
#1358=ORIENTED_EDGE('',*,*,#970,.T.);
#1359=ORIENTED_EDGE('',*,*,#973,.F.);
#1360=ORIENTED_EDGE('',*,*,#927,.T.);
#1361=ORIENTED_EDGE('',*,*,#974,.F.);
#1362=ORIENTED_EDGE('',*,*,#975,.F.);
#1363=ORIENTED_EDGE('',*,*,#937,.T.);
#1364=ORIENTED_EDGE('',*,*,#967,.T.);
#1365=ORIENTED_EDGE('',*,*,#971,.F.);
#1366=ORIENTED_EDGE('',*,*,#972,.F.);
#1367=ORIENTED_EDGE('',*,*,#976,.T.);
#1368=ORIENTED_EDGE('',*,*,#942,.F.);
#1369=ORIENTED_EDGE('',*,*,#976,.F.);
#1370=ORIENTED_EDGE('',*,*,#935,.T.);
#1371=ORIENTED_EDGE('',*,*,#933,.T.);
#1372=ORIENTED_EDGE('',*,*,#941,.F.);
#1373=ORIENTED_EDGE('',*,*,#977,.F.);
#1374=ORIENTED_EDGE('',*,*,#974,.T.);
#1375=ORIENTED_EDGE('',*,*,#926,.T.);
#1376=ORIENTED_EDGE('',*,*,#975,.T.);
#1377=ORIENTED_EDGE('',*,*,#977,.T.);
#1378=ORIENTED_EDGE('',*,*,#940,.F.);
#1379=ORIENTED_EDGE('',*,*,#938,.F.);
#1380=ORIENTED_EDGE('',*,*,#798,.F.);
#1381=ORIENTED_EDGE('',*,*,#802,.F.);
#1382=ORIENTED_EDGE('',*,*,#805,.F.);
#1383=ORIENTED_EDGE('',*,*,#807,.F.);
#1384=ORIENTED_EDGE('',*,*,#810,.F.);
#1385=ORIENTED_EDGE('',*,*,#814,.F.);
#1386=ORIENTED_EDGE('',*,*,#817,.F.);
#1387=ORIENTED_EDGE('',*,*,#819,.F.);
#1388=ORIENTED_EDGE('',*,*,#867,.T.);
#1389=ORIENTED_EDGE('',*,*,#871,.T.);
#1390=ORIENTED_EDGE('',*,*,#843,.F.);
#1391=ORIENTED_EDGE('',*,*,#789,.T.);
#1392=ORIENTED_EDGE('',*,*,#898,.T.);
#1393=ORIENTED_EDGE('',*,*,#896,.T.);
#1394=ORIENTED_EDGE('',*,*,#879,.T.);
#1395=ORIENTED_EDGE('',*,*,#833,.T.);
#1396=ORIENTED_EDGE('',*,*,#822,.T.);
#1397=ORIENTED_EDGE('',*,*,#851,.F.);
#1398=ORIENTED_EDGE('',*,*,#784,.F.);
#1399=ORIENTED_EDGE('',*,*,#904,.T.);
#1400=ORIENTED_EDGE('',*,*,#791,.F.);
#1401=ORIENTED_EDGE('',*,*,#842,.F.);
#1402=ORIENTED_EDGE('',*,*,#978,.T.);
#1403=ORIENTED_EDGE('',*,*,#979,.T.);
#1404=ORIENTED_EDGE('',*,*,#980,.F.);
#1405=ORIENTED_EDGE('',*,*,#981,.F.);
#1406=ORIENTED_EDGE('',*,*,#982,.F.);
#1407=ORIENTED_EDGE('',*,*,#983,.F.);
#1408=ORIENTED_EDGE('',*,*,#984,.F.);
#1409=ORIENTED_EDGE('',*,*,#983,.T.);
#1410=ORIENTED_EDGE('',*,*,#985,.F.);
#1411=ORIENTED_EDGE('',*,*,#986,.F.);
#1412=ORIENTED_EDGE('',*,*,#981,.T.);
#1413=ORIENTED_EDGE('',*,*,#987,.F.);
#1414=ORIENTED_EDGE('',*,*,#988,.T.);
#1415=ORIENTED_EDGE('',*,*,#919,.F.);
#1416=ORIENTED_EDGE('',*,*,#988,.F.);
#1417=ORIENTED_EDGE('',*,*,#989,.F.);
#1418=ORIENTED_EDGE('',*,*,#990,.F.);
#1419=ORIENTED_EDGE('',*,*,#991,.T.);
#1420=ORIENTED_EDGE('',*,*,#992,.F.);
#1421=ORIENTED_EDGE('',*,*,#993,.T.);
#1422=ORIENTED_EDGE('',*,*,#994,.F.);
#1423=ORIENTED_EDGE('',*,*,#993,.F.);
#1424=ORIENTED_EDGE('',*,*,#995,.F.);
#1425=ORIENTED_EDGE('',*,*,#996,.F.);
#1426=ORIENTED_EDGE('',*,*,#997,.T.);
#1427=ORIENTED_EDGE('',*,*,#918,.F.);
#1428=ORIENTED_EDGE('',*,*,#997,.F.);
#1429=ORIENTED_EDGE('',*,*,#998,.F.);
#1430=ORIENTED_EDGE('',*,*,#991,.F.);
#1431=ORIENTED_EDGE('',*,*,#999,.F.);
#1432=ORIENTED_EDGE('',*,*,#999,.T.);
#1433=ORIENTED_EDGE('',*,*,#990,.T.);
#1434=ORIENTED_EDGE('',*,*,#998,.T.);
#1435=ORIENTED_EDGE('',*,*,#996,.T.);
#1436=ORIENTED_EDGE('',*,*,#1000,.F.);
#1437=ORIENTED_EDGE('',*,*,#1001,.T.);
#1438=ORIENTED_EDGE('',*,*,#1002,.T.);
#1439=ORIENTED_EDGE('',*,*,#1001,.F.);
#1440=ORIENTED_EDGE('',*,*,#1003,.F.);
#1441=ORIENTED_EDGE('',*,*,#1002,.F.);
#1442=ORIENTED_EDGE('',*,*,#1004,.F.);
#1443=ORIENTED_EDGE('',*,*,#994,.T.);
#1444=ORIENTED_EDGE('',*,*,#1003,.T.);
#1445=ORIENTED_EDGE('',*,*,#1000,.T.);
#1446=ORIENTED_EDGE('',*,*,#995,.T.);
#1447=ORIENTED_EDGE('',*,*,#992,.T.);
#1448=ORIENTED_EDGE('',*,*,#1004,.T.);
#1449=ORIENTED_EDGE('',*,*,#1005,.T.);
#1450=ORIENTED_EDGE('',*,*,#979,.F.);
#1451=ORIENTED_EDGE('',*,*,#1005,.F.);
#1452=ORIENTED_EDGE('',*,*,#989,.T.);
#1453=ORIENTED_EDGE('',*,*,#987,.T.);
#1454=ORIENTED_EDGE('',*,*,#980,.T.);
#1455=ORIENTED_EDGE('',*,*,#986,.T.);
#1456=ORIENTED_EDGE('',*,*,#1006,.T.);
#1457=ORIENTED_EDGE('',*,*,#1007,.T.);
#1458=ORIENTED_EDGE('',*,*,#1008,.F.);
#1459=ORIENTED_EDGE('',*,*,#1007,.F.);
#1460=ORIENTED_EDGE('',*,*,#1009,.T.);
#1461=ORIENTED_EDGE('',*,*,#1008,.T.);
#1462=ORIENTED_EDGE('',*,*,#1010,.T.);
#1463=ORIENTED_EDGE('',*,*,#984,.T.);
#1464=ORIENTED_EDGE('',*,*,#1009,.F.);
#1465=ORIENTED_EDGE('',*,*,#1006,.F.);
#1466=ORIENTED_EDGE('',*,*,#985,.T.);
#1467=ORIENTED_EDGE('',*,*,#982,.T.);
#1468=ORIENTED_EDGE('',*,*,#1010,.F.);
#1469=ORIENTED_EDGE('',*,*,#1011,.T.);
#1470=ORIENTED_EDGE('',*,*,#978,.F.);
#1471=ORIENTED_EDGE('',*,*,#1011,.F.);
#1472=PLANE('',#1626);
#1473=PLANE('',#1628);
#1474=PLANE('',#1634);
#1475=PLANE('',#1635);
#1476=PLANE('',#1636);
#1477=PLANE('',#1637);
#1478=PLANE('',#1638);
#1479=PLANE('',#1639);
#1480=PLANE('',#1640);
#1481=PLANE('',#1641);
#1482=PLANE('',#1642);
#1483=PLANE('',#1644);
#1484=PLANE('',#1646);
#1485=PLANE('',#1656);
#1486=PLANE('',#1703);
#1487=PLANE('',#1704);
#1488=PLANE('',#1705);
#1489=PLANE('',#1708);
#1490=PLANE('',#1709);
#1491=PLANE('',#1710);
#1492=PLANE('',#1711);
#1493=PLANE('',#1712);
#1494=PLANE('',#1713);
#1495=PLANE('',#1726);
#1496=PLANE('',#1727);
#1497=PLANE('',#1748);
#1498=PLANE('',#1749);
#1499=PLANE('',#1750);
#1500=PLANE('',#1751);
#1501=PLANE('',#1752);
#1502=PLANE('',#1761);
#1503=PLANE('',#1765);
#1504=PLANE('',#1767);
#1505=PLANE('',#1768);
#1506=PLANE('',#1769);
#1507=PLANE('',#1770);
#1508=PLANE('',#1771);
#1509=PLANE('',#1776);
#1510=PLANE('',#1779);
#1511=PLANE('',#1784);
#1512=PLANE('',#1787);
#1513=PLANE('',#1796);
#1514=PLANE('',#1798);
#1515=PLANE('',#1804);
#1516=PLANE('',#1806);
#1517=ADVANCED_FACE('',(#128),#1472,.T.);
#1518=ADVANCED_FACE('',(#129),#1473,.T.);
#1519=ADVANCED_FACE('',(#130),#90,.T.);
#1520=ADVANCED_FACE('',(#131),#1474,.T.);
#1521=ADVANCED_FACE('',(#132),#1475,.T.);
#1522=ADVANCED_FACE('',(#133),#1476,.T.);
#1523=ADVANCED_FACE('',(#134),#1477,.T.);
#1524=ADVANCED_FACE('',(#135),#1478,.T.);
#1525=ADVANCED_FACE('',(#136),#1479,.T.);
#1526=ADVANCED_FACE('',(#137),#1480,.T.);
#1527=ADVANCED_FACE('',(#138),#1481,.T.);
#1528=ADVANCED_FACE('',(#139),#1482,.T.);
#1529=ADVANCED_FACE('',(#140),#1483,.T.);
#1530=ADVANCED_FACE('',(#141),#1484,.T.);
#1531=ADVANCED_FACE('',(#142),#91,.T.);
#1532=ADVANCED_FACE('',(#143),#92,.T.);
#1533=ADVANCED_FACE('',(#144,#79,#80),#1485,.T.);
#1534=ADVANCED_FACE('',(#145),#93,.T.);
#1535=ADVANCED_FACE('',(#146),#94,.T.);
#1536=ADVANCED_FACE('',(#147),#71,.T.);
#1537=ADVANCED_FACE('',(#148),#95,.T.);
#1538=ADVANCED_FACE('',(#149),#96,.T.);
#1539=ADVANCED_FACE('',(#150),#97,.T.);
#1540=ADVANCED_FACE('',(#151),#72,.T.);
#1541=ADVANCED_FACE('',(#152),#98,.T.);
#1542=ADVANCED_FACE('',(#153),#73,.T.);
#1543=ADVANCED_FACE('',(#154),#74,.T.);
#1544=ADVANCED_FACE('',(#155),#99,.T.);
#1545=ADVANCED_FACE('',(#156),#100,.T.);
#1546=ADVANCED_FACE('',(#157),#101,.T.);
#1547=ADVANCED_FACE('',(#158),#102,.T.);
#1548=ADVANCED_FACE('',(#159),#103,.T.);
#1549=ADVANCED_FACE('',(#160),#104,.T.);
#1550=ADVANCED_FACE('',(#161),#105,.T.);
#1551=ADVANCED_FACE('',(#162),#106,.T.);
#1552=ADVANCED_FACE('',(#163),#107,.T.);
#1553=ADVANCED_FACE('',(#164),#108,.T.);
#1554=ADVANCED_FACE('',(#165),#109,.T.);
#1555=ADVANCED_FACE('',(#166),#110,.T.);
#1556=ADVANCED_FACE('',(#167),#111,.T.);
#1557=ADVANCED_FACE('',(#168),#1486,.T.);
#1558=ADVANCED_FACE('',(#169),#1487,.T.);
#1559=ADVANCED_FACE('',(#170,#81,#82),#1488,.T.);
#1560=ADVANCED_FACE('',(#171),#1489,.F.);
#1561=ADVANCED_FACE('',(#172),#1490,.F.);
#1562=ADVANCED_FACE('',(#173),#1491,.F.);
#1563=ADVANCED_FACE('',(#174),#1492,.T.);
#1564=ADVANCED_FACE('',(#175),#1493,.T.);
#1565=ADVANCED_FACE('',(#176,#83),#1494,.T.);
#1566=ADVANCED_FACE('',(#177),#112,.F.);
#1567=ADVANCED_FACE('',(#178),#113,.F.);
#1568=ADVANCED_FACE('',(#179),#114,.F.);
#1569=ADVANCED_FACE('',(#180),#115,.F.);
#1570=ADVANCED_FACE('',(#181),#1495,.T.);
#1571=ADVANCED_FACE('',(#182,#84),#1496,.T.);
#1572=ADVANCED_FACE('',(#183),#75,.T.);
#1573=ADVANCED_FACE('',(#184),#116,.T.);
#1574=ADVANCED_FACE('',(#185),#76,.T.);
#1575=ADVANCED_FACE('',(#186),#117,.T.);
#1576=ADVANCED_FACE('',(#187),#118,.T.);
#1577=ADVANCED_FACE('',(#188),#119,.T.);
#1578=ADVANCED_FACE('',(#189),#120,.T.);
#1579=ADVANCED_FACE('',(#190),#121,.T.);
#1580=ADVANCED_FACE('',(#191),#1497,.F.);
#1581=ADVANCED_FACE('',(#192),#1498,.F.);
#1582=ADVANCED_FACE('',(#193),#1499,.F.);
#1583=ADVANCED_FACE('',(#194),#1500,.F.);
#1584=ADVANCED_FACE('',(#195),#1501,.T.);
#1585=ADVANCED_FACE('',(#196),#23,.T.);
#1586=ADVANCED_FACE('',(#197),#122,.F.);
#1587=ADVANCED_FACE('',(#198,#85),#1502,.F.);
#1588=ADVANCED_FACE('',(#199),#24,.T.);
#1589=ADVANCED_FACE('',(#200),#1503,.T.);
#1590=ADVANCED_FACE('',(#201),#123,.T.);
#1591=ADVANCED_FACE('',(#202),#1504,.T.);
#1592=ADVANCED_FACE('',(#203),#1505,.F.);
#1593=ADVANCED_FACE('',(#204),#1506,.T.);
#1594=ADVANCED_FACE('',(#205),#1507,.F.);
#1595=ADVANCED_FACE('',(#206),#1508,.T.);
#1596=ADVANCED_FACE('',(#207),#77,.F.);
#1597=ADVANCED_FACE('',(#208),#78,.F.);
#1598=ADVANCED_FACE('',(#209),#1509,.F.);
#1599=ADVANCED_FACE('',(#210),#1510,.F.);
#1600=ADVANCED_FACE('',(#211),#124,.T.);
#1601=ADVANCED_FACE('',(#212),#1511,.T.);
#1602=ADVANCED_FACE('',(#213),#1512,.T.);
#1603=ADVANCED_FACE('',(#214),#125,.T.);
#1604=ADVANCED_FACE('',(#215),#126,.T.);
#1605=ADVANCED_FACE('',(#216,#86),#1513,.F.);
#1606=ADVANCED_FACE('',(#217),#1514,.T.);
#1607=ADVANCED_FACE('',(#218),#15,.T.);
#1608=ADVANCED_FACE('',(#219),#127,.T.);
#1609=ADVANCED_FACE('',(#220,#87),#1515,.T.);
#1610=ADVANCED_FACE('',(#221),#1516,.F.);
#1611=ADVANCED_FACE('',(#222),#16,.T.);
#1612=CLOSED_SHELL('',(#1517,#1518,#1519,#1520,#1521,#1522,#1523,#1524,
#1525,#1526,#1527,#1528,#1529,#1530,#1531,#1532,#1533,#1534,#1535,#1536,
#1537,#1538,#1539,#1540,#1541,#1542,#1543,#1544,#1545,#1546,#1547,#1548,
#1549,#1550,#1551,#1552,#1553,#1554,#1555,#1556,#1557,#1558,#1559,#1560,
#1561,#1562,#1563,#1564,#1565,#1566,#1567,#1568,#1569,#1570,#1571,#1572,
#1573,#1574,#1575,#1576,#1577,#1578,#1579,#1580,#1581,#1582,#1583,#1584,
#1585,#1586,#1587,#1588,#1589,#1590,#1591,#1592,#1593,#1594,#1595,#1596,
#1597,#1598,#1599,#1600,#1601,#1602,#1603,#1604,#1605,#1606,#1607,#1608,
#1609,#1610,#1611));
#1613=DERIVED_UNIT_ELEMENT(#1615,1.);
#1614=DERIVED_UNIT_ELEMENT(#2862,-3.);
#1615=(
MASS_UNIT()
NAMED_UNIT(*)
SI_UNIT(.KILO.,.GRAM.)
);
#1616=DERIVED_UNIT((#1613,#1614));
#1617=MEASURE_REPRESENTATION_ITEM('density measure',
POSITIVE_RATIO_MEASURE(900.),#1616);
#1618=PROPERTY_DEFINITION_REPRESENTATION(#1623,#1620);
#1619=PROPERTY_DEFINITION_REPRESENTATION(#1624,#1621);
#1620=REPRESENTATION('material name',(#1622),#2859);
#1621=REPRESENTATION('density',(#1617),#2859);
#1622=DESCRIPTIVE_REPRESENTATION_ITEM('\X2\76AE9769FF0C98CE5316\X0\',
'\X2\76AE9769FF0C98CE5316\X0\');
#1623=PROPERTY_DEFINITION('material property','material name',#2869);
#1624=PROPERTY_DEFINITION('material property','density of part',#2869);
#1625=AXIS2_PLACEMENT_3D('',#2309,#1808,#1809);
#1626=AXIS2_PLACEMENT_3D('',#2310,#1810,#1811);
#1627=AXIS2_PLACEMENT_3D('',#2315,#1813,#1814);
#1628=AXIS2_PLACEMENT_3D('',#2321,#1818,#1819);
#1629=AXIS2_PLACEMENT_3D('',#2324,#1820,#1821);
#1630=AXIS2_PLACEMENT_3D('',#2332,#1826,#1827);
#1631=AXIS2_PLACEMENT_3D('',#2334,#1828,#1829);
#1632=AXIS2_PLACEMENT_3D('',#2336,#1830,#1831);
#1633=AXIS2_PLACEMENT_3D('',#2339,#1833,#1834);
#1634=AXIS2_PLACEMENT_3D('',#2340,#1835,#1836);
#1635=AXIS2_PLACEMENT_3D('',#2349,#1841,#1842);
#1636=AXIS2_PLACEMENT_3D('',#2355,#1846,#1847);
#1637=AXIS2_PLACEMENT_3D('',#2361,#1851,#1852);
#1638=AXIS2_PLACEMENT_3D('',#2364,#1855,#1856);
#1639=AXIS2_PLACEMENT_3D('',#2373,#1861,#1862);
#1640=AXIS2_PLACEMENT_3D('',#2379,#1866,#1867);
#1641=AXIS2_PLACEMENT_3D('',#2385,#1871,#1872);
#1642=AXIS2_PLACEMENT_3D('',#2388,#1875,#1876);
#1643=AXIS2_PLACEMENT_3D('',#2400,#1880,#1881);
#1644=AXIS2_PLACEMENT_3D('',#2401,#1882,#1883);
#1645=AXIS2_PLACEMENT_3D('',#2406,#1885,#1886);
#1646=AXIS2_PLACEMENT_3D('',#2414,#1889,#1890);
#1647=AXIS2_PLACEMENT_3D('',#2416,#1891,#1892);
#1648=AXIS2_PLACEMENT_3D('',#2420,#1895,#1896);
#1649=AXIS2_PLACEMENT_3D('',#2422,#1897,#1898);
#1650=AXIS2_PLACEMENT_3D('',#2424,#1899,#1900);
#1651=AXIS2_PLACEMENT_3D('',#2427,#1902,#1903);
#1652=AXIS2_PLACEMENT_3D('',#2428,#1904,#1905);
#1653=AXIS2_PLACEMENT_3D('',#2430,#1906,#1907);
#1654=AXIS2_PLACEMENT_3D('',#2434,#1909,#1910);
#1655=AXIS2_PLACEMENT_3D('',#2435,#1911,#1912);
#1656=AXIS2_PLACEMENT_3D('',#2436,#1913,#1914);
#1657=AXIS2_PLACEMENT_3D('',#2465,#1931,#1932);
#1658=AXIS2_PLACEMENT_3D('',#2470,#1934,#1935);
#1659=AXIS2_PLACEMENT_3D('',#2473,#1937,#1938);
#1660=AXIS2_PLACEMENT_3D('',#2474,#1939,#1940);
#1661=AXIS2_PLACEMENT_3D('',#2478,#1942,#1943);
#1662=AXIS2_PLACEMENT_3D('',#2479,#1944,#1945);
#1663=AXIS2_PLACEMENT_3D('',#2480,#1946,#1947);
#1664=AXIS2_PLACEMENT_3D('',#2483,#1948,#1949);
#1665=AXIS2_PLACEMENT_3D('',#2485,#1950,#1951);
#1666=AXIS2_PLACEMENT_3D('',#2486,#1952,#1953);
#1667=AXIS2_PLACEMENT_3D('',#2487,#1954,#1955);
#1668=AXIS2_PLACEMENT_3D('',#2491,#1957,#1958);
#1669=AXIS2_PLACEMENT_3D('',#2493,#1960,#1961);
#1670=AXIS2_PLACEMENT_3D('',#2496,#1964,#1965);
#1671=AXIS2_PLACEMENT_3D('',#2500,#1967,#1968);
#1672=AXIS2_PLACEMENT_3D('',#2501,#1969,#1970);
#1673=AXIS2_PLACEMENT_3D('',#2502,#1971,#1972);
#1674=AXIS2_PLACEMENT_3D('',#2505,#1973,#1974);
#1675=AXIS2_PLACEMENT_3D('',#2507,#1975,#1976);
#1676=AXIS2_PLACEMENT_3D('',#2508,#1977,#1978);
#1677=AXIS2_PLACEMENT_3D('',#2509,#1979,#1980);
#1678=AXIS2_PLACEMENT_3D('',#2512,#1983,#1984);
#1679=AXIS2_PLACEMENT_3D('',#2515,#1985,#1986);
#1680=AXIS2_PLACEMENT_3D('',#2517,#1987,#1988);
#1681=AXIS2_PLACEMENT_3D('',#2518,#1989,#1990);
#1682=AXIS2_PLACEMENT_3D('',#2519,#1991,#1992);
#1683=AXIS2_PLACEMENT_3D('',#2522,#1993,#1994);
#1684=AXIS2_PLACEMENT_3D('',#2524,#1995,#1996);
#1685=AXIS2_PLACEMENT_3D('',#2525,#1997,#1998);
#1686=AXIS2_PLACEMENT_3D('',#2526,#1999,#2000);
#1687=AXIS2_PLACEMENT_3D('',#2529,#2003,#2004);
#1688=AXIS2_PLACEMENT_3D('',#2532,#2007,#2008);
#1689=AXIS2_PLACEMENT_3D('',#2535,#2011,#2012);
#1690=AXIS2_PLACEMENT_3D('',#2538,#2015,#2016);
#1691=AXIS2_PLACEMENT_3D('',#2541,#2019,#2020);
#1692=AXIS2_PLACEMENT_3D('',#2544,#2023,#2024);
#1693=AXIS2_PLACEMENT_3D('',#2545,#2025,#2026);
#1694=AXIS2_PLACEMENT_3D('',#2547,#2027,#2028);
#1695=AXIS2_PLACEMENT_3D('',#2549,#2030,#2031);
#1696=AXIS2_PLACEMENT_3D('',#2552,#2034,#2035);
#1697=AXIS2_PLACEMENT_3D('',#2555,#2038,#2039);
#1698=AXIS2_PLACEMENT_3D('',#2559,#2041,#2042);
#1699=AXIS2_PLACEMENT_3D('',#2561,#2044,#2045);
#1700=AXIS2_PLACEMENT_3D('',#2565,#2047,#2048);
#1701=AXIS2_PLACEMENT_3D('',#2567,#2050,#2051);
#1702=AXIS2_PLACEMENT_3D('',#2570,#2054,#2055);
#1703=AXIS2_PLACEMENT_3D('',#2573,#2058,#2059);
#1704=AXIS2_PLACEMENT_3D('',#2575,#2061,#2062);
#1705=AXIS2_PLACEMENT_3D('',#2577,#2064,#2065);
#1706=AXIS2_PLACEMENT_3D('',#2580,#2067,#2068);
#1707=AXIS2_PLACEMENT_3D('',#2582,#2069,#2070);
#1708=AXIS2_PLACEMENT_3D('',#2583,#2071,#2072);
#1709=AXIS2_PLACEMENT_3D('',#2585,#2074,#2075);
#1710=AXIS2_PLACEMENT_3D('',#2586,#2076,#2077);
#1711=AXIS2_PLACEMENT_3D('',#2587,#2078,#2079);
#1712=AXIS2_PLACEMENT_3D('',#2588,#2080,#2081);
#1713=AXIS2_PLACEMENT_3D('',#2589,#2082,#2083);
#1714=AXIS2_PLACEMENT_3D('',#2598,#2088,#2089);
#1715=AXIS2_PLACEMENT_3D('',#2600,#2090,#2091);
#1716=AXIS2_PLACEMENT_3D('',#2602,#2092,#2093);
#1717=AXIS2_PLACEMENT_3D('',#2606,#2095,#2096);
#1718=AXIS2_PLACEMENT_3D('',#2607,#2097,#2098);
#1719=AXIS2_PLACEMENT_3D('',#2608,#2099,#2100);
#1720=AXIS2_PLACEMENT_3D('',#2610,#2101,#2102);
#1721=AXIS2_PLACEMENT_3D('',#2612,#2103,#2104);
#1722=AXIS2_PLACEMENT_3D('',#2616,#2106,#2107);
#1723=AXIS2_PLACEMENT_3D('',#2617,#2108,#2109);
#1724=AXIS2_PLACEMENT_3D('',#2618,#2110,#2111);
#1725=AXIS2_PLACEMENT_3D('',#2620,#2113,#2114);
#1726=AXIS2_PLACEMENT_3D('',#2622,#2116,#2117);
#1727=AXIS2_PLACEMENT_3D('',#2628,#2121,#2122);
#1728=AXIS2_PLACEMENT_3D('',#2630,#2123,#2124);
#1729=AXIS2_PLACEMENT_3D('',#2633,#2126,#2127);
#1730=AXIS2_PLACEMENT_3D('',#2634,#2128,#2129);
#1731=AXIS2_PLACEMENT_3D('',#2637,#2130,#2131);
#1732=AXIS2_PLACEMENT_3D('',#2639,#2132,#2133);
#1733=AXIS2_PLACEMENT_3D('',#2640,#2134,#2135);
#1734=AXIS2_PLACEMENT_3D('',#2641,#2136,#2137);
#1735=AXIS2_PLACEMENT_3D('',#2644,#2138,#2139);
#1736=AXIS2_PLACEMENT_3D('',#2647,#2142,#2143);
#1737=AXIS2_PLACEMENT_3D('',#2650,#2144,#2145);
#1738=AXIS2_PLACEMENT_3D('',#2652,#2146,#2147);
#1739=AXIS2_PLACEMENT_3D('',#2653,#2148,#2149);
#1740=AXIS2_PLACEMENT_3D('',#2654,#2150,#2151);
#1741=AXIS2_PLACEMENT_3D('',#2657,#2152,#2153);
#1742=AXIS2_PLACEMENT_3D('',#2660,#2156,#2157);
#1743=AXIS2_PLACEMENT_3D('',#2663,#2160,#2161);
#1744=AXIS2_PLACEMENT_3D('',#2666,#2163,#2164);
#1745=AXIS2_PLACEMENT_3D('',#2668,#2166,#2167);
#1746=AXIS2_PLACEMENT_3D('',#2670,#2168,#2169);
#1747=AXIS2_PLACEMENT_3D('',#2672,#2171,#2172);
#1748=AXIS2_PLACEMENT_3D('',#2675,#2175,#2176);
#1749=AXIS2_PLACEMENT_3D('',#2677,#2178,#2179);
#1750=AXIS2_PLACEMENT_3D('',#2678,#2180,#2181);
#1751=AXIS2_PLACEMENT_3D('',#2680,#2183,#2184);
#1752=AXIS2_PLACEMENT_3D('',#2682,#2186,#2187);
#1753=AXIS2_PLACEMENT_3D('',#2683,#2188,#2189);
#1754=AXIS2_PLACEMENT_3D('',#2685,#2190,#2191);
#1755=AXIS2_PLACEMENT_3D('',#2687,#2192,#2193);
#1756=AXIS2_PLACEMENT_3D('',#2689,#2194,#2195);
#1757=AXIS2_PLACEMENT_3D('',#2690,#2196,#2197);
#1758=AXIS2_PLACEMENT_3D('',#2691,#2198,#2199);
#1759=AXIS2_PLACEMENT_3D('',#2694,#2200,#2201);
#1760=AXIS2_PLACEMENT_3D('',#2695,#2202,#2203);
#1761=AXIS2_PLACEMENT_3D('',#2697,#2205,#2206);
#1762=AXIS2_PLACEMENT_3D('',#2700,#2208,#2209);
#1763=AXIS2_PLACEMENT_3D('',#2701,#2210,#2211);
#1764=AXIS2_PLACEMENT_3D('',#2702,#2212,#2213);
#1765=AXIS2_PLACEMENT_3D('',#2703,#2214,#2215);
#1766=AXIS2_PLACEMENT_3D('',#2705,#2217,#2218);
#1767=AXIS2_PLACEMENT_3D('',#2706,#2219,#2220);
#1768=AXIS2_PLACEMENT_3D('',#2707,#2221,#2222);
#1769=AXIS2_PLACEMENT_3D('',#2708,#2223,#2224);
#1770=AXIS2_PLACEMENT_3D('',#2709,#2225,#2226);
#1771=AXIS2_PLACEMENT_3D('',#2710,#2227,#2228);
#1772=AXIS2_PLACEMENT_3D('',#2711,#2229,#2230);
#1773=AXIS2_PLACEMENT_3D('',#2713,#2231,#2232);
#1774=AXIS2_PLACEMENT_3D('',#2714,#2233,#2234);
#1775=AXIS2_PLACEMENT_3D('',#2716,#2235,#2236);
#1776=AXIS2_PLACEMENT_3D('',#2717,#2237,#2238);
#1777=AXIS2_PLACEMENT_3D('',#2720,#2239,#2240);
#1778=AXIS2_PLACEMENT_3D('',#2721,#2241,#2242);
#1779=AXIS2_PLACEMENT_3D('',#2722,#2243,#2244);
#1780=AXIS2_PLACEMENT_3D('',#2726,#2246,#2247);
#1781=AXIS2_PLACEMENT_3D('',#2727,#2248,#2249);
#1782=AXIS2_PLACEMENT_3D('',#2729,#2250,#2251);
#1783=AXIS2_PLACEMENT_3D('',#2731,#2252,#2253);
#1784=AXIS2_PLACEMENT_3D('',#2774,#2255,#2256);
#1785=AXIS2_PLACEMENT_3D('',#2777,#2257,#2258);
#1786=AXIS2_PLACEMENT_3D('',#2778,#2259,#2260);
#1787=AXIS2_PLACEMENT_3D('',#2779,#2261,#2262);
#1788=AXIS2_PLACEMENT_3D('',#2783,#2264,#2265);
#1789=AXIS2_PLACEMENT_3D('',#2784,#2266,#2267);
#1790=AXIS2_PLACEMENT_3D('',#2786,#2268,#2269);
#1791=AXIS2_PLACEMENT_3D('',#2788,#2270,#2271);
#1792=AXIS2_PLACEMENT_3D('',#2831,#2273,#2274);
#1793=AXIS2_PLACEMENT_3D('',#2833,#2275,#2276);
#1794=AXIS2_PLACEMENT_3D('',#2836,#2278,#2279);
#1795=AXIS2_PLACEMENT_3D('',#2837,#2280,#2281);
#1796=AXIS2_PLACEMENT_3D('',#2838,#2282,#2283);
#1797=AXIS2_PLACEMENT_3D('',#2840,#2284,#2285);
#1798=AXIS2_PLACEMENT_3D('',#2841,#2286,#2287);
#1799=AXIS2_PLACEMENT_3D('',#2842,#2288,#2289);
#1800=AXIS2_PLACEMENT_3D('',#2844,#2291,#2292);
#1801=AXIS2_PLACEMENT_3D('',#2846,#2293,#2294);
#1802=AXIS2_PLACEMENT_3D('',#2849,#2296,#2297);
#1803=AXIS2_PLACEMENT_3D('',#2850,#2298,#2299);
#1804=AXIS2_PLACEMENT_3D('',#2851,#2300,#2301);
#1805=AXIS2_PLACEMENT_3D('',#2853,#2302,#2303);
#1806=AXIS2_PLACEMENT_3D('',#2854,#2304,#2305);
#1807=AXIS2_PLACEMENT_3D('',#2855,#2306,#2307);
#1808=DIRECTION('axis',(0.,0.,1.));
#1809=DIRECTION('refdir',(1.,0.,0.));
#1810=DIRECTION('center_axis',(-0.984807753012208,0.,0.173648177666929));
#1811=DIRECTION('ref_axis',(0.173648177666929,0.,0.984807753012208));
#1812=DIRECTION('',(-0.173648177666931,0.,-0.984807753012208));
#1813=DIRECTION('center_axis',(-0.984807753012208,0.,0.173648177666929));
#1814=DIRECTION('ref_axis',(-0.173648177666929,5.46678121111759E-16,-0.984807753012208));
#1815=DIRECTION('',(0.,-1.,0.));
#1816=DIRECTION('',(0.173648177666929,0.,0.984807753012208));
#1817=DIRECTION('',(0.,1.,0.));
#1818=DIRECTION('center_axis',(0.984807753012208,0.,0.173648177666931));
#1819=DIRECTION('ref_axis',(0.173648177666931,0.,-0.984807753012208));
#1820=DIRECTION('center_axis',(0.984807753012208,0.,0.173648177666931));
#1821=DIRECTION('ref_axis',(0.173648177666931,5.46678121111759E-16,-0.984807753012208));
#1822=DIRECTION('',(-0.173648177666931,0.,0.984807753012208));
#1823=DIRECTION('',(0.,1.,0.));
#1824=DIRECTION('',(0.173648177666931,0.,-0.984807753012208));
#1825=DIRECTION('',(0.,1.,0.));
#1826=DIRECTION('center_axis',(0.173648177666931,0.,0.984807753012208));
#1827=DIRECTION('ref_axis',(-0.696364240320019,0.707106781186547,0.122787803968974));
#1828=DIRECTION('center_axis',(0.,0.,-1.));
#1829=DIRECTION('ref_axis',(-1.,-2.0500429541691E-16,0.));
#1830=DIRECTION('center_axis',(-0.642787609686538,0.,0.766044443118979));
#1831=DIRECTION('ref_axis',(0.766044443118979,0.,0.642787609686538));
#1832=DIRECTION('',(0.173648177666931,0.,0.984807753012208));
#1833=DIRECTION('center_axis',(-0.642787609686535,-1.7009603572737E-15,
0.766044443118981));
#1834=DIRECTION('ref_axis',(0.766044443118981,-1.42727520843552E-15,0.642787609686535));
#1835=DIRECTION('center_axis',(1.,0.,0.));
#1836=DIRECTION('ref_axis',(0.,0.,-1.));
#1837=DIRECTION('',(0.,0.,-1.));
#1838=DIRECTION('',(0.,1.,0.));
#1839=DIRECTION('',(0.,0.,-1.));
#1840=DIRECTION('',(0.,1.,0.));
#1841=DIRECTION('center_axis',(0.,0.,1.));
#1842=DIRECTION('ref_axis',(1.,0.,0.));
#1843=DIRECTION('',(1.,0.,0.));
#1844=DIRECTION('',(0.,1.,0.));
#1845=DIRECTION('',(1.,0.,0.));
#1846=DIRECTION('center_axis',(-1.,0.,0.));
#1847=DIRECTION('ref_axis',(0.,0.,1.));
#1848=DIRECTION('',(0.,0.,1.));
#1849=DIRECTION('',(0.,1.,0.));
#1850=DIRECTION('',(0.,0.,1.));
#1851=DIRECTION('center_axis',(0.,0.,-1.));
#1852=DIRECTION('ref_axis',(-1.,0.,0.));
#1853=DIRECTION('',(-1.,0.,0.));
#1854=DIRECTION('',(-1.,0.,0.));
#1855=DIRECTION('center_axis',(1.,0.,0.));
#1856=DIRECTION('ref_axis',(0.,0.,-1.));
#1857=DIRECTION('',(0.,0.,-1.));
#1858=DIRECTION('',(0.,1.,0.));
#1859=DIRECTION('',(0.,0.,-1.));
#1860=DIRECTION('',(0.,1.,0.));
#1861=DIRECTION('center_axis',(0.,0.,1.));
#1862=DIRECTION('ref_axis',(1.,0.,0.));
#1863=DIRECTION('',(1.,0.,0.));
#1864=DIRECTION('',(0.,1.,0.));
#1865=DIRECTION('',(1.,0.,0.));
#1866=DIRECTION('center_axis',(-1.,0.,0.));
#1867=DIRECTION('ref_axis',(0.,0.,1.));
#1868=DIRECTION('',(0.,0.,1.));
#1869=DIRECTION('',(0.,1.,0.));
#1870=DIRECTION('',(0.,0.,1.));
#1871=DIRECTION('center_axis',(0.,0.,-1.));
#1872=DIRECTION('ref_axis',(-1.,0.,0.));
#1873=DIRECTION('',(-1.,0.,0.));
#1874=DIRECTION('',(-1.,0.,0.));
#1875=DIRECTION('center_axis',(-0.984478641736961,0.,0.175504427191304));
#1876=DIRECTION('ref_axis',(-0.175504427191304,0.,-0.984478641736961));
#1877=DIRECTION('',(0.,-1.,0.));
#1878=DIRECTION('',(0.175504427191304,0.,0.984478641736961));
#1879=DIRECTION('',(0.,-1.,0.));
#1880=DIRECTION('center_axis',(-0.984478641736961,0.,0.175504427191304));
#1881=DIRECTION('ref_axis',(-0.175504427191304,0.,-0.984478641736962));
#1882=DIRECTION('center_axis',(0.984621878307399,0.,0.174699046243558));
#1883=DIRECTION('ref_axis',(-0.174699046243558,0.,0.984621878307399));
#1884=DIRECTION('',(0.,1.,0.));
#1885=DIRECTION('center_axis',(0.984621878307399,0.,0.174699046243558));
#1886=DIRECTION('ref_axis',(0.174699046243558,0.,-0.984621878307399));
#1887=DIRECTION('',(0.,-1.,0.));
#1888=DIRECTION('',(0.174699046243558,0.,-0.984621878307399));
#1889=DIRECTION('center_axis',(0.948538820430028,0.,0.316660869286388));
#1890=DIRECTION('ref_axis',(-0.316660869286388,0.,0.948538820430028));
#1891=DIRECTION('center_axis',(0.948538820430028,0.,0.316660869286388));
#1892=DIRECTION('ref_axis',(0.316660869286388,0.,-0.948538820430028));
#1893=DIRECTION('',(0.,-1.,0.));
#1894=DIRECTION('',(0.316660869286388,0.,-0.948538820430028));
#1895=DIRECTION('center_axis',(0.173648177666931,0.,0.984807753012208));
#1896=DIRECTION('ref_axis',(-0.696364240320019,0.707106781186547,0.122787803968974));
#1897=DIRECTION('center_axis',(0.,0.,-1.));
#1898=DIRECTION('ref_axis',(-1.,2.52838631014188E-15,0.));
#1899=DIRECTION('center_axis',(0.642787609686541,-1.70096035727369E-15,
-0.766044443118977));
#1900=DIRECTION('ref_axis',(-0.766044443118977,-1.42727520843553E-15,-0.642787609686541));
#1901=DIRECTION('',(0.173648177666931,0.,0.984807753012208));
#1902=DIRECTION('center_axis',(0.642787609686541,0.,-0.766044443118976));
#1903=DIRECTION('ref_axis',(0.766044443118976,0.,0.642787609686541));
#1904=DIRECTION('center_axis',(-0.173648177666931,0.,0.984807753012208));
#1905=DIRECTION('ref_axis',(0.696364240320019,0.707106781186547,0.122787803968974));
#1906=DIRECTION('center_axis',(0.642787609686541,4.25240089318422E-15,0.766044443118977));
#1907=DIRECTION('ref_axis',(-0.766044443118977,3.56818802108883E-15,0.642787609686541));
#1908=DIRECTION('',(0.173648177666931,0.,-0.984807753012208));
#1909=DIRECTION('center_axis',(0.642787609686539,0.,0.766044443118978));
#1910=DIRECTION('ref_axis',(-0.766044443118978,0.,0.642787609686539));
#1911=DIRECTION('center_axis',(0.,0.,-1.));
#1912=DIRECTION('ref_axis',(1.,-2.0500429541691E-16,0.));
#1913=DIRECTION('center_axis',(0.,-1.,0.));
#1914=DIRECTION('ref_axis',(0.,0.,-1.));
#1915=DIRECTION('',(1.,0.,0.));
#1916=DIRECTION('',(1.,0.,-2.06009431449483E-16));
#1917=DIRECTION('',(1.,0.,0.));
#1918=DIRECTION('',(0.,0.,1.));
#1919=DIRECTION('',(-1.,0.,0.));
#1920=DIRECTION('',(0.,0.,1.));
#1921=DIRECTION('',(-1.,0.,0.));
#1922=DIRECTION('',(0.,0.,1.));
#1923=DIRECTION('',(-1.,0.,0.));
#1924=DIRECTION('',(0.,0.,-1.));
#1925=DIRECTION('',(1.,0.,0.));
#1926=DIRECTION('',(-1.,0.,-2.06009431449483E-16));
#1927=DIRECTION('',(1.,0.,0.));
#1928=DIRECTION('',(0.,0.,1.));
#1929=DIRECTION('',(1.,0.,0.));
#1930=DIRECTION('',(0.,0.,-1.));
#1931=DIRECTION('center_axis',(-1.,0.,0.));
#1932=DIRECTION('ref_axis',(0.,0.707106781186549,-0.707106781186546));
#1933=DIRECTION('',(-1.,0.,0.));
#1934=DIRECTION('center_axis',(-0.707106781186541,0.,0.707106781186554));
#1935=DIRECTION('ref_axis',(0.707106781186554,0.,0.707106781186541));
#1936=DIRECTION('',(1.,0.,0.));
#1937=DIRECTION('center_axis',(-0.707106781186541,0.,-0.707106781186554));
#1938=DIRECTION('ref_axis',(-0.707106781186554,0.,0.707106781186541));
#1939=DIRECTION('center_axis',(0.,0.,-1.));
#1940=DIRECTION('ref_axis',(0.707106781186547,-0.707106781186548,0.));
#1941=DIRECTION('',(0.,0.,-1.));
#1942=DIRECTION('center_axis',(1.57009245868363E-15,0.707106781186481,0.707106781186614));
#1943=DIRECTION('ref_axis',(1.57009245868393E-15,0.707106781186614,-0.707106781186481));
#1944=DIRECTION('center_axis',(0.,0.707106781186482,-0.707106781186613));
#1945=DIRECTION('ref_axis',(0.,-0.707106781186613,-0.707106781186482));
#1946=DIRECTION('center_axis',(0.816496580927724,-0.408248290463869,0.408248290463861));
#1947=DIRECTION('ref_axis',(0.577350269189625,0.577350269189632,-0.577350269189621));
#1948=DIRECTION('center_axis',(-8.88178419700128E-15,0.,1.));
#1949=DIRECTION('ref_axis',(0.,1.,0.));
#1950=DIRECTION('center_axis',(0.,-1.,4.44089209850062E-15));
#1951=DIRECTION('ref_axis',(1.,0.,0.));
#1952=DIRECTION('center_axis',(-1.,0.,0.));
#1953=DIRECTION('ref_axis',(0.,0.,-1.));
#1954=DIRECTION('center_axis',(1.,0.,0.));
#1955=DIRECTION('ref_axis',(0.,0.707106781186549,-0.707106781186546));
#1956=DIRECTION('',(1.,0.,0.));
#1957=DIRECTION('center_axis',(-0.642787609686539,0.,-0.766044443118978));
#1958=DIRECTION('ref_axis',(0.766044443118978,0.,-0.642787609686539));
#1959=DIRECTION('',(-1.,0.,0.));
#1960=DIRECTION('center_axis',(0.,1.,0.));
#1961=DIRECTION('ref_axis',(0.707106781186546,0.,-0.707106781186549));
#1962=DIRECTION('',(0.,1.,0.));
#1963=DIRECTION('',(0.,-1.,0.));
#1964=DIRECTION('center_axis',(0.,0.,1.));
#1965=DIRECTION('ref_axis',(-0.707106781186547,-0.707106781186548,0.));
#1966=DIRECTION('',(0.,0.,1.));
#1967=DIRECTION('center_axis',(0.,0.707106781186481,-0.707106781186614));
#1968=DIRECTION('ref_axis',(0.,0.707106781186614,0.707106781186481));
#1969=DIRECTION('center_axis',(-1.57009245868363E-15,0.707106781186481,
0.707106781186614));
#1970=DIRECTION('ref_axis',(1.57009245868393E-15,-0.707106781186614,0.707106781186481));
#1971=DIRECTION('center_axis',(0.816496580927724,0.408248290463866,-0.408248290463863));
#1972=DIRECTION('ref_axis',(-0.577350269189622,0.577350269189629,-0.577350269189626));
#1973=DIRECTION('center_axis',(-4.44089209850064E-15,-1.,0.));
#1974=DIRECTION('ref_axis',(0.,0.,-1.));
#1975=DIRECTION('center_axis',(0.,-8.88178419700126E-15,1.));
#1976=DIRECTION('ref_axis',(-1.,0.,0.));
#1977=DIRECTION('center_axis',(1.,0.,0.));
#1978=DIRECTION('ref_axis',(0.,1.,0.));
#1979=DIRECTION('center_axis',(-1.,0.,0.));
#1980=DIRECTION('ref_axis',(0.,0.707106781186548,-0.707106781186548));
#1981=DIRECTION('',(-1.,0.,0.));
#1982=DIRECTION('',(1.,0.,0.));
#1983=DIRECTION('center_axis',(0.816496580927725,-0.408248290463866,-0.408248290463862));
#1984=DIRECTION('ref_axis',(0.577350269189625,0.577350269189628,0.577350269189625));
#1985=DIRECTION('center_axis',(0.,-1.,0.));
#1986=DIRECTION('ref_axis',(0.,0.,1.));
#1987=DIRECTION('center_axis',(0.,0.,-1.));
#1988=DIRECTION('ref_axis',(1.,0.,0.));
#1989=DIRECTION('center_axis',(-1.,0.,0.));
#1990=DIRECTION('ref_axis',(0.,1.,0.));
#1991=DIRECTION('center_axis',(-0.408248290463862,-0.816496580927727,0.408248290463862));
#1992=DIRECTION('ref_axis',(-0.577350269189626,0.577350269189626,0.577350269189626));
#1993=DIRECTION('center_axis',(1.,0.,0.));
#1994=DIRECTION('ref_axis',(0.,0.,1.));
#1995=DIRECTION('center_axis',(0.,0.,-1.));
#1996=DIRECTION('ref_axis',(0.,1.,0.));
#1997=DIRECTION('center_axis',(0.,-1.,0.));
#1998=DIRECTION('ref_axis',(-1.,0.,0.));
#1999=DIRECTION('center_axis',(0.,-1.,0.));
#2000=DIRECTION('ref_axis',(-0.707106781186548,0.,0.707106781186548));
#2001=DIRECTION('',(0.,1.,0.));
#2002=DIRECTION('',(0.,-1.,0.));
#2003=DIRECTION('center_axis',(0.,0.,1.));
#2004=DIRECTION('ref_axis',(-0.707106781186546,0.707106781186549,0.));
#2005=DIRECTION('',(0.,0.,-1.));
#2006=DIRECTION('',(0.,0.,1.));
#2007=DIRECTION('center_axis',(-1.,0.,0.));
#2008=DIRECTION('ref_axis',(0.,0.707106781186549,0.707106781186546));
#2009=DIRECTION('',(1.,0.,0.));
#2010=DIRECTION('',(-1.,0.,0.));
#2011=DIRECTION('center_axis',(0.,0.,1.));
#2012=DIRECTION('ref_axis',(0.707106781186546,0.707106781186549,0.));
#2013=DIRECTION('',(0.,0.,-1.));
#2014=DIRECTION('',(0.,0.,1.));
#2015=DIRECTION('center_axis',(0.,1.,0.));
#2016=DIRECTION('ref_axis',(0.707106781186548,0.,0.707106781186548));
#2017=DIRECTION('',(0.,1.,0.));
#2018=DIRECTION('',(0.,-1.,0.));
#2019=DIRECTION('center_axis',(0.,1.,0.));
#2020=DIRECTION('ref_axis',(-0.707106781186548,0.,-0.707106781186548));
#2021=DIRECTION('',(0.,1.,0.));
#2022=DIRECTION('',(0.,-1.,0.));
#2023=DIRECTION('center_axis',(-0.173648177666931,0.,0.984807753012208));
#2024=DIRECTION('ref_axis',(0.696364240320013,0.707106781186554,0.122787803968969));
#2025=DIRECTION('center_axis',(0.,0.,-1.));
#2026=DIRECTION('ref_axis',(1.,-4.64676402944995E-15,0.));
#2027=DIRECTION('center_axis',(-0.642787609686538,8.50480178636846E-16,
-0.766044443118979));
#2028=DIRECTION('ref_axis',(-0.766044443118979,7.13637604217766E-16,0.642787609686538));
#2029=DIRECTION('',(0.173648177666931,0.,-0.984807753012208));
#2030=DIRECTION('center_axis',(-1.,0.,-2.06009431449483E-16));
#2031=DIRECTION('ref_axis',(0.,0.707106781186548,-0.707106781186548));
#2032=DIRECTION('',(-1.,0.,-2.06009431449483E-16));
#2033=DIRECTION('',(1.,0.,2.06009431449483E-16));
#2034=DIRECTION('center_axis',(1.,0.,-2.06009431449483E-16));
#2035=DIRECTION('ref_axis',(0.,0.70710678118655,-0.707106781186545));
#2036=DIRECTION('',(-1.,0.,2.06009431449483E-16));
#2037=DIRECTION('',(1.,0.,-2.06009431449483E-16));
#2038=DIRECTION('center_axis',(1.,0.,0.));
#2039=DIRECTION('ref_axis',(0.,0.707106781186549,-0.707106781186546));
#2040=DIRECTION('',(-1.,0.,0.));
#2041=DIRECTION('center_axis',(0.707106781186548,0.,0.707106781186548));
#2042=DIRECTION('ref_axis',(0.707106781186548,0.,-0.707106781186548));
#2043=DIRECTION('',(1.,0.,0.));
#2044=DIRECTION('center_axis',(-1.,0.,0.));
#2045=DIRECTION('ref_axis',(0.,0.707106781186548,-0.707106781186548));
#2046=DIRECTION('',(1.,0.,0.));
#2047=DIRECTION('center_axis',(-0.707106781186549,-3.14018491736754E-15,
0.707106781186546));
#2048=DIRECTION('ref_axis',(-0.707106781186546,3.14018491736755E-15,-0.707106781186549));
#2049=DIRECTION('',(-1.,0.,0.));
#2050=DIRECTION('center_axis',(0.,0.,1.));
#2051=DIRECTION('ref_axis',(0.707106781186546,0.707106781186549,0.));
#2052=DIRECTION('',(0.,0.,-1.));
#2053=DIRECTION('',(0.,0.,1.));
#2054=DIRECTION('center_axis',(0.,0.,1.));
#2055=DIRECTION('ref_axis',(-0.707106781186546,0.707106781186549,0.));
#2056=DIRECTION('',(0.,0.,-1.));
#2057=DIRECTION('',(0.,0.,1.));
#2058=DIRECTION('center_axis',(0.,0.,-1.));
#2059=DIRECTION('ref_axis',(1.,0.,0.));
#2060=DIRECTION('',(0.,-1.,0.));
#2061=DIRECTION('center_axis',(-1.,0.,0.));
#2062=DIRECTION('ref_axis',(0.,0.,-1.));
#2063=DIRECTION('',(0.,1.,0.));
#2064=DIRECTION('center_axis',(0.,0.,-1.));
#2065=DIRECTION('ref_axis',(1.,0.,0.));
#2066=DIRECTION('',(0.,-1.,0.));
#2067=DIRECTION('center_axis',(0.,0.,1.));
#2068=DIRECTION('ref_axis',(1.,0.,0.));
#2069=DIRECTION('center_axis',(0.,0.,1.));
#2070=DIRECTION('ref_axis',(-1.,0.,0.));
#2071=DIRECTION('center_axis',(-1.,0.,0.));
#2072=DIRECTION('ref_axis',(0.,0.,-1.));
#2073=DIRECTION('',(0.,-1.,0.));
#2074=DIRECTION('center_axis',(0.,0.,1.));
#2075=DIRECTION('ref_axis',(-1.,0.,0.));
#2076=DIRECTION('center_axis',(-2.06009431449483E-16,0.,1.));
#2077=DIRECTION('ref_axis',(-1.,0.,-2.06009431449483E-16));
#2078=DIRECTION('center_axis',(1.,0.,0.));
#2079=DIRECTION('ref_axis',(0.,0.,1.));
#2080=DIRECTION('center_axis',(-1.,0.,0.));
#2081=DIRECTION('ref_axis',(0.,0.,-1.));
#2082=DIRECTION('center_axis',(0.,1.,0.));
#2083=DIRECTION('ref_axis',(1.,0.,0.));
#2084=DIRECTION('',(0.,0.,1.));
#2085=DIRECTION('',(-1.,0.,0.));
#2086=DIRECTION('',(0.,0.,-1.));
#2087=DIRECTION('',(1.,0.,0.));
#2088=DIRECTION('center_axis',(0.,0.,-1.));
#2089=DIRECTION('ref_axis',(0.707106781186551,-0.707106781186544,0.));
#2090=DIRECTION('center_axis',(-0.707106781186546,0.,-0.707106781186549));
#2091=DIRECTION('ref_axis',(0.707106781186549,0.,-0.707106781186546));
#2092=DIRECTION('center_axis',(0.,-0.0284331138416336,-0.999595697288293));
#2093=DIRECTION('ref_axis',(4.57781840358852E-15,-0.999595697288293,0.0284331138416336));
#2094=DIRECTION('',(0.,0.,1.));
#2095=DIRECTION('center_axis',(0.,-0.0281627748720298,0.999603350390297));
#2096=DIRECTION('ref_axis',(4.57785345226999E-15,-0.999603350390297,-0.0281627748720298));
#2097=DIRECTION('center_axis',(-0.707106781186549,0.,0.707106781186546));
#2098=DIRECTION('ref_axis',(-0.707106781186546,0.,-0.707106781186549));
#2099=DIRECTION('center_axis',(0.,0.,1.));
#2100=DIRECTION('ref_axis',(-0.707106781186551,-0.707106781186544,0.));
#2101=DIRECTION('center_axis',(0.707106781186549,0.,0.707106781186546));
#2102=DIRECTION('ref_axis',(-0.707106781186546,0.,0.707106781186549));
#2103=DIRECTION('center_axis',(0.,-0.0281627748720298,0.999603350390297));
#2104=DIRECTION('ref_axis',(-4.57785345226999E-15,-0.999603350390297,-0.0281627748720298));
#2105=DIRECTION('',(0.,0.,-1.));
#2106=DIRECTION('center_axis',(0.,-0.0284331138416336,-0.999595697288293));
#2107=DIRECTION('ref_axis',(-4.57781840358852E-15,-0.999595697288293,0.0284331138416336));
#2108=DIRECTION('center_axis',(0.707106781186546,0.,-0.707106781186549));
#2109=DIRECTION('ref_axis',(0.707106781186549,0.,0.707106781186546));
#2110=DIRECTION('center_axis',(-1.,0.,0.));
#2111=DIRECTION('ref_axis',(0.,-0.717088946310581,-0.696981666243224));
#2112=DIRECTION('',(1.,0.,0.));
#2113=DIRECTION('center_axis',(1.,0.,0.));
#2114=DIRECTION('ref_axis',(0.,-0.716994691358324,0.697078627246584));
#2115=DIRECTION('',(1.,0.,0.));
#2116=DIRECTION('center_axis',(0.,0.0281627748720298,-0.999603350390297));
#2117=DIRECTION('ref_axis',(0.,0.999603350390297,0.0281627748720298));
#2118=DIRECTION('',(0.,-0.999603350390297,-0.0281627748720298));
#2119=DIRECTION('',(1.,0.,0.));
#2120=DIRECTION('',(0.,0.999603350390297,0.0281627748720298));
#2121=DIRECTION('center_axis',(1.,0.,0.));
#2122=DIRECTION('ref_axis',(0.,-1.,0.));
#2123=DIRECTION('center_axis',(1.,0.,0.));
#2124=DIRECTION('ref_axis',(0.,-1.,0.));
#2125=DIRECTION('',(0.,-0.999595697288293,0.0284331138416336));
#2126=DIRECTION('center_axis',(-1.,0.,0.));
#2127=DIRECTION('ref_axis',(0.,-1.,0.));
#2128=DIRECTION('center_axis',(0.816496580927728,-0.408248290463862,-0.40824829046386));
#2129=DIRECTION('ref_axis',(0.577350269189623,0.577350269189628,0.577350269189626));
#2130=DIRECTION('center_axis',(-1.,0.,0.));
#2131=DIRECTION('ref_axis',(0.,1.,0.));
#2132=DIRECTION('center_axis',(-1.11022302462516E-15,-1.,0.));
#2133=DIRECTION('ref_axis',(0.,0.,1.));
#2134=DIRECTION('center_axis',(0.,0.,-1.));
#2135=DIRECTION('ref_axis',(1.,0.,0.));
#2136=DIRECTION('center_axis',(0.,0.,-1.));
#2137=DIRECTION('ref_axis',(0.707106781186548,0.707106781186548,0.));
#2138=DIRECTION('center_axis',(0.,0.,1.));
#2139=DIRECTION('ref_axis',(0.707106781186548,0.707106781186548,0.));
#2140=DIRECTION('',(0.,0.,-1.));
#2141=DIRECTION('',(0.,0.,1.));
#2142=DIRECTION('center_axis',(-0.40824829046386,0.408248290463862,-0.816496580927728));
#2143=DIRECTION('ref_axis',(-0.577350269189625,0.577350269189628,0.577350269189625));
#2144=DIRECTION('center_axis',(0.,-1.,0.));
#2145=DIRECTION('ref_axis',(-1.,0.,0.));
#2146=DIRECTION('center_axis',(1.,0.,0.));
#2147=DIRECTION('ref_axis',(0.,0.,1.));
#2148=DIRECTION('center_axis',(0.,0.,-1.));
#2149=DIRECTION('ref_axis',(0.,1.,0.));
#2150=DIRECTION('center_axis',(0.,0.,-1.));
#2151=DIRECTION('ref_axis',(-0.707106781186548,0.707106781186547,0.));
#2152=DIRECTION('center_axis',(0.,0.,1.));
#2153=DIRECTION('ref_axis',(-0.707106781186548,0.707106781186547,0.));
#2154=DIRECTION('',(0.,0.,-1.));
#2155=DIRECTION('',(0.,0.,1.));
#2156=DIRECTION('center_axis',(-1.,0.,0.));
#2157=DIRECTION('ref_axis',(0.,0.707106781186548,0.707106781186547));
#2158=DIRECTION('',(1.,0.,0.));
#2159=DIRECTION('',(-1.,0.,0.));
#2160=DIRECTION('center_axis',(0.,-1.,0.));
#2161=DIRECTION('ref_axis',(-0.707106781186549,0.,0.707106781186546));
#2162=DIRECTION('',(0.,1.,0.));
#2163=DIRECTION('center_axis',(0.70710678118658,-0.707106781186515,0.));
#2164=DIRECTION('ref_axis',(-0.707106781186515,-0.70710678118658,0.));
#2165=DIRECTION('',(0.,-1.,0.));
#2166=DIRECTION('center_axis',(1.,0.,0.));
#2167=DIRECTION('ref_axis',(0.,-0.707106781186546,0.707106781186549));
#2168=DIRECTION('center_axis',(0.70710678118658,0.707106781186515,1.96261557335463E-16));
#2169=DIRECTION('ref_axis',(0.707106781186515,-0.70710678118658,-1.96261557335481E-16));
#2170=DIRECTION('',(1.,0.,0.));
#2171=DIRECTION('center_axis',(0.,1.,0.));
#2172=DIRECTION('ref_axis',(0.707106781186549,0.,0.707106781186546));
#2173=DIRECTION('',(0.,1.,0.));
#2174=DIRECTION('',(0.,-1.,0.));
#2175=DIRECTION('center_axis',(0.,-1.,0.));
#2176=DIRECTION('ref_axis',(1.,0.,0.));
#2177=DIRECTION('',(-1.,0.,0.));
#2178=DIRECTION('center_axis',(0.,0.,-1.));
#2179=DIRECTION('ref_axis',(-1.,0.,0.));
#2180=DIRECTION('center_axis',(-1.,0.,0.));
#2181=DIRECTION('ref_axis',(0.,-1.,0.));
#2182=DIRECTION('',(0.,1.,0.));
#2183=DIRECTION('center_axis',(1.,0.,0.));
#2184=DIRECTION('ref_axis',(0.,1.,0.));
#2185=DIRECTION('',(0.,-1.,0.));
#2186=DIRECTION('center_axis',(0.,0.,1.));
#2187=DIRECTION('ref_axis',(-1.,0.,0.));
#2188=DIRECTION('center_axis',(1.,0.,0.));
#2189=DIRECTION('ref_axis',(0.,0.,1.));
#2190=DIRECTION('center_axis',(1.,0.,0.));
#2191=DIRECTION('ref_axis',(0.,-1.,0.));
#2192=DIRECTION('center_axis',(0.,1.,0.));
#2193=DIRECTION('ref_axis',(0.,0.,-1.));
#2194=DIRECTION('center_axis',(-1.,0.,0.));
#2195=DIRECTION('ref_axis',(0.,-1.,0.));
#2196=DIRECTION('center_axis',(-1.,0.,0.));
#2197=DIRECTION('ref_axis',(0.,-1.,0.));
#2198=DIRECTION('center_axis',(1.,0.,0.));
#2199=DIRECTION('ref_axis',(0.,-1.,0.));
#2200=DIRECTION('center_axis',(1.,0.,0.));
#2201=DIRECTION('ref_axis',(0.,-1.,0.));
#2202=DIRECTION('center_axis',(1.,0.,0.));
#2203=DIRECTION('ref_axis',(0.,-1.,0.));
#2204=DIRECTION('',(-1.,0.,0.));
#2205=DIRECTION('center_axis',(1.,0.,0.));
#2206=DIRECTION('ref_axis',(0.,-1.,0.));
#2207=DIRECTION('',(0.,-0.999595697288293,0.0284331138416336));
#2208=DIRECTION('center_axis',(1.,0.,0.));
#2209=DIRECTION('ref_axis',(0.,-1.,0.));
#2210=DIRECTION('center_axis',(1.,0.,0.));
#2211=DIRECTION('ref_axis',(0.,0.,1.));
#2212=DIRECTION('center_axis',(0.,1.,0.));
#2213=DIRECTION('ref_axis',(0.,0.,-1.));
#2214=DIRECTION('center_axis',(0.,0.0284331138416336,0.999595697288293));
#2215=DIRECTION('ref_axis',(0.,-0.999595697288293,0.0284331138416336));
#2216=DIRECTION('',(1.,0.,0.));
#2217=DIRECTION('center_axis',(1.,0.,0.));
#2218=DIRECTION('ref_axis',(0.,0.999999999999801,6.30137227608136E-7));
#2219=DIRECTION('center_axis',(0.,-1.,0.));
#2220=DIRECTION('ref_axis',(0.,0.,-1.));
#2221=DIRECTION('center_axis',(0.,1.,0.));
#2222=DIRECTION('ref_axis',(0.,0.,-1.));
#2223=DIRECTION('center_axis',(0.,0.,-1.));
#2224=DIRECTION('ref_axis',(1.,0.,0.));
#2225=DIRECTION('center_axis',(0.,0.,1.));
#2226=DIRECTION('ref_axis',(-1.,0.,0.));
#2227=DIRECTION('center_axis',(-2.06009431449483E-16,0.,-1.));
#2228=DIRECTION('ref_axis',(1.,0.,-2.06009431449483E-16));
#2229=DIRECTION('center_axis',(0.,0.,1.));
#2230=DIRECTION('ref_axis',(-1.,0.,0.));
#2231=DIRECTION('center_axis',(0.664463024388675,-0.241844762647975,-0.707106781186548));
#2232=DIRECTION('ref_axis',(-0.300420137987151,-0.952810948165289,0.0435779502517468));
#2233=DIRECTION('center_axis',(0.,0.,1.));
#2234=DIRECTION('ref_axis',(-1.,0.,0.));
#2235=DIRECTION('center_axis',(-0.664463024388675,-0.241844762647975,-0.707106781186548));
#2236=DIRECTION('ref_axis',(0.300420137987151,-0.952810948165289,0.0435779502517468));
#2237=DIRECTION('center_axis',(0.,0.,1.));
#2238=DIRECTION('ref_axis',(-1.,0.,0.));
#2239=DIRECTION('center_axis',(0.,0.,-1.));
#2240=DIRECTION('ref_axis',(-0.939692620785908,0.342020143325669,0.));
#2241=DIRECTION('center_axis',(0.,0.,1.));
#2242=DIRECTION('ref_axis',(-1.,0.,0.));
#2243=DIRECTION('center_axis',(0.,0.,1.));
#2244=DIRECTION('ref_axis',(-1.,0.,0.));
#2245=DIRECTION('',(0.342020143325669,0.939692620785909,0.));
#2246=DIRECTION('center_axis',(0.,0.,1.));
#2247=DIRECTION('ref_axis',(-1.,0.,0.));
#2248=DIRECTION('center_axis',(0.,0.,1.));
#2249=DIRECTION('ref_axis',(-1.,0.,0.));
#2250=DIRECTION('center_axis',(0.664463024388675,-0.241844762647975,-0.707106781186548));
#2251=DIRECTION('ref_axis',(-0.664463024388675,0.241844762647975,-0.707106781186547));
#2252=DIRECTION('center_axis',(0.664463024388675,-0.241844762647975,-0.707106781186548));
#2253=DIRECTION('ref_axis',(-0.664463024388675,0.241844762647975,-0.707106781186547));
#2254=DIRECTION('',(0.,0.,1.));
#2255=DIRECTION('center_axis',(0.,0.,-1.));
#2256=DIRECTION('ref_axis',(1.,0.,0.));
#2257=DIRECTION('center_axis',(0.,0.,-1.));
#2258=DIRECTION('ref_axis',(0.939692620785908,0.342020143325669,0.));
#2259=DIRECTION('center_axis',(0.,0.,-1.));
#2260=DIRECTION('ref_axis',(1.,0.,0.));
#2261=DIRECTION('center_axis',(0.,0.,-1.));
#2262=DIRECTION('ref_axis',(1.,0.,0.));
#2263=DIRECTION('',(0.342020143325669,-0.939692620785909,0.));
#2264=DIRECTION('center_axis',(0.,0.,-1.));
#2265=DIRECTION('ref_axis',(1.,0.,0.));
#2266=DIRECTION('center_axis',(0.,0.,-1.));
#2267=DIRECTION('ref_axis',(1.,0.,0.));
#2268=DIRECTION('center_axis',(-0.664463024388675,-0.241844762647975,-0.707106781186548));
#2269=DIRECTION('ref_axis',(0.664463024388675,0.241844762647975,-0.707106781186547));
#2270=DIRECTION('center_axis',(-0.664463024388675,-0.241844762647975,-0.707106781186548));
#2271=DIRECTION('ref_axis',(0.664463024388675,0.241844762647975,-0.707106781186547));
#2272=DIRECTION('',(0.,0.,1.));
#2273=DIRECTION('center_axis',(0.664463024388675,0.241844762647975,0.707106781186548));
#2274=DIRECTION('ref_axis',(0.342020143325669,-0.939692620785909,1.47196168001604E-17));
#2275=DIRECTION('center_axis',(0.664463024388675,0.241844762647975,0.707106781186548));
#2276=DIRECTION('ref_axis',(0.342020143325669,-0.939692620785909,-2.67219334249313E-17));
#2277=DIRECTION('',(-0.664463024388675,-0.241844762647975,-0.707106781186548));
#2278=DIRECTION('center_axis',(0.664463024388675,0.241844762647975,0.707106781186548));
#2279=DIRECTION('ref_axis',(0.342020143325669,-0.939692620785909,-1.96261557335472E-17));
#2280=DIRECTION('center_axis',(0.664463024388675,0.241844762647975,0.707106781186548));
#2281=DIRECTION('ref_axis',(0.342020143325669,-0.939692620785909,-2.67219334249313E-17));
#2282=DIRECTION('center_axis',(0.664463024388675,0.241844762647975,0.707106781186548));
#2283=DIRECTION('ref_axis',(0.342020143325669,-0.939692620785909,-1.96261557335472E-17));
#2284=DIRECTION('center_axis',(-0.664463024388675,-0.241844762647975,-0.707106781186548));
#2285=DIRECTION('ref_axis',(0.300420137987152,-0.952810948165289,0.0435779502517477));
#2286=DIRECTION('center_axis',(0.664463024388675,0.241844762647975,0.707106781186548));
#2287=DIRECTION('ref_axis',(0.342020143325669,-0.939692620785909,-2.67219334249313E-17));
#2288=DIRECTION('center_axis',(0.664463024388675,0.241844762647975,0.707106781186548));
#2289=DIRECTION('ref_axis',(0.300420137987152,-0.952810948165289,0.0435779502517477));
#2290=DIRECTION('',(-0.63575120171138,-0.323967416196616,-0.700617957781147));
#2291=DIRECTION('center_axis',(0.664463024388675,-0.241844762647975,-0.707106781186548));
#2292=DIRECTION('ref_axis',(-0.342020143325669,-0.939692620785909,1.47196168001604E-17));
#2293=DIRECTION('center_axis',(0.664463024388675,-0.241844762647975,-0.707106781186548));
#2294=DIRECTION('ref_axis',(-0.342020143325669,-0.939692620785909,-2.67219334249313E-17));
#2295=DIRECTION('',(0.664463024388675,-0.241844762647975,-0.707106781186548));
#2296=DIRECTION('center_axis',(0.664463024388675,-0.241844762647975,-0.707106781186548));
#2297=DIRECTION('ref_axis',(-0.342020143325669,-0.939692620785909,-1.96261557335472E-17));
#2298=DIRECTION('center_axis',(0.664463024388675,-0.241844762647975,-0.707106781186548));
#2299=DIRECTION('ref_axis',(-0.342020143325669,-0.939692620785909,-2.67219334249313E-17));
#2300=DIRECTION('center_axis',(0.664463024388675,-0.241844762647975,-0.707106781186548));
#2301=DIRECTION('ref_axis',(-0.342020143325669,-0.939692620785909,-1.96261557335472E-17));
#2302=DIRECTION('center_axis',(-0.664463024388675,0.241844762647975,0.707106781186548));
#2303=DIRECTION('ref_axis',(-0.300420137987152,-0.952810948165289,0.0435779502517477));
#2304=DIRECTION('center_axis',(0.664463024388675,-0.241844762647975,-0.707106781186548));
#2305=DIRECTION('ref_axis',(-0.342020143325669,-0.939692620785909,-2.67219334249313E-17));
#2306=DIRECTION('center_axis',(-0.664463024388675,0.241844762647975,0.707106781186548));
#2307=DIRECTION('ref_axis',(-0.300420137987152,-0.952810948165289,0.0435779502517477));
#2308=DIRECTION('',(0.63575120171138,-0.323967416196616,-0.700617957781147));
#2309=CARTESIAN_POINT('',(0.,0.,0.));
#2310=CARTESIAN_POINT('Origin',(-47.5930500494792,0.,-3.93923101204883));
#2311=CARTESIAN_POINT('',(-46.8984573388114,9.80000000000009,4.44089209850063E-15));
#2312=CARTESIAN_POINT('',(-47.5754173514083,9.8000000000001,-3.83923101204883));
#2313=CARTESIAN_POINT('',(-45.5629661035001,9.80000000000006,7.57394716308012));
#2314=CARTESIAN_POINT('',(-47.5930500494792,9.50000000000009,-3.93923101204883));
#2315=CARTESIAN_POINT('Origin',(-47.5048865591249,9.50000000000009,-3.43923101204883));
#2316=CARTESIAN_POINT('',(-47.5930500494792,0.,-3.93923101204883));
#2317=CARTESIAN_POINT('',(-47.5930500494792,5.00000000000005,-3.93923101204883));
#2318=CARTESIAN_POINT('',(-46.8984573388114,0.,4.44089209850063E-15));
#2319=CARTESIAN_POINT('',(-46.4877401156688,9.32587340685131E-14,2.32929312061282));
#2320=CARTESIAN_POINT('',(-46.8984573388114,0.,4.44089209850063E-15));
#2321=CARTESIAN_POINT('Origin',(-43.1015426611886,0.,4.47558656802016E-15));
#2322=CARTESIAN_POINT('',(-42.4069499505208,9.50000000000009,-3.93923101204883));
#2323=CARTESIAN_POINT('',(-42.4245826485917,9.8000000000001,-3.83923101204883));
#2324=CARTESIAN_POINT('Origin',(-42.4951134408751,9.50000000000009,-3.43923101204883));
#2325=CARTESIAN_POINT('',(-43.1015426611886,9.8000000000001,4.44089209850063E-15));
#2326=CARTESIAN_POINT('',(-45.7481904695536,9.8000000000001,15.0098855985116));
#2327=CARTESIAN_POINT('',(-43.1015426611886,0.,4.44089209850063E-15));
#2328=CARTESIAN_POINT('',(-43.1015426611886,0.,4.44089209850063E-15));
#2329=CARTESIAN_POINT('',(-42.4069499505208,0.,-3.93923101204883));
#2330=CARTESIAN_POINT('',(-43.8595562396651,9.32587340685131E-14,4.29890862663724));
#2331=CARTESIAN_POINT('',(-42.4069499505208,5.00000000000005,-3.93923101204883));
#2332=CARTESIAN_POINT('Origin',(-45.1690430022952,9.50000000000009,7.50448789201334));
#2333=CARTESIAN_POINT('',(-47.,9.50000000000009,4.44089209850063E-15));
#2334=CARTESIAN_POINT('Origin',(-46.4922866940571,9.50000000000009,4.44089209850063E-15));
#2335=CARTESIAN_POINT('',(-46.4041232037029,10.0000000000001,0.500000000000005));
#2336=CARTESIAN_POINT('Origin',(-46.4041232037029,9.50000000000009,0.500000000000005));
#2337=CARTESIAN_POINT('',(-47.0987159143706,10.0000000000001,-3.43923101204883));
#2338=CARTESIAN_POINT('',(-45.1690430022952,10.0000000000001,7.50448789201334));
#2339=CARTESIAN_POINT('Origin',(-47.0987159143706,9.50000000000009,-3.43923101204883));
#2340=CARTESIAN_POINT('Origin',(-45.3,-4.,13.7));
#2341=CARTESIAN_POINT('',(-45.3,9.32587340685131E-14,13.7));
#2342=CARTESIAN_POINT('',(-45.3,9.32587340685131E-14,7.3));
#2343=CARTESIAN_POINT('',(-45.3,9.32587340685131E-14,12.1));
#2344=CARTESIAN_POINT('',(-45.3,-4.,13.7));
#2345=CARTESIAN_POINT('',(-45.3,-4.,13.7));
#2346=CARTESIAN_POINT('',(-45.3,-4.,7.3));
#2347=CARTESIAN_POINT('',(-45.3,-4.,12.1));
#2348=CARTESIAN_POINT('',(-45.3,-4.,7.3));
#2349=CARTESIAN_POINT('Origin',(-48.7,-4.,13.7));
#2350=CARTESIAN_POINT('',(-48.7,9.32587340685131E-14,13.7));
#2351=CARTESIAN_POINT('',(-47.85,9.32587340685131E-14,13.7));
#2352=CARTESIAN_POINT('',(-48.7,-4.,13.7));
#2353=CARTESIAN_POINT('',(-48.7,-4.,13.7));
#2354=CARTESIAN_POINT('',(-47.85,-4.,13.7));
#2355=CARTESIAN_POINT('Origin',(-48.7,-4.,7.3));
#2356=CARTESIAN_POINT('',(-48.7,9.32587340685131E-14,7.3));
#2357=CARTESIAN_POINT('',(-48.7,9.32587340685131E-14,8.9));
#2358=CARTESIAN_POINT('',(-48.7,-4.,7.3));
#2359=CARTESIAN_POINT('',(-48.7,-4.,7.3));
#2360=CARTESIAN_POINT('',(-48.7,-4.,8.9));
#2361=CARTESIAN_POINT('Origin',(-45.3,-4.,7.3));
#2362=CARTESIAN_POINT('',(-46.15,9.32587340685131E-14,7.3));
#2363=CARTESIAN_POINT('',(-46.15,-4.,7.3));
#2364=CARTESIAN_POINT('Origin',(-91.3,-4.,13.7));
#2365=CARTESIAN_POINT('',(-91.3,9.32587340685131E-14,13.7));
#2366=CARTESIAN_POINT('',(-91.3,9.32587340685131E-14,7.3));
#2367=CARTESIAN_POINT('',(-91.3,9.32587340685131E-14,12.1));
#2368=CARTESIAN_POINT('',(-91.3,-4.,13.7));
#2369=CARTESIAN_POINT('',(-91.3,-4.,13.7));
#2370=CARTESIAN_POINT('',(-91.3,-4.,7.3));
#2371=CARTESIAN_POINT('',(-91.3,-4.,12.1));
#2372=CARTESIAN_POINT('',(-91.3,-4.,7.3));
#2373=CARTESIAN_POINT('Origin',(-94.7,-4.,13.7));
#2374=CARTESIAN_POINT('',(-94.7,9.32587340685131E-14,13.7));
#2375=CARTESIAN_POINT('',(-93.85,9.32587340685131E-14,13.7));
#2376=CARTESIAN_POINT('',(-94.7,-4.,13.7));
#2377=CARTESIAN_POINT('',(-94.7,-4.,13.7));
#2378=CARTESIAN_POINT('',(-93.85,-4.,13.7));
#2379=CARTESIAN_POINT('Origin',(-94.7,-4.,7.3));
#2380=CARTESIAN_POINT('',(-94.7,9.32587340685131E-14,7.3));
#2381=CARTESIAN_POINT('',(-94.7,9.32587340685131E-14,8.9));
#2382=CARTESIAN_POINT('',(-94.7,-4.,7.3));
#2383=CARTESIAN_POINT('',(-94.7,-4.,7.3));
#2384=CARTESIAN_POINT('',(-94.7,-4.,8.9));
#2385=CARTESIAN_POINT('Origin',(-91.3,-4.,7.3));
#2386=CARTESIAN_POINT('',(-92.15,9.32587340685131E-14,7.3));
#2387=CARTESIAN_POINT('',(-92.15,-4.,7.3));
#2388=CARTESIAN_POINT('Origin',(-96.8984237954243,10.0000000000001,-1.38777878078145E-14));
#2389=CARTESIAN_POINT('',(-97.6006761887562,9.50000000000009,-3.93923101204883));
#2390=CARTESIAN_POINT('',(-97.6006761887562,9.32587340685131E-14,-3.93923101204883));
#2391=CARTESIAN_POINT('',(-97.6006761887562,10.0000000000001,-3.93923101204883));
#2392=CARTESIAN_POINT('',(-96.8984237954244,9.32587340685131E-14,0.));
#2393=CARTESIAN_POINT('',(-95.3621998052065,9.32587340685131E-14,8.61733080752935));
#2394=CARTESIAN_POINT('',(-96.8984237954244,9.80004403999897,1.11022302462516E-15));
#2395=CARTESIAN_POINT('',(-96.8984237954244,10.0000000000001,0.));
#2396=CARTESIAN_POINT('',(-97.5841562788679,9.78996545474563,-3.84656384285702));
#2397=CARTESIAN_POINT('Ctrl Pts',(-96.8984237954243,9.80004403999908,-2.22044604925031E-15));
#2398=CARTESIAN_POINT('Ctrl Pts',(-97.2471468994644,9.79505072631733,-1.95613554200219));
#2399=CARTESIAN_POINT('Ctrl Pts',(-97.5841562788679,9.78996545474562,-3.84656384285702));
#2400=CARTESIAN_POINT('Origin',(-97.5115404677,9.50000000000009,-3.43923101204883));
#2401=CARTESIAN_POINT('Origin',(-92.40156133174,10.0000000000001,-3.94527225093529));
#2402=CARTESIAN_POINT('',(-92.4026332139466,9.32587340685131E-14,-3.93923101204883));
#2403=CARTESIAN_POINT('',(-92.4026332139466,9.50000000000009,-3.93923101204883));
#2404=CARTESIAN_POINT('',(-92.4026332139467,10.0000000000001,-3.93923101204883));
#2405=CARTESIAN_POINT('',(-92.4196401295985,9.79438917693164,-3.84337827791309));
#2406=CARTESIAN_POINT('Origin',(-92.491346988286,9.50000000000009,-3.43923101204883));
#2407=CARTESIAN_POINT('',(-93.083818561226,9.79987994475179,-0.1));
#2408=CARTESIAN_POINT('Ctrl Pts',(-92.4196401295985,9.79438917693164,-3.84337827791309));
#2409=CARTESIAN_POINT('Ctrl Pts',(-92.7486609799225,9.79714841073803,-1.98898276394628));
#2410=CARTESIAN_POINT('Ctrl Pts',(-93.0838185612259,9.79987994475179,-0.0999999999999979));
#2411=CARTESIAN_POINT('',(-93.083818561226,9.32587340685131E-14,-0.1));
#2412=CARTESIAN_POINT('',(-93.083818561226,10.0000000000001,-0.1));
#2413=CARTESIAN_POINT('',(-92.7512037427809,9.32587340685131E-14,-1.97465148970323));
#2414=CARTESIAN_POINT('Origin',(-93.083818561226,10.0000000000001,-0.1));
#2415=CARTESIAN_POINT('',(-93.1172026318055,9.81953060640745,0.));
#2416=CARTESIAN_POINT('Origin',(-93.944866119561,9.50000000000009,2.47921680426698));
#2417=CARTESIAN_POINT('',(-93.1172026318055,9.32587340685131E-14,0.));
#2418=CARTESIAN_POINT('',(-93.1172026318055,10.0000000000001,0.));
#2419=CARTESIAN_POINT('',(-91.9691708674288,9.32587340685131E-14,-3.43886094310309));
#2420=CARTESIAN_POINT('Origin',(-94.7624971174529,9.50000000000009,9.81012417755979));
#2421=CARTESIAN_POINT('',(-97.,9.50000000000009,4.44089209850063E-15));
#2422=CARTESIAN_POINT('Origin',(-96.4922866940571,9.50000000000009,0.));
#2423=CARTESIAN_POINT('',(-96.4041232037029,10.0000000000001,0.500000000000005));
#2424=CARTESIAN_POINT('Origin',(-96.4041232037029,9.50000000000009,0.500000000000005));
#2425=CARTESIAN_POINT('',(-97.0987159143706,10.0000000000001,-3.43923101204883));
#2426=CARTESIAN_POINT('',(-94.7624971174529,10.0000000000001,9.81012417755979));
#2427=CARTESIAN_POINT('Origin',(-97.0987159143706,9.50000000000009,-3.43923101204883));
#2428=CARTESIAN_POINT('Origin',(-95.7355676859162,9.50000000000009,12.6347900418984));
#2429=CARTESIAN_POINT('',(-92.9012840856294,10.0000000000001,-3.43923101204883));
#2430=CARTESIAN_POINT('Origin',(-92.9012840856294,9.50000000000009,-3.43923101204883));
#2431=CARTESIAN_POINT('',(-93.5958767962971,10.0000000000001,0.500000000000003));
#2432=CARTESIAN_POINT('',(-95.7355676859162,10.0000000000001,12.6347900418984));
#2433=CARTESIAN_POINT('',(-93.,9.50000000000009,4.44089209850063E-15));
#2434=CARTESIAN_POINT('Origin',(-93.5958767962971,9.50000000000009,0.500000000000003));
#2435=CARTESIAN_POINT('Origin',(-93.5077133059429,9.50000000000009,0.));
#2436=CARTESIAN_POINT('Origin',(-45.,9.32587340685131E-14,8.53038449397559));
#2437=CARTESIAN_POINT('',(-50.,0.,4.44089209850063E-15));
#2438=CARTESIAN_POINT('',(-56.5,0.,4.44089209850063E-15));
#2439=CARTESIAN_POINT('',(-42.3054072893323,9.32587340685131E-14,-3.93923101204883));
#2440=CARTESIAN_POINT('',(-40.5,0.,4.44089209850063E-15));
#2441=CARTESIAN_POINT('',(-56.5,0.,4.44089209850063E-15));
#2442=CARTESIAN_POINT('',(-40.5,0.,25.));
#2443=CARTESIAN_POINT('',(-40.5,9.32587340685131E-14,14.7651922469878));
#2444=CARTESIAN_POINT('',(-83.,0.,25.));
#2445=CARTESIAN_POINT('',(-55.,0.,25.));
#2446=CARTESIAN_POINT('',(-83.,0.,29.));
#2447=CARTESIAN_POINT('',(-83.,0.,25.));
#2448=CARTESIAN_POINT('',(-89.,0.,29.));
#2449=CARTESIAN_POINT('',(-65.5,9.32587340685131E-14,29.));
#2450=CARTESIAN_POINT('',(-89.,0.,25.));
#2451=CARTESIAN_POINT('',(-89.,0.,25.));
#2452=CARTESIAN_POINT('',(-99.5,0.,25.));
#2453=CARTESIAN_POINT('',(-55.,0.,25.));
#2454=CARTESIAN_POINT('',(-99.5,0.,4.44089209850063E-15));
#2455=CARTESIAN_POINT('',(-99.5,9.32587340685131E-14,16.7651922469878));
#2456=CARTESIAN_POINT('',(-80.,0.,4.44089209850063E-15));
#2457=CARTESIAN_POINT('',(-97.6945927106677,9.32587340685131E-14,-3.93923101204883));
#2458=CARTESIAN_POINT('',(-90.,0.,4.44089209850063E-15));
#2459=CARTESIAN_POINT('',(-80.,0.,4.44089209850063E-15));
#2460=CARTESIAN_POINT('',(-90.,0.,21.));
#2461=CARTESIAN_POINT('',(-90.,0.,15.7651922469878));
#2462=CARTESIAN_POINT('',(-50.,0.,21.));
#2463=CARTESIAN_POINT('',(-85.,0.,21.));
#2464=CARTESIAN_POINT('',(-50.,0.,15.7651922469878));
#2465=CARTESIAN_POINT('Origin',(-100.,9.50000000000009,21.5));
#2466=CARTESIAN_POINT('',(-49.5,10.0000000000001,21.5));
#2467=CARTESIAN_POINT('',(-90.5,10.0000000000001,21.5));
#2468=CARTESIAN_POINT('',(-100.,10.0000000000001,21.5));
#2469=CARTESIAN_POINT('',(-50.,9.50000000000009,21.));
#2470=CARTESIAN_POINT('Origin',(-49.5,9.50000000000009,21.5));
#2471=CARTESIAN_POINT('',(-90.,9.50000000000009,21.));
#2472=CARTESIAN_POINT('',(-100.,9.50000000000009,21.));
#2473=CARTESIAN_POINT('Origin',(-90.5,9.50000000000009,21.5));
#2474=CARTESIAN_POINT('Origin',(-40.5,0.500000000000093,14.7651922469878));
#2475=CARTESIAN_POINT('',(-40.,0.500000000000093,24.5));
#2476=CARTESIAN_POINT('',(-40.,0.500000000000093,0.500000000000005));
#2477=CARTESIAN_POINT('',(-40.,0.500000000000093,14.7651922469878));
#2478=CARTESIAN_POINT('Origin',(-40.5,0.500000000000093,24.5));
#2479=CARTESIAN_POINT('Origin',(-40.5,0.500000000000093,0.500000000000005));
#2480=CARTESIAN_POINT('Origin',(-40.5,9.50000000000009,0.500000000000003));
#2481=CARTESIAN_POINT('',(-40.5,10.0000000000001,0.500000000000003));
#2482=CARTESIAN_POINT('',(-40.,9.50000000000009,0.500000000000007));
#2483=CARTESIAN_POINT('Origin',(-40.5,9.50000000000009,0.500000000000003));
#2484=CARTESIAN_POINT('',(-40.5,9.50000000000009,4.44089209850063E-15));
#2485=CARTESIAN_POINT('Origin',(-40.5,9.5000000000001,0.500000000000005));
#2486=CARTESIAN_POINT('Origin',(-40.5,9.50000000000009,0.500000000000003));
#2487=CARTESIAN_POINT('Origin',(-71.5,9.50000000000009,0.500000000000003));
#2488=CARTESIAN_POINT('',(-43.,9.50000000000009,4.44089209850063E-15));
#2489=CARTESIAN_POINT('',(-71.5,9.50000000000009,4.44089209850063E-15));
#2490=CARTESIAN_POINT('',(-43.5958767962971,10.0000000000001,0.500000000000003));
#2491=CARTESIAN_POINT('Origin',(-43.5958767962971,9.50000000000009,0.500000000000003));
#2492=CARTESIAN_POINT('',(-71.5,10.0000000000001,0.500000000000003));
#2493=CARTESIAN_POINT('Origin',(-40.5,-4.99999999999991,0.500000000000005));
#2494=CARTESIAN_POINT('',(-40.,-4.99999999999991,0.500000000000005));
#2495=CARTESIAN_POINT('',(-40.5,-4.99999999999991,4.44089209850063E-15));
#2496=CARTESIAN_POINT('Origin',(-99.5,0.500000000000093,16.7651922469878));
#2497=CARTESIAN_POINT('',(-100.,0.500000000000093,0.500000000000003));
#2498=CARTESIAN_POINT('',(-100.,0.500000000000091,24.5));
#2499=CARTESIAN_POINT('',(-100.,0.500000000000093,16.7651922469878));
#2500=CARTESIAN_POINT('Origin',(-99.5,0.500000000000093,0.500000000000003));
#2501=CARTESIAN_POINT('Origin',(-99.5,0.500000000000093,24.5));
#2502=CARTESIAN_POINT('Origin',(-99.5,9.50000000000009,0.500000000000005));
#2503=CARTESIAN_POINT('',(-99.5,9.50000000000009,4.44089209850063E-15));
#2504=CARTESIAN_POINT('',(-100.,9.5000000000001,0.500000000000003));
#2505=CARTESIAN_POINT('Origin',(-99.5,9.50000000000009,0.500000000000003));
#2506=CARTESIAN_POINT('',(-99.5,10.0000000000001,0.500000000000007));
#2507=CARTESIAN_POINT('Origin',(-99.5,9.50000000000009,0.500000000000003));
#2508=CARTESIAN_POINT('Origin',(-99.5,9.50000000000009,0.500000000000005));
#2509=CARTESIAN_POINT('Origin',(-95.,9.50000000000009,0.500000000000005));
#2510=CARTESIAN_POINT('',(-95.,10.0000000000001,0.500000000000005));
#2511=CARTESIAN_POINT('',(-95.,9.50000000000009,4.44089209850063E-15));
#2512=CARTESIAN_POINT('Origin',(-40.5,9.50000000000009,24.5));
#2513=CARTESIAN_POINT('',(-40.5,9.50000000000009,25.));
#2514=CARTESIAN_POINT('',(-40.,9.5000000000001,24.5));
#2515=CARTESIAN_POINT('Origin',(-40.5,9.5000000000001,24.5));
#2516=CARTESIAN_POINT('',(-40.5,10.0000000000001,24.5));
#2517=CARTESIAN_POINT('Origin',(-40.5,9.50000000000009,24.5));
#2518=CARTESIAN_POINT('Origin',(-40.5,9.50000000000009,24.5));
#2519=CARTESIAN_POINT('Origin',(-99.5,9.5000000000001,24.5));
#2520=CARTESIAN_POINT('',(-99.5,9.5000000000001,25.));
#2521=CARTESIAN_POINT('',(-99.5,10.0000000000001,24.5));
#2522=CARTESIAN_POINT('Origin',(-99.5,9.50000000000009,24.5));
#2523=CARTESIAN_POINT('',(-100.,9.50000000000009,24.5));
#2524=CARTESIAN_POINT('Origin',(-99.5,9.50000000000009,24.5));
#2525=CARTESIAN_POINT('Origin',(-99.5,9.5000000000001,24.5));
#2526=CARTESIAN_POINT('Origin',(-99.5,-19.9999999999999,24.5));
#2527=CARTESIAN_POINT('',(-100.,-19.9999999999999,24.5));
#2528=CARTESIAN_POINT('',(-99.5,-19.9999999999999,25.));
#2529=CARTESIAN_POINT('Origin',(-99.5,9.50000000000009,25.));
#2530=CARTESIAN_POINT('',(-100.,9.50000000000009,25.));
#2531=CARTESIAN_POINT('',(-99.5,10.0000000000001,25.));
#2532=CARTESIAN_POINT('Origin',(-70.,9.50000000000009,24.5));
#2533=CARTESIAN_POINT('',(-70.,10.0000000000001,24.5));
#2534=CARTESIAN_POINT('',(-70.,9.50000000000009,25.));
#2535=CARTESIAN_POINT('Origin',(-40.5,9.50000000000009,23.));
#2536=CARTESIAN_POINT('',(-40.5,10.0000000000001,23.));
#2537=CARTESIAN_POINT('',(-40.,9.50000000000009,23.));
#2538=CARTESIAN_POINT('Origin',(-40.5,-19.9999999999999,24.5));
#2539=CARTESIAN_POINT('',(-40.5,-19.9999999999999,25.));
#2540=CARTESIAN_POINT('',(-40.,-19.9999999999999,24.5));
#2541=CARTESIAN_POINT('Origin',(-99.5,-4.99999999999991,0.500000000000003));
#2542=CARTESIAN_POINT('',(-99.5,-4.99999999999991,4.44089209850063E-15));
#2543=CARTESIAN_POINT('',(-100.,-4.99999999999991,0.500000000000003));
#2544=CARTESIAN_POINT('Origin',(-46.1421135707585,9.50000000000009,14.9404263274448));
#2545=CARTESIAN_POINT('Origin',(-43.5077133059429,9.50000000000009,4.44089209850063E-15));
#2546=CARTESIAN_POINT('',(-42.9012840856294,10.0000000000001,-3.43923101204883));
#2547=CARTESIAN_POINT('Origin',(-42.9012840856294,9.50000000000009,-3.43923101204883));
#2548=CARTESIAN_POINT('',(-46.1421135707585,10.0000000000001,14.9404263274448));
#2549=CARTESIAN_POINT('Origin',(-96.1527036446661,9.50000000000009,-3.43923101204883));
#2550=CARTESIAN_POINT('',(-96.1527036446661,10.0000000000001,-3.43923101204883));
#2551=CARTESIAN_POINT('',(-96.1527036446661,9.50000000000009,-3.93923101204883));
#2552=CARTESIAN_POINT('Origin',(-73.8472963553339,9.50000000000009,-3.43923101204882));
#2553=CARTESIAN_POINT('',(-73.8472963553339,10.0000000000001,-3.43923101204882));
#2554=CARTESIAN_POINT('',(-73.8472963553339,9.50000000000009,-3.93923101204882));
#2555=CARTESIAN_POINT('Origin',(-95.,9.50000000000009,0.500000000000003));
#2556=CARTESIAN_POINT('',(-90.5,10.0000000000001,0.500000000000003));
#2557=CARTESIAN_POINT('',(-95.,10.0000000000001,0.500000000000003));
#2558=CARTESIAN_POINT('',(-90.,9.50000000000009,4.44089209850063E-15));
#2559=CARTESIAN_POINT('Origin',(-90.5,9.50000000000009,0.500000000000003));
#2560=CARTESIAN_POINT('',(-95.,9.50000000000009,4.44089209850063E-15));
#2561=CARTESIAN_POINT('Origin',(-71.5,9.50000000000009,0.500000000000005));
#2562=CARTESIAN_POINT('',(-50.,9.50000000000009,4.44089209850063E-15));
#2563=CARTESIAN_POINT('',(-71.5,9.50000000000009,4.44089209850063E-15));
#2564=CARTESIAN_POINT('',(-49.5,10.0000000000001,0.500000000000007));
#2565=CARTESIAN_POINT('Origin',(-49.5,9.50000000000009,0.500000000000005));
#2566=CARTESIAN_POINT('',(-71.5,10.0000000000001,0.500000000000005));
#2567=CARTESIAN_POINT('Origin',(-90.5,9.50000000000009,23.));
#2568=CARTESIAN_POINT('',(-90.5,10.0000000000001,23.));
#2569=CARTESIAN_POINT('',(-90.,9.50000000000009,23.));
#2570=CARTESIAN_POINT('Origin',(-49.5,9.50000000000009,23.));
#2571=CARTESIAN_POINT('',(-50.,9.50000000000009,23.));
#2572=CARTESIAN_POINT('',(-49.5,10.0000000000001,23.));
#2573=CARTESIAN_POINT('Origin',(-43.,10.0000000000001,4.44089209850063E-15));
#2574=CARTESIAN_POINT('',(-50.,10.0000000000001,4.44089209850063E-15));
#2575=CARTESIAN_POINT('Origin',(-50.,10.0000000000001,21.));
#2576=CARTESIAN_POINT('',(-50.,2.50000000000009,21.));
#2577=CARTESIAN_POINT('Origin',(-100.,-19.9999999999999,21.));
#2578=CARTESIAN_POINT('',(-90.,2.50000000000009,21.));
#2579=CARTESIAN_POINT('',(-60.3316983791634,4.84019945888968,21.));
#2580=CARTESIAN_POINT('Origin',(-56.3316983791634,4.84019945888968,21.));
#2581=CARTESIAN_POINT('',(-79.6683016208366,4.84019945888968,21.));
#2582=CARTESIAN_POINT('Origin',(-83.6683016208366,4.84019945888968,21.));
#2583=CARTESIAN_POINT('Origin',(-90.,10.0000000000001,21.));
#2584=CARTESIAN_POINT('',(-90.,10.0000000000001,4.44089209850063E-15));
#2585=CARTESIAN_POINT('Origin',(-90.,10.0000000000001,4.44089209850063E-15));
#2586=CARTESIAN_POINT('Origin',(-92.3054072893323,10.0000000000001,-3.93923101204883));
#2587=CARTESIAN_POINT('Origin',(-40.,-19.9999999999999,21.));
#2588=CARTESIAN_POINT('Origin',(-100.,-19.9999999999999,25.));
#2589=CARTESIAN_POINT('Origin',(-100.,10.0000000000001,25.));
#2590=CARTESIAN_POINT('',(-43.5,10.0000000000001,4.95808861858979));
#2591=CARTESIAN_POINT('',(-43.5,10.0000000000001,9.04231671990301));
#2592=CARTESIAN_POINT('',(-43.5,10.0000000000001,16.000134210221));
#2593=CARTESIAN_POINT('',(-46.5,10.0000000000001,9.04231671990301));
#2594=CARTESIAN_POINT('',(-73.,10.0000000000001,9.04231671990301));
#2595=CARTESIAN_POINT('',(-46.5,10.0000000000001,4.95808861858979));
#2596=CARTESIAN_POINT('',(-46.5,10.0000000000001,16.000134210221));
#2597=CARTESIAN_POINT('',(-73.,10.0000000000001,4.95808861858979));
#2598=CARTESIAN_POINT('Origin',(-46.5,10.5000000000001,16.000134210221));
#2599=CARTESIAN_POINT('',(-46.0002021513559,10.4857834430793,8.54251887125886));
#2600=CARTESIAN_POINT('Origin',(-46.5,10.5000000000001,9.04231671990301));
#2601=CARTESIAN_POINT('',(-46.,10.5000000000001,8.54211448678376));
#2602=CARTESIAN_POINT('Origin',(-46.5,10.5000000000001,8.54211448678376));
#2603=CARTESIAN_POINT('',(-46.,10.5000000000001,5.45828702209132));
#2604=CARTESIAN_POINT('',(-46.,10.5000000000001,16.000134210221));
#2605=CARTESIAN_POINT('',(-46.0001983248049,10.4859186125641,5.45789029378494));
#2606=CARTESIAN_POINT('Origin',(-46.5,10.5000000000001,5.45828702209132));
#2607=CARTESIAN_POINT('Origin',(-46.5,10.5000000000001,4.95808861858979));
#2608=CARTESIAN_POINT('Origin',(-43.5,10.5000000000001,16.000134210221));
#2609=CARTESIAN_POINT('',(-43.9998016751951,10.4859186125641,5.45789029378494));
#2610=CARTESIAN_POINT('Origin',(-43.5,10.5000000000001,4.95808861858979));
#2611=CARTESIAN_POINT('',(-44.,10.5000000000001,5.45828702209132));
#2612=CARTESIAN_POINT('Origin',(-43.5,10.5000000000001,5.45828702209132));
#2613=CARTESIAN_POINT('',(-44.,10.5000000000001,8.54211448678376));
#2614=CARTESIAN_POINT('',(-44.,10.5000000000001,16.000134210221));
#2615=CARTESIAN_POINT('',(-43.9997978486441,10.4857834430793,8.54251887125886));
#2616=CARTESIAN_POINT('Origin',(-43.5,10.5000000000001,8.54211448678376));
#2617=CARTESIAN_POINT('Origin',(-43.5,10.5000000000001,9.04231671990301));
#2618=CARTESIAN_POINT('Origin',(-73.,10.5000000000001,9.04231671990301));
#2619=CARTESIAN_POINT('',(-73.,10.4857834430793,8.54251887125886));
#2620=CARTESIAN_POINT('Origin',(-73.,10.5000000000001,4.95808861858979));
#2621=CARTESIAN_POINT('',(-73.,10.4859186125641,5.45789029378494));
#2622=CARTESIAN_POINT('Origin',(-46.,10.0000000000001,5.44420004706215));
#2623=CARTESIAN_POINT('',(-46.,11.983696264459,5.5000886065479));
#2624=CARTESIAN_POINT('',(-46.,11.983696264459,5.5000886065479));
#2625=CARTESIAN_POINT('',(-44.,11.983696264459,5.5000886065479));
#2626=CARTESIAN_POINT('',(-46.,11.983696264459,5.5000886065479));
#2627=CARTESIAN_POINT('',(-44.,11.983696264459,5.5000886065479));
#2628=CARTESIAN_POINT('Origin',(-44.,11.7500000000001,7.00026842044202));
#2629=CARTESIAN_POINT('',(-44.,11.983694374159,8.49991137290372));
#2630=CARTESIAN_POINT('Origin',(-44.,12.0000000000001,7.));
#2631=CARTESIAN_POINT('',(-44.,11.983694374159,8.49991137290372));
#2632=CARTESIAN_POINT('',(-44.,12.0000000000001,6.));
#2633=CARTESIAN_POINT('Origin',(-44.,12.0000000000001,7.));
#2634=CARTESIAN_POINT('Origin',(-84.,5.,29.));
#2635=CARTESIAN_POINT('',(-84.,6.,29.));
#2636=CARTESIAN_POINT('',(-84.,5.,30.));
#2637=CARTESIAN_POINT('Origin',(-84.,5.,29.));
#2638=CARTESIAN_POINT('',(-83.,5.,29.));
#2639=CARTESIAN_POINT('Origin',(-84.,5.,29.));
#2640=CARTESIAN_POINT('Origin',(-84.,5.,29.));
#2641=CARTESIAN_POINT('Origin',(-84.,5.,25.));
#2642=CARTESIAN_POINT('',(-84.,6.,25.));
#2643=CARTESIAN_POINT('',(-83.,5.,25.));
#2644=CARTESIAN_POINT('Origin',(-84.,5.,25.));
#2645=CARTESIAN_POINT('',(-84.,6.,25.));
#2646=CARTESIAN_POINT('',(-83.,5.,25.));
#2647=CARTESIAN_POINT('Origin',(-88.,5.,29.));
#2648=CARTESIAN_POINT('',(-89.,5.,29.));
#2649=CARTESIAN_POINT('',(-88.,5.,30.));
#2650=CARTESIAN_POINT('Origin',(-88.,5.,29.));
#2651=CARTESIAN_POINT('',(-88.,6.,29.));
#2652=CARTESIAN_POINT('Origin',(-88.,5.,29.));
#2653=CARTESIAN_POINT('Origin',(-88.,5.,29.));
#2654=CARTESIAN_POINT('Origin',(-88.,5.,25.));
#2655=CARTESIAN_POINT('',(-89.,5.,25.));
#2656=CARTESIAN_POINT('',(-88.,6.,25.));
#2657=CARTESIAN_POINT('Origin',(-88.,5.,25.));
#2658=CARTESIAN_POINT('',(-89.,5.,25.));
#2659=CARTESIAN_POINT('',(-88.,6.,25.));
#2660=CARTESIAN_POINT('Origin',(-87.5,5.,29.));
#2661=CARTESIAN_POINT('',(-87.5,6.,29.));
#2662=CARTESIAN_POINT('',(-87.5,5.,30.));
#2663=CARTESIAN_POINT('Origin',(-88.,1.5,29.));
#2664=CARTESIAN_POINT('',(-89.,1.5,29.));
#2665=CARTESIAN_POINT('',(-88.,1.00000000000009,30.));
#2666=CARTESIAN_POINT('Origin',(-88.,1.00000000000009,29.));
#2667=CARTESIAN_POINT('',(-88.,1.5,30.));
#2668=CARTESIAN_POINT('Origin',(-65.5,1.00000000000009,29.));
#2669=CARTESIAN_POINT('',(-84.,1.00000000000009,30.));
#2670=CARTESIAN_POINT('Origin',(-84.,1.00000000000009,29.));
#2671=CARTESIAN_POINT('',(-65.5,1.00000000000009,30.));
#2672=CARTESIAN_POINT('Origin',(-84.,4.5,29.));
#2673=CARTESIAN_POINT('',(-84.,4.5,30.));
#2674=CARTESIAN_POINT('',(-83.,4.5,29.));
#2675=CARTESIAN_POINT('Origin',(-89.,6.,25.));
#2676=CARTESIAN_POINT('',(-64.5,6.,25.));
#2677=CARTESIAN_POINT('Origin',(-86.,3.,30.));
#2678=CARTESIAN_POINT('Origin',(-83.,6.,25.));
#2679=CARTESIAN_POINT('',(-83.,-6.99999999999995,25.));
#2680=CARTESIAN_POINT('Origin',(-89.,0.,25.));
#2681=CARTESIAN_POINT('',(-89.,-9.99999999999995,25.));
#2682=CARTESIAN_POINT('Origin',(-40.,-19.9999999999999,25.));
#2683=CARTESIAN_POINT('Origin',(-45.5,12.0000000000001,7.));
#2684=CARTESIAN_POINT('',(-46.,12.0000000000001,6.));
#2685=CARTESIAN_POINT('Origin',(-46.,12.0000000000001,7.));
#2686=CARTESIAN_POINT('',(-45.5,12.0000000000001,6.5));
#2687=CARTESIAN_POINT('Origin',(-45.5,12.0000000000001,6.));
#2688=CARTESIAN_POINT('',(-45.5,12.5000000000001,7.));
#2689=CARTESIAN_POINT('Origin',(-45.5,12.0000000000001,7.));
#2690=CARTESIAN_POINT('Origin',(-45.5,12.0000000000001,7.));
#2691=CARTESIAN_POINT('Origin',(-46.,12.0000000000001,7.));
#2692=CARTESIAN_POINT('',(-44.5,12.5000000000001,7.));
#2693=CARTESIAN_POINT('',(-44.5,12.0000000000001,6.5));
#2694=CARTESIAN_POINT('Origin',(-44.5,12.0000000000001,7.));
#2695=CARTESIAN_POINT('Origin',(-44.5,12.0000000000001,7.));
#2696=CARTESIAN_POINT('',(-46.,12.5000000000001,7.));
#2697=CARTESIAN_POINT('Origin',(-46.,11.7500000000001,7.00026842044202));
#2698=CARTESIAN_POINT('',(-46.,11.983694374159,8.49991137290372));
#2699=CARTESIAN_POINT('',(-46.,11.983694374159,8.49991137290372));
#2700=CARTESIAN_POINT('Origin',(-46.,12.0000000000001,7.));
#2701=CARTESIAN_POINT('Origin',(-44.5,12.0000000000001,7.));
#2702=CARTESIAN_POINT('Origin',(-44.5,12.0000000000001,6.));
#2703=CARTESIAN_POINT('Origin',(-46.,11.983694374159,8.49991137290372));
#2704=CARTESIAN_POINT('',(-46.,11.983694374159,8.49991137290372));
#2705=CARTESIAN_POINT('Origin',(-46.,12.0000000000001,7.));
#2706=CARTESIAN_POINT('Origin',(-47.,-4.,10.5));
#2707=CARTESIAN_POINT('Origin',(-93.,-4.,10.5));
#2708=CARTESIAN_POINT('Origin',(-43.,10.0000000000001,4.44089209850063E-15));
#2709=CARTESIAN_POINT('Origin',(-90.,10.0000000000001,4.44089209850063E-15));
#2710=CARTESIAN_POINT('Origin',(-47.6945927106677,10.0000000000001,-3.93923101204883));
#2711=CARTESIAN_POINT('Origin',(-70.,0.,0.));
#2712=CARTESIAN_POINT('',(-79.4328711030739,5.49813468547333,10.5750393726543));
#2713=CARTESIAN_POINT('Origin',(-80.0168938431147,3.64585119869812,10.6597557770934));
#2714=CARTESIAN_POINT('Origin',(-70.,0.,0.));
#2715=CARTESIAN_POINT('',(-60.5671288969261,5.49813468547333,10.5750393726543));
#2716=CARTESIAN_POINT('Origin',(-59.9831061568853,3.64585119869812,10.6597557770934));
#2717=CARTESIAN_POINT('Origin',(-83.6683016208366,4.84019945888968,15.));
#2718=CARTESIAN_POINT('',(-82.9605860898948,0.903304905150179,15.));
#2719=CARTESIAN_POINT('',(-85.9964341846025,1.58753919911266,15.));
#2720=CARTESIAN_POINT('Origin',(-84.0953893117886,5.13030214988503,15.));
#2721=CARTESIAN_POINT('Origin',(-83.6683016208366,4.84019945888968,15.));
#2722=CARTESIAN_POINT('Origin',(-83.6683016208366,4.84019945888968,15.));
#2723=CARTESIAN_POINT('',(-87.4073237673067,3.41903325178856,15.));
#2724=CARTESIAN_POINT('',(-85.619050729609,8.33227304268251,15.));
#2725=CARTESIAN_POINT('',(-86.4915485292741,5.93510503957868,15.));
#2726=CARTESIAN_POINT('Origin',(-83.6683016208366,4.84019945888968,15.));
#2727=CARTESIAN_POINT('Origin',(-83.6683016208366,4.84019945888968,21.));
#2728=CARTESIAN_POINT('',(-83.1254614119004,8.80319384540629,17.1821430806787));
#2729=CARTESIAN_POINT('Origin',(-83.6683016208366,4.84019945888968,18.0274640501507));
#2730=CARTESIAN_POINT('',(-86.1324256834383,1.68931186900218,16.7896118769192));
#2731=CARTESIAN_POINT('Origin',(-83.6683016208366,4.84019945888968,18.0274640501507));
#2732=CARTESIAN_POINT('Ctrl Pts',(-85.9964341846025,1.58753919911266,15.));
#2733=CARTESIAN_POINT('Ctrl Pts',(-85.9489702921891,1.55356632008277,15.1610644029189));
#2734=CARTESIAN_POINT('Ctrl Pts',(-85.931041833839,1.54171393846339,15.3349463099589));
#2735=CARTESIAN_POINT('Ctrl Pts',(-85.931041833839,1.54171393846339,15.8374931745551));
#2736=CARTESIAN_POINT('Ctrl Pts',(-85.9977910354213,1.58699141025537,16.1959130356931));
#2737=CARTESIAN_POINT('Ctrl Pts',(-86.0948670857991,1.66021956987678,16.6315215384173));
#2738=CARTESIAN_POINT('Ctrl Pts',(-86.1134003325672,1.67443325986627,16.7108152420693));
#2739=CARTESIAN_POINT('Ctrl Pts',(-86.1324256834383,1.68931186900219,16.7896118769192));
#2740=CARTESIAN_POINT('',(-79.6683016208366,4.84019945889051,16.1181422324514));
#2741=CARTESIAN_POINT('Ctrl Pts',(-79.6683016208366,4.84019945889133,16.1181422324514));
#2742=CARTESIAN_POINT('Ctrl Pts',(-79.6683016208364,4.45420789760531,16.1536114516516));
#2743=CARTESIAN_POINT('Ctrl Pts',(-79.7260990649176,4.07037721813016,16.1681449023977));
#2744=CARTESIAN_POINT('Ctrl Pts',(-79.9619183049863,3.2623866042647,16.1531066611999));
#2745=CARTESIAN_POINT('Ctrl Pts',(-80.1907415109567,2.80179685938035,16.1070743380075));
#2746=CARTESIAN_POINT('Ctrl Pts',(-80.7974236976026,2.0106112470156,15.9331831304378));
#2747=CARTESIAN_POINT('Ctrl Pts',(-81.1750362502158,1.67982978529061,15.8053090631834));
#2748=CARTESIAN_POINT('Ctrl Pts',(-81.7661898827006,1.3129658747424,15.5742487137005));
#2749=CARTESIAN_POINT('Ctrl Pts',(-82.0021779806317,1.1946119062162,15.4763944879306));
#2750=CARTESIAN_POINT('Ctrl Pts',(-82.4832527600363,1.01110873290045,15.2563153231242));
#2751=CARTESIAN_POINT('Ctrl Pts',(-82.7282282086952,0.945822354119938,15.133961669042));
#2752=CARTESIAN_POINT('Ctrl Pts',(-82.9521694559277,0.904824911338712,15.0048721801272));
#2753=CARTESIAN_POINT('Ctrl Pts',(-82.9563705267669,0.904062715514808,15.0024437720092));
#2754=CARTESIAN_POINT('Ctrl Pts',(-82.9605860898948,0.903304905150179,15.));
#2755=CARTESIAN_POINT('',(-79.6683016208366,4.84019945888968,21.));
#2756=CARTESIAN_POINT('Ctrl Pts',(-83.1254614119004,8.80319384540628,17.1821430806787));
#2757=CARTESIAN_POINT('Ctrl Pts',(-83.0513812437084,8.79304654514359,17.043989567285));
#2758=CARTESIAN_POINT('Ctrl Pts',(-82.9748308734112,8.7804501500251,16.9046952683208));
#2759=CARTESIAN_POINT('Ctrl Pts',(-82.7143664235821,8.7291871559459,16.452893680805));
#2760=CARTESIAN_POINT('Ctrl Pts',(-82.52324541518,8.68014417337252,16.1483569743043));
#2761=CARTESIAN_POINT('Ctrl Pts',(-82.1467579928301,8.54311395806156,15.7477074278228));
#2762=CARTESIAN_POINT('Ctrl Pts',(-81.9547870151537,8.46204403422565,15.6059714646246));
#2763=CARTESIAN_POINT('Ctrl Pts',(-81.5474439147364,8.23957906443866,15.4724372544791));
#2764=CARTESIAN_POINT('Ctrl Pts',(-81.335171410738,8.09741064436486,15.472611855332));
#2765=CARTESIAN_POINT('Ctrl Pts',(-80.9362308872545,7.77544354872478,15.5182995288122));
#2766=CARTESIAN_POINT('Ctrl Pts',(-80.720740737455,7.56100649264517,15.5771441685068));
#2767=CARTESIAN_POINT('Ctrl Pts',(-80.3461924069656,7.08842018432587,15.7039482286571));
#2768=CARTESIAN_POINT('Ctrl Pts',(-80.1873539123405,6.8301947875933,15.7722723963363));
#2769=CARTESIAN_POINT('Ctrl Pts',(-79.8653326196287,6.16362954225491,15.9283049659252));
#2770=CARTESIAN_POINT('Ctrl Pts',(-79.7251336801487,5.67733511036258,16.0213984168858));
#2771=CARTESIAN_POINT('Ctrl Pts',(-79.6731244184984,5.06689676152912,16.0955923430046));
#2772=CARTESIAN_POINT('Ctrl Pts',(-79.6683016208366,4.95345188042739,16.1077353340441));
#2773=CARTESIAN_POINT('Ctrl Pts',(-79.6683016208366,4.84019945889133,16.1181422324514));
#2774=CARTESIAN_POINT('Origin',(-56.3316983791634,4.84019945888968,15.));
#2775=CARTESIAN_POINT('',(-54.0035658153975,1.58753919911266,15.));
#2776=CARTESIAN_POINT('',(-57.0394139101052,0.903304905150179,15.));
#2777=CARTESIAN_POINT('Origin',(-55.9046106882114,5.13030214988503,15.));
#2778=CARTESIAN_POINT('Origin',(-56.3316983791634,4.84019945888968,15.));
#2779=CARTESIAN_POINT('Origin',(-56.3316983791634,4.84019945888968,15.));
#2780=CARTESIAN_POINT('',(-54.380949270391,8.33227304268251,15.));
#2781=CARTESIAN_POINT('',(-52.5926762326933,3.41903325178856,15.));
#2782=CARTESIAN_POINT('',(-53.5084514707259,5.93510503957868,15.));
#2783=CARTESIAN_POINT('Origin',(-56.3316983791634,4.84019945888968,15.));
#2784=CARTESIAN_POINT('Origin',(-56.3316983791634,4.84019945888968,21.));
#2785=CARTESIAN_POINT('',(-53.8675743165617,1.68931186900218,16.7896118769192));
#2786=CARTESIAN_POINT('Origin',(-56.3316983791634,4.84019945888968,18.0274640501507));
#2787=CARTESIAN_POINT('',(-56.8745385880996,8.80319384540629,17.1821430806787));
#2788=CARTESIAN_POINT('Origin',(-56.3316983791634,4.84019945888968,18.0274640501507));
#2789=CARTESIAN_POINT('',(-60.3316983791634,4.84019945890062,16.1181422324496));
#2790=CARTESIAN_POINT('Ctrl Pts',(-60.3316983791634,4.84019945891155,16.1181422324496));
#2791=CARTESIAN_POINT('Ctrl Pts',(-60.3316983791621,5.07509961579852,16.0965569803597));
#2792=CARTESIAN_POINT('Ctrl Pts',(-60.3107977448741,5.31178377082926,16.067341190387));
#2793=CARTESIAN_POINT('Ctrl Pts',(-60.1744014352876,6.07494315411502,15.9511050498658));
#2794=CARTESIAN_POINT('Ctrl Pts',(-59.9674876651665,6.58213809391648,15.8354867040768));
#2795=CARTESIAN_POINT('Ctrl Pts',(-59.5707156141055,7.19849064138748,15.6751188202151));
#2796=CARTESIAN_POINT('Ctrl Pts',(-59.4171778809761,7.3981399345116,15.619586762588));
#2797=CARTESIAN_POINT('Ctrl Pts',(-59.0725101995771,7.76444189051823,15.5259282222892));
#2798=CARTESIAN_POINT('Ctrl Pts',(-58.8814347002598,7.93117051717812,15.4878985104082));
#2799=CARTESIAN_POINT('Ctrl Pts',(-58.5308495423704,8.18734603495966,15.4764662658796));
#2800=CARTESIAN_POINT('Ctrl Pts',(-58.3450834970645,8.30215125767961,15.495636308421));
#2801=CARTESIAN_POINT('Ctrl Pts',(-57.994967141523,8.48333149192582,15.6413294959726));
#2802=CARTESIAN_POINT('Ctrl Pts',(-57.8321448078035,8.5507927106573,15.77015859845));
#2803=CARTESIAN_POINT('Ctrl Pts',(-57.408604275491,8.70494885742431,16.2208810186795));
#2804=CARTESIAN_POINT('Ctrl Pts',(-57.176993521384,8.75662741728066,16.6275491821468));
#2805=CARTESIAN_POINT('Ctrl Pts',(-56.9244558237111,8.7961179080952,17.0894556333469));
#2806=CARTESIAN_POINT('Ctrl Pts',(-56.8994162081525,8.79978617657049,17.1357483342969));
#2807=CARTESIAN_POINT('Ctrl Pts',(-56.8745385880996,8.80319384540629,17.1821430806787));
#2808=CARTESIAN_POINT('',(-60.3316983791634,4.84019945888968,21.));
#2809=CARTESIAN_POINT('Ctrl Pts',(-57.0394139101052,0.903304905150179,15.));
#2810=CARTESIAN_POINT('Ctrl Pts',(-57.0526678252425,0.905687494132536,15.0076833262467));
#2811=CARTESIAN_POINT('Ctrl Pts',(-57.0658011883455,0.908117588728964,15.0152279398606));
#2812=CARTESIAN_POINT('Ctrl Pts',(-57.3038761003566,0.953379918074176,15.1508667036736));
#2813=CARTESIAN_POINT('Ctrl Pts',(-57.5543296112044,1.02251525650487,15.2745955577179));
#2814=CARTESIAN_POINT('Ctrl Pts',(-58.0449389076081,1.21606553624733,15.4966553780938));
#2815=CARTESIAN_POINT('Ctrl Pts',(-58.284984281168,1.34062305384164,15.5951059597868));
#2816=CARTESIAN_POINT('Ctrl Pts',(-58.8998172143267,1.73595123285641,15.8325479642008));
#2817=CARTESIAN_POINT('Ctrl Pts',(-59.2918139049751,2.09845794061733,15.9622059803827));
#2818=CARTESIAN_POINT('Ctrl Pts',(-59.9024153048938,2.96152676522323,16.1291497077092));
#2819=CARTESIAN_POINT('Ctrl Pts',(-60.1207966787983,3.46224793606937,16.1664298812711));
#2820=CARTESIAN_POINT('Ctrl Pts',(-60.2967926059356,4.23846054780577,16.1609469648081));
#2821=CARTESIAN_POINT('Ctrl Pts',(-60.3316983791651,4.53785785029961,16.1459247589734));
#2822=CARTESIAN_POINT('Ctrl Pts',(-60.3316983791634,4.84019945891155,16.1181422324496));
#2823=CARTESIAN_POINT('Ctrl Pts',(-53.8675743165617,1.68931186900218,16.7896118769192));
#2824=CARTESIAN_POINT('Ctrl Pts',(-53.8721431350843,1.68573886446355,16.7706893599436));
#2825=CARTESIAN_POINT('Ctrl Pts',(-53.8766791325604,1.68220755712892,16.7517556380298));
#2826=CARTESIAN_POINT('Ctrl Pts',(-53.9801399504486,1.60201300831695,16.3161838751812));
#2827=CARTESIAN_POINT('Ctrl Pts',(-54.068958166161,1.54171393846339,15.8982853039554));
#2828=CARTESIAN_POINT('Ctrl Pts',(-54.068958166161,1.54171393846339,15.3337266482174));
#2829=CARTESIAN_POINT('Ctrl Pts',(-54.0508962953101,1.55366181176121,15.1606116797288));
#2830=CARTESIAN_POINT('Ctrl Pts',(-54.0035658153975,1.58753919911266,15.));
#2831=CARTESIAN_POINT('Origin',(-58.0396655610039,4.35320572766355,12.7279220613579));
#2832=CARTESIAN_POINT('',(-56.0854310123632,9.32120002404707,16.2634559672906));
#2833=CARTESIAN_POINT('Origin',(-54.7173504390605,5.56242954090343,16.2634559672906));
#2834=CARTESIAN_POINT('',(-59.4077461343065,8.11197621080719,12.7279220613579));
#2835=CARTESIAN_POINT('',(-59.4077461343065,8.11197621080719,12.7279220613579));
#2836=CARTESIAN_POINT('Origin',(-58.0396655610039,4.35320572766355,12.7279220613579));
#2837=CARTESIAN_POINT('Origin',(-54.7173504390605,5.56242954090343,16.2634559672906));
#2838=CARTESIAN_POINT('Origin',(-58.0396655610039,4.35320572766355,12.7279220613579));
#2839=CARTESIAN_POINT('',(-58.7005626189347,6.44930340149428,12.6320545229664));
#2840=CARTESIAN_POINT('Origin',(-58.0396655610039,4.35320572766355,12.7279220613579));
#2841=CARTESIAN_POINT('Origin',(-54.7173504390605,5.56242954090343,16.2634559672906));
#2842=CARTESIAN_POINT('Origin',(-63.3553697561133,2.41844762647975,7.07106781186548));
#2843=CARTESIAN_POINT('',(-63.805999963094,3.84766404872769,7.00570088648785));
#2844=CARTESIAN_POINT('Origin',(-81.9603344389961,4.35320572766355,12.7279220613579));
#2845=CARTESIAN_POINT('',(-83.9145689876368,9.32120002404707,16.2634559672906));
#2846=CARTESIAN_POINT('Origin',(-85.2826495609395,5.56242954090343,16.2634559672906));
#2847=CARTESIAN_POINT('',(-80.5922538656935,8.11197621080719,12.7279220613579));
#2848=CARTESIAN_POINT('',(-80.5922538656935,8.11197621080719,12.7279220613579));
#2849=CARTESIAN_POINT('Origin',(-81.9603344389961,4.35320572766355,12.7279220613579));
#2850=CARTESIAN_POINT('Origin',(-85.2826495609395,5.56242954090343,16.2634559672906));
#2851=CARTESIAN_POINT('Origin',(-81.9603344389961,4.35320572766355,12.7279220613579));
#2852=CARTESIAN_POINT('',(-81.2994373810653,6.44930340149428,12.6320545229664));
#2853=CARTESIAN_POINT('Origin',(-81.9603344389962,4.35320572766355,12.7279220613579));
#2854=CARTESIAN_POINT('Origin',(-85.2826495609395,5.56242954090343,16.2634559672906));
#2855=CARTESIAN_POINT('Origin',(-76.6446302438868,2.41844762647975,7.07106781186548));
#2856=CARTESIAN_POINT('',(-76.194000036906,3.84766404872769,7.00570088648785));
#2857=UNCERTAINTY_MEASURE_WITH_UNIT(LENGTH_MEASURE(0.01),#2861,
'DISTANCE_ACCURACY_VALUE',
'Maximum model space distance between geometric entities at asserted c
onnectivities');
#2858=UNCERTAINTY_MEASURE_WITH_UNIT(LENGTH_MEASURE(0.01),#2861,
'DISTANCE_ACCURACY_VALUE',
'Maximum model space distance between geometric entities at asserted c
onnectivities');
#2859=(
GEOMETRIC_REPRESENTATION_CONTEXT(3)
GLOBAL_UNCERTAINTY_ASSIGNED_CONTEXT((#2857))
GLOBAL_UNIT_ASSIGNED_CONTEXT((#2861,#2863,#2864))
REPRESENTATION_CONTEXT('','3D')
);
#2860=(
GEOMETRIC_REPRESENTATION_CONTEXT(3)
GLOBAL_UNCERTAINTY_ASSIGNED_CONTEXT((#2858))
GLOBAL_UNIT_ASSIGNED_CONTEXT((#2861,#2863,#2864))
REPRESENTATION_CONTEXT('','3D')
);
#2861=(
LENGTH_UNIT()
NAMED_UNIT(*)
SI_UNIT(.MILLI.,.METRE.)
);
#2862=(
LENGTH_UNIT()
NAMED_UNIT(*)
SI_UNIT($,.METRE.)
);
#2863=(
NAMED_UNIT(*)
PLANE_ANGLE_UNIT()
SI_UNIT($,.RADIAN.)
);
#2864=(
NAMED_UNIT(*)
SI_UNIT($,.STERADIAN.)
SOLID_ANGLE_UNIT()
);
#2865=SHAPE_DEFINITION_REPRESENTATION(#2866,#2867);
#2866=PRODUCT_DEFINITION_SHAPE('',$,#2869);
#2867=SHAPE_REPRESENTATION('',(#1625),#2859);
#2868=PRODUCT_DEFINITION_CONTEXT('part definition',#2873,'design');
#2869=PRODUCT_DEFINITION('2026-08-13-17-51-51-222',
'_export_tmp_front_eye_support_left',#2870,#2868);
#2870=PRODUCT_DEFINITION_FORMATION('',$,#2875);
#2871=PRODUCT_RELATED_PRODUCT_CATEGORY(
'_export_tmp_front_eye_support_left',
'_export_tmp_front_eye_support_left',(#2875));
#2872=APPLICATION_PROTOCOL_DEFINITION('international standard',
'automotive_design',2009,#2873);
#2873=APPLICATION_CONTEXT(
'Core Data for Automotive Mechanical Design Process');
#2874=PRODUCT_CONTEXT('part definition',#2873,'mechanical');
#2875=PRODUCT('2026-08-13-17-51-51-222',
'_export_tmp_front_eye_support_left',$,(#2874));
#2876=PRESENTATION_STYLE_ASSIGNMENT((#2878));
#2877=PRESENTATION_STYLE_ASSIGNMENT((#2879));
#2878=SURFACE_STYLE_USAGE(.BOTH.,#2880);
#2879=SURFACE_STYLE_USAGE(.BOTH.,#2881);
#2880=SURFACE_SIDE_STYLE('',(#2882));
#2881=SURFACE_SIDE_STYLE('',(#2883));
#2882=SURFACE_STYLE_FILL_AREA(#2884);
#2883=SURFACE_STYLE_FILL_AREA(#2885);
#2884=FILL_AREA_STYLE('\X2\76AE9769\X0\ - \X2\98CE5316\X0\',(#2886));
#2885=FILL_AREA_STYLE(
'PEKK - \X2\78B37EA47EF4589E5F3A578B805A919A916E\X0\ - HT-23 (\X2\5E266709\X0\ 
EOS P 810 3D \X2\62535370673A\X0\)',(#2887));
#2886=FILL_AREA_STYLE_COLOUR('\X2\76AE9769\X0\ - \X2\98CE5316\X0\',#2888);
#2887=FILL_AREA_STYLE_COLOUR(
'PEKK - \X2\78B37EA47EF4589E5F3A578B805A919A916E\X0\ - HT-23 (\X2\5E266709\X0\ 
EOS P 810 3D \X2\62535370673A\X0\)',#2889);
#2888=COLOUR_RGB('\X2\76AE9769\X0\ - \X2\98CE5316\X0\',0.,0.,0.);
#2889=COLOUR_RGB(
'PEKK - \X2\78B37EA47EF4589E5F3A578B805A919A916E\X0\ - HT-23 (\X2\5E266709\X0\ 
EOS P 810 3D \X2\62535370673A\X0\)',0.352941176470588,0.352941176470588,
0.352941176470588);
ENDSEC;
END-ISO-10303-21;
