ISO-10303-21;
HEADER;
/* Generated by software containing ST-Developer
 * from STEP Tools, Inc. (www.steptools.com) 
 */

FILE_DESCRIPTION(
/* description */ (''),
/* implementation_level */ '2;1');

FILE_NAME(
/* name */ 'main_base_left_eye.step',
/* time_stamp */ '2026-08-13T17:51:48-04:00',
/* author */ (''),
/* organization */ (''),
/* preprocessor_version */ 'ST-DEVELOPER v20.1',
/* originating_system */ 'Autodesk Translation Framework v15.8.0.0',
/* authorisation */ '');

FILE_SCHEMA (('AUTOMOTIVE_DESIGN { 1 0 10303 214 3 1 1 }'));
ENDSEC;

DATA;
#10=MECHANICAL_DESIGN_GEOMETRIC_PRESENTATION_REPRESENTATION('',(#13),#13224);
#11=SHAPE_REPRESENTATION_RELATIONSHIP('SRR','None',#13231,#12);
#12=ADVANCED_BREP_SHAPE_REPRESENTATION('',(#14),#13223);
#13=STYLED_ITEM('',(#13241),#14);
#14=MANIFOLD_SOLID_BREP('Main base of left eye',#7345);
#15=B_SPLINE_SURFACE_WITH_KNOTS('',3,3,((#12572,#12573,#12574,#12575,#12576,
#12577,#12578,#12579),(#12580,#12581,#12582,#12583,#12584,#12585,#12586,
#12587),(#12588,#12589,#12590,#12591,#12592,#12593,#12594,#12595),(#12596,
#12597,#12598,#12599,#12600,#12601,#12602,#12603),(#12604,#12605,#12606,
#12607,#12608,#12609,#12610,#12611),(#12612,#12613,#12614,#12615,#12616,
#12617,#12618,#12619),(#12620,#12621,#12622,#12623,#12624,#12625,#12626,
#12627)),.UNSPECIFIED.,.F.,.F.,.F.,(4,1,1,1,4),(4,1,1,1,1,4),(0.,0.285714285714286,
0.571428571428571,0.785714285714286,1.),(-9.49502669955472E-15,0.21428571428571,
0.428571428571429,0.714285714285722,0.857142857142868,1.00000000000001),
 .UNSPECIFIED.);
#16=B_SPLINE_SURFACE_WITH_KNOTS('',3,3,((#12881,#12882,#12883,#12884,#12885,
#12886,#12887,#12888,#12889,#12890,#12891,#12892,#12893,#12894,#12895),
(#12896,#12897,#12898,#12899,#12900,#12901,#12902,#12903,#12904,#12905,
#12906,#12907,#12908,#12909,#12910),(#12911,#12912,#12913,#12914,#12915,
#12916,#12917,#12918,#12919,#12920,#12921,#12922,#12923,#12924,#12925),
(#12926,#12927,#12928,#12929,#12930,#12931,#12932,#12933,#12934,#12935,
#12936,#12937,#12938,#12939,#12940),(#12941,#12942,#12943,#12944,#12945,
#12946,#12947,#12948,#12949,#12950,#12951,#12952,#12953,#12954,#12955)),
 .UNSPECIFIED.,.F.,.F.,.F.,(4,1,4),(4,1,1,1,1,1,1,1,1,1,1,1,4),(0.,0.571428571428571,
1.),(0.,0.00765400505696821,0.0153080101139364,0.0306160202278728,0.0612320404557457,
0.0765400505696821,0.183696121367237,0.244928161822983,0.306160202278728,
0.367392242734474,0.398008262962347,0.413316273076283,0.42862428319022),
 .UNSPECIFIED.);
#17=(
BOUNDED_SURFACE()
B_SPLINE_SURFACE(2,2,((#12478,#12479,#12480),(#12481,#12482,#12483),(#12484,
#12485,#12486)),.UNSPECIFIED.,.F.,.F.,.F.)
B_SPLINE_SURFACE_WITH_KNOTS((3,3),(3,3),(0.,1.5707963267949),(-1.5707963267949,
0.),.UNSPECIFIED.)
GEOMETRIC_REPRESENTATION_ITEM()
RATIONAL_B_SPLINE_SURFACE(((1.,0.707106781186548,1.),(0.707106781186517,
0.499999999999979,0.707106781186517),(1.,0.707106781186548,1.)))
REPRESENTATION_ITEM('')
SURFACE()
);
#18=(
BOUNDED_SURFACE()
B_SPLINE_SURFACE(2,2,((#12490,#12491,#12492),(#12493,#12494,#12495),(#12496,
#12497,#12498)),.UNSPECIFIED.,.F.,.F.,.F.)
B_SPLINE_SURFACE_WITH_KNOTS((3,3),(3,3),(-1.5707963267949,0.),(-1.5707963267949,
0.),.UNSPECIFIED.)
GEOMETRIC_REPRESENTATION_ITEM()
RATIONAL_B_SPLINE_SURFACE(((1.,0.707106781186548,1.),(0.707106781186525,
0.499999999999984,0.707106781186525),(1.,0.707106781186548,1.)))
REPRESENTATION_ITEM('')
SURFACE()
);
#19=(
BOUNDED_SURFACE()
B_SPLINE_SURFACE(2,2,((#12504,#12505,#12506),(#12507,#12508,#12509),(#12510,
#12511,#12512)),.UNSPECIFIED.,.F.,.F.,.F.)
B_SPLINE_SURFACE_WITH_KNOTS((3,3),(3,3),(-1.5707963267949,0.),(-1.5707963267949,
0.),.UNSPECIFIED.)
GEOMETRIC_REPRESENTATION_ITEM()
RATIONAL_B_SPLINE_SURFACE(((1.,0.707106781186548,1.),(0.707106781186551,
0.500000000000003,0.707106781186551),(1.,0.707106781186548,1.)))
REPRESENTATION_ITEM('')
SURFACE()
);
#20=(
BOUNDED_SURFACE()
B_SPLINE_SURFACE(2,2,((#12515,#12516,#12517),(#12518,#12519,#12520),(#12521,
#12522,#12523)),.UNSPECIFIED.,.F.,.F.,.F.)
B_SPLINE_SURFACE_WITH_KNOTS((3,3),(3,3),(0.,1.5707963267949),(-1.5707963267949,
0.),.UNSPECIFIED.)
GEOMETRIC_REPRESENTATION_ITEM()
RATIONAL_B_SPLINE_SURFACE(((1.,0.707106781186548,1.),(0.707106781186554,
0.500000000000005,0.707106781186554),(1.,0.707106781186548,1.)))
REPRESENTATION_ITEM('')
SURFACE()
);
#21=(
BOUNDED_SURFACE()
B_SPLINE_SURFACE(2,2,((#12547,#12548,#12549),(#12550,#12551,#12552),(#12553,
#12554,#12555)),.UNSPECIFIED.,.F.,.F.,.F.)
B_SPLINE_SURFACE_WITH_KNOTS((3,3),(3,3),(-1.77635683940026E-14,1.5707963267949),
(-3.14159265358979,-1.5707963267949),.UNSPECIFIED.)
GEOMETRIC_REPRESENTATION_ITEM()
RATIONAL_B_SPLINE_SURFACE(((1.,0.707106781186548,1.),(0.707106781186537,
0.499999999999993,0.707106781186537),(1.,0.707106781186548,1.)))
REPRESENTATION_ITEM('')
SURFACE()
);
#22=(
BOUNDED_SURFACE()
B_SPLINE_SURFACE(2,2,((#12704,#12705,#12706,#12707,#12708,#12709,#12710),
(#12711,#12712,#12713,#12714,#12715,#12716,#12717),(#12718,#12719,#12720,
#12721,#12722,#12723,#12724)),.UNSPECIFIED.,.F.,.F.,.F.)
B_SPLINE_SURFACE_WITH_KNOTS((3,3),(3,2,2,3),(-2.22044604925031E-15,1.31811614499495),
(1.57714672421182,2.96912978627467,4.36111284833751,5.75309591040035),
 .UNSPECIFIED.)
GEOMETRIC_REPRESENTATION_ITEM()
RATIONAL_B_SPLINE_SURFACE(((1.,0.767418362311005,1.,0.767418362311005,1.,
0.767418362311005,1.),(0.790569392585744,0.606697468551358,0.790569392585744,
0.606697468551358,0.790569392585744,0.606697468551358,0.790569392585744),
(1.,0.767418362311005,1.,0.767418362311005,1.,0.767418362311005,1.)))
REPRESENTATION_ITEM('')
SURFACE()
);
#23=(
BOUNDED_SURFACE()
B_SPLINE_SURFACE(2,2,((#12806,#12807,#12808,#12809,#12810,#12811,#12812),
(#12813,#12814,#12815,#12816,#12817,#12818,#12819),(#12820,#12821,#12822,
#12823,#12824,#12825,#12826)),.UNSPECIFIED.,.F.,.F.,.F.)
B_SPLINE_SURFACE_WITH_KNOTS((3,3),(3,2,2,3),(-1.31811614499495,2.22044604925031E-15),
(-4.70603858296778,-3.31405552090494,-1.92207245884209,-0.530089396779249),
 .UNSPECIFIED.)
GEOMETRIC_REPRESENTATION_ITEM()
RATIONAL_B_SPLINE_SURFACE(((1.,0.767418362311004,1.,0.767418362311004,1.,
0.767418362311004,1.),(0.790569392585733,0.606697468551349,0.790569392585733,
0.606697468551349,0.790569392585733,0.606697468551349,0.790569392585733),
(1.,0.767418362311004,1.,0.767418362311004,1.,0.767418362311004,1.)))
REPRESENTATION_ITEM('')
SURFACE()
);
#24=TOROIDAL_SURFACE('',#7563,1.49057092591839,0.5);
#25=TOROIDAL_SURFACE('',#7570,1.49057092591839,0.5);
#26=TOROIDAL_SURFACE('',#7575,0.999999999999999,0.5);
#27=TOROIDAL_SURFACE('',#7579,0.999999999999999,0.5);
#28=TOROIDAL_SURFACE('',#7587,1.,0.5);
#29=TOROIDAL_SURFACE('',#7597,1.,0.5);
#30=TOROIDAL_SURFACE('',#7734,1.,0.5);
#31=TOROIDAL_SURFACE('',#7741,1.,0.5);
#32=TOROIDAL_SURFACE('',#7757,1.49057092591839,0.5);
#33=TOROIDAL_SURFACE('',#7764,1.49057092591839,0.5);
#34=TOROIDAL_SURFACE('',#7771,1.49057092591839,0.5);
#35=TOROIDAL_SURFACE('',#7778,1.49057092591839,0.5);
#36=TOROIDAL_SURFACE('',#7782,1.,0.5);
#37=TOROIDAL_SURFACE('',#7791,1.,0.5);
#38=TOROIDAL_SURFACE('',#7917,1.5,0.499999999999998);
#39=TOROIDAL_SURFACE('',#7918,1.49999999999999,0.499999999999994);
#40=TOROIDAL_SURFACE('',#7931,1.5,0.5);
#41=TOROIDAL_SURFACE('',#7933,1.5,0.499999999999998);
#42=TOROIDAL_SURFACE('',#7985,1.5,1.);
#43=TOROIDAL_SURFACE('',#7994,1.5,1.);
#44=TOROIDAL_SURFACE('',#8003,2.,1.);
#45=TOROIDAL_SURFACE('',#8010,2.,1.);
#46=TOROIDAL_SURFACE('',#8017,2.,1.);
#47=TOROIDAL_SURFACE('',#8031,2.,1.);
#48=TOROIDAL_SURFACE('',#8036,2.,1.);
#49=TOROIDAL_SURFACE('',#8037,2.,1.);
#50=TOROIDAL_SURFACE('',#8043,2.,1.);
#51=TOROIDAL_SURFACE('',#8051,2.,1.);
#52=TOROIDAL_SURFACE('',#8061,2.,1.);
#53=TOROIDAL_SURFACE('',#8067,2.,1.);
#54=TOROIDAL_SURFACE('',#8075,2.,1.);
#55=CONICAL_SURFACE('',#7560,1.5,0.0872664625997165);
#56=CONICAL_SURFACE('',#7567,1.5,0.0872664625997165);
#57=CONICAL_SURFACE('',#7752,1.5,0.0872664625997164);
#58=CONICAL_SURFACE('',#7759,1.5,0.0872664625997165);
#59=CONICAL_SURFACE('',#7766,1.5,0.0872664625997164);
#60=CONICAL_SURFACE('',#7773,1.5,0.0872664625997165);
#61=SPHERICAL_SURFACE('',#7558,15.2);
#62=SPHERICAL_SURFACE('',#7565,15.2);
#63=SPHERICAL_SURFACE('',#7755,15.2);
#64=SPHERICAL_SURFACE('',#7762,15.2);
#65=SPHERICAL_SURFACE('',#7769,15.2);
#66=SPHERICAL_SURFACE('',#7776,15.2);
#67=SPHERICAL_SURFACE('',#7810,1.);
#68=SPHERICAL_SURFACE('',#7814,1.);
#69=SPHERICAL_SURFACE('',#7932,0.499999999999998);
#70=SPHERICAL_SURFACE('',#7939,0.5);
#71=SPHERICAL_SURFACE('',#8022,0.999999999999996);
#72=B_SPLINE_CURVE_WITH_KNOTS('',3,(#10484,#10485,#10486,#10487,#10488,
#10489),.UNSPECIFIED.,.F.,.F.,(4,2,4),(0.402336067571582,0.433034266012502,
0.441471208023151),.UNSPECIFIED.);
#73=B_SPLINE_CURVE_WITH_KNOTS('',3,(#10493,#10494,#10495,#10496,#10497,
#10498),.UNSPECIFIED.,.F.,.F.,(4,2,4),(0.385340794169964,0.407940606191584,
0.421293086199024),.UNSPECIFIED.);
#74=B_SPLINE_CURVE_WITH_KNOTS('',3,(#10561,#10562,#10563,#10564,#10565,
#10566,#10567,#10568),.UNSPECIFIED.,.F.,.F.,(4,2,2,4),(2.1106561326256,
2.15944614210508,2.26142019200446,2.28417637501646),.UNSPECIFIED.);
#75=B_SPLINE_CURVE_WITH_KNOTS('',3,(#10572,#10573,#10574,#10575,#10576,
#10577,#10578,#10579,#10580,#10581,#10582,#10583,#10584,#10585),
 .UNSPECIFIED.,.F.,.F.,(4,2,2,2,2,2,4),(4.68473697103008,4.79440324898993,
4.93728738684871,5.08017152470748,5.15721841422983,5.23426530375218,5.23573281533397),
 .UNSPECIFIED.);
#76=B_SPLINE_CURVE_WITH_KNOTS('',3,(#10587,#10588,#10589,#10590,#10591,
#10592,#10593,#10594,#10595,#10596,#10597,#10598,#10599,#10600,#10601,#10602,
#10603,#10604),.UNSPECIFIED.,.F.,.F.,(4,2,2,2,2,2,2,2,4),(4.05740464524947,
4.10121050965664,4.20190431478654,4.27119171637446,4.34047911796238,4.42559810999668,
4.51071710203098,4.65256017551045,4.68473697103008),.UNSPECIFIED.);
#77=B_SPLINE_CURVE_WITH_KNOTS('',3,(#10639,#10640,#10641,#10642,#10643,
#10644),.UNSPECIFIED.,.F.,.F.,(4,2,4),(0.,0.117562819132908,0.194026045695578),
 .UNSPECIFIED.);
#78=B_SPLINE_CURVE_WITH_KNOTS('',3,(#10656,#10657,#10658,#10659,#10660,
#10661),.UNSPECIFIED.,.F.,.F.,(4,2,4),(0.50553224003851,0.58199546660118,
0.699558285734088),.UNSPECIFIED.);
#79=B_SPLINE_CURVE_WITH_KNOTS('',3,(#10845,#10846,#10847,#10848),
 .UNSPECIFIED.,.F.,.F.,(4,4),(0.122002769903668,0.19402604569558),
 .UNSPECIFIED.);
#80=B_SPLINE_CURVE_WITH_KNOTS('',3,(#10863,#10864,#10865,#10866,#10867,
#10868,#10869,#10870,#10871,#10872,#10873,#10874,#10875,#10876,#10877,#10878,
#10879,#10880,#10881,#10882,#10883),.UNSPECIFIED.,.F.,.F.,(4,2,2,2,2,3,
2,2,2,4),(-0.199493401878454,-0.172884812996092,-0.0807548745137812,-0.0403774372568906,
-0.0201887186284457,0.,0.0361275660709479,0.0722551321418959,0.144510264283792,
0.220682346380757),.UNSPECIFIED.);
#81=B_SPLINE_CURVE_WITH_KNOTS('',3,(#10887,#10888,#10889,#10890,#10891,
#10892,#10893,#10894,#10895,#10896,#10897,#10898,#10899,#10900,#10901,#10902,
#10903,#10904,#10905,#10906,#10907,#10908,#10909,#10910,#10911,#10912,#10913,
#10914,#10915,#10916,#10917,#10918,#10919,#10920,#10921,#10922,#10923,#10924,
#10925,#10926,#10927,#10928,#10929,#10930,#10931,#10932,#10933,#10934,#10935,
#10936),.UNSPECIFIED.,.F.,.F.,(4,2,2,2,2,2,2,2,2,2,2,2,2,2,2,2,2,2,2,2,
2,2,2,2,4),(1.80113537442569,1.9344388150416,1.97756057309083,2.02068233114006,
2.04057852005064,2.06047470896122,2.11821996456124,2.20535619894558,2.29249243332992,
2.38951144923235,2.48653046513477,2.55443650317714,2.62234254121952,2.69030536394285,
2.75826818666619,2.85254292943706,2.94681767220792,3.03545966556024,3.12410165891256,
3.19128355438809,3.22414621542684,3.24057754594622,3.2570088764656,3.28594134785778,
3.31243778486267),.UNSPECIFIED.);
#82=B_SPLINE_CURVE_WITH_KNOTS('',3,(#10944,#10945,#10946,#10947,#10948,
#10949,#10950,#10951,#10952,#10953,#10954,#10955,#10956,#10957),
 .UNSPECIFIED.,.F.,.F.,(4,2,2,2,2,2,4),(5.21853628063089,5.26514475670308,
5.27784046017346,5.29053616364384,5.31592757058461,5.39856746147532,5.44630212826347),
 .UNSPECIFIED.);
#83=B_SPLINE_CURVE_WITH_KNOTS('',3,(#10979,#10980,#10981,#10982,#10983,
#10984,#10985,#10986,#10987,#10988,#10989,#10990,#10991,#10992,#10993,#10994,
#10995,#10996,#10997,#10998,#10999,#11000,#11001,#11002,#11003,#11004,#11005,
#11006,#11007,#11008,#11009,#11010,#11011,#11012,#11013,#11014,#11015,#11016,
#11017,#11018,#11019,#11020,#11021,#11022,#11023,#11024,#11025,#11026,#11027,
#11028,#11029),.UNSPECIFIED.,.F.,.F.,(4,2,3,2,2,2,2,2,2,2,2,2,2,2,2,2,2,
2,2,2,2,2,2,2,4),(-0.0554289082771492,-0.0289324713921806,0.,0.0164313305193782,
0.0328626610387565,0.0657253220775129,0.132907217553044,0.221549210905361,
0.310191204257677,0.404465947028544,0.498740689799411,0.566703512522747,
0.634666335246083,0.702572373288455,0.770478411330828,0.867497427233254,
0.964516443135679,1.05165267752002,1.13878891190436,1.19653416750438,1.21643035641496,
1.23632654532554,1.27944830337477,1.322570061424,1.45587350203991),
 .UNSPECIFIED.);
#84=B_SPLINE_CURVE_WITH_KNOTS('',3,(#11032,#11033,#11034,#11035,#11036,
#11037,#11038,#11039,#11040,#11041,#11042,#11043,#11044,#11045,#11046,#11047,
#11048,#11049,#11050,#11051),.UNSPECIFIED.,.F.,.F.,(4,2,2,2,2,2,2,2,2,4),
(3.03632653008484,3.11249861218181,3.1847537443237,3.22088131039465,3.2570088764656,
3.27719759509404,3.29738631372249,3.33776375097938,3.42989368946169,3.45650227834482),
 .UNSPECIFIED.);
#85=B_SPLINE_CURVE_WITH_KNOTS('',3,(#11055,#11056,#11057,#11058,#11059,
#11060,#11061,#11062,#11063,#11064,#11065,#11066,#11067,#11068),
 .UNSPECIFIED.,.F.,.F.,(4,2,2,2,2,2,4),(4.31762197131967,4.36535663810781,
4.44799652899853,4.47338793593929,4.48608363940967,4.49877934288006,4.54538781895224),
 .UNSPECIFIED.);
#86=B_SPLINE_CURVE_WITH_KNOTS('',3,(#11489,#11490,#11491,#11492,#11493,
#11494,#11495,#11496,#11497,#11498,#11499,#11500,#11501,#11502,#11503,#11504,
#11505,#11506,#11507,#11508,#11509,#11510,#11511,#11512,#11513,#11514,#11515,
#11516,#11517,#11518,#11519,#11520,#11521,#11522,#11523,#11524,#11525,#11526,
#11527,#11528,#11529,#11530,#11531,#11532,#11533,#11534,#11535,#11536,#11537,
#11538),.UNSPECIFIED.,.F.,.F.,(4,2,2,2,2,2,2,2,2,2,2,2,2,2,2,2,2,2,2,2,
2,2,2,2,4),(1.80113537442569,1.9344388150416,1.97756057309083,2.02068233114006,
2.04057852005064,2.06047470896122,2.11821996456124,2.20535619894558,2.29249243332992,
2.38951144923235,2.48653046513477,2.55443650317714,2.62234254121952,2.69030536394285,
2.75826818666619,2.85254292943706,2.94681767220792,3.03545966556024,3.12410165891256,
3.19128355438809,3.22414621542684,3.24057754594622,3.2570088764656,3.28594134785778,
3.31243778486267),.UNSPECIFIED.);
#87=B_SPLINE_CURVE_WITH_KNOTS('',3,(#11541,#11542,#11543,#11544,#11545,
#11546,#11547,#11548,#11549,#11550,#11551,#11552,#11553,#11554,#11555,#11556,
#11557,#11558,#11559,#11560,#11561),.UNSPECIFIED.,.F.,.F.,(4,2,2,2,2,3,
2,2,2,4),(-0.199493401878454,-0.172884812996092,-0.0807548745137812,-0.0403774372568906,
-0.0201887186284457,0.,0.0361275660709479,0.0722551321418959,0.144510264283792,
0.220682346380757),.UNSPECIFIED.);
#88=B_SPLINE_CURVE_WITH_KNOTS('',3,(#11565,#11566,#11567,#11568,#11569,
#11570,#11571,#11572,#11573,#11574,#11575,#11576,#11577,#11578),
 .UNSPECIFIED.,.F.,.F.,(4,2,2,2,2,2,4),(5.21853628063089,5.26514475670308,
5.27784046017346,5.29053616364384,5.31592757058461,5.39856746147532,5.44630212826347),
 .UNSPECIFIED.);
#89=B_SPLINE_CURVE_WITH_KNOTS('',3,(#11598,#11599,#11600,#11601,#11602,
#11603,#11604,#11605),.UNSPECIFIED.,.F.,.F.,(4,2,2,4),(4.06189140123924,
4.06735679525017,4.18756848396963,4.23672439197159),.UNSPECIFIED.);
#90=B_SPLINE_CURVE_WITH_KNOTS('',3,(#11608,#11609,#11610,#11611,#11612,
#11613,#11614,#11615,#11616,#11617,#11618,#11619,#11620,#11621,#11622,#11623,
#11624,#11625),.UNSPECIFIED.,.F.,.F.,(4,2,2,2,2,2,2,2,4),(1.6791128348355,
1.74669259749052,1.90125473777146,1.97179984821922,2.04234495866698,2.10210713525726,
2.16186931184754,2.29333246312354,2.30791127908214),.UNSPECIFIED.);
#91=B_SPLINE_CURVE_WITH_KNOTS('',3,(#11627,#11628,#11629,#11630,#11631,
#11632,#11633,#11634,#11635,#11636,#11637,#11638,#11639,#11640),
 .UNSPECIFIED.,.F.,.F.,(4,2,2,2,2,2,4),(1.12645023072425,1.13099518453926,
1.20976505220999,1.28853491988071,1.44033268854514,1.59213045720958,1.6791128348355),
 .UNSPECIFIED.);
#92=B_SPLINE_CURVE_WITH_KNOTS('',3,(#11662,#11663,#11664,#11665,#11666,
#11667,#11668,#11669,#11670,#11671,#11672,#11673,#11674,#11675,#11676,#11677,
#11678,#11679,#11680,#11681),.UNSPECIFIED.,.F.,.F.,(4,2,2,2,2,2,2,2,2,4),
(3.03632653008484,3.11249861218181,3.1847537443237,3.22088131039465,3.2570088764656,
3.27719759509404,3.29738631372249,3.33776375097938,3.42989368946169,3.45650227834482),
 .UNSPECIFIED.);
#93=B_SPLINE_CURVE_WITH_KNOTS('',3,(#11684,#11685,#11686,#11687,#11688,
#11689,#11690,#11691,#11692,#11693,#11694,#11695,#11696,#11697,#11698,#11699,
#11700,#11701,#11702,#11703,#11704,#11705,#11706,#11707,#11708,#11709,#11710,
#11711,#11712,#11713,#11714,#11715,#11716,#11717,#11718,#11719,#11720,#11721,
#11722,#11723,#11724,#11725,#11726,#11727,#11728,#11729,#11730,#11731,#11732,
#11733,#11734),.UNSPECIFIED.,.F.,.F.,(4,2,3,2,2,2,2,2,2,2,2,2,2,2,2,2,2,
2,2,2,2,2,2,2,4),(-0.0554289082771492,-0.0289324713921806,0.,0.0164313305193782,
0.0328626610387565,0.0657253220775129,0.132907217553044,0.221549210905361,
0.310191204257677,0.404465947028544,0.498740689799411,0.566703512522747,
0.634666335246083,0.702572373288455,0.770478411330828,0.867497427233254,
0.964516443135679,1.05165267752002,1.13878891190436,1.19653416750438,1.21643035641496,
1.23632654532554,1.27944830337477,1.322570061424,1.45587350203991),
 .UNSPECIFIED.);
#94=B_SPLINE_CURVE_WITH_KNOTS('',3,(#11738,#11739,#11740,#11741,#11742,
#11743,#11744,#11745,#11746,#11747,#11748,#11749,#11750,#11751),
 .UNSPECIFIED.,.F.,.F.,(4,2,2,2,2,2,4),(4.31762197131967,4.36535663810781,
4.44799652899853,4.47338793593929,4.48608363940967,4.49877934288006,4.54538781895224),
 .UNSPECIFIED.);
#95=B_SPLINE_CURVE_WITH_KNOTS('',3,(#11889,#11890,#11891,#11892,#11893,
#11894,#11895,#11896),.UNSPECIFIED.,.F.,.F.,(4,1,1,1,1,4),(-1.00000000000001,
-0.857142857142868,-0.714285714285722,-0.428571428571429,-0.21428571428571,
9.49502669955472E-15),.UNSPECIFIED.);
#96=B_SPLINE_CURVE_WITH_KNOTS('',3,(#11972,#11973,#11974,#11975,#11976,
#11977),.UNSPECIFIED.,.F.,.F.,(4,2,4),(0.,0.117562819132908,0.147563507014535),
 .UNSPECIFIED.);
#97=B_SPLINE_CURVE_WITH_KNOTS('',3,(#11980,#11981,#11982,#11983,#11984,
#11985),.UNSPECIFIED.,.F.,.F.,(4,2,4),(0.505532240038509,0.581995466601178,
0.699558285734087),.UNSPECIFIED.);
#98=B_SPLINE_CURVE_WITH_KNOTS('',3,(#11990,#11991,#11992,#11993,#11994,
#11995,#11996,#11997),.UNSPECIFIED.,.F.,.F.,(4,2,2,4),(0.,0.101974723430255,
0.151389983069806,0.19330905177323),.UNSPECIFIED.);
#99=B_SPLINE_CURVE_WITH_KNOTS('',3,(#12000,#12001,#12002,#12003,#12004,
#12005,#12006,#12007),.UNSPECIFIED.,.F.,.F.,(4,2,2,4),(0.50553224003851,
0.547451308741934,0.596866568381485,0.69884129181174),.UNSPECIFIED.);
#100=B_SPLINE_CURVE_WITH_KNOTS('',3,(#12189,#12190,#12191,#12192),
 .UNSPECIFIED.,.F.,.F.,(4,4),(0.277334043759703,0.297241784550719),
 .UNSPECIFIED.);
#101=B_SPLINE_CURVE_WITH_KNOTS('',3,(#12558,#12559,#12560,#12561,#12562,
#12563,#12564,#12565),.UNSPECIFIED.,.F.,.F.,(4,2,2,4),(-0.192828641180199,
-0.177658320474205,-0.164101536840493,-0.15596572299182),.UNSPECIFIED.);
#102=B_SPLINE_CURVE_WITH_KNOTS('',3,(#12628,#12629,#12630,#12631,#12632,
#12633,#12634,#12635),.UNSPECIFIED.,.F.,.F.,(4,1,1,1,1,4),(-9.49502669955472E-15,
0.21428571428571,0.428571428571429,0.714285714285722,0.857142857142868,
1.00000000000001),.UNSPECIFIED.);
#103=B_SPLINE_CURVE_WITH_KNOTS('',3,(#12651,#12652,#12653,#12654,#12655,
#12656,#12657,#12658,#12659,#12660,#12661,#12662,#12663,#12664,#12665),
 .UNSPECIFIED.,.F.,.F.,(4,1,1,1,1,1,1,1,1,1,1,1,4),(0.,0.00765400505696821,
0.0153080101139364,0.0306160202278728,0.0612320404557457,0.0765400505696821,
0.183696121367237,0.244928161822983,0.306160202278728,0.367392242734474,
0.398008262962347,0.413316273076283,0.42862428319022),.UNSPECIFIED.);
#104=B_SPLINE_CURVE_WITH_KNOTS('',3,(#12685,#12686,#12687,#12688,#12689,
#12690),.UNSPECIFIED.,.F.,.F.,(4,2,4),(-0.00050301369911626,0.,0.062182985956748),
 .UNSPECIFIED.);
#105=B_SPLINE_CURVE_WITH_KNOTS('',3,(#12691,#12692,#12693,#12694,#12695,
#12696,#12697,#12698,#12699,#12700),.UNSPECIFIED.,.F.,.F.,(4,2,2,2,4),(-0.294922386346708,
-0.276626331370129,-0.237093834977909,-0.198571017860406,-0.16048706817496),
 .UNSPECIFIED.);
#106=B_SPLINE_CURVE_WITH_KNOTS('',3,(#12729,#12730,#12731,#12732,#12733,
#12734,#12735,#12736,#12737,#12738),.UNSPECIFIED.,.F.,.F.,(4,2,2,2,4),(0.0301163546968329,
0.0574940660261453,0.0978163302112462,0.134913466956044,0.170669186137649),
 .UNSPECIFIED.);
#107=B_SPLINE_CURVE_WITH_KNOTS('',3,(#12760,#12761,#12762,#12763,#12764,
#12765),.UNSPECIFIED.,.F.,.F.,(4,2,4),(-0.000508878570736192,0.,0.0422389985767715),
 .UNSPECIFIED.);
#108=B_SPLINE_CURVE_WITH_KNOTS('',3,(#12766,#12767,#12768,#12769,#12770,
#12771,#12772,#12773,#12774,#12775),.UNSPECIFIED.,.F.,.F.,(4,2,2,2,4),(-0.311222017624041,
-0.28384430629067,-0.24352204209959,-0.206424905349292,-0.170669186162385),
 .UNSPECIFIED.);
#109=B_SPLINE_CURVE_WITH_KNOTS('',3,(#12787,#12788,#12789,#12790,#12791,
#12792),.UNSPECIFIED.,.F.,.F.,(4,2,4),(0.0200875993119926,0.0622270489284874,
0.0627345229560514),.UNSPECIFIED.);
#110=B_SPLINE_CURVE_WITH_KNOTS('',3,(#12831,#12832,#12833,#12834,#12835,
#12836,#12837,#12838,#12839,#12840),.UNSPECIFIED.,.F.,.F.,(4,2,2,2,4),(-0.160487068178143,
-0.122403118491929,-0.0838803013736489,-0.0443478049806315,-0.0260517500036809),
 .UNSPECIFIED.);
#111=B_SPLINE_CURVE_WITH_KNOTS('',3,(#12843,#12844,#12845,#12846,#12847,
#12848),.UNSPECIFIED.,.F.,.F.,(4,2,4),(0.015697721046529,0.0779884479906356,
0.0784923332333997),.UNSPECIFIED.);
#112=B_SPLINE_CURVE_WITH_KNOTS('',3,(#12866,#12867,#12868,#12869,#12870,
#12871,#12872,#12873,#12874,#12875,#12876,#12877,#12878,#12879,#12880),
 .UNSPECIFIED.,.F.,.F.,(4,1,1,1,1,1,1,1,1,1,1,1,4),(-0.42862428319022,-0.413316273076283,
-0.398008262962347,-0.367392242734474,-0.306160202278728,-0.244928161822983,
-0.183696121367237,-0.0765400505696821,-0.0612320404557457,-0.0306160202278728,
-0.0153080101139364,-0.00765400505696821,0.),.UNSPECIFIED.);
#113=B_SPLINE_CURVE_WITH_KNOTS('',3,(#12961,#12962,#12963,#12964,#12965,
#12966,#12967,#12968,#12969,#12970,#12971,#12972,#12973,#12974,#12975,#12976,
#12977,#12978),.UNSPECIFIED.,.F.,.F.,(4,2,2,2,2,2,2,2,4),(-0.000679588033187169,
0.,0.00974616559634705,0.100494098842714,0.169791506531246,0.239088914219773,
0.329836847469173,0.339583012869526,0.340262600943033),.UNSPECIFIED.);
#114=B_SPLINE_CURVE_WITH_KNOTS('',3,(#12989,#12990,#12991,#12992,#12993,
#12994,#12995,#12996,#12997,#12998,#12999,#13000),.UNSPECIFIED.,.F.,.F.,
(4,2,2,2,2,4),(-0.000725896640217843,0.,0.0501706672408821,0.121702777421177,
0.184565471383246,0.257483860098633),.UNSPECIFIED.);
#115=B_SPLINE_CURVE_WITH_KNOTS('',3,(#13007,#13008,#13009,#13010,#13011,
#13012,#13013,#13014,#13015,#13016,#13017,#13018),.UNSPECIFIED.,.F.,.F.,
(4,2,2,2,2,4),(0.,0.0983255251756665,0.175244298364583,0.249191786031521,
0.265482716924088,0.26594223969705),.UNSPECIFIED.);
#116=B_SPLINE_CURVE_WITH_KNOTS('',3,(#13029,#13030,#13031,#13032,#13033,
#13034),.UNSPECIFIED.,.F.,.F.,(4,2,4),(0.0287038076544198,0.117562819132909,
0.194026045695578),.UNSPECIFIED.);
#117=B_SPLINE_CURVE_WITH_KNOTS('',3,(#13064,#13065,#13066,#13067,#13068,
#13069),.UNSPECIFIED.,.F.,.F.,(4,2,4),(0.,0.117562819132909,0.122002769848481),
 .UNSPECIFIED.);
#118=B_SPLINE_CURVE_WITH_KNOTS('',3,(#13091,#13092,#13093,#13094,#13095,
#13096),.UNSPECIFIED.,.F.,.F.,(4,2,4),(0.505532240038509,0.581995466601179,
0.699558285734088),.UNSPECIFIED.);
#119=CYLINDRICAL_SURFACE('',#7386,0.5);
#120=CYLINDRICAL_SURFACE('',#7396,0.5);
#121=CYLINDRICAL_SURFACE('',#7403,0.5);
#122=CYLINDRICAL_SURFACE('',#7410,4.);
#123=CYLINDRICAL_SURFACE('',#7425,0.5);
#124=CYLINDRICAL_SURFACE('',#7428,0.5);
#125=CYLINDRICAL_SURFACE('',#7436,1.);
#126=CYLINDRICAL_SURFACE('',#7438,1.);
#127=CYLINDRICAL_SURFACE('',#7447,1.);
#128=CYLINDRICAL_SURFACE('',#7450,1.);
#129=CYLINDRICAL_SURFACE('',#7456,4.);
#130=CYLINDRICAL_SURFACE('',#7463,4.);
#131=CYLINDRICAL_SURFACE('',#7470,4.);
#132=CYLINDRICAL_SURFACE('',#7477,4.);
#133=CYLINDRICAL_SURFACE('',#7484,4.);
#134=CYLINDRICAL_SURFACE('',#7491,4.);
#135=CYLINDRICAL_SURFACE('',#7507,10.5);
#136=CYLINDRICAL_SURFACE('',#7510,10.5);
#137=CYLINDRICAL_SURFACE('',#7513,1.);
#138=CYLINDRICAL_SURFACE('',#7518,10.5);
#139=CYLINDRICAL_SURFACE('',#7521,10.5);
#140=CYLINDRICAL_SURFACE('',#7524,1.);
#141=CYLINDRICAL_SURFACE('',#7539,1.);
#142=CYLINDRICAL_SURFACE('',#7542,1.);
#143=CYLINDRICAL_SURFACE('',#7545,1.);
#144=CYLINDRICAL_SURFACE('',#7548,1.);
#145=CYLINDRICAL_SURFACE('',#7551,1.);
#146=CYLINDRICAL_SURFACE('',#7553,1.);
#147=CYLINDRICAL_SURFACE('',#7584,2.);
#148=CYLINDRICAL_SURFACE('',#7594,0.5);
#149=CYLINDRICAL_SURFACE('',#7610,1.);
#150=CYLINDRICAL_SURFACE('',#7613,1.);
#151=CYLINDRICAL_SURFACE('',#7616,1.);
#152=CYLINDRICAL_SURFACE('',#7617,1.);
#153=CYLINDRICAL_SURFACE('',#7632,4.);
#154=CYLINDRICAL_SURFACE('',#7643,4.);
#155=CYLINDRICAL_SURFACE('',#7654,4.);
#156=CYLINDRICAL_SURFACE('',#7663,4.);
#157=CYLINDRICAL_SURFACE('',#7664,4.);
#158=CYLINDRICAL_SURFACE('',#7665,4.);
#159=CYLINDRICAL_SURFACE('',#7676,4.);
#160=CYLINDRICAL_SURFACE('',#7677,4.);
#161=CYLINDRICAL_SURFACE('',#7678,4.);
#162=CYLINDRICAL_SURFACE('',#7710,1.);
#163=CYLINDRICAL_SURFACE('',#7711,1.);
#164=CYLINDRICAL_SURFACE('',#7713,1.);
#165=CYLINDRICAL_SURFACE('',#7715,1.);
#166=CYLINDRICAL_SURFACE('',#7717,1.);
#167=CYLINDRICAL_SURFACE('',#7719,1.);
#168=CYLINDRICAL_SURFACE('',#7721,1.5);
#169=CYLINDRICAL_SURFACE('',#7738,0.5);
#170=CYLINDRICAL_SURFACE('',#7746,4.);
#171=CYLINDRICAL_SURFACE('',#7747,2.);
#172=CYLINDRICAL_SURFACE('',#7788,0.5);
#173=CYLINDRICAL_SURFACE('',#7797,1.);
#174=CYLINDRICAL_SURFACE('',#7800,1.);
#175=CYLINDRICAL_SURFACE('',#7803,1.);
#176=CYLINDRICAL_SURFACE('',#7805,1.);
#177=CYLINDRICAL_SURFACE('',#7807,1.);
#178=CYLINDRICAL_SURFACE('',#7811,1.);
#179=CYLINDRICAL_SURFACE('',#7838,0.5);
#180=CYLINDRICAL_SURFACE('',#7841,0.5);
#181=CYLINDRICAL_SURFACE('',#7844,0.5);
#182=CYLINDRICAL_SURFACE('',#7845,0.5);
#183=CYLINDRICAL_SURFACE('',#7856,0.5);
#184=CYLINDRICAL_SURFACE('',#7858,1.);
#185=CYLINDRICAL_SURFACE('',#7861,0.5);
#186=CYLINDRICAL_SURFACE('',#7864,1.);
#187=CYLINDRICAL_SURFACE('',#7866,0.5);
#188=CYLINDRICAL_SURFACE('',#7869,0.5);
#189=CYLINDRICAL_SURFACE('',#7872,0.5);
#190=CYLINDRICAL_SURFACE('',#7874,0.5);
#191=CYLINDRICAL_SURFACE('',#7877,0.5);
#192=CYLINDRICAL_SURFACE('',#7879,1.);
#193=CYLINDRICAL_SURFACE('',#7882,0.5);
#194=CYLINDRICAL_SURFACE('',#7884,0.5);
#195=CYLINDRICAL_SURFACE('',#7887,0.5);
#196=CYLINDRICAL_SURFACE('',#7890,0.5);
#197=CYLINDRICAL_SURFACE('',#7893,0.5);
#198=CYLINDRICAL_SURFACE('',#7895,0.5);
#199=CYLINDRICAL_SURFACE('',#7898,1.);
#200=CYLINDRICAL_SURFACE('',#7901,0.5);
#201=CYLINDRICAL_SURFACE('',#7904,0.5);
#202=CYLINDRICAL_SURFACE('',#7906,0.5);
#203=CYLINDRICAL_SURFACE('',#7909,0.5);
#204=CYLINDRICAL_SURFACE('',#7911,1.);
#205=CYLINDRICAL_SURFACE('',#7914,0.5);
#206=CYLINDRICAL_SURFACE('',#7920,1.);
#207=CYLINDRICAL_SURFACE('',#7923,0.5);
#208=CYLINDRICAL_SURFACE('',#7926,0.5);
#209=CYLINDRICAL_SURFACE('',#7928,1.);
#210=CYLINDRICAL_SURFACE('',#7934,1.);
#211=CYLINDRICAL_SURFACE('',#7936,0.5);
#212=CYLINDRICAL_SURFACE('',#7940,0.5);
#213=CYLINDRICAL_SURFACE('',#7941,0.5);
#214=CYLINDRICAL_SURFACE('',#7943,0.5);
#215=CYLINDRICAL_SURFACE('',#7945,0.5);
#216=CYLINDRICAL_SURFACE('',#7946,0.5);
#217=CYLINDRICAL_SURFACE('',#7947,0.5);
#218=CYLINDRICAL_SURFACE('',#7951,0.5);
#219=CYLINDRICAL_SURFACE('',#7953,0.5);
#220=CYLINDRICAL_SURFACE('',#7955,0.5);
#221=CYLINDRICAL_SURFACE('',#7956,1.);
#222=CYLINDRICAL_SURFACE('',#7958,1.);
#223=CYLINDRICAL_SURFACE('',#7960,1.);
#224=CYLINDRICAL_SURFACE('',#7963,2.);
#225=CYLINDRICAL_SURFACE('',#7966,1.);
#226=CYLINDRICAL_SURFACE('',#7970,1.);
#227=CYLINDRICAL_SURFACE('',#7974,2.);
#228=CYLINDRICAL_SURFACE('',#7977,1.);
#229=CYLINDRICAL_SURFACE('',#7979,0.499999999999999);
#230=CYLINDRICAL_SURFACE('',#7982,1.);
#231=CYLINDRICAL_SURFACE('',#7987,0.499999999999999);
#232=CYLINDRICAL_SURFACE('',#7992,1.);
#233=CYLINDRICAL_SURFACE('',#7998,1.);
#234=CYLINDRICAL_SURFACE('',#8006,1.);
#235=CYLINDRICAL_SURFACE('',#8009,0.5);
#236=CYLINDRICAL_SURFACE('',#8020,1.);
#237=CYLINDRICAL_SURFACE('',#8026,0.5);
#238=CYLINDRICAL_SURFACE('',#8029,1.);
#239=CYLINDRICAL_SURFACE('',#8034,1.);
#240=CYLINDRICAL_SURFACE('',#8039,1.);
#241=CYLINDRICAL_SURFACE('',#8041,1.);
#242=CYLINDRICAL_SURFACE('',#8045,1.);
#243=CYLINDRICAL_SURFACE('',#8047,1.);
#244=CYLINDRICAL_SURFACE('',#8053,1.);
#245=CYLINDRICAL_SURFACE('',#8055,1.);
#246=CYLINDRICAL_SURFACE('',#8058,1.);
#247=CYLINDRICAL_SURFACE('',#8063,1.);
#248=CYLINDRICAL_SURFACE('',#8069,1.);
#249=CYLINDRICAL_SURFACE('',#8070,1.);
#250=CYLINDRICAL_SURFACE('',#8073,1.);
#251=CYLINDRICAL_SURFACE('',#8077,1.);
#252=CYLINDRICAL_SURFACE('',#8078,1.);
#253=CYLINDRICAL_SURFACE('',#8081,1.);
#254=CYLINDRICAL_SURFACE('',#8089,1.);
#255=ELLIPSE('',#7373,0.531629519830306,0.5);
#256=ELLIPSE('',#7374,1.06325903966061,1.);
#257=ELLIPSE('',#7375,2.94307214390106,1.);
#258=ELLIPSE('',#7377,0.531629519830281,0.5);
#259=ELLIPSE('',#7390,1.26888723564339,0.5);
#260=ELLIPSE('',#7391,1.26888723564339,0.5);
#261=ELLIPSE('',#7397,0.707106781186541,0.5);
#262=ELLIPSE('',#7406,6.24164804709036,4.);
#263=ELLIPSE('',#7408,0.707106775698677,0.5);
#264=ELLIPSE('',#7409,0.707106775698677,0.5);
#265=ELLIPSE('',#7412,5.65685424949238,4.);
#266=ELLIPSE('',#7426,0.707106781186545,0.5);
#267=ELLIPSE('',#7457,6.22289530744165,4.);
#268=ELLIPSE('',#7459,6.22289530744165,4.);
#269=ELLIPSE('',#7461,6.22289530744165,4.);
#270=ELLIPSE('',#7467,6.22289530744165,4.);
#271=ELLIPSE('',#7469,6.22289530744165,4.);
#272=ELLIPSE('',#7471,6.22289530744165,4.);
#273=ELLIPSE('',#7473,6.22289530744165,4.);
#274=ELLIPSE('',#7475,6.22289530744165,4.);
#275=ELLIPSE('',#7481,6.22289530744165,4.);
#276=ELLIPSE('',#7483,6.22289530744165,4.);
#277=ELLIPSE('',#7619,5.65685424949238,4.);
#278=ELLIPSE('',#7620,5.65685424949238,4.);
#279=ELLIPSE('',#7624,6.22289530744165,4.);
#280=ELLIPSE('',#7625,6.22289530744165,4.);
#281=ELLIPSE('',#7628,6.22289530744165,4.);
#282=ELLIPSE('',#7633,6.22289530744165,4.);
#283=ELLIPSE('',#7634,6.22289530744165,4.);
#284=ELLIPSE('',#7636,5.65685424949238,4.);
#285=ELLIPSE('',#7637,5.65685424949238,4.);
#286=ELLIPSE('',#7644,5.65685424949238,4.);
#287=ELLIPSE('',#7646,6.22289530744165,4.);
#288=ELLIPSE('',#7647,6.22289530744165,4.);
#289=ELLIPSE('',#7648,6.22289530744165,4.);
#290=ELLIPSE('',#7655,6.22289530744165,4.);
#291=ELLIPSE('',#7656,6.22289530744165,4.);
#292=ELLIPSE('',#7725,0.500198403501523,0.5);
#293=ELLIPSE('',#7726,0.500198403501523,0.5);
#294=ELLIPSE('',#7801,1.4142135623731,1.);
#295=ELLIPSE('',#7804,1.41421356237309,1.);
#296=ELLIPSE('',#7835,0.500202233119252,0.5);
#297=ELLIPSE('',#7836,0.500202233119252,0.5);
#298=ELLIPSE('',#7839,0.707106781186546,0.5);
#299=ELLIPSE('',#7840,0.707106781186549,0.5);
#300=ELLIPSE('',#7842,0.707106781186546,0.5);
#301=ELLIPSE('',#7843,0.707106781186549,0.5);
#302=ELLIPSE('',#7857,0.707106781186548,0.5);
#303=ELLIPSE('',#7859,1.4142135623731,1.);
#304=ELLIPSE('',#7860,1.4142135623731,1.);
#305=ELLIPSE('',#7862,0.707106781186553,0.5);
#306=ELLIPSE('',#7863,0.707106781186545,0.5);
#307=ELLIPSE('',#7867,0.707106781186551,0.5);
#308=ELLIPSE('',#7868,0.707106781186547,0.5);
#309=ELLIPSE('',#7870,0.707106781186536,0.5);
#310=ELLIPSE('',#7873,0.707106781186549,0.5);
#311=ELLIPSE('',#7875,0.707106781186541,0.5);
#312=ELLIPSE('',#7876,0.707106781186535,0.5);
#313=ELLIPSE('',#7885,0.707106781186539,0.5);
#314=ELLIPSE('',#7886,0.707106781186545,0.5);
#315=ELLIPSE('',#7891,0.707106781186577,0.5);
#316=ELLIPSE('',#7905,0.707106781186532,0.5);
#317=ELLIPSE('',#7929,1.4142135623731,1.);
#318=ELLIPSE('',#7935,1.41421356237309,1.);
#319=ELLIPSE('',#7937,0.777861913430208,0.5);
#320=ELLIPSE('',#7942,0.707106781186555,0.5);
#321=ELLIPSE('',#7944,0.777861913430202,0.5);
#322=ELLIPSE('',#7948,0.77786191343021,0.5);
#323=ELLIPSE('',#7952,0.777861913430203,0.5);
#324=ELLIPSE('',#7957,1.4142135623731,1.);
#325=ELLIPSE('',#7959,1.41421356237307,1.);
#326=ELLIPSE('',#7967,1.22077458876146,1.);
#327=ELLIPSE('',#7972,1.22077458876146,1.);
#328=ELLIPSE('',#7978,1.22077458876146,1.);
#329=ELLIPSE('',#7993,1.22077458876146,1.);
#330=ELLIPSE('',#8054,1.41421356237309,1.);
#331=ELLIPSE('',#8059,1.41421356237309,1.);
#332=ELLIPSE('',#8064,1.4142135623731,1.);
#333=ELLIPSE('',#8071,1.41421356237309,1.);
#334=ELLIPSE('',#8079,1.4142135623731,1.);
#335=FACE_BOUND('',#1095,.T.);
#336=FACE_BOUND('',#1096,.T.);
#337=FACE_BOUND('',#1097,.T.);
#338=FACE_BOUND('',#1098,.T.);
#339=FACE_BOUND('',#1099,.T.);
#340=FACE_BOUND('',#1100,.T.);
#341=FACE_BOUND('',#1121,.T.);
#342=FACE_BOUND('',#1122,.T.);
#343=FACE_BOUND('',#1123,.T.);
#344=FACE_BOUND('',#1124,.T.);
#345=FACE_BOUND('',#1125,.T.);
#346=FACE_BOUND('',#1126,.T.);
#347=FACE_BOUND('',#1127,.T.);
#348=FACE_BOUND('',#1128,.T.);
#349=FACE_BOUND('',#1131,.T.);
#350=FACE_BOUND('',#1134,.T.);
#351=FACE_BOUND('',#1135,.T.);
#352=FACE_BOUND('',#1137,.T.);
#353=FACE_BOUND('',#1138,.T.);
#354=FACE_BOUND('',#1145,.T.);
#355=FACE_BOUND('',#1146,.T.);
#356=FACE_BOUND('',#1153,.T.);
#357=FACE_BOUND('',#1154,.T.);
#358=FACE_BOUND('',#1168,.T.);
#359=FACE_BOUND('',#1170,.T.);
#360=FACE_BOUND('',#1173,.T.);
#361=FACE_BOUND('',#1175,.T.);
#362=FACE_BOUND('',#1213,.T.);
#363=FACE_BOUND('',#1221,.T.);
#364=FACE_BOUND('',#1228,.T.);
#365=FACE_BOUND('',#1235,.T.);
#366=FACE_BOUND('',#1236,.T.);
#367=FACE_BOUND('',#1240,.T.);
#368=FACE_BOUND('',#1241,.T.);
#369=FACE_BOUND('',#1248,.T.);
#370=FACE_BOUND('',#1251,.T.);
#371=FACE_BOUND('',#1253,.T.);
#372=FACE_BOUND('',#1256,.T.);
#373=FACE_BOUND('',#1260,.T.);
#374=FACE_BOUND('',#1262,.T.);
#375=FACE_BOUND('',#1292,.T.);
#376=FACE_BOUND('',#1294,.T.);
#377=FACE_BOUND('',#1296,.T.);
#378=FACE_BOUND('',#1313,.T.);
#379=FACE_BOUND('',#1316,.T.);
#380=FACE_BOUND('',#1338,.T.);
#381=FACE_BOUND('',#1341,.T.);
#382=FACE_BOUND('',#1363,.T.);
#383=FACE_BOUND('',#1364,.T.);
#384=FACE_BOUND('',#1365,.T.);
#385=FACE_BOUND('',#1366,.T.);
#386=FACE_BOUND('',#1371,.T.);
#387=FACE_BOUND('',#1380,.T.);
#388=FACE_BOUND('',#1388,.T.);
#389=FACE_BOUND('',#1390,.T.);
#390=FACE_BOUND('',#1391,.T.);
#391=FACE_BOUND('',#1394,.T.);
#392=FACE_BOUND('',#1395,.T.);
#393=FACE_BOUND('',#1396,.T.);
#394=FACE_BOUND('',#1397,.T.);
#395=FACE_BOUND('',#1474,.T.);
#396=FACE_BOUND('',#1482,.T.);
#397=FACE_BOUND('',#1483,.T.);
#398=FACE_BOUND('',#1484,.T.);
#399=FACE_BOUND('',#1485,.T.);
#400=FACE_BOUND('',#1486,.T.);
#401=FACE_BOUND('',#1494,.T.);
#402=FACE_BOUND('',#1495,.T.);
#403=FACE_BOUND('',#1530,.T.);
#404=FACE_BOUND('',#1531,.T.);
#405=FACE_BOUND('',#1544,.T.);
#406=FACE_BOUND('',#1545,.T.);
#407=FACE_BOUND('',#1551,.T.);
#408=FACE_BOUND('',#1552,.T.);
#409=FACE_BOUND('',#1553,.T.);
#410=FACE_BOUND('',#1554,.T.);
#411=CIRCLE('',#7365,1.);
#412=CIRCLE('',#7367,1.);
#413=CIRCLE('',#7368,1.);
#414=CIRCLE('',#7369,1.);
#415=CIRCLE('',#7370,1.);
#416=CIRCLE('',#7379,1.);
#417=CIRCLE('',#7381,1.5);
#418=CIRCLE('',#7382,0.499999999999998);
#419=CIRCLE('',#7383,0.500000000000007);
#420=CIRCLE('',#7384,0.499999999999998);
#421=CIRCLE('',#7385,1.5);
#422=CIRCLE('',#7387,0.5);
#423=CIRCLE('',#7395,1.);
#424=CIRCLE('',#7399,1.5);
#425=CIRCLE('',#7400,1.5);
#426=CIRCLE('',#7401,0.500000000000007);
#427=CIRCLE('',#7402,0.499999999999998);
#428=CIRCLE('',#7404,0.499999999999998);
#429=CIRCLE('',#7411,4.);
#430=CIRCLE('',#7413,4.);
#431=CIRCLE('',#7414,4.);
#432=CIRCLE('',#7415,4.);
#433=CIRCLE('',#7418,2.);
#434=CIRCLE('',#7419,2.);
#435=CIRCLE('',#7421,4.);
#436=CIRCLE('',#7422,4.);
#437=CIRCLE('',#7423,4.);
#438=CIRCLE('',#7424,4.);
#439=CIRCLE('',#7429,0.499999999999998);
#440=CIRCLE('',#7431,1.);
#441=CIRCLE('',#7432,1.);
#442=CIRCLE('',#7434,1.);
#443=CIRCLE('',#7435,1.);
#444=CIRCLE('',#7437,1.);
#445=CIRCLE('',#7439,1.);
#446=CIRCLE('',#7448,1.);
#447=CIRCLE('',#7449,1.);
#448=CIRCLE('',#7451,1.);
#449=CIRCLE('',#7452,1.);
#450=CIRCLE('',#7458,4.);
#451=CIRCLE('',#7460,4.);
#452=CIRCLE('',#7462,4.);
#453=CIRCLE('',#7464,4.);
#454=CIRCLE('',#7472,4.);
#455=CIRCLE('',#7474,4.);
#456=CIRCLE('',#7476,4.);
#457=CIRCLE('',#7478,4.);
#458=CIRCLE('',#7485,4.);
#459=CIRCLE('',#7486,4.);
#460=CIRCLE('',#7487,4.);
#461=CIRCLE('',#7489,2.19990930820739);
#462=CIRCLE('',#7492,4.);
#463=CIRCLE('',#7493,4.);
#464=CIRCLE('',#7494,4.);
#465=CIRCLE('',#7496,2.19990930820739);
#466=CIRCLE('',#7508,10.5);
#467=CIRCLE('',#7509,10.5);
#468=CIRCLE('',#7511,10.5);
#469=CIRCLE('',#7512,10.5);
#470=CIRCLE('',#7514,1.);
#471=CIRCLE('',#7515,1.);
#472=CIRCLE('',#7519,10.5);
#473=CIRCLE('',#7520,10.5);
#474=CIRCLE('',#7522,10.5);
#475=CIRCLE('',#7523,10.5);
#476=CIRCLE('',#7525,1.);
#477=CIRCLE('',#7526,1.);
#478=CIRCLE('',#7540,1.);
#479=CIRCLE('',#7541,1.);
#480=CIRCLE('',#7543,1.);
#481=CIRCLE('',#7544,1.);
#482=CIRCLE('',#7546,1.);
#483=CIRCLE('',#7547,1.);
#484=CIRCLE('',#7549,1.);
#485=CIRCLE('',#7550,1.);
#486=CIRCLE('',#7552,1.);
#487=CIRCLE('',#7554,1.);
#488=CIRCLE('',#7556,2.);
#489=CIRCLE('',#7557,0.999999999999999);
#490=CIRCLE('',#7559,1.44310051426494);
#491=CIRCLE('',#7561,1.98866827496426);
#492=CIRCLE('',#7562,1.98866827496426);
#493=CIRCLE('',#7564,0.5);
#494=CIRCLE('',#7566,1.44310051426494);
#495=CIRCLE('',#7568,1.98866827496426);
#496=CIRCLE('',#7569,1.98866827496426);
#497=CIRCLE('',#7571,0.5);
#498=CIRCLE('',#7573,2.);
#499=CIRCLE('',#7574,0.999999999999999);
#500=CIRCLE('',#7576,0.5);
#501=CIRCLE('',#7577,0.499999999999999);
#502=CIRCLE('',#7578,0.499999999999999);
#503=CIRCLE('',#7580,0.499999999999999);
#504=CIRCLE('',#7581,0.5);
#505=CIRCLE('',#7582,0.499999999999999);
#506=CIRCLE('',#7585,2.);
#507=CIRCLE('',#7586,2.);
#508=CIRCLE('',#7588,0.5);
#509=CIRCLE('',#7589,0.5);
#510=CIRCLE('',#7590,0.5);
#511=CIRCLE('',#7591,1.);
#512=CIRCLE('',#7593,1.);
#513=CIRCLE('',#7595,0.5);
#514=CIRCLE('',#7596,0.5);
#515=CIRCLE('',#7598,0.5);
#516=CIRCLE('',#7603,1.);
#517=CIRCLE('',#7604,1.);
#518=CIRCLE('',#7608,1.);
#519=CIRCLE('',#7609,1.);
#520=CIRCLE('',#7611,1.);
#521=CIRCLE('',#7612,1.);
#522=CIRCLE('',#7614,1.);
#523=CIRCLE('',#7615,1.);
#524=CIRCLE('',#7622,2.19990930820739);
#525=CIRCLE('',#7626,4.);
#526=CIRCLE('',#7627,4.);
#527=CIRCLE('',#7630,4.);
#528=CIRCLE('',#7631,2.19990930820739);
#529=CIRCLE('',#7638,4.);
#530=CIRCLE('',#7639,4.);
#531=CIRCLE('',#7641,4.);
#532=CIRCLE('',#7642,2.19990930820739);
#533=CIRCLE('',#7649,4.);
#534=CIRCLE('',#7650,4.);
#535=CIRCLE('',#7652,4.);
#536=CIRCLE('',#7653,2.19990930820739);
#537=CIRCLE('',#7658,4.);
#538=CIRCLE('',#7660,4.);
#539=CIRCLE('',#7662,4.);
#540=CIRCLE('',#7666,4.);
#541=CIRCLE('',#7667,4.);
#542=CIRCLE('',#7671,4.);
#543=CIRCLE('',#7673,4.);
#544=CIRCLE('',#7675,4.);
#545=CIRCLE('',#7679,4.);
#546=CIRCLE('',#7680,4.);
#547=CIRCLE('',#7689,0.5);
#548=CIRCLE('',#7690,0.5);
#549=CIRCLE('',#7697,2.);
#550=CIRCLE('',#7699,1.);
#551=CIRCLE('',#7701,1.);
#552=CIRCLE('',#7703,1.);
#553=CIRCLE('',#7709,2.);
#554=CIRCLE('',#7712,1.);
#555=CIRCLE('',#7714,1.);
#556=CIRCLE('',#7716,1.);
#557=CIRCLE('',#7718,1.);
#558=CIRCLE('',#7720,1.);
#559=CIRCLE('',#7722,1.5);
#560=CIRCLE('',#7723,1.5);
#561=CIRCLE('',#7730,4.);
#562=CIRCLE('',#7733,1.);
#563=CIRCLE('',#7735,0.5);
#564=CIRCLE('',#7736,0.5);
#565=CIRCLE('',#7737,0.5);
#566=CIRCLE('',#7739,0.5);
#567=CIRCLE('',#7740,0.5);
#568=CIRCLE('',#7742,0.5);
#569=CIRCLE('',#7743,1.);
#570=CIRCLE('',#7745,4.);
#571=CIRCLE('',#7748,2.);
#572=CIRCLE('',#7749,2.);
#573=CIRCLE('',#7753,1.98866827496426);
#574=CIRCLE('',#7754,1.98866827496426);
#575=CIRCLE('',#7756,1.44310051426494);
#576=CIRCLE('',#7758,0.5);
#577=CIRCLE('',#7760,1.98866827496426);
#578=CIRCLE('',#7761,1.98866827496426);
#579=CIRCLE('',#7763,1.44310051426494);
#580=CIRCLE('',#7765,0.5);
#581=CIRCLE('',#7767,1.98866827496426);
#582=CIRCLE('',#7768,1.98866827496426);
#583=CIRCLE('',#7770,1.44310051426494);
#584=CIRCLE('',#7772,0.5);
#585=CIRCLE('',#7774,1.98866827496426);
#586=CIRCLE('',#7775,1.98866827496426);
#587=CIRCLE('',#7777,1.44310051426494);
#588=CIRCLE('',#7779,0.5);
#589=CIRCLE('',#7781,1.);
#590=CIRCLE('',#7783,0.5);
#591=CIRCLE('',#7784,0.5);
#592=CIRCLE('',#7785,0.5);
#593=CIRCLE('',#7787,1.);
#594=CIRCLE('',#7789,0.5);
#595=CIRCLE('',#7790,0.5);
#596=CIRCLE('',#7792,0.5);
#597=CIRCLE('',#7798,1.);
#598=CIRCLE('',#7799,0.999999999999996);
#599=CIRCLE('',#7802,0.999999999999996);
#600=CIRCLE('',#7806,1.);
#601=CIRCLE('',#7808,1.);
#602=CIRCLE('',#7809,1.);
#603=CIRCLE('',#7812,1.);
#604=CIRCLE('',#7813,1.);
#605=CIRCLE('',#7822,1.);
#606=CIRCLE('',#7823,1.);
#607=CIRCLE('',#7865,1.);
#608=CIRCLE('',#7871,0.499999999999998);
#609=CIRCLE('',#7878,0.499999999999998);
#610=CIRCLE('',#7880,1.);
#611=CIRCLE('',#7881,1.);
#612=CIRCLE('',#7883,0.499999999999998);
#613=CIRCLE('',#7888,0.499999999999998);
#614=CIRCLE('',#7889,0.499999999999999);
#615=CIRCLE('',#7892,0.499999999999998);
#616=CIRCLE('',#7894,0.499999999999998);
#617=CIRCLE('',#7896,0.499999999999998);
#618=CIRCLE('',#7897,0.499999999999998);
#619=CIRCLE('',#7899,0.999999999999996);
#620=CIRCLE('',#7900,1.);
#621=CIRCLE('',#7902,0.499999999999998);
#622=CIRCLE('',#7903,0.499999999999998);
#623=CIRCLE('',#7907,0.499999999999998);
#624=CIRCLE('',#7908,0.499999999999994);
#625=CIRCLE('',#7910,0.499999999999998);
#626=CIRCLE('',#7912,1.);
#627=CIRCLE('',#7913,1.);
#628=CIRCLE('',#7915,0.5);
#629=CIRCLE('',#7916,0.499999999999998);
#630=CIRCLE('',#7919,1.);
#631=CIRCLE('',#7921,0.999999999999996);
#632=CIRCLE('',#7922,1.00000000000001);
#633=CIRCLE('',#7924,0.499999999999998);
#634=CIRCLE('',#7925,0.499999999999998);
#635=CIRCLE('',#7927,0.499999999999998);
#636=CIRCLE('',#7930,1.);
#637=CIRCLE('',#7938,0.5);
#638=CIRCLE('',#7949,1.);
#639=CIRCLE('',#7950,0.499999999999998);
#640=CIRCLE('',#7954,0.499999999999998);
#641=CIRCLE('',#7961,1.);
#642=CIRCLE('',#7964,2.);
#643=CIRCLE('',#7968,1.25);
#644=CIRCLE('',#7969,1.25);
#645=CIRCLE('',#7971,1.);
#646=CIRCLE('',#7975,2.);
#647=CIRCLE('',#7980,0.499999999999999);
#648=CIRCLE('',#7981,0.499999999999999);
#649=CIRCLE('',#7984,1.5);
#650=CIRCLE('',#7986,1.);
#651=CIRCLE('',#7988,0.499999999999999);
#652=CIRCLE('',#7989,0.499999999999999);
#653=CIRCLE('',#7990,1.25);
#654=CIRCLE('',#7991,1.25);
#655=CIRCLE('',#7995,1.);
#656=CIRCLE('',#7996,1.5);
#657=CIRCLE('',#7999,1.);
#658=CIRCLE('',#8000,1.);
#659=CIRCLE('',#8001,1.);
#660=CIRCLE('',#8002,0.999999999999992);
#661=CIRCLE('',#8004,2.);
#662=CIRCLE('',#8005,2.);
#663=CIRCLE('',#8007,1.);
#664=CIRCLE('',#8008,1.);
#665=CIRCLE('',#8011,1.);
#666=CIRCLE('',#8012,2.);
#667=CIRCLE('',#8013,2.);
#668=CIRCLE('',#8016,2.);
#669=CIRCLE('',#8018,1.);
#670=CIRCLE('',#8019,1.);
#671=CIRCLE('',#8021,0.999999999999996);
#672=CIRCLE('',#8023,1.00000000000001);
#673=CIRCLE('',#8024,1.00000000000001);
#674=CIRCLE('',#8028,2.);
#675=CIRCLE('',#8030,0.999999999999799);
#676=CIRCLE('',#8033,2.);
#677=CIRCLE('',#8035,1.);
#678=CIRCLE('',#8038,1.);
#679=CIRCLE('',#8042,1.);
#680=CIRCLE('',#8044,1.);
#681=CIRCLE('',#8048,1.);
#682=CIRCLE('',#8050,2.);
#683=CIRCLE('',#8052,1.);
#684=CIRCLE('',#8056,1.);
#685=CIRCLE('',#8057,1.);
#686=CIRCLE('',#8060,1.00000000000001);
#687=CIRCLE('',#8066,2.);
#688=CIRCLE('',#8068,1.);
#689=CIRCLE('',#8074,1.);
#690=CIRCLE('',#8076,0.999999999999996);
#691=CIRCLE('',#8090,1.);
#692=FACE_OUTER_BOUND('',#1088,.T.);
#693=FACE_OUTER_BOUND('',#1089,.T.);
#694=FACE_OUTER_BOUND('',#1090,.T.);
#695=FACE_OUTER_BOUND('',#1091,.T.);
#696=FACE_OUTER_BOUND('',#1092,.T.);
#697=FACE_OUTER_BOUND('',#1093,.T.);
#698=FACE_OUTER_BOUND('',#1094,.T.);
#699=FACE_OUTER_BOUND('',#1101,.T.);
#700=FACE_OUTER_BOUND('',#1102,.T.);
#701=FACE_OUTER_BOUND('',#1103,.T.);
#702=FACE_OUTER_BOUND('',#1104,.T.);
#703=FACE_OUTER_BOUND('',#1105,.T.);
#704=FACE_OUTER_BOUND('',#1106,.T.);
#705=FACE_OUTER_BOUND('',#1107,.T.);
#706=FACE_OUTER_BOUND('',#1108,.T.);
#707=FACE_OUTER_BOUND('',#1109,.T.);
#708=FACE_OUTER_BOUND('',#1110,.T.);
#709=FACE_OUTER_BOUND('',#1111,.T.);
#710=FACE_OUTER_BOUND('',#1112,.T.);
#711=FACE_OUTER_BOUND('',#1113,.T.);
#712=FACE_OUTER_BOUND('',#1114,.T.);
#713=FACE_OUTER_BOUND('',#1115,.T.);
#714=FACE_OUTER_BOUND('',#1116,.T.);
#715=FACE_OUTER_BOUND('',#1117,.T.);
#716=FACE_OUTER_BOUND('',#1118,.T.);
#717=FACE_OUTER_BOUND('',#1119,.T.);
#718=FACE_OUTER_BOUND('',#1120,.T.);
#719=FACE_OUTER_BOUND('',#1129,.T.);
#720=FACE_OUTER_BOUND('',#1130,.T.);
#721=FACE_OUTER_BOUND('',#1132,.T.);
#722=FACE_OUTER_BOUND('',#1133,.T.);
#723=FACE_OUTER_BOUND('',#1136,.T.);
#724=FACE_OUTER_BOUND('',#1139,.T.);
#725=FACE_OUTER_BOUND('',#1140,.T.);
#726=FACE_OUTER_BOUND('',#1141,.T.);
#727=FACE_OUTER_BOUND('',#1142,.T.);
#728=FACE_OUTER_BOUND('',#1143,.T.);
#729=FACE_OUTER_BOUND('',#1144,.T.);
#730=FACE_OUTER_BOUND('',#1147,.T.);
#731=FACE_OUTER_BOUND('',#1148,.T.);
#732=FACE_OUTER_BOUND('',#1149,.T.);
#733=FACE_OUTER_BOUND('',#1150,.T.);
#734=FACE_OUTER_BOUND('',#1151,.T.);
#735=FACE_OUTER_BOUND('',#1152,.T.);
#736=FACE_OUTER_BOUND('',#1155,.T.);
#737=FACE_OUTER_BOUND('',#1156,.T.);
#738=FACE_OUTER_BOUND('',#1157,.T.);
#739=FACE_OUTER_BOUND('',#1158,.T.);
#740=FACE_OUTER_BOUND('',#1159,.T.);
#741=FACE_OUTER_BOUND('',#1160,.T.);
#742=FACE_OUTER_BOUND('',#1161,.T.);
#743=FACE_OUTER_BOUND('',#1162,.T.);
#744=FACE_OUTER_BOUND('',#1163,.T.);
#745=FACE_OUTER_BOUND('',#1164,.T.);
#746=FACE_OUTER_BOUND('',#1165,.T.);
#747=FACE_OUTER_BOUND('',#1166,.T.);
#748=FACE_OUTER_BOUND('',#1167,.T.);
#749=FACE_OUTER_BOUND('',#1169,.T.);
#750=FACE_OUTER_BOUND('',#1171,.T.);
#751=FACE_OUTER_BOUND('',#1172,.T.);
#752=FACE_OUTER_BOUND('',#1174,.T.);
#753=FACE_OUTER_BOUND('',#1176,.T.);
#754=FACE_OUTER_BOUND('',#1177,.T.);
#755=FACE_OUTER_BOUND('',#1178,.T.);
#756=FACE_OUTER_BOUND('',#1179,.T.);
#757=FACE_OUTER_BOUND('',#1180,.T.);
#758=FACE_OUTER_BOUND('',#1181,.T.);
#759=FACE_OUTER_BOUND('',#1182,.T.);
#760=FACE_OUTER_BOUND('',#1183,.T.);
#761=FACE_OUTER_BOUND('',#1184,.T.);
#762=FACE_OUTER_BOUND('',#1185,.T.);
#763=FACE_OUTER_BOUND('',#1186,.T.);
#764=FACE_OUTER_BOUND('',#1187,.T.);
#765=FACE_OUTER_BOUND('',#1188,.T.);
#766=FACE_OUTER_BOUND('',#1189,.T.);
#767=FACE_OUTER_BOUND('',#1190,.T.);
#768=FACE_OUTER_BOUND('',#1191,.T.);
#769=FACE_OUTER_BOUND('',#1192,.T.);
#770=FACE_OUTER_BOUND('',#1193,.T.);
#771=FACE_OUTER_BOUND('',#1194,.T.);
#772=FACE_OUTER_BOUND('',#1195,.T.);
#773=FACE_OUTER_BOUND('',#1196,.T.);
#774=FACE_OUTER_BOUND('',#1197,.T.);
#775=FACE_OUTER_BOUND('',#1198,.T.);
#776=FACE_OUTER_BOUND('',#1199,.T.);
#777=FACE_OUTER_BOUND('',#1200,.T.);
#778=FACE_OUTER_BOUND('',#1201,.T.);
#779=FACE_OUTER_BOUND('',#1202,.T.);
#780=FACE_OUTER_BOUND('',#1203,.T.);
#781=FACE_OUTER_BOUND('',#1204,.T.);
#782=FACE_OUTER_BOUND('',#1205,.T.);
#783=FACE_OUTER_BOUND('',#1206,.T.);
#784=FACE_OUTER_BOUND('',#1207,.T.);
#785=FACE_OUTER_BOUND('',#1208,.T.);
#786=FACE_OUTER_BOUND('',#1209,.T.);
#787=FACE_OUTER_BOUND('',#1210,.T.);
#788=FACE_OUTER_BOUND('',#1211,.T.);
#789=FACE_OUTER_BOUND('',#1212,.T.);
#790=FACE_OUTER_BOUND('',#1214,.T.);
#791=FACE_OUTER_BOUND('',#1215,.T.);
#792=FACE_OUTER_BOUND('',#1216,.T.);
#793=FACE_OUTER_BOUND('',#1217,.T.);
#794=FACE_OUTER_BOUND('',#1218,.T.);
#795=FACE_OUTER_BOUND('',#1219,.T.);
#796=FACE_OUTER_BOUND('',#1220,.T.);
#797=FACE_OUTER_BOUND('',#1222,.T.);
#798=FACE_OUTER_BOUND('',#1223,.T.);
#799=FACE_OUTER_BOUND('',#1224,.T.);
#800=FACE_OUTER_BOUND('',#1225,.T.);
#801=FACE_OUTER_BOUND('',#1226,.T.);
#802=FACE_OUTER_BOUND('',#1227,.T.);
#803=FACE_OUTER_BOUND('',#1229,.T.);
#804=FACE_OUTER_BOUND('',#1230,.T.);
#805=FACE_OUTER_BOUND('',#1231,.T.);
#806=FACE_OUTER_BOUND('',#1232,.T.);
#807=FACE_OUTER_BOUND('',#1233,.T.);
#808=FACE_OUTER_BOUND('',#1234,.T.);
#809=FACE_OUTER_BOUND('',#1237,.T.);
#810=FACE_OUTER_BOUND('',#1238,.T.);
#811=FACE_OUTER_BOUND('',#1239,.T.);
#812=FACE_OUTER_BOUND('',#1242,.T.);
#813=FACE_OUTER_BOUND('',#1243,.T.);
#814=FACE_OUTER_BOUND('',#1244,.T.);
#815=FACE_OUTER_BOUND('',#1245,.T.);
#816=FACE_OUTER_BOUND('',#1246,.T.);
#817=FACE_OUTER_BOUND('',#1247,.T.);
#818=FACE_OUTER_BOUND('',#1249,.T.);
#819=FACE_OUTER_BOUND('',#1250,.T.);
#820=FACE_OUTER_BOUND('',#1252,.T.);
#821=FACE_OUTER_BOUND('',#1254,.T.);
#822=FACE_OUTER_BOUND('',#1255,.T.);
#823=FACE_OUTER_BOUND('',#1257,.T.);
#824=FACE_OUTER_BOUND('',#1258,.T.);
#825=FACE_OUTER_BOUND('',#1259,.T.);
#826=FACE_OUTER_BOUND('',#1261,.T.);
#827=FACE_OUTER_BOUND('',#1263,.T.);
#828=FACE_OUTER_BOUND('',#1264,.T.);
#829=FACE_OUTER_BOUND('',#1265,.T.);
#830=FACE_OUTER_BOUND('',#1266,.T.);
#831=FACE_OUTER_BOUND('',#1267,.T.);
#832=FACE_OUTER_BOUND('',#1268,.T.);
#833=FACE_OUTER_BOUND('',#1269,.T.);
#834=FACE_OUTER_BOUND('',#1270,.T.);
#835=FACE_OUTER_BOUND('',#1271,.T.);
#836=FACE_OUTER_BOUND('',#1272,.T.);
#837=FACE_OUTER_BOUND('',#1273,.T.);
#838=FACE_OUTER_BOUND('',#1274,.T.);
#839=FACE_OUTER_BOUND('',#1275,.T.);
#840=FACE_OUTER_BOUND('',#1276,.T.);
#841=FACE_OUTER_BOUND('',#1277,.T.);
#842=FACE_OUTER_BOUND('',#1278,.T.);
#843=FACE_OUTER_BOUND('',#1279,.T.);
#844=FACE_OUTER_BOUND('',#1280,.T.);
#845=FACE_OUTER_BOUND('',#1281,.T.);
#846=FACE_OUTER_BOUND('',#1282,.T.);
#847=FACE_OUTER_BOUND('',#1283,.T.);
#848=FACE_OUTER_BOUND('',#1284,.T.);
#849=FACE_OUTER_BOUND('',#1285,.T.);
#850=FACE_OUTER_BOUND('',#1286,.T.);
#851=FACE_OUTER_BOUND('',#1287,.T.);
#852=FACE_OUTER_BOUND('',#1288,.T.);
#853=FACE_OUTER_BOUND('',#1289,.T.);
#854=FACE_OUTER_BOUND('',#1290,.T.);
#855=FACE_OUTER_BOUND('',#1291,.T.);
#856=FACE_OUTER_BOUND('',#1293,.T.);
#857=FACE_OUTER_BOUND('',#1295,.T.);
#858=FACE_OUTER_BOUND('',#1297,.T.);
#859=FACE_OUTER_BOUND('',#1298,.T.);
#860=FACE_OUTER_BOUND('',#1299,.T.);
#861=FACE_OUTER_BOUND('',#1300,.T.);
#862=FACE_OUTER_BOUND('',#1301,.T.);
#863=FACE_OUTER_BOUND('',#1302,.T.);
#864=FACE_OUTER_BOUND('',#1303,.T.);
#865=FACE_OUTER_BOUND('',#1304,.T.);
#866=FACE_OUTER_BOUND('',#1305,.T.);
#867=FACE_OUTER_BOUND('',#1306,.T.);
#868=FACE_OUTER_BOUND('',#1307,.T.);
#869=FACE_OUTER_BOUND('',#1308,.T.);
#870=FACE_OUTER_BOUND('',#1309,.T.);
#871=FACE_OUTER_BOUND('',#1310,.T.);
#872=FACE_OUTER_BOUND('',#1311,.T.);
#873=FACE_OUTER_BOUND('',#1312,.T.);
#874=FACE_OUTER_BOUND('',#1314,.T.);
#875=FACE_OUTER_BOUND('',#1315,.T.);
#876=FACE_OUTER_BOUND('',#1317,.T.);
#877=FACE_OUTER_BOUND('',#1318,.T.);
#878=FACE_OUTER_BOUND('',#1319,.T.);
#879=FACE_OUTER_BOUND('',#1320,.T.);
#880=FACE_OUTER_BOUND('',#1321,.T.);
#881=FACE_OUTER_BOUND('',#1322,.T.);
#882=FACE_OUTER_BOUND('',#1323,.T.);
#883=FACE_OUTER_BOUND('',#1324,.T.);
#884=FACE_OUTER_BOUND('',#1325,.T.);
#885=FACE_OUTER_BOUND('',#1326,.T.);
#886=FACE_OUTER_BOUND('',#1327,.T.);
#887=FACE_OUTER_BOUND('',#1328,.T.);
#888=FACE_OUTER_BOUND('',#1329,.T.);
#889=FACE_OUTER_BOUND('',#1330,.T.);
#890=FACE_OUTER_BOUND('',#1331,.T.);
#891=FACE_OUTER_BOUND('',#1332,.T.);
#892=FACE_OUTER_BOUND('',#1333,.T.);
#893=FACE_OUTER_BOUND('',#1334,.T.);
#894=FACE_OUTER_BOUND('',#1335,.T.);
#895=FACE_OUTER_BOUND('',#1336,.T.);
#896=FACE_OUTER_BOUND('',#1337,.T.);
#897=FACE_OUTER_BOUND('',#1339,.T.);
#898=FACE_OUTER_BOUND('',#1340,.T.);
#899=FACE_OUTER_BOUND('',#1342,.T.);
#900=FACE_OUTER_BOUND('',#1343,.T.);
#901=FACE_OUTER_BOUND('',#1344,.T.);
#902=FACE_OUTER_BOUND('',#1345,.T.);
#903=FACE_OUTER_BOUND('',#1346,.T.);
#904=FACE_OUTER_BOUND('',#1347,.T.);
#905=FACE_OUTER_BOUND('',#1348,.T.);
#906=FACE_OUTER_BOUND('',#1349,.T.);
#907=FACE_OUTER_BOUND('',#1350,.T.);
#908=FACE_OUTER_BOUND('',#1351,.T.);
#909=FACE_OUTER_BOUND('',#1352,.T.);
#910=FACE_OUTER_BOUND('',#1353,.T.);
#911=FACE_OUTER_BOUND('',#1354,.T.);
#912=FACE_OUTER_BOUND('',#1355,.T.);
#913=FACE_OUTER_BOUND('',#1356,.T.);
#914=FACE_OUTER_BOUND('',#1357,.T.);
#915=FACE_OUTER_BOUND('',#1358,.T.);
#916=FACE_OUTER_BOUND('',#1359,.T.);
#917=FACE_OUTER_BOUND('',#1360,.T.);
#918=FACE_OUTER_BOUND('',#1361,.T.);
#919=FACE_OUTER_BOUND('',#1362,.T.);
#920=FACE_OUTER_BOUND('',#1367,.T.);
#921=FACE_OUTER_BOUND('',#1368,.T.);
#922=FACE_OUTER_BOUND('',#1369,.T.);
#923=FACE_OUTER_BOUND('',#1370,.T.);
#924=FACE_OUTER_BOUND('',#1372,.T.);
#925=FACE_OUTER_BOUND('',#1373,.T.);
#926=FACE_OUTER_BOUND('',#1374,.T.);
#927=FACE_OUTER_BOUND('',#1375,.T.);
#928=FACE_OUTER_BOUND('',#1376,.T.);
#929=FACE_OUTER_BOUND('',#1377,.T.);
#930=FACE_OUTER_BOUND('',#1378,.T.);
#931=FACE_OUTER_BOUND('',#1379,.T.);
#932=FACE_OUTER_BOUND('',#1381,.T.);
#933=FACE_OUTER_BOUND('',#1382,.T.);
#934=FACE_OUTER_BOUND('',#1383,.T.);
#935=FACE_OUTER_BOUND('',#1384,.T.);
#936=FACE_OUTER_BOUND('',#1385,.T.);
#937=FACE_OUTER_BOUND('',#1386,.T.);
#938=FACE_OUTER_BOUND('',#1387,.T.);
#939=FACE_OUTER_BOUND('',#1389,.T.);
#940=FACE_OUTER_BOUND('',#1392,.T.);
#941=FACE_OUTER_BOUND('',#1393,.T.);
#942=FACE_OUTER_BOUND('',#1398,.T.);
#943=FACE_OUTER_BOUND('',#1399,.T.);
#944=FACE_OUTER_BOUND('',#1400,.T.);
#945=FACE_OUTER_BOUND('',#1401,.T.);
#946=FACE_OUTER_BOUND('',#1402,.T.);
#947=FACE_OUTER_BOUND('',#1403,.T.);
#948=FACE_OUTER_BOUND('',#1404,.T.);
#949=FACE_OUTER_BOUND('',#1405,.T.);
#950=FACE_OUTER_BOUND('',#1406,.T.);
#951=FACE_OUTER_BOUND('',#1407,.T.);
#952=FACE_OUTER_BOUND('',#1408,.T.);
#953=FACE_OUTER_BOUND('',#1409,.T.);
#954=FACE_OUTER_BOUND('',#1410,.T.);
#955=FACE_OUTER_BOUND('',#1411,.T.);
#956=FACE_OUTER_BOUND('',#1412,.T.);
#957=FACE_OUTER_BOUND('',#1413,.T.);
#958=FACE_OUTER_BOUND('',#1414,.T.);
#959=FACE_OUTER_BOUND('',#1415,.T.);
#960=FACE_OUTER_BOUND('',#1416,.T.);
#961=FACE_OUTER_BOUND('',#1417,.T.);
#962=FACE_OUTER_BOUND('',#1418,.T.);
#963=FACE_OUTER_BOUND('',#1419,.T.);
#964=FACE_OUTER_BOUND('',#1420,.T.);
#965=FACE_OUTER_BOUND('',#1421,.T.);
#966=FACE_OUTER_BOUND('',#1422,.T.);
#967=FACE_OUTER_BOUND('',#1423,.T.);
#968=FACE_OUTER_BOUND('',#1424,.T.);
#969=FACE_OUTER_BOUND('',#1425,.T.);
#970=FACE_OUTER_BOUND('',#1426,.T.);
#971=FACE_OUTER_BOUND('',#1427,.T.);
#972=FACE_OUTER_BOUND('',#1428,.T.);
#973=FACE_OUTER_BOUND('',#1429,.T.);
#974=FACE_OUTER_BOUND('',#1430,.T.);
#975=FACE_OUTER_BOUND('',#1431,.T.);
#976=FACE_OUTER_BOUND('',#1432,.T.);
#977=FACE_OUTER_BOUND('',#1433,.T.);
#978=FACE_OUTER_BOUND('',#1434,.T.);
#979=FACE_OUTER_BOUND('',#1435,.T.);
#980=FACE_OUTER_BOUND('',#1436,.T.);
#981=FACE_OUTER_BOUND('',#1437,.T.);
#982=FACE_OUTER_BOUND('',#1438,.T.);
#983=FACE_OUTER_BOUND('',#1439,.T.);
#984=FACE_OUTER_BOUND('',#1440,.T.);
#985=FACE_OUTER_BOUND('',#1441,.T.);
#986=FACE_OUTER_BOUND('',#1442,.T.);
#987=FACE_OUTER_BOUND('',#1443,.T.);
#988=FACE_OUTER_BOUND('',#1444,.T.);
#989=FACE_OUTER_BOUND('',#1445,.T.);
#990=FACE_OUTER_BOUND('',#1446,.T.);
#991=FACE_OUTER_BOUND('',#1447,.T.);
#992=FACE_OUTER_BOUND('',#1448,.T.);
#993=FACE_OUTER_BOUND('',#1449,.T.);
#994=FACE_OUTER_BOUND('',#1450,.T.);
#995=FACE_OUTER_BOUND('',#1451,.T.);
#996=FACE_OUTER_BOUND('',#1452,.T.);
#997=FACE_OUTER_BOUND('',#1453,.T.);
#998=FACE_OUTER_BOUND('',#1454,.T.);
#999=FACE_OUTER_BOUND('',#1455,.T.);
#1000=FACE_OUTER_BOUND('',#1456,.T.);
#1001=FACE_OUTER_BOUND('',#1457,.T.);
#1002=FACE_OUTER_BOUND('',#1458,.T.);
#1003=FACE_OUTER_BOUND('',#1459,.T.);
#1004=FACE_OUTER_BOUND('',#1460,.T.);
#1005=FACE_OUTER_BOUND('',#1461,.T.);
#1006=FACE_OUTER_BOUND('',#1462,.T.);
#1007=FACE_OUTER_BOUND('',#1463,.T.);
#1008=FACE_OUTER_BOUND('',#1464,.T.);
#1009=FACE_OUTER_BOUND('',#1465,.T.);
#1010=FACE_OUTER_BOUND('',#1466,.T.);
#1011=FACE_OUTER_BOUND('',#1467,.T.);
#1012=FACE_OUTER_BOUND('',#1468,.T.);
#1013=FACE_OUTER_BOUND('',#1469,.T.);
#1014=FACE_OUTER_BOUND('',#1470,.T.);
#1015=FACE_OUTER_BOUND('',#1471,.T.);
#1016=FACE_OUTER_BOUND('',#1472,.T.);
#1017=FACE_OUTER_BOUND('',#1473,.T.);
#1018=FACE_OUTER_BOUND('',#1475,.T.);
#1019=FACE_OUTER_BOUND('',#1476,.T.);
#1020=FACE_OUTER_BOUND('',#1477,.T.);
#1021=FACE_OUTER_BOUND('',#1478,.T.);
#1022=FACE_OUTER_BOUND('',#1479,.T.);
#1023=FACE_OUTER_BOUND('',#1480,.T.);
#1024=FACE_OUTER_BOUND('',#1481,.T.);
#1025=FACE_OUTER_BOUND('',#1487,.T.);
#1026=FACE_OUTER_BOUND('',#1488,.T.);
#1027=FACE_OUTER_BOUND('',#1489,.T.);
#1028=FACE_OUTER_BOUND('',#1490,.T.);
#1029=FACE_OUTER_BOUND('',#1491,.T.);
#1030=FACE_OUTER_BOUND('',#1492,.T.);
#1031=FACE_OUTER_BOUND('',#1493,.T.);
#1032=FACE_OUTER_BOUND('',#1496,.T.);
#1033=FACE_OUTER_BOUND('',#1497,.T.);
#1034=FACE_OUTER_BOUND('',#1498,.T.);
#1035=FACE_OUTER_BOUND('',#1499,.T.);
#1036=FACE_OUTER_BOUND('',#1500,.T.);
#1037=FACE_OUTER_BOUND('',#1501,.T.);
#1038=FACE_OUTER_BOUND('',#1502,.T.);
#1039=FACE_OUTER_BOUND('',#1503,.T.);
#1040=FACE_OUTER_BOUND('',#1504,.T.);
#1041=FACE_OUTER_BOUND('',#1505,.T.);
#1042=FACE_OUTER_BOUND('',#1506,.T.);
#1043=FACE_OUTER_BOUND('',#1507,.T.);
#1044=FACE_OUTER_BOUND('',#1508,.T.);
#1045=FACE_OUTER_BOUND('',#1509,.T.);
#1046=FACE_OUTER_BOUND('',#1510,.T.);
#1047=FACE_OUTER_BOUND('',#1511,.T.);
#1048=FACE_OUTER_BOUND('',#1512,.T.);
#1049=FACE_OUTER_BOUND('',#1513,.T.);
#1050=FACE_OUTER_BOUND('',#1514,.T.);
#1051=FACE_OUTER_BOUND('',#1515,.T.);
#1052=FACE_OUTER_BOUND('',#1516,.T.);
#1053=FACE_OUTER_BOUND('',#1517,.T.);
#1054=FACE_OUTER_BOUND('',#1518,.T.);
#1055=FACE_OUTER_BOUND('',#1519,.T.);
#1056=FACE_OUTER_BOUND('',#1520,.T.);
#1057=FACE_OUTER_BOUND('',#1521,.T.);
#1058=FACE_OUTER_BOUND('',#1522,.T.);
#1059=FACE_OUTER_BOUND('',#1523,.T.);
#1060=FACE_OUTER_BOUND('',#1524,.T.);
#1061=FACE_OUTER_BOUND('',#1525,.T.);
#1062=FACE_OUTER_BOUND('',#1526,.T.);
#1063=FACE_OUTER_BOUND('',#1527,.T.);
#1064=FACE_OUTER_BOUND('',#1528,.T.);
#1065=FACE_OUTER_BOUND('',#1529,.T.);
#1066=FACE_OUTER_BOUND('',#1532,.T.);
#1067=FACE_OUTER_BOUND('',#1533,.T.);
#1068=FACE_OUTER_BOUND('',#1534,.T.);
#1069=FACE_OUTER_BOUND('',#1535,.T.);
#1070=FACE_OUTER_BOUND('',#1536,.T.);
#1071=FACE_OUTER_BOUND('',#1537,.T.);
#1072=FACE_OUTER_BOUND('',#1538,.T.);
#1073=FACE_OUTER_BOUND('',#1539,.T.);
#1074=FACE_OUTER_BOUND('',#1540,.T.);
#1075=FACE_OUTER_BOUND('',#1541,.T.);
#1076=FACE_OUTER_BOUND('',#1542,.T.);
#1077=FACE_OUTER_BOUND('',#1543,.T.);
#1078=FACE_OUTER_BOUND('',#1546,.T.);
#1079=FACE_OUTER_BOUND('',#1547,.T.);
#1080=FACE_OUTER_BOUND('',#1548,.T.);
#1081=FACE_OUTER_BOUND('',#1549,.T.);
#1082=FACE_OUTER_BOUND('',#1550,.T.);
#1083=FACE_OUTER_BOUND('',#1555,.T.);
#1084=FACE_OUTER_BOUND('',#1556,.T.);
#1085=FACE_OUTER_BOUND('',#1557,.T.);
#1086=FACE_OUTER_BOUND('',#1558,.T.);
#1087=FACE_OUTER_BOUND('',#1559,.T.);
#1088=EDGE_LOOP('',(#4616,#4617,#4618,#4619));
#1089=EDGE_LOOP('',(#4620,#4621,#4622,#4623,#4624,#4625));
#1090=EDGE_LOOP('',(#4626,#4627,#4628,#4629));
#1091=EDGE_LOOP('',(#4630,#4631,#4632,#4633));
#1092=EDGE_LOOP('',(#4634,#4635,#4636,#4637));
#1093=EDGE_LOOP('',(#4638,#4639,#4640,#4641,#4642));
#1094=EDGE_LOOP('',(#4643,#4644,#4645,#4646));
#1095=EDGE_LOOP('',(#4647));
#1096=EDGE_LOOP('',(#4648));
#1097=EDGE_LOOP('',(#4649));
#1098=EDGE_LOOP('',(#4650));
#1099=EDGE_LOOP('',(#4651,#4652,#4653,#4654));
#1100=EDGE_LOOP('',(#4655,#4656,#4657,#4658));
#1101=EDGE_LOOP('',(#4659,#4660,#4661,#4662));
#1102=EDGE_LOOP('',(#4663,#4664,#4665,#4666,#4667,#4668,#4669));
#1103=EDGE_LOOP('',(#4670,#4671,#4672,#4673,#4674));
#1104=EDGE_LOOP('',(#4675,#4676,#4677,#4678,#4679));
#1105=EDGE_LOOP('',(#4680,#4681,#4682,#4683,#4684,#4685,#4686,#4687,#4688,
#4689,#4690,#4691,#4692,#4693,#4694,#4695,#4696,#4697,#4698,#4699,#4700,
#4701,#4702,#4703,#4704,#4705,#4706,#4707,#4708,#4709));
#1106=EDGE_LOOP('',(#4710,#4711,#4712,#4713));
#1107=EDGE_LOOP('',(#4714,#4715,#4716,#4717));
#1108=EDGE_LOOP('',(#4718,#4719,#4720,#4721,#4722,#4723));
#1109=EDGE_LOOP('',(#4724,#4725,#4726,#4727));
#1110=EDGE_LOOP('',(#4728,#4729,#4730,#4731));
#1111=EDGE_LOOP('',(#4732,#4733,#4734,#4735,#4736,#4737,#4738,#4739,#4740,
#4741,#4742,#4743,#4744,#4745,#4746,#4747,#4748));
#1112=EDGE_LOOP('',(#4749,#4750,#4751,#4752,#4753,#4754,#4755,#4756));
#1113=EDGE_LOOP('',(#4757,#4758,#4759,#4760,#4761,#4762,#4763,#4764,#4765,
#4766,#4767,#4768));
#1114=EDGE_LOOP('',(#4769,#4770,#4771,#4772));
#1115=EDGE_LOOP('',(#4773,#4774));
#1116=EDGE_LOOP('',(#4775,#4776,#4777,#4778,#4779,#4780,#4781,#4782,#4783,
#4784,#4785,#4786,#4787,#4788));
#1117=EDGE_LOOP('',(#4789,#4790,#4791,#4792,#4793,#4794,#4795,#4796,#4797,
#4798,#4799));
#1118=EDGE_LOOP('',(#4800,#4801,#4802,#4803));
#1119=EDGE_LOOP('',(#4804,#4805,#4806,#4807,#4808,#4809,#4810,#4811,#4812,
#4813,#4814,#4815));
#1120=EDGE_LOOP('',(#4816,#4817,#4818,#4819,#4820,#4821,#4822,#4823,#4824,
#4825,#4826));
#1121=EDGE_LOOP('',(#4827));
#1122=EDGE_LOOP('',(#4828));
#1123=EDGE_LOOP('',(#4829));
#1124=EDGE_LOOP('',(#4830));
#1125=EDGE_LOOP('',(#4831,#4832,#4833,#4834));
#1126=EDGE_LOOP('',(#4835,#4836,#4837,#4838));
#1127=EDGE_LOOP('',(#4839,#4840,#4841,#4842));
#1128=EDGE_LOOP('',(#4843,#4844,#4845,#4846));
#1129=EDGE_LOOP('',(#4847,#4848,#4849,#4850));
#1130=EDGE_LOOP('',(#4851,#4852,#4853,#4854,#4855,#4856,#4857,#4858,#4859,
#4860));
#1131=EDGE_LOOP('',(#4861,#4862,#4863,#4864));
#1132=EDGE_LOOP('',(#4865,#4866,#4867,#4868));
#1133=EDGE_LOOP('',(#4869,#4870,#4871,#4872));
#1134=EDGE_LOOP('',(#4873));
#1135=EDGE_LOOP('',(#4874));
#1136=EDGE_LOOP('',(#4875,#4876,#4877,#4878));
#1137=EDGE_LOOP('',(#4879));
#1138=EDGE_LOOP('',(#4880));
#1139=EDGE_LOOP('',(#4881,#4882,#4883,#4884));
#1140=EDGE_LOOP('',(#4885,#4886,#4887,#4888));
#1141=EDGE_LOOP('',(#4889,#4890,#4891,#4892));
#1142=EDGE_LOOP('',(#4893,#4894,#4895,#4896,#4897,#4898));
#1143=EDGE_LOOP('',(#4899,#4900,#4901,#4902,#4903));
#1144=EDGE_LOOP('',(#4904,#4905,#4906,#4907));
#1145=EDGE_LOOP('',(#4908));
#1146=EDGE_LOOP('',(#4909));
#1147=EDGE_LOOP('',(#4910,#4911,#4912,#4913));
#1148=EDGE_LOOP('',(#4914,#4915,#4916,#4917));
#1149=EDGE_LOOP('',(#4918,#4919,#4920,#4921));
#1150=EDGE_LOOP('',(#4922,#4923,#4924,#4925));
#1151=EDGE_LOOP('',(#4926,#4927,#4928,#4929));
#1152=EDGE_LOOP('',(#4930,#4931,#4932,#4933));
#1153=EDGE_LOOP('',(#4934));
#1154=EDGE_LOOP('',(#4935));
#1155=EDGE_LOOP('',(#4936,#4937,#4938,#4939));
#1156=EDGE_LOOP('',(#4940,#4941,#4942,#4943,#4944));
#1157=EDGE_LOOP('',(#4945,#4946,#4947,#4948,#4949,#4950,#4951,#4952,#4953,
#4954));
#1158=EDGE_LOOP('',(#4955,#4956));
#1159=EDGE_LOOP('',(#4957,#4958));
#1160=EDGE_LOOP('',(#4959,#4960));
#1161=EDGE_LOOP('',(#4961,#4962));
#1162=EDGE_LOOP('',(#4963,#4964,#4965,#4966,#4967,#4968,#4969,#4970,#4971,
#4972));
#1163=EDGE_LOOP('',(#4973,#4974));
#1164=EDGE_LOOP('',(#4975,#4976));
#1165=EDGE_LOOP('',(#4977,#4978));
#1166=EDGE_LOOP('',(#4979,#4980));
#1167=EDGE_LOOP('',(#4981,#4982,#4983,#4984,#4985,#4986,#4987,#4988));
#1168=EDGE_LOOP('',(#4989,#4990));
#1169=EDGE_LOOP('',(#4991));
#1170=EDGE_LOOP('',(#4992));
#1171=EDGE_LOOP('',(#4993,#4994,#4995,#4996,#4997,#4998));
#1172=EDGE_LOOP('',(#4999,#5000,#5001,#5002,#5003,#5004,#5005,#5006));
#1173=EDGE_LOOP('',(#5007,#5008));
#1174=EDGE_LOOP('',(#5009));
#1175=EDGE_LOOP('',(#5010));
#1176=EDGE_LOOP('',(#5011,#5012,#5013,#5014,#5015,#5016));
#1177=EDGE_LOOP('',(#5017,#5018,#5019,#5020,#5021,#5022,#5023,#5024));
#1178=EDGE_LOOP('',(#5025,#5026,#5027,#5028));
#1179=EDGE_LOOP('',(#5029,#5030,#5031,#5032));
#1180=EDGE_LOOP('',(#5033,#5034,#5035,#5036,#5037,#5038,#5039,#5040,#5041,
#5042));
#1181=EDGE_LOOP('',(#5043,#5044,#5045,#5046,#5047,#5048));
#1182=EDGE_LOOP('',(#5049,#5050,#5051,#5052,#5053,#5054,#5055,#5056,#5057,
#5058,#5059));
#1183=EDGE_LOOP('',(#5060,#5061,#5062,#5063,#5064,#5065,#5066,#5067));
#1184=EDGE_LOOP('',(#5068,#5069,#5070,#5071,#5072,#5073,#5074,#5075,#5076,
#5077,#5078));
#1185=EDGE_LOOP('',(#5079,#5080,#5081,#5082));
#1186=EDGE_LOOP('',(#5083,#5084,#5085,#5086));
#1187=EDGE_LOOP('',(#5087,#5088,#5089,#5090));
#1188=EDGE_LOOP('',(#5091,#5092,#5093,#5094));
#1189=EDGE_LOOP('',(#5095,#5096,#5097,#5098,#5099,#5100,#5101,#5102));
#1190=EDGE_LOOP('',(#5103,#5104,#5105,#5106,#5107));
#1191=EDGE_LOOP('',(#5108,#5109,#5110,#5111));
#1192=EDGE_LOOP('',(#5112,#5113,#5114,#5115));
#1193=EDGE_LOOP('',(#5116,#5117,#5118,#5119));
#1194=EDGE_LOOP('',(#5120,#5121,#5122,#5123,#5124,#5125,#5126,#5127,#5128,
#5129,#5130,#5131));
#1195=EDGE_LOOP('',(#5132,#5133,#5134,#5135,#5136));
#1196=EDGE_LOOP('',(#5137,#5138,#5139,#5140));
#1197=EDGE_LOOP('',(#5141,#5142,#5143,#5144));
#1198=EDGE_LOOP('',(#5145,#5146,#5147,#5148));
#1199=EDGE_LOOP('',(#5149,#5150,#5151,#5152));
#1200=EDGE_LOOP('',(#5153,#5154,#5155,#5156));
#1201=EDGE_LOOP('',(#5157,#5158,#5159,#5160));
#1202=EDGE_LOOP('',(#5161,#5162,#5163,#5164));
#1203=EDGE_LOOP('',(#5165,#5166,#5167,#5168));
#1204=EDGE_LOOP('',(#5169,#5170,#5171,#5172));
#1205=EDGE_LOOP('',(#5173,#5174,#5175,#5176));
#1206=EDGE_LOOP('',(#5177,#5178,#5179,#5180));
#1207=EDGE_LOOP('',(#5181,#5182,#5183,#5184));
#1208=EDGE_LOOP('',(#5185,#5186,#5187,#5188));
#1209=EDGE_LOOP('',(#5189,#5190,#5191,#5192));
#1210=EDGE_LOOP('',(#5193,#5194,#5195,#5196));
#1211=EDGE_LOOP('',(#5197,#5198,#5199,#5200));
#1212=EDGE_LOOP('',(#5201,#5202,#5203,#5204));
#1213=EDGE_LOOP('',(#5205));
#1214=EDGE_LOOP('',(#5206));
#1215=EDGE_LOOP('',(#5207,#5208,#5209,#5210,#5211));
#1216=EDGE_LOOP('',(#5212,#5213,#5214,#5215,#5216));
#1217=EDGE_LOOP('',(#5217));
#1218=EDGE_LOOP('',(#5218,#5219,#5220,#5221,#5222));
#1219=EDGE_LOOP('',(#5223,#5224,#5225,#5226,#5227));
#1220=EDGE_LOOP('',(#5228,#5229,#5230,#5231));
#1221=EDGE_LOOP('',(#5232));
#1222=EDGE_LOOP('',(#5233,#5234,#5235,#5236,#5237));
#1223=EDGE_LOOP('',(#5238,#5239,#5240,#5241,#5242));
#1224=EDGE_LOOP('',(#5243,#5244,#5245,#5246));
#1225=EDGE_LOOP('',(#5247,#5248,#5249,#5250));
#1226=EDGE_LOOP('',(#5251,#5252,#5253,#5254,#5255));
#1227=EDGE_LOOP('',(#5256,#5257,#5258,#5259));
#1228=EDGE_LOOP('',(#5260));
#1229=EDGE_LOOP('',(#5261,#5262,#5263,#5264,#5265,#5266));
#1230=EDGE_LOOP('',(#5267,#5268,#5269,#5270,#5271));
#1231=EDGE_LOOP('',(#5272,#5273,#5274,#5275,#5276,#5277));
#1232=EDGE_LOOP('',(#5278,#5279,#5280,#5281,#5282));
#1233=EDGE_LOOP('',(#5283,#5284,#5285,#5286));
#1234=EDGE_LOOP('',(#5287,#5288,#5289,#5290));
#1235=EDGE_LOOP('',(#5291));
#1236=EDGE_LOOP('',(#5292));
#1237=EDGE_LOOP('',(#5293,#5294,#5295,#5296,#5297));
#1238=EDGE_LOOP('',(#5298,#5299,#5300,#5301));
#1239=EDGE_LOOP('',(#5302,#5303,#5304,#5305));
#1240=EDGE_LOOP('',(#5306));
#1241=EDGE_LOOP('',(#5307));
#1242=EDGE_LOOP('',(#5308,#5309,#5310,#5311));
#1243=EDGE_LOOP('',(#5312,#5313,#5314,#5315));
#1244=EDGE_LOOP('',(#5316,#5317,#5318,#5319));
#1245=EDGE_LOOP('',(#5320,#5321,#5322,#5323));
#1246=EDGE_LOOP('',(#5324,#5325,#5326,#5327,#5328,#5329,#5330));
#1247=EDGE_LOOP('',(#5331));
#1248=EDGE_LOOP('',(#5332));
#1249=EDGE_LOOP('',(#5333,#5334,#5335,#5336,#5337,#5338));
#1250=EDGE_LOOP('',(#5339));
#1251=EDGE_LOOP('',(#5340));
#1252=EDGE_LOOP('',(#5341,#5342,#5343,#5344,#5345,#5346,#5347,#5348));
#1253=EDGE_LOOP('',(#5349,#5350));
#1254=EDGE_LOOP('',(#5351,#5352,#5353,#5354,#5355));
#1255=EDGE_LOOP('',(#5356));
#1256=EDGE_LOOP('',(#5357));
#1257=EDGE_LOOP('',(#5358,#5359,#5360,#5361,#5362,#5363,#5364,#5365,#5366));
#1258=EDGE_LOOP('',(#5367,#5368,#5369,#5370,#5371,#5372));
#1259=EDGE_LOOP('',(#5373));
#1260=EDGE_LOOP('',(#5374));
#1261=EDGE_LOOP('',(#5375,#5376,#5377,#5378,#5379,#5380,#5381,#5382));
#1262=EDGE_LOOP('',(#5383,#5384));
#1263=EDGE_LOOP('',(#5385,#5386));
#1264=EDGE_LOOP('',(#5387,#5388));
#1265=EDGE_LOOP('',(#5389,#5390));
#1266=EDGE_LOOP('',(#5391,#5392));
#1267=EDGE_LOOP('',(#5393,#5394,#5395,#5396,#5397,#5398,#5399,#5400,#5401,
#5402));
#1268=EDGE_LOOP('',(#5403,#5404,#5405,#5406,#5407,#5408,#5409,#5410,#5411,
#5412));
#1269=EDGE_LOOP('',(#5413,#5414));
#1270=EDGE_LOOP('',(#5415,#5416));
#1271=EDGE_LOOP('',(#5417,#5418));
#1272=EDGE_LOOP('',(#5419,#5420));
#1273=EDGE_LOOP('',(#5421,#5422));
#1274=EDGE_LOOP('',(#5423,#5424));
#1275=EDGE_LOOP('',(#5425,#5426,#5427,#5428,#5429,#5430,#5431,#5432,#5433,
#5434));
#1276=EDGE_LOOP('',(#5435,#5436,#5437,#5438,#5439,#5440,#5441,#5442,#5443,
#5444));
#1277=EDGE_LOOP('',(#5445,#5446));
#1278=EDGE_LOOP('',(#5447,#5448));
#1279=EDGE_LOOP('',(#5449,#5450,#5451,#5452));
#1280=EDGE_LOOP('',(#5453,#5454,#5455,#5456));
#1281=EDGE_LOOP('',(#5457,#5458,#5459,#5460));
#1282=EDGE_LOOP('',(#5461,#5462,#5463,#5464,#5465,#5466));
#1283=EDGE_LOOP('',(#5467,#5468,#5469,#5470));
#1284=EDGE_LOOP('',(#5471,#5472,#5473,#5474,#5475,#5476,#5477,#5478,#5479));
#1285=EDGE_LOOP('',(#5480,#5481,#5482,#5483,#5484,#5485));
#1286=EDGE_LOOP('',(#5486,#5487,#5488,#5489,#5490,#5491));
#1287=EDGE_LOOP('',(#5492,#5493,#5494,#5495,#5496,#5497));
#1288=EDGE_LOOP('',(#5498,#5499,#5500,#5501,#5502,#5503));
#1289=EDGE_LOOP('',(#5504,#5505,#5506,#5507,#5508,#5509));
#1290=EDGE_LOOP('',(#5510,#5511,#5512,#5513,#5514,#5515,#5516));
#1291=EDGE_LOOP('',(#5517,#5518,#5519,#5520));
#1292=EDGE_LOOP('',(#5521));
#1293=EDGE_LOOP('',(#5522,#5523,#5524,#5525,#5526,#5527,#5528));
#1294=EDGE_LOOP('',(#5529));
#1295=EDGE_LOOP('',(#5530,#5531,#5532,#5533));
#1296=EDGE_LOOP('',(#5534));
#1297=EDGE_LOOP('',(#5535,#5536,#5537,#5538));
#1298=EDGE_LOOP('',(#5539,#5540,#5541,#5542));
#1299=EDGE_LOOP('',(#5543,#5544,#5545,#5546));
#1300=EDGE_LOOP('',(#5547,#5548,#5549,#5550));
#1301=EDGE_LOOP('',(#5551,#5552,#5553,#5554,#5555));
#1302=EDGE_LOOP('',(#5556,#5557,#5558,#5559));
#1303=EDGE_LOOP('',(#5560,#5561,#5562,#5563));
#1304=EDGE_LOOP('',(#5564,#5565,#5566,#5567));
#1305=EDGE_LOOP('',(#5568,#5569,#5570,#5571));
#1306=EDGE_LOOP('',(#5572,#5573,#5574,#5575));
#1307=EDGE_LOOP('',(#5576,#5577,#5578,#5579));
#1308=EDGE_LOOP('',(#5580,#5581,#5582,#5583));
#1309=EDGE_LOOP('',(#5584,#5585,#5586,#5587,#5588,#5589));
#1310=EDGE_LOOP('',(#5590,#5591,#5592,#5593));
#1311=EDGE_LOOP('',(#5594));
#1312=EDGE_LOOP('',(#5595,#5596,#5597,#5598,#5599,#5600,#5601,#5602,#5603,
#5604,#5605,#5606,#5607,#5608,#5609,#5610,#5611,#5612,#5613,#5614));
#1313=EDGE_LOOP('',(#5615));
#1314=EDGE_LOOP('',(#5616,#5617,#5618,#5619));
#1315=EDGE_LOOP('',(#5620,#5621,#5622,#5623));
#1316=EDGE_LOOP('',(#5624));
#1317=EDGE_LOOP('',(#5625,#5626,#5627,#5628,#5629));
#1318=EDGE_LOOP('',(#5630,#5631,#5632,#5633,#5634,#5635));
#1319=EDGE_LOOP('',(#5636,#5637,#5638,#5639,#5640));
#1320=EDGE_LOOP('',(#5641));
#1321=EDGE_LOOP('',(#5642,#5643,#5644,#5645));
#1322=EDGE_LOOP('',(#5646,#5647,#5648,#5649));
#1323=EDGE_LOOP('',(#5650,#5651,#5652,#5653));
#1324=EDGE_LOOP('',(#5654,#5655,#5656,#5657));
#1325=EDGE_LOOP('',(#5658,#5659,#5660,#5661,#5662));
#1326=EDGE_LOOP('',(#5663));
#1327=EDGE_LOOP('',(#5664,#5665,#5666,#5667,#5668));
#1328=EDGE_LOOP('',(#5669,#5670,#5671,#5672,#5673));
#1329=EDGE_LOOP('',(#5674));
#1330=EDGE_LOOP('',(#5675,#5676,#5677,#5678,#5679));
#1331=EDGE_LOOP('',(#5680,#5681,#5682,#5683,#5684));
#1332=EDGE_LOOP('',(#5685));
#1333=EDGE_LOOP('',(#5686,#5687,#5688,#5689,#5690));
#1334=EDGE_LOOP('',(#5691,#5692,#5693,#5694,#5695));
#1335=EDGE_LOOP('',(#5696));
#1336=EDGE_LOOP('',(#5697,#5698,#5699,#5700,#5701));
#1337=EDGE_LOOP('',(#5702,#5703,#5704,#5705));
#1338=EDGE_LOOP('',(#5706));
#1339=EDGE_LOOP('',(#5707,#5708,#5709,#5710,#5711));
#1340=EDGE_LOOP('',(#5712,#5713,#5714,#5715));
#1341=EDGE_LOOP('',(#5716));
#1342=EDGE_LOOP('',(#5717,#5718,#5719,#5720,#5721,#5722));
#1343=EDGE_LOOP('',(#5723,#5724,#5725,#5726,#5727));
#1344=EDGE_LOOP('',(#5728,#5729,#5730,#5731));
#1345=EDGE_LOOP('',(#5732,#5733,#5734,#5735));
#1346=EDGE_LOOP('',(#5736,#5737,#5738,#5739));
#1347=EDGE_LOOP('',(#5740,#5741,#5742,#5743));
#1348=EDGE_LOOP('',(#5744,#5745,#5746,#5747));
#1349=EDGE_LOOP('',(#5748,#5749,#5750,#5751));
#1350=EDGE_LOOP('',(#5752,#5753,#5754,#5755));
#1351=EDGE_LOOP('',(#5756,#5757,#5758,#5759));
#1352=EDGE_LOOP('',(#5760,#5761,#5762,#5763));
#1353=EDGE_LOOP('',(#5764,#5765,#5766));
#1354=EDGE_LOOP('',(#5767,#5768,#5769,#5770));
#1355=EDGE_LOOP('',(#5771,#5772,#5773));
#1356=EDGE_LOOP('',(#5774));
#1357=EDGE_LOOP('',(#5775,#5776,#5777,#5778));
#1358=EDGE_LOOP('',(#5779,#5780,#5781,#5782,#5783,#5784));
#1359=EDGE_LOOP('',(#5785,#5786,#5787,#5788));
#1360=EDGE_LOOP('',(#5789,#5790,#5791,#5792));
#1361=EDGE_LOOP('',(#5793,#5794,#5795,#5796));
#1362=EDGE_LOOP('',(#5797,#5798,#5799,#5800,#5801,#5802,#5803,#5804,#5805,
#5806,#5807,#5808));
#1363=EDGE_LOOP('',(#5809));
#1364=EDGE_LOOP('',(#5810));
#1365=EDGE_LOOP('',(#5811));
#1366=EDGE_LOOP('',(#5812));
#1367=EDGE_LOOP('',(#5813,#5814,#5815,#5816,#5817,#5818));
#1368=EDGE_LOOP('',(#5819,#5820,#5821,#5822));
#1369=EDGE_LOOP('',(#5823,#5824,#5825,#5826,#5827,#5828));
#1370=EDGE_LOOP('',(#5829,#5830,#5831,#5832,#5833,#5834,#5835,#5836));
#1371=EDGE_LOOP('',(#5837));
#1372=EDGE_LOOP('',(#5838,#5839,#5840,#5841));
#1373=EDGE_LOOP('',(#5842,#5843,#5844,#5845));
#1374=EDGE_LOOP('',(#5846,#5847,#5848,#5849,#5850,#5851,#5852,#5853,#5854));
#1375=EDGE_LOOP('',(#5855,#5856,#5857,#5858,#5859,#5860));
#1376=EDGE_LOOP('',(#5861,#5862,#5863,#5864));
#1377=EDGE_LOOP('',(#5865,#5866,#5867,#5868,#5869,#5870,#5871));
#1378=EDGE_LOOP('',(#5872,#5873,#5874,#5875,#5876,#5877));
#1379=EDGE_LOOP('',(#5878,#5879,#5880,#5881));
#1380=EDGE_LOOP('',(#5882));
#1381=EDGE_LOOP('',(#5883,#5884,#5885,#5886,#5887,#5888));
#1382=EDGE_LOOP('',(#5889,#5890,#5891,#5892,#5893,#5894));
#1383=EDGE_LOOP('',(#5895,#5896,#5897,#5898));
#1384=EDGE_LOOP('',(#5899,#5900,#5901,#5902));
#1385=EDGE_LOOP('',(#5903,#5904,#5905,#5906));
#1386=EDGE_LOOP('',(#5907,#5908,#5909,#5910,#5911,#5912,#5913,#5914));
#1387=EDGE_LOOP('',(#5915,#5916,#5917,#5918,#5919,#5920,#5921,#5922,#5923,
#5924,#5925,#5926,#5927,#5928,#5929,#5930,#5931,#5932,#5933,#5934,#5935,
#5936,#5937,#5938,#5939,#5940));
#1388=EDGE_LOOP('',(#5941,#5942,#5943,#5944));
#1389=EDGE_LOOP('',(#5945,#5946,#5947,#5948,#5949,#5950,#5951,#5952,#5953,
#5954,#5955,#5956,#5957,#5958,#5959,#5960,#5961,#5962));
#1390=EDGE_LOOP('',(#5963,#5964,#5965,#5966));
#1391=EDGE_LOOP('',(#5967,#5968,#5969,#5970));
#1392=EDGE_LOOP('',(#5971,#5972,#5973,#5974,#5975,#5976,#5977,#5978));
#1393=EDGE_LOOP('',(#5979,#5980,#5981,#5982,#5983,#5984,#5985,#5986,#5987,
#5988,#5989,#5990));
#1394=EDGE_LOOP('',(#5991));
#1395=EDGE_LOOP('',(#5992));
#1396=EDGE_LOOP('',(#5993));
#1397=EDGE_LOOP('',(#5994));
#1398=EDGE_LOOP('',(#5995,#5996,#5997,#5998,#5999,#6000,#6001,#6002));
#1399=EDGE_LOOP('',(#6003,#6004,#6005,#6006));
#1400=EDGE_LOOP('',(#6007,#6008,#6009,#6010));
#1401=EDGE_LOOP('',(#6011,#6012,#6013,#6014));
#1402=EDGE_LOOP('',(#6015,#6016,#6017,#6018));
#1403=EDGE_LOOP('',(#6019,#6020,#6021,#6022));
#1404=EDGE_LOOP('',(#6023,#6024,#6025,#6026));
#1405=EDGE_LOOP('',(#6027,#6028,#6029,#6030));
#1406=EDGE_LOOP('',(#6031,#6032,#6033,#6034));
#1407=EDGE_LOOP('',(#6035,#6036,#6037,#6038));
#1408=EDGE_LOOP('',(#6039,#6040,#6041,#6042));
#1409=EDGE_LOOP('',(#6043,#6044,#6045,#6046));
#1410=EDGE_LOOP('',(#6047,#6048,#6049,#6050));
#1411=EDGE_LOOP('',(#6051,#6052,#6053,#6054));
#1412=EDGE_LOOP('',(#6055,#6056,#6057,#6058));
#1413=EDGE_LOOP('',(#6059,#6060,#6061,#6062));
#1414=EDGE_LOOP('',(#6063,#6064,#6065,#6066));
#1415=EDGE_LOOP('',(#6067,#6068,#6069,#6070));
#1416=EDGE_LOOP('',(#6071,#6072,#6073,#6074));
#1417=EDGE_LOOP('',(#6075,#6076,#6077,#6078));
#1418=EDGE_LOOP('',(#6079,#6080,#6081,#6082));
#1419=EDGE_LOOP('',(#6083,#6084,#6085,#6086));
#1420=EDGE_LOOP('',(#6087,#6088,#6089,#6090));
#1421=EDGE_LOOP('',(#6091,#6092,#6093,#6094));
#1422=EDGE_LOOP('',(#6095,#6096,#6097,#6098));
#1423=EDGE_LOOP('',(#6099,#6100,#6101,#6102));
#1424=EDGE_LOOP('',(#6103,#6104,#6105,#6106));
#1425=EDGE_LOOP('',(#6107,#6108,#6109,#6110));
#1426=EDGE_LOOP('',(#6111,#6112,#6113,#6114));
#1427=EDGE_LOOP('',(#6115,#6116,#6117,#6118));
#1428=EDGE_LOOP('',(#6119,#6120,#6121,#6122));
#1429=EDGE_LOOP('',(#6123,#6124,#6125,#6126));
#1430=EDGE_LOOP('',(#6127,#6128,#6129,#6130));
#1431=EDGE_LOOP('',(#6131,#6132,#6133,#6134));
#1432=EDGE_LOOP('',(#6135,#6136,#6137,#6138));
#1433=EDGE_LOOP('',(#6139,#6140,#6141,#6142));
#1434=EDGE_LOOP('',(#6143,#6144,#6145,#6146));
#1435=EDGE_LOOP('',(#6147,#6148,#6149,#6150));
#1436=EDGE_LOOP('',(#6151,#6152,#6153));
#1437=EDGE_LOOP('',(#6154,#6155,#6156,#6157));
#1438=EDGE_LOOP('',(#6158,#6159,#6160,#6161,#6162));
#1439=EDGE_LOOP('',(#6163,#6164,#6165,#6166));
#1440=EDGE_LOOP('',(#6167,#6168,#6169));
#1441=EDGE_LOOP('',(#6170,#6171,#6172,#6173));
#1442=EDGE_LOOP('',(#6174,#6175,#6176,#6177));
#1443=EDGE_LOOP('',(#6178,#6179,#6180,#6181));
#1444=EDGE_LOOP('',(#6182,#6183,#6184,#6185));
#1445=EDGE_LOOP('',(#6186,#6187,#6188,#6189));
#1446=EDGE_LOOP('',(#6190,#6191,#6192,#6193));
#1447=EDGE_LOOP('',(#6194,#6195,#6196,#6197,#6198));
#1448=EDGE_LOOP('',(#6199,#6200,#6201,#6202));
#1449=EDGE_LOOP('',(#6203,#6204,#6205,#6206));
#1450=EDGE_LOOP('',(#6207,#6208,#6209,#6210));
#1451=EDGE_LOOP('',(#6211,#6212,#6213,#6214));
#1452=EDGE_LOOP('',(#6215,#6216,#6217,#6218));
#1453=EDGE_LOOP('',(#6219,#6220,#6221,#6222));
#1454=EDGE_LOOP('',(#6223,#6224,#6225,#6226,#6227,#6228,#6229,#6230));
#1455=EDGE_LOOP('',(#6231,#6232,#6233,#6234));
#1456=EDGE_LOOP('',(#6235,#6236,#6237,#6238));
#1457=EDGE_LOOP('',(#6239,#6240,#6241,#6242));
#1458=EDGE_LOOP('',(#6243,#6244,#6245,#6246,#6247));
#1459=EDGE_LOOP('',(#6248,#6249,#6250,#6251,#6252));
#1460=EDGE_LOOP('',(#6253,#6254,#6255,#6256));
#1461=EDGE_LOOP('',(#6257,#6258,#6259,#6260));
#1462=EDGE_LOOP('',(#6261,#6262,#6263,#6264));
#1463=EDGE_LOOP('',(#6265,#6266,#6267,#6268));
#1464=EDGE_LOOP('',(#6269,#6270,#6271,#6272,#6273));
#1465=EDGE_LOOP('',(#6274,#6275,#6276,#6277,#6278,#6279));
#1466=EDGE_LOOP('',(#6280,#6281,#6282,#6283,#6284));
#1467=EDGE_LOOP('',(#6285,#6286,#6287,#6288,#6289,#6290,#6291,#6292,#6293,
#6294));
#1468=EDGE_LOOP('',(#6295,#6296,#6297,#6298,#6299,#6300,#6301,#6302,#6303));
#1469=EDGE_LOOP('',(#6304,#6305,#6306,#6307,#6308,#6309));
#1470=EDGE_LOOP('',(#6310,#6311,#6312,#6313,#6314));
#1471=EDGE_LOOP('',(#6315,#6316,#6317,#6318,#6319));
#1472=EDGE_LOOP('',(#6320,#6321,#6322,#6323,#6324,#6325,#6326,#6327,#6328));
#1473=EDGE_LOOP('',(#6329,#6330,#6331,#6332));
#1474=EDGE_LOOP('',(#6333));
#1475=EDGE_LOOP('',(#6334,#6335,#6336,#6337,#6338,#6339));
#1476=EDGE_LOOP('',(#6340,#6341,#6342,#6343));
#1477=EDGE_LOOP('',(#6344,#6345,#6346,#6347,#6348,#6349,#6350));
#1478=EDGE_LOOP('',(#6351,#6352,#6353,#6354,#6355));
#1479=EDGE_LOOP('',(#6356,#6357,#6358,#6359,#6360));
#1480=EDGE_LOOP('',(#6361,#6362,#6363,#6364,#6365,#6366,#6367,#6368,#6369));
#1481=EDGE_LOOP('',(#6370,#6371,#6372,#6373,#6374,#6375,#6376,#6377,#6378,
#6379,#6380));
#1482=EDGE_LOOP('',(#6381,#6382,#6383,#6384));
#1483=EDGE_LOOP('',(#6385));
#1484=EDGE_LOOP('',(#6386));
#1485=EDGE_LOOP('',(#6387));
#1486=EDGE_LOOP('',(#6388));
#1487=EDGE_LOOP('',(#6389,#6390,#6391,#6392,#6393));
#1488=EDGE_LOOP('',(#6394,#6395,#6396,#6397,#6398));
#1489=EDGE_LOOP('',(#6399,#6400,#6401,#6402));
#1490=EDGE_LOOP('',(#6403,#6404,#6405));
#1491=EDGE_LOOP('',(#6406,#6407,#6408,#6409));
#1492=EDGE_LOOP('',(#6410,#6411,#6412,#6413));
#1493=EDGE_LOOP('',(#6414,#6415,#6416,#6417,#6418,#6419));
#1494=EDGE_LOOP('',(#6420));
#1495=EDGE_LOOP('',(#6421));
#1496=EDGE_LOOP('',(#6422,#6423,#6424,#6425,#6426,#6427));
#1497=EDGE_LOOP('',(#6428,#6429,#6430,#6431,#6432));
#1498=EDGE_LOOP('',(#6433,#6434,#6435,#6436,#6437,#6438,#6439,#6440,#6441,
#6442,#6443,#6444,#6445));
#1499=EDGE_LOOP('',(#6446,#6447,#6448,#6449));
#1500=EDGE_LOOP('',(#6450,#6451,#6452,#6453));
#1501=EDGE_LOOP('',(#6454,#6455,#6456,#6457));
#1502=EDGE_LOOP('',(#6458,#6459,#6460,#6461));
#1503=EDGE_LOOP('',(#6462,#6463,#6464,#6465,#6466,#6467,#6468,#6469));
#1504=EDGE_LOOP('',(#6470,#6471,#6472,#6473));
#1505=EDGE_LOOP('',(#6474,#6475,#6476,#6477));
#1506=EDGE_LOOP('',(#6478,#6479,#6480,#6481));
#1507=EDGE_LOOP('',(#6482,#6483,#6484,#6485));
#1508=EDGE_LOOP('',(#6486,#6487,#6488,#6489,#6490));
#1509=EDGE_LOOP('',(#6491,#6492,#6493,#6494,#6495,#6496,#6497,#6498,#6499));
#1510=EDGE_LOOP('',(#6500,#6501,#6502,#6503,#6504));
#1511=EDGE_LOOP('',(#6505,#6506,#6507,#6508));
#1512=EDGE_LOOP('',(#6509,#6510,#6511,#6512));
#1513=EDGE_LOOP('',(#6513,#6514,#6515,#6516));
#1514=EDGE_LOOP('',(#6517,#6518,#6519,#6520));
#1515=EDGE_LOOP('',(#6521,#6522,#6523,#6524));
#1516=EDGE_LOOP('',(#6525,#6526,#6527,#6528));
#1517=EDGE_LOOP('',(#6529,#6530,#6531,#6532,#6533));
#1518=EDGE_LOOP('',(#6534,#6535,#6536,#6537));
#1519=EDGE_LOOP('',(#6538,#6539,#6540,#6541));
#1520=EDGE_LOOP('',(#6542,#6543,#6544,#6545));
#1521=EDGE_LOOP('',(#6546,#6547,#6548,#6549));
#1522=EDGE_LOOP('',(#6550,#6551,#6552,#6553));
#1523=EDGE_LOOP('',(#6554,#6555,#6556,#6557));
#1524=EDGE_LOOP('',(#6558,#6559,#6560,#6561));
#1525=EDGE_LOOP('',(#6562,#6563,#6564,#6565));
#1526=EDGE_LOOP('',(#6566,#6567,#6568,#6569));
#1527=EDGE_LOOP('',(#6570,#6571,#6572,#6573,#6574));
#1528=EDGE_LOOP('',(#6575,#6576,#6577,#6578,#6579));
#1529=EDGE_LOOP('',(#6580,#6581,#6582,#6583,#6584,#6585,#6586,#6587,#6588,
#6589,#6590,#6591,#6592,#6593,#6594,#6595,#6596,#6597,#6598,#6599,#6600,
#6601,#6602,#6603,#6604,#6605,#6606,#6607,#6608,#6609,#6610,#6611,#6612,
#6613,#6614,#6615));
#1530=EDGE_LOOP('',(#6616));
#1531=EDGE_LOOP('',(#6617));
#1532=EDGE_LOOP('',(#6618,#6619,#6620,#6621));
#1533=EDGE_LOOP('',(#6622,#6623,#6624,#6625,#6626,#6627));
#1534=EDGE_LOOP('',(#6628,#6629,#6630,#6631,#6632));
#1535=EDGE_LOOP('',(#6633,#6634,#6635,#6636));
#1536=EDGE_LOOP('',(#6637,#6638,#6639,#6640,#6641,#6642,#6643,#6644));
#1537=EDGE_LOOP('',(#6645,#6646,#6647,#6648,#6649,#6650));
#1538=EDGE_LOOP('',(#6651,#6652,#6653,#6654,#6655,#6656,#6657,#6658,#6659,
#6660,#6661,#6662,#6663,#6664));
#1539=EDGE_LOOP('',(#6665,#6666,#6667,#6668,#6669));
#1540=EDGE_LOOP('',(#6670,#6671,#6672,#6673,#6674));
#1541=EDGE_LOOP('',(#6675,#6676,#6677,#6678));
#1542=EDGE_LOOP('',(#6679,#6680,#6681,#6682));
#1543=EDGE_LOOP('',(#6683,#6684,#6685,#6686));
#1544=EDGE_LOOP('',(#6687));
#1545=EDGE_LOOP('',(#6688));
#1546=EDGE_LOOP('',(#6689,#6690,#6691,#6692,#6693,#6694));
#1547=EDGE_LOOP('',(#6695,#6696,#6697,#6698,#6699,#6700));
#1548=EDGE_LOOP('',(#6701,#6702,#6703,#6704,#6705,#6706));
#1549=EDGE_LOOP('',(#6707,#6708,#6709,#6710));
#1550=EDGE_LOOP('',(#6711,#6712,#6713,#6714,#6715,#6716,#6717,#6718,#6719,
#6720,#6721,#6722));
#1551=EDGE_LOOP('',(#6723));
#1552=EDGE_LOOP('',(#6724));
#1553=EDGE_LOOP('',(#6725));
#1554=EDGE_LOOP('',(#6726));
#1555=EDGE_LOOP('',(#6727,#6728,#6729,#6730));
#1556=EDGE_LOOP('',(#6731,#6732,#6733,#6734));
#1557=EDGE_LOOP('',(#6735,#6736,#6737,#6738));
#1558=EDGE_LOOP('',(#6739,#6740,#6741));
#1559=EDGE_LOOP('',(#6742,#6743,#6744,#6745));
#1560=LINE('',#10266,#2217);
#1561=LINE('',#10268,#2218);
#1562=LINE('',#10270,#2219);
#1563=LINE('',#10271,#2220);
#1564=LINE('',#10275,#2221);
#1565=LINE('',#10277,#2222);
#1566=LINE('',#10279,#2223);
#1567=LINE('',#10280,#2224);
#1568=LINE('',#10281,#2225);
#1569=LINE('',#10285,#2226);
#1570=LINE('',#10286,#2227);
#1571=LINE('',#10287,#2228);
#1572=LINE('',#10291,#2229);
#1573=LINE('',#10293,#2230);
#1574=LINE('',#10295,#2231);
#1575=LINE('',#10296,#2232);
#1576=LINE('',#10300,#2233);
#1577=LINE('',#10302,#2234);
#1578=LINE('',#10304,#2235);
#1579=LINE('',#10305,#2236);
#1580=LINE('',#10309,#2237);
#1581=LINE('',#10312,#2238);
#1582=LINE('',#10313,#2239);
#1583=LINE('',#10317,#2240);
#1584=LINE('',#10319,#2241);
#1585=LINE('',#10321,#2242);
#1586=LINE('',#10322,#2243);
#1587=LINE('',#10332,#2244);
#1588=LINE('',#10334,#2245);
#1589=LINE('',#10335,#2246);
#1590=LINE('',#10337,#2247);
#1591=LINE('',#10338,#2248);
#1592=LINE('',#10342,#2249);
#1593=LINE('',#10344,#2250);
#1594=LINE('',#10346,#2251);
#1595=LINE('',#10347,#2252);
#1596=LINE('',#10350,#2253);
#1597=LINE('',#10354,#2254);
#1598=LINE('',#10359,#2255);
#1599=LINE('',#10362,#2256);
#1600=LINE('',#10364,#2257);
#1601=LINE('',#10366,#2258);
#1602=LINE('',#10370,#2259);
#1603=LINE('',#10374,#2260);
#1604=LINE('',#10378,#2261);
#1605=LINE('',#10380,#2262);
#1606=LINE('',#10382,#2263);
#1607=LINE('',#10384,#2264);
#1608=LINE('',#10386,#2265);
#1609=LINE('',#10388,#2266);
#1610=LINE('',#10390,#2267);
#1611=LINE('',#10394,#2268);
#1612=LINE('',#10396,#2269);
#1613=LINE('',#10398,#2270);
#1614=LINE('',#10400,#2271);
#1615=LINE('',#10402,#2272);
#1616=LINE('',#10404,#2273);
#1617=LINE('',#10406,#2274);
#1618=LINE('',#10408,#2275);
#1619=LINE('',#10410,#2276);
#1620=LINE('',#10412,#2277);
#1621=LINE('',#10414,#2278);
#1622=LINE('',#10418,#2279);
#1623=LINE('',#10422,#2280);
#1624=LINE('',#10425,#2281);
#1625=LINE('',#10429,#2282);
#1626=LINE('',#10432,#2283);
#1627=LINE('',#10433,#2284);
#1628=LINE('',#10439,#2285);
#1629=LINE('',#10443,#2286);
#1630=LINE('',#10445,#2287);
#1631=LINE('',#10446,#2288);
#1632=LINE('',#10450,#2289);
#1633=LINE('',#10452,#2290);
#1634=LINE('',#10454,#2291);
#1635=LINE('',#10455,#2292);
#1636=LINE('',#10457,#2293);
#1637=LINE('',#10458,#2294);
#1638=LINE('',#10461,#2295);
#1639=LINE('',#10463,#2296);
#1640=LINE('',#10465,#2297);
#1641=LINE('',#10467,#2298);
#1642=LINE('',#10469,#2299);
#1643=LINE('',#10472,#2300);
#1644=LINE('',#10474,#2301);
#1645=LINE('',#10476,#2302);
#1646=LINE('',#10478,#2303);
#1647=LINE('',#10480,#2304);
#1648=LINE('',#10481,#2305);
#1649=LINE('',#10491,#2306);
#1650=LINE('',#10500,#2307);
#1651=LINE('',#10503,#2308);
#1652=LINE('',#10506,#2309);
#1653=LINE('',#10508,#2310);
#1654=LINE('',#10512,#2311);
#1655=LINE('',#10516,#2312);
#1656=LINE('',#10520,#2313);
#1657=LINE('',#10523,#2314);
#1658=LINE('',#10527,#2315);
#1659=LINE('',#10531,#2316);
#1660=LINE('',#10535,#2317);
#1661=LINE('',#10537,#2318);
#1662=LINE('',#10539,#2319);
#1663=LINE('',#10541,#2320);
#1664=LINE('',#10543,#2321);
#1665=LINE('',#10545,#2322);
#1666=LINE('',#10547,#2323);
#1667=LINE('',#10549,#2324);
#1668=LINE('',#10551,#2325);
#1669=LINE('',#10555,#2326);
#1670=LINE('',#10608,#2327);
#1671=LINE('',#10613,#2328);
#1672=LINE('',#10615,#2329);
#1673=LINE('',#10616,#2330);
#1674=LINE('',#10619,#2331);
#1675=LINE('',#10621,#2332);
#1676=LINE('',#10625,#2333);
#1677=LINE('',#10627,#2334);
#1678=LINE('',#10629,#2335);
#1679=LINE('',#10631,#2336);
#1680=LINE('',#10633,#2337);
#1681=LINE('',#10636,#2338);
#1682=LINE('',#10646,#2339);
#1683=LINE('',#10648,#2340);
#1684=LINE('',#10650,#2341);
#1685=LINE('',#10652,#2342);
#1686=LINE('',#10654,#2343);
#1687=LINE('',#10663,#2344);
#1688=LINE('',#10664,#2345);
#1689=LINE('',#10675,#2346);
#1690=LINE('',#10677,#2347);
#1691=LINE('',#10679,#2348);
#1692=LINE('',#10680,#2349);
#1693=LINE('',#10683,#2350);
#1694=LINE('',#10685,#2351);
#1695=LINE('',#10687,#2352);
#1696=LINE('',#10688,#2353);
#1697=LINE('',#10691,#2354);
#1698=LINE('',#10693,#2355);
#1699=LINE('',#10695,#2356);
#1700=LINE('',#10696,#2357);
#1701=LINE('',#10697,#2358);
#1702=LINE('',#10701,#2359);
#1703=LINE('',#10704,#2360);
#1704=LINE('',#10706,#2361);
#1705=LINE('',#10708,#2362);
#1706=LINE('',#10710,#2363);
#1707=LINE('',#10712,#2364);
#1708=LINE('',#10714,#2365);
#1709=LINE('',#10716,#2366);
#1710=LINE('',#10717,#2367);
#1711=LINE('',#10720,#2368);
#1712=LINE('',#10722,#2369);
#1713=LINE('',#10724,#2370);
#1714=LINE('',#10725,#2371);
#1715=LINE('',#10731,#2372);
#1716=LINE('',#10733,#2373);
#1717=LINE('',#10735,#2374);
#1718=LINE('',#10736,#2375);
#1719=LINE('',#10744,#2376);
#1720=LINE('',#10746,#2377);
#1721=LINE('',#10748,#2378);
#1722=LINE('',#10749,#2379);
#1723=LINE('',#10757,#2380);
#1724=LINE('',#10761,#2381);
#1725=LINE('',#10764,#2382);
#1726=LINE('',#10766,#2383);
#1727=LINE('',#10767,#2384);
#1728=LINE('',#10770,#2385);
#1729=LINE('',#10772,#2386);
#1730=LINE('',#10774,#2387);
#1731=LINE('',#10775,#2388);
#1732=LINE('',#10778,#2389);
#1733=LINE('',#10780,#2390);
#1734=LINE('',#10782,#2391);
#1735=LINE('',#10783,#2392);
#1736=LINE('',#10785,#2393);
#1737=LINE('',#10789,#2394);
#1738=LINE('',#10791,#2395);
#1739=LINE('',#10793,#2396);
#1740=LINE('',#10794,#2397);
#1741=LINE('',#10798,#2398);
#1742=LINE('',#10800,#2399);
#1743=LINE('',#10802,#2400);
#1744=LINE('',#10803,#2401);
#1745=LINE('',#10806,#2402);
#1746=LINE('',#10808,#2403);
#1747=LINE('',#10809,#2404);
#1748=LINE('',#10814,#2405);
#1749=LINE('',#10820,#2406);
#1750=LINE('',#10825,#2407);
#1751=LINE('',#10827,#2408);
#1752=LINE('',#10829,#2409);
#1753=LINE('',#10830,#2410);
#1754=LINE('',#10834,#2411);
#1755=LINE('',#10836,#2412);
#1756=LINE('',#10838,#2413);
#1757=LINE('',#10839,#2414);
#1758=LINE('',#10843,#2415);
#1759=LINE('',#10850,#2416);
#1760=LINE('',#10852,#2417);
#1761=LINE('',#10853,#2418);
#1762=LINE('',#10939,#2419);
#1763=LINE('',#10960,#2420);
#1764=LINE('',#10974,#2421);
#1765=LINE('',#11071,#2422);
#1766=LINE('',#11080,#2423);
#1767=LINE('',#11091,#2424);
#1768=LINE('',#11100,#2425);
#1769=LINE('',#11102,#2426);
#1770=LINE('',#11103,#2427);
#1771=LINE('',#11104,#2428);
#1772=LINE('',#11105,#2429);
#1773=LINE('',#11109,#2430);
#1774=LINE('',#11111,#2431);
#1775=LINE('',#11112,#2432);
#1776=LINE('',#11113,#2433);
#1777=LINE('',#11116,#2434);
#1778=LINE('',#11118,#2435);
#1779=LINE('',#11119,#2436);
#1780=LINE('',#11122,#2437);
#1781=LINE('',#11124,#2438);
#1782=LINE('',#11126,#2439);
#1783=LINE('',#11128,#2440);
#1784=LINE('',#11130,#2441);
#1785=LINE('',#11132,#2442);
#1786=LINE('',#11133,#2443);
#1787=LINE('',#11134,#2444);
#1788=LINE('',#11136,#2445);
#1789=LINE('',#11137,#2446);
#1790=LINE('',#11139,#2447);
#1791=LINE('',#11141,#2448);
#1792=LINE('',#11143,#2449);
#1793=LINE('',#11145,#2450);
#1794=LINE('',#11147,#2451);
#1795=LINE('',#11149,#2452);
#1796=LINE('',#11151,#2453);
#1797=LINE('',#11152,#2454);
#1798=LINE('',#11155,#2455);
#1799=LINE('',#11157,#2456);
#1800=LINE('',#11159,#2457);
#1801=LINE('',#11161,#2458);
#1802=LINE('',#11163,#2459);
#1803=LINE('',#11165,#2460);
#1804=LINE('',#11166,#2461);
#1805=LINE('',#11169,#2462);
#1806=LINE('',#11171,#2463);
#1807=LINE('',#11172,#2464);
#1808=LINE('',#11174,#2465);
#1809=LINE('',#11176,#2466);
#1810=LINE('',#11178,#2467);
#1811=LINE('',#11180,#2468);
#1812=LINE('',#11181,#2469);
#1813=LINE('',#11183,#2470);
#1814=LINE('',#11184,#2471);
#1815=LINE('',#11190,#2472);
#1816=LINE('',#11195,#2473);
#1817=LINE('',#11198,#2474);
#1818=LINE('',#11203,#2475);
#1819=LINE('',#11209,#2476);
#1820=LINE('',#11212,#2477);
#1821=LINE('',#11217,#2478);
#1822=LINE('',#11224,#2479);
#1823=LINE('',#11226,#2480);
#1824=LINE('',#11227,#2481);
#1825=LINE('',#11228,#2482);
#1826=LINE('',#11229,#2483);
#1827=LINE('',#11230,#2484);
#1828=LINE('',#11235,#2485);
#1829=LINE('',#11237,#2486);
#1830=LINE('',#11239,#2487);
#1831=LINE('',#11240,#2488);
#1832=LINE('',#11244,#2489);
#1833=LINE('',#11245,#2490);
#1834=LINE('',#11246,#2491);
#1835=LINE('',#11248,#2492);
#1836=LINE('',#11249,#2493);
#1837=LINE('',#11251,#2494);
#1838=LINE('',#11253,#2495);
#1839=LINE('',#11257,#2496);
#1840=LINE('',#11259,#2497);
#1841=LINE('',#11261,#2498);
#1842=LINE('',#11262,#2499);
#1843=LINE('',#11266,#2500);
#1844=LINE('',#11267,#2501);
#1845=LINE('',#11268,#2502);
#1846=LINE('',#11271,#2503);
#1847=LINE('',#11272,#2504);
#1848=LINE('',#11275,#2505);
#1849=LINE('',#11276,#2506);
#1850=LINE('',#11278,#2507);
#1851=LINE('',#11283,#2508);
#1852=LINE('',#11289,#2509);
#1853=LINE('',#11295,#2510);
#1854=LINE('',#11301,#2511);
#1855=LINE('',#11305,#2512);
#1856=LINE('',#11309,#2513);
#1857=LINE('',#11316,#2514);
#1858=LINE('',#11318,#2515);
#1859=LINE('',#11319,#2516);
#1860=LINE('',#11327,#2517);
#1861=LINE('',#11338,#2518);
#1862=LINE('',#11348,#2519);
#1863=LINE('',#11349,#2520);
#1864=LINE('',#11366,#2521);
#1865=LINE('',#11367,#2522);
#1866=LINE('',#11373,#2523);
#1867=LINE('',#11376,#2524);
#1868=LINE('',#11387,#2525);
#1869=LINE('',#11389,#2526);
#1870=LINE('',#11390,#2527);
#1871=LINE('',#11395,#2528);
#1872=LINE('',#11402,#2529);
#1873=LINE('',#11403,#2530);
#1874=LINE('',#11406,#2531);
#1875=LINE('',#11408,#2532);
#1876=LINE('',#11410,#2533);
#1877=LINE('',#11411,#2534);
#1878=LINE('',#11414,#2535);
#1879=LINE('',#11415,#2536);
#1880=LINE('',#11419,#2537);
#1881=LINE('',#11421,#2538);
#1882=LINE('',#11423,#2539);
#1883=LINE('',#11424,#2540);
#1884=LINE('',#11431,#2541);
#1885=LINE('',#11432,#2542);
#1886=LINE('',#11433,#2543);
#1887=LINE('',#11436,#2544);
#1888=LINE('',#11437,#2545);
#1889=LINE('',#11439,#2546);
#1890=LINE('',#11448,#2547);
#1891=LINE('',#11454,#2548);
#1892=LINE('',#11457,#2549);
#1893=LINE('',#11459,#2550);
#1894=LINE('',#11464,#2551);
#1895=LINE('',#11474,#2552);
#1896=LINE('',#11539,#2553);
#1897=LINE('',#11585,#2554);
#1898=LINE('',#11606,#2555);
#1899=LINE('',#11647,#2556);
#1900=LINE('',#11682,#2557);
#1901=LINE('',#11761,#2558);
#1902=LINE('',#11764,#2559);
#1903=LINE('',#11776,#2560);
#1904=LINE('',#11778,#2561);
#1905=LINE('',#11786,#2562);
#1906=LINE('',#11788,#2563);
#1907=LINE('',#11790,#2564);
#1908=LINE('',#11791,#2565);
#1909=LINE('',#11794,#2566);
#1910=LINE('',#11796,#2567);
#1911=LINE('',#11797,#2568);
#1912=LINE('',#11799,#2569);
#1913=LINE('',#11801,#2570);
#1914=LINE('',#11802,#2571);
#1915=LINE('',#11806,#2572);
#1916=LINE('',#11808,#2573);
#1917=LINE('',#11810,#2574);
#1918=LINE('',#11812,#2575);
#1919=LINE('',#11814,#2576);
#1920=LINE('',#11815,#2577);
#1921=LINE('',#11819,#2578);
#1922=LINE('',#11821,#2579);
#1923=LINE('',#11823,#2580);
#1924=LINE('',#11824,#2581);
#1925=LINE('',#11827,#2582);
#1926=LINE('',#11832,#2583);
#1927=LINE('',#11834,#2584);
#1928=LINE('',#11835,#2585);
#1929=LINE('',#11836,#2586);
#1930=LINE('',#11839,#2587);
#1931=LINE('',#11840,#2588);
#1932=LINE('',#11842,#2589);
#1933=LINE('',#11843,#2590);
#1934=LINE('',#11846,#2591);
#1935=LINE('',#11847,#2592);
#1936=LINE('',#11848,#2593);
#1937=LINE('',#11852,#2594);
#1938=LINE('',#11854,#2595);
#1939=LINE('',#11856,#2596);
#1940=LINE('',#11858,#2597);
#1941=LINE('',#11860,#2598);
#1942=LINE('',#11861,#2599);
#1943=LINE('',#11863,#2600);
#1944=LINE('',#11865,#2601);
#1945=LINE('',#11866,#2602);
#1946=LINE('',#11869,#2603);
#1947=LINE('',#11871,#2604);
#1948=LINE('',#11872,#2605);
#1949=LINE('',#11878,#2606);
#1950=LINE('',#11879,#2607);
#1951=LINE('',#11880,#2608);
#1952=LINE('',#11881,#2609);
#1953=LINE('',#11887,#2610);
#1954=LINE('',#11898,#2611);
#1955=LINE('',#11899,#2612);
#1956=LINE('',#11906,#2613);
#1957=LINE('',#11907,#2614);
#1958=LINE('',#11909,#2615);
#1959=LINE('',#11911,#2616);
#1960=LINE('',#11918,#2617);
#1961=LINE('',#11920,#2618);
#1962=LINE('',#11922,#2619);
#1963=LINE('',#11923,#2620);
#1964=LINE('',#11925,#2621);
#1965=LINE('',#11928,#2622);
#1966=LINE('',#11932,#2623);
#1967=LINE('',#11936,#2624);
#1968=LINE('',#11940,#2625);
#1969=LINE('',#11944,#2626);
#1970=LINE('',#11951,#2627);
#1971=LINE('',#11954,#2628);
#1972=LINE('',#11958,#2629);
#1973=LINE('',#11961,#2630);
#1974=LINE('',#11963,#2631);
#1975=LINE('',#11967,#2632);
#1976=LINE('',#11968,#2633);
#1977=LINE('',#11979,#2634);
#1978=LINE('',#11986,#2635);
#1979=LINE('',#11988,#2636);
#1980=LINE('',#11999,#2637);
#1981=LINE('',#12008,#2638);
#1982=LINE('',#12014,#2639);
#1983=LINE('',#12016,#2640);
#1984=LINE('',#12018,#2641);
#1985=LINE('',#12019,#2642);
#1986=LINE('',#12022,#2643);
#1987=LINE('',#12023,#2644);
#1988=LINE('',#12034,#2645);
#1989=LINE('',#12046,#2646);
#1990=LINE('',#12052,#2647);
#1991=LINE('',#12055,#2648);
#1992=LINE('',#12057,#2649);
#1993=LINE('',#12058,#2650);
#1994=LINE('',#12060,#2651);
#1995=LINE('',#12061,#2652);
#1996=LINE('',#12064,#2653);
#1997=LINE('',#12075,#2654);
#1998=LINE('',#12086,#2655);
#1999=LINE('',#12097,#2656);
#2000=LINE('',#12120,#2657);
#2001=LINE('',#12129,#2658);
#2002=LINE('',#12131,#2659);
#2003=LINE('',#12133,#2660);
#2004=LINE('',#12134,#2661);
#2005=LINE('',#12138,#2662);
#2006=LINE('',#12140,#2663);
#2007=LINE('',#12142,#2664);
#2008=LINE('',#12143,#2665);
#2009=LINE('',#12147,#2666);
#2010=LINE('',#12149,#2667);
#2011=LINE('',#12151,#2668);
#2012=LINE('',#12152,#2669);
#2013=LINE('',#12156,#2670);
#2014=LINE('',#12158,#2671);
#2015=LINE('',#12160,#2672);
#2016=LINE('',#12161,#2673);
#2017=LINE('',#12170,#2674);
#2018=LINE('',#12184,#2675);
#2019=LINE('',#12185,#2676);
#2020=LINE('',#12193,#2677);
#2021=LINE('',#12194,#2678);
#2022=LINE('',#12197,#2679);
#2023=LINE('',#12198,#2680);
#2024=LINE('',#12201,#2681);
#2025=LINE('',#12202,#2682);
#2026=LINE('',#12204,#2683);
#2027=LINE('',#12207,#2684);
#2028=LINE('',#12209,#2685);
#2029=LINE('',#12211,#2686);
#2030=LINE('',#12212,#2687);
#2031=LINE('',#12214,#2688);
#2032=LINE('',#12215,#2689);
#2033=LINE('',#12216,#2690);
#2034=LINE('',#12222,#2691);
#2035=LINE('',#12227,#2692);
#2036=LINE('',#12228,#2693);
#2037=LINE('',#12230,#2694);
#2038=LINE('',#12231,#2695);
#2039=LINE('',#12235,#2696);
#2040=LINE('',#12236,#2697);
#2041=LINE('',#12237,#2698);
#2042=LINE('',#12241,#2699);
#2043=LINE('',#12243,#2700);
#2044=LINE('',#12245,#2701);
#2045=LINE('',#12246,#2702);
#2046=LINE('',#12250,#2703);
#2047=LINE('',#12252,#2704);
#2048=LINE('',#12254,#2705);
#2049=LINE('',#12255,#2706);
#2050=LINE('',#12258,#2707);
#2051=LINE('',#12259,#2708);
#2052=LINE('',#12260,#2709);
#2053=LINE('',#12262,#2710);
#2054=LINE('',#12264,#2711);
#2055=LINE('',#12265,#2712);
#2056=LINE('',#12268,#2713);
#2057=LINE('',#12269,#2714);
#2058=LINE('',#12271,#2715);
#2059=LINE('',#12272,#2716);
#2060=LINE('',#12276,#2717);
#2061=LINE('',#12277,#2718);
#2062=LINE('',#12278,#2719);
#2063=LINE('',#12279,#2720);
#2064=LINE('',#12283,#2721);
#2065=LINE('',#12286,#2722);
#2066=LINE('',#12289,#2723);
#2067=LINE('',#12301,#2724);
#2068=LINE('',#12303,#2725);
#2069=LINE('',#12305,#2726);
#2070=LINE('',#12306,#2727);
#2071=LINE('',#12310,#2728);
#2072=LINE('',#12311,#2729);
#2073=LINE('',#12312,#2730);
#2074=LINE('',#12313,#2731);
#2075=LINE('',#12315,#2732);
#2076=LINE('',#12317,#2733);
#2077=LINE('',#12319,#2734);
#2078=LINE('',#12321,#2735);
#2079=LINE('',#12323,#2736);
#2080=LINE('',#12325,#2737);
#2081=LINE('',#12327,#2738);
#2082=LINE('',#12329,#2739);
#2083=LINE('',#12331,#2740);
#2084=LINE('',#12332,#2741);
#2085=LINE('',#12334,#2742);
#2086=LINE('',#12335,#2743);
#2087=LINE('',#12337,#2744);
#2088=LINE('',#12338,#2745);
#2089=LINE('',#12341,#2746);
#2090=LINE('',#12343,#2747);
#2091=LINE('',#12344,#2748);
#2092=LINE('',#12346,#2749);
#2093=LINE('',#12347,#2750);
#2094=LINE('',#12351,#2751);
#2095=LINE('',#12353,#2752);
#2096=LINE('',#12354,#2753);
#2097=LINE('',#12356,#2754);
#2098=LINE('',#12358,#2755);
#2099=LINE('',#12360,#2756);
#2100=LINE('',#12361,#2757);
#2101=LINE('',#12364,#2758);
#2102=LINE('',#12366,#2759);
#2103=LINE('',#12368,#2760);
#2104=LINE('',#12370,#2761);
#2105=LINE('',#12372,#2762);
#2106=LINE('',#12373,#2763);
#2107=LINE('',#12375,#2764);
#2108=LINE('',#12376,#2765);
#2109=LINE('',#12378,#2766);
#2110=LINE('',#12379,#2767);
#2111=LINE('',#12383,#2768);
#2112=LINE('',#12384,#2769);
#2113=LINE('',#12385,#2770);
#2114=LINE('',#12388,#2771);
#2115=LINE('',#12389,#2772);
#2116=LINE('',#12391,#2773);
#2117=LINE('',#12393,#2774);
#2118=LINE('',#12399,#2775);
#2119=LINE('',#12406,#2776);
#2120=LINE('',#12426,#2777);
#2121=LINE('',#12432,#2778);
#2122=LINE('',#12441,#2779);
#2123=LINE('',#12451,#2780);
#2124=LINE('',#12461,#2781);
#2125=LINE('',#12468,#2782);
#2126=LINE('',#12473,#2783);
#2127=LINE('',#12502,#2784);
#2128=LINE('',#12525,#2785);
#2129=LINE('',#12540,#2786);
#2130=LINE('',#12640,#2787);
#2131=LINE('',#12644,#2788);
#2132=LINE('',#12649,#2789);
#2133=LINE('',#12666,#2790);
#2134=LINE('',#12667,#2791);
#2135=LINE('',#12671,#2792);
#2136=LINE('',#12672,#2793);
#2137=LINE('',#12673,#2794);
#2138=LINE('',#12677,#2795);
#2139=LINE('',#12680,#2796);
#2140=LINE('',#12681,#2797);
#2141=LINE('',#12703,#2798);
#2142=LINE('',#12743,#2799);
#2143=LINE('',#12746,#2800);
#2144=LINE('',#12749,#2801);
#2145=LINE('',#12750,#2802);
#2146=LINE('',#12754,#2803);
#2147=LINE('',#12756,#2804);
#2148=LINE('',#12778,#2805);
#2149=LINE('',#12784,#2806);
#2150=LINE('',#12793,#2807);
#2151=LINE('',#12795,#2808);
#2152=LINE('',#12797,#2809);
#2153=LINE('',#12805,#2810);
#2154=LINE('',#12850,#2811);
#2155=LINE('',#12857,#2812);
#2156=LINE('',#12858,#2813);
#2157=LINE('',#12863,#2814);
#2158=LINE('',#12986,#2815);
#2159=LINE('',#13001,#2816);
#2160=LINE('',#13022,#2817);
#2161=LINE('',#13024,#2818);
#2162=LINE('',#13026,#2819);
#2163=LINE('',#13028,#2820);
#2164=LINE('',#13037,#2821);
#2165=LINE('',#13039,#2822);
#2166=LINE('',#13041,#2823);
#2167=LINE('',#13050,#2824);
#2168=LINE('',#13055,#2825);
#2169=LINE('',#13059,#2826);
#2170=LINE('',#13072,#2827);
#2171=LINE('',#13073,#2828);
#2172=LINE('',#13081,#2829);
#2173=LINE('',#13084,#2830);
#2174=LINE('',#13085,#2831);
#2175=LINE('',#13089,#2832);
#2176=LINE('',#13101,#2833);
#2177=LINE('',#13102,#2834);
#2178=LINE('',#13106,#2835);
#2179=LINE('',#13110,#2836);
#2180=LINE('',#13112,#2837);
#2181=LINE('',#13113,#2838);
#2182=LINE('',#13122,#2839);
#2183=LINE('',#13128,#2840);
#2184=LINE('',#13132,#2841);
#2185=LINE('',#13133,#2842);
#2186=LINE('',#13139,#2843);
#2187=LINE('',#13146,#2844);
#2188=LINE('',#13149,#2845);
#2189=LINE('',#13150,#2846);
#2190=LINE('',#13159,#2847);
#2191=LINE('',#13162,#2848);
#2192=LINE('',#13164,#2849);
#2193=LINE('',#13166,#2850);
#2194=LINE('',#13172,#2851);
#2195=LINE('',#13173,#2852);
#2196=LINE('',#13177,#2853);
#2197=LINE('',#13180,#2854);
#2198=LINE('',#13182,#2855);
#2199=LINE('',#13183,#2856);
#2200=LINE('',#13185,#2857);
#2201=LINE('',#13187,#2858);
#2202=LINE('',#13191,#2859);
#2203=LINE('',#13192,#2860);
#2204=LINE('',#13195,#2861);
#2205=LINE('',#13196,#2862);
#2206=LINE('',#13198,#2863);
#2207=LINE('',#13199,#2864);
#2208=LINE('',#13201,#2865);
#2209=LINE('',#13205,#2866);
#2210=LINE('',#13206,#2867);
#2211=LINE('',#13209,#2868);
#2212=LINE('',#13211,#2869);
#2213=LINE('',#13212,#2870);
#2214=LINE('',#13214,#2871);
#2215=LINE('',#13216,#2872);
#2216=LINE('',#13219,#2873);
#2217=VECTOR('',#8111,10.);
#2218=VECTOR('',#8112,10.);
#2219=VECTOR('',#8113,10.);
#2220=VECTOR('',#8114,10.);
#2221=VECTOR('',#8117,10.);
#2222=VECTOR('',#8118,10.);
#2223=VECTOR('',#8119,10.);
#2224=VECTOR('',#8120,10.);
#2225=VECTOR('',#8121,10.);
#2226=VECTOR('',#8124,10.);
#2227=VECTOR('',#8125,10.);
#2228=VECTOR('',#8126,10.);
#2229=VECTOR('',#8129,10.);
#2230=VECTOR('',#8130,10.);
#2231=VECTOR('',#8131,10.);
#2232=VECTOR('',#8132,10.);
#2233=VECTOR('',#8135,10.);
#2234=VECTOR('',#8136,10.);
#2235=VECTOR('',#8137,10.);
#2236=VECTOR('',#8138,10.);
#2237=VECTOR('',#8141,10.);
#2238=VECTOR('',#8144,10.);
#2239=VECTOR('',#8145,10.);
#2240=VECTOR('',#8148,10.);
#2241=VECTOR('',#8149,10.);
#2242=VECTOR('',#8150,10.);
#2243=VECTOR('',#8151,10.);
#2244=VECTOR('',#8160,10.);
#2245=VECTOR('',#8161,10.);
#2246=VECTOR('',#8162,10.);
#2247=VECTOR('',#8163,10.);
#2248=VECTOR('',#8164,10.);
#2249=VECTOR('',#8167,10.);
#2250=VECTOR('',#8168,10.);
#2251=VECTOR('',#8169,10.);
#2252=VECTOR('',#8170,10.);
#2253=VECTOR('',#8173,10.);
#2254=VECTOR('',#8176,10.);
#2255=VECTOR('',#8181,10.);
#2256=VECTOR('',#8184,10.);
#2257=VECTOR('',#8185,10.);
#2258=VECTOR('',#8186,10.);
#2259=VECTOR('',#8191,10.);
#2260=VECTOR('',#8196,10.);
#2261=VECTOR('',#8199,10.);
#2262=VECTOR('',#8200,10.);
#2263=VECTOR('',#8201,10.);
#2264=VECTOR('',#8202,10.);
#2265=VECTOR('',#8203,10.);
#2266=VECTOR('',#8204,10.);
#2267=VECTOR('',#8205,10.);
#2268=VECTOR('',#8208,10.);
#2269=VECTOR('',#8209,10.);
#2270=VECTOR('',#8210,10.);
#2271=VECTOR('',#8211,10.);
#2272=VECTOR('',#8212,10.);
#2273=VECTOR('',#8213,10.);
#2274=VECTOR('',#8214,10.);
#2275=VECTOR('',#8215,10.);
#2276=VECTOR('',#8216,10.);
#2277=VECTOR('',#8217,10.);
#2278=VECTOR('',#8218,10.);
#2279=VECTOR('',#8221,10.);
#2280=VECTOR('',#8224,10.);
#2281=VECTOR('',#8227,10.);
#2282=VECTOR('',#8232,10.);
#2283=VECTOR('',#8235,10.);
#2284=VECTOR('',#8236,10.);
#2285=VECTOR('',#8241,10.);
#2286=VECTOR('',#8244,10.);
#2287=VECTOR('',#8245,10.);
#2288=VECTOR('',#8246,10.);
#2289=VECTOR('',#8249,10.);
#2290=VECTOR('',#8250,10.);
#2291=VECTOR('',#8251,10.);
#2292=VECTOR('',#8252,10.);
#2293=VECTOR('',#8255,10.);
#2294=VECTOR('',#8256,10.);
#2295=VECTOR('',#8259,10.);
#2296=VECTOR('',#8260,10.);
#2297=VECTOR('',#8261,10.);
#2298=VECTOR('',#8262,10.);
#2299=VECTOR('',#8263,10.);
#2300=VECTOR('',#8266,10.);
#2301=VECTOR('',#8267,10.);
#2302=VECTOR('',#8268,10.);
#2303=VECTOR('',#8269,10.);
#2304=VECTOR('',#8270,10.);
#2305=VECTOR('',#8271,10.);
#2306=VECTOR('',#8274,10.);
#2307=VECTOR('',#8275,10.);
#2308=VECTOR('',#8278,10.);
#2309=VECTOR('',#8281,10.);
#2310=VECTOR('',#8282,10.);
#2311=VECTOR('',#8285,10.);
#2312=VECTOR('',#8288,10.);
#2313=VECTOR('',#8291,10.);
#2314=VECTOR('',#8294,10.);
#2315=VECTOR('',#8299,10.);
#2316=VECTOR('',#8302,10.);
#2317=VECTOR('',#8307,10.);
#2318=VECTOR('',#8308,10.);
#2319=VECTOR('',#8309,10.);
#2320=VECTOR('',#8310,10.);
#2321=VECTOR('',#8311,10.);
#2322=VECTOR('',#8312,10.);
#2323=VECTOR('',#8313,10.);
#2324=VECTOR('',#8314,10.);
#2325=VECTOR('',#8315,10.);
#2326=VECTOR('',#8318,10.);
#2327=VECTOR('',#8329,4.);
#2328=VECTOR('',#8336,10.);
#2329=VECTOR('',#8337,10.);
#2330=VECTOR('',#8338,10.);
#2331=VECTOR('',#8341,10.);
#2332=VECTOR('',#8342,10.);
#2333=VECTOR('',#8345,10.);
#2334=VECTOR('',#8346,10.);
#2335=VECTOR('',#8347,10.);
#2336=VECTOR('',#8348,10.);
#2337=VECTOR('',#8349,10.);
#2338=VECTOR('',#8352,10.);
#2339=VECTOR('',#8355,10.);
#2340=VECTOR('',#8356,10.);
#2341=VECTOR('',#8357,10.);
#2342=VECTOR('',#8358,10.);
#2343=VECTOR('',#8359,10.);
#2344=VECTOR('',#8360,10.);
#2345=VECTOR('',#8361,10.);
#2346=VECTOR('',#8370,10.);
#2347=VECTOR('',#8371,10.);
#2348=VECTOR('',#8372,10.);
#2349=VECTOR('',#8373,10.);
#2350=VECTOR('',#8374,10.);
#2351=VECTOR('',#8375,10.);
#2352=VECTOR('',#8376,10.);
#2353=VECTOR('',#8377,10.);
#2354=VECTOR('',#8378,10.);
#2355=VECTOR('',#8379,10.);
#2356=VECTOR('',#8380,10.);
#2357=VECTOR('',#8381,10.);
#2358=VECTOR('',#8382,10.);
#2359=VECTOR('',#8387,10.);
#2360=VECTOR('',#8390,10.);
#2361=VECTOR('',#8391,10.);
#2362=VECTOR('',#8392,10.);
#2363=VECTOR('',#8393,10.);
#2364=VECTOR('',#8394,10.);
#2365=VECTOR('',#8395,10.);
#2366=VECTOR('',#8396,10.);
#2367=VECTOR('',#8397,10.);
#2368=VECTOR('',#8398,10.);
#2369=VECTOR('',#8399,10.);
#2370=VECTOR('',#8400,10.);
#2371=VECTOR('',#8401,10.);
#2372=VECTOR('',#8408,10.);
#2373=VECTOR('',#8409,10.);
#2374=VECTOR('',#8410,10.);
#2375=VECTOR('',#8411,10.);
#2376=VECTOR('',#8418,10.);
#2377=VECTOR('',#8419,10.);
#2378=VECTOR('',#8420,10.);
#2379=VECTOR('',#8421,10.);
#2380=VECTOR('',#8430,1.);
#2381=VECTOR('',#8435,1.);
#2382=VECTOR('',#8438,10.);
#2383=VECTOR('',#8439,10.);
#2384=VECTOR('',#8440,10.);
#2385=VECTOR('',#8443,10.);
#2386=VECTOR('',#8444,10.);
#2387=VECTOR('',#8445,10.);
#2388=VECTOR('',#8446,10.);
#2389=VECTOR('',#8449,10.);
#2390=VECTOR('',#8450,10.);
#2391=VECTOR('',#8451,10.);
#2392=VECTOR('',#8452,10.);
#2393=VECTOR('',#8455,10.);
#2394=VECTOR('',#8458,10.);
#2395=VECTOR('',#8459,10.);
#2396=VECTOR('',#8460,10.);
#2397=VECTOR('',#8461,10.);
#2398=VECTOR('',#8464,10.);
#2399=VECTOR('',#8465,10.);
#2400=VECTOR('',#8466,10.);
#2401=VECTOR('',#8467,10.);
#2402=VECTOR('',#8470,10.);
#2403=VECTOR('',#8471,10.);
#2404=VECTOR('',#8472,10.);
#2405=VECTOR('',#8477,1.);
#2406=VECTOR('',#8484,1.);
#2407=VECTOR('',#8489,10.);
#2408=VECTOR('',#8490,10.);
#2409=VECTOR('',#8491,10.);
#2410=VECTOR('',#8492,10.);
#2411=VECTOR('',#8495,10.);
#2412=VECTOR('',#8496,10.);
#2413=VECTOR('',#8497,10.);
#2414=VECTOR('',#8498,10.);
#2415=VECTOR('',#8501,10.);
#2416=VECTOR('',#8502,10.);
#2417=VECTOR('',#8503,10.);
#2418=VECTOR('',#8504,10.);
#2419=VECTOR('',#8517,4.);
#2420=VECTOR('',#8526,10.);
#2421=VECTOR('',#8543,4.);
#2422=VECTOR('',#8556,10.);
#2423=VECTOR('',#8569,4.);
#2424=VECTOR('',#8584,4.);
#2425=VECTOR('',#8597,10.);
#2426=VECTOR('',#8598,10.);
#2427=VECTOR('',#8599,10.);
#2428=VECTOR('',#8600,10.);
#2429=VECTOR('',#8601,10.);
#2430=VECTOR('',#8604,10.);
#2431=VECTOR('',#8605,10.);
#2432=VECTOR('',#8606,10.);
#2433=VECTOR('',#8607,10.);
#2434=VECTOR('',#8610,10.);
#2435=VECTOR('',#8611,10.);
#2436=VECTOR('',#8612,10.);
#2437=VECTOR('',#8615,10.);
#2438=VECTOR('',#8616,10.);
#2439=VECTOR('',#8617,10.);
#2440=VECTOR('',#8618,10.);
#2441=VECTOR('',#8619,10.);
#2442=VECTOR('',#8620,10.);
#2443=VECTOR('',#8621,10.);
#2444=VECTOR('',#8622,10.);
#2445=VECTOR('',#8625,10.);
#2446=VECTOR('',#8626,10.);
#2447=VECTOR('',#8629,10.);
#2448=VECTOR('',#8630,10.);
#2449=VECTOR('',#8631,10.);
#2450=VECTOR('',#8632,10.);
#2451=VECTOR('',#8633,10.);
#2452=VECTOR('',#8634,10.);
#2453=VECTOR('',#8635,10.);
#2454=VECTOR('',#8636,10.);
#2455=VECTOR('',#8639,10.);
#2456=VECTOR('',#8640,10.);
#2457=VECTOR('',#8641,10.);
#2458=VECTOR('',#8642,10.);
#2459=VECTOR('',#8643,10.);
#2460=VECTOR('',#8644,10.);
#2461=VECTOR('',#8645,10.);
#2462=VECTOR('',#8648,10.);
#2463=VECTOR('',#8649,10.);
#2464=VECTOR('',#8650,10.);
#2465=VECTOR('',#8651,10.);
#2466=VECTOR('',#8652,10.);
#2467=VECTOR('',#8653,10.);
#2468=VECTOR('',#8654,10.);
#2469=VECTOR('',#8655,10.);
#2470=VECTOR('',#8658,10.);
#2471=VECTOR('',#8659,10.);
#2472=VECTOR('',#8666,10.);
#2473=VECTOR('',#8671,10.);
#2474=VECTOR('',#8674,10.);
#2475=VECTOR('',#8683,10.);
#2476=VECTOR('',#8690,10.);
#2477=VECTOR('',#8693,10.);
#2478=VECTOR('',#8698,10.);
#2479=VECTOR('',#8709,10.);
#2480=VECTOR('',#8710,10.);
#2481=VECTOR('',#8711,10.);
#2482=VECTOR('',#8712,10.);
#2483=VECTOR('',#8713,10.);
#2484=VECTOR('',#8714,10.);
#2485=VECTOR('',#8719,10.);
#2486=VECTOR('',#8720,10.);
#2487=VECTOR('',#8721,10.);
#2488=VECTOR('',#8722,10.);
#2489=VECTOR('',#8725,10.);
#2490=VECTOR('',#8726,10.);
#2491=VECTOR('',#8727,10.);
#2492=VECTOR('',#8730,10.);
#2493=VECTOR('',#8731,10.);
#2494=VECTOR('',#8734,10.);
#2495=VECTOR('',#8737,10.);
#2496=VECTOR('',#8740,10.);
#2497=VECTOR('',#8741,10.);
#2498=VECTOR('',#8742,10.);
#2499=VECTOR('',#8743,10.);
#2500=VECTOR('',#8746,10.);
#2501=VECTOR('',#8747,10.);
#2502=VECTOR('',#8748,10.);
#2503=VECTOR('',#8751,10.);
#2504=VECTOR('',#8752,10.);
#2505=VECTOR('',#8755,10.);
#2506=VECTOR('',#8756,10.);
#2507=VECTOR('',#8759,10.);
#2508=VECTOR('',#8764,1.);
#2509=VECTOR('',#8771,1.);
#2510=VECTOR('',#8778,1.);
#2511=VECTOR('',#8785,1.);
#2512=VECTOR('',#8790,1.);
#2513=VECTOR('',#8795,1.);
#2514=VECTOR('',#8802,10.);
#2515=VECTOR('',#8803,10.);
#2516=VECTOR('',#8804,10.);
#2517=VECTOR('',#8813,1.5);
#2518=VECTOR('',#8828,1.5);
#2519=VECTOR('',#8841,10.);
#2520=VECTOR('',#8842,10.);
#2521=VECTOR('',#8863,10.);
#2522=VECTOR('',#8864,10.);
#2523=VECTOR('',#8869,10.);
#2524=VECTOR('',#8872,10.);
#2525=VECTOR('',#8885,10.);
#2526=VECTOR('',#8886,10.);
#2527=VECTOR('',#8887,10.);
#2528=VECTOR('',#8892,0.5);
#2529=VECTOR('',#8903,10.);
#2530=VECTOR('',#8904,10.);
#2531=VECTOR('',#8907,10.);
#2532=VECTOR('',#8908,10.);
#2533=VECTOR('',#8909,10.);
#2534=VECTOR('',#8910,10.);
#2535=VECTOR('',#8913,10.);
#2536=VECTOR('',#8914,10.);
#2537=VECTOR('',#8917,10.);
#2538=VECTOR('',#8918,10.);
#2539=VECTOR('',#8919,10.);
#2540=VECTOR('',#8920,10.);
#2541=VECTOR('',#8927,10.);
#2542=VECTOR('',#8928,10.);
#2543=VECTOR('',#8929,10.);
#2544=VECTOR('',#8932,10.);
#2545=VECTOR('',#8933,10.);
#2546=VECTOR('',#8936,10.);
#2547=VECTOR('',#8945,1.);
#2548=VECTOR('',#8952,1.);
#2549=VECTOR('',#8957,1.);
#2550=VECTOR('',#8960,1.);
#2551=VECTOR('',#8965,10.);
#2552=VECTOR('',#8976,10.);
#2553=VECTOR('',#8993,4.);
#2554=VECTOR('',#9002,10.);
#2555=VECTOR('',#9017,4.);
#2556=VECTOR('',#9024,10.);
#2557=VECTOR('',#9041,4.);
#2558=VECTOR('',#9062,4.);
#2559=VECTOR('',#9067,4.);
#2560=VECTOR('',#9090,4.);
#2561=VECTOR('',#9093,4.);
#2562=VECTOR('',#9104,10.);
#2563=VECTOR('',#9105,10.);
#2564=VECTOR('',#9106,10.);
#2565=VECTOR('',#9107,10.);
#2566=VECTOR('',#9110,10.);
#2567=VECTOR('',#9111,10.);
#2568=VECTOR('',#9112,10.);
#2569=VECTOR('',#9115,10.);
#2570=VECTOR('',#9116,10.);
#2571=VECTOR('',#9117,10.);
#2572=VECTOR('',#9120,10.);
#2573=VECTOR('',#9121,10.);
#2574=VECTOR('',#9122,10.);
#2575=VECTOR('',#9123,10.);
#2576=VECTOR('',#9124,10.);
#2577=VECTOR('',#9125,10.);
#2578=VECTOR('',#9128,10.);
#2579=VECTOR('',#9129,10.);
#2580=VECTOR('',#9130,10.);
#2581=VECTOR('',#9131,10.);
#2582=VECTOR('',#9134,10.);
#2583=VECTOR('',#9139,10.);
#2584=VECTOR('',#9140,10.);
#2585=VECTOR('',#9141,10.);
#2586=VECTOR('',#9142,10.);
#2587=VECTOR('',#9145,10.);
#2588=VECTOR('',#9146,10.);
#2589=VECTOR('',#9147,10.);
#2590=VECTOR('',#9148,10.);
#2591=VECTOR('',#9151,10.);
#2592=VECTOR('',#9152,10.);
#2593=VECTOR('',#9153,10.);
#2594=VECTOR('',#9156,10.);
#2595=VECTOR('',#9157,10.);
#2596=VECTOR('',#9158,10.);
#2597=VECTOR('',#9159,10.);
#2598=VECTOR('',#9160,10.);
#2599=VECTOR('',#9161,10.);
#2600=VECTOR('',#9164,10.);
#2601=VECTOR('',#9165,10.);
#2602=VECTOR('',#9166,10.);
#2603=VECTOR('',#9169,10.);
#2604=VECTOR('',#9170,10.);
#2605=VECTOR('',#9171,10.);
#2606=VECTOR('',#9176,10.);
#2607=VECTOR('',#9177,10.);
#2608=VECTOR('',#9178,10.);
#2609=VECTOR('',#9179,10.);
#2610=VECTOR('',#9186,10.);
#2611=VECTOR('',#9187,10.);
#2612=VECTOR('',#9188,10.);
#2613=VECTOR('',#9197,10.);
#2614=VECTOR('',#9198,10.);
#2615=VECTOR('',#9201,10.);
#2616=VECTOR('',#9204,10.);
#2617=VECTOR('',#9211,10.);
#2618=VECTOR('',#9212,10.);
#2619=VECTOR('',#9213,10.);
#2620=VECTOR('',#9214,10.);
#2621=VECTOR('',#9217,1.);
#2622=VECTOR('',#9220,1.);
#2623=VECTOR('',#9225,1.);
#2624=VECTOR('',#9230,1.);
#2625=VECTOR('',#9235,1.);
#2626=VECTOR('',#9240,1.);
#2627=VECTOR('',#9247,10.);
#2628=VECTOR('',#9250,10.);
#2629=VECTOR('',#9253,10.);
#2630=VECTOR('',#9256,10.);
#2631=VECTOR('',#9257,10.);
#2632=VECTOR('',#9262,10.);
#2633=VECTOR('',#9263,10.);
#2634=VECTOR('',#9268,10.);
#2635=VECTOR('',#9269,10.);
#2636=VECTOR('',#9270,10.);
#2637=VECTOR('',#9271,10.);
#2638=VECTOR('',#9272,10.);
#2639=VECTOR('',#9277,10.);
#2640=VECTOR('',#9278,10.);
#2641=VECTOR('',#9279,10.);
#2642=VECTOR('',#9280,10.);
#2643=VECTOR('',#9283,10.);
#2644=VECTOR('',#9284,10.);
#2645=VECTOR('',#9297,0.5);
#2646=VECTOR('',#9314,4.);
#2647=VECTOR('',#9319,10.);
#2648=VECTOR('',#9322,10.);
#2649=VECTOR('',#9325,10.);
#2650=VECTOR('',#9326,10.);
#2651=VECTOR('',#9329,10.);
#2652=VECTOR('',#9330,10.);
#2653=VECTOR('',#9333,1.5);
#2654=VECTOR('',#9348,1.5);
#2655=VECTOR('',#9363,1.5);
#2656=VECTOR('',#9378,1.5);
#2657=VECTOR('',#9409,0.5);
#2658=VECTOR('',#9420,10.);
#2659=VECTOR('',#9421,10.);
#2660=VECTOR('',#9422,10.);
#2661=VECTOR('',#9423,10.);
#2662=VECTOR('',#9426,10.);
#2663=VECTOR('',#9427,10.);
#2664=VECTOR('',#9428,10.);
#2665=VECTOR('',#9429,10.);
#2666=VECTOR('',#9432,10.);
#2667=VECTOR('',#9433,10.);
#2668=VECTOR('',#9434,10.);
#2669=VECTOR('',#9435,10.);
#2670=VECTOR('',#9438,10.);
#2671=VECTOR('',#9439,10.);
#2672=VECTOR('',#9440,10.);
#2673=VECTOR('',#9441,10.);
#2674=VECTOR('',#9458,10.);
#2675=VECTOR('',#9483,10.);
#2676=VECTOR('',#9484,10.);
#2677=VECTOR('',#9487,10.);
#2678=VECTOR('',#9488,10.);
#2679=VECTOR('',#9491,10.);
#2680=VECTOR('',#9492,10.);
#2681=VECTOR('',#9495,10.);
#2682=VECTOR('',#9496,10.);
#2683=VECTOR('',#9499,10.);
#2684=VECTOR('',#9502,10.);
#2685=VECTOR('',#9503,10.);
#2686=VECTOR('',#9504,10.);
#2687=VECTOR('',#9505,10.);
#2688=VECTOR('',#9506,10.);
#2689=VECTOR('',#9507,10.);
#2690=VECTOR('',#9508,10.);
#2691=VECTOR('',#9515,10.);
#2692=VECTOR('',#9520,10.);
#2693=VECTOR('',#9521,10.);
#2694=VECTOR('',#9522,10.);
#2695=VECTOR('',#9523,10.);
#2696=VECTOR('',#9526,10.);
#2697=VECTOR('',#9527,10.);
#2698=VECTOR('',#9528,10.);
#2699=VECTOR('',#9531,10.);
#2700=VECTOR('',#9532,10.);
#2701=VECTOR('',#9533,10.);
#2702=VECTOR('',#9534,10.);
#2703=VECTOR('',#9537,10.);
#2704=VECTOR('',#9538,10.);
#2705=VECTOR('',#9539,10.);
#2706=VECTOR('',#9540,10.);
#2707=VECTOR('',#9543,10.);
#2708=VECTOR('',#9544,10.);
#2709=VECTOR('',#9545,10.);
#2710=VECTOR('',#9546,10.);
#2711=VECTOR('',#9547,10.);
#2712=VECTOR('',#9548,10.);
#2713=VECTOR('',#9551,10.);
#2714=VECTOR('',#9552,10.);
#2715=VECTOR('',#9553,10.);
#2716=VECTOR('',#9554,10.);
#2717=VECTOR('',#9559,10.);
#2718=VECTOR('',#9560,10.);
#2719=VECTOR('',#9561,10.);
#2720=VECTOR('',#9562,10.);
#2721=VECTOR('',#9565,10.);
#2722=VECTOR('',#9568,10.);
#2723=VECTOR('',#9573,10.);
#2724=VECTOR('',#9592,10.);
#2725=VECTOR('',#9593,10.);
#2726=VECTOR('',#9594,10.);
#2727=VECTOR('',#9595,10.);
#2728=VECTOR('',#9598,10.);
#2729=VECTOR('',#9599,10.);
#2730=VECTOR('',#9600,10.);
#2731=VECTOR('',#9601,10.);
#2732=VECTOR('',#9604,10.);
#2733=VECTOR('',#9605,10.);
#2734=VECTOR('',#9606,10.);
#2735=VECTOR('',#9607,10.);
#2736=VECTOR('',#9608,10.);
#2737=VECTOR('',#9609,10.);
#2738=VECTOR('',#9610,10.);
#2739=VECTOR('',#9611,10.);
#2740=VECTOR('',#9612,10.);
#2741=VECTOR('',#9613,10.);
#2742=VECTOR('',#9614,10.);
#2743=VECTOR('',#9615,10.);
#2744=VECTOR('',#9616,10.);
#2745=VECTOR('',#9617,10.);
#2746=VECTOR('',#9620,10.);
#2747=VECTOR('',#9621,10.);
#2748=VECTOR('',#9622,10.);
#2749=VECTOR('',#9623,10.);
#2750=VECTOR('',#9624,10.);
#2751=VECTOR('',#9627,10.);
#2752=VECTOR('',#9628,10.);
#2753=VECTOR('',#9629,10.);
#2754=VECTOR('',#9630,10.);
#2755=VECTOR('',#9631,10.);
#2756=VECTOR('',#9632,10.);
#2757=VECTOR('',#9633,10.);
#2758=VECTOR('',#9636,10.);
#2759=VECTOR('',#9637,10.);
#2760=VECTOR('',#9638,10.);
#2761=VECTOR('',#9639,10.);
#2762=VECTOR('',#9640,10.);
#2763=VECTOR('',#9641,10.);
#2764=VECTOR('',#9642,10.);
#2765=VECTOR('',#9643,10.);
#2766=VECTOR('',#9646,10.);
#2767=VECTOR('',#9647,10.);
#2768=VECTOR('',#9650,10.);
#2769=VECTOR('',#9651,10.);
#2770=VECTOR('',#9652,10.);
#2771=VECTOR('',#9655,10.);
#2772=VECTOR('',#9656,10.);
#2773=VECTOR('',#9659,10.);
#2774=VECTOR('',#9662,10.);
#2775=VECTOR('',#9669,10.);
#2776=VECTOR('',#9680,10.);
#2777=VECTOR('',#9715,10.);
#2778=VECTOR('',#9724,10.);
#2779=VECTOR('',#9741,10.);
#2780=VECTOR('',#9756,10.);
#2781=VECTOR('',#9773,10.);
#2782=VECTOR('',#9782,10.);
#2783=VECTOR('',#9789,10.);
#2784=VECTOR('',#9808,10.);
#2785=VECTOR('',#9817,10.);
#2786=VECTOR('',#9846,10.);
#2787=VECTOR('',#9877,10.);
#2788=VECTOR('',#9882,10.);
#2789=VECTOR('',#9887,10.);
#2790=VECTOR('',#9888,10.);
#2791=VECTOR('',#9889,10.);
#2792=VECTOR('',#9892,10.);
#2793=VECTOR('',#9893,10.);
#2794=VECTOR('',#9894,10.);
#2795=VECTOR('',#9899,10.);
#2796=VECTOR('',#9902,10.);
#2797=VECTOR('',#9903,10.);
#2798=VECTOR('',#9908,10.);
#2799=VECTOR('',#9917,10.);
#2800=VECTOR('',#9920,10.);
#2801=VECTOR('',#9923,10.);
#2802=VECTOR('',#9924,10.);
#2803=VECTOR('',#9929,10.);
#2804=VECTOR('',#9932,10.);
#2805=VECTOR('',#9937,10.);
#2806=VECTOR('',#9944,0.499999999999999);
#2807=VECTOR('',#9947,10.);
#2808=VECTOR('',#9950,10.);
#2809=VECTOR('',#9953,10.);
#2810=VECTOR('',#9964,0.499999999999999);
#2811=VECTOR('',#9971,10.);
#2812=VECTOR('',#9982,10.);
#2813=VECTOR('',#9983,10.);
#2814=VECTOR('',#9988,1.);
#2815=VECTOR('',#10007,1.);
#2816=VECTOR('',#10010,10.);
#2817=VECTOR('',#10021,10.);
#2818=VECTOR('',#10022,10.);
#2819=VECTOR('',#10023,10.);
#2820=VECTOR('',#10024,10.);
#2821=VECTOR('',#10027,10.);
#2822=VECTOR('',#10028,10.);
#2823=VECTOR('',#10029,10.);
#2824=VECTOR('',#10042,10.);
#2825=VECTOR('',#10051,10.);
#2826=VECTOR('',#10056,10.);
#2827=VECTOR('',#10067,10.);
#2828=VECTOR('',#10068,10.);
#2829=VECTOR('',#10083,10.);
#2830=VECTOR('',#10086,10.);
#2831=VECTOR('',#10087,10.);
#2832=VECTOR('',#10092,10.);
#2833=VECTOR('',#10101,10.);
#2834=VECTOR('',#10102,10.);
#2835=VECTOR('',#10107,10.);
#2836=VECTOR('',#10112,10.);
#2837=VECTOR('',#10113,10.);
#2838=VECTOR('',#10114,10.);
#2839=VECTOR('',#10127,10.);
#2840=VECTOR('',#10136,10.);
#2841=VECTOR('',#10141,10.);
#2842=VECTOR('',#10142,10.);
#2843=VECTOR('',#10151,10.);
#2844=VECTOR('',#10162,10.);
#2845=VECTOR('',#10165,10.);
#2846=VECTOR('',#10166,10.);
#2847=VECTOR('',#10183,10.);
#2848=VECTOR('',#10188,10.);
#2849=VECTOR('',#10191,10.);
#2850=VECTOR('',#10194,10.);
#2851=VECTOR('',#10203,10.);
#2852=VECTOR('',#10204,10.);
#2853=VECTOR('',#10209,10.);
#2854=VECTOR('',#10212,10.);
#2855=VECTOR('',#10213,10.);
#2856=VECTOR('',#10214,10.);
#2857=VECTOR('',#10217,10.);
#2858=VECTOR('',#10220,10.);
#2859=VECTOR('',#10225,10.);
#2860=VECTOR('',#10226,10.);
#2861=VECTOR('',#10229,10.);
#2862=VECTOR('',#10230,10.);
#2863=VECTOR('',#10233,10.);
#2864=VECTOR('',#10234,10.);
#2865=VECTOR('',#10237,10.);
#2866=VECTOR('',#10242,10.);
#2867=VECTOR('',#10243,10.);
#2868=VECTOR('',#10246,10.);
#2869=VECTOR('',#10247,10.);
#2870=VECTOR('',#10248,10.);
#2871=VECTOR('',#10251,10.);
#2872=VECTOR('',#10254,10.);
#2873=VECTOR('',#10259,10.);
#2874=VERTEX_POINT('',#10264);
#2875=VERTEX_POINT('',#10265);
#2876=VERTEX_POINT('',#10267);
#2877=VERTEX_POINT('',#10269);
#2878=VERTEX_POINT('',#10273);
#2879=VERTEX_POINT('',#10274);
#2880=VERTEX_POINT('',#10276);
#2881=VERTEX_POINT('',#10278);
#2882=VERTEX_POINT('',#10283);
#2883=VERTEX_POINT('',#10284);
#2884=VERTEX_POINT('',#10289);
#2885=VERTEX_POINT('',#10290);
#2886=VERTEX_POINT('',#10292);
#2887=VERTEX_POINT('',#10294);
#2888=VERTEX_POINT('',#10298);
#2889=VERTEX_POINT('',#10299);
#2890=VERTEX_POINT('',#10301);
#2891=VERTEX_POINT('',#10303);
#2892=VERTEX_POINT('',#10307);
#2893=VERTEX_POINT('',#10308);
#2894=VERTEX_POINT('',#10310);
#2895=VERTEX_POINT('',#10315);
#2896=VERTEX_POINT('',#10316);
#2897=VERTEX_POINT('',#10318);
#2898=VERTEX_POINT('',#10320);
#2899=VERTEX_POINT('',#10323);
#2900=VERTEX_POINT('',#10325);
#2901=VERTEX_POINT('',#10327);
#2902=VERTEX_POINT('',#10329);
#2903=VERTEX_POINT('',#10331);
#2904=VERTEX_POINT('',#10333);
#2905=VERTEX_POINT('',#10336);
#2906=VERTEX_POINT('',#10340);
#2907=VERTEX_POINT('',#10341);
#2908=VERTEX_POINT('',#10343);
#2909=VERTEX_POINT('',#10345);
#2910=VERTEX_POINT('',#10349);
#2911=VERTEX_POINT('',#10351);
#2912=VERTEX_POINT('',#10353);
#2913=VERTEX_POINT('',#10355);
#2914=VERTEX_POINT('',#10357);
#2915=VERTEX_POINT('',#10361);
#2916=VERTEX_POINT('',#10363);
#2917=VERTEX_POINT('',#10365);
#2918=VERTEX_POINT('',#10369);
#2919=VERTEX_POINT('',#10373);
#2920=VERTEX_POINT('',#10375);
#2921=VERTEX_POINT('',#10377);
#2922=VERTEX_POINT('',#10379);
#2923=VERTEX_POINT('',#10381);
#2924=VERTEX_POINT('',#10383);
#2925=VERTEX_POINT('',#10385);
#2926=VERTEX_POINT('',#10387);
#2927=VERTEX_POINT('',#10389);
#2928=VERTEX_POINT('',#10391);
#2929=VERTEX_POINT('',#10393);
#2930=VERTEX_POINT('',#10395);
#2931=VERTEX_POINT('',#10397);
#2932=VERTEX_POINT('',#10399);
#2933=VERTEX_POINT('',#10401);
#2934=VERTEX_POINT('',#10403);
#2935=VERTEX_POINT('',#10405);
#2936=VERTEX_POINT('',#10407);
#2937=VERTEX_POINT('',#10409);
#2938=VERTEX_POINT('',#10411);
#2939=VERTEX_POINT('',#10413);
#2940=VERTEX_POINT('',#10415);
#2941=VERTEX_POINT('',#10417);
#2942=VERTEX_POINT('',#10419);
#2943=VERTEX_POINT('',#10421);
#2944=VERTEX_POINT('',#10423);
#2945=VERTEX_POINT('',#10427);
#2946=VERTEX_POINT('',#10431);
#2947=VERTEX_POINT('',#10435);
#2948=VERTEX_POINT('',#10436);
#2949=VERTEX_POINT('',#10438);
#2950=VERTEX_POINT('',#10440);
#2951=VERTEX_POINT('',#10442);
#2952=VERTEX_POINT('',#10444);
#2953=VERTEX_POINT('',#10448);
#2954=VERTEX_POINT('',#10449);
#2955=VERTEX_POINT('',#10451);
#2956=VERTEX_POINT('',#10453);
#2957=VERTEX_POINT('',#10460);
#2958=VERTEX_POINT('',#10462);
#2959=VERTEX_POINT('',#10464);
#2960=VERTEX_POINT('',#10466);
#2961=VERTEX_POINT('',#10468);
#2962=VERTEX_POINT('',#10470);
#2963=VERTEX_POINT('',#10473);
#2964=VERTEX_POINT('',#10475);
#2965=VERTEX_POINT('',#10477);
#2966=VERTEX_POINT('',#10479);
#2967=VERTEX_POINT('',#10483);
#2968=VERTEX_POINT('',#10490);
#2969=VERTEX_POINT('',#10492);
#2970=VERTEX_POINT('',#10499);
#2971=VERTEX_POINT('',#10501);
#2972=VERTEX_POINT('',#10505);
#2973=VERTEX_POINT('',#10507);
#2974=VERTEX_POINT('',#10509);
#2975=VERTEX_POINT('',#10511);
#2976=VERTEX_POINT('',#10513);
#2977=VERTEX_POINT('',#10515);
#2978=VERTEX_POINT('',#10517);
#2979=VERTEX_POINT('',#10519);
#2980=VERTEX_POINT('',#10521);
#2981=VERTEX_POINT('',#10525);
#2982=VERTEX_POINT('',#10529);
#2983=VERTEX_POINT('',#10530);
#2984=VERTEX_POINT('',#10534);
#2985=VERTEX_POINT('',#10536);
#2986=VERTEX_POINT('',#10538);
#2987=VERTEX_POINT('',#10540);
#2988=VERTEX_POINT('',#10542);
#2989=VERTEX_POINT('',#10544);
#2990=VERTEX_POINT('',#10546);
#2991=VERTEX_POINT('',#10548);
#2992=VERTEX_POINT('',#10550);
#2993=VERTEX_POINT('',#10552);
#2994=VERTEX_POINT('',#10554);
#2995=VERTEX_POINT('',#10558);
#2996=VERTEX_POINT('',#10560);
#2997=VERTEX_POINT('',#10569);
#2998=VERTEX_POINT('',#10571);
#2999=VERTEX_POINT('',#10586);
#3000=VERTEX_POINT('',#10605);
#3001=VERTEX_POINT('',#10607);
#3002=VERTEX_POINT('',#10612);
#3003=VERTEX_POINT('',#10614);
#3004=VERTEX_POINT('',#10618);
#3005=VERTEX_POINT('',#10620);
#3006=VERTEX_POINT('',#10622);
#3007=VERTEX_POINT('',#10624);
#3008=VERTEX_POINT('',#10626);
#3009=VERTEX_POINT('',#10628);
#3010=VERTEX_POINT('',#10630);
#3011=VERTEX_POINT('',#10632);
#3012=VERTEX_POINT('',#10634);
#3013=VERTEX_POINT('',#10638);
#3014=VERTEX_POINT('',#10645);
#3015=VERTEX_POINT('',#10647);
#3016=VERTEX_POINT('',#10649);
#3017=VERTEX_POINT('',#10651);
#3018=VERTEX_POINT('',#10653);
#3019=VERTEX_POINT('',#10655);
#3020=VERTEX_POINT('',#10662);
#3021=VERTEX_POINT('',#10665);
#3022=VERTEX_POINT('',#10667);
#3023=VERTEX_POINT('',#10669);
#3024=VERTEX_POINT('',#10671);
#3025=VERTEX_POINT('',#10673);
#3026=VERTEX_POINT('',#10674);
#3027=VERTEX_POINT('',#10676);
#3028=VERTEX_POINT('',#10678);
#3029=VERTEX_POINT('',#10681);
#3030=VERTEX_POINT('',#10682);
#3031=VERTEX_POINT('',#10684);
#3032=VERTEX_POINT('',#10686);
#3033=VERTEX_POINT('',#10689);
#3034=VERTEX_POINT('',#10690);
#3035=VERTEX_POINT('',#10692);
#3036=VERTEX_POINT('',#10694);
#3037=VERTEX_POINT('',#10699);
#3038=VERTEX_POINT('',#10703);
#3039=VERTEX_POINT('',#10705);
#3040=VERTEX_POINT('',#10707);
#3041=VERTEX_POINT('',#10709);
#3042=VERTEX_POINT('',#10711);
#3043=VERTEX_POINT('',#10713);
#3044=VERTEX_POINT('',#10715);
#3045=VERTEX_POINT('',#10718);
#3046=VERTEX_POINT('',#10719);
#3047=VERTEX_POINT('',#10721);
#3048=VERTEX_POINT('',#10723);
#3049=VERTEX_POINT('',#10729);
#3050=VERTEX_POINT('',#10730);
#3051=VERTEX_POINT('',#10732);
#3052=VERTEX_POINT('',#10734);
#3053=VERTEX_POINT('',#10737);
#3054=VERTEX_POINT('',#10739);
#3055=VERTEX_POINT('',#10742);
#3056=VERTEX_POINT('',#10743);
#3057=VERTEX_POINT('',#10745);
#3058=VERTEX_POINT('',#10747);
#3059=VERTEX_POINT('',#10750);
#3060=VERTEX_POINT('',#10752);
#3061=VERTEX_POINT('',#10755);
#3062=VERTEX_POINT('',#10759);
#3063=VERTEX_POINT('',#10763);
#3064=VERTEX_POINT('',#10765);
#3065=VERTEX_POINT('',#10769);
#3066=VERTEX_POINT('',#10771);
#3067=VERTEX_POINT('',#10773);
#3068=VERTEX_POINT('',#10777);
#3069=VERTEX_POINT('',#10779);
#3070=VERTEX_POINT('',#10781);
#3071=VERTEX_POINT('',#10787);
#3072=VERTEX_POINT('',#10788);
#3073=VERTEX_POINT('',#10790);
#3074=VERTEX_POINT('',#10792);
#3075=VERTEX_POINT('',#10796);
#3076=VERTEX_POINT('',#10797);
#3077=VERTEX_POINT('',#10799);
#3078=VERTEX_POINT('',#10801);
#3079=VERTEX_POINT('',#10805);
#3080=VERTEX_POINT('',#10807);
#3081=VERTEX_POINT('',#10811);
#3082=VERTEX_POINT('',#10813);
#3083=VERTEX_POINT('',#10817);
#3084=VERTEX_POINT('',#10819);
#3085=VERTEX_POINT('',#10823);
#3086=VERTEX_POINT('',#10824);
#3087=VERTEX_POINT('',#10826);
#3088=VERTEX_POINT('',#10828);
#3089=VERTEX_POINT('',#10832);
#3090=VERTEX_POINT('',#10833);
#3091=VERTEX_POINT('',#10835);
#3092=VERTEX_POINT('',#10837);
#3093=VERTEX_POINT('',#10841);
#3094=VERTEX_POINT('',#10842);
#3095=VERTEX_POINT('',#10844);
#3096=VERTEX_POINT('',#10849);
#3097=VERTEX_POINT('',#10851);
#3098=VERTEX_POINT('',#10855);
#3099=VERTEX_POINT('',#10856);
#3100=VERTEX_POINT('',#10858);
#3101=VERTEX_POINT('',#10860);
#3102=VERTEX_POINT('',#10862);
#3103=VERTEX_POINT('',#10884);
#3104=VERTEX_POINT('',#10886);
#3105=VERTEX_POINT('',#10938);
#3106=VERTEX_POINT('',#10942);
#3107=VERTEX_POINT('',#10943);
#3108=VERTEX_POINT('',#10966);
#3109=VERTEX_POINT('',#10967);
#3110=VERTEX_POINT('',#10969);
#3111=VERTEX_POINT('',#10971);
#3112=VERTEX_POINT('',#10973);
#3113=VERTEX_POINT('',#10976);
#3114=VERTEX_POINT('',#10978);
#3115=VERTEX_POINT('',#11030);
#3116=VERTEX_POINT('',#11053);
#3117=VERTEX_POINT('',#11054);
#3118=VERTEX_POINT('',#11077);
#3119=VERTEX_POINT('',#11079);
#3120=VERTEX_POINT('',#11084);
#3121=VERTEX_POINT('',#11088);
#3122=VERTEX_POINT('',#11090);
#3123=VERTEX_POINT('',#11095);
#3124=VERTEX_POINT('',#11099);
#3125=VERTEX_POINT('',#11101);
#3126=VERTEX_POINT('',#11107);
#3127=VERTEX_POINT('',#11108);
#3128=VERTEX_POINT('',#11110);
#3129=VERTEX_POINT('',#11115);
#3130=VERTEX_POINT('',#11117);
#3131=VERTEX_POINT('',#11121);
#3132=VERTEX_POINT('',#11123);
#3133=VERTEX_POINT('',#11125);
#3134=VERTEX_POINT('',#11127);
#3135=VERTEX_POINT('',#11129);
#3136=VERTEX_POINT('',#11131);
#3137=VERTEX_POINT('',#11140);
#3138=VERTEX_POINT('',#11142);
#3139=VERTEX_POINT('',#11144);
#3140=VERTEX_POINT('',#11146);
#3141=VERTEX_POINT('',#11148);
#3142=VERTEX_POINT('',#11150);
#3143=VERTEX_POINT('',#11154);
#3144=VERTEX_POINT('',#11156);
#3145=VERTEX_POINT('',#11158);
#3146=VERTEX_POINT('',#11160);
#3147=VERTEX_POINT('',#11162);
#3148=VERTEX_POINT('',#11164);
#3149=VERTEX_POINT('',#11168);
#3150=VERTEX_POINT('',#11170);
#3151=VERTEX_POINT('',#11173);
#3152=VERTEX_POINT('',#11175);
#3153=VERTEX_POINT('',#11177);
#3154=VERTEX_POINT('',#11179);
#3155=VERTEX_POINT('',#11186);
#3156=VERTEX_POINT('',#11188);
#3157=VERTEX_POINT('',#11192);
#3158=VERTEX_POINT('',#11194);
#3159=VERTEX_POINT('',#11196);
#3160=VERTEX_POINT('',#11206);
#3161=VERTEX_POINT('',#11208);
#3162=VERTEX_POINT('',#11210);
#3163=VERTEX_POINT('',#11214);
#3164=VERTEX_POINT('',#11216);
#3165=VERTEX_POINT('',#11223);
#3166=VERTEX_POINT('',#11225);
#3167=VERTEX_POINT('',#11233);
#3168=VERTEX_POINT('',#11234);
#3169=VERTEX_POINT('',#11236);
#3170=VERTEX_POINT('',#11238);
#3171=VERTEX_POINT('',#11242);
#3172=VERTEX_POINT('',#11243);
#3173=VERTEX_POINT('',#11255);
#3174=VERTEX_POINT('',#11256);
#3175=VERTEX_POINT('',#11258);
#3176=VERTEX_POINT('',#11260);
#3177=VERTEX_POINT('',#11264);
#3178=VERTEX_POINT('',#11265);
#3179=VERTEX_POINT('',#11270);
#3180=VERTEX_POINT('',#11274);
#3181=VERTEX_POINT('',#11280);
#3182=VERTEX_POINT('',#11282);
#3183=VERTEX_POINT('',#11286);
#3184=VERTEX_POINT('',#11288);
#3185=VERTEX_POINT('',#11292);
#3186=VERTEX_POINT('',#11294);
#3187=VERTEX_POINT('',#11298);
#3188=VERTEX_POINT('',#11300);
#3189=VERTEX_POINT('',#11304);
#3190=VERTEX_POINT('',#11308);
#3191=VERTEX_POINT('',#11312);
#3192=VERTEX_POINT('',#11313);
#3193=VERTEX_POINT('',#11315);
#3194=VERTEX_POINT('',#11317);
#3195=VERTEX_POINT('',#11320);
#3196=VERTEX_POINT('',#11323);
#3197=VERTEX_POINT('',#11326);
#3198=VERTEX_POINT('',#11328);
#3199=VERTEX_POINT('',#11334);
#3200=VERTEX_POINT('',#11337);
#3201=VERTEX_POINT('',#11339);
#3202=VERTEX_POINT('',#11345);
#3203=VERTEX_POINT('',#11346);
#3204=VERTEX_POINT('',#11350);
#3205=VERTEX_POINT('',#11353);
#3206=VERTEX_POINT('',#11355);
#3207=VERTEX_POINT('',#11359);
#3208=VERTEX_POINT('',#11360);
#3209=VERTEX_POINT('',#11365);
#3210=VERTEX_POINT('',#11369);
#3211=VERTEX_POINT('',#11370);
#3212=VERTEX_POINT('',#11372);
#3213=VERTEX_POINT('',#11374);
#3214=VERTEX_POINT('',#11378);
#3215=VERTEX_POINT('',#11379);
#3216=VERTEX_POINT('',#11382);
#3217=VERTEX_POINT('',#11386);
#3218=VERTEX_POINT('',#11388);
#3219=VERTEX_POINT('',#11391);
#3220=VERTEX_POINT('',#11394);
#3221=VERTEX_POINT('',#11396);
#3222=VERTEX_POINT('',#11405);
#3223=VERTEX_POINT('',#11407);
#3224=VERTEX_POINT('',#11409);
#3225=VERTEX_POINT('',#11413);
#3226=VERTEX_POINT('',#11417);
#3227=VERTEX_POINT('',#11418);
#3228=VERTEX_POINT('',#11420);
#3229=VERTEX_POINT('',#11422);
#3230=VERTEX_POINT('',#11425);
#3231=VERTEX_POINT('',#11427);
#3232=VERTEX_POINT('',#11430);
#3233=VERTEX_POINT('',#11435);
#3234=VERTEX_POINT('',#11440);
#3235=VERTEX_POINT('',#11442);
#3236=VERTEX_POINT('',#11445);
#3237=VERTEX_POINT('',#11447);
#3238=VERTEX_POINT('',#11451);
#3239=VERTEX_POINT('',#11453);
#3240=VERTEX_POINT('',#11461);
#3241=VERTEX_POINT('',#11463);
#3242=VERTEX_POINT('',#11467);
#3243=VERTEX_POINT('',#11470);
#3244=VERTEX_POINT('',#11471);
#3245=VERTEX_POINT('',#11473);
#3246=VERTEX_POINT('',#11475);
#3247=VERTEX_POINT('',#11477);
#3248=VERTEX_POINT('',#11479);
#3249=VERTEX_POINT('',#11483);
#3250=VERTEX_POINT('',#11485);
#3251=VERTEX_POINT('',#11488);
#3252=VERTEX_POINT('',#11540);
#3253=VERTEX_POINT('',#11563);
#3254=VERTEX_POINT('',#11564);
#3255=VERTEX_POINT('',#11581);
#3256=VERTEX_POINT('',#11582);
#3257=VERTEX_POINT('',#11584);
#3258=VERTEX_POINT('',#11586);
#3259=VERTEX_POINT('',#11588);
#3260=VERTEX_POINT('',#11592);
#3261=VERTEX_POINT('',#11594);
#3262=VERTEX_POINT('',#11597);
#3263=VERTEX_POINT('',#11607);
#3264=VERTEX_POINT('',#11626);
#3265=VERTEX_POINT('',#11643);
#3266=VERTEX_POINT('',#11644);
#3267=VERTEX_POINT('',#11646);
#3268=VERTEX_POINT('',#11648);
#3269=VERTEX_POINT('',#11650);
#3270=VERTEX_POINT('',#11652);
#3271=VERTEX_POINT('',#11656);
#3272=VERTEX_POINT('',#11658);
#3273=VERTEX_POINT('',#11661);
#3274=VERTEX_POINT('',#11683);
#3275=VERTEX_POINT('',#11736);
#3276=VERTEX_POINT('',#11737);
#3277=VERTEX_POINT('',#11784);
#3278=VERTEX_POINT('',#11785);
#3279=VERTEX_POINT('',#11787);
#3280=VERTEX_POINT('',#11789);
#3281=VERTEX_POINT('',#11793);
#3282=VERTEX_POINT('',#11795);
#3283=VERTEX_POINT('',#11800);
#3284=VERTEX_POINT('',#11804);
#3285=VERTEX_POINT('',#11805);
#3286=VERTEX_POINT('',#11807);
#3287=VERTEX_POINT('',#11809);
#3288=VERTEX_POINT('',#11811);
#3289=VERTEX_POINT('',#11813);
#3290=VERTEX_POINT('',#11817);
#3291=VERTEX_POINT('',#11818);
#3292=VERTEX_POINT('',#11820);
#3293=VERTEX_POINT('',#11822);
#3294=VERTEX_POINT('',#11826);
#3295=VERTEX_POINT('',#11829);
#3296=VERTEX_POINT('',#11831);
#3297=VERTEX_POINT('',#11833);
#3298=VERTEX_POINT('',#11838);
#3299=VERTEX_POINT('',#11841);
#3300=VERTEX_POINT('',#11845);
#3301=VERTEX_POINT('',#11850);
#3302=VERTEX_POINT('',#11851);
#3303=VERTEX_POINT('',#11853);
#3304=VERTEX_POINT('',#11855);
#3305=VERTEX_POINT('',#11857);
#3306=VERTEX_POINT('',#11859);
#3307=VERTEX_POINT('',#11864);
#3308=VERTEX_POINT('',#11868);
#3309=VERTEX_POINT('',#11870);
#3310=VERTEX_POINT('',#11874);
#3311=VERTEX_POINT('',#11875);
#3312=VERTEX_POINT('',#11877);
#3313=VERTEX_POINT('',#11883);
#3314=VERTEX_POINT('',#11886);
#3315=VERTEX_POINT('',#11888);
#3316=VERTEX_POINT('',#11897);
#3317=VERTEX_POINT('',#11900);
#3318=VERTEX_POINT('',#11903);
#3319=VERTEX_POINT('',#11914);
#3320=VERTEX_POINT('',#11915);
#3321=VERTEX_POINT('',#11917);
#3322=VERTEX_POINT('',#11919);
#3323=VERTEX_POINT('',#11921);
#3324=VERTEX_POINT('',#11927);
#3325=VERTEX_POINT('',#11931);
#3326=VERTEX_POINT('',#11935);
#3327=VERTEX_POINT('',#11939);
#3328=VERTEX_POINT('',#11943);
#3329=VERTEX_POINT('',#11947);
#3330=VERTEX_POINT('',#11948);
#3331=VERTEX_POINT('',#11950);
#3332=VERTEX_POINT('',#11952);
#3333=VERTEX_POINT('',#11956);
#3334=VERTEX_POINT('',#11957);
#3335=VERTEX_POINT('',#11959);
#3336=VERTEX_POINT('',#11962);
#3337=VERTEX_POINT('',#11966);
#3338=VERTEX_POINT('',#11971);
#3339=VERTEX_POINT('',#11978);
#3340=VERTEX_POINT('',#11987);
#3341=VERTEX_POINT('',#11989);
#3342=VERTEX_POINT('',#11998);
#3343=VERTEX_POINT('',#12009);
#3344=VERTEX_POINT('',#12012);
#3345=VERTEX_POINT('',#12013);
#3346=VERTEX_POINT('',#12015);
#3347=VERTEX_POINT('',#12017);
#3348=VERTEX_POINT('',#12021);
#3349=VERTEX_POINT('',#12024);
#3350=VERTEX_POINT('',#12027);
#3351=VERTEX_POINT('',#12029);
#3352=VERTEX_POINT('',#12033);
#3353=VERTEX_POINT('',#12035);
#3354=VERTEX_POINT('',#12039);
#3355=VERTEX_POINT('',#12043);
#3356=VERTEX_POINT('',#12048);
#3357=VERTEX_POINT('',#12049);
#3358=VERTEX_POINT('',#12051);
#3359=VERTEX_POINT('',#12053);
#3360=VERTEX_POINT('',#12063);
#3361=VERTEX_POINT('',#12065);
#3362=VERTEX_POINT('',#12069);
#3363=VERTEX_POINT('',#12074);
#3364=VERTEX_POINT('',#12076);
#3365=VERTEX_POINT('',#12080);
#3366=VERTEX_POINT('',#12085);
#3367=VERTEX_POINT('',#12087);
#3368=VERTEX_POINT('',#12091);
#3369=VERTEX_POINT('',#12096);
#3370=VERTEX_POINT('',#12098);
#3371=VERTEX_POINT('',#12102);
#3372=VERTEX_POINT('',#12107);
#3373=VERTEX_POINT('',#12110);
#3374=VERTEX_POINT('',#12112);
#3375=VERTEX_POINT('',#12116);
#3376=VERTEX_POINT('',#12119);
#3377=VERTEX_POINT('',#12121);
#3378=VERTEX_POINT('',#12127);
#3379=VERTEX_POINT('',#12128);
#3380=VERTEX_POINT('',#12130);
#3381=VERTEX_POINT('',#12132);
#3382=VERTEX_POINT('',#12136);
#3383=VERTEX_POINT('',#12137);
#3384=VERTEX_POINT('',#12139);
#3385=VERTEX_POINT('',#12141);
#3386=VERTEX_POINT('',#12145);
#3387=VERTEX_POINT('',#12146);
#3388=VERTEX_POINT('',#12148);
#3389=VERTEX_POINT('',#12150);
#3390=VERTEX_POINT('',#12154);
#3391=VERTEX_POINT('',#12155);
#3392=VERTEX_POINT('',#12157);
#3393=VERTEX_POINT('',#12159);
#3394=VERTEX_POINT('',#12183);
#3395=VERTEX_POINT('',#12187);
#3396=VERTEX_POINT('',#12188);
#3397=VERTEX_POINT('',#12196);
#3398=VERTEX_POINT('',#12200);
#3399=VERTEX_POINT('',#12206);
#3400=VERTEX_POINT('',#12208);
#3401=VERTEX_POINT('',#12210);
#3402=VERTEX_POINT('',#12213);
#3403=VERTEX_POINT('',#12217);
#3404=VERTEX_POINT('',#12219);
#3405=VERTEX_POINT('',#12225);
#3406=VERTEX_POINT('',#12226);
#3407=VERTEX_POINT('',#12229);
#3408=VERTEX_POINT('',#12233);
#3409=VERTEX_POINT('',#12234);
#3410=VERTEX_POINT('',#12239);
#3411=VERTEX_POINT('',#12240);
#3412=VERTEX_POINT('',#12242);
#3413=VERTEX_POINT('',#12244);
#3414=VERTEX_POINT('',#12248);
#3415=VERTEX_POINT('',#12249);
#3416=VERTEX_POINT('',#12251);
#3417=VERTEX_POINT('',#12253);
#3418=VERTEX_POINT('',#12257);
#3419=VERTEX_POINT('',#12261);
#3420=VERTEX_POINT('',#12263);
#3421=VERTEX_POINT('',#12267);
#3422=VERTEX_POINT('',#12270);
#3423=VERTEX_POINT('',#12275);
#3424=VERTEX_POINT('',#12281);
#3425=VERTEX_POINT('',#12282);
#3426=VERTEX_POINT('',#12284);
#3427=VERTEX_POINT('',#12299);
#3428=VERTEX_POINT('',#12300);
#3429=VERTEX_POINT('',#12302);
#3430=VERTEX_POINT('',#12304);
#3431=VERTEX_POINT('',#12308);
#3432=VERTEX_POINT('',#12309);
#3433=VERTEX_POINT('',#12316);
#3434=VERTEX_POINT('',#12318);
#3435=VERTEX_POINT('',#12320);
#3436=VERTEX_POINT('',#12322);
#3437=VERTEX_POINT('',#12324);
#3438=VERTEX_POINT('',#12326);
#3439=VERTEX_POINT('',#12328);
#3440=VERTEX_POINT('',#12330);
#3441=VERTEX_POINT('',#12333);
#3442=VERTEX_POINT('',#12336);
#3443=VERTEX_POINT('',#12340);
#3444=VERTEX_POINT('',#12342);
#3445=VERTEX_POINT('',#12345);
#3446=VERTEX_POINT('',#12349);
#3447=VERTEX_POINT('',#12350);
#3448=VERTEX_POINT('',#12352);
#3449=VERTEX_POINT('',#12355);
#3450=VERTEX_POINT('',#12357);
#3451=VERTEX_POINT('',#12359);
#3452=VERTEX_POINT('',#12363);
#3453=VERTEX_POINT('',#12365);
#3454=VERTEX_POINT('',#12367);
#3455=VERTEX_POINT('',#12369);
#3456=VERTEX_POINT('',#12371);
#3457=VERTEX_POINT('',#12374);
#3458=VERTEX_POINT('',#12381);
#3459=VERTEX_POINT('',#12382);
#3460=VERTEX_POINT('',#12387);
#3461=VERTEX_POINT('',#12396);
#3462=VERTEX_POINT('',#12398);
#3463=VERTEX_POINT('',#12405);
#3464=VERTEX_POINT('',#12422);
#3465=VERTEX_POINT('',#12424);
#3466=VERTEX_POINT('',#12430);
#3467=VERTEX_POINT('',#12447);
#3468=VERTEX_POINT('',#12449);
#3469=VERTEX_POINT('',#12459);
#3470=VERTEX_POINT('',#12465);
#3471=VERTEX_POINT('',#12467);
#3472=VERTEX_POINT('',#12472);
#3473=VERTEX_POINT('',#12501);
#3474=VERTEX_POINT('',#12556);
#3475=VERTEX_POINT('',#12557);
#3476=VERTEX_POINT('',#12638);
#3477=VERTEX_POINT('',#12642);
#3478=VERTEX_POINT('',#12646);
#3479=VERTEX_POINT('',#12648);
#3480=VERTEX_POINT('',#12650);
#3481=VERTEX_POINT('',#12669);
#3482=VERTEX_POINT('',#12670);
#3483=VERTEX_POINT('',#12675);
#3484=VERTEX_POINT('',#12679);
#3485=VERTEX_POINT('',#12683);
#3486=VERTEX_POINT('',#12684);
#3487=VERTEX_POINT('',#12701);
#3488=VERTEX_POINT('',#12725);
#3489=VERTEX_POINT('',#12727);
#3490=VERTEX_POINT('',#12740);
#3491=VERTEX_POINT('',#12741);
#3492=VERTEX_POINT('',#12744);
#3493=VERTEX_POINT('',#12748);
#3494=VERTEX_POINT('',#12752);
#3495=VERTEX_POINT('',#12758);
#3496=VERTEX_POINT('',#12759);
#3497=VERTEX_POINT('',#12776);
#3498=VERTEX_POINT('',#12780);
#3499=VERTEX_POINT('',#12781);
#3500=VERTEX_POINT('',#12786);
#3501=VERTEX_POINT('',#12801);
#3502=VERTEX_POINT('',#12802);
#3503=VERTEX_POINT('',#12827);
#3504=VERTEX_POINT('',#12829);
#3505=VERTEX_POINT('',#12842);
#3506=VERTEX_POINT('',#12849);
#3507=VERTEX_POINT('',#12856);
#3508=VERTEX_POINT('',#12860);
#3509=VERTEX_POINT('',#12861);
#3510=VERTEX_POINT('',#12864);
#3511=VERTEX_POINT('',#12959);
#3512=VERTEX_POINT('',#12960);
#3513=VERTEX_POINT('',#12982);
#3514=VERTEX_POINT('',#12983);
#3515=VERTEX_POINT('',#12988);
#3516=VERTEX_POINT('',#13003);
#3517=VERTEX_POINT('',#13005);
#3518=VERTEX_POINT('',#13021);
#3519=VERTEX_POINT('',#13023);
#3520=VERTEX_POINT('',#13025);
#3521=VERTEX_POINT('',#13027);
#3522=VERTEX_POINT('',#13036);
#3523=VERTEX_POINT('',#13038);
#3524=VERTEX_POINT('',#13040);
#3525=VERTEX_POINT('',#13044);
#3526=VERTEX_POINT('',#13048);
#3527=VERTEX_POINT('',#13058);
#3528=VERTEX_POINT('',#13071);
#3529=VERTEX_POINT('',#13083);
#3530=VERTEX_POINT('',#13087);
#3531=VERTEX_POINT('',#13100);
#3532=VERTEX_POINT('',#13104);
#3533=VERTEX_POINT('',#13108);
#3534=VERTEX_POINT('',#13111);
#3535=VERTEX_POINT('',#13119);
#3536=VERTEX_POINT('',#13121);
#3537=VERTEX_POINT('',#13125);
#3538=VERTEX_POINT('',#13131);
#3539=VERTEX_POINT('',#13137);
#3540=VERTEX_POINT('',#13144);
#3541=VERTEX_POINT('',#13148);
#3542=VERTEX_POINT('',#13171);
#3543=VERTEX_POINT('',#13175);
#3544=VERTEX_POINT('',#13179);
#3545=VERTEX_POINT('',#13181);
#3546=VERTEX_POINT('',#13190);
#3547=VERTEX_POINT('',#13194);
#3548=VERTEX_POINT('',#13204);
#3549=VERTEX_POINT('',#13208);
#3550=VERTEX_POINT('',#13210);
#3551=EDGE_CURVE('',#2874,#2875,#1560,.T.);
#3552=EDGE_CURVE('',#2876,#2874,#1561,.T.);
#3553=EDGE_CURVE('',#2877,#2876,#1562,.T.);
#3554=EDGE_CURVE('',#2877,#2875,#1563,.T.);
#3555=EDGE_CURVE('',#2878,#2879,#1564,.T.);
#3556=EDGE_CURVE('',#2880,#2879,#1565,.T.);
#3557=EDGE_CURVE('',#2880,#2881,#1566,.T.);
#3558=EDGE_CURVE('',#2875,#2881,#1567,.T.);
#3559=EDGE_CURVE('',#2877,#2878,#1568,.T.);
#3560=EDGE_CURVE('',#2882,#2883,#1569,.T.);
#3561=EDGE_CURVE('',#2879,#2883,#1570,.T.);
#3562=EDGE_CURVE('',#2878,#2882,#1571,.T.);
#3563=EDGE_CURVE('',#2884,#2885,#1572,.T.);
#3564=EDGE_CURVE('',#2884,#2886,#1573,.T.);
#3565=EDGE_CURVE('',#2887,#2886,#1574,.T.);
#3566=EDGE_CURVE('',#2885,#2887,#1575,.T.);
#3567=EDGE_CURVE('',#2888,#2889,#1576,.T.);
#3568=EDGE_CURVE('',#2888,#2890,#1577,.T.);
#3569=EDGE_CURVE('',#2891,#2890,#1578,.T.);
#3570=EDGE_CURVE('',#2889,#2891,#1579,.T.);
#3571=EDGE_CURVE('',#2892,#2893,#1580,.T.);
#3572=EDGE_CURVE('',#2894,#2892,#411,.F.);
#3573=EDGE_CURVE('',#2889,#2894,#1581,.T.);
#3574=EDGE_CURVE('',#2891,#2893,#1582,.T.);
#3575=EDGE_CURVE('',#2895,#2896,#1583,.T.);
#3576=EDGE_CURVE('',#2897,#2896,#1584,.T.);
#3577=EDGE_CURVE('',#2897,#2898,#1585,.T.);
#3578=EDGE_CURVE('',#2898,#2895,#1586,.T.);
#3579=EDGE_CURVE('',#2899,#2899,#412,.T.);
#3580=EDGE_CURVE('',#2900,#2900,#413,.T.);
#3581=EDGE_CURVE('',#2901,#2901,#414,.T.);
#3582=EDGE_CURVE('',#2902,#2902,#415,.T.);
#3583=EDGE_CURVE('',#2887,#2903,#1587,.T.);
#3584=EDGE_CURVE('',#2904,#2886,#1588,.T.);
#3585=EDGE_CURVE('',#2903,#2904,#1589,.T.);
#3586=EDGE_CURVE('',#2905,#2890,#1590,.T.);
#3587=EDGE_CURVE('',#2893,#2905,#1591,.T.);
#3588=EDGE_CURVE('',#2906,#2907,#1592,.T.);
#3589=EDGE_CURVE('',#2908,#2907,#1593,.T.);
#3590=EDGE_CURVE('',#2909,#2908,#1594,.T.);
#3591=EDGE_CURVE('',#2906,#2909,#1595,.T.);
#3592=EDGE_CURVE('',#2907,#2910,#1596,.T.);
#3593=EDGE_CURVE('',#2910,#2911,#255,.T.);
#3594=EDGE_CURVE('',#2911,#2912,#1597,.T.);
#3595=EDGE_CURVE('',#2912,#2913,#256,.T.);
#3596=EDGE_CURVE('',#2913,#2914,#257,.T.);
#3597=EDGE_CURVE('',#2914,#2908,#1598,.T.);
#3598=EDGE_CURVE('',#2915,#2906,#1599,.T.);
#3599=EDGE_CURVE('',#2916,#2909,#1600,.T.);
#3600=EDGE_CURVE('',#2916,#2917,#1601,.T.);
#3601=EDGE_CURVE('',#2917,#2915,#258,.T.);
#3602=EDGE_CURVE('',#2918,#2916,#1602,.T.);
#3603=EDGE_CURVE('',#2914,#2918,#416,.T.);
#3604=EDGE_CURVE('',#2915,#2919,#1603,.T.);
#3605=EDGE_CURVE('',#2919,#2920,#417,.T.);
#3606=EDGE_CURVE('',#2920,#2921,#1604,.T.);
#3607=EDGE_CURVE('',#2921,#2922,#1605,.T.);
#3608=EDGE_CURVE('',#2922,#2923,#1606,.T.);
#3609=EDGE_CURVE('',#2923,#2924,#1607,.T.);
#3610=EDGE_CURVE('',#2924,#2925,#1608,.T.);
#3611=EDGE_CURVE('',#2925,#2926,#1609,.T.);
#3612=EDGE_CURVE('',#2926,#2927,#1610,.T.);
#3613=EDGE_CURVE('',#2927,#2928,#418,.T.);
#3614=EDGE_CURVE('',#2928,#2929,#1611,.T.);
#3615=EDGE_CURVE('',#2929,#2930,#1612,.T.);
#3616=EDGE_CURVE('',#2930,#2931,#1613,.T.);
#3617=EDGE_CURVE('',#2931,#2932,#1614,.T.);
#3618=EDGE_CURVE('',#2932,#2933,#1615,.T.);
#3619=EDGE_CURVE('',#2933,#2934,#1616,.T.);
#3620=EDGE_CURVE('',#2934,#2935,#1617,.T.);
#3621=EDGE_CURVE('',#2935,#2936,#1618,.T.);
#3622=EDGE_CURVE('',#2936,#2937,#1619,.T.);
#3623=EDGE_CURVE('',#2937,#2938,#1620,.T.);
#3624=EDGE_CURVE('',#2938,#2939,#1621,.T.);
#3625=EDGE_CURVE('',#2939,#2940,#419,.T.);
#3626=EDGE_CURVE('',#2940,#2941,#1622,.T.);
#3627=EDGE_CURVE('',#2941,#2942,#420,.T.);
#3628=EDGE_CURVE('',#2942,#2943,#1623,.T.);
#3629=EDGE_CURVE('',#2943,#2944,#421,.T.);
#3630=EDGE_CURVE('',#2944,#2910,#1624,.T.);
#3631=EDGE_CURVE('',#2945,#2944,#422,.T.);
#3632=EDGE_CURVE('',#2911,#2945,#1625,.T.);
#3633=EDGE_CURVE('',#2945,#2946,#1626,.T.);
#3634=EDGE_CURVE('',#2946,#2912,#1627,.T.);
#3635=EDGE_CURVE('',#2947,#2948,#259,.T.);
#3636=EDGE_CURVE('',#2948,#2949,#1628,.T.);
#3637=EDGE_CURVE('',#2949,#2950,#260,.T.);
#3638=EDGE_CURVE('',#2950,#2951,#1629,.T.);
#3639=EDGE_CURVE('',#2952,#2951,#1630,.T.);
#3640=EDGE_CURVE('',#2952,#2947,#1631,.T.);
#3641=EDGE_CURVE('',#2953,#2954,#1632,.T.);
#3642=EDGE_CURVE('',#2954,#2955,#1633,.T.);
#3643=EDGE_CURVE('',#2955,#2956,#1634,.T.);
#3644=EDGE_CURVE('',#2956,#2953,#1635,.T.);
#3645=EDGE_CURVE('',#2951,#2953,#1636,.T.);
#3646=EDGE_CURVE('',#2956,#2952,#1637,.T.);
#3647=EDGE_CURVE('',#2881,#2957,#1638,.T.);
#3648=EDGE_CURVE('',#2958,#2957,#1639,.T.);
#3649=EDGE_CURVE('',#2958,#2959,#1640,.T.);
#3650=EDGE_CURVE('',#2960,#2959,#1641,.T.);
#3651=EDGE_CURVE('',#2961,#2960,#1642,.T.);
#3652=EDGE_CURVE('',#2962,#2961,#423,.T.);
#3653=EDGE_CURVE('',#2962,#2947,#1643,.F.);
#3654=EDGE_CURVE('',#2963,#2955,#1644,.T.);
#3655=EDGE_CURVE('',#2963,#2964,#1645,.T.);
#3656=EDGE_CURVE('',#2964,#2965,#1646,.T.);
#3657=EDGE_CURVE('',#2965,#2966,#1647,.T.);
#3658=EDGE_CURVE('',#2874,#2966,#1648,.T.);
#3659=EDGE_CURVE('',#2967,#2962,#72,.T.);
#3660=EDGE_CURVE('',#2968,#2967,#1649,.T.);
#3661=EDGE_CURVE('',#2968,#2969,#73,.F.);
#3662=EDGE_CURVE('',#2970,#2969,#1650,.T.);
#3663=EDGE_CURVE('',#2971,#2970,#261,.T.);
#3664=EDGE_CURVE('',#2948,#2971,#1651,.T.);
#3665=EDGE_CURVE('',#2971,#2972,#1652,.T.);
#3666=EDGE_CURVE('',#2972,#2973,#1653,.T.);
#3667=EDGE_CURVE('',#2973,#2974,#424,.T.);
#3668=EDGE_CURVE('',#2974,#2975,#1654,.T.);
#3669=EDGE_CURVE('',#2975,#2976,#425,.T.);
#3670=EDGE_CURVE('',#2976,#2977,#1655,.T.);
#3671=EDGE_CURVE('',#2977,#2978,#426,.T.);
#3672=EDGE_CURVE('',#2978,#2979,#1656,.T.);
#3673=EDGE_CURVE('',#2979,#2980,#427,.T.);
#3674=EDGE_CURVE('',#2980,#2949,#1657,.T.);
#3675=EDGE_CURVE('',#2981,#2980,#428,.T.);
#3676=EDGE_CURVE('',#2950,#2981,#1658,.T.);
#3677=EDGE_CURVE('',#2982,#2983,#1659,.T.);
#3678=EDGE_CURVE('',#2983,#2982,#262,.T.);
#3679=EDGE_CURVE('',#2954,#2984,#1660,.T.);
#3680=EDGE_CURVE('',#2984,#2985,#1661,.T.);
#3681=EDGE_CURVE('',#2986,#2985,#1662,.T.);
#3682=EDGE_CURVE('',#2986,#2987,#1663,.T.);
#3683=EDGE_CURVE('',#2987,#2988,#1664,.T.);
#3684=EDGE_CURVE('',#2988,#2989,#1665,.T.);
#3685=EDGE_CURVE('',#2989,#2990,#1666,.T.);
#3686=EDGE_CURVE('',#2990,#2991,#1667,.T.);
#3687=EDGE_CURVE('',#2991,#2992,#1668,.T.);
#3688=EDGE_CURVE('',#2992,#2993,#263,.T.);
#3689=EDGE_CURVE('',#2993,#2994,#1669,.T.);
#3690=EDGE_CURVE('',#2994,#2963,#264,.T.);
#3691=EDGE_CURVE('',#2995,#2983,#429,.T.);
#3692=EDGE_CURVE('',#2996,#2995,#74,.T.);
#3693=EDGE_CURVE('',#2997,#2996,#265,.T.);
#3694=EDGE_CURVE('',#2998,#2997,#75,.T.);
#3695=EDGE_CURVE('',#2999,#2998,#76,.T.);
#3696=EDGE_CURVE('',#3000,#2999,#430,.T.);
#3697=EDGE_CURVE('',#3000,#3001,#1670,.T.);
#3698=EDGE_CURVE('',#3001,#3001,#431,.T.);
#3699=EDGE_CURVE('',#2982,#3000,#432,.T.);
#3700=EDGE_CURVE('',#2989,#3002,#1671,.T.);
#3701=EDGE_CURVE('',#3002,#3003,#1672,.T.);
#3702=EDGE_CURVE('',#2990,#3003,#1673,.T.);
#3703=EDGE_CURVE('',#3003,#3004,#1674,.T.);
#3704=EDGE_CURVE('',#3004,#3005,#1675,.T.);
#3705=EDGE_CURVE('',#3005,#3006,#433,.T.);
#3706=EDGE_CURVE('',#3006,#3007,#1676,.T.);
#3707=EDGE_CURVE('',#3008,#3007,#1677,.T.);
#3708=EDGE_CURVE('',#3009,#3008,#1678,.T.);
#3709=EDGE_CURVE('',#3010,#3009,#1679,.T.);
#3710=EDGE_CURVE('',#3010,#3011,#1680,.T.);
#3711=EDGE_CURVE('',#3011,#3012,#434,.T.);
#3712=EDGE_CURVE('',#3012,#2991,#1681,.T.);
#3713=EDGE_CURVE('',#3012,#3013,#77,.F.);
#3714=EDGE_CURVE('',#3013,#3014,#1682,.T.);
#3715=EDGE_CURVE('',#3014,#3015,#1683,.T.);
#3716=EDGE_CURVE('',#3015,#3016,#1684,.T.);
#3717=EDGE_CURVE('',#3016,#3017,#1685,.T.);
#3718=EDGE_CURVE('',#3017,#3018,#1686,.T.);
#3719=EDGE_CURVE('',#3018,#3019,#78,.F.);
#3720=EDGE_CURVE('',#3020,#3019,#1687,.T.);
#3721=EDGE_CURVE('',#3020,#2992,#1688,.T.);
#3722=EDGE_CURVE('',#3021,#3021,#435,.T.);
#3723=EDGE_CURVE('',#3022,#3022,#436,.T.);
#3724=EDGE_CURVE('',#3023,#3023,#437,.T.);
#3725=EDGE_CURVE('',#3024,#3024,#438,.T.);
#3726=EDGE_CURVE('',#3025,#3026,#1689,.T.);
#3727=EDGE_CURVE('',#3027,#3025,#1690,.T.);
#3728=EDGE_CURVE('',#3028,#3027,#1691,.T.);
#3729=EDGE_CURVE('',#3026,#3028,#1692,.T.);
#3730=EDGE_CURVE('',#3029,#3030,#1693,.T.);
#3731=EDGE_CURVE('',#3031,#3029,#1694,.T.);
#3732=EDGE_CURVE('',#3032,#3031,#1695,.T.);
#3733=EDGE_CURVE('',#3030,#3032,#1696,.T.);
#3734=EDGE_CURVE('',#3033,#3034,#1697,.T.);
#3735=EDGE_CURVE('',#3035,#3033,#1698,.T.);
#3736=EDGE_CURVE('',#3036,#3035,#1699,.T.);
#3737=EDGE_CURVE('',#3034,#3036,#1700,.T.);
#3738=EDGE_CURVE('',#2882,#2876,#1701,.T.);
#3739=EDGE_CURVE('',#3037,#3020,#266,.T.);
#3740=EDGE_CURVE('',#2993,#3037,#1702,.T.);
#3741=EDGE_CURVE('',#3037,#3038,#1703,.T.);
#3742=EDGE_CURVE('',#3038,#3039,#1704,.T.);
#3743=EDGE_CURVE('',#3039,#3040,#1705,.T.);
#3744=EDGE_CURVE('',#3040,#3041,#1706,.T.);
#3745=EDGE_CURVE('',#3041,#3042,#1707,.T.);
#3746=EDGE_CURVE('',#3042,#3043,#1708,.T.);
#3747=EDGE_CURVE('',#3043,#3044,#1709,.T.);
#3748=EDGE_CURVE('',#3044,#2994,#1710,.T.);
#3749=EDGE_CURVE('',#3045,#3046,#1711,.T.);
#3750=EDGE_CURVE('',#3046,#3047,#1712,.T.);
#3751=EDGE_CURVE('',#3047,#3048,#1713,.T.);
#3752=EDGE_CURVE('',#3048,#3045,#1714,.T.);
#3753=EDGE_CURVE('',#2964,#3044,#439,.F.);
#3754=EDGE_CURVE('',#3049,#3050,#1715,.T.);
#3755=EDGE_CURVE('',#3051,#3049,#1716,.T.);
#3756=EDGE_CURVE('',#3052,#3051,#1717,.T.);
#3757=EDGE_CURVE('',#3050,#3052,#1718,.T.);
#3758=EDGE_CURVE('',#3053,#3053,#440,.T.);
#3759=EDGE_CURVE('',#3054,#3054,#441,.T.);
#3760=EDGE_CURVE('',#3055,#3056,#1719,.T.);
#3761=EDGE_CURVE('',#3057,#3055,#1720,.T.);
#3762=EDGE_CURVE('',#3058,#3057,#1721,.T.);
#3763=EDGE_CURVE('',#3056,#3058,#1722,.T.);
#3764=EDGE_CURVE('',#3059,#3059,#442,.T.);
#3765=EDGE_CURVE('',#3060,#3060,#443,.T.);
#3766=EDGE_CURVE('',#3061,#3061,#444,.T.);
#3767=EDGE_CURVE('',#3061,#3059,#1723,.T.);
#3768=EDGE_CURVE('',#3062,#3062,#445,.T.);
#3769=EDGE_CURVE('',#3062,#3060,#1724,.T.);
#3770=EDGE_CURVE('',#3057,#3063,#1725,.T.);
#3771=EDGE_CURVE('',#3063,#3064,#1726,.T.);
#3772=EDGE_CURVE('',#3058,#3064,#1727,.T.);
#3773=EDGE_CURVE('',#3055,#3065,#1728,.T.);
#3774=EDGE_CURVE('',#3065,#3066,#1729,.T.);
#3775=EDGE_CURVE('',#3066,#3067,#1730,.T.);
#3776=EDGE_CURVE('',#3067,#3063,#1731,.T.);
#3777=EDGE_CURVE('',#3066,#3068,#1732,.T.);
#3778=EDGE_CURVE('',#3069,#3068,#1733,.T.);
#3779=EDGE_CURVE('',#3070,#3069,#1734,.T.);
#3780=EDGE_CURVE('',#3070,#3067,#1735,.T.);
#3781=EDGE_CURVE('',#3064,#3070,#1736,.T.);
#3782=EDGE_CURVE('',#3071,#3072,#1737,.T.);
#3783=EDGE_CURVE('',#3071,#3073,#1738,.T.);
#3784=EDGE_CURVE('',#3074,#3073,#1739,.T.);
#3785=EDGE_CURVE('',#3074,#3072,#1740,.T.);
#3786=EDGE_CURVE('',#3075,#3076,#1741,.T.);
#3787=EDGE_CURVE('',#3077,#3076,#1742,.T.);
#3788=EDGE_CURVE('',#3078,#3077,#1743,.T.);
#3789=EDGE_CURVE('',#3078,#3075,#1744,.T.);
#3790=EDGE_CURVE('',#3079,#3075,#1745,.T.);
#3791=EDGE_CURVE('',#3080,#3078,#1746,.T.);
#3792=EDGE_CURVE('',#3080,#3079,#1747,.T.);
#3793=EDGE_CURVE('',#3081,#3081,#446,.T.);
#3794=EDGE_CURVE('',#3081,#3082,#1748,.T.);
#3795=EDGE_CURVE('',#3082,#3082,#447,.T.);
#3796=EDGE_CURVE('',#3083,#3083,#448,.T.);
#3797=EDGE_CURVE('',#3083,#3084,#1749,.T.);
#3798=EDGE_CURVE('',#3084,#3084,#449,.T.);
#3799=EDGE_CURVE('',#3085,#3086,#1750,.T.);
#3800=EDGE_CURVE('',#3087,#3086,#1751,.T.);
#3801=EDGE_CURVE('',#3087,#3088,#1752,.T.);
#3802=EDGE_CURVE('',#3085,#3088,#1753,.T.);
#3803=EDGE_CURVE('',#3089,#3090,#1754,.T.);
#3804=EDGE_CURVE('',#3090,#3091,#1755,.T.);
#3805=EDGE_CURVE('',#3092,#3091,#1756,.T.);
#3806=EDGE_CURVE('',#3092,#3089,#1757,.T.);
#3807=EDGE_CURVE('',#3093,#3094,#1758,.T.);
#3808=EDGE_CURVE('',#3093,#3095,#79,.T.);
#3809=EDGE_CURVE('',#3095,#3096,#1759,.T.);
#3810=EDGE_CURVE('',#3097,#3096,#1760,.T.);
#3811=EDGE_CURVE('',#3097,#3094,#1761,.T.);
#3812=EDGE_CURVE('',#3098,#3099,#267,.T.);
#3813=EDGE_CURVE('',#3100,#3098,#450,.T.);
#3814=EDGE_CURVE('',#3101,#3100,#268,.T.);
#3815=EDGE_CURVE('',#3102,#3101,#80,.T.);
#3816=EDGE_CURVE('',#3103,#3102,#451,.T.);
#3817=EDGE_CURVE('',#3104,#3103,#81,.T.);
#3818=EDGE_CURVE('',#3099,#3104,#269,.T.);
#3819=EDGE_CURVE('',#3099,#3105,#1762,.T.);
#3820=EDGE_CURVE('',#3105,#3105,#452,.T.);
#3821=EDGE_CURVE('',#3106,#3107,#82,.T.);
#3822=EDGE_CURVE('',#3107,#3106,#453,.T.);
#3823=EDGE_CURVE('',#3100,#3098,#1763,.T.);
#3824=EDGE_CURVE('',#3103,#3102,#270,.T.);
#3825=EDGE_CURVE('',#3107,#3106,#271,.T.);
#3826=EDGE_CURVE('',#3108,#3109,#272,.T.);
#3827=EDGE_CURVE('',#3110,#3108,#454,.T.);
#3828=EDGE_CURVE('',#3111,#3110,#273,.T.);
#3829=EDGE_CURVE('',#3111,#3112,#1764,.T.);
#3830=EDGE_CURVE('',#3112,#3112,#455,.T.);
#3831=EDGE_CURVE('',#3113,#3111,#274,.T.);
#3832=EDGE_CURVE('',#3114,#3113,#83,.T.);
#3833=EDGE_CURVE('',#3115,#3114,#456,.T.);
#3834=EDGE_CURVE('',#3109,#3115,#84,.T.);
#3835=EDGE_CURVE('',#3116,#3117,#85,.T.);
#3836=EDGE_CURVE('',#3117,#3116,#457,.T.);
#3837=EDGE_CURVE('',#3110,#3108,#1765,.T.);
#3838=EDGE_CURVE('',#3115,#3114,#275,.T.);
#3839=EDGE_CURVE('',#3117,#3116,#276,.T.);
#3840=EDGE_CURVE('',#3118,#3113,#458,.T.);
#3841=EDGE_CURVE('',#3118,#3119,#1766,.T.);
#3842=EDGE_CURVE('',#3119,#3119,#459,.T.);
#3843=EDGE_CURVE('',#3109,#3118,#460,.T.);
#3844=EDGE_CURVE('',#3120,#3120,#461,.T.);
#3845=EDGE_CURVE('',#3101,#3121,#462,.T.);
#3846=EDGE_CURVE('',#3121,#3122,#1767,.T.);
#3847=EDGE_CURVE('',#3122,#3122,#463,.T.);
#3848=EDGE_CURVE('',#3121,#3104,#464,.T.);
#3849=EDGE_CURVE('',#3123,#3123,#465,.T.);
#3850=EDGE_CURVE('',#3124,#3085,#1768,.T.);
#3851=EDGE_CURVE('',#3125,#3088,#1769,.T.);
#3852=EDGE_CURVE('',#3125,#3097,#1770,.T.);
#3853=EDGE_CURVE('',#3096,#3090,#1771,.T.);
#3854=EDGE_CURVE('',#3089,#3124,#1772,.T.);
#3855=EDGE_CURVE('',#3126,#3127,#1773,.T.);
#3856=EDGE_CURVE('',#3127,#3128,#1774,.T.);
#3857=EDGE_CURVE('',#3128,#3065,#1775,.T.);
#3858=EDGE_CURVE('',#3126,#3065,#1776,.T.);
#3859=EDGE_CURVE('',#3127,#3129,#1777,.T.);
#3860=EDGE_CURVE('',#3129,#3130,#1778,.T.);
#3861=EDGE_CURVE('',#3130,#3128,#1779,.T.);
#3862=EDGE_CURVE('',#3129,#3131,#1780,.T.);
#3863=EDGE_CURVE('',#3131,#3132,#1781,.T.);
#3864=EDGE_CURVE('',#3132,#3133,#1782,.T.);
#3865=EDGE_CURVE('',#3133,#3134,#1783,.T.);
#3866=EDGE_CURVE('',#3134,#3135,#1784,.T.);
#3867=EDGE_CURVE('',#3135,#3136,#1785,.T.);
#3868=EDGE_CURVE('',#3136,#3077,#1786,.T.);
#3869=EDGE_CURVE('',#3076,#3130,#1787,.T.);
#3870=EDGE_CURVE('',#3131,#3126,#1788,.T.);
#3871=EDGE_CURVE('',#3056,#3132,#1789,.T.);
#3872=EDGE_CURVE('',#3124,#3079,#1790,.T.);
#3873=EDGE_CURVE('',#3137,#3080,#1791,.T.);
#3874=EDGE_CURVE('',#3138,#3137,#1792,.T.);
#3875=EDGE_CURVE('',#3139,#3138,#1793,.T.);
#3876=EDGE_CURVE('',#3139,#3140,#1794,.T.);
#3877=EDGE_CURVE('',#3140,#3141,#1795,.T.);
#3878=EDGE_CURVE('',#3142,#3141,#1796,.T.);
#3879=EDGE_CURVE('',#3142,#3086,#1797,.T.);
#3880=EDGE_CURVE('',#3139,#3143,#1798,.T.);
#3881=EDGE_CURVE('',#3144,#3143,#1799,.T.);
#3882=EDGE_CURVE('',#3144,#3145,#1800,.T.);
#3883=EDGE_CURVE('',#3145,#3146,#1801,.T.);
#3884=EDGE_CURVE('',#3147,#3146,#1802,.T.);
#3885=EDGE_CURVE('',#3147,#3148,#1803,.T.);
#3886=EDGE_CURVE('',#3148,#3140,#1804,.T.);
#3887=EDGE_CURVE('',#3149,#3087,#1805,.T.);
#3888=EDGE_CURVE('',#3149,#3150,#1806,.T.);
#3889=EDGE_CURVE('',#3150,#3148,#1807,.T.);
#3890=EDGE_CURVE('',#3151,#3147,#1808,.T.);
#3891=EDGE_CURVE('',#3151,#3152,#1809,.T.);
#3892=EDGE_CURVE('',#3152,#3153,#1810,.T.);
#3893=EDGE_CURVE('',#3153,#3154,#1811,.T.);
#3894=EDGE_CURVE('',#3154,#3125,#1812,.T.);
#3895=EDGE_CURVE('',#3149,#3142,#1813,.T.);
#3896=EDGE_CURVE('',#3141,#3150,#1814,.T.);
#3897=EDGE_CURVE('',#3155,#3138,#466,.T.);
#3898=EDGE_CURVE('',#3137,#3156,#467,.T.);
#3899=EDGE_CURVE('',#3155,#3156,#1815,.T.);
#3900=EDGE_CURVE('',#3143,#3157,#468,.T.);
#3901=EDGE_CURVE('',#3157,#3158,#1816,.T.);
#3902=EDGE_CURVE('',#3158,#3159,#469,.T.);
#3903=EDGE_CURVE('',#3143,#3159,#1817,.T.);
#3904=EDGE_CURVE('',#3155,#3157,#470,.T.);
#3905=EDGE_CURVE('',#3156,#3158,#471,.T.);
#3906=EDGE_CURVE('',#3159,#3136,#1818,.T.);
#3907=EDGE_CURVE('',#3160,#3146,#472,.T.);
#3908=EDGE_CURVE('',#3146,#3161,#1819,.T.);
#3909=EDGE_CURVE('',#3161,#3162,#473,.T.);
#3910=EDGE_CURVE('',#3160,#3162,#1820,.T.);
#3911=EDGE_CURVE('',#3151,#3163,#474,.T.);
#3912=EDGE_CURVE('',#3163,#3164,#1821,.T.);
#3913=EDGE_CURVE('',#3164,#3152,#475,.T.);
#3914=EDGE_CURVE('',#3160,#3163,#476,.T.);
#3915=EDGE_CURVE('',#3162,#3164,#477,.T.);
#3916=EDGE_CURVE('',#3165,#3071,#1822,.T.);
#3917=EDGE_CURVE('',#3166,#3165,#1823,.T.);
#3918=EDGE_CURVE('',#3153,#3166,#1824,.T.);
#3919=EDGE_CURVE('',#3161,#3133,#1825,.T.);
#3920=EDGE_CURVE('',#3132,#3069,#1826,.T.);
#3921=EDGE_CURVE('',#3073,#3069,#1827,.T.);
#3922=EDGE_CURVE('',#3167,#3168,#1828,.T.);
#3923=EDGE_CURVE('',#3168,#3169,#1829,.T.);
#3924=EDGE_CURVE('',#3169,#3170,#1830,.T.);
#3925=EDGE_CURVE('',#3170,#3167,#1831,.T.);
#3926=EDGE_CURVE('',#3171,#3172,#1832,.T.);
#3927=EDGE_CURVE('',#3172,#3168,#1833,.T.);
#3928=EDGE_CURVE('',#3171,#3167,#1834,.T.);
#3929=EDGE_CURVE('',#3172,#2986,#1835,.T.);
#3930=EDGE_CURVE('',#2986,#3169,#1836,.T.);
#3931=EDGE_CURVE('',#2985,#3170,#1837,.T.);
#3932=EDGE_CURVE('',#2985,#3171,#1838,.T.);
#3933=EDGE_CURVE('',#3173,#3174,#1839,.T.);
#3934=EDGE_CURVE('',#3175,#3173,#1840,.T.);
#3935=EDGE_CURVE('',#3176,#3175,#1841,.T.);
#3936=EDGE_CURVE('',#3174,#3176,#1842,.T.);
#3937=EDGE_CURVE('',#3177,#3178,#1843,.T.);
#3938=EDGE_CURVE('',#3178,#3173,#1844,.T.);
#3939=EDGE_CURVE('',#3177,#3174,#1845,.T.);
#3940=EDGE_CURVE('',#3179,#3177,#1846,.T.);
#3941=EDGE_CURVE('',#3179,#3176,#1847,.T.);
#3942=EDGE_CURVE('',#3180,#3179,#1848,.T.);
#3943=EDGE_CURVE('',#3180,#3175,#1849,.T.);
#3944=EDGE_CURVE('',#3178,#3180,#1850,.T.);
#3945=EDGE_CURVE('',#3181,#3181,#478,.T.);
#3946=EDGE_CURVE('',#3181,#3182,#1851,.T.);
#3947=EDGE_CURVE('',#3182,#3182,#479,.T.);
#3948=EDGE_CURVE('',#3183,#3183,#480,.T.);
#3949=EDGE_CURVE('',#3183,#3184,#1852,.T.);
#3950=EDGE_CURVE('',#3184,#3184,#481,.T.);
#3951=EDGE_CURVE('',#3185,#3185,#482,.T.);
#3952=EDGE_CURVE('',#3185,#3186,#1853,.T.);
#3953=EDGE_CURVE('',#3186,#3186,#483,.T.);
#3954=EDGE_CURVE('',#3187,#3187,#484,.T.);
#3955=EDGE_CURVE('',#3187,#3188,#1854,.T.);
#3956=EDGE_CURVE('',#3188,#3188,#485,.T.);
#3957=EDGE_CURVE('',#3054,#3189,#1855,.T.);
#3958=EDGE_CURVE('',#3189,#3189,#486,.T.);
#3959=EDGE_CURVE('',#3053,#3190,#1856,.T.);
#3960=EDGE_CURVE('',#3190,#3190,#487,.T.);
#3961=EDGE_CURVE('',#3191,#3192,#488,.T.);
#3962=EDGE_CURVE('',#3191,#3193,#1857,.T.);
#3963=EDGE_CURVE('',#3193,#3194,#1858,.T.);
#3964=EDGE_CURVE('',#3192,#3194,#1859,.T.);
#3965=EDGE_CURVE('',#3195,#3195,#489,.T.);
#3966=EDGE_CURVE('',#3196,#3196,#490,.T.);
#3967=EDGE_CURVE('',#3123,#3197,#1860,.T.);
#3968=EDGE_CURVE('',#3197,#3198,#491,.T.);
#3969=EDGE_CURVE('',#3198,#3197,#492,.T.);
#3970=EDGE_CURVE('',#3198,#3196,#493,.T.);
#3971=EDGE_CURVE('',#3199,#3199,#494,.T.);
#3972=EDGE_CURVE('',#3120,#3200,#1861,.T.);
#3973=EDGE_CURVE('',#3200,#3201,#495,.T.);
#3974=EDGE_CURVE('',#3201,#3200,#496,.T.);
#3975=EDGE_CURVE('',#3201,#3199,#497,.T.);
#3976=EDGE_CURVE('',#3202,#3203,#498,.T.);
#3977=EDGE_CURVE('',#3203,#3009,#1862,.T.);
#3978=EDGE_CURVE('',#3202,#3008,#1863,.T.);
#3979=EDGE_CURVE('',#3204,#3204,#499,.T.);
#3980=EDGE_CURVE('',#3204,#3205,#500,.T.);
#3981=EDGE_CURVE('',#3206,#3205,#501,.T.);
#3982=EDGE_CURVE('',#3205,#3206,#502,.T.);
#3983=EDGE_CURVE('',#3207,#3208,#503,.T.);
#3984=EDGE_CURVE('',#3207,#3195,#504,.T.);
#3985=EDGE_CURVE('',#3208,#3207,#505,.T.);
#3986=EDGE_CURVE('',#3209,#3166,#1864,.T.);
#3987=EDGE_CURVE('',#3209,#3154,#1865,.T.);
#3988=EDGE_CURVE('',#3210,#3211,#506,.T.);
#3989=EDGE_CURVE('',#3210,#3212,#1866,.T.);
#3990=EDGE_CURVE('',#3213,#3212,#507,.T.);
#3991=EDGE_CURVE('',#3211,#3213,#1867,.T.);
#3992=EDGE_CURVE('',#3214,#3215,#508,.T.);
#3993=EDGE_CURVE('',#3215,#3214,#509,.T.);
#3994=EDGE_CURVE('',#3215,#3216,#510,.T.);
#3995=EDGE_CURVE('',#3216,#3216,#511,.T.);
#3996=EDGE_CURVE('',#3211,#3217,#1868,.T.);
#3997=EDGE_CURVE('',#3217,#3218,#1869,.T.);
#3998=EDGE_CURVE('',#3210,#3218,#1870,.T.);
#3999=EDGE_CURVE('',#3219,#3219,#512,.T.);
#4000=EDGE_CURVE('',#3214,#3220,#1871,.T.);
#4001=EDGE_CURVE('',#3220,#3221,#513,.T.);
#4002=EDGE_CURVE('',#3221,#3220,#514,.T.);
#4003=EDGE_CURVE('',#3221,#3219,#515,.T.);
#4004=EDGE_CURVE('',#3072,#3217,#1872,.T.);
#4005=EDGE_CURVE('',#3165,#3213,#1873,.T.);
#4006=EDGE_CURVE('',#2958,#3222,#1874,.T.);
#4007=EDGE_CURVE('',#2957,#3223,#1875,.T.);
#4008=EDGE_CURVE('',#3223,#3224,#1876,.T.);
#4009=EDGE_CURVE('',#3222,#3224,#1877,.T.);
#4010=EDGE_CURVE('',#3225,#3222,#1878,.T.);
#4011=EDGE_CURVE('',#2959,#3225,#1879,.T.);
#4012=EDGE_CURVE('',#3226,#3227,#1880,.T.);
#4013=EDGE_CURVE('',#3227,#3228,#1881,.T.);
#4014=EDGE_CURVE('',#3228,#3229,#1882,.T.);
#4015=EDGE_CURVE('',#3229,#3226,#1883,.T.);
#4016=EDGE_CURVE('',#3230,#3230,#516,.T.);
#4017=EDGE_CURVE('',#3231,#3231,#517,.T.);
#4018=EDGE_CURVE('',#3232,#3222,#1884,.T.);
#4019=EDGE_CURVE('',#3232,#3227,#1885,.T.);
#4020=EDGE_CURVE('',#3225,#3226,#1886,.T.);
#4021=EDGE_CURVE('',#3233,#3232,#1887,.T.);
#4022=EDGE_CURVE('',#3233,#3228,#1888,.T.);
#4023=EDGE_CURVE('',#3224,#3233,#1889,.T.);
#4024=EDGE_CURVE('',#3234,#3234,#518,.T.);
#4025=EDGE_CURVE('',#3235,#3235,#519,.T.);
#4026=EDGE_CURVE('',#3236,#3236,#520,.T.);
#4027=EDGE_CURVE('',#3236,#3237,#1890,.T.);
#4028=EDGE_CURVE('',#3237,#3237,#521,.T.);
#4029=EDGE_CURVE('',#3238,#3238,#522,.T.);
#4030=EDGE_CURVE('',#3238,#3239,#1891,.T.);
#4031=EDGE_CURVE('',#3239,#3239,#523,.T.);
#4032=EDGE_CURVE('',#3235,#3231,#1892,.T.);
#4033=EDGE_CURVE('',#3234,#3230,#1893,.T.);
#4034=EDGE_CURVE('',#3240,#2999,#277,.T.);
#4035=EDGE_CURVE('',#3241,#3240,#1894,.T.);
#4036=EDGE_CURVE('',#2995,#3241,#278,.T.);
#4037=EDGE_CURVE('',#3242,#3242,#524,.T.);
#4038=EDGE_CURVE('',#3243,#3244,#279,.T.);
#4039=EDGE_CURVE('',#3245,#3243,#1895,.T.);
#4040=EDGE_CURVE('',#3246,#3245,#280,.T.);
#4041=EDGE_CURVE('',#3246,#3247,#525,.T.);
#4042=EDGE_CURVE('',#3247,#3248,#526,.T.);
#4043=EDGE_CURVE('',#3244,#3248,#281,.T.);
#4044=EDGE_CURVE('',#3249,#3249,#527,.T.);
#4045=EDGE_CURVE('',#3250,#3250,#528,.T.);
#4046=EDGE_CURVE('',#3248,#3251,#86,.T.);
#4047=EDGE_CURVE('',#3247,#3249,#1896,.T.);
#4048=EDGE_CURVE('',#3252,#3246,#87,.T.);
#4049=EDGE_CURVE('',#3251,#3252,#282,.T.);
#4050=EDGE_CURVE('',#3253,#3254,#88,.T.);
#4051=EDGE_CURVE('',#3254,#3253,#283,.T.);
#4052=EDGE_CURVE('',#3255,#3256,#284,.T.);
#4053=EDGE_CURVE('',#3257,#3255,#1897,.T.);
#4054=EDGE_CURVE('',#3258,#3257,#285,.T.);
#4055=EDGE_CURVE('',#3259,#3258,#529,.T.);
#4056=EDGE_CURVE('',#3256,#3259,#530,.T.);
#4057=EDGE_CURVE('',#3260,#3260,#531,.T.);
#4058=EDGE_CURVE('',#3261,#3261,#532,.T.);
#4059=EDGE_CURVE('',#3256,#3262,#89,.T.);
#4060=EDGE_CURVE('',#3259,#3260,#1898,.T.);
#4061=EDGE_CURVE('',#3263,#3258,#90,.T.);
#4062=EDGE_CURVE('',#3264,#3263,#91,.T.);
#4063=EDGE_CURVE('',#3262,#3264,#286,.T.);
#4064=EDGE_CURVE('',#3265,#3266,#287,.T.);
#4065=EDGE_CURVE('',#3267,#3265,#1899,.T.);
#4066=EDGE_CURVE('',#3268,#3267,#288,.T.);
#4067=EDGE_CURVE('',#3269,#3268,#289,.T.);
#4068=EDGE_CURVE('',#3270,#3269,#533,.T.);
#4069=EDGE_CURVE('',#3266,#3270,#534,.T.);
#4070=EDGE_CURVE('',#3271,#3271,#535,.T.);
#4071=EDGE_CURVE('',#3272,#3272,#536,.T.);
#4072=EDGE_CURVE('',#3266,#3273,#92,.T.);
#4073=EDGE_CURVE('',#3270,#3271,#1900,.T.);
#4074=EDGE_CURVE('',#3274,#3269,#93,.T.);
#4075=EDGE_CURVE('',#3273,#3274,#290,.T.);
#4076=EDGE_CURVE('',#3275,#3276,#94,.T.);
#4077=EDGE_CURVE('',#3276,#3275,#291,.T.);
#4078=EDGE_CURVE('',#3276,#3275,#537,.T.);
#4079=EDGE_CURVE('',#3273,#3274,#538,.T.);
#4080=EDGE_CURVE('',#3267,#3265,#539,.T.);
#4081=EDGE_CURVE('',#3268,#3021,#1901,.T.);
#4082=EDGE_CURVE('',#3262,#3264,#540,.T.);
#4083=EDGE_CURVE('',#3263,#3022,#1902,.T.);
#4084=EDGE_CURVE('',#3257,#3255,#541,.T.);
#4085=EDGE_CURVE('',#3254,#3253,#542,.T.);
#4086=EDGE_CURVE('',#3251,#3252,#543,.T.);
#4087=EDGE_CURVE('',#3245,#3243,#544,.T.);
#4088=EDGE_CURVE('',#3244,#3023,#1903,.T.);
#4089=EDGE_CURVE('',#2998,#3024,#1904,.T.);
#4090=EDGE_CURVE('',#2996,#2997,#545,.T.);
#4091=EDGE_CURVE('',#3240,#3241,#546,.T.);
#4092=EDGE_CURVE('',#3277,#3278,#1905,.T.);
#4093=EDGE_CURVE('',#3278,#3279,#1906,.T.);
#4094=EDGE_CURVE('',#3279,#3280,#1907,.T.);
#4095=EDGE_CURVE('',#3277,#3280,#1908,.T.);
#4096=EDGE_CURVE('',#3281,#3277,#1909,.T.);
#4097=EDGE_CURVE('',#3282,#3280,#1910,.T.);
#4098=EDGE_CURVE('',#3281,#3282,#1911,.T.);
#4099=EDGE_CURVE('',#3015,#2970,#1912,.T.);
#4100=EDGE_CURVE('',#3283,#2970,#1913,.T.);
#4101=EDGE_CURVE('',#3283,#3016,#1914,.T.);
#4102=EDGE_CURVE('',#3284,#3285,#1915,.T.);
#4103=EDGE_CURVE('',#3285,#3286,#1916,.T.);
#4104=EDGE_CURVE('',#3287,#3286,#1917,.T.);
#4105=EDGE_CURVE('',#3288,#3287,#1918,.T.);
#4106=EDGE_CURVE('',#3288,#3289,#1919,.T.);
#4107=EDGE_CURVE('',#3289,#3284,#1920,.T.);
#4108=EDGE_CURVE('',#3290,#3291,#1921,.T.);
#4109=EDGE_CURVE('',#3291,#3292,#1922,.T.);
#4110=EDGE_CURVE('',#3292,#3293,#1923,.T.);
#4111=EDGE_CURVE('',#3290,#3293,#1924,.T.);
#4112=EDGE_CURVE('',#3291,#3294,#1925,.T.);
#4113=EDGE_CURVE('',#3294,#2923,#547,.T.);
#4114=EDGE_CURVE('',#2923,#3295,#548,.F.);
#4115=EDGE_CURVE('',#3295,#3296,#1926,.T.);
#4116=EDGE_CURVE('',#3297,#3296,#1927,.T.);
#4117=EDGE_CURVE('',#3287,#3297,#1928,.T.);
#4118=EDGE_CURVE('',#3286,#3292,#1929,.T.);
#4119=EDGE_CURVE('',#3296,#3298,#1930,.T.);
#4120=EDGE_CURVE('',#3298,#3027,#1931,.T.);
#4121=EDGE_CURVE('',#3299,#3025,#1932,.T.);
#4122=EDGE_CURVE('',#3299,#3297,#1933,.T.);
#4123=EDGE_CURVE('',#3300,#3026,#1934,.T.);
#4124=EDGE_CURVE('',#3300,#3289,#1935,.T.);
#4125=EDGE_CURVE('',#3299,#3288,#1936,.T.);
#4126=EDGE_CURVE('',#3301,#3302,#1937,.T.);
#4127=EDGE_CURVE('',#3303,#3302,#1938,.T.);
#4128=EDGE_CURVE('',#3304,#3303,#1939,.T.);
#4129=EDGE_CURVE('',#3304,#3305,#1940,.T.);
#4130=EDGE_CURVE('',#3305,#3306,#1941,.T.);
#4131=EDGE_CURVE('',#3301,#3306,#1942,.T.);
#4132=EDGE_CURVE('',#3302,#3300,#1943,.T.);
#4133=EDGE_CURVE('',#3307,#3028,#1944,.T.);
#4134=EDGE_CURVE('',#3307,#3303,#1945,.T.);
#4135=EDGE_CURVE('',#3298,#3308,#1946,.T.);
#4136=EDGE_CURVE('',#3309,#3308,#1947,.T.);
#4137=EDGE_CURVE('',#3307,#3309,#1948,.T.);
#4138=EDGE_CURVE('',#3310,#3311,#549,.T.);
#4139=EDGE_CURVE('',#3311,#3312,#1949,.T.);
#4140=EDGE_CURVE('',#3312,#3305,#1950,.T.);
#4141=EDGE_CURVE('',#3309,#3304,#1951,.T.);
#4142=EDGE_CURVE('',#3308,#3310,#1952,.T.);
#4143=EDGE_CURVE('',#3313,#3313,#550,.T.);
#4144=EDGE_CURVE('',#3285,#3314,#1953,.T.);
#4145=EDGE_CURVE('',#3314,#3315,#95,.T.);
#4146=EDGE_CURVE('',#3315,#3316,#1954,.T.);
#4147=EDGE_CURVE('',#3293,#3316,#1955,.T.);
#4148=EDGE_CURVE('',#3317,#3317,#551,.T.);
#4149=EDGE_CURVE('',#3318,#3318,#552,.T.);
#4150=EDGE_CURVE('',#2896,#3031,#1956,.T.);
#4151=EDGE_CURVE('',#2897,#3029,#1957,.T.);
#4152=EDGE_CURVE('',#2898,#3030,#1958,.T.);
#4153=EDGE_CURVE('',#2895,#3032,#1959,.T.);
#4154=EDGE_CURVE('',#3319,#3320,#553,.T.);
#4155=EDGE_CURVE('',#3320,#3321,#1960,.T.);
#4156=EDGE_CURVE('',#3321,#3322,#1961,.T.);
#4157=EDGE_CURVE('',#3322,#3323,#1962,.T.);
#4158=EDGE_CURVE('',#3323,#3319,#1963,.T.);
#4159=EDGE_CURVE('',#3313,#3317,#1964,.T.);
#4160=EDGE_CURVE('',#3318,#3324,#1965,.T.);
#4161=EDGE_CURVE('',#3324,#3324,#554,.T.);
#4162=EDGE_CURVE('',#2899,#3325,#1966,.T.);
#4163=EDGE_CURVE('',#3325,#3325,#555,.T.);
#4164=EDGE_CURVE('',#2902,#3326,#1967,.T.);
#4165=EDGE_CURVE('',#3326,#3326,#556,.T.);
#4166=EDGE_CURVE('',#2900,#3327,#1968,.T.);
#4167=EDGE_CURVE('',#3327,#3327,#557,.T.);
#4168=EDGE_CURVE('',#2901,#3328,#1969,.T.);
#4169=EDGE_CURVE('',#3328,#3328,#558,.T.);
#4170=EDGE_CURVE('',#3329,#3330,#559,.T.);
#4171=EDGE_CURVE('',#3329,#3331,#1970,.T.);
#4172=EDGE_CURVE('',#3331,#3332,#560,.T.);
#4173=EDGE_CURVE('',#3330,#3332,#1971,.T.);
#4174=EDGE_CURVE('',#3333,#3334,#1972,.T.);
#4175=EDGE_CURVE('',#3334,#3335,#292,.T.);
#4176=EDGE_CURVE('',#3335,#3331,#1973,.T.);
#4177=EDGE_CURVE('',#3329,#3336,#1974,.T.);
#4178=EDGE_CURVE('',#3336,#3333,#293,.T.);
#4179=EDGE_CURVE('',#3316,#3337,#1975,.T.);
#4180=EDGE_CURVE('',#3337,#3290,#1976,.T.);
#4181=EDGE_CURVE('',#3338,#2969,#96,.T.);
#4182=EDGE_CURVE('',#3338,#3339,#1977,.T.);
#4183=EDGE_CURVE('',#3339,#3319,#97,.F.);
#4184=EDGE_CURVE('',#3323,#3284,#1978,.T.);
#4185=EDGE_CURVE('',#3340,#3301,#1979,.T.);
#4186=EDGE_CURVE('',#3340,#3341,#98,.F.);
#4187=EDGE_CURVE('',#3341,#3342,#1980,.T.);
#4188=EDGE_CURVE('',#3342,#3310,#99,.F.);
#4189=EDGE_CURVE('',#3295,#3283,#1981,.T.);
#4190=EDGE_CURVE('',#3343,#3343,#561,.T.);
#4191=EDGE_CURVE('',#3344,#3345,#1982,.T.);
#4192=EDGE_CURVE('',#3346,#3344,#1983,.T.);
#4193=EDGE_CURVE('',#3346,#3347,#1984,.T.);
#4194=EDGE_CURVE('',#3347,#3345,#1985,.T.);
#4195=EDGE_CURVE('',#3335,#3348,#1986,.T.);
#4196=EDGE_CURVE('',#3332,#3348,#1987,.T.);
#4197=EDGE_CURVE('',#3349,#3349,#562,.T.);
#4198=EDGE_CURVE('',#3349,#3350,#563,.T.);
#4199=EDGE_CURVE('',#3351,#3350,#564,.T.);
#4200=EDGE_CURVE('',#3350,#3351,#565,.T.);
#4201=EDGE_CURVE('',#3351,#3352,#1988,.T.);
#4202=EDGE_CURVE('',#3352,#3353,#566,.T.);
#4203=EDGE_CURVE('',#3353,#3352,#567,.T.);
#4204=EDGE_CURVE('',#3353,#3354,#568,.T.);
#4205=EDGE_CURVE('',#3354,#3354,#569,.T.);
#4206=EDGE_CURVE('',#3355,#3355,#570,.T.);
#4207=EDGE_CURVE('',#3343,#3355,#1989,.T.);
#4208=EDGE_CURVE('',#3356,#3357,#571,.T.);
#4209=EDGE_CURVE('',#3357,#3358,#1990,.T.);
#4210=EDGE_CURVE('',#3358,#3359,#572,.T.);
#4211=EDGE_CURVE('',#3356,#3359,#1991,.T.);
#4212=EDGE_CURVE('',#3356,#3034,#1992,.T.);
#4213=EDGE_CURVE('',#3359,#3033,#1993,.T.);
#4214=EDGE_CURVE('',#3357,#3036,#1994,.T.);
#4215=EDGE_CURVE('',#3035,#3358,#1995,.T.);
#4216=EDGE_CURVE('',#3242,#3360,#1996,.T.);
#4217=EDGE_CURVE('',#3360,#3361,#573,.T.);
#4218=EDGE_CURVE('',#3361,#3360,#574,.T.);
#4219=EDGE_CURVE('',#3362,#3362,#575,.T.);
#4220=EDGE_CURVE('',#3361,#3362,#576,.T.);
#4221=EDGE_CURVE('',#3250,#3363,#1997,.T.);
#4222=EDGE_CURVE('',#3363,#3364,#577,.T.);
#4223=EDGE_CURVE('',#3364,#3363,#578,.T.);
#4224=EDGE_CURVE('',#3365,#3365,#579,.T.);
#4225=EDGE_CURVE('',#3364,#3365,#580,.T.);
#4226=EDGE_CURVE('',#3261,#3366,#1998,.T.);
#4227=EDGE_CURVE('',#3366,#3367,#581,.T.);
#4228=EDGE_CURVE('',#3367,#3366,#582,.T.);
#4229=EDGE_CURVE('',#3368,#3368,#583,.T.);
#4230=EDGE_CURVE('',#3367,#3368,#584,.T.);
#4231=EDGE_CURVE('',#3272,#3369,#1999,.T.);
#4232=EDGE_CURVE('',#3369,#3370,#585,.T.);
#4233=EDGE_CURVE('',#3370,#3369,#586,.T.);
#4234=EDGE_CURVE('',#3371,#3371,#587,.T.);
#4235=EDGE_CURVE('',#3370,#3371,#588,.T.);
#4236=EDGE_CURVE('',#3372,#3372,#589,.T.);
#4237=EDGE_CURVE('',#3372,#3373,#590,.T.);
#4238=EDGE_CURVE('',#3374,#3373,#591,.T.);
#4239=EDGE_CURVE('',#3373,#3374,#592,.T.);
#4240=EDGE_CURVE('',#3375,#3375,#593,.T.);
#4241=EDGE_CURVE('',#3374,#3376,#2000,.T.);
#4242=EDGE_CURVE('',#3376,#3377,#594,.T.);
#4243=EDGE_CURVE('',#3377,#3376,#595,.T.);
#4244=EDGE_CURVE('',#3375,#3377,#596,.T.);
#4245=EDGE_CURVE('',#3378,#3379,#2001,.T.);
#4246=EDGE_CURVE('',#3379,#3380,#2002,.T.);
#4247=EDGE_CURVE('',#3380,#3381,#2003,.T.);
#4248=EDGE_CURVE('',#3381,#3378,#2004,.T.);
#4249=EDGE_CURVE('',#3382,#3383,#2005,.T.);
#4250=EDGE_CURVE('',#3383,#3384,#2006,.T.);
#4251=EDGE_CURVE('',#3384,#3385,#2007,.T.);
#4252=EDGE_CURVE('',#3385,#3382,#2008,.T.);
#4253=EDGE_CURVE('',#3386,#3387,#2009,.T.);
#4254=EDGE_CURVE('',#3388,#3387,#2010,.T.);
#4255=EDGE_CURVE('',#3388,#3389,#2011,.T.);
#4256=EDGE_CURVE('',#3389,#3386,#2012,.T.);
#4257=EDGE_CURVE('',#3390,#3391,#2013,.T.);
#4258=EDGE_CURVE('',#3391,#3392,#2014,.T.);
#4259=EDGE_CURVE('',#3392,#3393,#2015,.T.);
#4260=EDGE_CURVE('',#3393,#3390,#2016,.T.);
#4261=EDGE_CURVE('',#3380,#3385,#597,.F.);
#4262=EDGE_CURVE('',#3382,#3379,#598,.F.);
#4263=EDGE_CURVE('',#3384,#3387,#294,.T.);
#4264=EDGE_CURVE('',#3385,#3386,#599,.F.);
#4265=EDGE_CURVE('',#3383,#3393,#295,.T.);
#4266=EDGE_CURVE('',#3387,#3393,#2017,.T.);
#4267=EDGE_CURVE('',#3390,#3382,#600,.F.);
#4268=EDGE_CURVE('',#3381,#3389,#601,.F.);
#4269=EDGE_CURVE('',#3386,#3380,#602,.F.);
#4270=EDGE_CURVE('',#3391,#3378,#603,.F.);
#4271=EDGE_CURVE('',#3379,#3390,#604,.F.);
#4272=EDGE_CURVE('',#2888,#3394,#2018,.T.);
#4273=EDGE_CURVE('',#3394,#2905,#2019,.T.);
#4274=EDGE_CURVE('',#3395,#3396,#100,.T.);
#4275=EDGE_CURVE('',#3396,#2892,#2020,.T.);
#4276=EDGE_CURVE('',#3394,#3395,#2021,.T.);
#4277=EDGE_CURVE('',#2884,#3397,#2022,.T.);
#4278=EDGE_CURVE('',#3397,#2904,#2023,.T.);
#4279=EDGE_CURVE('',#3397,#3398,#2024,.T.);
#4280=EDGE_CURVE('',#3398,#2903,#2025,.T.);
#4281=EDGE_CURVE('',#2885,#3398,#2026,.T.);
#4282=EDGE_CURVE('',#3399,#3344,#2027,.T.);
#4283=EDGE_CURVE('',#3400,#3399,#2028,.T.);
#4284=EDGE_CURVE('',#3401,#3400,#2029,.T.);
#4285=EDGE_CURVE('',#3401,#3223,#2030,.T.);
#4286=EDGE_CURVE('',#3402,#2880,#2031,.T.);
#4287=EDGE_CURVE('',#2966,#3402,#2032,.T.);
#4288=EDGE_CURVE('',#2965,#3346,#2033,.T.);
#4289=EDGE_CURVE('',#3403,#3403,#605,.T.);
#4290=EDGE_CURVE('',#3404,#3404,#606,.T.);
#4291=EDGE_CURVE('',#2883,#3402,#2034,.T.);
#4292=EDGE_CURVE('',#3405,#3406,#2035,.T.);
#4293=EDGE_CURVE('',#3212,#3405,#2036,.T.);
#4294=EDGE_CURVE('',#3218,#3407,#2037,.T.);
#4295=EDGE_CURVE('',#3406,#3407,#2038,.T.);
#4296=EDGE_CURVE('',#3408,#3409,#2039,.T.);
#4297=EDGE_CURVE('',#3408,#3209,#2040,.T.);
#4298=EDGE_CURVE('',#3409,#3405,#2041,.T.);
#4299=EDGE_CURVE('',#3410,#3411,#2042,.T.);
#4300=EDGE_CURVE('',#3412,#3411,#2043,.T.);
#4301=EDGE_CURVE('',#3412,#3413,#2044,.T.);
#4302=EDGE_CURVE('',#3410,#3413,#2045,.T.);
#4303=EDGE_CURVE('',#3414,#3415,#2046,.T.);
#4304=EDGE_CURVE('',#3416,#3415,#2047,.T.);
#4305=EDGE_CURVE('',#3416,#3417,#2048,.T.);
#4306=EDGE_CURVE('',#3417,#3414,#2049,.T.);
#4307=EDGE_CURVE('',#3418,#3410,#2050,.T.);
#4308=EDGE_CURVE('',#3413,#3416,#2051,.T.);
#4309=EDGE_CURVE('',#3415,#3408,#2052,.T.);
#4310=EDGE_CURVE('',#3419,#3409,#2053,.T.);
#4311=EDGE_CURVE('',#3420,#3419,#2054,.T.);
#4312=EDGE_CURVE('',#3420,#3418,#2055,.T.);
#4313=EDGE_CURVE('',#3421,#3420,#2056,.T.);
#4314=EDGE_CURVE('',#3406,#3419,#2057,.T.);
#4315=EDGE_CURVE('',#3407,#3422,#2058,.T.);
#4316=EDGE_CURVE('',#3421,#3422,#2059,.T.);
#4317=EDGE_CURVE('',#3411,#3423,#2060,.T.);
#4318=EDGE_CURVE('',#3423,#3421,#2061,.T.);
#4319=EDGE_CURVE('',#3422,#3414,#2062,.T.);
#4320=EDGE_CURVE('',#3417,#3412,#2063,.T.);
#4321=EDGE_CURVE('',#3424,#3425,#2064,.T.);
#4322=EDGE_CURVE('',#3425,#3426,#296,.T.);
#4323=EDGE_CURVE('',#3330,#3426,#2065,.T.);
#4324=EDGE_CURVE('',#3348,#3424,#297,.T.);
#4325=EDGE_CURVE('',#3426,#3336,#2066,.T.);
#4326=EDGE_CURVE('',#3048,#3333,#298,.T.);
#4327=EDGE_CURVE('',#3425,#3045,#299,.T.);
#4328=EDGE_CURVE('',#3334,#3047,#300,.T.);
#4329=EDGE_CURVE('',#3046,#3424,#301,.T.);
#4330=EDGE_CURVE('',#3427,#3428,#2067,.T.);
#4331=EDGE_CURVE('',#3428,#3429,#2068,.T.);
#4332=EDGE_CURVE('',#3429,#3430,#2069,.T.);
#4333=EDGE_CURVE('',#3430,#3427,#2070,.T.);
#4334=EDGE_CURVE('',#3431,#3432,#2071,.T.);
#4335=EDGE_CURVE('',#3432,#3149,#2072,.T.);
#4336=EDGE_CURVE('',#3142,#3092,#2073,.T.);
#4337=EDGE_CURVE('',#3091,#3431,#2074,.T.);
#4338=EDGE_CURVE('',#3388,#2984,#2075,.T.);
#4339=EDGE_CURVE('',#3433,#3392,#2076,.T.);
#4340=EDGE_CURVE('',#3433,#3434,#2077,.T.);
#4341=EDGE_CURVE('',#3435,#3434,#2078,.T.);
#4342=EDGE_CURVE('',#3435,#3436,#2079,.T.);
#4343=EDGE_CURVE('',#3437,#3436,#2080,.T.);
#4344=EDGE_CURVE('',#3437,#3438,#2081,.T.);
#4345=EDGE_CURVE('',#3439,#3438,#2082,.T.);
#4346=EDGE_CURVE('',#3439,#3440,#2083,.T.);
#4347=EDGE_CURVE('',#3440,#3282,#2084,.T.);
#4348=EDGE_CURVE('',#3441,#3279,#2085,.T.);
#4349=EDGE_CURVE('',#3004,#3441,#2086,.T.);
#4350=EDGE_CURVE('',#3442,#3002,#2087,.T.);
#4351=EDGE_CURVE('',#2987,#3442,#2088,.T.);
#4352=EDGE_CURVE('',#2981,#3443,#2089,.T.);
#4353=EDGE_CURVE('',#3443,#3444,#2090,.T.);
#4354=EDGE_CURVE('',#3417,#3444,#2091,.T.);
#4355=EDGE_CURVE('',#3445,#3416,#2092,.T.);
#4356=EDGE_CURVE('',#3433,#3445,#2093,.T.);
#4357=EDGE_CURVE('',#3446,#3447,#2094,.T.);
#4358=EDGE_CURVE('',#3448,#3446,#2095,.T.);
#4359=EDGE_CURVE('',#3052,#3448,#2096,.T.);
#4360=EDGE_CURVE('',#3051,#3449,#2097,.T.);
#4361=EDGE_CURVE('',#3449,#3450,#2098,.T.);
#4362=EDGE_CURVE('',#3451,#3450,#2099,.T.);
#4363=EDGE_CURVE('',#3451,#3447,#2100,.T.);
#4364=EDGE_CURVE('',#3452,#3446,#2101,.T.);
#4365=EDGE_CURVE('',#3453,#3452,#2102,.T.);
#4366=EDGE_CURVE('',#3454,#3453,#2103,.T.);
#4367=EDGE_CURVE('',#3454,#3455,#2104,.T.);
#4368=EDGE_CURVE('',#3455,#3456,#2105,.T.);
#4369=EDGE_CURVE('',#3456,#3423,#2106,.T.);
#4370=EDGE_CURVE('',#3418,#3457,#2107,.T.);
#4371=EDGE_CURVE('',#3457,#3448,#2108,.T.);
#4372=EDGE_CURVE('',#3456,#3437,#2109,.T.);
#4373=EDGE_CURVE('',#3436,#3457,#2110,.T.);
#4374=EDGE_CURVE('',#3458,#3459,#2111,.T.);
#4375=EDGE_CURVE('',#3459,#3439,#2112,.T.);
#4376=EDGE_CURVE('',#3438,#3458,#2113,.T.);
#4377=EDGE_CURVE('',#3459,#3460,#2114,.T.);
#4378=EDGE_CURVE('',#3460,#3440,#2115,.T.);
#4379=EDGE_CURVE('',#3460,#3281,#2116,.T.);
#4380=EDGE_CURVE('',#3278,#3020,#2117,.T.);
#4381=EDGE_CURVE('',#3278,#3038,#302,.T.);
#4382=EDGE_CURVE('',#3284,#3461,#303,.T.);
#4383=EDGE_CURVE('',#3462,#3461,#2118,.T.);
#4384=EDGE_CURVE('',#3462,#3285,#304,.T.);
#4385=EDGE_CURVE('',#3316,#2925,#305,.T.);
#4386=EDGE_CURVE('',#2924,#3337,#306,.T.);
#4387=EDGE_CURVE('',#3463,#3462,#2119,.T.);
#4388=EDGE_CURVE('',#3314,#3463,#607,.T.);
#4389=EDGE_CURVE('',#2935,#3456,#307,.T.);
#4390=EDGE_CURVE('',#2934,#3437,#308,.T.);
#4391=EDGE_CURVE('',#3346,#2929,#309,.T.);
#4392=EDGE_CURVE('',#3347,#2928,#608,.T.);
#4393=EDGE_CURVE('',#2933,#3438,#310,.T.);
#4394=EDGE_CURVE('',#3283,#2922,#311,.T.);
#4395=EDGE_CURVE('',#2921,#3016,#312,.T.);
#4396=EDGE_CURVE('',#3458,#2932,#609,.F.);
#4397=EDGE_CURVE('',#3464,#3018,#610,.T.);
#4398=EDGE_CURVE('',#3465,#3017,#611,.F.);
#4399=EDGE_CURVE('',#3464,#3465,#2120,.T.);
#4400=EDGE_CURVE('',#3017,#2920,#612,.T.);
#4401=EDGE_CURVE('',#2937,#3466,#313,.T.);
#4402=EDGE_CURVE('',#3444,#3466,#2121,.T.);
#4403=EDGE_CURVE('',#3444,#2938,#314,.T.);
#4404=EDGE_CURVE('',#2932,#3043,#613,.F.);
#4405=EDGE_CURVE('',#3044,#2931,#614,.F.);
#4406=EDGE_CURVE('',#2930,#2965,#315,.T.);
#4407=EDGE_CURVE('',#2931,#2964,#615,.F.);
#4408=EDGE_CURVE('',#3465,#2917,#2122,.T.);
#4409=EDGE_CURVE('',#2919,#3465,#616,.T.);
#4410=EDGE_CURVE('',#3427,#2940,#617,.T.);
#4411=EDGE_CURVE('',#2941,#3430,#618,.T.);
#4412=EDGE_CURVE('',#3430,#3467,#619,.F.);
#4413=EDGE_CURVE('',#3468,#3429,#620,.F.);
#4414=EDGE_CURVE('',#3467,#3468,#2123,.T.);
#4415=EDGE_CURVE('',#3429,#2978,#621,.T.);
#4416=EDGE_CURVE('',#2979,#3428,#622,.T.);
#4417=EDGE_CURVE('',#3015,#2972,#316,.T.);
#4418=EDGE_CURVE('',#2977,#3468,#623,.T.);
#4419=EDGE_CURVE('',#3469,#2976,#624,.T.);
#4420=EDGE_CURVE('',#3468,#3469,#2124,.T.);
#4421=EDGE_CURVE('',#2973,#3014,#625,.T.);
#4422=EDGE_CURVE('',#3013,#3470,#626,.T.);
#4423=EDGE_CURVE('',#3471,#3470,#2125,.T.);
#4424=EDGE_CURVE('',#3014,#3471,#627,.F.);
#4425=EDGE_CURVE('',#3471,#2974,#628,.T.);
#4426=EDGE_CURVE('',#3472,#3471,#2126,.T.);
#4427=EDGE_CURVE('',#2975,#3472,#629,.T.);
#4428=EDGE_CURVE('',#3472,#3469,#630,.F.);
#4429=EDGE_CURVE('',#3428,#2981,#631,.F.);
#4430=EDGE_CURVE('',#3443,#3427,#632,.F.);
#4431=EDGE_CURVE('',#3467,#2942,#633,.T.);
#4432=EDGE_CURVE('',#3473,#3467,#2127,.T.);
#4433=EDGE_CURVE('',#2943,#3473,#634,.T.);
#4434=EDGE_CURVE('',#2939,#3443,#635,.T.);
#4435=EDGE_CURVE('',#3432,#3473,#2128,.T.);
#4436=EDGE_CURVE('',#3432,#2946,#317,.T.);
#4437=EDGE_CURVE('',#3473,#2945,#636,.F.);
#4438=EDGE_CURVE('',#3431,#2913,#318,.T.);
#4439=EDGE_CURVE('',#3042,#3459,#319,.T.);
#4440=EDGE_CURVE('',#3043,#3458,#637,.F.);
#4441=EDGE_CURVE('',#2936,#3455,#320,.T.);
#4442=EDGE_CURVE('',#3466,#3455,#2129,.T.);
#4443=EDGE_CURVE('',#3041,#3460,#321,.T.);
#4444=EDGE_CURVE('',#3040,#3281,#322,.T.);
#4445=EDGE_CURVE('',#3474,#3475,#101,.T.);
#4446=EDGE_CURVE('',#3475,#3347,#638,.F.);
#4447=EDGE_CURVE('',#2927,#3474,#639,.T.);
#4448=EDGE_CURVE('',#3039,#3277,#323,.T.);
#4449=EDGE_CURVE('',#2926,#3315,#640,.T.);
#4450=EDGE_CURVE('',#3463,#2926,#102,.F.);
#4451=EDGE_CURVE('',#3323,#3476,#324,.T.);
#4452=EDGE_CURVE('',#3461,#3476,#2130,.T.);
#4453=EDGE_CURVE('',#3322,#3477,#325,.T.);
#4454=EDGE_CURVE('',#3476,#3477,#2131,.T.);
#4455=EDGE_CURVE('',#3396,#3478,#641,.T.);
#4456=EDGE_CURVE('',#3479,#3478,#2132,.T.);
#4457=EDGE_CURVE('',#3479,#3480,#103,.T.);
#4458=EDGE_CURVE('',#3477,#3480,#2133,.T.);
#4459=EDGE_CURVE('',#2894,#3322,#2134,.T.);
#4460=EDGE_CURVE('',#3481,#3482,#2135,.T.);
#4461=EDGE_CURVE('',#3482,#3192,#2136,.T.);
#4462=EDGE_CURVE('',#3194,#3481,#2137,.T.);
#4463=EDGE_CURVE('',#3482,#3483,#642,.T.);
#4464=EDGE_CURVE('',#3191,#3483,#2138,.T.);
#4465=EDGE_CURVE('',#3483,#3484,#2139,.T.);
#4466=EDGE_CURVE('',#3484,#3193,#2140,.T.);
#4467=EDGE_CURVE('',#3485,#3486,#104,.T.);
#4468=EDGE_CURVE('',#3486,#3482,#105,.T.);
#4469=EDGE_CURVE('',#3481,#3487,#326,.F.);
#4470=EDGE_CURVE('',#3485,#3487,#2141,.T.);
#4471=EDGE_CURVE('',#3486,#3488,#643,.T.);
#4472=EDGE_CURVE('',#3488,#3489,#644,.T.);
#4473=EDGE_CURVE('',#3489,#3483,#106,.T.);
#4474=EDGE_CURVE('',#3490,#3491,#645,.T.);
#4475=EDGE_CURVE('',#3484,#3491,#2142,.T.);
#4476=EDGE_CURVE('',#3492,#3484,#327,.T.);
#4477=EDGE_CURVE('',#3490,#3492,#2143,.T.);
#4478=EDGE_CURVE('',#3007,#3493,#2144,.T.);
#4479=EDGE_CURVE('',#3202,#3493,#2145,.T.);
#4480=EDGE_CURVE('',#3493,#3494,#646,.T.);
#4481=EDGE_CURVE('',#3203,#3494,#2146,.T.);
#4482=EDGE_CURVE('',#3494,#3010,#2147,.T.);
#4483=EDGE_CURVE('',#3495,#3496,#107,.T.);
#4484=EDGE_CURVE('',#3496,#3493,#108,.T.);
#4485=EDGE_CURVE('',#3007,#3497,#328,.F.);
#4486=EDGE_CURVE('',#3495,#3497,#2148,.T.);
#4487=EDGE_CURVE('',#3498,#3499,#647,.T.);
#4488=EDGE_CURVE('',#3499,#3498,#648,.T.);
#4489=EDGE_CURVE('',#3498,#3208,#2149,.T.);
#4490=EDGE_CURVE('',#3489,#3500,#109,.T.);
#4491=EDGE_CURVE('',#3492,#3500,#2150,.T.);
#4492=EDGE_CURVE('',#2918,#3490,#2151,.T.);
#4493=EDGE_CURVE('',#3500,#3485,#649,.T.);
#4494=EDGE_CURVE('',#3487,#3464,#2152,.T.);
#4495=EDGE_CURVE('',#3488,#3499,#650,.T.);
#4496=EDGE_CURVE('',#3501,#3502,#651,.T.);
#4497=EDGE_CURVE('',#3502,#3501,#652,.T.);
#4498=EDGE_CURVE('',#3501,#3206,#2153,.T.);
#4499=EDGE_CURVE('',#3496,#3503,#653,.T.);
#4500=EDGE_CURVE('',#3503,#3504,#654,.T.);
#4501=EDGE_CURVE('',#3494,#3504,#110,.T.);
#4502=EDGE_CURVE('',#3504,#3505,#111,.T.);
#4503=EDGE_CURVE('',#3506,#3505,#2154,.T.);
#4504=EDGE_CURVE('',#3506,#3010,#329,.F.);
#4505=EDGE_CURVE('',#3502,#3503,#655,.T.);
#4506=EDGE_CURVE('',#3505,#3495,#656,.T.);
#4507=EDGE_CURVE('',#3312,#3507,#2155,.T.);
#4508=EDGE_CURVE('',#3306,#3507,#2156,.T.);
#4509=EDGE_CURVE('',#3508,#3509,#657,.T.);
#4510=EDGE_CURVE('',#3509,#3404,#2157,.T.);
#4511=EDGE_CURVE('',#3509,#3510,#658,.T.);
#4512=EDGE_CURVE('',#3510,#3508,#112,.T.);
#4513=EDGE_CURVE('',#3510,#3480,#659,.T.);
#4514=EDGE_CURVE('',#3479,#3508,#660,.T.);
#4515=EDGE_CURVE('',#3511,#3512,#113,.T.);
#4516=EDGE_CURVE('',#3480,#3511,#661,.T.);
#4517=EDGE_CURVE('',#3512,#3479,#662,.T.);
#4518=EDGE_CURVE('',#3513,#3514,#663,.T.);
#4519=EDGE_CURVE('',#3514,#3513,#664,.T.);
#4520=EDGE_CURVE('',#3513,#3403,#2158,.T.);
#4521=EDGE_CURVE('',#3515,#3474,#114,.T.);
#4522=EDGE_CURVE('',#3515,#3463,#2159,.T.);
#4523=EDGE_CURVE('',#3514,#3516,#665,.T.);
#4524=EDGE_CURVE('',#3517,#3516,#666,.T.);
#4525=EDGE_CURVE('',#3475,#3517,#115,.T.);
#4526=EDGE_CURVE('',#3516,#3515,#667,.T.);
#4527=EDGE_CURVE('',#3321,#3518,#2160,.T.);
#4528=EDGE_CURVE('',#3518,#3519,#2161,.T.);
#4529=EDGE_CURVE('',#3519,#3520,#2162,.T.);
#4530=EDGE_CURVE('',#3521,#3520,#2163,.T.);
#4531=EDGE_CURVE('',#3521,#3395,#116,.F.);
#4532=EDGE_CURVE('',#2967,#3522,#2164,.T.);
#4533=EDGE_CURVE('',#3522,#3523,#2165,.T.);
#4534=EDGE_CURVE('',#3523,#3524,#2166,.T.);
#4535=EDGE_CURVE('',#3524,#2968,#668,.T.);
#4536=EDGE_CURVE('',#3524,#3525,#669,.T.);
#4537=EDGE_CURVE('',#3338,#3525,#670,.T.);
#4538=EDGE_CURVE('',#3526,#3523,#671,.F.);
#4539=EDGE_CURVE('',#3525,#3526,#2167,.T.);
#4540=EDGE_CURVE('',#3523,#3518,#672,.F.);
#4541=EDGE_CURVE('',#3518,#3526,#673,.F.);
#4542=EDGE_CURVE('',#3337,#3294,#2168,.T.);
#4543=EDGE_CURVE('',#3527,#3431,#2169,.T.);
#4544=EDGE_CURVE('',#3095,#3527,#674,.T.);
#4545=EDGE_CURVE('',#3527,#3490,#675,.T.);
#4546=EDGE_CURVE('',#3491,#3093,#117,.T.);
#4547=EDGE_CURVE('',#3528,#3481,#2170,.T.);
#4548=EDGE_CURVE('',#3094,#3441,#2171,.T.);
#4549=EDGE_CURVE('',#3019,#3528,#676,.T.);
#4550=EDGE_CURVE('',#3528,#3464,#677,.T.);
#4551=EDGE_CURVE('',#3011,#3470,#678,.T.);
#4552=EDGE_CURVE('',#3470,#3506,#2172,.T.);
#4553=EDGE_CURVE('',#3497,#3529,#2173,.T.);
#4554=EDGE_CURVE('',#3529,#3472,#2174,.T.);
#4555=EDGE_CURVE('',#3529,#3530,#679,.T.);
#4556=EDGE_CURVE('',#3469,#3530,#2175,.T.);
#4557=EDGE_CURVE('',#3530,#3005,#118,.F.);
#4558=EDGE_CURVE('',#3529,#3006,#680,.T.);
#4559=EDGE_CURVE('',#3478,#3531,#2176,.T.);
#4560=EDGE_CURVE('',#3531,#3512,#2177,.T.);
#4561=EDGE_CURVE('',#3345,#3532,#681,.T.);
#4562=EDGE_CURVE('',#3532,#3517,#2178,.T.);
#4563=EDGE_CURVE('',#3533,#3521,#682,.T.);
#4564=EDGE_CURVE('',#2960,#3520,#2179,.T.);
#4565=EDGE_CURVE('',#3229,#3534,#2180,.T.);
#4566=EDGE_CURVE('',#3534,#3533,#2181,.T.);
#4567=EDGE_CURVE('',#3533,#3478,#683,.T.);
#4568=EDGE_CURVE('',#3531,#3534,#330,.T.);
#4569=EDGE_CURVE('',#3341,#3535,#684,.T.);
#4570=EDGE_CURVE('',#3536,#3535,#2182,.T.);
#4571=EDGE_CURVE('',#3536,#3342,#685,.T.);
#4572=EDGE_CURVE('',#3312,#3537,#331,.T.);
#4573=EDGE_CURVE('',#3311,#3536,#686,.T.);
#4574=EDGE_CURVE('',#3537,#3536,#2183,.T.);
#4575=EDGE_CURVE('',#3535,#3538,#2184,.T.);
#4576=EDGE_CURVE('',#3538,#3537,#2185,.T.);
#4577=EDGE_CURVE('',#3538,#3507,#332,.T.);
#4578=EDGE_CURVE('',#3539,#3340,#687,.T.);
#4579=EDGE_CURVE('',#3507,#3539,#2186,.T.);
#4580=EDGE_CURVE('',#3539,#3535,#688,.T.);
#4581=EDGE_CURVE('',#3321,#3540,#333,.T.);
#4582=EDGE_CURVE('',#3526,#3540,#2187,.T.);
#4583=EDGE_CURVE('',#3540,#3541,#2188,.T.);
#4584=EDGE_CURVE('',#3541,#3525,#2189,.T.);
#4585=EDGE_CURVE('',#3541,#3339,#689,.T.);
#4586=EDGE_CURVE('',#3541,#3320,#690,.T.);
#4587=EDGE_CURVE('',#3522,#3519,#334,.T.);
#4588=EDGE_CURVE('',#3519,#2961,#2190,.T.);
#4589=EDGE_CURVE('',#3135,#3144,#2191,.T.);
#4590=EDGE_CURVE('',#3068,#3074,#2192,.T.);
#4591=EDGE_CURVE('',#3145,#3134,#2193,.T.);
#4592=EDGE_CURVE('',#3542,#3401,#2194,.T.);
#4593=EDGE_CURVE('',#3542,#3534,#2195,.T.);
#4594=EDGE_CURVE('',#3543,#3542,#691,.T.);
#4595=EDGE_CURVE('',#3511,#3543,#2196,.T.);
#4596=EDGE_CURVE('',#3532,#3544,#2197,.T.);
#4597=EDGE_CURVE('',#3545,#3543,#2198,.T.);
#4598=EDGE_CURVE('',#3544,#3545,#2199,.T.);
#4599=EDGE_CURVE('',#3399,#3544,#2200,.T.);
#4600=EDGE_CURVE('',#3400,#3545,#2201,.T.);
#4601=EDGE_CURVE('',#3546,#3049,#2202,.T.);
#4602=EDGE_CURVE('',#3546,#3449,#2203,.T.);
#4603=EDGE_CURVE('',#3547,#3546,#2204,.T.);
#4604=EDGE_CURVE('',#3450,#3547,#2205,.T.);
#4605=EDGE_CURVE('',#3434,#3547,#2206,.T.);
#4606=EDGE_CURVE('',#3445,#3451,#2207,.T.);
#4607=EDGE_CURVE('',#3050,#3435,#2208,.T.);
#4608=EDGE_CURVE('',#3548,#3454,#2209,.T.);
#4609=EDGE_CURVE('',#3548,#3466,#2210,.T.);
#4610=EDGE_CURVE('',#3447,#3549,#2211,.T.);
#4611=EDGE_CURVE('',#3550,#3548,#2212,.T.);
#4612=EDGE_CURVE('',#3549,#3550,#2213,.T.);
#4613=EDGE_CURVE('',#3452,#3549,#2214,.T.);
#4614=EDGE_CURVE('',#3453,#3550,#2215,.T.);
#4615=EDGE_CURVE('',#2988,#3442,#2216,.T.);
#4616=ORIENTED_EDGE('',*,*,#3551,.F.);
#4617=ORIENTED_EDGE('',*,*,#3552,.F.);
#4618=ORIENTED_EDGE('',*,*,#3553,.F.);
#4619=ORIENTED_EDGE('',*,*,#3554,.T.);
#4620=ORIENTED_EDGE('',*,*,#3555,.T.);
#4621=ORIENTED_EDGE('',*,*,#3556,.F.);
#4622=ORIENTED_EDGE('',*,*,#3557,.T.);
#4623=ORIENTED_EDGE('',*,*,#3558,.F.);
#4624=ORIENTED_EDGE('',*,*,#3554,.F.);
#4625=ORIENTED_EDGE('',*,*,#3559,.T.);
#4626=ORIENTED_EDGE('',*,*,#3560,.T.);
#4627=ORIENTED_EDGE('',*,*,#3561,.F.);
#4628=ORIENTED_EDGE('',*,*,#3555,.F.);
#4629=ORIENTED_EDGE('',*,*,#3562,.T.);
#4630=ORIENTED_EDGE('',*,*,#3563,.F.);
#4631=ORIENTED_EDGE('',*,*,#3564,.T.);
#4632=ORIENTED_EDGE('',*,*,#3565,.F.);
#4633=ORIENTED_EDGE('',*,*,#3566,.F.);
#4634=ORIENTED_EDGE('',*,*,#3567,.F.);
#4635=ORIENTED_EDGE('',*,*,#3568,.T.);
#4636=ORIENTED_EDGE('',*,*,#3569,.F.);
#4637=ORIENTED_EDGE('',*,*,#3570,.F.);
#4638=ORIENTED_EDGE('',*,*,#3571,.F.);
#4639=ORIENTED_EDGE('',*,*,#3572,.F.);
#4640=ORIENTED_EDGE('',*,*,#3573,.F.);
#4641=ORIENTED_EDGE('',*,*,#3570,.T.);
#4642=ORIENTED_EDGE('',*,*,#3574,.T.);
#4643=ORIENTED_EDGE('',*,*,#3575,.T.);
#4644=ORIENTED_EDGE('',*,*,#3576,.F.);
#4645=ORIENTED_EDGE('',*,*,#3577,.T.);
#4646=ORIENTED_EDGE('',*,*,#3578,.T.);
#4647=ORIENTED_EDGE('',*,*,#3579,.F.);
#4648=ORIENTED_EDGE('',*,*,#3580,.F.);
#4649=ORIENTED_EDGE('',*,*,#3581,.F.);
#4650=ORIENTED_EDGE('',*,*,#3582,.F.);
#4651=ORIENTED_EDGE('',*,*,#3583,.F.);
#4652=ORIENTED_EDGE('',*,*,#3565,.T.);
#4653=ORIENTED_EDGE('',*,*,#3584,.F.);
#4654=ORIENTED_EDGE('',*,*,#3585,.F.);
#4655=ORIENTED_EDGE('',*,*,#3586,.F.);
#4656=ORIENTED_EDGE('',*,*,#3587,.F.);
#4657=ORIENTED_EDGE('',*,*,#3574,.F.);
#4658=ORIENTED_EDGE('',*,*,#3569,.T.);
#4659=ORIENTED_EDGE('',*,*,#3588,.T.);
#4660=ORIENTED_EDGE('',*,*,#3589,.F.);
#4661=ORIENTED_EDGE('',*,*,#3590,.F.);
#4662=ORIENTED_EDGE('',*,*,#3591,.F.);
#4663=ORIENTED_EDGE('',*,*,#3592,.T.);
#4664=ORIENTED_EDGE('',*,*,#3593,.T.);
#4665=ORIENTED_EDGE('',*,*,#3594,.T.);
#4666=ORIENTED_EDGE('',*,*,#3595,.T.);
#4667=ORIENTED_EDGE('',*,*,#3596,.T.);
#4668=ORIENTED_EDGE('',*,*,#3597,.T.);
#4669=ORIENTED_EDGE('',*,*,#3589,.T.);
#4670=ORIENTED_EDGE('',*,*,#3598,.T.);
#4671=ORIENTED_EDGE('',*,*,#3591,.T.);
#4672=ORIENTED_EDGE('',*,*,#3599,.F.);
#4673=ORIENTED_EDGE('',*,*,#3600,.T.);
#4674=ORIENTED_EDGE('',*,*,#3601,.T.);
#4675=ORIENTED_EDGE('',*,*,#3602,.T.);
#4676=ORIENTED_EDGE('',*,*,#3599,.T.);
#4677=ORIENTED_EDGE('',*,*,#3590,.T.);
#4678=ORIENTED_EDGE('',*,*,#3597,.F.);
#4679=ORIENTED_EDGE('',*,*,#3603,.T.);
#4680=ORIENTED_EDGE('',*,*,#3598,.F.);
#4681=ORIENTED_EDGE('',*,*,#3604,.T.);
#4682=ORIENTED_EDGE('',*,*,#3605,.T.);
#4683=ORIENTED_EDGE('',*,*,#3606,.T.);
#4684=ORIENTED_EDGE('',*,*,#3607,.T.);
#4685=ORIENTED_EDGE('',*,*,#3608,.T.);
#4686=ORIENTED_EDGE('',*,*,#3609,.T.);
#4687=ORIENTED_EDGE('',*,*,#3610,.T.);
#4688=ORIENTED_EDGE('',*,*,#3611,.T.);
#4689=ORIENTED_EDGE('',*,*,#3612,.T.);
#4690=ORIENTED_EDGE('',*,*,#3613,.T.);
#4691=ORIENTED_EDGE('',*,*,#3614,.T.);
#4692=ORIENTED_EDGE('',*,*,#3615,.T.);
#4693=ORIENTED_EDGE('',*,*,#3616,.T.);
#4694=ORIENTED_EDGE('',*,*,#3617,.T.);
#4695=ORIENTED_EDGE('',*,*,#3618,.T.);
#4696=ORIENTED_EDGE('',*,*,#3619,.T.);
#4697=ORIENTED_EDGE('',*,*,#3620,.T.);
#4698=ORIENTED_EDGE('',*,*,#3621,.T.);
#4699=ORIENTED_EDGE('',*,*,#3622,.T.);
#4700=ORIENTED_EDGE('',*,*,#3623,.T.);
#4701=ORIENTED_EDGE('',*,*,#3624,.T.);
#4702=ORIENTED_EDGE('',*,*,#3625,.T.);
#4703=ORIENTED_EDGE('',*,*,#3626,.T.);
#4704=ORIENTED_EDGE('',*,*,#3627,.T.);
#4705=ORIENTED_EDGE('',*,*,#3628,.T.);
#4706=ORIENTED_EDGE('',*,*,#3629,.T.);
#4707=ORIENTED_EDGE('',*,*,#3630,.T.);
#4708=ORIENTED_EDGE('',*,*,#3592,.F.);
#4709=ORIENTED_EDGE('',*,*,#3588,.F.);
#4710=ORIENTED_EDGE('',*,*,#3593,.F.);
#4711=ORIENTED_EDGE('',*,*,#3630,.F.);
#4712=ORIENTED_EDGE('',*,*,#3631,.F.);
#4713=ORIENTED_EDGE('',*,*,#3632,.F.);
#4714=ORIENTED_EDGE('',*,*,#3594,.F.);
#4715=ORIENTED_EDGE('',*,*,#3632,.T.);
#4716=ORIENTED_EDGE('',*,*,#3633,.T.);
#4717=ORIENTED_EDGE('',*,*,#3634,.T.);
#4718=ORIENTED_EDGE('',*,*,#3635,.T.);
#4719=ORIENTED_EDGE('',*,*,#3636,.T.);
#4720=ORIENTED_EDGE('',*,*,#3637,.T.);
#4721=ORIENTED_EDGE('',*,*,#3638,.T.);
#4722=ORIENTED_EDGE('',*,*,#3639,.F.);
#4723=ORIENTED_EDGE('',*,*,#3640,.T.);
#4724=ORIENTED_EDGE('',*,*,#3641,.T.);
#4725=ORIENTED_EDGE('',*,*,#3642,.T.);
#4726=ORIENTED_EDGE('',*,*,#3643,.T.);
#4727=ORIENTED_EDGE('',*,*,#3644,.T.);
#4728=ORIENTED_EDGE('',*,*,#3645,.T.);
#4729=ORIENTED_EDGE('',*,*,#3644,.F.);
#4730=ORIENTED_EDGE('',*,*,#3646,.T.);
#4731=ORIENTED_EDGE('',*,*,#3639,.T.);
#4732=ORIENTED_EDGE('',*,*,#3558,.T.);
#4733=ORIENTED_EDGE('',*,*,#3647,.T.);
#4734=ORIENTED_EDGE('',*,*,#3648,.F.);
#4735=ORIENTED_EDGE('',*,*,#3649,.T.);
#4736=ORIENTED_EDGE('',*,*,#3650,.F.);
#4737=ORIENTED_EDGE('',*,*,#3651,.F.);
#4738=ORIENTED_EDGE('',*,*,#3652,.F.);
#4739=ORIENTED_EDGE('',*,*,#3653,.T.);
#4740=ORIENTED_EDGE('',*,*,#3640,.F.);
#4741=ORIENTED_EDGE('',*,*,#3646,.F.);
#4742=ORIENTED_EDGE('',*,*,#3643,.F.);
#4743=ORIENTED_EDGE('',*,*,#3654,.F.);
#4744=ORIENTED_EDGE('',*,*,#3655,.T.);
#4745=ORIENTED_EDGE('',*,*,#3656,.T.);
#4746=ORIENTED_EDGE('',*,*,#3657,.T.);
#4747=ORIENTED_EDGE('',*,*,#3658,.F.);
#4748=ORIENTED_EDGE('',*,*,#3551,.T.);
#4749=ORIENTED_EDGE('',*,*,#3635,.F.);
#4750=ORIENTED_EDGE('',*,*,#3653,.F.);
#4751=ORIENTED_EDGE('',*,*,#3659,.F.);
#4752=ORIENTED_EDGE('',*,*,#3660,.F.);
#4753=ORIENTED_EDGE('',*,*,#3661,.T.);
#4754=ORIENTED_EDGE('',*,*,#3662,.F.);
#4755=ORIENTED_EDGE('',*,*,#3663,.F.);
#4756=ORIENTED_EDGE('',*,*,#3664,.F.);
#4757=ORIENTED_EDGE('',*,*,#3636,.F.);
#4758=ORIENTED_EDGE('',*,*,#3664,.T.);
#4759=ORIENTED_EDGE('',*,*,#3665,.T.);
#4760=ORIENTED_EDGE('',*,*,#3666,.T.);
#4761=ORIENTED_EDGE('',*,*,#3667,.T.);
#4762=ORIENTED_EDGE('',*,*,#3668,.T.);
#4763=ORIENTED_EDGE('',*,*,#3669,.T.);
#4764=ORIENTED_EDGE('',*,*,#3670,.T.);
#4765=ORIENTED_EDGE('',*,*,#3671,.T.);
#4766=ORIENTED_EDGE('',*,*,#3672,.T.);
#4767=ORIENTED_EDGE('',*,*,#3673,.T.);
#4768=ORIENTED_EDGE('',*,*,#3674,.T.);
#4769=ORIENTED_EDGE('',*,*,#3637,.F.);
#4770=ORIENTED_EDGE('',*,*,#3674,.F.);
#4771=ORIENTED_EDGE('',*,*,#3675,.F.);
#4772=ORIENTED_EDGE('',*,*,#3676,.F.);
#4773=ORIENTED_EDGE('',*,*,#3677,.T.);
#4774=ORIENTED_EDGE('',*,*,#3678,.T.);
#4775=ORIENTED_EDGE('',*,*,#3654,.T.);
#4776=ORIENTED_EDGE('',*,*,#3642,.F.);
#4777=ORIENTED_EDGE('',*,*,#3679,.T.);
#4778=ORIENTED_EDGE('',*,*,#3680,.T.);
#4779=ORIENTED_EDGE('',*,*,#3681,.F.);
#4780=ORIENTED_EDGE('',*,*,#3682,.T.);
#4781=ORIENTED_EDGE('',*,*,#3683,.T.);
#4782=ORIENTED_EDGE('',*,*,#3684,.T.);
#4783=ORIENTED_EDGE('',*,*,#3685,.T.);
#4784=ORIENTED_EDGE('',*,*,#3686,.T.);
#4785=ORIENTED_EDGE('',*,*,#3687,.T.);
#4786=ORIENTED_EDGE('',*,*,#3688,.T.);
#4787=ORIENTED_EDGE('',*,*,#3689,.T.);
#4788=ORIENTED_EDGE('',*,*,#3690,.T.);
#4789=ORIENTED_EDGE('',*,*,#3678,.F.);
#4790=ORIENTED_EDGE('',*,*,#3691,.F.);
#4791=ORIENTED_EDGE('',*,*,#3692,.F.);
#4792=ORIENTED_EDGE('',*,*,#3693,.F.);
#4793=ORIENTED_EDGE('',*,*,#3694,.F.);
#4794=ORIENTED_EDGE('',*,*,#3695,.F.);
#4795=ORIENTED_EDGE('',*,*,#3696,.F.);
#4796=ORIENTED_EDGE('',*,*,#3697,.T.);
#4797=ORIENTED_EDGE('',*,*,#3698,.T.);
#4798=ORIENTED_EDGE('',*,*,#3697,.F.);
#4799=ORIENTED_EDGE('',*,*,#3699,.F.);
#4800=ORIENTED_EDGE('',*,*,#3685,.F.);
#4801=ORIENTED_EDGE('',*,*,#3700,.T.);
#4802=ORIENTED_EDGE('',*,*,#3701,.T.);
#4803=ORIENTED_EDGE('',*,*,#3702,.F.);
#4804=ORIENTED_EDGE('',*,*,#3686,.F.);
#4805=ORIENTED_EDGE('',*,*,#3702,.T.);
#4806=ORIENTED_EDGE('',*,*,#3703,.T.);
#4807=ORIENTED_EDGE('',*,*,#3704,.T.);
#4808=ORIENTED_EDGE('',*,*,#3705,.T.);
#4809=ORIENTED_EDGE('',*,*,#3706,.T.);
#4810=ORIENTED_EDGE('',*,*,#3707,.F.);
#4811=ORIENTED_EDGE('',*,*,#3708,.F.);
#4812=ORIENTED_EDGE('',*,*,#3709,.F.);
#4813=ORIENTED_EDGE('',*,*,#3710,.T.);
#4814=ORIENTED_EDGE('',*,*,#3711,.T.);
#4815=ORIENTED_EDGE('',*,*,#3712,.T.);
#4816=ORIENTED_EDGE('',*,*,#3687,.F.);
#4817=ORIENTED_EDGE('',*,*,#3712,.F.);
#4818=ORIENTED_EDGE('',*,*,#3713,.T.);
#4819=ORIENTED_EDGE('',*,*,#3714,.T.);
#4820=ORIENTED_EDGE('',*,*,#3715,.T.);
#4821=ORIENTED_EDGE('',*,*,#3716,.T.);
#4822=ORIENTED_EDGE('',*,*,#3717,.T.);
#4823=ORIENTED_EDGE('',*,*,#3718,.T.);
#4824=ORIENTED_EDGE('',*,*,#3719,.T.);
#4825=ORIENTED_EDGE('',*,*,#3720,.F.);
#4826=ORIENTED_EDGE('',*,*,#3721,.T.);
#4827=ORIENTED_EDGE('',*,*,#3722,.F.);
#4828=ORIENTED_EDGE('',*,*,#3723,.F.);
#4829=ORIENTED_EDGE('',*,*,#3724,.F.);
#4830=ORIENTED_EDGE('',*,*,#3725,.F.);
#4831=ORIENTED_EDGE('',*,*,#3726,.F.);
#4832=ORIENTED_EDGE('',*,*,#3727,.F.);
#4833=ORIENTED_EDGE('',*,*,#3728,.F.);
#4834=ORIENTED_EDGE('',*,*,#3729,.F.);
#4835=ORIENTED_EDGE('',*,*,#3730,.F.);
#4836=ORIENTED_EDGE('',*,*,#3731,.F.);
#4837=ORIENTED_EDGE('',*,*,#3732,.F.);
#4838=ORIENTED_EDGE('',*,*,#3733,.F.);
#4839=ORIENTED_EDGE('',*,*,#3734,.F.);
#4840=ORIENTED_EDGE('',*,*,#3735,.F.);
#4841=ORIENTED_EDGE('',*,*,#3736,.F.);
#4842=ORIENTED_EDGE('',*,*,#3737,.F.);
#4843=ORIENTED_EDGE('',*,*,#3559,.F.);
#4844=ORIENTED_EDGE('',*,*,#3553,.T.);
#4845=ORIENTED_EDGE('',*,*,#3738,.F.);
#4846=ORIENTED_EDGE('',*,*,#3562,.F.);
#4847=ORIENTED_EDGE('',*,*,#3688,.F.);
#4848=ORIENTED_EDGE('',*,*,#3721,.F.);
#4849=ORIENTED_EDGE('',*,*,#3739,.F.);
#4850=ORIENTED_EDGE('',*,*,#3740,.F.);
#4851=ORIENTED_EDGE('',*,*,#3689,.F.);
#4852=ORIENTED_EDGE('',*,*,#3740,.T.);
#4853=ORIENTED_EDGE('',*,*,#3741,.T.);
#4854=ORIENTED_EDGE('',*,*,#3742,.T.);
#4855=ORIENTED_EDGE('',*,*,#3743,.T.);
#4856=ORIENTED_EDGE('',*,*,#3744,.T.);
#4857=ORIENTED_EDGE('',*,*,#3745,.T.);
#4858=ORIENTED_EDGE('',*,*,#3746,.T.);
#4859=ORIENTED_EDGE('',*,*,#3747,.T.);
#4860=ORIENTED_EDGE('',*,*,#3748,.T.);
#4861=ORIENTED_EDGE('',*,*,#3749,.T.);
#4862=ORIENTED_EDGE('',*,*,#3750,.T.);
#4863=ORIENTED_EDGE('',*,*,#3751,.T.);
#4864=ORIENTED_EDGE('',*,*,#3752,.T.);
#4865=ORIENTED_EDGE('',*,*,#3690,.F.);
#4866=ORIENTED_EDGE('',*,*,#3748,.F.);
#4867=ORIENTED_EDGE('',*,*,#3753,.F.);
#4868=ORIENTED_EDGE('',*,*,#3655,.F.);
#4869=ORIENTED_EDGE('',*,*,#3754,.F.);
#4870=ORIENTED_EDGE('',*,*,#3755,.F.);
#4871=ORIENTED_EDGE('',*,*,#3756,.F.);
#4872=ORIENTED_EDGE('',*,*,#3757,.F.);
#4873=ORIENTED_EDGE('',*,*,#3758,.F.);
#4874=ORIENTED_EDGE('',*,*,#3759,.F.);
#4875=ORIENTED_EDGE('',*,*,#3760,.F.);
#4876=ORIENTED_EDGE('',*,*,#3761,.F.);
#4877=ORIENTED_EDGE('',*,*,#3762,.F.);
#4878=ORIENTED_EDGE('',*,*,#3763,.F.);
#4879=ORIENTED_EDGE('',*,*,#3764,.T.);
#4880=ORIENTED_EDGE('',*,*,#3765,.T.);
#4881=ORIENTED_EDGE('',*,*,#3766,.T.);
#4882=ORIENTED_EDGE('',*,*,#3767,.T.);
#4883=ORIENTED_EDGE('',*,*,#3764,.F.);
#4884=ORIENTED_EDGE('',*,*,#3767,.F.);
#4885=ORIENTED_EDGE('',*,*,#3768,.T.);
#4886=ORIENTED_EDGE('',*,*,#3769,.T.);
#4887=ORIENTED_EDGE('',*,*,#3765,.F.);
#4888=ORIENTED_EDGE('',*,*,#3769,.F.);
#4889=ORIENTED_EDGE('',*,*,#3762,.T.);
#4890=ORIENTED_EDGE('',*,*,#3770,.T.);
#4891=ORIENTED_EDGE('',*,*,#3771,.T.);
#4892=ORIENTED_EDGE('',*,*,#3772,.F.);
#4893=ORIENTED_EDGE('',*,*,#3761,.T.);
#4894=ORIENTED_EDGE('',*,*,#3773,.T.);
#4895=ORIENTED_EDGE('',*,*,#3774,.T.);
#4896=ORIENTED_EDGE('',*,*,#3775,.T.);
#4897=ORIENTED_EDGE('',*,*,#3776,.T.);
#4898=ORIENTED_EDGE('',*,*,#3770,.F.);
#4899=ORIENTED_EDGE('',*,*,#3775,.F.);
#4900=ORIENTED_EDGE('',*,*,#3777,.T.);
#4901=ORIENTED_EDGE('',*,*,#3778,.F.);
#4902=ORIENTED_EDGE('',*,*,#3779,.F.);
#4903=ORIENTED_EDGE('',*,*,#3780,.T.);
#4904=ORIENTED_EDGE('',*,*,#3780,.F.);
#4905=ORIENTED_EDGE('',*,*,#3781,.F.);
#4906=ORIENTED_EDGE('',*,*,#3771,.F.);
#4907=ORIENTED_EDGE('',*,*,#3776,.F.);
#4908=ORIENTED_EDGE('',*,*,#3768,.F.);
#4909=ORIENTED_EDGE('',*,*,#3766,.F.);
#4910=ORIENTED_EDGE('',*,*,#3782,.F.);
#4911=ORIENTED_EDGE('',*,*,#3783,.T.);
#4912=ORIENTED_EDGE('',*,*,#3784,.F.);
#4913=ORIENTED_EDGE('',*,*,#3785,.T.);
#4914=ORIENTED_EDGE('',*,*,#3786,.T.);
#4915=ORIENTED_EDGE('',*,*,#3787,.F.);
#4916=ORIENTED_EDGE('',*,*,#3788,.F.);
#4917=ORIENTED_EDGE('',*,*,#3789,.T.);
#4918=ORIENTED_EDGE('',*,*,#3790,.T.);
#4919=ORIENTED_EDGE('',*,*,#3789,.F.);
#4920=ORIENTED_EDGE('',*,*,#3791,.F.);
#4921=ORIENTED_EDGE('',*,*,#3792,.T.);
#4922=ORIENTED_EDGE('',*,*,#3793,.T.);
#4923=ORIENTED_EDGE('',*,*,#3794,.T.);
#4924=ORIENTED_EDGE('',*,*,#3795,.T.);
#4925=ORIENTED_EDGE('',*,*,#3794,.F.);
#4926=ORIENTED_EDGE('',*,*,#3796,.T.);
#4927=ORIENTED_EDGE('',*,*,#3797,.T.);
#4928=ORIENTED_EDGE('',*,*,#3798,.T.);
#4929=ORIENTED_EDGE('',*,*,#3797,.F.);
#4930=ORIENTED_EDGE('',*,*,#3799,.T.);
#4931=ORIENTED_EDGE('',*,*,#3800,.F.);
#4932=ORIENTED_EDGE('',*,*,#3801,.T.);
#4933=ORIENTED_EDGE('',*,*,#3802,.F.);
#4934=ORIENTED_EDGE('',*,*,#3793,.F.);
#4935=ORIENTED_EDGE('',*,*,#3796,.F.);
#4936=ORIENTED_EDGE('',*,*,#3803,.T.);
#4937=ORIENTED_EDGE('',*,*,#3804,.T.);
#4938=ORIENTED_EDGE('',*,*,#3805,.F.);
#4939=ORIENTED_EDGE('',*,*,#3806,.T.);
#4940=ORIENTED_EDGE('',*,*,#3807,.F.);
#4941=ORIENTED_EDGE('',*,*,#3808,.T.);
#4942=ORIENTED_EDGE('',*,*,#3809,.T.);
#4943=ORIENTED_EDGE('',*,*,#3810,.F.);
#4944=ORIENTED_EDGE('',*,*,#3811,.T.);
#4945=ORIENTED_EDGE('',*,*,#3812,.F.);
#4946=ORIENTED_EDGE('',*,*,#3813,.F.);
#4947=ORIENTED_EDGE('',*,*,#3814,.F.);
#4948=ORIENTED_EDGE('',*,*,#3815,.F.);
#4949=ORIENTED_EDGE('',*,*,#3816,.F.);
#4950=ORIENTED_EDGE('',*,*,#3817,.F.);
#4951=ORIENTED_EDGE('',*,*,#3818,.F.);
#4952=ORIENTED_EDGE('',*,*,#3819,.T.);
#4953=ORIENTED_EDGE('',*,*,#3820,.F.);
#4954=ORIENTED_EDGE('',*,*,#3819,.F.);
#4955=ORIENTED_EDGE('',*,*,#3821,.F.);
#4956=ORIENTED_EDGE('',*,*,#3822,.F.);
#4957=ORIENTED_EDGE('',*,*,#3823,.F.);
#4958=ORIENTED_EDGE('',*,*,#3813,.T.);
#4959=ORIENTED_EDGE('',*,*,#3824,.F.);
#4960=ORIENTED_EDGE('',*,*,#3816,.T.);
#4961=ORIENTED_EDGE('',*,*,#3825,.F.);
#4962=ORIENTED_EDGE('',*,*,#3822,.T.);
#4963=ORIENTED_EDGE('',*,*,#3826,.F.);
#4964=ORIENTED_EDGE('',*,*,#3827,.F.);
#4965=ORIENTED_EDGE('',*,*,#3828,.F.);
#4966=ORIENTED_EDGE('',*,*,#3829,.T.);
#4967=ORIENTED_EDGE('',*,*,#3830,.F.);
#4968=ORIENTED_EDGE('',*,*,#3829,.F.);
#4969=ORIENTED_EDGE('',*,*,#3831,.F.);
#4970=ORIENTED_EDGE('',*,*,#3832,.F.);
#4971=ORIENTED_EDGE('',*,*,#3833,.F.);
#4972=ORIENTED_EDGE('',*,*,#3834,.F.);
#4973=ORIENTED_EDGE('',*,*,#3835,.F.);
#4974=ORIENTED_EDGE('',*,*,#3836,.F.);
#4975=ORIENTED_EDGE('',*,*,#3837,.F.);
#4976=ORIENTED_EDGE('',*,*,#3827,.T.);
#4977=ORIENTED_EDGE('',*,*,#3838,.F.);
#4978=ORIENTED_EDGE('',*,*,#3833,.T.);
#4979=ORIENTED_EDGE('',*,*,#3839,.F.);
#4980=ORIENTED_EDGE('',*,*,#3836,.T.);
#4981=ORIENTED_EDGE('',*,*,#3834,.T.);
#4982=ORIENTED_EDGE('',*,*,#3838,.T.);
#4983=ORIENTED_EDGE('',*,*,#3832,.T.);
#4984=ORIENTED_EDGE('',*,*,#3840,.F.);
#4985=ORIENTED_EDGE('',*,*,#3841,.T.);
#4986=ORIENTED_EDGE('',*,*,#3842,.T.);
#4987=ORIENTED_EDGE('',*,*,#3841,.F.);
#4988=ORIENTED_EDGE('',*,*,#3843,.F.);
#4989=ORIENTED_EDGE('',*,*,#3835,.T.);
#4990=ORIENTED_EDGE('',*,*,#3839,.T.);
#4991=ORIENTED_EDGE('',*,*,#3842,.F.);
#4992=ORIENTED_EDGE('',*,*,#3844,.F.);
#4993=ORIENTED_EDGE('',*,*,#3826,.T.);
#4994=ORIENTED_EDGE('',*,*,#3843,.T.);
#4995=ORIENTED_EDGE('',*,*,#3840,.T.);
#4996=ORIENTED_EDGE('',*,*,#3831,.T.);
#4997=ORIENTED_EDGE('',*,*,#3828,.T.);
#4998=ORIENTED_EDGE('',*,*,#3837,.T.);
#4999=ORIENTED_EDGE('',*,*,#3817,.T.);
#5000=ORIENTED_EDGE('',*,*,#3824,.T.);
#5001=ORIENTED_EDGE('',*,*,#3815,.T.);
#5002=ORIENTED_EDGE('',*,*,#3845,.T.);
#5003=ORIENTED_EDGE('',*,*,#3846,.T.);
#5004=ORIENTED_EDGE('',*,*,#3847,.F.);
#5005=ORIENTED_EDGE('',*,*,#3846,.F.);
#5006=ORIENTED_EDGE('',*,*,#3848,.T.);
#5007=ORIENTED_EDGE('',*,*,#3821,.T.);
#5008=ORIENTED_EDGE('',*,*,#3825,.T.);
#5009=ORIENTED_EDGE('',*,*,#3847,.T.);
#5010=ORIENTED_EDGE('',*,*,#3849,.T.);
#5011=ORIENTED_EDGE('',*,*,#3812,.T.);
#5012=ORIENTED_EDGE('',*,*,#3818,.T.);
#5013=ORIENTED_EDGE('',*,*,#3848,.F.);
#5014=ORIENTED_EDGE('',*,*,#3845,.F.);
#5015=ORIENTED_EDGE('',*,*,#3814,.T.);
#5016=ORIENTED_EDGE('',*,*,#3823,.T.);
#5017=ORIENTED_EDGE('',*,*,#3850,.T.);
#5018=ORIENTED_EDGE('',*,*,#3802,.T.);
#5019=ORIENTED_EDGE('',*,*,#3851,.F.);
#5020=ORIENTED_EDGE('',*,*,#3852,.T.);
#5021=ORIENTED_EDGE('',*,*,#3810,.T.);
#5022=ORIENTED_EDGE('',*,*,#3853,.T.);
#5023=ORIENTED_EDGE('',*,*,#3803,.F.);
#5024=ORIENTED_EDGE('',*,*,#3854,.T.);
#5025=ORIENTED_EDGE('',*,*,#3855,.T.);
#5026=ORIENTED_EDGE('',*,*,#3856,.T.);
#5027=ORIENTED_EDGE('',*,*,#3857,.T.);
#5028=ORIENTED_EDGE('',*,*,#3858,.F.);
#5029=ORIENTED_EDGE('',*,*,#3859,.T.);
#5030=ORIENTED_EDGE('',*,*,#3860,.T.);
#5031=ORIENTED_EDGE('',*,*,#3861,.T.);
#5032=ORIENTED_EDGE('',*,*,#3856,.F.);
#5033=ORIENTED_EDGE('',*,*,#3862,.T.);
#5034=ORIENTED_EDGE('',*,*,#3863,.T.);
#5035=ORIENTED_EDGE('',*,*,#3864,.T.);
#5036=ORIENTED_EDGE('',*,*,#3865,.T.);
#5037=ORIENTED_EDGE('',*,*,#3866,.T.);
#5038=ORIENTED_EDGE('',*,*,#3867,.T.);
#5039=ORIENTED_EDGE('',*,*,#3868,.T.);
#5040=ORIENTED_EDGE('',*,*,#3787,.T.);
#5041=ORIENTED_EDGE('',*,*,#3869,.T.);
#5042=ORIENTED_EDGE('',*,*,#3860,.F.);
#5043=ORIENTED_EDGE('',*,*,#3870,.T.);
#5044=ORIENTED_EDGE('',*,*,#3858,.T.);
#5045=ORIENTED_EDGE('',*,*,#3773,.F.);
#5046=ORIENTED_EDGE('',*,*,#3760,.T.);
#5047=ORIENTED_EDGE('',*,*,#3871,.T.);
#5048=ORIENTED_EDGE('',*,*,#3863,.F.);
#5049=ORIENTED_EDGE('',*,*,#3799,.F.);
#5050=ORIENTED_EDGE('',*,*,#3850,.F.);
#5051=ORIENTED_EDGE('',*,*,#3872,.T.);
#5052=ORIENTED_EDGE('',*,*,#3792,.F.);
#5053=ORIENTED_EDGE('',*,*,#3873,.F.);
#5054=ORIENTED_EDGE('',*,*,#3874,.F.);
#5055=ORIENTED_EDGE('',*,*,#3875,.F.);
#5056=ORIENTED_EDGE('',*,*,#3876,.T.);
#5057=ORIENTED_EDGE('',*,*,#3877,.T.);
#5058=ORIENTED_EDGE('',*,*,#3878,.F.);
#5059=ORIENTED_EDGE('',*,*,#3879,.T.);
#5060=ORIENTED_EDGE('',*,*,#3876,.F.);
#5061=ORIENTED_EDGE('',*,*,#3880,.T.);
#5062=ORIENTED_EDGE('',*,*,#3881,.F.);
#5063=ORIENTED_EDGE('',*,*,#3882,.T.);
#5064=ORIENTED_EDGE('',*,*,#3883,.T.);
#5065=ORIENTED_EDGE('',*,*,#3884,.F.);
#5066=ORIENTED_EDGE('',*,*,#3885,.T.);
#5067=ORIENTED_EDGE('',*,*,#3886,.T.);
#5068=ORIENTED_EDGE('',*,*,#3801,.F.);
#5069=ORIENTED_EDGE('',*,*,#3887,.F.);
#5070=ORIENTED_EDGE('',*,*,#3888,.T.);
#5071=ORIENTED_EDGE('',*,*,#3889,.T.);
#5072=ORIENTED_EDGE('',*,*,#3885,.F.);
#5073=ORIENTED_EDGE('',*,*,#3890,.F.);
#5074=ORIENTED_EDGE('',*,*,#3891,.T.);
#5075=ORIENTED_EDGE('',*,*,#3892,.T.);
#5076=ORIENTED_EDGE('',*,*,#3893,.T.);
#5077=ORIENTED_EDGE('',*,*,#3894,.T.);
#5078=ORIENTED_EDGE('',*,*,#3851,.T.);
#5079=ORIENTED_EDGE('',*,*,#3895,.T.);
#5080=ORIENTED_EDGE('',*,*,#3878,.T.);
#5081=ORIENTED_EDGE('',*,*,#3896,.T.);
#5082=ORIENTED_EDGE('',*,*,#3888,.F.);
#5083=ORIENTED_EDGE('',*,*,#3897,.T.);
#5084=ORIENTED_EDGE('',*,*,#3874,.T.);
#5085=ORIENTED_EDGE('',*,*,#3898,.T.);
#5086=ORIENTED_EDGE('',*,*,#3899,.F.);
#5087=ORIENTED_EDGE('',*,*,#3900,.T.);
#5088=ORIENTED_EDGE('',*,*,#3901,.T.);
#5089=ORIENTED_EDGE('',*,*,#3902,.T.);
#5090=ORIENTED_EDGE('',*,*,#3903,.F.);
#5091=ORIENTED_EDGE('',*,*,#3904,.F.);
#5092=ORIENTED_EDGE('',*,*,#3899,.T.);
#5093=ORIENTED_EDGE('',*,*,#3905,.T.);
#5094=ORIENTED_EDGE('',*,*,#3901,.F.);
#5095=ORIENTED_EDGE('',*,*,#3905,.F.);
#5096=ORIENTED_EDGE('',*,*,#3898,.F.);
#5097=ORIENTED_EDGE('',*,*,#3873,.T.);
#5098=ORIENTED_EDGE('',*,*,#3791,.T.);
#5099=ORIENTED_EDGE('',*,*,#3788,.T.);
#5100=ORIENTED_EDGE('',*,*,#3868,.F.);
#5101=ORIENTED_EDGE('',*,*,#3906,.F.);
#5102=ORIENTED_EDGE('',*,*,#3902,.F.);
#5103=ORIENTED_EDGE('',*,*,#3904,.T.);
#5104=ORIENTED_EDGE('',*,*,#3900,.F.);
#5105=ORIENTED_EDGE('',*,*,#3880,.F.);
#5106=ORIENTED_EDGE('',*,*,#3875,.T.);
#5107=ORIENTED_EDGE('',*,*,#3897,.F.);
#5108=ORIENTED_EDGE('',*,*,#3907,.T.);
#5109=ORIENTED_EDGE('',*,*,#3908,.T.);
#5110=ORIENTED_EDGE('',*,*,#3909,.T.);
#5111=ORIENTED_EDGE('',*,*,#3910,.F.);
#5112=ORIENTED_EDGE('',*,*,#3911,.T.);
#5113=ORIENTED_EDGE('',*,*,#3912,.T.);
#5114=ORIENTED_EDGE('',*,*,#3913,.T.);
#5115=ORIENTED_EDGE('',*,*,#3891,.F.);
#5116=ORIENTED_EDGE('',*,*,#3914,.F.);
#5117=ORIENTED_EDGE('',*,*,#3910,.T.);
#5118=ORIENTED_EDGE('',*,*,#3915,.T.);
#5119=ORIENTED_EDGE('',*,*,#3912,.F.);
#5120=ORIENTED_EDGE('',*,*,#3916,.F.);
#5121=ORIENTED_EDGE('',*,*,#3917,.F.);
#5122=ORIENTED_EDGE('',*,*,#3918,.F.);
#5123=ORIENTED_EDGE('',*,*,#3892,.F.);
#5124=ORIENTED_EDGE('',*,*,#3913,.F.);
#5125=ORIENTED_EDGE('',*,*,#3915,.F.);
#5126=ORIENTED_EDGE('',*,*,#3909,.F.);
#5127=ORIENTED_EDGE('',*,*,#3919,.T.);
#5128=ORIENTED_EDGE('',*,*,#3864,.F.);
#5129=ORIENTED_EDGE('',*,*,#3920,.T.);
#5130=ORIENTED_EDGE('',*,*,#3921,.F.);
#5131=ORIENTED_EDGE('',*,*,#3783,.F.);
#5132=ORIENTED_EDGE('',*,*,#3914,.T.);
#5133=ORIENTED_EDGE('',*,*,#3911,.F.);
#5134=ORIENTED_EDGE('',*,*,#3890,.T.);
#5135=ORIENTED_EDGE('',*,*,#3884,.T.);
#5136=ORIENTED_EDGE('',*,*,#3907,.F.);
#5137=ORIENTED_EDGE('',*,*,#3922,.T.);
#5138=ORIENTED_EDGE('',*,*,#3923,.T.);
#5139=ORIENTED_EDGE('',*,*,#3924,.T.);
#5140=ORIENTED_EDGE('',*,*,#3925,.T.);
#5141=ORIENTED_EDGE('',*,*,#3926,.T.);
#5142=ORIENTED_EDGE('',*,*,#3927,.T.);
#5143=ORIENTED_EDGE('',*,*,#3922,.F.);
#5144=ORIENTED_EDGE('',*,*,#3928,.F.);
#5145=ORIENTED_EDGE('',*,*,#3929,.T.);
#5146=ORIENTED_EDGE('',*,*,#3930,.T.);
#5147=ORIENTED_EDGE('',*,*,#3923,.F.);
#5148=ORIENTED_EDGE('',*,*,#3927,.F.);
#5149=ORIENTED_EDGE('',*,*,#3681,.T.);
#5150=ORIENTED_EDGE('',*,*,#3931,.T.);
#5151=ORIENTED_EDGE('',*,*,#3924,.F.);
#5152=ORIENTED_EDGE('',*,*,#3930,.F.);
#5153=ORIENTED_EDGE('',*,*,#3932,.T.);
#5154=ORIENTED_EDGE('',*,*,#3928,.T.);
#5155=ORIENTED_EDGE('',*,*,#3925,.F.);
#5156=ORIENTED_EDGE('',*,*,#3931,.F.);
#5157=ORIENTED_EDGE('',*,*,#3933,.F.);
#5158=ORIENTED_EDGE('',*,*,#3934,.F.);
#5159=ORIENTED_EDGE('',*,*,#3935,.F.);
#5160=ORIENTED_EDGE('',*,*,#3936,.F.);
#5161=ORIENTED_EDGE('',*,*,#3937,.T.);
#5162=ORIENTED_EDGE('',*,*,#3938,.T.);
#5163=ORIENTED_EDGE('',*,*,#3933,.T.);
#5164=ORIENTED_EDGE('',*,*,#3939,.F.);
#5165=ORIENTED_EDGE('',*,*,#3940,.T.);
#5166=ORIENTED_EDGE('',*,*,#3939,.T.);
#5167=ORIENTED_EDGE('',*,*,#3936,.T.);
#5168=ORIENTED_EDGE('',*,*,#3941,.F.);
#5169=ORIENTED_EDGE('',*,*,#3942,.T.);
#5170=ORIENTED_EDGE('',*,*,#3941,.T.);
#5171=ORIENTED_EDGE('',*,*,#3935,.T.);
#5172=ORIENTED_EDGE('',*,*,#3943,.F.);
#5173=ORIENTED_EDGE('',*,*,#3944,.T.);
#5174=ORIENTED_EDGE('',*,*,#3943,.T.);
#5175=ORIENTED_EDGE('',*,*,#3934,.T.);
#5176=ORIENTED_EDGE('',*,*,#3938,.F.);
#5177=ORIENTED_EDGE('',*,*,#3945,.T.);
#5178=ORIENTED_EDGE('',*,*,#3946,.T.);
#5179=ORIENTED_EDGE('',*,*,#3947,.F.);
#5180=ORIENTED_EDGE('',*,*,#3946,.F.);
#5181=ORIENTED_EDGE('',*,*,#3948,.T.);
#5182=ORIENTED_EDGE('',*,*,#3949,.T.);
#5183=ORIENTED_EDGE('',*,*,#3950,.F.);
#5184=ORIENTED_EDGE('',*,*,#3949,.F.);
#5185=ORIENTED_EDGE('',*,*,#3951,.T.);
#5186=ORIENTED_EDGE('',*,*,#3952,.T.);
#5187=ORIENTED_EDGE('',*,*,#3953,.F.);
#5188=ORIENTED_EDGE('',*,*,#3952,.F.);
#5189=ORIENTED_EDGE('',*,*,#3954,.T.);
#5190=ORIENTED_EDGE('',*,*,#3955,.T.);
#5191=ORIENTED_EDGE('',*,*,#3956,.F.);
#5192=ORIENTED_EDGE('',*,*,#3955,.F.);
#5193=ORIENTED_EDGE('',*,*,#3759,.T.);
#5194=ORIENTED_EDGE('',*,*,#3957,.T.);
#5195=ORIENTED_EDGE('',*,*,#3958,.T.);
#5196=ORIENTED_EDGE('',*,*,#3957,.F.);
#5197=ORIENTED_EDGE('',*,*,#3758,.T.);
#5198=ORIENTED_EDGE('',*,*,#3959,.T.);
#5199=ORIENTED_EDGE('',*,*,#3960,.T.);
#5200=ORIENTED_EDGE('',*,*,#3959,.F.);
#5201=ORIENTED_EDGE('',*,*,#3961,.F.);
#5202=ORIENTED_EDGE('',*,*,#3962,.T.);
#5203=ORIENTED_EDGE('',*,*,#3963,.T.);
#5204=ORIENTED_EDGE('',*,*,#3964,.F.);
#5205=ORIENTED_EDGE('',*,*,#3965,.T.);
#5206=ORIENTED_EDGE('',*,*,#3966,.T.);
#5207=ORIENTED_EDGE('',*,*,#3849,.F.);
#5208=ORIENTED_EDGE('',*,*,#3967,.T.);
#5209=ORIENTED_EDGE('',*,*,#3968,.T.);
#5210=ORIENTED_EDGE('',*,*,#3969,.T.);
#5211=ORIENTED_EDGE('',*,*,#3967,.F.);
#5212=ORIENTED_EDGE('',*,*,#3968,.F.);
#5213=ORIENTED_EDGE('',*,*,#3969,.F.);
#5214=ORIENTED_EDGE('',*,*,#3970,.T.);
#5215=ORIENTED_EDGE('',*,*,#3966,.F.);
#5216=ORIENTED_EDGE('',*,*,#3970,.F.);
#5217=ORIENTED_EDGE('',*,*,#3971,.T.);
#5218=ORIENTED_EDGE('',*,*,#3844,.T.);
#5219=ORIENTED_EDGE('',*,*,#3972,.T.);
#5220=ORIENTED_EDGE('',*,*,#3973,.T.);
#5221=ORIENTED_EDGE('',*,*,#3974,.T.);
#5222=ORIENTED_EDGE('',*,*,#3972,.F.);
#5223=ORIENTED_EDGE('',*,*,#3973,.F.);
#5224=ORIENTED_EDGE('',*,*,#3974,.F.);
#5225=ORIENTED_EDGE('',*,*,#3975,.T.);
#5226=ORIENTED_EDGE('',*,*,#3971,.F.);
#5227=ORIENTED_EDGE('',*,*,#3975,.F.);
#5228=ORIENTED_EDGE('',*,*,#3976,.T.);
#5229=ORIENTED_EDGE('',*,*,#3977,.T.);
#5230=ORIENTED_EDGE('',*,*,#3708,.T.);
#5231=ORIENTED_EDGE('',*,*,#3978,.F.);
#5232=ORIENTED_EDGE('',*,*,#3979,.T.);
#5233=ORIENTED_EDGE('',*,*,#3979,.F.);
#5234=ORIENTED_EDGE('',*,*,#3980,.T.);
#5235=ORIENTED_EDGE('',*,*,#3981,.F.);
#5236=ORIENTED_EDGE('',*,*,#3982,.F.);
#5237=ORIENTED_EDGE('',*,*,#3980,.F.);
#5238=ORIENTED_EDGE('',*,*,#3983,.F.);
#5239=ORIENTED_EDGE('',*,*,#3984,.T.);
#5240=ORIENTED_EDGE('',*,*,#3965,.F.);
#5241=ORIENTED_EDGE('',*,*,#3984,.F.);
#5242=ORIENTED_EDGE('',*,*,#3985,.F.);
#5243=ORIENTED_EDGE('',*,*,#3986,.F.);
#5244=ORIENTED_EDGE('',*,*,#3987,.T.);
#5245=ORIENTED_EDGE('',*,*,#3893,.F.);
#5246=ORIENTED_EDGE('',*,*,#3918,.T.);
#5247=ORIENTED_EDGE('',*,*,#3988,.F.);
#5248=ORIENTED_EDGE('',*,*,#3989,.T.);
#5249=ORIENTED_EDGE('',*,*,#3990,.F.);
#5250=ORIENTED_EDGE('',*,*,#3991,.F.);
#5251=ORIENTED_EDGE('',*,*,#3992,.F.);
#5252=ORIENTED_EDGE('',*,*,#3993,.F.);
#5253=ORIENTED_EDGE('',*,*,#3994,.T.);
#5254=ORIENTED_EDGE('',*,*,#3995,.F.);
#5255=ORIENTED_EDGE('',*,*,#3994,.F.);
#5256=ORIENTED_EDGE('',*,*,#3988,.T.);
#5257=ORIENTED_EDGE('',*,*,#3996,.T.);
#5258=ORIENTED_EDGE('',*,*,#3997,.T.);
#5259=ORIENTED_EDGE('',*,*,#3998,.F.);
#5260=ORIENTED_EDGE('',*,*,#3999,.T.);
#5261=ORIENTED_EDGE('',*,*,#3992,.T.);
#5262=ORIENTED_EDGE('',*,*,#3993,.T.);
#5263=ORIENTED_EDGE('',*,*,#4000,.T.);
#5264=ORIENTED_EDGE('',*,*,#4001,.T.);
#5265=ORIENTED_EDGE('',*,*,#4002,.T.);
#5266=ORIENTED_EDGE('',*,*,#4000,.F.);
#5267=ORIENTED_EDGE('',*,*,#4001,.F.);
#5268=ORIENTED_EDGE('',*,*,#4002,.F.);
#5269=ORIENTED_EDGE('',*,*,#4003,.T.);
#5270=ORIENTED_EDGE('',*,*,#3999,.F.);
#5271=ORIENTED_EDGE('',*,*,#4003,.F.);
#5272=ORIENTED_EDGE('',*,*,#3782,.T.);
#5273=ORIENTED_EDGE('',*,*,#4004,.T.);
#5274=ORIENTED_EDGE('',*,*,#3996,.F.);
#5275=ORIENTED_EDGE('',*,*,#3991,.T.);
#5276=ORIENTED_EDGE('',*,*,#4005,.F.);
#5277=ORIENTED_EDGE('',*,*,#3916,.T.);
#5278=ORIENTED_EDGE('',*,*,#4006,.F.);
#5279=ORIENTED_EDGE('',*,*,#3648,.T.);
#5280=ORIENTED_EDGE('',*,*,#4007,.T.);
#5281=ORIENTED_EDGE('',*,*,#4008,.T.);
#5282=ORIENTED_EDGE('',*,*,#4009,.F.);
#5283=ORIENTED_EDGE('',*,*,#4010,.F.);
#5284=ORIENTED_EDGE('',*,*,#4011,.F.);
#5285=ORIENTED_EDGE('',*,*,#3649,.F.);
#5286=ORIENTED_EDGE('',*,*,#4006,.T.);
#5287=ORIENTED_EDGE('',*,*,#4012,.T.);
#5288=ORIENTED_EDGE('',*,*,#4013,.T.);
#5289=ORIENTED_EDGE('',*,*,#4014,.T.);
#5290=ORIENTED_EDGE('',*,*,#4015,.T.);
#5291=ORIENTED_EDGE('',*,*,#4016,.F.);
#5292=ORIENTED_EDGE('',*,*,#4017,.F.);
#5293=ORIENTED_EDGE('',*,*,#4018,.F.);
#5294=ORIENTED_EDGE('',*,*,#4019,.T.);
#5295=ORIENTED_EDGE('',*,*,#4012,.F.);
#5296=ORIENTED_EDGE('',*,*,#4020,.F.);
#5297=ORIENTED_EDGE('',*,*,#4010,.T.);
#5298=ORIENTED_EDGE('',*,*,#4021,.F.);
#5299=ORIENTED_EDGE('',*,*,#4022,.T.);
#5300=ORIENTED_EDGE('',*,*,#4013,.F.);
#5301=ORIENTED_EDGE('',*,*,#4019,.F.);
#5302=ORIENTED_EDGE('',*,*,#4009,.T.);
#5303=ORIENTED_EDGE('',*,*,#4023,.T.);
#5304=ORIENTED_EDGE('',*,*,#4021,.T.);
#5305=ORIENTED_EDGE('',*,*,#4018,.T.);
#5306=ORIENTED_EDGE('',*,*,#4024,.F.);
#5307=ORIENTED_EDGE('',*,*,#4025,.F.);
#5308=ORIENTED_EDGE('',*,*,#4026,.F.);
#5309=ORIENTED_EDGE('',*,*,#4027,.T.);
#5310=ORIENTED_EDGE('',*,*,#4028,.T.);
#5311=ORIENTED_EDGE('',*,*,#4027,.F.);
#5312=ORIENTED_EDGE('',*,*,#4029,.F.);
#5313=ORIENTED_EDGE('',*,*,#4030,.T.);
#5314=ORIENTED_EDGE('',*,*,#4031,.T.);
#5315=ORIENTED_EDGE('',*,*,#4030,.F.);
#5316=ORIENTED_EDGE('',*,*,#4025,.T.);
#5317=ORIENTED_EDGE('',*,*,#4032,.T.);
#5318=ORIENTED_EDGE('',*,*,#4017,.T.);
#5319=ORIENTED_EDGE('',*,*,#4032,.F.);
#5320=ORIENTED_EDGE('',*,*,#4024,.T.);
#5321=ORIENTED_EDGE('',*,*,#4033,.T.);
#5322=ORIENTED_EDGE('',*,*,#4016,.T.);
#5323=ORIENTED_EDGE('',*,*,#4033,.F.);
#5324=ORIENTED_EDGE('',*,*,#3677,.F.);
#5325=ORIENTED_EDGE('',*,*,#3699,.T.);
#5326=ORIENTED_EDGE('',*,*,#3696,.T.);
#5327=ORIENTED_EDGE('',*,*,#4034,.F.);
#5328=ORIENTED_EDGE('',*,*,#4035,.F.);
#5329=ORIENTED_EDGE('',*,*,#4036,.F.);
#5330=ORIENTED_EDGE('',*,*,#3691,.T.);
#5331=ORIENTED_EDGE('',*,*,#3698,.F.);
#5332=ORIENTED_EDGE('',*,*,#4037,.F.);
#5333=ORIENTED_EDGE('',*,*,#4038,.F.);
#5334=ORIENTED_EDGE('',*,*,#4039,.F.);
#5335=ORIENTED_EDGE('',*,*,#4040,.F.);
#5336=ORIENTED_EDGE('',*,*,#4041,.T.);
#5337=ORIENTED_EDGE('',*,*,#4042,.T.);
#5338=ORIENTED_EDGE('',*,*,#4043,.F.);
#5339=ORIENTED_EDGE('',*,*,#4044,.F.);
#5340=ORIENTED_EDGE('',*,*,#4045,.F.);
#5341=ORIENTED_EDGE('',*,*,#4046,.F.);
#5342=ORIENTED_EDGE('',*,*,#4042,.F.);
#5343=ORIENTED_EDGE('',*,*,#4047,.T.);
#5344=ORIENTED_EDGE('',*,*,#4044,.T.);
#5345=ORIENTED_EDGE('',*,*,#4047,.F.);
#5346=ORIENTED_EDGE('',*,*,#4041,.F.);
#5347=ORIENTED_EDGE('',*,*,#4048,.F.);
#5348=ORIENTED_EDGE('',*,*,#4049,.F.);
#5349=ORIENTED_EDGE('',*,*,#4050,.F.);
#5350=ORIENTED_EDGE('',*,*,#4051,.F.);
#5351=ORIENTED_EDGE('',*,*,#4052,.F.);
#5352=ORIENTED_EDGE('',*,*,#4053,.F.);
#5353=ORIENTED_EDGE('',*,*,#4054,.F.);
#5354=ORIENTED_EDGE('',*,*,#4055,.F.);
#5355=ORIENTED_EDGE('',*,*,#4056,.F.);
#5356=ORIENTED_EDGE('',*,*,#4057,.T.);
#5357=ORIENTED_EDGE('',*,*,#4058,.T.);
#5358=ORIENTED_EDGE('',*,*,#4059,.F.);
#5359=ORIENTED_EDGE('',*,*,#4056,.T.);
#5360=ORIENTED_EDGE('',*,*,#4060,.T.);
#5361=ORIENTED_EDGE('',*,*,#4057,.F.);
#5362=ORIENTED_EDGE('',*,*,#4060,.F.);
#5363=ORIENTED_EDGE('',*,*,#4055,.T.);
#5364=ORIENTED_EDGE('',*,*,#4061,.F.);
#5365=ORIENTED_EDGE('',*,*,#4062,.F.);
#5366=ORIENTED_EDGE('',*,*,#4063,.F.);
#5367=ORIENTED_EDGE('',*,*,#4064,.F.);
#5368=ORIENTED_EDGE('',*,*,#4065,.F.);
#5369=ORIENTED_EDGE('',*,*,#4066,.F.);
#5370=ORIENTED_EDGE('',*,*,#4067,.F.);
#5371=ORIENTED_EDGE('',*,*,#4068,.F.);
#5372=ORIENTED_EDGE('',*,*,#4069,.F.);
#5373=ORIENTED_EDGE('',*,*,#4070,.T.);
#5374=ORIENTED_EDGE('',*,*,#4071,.T.);
#5375=ORIENTED_EDGE('',*,*,#4072,.F.);
#5376=ORIENTED_EDGE('',*,*,#4069,.T.);
#5377=ORIENTED_EDGE('',*,*,#4073,.T.);
#5378=ORIENTED_EDGE('',*,*,#4070,.F.);
#5379=ORIENTED_EDGE('',*,*,#4073,.F.);
#5380=ORIENTED_EDGE('',*,*,#4068,.T.);
#5381=ORIENTED_EDGE('',*,*,#4074,.F.);
#5382=ORIENTED_EDGE('',*,*,#4075,.F.);
#5383=ORIENTED_EDGE('',*,*,#4076,.F.);
#5384=ORIENTED_EDGE('',*,*,#4077,.F.);
#5385=ORIENTED_EDGE('',*,*,#4077,.T.);
#5386=ORIENTED_EDGE('',*,*,#4078,.F.);
#5387=ORIENTED_EDGE('',*,*,#4075,.T.);
#5388=ORIENTED_EDGE('',*,*,#4079,.F.);
#5389=ORIENTED_EDGE('',*,*,#4065,.T.);
#5390=ORIENTED_EDGE('',*,*,#4080,.F.);
#5391=ORIENTED_EDGE('',*,*,#4076,.T.);
#5392=ORIENTED_EDGE('',*,*,#4078,.T.);
#5393=ORIENTED_EDGE('',*,*,#4064,.T.);
#5394=ORIENTED_EDGE('',*,*,#4072,.T.);
#5395=ORIENTED_EDGE('',*,*,#4079,.T.);
#5396=ORIENTED_EDGE('',*,*,#4074,.T.);
#5397=ORIENTED_EDGE('',*,*,#4067,.T.);
#5398=ORIENTED_EDGE('',*,*,#4081,.T.);
#5399=ORIENTED_EDGE('',*,*,#3722,.T.);
#5400=ORIENTED_EDGE('',*,*,#4081,.F.);
#5401=ORIENTED_EDGE('',*,*,#4066,.T.);
#5402=ORIENTED_EDGE('',*,*,#4080,.T.);
#5403=ORIENTED_EDGE('',*,*,#4052,.T.);
#5404=ORIENTED_EDGE('',*,*,#4059,.T.);
#5405=ORIENTED_EDGE('',*,*,#4082,.T.);
#5406=ORIENTED_EDGE('',*,*,#4062,.T.);
#5407=ORIENTED_EDGE('',*,*,#4083,.T.);
#5408=ORIENTED_EDGE('',*,*,#3723,.T.);
#5409=ORIENTED_EDGE('',*,*,#4083,.F.);
#5410=ORIENTED_EDGE('',*,*,#4061,.T.);
#5411=ORIENTED_EDGE('',*,*,#4054,.T.);
#5412=ORIENTED_EDGE('',*,*,#4084,.T.);
#5413=ORIENTED_EDGE('',*,*,#4053,.T.);
#5414=ORIENTED_EDGE('',*,*,#4084,.F.);
#5415=ORIENTED_EDGE('',*,*,#4063,.T.);
#5416=ORIENTED_EDGE('',*,*,#4082,.F.);
#5417=ORIENTED_EDGE('',*,*,#4051,.T.);
#5418=ORIENTED_EDGE('',*,*,#4085,.F.);
#5419=ORIENTED_EDGE('',*,*,#4049,.T.);
#5420=ORIENTED_EDGE('',*,*,#4086,.F.);
#5421=ORIENTED_EDGE('',*,*,#4039,.T.);
#5422=ORIENTED_EDGE('',*,*,#4087,.F.);
#5423=ORIENTED_EDGE('',*,*,#4050,.T.);
#5424=ORIENTED_EDGE('',*,*,#4085,.T.);
#5425=ORIENTED_EDGE('',*,*,#4038,.T.);
#5426=ORIENTED_EDGE('',*,*,#4088,.T.);
#5427=ORIENTED_EDGE('',*,*,#3724,.T.);
#5428=ORIENTED_EDGE('',*,*,#4088,.F.);
#5429=ORIENTED_EDGE('',*,*,#4043,.T.);
#5430=ORIENTED_EDGE('',*,*,#4046,.T.);
#5431=ORIENTED_EDGE('',*,*,#4086,.T.);
#5432=ORIENTED_EDGE('',*,*,#4048,.T.);
#5433=ORIENTED_EDGE('',*,*,#4040,.T.);
#5434=ORIENTED_EDGE('',*,*,#4087,.T.);
#5435=ORIENTED_EDGE('',*,*,#4034,.T.);
#5436=ORIENTED_EDGE('',*,*,#3695,.T.);
#5437=ORIENTED_EDGE('',*,*,#4089,.T.);
#5438=ORIENTED_EDGE('',*,*,#3725,.T.);
#5439=ORIENTED_EDGE('',*,*,#4089,.F.);
#5440=ORIENTED_EDGE('',*,*,#3694,.T.);
#5441=ORIENTED_EDGE('',*,*,#4090,.F.);
#5442=ORIENTED_EDGE('',*,*,#3692,.T.);
#5443=ORIENTED_EDGE('',*,*,#4036,.T.);
#5444=ORIENTED_EDGE('',*,*,#4091,.F.);
#5445=ORIENTED_EDGE('',*,*,#4035,.T.);
#5446=ORIENTED_EDGE('',*,*,#4091,.T.);
#5447=ORIENTED_EDGE('',*,*,#3693,.T.);
#5448=ORIENTED_EDGE('',*,*,#4090,.T.);
#5449=ORIENTED_EDGE('',*,*,#4092,.T.);
#5450=ORIENTED_EDGE('',*,*,#4093,.T.);
#5451=ORIENTED_EDGE('',*,*,#4094,.T.);
#5452=ORIENTED_EDGE('',*,*,#4095,.F.);
#5453=ORIENTED_EDGE('',*,*,#4096,.T.);
#5454=ORIENTED_EDGE('',*,*,#4095,.T.);
#5455=ORIENTED_EDGE('',*,*,#4097,.F.);
#5456=ORIENTED_EDGE('',*,*,#4098,.F.);
#5457=ORIENTED_EDGE('',*,*,#4099,.T.);
#5458=ORIENTED_EDGE('',*,*,#4100,.F.);
#5459=ORIENTED_EDGE('',*,*,#4101,.T.);
#5460=ORIENTED_EDGE('',*,*,#3716,.F.);
#5461=ORIENTED_EDGE('',*,*,#4102,.T.);
#5462=ORIENTED_EDGE('',*,*,#4103,.T.);
#5463=ORIENTED_EDGE('',*,*,#4104,.F.);
#5464=ORIENTED_EDGE('',*,*,#4105,.F.);
#5465=ORIENTED_EDGE('',*,*,#4106,.T.);
#5466=ORIENTED_EDGE('',*,*,#4107,.T.);
#5467=ORIENTED_EDGE('',*,*,#4108,.T.);
#5468=ORIENTED_EDGE('',*,*,#4109,.T.);
#5469=ORIENTED_EDGE('',*,*,#4110,.T.);
#5470=ORIENTED_EDGE('',*,*,#4111,.F.);
#5471=ORIENTED_EDGE('',*,*,#4112,.T.);
#5472=ORIENTED_EDGE('',*,*,#4113,.T.);
#5473=ORIENTED_EDGE('',*,*,#4114,.T.);
#5474=ORIENTED_EDGE('',*,*,#4115,.T.);
#5475=ORIENTED_EDGE('',*,*,#4116,.F.);
#5476=ORIENTED_EDGE('',*,*,#4117,.F.);
#5477=ORIENTED_EDGE('',*,*,#4104,.T.);
#5478=ORIENTED_EDGE('',*,*,#4118,.T.);
#5479=ORIENTED_EDGE('',*,*,#4109,.F.);
#5480=ORIENTED_EDGE('',*,*,#4116,.T.);
#5481=ORIENTED_EDGE('',*,*,#4119,.T.);
#5482=ORIENTED_EDGE('',*,*,#4120,.T.);
#5483=ORIENTED_EDGE('',*,*,#3727,.T.);
#5484=ORIENTED_EDGE('',*,*,#4121,.F.);
#5485=ORIENTED_EDGE('',*,*,#4122,.T.);
#5486=ORIENTED_EDGE('',*,*,#4121,.T.);
#5487=ORIENTED_EDGE('',*,*,#3726,.T.);
#5488=ORIENTED_EDGE('',*,*,#4123,.F.);
#5489=ORIENTED_EDGE('',*,*,#4124,.T.);
#5490=ORIENTED_EDGE('',*,*,#4106,.F.);
#5491=ORIENTED_EDGE('',*,*,#4125,.F.);
#5492=ORIENTED_EDGE('',*,*,#4126,.T.);
#5493=ORIENTED_EDGE('',*,*,#4127,.F.);
#5494=ORIENTED_EDGE('',*,*,#4128,.F.);
#5495=ORIENTED_EDGE('',*,*,#4129,.T.);
#5496=ORIENTED_EDGE('',*,*,#4130,.T.);
#5497=ORIENTED_EDGE('',*,*,#4131,.F.);
#5498=ORIENTED_EDGE('',*,*,#4127,.T.);
#5499=ORIENTED_EDGE('',*,*,#4132,.T.);
#5500=ORIENTED_EDGE('',*,*,#4123,.T.);
#5501=ORIENTED_EDGE('',*,*,#3729,.T.);
#5502=ORIENTED_EDGE('',*,*,#4133,.F.);
#5503=ORIENTED_EDGE('',*,*,#4134,.T.);
#5504=ORIENTED_EDGE('',*,*,#4133,.T.);
#5505=ORIENTED_EDGE('',*,*,#3728,.T.);
#5506=ORIENTED_EDGE('',*,*,#4120,.F.);
#5507=ORIENTED_EDGE('',*,*,#4135,.T.);
#5508=ORIENTED_EDGE('',*,*,#4136,.F.);
#5509=ORIENTED_EDGE('',*,*,#4137,.F.);
#5510=ORIENTED_EDGE('',*,*,#4138,.T.);
#5511=ORIENTED_EDGE('',*,*,#4139,.T.);
#5512=ORIENTED_EDGE('',*,*,#4140,.T.);
#5513=ORIENTED_EDGE('',*,*,#4129,.F.);
#5514=ORIENTED_EDGE('',*,*,#4141,.F.);
#5515=ORIENTED_EDGE('',*,*,#4136,.T.);
#5516=ORIENTED_EDGE('',*,*,#4142,.T.);
#5517=ORIENTED_EDGE('',*,*,#4122,.F.);
#5518=ORIENTED_EDGE('',*,*,#4125,.T.);
#5519=ORIENTED_EDGE('',*,*,#4105,.T.);
#5520=ORIENTED_EDGE('',*,*,#4117,.T.);
#5521=ORIENTED_EDGE('',*,*,#4143,.F.);
#5522=ORIENTED_EDGE('',*,*,#4144,.T.);
#5523=ORIENTED_EDGE('',*,*,#4145,.T.);
#5524=ORIENTED_EDGE('',*,*,#4146,.T.);
#5525=ORIENTED_EDGE('',*,*,#4147,.F.);
#5526=ORIENTED_EDGE('',*,*,#4110,.F.);
#5527=ORIENTED_EDGE('',*,*,#4118,.F.);
#5528=ORIENTED_EDGE('',*,*,#4103,.F.);
#5529=ORIENTED_EDGE('',*,*,#4148,.F.);
#5530=ORIENTED_EDGE('',*,*,#4134,.F.);
#5531=ORIENTED_EDGE('',*,*,#4137,.T.);
#5532=ORIENTED_EDGE('',*,*,#4141,.T.);
#5533=ORIENTED_EDGE('',*,*,#4128,.T.);
#5534=ORIENTED_EDGE('',*,*,#4149,.F.);
#5535=ORIENTED_EDGE('',*,*,#4150,.T.);
#5536=ORIENTED_EDGE('',*,*,#3731,.T.);
#5537=ORIENTED_EDGE('',*,*,#4151,.F.);
#5538=ORIENTED_EDGE('',*,*,#3576,.T.);
#5539=ORIENTED_EDGE('',*,*,#3577,.F.);
#5540=ORIENTED_EDGE('',*,*,#4151,.T.);
#5541=ORIENTED_EDGE('',*,*,#3730,.T.);
#5542=ORIENTED_EDGE('',*,*,#4152,.F.);
#5543=ORIENTED_EDGE('',*,*,#4152,.T.);
#5544=ORIENTED_EDGE('',*,*,#3733,.T.);
#5545=ORIENTED_EDGE('',*,*,#4153,.F.);
#5546=ORIENTED_EDGE('',*,*,#3578,.F.);
#5547=ORIENTED_EDGE('',*,*,#3575,.F.);
#5548=ORIENTED_EDGE('',*,*,#4153,.T.);
#5549=ORIENTED_EDGE('',*,*,#3732,.T.);
#5550=ORIENTED_EDGE('',*,*,#4150,.F.);
#5551=ORIENTED_EDGE('',*,*,#4154,.T.);
#5552=ORIENTED_EDGE('',*,*,#4155,.T.);
#5553=ORIENTED_EDGE('',*,*,#4156,.T.);
#5554=ORIENTED_EDGE('',*,*,#4157,.T.);
#5555=ORIENTED_EDGE('',*,*,#4158,.T.);
#5556=ORIENTED_EDGE('',*,*,#4143,.T.);
#5557=ORIENTED_EDGE('',*,*,#4159,.T.);
#5558=ORIENTED_EDGE('',*,*,#4148,.T.);
#5559=ORIENTED_EDGE('',*,*,#4159,.F.);
#5560=ORIENTED_EDGE('',*,*,#4149,.T.);
#5561=ORIENTED_EDGE('',*,*,#4160,.T.);
#5562=ORIENTED_EDGE('',*,*,#4161,.T.);
#5563=ORIENTED_EDGE('',*,*,#4160,.F.);
#5564=ORIENTED_EDGE('',*,*,#3579,.T.);
#5565=ORIENTED_EDGE('',*,*,#4162,.T.);
#5566=ORIENTED_EDGE('',*,*,#4163,.T.);
#5567=ORIENTED_EDGE('',*,*,#4162,.F.);
#5568=ORIENTED_EDGE('',*,*,#3582,.T.);
#5569=ORIENTED_EDGE('',*,*,#4164,.T.);
#5570=ORIENTED_EDGE('',*,*,#4165,.T.);
#5571=ORIENTED_EDGE('',*,*,#4164,.F.);
#5572=ORIENTED_EDGE('',*,*,#3580,.T.);
#5573=ORIENTED_EDGE('',*,*,#4166,.T.);
#5574=ORIENTED_EDGE('',*,*,#4167,.T.);
#5575=ORIENTED_EDGE('',*,*,#4166,.F.);
#5576=ORIENTED_EDGE('',*,*,#3581,.T.);
#5577=ORIENTED_EDGE('',*,*,#4168,.T.);
#5578=ORIENTED_EDGE('',*,*,#4169,.T.);
#5579=ORIENTED_EDGE('',*,*,#4168,.F.);
#5580=ORIENTED_EDGE('',*,*,#4170,.F.);
#5581=ORIENTED_EDGE('',*,*,#4171,.T.);
#5582=ORIENTED_EDGE('',*,*,#4172,.T.);
#5583=ORIENTED_EDGE('',*,*,#4173,.F.);
#5584=ORIENTED_EDGE('',*,*,#4174,.T.);
#5585=ORIENTED_EDGE('',*,*,#4175,.T.);
#5586=ORIENTED_EDGE('',*,*,#4176,.T.);
#5587=ORIENTED_EDGE('',*,*,#4171,.F.);
#5588=ORIENTED_EDGE('',*,*,#4177,.T.);
#5589=ORIENTED_EDGE('',*,*,#4178,.T.);
#5590=ORIENTED_EDGE('',*,*,#4179,.T.);
#5591=ORIENTED_EDGE('',*,*,#4180,.T.);
#5592=ORIENTED_EDGE('',*,*,#4111,.T.);
#5593=ORIENTED_EDGE('',*,*,#4147,.T.);
#5594=ORIENTED_EDGE('',*,*,#4026,.T.);
#5595=ORIENTED_EDGE('',*,*,#3662,.T.);
#5596=ORIENTED_EDGE('',*,*,#4181,.F.);
#5597=ORIENTED_EDGE('',*,*,#4182,.T.);
#5598=ORIENTED_EDGE('',*,*,#4183,.T.);
#5599=ORIENTED_EDGE('',*,*,#4158,.F.);
#5600=ORIENTED_EDGE('',*,*,#4184,.T.);
#5601=ORIENTED_EDGE('',*,*,#4107,.F.);
#5602=ORIENTED_EDGE('',*,*,#4124,.F.);
#5603=ORIENTED_EDGE('',*,*,#4132,.F.);
#5604=ORIENTED_EDGE('',*,*,#4126,.F.);
#5605=ORIENTED_EDGE('',*,*,#4185,.F.);
#5606=ORIENTED_EDGE('',*,*,#4186,.T.);
#5607=ORIENTED_EDGE('',*,*,#4187,.T.);
#5608=ORIENTED_EDGE('',*,*,#4188,.T.);
#5609=ORIENTED_EDGE('',*,*,#4142,.F.);
#5610=ORIENTED_EDGE('',*,*,#4135,.F.);
#5611=ORIENTED_EDGE('',*,*,#4119,.F.);
#5612=ORIENTED_EDGE('',*,*,#4115,.F.);
#5613=ORIENTED_EDGE('',*,*,#4189,.T.);
#5614=ORIENTED_EDGE('',*,*,#4100,.T.);
#5615=ORIENTED_EDGE('',*,*,#4190,.F.);
#5616=ORIENTED_EDGE('',*,*,#4191,.F.);
#5617=ORIENTED_EDGE('',*,*,#4192,.F.);
#5618=ORIENTED_EDGE('',*,*,#4193,.T.);
#5619=ORIENTED_EDGE('',*,*,#4194,.T.);
#5620=ORIENTED_EDGE('',*,*,#4195,.T.);
#5621=ORIENTED_EDGE('',*,*,#4196,.F.);
#5622=ORIENTED_EDGE('',*,*,#4172,.F.);
#5623=ORIENTED_EDGE('',*,*,#4176,.F.);
#5624=ORIENTED_EDGE('',*,*,#4197,.T.);
#5625=ORIENTED_EDGE('',*,*,#4197,.F.);
#5626=ORIENTED_EDGE('',*,*,#4198,.T.);
#5627=ORIENTED_EDGE('',*,*,#4199,.F.);
#5628=ORIENTED_EDGE('',*,*,#4200,.F.);
#5629=ORIENTED_EDGE('',*,*,#4198,.F.);
#5630=ORIENTED_EDGE('',*,*,#4199,.T.);
#5631=ORIENTED_EDGE('',*,*,#4200,.T.);
#5632=ORIENTED_EDGE('',*,*,#4201,.T.);
#5633=ORIENTED_EDGE('',*,*,#4202,.T.);
#5634=ORIENTED_EDGE('',*,*,#4203,.T.);
#5635=ORIENTED_EDGE('',*,*,#4201,.F.);
#5636=ORIENTED_EDGE('',*,*,#4202,.F.);
#5637=ORIENTED_EDGE('',*,*,#4203,.F.);
#5638=ORIENTED_EDGE('',*,*,#4204,.T.);
#5639=ORIENTED_EDGE('',*,*,#4205,.F.);
#5640=ORIENTED_EDGE('',*,*,#4204,.F.);
#5641=ORIENTED_EDGE('',*,*,#4206,.T.);
#5642=ORIENTED_EDGE('',*,*,#4190,.T.);
#5643=ORIENTED_EDGE('',*,*,#4207,.T.);
#5644=ORIENTED_EDGE('',*,*,#4206,.F.);
#5645=ORIENTED_EDGE('',*,*,#4207,.F.);
#5646=ORIENTED_EDGE('',*,*,#4208,.T.);
#5647=ORIENTED_EDGE('',*,*,#4209,.T.);
#5648=ORIENTED_EDGE('',*,*,#4210,.T.);
#5649=ORIENTED_EDGE('',*,*,#4211,.F.);
#5650=ORIENTED_EDGE('',*,*,#4212,.F.);
#5651=ORIENTED_EDGE('',*,*,#4211,.T.);
#5652=ORIENTED_EDGE('',*,*,#4213,.T.);
#5653=ORIENTED_EDGE('',*,*,#3734,.T.);
#5654=ORIENTED_EDGE('',*,*,#4214,.T.);
#5655=ORIENTED_EDGE('',*,*,#3736,.T.);
#5656=ORIENTED_EDGE('',*,*,#4215,.T.);
#5657=ORIENTED_EDGE('',*,*,#4209,.F.);
#5658=ORIENTED_EDGE('',*,*,#4037,.T.);
#5659=ORIENTED_EDGE('',*,*,#4216,.T.);
#5660=ORIENTED_EDGE('',*,*,#4217,.T.);
#5661=ORIENTED_EDGE('',*,*,#4218,.T.);
#5662=ORIENTED_EDGE('',*,*,#4216,.F.);
#5663=ORIENTED_EDGE('',*,*,#4219,.T.);
#5664=ORIENTED_EDGE('',*,*,#4217,.F.);
#5665=ORIENTED_EDGE('',*,*,#4218,.F.);
#5666=ORIENTED_EDGE('',*,*,#4220,.T.);
#5667=ORIENTED_EDGE('',*,*,#4219,.F.);
#5668=ORIENTED_EDGE('',*,*,#4220,.F.);
#5669=ORIENTED_EDGE('',*,*,#4045,.T.);
#5670=ORIENTED_EDGE('',*,*,#4221,.T.);
#5671=ORIENTED_EDGE('',*,*,#4222,.T.);
#5672=ORIENTED_EDGE('',*,*,#4223,.T.);
#5673=ORIENTED_EDGE('',*,*,#4221,.F.);
#5674=ORIENTED_EDGE('',*,*,#4224,.T.);
#5675=ORIENTED_EDGE('',*,*,#4222,.F.);
#5676=ORIENTED_EDGE('',*,*,#4223,.F.);
#5677=ORIENTED_EDGE('',*,*,#4225,.T.);
#5678=ORIENTED_EDGE('',*,*,#4224,.F.);
#5679=ORIENTED_EDGE('',*,*,#4225,.F.);
#5680=ORIENTED_EDGE('',*,*,#4058,.F.);
#5681=ORIENTED_EDGE('',*,*,#4226,.T.);
#5682=ORIENTED_EDGE('',*,*,#4227,.T.);
#5683=ORIENTED_EDGE('',*,*,#4228,.T.);
#5684=ORIENTED_EDGE('',*,*,#4226,.F.);
#5685=ORIENTED_EDGE('',*,*,#4229,.T.);
#5686=ORIENTED_EDGE('',*,*,#4227,.F.);
#5687=ORIENTED_EDGE('',*,*,#4228,.F.);
#5688=ORIENTED_EDGE('',*,*,#4230,.T.);
#5689=ORIENTED_EDGE('',*,*,#4229,.F.);
#5690=ORIENTED_EDGE('',*,*,#4230,.F.);
#5691=ORIENTED_EDGE('',*,*,#4071,.F.);
#5692=ORIENTED_EDGE('',*,*,#4231,.T.);
#5693=ORIENTED_EDGE('',*,*,#4232,.T.);
#5694=ORIENTED_EDGE('',*,*,#4233,.T.);
#5695=ORIENTED_EDGE('',*,*,#4231,.F.);
#5696=ORIENTED_EDGE('',*,*,#4234,.T.);
#5697=ORIENTED_EDGE('',*,*,#4232,.F.);
#5698=ORIENTED_EDGE('',*,*,#4233,.F.);
#5699=ORIENTED_EDGE('',*,*,#4235,.T.);
#5700=ORIENTED_EDGE('',*,*,#4234,.F.);
#5701=ORIENTED_EDGE('',*,*,#4235,.F.);
#5702=ORIENTED_EDGE('',*,*,#4210,.F.);
#5703=ORIENTED_EDGE('',*,*,#4215,.F.);
#5704=ORIENTED_EDGE('',*,*,#3735,.T.);
#5705=ORIENTED_EDGE('',*,*,#4213,.F.);
#5706=ORIENTED_EDGE('',*,*,#4236,.T.);
#5707=ORIENTED_EDGE('',*,*,#4236,.F.);
#5708=ORIENTED_EDGE('',*,*,#4237,.T.);
#5709=ORIENTED_EDGE('',*,*,#4238,.F.);
#5710=ORIENTED_EDGE('',*,*,#4239,.F.);
#5711=ORIENTED_EDGE('',*,*,#4237,.F.);
#5712=ORIENTED_EDGE('',*,*,#4208,.F.);
#5713=ORIENTED_EDGE('',*,*,#4212,.T.);
#5714=ORIENTED_EDGE('',*,*,#3737,.T.);
#5715=ORIENTED_EDGE('',*,*,#4214,.F.);
#5716=ORIENTED_EDGE('',*,*,#4240,.T.);
#5717=ORIENTED_EDGE('',*,*,#4238,.T.);
#5718=ORIENTED_EDGE('',*,*,#4239,.T.);
#5719=ORIENTED_EDGE('',*,*,#4241,.T.);
#5720=ORIENTED_EDGE('',*,*,#4242,.T.);
#5721=ORIENTED_EDGE('',*,*,#4243,.T.);
#5722=ORIENTED_EDGE('',*,*,#4241,.F.);
#5723=ORIENTED_EDGE('',*,*,#4240,.F.);
#5724=ORIENTED_EDGE('',*,*,#4244,.T.);
#5725=ORIENTED_EDGE('',*,*,#4242,.F.);
#5726=ORIENTED_EDGE('',*,*,#4243,.F.);
#5727=ORIENTED_EDGE('',*,*,#4244,.F.);
#5728=ORIENTED_EDGE('',*,*,#4245,.T.);
#5729=ORIENTED_EDGE('',*,*,#4246,.T.);
#5730=ORIENTED_EDGE('',*,*,#4247,.T.);
#5731=ORIENTED_EDGE('',*,*,#4248,.T.);
#5732=ORIENTED_EDGE('',*,*,#4249,.T.);
#5733=ORIENTED_EDGE('',*,*,#4250,.T.);
#5734=ORIENTED_EDGE('',*,*,#4251,.T.);
#5735=ORIENTED_EDGE('',*,*,#4252,.T.);
#5736=ORIENTED_EDGE('',*,*,#4253,.T.);
#5737=ORIENTED_EDGE('',*,*,#4254,.F.);
#5738=ORIENTED_EDGE('',*,*,#4255,.T.);
#5739=ORIENTED_EDGE('',*,*,#4256,.T.);
#5740=ORIENTED_EDGE('',*,*,#4257,.T.);
#5741=ORIENTED_EDGE('',*,*,#4258,.T.);
#5742=ORIENTED_EDGE('',*,*,#4259,.T.);
#5743=ORIENTED_EDGE('',*,*,#4260,.T.);
#5744=ORIENTED_EDGE('',*,*,#4261,.F.);
#5745=ORIENTED_EDGE('',*,*,#4246,.F.);
#5746=ORIENTED_EDGE('',*,*,#4262,.F.);
#5747=ORIENTED_EDGE('',*,*,#4252,.F.);
#5748=ORIENTED_EDGE('',*,*,#4251,.F.);
#5749=ORIENTED_EDGE('',*,*,#4263,.T.);
#5750=ORIENTED_EDGE('',*,*,#4253,.F.);
#5751=ORIENTED_EDGE('',*,*,#4264,.F.);
#5752=ORIENTED_EDGE('',*,*,#4250,.F.);
#5753=ORIENTED_EDGE('',*,*,#4265,.T.);
#5754=ORIENTED_EDGE('',*,*,#4266,.F.);
#5755=ORIENTED_EDGE('',*,*,#4263,.F.);
#5756=ORIENTED_EDGE('',*,*,#4260,.F.);
#5757=ORIENTED_EDGE('',*,*,#4265,.F.);
#5758=ORIENTED_EDGE('',*,*,#4249,.F.);
#5759=ORIENTED_EDGE('',*,*,#4267,.F.);
#5760=ORIENTED_EDGE('',*,*,#4268,.F.);
#5761=ORIENTED_EDGE('',*,*,#4247,.F.);
#5762=ORIENTED_EDGE('',*,*,#4269,.F.);
#5763=ORIENTED_EDGE('',*,*,#4256,.F.);
#5764=ORIENTED_EDGE('',*,*,#4261,.T.);
#5765=ORIENTED_EDGE('',*,*,#4264,.T.);
#5766=ORIENTED_EDGE('',*,*,#4269,.T.);
#5767=ORIENTED_EDGE('',*,*,#4270,.F.);
#5768=ORIENTED_EDGE('',*,*,#4257,.F.);
#5769=ORIENTED_EDGE('',*,*,#4271,.F.);
#5770=ORIENTED_EDGE('',*,*,#4245,.F.);
#5771=ORIENTED_EDGE('',*,*,#4267,.T.);
#5772=ORIENTED_EDGE('',*,*,#4262,.T.);
#5773=ORIENTED_EDGE('',*,*,#4271,.T.);
#5774=ORIENTED_EDGE('',*,*,#4029,.T.);
#5775=ORIENTED_EDGE('',*,*,#3586,.T.);
#5776=ORIENTED_EDGE('',*,*,#3568,.F.);
#5777=ORIENTED_EDGE('',*,*,#4272,.T.);
#5778=ORIENTED_EDGE('',*,*,#4273,.T.);
#5779=ORIENTED_EDGE('',*,*,#4274,.T.);
#5780=ORIENTED_EDGE('',*,*,#4275,.T.);
#5781=ORIENTED_EDGE('',*,*,#3571,.T.);
#5782=ORIENTED_EDGE('',*,*,#3587,.T.);
#5783=ORIENTED_EDGE('',*,*,#4273,.F.);
#5784=ORIENTED_EDGE('',*,*,#4276,.T.);
#5785=ORIENTED_EDGE('',*,*,#3584,.T.);
#5786=ORIENTED_EDGE('',*,*,#3564,.F.);
#5787=ORIENTED_EDGE('',*,*,#4277,.T.);
#5788=ORIENTED_EDGE('',*,*,#4278,.T.);
#5789=ORIENTED_EDGE('',*,*,#3585,.T.);
#5790=ORIENTED_EDGE('',*,*,#4278,.F.);
#5791=ORIENTED_EDGE('',*,*,#4279,.T.);
#5792=ORIENTED_EDGE('',*,*,#4280,.T.);
#5793=ORIENTED_EDGE('',*,*,#3583,.T.);
#5794=ORIENTED_EDGE('',*,*,#4280,.F.);
#5795=ORIENTED_EDGE('',*,*,#4281,.F.);
#5796=ORIENTED_EDGE('',*,*,#3566,.T.);
#5797=ORIENTED_EDGE('',*,*,#4282,.F.);
#5798=ORIENTED_EDGE('',*,*,#4283,.F.);
#5799=ORIENTED_EDGE('',*,*,#4284,.F.);
#5800=ORIENTED_EDGE('',*,*,#4285,.T.);
#5801=ORIENTED_EDGE('',*,*,#4007,.F.);
#5802=ORIENTED_EDGE('',*,*,#3647,.F.);
#5803=ORIENTED_EDGE('',*,*,#3557,.F.);
#5804=ORIENTED_EDGE('',*,*,#4286,.F.);
#5805=ORIENTED_EDGE('',*,*,#4287,.F.);
#5806=ORIENTED_EDGE('',*,*,#3657,.F.);
#5807=ORIENTED_EDGE('',*,*,#4288,.T.);
#5808=ORIENTED_EDGE('',*,*,#4192,.T.);
#5809=ORIENTED_EDGE('',*,*,#4289,.F.);
#5810=ORIENTED_EDGE('',*,*,#4031,.F.);
#5811=ORIENTED_EDGE('',*,*,#4028,.F.);
#5812=ORIENTED_EDGE('',*,*,#4290,.F.);
#5813=ORIENTED_EDGE('',*,*,#4287,.T.);
#5814=ORIENTED_EDGE('',*,*,#4291,.F.);
#5815=ORIENTED_EDGE('',*,*,#3560,.F.);
#5816=ORIENTED_EDGE('',*,*,#3738,.T.);
#5817=ORIENTED_EDGE('',*,*,#3552,.T.);
#5818=ORIENTED_EDGE('',*,*,#3658,.T.);
#5819=ORIENTED_EDGE('',*,*,#4286,.T.);
#5820=ORIENTED_EDGE('',*,*,#3556,.T.);
#5821=ORIENTED_EDGE('',*,*,#3561,.T.);
#5822=ORIENTED_EDGE('',*,*,#4291,.T.);
#5823=ORIENTED_EDGE('',*,*,#4292,.F.);
#5824=ORIENTED_EDGE('',*,*,#4293,.F.);
#5825=ORIENTED_EDGE('',*,*,#3989,.F.);
#5826=ORIENTED_EDGE('',*,*,#3998,.T.);
#5827=ORIENTED_EDGE('',*,*,#4294,.T.);
#5828=ORIENTED_EDGE('',*,*,#4295,.F.);
#5829=ORIENTED_EDGE('',*,*,#4296,.F.);
#5830=ORIENTED_EDGE('',*,*,#4297,.T.);
#5831=ORIENTED_EDGE('',*,*,#3986,.T.);
#5832=ORIENTED_EDGE('',*,*,#3917,.T.);
#5833=ORIENTED_EDGE('',*,*,#4005,.T.);
#5834=ORIENTED_EDGE('',*,*,#3990,.T.);
#5835=ORIENTED_EDGE('',*,*,#4293,.T.);
#5836=ORIENTED_EDGE('',*,*,#4298,.F.);
#5837=ORIENTED_EDGE('',*,*,#3995,.T.);
#5838=ORIENTED_EDGE('',*,*,#4299,.T.);
#5839=ORIENTED_EDGE('',*,*,#4300,.F.);
#5840=ORIENTED_EDGE('',*,*,#4301,.T.);
#5841=ORIENTED_EDGE('',*,*,#4302,.F.);
#5842=ORIENTED_EDGE('',*,*,#4303,.T.);
#5843=ORIENTED_EDGE('',*,*,#4304,.F.);
#5844=ORIENTED_EDGE('',*,*,#4305,.T.);
#5845=ORIENTED_EDGE('',*,*,#4306,.T.);
#5846=ORIENTED_EDGE('',*,*,#4307,.T.);
#5847=ORIENTED_EDGE('',*,*,#4302,.T.);
#5848=ORIENTED_EDGE('',*,*,#4308,.T.);
#5849=ORIENTED_EDGE('',*,*,#4304,.T.);
#5850=ORIENTED_EDGE('',*,*,#4309,.T.);
#5851=ORIENTED_EDGE('',*,*,#4296,.T.);
#5852=ORIENTED_EDGE('',*,*,#4310,.F.);
#5853=ORIENTED_EDGE('',*,*,#4311,.F.);
#5854=ORIENTED_EDGE('',*,*,#4312,.T.);
#5855=ORIENTED_EDGE('',*,*,#4313,.T.);
#5856=ORIENTED_EDGE('',*,*,#4311,.T.);
#5857=ORIENTED_EDGE('',*,*,#4314,.F.);
#5858=ORIENTED_EDGE('',*,*,#4295,.T.);
#5859=ORIENTED_EDGE('',*,*,#4315,.T.);
#5860=ORIENTED_EDGE('',*,*,#4316,.F.);
#5861=ORIENTED_EDGE('',*,*,#4298,.T.);
#5862=ORIENTED_EDGE('',*,*,#4292,.T.);
#5863=ORIENTED_EDGE('',*,*,#4314,.T.);
#5864=ORIENTED_EDGE('',*,*,#4310,.T.);
#5865=ORIENTED_EDGE('',*,*,#4317,.T.);
#5866=ORIENTED_EDGE('',*,*,#4318,.T.);
#5867=ORIENTED_EDGE('',*,*,#4316,.T.);
#5868=ORIENTED_EDGE('',*,*,#4319,.T.);
#5869=ORIENTED_EDGE('',*,*,#4306,.F.);
#5870=ORIENTED_EDGE('',*,*,#4320,.T.);
#5871=ORIENTED_EDGE('',*,*,#4300,.T.);
#5872=ORIENTED_EDGE('',*,*,#4321,.T.);
#5873=ORIENTED_EDGE('',*,*,#4322,.T.);
#5874=ORIENTED_EDGE('',*,*,#4323,.F.);
#5875=ORIENTED_EDGE('',*,*,#4173,.T.);
#5876=ORIENTED_EDGE('',*,*,#4196,.T.);
#5877=ORIENTED_EDGE('',*,*,#4324,.T.);
#5878=ORIENTED_EDGE('',*,*,#4325,.T.);
#5879=ORIENTED_EDGE('',*,*,#4177,.F.);
#5880=ORIENTED_EDGE('',*,*,#4170,.T.);
#5881=ORIENTED_EDGE('',*,*,#4323,.T.);
#5882=ORIENTED_EDGE('',*,*,#4205,.T.);
#5883=ORIENTED_EDGE('',*,*,#3752,.F.);
#5884=ORIENTED_EDGE('',*,*,#4326,.T.);
#5885=ORIENTED_EDGE('',*,*,#4178,.F.);
#5886=ORIENTED_EDGE('',*,*,#4325,.F.);
#5887=ORIENTED_EDGE('',*,*,#4322,.F.);
#5888=ORIENTED_EDGE('',*,*,#4327,.T.);
#5889=ORIENTED_EDGE('',*,*,#4195,.F.);
#5890=ORIENTED_EDGE('',*,*,#4175,.F.);
#5891=ORIENTED_EDGE('',*,*,#4328,.T.);
#5892=ORIENTED_EDGE('',*,*,#3750,.F.);
#5893=ORIENTED_EDGE('',*,*,#4329,.T.);
#5894=ORIENTED_EDGE('',*,*,#4324,.F.);
#5895=ORIENTED_EDGE('',*,*,#3749,.F.);
#5896=ORIENTED_EDGE('',*,*,#4327,.F.);
#5897=ORIENTED_EDGE('',*,*,#4321,.F.);
#5898=ORIENTED_EDGE('',*,*,#4329,.F.);
#5899=ORIENTED_EDGE('',*,*,#3751,.F.);
#5900=ORIENTED_EDGE('',*,*,#4328,.F.);
#5901=ORIENTED_EDGE('',*,*,#4174,.F.);
#5902=ORIENTED_EDGE('',*,*,#4326,.F.);
#5903=ORIENTED_EDGE('',*,*,#4330,.T.);
#5904=ORIENTED_EDGE('',*,*,#4331,.T.);
#5905=ORIENTED_EDGE('',*,*,#4332,.T.);
#5906=ORIENTED_EDGE('',*,*,#4333,.T.);
#5907=ORIENTED_EDGE('',*,*,#4334,.T.);
#5908=ORIENTED_EDGE('',*,*,#4335,.T.);
#5909=ORIENTED_EDGE('',*,*,#3887,.T.);
#5910=ORIENTED_EDGE('',*,*,#3800,.T.);
#5911=ORIENTED_EDGE('',*,*,#3879,.F.);
#5912=ORIENTED_EDGE('',*,*,#4336,.T.);
#5913=ORIENTED_EDGE('',*,*,#3805,.T.);
#5914=ORIENTED_EDGE('',*,*,#4337,.T.);
#5915=ORIENTED_EDGE('',*,*,#3682,.F.);
#5916=ORIENTED_EDGE('',*,*,#3929,.F.);
#5917=ORIENTED_EDGE('',*,*,#3926,.F.);
#5918=ORIENTED_EDGE('',*,*,#3932,.F.);
#5919=ORIENTED_EDGE('',*,*,#3680,.F.);
#5920=ORIENTED_EDGE('',*,*,#4338,.F.);
#5921=ORIENTED_EDGE('',*,*,#4254,.T.);
#5922=ORIENTED_EDGE('',*,*,#4266,.T.);
#5923=ORIENTED_EDGE('',*,*,#4259,.F.);
#5924=ORIENTED_EDGE('',*,*,#4339,.F.);
#5925=ORIENTED_EDGE('',*,*,#4340,.T.);
#5926=ORIENTED_EDGE('',*,*,#4341,.F.);
#5927=ORIENTED_EDGE('',*,*,#4342,.T.);
#5928=ORIENTED_EDGE('',*,*,#4343,.F.);
#5929=ORIENTED_EDGE('',*,*,#4344,.T.);
#5930=ORIENTED_EDGE('',*,*,#4345,.F.);
#5931=ORIENTED_EDGE('',*,*,#4346,.T.);
#5932=ORIENTED_EDGE('',*,*,#4347,.T.);
#5933=ORIENTED_EDGE('',*,*,#4097,.T.);
#5934=ORIENTED_EDGE('',*,*,#4094,.F.);
#5935=ORIENTED_EDGE('',*,*,#4348,.F.);
#5936=ORIENTED_EDGE('',*,*,#4349,.F.);
#5937=ORIENTED_EDGE('',*,*,#3703,.F.);
#5938=ORIENTED_EDGE('',*,*,#3701,.F.);
#5939=ORIENTED_EDGE('',*,*,#4350,.F.);
#5940=ORIENTED_EDGE('',*,*,#4351,.F.);
#5941=ORIENTED_EDGE('',*,*,#3944,.F.);
#5942=ORIENTED_EDGE('',*,*,#3937,.F.);
#5943=ORIENTED_EDGE('',*,*,#3940,.F.);
#5944=ORIENTED_EDGE('',*,*,#3942,.F.);
#5945=ORIENTED_EDGE('',*,*,#3641,.F.);
#5946=ORIENTED_EDGE('',*,*,#3645,.F.);
#5947=ORIENTED_EDGE('',*,*,#3638,.F.);
#5948=ORIENTED_EDGE('',*,*,#3676,.T.);
#5949=ORIENTED_EDGE('',*,*,#4352,.T.);
#5950=ORIENTED_EDGE('',*,*,#4353,.T.);
#5951=ORIENTED_EDGE('',*,*,#4354,.F.);
#5952=ORIENTED_EDGE('',*,*,#4305,.F.);
#5953=ORIENTED_EDGE('',*,*,#4355,.F.);
#5954=ORIENTED_EDGE('',*,*,#4356,.F.);
#5955=ORIENTED_EDGE('',*,*,#4339,.T.);
#5956=ORIENTED_EDGE('',*,*,#4258,.F.);
#5957=ORIENTED_EDGE('',*,*,#4270,.T.);
#5958=ORIENTED_EDGE('',*,*,#4248,.F.);
#5959=ORIENTED_EDGE('',*,*,#4268,.T.);
#5960=ORIENTED_EDGE('',*,*,#4255,.F.);
#5961=ORIENTED_EDGE('',*,*,#4338,.T.);
#5962=ORIENTED_EDGE('',*,*,#3679,.F.);
#5963=ORIENTED_EDGE('',*,*,#3862,.F.);
#5964=ORIENTED_EDGE('',*,*,#3859,.F.);
#5965=ORIENTED_EDGE('',*,*,#3855,.F.);
#5966=ORIENTED_EDGE('',*,*,#3870,.F.);
#5967=ORIENTED_EDGE('',*,*,#3889,.F.);
#5968=ORIENTED_EDGE('',*,*,#3896,.F.);
#5969=ORIENTED_EDGE('',*,*,#3877,.F.);
#5970=ORIENTED_EDGE('',*,*,#3886,.F.);
#5971=ORIENTED_EDGE('',*,*,#4357,.F.);
#5972=ORIENTED_EDGE('',*,*,#4358,.F.);
#5973=ORIENTED_EDGE('',*,*,#4359,.F.);
#5974=ORIENTED_EDGE('',*,*,#3756,.T.);
#5975=ORIENTED_EDGE('',*,*,#4360,.T.);
#5976=ORIENTED_EDGE('',*,*,#4361,.T.);
#5977=ORIENTED_EDGE('',*,*,#4362,.F.);
#5978=ORIENTED_EDGE('',*,*,#4363,.T.);
#5979=ORIENTED_EDGE('',*,*,#4364,.F.);
#5980=ORIENTED_EDGE('',*,*,#4365,.F.);
#5981=ORIENTED_EDGE('',*,*,#4366,.F.);
#5982=ORIENTED_EDGE('',*,*,#4367,.T.);
#5983=ORIENTED_EDGE('',*,*,#4368,.T.);
#5984=ORIENTED_EDGE('',*,*,#4369,.T.);
#5985=ORIENTED_EDGE('',*,*,#4317,.F.);
#5986=ORIENTED_EDGE('',*,*,#4299,.F.);
#5987=ORIENTED_EDGE('',*,*,#4307,.F.);
#5988=ORIENTED_EDGE('',*,*,#4370,.T.);
#5989=ORIENTED_EDGE('',*,*,#4371,.T.);
#5990=ORIENTED_EDGE('',*,*,#4358,.T.);
#5991=ORIENTED_EDGE('',*,*,#3956,.T.);
#5992=ORIENTED_EDGE('',*,*,#3953,.T.);
#5993=ORIENTED_EDGE('',*,*,#3950,.T.);
#5994=ORIENTED_EDGE('',*,*,#3947,.T.);
#5995=ORIENTED_EDGE('',*,*,#4372,.T.);
#5996=ORIENTED_EDGE('',*,*,#4343,.T.);
#5997=ORIENTED_EDGE('',*,*,#4373,.T.);
#5998=ORIENTED_EDGE('',*,*,#4370,.F.);
#5999=ORIENTED_EDGE('',*,*,#4312,.F.);
#6000=ORIENTED_EDGE('',*,*,#4313,.F.);
#6001=ORIENTED_EDGE('',*,*,#4318,.F.);
#6002=ORIENTED_EDGE('',*,*,#4369,.F.);
#6003=ORIENTED_EDGE('',*,*,#4374,.T.);
#6004=ORIENTED_EDGE('',*,*,#4375,.T.);
#6005=ORIENTED_EDGE('',*,*,#4345,.T.);
#6006=ORIENTED_EDGE('',*,*,#4376,.T.);
#6007=ORIENTED_EDGE('',*,*,#4377,.T.);
#6008=ORIENTED_EDGE('',*,*,#4378,.T.);
#6009=ORIENTED_EDGE('',*,*,#4346,.F.);
#6010=ORIENTED_EDGE('',*,*,#4375,.F.);
#6011=ORIENTED_EDGE('',*,*,#4379,.T.);
#6012=ORIENTED_EDGE('',*,*,#4098,.T.);
#6013=ORIENTED_EDGE('',*,*,#4347,.F.);
#6014=ORIENTED_EDGE('',*,*,#4378,.F.);
#6015=ORIENTED_EDGE('',*,*,#3741,.F.);
#6016=ORIENTED_EDGE('',*,*,#3739,.T.);
#6017=ORIENTED_EDGE('',*,*,#4380,.F.);
#6018=ORIENTED_EDGE('',*,*,#4381,.T.);
#6019=ORIENTED_EDGE('',*,*,#4102,.F.);
#6020=ORIENTED_EDGE('',*,*,#4382,.T.);
#6021=ORIENTED_EDGE('',*,*,#4383,.F.);
#6022=ORIENTED_EDGE('',*,*,#4384,.T.);
#6023=ORIENTED_EDGE('',*,*,#4179,.F.);
#6024=ORIENTED_EDGE('',*,*,#4385,.T.);
#6025=ORIENTED_EDGE('',*,*,#3610,.F.);
#6026=ORIENTED_EDGE('',*,*,#4386,.T.);
#6027=ORIENTED_EDGE('',*,*,#4144,.F.);
#6028=ORIENTED_EDGE('',*,*,#4384,.F.);
#6029=ORIENTED_EDGE('',*,*,#4387,.F.);
#6030=ORIENTED_EDGE('',*,*,#4388,.F.);
#6031=ORIENTED_EDGE('',*,*,#4372,.F.);
#6032=ORIENTED_EDGE('',*,*,#4389,.F.);
#6033=ORIENTED_EDGE('',*,*,#3620,.F.);
#6034=ORIENTED_EDGE('',*,*,#4390,.T.);
#6035=ORIENTED_EDGE('',*,*,#4193,.F.);
#6036=ORIENTED_EDGE('',*,*,#4391,.T.);
#6037=ORIENTED_EDGE('',*,*,#3614,.F.);
#6038=ORIENTED_EDGE('',*,*,#4392,.F.);
#6039=ORIENTED_EDGE('',*,*,#4344,.F.);
#6040=ORIENTED_EDGE('',*,*,#4390,.F.);
#6041=ORIENTED_EDGE('',*,*,#3619,.F.);
#6042=ORIENTED_EDGE('',*,*,#4393,.T.);
#6043=ORIENTED_EDGE('',*,*,#4101,.F.);
#6044=ORIENTED_EDGE('',*,*,#4394,.T.);
#6045=ORIENTED_EDGE('',*,*,#3607,.F.);
#6046=ORIENTED_EDGE('',*,*,#4395,.T.);
#6047=ORIENTED_EDGE('',*,*,#4376,.F.);
#6048=ORIENTED_EDGE('',*,*,#4393,.F.);
#6049=ORIENTED_EDGE('',*,*,#3618,.F.);
#6050=ORIENTED_EDGE('',*,*,#4396,.F.);
#6051=ORIENTED_EDGE('',*,*,#4397,.T.);
#6052=ORIENTED_EDGE('',*,*,#3718,.F.);
#6053=ORIENTED_EDGE('',*,*,#4398,.F.);
#6054=ORIENTED_EDGE('',*,*,#4399,.F.);
#6055=ORIENTED_EDGE('',*,*,#3717,.F.);
#6056=ORIENTED_EDGE('',*,*,#4395,.F.);
#6057=ORIENTED_EDGE('',*,*,#3606,.F.);
#6058=ORIENTED_EDGE('',*,*,#4400,.F.);
#6059=ORIENTED_EDGE('',*,*,#3623,.F.);
#6060=ORIENTED_EDGE('',*,*,#4401,.T.);
#6061=ORIENTED_EDGE('',*,*,#4402,.F.);
#6062=ORIENTED_EDGE('',*,*,#4403,.T.);
#6063=ORIENTED_EDGE('',*,*,#4404,.F.);
#6064=ORIENTED_EDGE('',*,*,#3617,.F.);
#6065=ORIENTED_EDGE('',*,*,#4405,.F.);
#6066=ORIENTED_EDGE('',*,*,#3747,.F.);
#6067=ORIENTED_EDGE('',*,*,#3616,.F.);
#6068=ORIENTED_EDGE('',*,*,#4406,.T.);
#6069=ORIENTED_EDGE('',*,*,#3656,.F.);
#6070=ORIENTED_EDGE('',*,*,#4407,.F.);
#6071=ORIENTED_EDGE('',*,*,#3601,.F.);
#6072=ORIENTED_EDGE('',*,*,#4408,.F.);
#6073=ORIENTED_EDGE('',*,*,#4409,.F.);
#6074=ORIENTED_EDGE('',*,*,#3604,.F.);
#6075=ORIENTED_EDGE('',*,*,#4410,.F.);
#6076=ORIENTED_EDGE('',*,*,#4333,.F.);
#6077=ORIENTED_EDGE('',*,*,#4411,.F.);
#6078=ORIENTED_EDGE('',*,*,#3626,.F.);
#6079=ORIENTED_EDGE('',*,*,#4412,.F.);
#6080=ORIENTED_EDGE('',*,*,#4332,.F.);
#6081=ORIENTED_EDGE('',*,*,#4413,.F.);
#6082=ORIENTED_EDGE('',*,*,#4414,.F.);
#6083=ORIENTED_EDGE('',*,*,#4415,.F.);
#6084=ORIENTED_EDGE('',*,*,#4331,.F.);
#6085=ORIENTED_EDGE('',*,*,#4416,.F.);
#6086=ORIENTED_EDGE('',*,*,#3672,.F.);
#6087=ORIENTED_EDGE('',*,*,#3665,.F.);
#6088=ORIENTED_EDGE('',*,*,#3663,.T.);
#6089=ORIENTED_EDGE('',*,*,#4099,.F.);
#6090=ORIENTED_EDGE('',*,*,#4417,.T.);
#6091=ORIENTED_EDGE('',*,*,#4418,.F.);
#6092=ORIENTED_EDGE('',*,*,#3670,.F.);
#6093=ORIENTED_EDGE('',*,*,#4419,.F.);
#6094=ORIENTED_EDGE('',*,*,#4420,.F.);
#6095=ORIENTED_EDGE('',*,*,#3666,.F.);
#6096=ORIENTED_EDGE('',*,*,#4417,.F.);
#6097=ORIENTED_EDGE('',*,*,#3715,.F.);
#6098=ORIENTED_EDGE('',*,*,#4421,.F.);
#6099=ORIENTED_EDGE('',*,*,#4422,.T.);
#6100=ORIENTED_EDGE('',*,*,#4423,.F.);
#6101=ORIENTED_EDGE('',*,*,#4424,.F.);
#6102=ORIENTED_EDGE('',*,*,#3714,.F.);
#6103=ORIENTED_EDGE('',*,*,#4425,.F.);
#6104=ORIENTED_EDGE('',*,*,#4426,.F.);
#6105=ORIENTED_EDGE('',*,*,#4427,.F.);
#6106=ORIENTED_EDGE('',*,*,#3668,.F.);
#6107=ORIENTED_EDGE('',*,*,#3667,.F.);
#6108=ORIENTED_EDGE('',*,*,#4421,.T.);
#6109=ORIENTED_EDGE('',*,*,#4424,.T.);
#6110=ORIENTED_EDGE('',*,*,#4425,.T.);
#6111=ORIENTED_EDGE('',*,*,#4428,.T.);
#6112=ORIENTED_EDGE('',*,*,#4419,.T.);
#6113=ORIENTED_EDGE('',*,*,#3669,.F.);
#6114=ORIENTED_EDGE('',*,*,#4427,.T.);
#6115=ORIENTED_EDGE('',*,*,#4413,.T.);
#6116=ORIENTED_EDGE('',*,*,#4415,.T.);
#6117=ORIENTED_EDGE('',*,*,#3671,.F.);
#6118=ORIENTED_EDGE('',*,*,#4418,.T.);
#6119=ORIENTED_EDGE('',*,*,#4429,.F.);
#6120=ORIENTED_EDGE('',*,*,#4330,.F.);
#6121=ORIENTED_EDGE('',*,*,#4430,.F.);
#6122=ORIENTED_EDGE('',*,*,#4352,.F.);
#6123=ORIENTED_EDGE('',*,*,#3673,.F.);
#6124=ORIENTED_EDGE('',*,*,#4416,.T.);
#6125=ORIENTED_EDGE('',*,*,#4429,.T.);
#6126=ORIENTED_EDGE('',*,*,#3675,.T.);
#6127=ORIENTED_EDGE('',*,*,#4431,.F.);
#6128=ORIENTED_EDGE('',*,*,#4432,.F.);
#6129=ORIENTED_EDGE('',*,*,#4433,.F.);
#6130=ORIENTED_EDGE('',*,*,#3628,.F.);
#6131=ORIENTED_EDGE('',*,*,#3627,.F.);
#6132=ORIENTED_EDGE('',*,*,#4411,.T.);
#6133=ORIENTED_EDGE('',*,*,#4412,.T.);
#6134=ORIENTED_EDGE('',*,*,#4431,.T.);
#6135=ORIENTED_EDGE('',*,*,#3624,.F.);
#6136=ORIENTED_EDGE('',*,*,#4403,.F.);
#6137=ORIENTED_EDGE('',*,*,#4353,.F.);
#6138=ORIENTED_EDGE('',*,*,#4434,.F.);
#6139=ORIENTED_EDGE('',*,*,#4430,.T.);
#6140=ORIENTED_EDGE('',*,*,#4410,.T.);
#6141=ORIENTED_EDGE('',*,*,#3625,.F.);
#6142=ORIENTED_EDGE('',*,*,#4434,.T.);
#6143=ORIENTED_EDGE('',*,*,#4435,.F.);
#6144=ORIENTED_EDGE('',*,*,#4436,.T.);
#6145=ORIENTED_EDGE('',*,*,#3633,.F.);
#6146=ORIENTED_EDGE('',*,*,#4437,.F.);
#6147=ORIENTED_EDGE('',*,*,#3631,.T.);
#6148=ORIENTED_EDGE('',*,*,#3629,.F.);
#6149=ORIENTED_EDGE('',*,*,#4433,.T.);
#6150=ORIENTED_EDGE('',*,*,#4437,.T.);
#6151=ORIENTED_EDGE('',*,*,#4405,.T.);
#6152=ORIENTED_EDGE('',*,*,#4407,.T.);
#6153=ORIENTED_EDGE('',*,*,#3753,.T.);
#6154=ORIENTED_EDGE('',*,*,#4398,.T.);
#6155=ORIENTED_EDGE('',*,*,#4400,.T.);
#6156=ORIENTED_EDGE('',*,*,#3605,.F.);
#6157=ORIENTED_EDGE('',*,*,#4409,.T.);
#6158=ORIENTED_EDGE('',*,*,#3595,.F.);
#6159=ORIENTED_EDGE('',*,*,#3634,.F.);
#6160=ORIENTED_EDGE('',*,*,#4436,.F.);
#6161=ORIENTED_EDGE('',*,*,#4334,.F.);
#6162=ORIENTED_EDGE('',*,*,#4438,.T.);
#6163=ORIENTED_EDGE('',*,*,#3746,.F.);
#6164=ORIENTED_EDGE('',*,*,#4439,.T.);
#6165=ORIENTED_EDGE('',*,*,#4374,.F.);
#6166=ORIENTED_EDGE('',*,*,#4440,.F.);
#6167=ORIENTED_EDGE('',*,*,#4396,.T.);
#6168=ORIENTED_EDGE('',*,*,#4404,.T.);
#6169=ORIENTED_EDGE('',*,*,#4440,.T.);
#6170=ORIENTED_EDGE('',*,*,#3615,.F.);
#6171=ORIENTED_EDGE('',*,*,#4391,.F.);
#6172=ORIENTED_EDGE('',*,*,#4288,.F.);
#6173=ORIENTED_EDGE('',*,*,#4406,.F.);
#6174=ORIENTED_EDGE('',*,*,#3622,.F.);
#6175=ORIENTED_EDGE('',*,*,#4441,.T.);
#6176=ORIENTED_EDGE('',*,*,#4442,.F.);
#6177=ORIENTED_EDGE('',*,*,#4401,.F.);
#6178=ORIENTED_EDGE('',*,*,#3745,.F.);
#6179=ORIENTED_EDGE('',*,*,#4443,.T.);
#6180=ORIENTED_EDGE('',*,*,#4377,.F.);
#6181=ORIENTED_EDGE('',*,*,#4439,.F.);
#6182=ORIENTED_EDGE('',*,*,#3621,.F.);
#6183=ORIENTED_EDGE('',*,*,#4389,.T.);
#6184=ORIENTED_EDGE('',*,*,#4368,.F.);
#6185=ORIENTED_EDGE('',*,*,#4441,.F.);
#6186=ORIENTED_EDGE('',*,*,#3608,.F.);
#6187=ORIENTED_EDGE('',*,*,#4394,.F.);
#6188=ORIENTED_EDGE('',*,*,#4189,.F.);
#6189=ORIENTED_EDGE('',*,*,#4114,.F.);
#6190=ORIENTED_EDGE('',*,*,#3744,.F.);
#6191=ORIENTED_EDGE('',*,*,#4444,.T.);
#6192=ORIENTED_EDGE('',*,*,#4379,.F.);
#6193=ORIENTED_EDGE('',*,*,#4443,.F.);
#6194=ORIENTED_EDGE('',*,*,#4445,.T.);
#6195=ORIENTED_EDGE('',*,*,#4446,.T.);
#6196=ORIENTED_EDGE('',*,*,#4392,.T.);
#6197=ORIENTED_EDGE('',*,*,#3613,.F.);
#6198=ORIENTED_EDGE('',*,*,#4447,.T.);
#6199=ORIENTED_EDGE('',*,*,#3743,.F.);
#6200=ORIENTED_EDGE('',*,*,#4448,.T.);
#6201=ORIENTED_EDGE('',*,*,#4096,.F.);
#6202=ORIENTED_EDGE('',*,*,#4444,.F.);
#6203=ORIENTED_EDGE('',*,*,#3611,.F.);
#6204=ORIENTED_EDGE('',*,*,#4385,.F.);
#6205=ORIENTED_EDGE('',*,*,#4146,.F.);
#6206=ORIENTED_EDGE('',*,*,#4449,.F.);
#6207=ORIENTED_EDGE('',*,*,#4145,.F.);
#6208=ORIENTED_EDGE('',*,*,#4388,.T.);
#6209=ORIENTED_EDGE('',*,*,#4450,.T.);
#6210=ORIENTED_EDGE('',*,*,#4449,.T.);
#6211=ORIENTED_EDGE('',*,*,#3742,.F.);
#6212=ORIENTED_EDGE('',*,*,#4381,.F.);
#6213=ORIENTED_EDGE('',*,*,#4092,.F.);
#6214=ORIENTED_EDGE('',*,*,#4448,.F.);
#6215=ORIENTED_EDGE('',*,*,#4184,.F.);
#6216=ORIENTED_EDGE('',*,*,#4451,.T.);
#6217=ORIENTED_EDGE('',*,*,#4452,.F.);
#6218=ORIENTED_EDGE('',*,*,#4382,.F.);
#6219=ORIENTED_EDGE('',*,*,#4157,.F.);
#6220=ORIENTED_EDGE('',*,*,#4453,.T.);
#6221=ORIENTED_EDGE('',*,*,#4454,.F.);
#6222=ORIENTED_EDGE('',*,*,#4451,.F.);
#6223=ORIENTED_EDGE('',*,*,#4455,.T.);
#6224=ORIENTED_EDGE('',*,*,#4456,.F.);
#6225=ORIENTED_EDGE('',*,*,#4457,.T.);
#6226=ORIENTED_EDGE('',*,*,#4458,.F.);
#6227=ORIENTED_EDGE('',*,*,#4453,.F.);
#6228=ORIENTED_EDGE('',*,*,#4459,.F.);
#6229=ORIENTED_EDGE('',*,*,#3572,.T.);
#6230=ORIENTED_EDGE('',*,*,#4275,.F.);
#6231=ORIENTED_EDGE('',*,*,#4460,.T.);
#6232=ORIENTED_EDGE('',*,*,#4461,.T.);
#6233=ORIENTED_EDGE('',*,*,#3964,.T.);
#6234=ORIENTED_EDGE('',*,*,#4462,.T.);
#6235=ORIENTED_EDGE('',*,*,#4463,.T.);
#6236=ORIENTED_EDGE('',*,*,#4464,.F.);
#6237=ORIENTED_EDGE('',*,*,#3961,.T.);
#6238=ORIENTED_EDGE('',*,*,#4461,.F.);
#6239=ORIENTED_EDGE('',*,*,#4465,.T.);
#6240=ORIENTED_EDGE('',*,*,#4466,.T.);
#6241=ORIENTED_EDGE('',*,*,#3962,.F.);
#6242=ORIENTED_EDGE('',*,*,#4464,.T.);
#6243=ORIENTED_EDGE('',*,*,#4467,.T.);
#6244=ORIENTED_EDGE('',*,*,#4468,.T.);
#6245=ORIENTED_EDGE('',*,*,#4460,.F.);
#6246=ORIENTED_EDGE('',*,*,#4469,.T.);
#6247=ORIENTED_EDGE('',*,*,#4470,.F.);
#6248=ORIENTED_EDGE('',*,*,#4471,.T.);
#6249=ORIENTED_EDGE('',*,*,#4472,.T.);
#6250=ORIENTED_EDGE('',*,*,#4473,.T.);
#6251=ORIENTED_EDGE('',*,*,#4463,.F.);
#6252=ORIENTED_EDGE('',*,*,#4468,.F.);
#6253=ORIENTED_EDGE('',*,*,#4474,.T.);
#6254=ORIENTED_EDGE('',*,*,#4475,.F.);
#6255=ORIENTED_EDGE('',*,*,#4476,.F.);
#6256=ORIENTED_EDGE('',*,*,#4477,.F.);
#6257=ORIENTED_EDGE('',*,*,#4478,.T.);
#6258=ORIENTED_EDGE('',*,*,#4479,.F.);
#6259=ORIENTED_EDGE('',*,*,#3978,.T.);
#6260=ORIENTED_EDGE('',*,*,#3707,.T.);
#6261=ORIENTED_EDGE('',*,*,#4480,.T.);
#6262=ORIENTED_EDGE('',*,*,#4481,.F.);
#6263=ORIENTED_EDGE('',*,*,#3976,.F.);
#6264=ORIENTED_EDGE('',*,*,#4479,.T.);
#6265=ORIENTED_EDGE('',*,*,#4482,.T.);
#6266=ORIENTED_EDGE('',*,*,#3709,.T.);
#6267=ORIENTED_EDGE('',*,*,#3977,.F.);
#6268=ORIENTED_EDGE('',*,*,#4481,.T.);
#6269=ORIENTED_EDGE('',*,*,#4483,.T.);
#6270=ORIENTED_EDGE('',*,*,#4484,.T.);
#6271=ORIENTED_EDGE('',*,*,#4478,.F.);
#6272=ORIENTED_EDGE('',*,*,#4485,.T.);
#6273=ORIENTED_EDGE('',*,*,#4486,.F.);
#6274=ORIENTED_EDGE('',*,*,#4487,.T.);
#6275=ORIENTED_EDGE('',*,*,#4488,.T.);
#6276=ORIENTED_EDGE('',*,*,#4489,.T.);
#6277=ORIENTED_EDGE('',*,*,#3985,.T.);
#6278=ORIENTED_EDGE('',*,*,#3983,.T.);
#6279=ORIENTED_EDGE('',*,*,#4489,.F.);
#6280=ORIENTED_EDGE('',*,*,#4490,.T.);
#6281=ORIENTED_EDGE('',*,*,#4491,.F.);
#6282=ORIENTED_EDGE('',*,*,#4476,.T.);
#6283=ORIENTED_EDGE('',*,*,#4465,.F.);
#6284=ORIENTED_EDGE('',*,*,#4473,.F.);
#6285=ORIENTED_EDGE('',*,*,#3600,.F.);
#6286=ORIENTED_EDGE('',*,*,#3602,.F.);
#6287=ORIENTED_EDGE('',*,*,#4492,.T.);
#6288=ORIENTED_EDGE('',*,*,#4477,.T.);
#6289=ORIENTED_EDGE('',*,*,#4491,.T.);
#6290=ORIENTED_EDGE('',*,*,#4493,.T.);
#6291=ORIENTED_EDGE('',*,*,#4470,.T.);
#6292=ORIENTED_EDGE('',*,*,#4494,.T.);
#6293=ORIENTED_EDGE('',*,*,#4399,.T.);
#6294=ORIENTED_EDGE('',*,*,#4408,.T.);
#6295=ORIENTED_EDGE('',*,*,#4490,.F.);
#6296=ORIENTED_EDGE('',*,*,#4472,.F.);
#6297=ORIENTED_EDGE('',*,*,#4495,.T.);
#6298=ORIENTED_EDGE('',*,*,#4487,.F.);
#6299=ORIENTED_EDGE('',*,*,#4488,.F.);
#6300=ORIENTED_EDGE('',*,*,#4495,.F.);
#6301=ORIENTED_EDGE('',*,*,#4471,.F.);
#6302=ORIENTED_EDGE('',*,*,#4467,.F.);
#6303=ORIENTED_EDGE('',*,*,#4493,.F.);
#6304=ORIENTED_EDGE('',*,*,#4496,.T.);
#6305=ORIENTED_EDGE('',*,*,#4497,.T.);
#6306=ORIENTED_EDGE('',*,*,#4498,.T.);
#6307=ORIENTED_EDGE('',*,*,#3981,.T.);
#6308=ORIENTED_EDGE('',*,*,#3982,.T.);
#6309=ORIENTED_EDGE('',*,*,#4498,.F.);
#6310=ORIENTED_EDGE('',*,*,#4499,.T.);
#6311=ORIENTED_EDGE('',*,*,#4500,.T.);
#6312=ORIENTED_EDGE('',*,*,#4501,.F.);
#6313=ORIENTED_EDGE('',*,*,#4480,.F.);
#6314=ORIENTED_EDGE('',*,*,#4484,.F.);
#6315=ORIENTED_EDGE('',*,*,#4502,.T.);
#6316=ORIENTED_EDGE('',*,*,#4503,.F.);
#6317=ORIENTED_EDGE('',*,*,#4504,.T.);
#6318=ORIENTED_EDGE('',*,*,#4482,.F.);
#6319=ORIENTED_EDGE('',*,*,#4501,.T.);
#6320=ORIENTED_EDGE('',*,*,#4496,.F.);
#6321=ORIENTED_EDGE('',*,*,#4497,.F.);
#6322=ORIENTED_EDGE('',*,*,#4505,.T.);
#6323=ORIENTED_EDGE('',*,*,#4499,.F.);
#6324=ORIENTED_EDGE('',*,*,#4483,.F.);
#6325=ORIENTED_EDGE('',*,*,#4506,.F.);
#6326=ORIENTED_EDGE('',*,*,#4502,.F.);
#6327=ORIENTED_EDGE('',*,*,#4500,.F.);
#6328=ORIENTED_EDGE('',*,*,#4505,.F.);
#6329=ORIENTED_EDGE('',*,*,#4507,.T.);
#6330=ORIENTED_EDGE('',*,*,#4508,.F.);
#6331=ORIENTED_EDGE('',*,*,#4130,.F.);
#6332=ORIENTED_EDGE('',*,*,#4140,.F.);
#6333=ORIENTED_EDGE('',*,*,#4161,.F.);
#6334=ORIENTED_EDGE('',*,*,#4509,.T.);
#6335=ORIENTED_EDGE('',*,*,#4510,.T.);
#6336=ORIENTED_EDGE('',*,*,#4290,.T.);
#6337=ORIENTED_EDGE('',*,*,#4510,.F.);
#6338=ORIENTED_EDGE('',*,*,#4511,.T.);
#6339=ORIENTED_EDGE('',*,*,#4512,.T.);
#6340=ORIENTED_EDGE('',*,*,#4513,.T.);
#6341=ORIENTED_EDGE('',*,*,#4457,.F.);
#6342=ORIENTED_EDGE('',*,*,#4514,.T.);
#6343=ORIENTED_EDGE('',*,*,#4512,.F.);
#6344=ORIENTED_EDGE('',*,*,#4515,.F.);
#6345=ORIENTED_EDGE('',*,*,#4516,.F.);
#6346=ORIENTED_EDGE('',*,*,#4513,.F.);
#6347=ORIENTED_EDGE('',*,*,#4511,.F.);
#6348=ORIENTED_EDGE('',*,*,#4509,.F.);
#6349=ORIENTED_EDGE('',*,*,#4514,.F.);
#6350=ORIENTED_EDGE('',*,*,#4517,.F.);
#6351=ORIENTED_EDGE('',*,*,#4518,.T.);
#6352=ORIENTED_EDGE('',*,*,#4519,.T.);
#6353=ORIENTED_EDGE('',*,*,#4520,.T.);
#6354=ORIENTED_EDGE('',*,*,#4289,.T.);
#6355=ORIENTED_EDGE('',*,*,#4520,.F.);
#6356=ORIENTED_EDGE('',*,*,#4521,.T.);
#6357=ORIENTED_EDGE('',*,*,#4447,.F.);
#6358=ORIENTED_EDGE('',*,*,#3612,.F.);
#6359=ORIENTED_EDGE('',*,*,#4450,.F.);
#6360=ORIENTED_EDGE('',*,*,#4522,.F.);
#6361=ORIENTED_EDGE('',*,*,#4518,.F.);
#6362=ORIENTED_EDGE('',*,*,#4519,.F.);
#6363=ORIENTED_EDGE('',*,*,#4523,.T.);
#6364=ORIENTED_EDGE('',*,*,#4524,.F.);
#6365=ORIENTED_EDGE('',*,*,#4525,.F.);
#6366=ORIENTED_EDGE('',*,*,#4445,.F.);
#6367=ORIENTED_EDGE('',*,*,#4521,.F.);
#6368=ORIENTED_EDGE('',*,*,#4526,.F.);
#6369=ORIENTED_EDGE('',*,*,#4523,.F.);
#6370=ORIENTED_EDGE('',*,*,#3573,.T.);
#6371=ORIENTED_EDGE('',*,*,#4459,.T.);
#6372=ORIENTED_EDGE('',*,*,#4156,.F.);
#6373=ORIENTED_EDGE('',*,*,#4527,.T.);
#6374=ORIENTED_EDGE('',*,*,#4528,.T.);
#6375=ORIENTED_EDGE('',*,*,#4529,.T.);
#6376=ORIENTED_EDGE('',*,*,#4530,.F.);
#6377=ORIENTED_EDGE('',*,*,#4531,.T.);
#6378=ORIENTED_EDGE('',*,*,#4276,.F.);
#6379=ORIENTED_EDGE('',*,*,#4272,.F.);
#6380=ORIENTED_EDGE('',*,*,#3567,.T.);
#6381=ORIENTED_EDGE('',*,*,#4281,.T.);
#6382=ORIENTED_EDGE('',*,*,#4279,.F.);
#6383=ORIENTED_EDGE('',*,*,#4277,.F.);
#6384=ORIENTED_EDGE('',*,*,#3563,.T.);
#6385=ORIENTED_EDGE('',*,*,#4165,.F.);
#6386=ORIENTED_EDGE('',*,*,#4169,.F.);
#6387=ORIENTED_EDGE('',*,*,#4167,.F.);
#6388=ORIENTED_EDGE('',*,*,#4163,.F.);
#6389=ORIENTED_EDGE('',*,*,#4532,.T.);
#6390=ORIENTED_EDGE('',*,*,#4533,.T.);
#6391=ORIENTED_EDGE('',*,*,#4534,.T.);
#6392=ORIENTED_EDGE('',*,*,#4535,.T.);
#6393=ORIENTED_EDGE('',*,*,#3660,.T.);
#6394=ORIENTED_EDGE('',*,*,#4181,.T.);
#6395=ORIENTED_EDGE('',*,*,#3661,.F.);
#6396=ORIENTED_EDGE('',*,*,#4535,.F.);
#6397=ORIENTED_EDGE('',*,*,#4536,.T.);
#6398=ORIENTED_EDGE('',*,*,#4537,.F.);
#6399=ORIENTED_EDGE('',*,*,#4536,.F.);
#6400=ORIENTED_EDGE('',*,*,#4534,.F.);
#6401=ORIENTED_EDGE('',*,*,#4538,.F.);
#6402=ORIENTED_EDGE('',*,*,#4539,.F.);
#6403=ORIENTED_EDGE('',*,*,#4540,.T.);
#6404=ORIENTED_EDGE('',*,*,#4541,.T.);
#6405=ORIENTED_EDGE('',*,*,#4538,.T.);
#6406=ORIENTED_EDGE('',*,*,#4542,.T.);
#6407=ORIENTED_EDGE('',*,*,#4112,.F.);
#6408=ORIENTED_EDGE('',*,*,#4108,.F.);
#6409=ORIENTED_EDGE('',*,*,#4180,.F.);
#6410=ORIENTED_EDGE('',*,*,#4386,.F.);
#6411=ORIENTED_EDGE('',*,*,#3609,.F.);
#6412=ORIENTED_EDGE('',*,*,#4113,.F.);
#6413=ORIENTED_EDGE('',*,*,#4542,.F.);
#6414=ORIENTED_EDGE('',*,*,#4543,.T.);
#6415=ORIENTED_EDGE('',*,*,#4337,.F.);
#6416=ORIENTED_EDGE('',*,*,#3804,.F.);
#6417=ORIENTED_EDGE('',*,*,#3853,.F.);
#6418=ORIENTED_EDGE('',*,*,#3809,.F.);
#6419=ORIENTED_EDGE('',*,*,#4544,.T.);
#6420=ORIENTED_EDGE('',*,*,#3798,.F.);
#6421=ORIENTED_EDGE('',*,*,#3795,.F.);
#6422=ORIENTED_EDGE('',*,*,#3603,.F.);
#6423=ORIENTED_EDGE('',*,*,#3596,.F.);
#6424=ORIENTED_EDGE('',*,*,#4438,.F.);
#6425=ORIENTED_EDGE('',*,*,#4543,.F.);
#6426=ORIENTED_EDGE('',*,*,#4545,.T.);
#6427=ORIENTED_EDGE('',*,*,#4492,.F.);
#6428=ORIENTED_EDGE('',*,*,#3808,.F.);
#6429=ORIENTED_EDGE('',*,*,#4546,.F.);
#6430=ORIENTED_EDGE('',*,*,#4474,.F.);
#6431=ORIENTED_EDGE('',*,*,#4545,.F.);
#6432=ORIENTED_EDGE('',*,*,#4544,.F.);
#6433=ORIENTED_EDGE('',*,*,#4547,.T.);
#6434=ORIENTED_EDGE('',*,*,#4462,.F.);
#6435=ORIENTED_EDGE('',*,*,#3963,.F.);
#6436=ORIENTED_EDGE('',*,*,#4466,.F.);
#6437=ORIENTED_EDGE('',*,*,#4475,.T.);
#6438=ORIENTED_EDGE('',*,*,#4546,.T.);
#6439=ORIENTED_EDGE('',*,*,#3807,.T.);
#6440=ORIENTED_EDGE('',*,*,#4548,.T.);
#6441=ORIENTED_EDGE('',*,*,#4348,.T.);
#6442=ORIENTED_EDGE('',*,*,#4093,.F.);
#6443=ORIENTED_EDGE('',*,*,#4380,.T.);
#6444=ORIENTED_EDGE('',*,*,#3720,.T.);
#6445=ORIENTED_EDGE('',*,*,#4549,.T.);
#6446=ORIENTED_EDGE('',*,*,#4469,.F.);
#6447=ORIENTED_EDGE('',*,*,#4547,.F.);
#6448=ORIENTED_EDGE('',*,*,#4550,.T.);
#6449=ORIENTED_EDGE('',*,*,#4494,.F.);
#6450=ORIENTED_EDGE('',*,*,#4550,.F.);
#6451=ORIENTED_EDGE('',*,*,#4549,.F.);
#6452=ORIENTED_EDGE('',*,*,#3719,.F.);
#6453=ORIENTED_EDGE('',*,*,#4397,.F.);
#6454=ORIENTED_EDGE('',*,*,#3713,.F.);
#6455=ORIENTED_EDGE('',*,*,#3711,.F.);
#6456=ORIENTED_EDGE('',*,*,#4551,.T.);
#6457=ORIENTED_EDGE('',*,*,#4422,.F.);
#6458=ORIENTED_EDGE('',*,*,#4551,.F.);
#6459=ORIENTED_EDGE('',*,*,#3710,.F.);
#6460=ORIENTED_EDGE('',*,*,#4504,.F.);
#6461=ORIENTED_EDGE('',*,*,#4552,.F.);
#6462=ORIENTED_EDGE('',*,*,#4553,.T.);
#6463=ORIENTED_EDGE('',*,*,#4554,.T.);
#6464=ORIENTED_EDGE('',*,*,#4426,.T.);
#6465=ORIENTED_EDGE('',*,*,#4423,.T.);
#6466=ORIENTED_EDGE('',*,*,#4552,.T.);
#6467=ORIENTED_EDGE('',*,*,#4503,.T.);
#6468=ORIENTED_EDGE('',*,*,#4506,.T.);
#6469=ORIENTED_EDGE('',*,*,#4486,.T.);
#6470=ORIENTED_EDGE('',*,*,#4555,.T.);
#6471=ORIENTED_EDGE('',*,*,#4556,.F.);
#6472=ORIENTED_EDGE('',*,*,#4428,.F.);
#6473=ORIENTED_EDGE('',*,*,#4554,.F.);
#6474=ORIENTED_EDGE('',*,*,#4557,.F.);
#6475=ORIENTED_EDGE('',*,*,#4555,.F.);
#6476=ORIENTED_EDGE('',*,*,#4558,.T.);
#6477=ORIENTED_EDGE('',*,*,#3705,.F.);
#6478=ORIENTED_EDGE('',*,*,#4558,.F.);
#6479=ORIENTED_EDGE('',*,*,#4553,.F.);
#6480=ORIENTED_EDGE('',*,*,#4485,.F.);
#6481=ORIENTED_EDGE('',*,*,#3706,.F.);
#6482=ORIENTED_EDGE('',*,*,#4559,.T.);
#6483=ORIENTED_EDGE('',*,*,#4560,.T.);
#6484=ORIENTED_EDGE('',*,*,#4517,.T.);
#6485=ORIENTED_EDGE('',*,*,#4456,.T.);
#6486=ORIENTED_EDGE('',*,*,#4561,.F.);
#6487=ORIENTED_EDGE('',*,*,#4194,.F.);
#6488=ORIENTED_EDGE('',*,*,#4446,.F.);
#6489=ORIENTED_EDGE('',*,*,#4525,.T.);
#6490=ORIENTED_EDGE('',*,*,#4562,.F.);
#6491=ORIENTED_EDGE('',*,*,#4563,.T.);
#6492=ORIENTED_EDGE('',*,*,#4530,.T.);
#6493=ORIENTED_EDGE('',*,*,#4564,.F.);
#6494=ORIENTED_EDGE('',*,*,#3650,.T.);
#6495=ORIENTED_EDGE('',*,*,#4011,.T.);
#6496=ORIENTED_EDGE('',*,*,#4020,.T.);
#6497=ORIENTED_EDGE('',*,*,#4015,.F.);
#6498=ORIENTED_EDGE('',*,*,#4565,.T.);
#6499=ORIENTED_EDGE('',*,*,#4566,.T.);
#6500=ORIENTED_EDGE('',*,*,#4274,.F.);
#6501=ORIENTED_EDGE('',*,*,#4531,.F.);
#6502=ORIENTED_EDGE('',*,*,#4563,.F.);
#6503=ORIENTED_EDGE('',*,*,#4567,.T.);
#6504=ORIENTED_EDGE('',*,*,#4455,.F.);
#6505=ORIENTED_EDGE('',*,*,#4568,.F.);
#6506=ORIENTED_EDGE('',*,*,#4559,.F.);
#6507=ORIENTED_EDGE('',*,*,#4567,.F.);
#6508=ORIENTED_EDGE('',*,*,#4566,.F.);
#6509=ORIENTED_EDGE('',*,*,#4569,.T.);
#6510=ORIENTED_EDGE('',*,*,#4570,.F.);
#6511=ORIENTED_EDGE('',*,*,#4571,.T.);
#6512=ORIENTED_EDGE('',*,*,#4187,.F.);
#6513=ORIENTED_EDGE('',*,*,#4572,.F.);
#6514=ORIENTED_EDGE('',*,*,#4139,.F.);
#6515=ORIENTED_EDGE('',*,*,#4573,.T.);
#6516=ORIENTED_EDGE('',*,*,#4574,.F.);
#6517=ORIENTED_EDGE('',*,*,#4573,.F.);
#6518=ORIENTED_EDGE('',*,*,#4138,.F.);
#6519=ORIENTED_EDGE('',*,*,#4188,.F.);
#6520=ORIENTED_EDGE('',*,*,#4571,.F.);
#6521=ORIENTED_EDGE('',*,*,#4575,.T.);
#6522=ORIENTED_EDGE('',*,*,#4576,.T.);
#6523=ORIENTED_EDGE('',*,*,#4574,.T.);
#6524=ORIENTED_EDGE('',*,*,#4570,.T.);
#6525=ORIENTED_EDGE('',*,*,#4577,.T.);
#6526=ORIENTED_EDGE('',*,*,#4507,.F.);
#6527=ORIENTED_EDGE('',*,*,#4572,.T.);
#6528=ORIENTED_EDGE('',*,*,#4576,.F.);
#6529=ORIENTED_EDGE('',*,*,#4578,.T.);
#6530=ORIENTED_EDGE('',*,*,#4185,.T.);
#6531=ORIENTED_EDGE('',*,*,#4131,.T.);
#6532=ORIENTED_EDGE('',*,*,#4508,.T.);
#6533=ORIENTED_EDGE('',*,*,#4579,.T.);
#6534=ORIENTED_EDGE('',*,*,#4186,.F.);
#6535=ORIENTED_EDGE('',*,*,#4578,.F.);
#6536=ORIENTED_EDGE('',*,*,#4580,.T.);
#6537=ORIENTED_EDGE('',*,*,#4569,.F.);
#6538=ORIENTED_EDGE('',*,*,#4577,.F.);
#6539=ORIENTED_EDGE('',*,*,#4575,.F.);
#6540=ORIENTED_EDGE('',*,*,#4580,.F.);
#6541=ORIENTED_EDGE('',*,*,#4579,.F.);
#6542=ORIENTED_EDGE('',*,*,#4581,.T.);
#6543=ORIENTED_EDGE('',*,*,#4582,.F.);
#6544=ORIENTED_EDGE('',*,*,#4541,.F.);
#6545=ORIENTED_EDGE('',*,*,#4527,.F.);
#6546=ORIENTED_EDGE('',*,*,#4583,.T.);
#6547=ORIENTED_EDGE('',*,*,#4584,.T.);
#6548=ORIENTED_EDGE('',*,*,#4539,.T.);
#6549=ORIENTED_EDGE('',*,*,#4582,.T.);
#6550=ORIENTED_EDGE('',*,*,#4585,.T.);
#6551=ORIENTED_EDGE('',*,*,#4182,.F.);
#6552=ORIENTED_EDGE('',*,*,#4537,.T.);
#6553=ORIENTED_EDGE('',*,*,#4584,.F.);
#6554=ORIENTED_EDGE('',*,*,#4183,.F.);
#6555=ORIENTED_EDGE('',*,*,#4585,.F.);
#6556=ORIENTED_EDGE('',*,*,#4586,.T.);
#6557=ORIENTED_EDGE('',*,*,#4154,.F.);
#6558=ORIENTED_EDGE('',*,*,#4581,.F.);
#6559=ORIENTED_EDGE('',*,*,#4155,.F.);
#6560=ORIENTED_EDGE('',*,*,#4586,.F.);
#6561=ORIENTED_EDGE('',*,*,#4583,.F.);
#6562=ORIENTED_EDGE('',*,*,#4587,.T.);
#6563=ORIENTED_EDGE('',*,*,#4528,.F.);
#6564=ORIENTED_EDGE('',*,*,#4540,.F.);
#6565=ORIENTED_EDGE('',*,*,#4533,.F.);
#6566=ORIENTED_EDGE('',*,*,#4588,.T.);
#6567=ORIENTED_EDGE('',*,*,#3651,.T.);
#6568=ORIENTED_EDGE('',*,*,#4564,.T.);
#6569=ORIENTED_EDGE('',*,*,#4529,.F.);
#6570=ORIENTED_EDGE('',*,*,#4587,.F.);
#6571=ORIENTED_EDGE('',*,*,#4532,.F.);
#6572=ORIENTED_EDGE('',*,*,#3659,.T.);
#6573=ORIENTED_EDGE('',*,*,#3652,.T.);
#6574=ORIENTED_EDGE('',*,*,#4588,.F.);
#6575=ORIENTED_EDGE('',*,*,#3867,.F.);
#6576=ORIENTED_EDGE('',*,*,#4589,.T.);
#6577=ORIENTED_EDGE('',*,*,#3881,.T.);
#6578=ORIENTED_EDGE('',*,*,#3903,.T.);
#6579=ORIENTED_EDGE('',*,*,#3906,.T.);
#6580=ORIENTED_EDGE('',*,*,#3785,.F.);
#6581=ORIENTED_EDGE('',*,*,#4590,.F.);
#6582=ORIENTED_EDGE('',*,*,#3777,.F.);
#6583=ORIENTED_EDGE('',*,*,#3774,.F.);
#6584=ORIENTED_EDGE('',*,*,#3857,.F.);
#6585=ORIENTED_EDGE('',*,*,#3861,.F.);
#6586=ORIENTED_EDGE('',*,*,#3869,.F.);
#6587=ORIENTED_EDGE('',*,*,#3786,.F.);
#6588=ORIENTED_EDGE('',*,*,#3790,.F.);
#6589=ORIENTED_EDGE('',*,*,#3872,.F.);
#6590=ORIENTED_EDGE('',*,*,#3854,.F.);
#6591=ORIENTED_EDGE('',*,*,#3806,.F.);
#6592=ORIENTED_EDGE('',*,*,#4336,.F.);
#6593=ORIENTED_EDGE('',*,*,#3895,.F.);
#6594=ORIENTED_EDGE('',*,*,#4335,.F.);
#6595=ORIENTED_EDGE('',*,*,#4435,.T.);
#6596=ORIENTED_EDGE('',*,*,#4432,.T.);
#6597=ORIENTED_EDGE('',*,*,#4414,.T.);
#6598=ORIENTED_EDGE('',*,*,#4420,.T.);
#6599=ORIENTED_EDGE('',*,*,#4556,.T.);
#6600=ORIENTED_EDGE('',*,*,#4557,.T.);
#6601=ORIENTED_EDGE('',*,*,#3704,.F.);
#6602=ORIENTED_EDGE('',*,*,#4349,.T.);
#6603=ORIENTED_EDGE('',*,*,#4548,.F.);
#6604=ORIENTED_EDGE('',*,*,#3811,.F.);
#6605=ORIENTED_EDGE('',*,*,#3852,.F.);
#6606=ORIENTED_EDGE('',*,*,#3894,.F.);
#6607=ORIENTED_EDGE('',*,*,#3987,.F.);
#6608=ORIENTED_EDGE('',*,*,#4297,.F.);
#6609=ORIENTED_EDGE('',*,*,#4309,.F.);
#6610=ORIENTED_EDGE('',*,*,#4303,.F.);
#6611=ORIENTED_EDGE('',*,*,#4319,.F.);
#6612=ORIENTED_EDGE('',*,*,#4315,.F.);
#6613=ORIENTED_EDGE('',*,*,#4294,.F.);
#6614=ORIENTED_EDGE('',*,*,#3997,.F.);
#6615=ORIENTED_EDGE('',*,*,#4004,.F.);
#6616=ORIENTED_EDGE('',*,*,#3820,.T.);
#6617=ORIENTED_EDGE('',*,*,#3830,.T.);
#6618=ORIENTED_EDGE('',*,*,#4591,.F.);
#6619=ORIENTED_EDGE('',*,*,#3882,.F.);
#6620=ORIENTED_EDGE('',*,*,#4589,.F.);
#6621=ORIENTED_EDGE('',*,*,#3866,.F.);
#6622=ORIENTED_EDGE('',*,*,#3920,.F.);
#6623=ORIENTED_EDGE('',*,*,#3871,.F.);
#6624=ORIENTED_EDGE('',*,*,#3763,.T.);
#6625=ORIENTED_EDGE('',*,*,#3772,.T.);
#6626=ORIENTED_EDGE('',*,*,#3781,.T.);
#6627=ORIENTED_EDGE('',*,*,#3779,.T.);
#6628=ORIENTED_EDGE('',*,*,#3865,.F.);
#6629=ORIENTED_EDGE('',*,*,#3919,.F.);
#6630=ORIENTED_EDGE('',*,*,#3908,.F.);
#6631=ORIENTED_EDGE('',*,*,#3883,.F.);
#6632=ORIENTED_EDGE('',*,*,#4591,.T.);
#6633=ORIENTED_EDGE('',*,*,#3778,.T.);
#6634=ORIENTED_EDGE('',*,*,#4590,.T.);
#6635=ORIENTED_EDGE('',*,*,#3784,.T.);
#6636=ORIENTED_EDGE('',*,*,#3921,.T.);
#6637=ORIENTED_EDGE('',*,*,#4592,.F.);
#6638=ORIENTED_EDGE('',*,*,#4593,.T.);
#6639=ORIENTED_EDGE('',*,*,#4565,.F.);
#6640=ORIENTED_EDGE('',*,*,#4014,.F.);
#6641=ORIENTED_EDGE('',*,*,#4022,.F.);
#6642=ORIENTED_EDGE('',*,*,#4023,.F.);
#6643=ORIENTED_EDGE('',*,*,#4008,.F.);
#6644=ORIENTED_EDGE('',*,*,#4285,.F.);
#6645=ORIENTED_EDGE('',*,*,#4594,.F.);
#6646=ORIENTED_EDGE('',*,*,#4595,.F.);
#6647=ORIENTED_EDGE('',*,*,#4515,.T.);
#6648=ORIENTED_EDGE('',*,*,#4560,.F.);
#6649=ORIENTED_EDGE('',*,*,#4568,.T.);
#6650=ORIENTED_EDGE('',*,*,#4593,.F.);
#6651=ORIENTED_EDGE('',*,*,#4596,.F.);
#6652=ORIENTED_EDGE('',*,*,#4562,.T.);
#6653=ORIENTED_EDGE('',*,*,#4524,.T.);
#6654=ORIENTED_EDGE('',*,*,#4526,.T.);
#6655=ORIENTED_EDGE('',*,*,#4522,.T.);
#6656=ORIENTED_EDGE('',*,*,#4387,.T.);
#6657=ORIENTED_EDGE('',*,*,#4383,.T.);
#6658=ORIENTED_EDGE('',*,*,#4452,.T.);
#6659=ORIENTED_EDGE('',*,*,#4454,.T.);
#6660=ORIENTED_EDGE('',*,*,#4458,.T.);
#6661=ORIENTED_EDGE('',*,*,#4516,.T.);
#6662=ORIENTED_EDGE('',*,*,#4595,.T.);
#6663=ORIENTED_EDGE('',*,*,#4597,.F.);
#6664=ORIENTED_EDGE('',*,*,#4598,.F.);
#6665=ORIENTED_EDGE('',*,*,#4596,.T.);
#6666=ORIENTED_EDGE('',*,*,#4599,.F.);
#6667=ORIENTED_EDGE('',*,*,#4282,.T.);
#6668=ORIENTED_EDGE('',*,*,#4191,.T.);
#6669=ORIENTED_EDGE('',*,*,#4561,.T.);
#6670=ORIENTED_EDGE('',*,*,#4597,.T.);
#6671=ORIENTED_EDGE('',*,*,#4594,.T.);
#6672=ORIENTED_EDGE('',*,*,#4592,.T.);
#6673=ORIENTED_EDGE('',*,*,#4284,.T.);
#6674=ORIENTED_EDGE('',*,*,#4600,.T.);
#6675=ORIENTED_EDGE('',*,*,#4598,.T.);
#6676=ORIENTED_EDGE('',*,*,#4600,.F.);
#6677=ORIENTED_EDGE('',*,*,#4283,.T.);
#6678=ORIENTED_EDGE('',*,*,#4599,.T.);
#6679=ORIENTED_EDGE('',*,*,#4601,.F.);
#6680=ORIENTED_EDGE('',*,*,#4602,.T.);
#6681=ORIENTED_EDGE('',*,*,#4360,.F.);
#6682=ORIENTED_EDGE('',*,*,#3755,.T.);
#6683=ORIENTED_EDGE('',*,*,#4603,.F.);
#6684=ORIENTED_EDGE('',*,*,#4604,.F.);
#6685=ORIENTED_EDGE('',*,*,#4361,.F.);
#6686=ORIENTED_EDGE('',*,*,#4602,.F.);
#6687=ORIENTED_EDGE('',*,*,#3958,.F.);
#6688=ORIENTED_EDGE('',*,*,#3960,.F.);
#6689=ORIENTED_EDGE('',*,*,#4605,.F.);
#6690=ORIENTED_EDGE('',*,*,#4340,.F.);
#6691=ORIENTED_EDGE('',*,*,#4356,.T.);
#6692=ORIENTED_EDGE('',*,*,#4606,.T.);
#6693=ORIENTED_EDGE('',*,*,#4362,.T.);
#6694=ORIENTED_EDGE('',*,*,#4604,.T.);
#6695=ORIENTED_EDGE('',*,*,#3754,.T.);
#6696=ORIENTED_EDGE('',*,*,#4607,.T.);
#6697=ORIENTED_EDGE('',*,*,#4341,.T.);
#6698=ORIENTED_EDGE('',*,*,#4605,.T.);
#6699=ORIENTED_EDGE('',*,*,#4603,.T.);
#6700=ORIENTED_EDGE('',*,*,#4601,.T.);
#6701=ORIENTED_EDGE('',*,*,#4607,.F.);
#6702=ORIENTED_EDGE('',*,*,#3757,.T.);
#6703=ORIENTED_EDGE('',*,*,#4359,.T.);
#6704=ORIENTED_EDGE('',*,*,#4371,.F.);
#6705=ORIENTED_EDGE('',*,*,#4373,.F.);
#6706=ORIENTED_EDGE('',*,*,#4342,.F.);
#6707=ORIENTED_EDGE('',*,*,#4608,.F.);
#6708=ORIENTED_EDGE('',*,*,#4609,.T.);
#6709=ORIENTED_EDGE('',*,*,#4442,.T.);
#6710=ORIENTED_EDGE('',*,*,#4367,.F.);
#6711=ORIENTED_EDGE('',*,*,#4610,.F.);
#6712=ORIENTED_EDGE('',*,*,#4363,.F.);
#6713=ORIENTED_EDGE('',*,*,#4606,.F.);
#6714=ORIENTED_EDGE('',*,*,#4355,.T.);
#6715=ORIENTED_EDGE('',*,*,#4308,.F.);
#6716=ORIENTED_EDGE('',*,*,#4301,.F.);
#6717=ORIENTED_EDGE('',*,*,#4320,.F.);
#6718=ORIENTED_EDGE('',*,*,#4354,.T.);
#6719=ORIENTED_EDGE('',*,*,#4402,.T.);
#6720=ORIENTED_EDGE('',*,*,#4609,.F.);
#6721=ORIENTED_EDGE('',*,*,#4611,.F.);
#6722=ORIENTED_EDGE('',*,*,#4612,.F.);
#6723=ORIENTED_EDGE('',*,*,#3945,.F.);
#6724=ORIENTED_EDGE('',*,*,#3948,.F.);
#6725=ORIENTED_EDGE('',*,*,#3951,.F.);
#6726=ORIENTED_EDGE('',*,*,#3954,.F.);
#6727=ORIENTED_EDGE('',*,*,#4610,.T.);
#6728=ORIENTED_EDGE('',*,*,#4613,.F.);
#6729=ORIENTED_EDGE('',*,*,#4364,.T.);
#6730=ORIENTED_EDGE('',*,*,#4357,.T.);
#6731=ORIENTED_EDGE('',*,*,#4611,.T.);
#6732=ORIENTED_EDGE('',*,*,#4608,.T.);
#6733=ORIENTED_EDGE('',*,*,#4366,.T.);
#6734=ORIENTED_EDGE('',*,*,#4614,.T.);
#6735=ORIENTED_EDGE('',*,*,#4612,.T.);
#6736=ORIENTED_EDGE('',*,*,#4614,.F.);
#6737=ORIENTED_EDGE('',*,*,#4365,.T.);
#6738=ORIENTED_EDGE('',*,*,#4613,.T.);
#6739=ORIENTED_EDGE('',*,*,#3683,.F.);
#6740=ORIENTED_EDGE('',*,*,#4351,.T.);
#6741=ORIENTED_EDGE('',*,*,#4615,.F.);
#6742=ORIENTED_EDGE('',*,*,#3684,.F.);
#6743=ORIENTED_EDGE('',*,*,#4615,.T.);
#6744=ORIENTED_EDGE('',*,*,#4350,.T.);
#6745=ORIENTED_EDGE('',*,*,#3700,.F.);
#6746=PLANE('',#7359);
#6747=PLANE('',#7360);
#6748=PLANE('',#7361);
#6749=PLANE('',#7362);
#6750=PLANE('',#7363);
#6751=PLANE('',#7364);
#6752=PLANE('',#7366);
#6753=PLANE('',#7371);
#6754=PLANE('',#7372);
#6755=PLANE('',#7376);
#6756=PLANE('',#7378);
#6757=PLANE('',#7380);
#6758=PLANE('',#7388);
#6759=PLANE('',#7389);
#6760=PLANE('',#7392);
#6761=PLANE('',#7393);
#6762=PLANE('',#7394);
#6763=PLANE('',#7398);
#6764=PLANE('',#7405);
#6765=PLANE('',#7407);
#6766=PLANE('',#7416);
#6767=PLANE('',#7417);
#6768=PLANE('',#7420);
#6769=PLANE('',#7427);
#6770=PLANE('',#7430);
#6771=PLANE('',#7433);
#6772=PLANE('',#7440);
#6773=PLANE('',#7441);
#6774=PLANE('',#7442);
#6775=PLANE('',#7443);
#6776=PLANE('',#7444);
#6777=PLANE('',#7445);
#6778=PLANE('',#7446);
#6779=PLANE('',#7453);
#6780=PLANE('',#7454);
#6781=PLANE('',#7455);
#6782=PLANE('',#7465);
#6783=PLANE('',#7466);
#6784=PLANE('',#7468);
#6785=PLANE('',#7479);
#6786=PLANE('',#7480);
#6787=PLANE('',#7482);
#6788=PLANE('',#7488);
#6789=PLANE('',#7490);
#6790=PLANE('',#7495);
#6791=PLANE('',#7497);
#6792=PLANE('',#7498);
#6793=PLANE('',#7499);
#6794=PLANE('',#7500);
#6795=PLANE('',#7501);
#6796=PLANE('',#7502);
#6797=PLANE('',#7503);
#6798=PLANE('',#7504);
#6799=PLANE('',#7505);
#6800=PLANE('',#7506);
#6801=PLANE('',#7516);
#6802=PLANE('',#7517);
#6803=PLANE('',#7527);
#6804=PLANE('',#7528);
#6805=PLANE('',#7529);
#6806=PLANE('',#7530);
#6807=PLANE('',#7531);
#6808=PLANE('',#7532);
#6809=PLANE('',#7533);
#6810=PLANE('',#7534);
#6811=PLANE('',#7535);
#6812=PLANE('',#7536);
#6813=PLANE('',#7537);
#6814=PLANE('',#7538);
#6815=PLANE('',#7555);
#6816=PLANE('',#7572);
#6817=PLANE('',#7583);
#6818=PLANE('',#7592);
#6819=PLANE('',#7599);
#6820=PLANE('',#7600);
#6821=PLANE('',#7601);
#6822=PLANE('',#7602);
#6823=PLANE('',#7605);
#6824=PLANE('',#7606);
#6825=PLANE('',#7607);
#6826=PLANE('',#7618);
#6827=PLANE('',#7621);
#6828=PLANE('',#7623);
#6829=PLANE('',#7629);
#6830=PLANE('',#7635);
#6831=PLANE('',#7640);
#6832=PLANE('',#7645);
#6833=PLANE('',#7651);
#6834=PLANE('',#7657);
#6835=PLANE('',#7659);
#6836=PLANE('',#7661);
#6837=PLANE('',#7668);
#6838=PLANE('',#7669);
#6839=PLANE('',#7670);
#6840=PLANE('',#7672);
#6841=PLANE('',#7674);
#6842=PLANE('',#7681);
#6843=PLANE('',#7682);
#6844=PLANE('',#7683);
#6845=PLANE('',#7684);
#6846=PLANE('',#7685);
#6847=PLANE('',#7686);
#6848=PLANE('',#7687);
#6849=PLANE('',#7688);
#6850=PLANE('',#7691);
#6851=PLANE('',#7692);
#6852=PLANE('',#7693);
#6853=PLANE('',#7694);
#6854=PLANE('',#7695);
#6855=PLANE('',#7696);
#6856=PLANE('',#7698);
#6857=PLANE('',#7700);
#6858=PLANE('',#7702);
#6859=PLANE('',#7704);
#6860=PLANE('',#7705);
#6861=PLANE('',#7706);
#6862=PLANE('',#7707);
#6863=PLANE('',#7708);
#6864=PLANE('',#7724);
#6865=PLANE('',#7727);
#6866=PLANE('',#7728);
#6867=PLANE('',#7729);
#6868=PLANE('',#7731);
#6869=PLANE('',#7732);
#6870=PLANE('',#7744);
#6871=PLANE('',#7750);
#6872=PLANE('',#7751);
#6873=PLANE('',#7780);
#6874=PLANE('',#7786);
#6875=PLANE('',#7793);
#6876=PLANE('',#7794);
#6877=PLANE('',#7795);
#6878=PLANE('',#7796);
#6879=PLANE('',#7815);
#6880=PLANE('',#7816);
#6881=PLANE('',#7817);
#6882=PLANE('',#7818);
#6883=PLANE('',#7819);
#6884=PLANE('',#7820);
#6885=PLANE('',#7821);
#6886=PLANE('',#7824);
#6887=PLANE('',#7825);
#6888=PLANE('',#7826);
#6889=PLANE('',#7827);
#6890=PLANE('',#7828);
#6891=PLANE('',#7829);
#6892=PLANE('',#7830);
#6893=PLANE('',#7831);
#6894=PLANE('',#7832);
#6895=PLANE('',#7833);
#6896=PLANE('',#7834);
#6897=PLANE('',#7837);
#6898=PLANE('',#7846);
#6899=PLANE('',#7847);
#6900=PLANE('',#7848);
#6901=PLANE('',#7849);
#6902=PLANE('',#7850);
#6903=PLANE('',#7851);
#6904=PLANE('',#7852);
#6905=PLANE('',#7853);
#6906=PLANE('',#7854);
#6907=PLANE('',#7855);
#6908=PLANE('',#7962);
#6909=PLANE('',#7965);
#6910=PLANE('',#7973);
#6911=PLANE('',#7976);
#6912=PLANE('',#7983);
#6913=PLANE('',#7997);
#6914=PLANE('',#8014);
#6915=PLANE('',#8015);
#6916=PLANE('',#8025);
#6917=PLANE('',#8027);
#6918=PLANE('',#8032);
#6919=PLANE('',#8040);
#6920=PLANE('',#8046);
#6921=PLANE('',#8049);
#6922=PLANE('',#8062);
#6923=PLANE('',#8065);
#6924=PLANE('',#8072);
#6925=PLANE('',#8080);
#6926=PLANE('',#8082);
#6927=PLANE('',#8083);
#6928=PLANE('',#8084);
#6929=PLANE('',#8085);
#6930=PLANE('',#8086);
#6931=PLANE('',#8087);
#6932=PLANE('',#8088);
#6933=PLANE('',#8091);
#6934=PLANE('',#8092);
#6935=PLANE('',#8093);
#6936=PLANE('',#8094);
#6937=PLANE('',#8095);
#6938=PLANE('',#8096);
#6939=PLANE('',#8097);
#6940=PLANE('',#8098);
#6941=PLANE('',#8099);
#6942=PLANE('',#8100);
#6943=PLANE('',#8101);
#6944=PLANE('',#8102);
#6945=PLANE('',#8103);
#6946=PLANE('',#8104);
#6947=PLANE('',#8105);
#6948=PLANE('',#8106);
#6949=ADVANCED_FACE('',(#692),#6746,.F.);
#6950=ADVANCED_FACE('',(#693),#6747,.T.);
#6951=ADVANCED_FACE('',(#694),#6748,.T.);
#6952=ADVANCED_FACE('',(#695),#6749,.F.);
#6953=ADVANCED_FACE('',(#696),#6750,.F.);
#6954=ADVANCED_FACE('',(#697),#6751,.T.);
#6955=ADVANCED_FACE('',(#698,#335,#336,#337,#338,#339,#340),#6752,.T.);
#6956=ADVANCED_FACE('',(#699),#6753,.T.);
#6957=ADVANCED_FACE('',(#700),#6754,.T.);
#6958=ADVANCED_FACE('',(#701),#6755,.T.);
#6959=ADVANCED_FACE('',(#702),#6756,.T.);
#6960=ADVANCED_FACE('',(#703),#6757,.T.);
#6961=ADVANCED_FACE('',(#704),#119,.T.);
#6962=ADVANCED_FACE('',(#705),#6758,.T.);
#6963=ADVANCED_FACE('',(#706),#6759,.T.);
#6964=ADVANCED_FACE('',(#707),#6760,.T.);
#6965=ADVANCED_FACE('',(#708),#6761,.T.);
#6966=ADVANCED_FACE('',(#709),#6762,.T.);
#6967=ADVANCED_FACE('',(#710),#120,.T.);
#6968=ADVANCED_FACE('',(#711),#6763,.T.);
#6969=ADVANCED_FACE('',(#712),#121,.T.);
#6970=ADVANCED_FACE('',(#713),#6764,.T.);
#6971=ADVANCED_FACE('',(#714),#6765,.T.);
#6972=ADVANCED_FACE('',(#715),#122,.T.);
#6973=ADVANCED_FACE('',(#716),#6766,.F.);
#6974=ADVANCED_FACE('',(#717),#6767,.F.);
#6975=ADVANCED_FACE('',(#718,#341,#342,#343,#344,#345,#346,#347,#348),#6768,
 .F.);
#6976=ADVANCED_FACE('',(#719),#123,.T.);
#6977=ADVANCED_FACE('',(#720,#349),#6769,.F.);
#6978=ADVANCED_FACE('',(#721),#124,.T.);
#6979=ADVANCED_FACE('',(#722,#350,#351),#6770,.T.);
#6980=ADVANCED_FACE('',(#723,#352,#353),#6771,.T.);
#6981=ADVANCED_FACE('',(#724),#125,.F.);
#6982=ADVANCED_FACE('',(#725),#126,.F.);
#6983=ADVANCED_FACE('',(#726),#6772,.F.);
#6984=ADVANCED_FACE('',(#727),#6773,.F.);
#6985=ADVANCED_FACE('',(#728),#6774,.F.);
#6986=ADVANCED_FACE('',(#729,#354,#355),#6775,.F.);
#6987=ADVANCED_FACE('',(#730),#6776,.F.);
#6988=ADVANCED_FACE('',(#731),#6777,.F.);
#6989=ADVANCED_FACE('',(#732),#6778,.F.);
#6990=ADVANCED_FACE('',(#733),#127,.F.);
#6991=ADVANCED_FACE('',(#734),#128,.F.);
#6992=ADVANCED_FACE('',(#735,#356,#357),#6779,.F.);
#6993=ADVANCED_FACE('',(#736),#6780,.F.);
#6994=ADVANCED_FACE('',(#737),#6781,.F.);
#6995=ADVANCED_FACE('',(#738),#129,.T.);
#6996=ADVANCED_FACE('',(#739),#130,.T.);
#6997=ADVANCED_FACE('',(#740),#6782,.T.);
#6998=ADVANCED_FACE('',(#741),#6783,.T.);
#6999=ADVANCED_FACE('',(#742),#6784,.T.);
#7000=ADVANCED_FACE('',(#743),#131,.T.);
#7001=ADVANCED_FACE('',(#744),#132,.T.);
#7002=ADVANCED_FACE('',(#745),#6785,.T.);
#7003=ADVANCED_FACE('',(#746),#6786,.T.);
#7004=ADVANCED_FACE('',(#747),#6787,.T.);
#7005=ADVANCED_FACE('',(#748,#358),#133,.T.);
#7006=ADVANCED_FACE('',(#749,#359),#6788,.F.);
#7007=ADVANCED_FACE('',(#750),#6789,.T.);
#7008=ADVANCED_FACE('',(#751,#360),#134,.T.);
#7009=ADVANCED_FACE('',(#752,#361),#6790,.T.);
#7010=ADVANCED_FACE('',(#753),#6791,.F.);
#7011=ADVANCED_FACE('',(#754),#6792,.F.);
#7012=ADVANCED_FACE('',(#755),#6793,.T.);
#7013=ADVANCED_FACE('',(#756),#6794,.T.);
#7014=ADVANCED_FACE('',(#757),#6795,.T.);
#7015=ADVANCED_FACE('',(#758),#6796,.T.);
#7016=ADVANCED_FACE('',(#759),#6797,.T.);
#7017=ADVANCED_FACE('',(#760),#6798,.T.);
#7018=ADVANCED_FACE('',(#761),#6799,.T.);
#7019=ADVANCED_FACE('',(#762),#6800,.T.);
#7020=ADVANCED_FACE('',(#763),#135,.F.);
#7021=ADVANCED_FACE('',(#764),#136,.F.);
#7022=ADVANCED_FACE('',(#765),#137,.F.);
#7023=ADVANCED_FACE('',(#766),#6801,.F.);
#7024=ADVANCED_FACE('',(#767),#6802,.T.);
#7025=ADVANCED_FACE('',(#768),#138,.F.);
#7026=ADVANCED_FACE('',(#769),#139,.F.);
#7027=ADVANCED_FACE('',(#770),#140,.F.);
#7028=ADVANCED_FACE('',(#771),#6803,.F.);
#7029=ADVANCED_FACE('',(#772),#6804,.T.);
#7030=ADVANCED_FACE('',(#773),#6805,.T.);
#7031=ADVANCED_FACE('',(#774),#6806,.T.);
#7032=ADVANCED_FACE('',(#775),#6807,.T.);
#7033=ADVANCED_FACE('',(#776),#6808,.T.);
#7034=ADVANCED_FACE('',(#777),#6809,.T.);
#7035=ADVANCED_FACE('',(#778),#6810,.F.);
#7036=ADVANCED_FACE('',(#779),#6811,.F.);
#7037=ADVANCED_FACE('',(#780),#6812,.F.);
#7038=ADVANCED_FACE('',(#781),#6813,.F.);
#7039=ADVANCED_FACE('',(#782),#6814,.F.);
#7040=ADVANCED_FACE('',(#783),#141,.F.);
#7041=ADVANCED_FACE('',(#784),#142,.F.);
#7042=ADVANCED_FACE('',(#785),#143,.F.);
#7043=ADVANCED_FACE('',(#786),#144,.F.);
#7044=ADVANCED_FACE('',(#787),#145,.F.);
#7045=ADVANCED_FACE('',(#788),#146,.F.);
#7046=ADVANCED_FACE('',(#789,#362),#6815,.F.);
#7047=ADVANCED_FACE('',(#790),#61,.F.);
#7048=ADVANCED_FACE('',(#791),#55,.T.);
#7049=ADVANCED_FACE('',(#792),#24,.T.);
#7050=ADVANCED_FACE('',(#793),#62,.F.);
#7051=ADVANCED_FACE('',(#794),#56,.T.);
#7052=ADVANCED_FACE('',(#795),#25,.T.);
#7053=ADVANCED_FACE('',(#796,#363),#6816,.T.);
#7054=ADVANCED_FACE('',(#797),#26,.T.);
#7055=ADVANCED_FACE('',(#798),#27,.T.);
#7056=ADVANCED_FACE('',(#799),#6817,.F.);
#7057=ADVANCED_FACE('',(#800),#147,.T.);
#7058=ADVANCED_FACE('',(#801),#28,.T.);
#7059=ADVANCED_FACE('',(#802,#364),#6818,.T.);
#7060=ADVANCED_FACE('',(#803),#148,.F.);
#7061=ADVANCED_FACE('',(#804),#29,.T.);
#7062=ADVANCED_FACE('',(#805),#6819,.T.);
#7063=ADVANCED_FACE('',(#806),#6820,.F.);
#7064=ADVANCED_FACE('',(#807),#6821,.T.);
#7065=ADVANCED_FACE('',(#808,#365,#366),#6822,.T.);
#7066=ADVANCED_FACE('',(#809),#6823,.T.);
#7067=ADVANCED_FACE('',(#810),#6824,.T.);
#7068=ADVANCED_FACE('',(#811,#367,#368),#6825,.F.);
#7069=ADVANCED_FACE('',(#812),#149,.F.);
#7070=ADVANCED_FACE('',(#813),#150,.F.);
#7071=ADVANCED_FACE('',(#814),#151,.F.);
#7072=ADVANCED_FACE('',(#815),#152,.F.);
#7073=ADVANCED_FACE('',(#816),#6826,.T.);
#7074=ADVANCED_FACE('',(#817,#369),#6827,.F.);
#7075=ADVANCED_FACE('',(#818),#6828,.T.);
#7076=ADVANCED_FACE('',(#819,#370),#6829,.F.);
#7077=ADVANCED_FACE('',(#820,#371),#153,.T.);
#7078=ADVANCED_FACE('',(#821),#6830,.F.);
#7079=ADVANCED_FACE('',(#822,#372),#6831,.T.);
#7080=ADVANCED_FACE('',(#823),#154,.T.);
#7081=ADVANCED_FACE('',(#824),#6832,.F.);
#7082=ADVANCED_FACE('',(#825,#373),#6833,.T.);
#7083=ADVANCED_FACE('',(#826,#374),#155,.T.);
#7084=ADVANCED_FACE('',(#827),#6834,.F.);
#7085=ADVANCED_FACE('',(#828),#6835,.F.);
#7086=ADVANCED_FACE('',(#829),#6836,.F.);
#7087=ADVANCED_FACE('',(#830),#156,.T.);
#7088=ADVANCED_FACE('',(#831),#157,.T.);
#7089=ADVANCED_FACE('',(#832),#158,.T.);
#7090=ADVANCED_FACE('',(#833),#6837,.F.);
#7091=ADVANCED_FACE('',(#834),#6838,.F.);
#7092=ADVANCED_FACE('',(#835),#6839,.F.);
#7093=ADVANCED_FACE('',(#836),#6840,.F.);
#7094=ADVANCED_FACE('',(#837),#6841,.F.);
#7095=ADVANCED_FACE('',(#838),#159,.T.);
#7096=ADVANCED_FACE('',(#839),#160,.T.);
#7097=ADVANCED_FACE('',(#840),#161,.T.);
#7098=ADVANCED_FACE('',(#841),#6842,.T.);
#7099=ADVANCED_FACE('',(#842),#6843,.T.);
#7100=ADVANCED_FACE('',(#843),#6844,.T.);
#7101=ADVANCED_FACE('',(#844),#6845,.T.);
#7102=ADVANCED_FACE('',(#845),#6846,.F.);
#7103=ADVANCED_FACE('',(#846),#6847,.F.);
#7104=ADVANCED_FACE('',(#847),#6848,.F.);
#7105=ADVANCED_FACE('',(#848),#6849,.F.);
#7106=ADVANCED_FACE('',(#849),#6850,.F.);
#7107=ADVANCED_FACE('',(#850),#6851,.F.);
#7108=ADVANCED_FACE('',(#851),#6852,.F.);
#7109=ADVANCED_FACE('',(#852),#6853,.F.);
#7110=ADVANCED_FACE('',(#853),#6854,.F.);
#7111=ADVANCED_FACE('',(#854),#6855,.F.);
#7112=ADVANCED_FACE('',(#855,#375),#6856,.T.);
#7113=ADVANCED_FACE('',(#856,#376),#6857,.F.);
#7114=ADVANCED_FACE('',(#857,#377),#6858,.T.);
#7115=ADVANCED_FACE('',(#858),#6859,.F.);
#7116=ADVANCED_FACE('',(#859),#6860,.F.);
#7117=ADVANCED_FACE('',(#860),#6861,.F.);
#7118=ADVANCED_FACE('',(#861),#6862,.F.);
#7119=ADVANCED_FACE('',(#862),#6863,.F.);
#7120=ADVANCED_FACE('',(#863),#162,.F.);
#7121=ADVANCED_FACE('',(#864),#163,.F.);
#7122=ADVANCED_FACE('',(#865),#164,.F.);
#7123=ADVANCED_FACE('',(#866),#165,.F.);
#7124=ADVANCED_FACE('',(#867),#166,.F.);
#7125=ADVANCED_FACE('',(#868),#167,.F.);
#7126=ADVANCED_FACE('',(#869),#168,.T.);
#7127=ADVANCED_FACE('',(#870),#6864,.F.);
#7128=ADVANCED_FACE('',(#871),#6865,.F.);
#7129=ADVANCED_FACE('',(#872),#6866,.F.);
#7130=ADVANCED_FACE('',(#873,#378),#6867,.T.);
#7131=ADVANCED_FACE('',(#874),#6868,.F.);
#7132=ADVANCED_FACE('',(#875,#379),#6869,.F.);
#7133=ADVANCED_FACE('',(#876),#30,.T.);
#7134=ADVANCED_FACE('',(#877),#169,.F.);
#7135=ADVANCED_FACE('',(#878),#31,.T.);
#7136=ADVANCED_FACE('',(#879),#6870,.F.);
#7137=ADVANCED_FACE('',(#880),#170,.F.);
#7138=ADVANCED_FACE('',(#881),#171,.T.);
#7139=ADVANCED_FACE('',(#882),#6871,.F.);
#7140=ADVANCED_FACE('',(#883),#6872,.F.);
#7141=ADVANCED_FACE('',(#884),#57,.T.);
#7142=ADVANCED_FACE('',(#885),#63,.F.);
#7143=ADVANCED_FACE('',(#886),#32,.T.);
#7144=ADVANCED_FACE('',(#887),#58,.T.);
#7145=ADVANCED_FACE('',(#888),#64,.F.);
#7146=ADVANCED_FACE('',(#889),#33,.T.);
#7147=ADVANCED_FACE('',(#890),#59,.T.);
#7148=ADVANCED_FACE('',(#891),#65,.F.);
#7149=ADVANCED_FACE('',(#892),#34,.T.);
#7150=ADVANCED_FACE('',(#893),#60,.T.);
#7151=ADVANCED_FACE('',(#894),#66,.F.);
#7152=ADVANCED_FACE('',(#895),#35,.T.);
#7153=ADVANCED_FACE('',(#896,#380),#6873,.T.);
#7154=ADVANCED_FACE('',(#897),#36,.T.);
#7155=ADVANCED_FACE('',(#898,#381),#6874,.F.);
#7156=ADVANCED_FACE('',(#899),#172,.F.);
#7157=ADVANCED_FACE('',(#900),#37,.T.);
#7158=ADVANCED_FACE('',(#901),#6875,.F.);
#7159=ADVANCED_FACE('',(#902),#6876,.F.);
#7160=ADVANCED_FACE('',(#903),#6877,.F.);
#7161=ADVANCED_FACE('',(#904),#6878,.F.);
#7162=ADVANCED_FACE('',(#905),#173,.T.);
#7163=ADVANCED_FACE('',(#906),#174,.T.);
#7164=ADVANCED_FACE('',(#907),#175,.T.);
#7165=ADVANCED_FACE('',(#908),#176,.T.);
#7166=ADVANCED_FACE('',(#909),#177,.T.);
#7167=ADVANCED_FACE('',(#910),#67,.T.);
#7168=ADVANCED_FACE('',(#911),#178,.T.);
#7169=ADVANCED_FACE('',(#912),#68,.T.);
#7170=ADVANCED_FACE('',(#913),#6879,.F.);
#7171=ADVANCED_FACE('',(#914),#6880,.T.);
#7172=ADVANCED_FACE('',(#915),#6881,.T.);
#7173=ADVANCED_FACE('',(#916),#6882,.T.);
#7174=ADVANCED_FACE('',(#917),#6883,.T.);
#7175=ADVANCED_FACE('',(#918),#6884,.T.);
#7176=ADVANCED_FACE('',(#919,#382,#383,#384,#385),#6885,.F.);
#7177=ADVANCED_FACE('',(#920),#6886,.T.);
#7178=ADVANCED_FACE('',(#921),#6887,.T.);
#7179=ADVANCED_FACE('',(#922),#6888,.T.);
#7180=ADVANCED_FACE('',(#923,#386),#6889,.F.);
#7181=ADVANCED_FACE('',(#924),#6890,.T.);
#7182=ADVANCED_FACE('',(#925),#6891,.T.);
#7183=ADVANCED_FACE('',(#926),#6892,.T.);
#7184=ADVANCED_FACE('',(#927),#6893,.T.);
#7185=ADVANCED_FACE('',(#928),#6894,.T.);
#7186=ADVANCED_FACE('',(#929),#6895,.T.);
#7187=ADVANCED_FACE('',(#930),#6896,.F.);
#7188=ADVANCED_FACE('',(#931,#387),#6897,.T.);
#7189=ADVANCED_FACE('',(#932),#179,.F.);
#7190=ADVANCED_FACE('',(#933),#180,.F.);
#7191=ADVANCED_FACE('',(#934),#181,.F.);
#7192=ADVANCED_FACE('',(#935),#182,.F.);
#7193=ADVANCED_FACE('',(#936),#6898,.T.);
#7194=ADVANCED_FACE('',(#937),#6899,.F.);
#7195=ADVANCED_FACE('',(#938,#388),#6900,.F.);
#7196=ADVANCED_FACE('',(#939,#389,#390),#6901,.T.);
#7197=ADVANCED_FACE('',(#940),#6902,.F.);
#7198=ADVANCED_FACE('',(#941,#391,#392,#393,#394),#6903,.T.);
#7199=ADVANCED_FACE('',(#942),#6904,.T.);
#7200=ADVANCED_FACE('',(#943),#6905,.T.);
#7201=ADVANCED_FACE('',(#944),#6906,.T.);
#7202=ADVANCED_FACE('',(#945),#6907,.T.);
#7203=ADVANCED_FACE('',(#946),#183,.T.);
#7204=ADVANCED_FACE('',(#947),#184,.F.);
#7205=ADVANCED_FACE('',(#948),#185,.F.);
#7206=ADVANCED_FACE('',(#949),#186,.F.);
#7207=ADVANCED_FACE('',(#950),#187,.T.);
#7208=ADVANCED_FACE('',(#951),#188,.T.);
#7209=ADVANCED_FACE('',(#952),#189,.T.);
#7210=ADVANCED_FACE('',(#953),#190,.T.);
#7211=ADVANCED_FACE('',(#954),#191,.T.);
#7212=ADVANCED_FACE('',(#955),#192,.F.);
#7213=ADVANCED_FACE('',(#956),#193,.T.);
#7214=ADVANCED_FACE('',(#957),#194,.T.);
#7215=ADVANCED_FACE('',(#958),#195,.T.);
#7216=ADVANCED_FACE('',(#959),#196,.T.);
#7217=ADVANCED_FACE('',(#960),#197,.T.);
#7218=ADVANCED_FACE('',(#961),#198,.T.);
#7219=ADVANCED_FACE('',(#962),#199,.T.);
#7220=ADVANCED_FACE('',(#963),#200,.T.);
#7221=ADVANCED_FACE('',(#964),#201,.T.);
#7222=ADVANCED_FACE('',(#965),#202,.T.);
#7223=ADVANCED_FACE('',(#966),#203,.T.);
#7224=ADVANCED_FACE('',(#967),#204,.F.);
#7225=ADVANCED_FACE('',(#968),#205,.T.);
#7226=ADVANCED_FACE('',(#969),#38,.T.);
#7227=ADVANCED_FACE('',(#970),#39,.T.);
#7228=ADVANCED_FACE('',(#971),#17,.T.);
#7229=ADVANCED_FACE('',(#972),#206,.T.);
#7230=ADVANCED_FACE('',(#973),#18,.T.);
#7231=ADVANCED_FACE('',(#974),#207,.T.);
#7232=ADVANCED_FACE('',(#975),#19,.T.);
#7233=ADVANCED_FACE('',(#976),#208,.T.);
#7234=ADVANCED_FACE('',(#977),#20,.T.);
#7235=ADVANCED_FACE('',(#978),#209,.F.);
#7236=ADVANCED_FACE('',(#979),#40,.T.);
#7237=ADVANCED_FACE('',(#980),#69,.T.);
#7238=ADVANCED_FACE('',(#981),#41,.T.);
#7239=ADVANCED_FACE('',(#982),#210,.F.);
#7240=ADVANCED_FACE('',(#983),#211,.T.);
#7241=ADVANCED_FACE('',(#984),#70,.T.);
#7242=ADVANCED_FACE('',(#985),#212,.T.);
#7243=ADVANCED_FACE('',(#986),#213,.T.);
#7244=ADVANCED_FACE('',(#987),#214,.T.);
#7245=ADVANCED_FACE('',(#988),#215,.T.);
#7246=ADVANCED_FACE('',(#989),#216,.T.);
#7247=ADVANCED_FACE('',(#990),#217,.T.);
#7248=ADVANCED_FACE('',(#991),#21,.T.);
#7249=ADVANCED_FACE('',(#992),#218,.T.);
#7250=ADVANCED_FACE('',(#993),#219,.F.);
#7251=ADVANCED_FACE('',(#994),#15,.F.);
#7252=ADVANCED_FACE('',(#995),#220,.T.);
#7253=ADVANCED_FACE('',(#996),#221,.F.);
#7254=ADVANCED_FACE('',(#997),#222,.F.);
#7255=ADVANCED_FACE('',(#998),#223,.F.);
#7256=ADVANCED_FACE('',(#999),#6908,.F.);
#7257=ADVANCED_FACE('',(#1000),#224,.T.);
#7258=ADVANCED_FACE('',(#1001),#6909,.F.);
#7259=ADVANCED_FACE('',(#1002),#225,.T.);
#7260=ADVANCED_FACE('',(#1003),#22,.T.);
#7261=ADVANCED_FACE('',(#1004),#226,.T.);
#7262=ADVANCED_FACE('',(#1005),#6910,.T.);
#7263=ADVANCED_FACE('',(#1006),#227,.T.);
#7264=ADVANCED_FACE('',(#1007),#6911,.T.);
#7265=ADVANCED_FACE('',(#1008),#228,.T.);
#7266=ADVANCED_FACE('',(#1009),#229,.F.);
#7267=ADVANCED_FACE('',(#1010),#230,.T.);
#7268=ADVANCED_FACE('',(#1011),#6912,.T.);
#7269=ADVANCED_FACE('',(#1012),#42,.T.);
#7270=ADVANCED_FACE('',(#1013),#231,.F.);
#7271=ADVANCED_FACE('',(#1014),#23,.T.);
#7272=ADVANCED_FACE('',(#1015),#232,.T.);
#7273=ADVANCED_FACE('',(#1016),#43,.T.);
#7274=ADVANCED_FACE('',(#1017,#395),#6913,.F.);
#7275=ADVANCED_FACE('',(#1018),#233,.F.);
#7276=ADVANCED_FACE('',(#1019),#16,.T.);
#7277=ADVANCED_FACE('',(#1020),#44,.T.);
#7278=ADVANCED_FACE('',(#1021),#234,.F.);
#7279=ADVANCED_FACE('',(#1022),#235,.T.);
#7280=ADVANCED_FACE('',(#1023),#45,.T.);
#7281=ADVANCED_FACE('',(#1024,#396,#397,#398,#399,#400),#6914,.F.);
#7282=ADVANCED_FACE('',(#1025),#6915,.F.);
#7283=ADVANCED_FACE('',(#1026),#46,.T.);
#7284=ADVANCED_FACE('',(#1027),#236,.T.);
#7285=ADVANCED_FACE('',(#1028),#71,.T.);
#7286=ADVANCED_FACE('',(#1029),#6916,.T.);
#7287=ADVANCED_FACE('',(#1030),#237,.F.);
#7288=ADVANCED_FACE('',(#1031,#401,#402),#6917,.F.);
#7289=ADVANCED_FACE('',(#1032),#238,.F.);
#7290=ADVANCED_FACE('',(#1033),#47,.F.);
#7291=ADVANCED_FACE('',(#1034),#6918,.T.);
#7292=ADVANCED_FACE('',(#1035),#239,.T.);
#7293=ADVANCED_FACE('',(#1036),#48,.T.);
#7294=ADVANCED_FACE('',(#1037),#49,.T.);
#7295=ADVANCED_FACE('',(#1038),#240,.T.);
#7296=ADVANCED_FACE('',(#1039),#6919,.F.);
#7297=ADVANCED_FACE('',(#1040),#241,.F.);
#7298=ADVANCED_FACE('',(#1041),#50,.T.);
#7299=ADVANCED_FACE('',(#1042),#242,.T.);
#7300=ADVANCED_FACE('',(#1043),#6920,.T.);
#7301=ADVANCED_FACE('',(#1044),#243,.T.);
#7302=ADVANCED_FACE('',(#1045),#6921,.T.);
#7303=ADVANCED_FACE('',(#1046),#51,.T.);
#7304=ADVANCED_FACE('',(#1047),#244,.T.);
#7305=ADVANCED_FACE('',(#1048),#245,.F.);
#7306=ADVANCED_FACE('',(#1049),#246,.T.);
#7307=ADVANCED_FACE('',(#1050),#52,.T.);
#7308=ADVANCED_FACE('',(#1051),#6922,.F.);
#7309=ADVANCED_FACE('',(#1052),#247,.T.);
#7310=ADVANCED_FACE('',(#1053),#6923,.F.);
#7311=ADVANCED_FACE('',(#1054),#53,.T.);
#7312=ADVANCED_FACE('',(#1055),#248,.T.);
#7313=ADVANCED_FACE('',(#1056),#249,.T.);
#7314=ADVANCED_FACE('',(#1057),#6924,.F.);
#7315=ADVANCED_FACE('',(#1058),#250,.F.);
#7316=ADVANCED_FACE('',(#1059),#54,.T.);
#7317=ADVANCED_FACE('',(#1060),#251,.T.);
#7318=ADVANCED_FACE('',(#1061),#252,.T.);
#7319=ADVANCED_FACE('',(#1062),#6925,.F.);
#7320=ADVANCED_FACE('',(#1063),#253,.T.);
#7321=ADVANCED_FACE('',(#1064),#6926,.F.);
#7322=ADVANCED_FACE('',(#1065,#403,#404),#6927,.T.);
#7323=ADVANCED_FACE('',(#1066),#6928,.T.);
#7324=ADVANCED_FACE('',(#1067),#6929,.F.);
#7325=ADVANCED_FACE('',(#1068),#6930,.F.);
#7326=ADVANCED_FACE('',(#1069),#6931,.F.);
#7327=ADVANCED_FACE('',(#1070),#6932,.F.);
#7328=ADVANCED_FACE('',(#1071),#254,.T.);
#7329=ADVANCED_FACE('',(#1072),#6933,.T.);
#7330=ADVANCED_FACE('',(#1073),#6934,.T.);
#7331=ADVANCED_FACE('',(#1074),#6935,.T.);
#7332=ADVANCED_FACE('',(#1075),#6936,.T.);
#7333=ADVANCED_FACE('',(#1076),#6937,.F.);
#7334=ADVANCED_FACE('',(#1077,#405,#406),#6938,.F.);
#7335=ADVANCED_FACE('',(#1078),#6939,.F.);
#7336=ADVANCED_FACE('',(#1079),#6940,.T.);
#7337=ADVANCED_FACE('',(#1080),#6941,.T.);
#7338=ADVANCED_FACE('',(#1081),#6942,.F.);
#7339=ADVANCED_FACE('',(#1082,#407,#408,#409,#410),#6943,.F.);
#7340=ADVANCED_FACE('',(#1083),#6944,.F.);
#7341=ADVANCED_FACE('',(#1084),#6945,.F.);
#7342=ADVANCED_FACE('',(#1085),#6946,.F.);
#7343=ADVANCED_FACE('',(#1086),#6947,.F.);
#7344=ADVANCED_FACE('',(#1087),#6948,.F.);
#7345=CLOSED_SHELL('',(#6949,#6950,#6951,#6952,#6953,#6954,#6955,#6956,
#6957,#6958,#6959,#6960,#6961,#6962,#6963,#6964,#6965,#6966,#6967,#6968,
#6969,#6970,#6971,#6972,#6973,#6974,#6975,#6976,#6977,#6978,#6979,#6980,
#6981,#6982,#6983,#6984,#6985,#6986,#6987,#6988,#6989,#6990,#6991,#6992,
#6993,#6994,#6995,#6996,#6997,#6998,#6999,#7000,#7001,#7002,#7003,#7004,
#7005,#7006,#7007,#7008,#7009,#7010,#7011,#7012,#7013,#7014,#7015,#7016,
#7017,#7018,#7019,#7020,#7021,#7022,#7023,#7024,#7025,#7026,#7027,#7028,
#7029,#7030,#7031,#7032,#7033,#7034,#7035,#7036,#7037,#7038,#7039,#7040,
#7041,#7042,#7043,#7044,#7045,#7046,#7047,#7048,#7049,#7050,#7051,#7052,
#7053,#7054,#7055,#7056,#7057,#7058,#7059,#7060,#7061,#7062,#7063,#7064,
#7065,#7066,#7067,#7068,#7069,#7070,#7071,#7072,#7073,#7074,#7075,#7076,
#7077,#7078,#7079,#7080,#7081,#7082,#7083,#7084,#7085,#7086,#7087,#7088,
#7089,#7090,#7091,#7092,#7093,#7094,#7095,#7096,#7097,#7098,#7099,#7100,
#7101,#7102,#7103,#7104,#7105,#7106,#7107,#7108,#7109,#7110,#7111,#7112,
#7113,#7114,#7115,#7116,#7117,#7118,#7119,#7120,#7121,#7122,#7123,#7124,
#7125,#7126,#7127,#7128,#7129,#7130,#7131,#7132,#7133,#7134,#7135,#7136,
#7137,#7138,#7139,#7140,#7141,#7142,#7143,#7144,#7145,#7146,#7147,#7148,
#7149,#7150,#7151,#7152,#7153,#7154,#7155,#7156,#7157,#7158,#7159,#7160,
#7161,#7162,#7163,#7164,#7165,#7166,#7167,#7168,#7169,#7170,#7171,#7172,
#7173,#7174,#7175,#7176,#7177,#7178,#7179,#7180,#7181,#7182,#7183,#7184,
#7185,#7186,#7187,#7188,#7189,#7190,#7191,#7192,#7193,#7194,#7195,#7196,
#7197,#7198,#7199,#7200,#7201,#7202,#7203,#7204,#7205,#7206,#7207,#7208,
#7209,#7210,#7211,#7212,#7213,#7214,#7215,#7216,#7217,#7218,#7219,#7220,
#7221,#7222,#7223,#7224,#7225,#7226,#7227,#7228,#7229,#7230,#7231,#7232,
#7233,#7234,#7235,#7236,#7237,#7238,#7239,#7240,#7241,#7242,#7243,#7244,
#7245,#7246,#7247,#7248,#7249,#7250,#7251,#7252,#7253,#7254,#7255,#7256,
#7257,#7258,#7259,#7260,#7261,#7262,#7263,#7264,#7265,#7266,#7267,#7268,
#7269,#7270,#7271,#7272,#7273,#7274,#7275,#7276,#7277,#7278,#7279,#7280,
#7281,#7282,#7283,#7284,#7285,#7286,#7287,#7288,#7289,#7290,#7291,#7292,
#7293,#7294,#7295,#7296,#7297,#7298,#7299,#7300,#7301,#7302,#7303,#7304,
#7305,#7306,#7307,#7308,#7309,#7310,#7311,#7312,#7313,#7314,#7315,#7316,
#7317,#7318,#7319,#7320,#7321,#7322,#7323,#7324,#7325,#7326,#7327,#7328,
#7329,#7330,#7331,#7332,#7333,#7334,#7335,#7336,#7337,#7338,#7339,#7340,
#7341,#7342,#7343,#7344));
#7346=DERIVED_UNIT_ELEMENT(#7348,1.);
#7347=DERIVED_UNIT_ELEMENT(#13226,-3.);
#7348=(
MASS_UNIT()
NAMED_UNIT(*)
SI_UNIT(.KILO.,.GRAM.)
);
#7349=DERIVED_UNIT((#7346,#7347));
#7350=MEASURE_REPRESENTATION_ITEM('density measure',
POSITIVE_RATIO_MEASURE(900.),#7349);
#7351=PROPERTY_DEFINITION_REPRESENTATION(#7356,#7353);
#7352=PROPERTY_DEFINITION_REPRESENTATION(#7357,#7354);
#7353=REPRESENTATION('material name',(#7355),#13223);
#7354=REPRESENTATION('density',(#7350),#13223);
#7355=DESCRIPTIVE_REPRESENTATION_ITEM('\X2\76AE9769FF0C98CE5316\X0\',
'\X2\76AE9769FF0C98CE5316\X0\');
#7356=PROPERTY_DEFINITION('material property','material name',#13233);
#7357=PROPERTY_DEFINITION('material property','density of part',#13233);
#7358=AXIS2_PLACEMENT_3D('',#10262,#8107,#8108);
#7359=AXIS2_PLACEMENT_3D('',#10263,#8109,#8110);
#7360=AXIS2_PLACEMENT_3D('',#10272,#8115,#8116);
#7361=AXIS2_PLACEMENT_3D('',#10282,#8122,#8123);
#7362=AXIS2_PLACEMENT_3D('',#10288,#8127,#8128);
#7363=AXIS2_PLACEMENT_3D('',#10297,#8133,#8134);
#7364=AXIS2_PLACEMENT_3D('',#10306,#8139,#8140);
#7365=AXIS2_PLACEMENT_3D('',#10311,#8142,#8143);
#7366=AXIS2_PLACEMENT_3D('',#10314,#8146,#8147);
#7367=AXIS2_PLACEMENT_3D('',#10324,#8152,#8153);
#7368=AXIS2_PLACEMENT_3D('',#10326,#8154,#8155);
#7369=AXIS2_PLACEMENT_3D('',#10328,#8156,#8157);
#7370=AXIS2_PLACEMENT_3D('',#10330,#8158,#8159);
#7371=AXIS2_PLACEMENT_3D('',#10339,#8165,#8166);
#7372=AXIS2_PLACEMENT_3D('',#10348,#8171,#8172);
#7373=AXIS2_PLACEMENT_3D('',#10352,#8174,#8175);
#7374=AXIS2_PLACEMENT_3D('',#10356,#8177,#8178);
#7375=AXIS2_PLACEMENT_3D('',#10358,#8179,#8180);
#7376=AXIS2_PLACEMENT_3D('',#10360,#8182,#8183);
#7377=AXIS2_PLACEMENT_3D('',#10367,#8187,#8188);
#7378=AXIS2_PLACEMENT_3D('',#10368,#8189,#8190);
#7379=AXIS2_PLACEMENT_3D('',#10371,#8192,#8193);
#7380=AXIS2_PLACEMENT_3D('',#10372,#8194,#8195);
#7381=AXIS2_PLACEMENT_3D('',#10376,#8197,#8198);
#7382=AXIS2_PLACEMENT_3D('',#10392,#8206,#8207);
#7383=AXIS2_PLACEMENT_3D('',#10416,#8219,#8220);
#7384=AXIS2_PLACEMENT_3D('',#10420,#8222,#8223);
#7385=AXIS2_PLACEMENT_3D('',#10424,#8225,#8226);
#7386=AXIS2_PLACEMENT_3D('',#10426,#8228,#8229);
#7387=AXIS2_PLACEMENT_3D('',#10428,#8230,#8231);
#7388=AXIS2_PLACEMENT_3D('',#10430,#8233,#8234);
#7389=AXIS2_PLACEMENT_3D('',#10434,#8237,#8238);
#7390=AXIS2_PLACEMENT_3D('',#10437,#8239,#8240);
#7391=AXIS2_PLACEMENT_3D('',#10441,#8242,#8243);
#7392=AXIS2_PLACEMENT_3D('',#10447,#8247,#8248);
#7393=AXIS2_PLACEMENT_3D('',#10456,#8253,#8254);
#7394=AXIS2_PLACEMENT_3D('',#10459,#8257,#8258);
#7395=AXIS2_PLACEMENT_3D('',#10471,#8264,#8265);
#7396=AXIS2_PLACEMENT_3D('',#10482,#8272,#8273);
#7397=AXIS2_PLACEMENT_3D('',#10502,#8276,#8277);
#7398=AXIS2_PLACEMENT_3D('',#10504,#8279,#8280);
#7399=AXIS2_PLACEMENT_3D('',#10510,#8283,#8284);
#7400=AXIS2_PLACEMENT_3D('',#10514,#8286,#8287);
#7401=AXIS2_PLACEMENT_3D('',#10518,#8289,#8290);
#7402=AXIS2_PLACEMENT_3D('',#10522,#8292,#8293);
#7403=AXIS2_PLACEMENT_3D('',#10524,#8295,#8296);
#7404=AXIS2_PLACEMENT_3D('',#10526,#8297,#8298);
#7405=AXIS2_PLACEMENT_3D('',#10528,#8300,#8301);
#7406=AXIS2_PLACEMENT_3D('',#10532,#8303,#8304);
#7407=AXIS2_PLACEMENT_3D('',#10533,#8305,#8306);
#7408=AXIS2_PLACEMENT_3D('',#10553,#8316,#8317);
#7409=AXIS2_PLACEMENT_3D('',#10556,#8319,#8320);
#7410=AXIS2_PLACEMENT_3D('',#10557,#8321,#8322);
#7411=AXIS2_PLACEMENT_3D('',#10559,#8323,#8324);
#7412=AXIS2_PLACEMENT_3D('',#10570,#8325,#8326);
#7413=AXIS2_PLACEMENT_3D('',#10606,#8327,#8328);
#7414=AXIS2_PLACEMENT_3D('',#10609,#8330,#8331);
#7415=AXIS2_PLACEMENT_3D('',#10610,#8332,#8333);
#7416=AXIS2_PLACEMENT_3D('',#10611,#8334,#8335);
#7417=AXIS2_PLACEMENT_3D('',#10617,#8339,#8340);
#7418=AXIS2_PLACEMENT_3D('',#10623,#8343,#8344);
#7419=AXIS2_PLACEMENT_3D('',#10635,#8350,#8351);
#7420=AXIS2_PLACEMENT_3D('',#10637,#8353,#8354);
#7421=AXIS2_PLACEMENT_3D('',#10666,#8362,#8363);
#7422=AXIS2_PLACEMENT_3D('',#10668,#8364,#8365);
#7423=AXIS2_PLACEMENT_3D('',#10670,#8366,#8367);
#7424=AXIS2_PLACEMENT_3D('',#10672,#8368,#8369);
#7425=AXIS2_PLACEMENT_3D('',#10698,#8383,#8384);
#7426=AXIS2_PLACEMENT_3D('',#10700,#8385,#8386);
#7427=AXIS2_PLACEMENT_3D('',#10702,#8388,#8389);
#7428=AXIS2_PLACEMENT_3D('',#10726,#8402,#8403);
#7429=AXIS2_PLACEMENT_3D('',#10727,#8404,#8405);
#7430=AXIS2_PLACEMENT_3D('',#10728,#8406,#8407);
#7431=AXIS2_PLACEMENT_3D('',#10738,#8412,#8413);
#7432=AXIS2_PLACEMENT_3D('',#10740,#8414,#8415);
#7433=AXIS2_PLACEMENT_3D('',#10741,#8416,#8417);
#7434=AXIS2_PLACEMENT_3D('',#10751,#8422,#8423);
#7435=AXIS2_PLACEMENT_3D('',#10753,#8424,#8425);
#7436=AXIS2_PLACEMENT_3D('',#10754,#8426,#8427);
#7437=AXIS2_PLACEMENT_3D('',#10756,#8428,#8429);
#7438=AXIS2_PLACEMENT_3D('',#10758,#8431,#8432);
#7439=AXIS2_PLACEMENT_3D('',#10760,#8433,#8434);
#7440=AXIS2_PLACEMENT_3D('',#10762,#8436,#8437);
#7441=AXIS2_PLACEMENT_3D('',#10768,#8441,#8442);
#7442=AXIS2_PLACEMENT_3D('',#10776,#8447,#8448);
#7443=AXIS2_PLACEMENT_3D('',#10784,#8453,#8454);
#7444=AXIS2_PLACEMENT_3D('',#10786,#8456,#8457);
#7445=AXIS2_PLACEMENT_3D('',#10795,#8462,#8463);
#7446=AXIS2_PLACEMENT_3D('',#10804,#8468,#8469);
#7447=AXIS2_PLACEMENT_3D('',#10810,#8473,#8474);
#7448=AXIS2_PLACEMENT_3D('',#10812,#8475,#8476);
#7449=AXIS2_PLACEMENT_3D('',#10815,#8478,#8479);
#7450=AXIS2_PLACEMENT_3D('',#10816,#8480,#8481);
#7451=AXIS2_PLACEMENT_3D('',#10818,#8482,#8483);
#7452=AXIS2_PLACEMENT_3D('',#10821,#8485,#8486);
#7453=AXIS2_PLACEMENT_3D('',#10822,#8487,#8488);
#7454=AXIS2_PLACEMENT_3D('',#10831,#8493,#8494);
#7455=AXIS2_PLACEMENT_3D('',#10840,#8499,#8500);
#7456=AXIS2_PLACEMENT_3D('',#10854,#8505,#8506);
#7457=AXIS2_PLACEMENT_3D('',#10857,#8507,#8508);
#7458=AXIS2_PLACEMENT_3D('',#10859,#8509,#8510);
#7459=AXIS2_PLACEMENT_3D('',#10861,#8511,#8512);
#7460=AXIS2_PLACEMENT_3D('',#10885,#8513,#8514);
#7461=AXIS2_PLACEMENT_3D('',#10937,#8515,#8516);
#7462=AXIS2_PLACEMENT_3D('',#10940,#8518,#8519);
#7463=AXIS2_PLACEMENT_3D('',#10941,#8520,#8521);
#7464=AXIS2_PLACEMENT_3D('',#10958,#8522,#8523);
#7465=AXIS2_PLACEMENT_3D('',#10959,#8524,#8525);
#7466=AXIS2_PLACEMENT_3D('',#10961,#8527,#8528);
#7467=AXIS2_PLACEMENT_3D('',#10962,#8529,#8530);
#7468=AXIS2_PLACEMENT_3D('',#10963,#8531,#8532);
#7469=AXIS2_PLACEMENT_3D('',#10964,#8533,#8534);
#7470=AXIS2_PLACEMENT_3D('',#10965,#8535,#8536);
#7471=AXIS2_PLACEMENT_3D('',#10968,#8537,#8538);
#7472=AXIS2_PLACEMENT_3D('',#10970,#8539,#8540);
#7473=AXIS2_PLACEMENT_3D('',#10972,#8541,#8542);
#7474=AXIS2_PLACEMENT_3D('',#10975,#8544,#8545);
#7475=AXIS2_PLACEMENT_3D('',#10977,#8546,#8547);
#7476=AXIS2_PLACEMENT_3D('',#11031,#8548,#8549);
#7477=AXIS2_PLACEMENT_3D('',#11052,#8550,#8551);
#7478=AXIS2_PLACEMENT_3D('',#11069,#8552,#8553);
#7479=AXIS2_PLACEMENT_3D('',#11070,#8554,#8555);
#7480=AXIS2_PLACEMENT_3D('',#11072,#8557,#8558);
#7481=AXIS2_PLACEMENT_3D('',#11073,#8559,#8560);
#7482=AXIS2_PLACEMENT_3D('',#11074,#8561,#8562);
#7483=AXIS2_PLACEMENT_3D('',#11075,#8563,#8564);
#7484=AXIS2_PLACEMENT_3D('',#11076,#8565,#8566);
#7485=AXIS2_PLACEMENT_3D('',#11078,#8567,#8568);
#7486=AXIS2_PLACEMENT_3D('',#11081,#8570,#8571);
#7487=AXIS2_PLACEMENT_3D('',#11082,#8572,#8573);
#7488=AXIS2_PLACEMENT_3D('',#11083,#8574,#8575);
#7489=AXIS2_PLACEMENT_3D('',#11085,#8576,#8577);
#7490=AXIS2_PLACEMENT_3D('',#11086,#8578,#8579);
#7491=AXIS2_PLACEMENT_3D('',#11087,#8580,#8581);
#7492=AXIS2_PLACEMENT_3D('',#11089,#8582,#8583);
#7493=AXIS2_PLACEMENT_3D('',#11092,#8585,#8586);
#7494=AXIS2_PLACEMENT_3D('',#11093,#8587,#8588);
#7495=AXIS2_PLACEMENT_3D('',#11094,#8589,#8590);
#7496=AXIS2_PLACEMENT_3D('',#11096,#8591,#8592);
#7497=AXIS2_PLACEMENT_3D('',#11097,#8593,#8594);
#7498=AXIS2_PLACEMENT_3D('',#11098,#8595,#8596);
#7499=AXIS2_PLACEMENT_3D('',#11106,#8602,#8603);
#7500=AXIS2_PLACEMENT_3D('',#11114,#8608,#8609);
#7501=AXIS2_PLACEMENT_3D('',#11120,#8613,#8614);
#7502=AXIS2_PLACEMENT_3D('',#11135,#8623,#8624);
#7503=AXIS2_PLACEMENT_3D('',#11138,#8627,#8628);
#7504=AXIS2_PLACEMENT_3D('',#11153,#8637,#8638);
#7505=AXIS2_PLACEMENT_3D('',#11167,#8646,#8647);
#7506=AXIS2_PLACEMENT_3D('',#11182,#8656,#8657);
#7507=AXIS2_PLACEMENT_3D('',#11185,#8660,#8661);
#7508=AXIS2_PLACEMENT_3D('',#11187,#8662,#8663);
#7509=AXIS2_PLACEMENT_3D('',#11189,#8664,#8665);
#7510=AXIS2_PLACEMENT_3D('',#11191,#8667,#8668);
#7511=AXIS2_PLACEMENT_3D('',#11193,#8669,#8670);
#7512=AXIS2_PLACEMENT_3D('',#11197,#8672,#8673);
#7513=AXIS2_PLACEMENT_3D('',#11199,#8675,#8676);
#7514=AXIS2_PLACEMENT_3D('',#11200,#8677,#8678);
#7515=AXIS2_PLACEMENT_3D('',#11201,#8679,#8680);
#7516=AXIS2_PLACEMENT_3D('',#11202,#8681,#8682);
#7517=AXIS2_PLACEMENT_3D('',#11204,#8684,#8685);
#7518=AXIS2_PLACEMENT_3D('',#11205,#8686,#8687);
#7519=AXIS2_PLACEMENT_3D('',#11207,#8688,#8689);
#7520=AXIS2_PLACEMENT_3D('',#11211,#8691,#8692);
#7521=AXIS2_PLACEMENT_3D('',#11213,#8694,#8695);
#7522=AXIS2_PLACEMENT_3D('',#11215,#8696,#8697);
#7523=AXIS2_PLACEMENT_3D('',#11218,#8699,#8700);
#7524=AXIS2_PLACEMENT_3D('',#11219,#8701,#8702);
#7525=AXIS2_PLACEMENT_3D('',#11220,#8703,#8704);
#7526=AXIS2_PLACEMENT_3D('',#11221,#8705,#8706);
#7527=AXIS2_PLACEMENT_3D('',#11222,#8707,#8708);
#7528=AXIS2_PLACEMENT_3D('',#11231,#8715,#8716);
#7529=AXIS2_PLACEMENT_3D('',#11232,#8717,#8718);
#7530=AXIS2_PLACEMENT_3D('',#11241,#8723,#8724);
#7531=AXIS2_PLACEMENT_3D('',#11247,#8728,#8729);
#7532=AXIS2_PLACEMENT_3D('',#11250,#8732,#8733);
#7533=AXIS2_PLACEMENT_3D('',#11252,#8735,#8736);
#7534=AXIS2_PLACEMENT_3D('',#11254,#8738,#8739);
#7535=AXIS2_PLACEMENT_3D('',#11263,#8744,#8745);
#7536=AXIS2_PLACEMENT_3D('',#11269,#8749,#8750);
#7537=AXIS2_PLACEMENT_3D('',#11273,#8753,#8754);
#7538=AXIS2_PLACEMENT_3D('',#11277,#8757,#8758);
#7539=AXIS2_PLACEMENT_3D('',#11279,#8760,#8761);
#7540=AXIS2_PLACEMENT_3D('',#11281,#8762,#8763);
#7541=AXIS2_PLACEMENT_3D('',#11284,#8765,#8766);
#7542=AXIS2_PLACEMENT_3D('',#11285,#8767,#8768);
#7543=AXIS2_PLACEMENT_3D('',#11287,#8769,#8770);
#7544=AXIS2_PLACEMENT_3D('',#11290,#8772,#8773);
#7545=AXIS2_PLACEMENT_3D('',#11291,#8774,#8775);
#7546=AXIS2_PLACEMENT_3D('',#11293,#8776,#8777);
#7547=AXIS2_PLACEMENT_3D('',#11296,#8779,#8780);
#7548=AXIS2_PLACEMENT_3D('',#11297,#8781,#8782);
#7549=AXIS2_PLACEMENT_3D('',#11299,#8783,#8784);
#7550=AXIS2_PLACEMENT_3D('',#11302,#8786,#8787);
#7551=AXIS2_PLACEMENT_3D('',#11303,#8788,#8789);
#7552=AXIS2_PLACEMENT_3D('',#11306,#8791,#8792);
#7553=AXIS2_PLACEMENT_3D('',#11307,#8793,#8794);
#7554=AXIS2_PLACEMENT_3D('',#11310,#8796,#8797);
#7555=AXIS2_PLACEMENT_3D('',#11311,#8798,#8799);
#7556=AXIS2_PLACEMENT_3D('',#11314,#8800,#8801);
#7557=AXIS2_PLACEMENT_3D('',#11321,#8805,#8806);
#7558=AXIS2_PLACEMENT_3D('',#11322,#8807,#8808);
#7559=AXIS2_PLACEMENT_3D('',#11324,#8809,#8810);
#7560=AXIS2_PLACEMENT_3D('',#11325,#8811,#8812);
#7561=AXIS2_PLACEMENT_3D('',#11329,#8814,#8815);
#7562=AXIS2_PLACEMENT_3D('',#11330,#8816,#8817);
#7563=AXIS2_PLACEMENT_3D('',#11331,#8818,#8819);
#7564=AXIS2_PLACEMENT_3D('',#11332,#8820,#8821);
#7565=AXIS2_PLACEMENT_3D('',#11333,#8822,#8823);
#7566=AXIS2_PLACEMENT_3D('',#11335,#8824,#8825);
#7567=AXIS2_PLACEMENT_3D('',#11336,#8826,#8827);
#7568=AXIS2_PLACEMENT_3D('',#11340,#8829,#8830);
#7569=AXIS2_PLACEMENT_3D('',#11341,#8831,#8832);
#7570=AXIS2_PLACEMENT_3D('',#11342,#8833,#8834);
#7571=AXIS2_PLACEMENT_3D('',#11343,#8835,#8836);
#7572=AXIS2_PLACEMENT_3D('',#11344,#8837,#8838);
#7573=AXIS2_PLACEMENT_3D('',#11347,#8839,#8840);
#7574=AXIS2_PLACEMENT_3D('',#11351,#8843,#8844);
#7575=AXIS2_PLACEMENT_3D('',#11352,#8845,#8846);
#7576=AXIS2_PLACEMENT_3D('',#11354,#8847,#8848);
#7577=AXIS2_PLACEMENT_3D('',#11356,#8849,#8850);
#7578=AXIS2_PLACEMENT_3D('',#11357,#8851,#8852);
#7579=AXIS2_PLACEMENT_3D('',#11358,#8853,#8854);
#7580=AXIS2_PLACEMENT_3D('',#11361,#8855,#8856);
#7581=AXIS2_PLACEMENT_3D('',#11362,#8857,#8858);
#7582=AXIS2_PLACEMENT_3D('',#11363,#8859,#8860);
#7583=AXIS2_PLACEMENT_3D('',#11364,#8861,#8862);
#7584=AXIS2_PLACEMENT_3D('',#11368,#8865,#8866);
#7585=AXIS2_PLACEMENT_3D('',#11371,#8867,#8868);
#7586=AXIS2_PLACEMENT_3D('',#11375,#8870,#8871);
#7587=AXIS2_PLACEMENT_3D('',#11377,#8873,#8874);
#7588=AXIS2_PLACEMENT_3D('',#11380,#8875,#8876);
#7589=AXIS2_PLACEMENT_3D('',#11381,#8877,#8878);
#7590=AXIS2_PLACEMENT_3D('',#11383,#8879,#8880);
#7591=AXIS2_PLACEMENT_3D('',#11384,#8881,#8882);
#7592=AXIS2_PLACEMENT_3D('',#11385,#8883,#8884);
#7593=AXIS2_PLACEMENT_3D('',#11392,#8888,#8889);
#7594=AXIS2_PLACEMENT_3D('',#11393,#8890,#8891);
#7595=AXIS2_PLACEMENT_3D('',#11397,#8893,#8894);
#7596=AXIS2_PLACEMENT_3D('',#11398,#8895,#8896);
#7597=AXIS2_PLACEMENT_3D('',#11399,#8897,#8898);
#7598=AXIS2_PLACEMENT_3D('',#11400,#8899,#8900);
#7599=AXIS2_PLACEMENT_3D('',#11401,#8901,#8902);
#7600=AXIS2_PLACEMENT_3D('',#11404,#8905,#8906);
#7601=AXIS2_PLACEMENT_3D('',#11412,#8911,#8912);
#7602=AXIS2_PLACEMENT_3D('',#11416,#8915,#8916);
#7603=AXIS2_PLACEMENT_3D('',#11426,#8921,#8922);
#7604=AXIS2_PLACEMENT_3D('',#11428,#8923,#8924);
#7605=AXIS2_PLACEMENT_3D('',#11429,#8925,#8926);
#7606=AXIS2_PLACEMENT_3D('',#11434,#8930,#8931);
#7607=AXIS2_PLACEMENT_3D('',#11438,#8934,#8935);
#7608=AXIS2_PLACEMENT_3D('',#11441,#8937,#8938);
#7609=AXIS2_PLACEMENT_3D('',#11443,#8939,#8940);
#7610=AXIS2_PLACEMENT_3D('',#11444,#8941,#8942);
#7611=AXIS2_PLACEMENT_3D('',#11446,#8943,#8944);
#7612=AXIS2_PLACEMENT_3D('',#11449,#8946,#8947);
#7613=AXIS2_PLACEMENT_3D('',#11450,#8948,#8949);
#7614=AXIS2_PLACEMENT_3D('',#11452,#8950,#8951);
#7615=AXIS2_PLACEMENT_3D('',#11455,#8953,#8954);
#7616=AXIS2_PLACEMENT_3D('',#11456,#8955,#8956);
#7617=AXIS2_PLACEMENT_3D('',#11458,#8958,#8959);
#7618=AXIS2_PLACEMENT_3D('',#11460,#8961,#8962);
#7619=AXIS2_PLACEMENT_3D('',#11462,#8963,#8964);
#7620=AXIS2_PLACEMENT_3D('',#11465,#8966,#8967);
#7621=AXIS2_PLACEMENT_3D('',#11466,#8968,#8969);
#7622=AXIS2_PLACEMENT_3D('',#11468,#8970,#8971);
#7623=AXIS2_PLACEMENT_3D('',#11469,#8972,#8973);
#7624=AXIS2_PLACEMENT_3D('',#11472,#8974,#8975);
#7625=AXIS2_PLACEMENT_3D('',#11476,#8977,#8978);
#7626=AXIS2_PLACEMENT_3D('',#11478,#8979,#8980);
#7627=AXIS2_PLACEMENT_3D('',#11480,#8981,#8982);
#7628=AXIS2_PLACEMENT_3D('',#11481,#8983,#8984);
#7629=AXIS2_PLACEMENT_3D('',#11482,#8985,#8986);
#7630=AXIS2_PLACEMENT_3D('',#11484,#8987,#8988);
#7631=AXIS2_PLACEMENT_3D('',#11486,#8989,#8990);
#7632=AXIS2_PLACEMENT_3D('',#11487,#8991,#8992);
#7633=AXIS2_PLACEMENT_3D('',#11562,#8994,#8995);
#7634=AXIS2_PLACEMENT_3D('',#11579,#8996,#8997);
#7635=AXIS2_PLACEMENT_3D('',#11580,#8998,#8999);
#7636=AXIS2_PLACEMENT_3D('',#11583,#9000,#9001);
#7637=AXIS2_PLACEMENT_3D('',#11587,#9003,#9004);
#7638=AXIS2_PLACEMENT_3D('',#11589,#9005,#9006);
#7639=AXIS2_PLACEMENT_3D('',#11590,#9007,#9008);
#7640=AXIS2_PLACEMENT_3D('',#11591,#9009,#9010);
#7641=AXIS2_PLACEMENT_3D('',#11593,#9011,#9012);
#7642=AXIS2_PLACEMENT_3D('',#11595,#9013,#9014);
#7643=AXIS2_PLACEMENT_3D('',#11596,#9015,#9016);
#7644=AXIS2_PLACEMENT_3D('',#11641,#9018,#9019);
#7645=AXIS2_PLACEMENT_3D('',#11642,#9020,#9021);
#7646=AXIS2_PLACEMENT_3D('',#11645,#9022,#9023);
#7647=AXIS2_PLACEMENT_3D('',#11649,#9025,#9026);
#7648=AXIS2_PLACEMENT_3D('',#11651,#9027,#9028);
#7649=AXIS2_PLACEMENT_3D('',#11653,#9029,#9030);
#7650=AXIS2_PLACEMENT_3D('',#11654,#9031,#9032);
#7651=AXIS2_PLACEMENT_3D('',#11655,#9033,#9034);
#7652=AXIS2_PLACEMENT_3D('',#11657,#9035,#9036);
#7653=AXIS2_PLACEMENT_3D('',#11659,#9037,#9038);
#7654=AXIS2_PLACEMENT_3D('',#11660,#9039,#9040);
#7655=AXIS2_PLACEMENT_3D('',#11735,#9042,#9043);
#7656=AXIS2_PLACEMENT_3D('',#11752,#9044,#9045);
#7657=AXIS2_PLACEMENT_3D('',#11753,#9046,#9047);
#7658=AXIS2_PLACEMENT_3D('',#11754,#9048,#9049);
#7659=AXIS2_PLACEMENT_3D('',#11755,#9050,#9051);
#7660=AXIS2_PLACEMENT_3D('',#11756,#9052,#9053);
#7661=AXIS2_PLACEMENT_3D('',#11757,#9054,#9055);
#7662=AXIS2_PLACEMENT_3D('',#11758,#9056,#9057);
#7663=AXIS2_PLACEMENT_3D('',#11759,#9058,#9059);
#7664=AXIS2_PLACEMENT_3D('',#11760,#9060,#9061);
#7665=AXIS2_PLACEMENT_3D('',#11762,#9063,#9064);
#7666=AXIS2_PLACEMENT_3D('',#11763,#9065,#9066);
#7667=AXIS2_PLACEMENT_3D('',#11765,#9068,#9069);
#7668=AXIS2_PLACEMENT_3D('',#11766,#9070,#9071);
#7669=AXIS2_PLACEMENT_3D('',#11767,#9072,#9073);
#7670=AXIS2_PLACEMENT_3D('',#11768,#9074,#9075);
#7671=AXIS2_PLACEMENT_3D('',#11769,#9076,#9077);
#7672=AXIS2_PLACEMENT_3D('',#11770,#9078,#9079);
#7673=AXIS2_PLACEMENT_3D('',#11771,#9080,#9081);
#7674=AXIS2_PLACEMENT_3D('',#11772,#9082,#9083);
#7675=AXIS2_PLACEMENT_3D('',#11773,#9084,#9085);
#7676=AXIS2_PLACEMENT_3D('',#11774,#9086,#9087);
#7677=AXIS2_PLACEMENT_3D('',#11775,#9088,#9089);
#7678=AXIS2_PLACEMENT_3D('',#11777,#9091,#9092);
#7679=AXIS2_PLACEMENT_3D('',#11779,#9094,#9095);
#7680=AXIS2_PLACEMENT_3D('',#11780,#9096,#9097);
#7681=AXIS2_PLACEMENT_3D('',#11781,#9098,#9099);
#7682=AXIS2_PLACEMENT_3D('',#11782,#9100,#9101);
#7683=AXIS2_PLACEMENT_3D('',#11783,#9102,#9103);
#7684=AXIS2_PLACEMENT_3D('',#11792,#9108,#9109);
#7685=AXIS2_PLACEMENT_3D('',#11798,#9113,#9114);
#7686=AXIS2_PLACEMENT_3D('',#11803,#9118,#9119);
#7687=AXIS2_PLACEMENT_3D('',#11816,#9126,#9127);
#7688=AXIS2_PLACEMENT_3D('',#11825,#9132,#9133);
#7689=AXIS2_PLACEMENT_3D('',#11828,#9135,#9136);
#7690=AXIS2_PLACEMENT_3D('',#11830,#9137,#9138);
#7691=AXIS2_PLACEMENT_3D('',#11837,#9143,#9144);
#7692=AXIS2_PLACEMENT_3D('',#11844,#9149,#9150);
#7693=AXIS2_PLACEMENT_3D('',#11849,#9154,#9155);
#7694=AXIS2_PLACEMENT_3D('',#11862,#9162,#9163);
#7695=AXIS2_PLACEMENT_3D('',#11867,#9167,#9168);
#7696=AXIS2_PLACEMENT_3D('',#11873,#9172,#9173);
#7697=AXIS2_PLACEMENT_3D('',#11876,#9174,#9175);
#7698=AXIS2_PLACEMENT_3D('',#11882,#9180,#9181);
#7699=AXIS2_PLACEMENT_3D('',#11884,#9182,#9183);
#7700=AXIS2_PLACEMENT_3D('',#11885,#9184,#9185);
#7701=AXIS2_PLACEMENT_3D('',#11901,#9189,#9190);
#7702=AXIS2_PLACEMENT_3D('',#11902,#9191,#9192);
#7703=AXIS2_PLACEMENT_3D('',#11904,#9193,#9194);
#7704=AXIS2_PLACEMENT_3D('',#11905,#9195,#9196);
#7705=AXIS2_PLACEMENT_3D('',#11908,#9199,#9200);
#7706=AXIS2_PLACEMENT_3D('',#11910,#9202,#9203);
#7707=AXIS2_PLACEMENT_3D('',#11912,#9205,#9206);
#7708=AXIS2_PLACEMENT_3D('',#11913,#9207,#9208);
#7709=AXIS2_PLACEMENT_3D('',#11916,#9209,#9210);
#7710=AXIS2_PLACEMENT_3D('',#11924,#9215,#9216);
#7711=AXIS2_PLACEMENT_3D('',#11926,#9218,#9219);
#7712=AXIS2_PLACEMENT_3D('',#11929,#9221,#9222);
#7713=AXIS2_PLACEMENT_3D('',#11930,#9223,#9224);
#7714=AXIS2_PLACEMENT_3D('',#11933,#9226,#9227);
#7715=AXIS2_PLACEMENT_3D('',#11934,#9228,#9229);
#7716=AXIS2_PLACEMENT_3D('',#11937,#9231,#9232);
#7717=AXIS2_PLACEMENT_3D('',#11938,#9233,#9234);
#7718=AXIS2_PLACEMENT_3D('',#11941,#9236,#9237);
#7719=AXIS2_PLACEMENT_3D('',#11942,#9238,#9239);
#7720=AXIS2_PLACEMENT_3D('',#11945,#9241,#9242);
#7721=AXIS2_PLACEMENT_3D('',#11946,#9243,#9244);
#7722=AXIS2_PLACEMENT_3D('',#11949,#9245,#9246);
#7723=AXIS2_PLACEMENT_3D('',#11953,#9248,#9249);
#7724=AXIS2_PLACEMENT_3D('',#11955,#9251,#9252);
#7725=AXIS2_PLACEMENT_3D('',#11960,#9254,#9255);
#7726=AXIS2_PLACEMENT_3D('',#11964,#9258,#9259);
#7727=AXIS2_PLACEMENT_3D('',#11965,#9260,#9261);
#7728=AXIS2_PLACEMENT_3D('',#11969,#9264,#9265);
#7729=AXIS2_PLACEMENT_3D('',#11970,#9266,#9267);
#7730=AXIS2_PLACEMENT_3D('',#12010,#9273,#9274);
#7731=AXIS2_PLACEMENT_3D('',#12011,#9275,#9276);
#7732=AXIS2_PLACEMENT_3D('',#12020,#9281,#9282);
#7733=AXIS2_PLACEMENT_3D('',#12025,#9285,#9286);
#7734=AXIS2_PLACEMENT_3D('',#12026,#9287,#9288);
#7735=AXIS2_PLACEMENT_3D('',#12028,#9289,#9290);
#7736=AXIS2_PLACEMENT_3D('',#12030,#9291,#9292);
#7737=AXIS2_PLACEMENT_3D('',#12031,#9293,#9294);
#7738=AXIS2_PLACEMENT_3D('',#12032,#9295,#9296);
#7739=AXIS2_PLACEMENT_3D('',#12036,#9298,#9299);
#7740=AXIS2_PLACEMENT_3D('',#12037,#9300,#9301);
#7741=AXIS2_PLACEMENT_3D('',#12038,#9302,#9303);
#7742=AXIS2_PLACEMENT_3D('',#12040,#9304,#9305);
#7743=AXIS2_PLACEMENT_3D('',#12041,#9306,#9307);
#7744=AXIS2_PLACEMENT_3D('',#12042,#9308,#9309);
#7745=AXIS2_PLACEMENT_3D('',#12044,#9310,#9311);
#7746=AXIS2_PLACEMENT_3D('',#12045,#9312,#9313);
#7747=AXIS2_PLACEMENT_3D('',#12047,#9315,#9316);
#7748=AXIS2_PLACEMENT_3D('',#12050,#9317,#9318);
#7749=AXIS2_PLACEMENT_3D('',#12054,#9320,#9321);
#7750=AXIS2_PLACEMENT_3D('',#12056,#9323,#9324);
#7751=AXIS2_PLACEMENT_3D('',#12059,#9327,#9328);
#7752=AXIS2_PLACEMENT_3D('',#12062,#9331,#9332);
#7753=AXIS2_PLACEMENT_3D('',#12066,#9334,#9335);
#7754=AXIS2_PLACEMENT_3D('',#12067,#9336,#9337);
#7755=AXIS2_PLACEMENT_3D('',#12068,#9338,#9339);
#7756=AXIS2_PLACEMENT_3D('',#12070,#9340,#9341);
#7757=AXIS2_PLACEMENT_3D('',#12071,#9342,#9343);
#7758=AXIS2_PLACEMENT_3D('',#12072,#9344,#9345);
#7759=AXIS2_PLACEMENT_3D('',#12073,#9346,#9347);
#7760=AXIS2_PLACEMENT_3D('',#12077,#9349,#9350);
#7761=AXIS2_PLACEMENT_3D('',#12078,#9351,#9352);
#7762=AXIS2_PLACEMENT_3D('',#12079,#9353,#9354);
#7763=AXIS2_PLACEMENT_3D('',#12081,#9355,#9356);
#7764=AXIS2_PLACEMENT_3D('',#12082,#9357,#9358);
#7765=AXIS2_PLACEMENT_3D('',#12083,#9359,#9360);
#7766=AXIS2_PLACEMENT_3D('',#12084,#9361,#9362);
#7767=AXIS2_PLACEMENT_3D('',#12088,#9364,#9365);
#7768=AXIS2_PLACEMENT_3D('',#12089,#9366,#9367);
#7769=AXIS2_PLACEMENT_3D('',#12090,#9368,#9369);
#7770=AXIS2_PLACEMENT_3D('',#12092,#9370,#9371);
#7771=AXIS2_PLACEMENT_3D('',#12093,#9372,#9373);
#7772=AXIS2_PLACEMENT_3D('',#12094,#9374,#9375);
#7773=AXIS2_PLACEMENT_3D('',#12095,#9376,#9377);
#7774=AXIS2_PLACEMENT_3D('',#12099,#9379,#9380);
#7775=AXIS2_PLACEMENT_3D('',#12100,#9381,#9382);
#7776=AXIS2_PLACEMENT_3D('',#12101,#9383,#9384);
#7777=AXIS2_PLACEMENT_3D('',#12103,#9385,#9386);
#7778=AXIS2_PLACEMENT_3D('',#12104,#9387,#9388);
#7779=AXIS2_PLACEMENT_3D('',#12105,#9389,#9390);
#7780=AXIS2_PLACEMENT_3D('',#12106,#9391,#9392);
#7781=AXIS2_PLACEMENT_3D('',#12108,#9393,#9394);
#7782=AXIS2_PLACEMENT_3D('',#12109,#9395,#9396);
#7783=AXIS2_PLACEMENT_3D('',#12111,#9397,#9398);
#7784=AXIS2_PLACEMENT_3D('',#12113,#9399,#9400);
#7785=AXIS2_PLACEMENT_3D('',#12114,#9401,#9402);
#7786=AXIS2_PLACEMENT_3D('',#12115,#9403,#9404);
#7787=AXIS2_PLACEMENT_3D('',#12117,#9405,#9406);
#7788=AXIS2_PLACEMENT_3D('',#12118,#9407,#9408);
#7789=AXIS2_PLACEMENT_3D('',#12122,#9410,#9411);
#7790=AXIS2_PLACEMENT_3D('',#12123,#9412,#9413);
#7791=AXIS2_PLACEMENT_3D('',#12124,#9414,#9415);
#7792=AXIS2_PLACEMENT_3D('',#12125,#9416,#9417);
#7793=AXIS2_PLACEMENT_3D('',#12126,#9418,#9419);
#7794=AXIS2_PLACEMENT_3D('',#12135,#9424,#9425);
#7795=AXIS2_PLACEMENT_3D('',#12144,#9430,#9431);
#7796=AXIS2_PLACEMENT_3D('',#12153,#9436,#9437);
#7797=AXIS2_PLACEMENT_3D('',#12162,#9442,#9443);
#7798=AXIS2_PLACEMENT_3D('',#12163,#9444,#9445);
#7799=AXIS2_PLACEMENT_3D('',#12164,#9446,#9447);
#7800=AXIS2_PLACEMENT_3D('',#12165,#9448,#9449);
#7801=AXIS2_PLACEMENT_3D('',#12166,#9450,#9451);
#7802=AXIS2_PLACEMENT_3D('',#12167,#9452,#9453);
#7803=AXIS2_PLACEMENT_3D('',#12168,#9454,#9455);
#7804=AXIS2_PLACEMENT_3D('',#12169,#9456,#9457);
#7805=AXIS2_PLACEMENT_3D('',#12171,#9459,#9460);
#7806=AXIS2_PLACEMENT_3D('',#12172,#9461,#9462);
#7807=AXIS2_PLACEMENT_3D('',#12173,#9463,#9464);
#7808=AXIS2_PLACEMENT_3D('',#12174,#9465,#9466);
#7809=AXIS2_PLACEMENT_3D('',#12175,#9467,#9468);
#7810=AXIS2_PLACEMENT_3D('',#12176,#9469,#9470);
#7811=AXIS2_PLACEMENT_3D('',#12177,#9471,#9472);
#7812=AXIS2_PLACEMENT_3D('',#12178,#9473,#9474);
#7813=AXIS2_PLACEMENT_3D('',#12179,#9475,#9476);
#7814=AXIS2_PLACEMENT_3D('',#12180,#9477,#9478);
#7815=AXIS2_PLACEMENT_3D('',#12181,#9479,#9480);
#7816=AXIS2_PLACEMENT_3D('',#12182,#9481,#9482);
#7817=AXIS2_PLACEMENT_3D('',#12186,#9485,#9486);
#7818=AXIS2_PLACEMENT_3D('',#12195,#9489,#9490);
#7819=AXIS2_PLACEMENT_3D('',#12199,#9493,#9494);
#7820=AXIS2_PLACEMENT_3D('',#12203,#9497,#9498);
#7821=AXIS2_PLACEMENT_3D('',#12205,#9500,#9501);
#7822=AXIS2_PLACEMENT_3D('',#12218,#9509,#9510);
#7823=AXIS2_PLACEMENT_3D('',#12220,#9511,#9512);
#7824=AXIS2_PLACEMENT_3D('',#12221,#9513,#9514);
#7825=AXIS2_PLACEMENT_3D('',#12223,#9516,#9517);
#7826=AXIS2_PLACEMENT_3D('',#12224,#9518,#9519);
#7827=AXIS2_PLACEMENT_3D('',#12232,#9524,#9525);
#7828=AXIS2_PLACEMENT_3D('',#12238,#9529,#9530);
#7829=AXIS2_PLACEMENT_3D('',#12247,#9535,#9536);
#7830=AXIS2_PLACEMENT_3D('',#12256,#9541,#9542);
#7831=AXIS2_PLACEMENT_3D('',#12266,#9549,#9550);
#7832=AXIS2_PLACEMENT_3D('',#12273,#9555,#9556);
#7833=AXIS2_PLACEMENT_3D('',#12274,#9557,#9558);
#7834=AXIS2_PLACEMENT_3D('',#12280,#9563,#9564);
#7835=AXIS2_PLACEMENT_3D('',#12285,#9566,#9567);
#7836=AXIS2_PLACEMENT_3D('',#12287,#9569,#9570);
#7837=AXIS2_PLACEMENT_3D('',#12288,#9571,#9572);
#7838=AXIS2_PLACEMENT_3D('',#12290,#9574,#9575);
#7839=AXIS2_PLACEMENT_3D('',#12291,#9576,#9577);
#7840=AXIS2_PLACEMENT_3D('',#12292,#9578,#9579);
#7841=AXIS2_PLACEMENT_3D('',#12293,#9580,#9581);
#7842=AXIS2_PLACEMENT_3D('',#12294,#9582,#9583);
#7843=AXIS2_PLACEMENT_3D('',#12295,#9584,#9585);
#7844=AXIS2_PLACEMENT_3D('',#12296,#9586,#9587);
#7845=AXIS2_PLACEMENT_3D('',#12297,#9588,#9589);
#7846=AXIS2_PLACEMENT_3D('',#12298,#9590,#9591);
#7847=AXIS2_PLACEMENT_3D('',#12307,#9596,#9597);
#7848=AXIS2_PLACEMENT_3D('',#12314,#9602,#9603);
#7849=AXIS2_PLACEMENT_3D('',#12339,#9618,#9619);
#7850=AXIS2_PLACEMENT_3D('',#12348,#9625,#9626);
#7851=AXIS2_PLACEMENT_3D('',#12362,#9634,#9635);
#7852=AXIS2_PLACEMENT_3D('',#12377,#9644,#9645);
#7853=AXIS2_PLACEMENT_3D('',#12380,#9648,#9649);
#7854=AXIS2_PLACEMENT_3D('',#12386,#9653,#9654);
#7855=AXIS2_PLACEMENT_3D('',#12390,#9657,#9658);
#7856=AXIS2_PLACEMENT_3D('',#12392,#9660,#9661);
#7857=AXIS2_PLACEMENT_3D('',#12394,#9663,#9664);
#7858=AXIS2_PLACEMENT_3D('',#12395,#9665,#9666);
#7859=AXIS2_PLACEMENT_3D('',#12397,#9667,#9668);
#7860=AXIS2_PLACEMENT_3D('',#12400,#9670,#9671);
#7861=AXIS2_PLACEMENT_3D('',#12401,#9672,#9673);
#7862=AXIS2_PLACEMENT_3D('',#12402,#9674,#9675);
#7863=AXIS2_PLACEMENT_3D('',#12403,#9676,#9677);
#7864=AXIS2_PLACEMENT_3D('',#12404,#9678,#9679);
#7865=AXIS2_PLACEMENT_3D('',#12407,#9681,#9682);
#7866=AXIS2_PLACEMENT_3D('',#12408,#9683,#9684);
#7867=AXIS2_PLACEMENT_3D('',#12409,#9685,#9686);
#7868=AXIS2_PLACEMENT_3D('',#12410,#9687,#9688);
#7869=AXIS2_PLACEMENT_3D('',#12411,#9689,#9690);
#7870=AXIS2_PLACEMENT_3D('',#12412,#9691,#9692);
#7871=AXIS2_PLACEMENT_3D('',#12413,#9693,#9694);
#7872=AXIS2_PLACEMENT_3D('',#12414,#9695,#9696);
#7873=AXIS2_PLACEMENT_3D('',#12415,#9697,#9698);
#7874=AXIS2_PLACEMENT_3D('',#12416,#9699,#9700);
#7875=AXIS2_PLACEMENT_3D('',#12417,#9701,#9702);
#7876=AXIS2_PLACEMENT_3D('',#12418,#9703,#9704);
#7877=AXIS2_PLACEMENT_3D('',#12419,#9705,#9706);
#7878=AXIS2_PLACEMENT_3D('',#12420,#9707,#9708);
#7879=AXIS2_PLACEMENT_3D('',#12421,#9709,#9710);
#7880=AXIS2_PLACEMENT_3D('',#12423,#9711,#9712);
#7881=AXIS2_PLACEMENT_3D('',#12425,#9713,#9714);
#7882=AXIS2_PLACEMENT_3D('',#12427,#9716,#9717);
#7883=AXIS2_PLACEMENT_3D('',#12428,#9718,#9719);
#7884=AXIS2_PLACEMENT_3D('',#12429,#9720,#9721);
#7885=AXIS2_PLACEMENT_3D('',#12431,#9722,#9723);
#7886=AXIS2_PLACEMENT_3D('',#12433,#9725,#9726);
#7887=AXIS2_PLACEMENT_3D('',#12434,#9727,#9728);
#7888=AXIS2_PLACEMENT_3D('',#12435,#9729,#9730);
#7889=AXIS2_PLACEMENT_3D('',#12436,#9731,#9732);
#7890=AXIS2_PLACEMENT_3D('',#12437,#9733,#9734);
#7891=AXIS2_PLACEMENT_3D('',#12438,#9735,#9736);
#7892=AXIS2_PLACEMENT_3D('',#12439,#9737,#9738);
#7893=AXIS2_PLACEMENT_3D('',#12440,#9739,#9740);
#7894=AXIS2_PLACEMENT_3D('',#12442,#9742,#9743);
#7895=AXIS2_PLACEMENT_3D('',#12443,#9744,#9745);
#7896=AXIS2_PLACEMENT_3D('',#12444,#9746,#9747);
#7897=AXIS2_PLACEMENT_3D('',#12445,#9748,#9749);
#7898=AXIS2_PLACEMENT_3D('',#12446,#9750,#9751);
#7899=AXIS2_PLACEMENT_3D('',#12448,#9752,#9753);
#7900=AXIS2_PLACEMENT_3D('',#12450,#9754,#9755);
#7901=AXIS2_PLACEMENT_3D('',#12452,#9757,#9758);
#7902=AXIS2_PLACEMENT_3D('',#12453,#9759,#9760);
#7903=AXIS2_PLACEMENT_3D('',#12454,#9761,#9762);
#7904=AXIS2_PLACEMENT_3D('',#12455,#9763,#9764);
#7905=AXIS2_PLACEMENT_3D('',#12456,#9765,#9766);
#7906=AXIS2_PLACEMENT_3D('',#12457,#9767,#9768);
#7907=AXIS2_PLACEMENT_3D('',#12458,#9769,#9770);
#7908=AXIS2_PLACEMENT_3D('',#12460,#9771,#9772);
#7909=AXIS2_PLACEMENT_3D('',#12462,#9774,#9775);
#7910=AXIS2_PLACEMENT_3D('',#12463,#9776,#9777);
#7911=AXIS2_PLACEMENT_3D('',#12464,#9778,#9779);
#7912=AXIS2_PLACEMENT_3D('',#12466,#9780,#9781);
#7913=AXIS2_PLACEMENT_3D('',#12469,#9783,#9784);
#7914=AXIS2_PLACEMENT_3D('',#12470,#9785,#9786);
#7915=AXIS2_PLACEMENT_3D('',#12471,#9787,#9788);
#7916=AXIS2_PLACEMENT_3D('',#12474,#9790,#9791);
#7917=AXIS2_PLACEMENT_3D('',#12475,#9792,#9793);
#7918=AXIS2_PLACEMENT_3D('',#12476,#9794,#9795);
#7919=AXIS2_PLACEMENT_3D('',#12477,#9796,#9797);
#7920=AXIS2_PLACEMENT_3D('',#12487,#9798,#9799);
#7921=AXIS2_PLACEMENT_3D('',#12488,#9800,#9801);
#7922=AXIS2_PLACEMENT_3D('',#12489,#9802,#9803);
#7923=AXIS2_PLACEMENT_3D('',#12499,#9804,#9805);
#7924=AXIS2_PLACEMENT_3D('',#12500,#9806,#9807);
#7925=AXIS2_PLACEMENT_3D('',#12503,#9809,#9810);
#7926=AXIS2_PLACEMENT_3D('',#12513,#9811,#9812);
#7927=AXIS2_PLACEMENT_3D('',#12514,#9813,#9814);
#7928=AXIS2_PLACEMENT_3D('',#12524,#9815,#9816);
#7929=AXIS2_PLACEMENT_3D('',#12526,#9818,#9819);
#7930=AXIS2_PLACEMENT_3D('',#12527,#9820,#9821);
#7931=AXIS2_PLACEMENT_3D('',#12528,#9822,#9823);
#7932=AXIS2_PLACEMENT_3D('',#12529,#9824,#9825);
#7933=AXIS2_PLACEMENT_3D('',#12530,#9826,#9827);
#7934=AXIS2_PLACEMENT_3D('',#12531,#9828,#9829);
#7935=AXIS2_PLACEMENT_3D('',#12532,#9830,#9831);
#7936=AXIS2_PLACEMENT_3D('',#12533,#9832,#9833);
#7937=AXIS2_PLACEMENT_3D('',#12534,#9834,#9835);
#7938=AXIS2_PLACEMENT_3D('',#12535,#9836,#9837);
#7939=AXIS2_PLACEMENT_3D('',#12536,#9838,#9839);
#7940=AXIS2_PLACEMENT_3D('',#12537,#9840,#9841);
#7941=AXIS2_PLACEMENT_3D('',#12538,#9842,#9843);
#7942=AXIS2_PLACEMENT_3D('',#12539,#9844,#9845);
#7943=AXIS2_PLACEMENT_3D('',#12541,#9847,#9848);
#7944=AXIS2_PLACEMENT_3D('',#12542,#9849,#9850);
#7945=AXIS2_PLACEMENT_3D('',#12543,#9851,#9852);
#7946=AXIS2_PLACEMENT_3D('',#12544,#9853,#9854);
#7947=AXIS2_PLACEMENT_3D('',#12545,#9855,#9856);
#7948=AXIS2_PLACEMENT_3D('',#12546,#9857,#9858);
#7949=AXIS2_PLACEMENT_3D('',#12566,#9859,#9860);
#7950=AXIS2_PLACEMENT_3D('',#12567,#9861,#9862);
#7951=AXIS2_PLACEMENT_3D('',#12568,#9863,#9864);
#7952=AXIS2_PLACEMENT_3D('',#12569,#9865,#9866);
#7953=AXIS2_PLACEMENT_3D('',#12570,#9867,#9868);
#7954=AXIS2_PLACEMENT_3D('',#12571,#9869,#9870);
#7955=AXIS2_PLACEMENT_3D('',#12636,#9871,#9872);
#7956=AXIS2_PLACEMENT_3D('',#12637,#9873,#9874);
#7957=AXIS2_PLACEMENT_3D('',#12639,#9875,#9876);
#7958=AXIS2_PLACEMENT_3D('',#12641,#9878,#9879);
#7959=AXIS2_PLACEMENT_3D('',#12643,#9880,#9881);
#7960=AXIS2_PLACEMENT_3D('',#12645,#9883,#9884);
#7961=AXIS2_PLACEMENT_3D('',#12647,#9885,#9886);
#7962=AXIS2_PLACEMENT_3D('',#12668,#9890,#9891);
#7963=AXIS2_PLACEMENT_3D('',#12674,#9895,#9896);
#7964=AXIS2_PLACEMENT_3D('',#12676,#9897,#9898);
#7965=AXIS2_PLACEMENT_3D('',#12678,#9900,#9901);
#7966=AXIS2_PLACEMENT_3D('',#12682,#9904,#9905);
#7967=AXIS2_PLACEMENT_3D('',#12702,#9906,#9907);
#7968=AXIS2_PLACEMENT_3D('',#12726,#9909,#9910);
#7969=AXIS2_PLACEMENT_3D('',#12728,#9911,#9912);
#7970=AXIS2_PLACEMENT_3D('',#12739,#9913,#9914);
#7971=AXIS2_PLACEMENT_3D('',#12742,#9915,#9916);
#7972=AXIS2_PLACEMENT_3D('',#12745,#9918,#9919);
#7973=AXIS2_PLACEMENT_3D('',#12747,#9921,#9922);
#7974=AXIS2_PLACEMENT_3D('',#12751,#9925,#9926);
#7975=AXIS2_PLACEMENT_3D('',#12753,#9927,#9928);
#7976=AXIS2_PLACEMENT_3D('',#12755,#9930,#9931);
#7977=AXIS2_PLACEMENT_3D('',#12757,#9933,#9934);
#7978=AXIS2_PLACEMENT_3D('',#12777,#9935,#9936);
#7979=AXIS2_PLACEMENT_3D('',#12779,#9938,#9939);
#7980=AXIS2_PLACEMENT_3D('',#12782,#9940,#9941);
#7981=AXIS2_PLACEMENT_3D('',#12783,#9942,#9943);
#7982=AXIS2_PLACEMENT_3D('',#12785,#9945,#9946);
#7983=AXIS2_PLACEMENT_3D('',#12794,#9948,#9949);
#7984=AXIS2_PLACEMENT_3D('',#12796,#9951,#9952);
#7985=AXIS2_PLACEMENT_3D('',#12798,#9954,#9955);
#7986=AXIS2_PLACEMENT_3D('',#12799,#9956,#9957);
#7987=AXIS2_PLACEMENT_3D('',#12800,#9958,#9959);
#7988=AXIS2_PLACEMENT_3D('',#12803,#9960,#9961);
#7989=AXIS2_PLACEMENT_3D('',#12804,#9962,#9963);
#7990=AXIS2_PLACEMENT_3D('',#12828,#9965,#9966);
#7991=AXIS2_PLACEMENT_3D('',#12830,#9967,#9968);
#7992=AXIS2_PLACEMENT_3D('',#12841,#9969,#9970);
#7993=AXIS2_PLACEMENT_3D('',#12851,#9972,#9973);
#7994=AXIS2_PLACEMENT_3D('',#12852,#9974,#9975);
#7995=AXIS2_PLACEMENT_3D('',#12853,#9976,#9977);
#7996=AXIS2_PLACEMENT_3D('',#12854,#9978,#9979);
#7997=AXIS2_PLACEMENT_3D('',#12855,#9980,#9981);
#7998=AXIS2_PLACEMENT_3D('',#12859,#9984,#9985);
#7999=AXIS2_PLACEMENT_3D('',#12862,#9986,#9987);
#8000=AXIS2_PLACEMENT_3D('',#12865,#9989,#9990);
#8001=AXIS2_PLACEMENT_3D('',#12956,#9991,#9992);
#8002=AXIS2_PLACEMENT_3D('',#12957,#9993,#9994);
#8003=AXIS2_PLACEMENT_3D('',#12958,#9995,#9996);
#8004=AXIS2_PLACEMENT_3D('',#12979,#9997,#9998);
#8005=AXIS2_PLACEMENT_3D('',#12980,#9999,#10000);
#8006=AXIS2_PLACEMENT_3D('',#12981,#10001,#10002);
#8007=AXIS2_PLACEMENT_3D('',#12984,#10003,#10004);
#8008=AXIS2_PLACEMENT_3D('',#12985,#10005,#10006);
#8009=AXIS2_PLACEMENT_3D('',#12987,#10008,#10009);
#8010=AXIS2_PLACEMENT_3D('',#13002,#10011,#10012);
#8011=AXIS2_PLACEMENT_3D('',#13004,#10013,#10014);
#8012=AXIS2_PLACEMENT_3D('',#13006,#10015,#10016);
#8013=AXIS2_PLACEMENT_3D('',#13019,#10017,#10018);
#8014=AXIS2_PLACEMENT_3D('',#13020,#10019,#10020);
#8015=AXIS2_PLACEMENT_3D('',#13035,#10025,#10026);
#8016=AXIS2_PLACEMENT_3D('',#13042,#10030,#10031);
#8017=AXIS2_PLACEMENT_3D('',#13043,#10032,#10033);
#8018=AXIS2_PLACEMENT_3D('',#13045,#10034,#10035);
#8019=AXIS2_PLACEMENT_3D('',#13046,#10036,#10037);
#8020=AXIS2_PLACEMENT_3D('',#13047,#10038,#10039);
#8021=AXIS2_PLACEMENT_3D('',#13049,#10040,#10041);
#8022=AXIS2_PLACEMENT_3D('',#13051,#10043,#10044);
#8023=AXIS2_PLACEMENT_3D('',#13052,#10045,#10046);
#8024=AXIS2_PLACEMENT_3D('',#13053,#10047,#10048);
#8025=AXIS2_PLACEMENT_3D('',#13054,#10049,#10050);
#8026=AXIS2_PLACEMENT_3D('',#13056,#10052,#10053);
#8027=AXIS2_PLACEMENT_3D('',#13057,#10054,#10055);
#8028=AXIS2_PLACEMENT_3D('',#13060,#10057,#10058);
#8029=AXIS2_PLACEMENT_3D('',#13061,#10059,#10060);
#8030=AXIS2_PLACEMENT_3D('',#13062,#10061,#10062);
#8031=AXIS2_PLACEMENT_3D('',#13063,#10063,#10064);
#8032=AXIS2_PLACEMENT_3D('',#13070,#10065,#10066);
#8033=AXIS2_PLACEMENT_3D('',#13074,#10069,#10070);
#8034=AXIS2_PLACEMENT_3D('',#13075,#10071,#10072);
#8035=AXIS2_PLACEMENT_3D('',#13076,#10073,#10074);
#8036=AXIS2_PLACEMENT_3D('',#13077,#10075,#10076);
#8037=AXIS2_PLACEMENT_3D('',#13078,#10077,#10078);
#8038=AXIS2_PLACEMENT_3D('',#13079,#10079,#10080);
#8039=AXIS2_PLACEMENT_3D('',#13080,#10081,#10082);
#8040=AXIS2_PLACEMENT_3D('',#13082,#10084,#10085);
#8041=AXIS2_PLACEMENT_3D('',#13086,#10088,#10089);
#8042=AXIS2_PLACEMENT_3D('',#13088,#10090,#10091);
#8043=AXIS2_PLACEMENT_3D('',#13090,#10093,#10094);
#8044=AXIS2_PLACEMENT_3D('',#13097,#10095,#10096);
#8045=AXIS2_PLACEMENT_3D('',#13098,#10097,#10098);
#8046=AXIS2_PLACEMENT_3D('',#13099,#10099,#10100);
#8047=AXIS2_PLACEMENT_3D('',#13103,#10103,#10104);
#8048=AXIS2_PLACEMENT_3D('',#13105,#10105,#10106);
#8049=AXIS2_PLACEMENT_3D('',#13107,#10108,#10109);
#8050=AXIS2_PLACEMENT_3D('',#13109,#10110,#10111);
#8051=AXIS2_PLACEMENT_3D('',#13114,#10115,#10116);
#8052=AXIS2_PLACEMENT_3D('',#13115,#10117,#10118);
#8053=AXIS2_PLACEMENT_3D('',#13116,#10119,#10120);
#8054=AXIS2_PLACEMENT_3D('',#13117,#10121,#10122);
#8055=AXIS2_PLACEMENT_3D('',#13118,#10123,#10124);
#8056=AXIS2_PLACEMENT_3D('',#13120,#10125,#10126);
#8057=AXIS2_PLACEMENT_3D('',#13123,#10128,#10129);
#8058=AXIS2_PLACEMENT_3D('',#13124,#10130,#10131);
#8059=AXIS2_PLACEMENT_3D('',#13126,#10132,#10133);
#8060=AXIS2_PLACEMENT_3D('',#13127,#10134,#10135);
#8061=AXIS2_PLACEMENT_3D('',#13129,#10137,#10138);
#8062=AXIS2_PLACEMENT_3D('',#13130,#10139,#10140);
#8063=AXIS2_PLACEMENT_3D('',#13134,#10143,#10144);
#8064=AXIS2_PLACEMENT_3D('',#13135,#10145,#10146);
#8065=AXIS2_PLACEMENT_3D('',#13136,#10147,#10148);
#8066=AXIS2_PLACEMENT_3D('',#13138,#10149,#10150);
#8067=AXIS2_PLACEMENT_3D('',#13140,#10152,#10153);
#8068=AXIS2_PLACEMENT_3D('',#13141,#10154,#10155);
#8069=AXIS2_PLACEMENT_3D('',#13142,#10156,#10157);
#8070=AXIS2_PLACEMENT_3D('',#13143,#10158,#10159);
#8071=AXIS2_PLACEMENT_3D('',#13145,#10160,#10161);
#8072=AXIS2_PLACEMENT_3D('',#13147,#10163,#10164);
#8073=AXIS2_PLACEMENT_3D('',#13151,#10167,#10168);
#8074=AXIS2_PLACEMENT_3D('',#13152,#10169,#10170);
#8075=AXIS2_PLACEMENT_3D('',#13153,#10171,#10172);
#8076=AXIS2_PLACEMENT_3D('',#13154,#10173,#10174);
#8077=AXIS2_PLACEMENT_3D('',#13155,#10175,#10176);
#8078=AXIS2_PLACEMENT_3D('',#13156,#10177,#10178);
#8079=AXIS2_PLACEMENT_3D('',#13157,#10179,#10180);
#8080=AXIS2_PLACEMENT_3D('',#13158,#10181,#10182);
#8081=AXIS2_PLACEMENT_3D('',#13160,#10184,#10185);
#8082=AXIS2_PLACEMENT_3D('',#13161,#10186,#10187);
#8083=AXIS2_PLACEMENT_3D('',#13163,#10189,#10190);
#8084=AXIS2_PLACEMENT_3D('',#13165,#10192,#10193);
#8085=AXIS2_PLACEMENT_3D('',#13167,#10195,#10196);
#8086=AXIS2_PLACEMENT_3D('',#13168,#10197,#10198);
#8087=AXIS2_PLACEMENT_3D('',#13169,#10199,#10200);
#8088=AXIS2_PLACEMENT_3D('',#13170,#10201,#10202);
#8089=AXIS2_PLACEMENT_3D('',#13174,#10205,#10206);
#8090=AXIS2_PLACEMENT_3D('',#13176,#10207,#10208);
#8091=AXIS2_PLACEMENT_3D('',#13178,#10210,#10211);
#8092=AXIS2_PLACEMENT_3D('',#13184,#10215,#10216);
#8093=AXIS2_PLACEMENT_3D('',#13186,#10218,#10219);
#8094=AXIS2_PLACEMENT_3D('',#13188,#10221,#10222);
#8095=AXIS2_PLACEMENT_3D('',#13189,#10223,#10224);
#8096=AXIS2_PLACEMENT_3D('',#13193,#10227,#10228);
#8097=AXIS2_PLACEMENT_3D('',#13197,#10231,#10232);
#8098=AXIS2_PLACEMENT_3D('',#13200,#10235,#10236);
#8099=AXIS2_PLACEMENT_3D('',#13202,#10238,#10239);
#8100=AXIS2_PLACEMENT_3D('',#13203,#10240,#10241);
#8101=AXIS2_PLACEMENT_3D('',#13207,#10244,#10245);
#8102=AXIS2_PLACEMENT_3D('',#13213,#10249,#10250);
#8103=AXIS2_PLACEMENT_3D('',#13215,#10252,#10253);
#8104=AXIS2_PLACEMENT_3D('',#13217,#10255,#10256);
#8105=AXIS2_PLACEMENT_3D('',#13218,#10257,#10258);
#8106=AXIS2_PLACEMENT_3D('',#13220,#10260,#10261);
#8107=DIRECTION('axis',(0.,0.,1.));
#8108=DIRECTION('refdir',(1.,0.,0.));
#8109=DIRECTION('center_axis',(0.,1.,0.));
#8110=DIRECTION('ref_axis',(1.,0.,0.));
#8111=DIRECTION('',(-1.,0.,0.));
#8112=DIRECTION('',(0.,0.,-1.));
#8113=DIRECTION('',(1.,0.,0.));
#8114=DIRECTION('',(0.,0.,-1.));
#8115=DIRECTION('center_axis',(1.,0.,0.));
#8116=DIRECTION('ref_axis',(0.,-1.,0.));
#8117=DIRECTION('',(0.,0.,-1.));
#8118=DIRECTION('',(0.,-1.,0.));
#8119=DIRECTION('',(0.,-1.02563477678197E-15,1.));
#8120=DIRECTION('',(0.,-1.,0.));
#8121=DIRECTION('',(0.,-1.,0.));
#8122=DIRECTION('center_axis',(0.,1.,0.));
#8123=DIRECTION('ref_axis',(1.,0.,0.));
#8124=DIRECTION('',(0.,0.,-1.));
#8125=DIRECTION('',(1.,0.,0.));
#8126=DIRECTION('',(1.,0.,0.));
#8127=DIRECTION('center_axis',(0.,1.,0.));
#8128=DIRECTION('ref_axis',(-1.,0.,0.));
#8129=DIRECTION('',(-1.,0.,-8.88178419700124E-15));
#8130=DIRECTION('',(0.,0.,1.));
#8131=DIRECTION('',(1.,0.,8.78463968234652E-15));
#8132=DIRECTION('',(0.,0.,1.));
#8133=DIRECTION('center_axis',(0.,-1.,0.));
#8134=DIRECTION('ref_axis',(1.,0.,0.));
#8135=DIRECTION('',(1.,0.,8.88178419700124E-15));
#8136=DIRECTION('',(0.,0.,1.));
#8137=DIRECTION('',(-1.,0.,-8.78463968234652E-15));
#8138=DIRECTION('',(0.,0.,1.));
#8139=DIRECTION('center_axis',(-1.,4.48216423421093E-31,-8.91542731895959E-15));
#8140=DIRECTION('ref_axis',(1.18329135783152E-28,-1.,-1.33226762955019E-14));
#8141=DIRECTION('',(-8.91542731895959E-15,-1.34572487833352E-14,1.));
#8142=DIRECTION('center_axis',(1.,-4.48216423421093E-31,8.91542731895959E-15));
#8143=DIRECTION('ref_axis',(-6.28036983473515E-15,0.707106781186544,0.707106781186551));
#8144=DIRECTION('',(0.,1.,1.1842378929335E-14));
#8145=DIRECTION('',(-1.15740788982442E-28,1.,1.30323540587645E-14));
#8146=DIRECTION('center_axis',(-8.78463968234652E-15,-1.30323540587645E-14,
1.));
#8147=DIRECTION('ref_axis',(-1.,0.,-8.78463968234652E-15));
#8148=DIRECTION('',(-1.,5.14886040405747E-16,-8.78463968234651E-15));
#8149=DIRECTION('',(4.33257765707141E-16,1.,1.30323540587646E-14));
#8150=DIRECTION('',(1.,-4.4408920984994E-16,8.78463968234651E-15));
#8151=DIRECTION('',(2.16628882853452E-16,1.,1.30323540587646E-14));
#8152=DIRECTION('center_axis',(-8.78463968234652E-15,-1.30323540587645E-14,
1.));
#8153=DIRECTION('ref_axis',(-1.,-1.14313886293865E-28,-9.42007414833465E-15));
#8154=DIRECTION('center_axis',(-8.78463968234652E-15,-1.30323540587645E-14,
1.));
#8155=DIRECTION('ref_axis',(-1.,-1.14313886293865E-28,-9.42007414833465E-15));
#8156=DIRECTION('center_axis',(-8.78463968234652E-15,-1.30323540587645E-14,
1.));
#8157=DIRECTION('ref_axis',(-1.,-1.23368763534694E-28,-8.7472117091679E-15));
#8158=DIRECTION('center_axis',(-8.78463968234652E-15,-1.30323540587645E-14,
1.));
#8159=DIRECTION('ref_axis',(-1.,-1.23368763534694E-28,-8.74721170916789E-15));
#8160=DIRECTION('',(1.15789625714531E-28,-1.,-1.30323540587645E-14));
#8161=DIRECTION('',(-1.15789625714531E-28,1.,1.30323540587645E-14));
#8162=DIRECTION('',(1.,1.307297901645E-30,8.78463968234652E-15));
#8163=DIRECTION('',(1.15740788982442E-28,-1.,-1.30323540587645E-14));
#8164=DIRECTION('',(-1.,-1.307297901645E-30,-8.78463968234652E-15));
#8165=DIRECTION('center_axis',(8.15428453926348E-16,-1.,-5.32419481265963E-29));
#8166=DIRECTION('ref_axis',(6.5558929827176E-14,2.16668663443761E-31,1.));
#8167=DIRECTION('',(0.,-5.32419481265963E-29,1.));
#8168=DIRECTION('',(0.940504583266177,7.66914198243401E-16,-0.339781001316016));
#8169=DIRECTION('',(6.5558929827176E-14,2.16668663443761E-31,1.));
#8170=DIRECTION('',(-0.940504583266222,-7.66914198243401E-16,-0.339781001315892));
#8171=DIRECTION('center_axis',(-0.339781001316016,-2.77067096576615E-16,
-0.940504583266177));
#8172=DIRECTION('ref_axis',(-0.940504583266177,-7.66914198243401E-16,0.339781001316016));
#8173=DIRECTION('',(0.,-1.,2.94594095027606E-16));
#8174=DIRECTION('center_axis',(-0.339781001316016,-2.77067096576615E-16,
-0.940504583266177));
#8175=DIRECTION('ref_axis',(0.940504583266177,7.83127382330698E-16,-0.339781001316016));
#8176=DIRECTION('',(-0.940504583266177,0.,0.339781001316016));
#8177=DIRECTION('center_axis',(0.339781001316016,2.77067096576615E-16,0.940504583266177));
#8178=DIRECTION('ref_axis',(-0.940504583266177,-9.78909227913373E-16,0.339781001316016));
#8179=DIRECTION('center_axis',(0.339781001316016,2.77067096576615E-16,0.940504583266177));
#8180=DIRECTION('ref_axis',(-0.940504583266177,7.07311295608576E-17,0.339781001316016));
#8181=DIRECTION('',(-8.15428453926348E-16,1.,5.32419481265963E-29));
#8182=DIRECTION('center_axis',(-0.339781001315892,-2.77067096576615E-16,
0.940504583266222));
#8183=DIRECTION('ref_axis',(0.940504583266222,7.66914198243401E-16,0.339781001315892));
#8184=DIRECTION('',(0.,1.,2.94594095027591E-16));
#8185=DIRECTION('',(-8.15428453926348E-16,1.,5.32419481265963E-29));
#8186=DIRECTION('',(0.940504583266222,0.,0.339781001315892));
#8187=DIRECTION('center_axis',(-0.339781001315892,-2.77067096576615E-16,
0.940504583266222));
#8188=DIRECTION('ref_axis',(0.940504583266222,7.83127382330736E-16,0.339781001315892));
#8189=DIRECTION('center_axis',(1.,8.15428453926348E-16,-6.5558929827176E-14));
#8190=DIRECTION('ref_axis',(-6.5558929827176E-14,-2.16668663443761E-31,
-1.));
#8191=DIRECTION('',(-6.5558929827176E-14,0.,-1.));
#8192=DIRECTION('center_axis',(-1.,-8.15428453926348E-16,6.5558929827176E-14));
#8193=DIRECTION('ref_axis',(-6.28036983473505E-15,0.707106781186552,0.707106781186543));
#8194=DIRECTION('center_axis',(1.,0.,0.));
#8195=DIRECTION('ref_axis',(0.,0.,1.));
#8196=DIRECTION('',(0.,0.,-1.));
#8197=DIRECTION('center_axis',(-1.,0.,0.));
#8198=DIRECTION('ref_axis',(0.,0.707106781186549,-0.707106781186546));
#8199=DIRECTION('',(0.,-1.,0.));
#8200=DIRECTION('',(0.,0.,-1.));
#8201=DIRECTION('',(0.,1.,0.));
#8202=DIRECTION('',(0.,1.,0.));
#8203=DIRECTION('',(0.,1.85132554543932E-15,-1.));
#8204=DIRECTION('',(0.,-1.,-1.48029736616688E-15));
#8205=DIRECTION('',(0.,1.02563477678197E-15,-1.));
#8206=DIRECTION('center_axis',(1.,0.,0.));
#8207=DIRECTION('ref_axis',(0.,-0.707106781186554,-0.707106781186541));
#8208=DIRECTION('',(0.,1.,1.24464464644073E-15));
#8209=DIRECTION('',(0.,-1.02563477678197E-15,1.));
#8210=DIRECTION('',(0.,1.,0.));
#8211=DIRECTION('',(0.,0.,1.));
#8212=DIRECTION('',(0.,-1.,0.));
#8213=DIRECTION('',(0.,0.,1.));
#8214=DIRECTION('',(0.,-1.,0.));
#8215=DIRECTION('',(0.,1.02563477678197E-15,1.));
#8216=DIRECTION('',(0.,-1.,1.02563477678197E-15));
#8217=DIRECTION('',(0.,-1.02563477678197E-15,-1.));
#8218=DIRECTION('',(0.,-1.,0.));
#8219=DIRECTION('center_axis',(1.,0.,0.));
#8220=DIRECTION('ref_axis',(0.,-0.707106781186548,0.707106781186548));
#8221=DIRECTION('',(0.,0.,-1.));
#8222=DIRECTION('center_axis',(1.,0.,0.));
#8223=DIRECTION('ref_axis',(0.,-0.707106781186548,-0.707106781186548));
#8224=DIRECTION('',(0.,1.,0.));
#8225=DIRECTION('center_axis',(-1.,0.,0.));
#8226=DIRECTION('ref_axis',(0.,0.707106781186547,0.707106781186547));
#8227=DIRECTION('',(0.,0.,-1.));
#8228=DIRECTION('center_axis',(0.,0.,-1.));
#8229=DIRECTION('ref_axis',(0.707106781186544,-0.707106781186551,0.));
#8230=DIRECTION('center_axis',(0.,0.,1.));
#8231=DIRECTION('ref_axis',(0.,-1.,0.));
#8232=DIRECTION('',(0.,0.,1.));
#8233=DIRECTION('center_axis',(0.,-1.,0.));
#8234=DIRECTION('ref_axis',(-1.,0.,0.));
#8235=DIRECTION('',(-1.,0.,0.));
#8236=DIRECTION('',(0.,0.,-1.));
#8237=DIRECTION('center_axis',(-0.919090698682783,0.394046047556365,0.));
#8238=DIRECTION('ref_axis',(-0.394046047556365,-0.919090698682783,0.));
#8239=DIRECTION('center_axis',(-0.919090698682783,0.394046047556365,0.));
#8240=DIRECTION('ref_axis',(-0.394046047556365,-0.919090698682783,0.));
#8241=DIRECTION('',(0.,0.,1.));
#8242=DIRECTION('center_axis',(-0.919090698682783,0.394046047556365,0.));
#8243=DIRECTION('ref_axis',(-0.394046047556365,-0.919090698682783,0.));
#8244=DIRECTION('',(0.394046047556365,0.919090698682783,0.));
#8245=DIRECTION('',(0.,0.,1.));
#8246=DIRECTION('',(-0.394046047556365,-0.919090698682783,0.));
#8247=DIRECTION('center_axis',(-1.,0.,0.));
#8248=DIRECTION('ref_axis',(0.,-1.,0.));
#8249=DIRECTION('',(0.,1.,0.));
#8250=DIRECTION('',(0.,0.,-1.));
#8251=DIRECTION('',(0.,-1.,0.));
#8252=DIRECTION('',(0.,0.,1.));
#8253=DIRECTION('center_axis',(-0.893971981184385,0.448122859110385,0.));
#8254=DIRECTION('ref_axis',(-0.448122859110385,-0.893971981184385,0.));
#8255=DIRECTION('',(0.448122859110385,0.893971981184385,0.));
#8256=DIRECTION('',(-0.448122859110385,-0.893971981184385,0.));
#8257=DIRECTION('center_axis',(0.,0.,-1.));
#8258=DIRECTION('ref_axis',(-1.,0.,0.));
#8259=DIRECTION('',(-1.,-7.16480917471809E-18,-2.69645165696635E-15));
#8260=DIRECTION('',(7.16480917472086E-18,-1.,-1.02563477678197E-15));
#8261=DIRECTION('',(-1.,0.,-2.96059473233375E-15));
#8262=DIRECTION('',(-7.16480917472086E-18,1.,1.02563477678197E-15));
#8263=DIRECTION('',(1.,1.18895303896947E-28,0.));
#8264=DIRECTION('center_axis',(0.,0.,-1.));
#8265=DIRECTION('ref_axis',(-0.707106781186551,0.707106781186544,6.2803698347351E-15));
#8266=DIRECTION('',(0.,-1.,0.));
#8267=DIRECTION('',(-0.707106775698677,-0.707106786674419,0.));
#8268=DIRECTION('',(1.,0.,0.));
#8269=DIRECTION('',(0.,-1.,0.));
#8270=DIRECTION('',(-1.,-7.16480917471809E-18,-2.69645165696635E-15));
#8271=DIRECTION('',(0.,-1.,0.));
#8272=DIRECTION('center_axis',(0.,1.,0.));
#8273=DIRECTION('ref_axis',(-0.707106781186548,0.,-0.707106781186548));
#8274=DIRECTION('',(0.,1.,0.));
#8275=DIRECTION('',(0.,1.,0.));
#8276=DIRECTION('center_axis',(-1.25607396694704E-14,-0.707106781186554,
0.707106781186541));
#8277=DIRECTION('ref_axis',(-1.25607396694706E-14,0.707106781186541,0.707106781186554));
#8278=DIRECTION('',(0.,-1.,0.));
#8279=DIRECTION('center_axis',(-1.,0.,0.));
#8280=DIRECTION('ref_axis',(0.,0.,-1.));
#8281=DIRECTION('',(0.,0.,1.));
#8282=DIRECTION('',(0.,1.,0.));
#8283=DIRECTION('center_axis',(1.,0.,0.));
#8284=DIRECTION('ref_axis',(0.,0.707106781186547,-0.707106781186547));
#8285=DIRECTION('',(0.,0.,1.));
#8286=DIRECTION('center_axis',(1.,0.,0.));
#8287=DIRECTION('ref_axis',(0.,0.70710678118655,0.707106781186545));
#8288=DIRECTION('',(0.,-1.,0.));
#8289=DIRECTION('center_axis',(-1.,0.,0.));
#8290=DIRECTION('ref_axis',(0.,-0.707106781186548,-0.707106781186548));
#8291=DIRECTION('',(0.,0.,1.));
#8292=DIRECTION('center_axis',(-1.,0.,0.));
#8293=DIRECTION('ref_axis',(0.,-0.707106781186548,0.707106781186548));
#8294=DIRECTION('',(0.,1.,0.));
#8295=DIRECTION('center_axis',(0.,-1.,0.));
#8296=DIRECTION('ref_axis',(-0.707106781186548,0.,0.707106781186548));
#8297=DIRECTION('center_axis',(0.,-1.,0.));
#8298=DIRECTION('ref_axis',(0.,0.,1.));
#8299=DIRECTION('',(0.,-1.,0.));
#8300=DIRECTION('center_axis',(-0.707106786674419,0.707106775698677,0.));
#8301=DIRECTION('ref_axis',(-0.707106775698677,-0.707106786674419,0.));
#8302=DIRECTION('',(-0.651329337181221,-0.651329347291183,0.389281615137825));
#8303=DIRECTION('center_axis',(-0.707106786674419,0.707106775698677,0.));
#8304=DIRECTION('ref_axis',(-0.275263667718881,-0.275263671991535,-0.921118789361984));
#8305=DIRECTION('center_axis',(-0.707106786674419,0.707106775698677,0.));
#8306=DIRECTION('ref_axis',(-0.707106775698677,-0.707106786674419,0.));
#8307=DIRECTION('',(0.707106775698677,0.707106786674419,0.));
#8308=DIRECTION('',(0.,0.,-1.));
#8309=DIRECTION('',(0.,0.,1.));
#8310=DIRECTION('',(0.,0.,-1.));
#8311=DIRECTION('',(0.707106775698677,0.707106786674419,1.36607905820607E-16));
#8312=DIRECTION('',(-0.171087869668302,-0.171087872323936,0.970287524806967));
#8313=DIRECTION('',(0.707106775698677,0.707106786674419,0.));
#8314=DIRECTION('',(0.,0.,-1.));
#8315=DIRECTION('',(0.707106775698677,0.707106786674419,0.));
#8316=DIRECTION('center_axis',(-0.707106786674419,0.707106775698677,0.));
#8317=DIRECTION('ref_axis',(0.707106775698677,0.707106786674418,4.90653897146655E-17));
#8318=DIRECTION('',(0.,0.,-1.));
#8319=DIRECTION('center_axis',(-0.707106786674419,0.707106775698677,0.));
#8320=DIRECTION('ref_axis',(0.707106775698677,0.707106786674419,9.8130779429331E-17));
#8321=DIRECTION('center_axis',(-0.664463024388675,0.241844762647975,-0.707106781186548));
#8322=DIRECTION('ref_axis',(-0.342020143325669,-0.939692620785909,-1.47196168001604E-17));
#8323=DIRECTION('center_axis',(-0.664463024388675,0.241844762647975,-0.707106781186548));
#8324=DIRECTION('ref_axis',(-0.342020143325669,-0.939692620785909,2.67219334249313E-17));
#8325=DIRECTION('center_axis',(0.,0.,-1.));
#8326=DIRECTION('ref_axis',(-0.939692620785908,0.342020143325669,0.));
#8327=DIRECTION('center_axis',(-0.664463024388675,0.241844762647975,-0.707106781186548));
#8328=DIRECTION('ref_axis',(-0.342020143325669,-0.939692620785909,2.67219334249313E-17));
#8329=DIRECTION('',(0.664463024388675,-0.241844762647975,0.707106781186548));
#8330=DIRECTION('center_axis',(-0.664463024388675,0.241844762647975,-0.707106781186548));
#8331=DIRECTION('ref_axis',(-0.342020143325669,-0.939692620785909,1.96261557335472E-17));
#8332=DIRECTION('center_axis',(-0.664463024388675,0.241844762647975,-0.707106781186548));
#8333=DIRECTION('ref_axis',(-0.342020143325669,-0.939692620785909,2.67219334249313E-17));
#8334=DIRECTION('center_axis',(0.,0.,-1.));
#8335=DIRECTION('ref_axis',(1.,0.,0.));
#8336=DIRECTION('',(0.,-1.,0.));
#8337=DIRECTION('',(1.,0.,0.));
#8338=DIRECTION('',(0.,-1.,0.));
#8339=DIRECTION('center_axis',(-1.,0.,0.));
#8340=DIRECTION('ref_axis',(0.,0.,-1.));
#8341=DIRECTION('',(0.,0.,1.));
#8342=DIRECTION('',(0.,-1.,0.));
#8343=DIRECTION('center_axis',(-1.,0.,0.));
#8344=DIRECTION('ref_axis',(0.,0.707106781186545,0.70710678118655));
#8345=DIRECTION('',(0.,0.,-1.));
#8346=DIRECTION('',(0.,-1.,0.));
#8347=DIRECTION('',(0.,0.,1.));
#8348=DIRECTION('',(0.,1.,0.));
#8349=DIRECTION('',(0.,0.,-1.));
#8350=DIRECTION('center_axis',(-1.,0.,0.));
#8351=DIRECTION('ref_axis',(0.,0.707106781186545,-0.70710678118655));
#8352=DIRECTION('',(0.,1.,0.));
#8353=DIRECTION('center_axis',(0.,0.,-1.));
#8354=DIRECTION('ref_axis',(-1.,0.,0.));
#8355=DIRECTION('',(-1.,0.,0.));
#8356=DIRECTION('',(0.,-1.,0.));
#8357=DIRECTION('',(1.,0.,0.));
#8358=DIRECTION('',(0.,1.,0.));
#8359=DIRECTION('',(-1.,0.,0.));
#8360=DIRECTION('',(0.,-1.,0.));
#8361=DIRECTION('',(-1.,0.,0.));
#8362=DIRECTION('center_axis',(0.,0.,1.));
#8363=DIRECTION('ref_axis',(-1.,0.,0.));
#8364=DIRECTION('center_axis',(0.,0.,1.));
#8365=DIRECTION('ref_axis',(1.,0.,0.));
#8366=DIRECTION('center_axis',(0.,0.,1.));
#8367=DIRECTION('ref_axis',(1.,0.,0.));
#8368=DIRECTION('center_axis',(0.,0.,1.));
#8369=DIRECTION('ref_axis',(-1.,0.,0.));
#8370=DIRECTION('',(-1.,1.33920652345409E-14,0.));
#8371=DIRECTION('',(1.33920652345409E-14,1.,0.));
#8372=DIRECTION('',(1.,-1.33920652345409E-14,0.));
#8373=DIRECTION('',(-1.33920652345409E-14,-1.,0.));
#8374=DIRECTION('',(1.,-2.96461727952203E-16,0.));
#8375=DIRECTION('',(-3.60822483003054E-16,-1.,0.));
#8376=DIRECTION('',(-1.,4.25183238053671E-16,0.));
#8377=DIRECTION('',(3.60822483003054E-16,1.,0.));
#8378=DIRECTION('',(0.,1.,0.));
#8379=DIRECTION('',(1.,0.,0.));
#8380=DIRECTION('',(0.,-1.,0.));
#8381=DIRECTION('',(-1.,0.,0.));
#8382=DIRECTION('',(0.,1.,0.));
#8383=DIRECTION('center_axis',(-1.,0.,0.));
#8384=DIRECTION('ref_axis',(0.,0.707106781186543,0.707106781186552));
#8385=DIRECTION('center_axis',(0.707106781186551,0.,0.707106781186544));
#8386=DIRECTION('ref_axis',(-0.707106781186544,0.,0.707106781186551));
#8387=DIRECTION('',(1.,0.,0.));
#8388=DIRECTION('center_axis',(0.,-1.,0.));
#8389=DIRECTION('ref_axis',(1.,0.,0.));
#8390=DIRECTION('',(0.,0.,1.));
#8391=DIRECTION('',(1.,0.,0.));
#8392=DIRECTION('',(-0.17364817766693,0.,-0.984807753012208));
#8393=DIRECTION('',(1.,0.,-1.93192754638263E-16));
#8394=DIRECTION('',(-0.17364817766693,0.,0.984807753012208));
#8395=DIRECTION('',(1.,0.,0.));
#8396=DIRECTION('',(0.,0.,-1.));
#8397=DIRECTION('',(-1.,0.,0.));
#8398=DIRECTION('',(1.,0.,0.));
#8399=DIRECTION('',(0.,0.,1.));
#8400=DIRECTION('',(-1.,0.,0.));
#8401=DIRECTION('',(0.,0.,-1.));
#8402=DIRECTION('center_axis',(-1.,0.,0.));
#8403=DIRECTION('ref_axis',(0.,0.707106781186549,-0.707106781186546));
#8404=DIRECTION('center_axis',(-1.,0.,0.));
#8405=DIRECTION('ref_axis',(0.,0.,-1.));
#8406=DIRECTION('center_axis',(3.03648891743902E-30,-1.,1.02563477678197E-15));
#8407=DIRECTION('ref_axis',(1.,3.03648891743902E-30,0.));
#8408=DIRECTION('',(-1.,-3.03648891743902E-30,5.61863318359989E-45));
#8409=DIRECTION('',(3.11432863303851E-45,-1.02563477678197E-15,-1.));
#8410=DIRECTION('',(1.,3.03648891743902E-30,0.));
#8411=DIRECTION('',(2.76081241201709E-15,1.02563477678197E-15,1.));
#8412=DIRECTION('center_axis',(3.03648891743902E-30,-1.,1.02563477678197E-15));
#8413=DIRECTION('ref_axis',(-1.,-9.70474671874879E-18,2.76081241201709E-15));
#8414=DIRECTION('center_axis',(3.03648891743902E-30,-1.,1.02563477678197E-15));
#8415=DIRECTION('ref_axis',(-1.,-9.70474671874837E-18,2.76081241201709E-15));
#8416=DIRECTION('center_axis',(6.62374290603099E-16,1.79267001643767E-15,
1.));
#8417=DIRECTION('ref_axis',(-1.,2.2088105327029E-29,6.62374290603099E-16));
#8418=DIRECTION('',(1.,1.34309907369287E-14,-6.62374290603123E-16));
#8419=DIRECTION('',(2.09006867966057E-29,1.,-1.79267001643767E-15));
#8420=DIRECTION('',(-1.,2.2088105327029E-29,6.62374290603099E-16));
#8421=DIRECTION('',(-2.09006867966057E-29,-1.,1.79267001643767E-15));
#8422=DIRECTION('center_axis',(-6.62374290603099E-16,-1.79267001643767E-15,
-1.));
#8423=DIRECTION('ref_axis',(-1.,2.2088105327029E-29,6.62374290603099E-16));
#8424=DIRECTION('center_axis',(-6.62374290603099E-16,-1.79267001643767E-15,
-1.));
#8425=DIRECTION('ref_axis',(-1.,2.2088105327029E-29,6.62374290603099E-16));
#8426=DIRECTION('center_axis',(7.40148683083438E-16,1.48029736616688E-15,
1.));
#8427=DIRECTION('ref_axis',(-1.,2.22032345553729E-29,7.40148683083438E-16));
#8428=DIRECTION('center_axis',(-6.62374290603099E-16,-1.79267001643767E-15,
-1.));
#8429=DIRECTION('ref_axis',(-1.,2.2088105327029E-29,6.62374290603099E-16));
#8430=DIRECTION('',(7.40148683083438E-16,1.48029736616688E-15,1.));
#8431=DIRECTION('center_axis',(7.40148683083438E-16,1.48029736616688E-15,
1.));
#8432=DIRECTION('ref_axis',(-1.,2.22032345553729E-29,7.40148683083438E-16));
#8433=DIRECTION('center_axis',(-6.62374290603099E-16,-1.79267001643767E-15,
-1.));
#8434=DIRECTION('ref_axis',(-1.,2.2088105327029E-29,6.62374290603099E-16));
#8435=DIRECTION('',(7.40148683083438E-16,1.48029736616688E-15,1.));
#8436=DIRECTION('center_axis',(2.11075944092326E-29,1.,-1.48029736616688E-15));
#8437=DIRECTION('ref_axis',(1.,-2.2088105327029E-29,-6.62374290603099E-16));
#8438=DIRECTION('',(-7.40148683083438E-16,-1.48029736616688E-15,-1.));
#8439=DIRECTION('',(1.,-2.2088105327029E-29,-6.62374290603099E-16));
#8440=DIRECTION('',(-7.40148683083438E-16,-1.48029736616688E-15,-1.));
#8441=DIRECTION('center_axis',(1.,-2.22275291484752E-29,-7.40148683083438E-16));
#8442=DIRECTION('ref_axis',(-2.09006867966057E-29,-1.,1.79267001643767E-15));
#8443=DIRECTION('',(6.8744787487567E-16,1.96413678535906E-15,1.));
#8444=DIRECTION('',(2.21330539897591E-29,1.,0.));
#8445=DIRECTION('',(-7.40148683083438E-16,-1.48029736616688E-15,-1.));
#8446=DIRECTION('',(-2.09006867966057E-29,-1.,1.79267001643767E-15));
#8447=DIRECTION('center_axis',(-2.11075944092326E-29,-1.,1.48029736616688E-15));
#8448=DIRECTION('ref_axis',(-1.,2.2088105327029E-29,6.62374290603099E-16));
#8449=DIRECTION('',(1.,-2.07871116171794E-29,0.));
#8450=DIRECTION('',(6.8744787487567E-16,1.96413678535906E-15,1.));
#8451=DIRECTION('',(6.8744787487567E-16,1.96413678535906E-15,1.));
#8452=DIRECTION('',(-1.,2.2088105327029E-29,6.62374290603099E-16));
#8453=DIRECTION('center_axis',(6.62374290603099E-16,1.79267001643767E-15,
1.));
#8454=DIRECTION('ref_axis',(-1.,2.2088105327029E-29,6.62374290603099E-16));
#8455=DIRECTION('',(2.09006867966057E-29,1.,-1.79267001643767E-15));
#8456=DIRECTION('center_axis',(4.93432455388844E-16,-1.,1.31691154825031E-14));
#8457=DIRECTION('ref_axis',(1.,4.93432455388958E-16,8.66217519306402E-15));
#8458=DIRECTION('',(-0.17364817766693,1.28833633808022E-14,0.984807753012208));
#8459=DIRECTION('',(-1.,0.,-8.56002244059538E-15));
#8460=DIRECTION('',(-6.34637369801024E-16,-1.31691154825031E-14,-1.));
#8461=DIRECTION('',(1.,-1.12727924053019E-28,0.));
#8462=DIRECTION('center_axis',(1.09848252652795E-28,1.,-1.26813704646326E-14));
#8463=DIRECTION('ref_axis',(-1.,0.,-8.66217519306402E-15));
#8464=DIRECTION('',(-1.,1.09848252652795E-28,0.));
#8465=DIRECTION('',(6.3463736980103E-16,1.26813704646326E-14,1.));
#8466=DIRECTION('',(-1.,0.,-8.66217519306402E-15));
#8467=DIRECTION('',(-8.65747406720111E-15,1.26813704646326E-14,1.));
#8468=DIRECTION('center_axis',(-1.,6.12667367202834E-32,-8.65747406720111E-15));
#8469=DIRECTION('ref_axis',(-1.12888534035058E-28,-1.,1.30323540587645E-14));
#8470=DIRECTION('',(-6.12667367202834E-32,-1.,0.));
#8471=DIRECTION('',(-1.12888534035058E-28,-1.,1.30323540587645E-14));
#8472=DIRECTION('',(-8.65747406720111E-15,1.26813704646326E-14,1.));
#8473=DIRECTION('center_axis',(-8.69545306000123E-15,1.33537314850019E-14,
1.));
#8474=DIRECTION('ref_axis',(1.,3.60822483003053E-16,8.69545306000122E-15));
#8475=DIRECTION('center_axis',(-8.88178419700125E-15,1.1842378929335E-14,
1.));
#8476=DIRECTION('ref_axis',(1.,3.60822483003053E-16,8.69545306000122E-15));
#8477=DIRECTION('',(8.69545306000123E-15,-1.33537314850019E-14,-1.));
#8478=DIRECTION('center_axis',(8.88178419700125E-15,-1.1842378929335E-14,
-1.));
#8479=DIRECTION('ref_axis',(1.,3.60822483003053E-16,8.69545306000122E-15));
#8480=DIRECTION('center_axis',(-8.69545306000123E-15,1.31984555375019E-14,
1.));
#8481=DIRECTION('ref_axis',(1.,3.60822483003053E-16,8.69545306000122E-15));
#8482=DIRECTION('center_axis',(-8.88178419700125E-15,1.1842378929335E-14,
1.));
#8483=DIRECTION('ref_axis',(1.,3.60822483003053E-16,8.69545306000122E-15));
#8484=DIRECTION('',(8.69545306000123E-15,-1.31984555375019E-14,-1.));
#8485=DIRECTION('center_axis',(8.88178419700125E-15,-1.1842378929335E-14,
-1.));
#8486=DIRECTION('ref_axis',(1.,3.60822483003053E-16,8.69545306000122E-15));
#8487=DIRECTION('center_axis',(8.88178419700125E-15,-1.1842378929335E-14,
-1.));
#8488=DIRECTION('ref_axis',(-1.,0.,-8.88178419700125E-15));
#8489=DIRECTION('',(1.,2.96461727952322E-16,8.88178419700125E-15));
#8490=DIRECTION('',(-1.05181454029468E-28,-1.,1.1842378929335E-14));
#8491=DIRECTION('',(-1.,-4.25183238053789E-16,-8.88178419700125E-15));
#8492=DIRECTION('',(1.05181454029468E-28,1.,-1.1842378929335E-14));
#8493=DIRECTION('center_axis',(0.,1.,0.));
#8494=DIRECTION('ref_axis',(1.,0.,0.));
#8495=DIRECTION('',(0.,0.,-1.));
#8496=DIRECTION('',(1.,0.,8.66217500243183E-15));
#8497=DIRECTION('',(0.,0.,-1.));
#8498=DIRECTION('',(-1.,0.,0.));
#8499=DIRECTION('center_axis',(0.,-1.,0.));
#8500=DIRECTION('ref_axis',(-1.,0.,0.));
#8501=DIRECTION('',(0.,0.,1.));
#8502=DIRECTION('',(-1.,0.,-8.66217500243183E-15));
#8503=DIRECTION('',(8.88178419700125E-15,-1.33226762955019E-14,-1.));
#8504=DIRECTION('',(1.,0.,0.));
#8505=DIRECTION('center_axis',(0.,0.,-1.));
#8506=DIRECTION('ref_axis',(1.,0.,0.));
#8507=DIRECTION('center_axis',(0.586824088833465,0.492403876506104,-0.642787609686539));
#8508=DIRECTION('ref_axis',(0.492403876506104,0.413175911166535,0.766044443118978));
#8509=DIRECTION('center_axis',(0.,0.,-1.));
#8510=DIRECTION('ref_axis',(1.,0.,0.));
#8511=DIRECTION('center_axis',(0.586824088833465,0.492403876506104,-0.642787609686539));
#8512=DIRECTION('ref_axis',(0.492403876506104,0.413175911166535,0.766044443118978));
#8513=DIRECTION('center_axis',(0.,0.,-1.));
#8514=DIRECTION('ref_axis',(1.,0.,0.));
#8515=DIRECTION('center_axis',(0.586824088833465,0.492403876506104,-0.642787609686539));
#8516=DIRECTION('ref_axis',(0.492403876506104,0.413175911166535,0.766044443118978));
#8517=DIRECTION('',(0.,0.,1.));
#8518=DIRECTION('center_axis',(0.,0.,1.));
#8519=DIRECTION('ref_axis',(1.,0.,0.));
#8520=DIRECTION('center_axis',(0.,0.,-1.));
#8521=DIRECTION('ref_axis',(1.,0.,0.));
#8522=DIRECTION('center_axis',(0.,0.,-1.));
#8523=DIRECTION('ref_axis',(1.,0.,0.));
#8524=DIRECTION('center_axis',(0.,0.,-1.));
#8525=DIRECTION('ref_axis',(-1.,0.,0.));
#8526=DIRECTION('',(-0.642787609686539,0.766044443118978,0.));
#8527=DIRECTION('center_axis',(0.,0.,-1.));
#8528=DIRECTION('ref_axis',(-1.,0.,0.));
#8529=DIRECTION('center_axis',(0.,0.,-1.));
#8530=DIRECTION('ref_axis',(-0.766044443118978,-0.642787609686539,0.));
#8531=DIRECTION('center_axis',(0.,0.,-1.));
#8532=DIRECTION('ref_axis',(-1.,0.,0.));
#8533=DIRECTION('center_axis',(0.,0.,-1.));
#8534=DIRECTION('ref_axis',(-0.766044443118978,-0.642787609686539,0.));
#8535=DIRECTION('center_axis',(0.,0.,-1.));
#8536=DIRECTION('ref_axis',(-1.,0.,0.));
#8537=DIRECTION('center_axis',(-0.586824088833465,0.492403876506104,-0.642787609686539));
#8538=DIRECTION('ref_axis',(-0.492403876506104,0.413175911166535,0.766044443118978));
#8539=DIRECTION('center_axis',(0.,0.,-1.));
#8540=DIRECTION('ref_axis',(-1.,0.,0.));
#8541=DIRECTION('center_axis',(-0.586824088833465,0.492403876506104,-0.642787609686539));
#8542=DIRECTION('ref_axis',(-0.492403876506104,0.413175911166535,0.766044443118978));
#8543=DIRECTION('',(0.,0.,1.));
#8544=DIRECTION('center_axis',(0.,0.,1.));
#8545=DIRECTION('ref_axis',(-1.,0.,0.));
#8546=DIRECTION('center_axis',(-0.586824088833465,0.492403876506104,-0.642787609686539));
#8547=DIRECTION('ref_axis',(-0.492403876506104,0.413175911166535,0.766044443118978));
#8548=DIRECTION('center_axis',(0.,0.,-1.));
#8549=DIRECTION('ref_axis',(-1.,0.,0.));
#8550=DIRECTION('center_axis',(0.,0.,-1.));
#8551=DIRECTION('ref_axis',(-1.,0.,0.));
#8552=DIRECTION('center_axis',(0.,0.,-1.));
#8553=DIRECTION('ref_axis',(-1.,0.,0.));
#8554=DIRECTION('center_axis',(0.,0.,-1.));
#8555=DIRECTION('ref_axis',(-1.,0.,0.));
#8556=DIRECTION('',(-0.642787609686539,-0.766044443118978,0.));
#8557=DIRECTION('center_axis',(0.,0.,-1.));
#8558=DIRECTION('ref_axis',(-1.,0.,0.));
#8559=DIRECTION('center_axis',(0.,0.,-1.));
#8560=DIRECTION('ref_axis',(0.766044443118978,-0.642787609686539,0.));
#8561=DIRECTION('center_axis',(0.,0.,-1.));
#8562=DIRECTION('ref_axis',(-1.,0.,0.));
#8563=DIRECTION('center_axis',(0.,0.,-1.));
#8564=DIRECTION('ref_axis',(0.766044443118978,-0.642787609686539,0.));
#8565=DIRECTION('center_axis',(0.586824088833465,-0.492403876506104,0.642787609686539));
#8566=DIRECTION('ref_axis',(-0.642787609686539,-0.766044443118978,2.33403457976891E-17));
#8567=DIRECTION('center_axis',(0.586824088833465,-0.492403876506104,0.642787609686539));
#8568=DIRECTION('ref_axis',(-0.642787609686539,-0.766044443118978,-2.93902020073012E-17));
#8569=DIRECTION('',(-0.586824088833465,0.492403876506104,-0.642787609686539));
#8570=DIRECTION('center_axis',(0.586824088833465,-0.492403876506104,0.642787609686539));
#8571=DIRECTION('ref_axis',(-0.642787609686539,-0.766044443118978,-3.62323307282552E-17));
#8572=DIRECTION('center_axis',(0.586824088833465,-0.492403876506104,0.642787609686539));
#8573=DIRECTION('ref_axis',(-0.642787609686539,-0.766044443118978,-2.93902020073012E-17));
#8574=DIRECTION('center_axis',(0.586824088833465,-0.492403876506104,0.642787609686539));
#8575=DIRECTION('ref_axis',(-0.642787609686539,-0.766044443118978,-3.62323307282552E-17));
#8576=DIRECTION('center_axis',(-0.586824088833465,0.492403876506104,-0.642787609686539));
#8577=DIRECTION('ref_axis',(-0.733324407083516,-0.659790079338118,0.164049886262103));
#8578=DIRECTION('center_axis',(0.586824088833465,-0.492403876506104,0.642787609686539));
#8579=DIRECTION('ref_axis',(-0.642787609686539,-0.766044443118978,-2.93902020073012E-17));
#8580=DIRECTION('center_axis',(0.586824088833465,0.492403876506104,-0.642787609686539));
#8581=DIRECTION('ref_axis',(0.642787609686539,-0.766044443118978,2.33403457976891E-17));
#8582=DIRECTION('center_axis',(0.586824088833465,0.492403876506104,-0.642787609686539));
#8583=DIRECTION('ref_axis',(0.642787609686539,-0.766044443118978,-2.93902020073012E-17));
#8584=DIRECTION('',(0.586824088833465,0.492403876506104,-0.642787609686539));
#8585=DIRECTION('center_axis',(0.586824088833465,0.492403876506104,-0.642787609686539));
#8586=DIRECTION('ref_axis',(0.642787609686539,-0.766044443118978,-3.62323307282552E-17));
#8587=DIRECTION('center_axis',(0.586824088833465,0.492403876506104,-0.642787609686539));
#8588=DIRECTION('ref_axis',(0.642787609686539,-0.766044443118978,-2.93902020073012E-17));
#8589=DIRECTION('center_axis',(0.586824088833465,0.492403876506104,-0.642787609686539));
#8590=DIRECTION('ref_axis',(0.642787609686539,-0.766044443118978,-3.62323307282552E-17));
#8591=DIRECTION('center_axis',(-0.586824088833465,-0.492403876506104,0.642787609686539));
#8592=DIRECTION('ref_axis',(0.733324407083516,-0.659790079338118,0.164049886262103));
#8593=DIRECTION('center_axis',(0.586824088833465,0.492403876506104,-0.642787609686539));
#8594=DIRECTION('ref_axis',(0.642787609686539,-0.766044443118978,-2.93902020073012E-17));
#8595=DIRECTION('center_axis',(1.,0.,0.));
#8596=DIRECTION('ref_axis',(0.,-1.,0.));
#8597=DIRECTION('',(8.88178419700125E-15,-1.1842378929335E-14,-1.));
#8598=DIRECTION('',(0.,0.,-1.));
#8599=DIRECTION('',(0.,1.,0.));
#8600=DIRECTION('',(0.,-1.,1.32405208758818E-14));
#8601=DIRECTION('',(0.,1.,0.));
#8602=DIRECTION('center_axis',(1.,1.34564259895917E-14,-6.34637369801199E-16));
#8603=DIRECTION('ref_axis',(1.34564259895917E-14,-1.,1.79267003756367E-15));
#8604=DIRECTION('',(1.34564259895917E-14,-1.,0.));
#8605=DIRECTION('',(-6.34637369801174E-16,-1.90391210940352E-15,-1.));
#8606=DIRECTION('',(-1.34564259895917E-14,1.,0.));
#8607=DIRECTION('',(-6.34637369801174E-16,-1.90391210940352E-15,-1.));
#8608=DIRECTION('center_axis',(-1.33920652345409E-14,1.,-1.90391210940351E-15));
#8609=DIRECTION('ref_axis',(1.,1.33920652345409E-14,-6.62374301290694E-16));
#8610=DIRECTION('',(1.,1.33920652345409E-14,0.));
#8611=DIRECTION('',(-6.34637369801174E-16,-1.90391210940352E-15,-1.));
#8612=DIRECTION('',(-1.,-1.33920652345409E-14,0.));
#8613=DIRECTION('center_axis',(-1.,-1.33277044794902E-14,6.34637369801199E-16));
#8614=DIRECTION('ref_axis',(-1.33277044794902E-14,1.,-1.79267003756367E-15));
#8615=DIRECTION('',(-1.33277044794902E-14,1.,0.));
#8616=DIRECTION('',(-6.34637369801174E-16,-1.90391210940352E-15,-1.));
#8617=DIRECTION('',(1.33277044794902E-14,-1.,1.30323540587647E-14));
#8618=DIRECTION('',(6.34637369801022E-16,1.33226762955019E-14,1.));
#8619=DIRECTION('',(1.33277044794902E-14,-1.,0.));
#8620=DIRECTION('',(-6.34637369801132E-16,-5.04912316887048E-15,-1.));
#8621=DIRECTION('',(1.33277044794902E-14,-1.,1.30323540587647E-14));
#8622=DIRECTION('',(1.33277044794902E-14,-1.,0.));
#8623=DIRECTION('center_axis',(1.33920652345409E-14,-1.,1.90391210940351E-15));
#8624=DIRECTION('ref_axis',(-1.,-1.33920652345409E-14,6.62374301290694E-16));
#8625=DIRECTION('',(-1.,-1.33920652345409E-14,0.));
#8626=DIRECTION('',(6.8744787487567E-16,1.96413678535906E-15,1.));
#8627=DIRECTION('center_axis',(-2.96461727952206E-16,1.,-1.30551167681745E-14));
#8628=DIRECTION('ref_axis',(-1.,-2.96461727952319E-16,-8.66217500243183E-15));
#8629=DIRECTION('',(-1.,-2.96461727952206E-16,0.));
#8630=DIRECTION('',(1.,0.,8.66217519306402E-15));
#8631=DIRECTION('',(8.69674702623039E-15,-1.1842378929335E-14,-1.));
#8632=DIRECTION('',(1.,-1.2281577969721E-28,8.66217519306403E-15));
#8633=DIRECTION('',(-8.70341117878301E-15,1.30551167681745E-14,1.));
#8634=DIRECTION('',(1.,2.96461727952206E-16,0.));
#8635=DIRECTION('',(-8.70341117878301E-15,1.30551167681745E-14,1.));
#8636=DIRECTION('',(0.,0.,-1.));
#8637=DIRECTION('center_axis',(1.,3.60822483003053E-16,8.703411178783E-15));
#8638=DIRECTION('ref_axis',(-3.60822483002938E-16,1.,-1.32405208758818E-14));
#8639=DIRECTION('',(-1.91016797935127E-16,1.,-1.30323540587646E-14));
#8640=DIRECTION('',(8.69674702623039E-15,-5.04912316887048E-15,-1.));
#8641=DIRECTION('',(-3.60822483003053E-16,1.,0.));
#8642=DIRECTION('',(8.69674702623039E-15,-5.89064369701543E-15,-1.));
#8643=DIRECTION('',(2.16628882853454E-16,-1.,1.30323540587646E-14));
#8644=DIRECTION('',(-8.70341117878301E-15,1.30551167681745E-14,1.));
#8645=DIRECTION('',(3.60822483003053E-16,-1.,0.));
#8646=DIRECTION('center_axis',(4.25183238053674E-16,-1.,1.30551167681745E-14));
#8647=DIRECTION('ref_axis',(1.,4.25183238053787E-16,8.66217500243182E-15));
#8648=DIRECTION('',(0.,0.,-1.));
#8649=DIRECTION('',(-8.70341117878301E-15,1.30551167681745E-14,1.));
#8650=DIRECTION('',(-1.,-4.25183238053674E-16,0.));
#8651=DIRECTION('',(-1.,-3.8616453030428E-16,-8.66217519306402E-15));
#8652=DIRECTION('',(8.69674702623039E-15,-1.33226762955019E-14,-1.));
#8653=DIRECTION('',(1.,4.93432455388958E-16,8.66217519306402E-15));
#8654=DIRECTION('',(-8.65747406720111E-15,1.31691154825031E-14,1.));
#8655=DIRECTION('',(1.,4.25183238053674E-16,0.));
#8656=DIRECTION('center_axis',(-1.,-3.60822483003053E-16,-8.703411178783E-15));
#8657=DIRECTION('ref_axis',(3.60822483002938E-16,-1.,1.32405208758818E-14));
#8658=DIRECTION('',(3.60822483003053E-16,-1.,0.));
#8659=DIRECTION('',(-3.60822483003053E-16,1.,0.));
#8660=DIRECTION('center_axis',(-8.69674702623039E-15,1.1842378929335E-14,
1.));
#8661=DIRECTION('ref_axis',(-0.904761904761904,-0.425917709999962,-2.82460649015047E-15));
#8662=DIRECTION('center_axis',(-8.66217519306403E-15,1.30323540587645E-14,
1.));
#8663=DIRECTION('ref_axis',(-0.904761904761904,-0.425917709999962,-2.28649573044022E-15));
#8664=DIRECTION('center_axis',(8.66217519306403E-15,-1.30323540587645E-14,
-1.));
#8665=DIRECTION('ref_axis',(-0.904761904761904,-0.425917709999962,-2.28649573044022E-15));
#8666=DIRECTION('',(8.69674702623039E-15,-1.1842378929335E-14,-1.));
#8667=DIRECTION('center_axis',(-8.69674702623039E-15,1.1842378929335E-14,
1.));
#8668=DIRECTION('ref_axis',(-0.904761904761904,-0.425917709999962,-2.82460649015047E-15));
#8669=DIRECTION('center_axis',(-8.66217519306403E-15,1.30323540587645E-14,
1.));
#8670=DIRECTION('ref_axis',(-0.904761904761904,-0.425917709999962,-2.28649573044022E-15));
#8671=DIRECTION('',(8.69674702623039E-15,-1.1842378929335E-14,-1.));
#8672=DIRECTION('center_axis',(8.66217519306403E-15,-1.30323540587645E-14,
-1.));
#8673=DIRECTION('ref_axis',(-0.904761904761904,-0.425917709999962,-2.28649573044022E-15));
#8674=DIRECTION('',(8.69674702623039E-15,-1.1842378929335E-14,-1.));
#8675=DIRECTION('center_axis',(-8.69674702623039E-15,1.1842378929335E-14,
1.));
#8676=DIRECTION('ref_axis',(-0.672050864656716,-0.740504986690948,2.92468429277752E-15));
#8677=DIRECTION('center_axis',(8.66217519306403E-15,-1.30323540587646E-14,
-1.));
#8678=DIRECTION('ref_axis',(-1.,1.2281577969721E-28,-8.66217519306403E-15));
#8679=DIRECTION('center_axis',(8.66217519306403E-15,-1.30323540587646E-14,
-1.));
#8680=DIRECTION('ref_axis',(-1.,1.2281577969721E-28,-8.66217519306403E-15));
#8681=DIRECTION('center_axis',(-8.66217519306403E-15,1.30323540587645E-14,
1.));
#8682=DIRECTION('ref_axis',(-1.,1.2281577969721E-28,-8.66217519306403E-15));
#8683=DIRECTION('',(-1.,0.,-8.56002244059694E-15));
#8684=DIRECTION('center_axis',(-8.66217519306403E-15,1.30323540587645E-14,
1.));
#8685=DIRECTION('ref_axis',(-1.,1.2281577969721E-28,-8.66217519306403E-15));
#8686=DIRECTION('center_axis',(-8.69674702623039E-15,1.33226762955019E-14,
1.));
#8687=DIRECTION('ref_axis',(-0.207247748070707,0.978288490640476,-1.4835802121145E-14));
#8688=DIRECTION('center_axis',(-8.66217519306403E-15,1.30323540587645E-14,
1.));
#8689=DIRECTION('ref_axis',(-0.207247748070707,0.978288490640476,-1.45446182837975E-14));
#8690=DIRECTION('',(8.69674702623039E-15,-1.33226762955019E-14,-1.));
#8691=DIRECTION('center_axis',(8.66217519306403E-15,-1.30323540587645E-14,
-1.));
#8692=DIRECTION('ref_axis',(-0.207247748070707,0.978288490640476,-1.45446182837975E-14));
#8693=DIRECTION('',(8.69674702623039E-15,-1.33226762955019E-14,-1.));
#8694=DIRECTION('center_axis',(-8.69674702623039E-15,1.33226762955019E-14,
1.));
#8695=DIRECTION('ref_axis',(-0.207247748070707,0.978288490640476,-1.4835802121145E-14));
#8696=DIRECTION('center_axis',(-8.66217519306403E-15,1.30323540587645E-14,
1.));
#8697=DIRECTION('ref_axis',(-0.207247748070707,0.978288490640476,-1.45446182837975E-14));
#8698=DIRECTION('',(8.69674702623039E-15,-1.33226762955019E-14,-1.));
#8699=DIRECTION('center_axis',(8.66217519306403E-15,-1.30323540587645E-14,
-1.));
#8700=DIRECTION('ref_axis',(-0.207247748070707,0.978288490640476,-1.45446182837975E-14));
#8701=DIRECTION('center_axis',(-8.69674702623039E-15,1.33226762955019E-14,
1.));
#8702=DIRECTION('ref_axis',(-0.675039215140945,0.737781849886467,-1.56998740495999E-14));
#8703=DIRECTION('center_axis',(8.66217519306403E-15,-1.30323540587646E-14,
-1.));
#8704=DIRECTION('ref_axis',(-1.,1.2281577969721E-28,-8.66217519306403E-15));
#8705=DIRECTION('center_axis',(8.66217519306403E-15,-1.30323540587646E-14,
-1.));
#8706=DIRECTION('ref_axis',(-1.,1.2281577969721E-28,-8.66217519306403E-15));
#8707=DIRECTION('center_axis',(-8.66217519306403E-15,1.30323540587645E-14,
1.));
#8708=DIRECTION('ref_axis',(-1.,1.2281577969721E-28,-8.66217519306403E-15));
#8709=DIRECTION('',(2.29795564270566E-15,1.,-1.30323540587645E-14));
#8710=DIRECTION('',(-1.,0.,-8.66217519306403E-15));
#8711=DIRECTION('',(-4.67462326157848E-16,1.,-1.30323540587646E-14));
#8712=DIRECTION('',(-1.,0.,-8.56002244059538E-15));
#8713=DIRECTION('',(1.25816494544035E-29,1.,-1.30323540587645E-14));
#8714=DIRECTION('',(1.33277044794902E-14,-1.,1.30323540587647E-14));
#8715=DIRECTION('center_axis',(-8.66217519306403E-15,1.30323540587645E-14,
1.));
#8716=DIRECTION('ref_axis',(-1.,1.2281577969721E-28,-8.66217519306403E-15));
#8717=DIRECTION('center_axis',(0.,1.,0.));
#8718=DIRECTION('ref_axis',(0.,0.,-1.));
#8719=DIRECTION('',(0.,0.,-1.));
#8720=DIRECTION('',(-1.,0.,0.));
#8721=DIRECTION('',(0.,0.,1.));
#8722=DIRECTION('',(1.,0.,0.));
#8723=DIRECTION('center_axis',(-1.,0.,0.));
#8724=DIRECTION('ref_axis',(0.,0.,-1.));
#8725=DIRECTION('',(0.,0.,-1.));
#8726=DIRECTION('',(0.,-1.,0.));
#8727=DIRECTION('',(0.,-1.,0.));
#8728=DIRECTION('center_axis',(0.,0.,1.));
#8729=DIRECTION('ref_axis',(-1.,0.,0.));
#8730=DIRECTION('',(-1.,0.,0.));
#8731=DIRECTION('',(0.,-1.,0.));
#8732=DIRECTION('center_axis',(1.,0.,0.));
#8733=DIRECTION('ref_axis',(0.,0.,1.));
#8734=DIRECTION('',(0.,-1.,0.));
#8735=DIRECTION('center_axis',(0.,0.,-1.));
#8736=DIRECTION('ref_axis',(1.,0.,0.));
#8737=DIRECTION('',(1.,0.,0.));
#8738=DIRECTION('center_axis',(0.,-1.,0.));
#8739=DIRECTION('ref_axis',(0.,0.,-1.));
#8740=DIRECTION('',(0.,0.,-1.));
#8741=DIRECTION('',(-1.,0.,0.));
#8742=DIRECTION('',(0.,0.,1.));
#8743=DIRECTION('',(1.,0.,0.));
#8744=DIRECTION('center_axis',(-1.,0.,0.));
#8745=DIRECTION('ref_axis',(0.,0.,-1.));
#8746=DIRECTION('',(0.,0.,1.));
#8747=DIRECTION('',(0.,-1.,0.));
#8748=DIRECTION('',(0.,-1.,0.));
#8749=DIRECTION('center_axis',(0.,0.,-1.));
#8750=DIRECTION('ref_axis',(1.,0.,0.));
#8751=DIRECTION('',(-1.,0.,0.));
#8752=DIRECTION('',(0.,-1.,0.));
#8753=DIRECTION('center_axis',(1.,0.,0.));
#8754=DIRECTION('ref_axis',(0.,0.,1.));
#8755=DIRECTION('',(0.,0.,-1.));
#8756=DIRECTION('',(0.,-1.,0.));
#8757=DIRECTION('center_axis',(0.,0.,1.));
#8758=DIRECTION('ref_axis',(-1.,0.,0.));
#8759=DIRECTION('',(1.,0.,0.));
#8760=DIRECTION('center_axis',(0.,1.,0.));
#8761=DIRECTION('ref_axis',(-1.,0.,2.76081241201709E-15));
#8762=DIRECTION('center_axis',(7.16480917472086E-18,-1.,1.02563477678197E-15));
#8763=DIRECTION('ref_axis',(-1.,-7.16480917471803E-18,2.76081241201709E-15));
#8764=DIRECTION('',(0.,1.,0.));
#8765=DIRECTION('center_axis',(7.16480917472086E-18,-1.,1.02563477678197E-15));
#8766=DIRECTION('ref_axis',(-1.,-7.16480917471803E-18,2.76081241201709E-15));
#8767=DIRECTION('center_axis',(0.,1.,0.));
#8768=DIRECTION('ref_axis',(-1.,0.,2.76081241201709E-15));
#8769=DIRECTION('center_axis',(7.16480917472086E-18,-1.,1.02563477678197E-15));
#8770=DIRECTION('ref_axis',(-1.,-7.16480917471803E-18,2.76081241201709E-15));
#8771=DIRECTION('',(0.,1.,0.));
#8772=DIRECTION('center_axis',(7.16480917472086E-18,-1.,1.02563477678197E-15));
#8773=DIRECTION('ref_axis',(-1.,-7.16480917471803E-18,2.76081241201709E-15));
#8774=DIRECTION('center_axis',(0.,1.,0.));
#8775=DIRECTION('ref_axis',(-1.,0.,2.76081241201709E-15));
#8776=DIRECTION('center_axis',(7.16480917472086E-18,-1.,1.02563477678197E-15));
#8777=DIRECTION('ref_axis',(-1.,-7.16480917471803E-18,2.76081241201709E-15));
#8778=DIRECTION('',(0.,1.,0.));
#8779=DIRECTION('center_axis',(7.16480917472086E-18,-1.,1.02563477678197E-15));
#8780=DIRECTION('ref_axis',(-1.,-7.16480917471803E-18,2.76081241201709E-15));
#8781=DIRECTION('center_axis',(0.,1.,0.));
#8782=DIRECTION('ref_axis',(-1.,0.,2.76081241201709E-15));
#8783=DIRECTION('center_axis',(7.16480917472086E-18,-1.,1.02563477678197E-15));
#8784=DIRECTION('ref_axis',(-1.,-7.16480917471803E-18,2.76081241201709E-15));
#8785=DIRECTION('',(0.,1.,0.));
#8786=DIRECTION('center_axis',(7.16480917472086E-18,-1.,1.02563477678197E-15));
#8787=DIRECTION('ref_axis',(-1.,-7.16480917471803E-18,2.76081241201709E-15));
#8788=DIRECTION('center_axis',(9.70474671875137E-18,-1.,1.08693163250015E-15));
#8789=DIRECTION('ref_axis',(-1.,-9.70474671874837E-18,2.76081241201709E-15));
#8790=DIRECTION('',(-9.70474671875137E-18,1.,-1.08693163250015E-15));
#8791=DIRECTION('center_axis',(0.,1.,-1.48029736616688E-15));
#8792=DIRECTION('ref_axis',(-1.,-9.70474671874837E-18,2.76081241201709E-15));
#8793=DIRECTION('center_axis',(9.70474671875137E-18,-1.,9.31655685000131E-16));
#8794=DIRECTION('ref_axis',(-1.,-9.70474671874879E-18,2.76081241201709E-15));
#8795=DIRECTION('',(-9.70474671875137E-18,1.,-9.31655685000131E-16));
#8796=DIRECTION('center_axis',(0.,1.,-1.48029736616688E-15));
#8797=DIRECTION('ref_axis',(-1.,-9.70474671874879E-18,2.76081241201709E-15));
#8798=DIRECTION('center_axis',(0.,-1.,0.));
#8799=DIRECTION('ref_axis',(-1.,0.,0.));
#8800=DIRECTION('center_axis',(0.,-1.,0.));
#8801=DIRECTION('ref_axis',(-1.,0.,0.));
#8802=DIRECTION('',(0.939692620785908,0.,0.342020143325669));
#8803=DIRECTION('',(0.,0.,-1.));
#8804=DIRECTION('',(0.939692620785909,0.,-0.342020143325669));
#8805=DIRECTION('center_axis',(0.,-1.,0.));
#8806=DIRECTION('ref_axis',(-1.11022302462516E-15,0.,-1.));
#8807=DIRECTION('center_axis',(0.,0.,1.));
#8808=DIRECTION('ref_axis',(-1.,0.,0.));
#8809=DIRECTION('center_axis',(0.586824088833465,0.492403876506104,-0.642787609686539));
#8810=DIRECTION('ref_axis',(0.733324407083516,-0.659790079338118,0.164049886262103));
#8811=DIRECTION('center_axis',(-0.586824088833465,-0.492403876506104,0.642787609686539));
#8812=DIRECTION('ref_axis',(0.733324407083516,-0.659790079338118,0.164049886262103));
#8813=DIRECTION('',(0.648504479382767,0.433025636672954,-0.626043719083954));
#8814=DIRECTION('center_axis',(-0.586824088833466,-0.492403876506104,0.642787609686539));
#8815=DIRECTION('ref_axis',(0.733324407083516,-0.659790079338118,0.164049886262105));
#8816=DIRECTION('center_axis',(-0.586824088833466,-0.492403876506104,0.642787609686539));
#8817=DIRECTION('ref_axis',(0.733324407083516,-0.659790079338118,0.164049886262105));
#8818=DIRECTION('center_axis',(-0.586824088833465,-0.492403876506104,0.642787609686539));
#8819=DIRECTION('ref_axis',(-0.738524936828401,0.,-0.674226162116694));
#8820=DIRECTION('center_axis',(-0.331991575868093,0.870366832089643,0.36365254179073));
#8821=DIRECTION('ref_axis',(0.738524936828401,0.,0.674226162116694));
#8822=DIRECTION('center_axis',(0.,0.,1.));
#8823=DIRECTION('ref_axis',(-1.,0.,0.));
#8824=DIRECTION('center_axis',(-0.586824088833465,0.492403876506104,-0.642787609686539));
#8825=DIRECTION('ref_axis',(-0.733324407083516,-0.659790079338118,0.164049886262103));
#8826=DIRECTION('center_axis',(0.586824088833465,-0.492403876506104,0.642787609686539));
#8827=DIRECTION('ref_axis',(-0.733324407083516,-0.659790079338118,0.164049886262103));
#8828=DIRECTION('',(-0.648504479382767,0.433025636672954,-0.626043719083954));
#8829=DIRECTION('center_axis',(0.586824088833466,-0.492403876506104,0.642787609686539));
#8830=DIRECTION('ref_axis',(-0.733324407083516,-0.659790079338118,0.164049886262105));
#8831=DIRECTION('center_axis',(0.586824088833466,-0.492403876506104,0.642787609686539));
#8832=DIRECTION('ref_axis',(-0.733324407083516,-0.659790079338118,0.164049886262105));
#8833=DIRECTION('center_axis',(0.586824088833465,-0.492403876506104,0.642787609686539));
#8834=DIRECTION('ref_axis',(-0.738524936828401,0.,0.674226162116694));
#8835=DIRECTION('center_axis',(0.331991575868093,0.870366832089643,0.36365254179073));
#8836=DIRECTION('ref_axis',(0.738524936828401,0.,-0.674226162116694));
#8837=DIRECTION('center_axis',(0.,1.,0.));
#8838=DIRECTION('ref_axis',(1.,0.,0.));
#8839=DIRECTION('center_axis',(0.,1.,0.));
#8840=DIRECTION('ref_axis',(1.,0.,0.));
#8841=DIRECTION('',(-0.939692620785909,0.,-0.342020143325669));
#8842=DIRECTION('',(-0.939692620785908,0.,0.342020143325669));
#8843=DIRECTION('center_axis',(0.,-1.,0.));
#8844=DIRECTION('ref_axis',(0.,0.,1.));
#8845=DIRECTION('center_axis',(0.,-1.,0.));
#8846=DIRECTION('ref_axis',(0.,0.,-1.));
#8847=DIRECTION('center_axis',(-1.,0.,0.));
#8848=DIRECTION('ref_axis',(0.,0.,1.));
#8849=DIRECTION('center_axis',(0.,1.,0.));
#8850=DIRECTION('ref_axis',(1.11022302462516E-15,0.,-1.));
#8851=DIRECTION('center_axis',(0.,1.,0.));
#8852=DIRECTION('ref_axis',(1.11022302462516E-15,0.,-1.));
#8853=DIRECTION('center_axis',(0.,1.,0.));
#8854=DIRECTION('ref_axis',(0.,0.,1.));
#8855=DIRECTION('center_axis',(0.,1.,0.));
#8856=DIRECTION('ref_axis',(0.,0.,1.));
#8857=DIRECTION('center_axis',(-1.,0.,0.));
#8858=DIRECTION('ref_axis',(0.,0.,-1.));
#8859=DIRECTION('center_axis',(0.,1.,0.));
#8860=DIRECTION('ref_axis',(0.,0.,1.));
#8861=DIRECTION('center_axis',(-1.,-4.67462326157961E-16,-8.65747406720111E-15));
#8862=DIRECTION('ref_axis',(4.67462326157848E-16,-1.,1.30323540587646E-14));
#8863=DIRECTION('',(8.65747406720111E-15,0.,-1.));
#8864=DIRECTION('',(4.67462326157961E-16,-1.,0.));
#8865=DIRECTION('center_axis',(0.,-1.,0.));
#8866=DIRECTION('ref_axis',(-1.,0.,0.));
#8867=DIRECTION('center_axis',(0.,1.,0.));
#8868=DIRECTION('ref_axis',(-1.,0.,0.));
#8869=DIRECTION('',(0.,-1.,0.));
#8870=DIRECTION('center_axis',(0.,-1.,0.));
#8871=DIRECTION('ref_axis',(-1.,0.,0.));
#8872=DIRECTION('',(0.,-1.,0.));
#8873=DIRECTION('center_axis',(0.,-1.,0.));
#8874=DIRECTION('ref_axis',(0.,0.,-1.));
#8875=DIRECTION('center_axis',(0.,-1.,0.));
#8876=DIRECTION('ref_axis',(-1.,0.,0.));
#8877=DIRECTION('center_axis',(0.,-1.,0.));
#8878=DIRECTION('ref_axis',(-1.,0.,0.));
#8879=DIRECTION('center_axis',(-1.,0.,0.));
#8880=DIRECTION('ref_axis',(0.,0.,1.));
#8881=DIRECTION('center_axis',(0.,1.,0.));
#8882=DIRECTION('ref_axis',(-1.,0.,0.));
#8883=DIRECTION('center_axis',(0.,1.,0.));
#8884=DIRECTION('ref_axis',(-1.,0.,0.));
#8885=DIRECTION('',(-0.17364817766693,0.,0.984807753012208));
#8886=DIRECTION('',(1.,0.,0.));
#8887=DIRECTION('',(0.17364817766693,0.,0.984807753012208));
#8888=DIRECTION('center_axis',(0.,-1.,0.));
#8889=DIRECTION('ref_axis',(-1.,0.,0.));
#8890=DIRECTION('center_axis',(0.,-1.,0.));
#8891=DIRECTION('ref_axis',(-1.,0.,0.));
#8892=DIRECTION('',(0.,1.,0.));
#8893=DIRECTION('center_axis',(0.,1.,0.));
#8894=DIRECTION('ref_axis',(-1.,0.,0.));
#8895=DIRECTION('center_axis',(0.,1.,0.));
#8896=DIRECTION('ref_axis',(-1.,0.,0.));
#8897=DIRECTION('center_axis',(0.,1.,0.));
#8898=DIRECTION('ref_axis',(0.,0.,1.));
#8899=DIRECTION('center_axis',(-1.,0.,0.));
#8900=DIRECTION('ref_axis',(0.,0.,-1.));
#8901=DIRECTION('center_axis',(-0.984807753012208,0.,-0.17364817766693));
#8902=DIRECTION('ref_axis',(0.17364817766693,0.,-0.984807753012208));
#8903=DIRECTION('',(0.,1.,0.));
#8904=DIRECTION('',(0.17364817766693,0.,-0.984807753012208));
#8905=DIRECTION('center_axis',(-1.,-7.16480917471803E-18,-2.76081241201709E-15));
#8906=DIRECTION('ref_axis',(2.76081241201709E-15,1.02563477678197E-15,-1.));
#8907=DIRECTION('',(2.76081241201709E-15,1.02563477678197E-15,-1.));
#8908=DIRECTION('',(2.76081241201709E-15,1.02563477678197E-15,-1.));
#8909=DIRECTION('',(-7.16480917472086E-18,1.,1.02563477678197E-15));
#8910=DIRECTION('',(2.76081241201709E-15,1.02563477678197E-15,-1.));
#8911=DIRECTION('center_axis',(-3.03648891743902E-30,1.,1.02563477678197E-15));
#8912=DIRECTION('ref_axis',(2.76081241201709E-15,1.02563477678197E-15,-1.));
#8913=DIRECTION('',(1.,3.03648891743902E-30,0.));
#8914=DIRECTION('',(2.76081241201709E-15,1.02563477678197E-15,-1.));
#8915=DIRECTION('center_axis',(0.,1.,1.48029736616688E-15));
#8916=DIRECTION('ref_axis',(0.,1.48029736616688E-15,-1.));
#8917=DIRECTION('',(1.,3.03648891743902E-30,0.));
#8918=DIRECTION('',(2.48928929288147E-15,1.24464464644073E-15,-1.));
#8919=DIRECTION('',(-1.,-3.03648891743902E-30,0.));
#8920=DIRECTION('',(3.11432863303851E-45,-1.02563477678197E-15,1.));
#8921=DIRECTION('center_axis',(0.,1.,1.48029736616688E-15));
#8922=DIRECTION('ref_axis',(-1.,-9.70474671875317E-18,-1.94289029309402E-15));
#8923=DIRECTION('center_axis',(0.,1.,1.48029736616688E-15));
#8924=DIRECTION('ref_axis',(-1.,-9.70474671875347E-18,-1.94289029309402E-15));
#8925=DIRECTION('center_axis',(4.49490654687988E-45,-1.48029736616688E-15,
1.));
#8926=DIRECTION('ref_axis',(1.,3.03648891743902E-30,0.));
#8927=DIRECTION('',(-1.,-3.03648891743902E-30,0.));
#8928=DIRECTION('',(0.,1.,1.48029736616688E-15));
#8929=DIRECTION('',(0.,1.,1.48029736616688E-15));
#8930=DIRECTION('center_axis',(1.,4.61013247286499E-60,-3.11432863303851E-45));
#8931=DIRECTION('ref_axis',(-3.11432863303851E-45,1.02563477678197E-15,
-1.));
#8932=DIRECTION('',(3.11432863303851E-45,-1.02563477678197E-15,1.));
#8933=DIRECTION('',(0.,1.,1.48029736616688E-15));
#8934=DIRECTION('center_axis',(-3.03648891743902E-30,1.,1.02563477678197E-15));
#8935=DIRECTION('ref_axis',(1.,3.03648891743902E-30,0.));
#8936=DIRECTION('',(1.,3.03648891743902E-30,0.));
#8937=DIRECTION('center_axis',(3.03648891743902E-30,-1.,-1.02563477678197E-15));
#8938=DIRECTION('ref_axis',(-1.,-9.70474671875317E-18,-1.94289029309402E-15));
#8939=DIRECTION('center_axis',(3.03648891743902E-30,-1.,-1.02563477678197E-15));
#8940=DIRECTION('ref_axis',(-1.,-9.70474671875347E-18,-1.94289029309402E-15));
#8941=DIRECTION('center_axis',(0.,-1.,0.));
#8942=DIRECTION('ref_axis',(-1.,0.,-2.76081241201709E-15));
#8943=DIRECTION('center_axis',(1.33226762955019E-14,1.,1.85132554543932E-15));
#8944=DIRECTION('ref_axis',(-1.,0.,-2.76081241201709E-15));
#8945=DIRECTION('',(0.,1.,0.));
#8946=DIRECTION('center_axis',(-7.16480917472086E-18,1.,1.02563477678197E-15));
#8947=DIRECTION('ref_axis',(-1.,-7.16480917471803E-18,-2.76081241201709E-15));
#8948=DIRECTION('center_axis',(0.,-1.,0.));
#8949=DIRECTION('ref_axis',(-1.,0.,-2.76081241201709E-15));
#8950=DIRECTION('center_axis',(-1.18895303896947E-28,1.,1.33226762955019E-14));
#8951=DIRECTION('ref_axis',(-1.,0.,-2.76081241201709E-15));
#8952=DIRECTION('',(0.,1.,0.));
#8953=DIRECTION('center_axis',(-7.16480917472086E-18,1.,1.02563477678197E-15));
#8954=DIRECTION('ref_axis',(-1.,-7.16480917471803E-18,-2.76081241201709E-15));
#8955=DIRECTION('center_axis',(9.70474671875136E-18,-1.,1.08693163250015E-15));
#8956=DIRECTION('ref_axis',(-1.,-9.70474671875347E-18,-1.94289029309402E-15));
#8957=DIRECTION('',(-9.70474671875136E-18,1.,-1.08693163250015E-15));
#8958=DIRECTION('center_axis',(9.70474671875136E-18,-1.,9.3165568500013E-16));
#8959=DIRECTION('ref_axis',(-1.,-9.70474671875317E-18,-1.94289029309402E-15));
#8960=DIRECTION('',(-9.70474671875136E-18,1.,-9.3165568500013E-16));
#8961=DIRECTION('center_axis',(-0.664463024388675,0.241844762647975,-0.707106781186548));
#8962=DIRECTION('ref_axis',(-0.342020143325669,-0.939692620785909,2.67219334249313E-17));
#8963=DIRECTION('center_axis',(-0.664463024388675,0.241844762647975,-0.707106781186548));
#8964=DIRECTION('ref_axis',(-0.664463024388675,0.241844762647975,0.707106781186547));
#8965=DIRECTION('',(0.342020143325669,0.939692620785909,0.));
#8966=DIRECTION('center_axis',(-0.664463024388675,0.241844762647975,-0.707106781186548));
#8967=DIRECTION('ref_axis',(-0.664463024388675,0.241844762647975,0.707106781186547));
#8968=DIRECTION('center_axis',(-0.664463024388675,0.241844762647975,-0.707106781186548));
#8969=DIRECTION('ref_axis',(-0.342020143325669,-0.939692620785909,1.96261557335472E-17));
#8970=DIRECTION('center_axis',(0.664463024388675,-0.241844762647975,0.707106781186548));
#8971=DIRECTION('ref_axis',(-0.300420137987152,-0.952810948165289,-0.0435779502517477));
#8972=DIRECTION('center_axis',(-0.586824088833465,-0.492403876506104,-0.642787609686539));
#8973=DIRECTION('ref_axis',(0.642787609686539,-0.766044443118978,2.93902020073012E-17));
#8974=DIRECTION('center_axis',(-0.586824088833465,-0.492403876506104,-0.642787609686539));
#8975=DIRECTION('ref_axis',(0.492403876506104,0.413175911166535,-0.766044443118978));
#8976=DIRECTION('',(-0.642787609686539,0.766044443118978,0.));
#8977=DIRECTION('center_axis',(-0.586824088833465,-0.492403876506104,-0.642787609686539));
#8978=DIRECTION('ref_axis',(0.492403876506104,0.413175911166535,-0.766044443118978));
#8979=DIRECTION('center_axis',(-0.586824088833465,-0.492403876506104,-0.642787609686539));
#8980=DIRECTION('ref_axis',(0.642787609686539,-0.766044443118978,2.93902020073012E-17));
#8981=DIRECTION('center_axis',(-0.586824088833465,-0.492403876506104,-0.642787609686539));
#8982=DIRECTION('ref_axis',(0.642787609686539,-0.766044443118978,2.93902020073012E-17));
#8983=DIRECTION('center_axis',(-0.586824088833465,-0.492403876506104,-0.642787609686539));
#8984=DIRECTION('ref_axis',(0.492403876506104,0.413175911166535,-0.766044443118978));
#8985=DIRECTION('center_axis',(-0.586824088833465,-0.492403876506104,-0.642787609686539));
#8986=DIRECTION('ref_axis',(0.642787609686539,-0.766044443118978,3.62323307282552E-17));
#8987=DIRECTION('center_axis',(-0.586824088833465,-0.492403876506104,-0.642787609686539));
#8988=DIRECTION('ref_axis',(0.642787609686539,-0.766044443118978,3.62323307282552E-17));
#8989=DIRECTION('center_axis',(0.586824088833465,0.492403876506104,0.642787609686539));
#8990=DIRECTION('ref_axis',(0.733324407083516,-0.659790079338118,-0.164049886262103));
#8991=DIRECTION('center_axis',(-0.586824088833465,-0.492403876506104,-0.642787609686539));
#8992=DIRECTION('ref_axis',(0.642787609686539,-0.766044443118978,-2.33403457976891E-17));
#8993=DIRECTION('',(0.586824088833465,0.492403876506104,0.642787609686539));
#8994=DIRECTION('center_axis',(0.,0.,-1.));
#8995=DIRECTION('ref_axis',(-0.766044443118978,-0.642787609686539,0.));
#8996=DIRECTION('center_axis',(0.,0.,-1.));
#8997=DIRECTION('ref_axis',(-0.766044443118978,-0.642787609686539,0.));
#8998=DIRECTION('center_axis',(-0.664463024388675,-0.241844762647975,0.707106781186548));
#8999=DIRECTION('ref_axis',(0.342020143325669,-0.939692620785909,2.67219334249313E-17));
#9000=DIRECTION('center_axis',(0.664463024388675,0.241844762647975,-0.707106781186548));
#9001=DIRECTION('ref_axis',(0.664463024388675,0.241844762647975,0.707106781186547));
#9002=DIRECTION('',(0.342020143325669,-0.939692620785909,0.));
#9003=DIRECTION('center_axis',(0.664463024388675,0.241844762647975,-0.707106781186548));
#9004=DIRECTION('ref_axis',(0.664463024388675,0.241844762647975,0.707106781186547));
#9005=DIRECTION('center_axis',(-0.664463024388675,-0.241844762647975,0.707106781186548));
#9006=DIRECTION('ref_axis',(0.342020143325669,-0.939692620785909,2.67219334249313E-17));
#9007=DIRECTION('center_axis',(-0.664463024388675,-0.241844762647975,0.707106781186548));
#9008=DIRECTION('ref_axis',(0.342020143325669,-0.939692620785909,2.67219334249313E-17));
#9009=DIRECTION('center_axis',(-0.664463024388675,-0.241844762647975,0.707106781186548));
#9010=DIRECTION('ref_axis',(0.342020143325669,-0.939692620785909,1.96261557335472E-17));
#9011=DIRECTION('center_axis',(-0.664463024388675,-0.241844762647975,0.707106781186548));
#9012=DIRECTION('ref_axis',(0.342020143325669,-0.939692620785909,1.96261557335472E-17));
#9013=DIRECTION('center_axis',(0.664463024388675,0.241844762647975,-0.707106781186548));
#9014=DIRECTION('ref_axis',(0.300420137987152,-0.952810948165289,-0.0435779502517477));
#9015=DIRECTION('center_axis',(-0.664463024388675,-0.241844762647975,0.707106781186548));
#9016=DIRECTION('ref_axis',(0.342020143325669,-0.939692620785909,-1.47196168001604E-17));
#9017=DIRECTION('',(-0.664463024388675,-0.241844762647975,0.707106781186548));
#9018=DIRECTION('center_axis',(0.,0.,-1.));
#9019=DIRECTION('ref_axis',(0.939692620785908,0.342020143325669,0.));
#9020=DIRECTION('center_axis',(-0.586824088833465,0.492403876506104,0.642787609686539));
#9021=DIRECTION('ref_axis',(-0.642787609686539,-0.766044443118978,2.93902020073012E-17));
#9022=DIRECTION('center_axis',(0.586824088833465,-0.492403876506104,-0.642787609686539));
#9023=DIRECTION('ref_axis',(-0.492403876506104,0.413175911166535,-0.766044443118978));
#9024=DIRECTION('',(-0.642787609686539,-0.766044443118978,0.));
#9025=DIRECTION('center_axis',(0.586824088833465,-0.492403876506104,-0.642787609686539));
#9026=DIRECTION('ref_axis',(-0.492403876506104,0.413175911166535,-0.766044443118978));
#9027=DIRECTION('center_axis',(0.586824088833465,-0.492403876506104,-0.642787609686539));
#9028=DIRECTION('ref_axis',(-0.492403876506104,0.413175911166535,-0.766044443118978));
#9029=DIRECTION('center_axis',(-0.586824088833465,0.492403876506104,0.642787609686539));
#9030=DIRECTION('ref_axis',(-0.642787609686539,-0.766044443118978,2.93902020073012E-17));
#9031=DIRECTION('center_axis',(-0.586824088833465,0.492403876506104,0.642787609686539));
#9032=DIRECTION('ref_axis',(-0.642787609686539,-0.766044443118978,2.93902020073012E-17));
#9033=DIRECTION('center_axis',(-0.586824088833465,0.492403876506104,0.642787609686539));
#9034=DIRECTION('ref_axis',(-0.642787609686539,-0.766044443118978,3.62323307282552E-17));
#9035=DIRECTION('center_axis',(-0.586824088833465,0.492403876506104,0.642787609686539));
#9036=DIRECTION('ref_axis',(-0.642787609686539,-0.766044443118978,3.62323307282552E-17));
#9037=DIRECTION('center_axis',(0.586824088833465,-0.492403876506104,-0.642787609686539));
#9038=DIRECTION('ref_axis',(-0.733324407083516,-0.659790079338118,-0.164049886262103));
#9039=DIRECTION('center_axis',(-0.586824088833465,0.492403876506104,0.642787609686539));
#9040=DIRECTION('ref_axis',(-0.642787609686539,-0.766044443118978,-2.33403457976891E-17));
#9041=DIRECTION('',(-0.586824088833465,0.492403876506104,0.642787609686539));
#9042=DIRECTION('center_axis',(0.,0.,-1.));
#9043=DIRECTION('ref_axis',(0.766044443118978,-0.642787609686539,0.));
#9044=DIRECTION('center_axis',(0.,0.,-1.));
#9045=DIRECTION('ref_axis',(0.766044443118978,-0.642787609686539,0.));
#9046=DIRECTION('center_axis',(0.,0.,-1.));
#9047=DIRECTION('ref_axis',(-1.,0.,0.));
#9048=DIRECTION('center_axis',(0.,0.,-1.));
#9049=DIRECTION('ref_axis',(-1.,0.,0.));
#9050=DIRECTION('center_axis',(0.,0.,-1.));
#9051=DIRECTION('ref_axis',(-1.,0.,0.));
#9052=DIRECTION('center_axis',(0.,0.,-1.));
#9053=DIRECTION('ref_axis',(-1.,0.,0.));
#9054=DIRECTION('center_axis',(0.,0.,-1.));
#9055=DIRECTION('ref_axis',(-1.,0.,0.));
#9056=DIRECTION('center_axis',(0.,0.,-1.));
#9057=DIRECTION('ref_axis',(-1.,0.,0.));
#9058=DIRECTION('center_axis',(0.,0.,-1.));
#9059=DIRECTION('ref_axis',(-1.,0.,0.));
#9060=DIRECTION('center_axis',(0.,0.,-1.));
#9061=DIRECTION('ref_axis',(-1.,0.,0.));
#9062=DIRECTION('',(0.,0.,-1.));
#9063=DIRECTION('center_axis',(0.,0.,-1.));
#9064=DIRECTION('ref_axis',(1.,0.,0.));
#9065=DIRECTION('center_axis',(0.,0.,-1.));
#9066=DIRECTION('ref_axis',(1.,0.,0.));
#9067=DIRECTION('',(0.,0.,-1.));
#9068=DIRECTION('center_axis',(0.,0.,-1.));
#9069=DIRECTION('ref_axis',(1.,0.,0.));
#9070=DIRECTION('center_axis',(0.,0.,-1.));
#9071=DIRECTION('ref_axis',(1.,0.,0.));
#9072=DIRECTION('center_axis',(0.,0.,-1.));
#9073=DIRECTION('ref_axis',(1.,0.,0.));
#9074=DIRECTION('center_axis',(0.,0.,-1.));
#9075=DIRECTION('ref_axis',(-1.,0.,0.));
#9076=DIRECTION('center_axis',(0.,0.,-1.));
#9077=DIRECTION('ref_axis',(1.,0.,0.));
#9078=DIRECTION('center_axis',(0.,0.,-1.));
#9079=DIRECTION('ref_axis',(-1.,0.,0.));
#9080=DIRECTION('center_axis',(0.,0.,-1.));
#9081=DIRECTION('ref_axis',(1.,0.,0.));
#9082=DIRECTION('center_axis',(0.,0.,-1.));
#9083=DIRECTION('ref_axis',(-1.,0.,0.));
#9084=DIRECTION('center_axis',(0.,0.,-1.));
#9085=DIRECTION('ref_axis',(1.,0.,0.));
#9086=DIRECTION('center_axis',(0.,0.,-1.));
#9087=DIRECTION('ref_axis',(1.,0.,0.));
#9088=DIRECTION('center_axis',(0.,0.,-1.));
#9089=DIRECTION('ref_axis',(1.,0.,0.));
#9090=DIRECTION('',(0.,0.,-1.));
#9091=DIRECTION('center_axis',(0.,0.,1.));
#9092=DIRECTION('ref_axis',(-1.,0.,0.));
#9093=DIRECTION('',(0.,0.,-1.));
#9094=DIRECTION('center_axis',(0.,0.,1.));
#9095=DIRECTION('ref_axis',(-1.,0.,0.));
#9096=DIRECTION('center_axis',(0.,0.,1.));
#9097=DIRECTION('ref_axis',(-1.,0.,0.));
#9098=DIRECTION('center_axis',(0.,0.,1.));
#9099=DIRECTION('ref_axis',(-1.,0.,0.));
#9100=DIRECTION('center_axis',(0.,0.,1.));
#9101=DIRECTION('ref_axis',(-1.,0.,0.));
#9102=DIRECTION('center_axis',(0.,0.,1.));
#9103=DIRECTION('ref_axis',(-1.,0.,0.));
#9104=DIRECTION('',(-1.,0.,0.));
#9105=DIRECTION('',(0.,-1.,0.));
#9106=DIRECTION('',(1.,0.,0.));
#9107=DIRECTION('',(0.,-1.,0.));
#9108=DIRECTION('center_axis',(0.984807753012208,0.,-0.17364817766693));
#9109=DIRECTION('ref_axis',(0.17364817766693,0.,0.984807753012208));
#9110=DIRECTION('',(0.17364817766693,0.,0.984807753012208));
#9111=DIRECTION('',(0.17364817766693,0.,0.984807753012208));
#9112=DIRECTION('',(0.,-1.,0.));
#9113=DIRECTION('center_axis',(0.,1.,0.));
#9114=DIRECTION('ref_axis',(0.,0.,-1.));
#9115=DIRECTION('',(0.,0.,-1.));
#9116=DIRECTION('',(-1.,0.,0.));
#9117=DIRECTION('',(0.,0.,1.));
#9118=DIRECTION('center_axis',(1.,-1.33226762955018E-14,-4.62831386359855E-16));
#9119=DIRECTION('ref_axis',(1.33226762955018E-14,1.,1.79267001643766E-15));
#9120=DIRECTION('',(-4.62831386359842E-16,1.02563477678197E-15,-1.));
#9121=DIRECTION('',(-9.67879827698781E-31,-1.,-1.79267001643767E-15));
#9122=DIRECTION('',(0.,1.48029736616688E-15,-1.));
#9123=DIRECTION('',(-9.67879827698781E-31,-1.,-1.79267001643767E-15));
#9124=DIRECTION('',(4.62831386359831E-16,-1.85132554543932E-15,1.));
#9125=DIRECTION('',(1.33226762955018E-14,1.,0.));
#9126=DIRECTION('center_axis',(-1.,1.33226762955019E-14,4.62831386359855E-16));
#9127=DIRECTION('ref_axis',(-1.33226762955019E-14,-1.,-1.79267001643766E-15));
#9128=DIRECTION('',(-1.33226762955019E-14,-1.,0.));
#9129=DIRECTION('',(0.,1.48029736616688E-15,-1.));
#9130=DIRECTION('',(9.67879827698781E-31,1.,1.79267001643767E-15));
#9131=DIRECTION('',(0.,1.48029736616688E-15,-1.));
#9132=DIRECTION('center_axis',(1.33226762955018E-14,1.,1.85132554543932E-15));
#9133=DIRECTION('ref_axis',(-1.,1.33226762955018E-14,5.39909642501948E-16));
#9134=DIRECTION('',(-1.,1.33226762955018E-14,0.));
#9135=DIRECTION('center_axis',(1.33226762955018E-14,1.,1.85132554543932E-15));
#9136=DIRECTION('ref_axis',(-0.707106781186548,0.,-0.707106781186548));
#9137=DIRECTION('center_axis',(-1.33226762955018E-14,-1.,-1.85132554543932E-15));
#9138=DIRECTION('ref_axis',(0.707106781186548,0.,-0.707106781186548));
#9139=DIRECTION('',(-1.,1.33226762955018E-14,0.));
#9140=DIRECTION('',(4.62831386359831E-16,-1.85132554543932E-15,1.));
#9141=DIRECTION('',(1.,0.,-5.39909642501924E-16));
#9142=DIRECTION('',(1.,0.,-5.39909642501924E-16));
#9143=DIRECTION('center_axis',(1.,-1.33226762955019E-14,-4.62831386359855E-16));
#9144=DIRECTION('ref_axis',(1.33226762955019E-14,1.,1.79267001643766E-15));
#9145=DIRECTION('',(-1.33920652345409E-14,-1.,0.));
#9146=DIRECTION('',(4.75978027350881E-16,-1.90391210940352E-15,1.));
#9147=DIRECTION('',(4.62831386359831E-16,-1.85132554543932E-15,1.));
#9148=DIRECTION('',(-1.33226762955019E-14,-1.,-1.79267001643766E-15));
#9149=DIRECTION('center_axis',(1.33226762955019E-14,1.,1.85132554543932E-15));
#9150=DIRECTION('ref_axis',(-1.,1.33226762955019E-14,5.39909642501948E-16));
#9151=DIRECTION('',(4.75978027350881E-16,-1.90391210940352E-15,1.));
#9152=DIRECTION('',(1.,-1.33920652345409E-14,0.));
#9153=DIRECTION('',(-1.,1.33226762955019E-14,5.39909642501948E-16));
#9154=DIRECTION('center_axis',(-1.33226762955019E-14,-1.,-1.85132554543932E-15));
#9155=DIRECTION('ref_axis',(1.,-1.33226762955019E-14,-5.39909642501948E-16));
#9156=DIRECTION('',(1.,-1.33226762955019E-14,0.));
#9157=DIRECTION('',(5.78539232949788E-16,-1.85132554543932E-15,1.));
#9158=DIRECTION('',(-1.,0.,5.39909642501924E-16));
#9159=DIRECTION('',(-3.70074341541718E-16,2.96059473233375E-15,-1.));
#9160=DIRECTION('',(-1.,1.75162308040602E-46,5.39909642501924E-16));
#9161=DIRECTION('',(-3.70074341541718E-16,2.96059473233375E-15,-1.));
#9162=DIRECTION('center_axis',(-1.,1.34336985979644E-14,5.78539232949813E-16));
#9163=DIRECTION('ref_axis',(-1.34336985979644E-14,-1.,-1.79267001643766E-15));
#9164=DIRECTION('',(1.33920652345409E-14,1.,0.));
#9165=DIRECTION('',(5.78539232949788E-16,-1.85132554543932E-15,1.));
#9166=DIRECTION('',(1.34336985979644E-14,1.,1.79267001643766E-15));
#9167=DIRECTION('center_axis',(-1.4210854715202E-14,-1.,-1.85132554543931E-15));
#9168=DIRECTION('ref_axis',(1.,-1.4210854715202E-14,-5.39909642501949E-16));
#9169=DIRECTION('',(-1.,1.33920652345409E-14,0.));
#9170=DIRECTION('',(5.78539232949788E-16,-1.85132554543932E-15,1.));
#9171=DIRECTION('',(1.,-1.4210854715202E-14,-5.39909642501949E-16));
#9172=DIRECTION('center_axis',(-1.,1.3322676295502E-14,5.78539232949813E-16));
#9173=DIRECTION('ref_axis',(-1.3322676295502E-14,-1.,-1.79267001643766E-15));
#9174=DIRECTION('center_axis',(-1.,1.3322676295502E-14,5.78539232949813E-16));
#9175=DIRECTION('ref_axis',(9.82964376690406E-15,0.70710678118655,0.707106781186546));
#9176=DIRECTION('',(-5.78539232949788E-16,1.85132554543932E-15,-1.));
#9177=DIRECTION('',(9.67879827698781E-31,1.,1.79267001643767E-15));
#9178=DIRECTION('',(9.67879827698781E-31,1.,1.79267001643767E-15));
#9179=DIRECTION('',(-1.3322676295502E-14,-1.,0.));
#9180=DIRECTION('center_axis',(5.39909642501924E-16,-1.79267001643767E-15,
1.));
#9181=DIRECTION('ref_axis',(-1.,0.,5.39909642501924E-16));
#9182=DIRECTION('center_axis',(5.39909642501924E-16,-1.79267001643767E-15,
1.));
#9183=DIRECTION('ref_axis',(1.33920652345409E-14,1.,1.34572487833353E-15));
#9184=DIRECTION('center_axis',(0.,-1.48029736616688E-15,1.));
#9185=DIRECTION('ref_axis',(1.,0.,0.));
#9186=DIRECTION('',(1.,7.16480917472086E-18,1.06060481504276E-32));
#9187=DIRECTION('',(0.,1.,1.48029736616688E-15));
#9188=DIRECTION('',(-1.,0.,5.39909642501924E-16));
#9189=DIRECTION('center_axis',(0.,1.48029736616688E-15,-1.));
#9190=DIRECTION('ref_axis',(1.33920652345409E-14,1.,1.34572487833353E-15));
#9191=DIRECTION('center_axis',(5.39909642501924E-16,-1.79267001643767E-15,
1.));
#9192=DIRECTION('ref_axis',(-1.,0.,5.39909642501924E-16));
#9193=DIRECTION('center_axis',(5.39909642501924E-16,-1.79267001643767E-15,
1.));
#9194=DIRECTION('ref_axis',(1.33920652345409E-14,1.,2.69144975666705E-15));
#9195=DIRECTION('center_axis',(-1.,4.33257765707257E-16,-8.82585539886503E-15));
#9196=DIRECTION('ref_axis',(-4.33257765707141E-16,-1.,-1.30323540587646E-14));
#9197=DIRECTION('',(-8.82585539886504E-15,-1.29445879183354E-14,1.));
#9198=DIRECTION('',(-8.82585539886504E-15,-1.29445879183354E-14,1.));
#9199=DIRECTION('center_axis',(-5.14886040405634E-16,-1.,-1.29445879183356E-14));
#9200=DIRECTION('ref_axis',(1.,-5.14886040405747E-16,8.78463968234651E-15));
#9201=DIRECTION('',(-8.75230660387463E-15,-1.29445879183356E-14,1.));
#9202=DIRECTION('center_axis',(1.,-2.16628882853566E-16,8.75230660387462E-15));
#9203=DIRECTION('ref_axis',(2.16628882853452E-16,1.,1.30323540587646E-14));
#9204=DIRECTION('',(-8.75230660387463E-15,-1.29445879183356E-14,1.));
#9205=DIRECTION('center_axis',(5.14886040405634E-16,1.,1.29445879183356E-14));
#9206=DIRECTION('ref_axis',(-1.,5.14886040405747E-16,-8.78463968234651E-15));
#9207=DIRECTION('center_axis',(-1.,9.06304509896854E-17,-8.75230660387463E-15));
#9208=DIRECTION('ref_axis',(-9.06304509895713E-17,-1.,-1.30323540587646E-14));
#9209=DIRECTION('center_axis',(-1.,9.06304509896854E-17,-8.75230660387463E-15));
#9210=DIRECTION('ref_axis',(-6.12472994414673E-15,0.70710678118655,0.707106781186545));
#9211=DIRECTION('',(8.75230660387463E-15,1.29445879183356E-14,-1.));
#9212=DIRECTION('',(9.06304509895713E-17,1.,1.30323540587646E-14));
#9213=DIRECTION('',(-8.75230660387463E-15,-1.02563477678197E-15,1.));
#9214=DIRECTION('',(-9.06304509896854E-17,-1.,0.));
#9215=DIRECTION('center_axis',(0.,-1.34572487833353E-15,1.));
#9216=DIRECTION('ref_axis',(1.33920652345409E-14,1.,1.34572487833353E-15));
#9217=DIRECTION('',(0.,1.34572487833353E-15,-1.));
#9218=DIRECTION('center_axis',(6.72862439166765E-16,-2.69144975666706E-15,
1.));
#9219=DIRECTION('ref_axis',(1.33920652345409E-14,1.,2.69144975666705E-15));
#9220=DIRECTION('',(-6.72862439166765E-16,2.69144975666706E-15,-1.));
#9221=DIRECTION('center_axis',(-3.70074341541719E-16,2.96059473233375E-15,
-1.));
#9222=DIRECTION('ref_axis',(1.33920652345409E-14,1.,2.69144975666705E-15));
#9223=DIRECTION('center_axis',(-9.42007414833465E-15,-1.34572487833352E-14,
1.));
#9224=DIRECTION('ref_axis',(-1.,-1.14313886293865E-28,-9.42007414833465E-15));
#9225=DIRECTION('',(9.42007414833465E-15,1.34572487833352E-14,-1.));
#9226=DIRECTION('center_axis',(8.88178419700124E-15,1.33226762955019E-14,
-1.));
#9227=DIRECTION('ref_axis',(-1.,-1.14313886293865E-28,-9.42007414833465E-15));
#9228=DIRECTION('center_axis',(-8.74721170916789E-15,-1.34572487833352E-14,
1.));
#9229=DIRECTION('ref_axis',(-1.,-1.23368763534694E-28,-8.74721170916789E-15));
#9230=DIRECTION('',(8.74721170916789E-15,1.34572487833352E-14,-1.));
#9231=DIRECTION('center_axis',(8.88178419700124E-15,1.1842378929335E-14,
-1.));
#9232=DIRECTION('ref_axis',(-1.,-1.23368763534694E-28,-8.74721170916789E-15));
#9233=DIRECTION('center_axis',(-9.42007414833465E-15,-1.34572487833352E-14,
1.));
#9234=DIRECTION('ref_axis',(-1.,-1.14313886293865E-28,-9.42007414833465E-15));
#9235=DIRECTION('',(9.42007414833465E-15,1.34572487833352E-14,-1.));
#9236=DIRECTION('center_axis',(8.88178419700124E-15,1.33226762955019E-14,
-1.));
#9237=DIRECTION('ref_axis',(-1.,-1.14313886293865E-28,-9.42007414833465E-15));
#9238=DIRECTION('center_axis',(-8.7472117091679E-15,-1.34572487833352E-14,
1.));
#9239=DIRECTION('ref_axis',(-1.,-1.23368763534694E-28,-8.7472117091679E-15));
#9240=DIRECTION('',(8.7472117091679E-15,1.34572487833352E-14,-1.));
#9241=DIRECTION('center_axis',(8.88178419700124E-15,1.1842378929335E-14,
-1.));
#9242=DIRECTION('ref_axis',(-1.,-1.23368763534694E-28,-8.7472117091679E-15));
#9243=DIRECTION('center_axis',(-1.,0.,0.));
#9244=DIRECTION('ref_axis',(0.,0.999999999999801,-6.30137227608136E-7));
#9245=DIRECTION('center_axis',(-1.,0.,0.));
#9246=DIRECTION('ref_axis',(0.,-1.,0.));
#9247=DIRECTION('',(1.,0.,0.));
#9248=DIRECTION('center_axis',(-1.,0.,0.));
#9249=DIRECTION('ref_axis',(0.,-1.,0.));
#9250=DIRECTION('',(1.,0.,0.));
#9251=DIRECTION('center_axis',(0.,-0.0281627748720298,-0.999603350390297));
#9252=DIRECTION('ref_axis',(0.,0.999603350390297,-0.0281627748720298));
#9253=DIRECTION('',(1.,0.,0.));
#9254=DIRECTION('center_axis',(0.,-0.0281627748720298,-0.999603350390297));
#9255=DIRECTION('ref_axis',(-4.57785345226999E-15,-0.999603350390297,0.0281627748720298));
#9256=DIRECTION('',(0.,0.999603350390297,-0.0281627748720298));
#9257=DIRECTION('',(0.,-0.999603350390297,0.0281627748720298));
#9258=DIRECTION('center_axis',(0.,-0.0281627748720298,-0.999603350390297));
#9259=DIRECTION('ref_axis',(4.57785345226999E-15,-0.999603350390297,0.0281627748720298));
#9260=DIRECTION('center_axis',(-1.33226762955019E-14,-1.,-1.85132554543932E-15));
#9261=DIRECTION('ref_axis',(1.,-1.33226762955019E-14,-5.39909642501948E-16));
#9262=DIRECTION('',(0.,-1.85132554543932E-15,1.));
#9263=DIRECTION('',(1.,-1.33226762955019E-14,0.));
#9264=DIRECTION('center_axis',(-1.33226762955019E-14,-1.,-1.85132554543932E-15));
#9265=DIRECTION('ref_axis',(1.,-1.33226762955019E-14,-5.39909642501948E-16));
#9266=DIRECTION('center_axis',(0.,0.,-1.));
#9267=DIRECTION('ref_axis',(-1.,0.,0.));
#9268=DIRECTION('',(1.,2.36578626687207E-28,0.));
#9269=DIRECTION('',(1.,7.16480917472086E-18,0.));
#9270=DIRECTION('',(1.33226762955018E-14,1.,0.));
#9271=DIRECTION('',(1.,-1.253898945459E-14,0.));
#9272=DIRECTION('',(0.,-1.,0.));
#9273=DIRECTION('center_axis',(0.,0.,-1.));
#9274=DIRECTION('ref_axis',(-1.,0.,0.));
#9275=DIRECTION('center_axis',(-2.48928929288147E-15,-1.24464464644073E-15,
1.));
#9276=DIRECTION('ref_axis',(1.,0.,2.48928929288147E-15));
#9277=DIRECTION('',(-2.61948403195566E-48,-1.,-1.24464464644073E-15));
#9278=DIRECTION('',(-1.,-7.16480917471796E-18,-2.82517316706782E-15));
#9279=DIRECTION('',(0.,-1.,-1.24464464644073E-15));
#9280=DIRECTION('',(-1.,-7.16480917471831E-18,-2.48928929288147E-15));
#9281=DIRECTION('center_axis',(-1.,0.,0.));
#9282=DIRECTION('ref_axis',(0.,-1.,0.));
#9283=DIRECTION('',(0.,0.,-1.));
#9284=DIRECTION('',(0.,-0.999595697288293,-0.0284331138416336));
#9285=DIRECTION('center_axis',(-1.,0.,0.));
#9286=DIRECTION('ref_axis',(0.,-1.,0.));
#9287=DIRECTION('center_axis',(-1.,0.,0.));
#9288=DIRECTION('ref_axis',(0.,0.,-1.));
#9289=DIRECTION('center_axis',(0.,1.,0.));
#9290=DIRECTION('ref_axis',(0.,0.,1.));
#9291=DIRECTION('center_axis',(1.,0.,0.));
#9292=DIRECTION('ref_axis',(0.,-1.,0.));
#9293=DIRECTION('center_axis',(1.,0.,0.));
#9294=DIRECTION('ref_axis',(0.,-1.,0.));
#9295=DIRECTION('center_axis',(-1.,0.,0.));
#9296=DIRECTION('ref_axis',(0.,-1.,0.));
#9297=DIRECTION('',(-1.,0.,0.));
#9298=DIRECTION('center_axis',(-1.,0.,0.));
#9299=DIRECTION('ref_axis',(0.,-1.,0.));
#9300=DIRECTION('center_axis',(-1.,0.,0.));
#9301=DIRECTION('ref_axis',(0.,-1.,0.));
#9302=DIRECTION('center_axis',(-1.,0.,0.));
#9303=DIRECTION('ref_axis',(0.,0.,-1.));
#9304=DIRECTION('center_axis',(0.,1.,0.));
#9305=DIRECTION('ref_axis',(0.,0.,1.));
#9306=DIRECTION('center_axis',(1.,0.,0.));
#9307=DIRECTION('ref_axis',(0.,-1.,0.));
#9308=DIRECTION('center_axis',(0.,0.,1.));
#9309=DIRECTION('ref_axis',(-1.,0.,0.));
#9310=DIRECTION('center_axis',(0.,0.,-1.));
#9311=DIRECTION('ref_axis',(-1.,0.,0.));
#9312=DIRECTION('center_axis',(0.,0.,-1.));
#9313=DIRECTION('ref_axis',(-1.,0.,0.));
#9314=DIRECTION('',(0.,0.,1.));
#9315=DIRECTION('center_axis',(0.,1.,0.));
#9316=DIRECTION('ref_axis',(-1.,0.,0.));
#9317=DIRECTION('center_axis',(0.,-1.,0.));
#9318=DIRECTION('ref_axis',(-1.,0.,0.));
#9319=DIRECTION('',(0.,-1.,0.));
#9320=DIRECTION('center_axis',(0.,1.,0.));
#9321=DIRECTION('ref_axis',(-1.,0.,0.));
#9322=DIRECTION('',(0.,-1.,0.));
#9323=DIRECTION('center_axis',(-0.984807753012208,0.,-0.17364817766693));
#9324=DIRECTION('ref_axis',(0.17364817766693,0.,-0.984807753012208));
#9325=DIRECTION('',(0.17364817766693,0.,-0.984807753012208));
#9326=DIRECTION('',(0.17364817766693,0.,-0.984807753012208));
#9327=DIRECTION('center_axis',(0.984807753012208,0.,-0.17364817766693));
#9328=DIRECTION('ref_axis',(0.17364817766693,0.,0.984807753012208));
#9329=DIRECTION('',(-0.17364817766693,0.,-0.984807753012208));
#9330=DIRECTION('',(0.17364817766693,0.,0.984807753012208));
#9331=DIRECTION('center_axis',(-0.664463024388675,0.241844762647975,-0.707106781186548));
#9332=DIRECTION('ref_axis',(-0.300420137987152,-0.952810948165289,-0.0435779502517477));
#9333=DIRECTION('',(0.63575120171138,-0.323967416196616,0.700617957781147));
#9334=DIRECTION('center_axis',(-0.664463024388674,0.241844762647976,-0.707106781186548));
#9335=DIRECTION('ref_axis',(-0.300420137987153,-0.952810948165289,-0.0435779502517477));
#9336=DIRECTION('center_axis',(-0.664463024388674,0.241844762647976,-0.707106781186548));
#9337=DIRECTION('ref_axis',(-0.300420137987153,-0.952810948165289,-0.0435779502517477));
#9338=DIRECTION('center_axis',(0.,0.,1.));
#9339=DIRECTION('ref_axis',(-1.,0.,0.));
#9340=DIRECTION('center_axis',(0.664463024388675,-0.241844762647975,0.707106781186548));
#9341=DIRECTION('ref_axis',(-0.300420137987152,-0.952810948165289,-0.0435779502517474));
#9342=DIRECTION('center_axis',(-0.664463024388675,0.241844762647975,-0.707106781186548));
#9343=DIRECTION('ref_axis',(0.728739444818682,0.,-0.684791078771737));
#9344=DIRECTION('center_axis',(0.165613135909001,0.970314954424461,0.176241818064392));
#9345=DIRECTION('ref_axis',(-0.728739444818683,0.,0.684791078771736));
#9346=DIRECTION('center_axis',(-0.586824088833465,-0.492403876506104,-0.642787609686539));
#9347=DIRECTION('ref_axis',(0.733324407083516,-0.659790079338118,-0.164049886262103));
#9348=DIRECTION('',(0.648504479382767,0.433025636672954,0.626043719083954));
#9349=DIRECTION('center_axis',(-0.586824088833466,-0.492403876506104,-0.642787609686539));
#9350=DIRECTION('ref_axis',(0.733324407083516,-0.659790079338118,-0.164049886262105));
#9351=DIRECTION('center_axis',(-0.586824088833466,-0.492403876506104,-0.642787609686539));
#9352=DIRECTION('ref_axis',(0.733324407083516,-0.659790079338118,-0.164049886262105));
#9353=DIRECTION('center_axis',(0.,0.,1.));
#9354=DIRECTION('ref_axis',(-1.,0.,0.));
#9355=DIRECTION('center_axis',(0.586824088833465,0.492403876506104,0.642787609686539));
#9356=DIRECTION('ref_axis',(0.733324407083516,-0.659790079338118,-0.164049886262103));
#9357=DIRECTION('center_axis',(-0.586824088833465,-0.492403876506104,-0.642787609686539));
#9358=DIRECTION('ref_axis',(0.738524936828401,0.,-0.674226162116694));
#9359=DIRECTION('center_axis',(-0.331991575868094,0.870366832089643,-0.363652541790729));
#9360=DIRECTION('ref_axis',(-0.738524936828399,0.,0.674226162116696));
#9361=DIRECTION('center_axis',(0.664463024388675,0.241844762647975,-0.707106781186548));
#9362=DIRECTION('ref_axis',(0.300420137987152,-0.952810948165289,-0.0435779502517477));
#9363=DIRECTION('',(-0.63575120171138,-0.323967416196616,0.700617957781147));
#9364=DIRECTION('center_axis',(0.664463024388674,0.241844762647976,-0.707106781186548));
#9365=DIRECTION('ref_axis',(0.300420137987153,-0.952810948165289,-0.0435779502517477));
#9366=DIRECTION('center_axis',(0.664463024388674,0.241844762647976,-0.707106781186548));
#9367=DIRECTION('ref_axis',(0.300420137987153,-0.952810948165289,-0.0435779502517477));
#9368=DIRECTION('center_axis',(0.,0.,1.));
#9369=DIRECTION('ref_axis',(-1.,0.,0.));
#9370=DIRECTION('center_axis',(-0.664463024388675,-0.241844762647975,0.707106781186548));
#9371=DIRECTION('ref_axis',(0.300420137987152,-0.952810948165289,-0.0435779502517474));
#9372=DIRECTION('center_axis',(0.664463024388675,0.241844762647975,-0.707106781186548));
#9373=DIRECTION('ref_axis',(0.728739444818683,0.,0.684791078771735));
#9374=DIRECTION('center_axis',(-0.165613135909001,0.970314954424461,0.176241818064392));
#9375=DIRECTION('ref_axis',(-0.728739444818683,0.,-0.684791078771736));
#9376=DIRECTION('center_axis',(0.586824088833465,-0.492403876506104,-0.642787609686539));
#9377=DIRECTION('ref_axis',(-0.733324407083516,-0.659790079338118,-0.164049886262103));
#9378=DIRECTION('',(-0.648504479382767,0.433025636672954,0.626043719083954));
#9379=DIRECTION('center_axis',(0.586824088833466,-0.492403876506104,-0.642787609686539));
#9380=DIRECTION('ref_axis',(-0.733324407083516,-0.659790079338118,-0.164049886262105));
#9381=DIRECTION('center_axis',(0.586824088833466,-0.492403876506104,-0.642787609686539));
#9382=DIRECTION('ref_axis',(-0.733324407083516,-0.659790079338118,-0.164049886262105));
#9383=DIRECTION('center_axis',(0.,0.,1.));
#9384=DIRECTION('ref_axis',(-1.,0.,0.));
#9385=DIRECTION('center_axis',(-0.586824088833465,0.492403876506104,0.642787609686539));
#9386=DIRECTION('ref_axis',(-0.733324407083516,-0.659790079338118,-0.164049886262103));
#9387=DIRECTION('center_axis',(0.586824088833465,-0.492403876506104,-0.642787609686539));
#9388=DIRECTION('ref_axis',(0.738524936828401,0.,0.674226162116694));
#9389=DIRECTION('center_axis',(0.331991575868093,0.870366832089643,-0.36365254179073));
#9390=DIRECTION('ref_axis',(-0.738524936828401,0.,-0.674226162116694));
#9391=DIRECTION('center_axis',(0.,-1.,0.));
#9392=DIRECTION('ref_axis',(-1.,0.,0.));
#9393=DIRECTION('center_axis',(0.,1.,0.));
#9394=DIRECTION('ref_axis',(-1.,0.,0.));
#9395=DIRECTION('center_axis',(0.,1.,0.));
#9396=DIRECTION('ref_axis',(0.,0.,1.));
#9397=DIRECTION('center_axis',(-1.,0.,0.));
#9398=DIRECTION('ref_axis',(0.,0.,-1.));
#9399=DIRECTION('center_axis',(0.,-1.,0.));
#9400=DIRECTION('ref_axis',(-1.,0.,0.));
#9401=DIRECTION('center_axis',(0.,-1.,0.));
#9402=DIRECTION('ref_axis',(-1.,0.,0.));
#9403=DIRECTION('center_axis',(0.,-1.,0.));
#9404=DIRECTION('ref_axis',(-1.,0.,0.));
#9405=DIRECTION('center_axis',(0.,-1.,0.));
#9406=DIRECTION('ref_axis',(-1.,0.,0.));
#9407=DIRECTION('center_axis',(0.,1.,0.));
#9408=DIRECTION('ref_axis',(-1.,0.,0.));
#9409=DIRECTION('',(0.,1.,0.));
#9410=DIRECTION('center_axis',(0.,1.,0.));
#9411=DIRECTION('ref_axis',(-1.,0.,0.));
#9412=DIRECTION('center_axis',(0.,1.,0.));
#9413=DIRECTION('ref_axis',(-1.,0.,0.));
#9414=DIRECTION('center_axis',(0.,-1.,0.));
#9415=DIRECTION('ref_axis',(0.,0.,-1.));
#9416=DIRECTION('center_axis',(-1.,0.,0.));
#9417=DIRECTION('ref_axis',(0.,0.,1.));
#9418=DIRECTION('center_axis',(3.70074341541719E-16,1.,0.));
#9419=DIRECTION('ref_axis',(-1.,3.70074341541719E-16,0.));
#9420=DIRECTION('',(0.,0.,1.));
#9421=DIRECTION('',(-1.,3.70074341541719E-16,0.));
#9422=DIRECTION('',(0.,0.,-1.));
#9423=DIRECTION('',(1.,-3.70074341541719E-16,0.));
#9424=DIRECTION('center_axis',(0.,0.,-1.));
#9425=DIRECTION('ref_axis',(-1.,0.,0.));
#9426=DIRECTION('',(0.,1.,0.));
#9427=DIRECTION('',(-1.,0.,0.));
#9428=DIRECTION('',(0.,-1.,0.));
#9429=DIRECTION('',(1.,-3.70074341541719E-16,0.));
#9430=DIRECTION('center_axis',(1.,0.,0.));
#9431=DIRECTION('ref_axis',(0.,1.,0.));
#9432=DIRECTION('',(0.,1.,0.));
#9433=DIRECTION('',(0.,0.,1.));
#9434=DIRECTION('',(0.,-1.,0.));
#9435=DIRECTION('',(0.,0.,1.));
#9436=DIRECTION('center_axis',(-1.,0.,0.));
#9437=DIRECTION('ref_axis',(0.,-1.,0.));
#9438=DIRECTION('',(0.,0.,-1.));
#9439=DIRECTION('',(0.,1.,0.));
#9440=DIRECTION('',(0.,0.,1.));
#9441=DIRECTION('',(0.,-1.,0.));
#9442=DIRECTION('center_axis',(1.,-3.70074341541719E-16,0.));
#9443=DIRECTION('ref_axis',(0.,-0.707106781186549,0.707106781186546));
#9444=DIRECTION('center_axis',(1.,0.,0.));
#9445=DIRECTION('ref_axis',(0.,-1.,0.));
#9446=DIRECTION('center_axis',(-1.,0.,0.));
#9447=DIRECTION('ref_axis',(0.,0.,1.));
#9448=DIRECTION('center_axis',(0.,-1.,0.));
#9449=DIRECTION('ref_axis',(-0.707106781186549,0.,0.707106781186546));
#9450=DIRECTION('center_axis',(-0.707106781186547,-0.707106781186548,-1.96261557335472E-16));
#9451=DIRECTION('ref_axis',(-0.707106781186548,0.707106781186547,1.96261557335472E-16));
#9452=DIRECTION('center_axis',(-1.11022302462516E-15,1.,0.));
#9453=DIRECTION('ref_axis',(0.,0.,1.));
#9454=DIRECTION('center_axis',(-1.,0.,0.));
#9455=DIRECTION('ref_axis',(0.,0.707106781186546,0.707106781186549));
#9456=DIRECTION('center_axis',(-0.707106781186547,0.707106781186548,0.));
#9457=DIRECTION('ref_axis',(0.707106781186548,0.707106781186547,0.));
#9458=DIRECTION('',(1.,0.,0.));
#9459=DIRECTION('center_axis',(0.,1.,0.));
#9460=DIRECTION('ref_axis',(0.707106781186549,0.,0.707106781186546));
#9461=DIRECTION('center_axis',(0.,1.,0.));
#9462=DIRECTION('ref_axis',(1.,0.,0.));
#9463=DIRECTION('center_axis',(0.,0.,-1.));
#9464=DIRECTION('ref_axis',(-0.707106781186548,-0.707106781186547,0.));
#9465=DIRECTION('center_axis',(0.,0.,1.));
#9466=DIRECTION('ref_axis',(-0.707106781186548,-0.707106781186547,0.));
#9467=DIRECTION('center_axis',(0.,0.,-1.));
#9468=DIRECTION('ref_axis',(-1.,0.,0.));
#9469=DIRECTION('center_axis',(-0.40824829046386,-0.408248290463863,-0.816496580927727));
#9470=DIRECTION('ref_axis',(-0.577350269189623,-0.577350269189627,0.577350269189627));
#9471=DIRECTION('center_axis',(0.,0.,-1.));
#9472=DIRECTION('ref_axis',(0.707106781186548,-0.707106781186548,0.));
#9473=DIRECTION('center_axis',(0.,0.,1.));
#9474=DIRECTION('ref_axis',(0.707106781186548,-0.707106781186548,0.));
#9475=DIRECTION('center_axis',(0.,0.,-1.));
#9476=DIRECTION('ref_axis',(0.,-1.,0.));
#9477=DIRECTION('center_axis',(0.816496580927723,0.408248290463867,-0.408248290463865));
#9478=DIRECTION('ref_axis',(0.577350269189623,-0.577350269189628,0.577350269189627));
#9479=DIRECTION('center_axis',(1.18895303896947E-28,-1.,-1.33226762955019E-14));
#9480=DIRECTION('ref_axis',(8.88178419700124E-15,1.33226762955019E-14,-1.));
#9481=DIRECTION('center_axis',(1.,-4.48216423421093E-31,8.91542731895959E-15));
#9482=DIRECTION('ref_axis',(-1.18329135783152E-28,1.,1.33226762955019E-14));
#9483=DIRECTION('',(-1.05131652204644E-28,1.,1.1842378929335E-14));
#9484=DIRECTION('',(-8.91542731895959E-15,-1.34572487833352E-14,1.));
#9485=DIRECTION('center_axis',(1.19524379578941E-28,-1.,-1.34572487833352E-14));
#9486=DIRECTION('ref_axis',(1.,0.,8.88178419700124E-15));
#9487=DIRECTION('',(1.,7.16480917471175E-18,8.88178419700124E-15));
#9488=DIRECTION('',(1.,0.,8.88178419700124E-15));
#9489=DIRECTION('center_axis',(-1.,-1.79286569368403E-30,-8.7472117091679E-15));
#9490=DIRECTION('ref_axis',(1.18329135783152E-28,-1.,-1.33226762955019E-14));
#9491=DIRECTION('',(1.05380661328766E-28,-1.,-1.1842378929335E-14));
#9492=DIRECTION('',(-8.7472117091679E-15,-1.34572487833352E-14,1.));
#9493=DIRECTION('center_axis',(-1.19524379578941E-28,1.,1.34572487833352E-14));
#9494=DIRECTION('ref_axis',(-1.,0.,-8.88178419700124E-15));
#9495=DIRECTION('',(-1.,0.,-8.88178419700124E-15));
#9496=DIRECTION('',(-8.7472117091679E-15,-1.34572487833352E-14,1.));
#9497=DIRECTION('center_axis',(1.,1.79286569368403E-30,8.7472117091679E-15));
#9498=DIRECTION('ref_axis',(-1.18329135783152E-28,1.,1.33226762955019E-14));
#9499=DIRECTION('',(0.,-1.,-1.1842378929335E-14));
#9500=DIRECTION('center_axis',(7.16480917472086E-18,-1.,-1.02563477678197E-15));
#9501=DIRECTION('ref_axis',(1.,7.16480917471803E-18,2.76081241201709E-15));
#9502=DIRECTION('',(-7.34847745860027E-33,1.02563477678197E-15,-1.));
#9503=DIRECTION('',(1.,7.16480917472086E-18,0.));
#9504=DIRECTION('',(7.34847745860027E-33,-1.02563477678197E-15,1.));
#9505=DIRECTION('',(-1.,-7.16480917471796E-18,-2.82517316706782E-15));
#9506=DIRECTION('',(-1.,-7.16480917472086E-18,0.));
#9507=DIRECTION('',(0.,1.02563477678197E-15,-1.));
#9508=DIRECTION('',(0.,1.02563477678197E-15,-1.));
#9509=DIRECTION('center_axis',(-7.16480917472086E-18,1.,1.02563477678197E-15));
#9510=DIRECTION('ref_axis',(-1.,-7.16480917471803E-18,-2.76081241201709E-15));
#9511=DIRECTION('center_axis',(-7.16480917472086E-18,1.,1.02563477678197E-15));
#9512=DIRECTION('ref_axis',(-1.,-7.16480917471803E-18,-2.76081241201709E-15));
#9513=DIRECTION('center_axis',(-1.,0.,0.));
#9514=DIRECTION('ref_axis',(0.,1.,0.));
#9515=DIRECTION('',(0.,1.,0.));
#9516=DIRECTION('center_axis',(0.,0.,1.));
#9517=DIRECTION('ref_axis',(1.,0.,0.));
#9518=DIRECTION('center_axis',(0.984807753012208,0.,-0.17364817766693));
#9519=DIRECTION('ref_axis',(0.17364817766693,0.,0.984807753012208));
#9520=DIRECTION('',(-2.13558844194735E-16,1.,-1.21115239050017E-15));
#9521=DIRECTION('',(0.17364817766693,0.,0.984807753012208));
#9522=DIRECTION('',(0.,-1.,0.));
#9523=DIRECTION('',(0.17364817766693,1.19275226424384E-15,0.984807753012208));
#9524=DIRECTION('center_axis',(0.,1.,0.));
#9525=DIRECTION('ref_axis',(-1.,0.,0.));
#9526=DIRECTION('',(-2.97741629331292E-15,0.,-1.));
#9527=DIRECTION('',(-1.,0.,0.));
#9528=DIRECTION('',(1.,0.,-2.97741629331292E-15));
#9529=DIRECTION('center_axis',(-2.96059473233375E-15,-1.02563477678197E-15,
-1.));
#9530=DIRECTION('ref_axis',(1.,0.,-2.96059473233375E-15));
#9531=DIRECTION('',(1.,7.16480917471782E-18,-2.96059473233375E-15));
#9532=DIRECTION('',(-3.03648891743902E-30,1.,-1.02563477678197E-15));
#9533=DIRECTION('',(-1.,-7.16480917471782E-18,2.96059473233375E-15));
#9534=DIRECTION('',(3.03648891743902E-30,-1.,1.02563477678197E-15));
#9535=DIRECTION('center_axis',(-3.58573138736824E-30,1.,-1.21115239050017E-15));
#9536=DIRECTION('ref_axis',(1.,0.,-2.96059473233375E-15));
#9537=DIRECTION('',(-1.,-3.58573138736824E-30,0.));
#9538=DIRECTION('',(-2.97741629331292E-15,-1.21115239050017E-15,-1.));
#9539=DIRECTION('',(1.,0.,0.));
#9540=DIRECTION('',(-2.97741629331292E-15,-1.21115239050017E-15,-1.));
#9541=DIRECTION('center_axis',(1.,-1.72527779399945E-32,-2.97741629331292E-15));
#9542=DIRECTION('ref_axis',(3.03648891743902E-30,-1.,1.02563477678197E-15));
#9543=DIRECTION('',(2.97741629331292E-15,1.02563477678197E-15,1.));
#9544=DIRECTION('',(-2.97741629331292E-15,-1.02563477678197E-15,-1.));
#9545=DIRECTION('',(1.72527779399945E-32,1.,0.));
#9546=DIRECTION('',(3.03648891743902E-30,-1.,1.02563477678197E-15));
#9547=DIRECTION('',(-2.97741629331292E-15,-1.21115239050017E-15,-1.));
#9548=DIRECTION('',(-1.72527779399945E-32,-1.,0.));
#9549=DIRECTION('center_axis',(3.58573138736824E-30,-1.,1.21115239050017E-15));
#9550=DIRECTION('ref_axis',(-1.,0.,2.96059473233375E-15));
#9551=DIRECTION('',(-1.,-3.58573138736824E-30,0.));
#9552=DIRECTION('',(-1.,0.,2.96059473233375E-15));
#9553=DIRECTION('',(1.,3.58573138736824E-30,0.));
#9554=DIRECTION('',(-2.97741629331292E-15,-1.21115239050017E-15,-1.));
#9555=DIRECTION('center_axis',(2.97741629331292E-15,1.21115239050017E-15,
1.));
#9556=DIRECTION('ref_axis',(1.,0.,-2.97741629331292E-15));
#9557=DIRECTION('center_axis',(-1.,1.72527779399945E-32,2.97741629331292E-15));
#9558=DIRECTION('ref_axis',(-3.03648891743902E-30,1.,-1.02563477678197E-15));
#9559=DIRECTION('',(-2.97741629331292E-15,-1.02563477678197E-15,-1.));
#9560=DIRECTION('',(1.72527779399945E-32,1.,0.));
#9561=DIRECTION('',(-1.72527779399945E-32,-1.,0.));
#9562=DIRECTION('',(2.97741629331292E-15,1.02563477678197E-15,1.));
#9563=DIRECTION('center_axis',(0.,-0.0284331138416336,0.999595697288293));
#9564=DIRECTION('ref_axis',(0.,-0.999595697288293,-0.0284331138416336));
#9565=DIRECTION('',(-1.,0.,0.));
#9566=DIRECTION('center_axis',(0.,-0.0284331138416336,0.999595697288293));
#9567=DIRECTION('ref_axis',(4.57781840358852E-15,-0.999595697288293,-0.0284331138416336));
#9568=DIRECTION('',(0.,-0.999595697288293,-0.0284331138416336));
#9569=DIRECTION('center_axis',(0.,-0.0284331138416336,0.999595697288293));
#9570=DIRECTION('ref_axis',(-4.57781840358852E-15,-0.999595697288293,-0.0284331138416336));
#9571=DIRECTION('center_axis',(-1.,0.,0.));
#9572=DIRECTION('ref_axis',(0.,-1.,0.));
#9573=DIRECTION('',(0.,0.,1.));
#9574=DIRECTION('center_axis',(0.,0.,-1.));
#9575=DIRECTION('ref_axis',(0.707106781186551,-0.707106781186544,0.));
#9576=DIRECTION('center_axis',(0.707106781186549,0.,0.707106781186546));
#9577=DIRECTION('ref_axis',(-0.707106781186546,0.,0.707106781186549));
#9578=DIRECTION('center_axis',(0.707106781186546,0.,-0.707106781186549));
#9579=DIRECTION('ref_axis',(0.707106781186549,0.,0.707106781186546));
#9580=DIRECTION('center_axis',(0.,0.,1.));
#9581=DIRECTION('ref_axis',(-0.707106781186551,-0.707106781186544,0.));
#9582=DIRECTION('center_axis',(-0.707106781186549,0.,0.707106781186546));
#9583=DIRECTION('ref_axis',(-0.707106781186546,0.,-0.707106781186549));
#9584=DIRECTION('center_axis',(-0.707106781186546,0.,-0.707106781186549));
#9585=DIRECTION('ref_axis',(0.707106781186549,0.,-0.707106781186546));
#9586=DIRECTION('center_axis',(1.,0.,0.));
#9587=DIRECTION('ref_axis',(0.,-0.717088946310581,0.696981666243224));
#9588=DIRECTION('center_axis',(-1.,0.,0.));
#9589=DIRECTION('ref_axis',(0.,-0.716994691358324,-0.697078627246584));
#9590=DIRECTION('center_axis',(0.,-1.,0.));
#9591=DIRECTION('ref_axis',(0.,0.,1.));
#9592=DIRECTION('',(-1.,0.,0.));
#9593=DIRECTION('',(0.,0.,-1.));
#9594=DIRECTION('',(1.,0.,0.));
#9595=DIRECTION('',(0.,0.,1.));
#9596=DIRECTION('center_axis',(-1.,0.,0.));
#9597=DIRECTION('ref_axis',(0.,1.,0.));
#9598=DIRECTION('',(0.,0.,1.));
#9599=DIRECTION('',(0.,-1.,0.));
#9600=DIRECTION('',(0.,-1.,0.));
#9601=DIRECTION('',(0.,1.,-1.32405208758818E-14));
#9602=DIRECTION('center_axis',(0.,-1.,0.));
#9603=DIRECTION('ref_axis',(0.,0.,1.));
#9604=DIRECTION('',(-1.,0.,0.));
#9605=DIRECTION('',(-1.,0.,0.));
#9606=DIRECTION('',(2.96059473233375E-15,1.02563477678197E-15,1.));
#9607=DIRECTION('',(-1.,-3.036488917439E-30,5.61863318359987E-45));
#9608=DIRECTION('',(-2.76081241201709E-15,-1.02563477678197E-15,-1.));
#9609=DIRECTION('',(-1.,0.,0.));
#9610=DIRECTION('',(0.,0.,-1.));
#9611=DIRECTION('',(1.,0.,0.));
#9612=DIRECTION('',(0.17364817766693,0.,-0.984807753012208));
#9613=DIRECTION('',(-1.,0.,1.93192754638263E-16));
#9614=DIRECTION('',(0.,0.,-1.));
#9615=DIRECTION('',(1.,0.,0.));
#9616=DIRECTION('',(-0.17364817766693,0.,0.984807753012208));
#9617=DIRECTION('',(1.,0.,1.93192754638263E-16));
#9618=DIRECTION('center_axis',(0.,0.,1.));
#9619=DIRECTION('ref_axis',(-1.,0.,0.));
#9620=DIRECTION('',(1.,0.,0.));
#9621=DIRECTION('',(0.,1.,0.));
#9622=DIRECTION('',(1.,0.,0.));
#9623=DIRECTION('',(1.,0.,0.));
#9624=DIRECTION('',(-4.08682334198971E-30,-1.,0.));
#9625=DIRECTION('center_axis',(-2.96059473233375E-15,-1.02563477678197E-15,
-1.));
#9626=DIRECTION('ref_axis',(7.16480917472086E-18,-1.,1.02563477678197E-15));
#9627=DIRECTION('',(-1.01009494155728E-48,-1.,1.02563477678197E-15));
#9628=DIRECTION('',(1.,7.16480917471796E-18,-2.82517316706782E-15));
#9629=DIRECTION('',(7.16480917472086E-18,-1.,1.02563477678197E-15));
#9630=DIRECTION('',(0.,1.,-1.48029736616688E-15));
#9631=DIRECTION('',(-1.,-3.03648891743902E-30,0.));
#9632=DIRECTION('',(0.,1.,-1.48029736616688E-15));
#9633=DIRECTION('',(1.,0.,-2.96059473233375E-15));
#9634=DIRECTION('center_axis',(-7.16480917472086E-18,1.,-1.02563477678197E-15));
#9635=DIRECTION('ref_axis',(1.,7.16480917471803E-18,-2.76081241201709E-15));
#9636=DIRECTION('',(-7.34847745860027E-33,1.02563477678197E-15,1.));
#9637=DIRECTION('',(-1.,-7.16480917472086E-18,0.));
#9638=DIRECTION('',(7.34847745860027E-33,-1.02563477678197E-15,-1.));
#9639=DIRECTION('',(1.,7.16480917471796E-18,-2.82517316706782E-15));
#9640=DIRECTION('',(0.,-1.02563477678197E-15,-1.));
#9641=DIRECTION('',(-1.,-7.16480917472086E-18,0.));
#9642=DIRECTION('',(-1.,-7.16480917472086E-18,0.));
#9643=DIRECTION('',(2.76081241201709E-15,1.02563477678197E-15,1.));
#9644=DIRECTION('center_axis',(0.,0.,1.));
#9645=DIRECTION('ref_axis',(-1.,0.,0.));
#9646=DIRECTION('',(0.,1.,0.));
#9647=DIRECTION('',(7.16480917472086E-18,-1.,1.02563477678197E-15));
#9648=DIRECTION('center_axis',(0.,0.,1.));
#9649=DIRECTION('ref_axis',(-1.,0.,0.));
#9650=DIRECTION('',(-1.,0.,0.));
#9651=DIRECTION('',(0.,-1.,0.));
#9652=DIRECTION('',(0.,1.,0.));
#9653=DIRECTION('center_axis',(-0.984807753012208,0.,-0.17364817766693));
#9654=DIRECTION('ref_axis',(0.17364817766693,0.,-0.984807753012208));
#9655=DIRECTION('',(0.17364817766693,0.,-0.984807753012208));
#9656=DIRECTION('',(0.,-1.,0.));
#9657=DIRECTION('center_axis',(1.93192754638263E-16,0.,1.));
#9658=DIRECTION('ref_axis',(-1.,0.,1.93192754638263E-16));
#9659=DIRECTION('',(-1.,0.,1.93192754638263E-16));
#9660=DIRECTION('center_axis',(0.,0.,1.));
#9661=DIRECTION('ref_axis',(-0.707106781186546,0.707106781186549,0.));
#9662=DIRECTION('',(0.,0.,-1.));
#9663=DIRECTION('center_axis',(-0.707106781186548,0.,-0.707106781186548));
#9664=DIRECTION('ref_axis',(-0.707106781186548,0.,0.707106781186548));
#9665=DIRECTION('center_axis',(4.62831386359842E-16,-1.02563477678197E-15,
1.));
#9666=DIRECTION('ref_axis',(0.707106781186552,0.707106781186543,0.));
#9667=DIRECTION('center_axis',(-0.707106781186548,0.,0.707106781186548));
#9668=DIRECTION('ref_axis',(0.707106781186548,1.01325703067054E-17,0.707106781186548));
#9669=DIRECTION('',(4.62831386359842E-16,-1.02563477678197E-15,1.));
#9670=DIRECTION('center_axis',(0.707106781186543,0.,-0.707106781186552));
#9671=DIRECTION('ref_axis',(-0.707106781186552,-1.01325703067054E-17,-0.707106781186543));
#9672=DIRECTION('center_axis',(0.,1.85132554543932E-15,-1.));
#9673=DIRECTION('ref_axis',(-0.707106781186554,-0.707106781186541,0.));
#9674=DIRECTION('center_axis',(-6.28036983473518E-15,-0.707106781186541,
-0.707106781186554));
#9675=DIRECTION('ref_axis',(6.28036983473509E-15,-0.707106781186554,0.707106781186541));
#9676=DIRECTION('center_axis',(0.,-0.707106781186551,0.707106781186544));
#9677=DIRECTION('ref_axis',(0.,-0.707106781186544,-0.707106781186551));
#9678=DIRECTION('center_axis',(-1.,-7.16480917472086E-18,-1.06060481504276E-32));
#9679=DIRECTION('ref_axis',(0.,0.707106781186548,0.707106781186548));
#9680=DIRECTION('',(-1.,-7.16480917472086E-18,-1.06060481504276E-32));
#9681=DIRECTION('center_axis',(-1.,0.,0.));
#9682=DIRECTION('ref_axis',(0.,0.,1.));
#9683=DIRECTION('center_axis',(0.,1.,0.));
#9684=DIRECTION('ref_axis',(0.707106781186548,0.,0.707106781186548));
#9685=DIRECTION('center_axis',(0.,-0.707106781186544,0.707106781186551));
#9686=DIRECTION('ref_axis',(0.,0.707106781186551,0.707106781186544));
#9687=DIRECTION('center_axis',(1.57009245868378E-15,-0.707106781186547,
0.707106781186548));
#9688=DIRECTION('ref_axis',(1.57009245868378E-15,-0.707106781186548,-0.707106781186547));
#9689=DIRECTION('center_axis',(0.,-1.,-1.24464464644073E-15));
#9690=DIRECTION('ref_axis',(0.707106781186541,3.14018491736753E-15,-0.707106781186554));
#9691=DIRECTION('center_axis',(0.,-0.707106781186535,-0.70710678118656));
#9692=DIRECTION('ref_axis',(0.,0.70710678118656,-0.707106781186535));
#9693=DIRECTION('center_axis',(0.,-1.,0.));
#9694=DIRECTION('ref_axis',(0.,0.,-1.));
#9695=DIRECTION('center_axis',(0.,0.,-1.));
#9696=DIRECTION('ref_axis',(0.707106781186547,0.707106781186548,0.));
#9697=DIRECTION('center_axis',(0.,-0.707106781186547,0.707106781186548));
#9698=DIRECTION('ref_axis',(0.,0.707106781186548,0.707106781186547));
#9699=DIRECTION('center_axis',(0.,0.,1.));
#9700=DIRECTION('ref_axis',(0.707106781186554,-0.707106781186541,0.));
#9701=DIRECTION('center_axis',(1.25607396694704E-14,-0.707106781186554,
0.707106781186541));
#9702=DIRECTION('ref_axis',(1.25607396694706E-14,0.707106781186541,0.707106781186554));
#9703=DIRECTION('center_axis',(6.28036983473546E-15,-0.70710678118656,-0.707106781186535));
#9704=DIRECTION('ref_axis',(6.28036983473568E-15,0.707106781186535,-0.70710678118656));
#9705=DIRECTION('center_axis',(0.,1.,0.));
#9706=DIRECTION('ref_axis',(0.707106781186548,0.,0.707106781186548));
#9707=DIRECTION('center_axis',(4.44089209850064E-15,-1.,0.));
#9708=DIRECTION('ref_axis',(0.,0.,1.));
#9709=DIRECTION('center_axis',(1.,0.,0.));
#9710=DIRECTION('ref_axis',(0.,0.707106781186551,-0.707106781186544));
#9711=DIRECTION('center_axis',(-1.,0.,0.));
#9712=DIRECTION('ref_axis',(0.,0.707106781186545,-0.70710678118655));
#9713=DIRECTION('center_axis',(1.,0.,0.));
#9714=DIRECTION('ref_axis',(0.,1.,0.));
#9715=DIRECTION('',(1.,0.,0.));
#9716=DIRECTION('center_axis',(0.,1.,0.));
#9717=DIRECTION('ref_axis',(0.707106781186548,0.,0.707106781186548));
#9718=DIRECTION('center_axis',(0.,1.,0.));
#9719=DIRECTION('ref_axis',(0.,0.,1.));
#9720=DIRECTION('center_axis',(0.,1.02563477678197E-15,1.));
#9721=DIRECTION('ref_axis',(0.707106781186548,-0.707106781186548,0.));
#9722=DIRECTION('center_axis',(0.,-0.707106781186557,-0.707106781186538));
#9723=DIRECTION('ref_axis',(0.,0.707106781186538,-0.707106781186557));
#9724=DIRECTION('',(0.,1.02563477678197E-15,1.));
#9725=DIRECTION('center_axis',(0.,0.707106781186551,0.707106781186544));
#9726=DIRECTION('ref_axis',(0.,0.707106781186544,-0.707106781186551));
#9727=DIRECTION('center_axis',(0.,0.,-1.));
#9728=DIRECTION('ref_axis',(0.707106781186546,0.707106781186549,0.));
#9729=DIRECTION('center_axis',(0.,-4.44089209850063E-15,-1.));
#9730=DIRECTION('ref_axis',(1.,0.,0.));
#9731=DIRECTION('center_axis',(0.,0.,1.));
#9732=DIRECTION('ref_axis',(0.,1.,0.));
#9733=DIRECTION('center_axis',(0.,1.,0.));
#9734=DIRECTION('ref_axis',(0.707106781186548,0.,-0.707106781186548));
#9735=DIRECTION('center_axis',(0.,0.707106781186576,0.707106781186519));
#9736=DIRECTION('ref_axis',(0.,0.707106781186519,-0.707106781186576));
#9737=DIRECTION('center_axis',(0.,-1.,0.));
#9738=DIRECTION('ref_axis',(1.,0.,0.));
#9739=DIRECTION('center_axis',(0.,0.,-1.));
#9740=DIRECTION('ref_axis',(0.707106781186544,-0.707106781186551,0.));
#9741=DIRECTION('',(0.,0.,1.));
#9742=DIRECTION('center_axis',(0.,0.,-1.));
#9743=DIRECTION('ref_axis',(1.,0.,0.));
#9744=DIRECTION('center_axis',(0.,0.,-1.));
#9745=DIRECTION('ref_axis',(0.707106781186554,-0.707106781186541,0.));
#9746=DIRECTION('center_axis',(0.,0.,1.));
#9747=DIRECTION('ref_axis',(0.,-1.,0.));
#9748=DIRECTION('center_axis',(0.,0.,-1.));
#9749=DIRECTION('ref_axis',(1.,0.,0.));
#9750=DIRECTION('center_axis',(-1.,0.,0.));
#9751=DIRECTION('ref_axis',(0.,-0.707106781186548,-0.707106781186548));
#9752=DIRECTION('center_axis',(-1.,0.,0.));
#9753=DIRECTION('ref_axis',(0.,-1.,0.));
#9754=DIRECTION('center_axis',(1.,0.,0.));
#9755=DIRECTION('ref_axis',(0.,0.,-1.));
#9756=DIRECTION('',(-1.,0.,0.));
#9757=DIRECTION('center_axis',(0.,0.,1.));
#9758=DIRECTION('ref_axis',(-0.707106781186554,-0.707106781186541,0.));
#9759=DIRECTION('center_axis',(0.,0.,-1.));
#9760=DIRECTION('ref_axis',(0.,-1.,0.));
#9761=DIRECTION('center_axis',(0.,0.,1.));
#9762=DIRECTION('ref_axis',(-1.,0.,0.));
#9763=DIRECTION('center_axis',(0.,0.,-1.));
#9764=DIRECTION('ref_axis',(-0.707106781186554,-0.707106781186541,0.));
#9765=DIRECTION('center_axis',(-1.25607396694705E-14,-0.707106781186563,
-0.707106781186532));
#9766=DIRECTION('ref_axis',(-1.25607396694711E-14,0.707106781186532,-0.707106781186563));
#9767=DIRECTION('center_axis',(0.,1.,0.));
#9768=DIRECTION('ref_axis',(-0.707106781186554,0.,-0.707106781186541));
#9769=DIRECTION('center_axis',(0.,-1.,0.));
#9770=DIRECTION('ref_axis',(-1.,0.,0.));
#9771=DIRECTION('center_axis',(0.,1.,0.));
#9772=DIRECTION('ref_axis',(0.,0.,-1.));
#9773=DIRECTION('',(0.,1.,0.));
#9774=DIRECTION('center_axis',(0.,1.,0.));
#9775=DIRECTION('ref_axis',(-0.707106781186541,0.,0.707106781186554));
#9776=DIRECTION('center_axis',(0.,1.,0.));
#9777=DIRECTION('ref_axis',(-1.,0.,0.));
#9778=DIRECTION('center_axis',(1.,0.,0.));
#9779=DIRECTION('ref_axis',(0.,0.707106781186551,-0.707106781186544));
#9780=DIRECTION('center_axis',(1.,0.,0.));
#9781=DIRECTION('ref_axis',(0.,0.707106781186545,-0.70710678118655));
#9782=DIRECTION('',(1.,0.,0.));
#9783=DIRECTION('center_axis',(-1.,0.,0.));
#9784=DIRECTION('ref_axis',(0.,0.,-1.));
#9785=DIRECTION('center_axis',(0.,0.,1.));
#9786=DIRECTION('ref_axis',(-0.707106781186544,-0.707106781186551,0.));
#9787=DIRECTION('center_axis',(0.,0.,-1.));
#9788=DIRECTION('ref_axis',(0.,-1.,0.));
#9789=DIRECTION('',(0.,0.,-1.));
#9790=DIRECTION('center_axis',(0.,0.,1.));
#9791=DIRECTION('ref_axis',(-1.,0.,0.));
#9792=DIRECTION('center_axis',(-1.,0.,0.));
#9793=DIRECTION('ref_axis',(0.,0.,-1.));
#9794=DIRECTION('center_axis',(1.,0.,0.));
#9795=DIRECTION('ref_axis',(0.,0.,1.));
#9796=DIRECTION('center_axis',(-1.,0.,0.));
#9797=DIRECTION('ref_axis',(0.,1.,0.));
#9798=DIRECTION('center_axis',(1.,0.,0.));
#9799=DIRECTION('ref_axis',(0.,-0.707106781186544,0.707106781186551));
#9800=DIRECTION('center_axis',(1.,0.,0.));
#9801=DIRECTION('ref_axis',(0.,-1.,0.));
#9802=DIRECTION('center_axis',(-1.,0.,0.));
#9803=DIRECTION('ref_axis',(0.,0.,1.));
#9804=DIRECTION('center_axis',(0.,1.,0.));
#9805=DIRECTION('ref_axis',(0.707106781186548,0.,-0.707106781186548));
#9806=DIRECTION('center_axis',(0.,-1.,0.));
#9807=DIRECTION('ref_axis',(0.,0.,-1.));
#9808=DIRECTION('',(0.,-1.,0.));
#9809=DIRECTION('center_axis',(0.,1.,0.));
#9810=DIRECTION('ref_axis',(1.,0.,0.));
#9811=DIRECTION('center_axis',(0.,1.,0.));
#9812=DIRECTION('ref_axis',(0.707106781186548,0.,0.707106781186548));
#9813=DIRECTION('center_axis',(0.,-1.,0.));
#9814=DIRECTION('ref_axis',(1.,0.,0.));
#9815=DIRECTION('center_axis',(1.,0.,0.));
#9816=DIRECTION('ref_axis',(0.,0.707106781186551,0.707106781186544));
#9817=DIRECTION('',(1.,0.,0.));
#9818=DIRECTION('center_axis',(-0.707106781186548,3.14018491736756E-15,
-0.707106781186548));
#9819=DIRECTION('ref_axis',(0.707106781186547,-3.14018491736756E-15,-0.707106781186547));
#9820=DIRECTION('center_axis',(1.,0.,0.));
#9821=DIRECTION('ref_axis',(0.,0.,1.));
#9822=DIRECTION('center_axis',(-1.,0.,0.));
#9823=DIRECTION('ref_axis',(0.,0.,-1.));
#9824=DIRECTION('center_axis',(0.816496580927725,-0.408248290463866,0.408248290463862));
#9825=DIRECTION('ref_axis',(0.577350269189623,0.577350269189631,-0.577350269189623));
#9826=DIRECTION('center_axis',(-1.,0.,0.));
#9827=DIRECTION('ref_axis',(0.,0.,-1.));
#9828=DIRECTION('center_axis',(0.,0.,-1.));
#9829=DIRECTION('ref_axis',(-0.707106781186551,0.707106781186544,0.));
#9830=DIRECTION('center_axis',(-0.707106781186544,0.,-0.707106781186551));
#9831=DIRECTION('ref_axis',(-0.707106781186551,-4.90653893338682E-17,0.707106781186544));
#9832=DIRECTION('center_axis',(1.,0.,0.));
#9833=DIRECTION('ref_axis',(0.,0.707106781186548,0.707106781186548));
#9834=DIRECTION('center_axis',(0.642787609686541,0.,0.766044443118977));
#9835=DIRECTION('ref_axis',(-0.766044443118977,0.,0.642787609686541));
#9836=DIRECTION('center_axis',(-1.,0.,0.));
#9837=DIRECTION('ref_axis',(0.,1.,0.));
#9838=DIRECTION('center_axis',(0.40824829046386,-0.816496580927726,0.408248290463866));
#9839=DIRECTION('ref_axis',(0.577350269189622,0.577350269189629,0.577350269189627));
#9840=DIRECTION('center_axis',(0.,1.02563477678197E-15,-1.));
#9841=DIRECTION('ref_axis',(0.707106781186548,0.707106781186548,0.));
#9842=DIRECTION('center_axis',(0.,1.,-1.02563477678197E-15));
#9843=DIRECTION('ref_axis',(0.707106781186541,0.,0.707106781186554));
#9844=DIRECTION('center_axis',(1.25607396694701E-14,-0.707106781186554,
0.707106781186541));
#9845=DIRECTION('ref_axis',(-1.25607396694699E-14,0.707106781186541,0.707106781186554));
#9846=DIRECTION('',(0.,1.,-1.02563477678197E-15));
#9847=DIRECTION('center_axis',(-0.17364817766693,0.,0.984807753012208));
#9848=DIRECTION('ref_axis',(-0.696364240320019,0.707106781186548,-0.122787803968971));
#9849=DIRECTION('center_axis',(0.642787609686543,0.,0.766044443118975));
#9850=DIRECTION('ref_axis',(0.766044443118975,0.,-0.642787609686543));
#9851=DIRECTION('center_axis',(0.,1.02563477678197E-15,1.));
#9852=DIRECTION('ref_axis',(0.707106781186548,0.707106781186548,0.));
#9853=DIRECTION('center_axis',(0.,1.,0.));
#9854=DIRECTION('ref_axis',(0.707106781186548,0.,-0.707106781186548));
#9855=DIRECTION('center_axis',(1.,0.,-1.93192754638263E-16));
#9856=DIRECTION('ref_axis',(0.,0.707106781186548,0.707106781186547));
#9857=DIRECTION('center_axis',(0.642787609686543,0.,-0.766044443118975));
#9858=DIRECTION('ref_axis',(0.766044443118975,0.,0.642787609686543));
#9859=DIRECTION('center_axis',(-1.,0.,0.));
#9860=DIRECTION('ref_axis',(0.,-1.,0.));
#9861=DIRECTION('center_axis',(0.,0.,-1.));
#9862=DIRECTION('ref_axis',(1.,0.,0.));
#9863=DIRECTION('center_axis',(0.17364817766693,0.,0.984807753012208));
#9864=DIRECTION('ref_axis',(0.696364240320016,0.707106781186551,-0.122787803968974));
#9865=DIRECTION('center_axis',(0.642787609686542,5.70910083374213E-15,-0.766044443118976));
#9866=DIRECTION('ref_axis',(-0.766044443118976,4.79050440394696E-15,-0.642787609686542));
#9867=DIRECTION('center_axis',(0.,-1.,-1.48029736616688E-15));
#9868=DIRECTION('ref_axis',(-0.707106781186548,0.,0.707106781186548));
#9869=DIRECTION('center_axis',(0.,1.,0.));
#9870=DIRECTION('ref_axis',(-1.,0.,0.));
#9871=DIRECTION('center_axis',(-1.,0.,0.));
#9872=DIRECTION('ref_axis',(0.,0.707106781186549,0.707106781186546));
#9873=DIRECTION('center_axis',(1.,7.16480917472086E-18,0.));
#9874=DIRECTION('ref_axis',(0.,0.707106781186548,0.707106781186548));
#9875=DIRECTION('center_axis',(-0.707106781186545,0.,-0.70710678118655));
#9876=DIRECTION('ref_axis',(0.70710678118655,1.45046661136656E-15,-0.707106781186545));
#9877=DIRECTION('',(-1.,-7.16480917472086E-18,0.));
#9878=DIRECTION('center_axis',(8.75230660387463E-15,1.02563477678197E-15,
-1.));
#9879=DIRECTION('ref_axis',(-0.707106781186545,0.70710678118655,-6.28036983473509E-15));
#9880=DIRECTION('center_axis',(-0.707106781186553,0.,-0.707106781186542));
#9881=DIRECTION('ref_axis',(-0.707106781186542,-1.01325703066927E-17,0.707106781186553));
#9882=DIRECTION('',(8.75230660387463E-15,1.02563477678197E-15,-1.));
#9883=DIRECTION('center_axis',(-1.,-7.16480917471175E-18,-8.88178419700124E-15));
#9884=DIRECTION('ref_axis',(-6.28036983473515E-15,0.707106781186544,0.707106781186551));
#9885=DIRECTION('center_axis',(-1.,0.,-2.96059473233375E-15));
#9886=DIRECTION('ref_axis',(-1.80411241501589E-15,0.778550627937064,0.627581803224729));
#9887=DIRECTION('',(-1.,-7.16480917471175E-18,-8.88178419700124E-15));
#9888=DIRECTION('',(-1.,-7.16480917471175E-18,-8.88178419700124E-15));
#9889=DIRECTION('',(1.,7.16480917471175E-18,8.88178419700124E-15));
#9890=DIRECTION('center_axis',(0.342020143325669,0.,0.939692620785909));
#9891=DIRECTION('ref_axis',(-0.939692620785909,0.,0.342020143325669));
#9892=DIRECTION('',(-0.939692620785909,0.,0.342020143325669));
#9893=DIRECTION('',(0.,1.,0.));
#9894=DIRECTION('',(0.,-1.,0.));
#9895=DIRECTION('center_axis',(0.,1.,0.));
#9896=DIRECTION('ref_axis',(-1.,0.,0.));
#9897=DIRECTION('center_axis',(0.,1.,0.));
#9898=DIRECTION('ref_axis',(-0.980307403751415,0.,0.197477578854311));
#9899=DIRECTION('',(0.,-1.,0.));
#9900=DIRECTION('center_axis',(0.342020143325669,0.,-0.939692620785908));
#9901=DIRECTION('ref_axis',(0.939692620785908,0.,0.342020143325669));
#9902=DIRECTION('',(0.939692620785908,0.,0.342020143325669));
#9903=DIRECTION('',(0.,1.,0.));
#9904=DIRECTION('center_axis',(0.939692620785909,0.,-0.342020143325669));
#9905=DIRECTION('ref_axis',(-0.241844762647974,-0.707106781186548,-0.664463024388674));
#9906=DIRECTION('center_axis',(0.573576436351049,0.,-0.81915204428899));
#9907=DIRECTION('ref_axis',(-0.81915204428899,1.136801825298E-16,-0.573576436351049));
#9908=DIRECTION('',(0.939692620785909,0.,-0.342020143325669));
#9909=DIRECTION('center_axis',(0.,1.,0.));
#9910=DIRECTION('ref_axis',(0.,0.,1.));
#9911=DIRECTION('center_axis',(0.,1.,0.));
#9912=DIRECTION('ref_axis',(0.,0.,1.));
#9913=DIRECTION('center_axis',(0.,0.,-1.));
#9914=DIRECTION('ref_axis',(-0.707106781186549,-0.707106781186546,0.));
#9915=DIRECTION('center_axis',(8.88178419700125E-15,-1.1842378929335E-14,
-1.));
#9916=DIRECTION('ref_axis',(-0.707106781186538,-0.707106781186557,2.08166817117216E-15));
#9917=DIRECTION('',(0.,0.,1.));
#9918=DIRECTION('center_axis',(-0.573576436351046,0.,-0.819152044288992));
#9919=DIRECTION('ref_axis',(0.819152044288992,0.,-0.573576436351045));
#9920=DIRECTION('',(0.,0.,-1.));
#9921=DIRECTION('center_axis',(0.342020143325669,0.,0.939692620785908));
#9922=DIRECTION('ref_axis',(-0.939692620785908,0.,0.342020143325669));
#9923=DIRECTION('',(0.939692620785908,0.,-0.342020143325669));
#9924=DIRECTION('',(0.,-1.,0.));
#9925=DIRECTION('center_axis',(0.,-1.,0.));
#9926=DIRECTION('ref_axis',(1.,0.,0.));
#9927=DIRECTION('center_axis',(0.,1.,0.));
#9928=DIRECTION('ref_axis',(0.980307403751415,0.,0.197477578854311));
#9929=DIRECTION('',(0.,-1.,0.));
#9930=DIRECTION('center_axis',(0.342020143325669,0.,-0.939692620785909));
#9931=DIRECTION('ref_axis',(0.939692620785909,0.,0.342020143325669));
#9932=DIRECTION('',(-0.939692620785909,0.,-0.342020143325669));
#9933=DIRECTION('center_axis',(0.939692620785908,0.,-0.342020143325669));
#9934=DIRECTION('ref_axis',(0.241844762647976,-0.707106781186548,0.664463024388674));
#9935=DIRECTION('center_axis',(-0.573576436351047,0.,0.819152044288991));
#9936=DIRECTION('ref_axis',(0.819152044288991,0.,0.573576436351047));
#9937=DIRECTION('',(-0.939692620785908,0.,0.342020143325669));
#9938=DIRECTION('center_axis',(0.,1.,0.));
#9939=DIRECTION('ref_axis',(-1.,0.,0.));
#9940=DIRECTION('center_axis',(0.,-1.,0.));
#9941=DIRECTION('ref_axis',(0.844282488923012,0.,0.535898384862245));
#9942=DIRECTION('center_axis',(0.,-1.,0.));
#9943=DIRECTION('ref_axis',(0.844282488923012,0.,0.535898384862245));
#9944=DIRECTION('',(0.,1.,0.));
#9945=DIRECTION('center_axis',(-0.939692620785908,0.,-0.342020143325669));
#9946=DIRECTION('ref_axis',(-0.241844762647976,-0.707106781186548,0.664463024388674));
#9947=DIRECTION('',(-0.939692620785908,0.,-0.342020143325669));
#9948=DIRECTION('center_axis',(0.,-1.,0.));
#9949=DIRECTION('ref_axis',(-1.,0.,0.));
#9950=DIRECTION('',(-1.,0.,-8.88178419700125E-15));
#9951=DIRECTION('center_axis',(0.,1.,0.));
#9952=DIRECTION('ref_axis',(0.844282488923013,0.,0.535898384862245));
#9953=DIRECTION('',(0.,0.,-1.));
#9954=DIRECTION('center_axis',(0.,1.,0.));
#9955=DIRECTION('ref_axis',(0.,0.,1.));
#9956=DIRECTION('center_axis',(-1.,0.,0.));
#9957=DIRECTION('ref_axis',(0.,0.,-1.));
#9958=DIRECTION('center_axis',(0.,-1.,0.));
#9959=DIRECTION('ref_axis',(1.,0.,0.));
#9960=DIRECTION('center_axis',(0.,-1.,0.));
#9961=DIRECTION('ref_axis',(-0.844282488923012,0.,0.535898384862245));
#9962=DIRECTION('center_axis',(0.,-1.,0.));
#9963=DIRECTION('ref_axis',(-0.844282488923012,0.,0.535898384862245));
#9964=DIRECTION('',(0.,1.,0.));
#9965=DIRECTION('center_axis',(0.,1.,0.));
#9966=DIRECTION('ref_axis',(0.,0.,-1.));
#9967=DIRECTION('center_axis',(0.,1.,0.));
#9968=DIRECTION('ref_axis',(0.,0.,-1.));
#9969=DIRECTION('center_axis',(-0.939692620785909,0.,-0.342020143325669));
#9970=DIRECTION('ref_axis',(0.241844762647974,-0.707106781186548,-0.664463024388674));
#9971=DIRECTION('',(0.939692620785909,0.,0.342020143325669));
#9972=DIRECTION('center_axis',(-0.573576436351049,0.,-0.81915204428899));
#9973=DIRECTION('ref_axis',(0.81915204428899,1.136801825298E-16,-0.573576436351049));
#9974=DIRECTION('center_axis',(0.,-1.,0.));
#9975=DIRECTION('ref_axis',(0.,0.,-1.));
#9976=DIRECTION('center_axis',(-1.,0.,0.));
#9977=DIRECTION('ref_axis',(0.,0.,1.));
#9978=DIRECTION('center_axis',(0.,1.,0.));
#9979=DIRECTION('ref_axis',(-0.844282488923013,0.,0.535898384862245));
#9980=DIRECTION('center_axis',(3.70074341541719E-16,-2.96059473233375E-15,
1.));
#9981=DIRECTION('ref_axis',(1.,0.,-3.70074341541718E-16));
#9982=DIRECTION('',(-1.,1.253898945459E-14,3.70074341541756E-16));
#9983=DIRECTION('',(-9.67879827698781E-31,-1.,-1.79267001643767E-15));
#9984=DIRECTION('center_axis',(0.,-1.,0.));
#9985=DIRECTION('ref_axis',(-1.,0.,-2.76081241201709E-15));
#9986=DIRECTION('center_axis',(7.16480917472086E-18,-1.,-1.02563477678197E-15));
#9987=DIRECTION('ref_axis',(8.31950787551392E-15,9.71445146547008E-16,-1.));
#9988=DIRECTION('',(0.,1.,0.));
#9989=DIRECTION('center_axis',(7.16480917472086E-18,-1.,-1.02563477678197E-15));
#9990=DIRECTION('ref_axis',(8.31950787551392E-15,9.71445146547008E-16,-1.));
#9991=DIRECTION('center_axis',(-0.488611863865991,0.,0.872501258732274));
#9992=DIRECTION('ref_axis',(-0.872501258732274,0.,-0.488611863865991));
#9993=DIRECTION('center_axis',(0.488611863865973,8.1370221205353E-16,0.872501258732284));
#9994=DIRECTION('ref_axis',(1.66533453693775E-15,-1.,0.));
#9995=DIRECTION('center_axis',(7.16480917472086E-18,-1.,-1.02563477678197E-15));
#9996=DIRECTION('ref_axis',(0.,1.1842378929335E-15,-1.));
#9997=DIRECTION('center_axis',(-7.16480917472086E-18,1.,1.02563477678197E-15));
#9998=DIRECTION('ref_axis',(8.31950787551392E-15,1.02563477678198E-15,-1.));
#9999=DIRECTION('center_axis',(-7.16480917472086E-18,1.,1.02563477678197E-15));
#10000=DIRECTION('ref_axis',(8.31950787551392E-15,1.02563477678198E-15,
-1.));
#10001=DIRECTION('center_axis',(0.,-1.,0.));
#10002=DIRECTION('ref_axis',(-1.,0.,-2.76081241201709E-15));
#10003=DIRECTION('center_axis',(7.16480917472086E-18,-1.,-1.02563477678197E-15));
#10004=DIRECTION('ref_axis',(-1.,0.,1.02563477678197E-15));
#10005=DIRECTION('center_axis',(7.16480917472086E-18,-1.,-1.02563477678197E-15));
#10006=DIRECTION('ref_axis',(-1.,0.,1.02563477678197E-15));
#10007=DIRECTION('',(0.,1.,0.));
#10008=DIRECTION('center_axis',(0.,1.02563477678197E-15,-1.));
#10009=DIRECTION('ref_axis',(0.707106781186548,-0.707106781186548,0.));
#10010=DIRECTION('',(0.,-1.02563477678197E-15,1.));
#10011=DIRECTION('center_axis',(7.16480917472086E-18,-1.,-1.02563477678197E-15));
#10012=DIRECTION('ref_axis',(0.,1.1842378929335E-15,-1.));
#10013=DIRECTION('center_axis',(-1.,-7.16480917472086E-18,-1.06060481504276E-32));
#10014=DIRECTION('ref_axis',(0.,-1.48029736616688E-15,1.));
#10015=DIRECTION('center_axis',(-7.16480917472086E-18,1.,1.02563477678197E-15));
#10016=DIRECTION('ref_axis',(-1.,-7.16480917472191E-18,1.02563477678197E-15));
#10017=DIRECTION('center_axis',(-7.16480917472086E-18,1.,1.02563477678197E-15));
#10018=DIRECTION('ref_axis',(-1.,-7.16480917472191E-18,1.02563477678197E-15));
#10019=DIRECTION('center_axis',(-8.88178419700124E-15,-1.1842378929335E-14,
1.));
#10020=DIRECTION('ref_axis',(1.,0.,8.88178419700124E-15));
#10021=DIRECTION('',(-1.,-1.21607590277441E-28,-8.88178419700124E-15));
#10022=DIRECTION('',(3.62521803959008E-16,1.,1.1842378929335E-14));
#10023=DIRECTION('',(1.,0.,8.92428077210655E-15));
#10024=DIRECTION('',(-3.50604846764894E-29,1.,1.1842378929335E-14));
#10025=DIRECTION('center_axis',(1.,-3.62521803959113E-16,8.82585539886503E-15));
#10026=DIRECTION('ref_axis',(3.62521803958998E-16,1.,1.30323540587646E-14));
#10027=DIRECTION('',(8.82585539886504E-15,1.29445879183354E-14,-1.));
#10028=DIRECTION('',(-3.62521803959008E-16,-1.,-1.1842378929335E-14));
#10029=DIRECTION('',(-8.82585539886504E-15,-1.29445879183356E-14,1.));
#10030=DIRECTION('center_axis',(1.,-3.62521803959113E-16,8.82585539886503E-15));
#10031=DIRECTION('ref_axis',(3.62521803958995E-16,1.,1.33226762955025E-14));
#10032=DIRECTION('center_axis',(-1.,3.62521803959113E-16,-8.82585539886503E-15));
#10033=DIRECTION('ref_axis',(9.473903143468E-15,0.,-1.));
#10034=DIRECTION('center_axis',(-8.88178419700124E-15,-1.33226762955019E-14,
1.));
#10035=DIRECTION('ref_axis',(-1.,0.,-8.88178419700124E-15));
#10036=DIRECTION('center_axis',(-1.,3.62521803959113E-16,-8.82585539886503E-15));
#10037=DIRECTION('ref_axis',(3.62521803958998E-16,1.,1.33226762955025E-14));
#10038=DIRECTION('center_axis',(-8.82585539886504E-15,-1.29445879183356E-14,
1.));
#10039=DIRECTION('ref_axis',(-0.707106781186551,-0.707106781186544,-1.88411095042053E-14));
#10040=DIRECTION('center_axis',(-1.77635683940025E-14,-8.88178419700128E-15,
1.));
#10041=DIRECTION('ref_axis',(0.,-1.,-8.88178419700128E-15));
#10042=DIRECTION('',(8.82585539886504E-15,1.29445879183356E-14,-1.));
#10043=DIRECTION('center_axis',(0.408248290463848,-0.816496580927731,0.408248290463869));
#10044=DIRECTION('ref_axis',(-0.577350269189612,-0.577350269189619,-0.577350269189647));
#10045=DIRECTION('center_axis',(-7.8886090522101E-29,1.,8.88178419700128E-15));
#10046=DIRECTION('ref_axis',(-1.,0.,-8.8817841970012E-15));
#10047=DIRECTION('center_axis',(1.,-4.44089209850072E-15,8.88178419700117E-15));
#10048=DIRECTION('ref_axis',(8.8817841970012E-15,8.8817841970012E-15,-1.));
#10049=DIRECTION('center_axis',(0.,0.,1.));
#10050=DIRECTION('ref_axis',(1.,0.,0.));
#10051=DIRECTION('',(0.,-1.,0.));
#10052=DIRECTION('center_axis',(0.,1.,0.));
#10053=DIRECTION('ref_axis',(-0.707106781186548,0.,-0.707106781186548));
#10054=DIRECTION('center_axis',(-8.88178419700125E-15,1.1842378929335E-14,
1.));
#10055=DIRECTION('ref_axis',(1.,0.,8.88178419700125E-15));
#10056=DIRECTION('',(1.,0.,8.88178419700125E-15));
#10057=DIRECTION('center_axis',(-8.88178419700125E-15,1.1842378929335E-14,
1.));
#10058=DIRECTION('ref_axis',(-0.707106781186538,-0.707106781186557,2.09345661157856E-15));
#10059=DIRECTION('center_axis',(-1.,0.,-8.88178419700125E-15));
#10060=DIRECTION('ref_axis',(-6.28036983473505E-15,0.707106781186552,0.707106781186543));
#10061=DIRECTION('center_axis',(-1.,-9.86076131526462E-29,-8.88178419700304E-15));
#10062=DIRECTION('ref_axis',(-8.88178419700304E-15,1.33226762955046E-14,
1.));
#10063=DIRECTION('center_axis',(8.88178419700125E-15,-1.1842378929335E-14,
-1.));
#10064=DIRECTION('ref_axis',(1.,0.,8.88178419700125E-15));
#10065=DIRECTION('center_axis',(-1.,0.,0.));
#10066=DIRECTION('ref_axis',(0.,0.,-1.));
#10067=DIRECTION('',(0.,0.,1.));
#10068=DIRECTION('',(0.,1.,0.));
#10069=DIRECTION('center_axis',(1.,0.,0.));
#10070=DIRECTION('ref_axis',(0.,0.707106781186545,-0.70710678118655));
#10071=DIRECTION('center_axis',(0.,0.,-1.));
#10072=DIRECTION('ref_axis',(-0.707106781186549,-0.707106781186546,0.));
#10073=DIRECTION('center_axis',(0.,0.,1.));
#10074=DIRECTION('ref_axis',(-1.,0.,0.));
#10075=DIRECTION('center_axis',(-1.,0.,0.));
#10076=DIRECTION('ref_axis',(0.,0.,-1.));
#10077=DIRECTION('center_axis',(1.,0.,0.));
#10078=DIRECTION('ref_axis',(0.,0.,1.));
#10079=DIRECTION('center_axis',(0.,0.,-1.));
#10080=DIRECTION('ref_axis',(1.,0.,0.));
#10081=DIRECTION('center_axis',(0.,0.,-1.));
#10082=DIRECTION('ref_axis',(0.707106781186549,-0.707106781186546,0.));
#10083=DIRECTION('',(0.,0.,1.));
#10084=DIRECTION('center_axis',(0.,1.,0.));
#10085=DIRECTION('ref_axis',(1.,0.,0.));
#10086=DIRECTION('',(0.,0.,1.));
#10087=DIRECTION('',(-1.,0.,0.));
#10088=DIRECTION('center_axis',(1.,0.,0.));
#10089=DIRECTION('ref_axis',(0.,0.707106781186551,0.707106781186544));
#10090=DIRECTION('center_axis',(1.,0.,0.));
#10091=DIRECTION('ref_axis',(0.,0.707106781186545,0.70710678118655));
#10092=DIRECTION('',(1.,0.,0.));
#10093=DIRECTION('center_axis',(1.,0.,0.));
#10094=DIRECTION('ref_axis',(0.,0.,1.));
#10095=DIRECTION('center_axis',(0.,0.,1.));
#10096=DIRECTION('ref_axis',(0.,-1.,0.));
#10097=DIRECTION('center_axis',(0.,0.,-1.));
#10098=DIRECTION('ref_axis',(0.707106781186549,-0.707106781186546,0.));
#10099=DIRECTION('center_axis',(7.16480917472086E-18,-1.,-1.02563477678197E-15));
#10100=DIRECTION('ref_axis',(1.,7.16480917471803E-18,2.76081241201709E-15));
#10101=DIRECTION('',(2.96059473233375E-15,1.02563477678197E-15,-1.));
#10102=DIRECTION('',(1.,7.16480917471831E-18,2.48928929288147E-15));
#10103=DIRECTION('center_axis',(-1.,-7.16480917471831E-18,-2.48928929288147E-15));
#10104=DIRECTION('ref_axis',(1.57009245868377E-15,-0.707106781186551,-0.707106781186544));
#10105=DIRECTION('center_axis',(-1.,-6.52675909638158E-48,7.34847745860027E-33));
#10106=DIRECTION('ref_axis',(1.57009245868377E-15,-0.707106781186551,-0.707106781186544));
#10107=DIRECTION('',(1.,7.16480917471831E-18,2.48928929288147E-15));
#10108=DIRECTION('center_axis',(-1.,0.,-2.96059473233375E-15));
#10109=DIRECTION('ref_axis',(-2.96059473233375E-15,0.,1.));
#10110=DIRECTION('center_axis',(1.,0.,2.96059473233375E-15));
#10111=DIRECTION('ref_axis',(-1.85801538073565E-15,0.778550627937064,0.627581803224729));
#10112=DIRECTION('',(2.96059473233375E-15,1.33226762955019E-14,-1.));
#10113=DIRECTION('',(0.,-1.,-1.48029736616688E-15));
#10114=DIRECTION('',(-2.96059473233375E-15,-1.02563477678197E-15,1.));
#10115=DIRECTION('center_axis',(-1.,0.,-2.96059473233375E-15));
#10116=DIRECTION('ref_axis',(0.,0.,-1.));
#10117=DIRECTION('center_axis',(0.,0.,1.));
#10118=DIRECTION('ref_axis',(-1.,0.,0.));
#10119=DIRECTION('center_axis',(-2.96059473233375E-15,-1.02563477678197E-15,
1.));
#10120=DIRECTION('ref_axis',(-0.707106781186549,-0.707106781186546,-6.28036983473511E-15));
#10121=DIRECTION('center_axis',(0.707106781186546,0.,-0.707106781186549));
#10122=DIRECTION('ref_axis',(-0.707106781186549,1.2266347333467E-15,-0.707106781186546));
#10123=DIRECTION('center_axis',(1.,-1.253898945459E-14,0.));
#10124=DIRECTION('ref_axis',(9.42055475210268E-15,0.707106781186548,0.707106781186548));
#10125=DIRECTION('center_axis',(-1.,1.33226762955018E-14,5.78539232949813E-16));
#10126=DIRECTION('ref_axis',(9.85322934354826E-15,0.70710678118655,0.707106781186545));
#10127=DIRECTION('',(-1.,1.253898945459E-14,0.));
#10128=DIRECTION('center_axis',(1.,-1.3322676295502E-14,-5.78539232949813E-16));
#10129=DIRECTION('ref_axis',(9.85322934354825E-15,0.70710678118655,0.707106781186546));
#10130=DIRECTION('center_axis',(5.78539232949788E-16,-1.85132554543932E-15,
1.));
#10131=DIRECTION('ref_axis',(0.707106781186538,-0.707106781186557,0.));
#10132=DIRECTION('center_axis',(-0.707106781186548,9.42055475210268E-15,
-0.707106781186548));
#10133=DIRECTION('ref_axis',(0.707106781186548,-6.91821989607539E-15,-0.707106781186548));
#10134=DIRECTION('center_axis',(0.,0.,-1.));
#10135=DIRECTION('ref_axis',(1.,-1.77635683940024E-14,0.));
#10136=DIRECTION('',(5.78539232949788E-16,-1.85132554543932E-15,1.));
#10137=DIRECTION('center_axis',(1.,-1.3322676295502E-14,-5.78539232949813E-16));
#10138=DIRECTION('ref_axis',(0.,0.,1.));
#10139=DIRECTION('center_axis',(1.253898945459E-14,1.,1.85132554543932E-15));
#10140=DIRECTION('ref_axis',(-1.,1.253898945459E-14,5.39909642501947E-16));
#10141=DIRECTION('',(-5.78539232949788E-16,1.85132554543932E-15,-1.));
#10142=DIRECTION('',(1.,-1.253898945459E-14,-3.70074341541756E-16));
#10143=DIRECTION('center_axis',(-1.,1.253898945459E-14,3.70074341541756E-16));
#10144=DIRECTION('ref_axis',(-9.42055475210268E-15,-0.707106781186548,-0.707106781186548));
#10145=DIRECTION('center_axis',(0.707106781186548,-8.63550852276079E-15,
-0.707106781186548));
#10146=DIRECTION('ref_axis',(-0.707106781186547,1.1137843378788E-14,-0.707106781186547));
#10147=DIRECTION('center_axis',(1.,-1.33226762955018E-14,-5.78539232949813E-16));
#10148=DIRECTION('ref_axis',(1.33226762955018E-14,1.,1.79267001643766E-15));
#10149=DIRECTION('center_axis',(1.,-1.33226762955018E-14,-5.78539232949813E-16));
#10150=DIRECTION('ref_axis',(9.82964376690394E-15,0.70710678118655,0.707106781186545));
#10151=DIRECTION('',(5.78539232949788E-16,-1.85132554543932E-15,1.));
#10152=DIRECTION('center_axis',(-1.,1.33226762955018E-14,5.78539232949813E-16));
#10153=DIRECTION('ref_axis',(0.,0.,-1.));
#10154=DIRECTION('center_axis',(0.,0.,1.));
#10155=DIRECTION('ref_axis',(-1.,8.88178419700125E-15,0.));
#10156=DIRECTION('center_axis',(-5.78539232949788E-16,1.85132554543932E-15,
-1.));
#10157=DIRECTION('ref_axis',(-0.707106781186559,-0.707106781186536,0.));
#10158=DIRECTION('center_axis',(-1.,-1.21607590277441E-28,-8.88178419700124E-15));
#10159=DIRECTION('ref_axis',(6.28036983473507E-15,-0.707106781186541,-0.707106781186554));
#10160=DIRECTION('center_axis',(-0.70710678118654,6.28036983473519E-15,
-0.707106781186555));
#10161=DIRECTION('ref_axis',(0.707106781186556,1.20210203867977E-14,-0.70710678118654));
#10162=DIRECTION('',(1.,1.21607590277441E-28,8.88178419700124E-15));
#10163=DIRECTION('center_axis',(-2.36578626687207E-28,1.,1.29445879183356E-14));
#10164=DIRECTION('ref_axis',(-1.,-1.22865085988173E-28,-8.78463968234652E-15));
#10165=DIRECTION('',(-8.75230660387463E-15,-1.29445879183356E-14,1.));
#10166=DIRECTION('',(-1.,-2.36578626687207E-28,0.));
#10167=DIRECTION('center_axis',(1.,2.36578626687207E-28,0.));
#10168=DIRECTION('ref_axis',(0.,0.707106781186535,0.70710678118656));
#10169=DIRECTION('center_axis',(1.,-9.06304509896854E-17,8.75230660387463E-15));
#10170=DIRECTION('ref_axis',(-6.24500451351653E-15,0.70710678118655,0.707106781186545));
#10171=DIRECTION('center_axis',(1.,-9.06304509896854E-17,8.75230660387463E-15));
#10172=DIRECTION('ref_axis',(-7.105427357601E-15,0.,1.));
#10173=DIRECTION('center_axis',(-8.88178419700126E-15,-1.33226762955019E-14,
1.));
#10174=DIRECTION('ref_axis',(0.,-1.,-1.33226762955019E-14));
#10175=DIRECTION('center_axis',(8.75230660387463E-15,1.29445879183356E-14,
-1.));
#10176=DIRECTION('ref_axis',(0.707106781186548,-0.707106781186547,-6.28036983473512E-15));
#10177=DIRECTION('center_axis',(3.62521803959008E-16,1.,1.1842378929335E-14));
#10178=DIRECTION('ref_axis',(-0.707106781186541,0.,-0.707106781186554));
#10179=DIRECTION('center_axis',(6.28036983473516E-15,-0.70710678118654,
-0.707106781186555));
#10180=DIRECTION('ref_axis',(6.28036983473509E-15,0.707106781186555,-0.70710678118654));
#10181=DIRECTION('center_axis',(-4.0371746349982E-16,-1.,-1.29445879183354E-14));
#10182=DIRECTION('ref_axis',(1.,-4.03717463499934E-16,8.78463968234651E-15));
#10183=DIRECTION('',(-8.82585539886504E-15,-1.29445879183354E-14,1.));
#10184=DIRECTION('center_axis',(-8.82585539886504E-15,-1.29445879183354E-14,
1.));
#10185=DIRECTION('ref_axis',(-0.707106781186551,0.707106781186544,6.2803698347351E-15));
#10186=DIRECTION('center_axis',(-4.32206076308688E-29,-1.,5.04912316887048E-15));
#10187=DIRECTION('ref_axis',(-8.69674702623039E-15,5.04912316887048E-15,
1.));
#10188=DIRECTION('',(1.,-4.32206076308688E-29,0.));
#10189=DIRECTION('center_axis',(0.,0.,-1.));
#10190=DIRECTION('ref_axis',(1.,0.,0.));
#10191=DIRECTION('',(-1.33277044794902E-14,1.,0.));
#10192=DIRECTION('center_axis',(0.,0.,-1.));
#10193=DIRECTION('ref_axis',(1.,0.,0.));
#10194=DIRECTION('',(-1.,5.04240422360055E-29,0.));
#10195=DIRECTION('center_axis',(-1.,2.22275291484752E-29,7.40148683083438E-16));
#10196=DIRECTION('ref_axis',(2.09006867966057E-29,1.,-1.79267001643767E-15));
#10197=DIRECTION('center_axis',(5.04240422360055E-29,1.,-5.89064369701543E-15));
#10198=DIRECTION('ref_axis',(8.69674702623039E-15,-5.89064369701543E-15,
-1.));
#10199=DIRECTION('center_axis',(1.,1.33277044794902E-14,-6.34637369801199E-16));
#10200=DIRECTION('ref_axis',(-6.34637369801199E-16,0.,-1.));
#10201=DIRECTION('center_axis',(-2.48928929288147E-15,-1.24464464644073E-15,
1.));
#10202=DIRECTION('ref_axis',(1.,0.,2.48928929288147E-15));
#10203=DIRECTION('',(2.61948403195566E-48,1.,1.24464464644073E-15));
#10204=DIRECTION('',(-1.,-7.16480917471831E-18,-2.48928929288147E-15));
#10205=DIRECTION('center_axis',(-1.,-7.16480917471831E-18,-2.48928929288147E-15));
#10206=DIRECTION('ref_axis',(1.57009245868377E-15,-0.707106781186551,-0.707106781186544));
#10207=DIRECTION('center_axis',(1.,6.52675909638158E-48,-7.34847745860027E-33));
#10208=DIRECTION('ref_axis',(1.57009245868377E-15,-0.707106781186551,-0.707106781186544));
#10209=DIRECTION('',(1.,7.16480917471831E-18,2.48928929288147E-15));
#10210=DIRECTION('center_axis',(7.16480917472086E-18,-1.,-1.02563477678197E-15));
#10211=DIRECTION('ref_axis',(1.,7.16480917471803E-18,2.76081241201709E-15));
#10212=DIRECTION('',(7.34847745860027E-33,-1.02563477678197E-15,1.));
#10213=DIRECTION('',(-7.34847745860027E-33,1.02563477678197E-15,-1.));
#10214=DIRECTION('',(-1.,-7.16480917472086E-18,0.));
#10215=DIRECTION('center_axis',(-1.,-6.52675909638158E-48,7.34847745860027E-33));
#10216=DIRECTION('ref_axis',(-7.34847745860027E-33,1.02563477678197E-15,
-1.));
#10217=DIRECTION('',(0.,-1.,-8.88178419700125E-16));
#10218=DIRECTION('center_axis',(1.,6.52675909638158E-48,-7.34847745860027E-33));
#10219=DIRECTION('ref_axis',(7.34847745860027E-33,-1.02563477678197E-15,
1.));
#10220=DIRECTION('',(0.,-1.,-8.88178419700125E-16));
#10221=DIRECTION('center_axis',(-6.36362889025653E-33,8.88178419700125E-16,
-1.));
#10222=DIRECTION('ref_axis',(1.,7.16480917472086E-18,0.));
#10223=DIRECTION('center_axis',(-1.,-4.61013247286499E-60,-3.11432863303851E-45));
#10224=DIRECTION('ref_axis',(-3.11432863303851E-45,1.02563477678197E-15,
1.));
#10225=DIRECTION('',(-1.15253311821628E-60,-1.,1.85037170770861E-15));
#10226=DIRECTION('',(-3.11432863303851E-45,1.02563477678197E-15,1.));
#10227=DIRECTION('center_axis',(0.,-1.,1.48029736616688E-15));
#10228=DIRECTION('ref_axis',(0.,1.48029736616688E-15,1.));
#10229=DIRECTION('',(1.,0.,0.));
#10230=DIRECTION('',(3.11432863303851E-45,-1.02563477678197E-15,-1.));
#10231=DIRECTION('center_axis',(1.,0.,-2.96059473233375E-15));
#10232=DIRECTION('ref_axis',(-2.96059473233375E-15,0.,-1.));
#10233=DIRECTION('',(-5.47820073070151E-30,1.,-1.85037170770861E-15));
#10234=DIRECTION('',(2.76081241201709E-15,1.02563477678197E-15,1.));
#10235=DIRECTION('center_axis',(0.,-1.85037170770861E-15,-1.));
#10236=DIRECTION('ref_axis',(-1.,0.,0.));
#10237=DIRECTION('',(7.16480917472314E-18,-1.,1.85037170770861E-15));
#10238=DIRECTION('center_axis',(1.,7.16480917471803E-18,-2.76081241201709E-15));
#10239=DIRECTION('ref_axis',(2.76081241201709E-15,1.02563477678197E-15,
1.));
#10240=DIRECTION('center_axis',(-2.96059473233375E-15,-1.02563477678197E-15,
-1.));
#10241=DIRECTION('ref_axis',(7.16480917472086E-18,-1.,1.02563477678197E-15));
#10242=DIRECTION('',(1.01009494155728E-48,1.,-1.02563477678197E-15));
#10243=DIRECTION('',(1.,0.,-2.96059473233375E-15));
#10244=DIRECTION('center_axis',(-7.16480917472086E-18,1.,-1.02563477678197E-15));
#10245=DIRECTION('ref_axis',(1.,7.16480917471803E-18,-2.76081241201709E-15));
#10246=DIRECTION('',(7.34847745860027E-33,-1.02563477678197E-15,-1.));
#10247=DIRECTION('',(-7.34847745860027E-33,1.02563477678197E-15,1.));
#10248=DIRECTION('',(1.,7.16480917472086E-18,0.));
#10249=DIRECTION('center_axis',(-1.,-6.52675909638158E-48,-7.34847745860027E-33));
#10250=DIRECTION('ref_axis',(7.34847745860027E-33,-1.02563477678197E-15,
-1.));
#10251=DIRECTION('',(0.,-1.,8.88178419700125E-16));
#10252=DIRECTION('center_axis',(1.,6.52675909638158E-48,7.34847745860027E-33));
#10253=DIRECTION('ref_axis',(-7.34847745860027E-33,1.02563477678197E-15,
1.));
#10254=DIRECTION('',(0.,-1.,8.88178419700125E-16));
#10255=DIRECTION('center_axis',(6.36362889025653E-33,-8.88178419700125E-16,
-1.));
#10256=DIRECTION('ref_axis',(1.,7.16480917472086E-18,0.));
#10257=DIRECTION('center_axis',(1.93192754638263E-16,0.,-1.));
#10258=DIRECTION('ref_axis',(1.,0.,1.93192754638263E-16));
#10259=DIRECTION('',(0.,-1.,0.));
#10260=DIRECTION('center_axis',(0.984807753012208,0.,0.17364817766693));
#10261=DIRECTION('ref_axis',(-0.17364817766693,0.,0.984807753012208));
#10262=CARTESIAN_POINT('',(0.,0.,0.));
#10263=CARTESIAN_POINT('Origin',(-65.,-18.6580960910758,-21.));
#10264=CARTESIAN_POINT('',(-53.,-18.6580960910758,-25.));
#10265=CARTESIAN_POINT('',(-65.,-18.6580960910758,-25.));
#10266=CARTESIAN_POINT('',(-67.5,-18.6580960910758,-25.));
#10267=CARTESIAN_POINT('',(-53.,-18.6580960910758,-21.));
#10268=CARTESIAN_POINT('',(-53.,-18.6580960910758,-21.));
#10269=CARTESIAN_POINT('',(-65.,-18.6580960910758,-21.));
#10270=CARTESIAN_POINT('',(-67.5,-18.6580960910758,-21.));
#10271=CARTESIAN_POINT('',(-65.,-18.6580960910758,-21.));
#10272=CARTESIAN_POINT('Origin',(-65.,-20.6580960910758,-21.));
#10273=CARTESIAN_POINT('',(-65.,-23.6580960910758,-21.));
#10274=CARTESIAN_POINT('',(-65.,-23.6580960910758,-29.));
#10275=CARTESIAN_POINT('',(-65.,-23.6580960910758,-21.));
#10276=CARTESIAN_POINT('',(-65.,-20.9999999999999,-29.));
#10277=CARTESIAN_POINT('',(-65.,-20.6580960910758,-29.));
#10278=CARTESIAN_POINT('',(-65.,-20.9999999999999,-25.0000000000001));
#10279=CARTESIAN_POINT('',(-65.,-20.9999999999999,-28.125));
#10280=CARTESIAN_POINT('',(-65.,-14.3290480455379,-25.));
#10281=CARTESIAN_POINT('',(-65.,-12.8290480455379,-21.));
#10282=CARTESIAN_POINT('Origin',(-65.,-23.6580960910758,-21.));
#10283=CARTESIAN_POINT('',(-53.,-23.6580960910758,-21.));
#10284=CARTESIAN_POINT('',(-53.,-23.6580960910758,-29.));
#10285=CARTESIAN_POINT('',(-53.,-23.6580960910758,-21.));
#10286=CARTESIAN_POINT('',(-65.,-23.6580960910758,-29.));
#10287=CARTESIAN_POINT('',(-67.5,-23.6580960910758,-21.));
#10288=CARTESIAN_POINT('Origin',(-74.5836014220656,-40.2351575150983,-41.7227762722683));
#10289=CARTESIAN_POINT('',(-74.5836014220656,-40.2351575150983,-41.7227762722683));
#10290=CARTESIAN_POINT('',(-88.5836014220656,-40.2351575150983,-41.7227762722683));
#10291=CARTESIAN_POINT('',(-69.8336014220654,-40.2351575150983,-41.7227762722683));
#10292=CARTESIAN_POINT('',(-74.5836014220656,-40.2351575150983,-38.7227762722683));
#10293=CARTESIAN_POINT('',(-74.5836014220656,-40.2351575150983,-41.7227762722683));
#10294=CARTESIAN_POINT('',(-88.5836014220656,-40.2351575150983,-38.7227762722683));
#10295=CARTESIAN_POINT('',(-81.5836014220655,-40.2351575150983,-38.7227762722684));
#10296=CARTESIAN_POINT('',(-88.5836014220656,-40.2351575150983,-41.7227762722683));
#10297=CARTESIAN_POINT('Origin',(-88.5836014220656,-29.787717839478,-41.7227762722683));
#10298=CARTESIAN_POINT('',(-88.5836014220656,-29.787717839478,-41.7227762722683));
#10299=CARTESIAN_POINT('',(-74.5836014220656,-29.787717839478,-41.7227762722683));
#10300=CARTESIAN_POINT('',(-76.8336014220655,-29.787717839478,-41.7227762722683));
#10301=CARTESIAN_POINT('',(-88.5836014220656,-29.787717839478,-38.7227762722683));
#10302=CARTESIAN_POINT('',(-88.5836014220656,-29.787717839478,-41.7227762722683));
#10303=CARTESIAN_POINT('',(-74.5836014220656,-29.787717839478,-38.7227762722683));
#10304=CARTESIAN_POINT('',(-88.5836014220655,-29.787717839478,-38.7227762722683));
#10305=CARTESIAN_POINT('',(-74.5836014220656,-29.787717839478,-41.7227762722683));
#10306=CARTESIAN_POINT('Origin',(-74.5836014220652,-24.7877178394775,-41.7227762722681));
#10307=CARTESIAN_POINT('',(-74.5836014220652,-24.7877178394775,-41.7455678583032));
#10308=CARTESIAN_POINT('',(-74.5836014220653,-24.7877178394776,-38.7227762722681));
#10309=CARTESIAN_POINT('',(-74.5836014220652,-24.7877178394775,-41.7227762722681));
#10310=CARTESIAN_POINT('',(-74.5836014220652,-24.9999999999999,-41.7227762722682));
#10311=CARTESIAN_POINT('Origin',(-74.5836014220652,-24.9999999999999,-42.7227762722682));
#10312=CARTESIAN_POINT('',(-74.5836014220656,-32.393858919739,-41.7227762722683));
#10313=CARTESIAN_POINT('',(-74.5836014220653,-29.8938589197388,-38.7227762722682));
#10314=CARTESIAN_POINT('Origin',(-88.5836014220653,-35.,-38.7227762722684));
#10315=CARTESIAN_POINT('',(-63.0836014220653,-24.75,-38.722776272268));
#10316=CARTESIAN_POINT('',(-97.5836014220653,-24.75,-38.7227762722683));
#10317=CARTESIAN_POINT('',(-63.0836014220653,-24.75,-38.722776272268));
#10318=CARTESIAN_POINT('',(-97.5836014220653,-45.2499999999999,-38.7227762722686));
#10319=CARTESIAN_POINT('',(-97.5836014220653,-45.2499999999999,-38.7227762722686));
#10320=CARTESIAN_POINT('',(-63.0836014220653,-45.2499999999999,-38.7227762722683));
#10321=CARTESIAN_POINT('',(-97.5836014220653,-45.2499999999999,-38.7227762722686));
#10322=CARTESIAN_POINT('',(-63.0836014220653,-45.2499999999999,-38.7227762722683));
#10323=CARTESIAN_POINT('',(-94.7836014220653,-26.55,-38.7227762722683));
#10324=CARTESIAN_POINT('Origin',(-95.7836014220653,-26.55,-38.7227762722683));
#10325=CARTESIAN_POINT('',(-94.7836014220653,-43.4499999999999,-38.7227762722686));
#10326=CARTESIAN_POINT('Origin',(-95.7836014220653,-43.4499999999999,-38.7227762722686));
#10327=CARTESIAN_POINT('',(-63.8836014220653,-26.55,-38.7227762722681));
#10328=CARTESIAN_POINT('Origin',(-64.8836014220653,-26.55,-38.7227762722681));
#10329=CARTESIAN_POINT('',(-63.8836014220653,-43.45,-38.7227762722683));
#10330=CARTESIAN_POINT('Origin',(-64.8836014220653,-43.45,-38.7227762722683));
#10331=CARTESIAN_POINT('',(-88.5836014220653,-45.2351575150978,-38.7227762722685));
#10332=CARTESIAN_POINT('',(-88.5836014220653,-40.1175787575489,-38.7227762722685));
#10333=CARTESIAN_POINT('',(-74.5836014220653,-45.2351575150978,-38.7227762722684));
#10334=CARTESIAN_POINT('',(-74.5836014220653,-38.6175787575489,-38.7227762722683));
#10335=CARTESIAN_POINT('',(-81.5836014220653,-45.2351575150978,-38.7227762722685));
#10336=CARTESIAN_POINT('',(-88.5836014220653,-24.7877178394776,-38.7227762722683));
#10337=CARTESIAN_POINT('',(-88.5836014220653,-31.3938589197388,-38.7227762722683));
#10338=CARTESIAN_POINT('',(-88.5836014220653,-24.7877178394776,-38.7227762722683));
#10339=CARTESIAN_POINT('Origin',(-34.9499293546335,-1.19060857990667,2.54283380936485));
#10340=CARTESIAN_POINT('',(-40.,-1.19060857990667,1.83248835890677));
#10341=CARTESIAN_POINT('',(-40.,-1.19060857990667,11.2531792598238));
#10342=CARTESIAN_POINT('',(-40.,-1.19060857990667,11.7714169046824));
#10343=CARTESIAN_POINT('',(-42.9499293546328,-1.19060857990667,12.318915639808));
#10344=CARTESIAN_POINT('',(-36.0307422394579,-1.19060857990667,9.81918478456599));
#10345=CARTESIAN_POINT('',(-42.9499293546336,-1.19060857990667,0.766751978922713));
#10346=CARTESIAN_POINT('',(-42.9499293546333,-1.19060857990667,4.54283380936538));
#10347=CARTESIAN_POINT('',(-38.4888153737975,-1.19060857990667,2.37844191894268));
#10348=CARTESIAN_POINT('Origin',(-38.0337830859548,-22.1633937148461,10.542833809365));
#10349=CARTESIAN_POINT('',(-40.,-19.5,11.2531792598238));
#10350=CARTESIAN_POINT('',(-40.,-21.081696857423,11.2531792598238));
#10351=CARTESIAN_POINT('',(-40.5,-20.,11.4338168704009));
#10352=CARTESIAN_POINT('Origin',(-40.5,-19.5,11.4338168704009));
#10353=CARTESIAN_POINT('',(-41.4163985779346,-20.,11.7648889693096));
#10354=CARTESIAN_POINT('',(-48.3185016736482,-20.,14.2584477916426));
#10355=CARTESIAN_POINT('',(-41.482331039671,-20.0021759120519,11.7887087340047));
#10356=CARTESIAN_POINT('Origin',(-41.4163985779346,-21.,11.7648889693096));
#10357=CARTESIAN_POINT('',(-42.9499293546328,-20.1971190284548,12.318915639808));
#10358=CARTESIAN_POINT('Origin',(-41.2998317762956,-21.,11.7227762722683));
#10359=CARTESIAN_POINT('',(-42.9499293546328,-22.1633937148462,12.318915639808));
#10360=CARTESIAN_POINT('Origin',(-42.9499293546336,-22.1633937148462,0.766751978922713));
#10361=CARTESIAN_POINT('',(-40.,-19.5,1.83248835890675));
#10362=CARTESIAN_POINT('',(-40.,-21.081696857423,1.83248835890675));
#10363=CARTESIAN_POINT('',(-42.9499293546336,-20.,0.766751978922713));
#10364=CARTESIAN_POINT('',(-42.9499293546336,-22.1633937148462,0.766751978922713));
#10365=CARTESIAN_POINT('',(-40.5,-20.,1.65185074832973));
#10366=CARTESIAN_POINT('',(-52.7818120067853,-20.,-2.78526360059397));
#10367=CARTESIAN_POINT('Origin',(-40.5,-19.5,1.65185074832973));
#10368=CARTESIAN_POINT('Origin',(-42.9499293546336,3.05660242546905,1.28610086869156));
#10369=CARTESIAN_POINT('',(-42.9499293546329,-20.,11.7227762722683));
#10370=CARTESIAN_POINT('',(-42.9499293546336,-20.,0.777025030560622));
#10371=CARTESIAN_POINT('Origin',(-42.9499293546337,-21.,11.7227762722683));
#10372=CARTESIAN_POINT('Origin',(-40.,-19.9999999999999,21.));
#10373=CARTESIAN_POINT('',(-40.,-19.5,-20.));
#10374=CARTESIAN_POINT('',(-40.,-19.5,10.6339745962156));
#10375=CARTESIAN_POINT('',(-40.,-21.,-21.5));
#10376=CARTESIAN_POINT('Origin',(-40.,-21.,-20.));
#10377=CARTESIAN_POINT('',(-40.,-64.4999999999999,-21.5));
#10378=CARTESIAN_POINT('',(-40.,-12.4999999999999,-21.5));
#10379=CARTESIAN_POINT('',(-40.,-64.4999999999999,-24.5));
#10380=CARTESIAN_POINT('',(-40.,-64.4999999999999,-1.));
#10381=CARTESIAN_POINT('',(-40.,-35.3312925211514,-24.5));
#10382=CARTESIAN_POINT('',(-40.,-12.4999999999999,-24.5));
#10383=CARTESIAN_POINT('',(-40.,-22.8312925211514,-24.5));
#10384=CARTESIAN_POINT('',(-40.,-31.2906462605756,-24.5));
#10385=CARTESIAN_POINT('',(-40.,-22.8312925211514,-37.2227762722683));
#10386=CARTESIAN_POINT('',(-40.,-22.8312925211514,-6.36138813613413));
#10387=CARTESIAN_POINT('',(-40.,-23.4999999999999,-37.2227762722683));
#10388=CARTESIAN_POINT('',(-40.,-24.6656462605756,-37.2227762722683));
#10389=CARTESIAN_POINT('',(-40.,-23.4999999999999,-44.7230000000001));
#10390=CARTESIAN_POINT('',(-40.,-23.4999999999999,-7.12500000000005));
#10391=CARTESIAN_POINT('',(-40.,-22.9999999999999,-45.2230000000001));
#10392=CARTESIAN_POINT('Origin',(-40.,-22.9999999999999,-44.7230000000001));
#10393=CARTESIAN_POINT('',(-40.,-21.4999999999999,-45.2230000000001));
#10394=CARTESIAN_POINT('',(-40.,-8.99999999999986,-45.223));
#10395=CARTESIAN_POINT('',(-40.,-21.4999999999999,-24.5));
#10396=CARTESIAN_POINT('',(-40.,-21.4999999999999,-7.12500000000005));
#10397=CARTESIAN_POINT('',(-40.,9.50000000000009,-24.5));
#10398=CARTESIAN_POINT('',(-40.,-12.4999999999999,-24.5));
#10399=CARTESIAN_POINT('',(-40.,9.5000000000001,-0.499999999999994));
#10400=CARTESIAN_POINT('',(-40.,9.50000000000009,-2.));
#10401=CARTESIAN_POINT('',(-40.,-0.499999999999999,-0.499999999999994));
#10402=CARTESIAN_POINT('',(-40.,-4.99999999999991,-0.499999999999994));
#10403=CARTESIAN_POINT('',(-40.,-0.499999999999998,24.5));
#10404=CARTESIAN_POINT('',(-40.,-0.499999999999999,15.7651922469878));
#10405=CARTESIAN_POINT('',(-40.,-21.4999999999999,24.5));
#10406=CARTESIAN_POINT('',(-40.,-19.9999999999999,24.5));
#10407=CARTESIAN_POINT('',(-40.,-21.4999999999999,45.));
#10408=CARTESIAN_POINT('',(-40.,-21.4999999999999,28.125));
#10409=CARTESIAN_POINT('',(-40.,-23.4999999999999,45.));
#10410=CARTESIAN_POINT('',(-40.,-8.99999999999988,45.));
#10411=CARTESIAN_POINT('',(-40.,-23.4999999999999,24.5));
#10412=CARTESIAN_POINT('',(-40.,-23.4999999999999,28.125));
#10413=CARTESIAN_POINT('',(-40.,-63.9999999999999,24.5));
#10414=CARTESIAN_POINT('',(-40.,-19.9999999999999,24.5));
#10415=CARTESIAN_POINT('',(-40.,-64.4999999999999,24.));
#10416=CARTESIAN_POINT('Origin',(-40.,-63.9999999999999,24.));
#10417=CARTESIAN_POINT('',(-40.,-64.4999999999999,22.));
#10418=CARTESIAN_POINT('',(-40.,-64.4999999999999,22.));
#10419=CARTESIAN_POINT('',(-40.,-63.9999999999999,21.5));
#10420=CARTESIAN_POINT('Origin',(-40.,-63.9999999999999,22.));
#10421=CARTESIAN_POINT('',(-40.,-21.,21.5));
#10422=CARTESIAN_POINT('',(-40.,-19.9999999999999,21.5));
#10423=CARTESIAN_POINT('',(-40.,-19.5,20.));
#10424=CARTESIAN_POINT('Origin',(-40.,-21.,20.));
#10425=CARTESIAN_POINT('',(-40.,-19.5,10.6339745962156));
#10426=CARTESIAN_POINT('Origin',(-40.5,-19.5,10.6339745962156));
#10427=CARTESIAN_POINT('',(-40.5,-20.,20.));
#10428=CARTESIAN_POINT('Origin',(-40.5,-19.5,20.));
#10429=CARTESIAN_POINT('',(-40.5,-20.,10.6339745962156));
#10430=CARTESIAN_POINT('Origin',(-65.,-20.,0.267949192431135));
#10431=CARTESIAN_POINT('',(-41.4163985779346,-20.,20.));
#10432=CARTESIAN_POINT('',(-82.5,-20.,20.));
#10433=CARTESIAN_POINT('',(-41.4163985779346,-20.,10.6339745962156));
#10434=CARTESIAN_POINT('Origin',(-97.5126590420923,-7.56610696726849,-25.));
#10435=CARTESIAN_POINT('',(-99.5,-12.2014702727791,-25.));
#10436=CARTESIAN_POINT('',(-100.,-13.3676927287363,-24.5));
#10437=CARTESIAN_POINT('Origin',(-99.5,-12.2014702727791,-24.5));
#10438=CARTESIAN_POINT('',(-100.,-13.3676927287363,24.5));
#10439=CARTESIAN_POINT('',(-100.,-13.3676927287363,0.));
#10440=CARTESIAN_POINT('',(-99.5,-12.2014702727791,25.));
#10441=CARTESIAN_POINT('Origin',(-99.5,-12.2014702727791,24.5));
#10442=CARTESIAN_POINT('',(-97.5126590420923,-7.56610696726849,25.));
#10443=CARTESIAN_POINT('',(-95.2991525480545,-2.40322500776079,25.));
#10444=CARTESIAN_POINT('',(-97.5126590420923,-7.56610696726849,-25.));
#10445=CARTESIAN_POINT('',(-97.5126590420923,-7.56610696726849,-25.));
#10446=CARTESIAN_POINT('',(-94.9120064332632,-1.50022802214827,-25.));
#10447=CARTESIAN_POINT('Origin',(-95.3088850664214,-0.308884915995519,-25.));
#10448=CARTESIAN_POINT('',(-95.3088850664214,-3.16974077647835,25.));
#10449=CARTESIAN_POINT('',(-95.3088850664214,-0.308884915995515,25.));
#10450=CARTESIAN_POINT('',(-95.3088850664214,-10.1544424579977,25.));
#10451=CARTESIAN_POINT('',(-95.3088850664214,-0.308884915995519,-25.));
#10452=CARTESIAN_POINT('',(-95.3088850664214,-0.308884915995521,-25.));
#10453=CARTESIAN_POINT('',(-95.3088850664214,-3.16974077647835,-25.));
#10454=CARTESIAN_POINT('',(-95.3088850664214,-2.65444245799771,-25.));
#10455=CARTESIAN_POINT('',(-95.3088850664214,-3.16974077647835,-25.));
#10456=CARTESIAN_POINT('Origin',(-95.3088850664214,-3.16974077647835,-25.));
#10457=CARTESIAN_POINT('',(-93.1266621813529,1.18363258149643,25.));
#10458=CARTESIAN_POINT('',(-93.1343040329149,1.1683876524731,-25.));
#10459=CARTESIAN_POINT('Origin',(-70.,-4.99999999999991,-25.));
#10460=CARTESIAN_POINT('',(-74.5,-20.9999999999999,-25.0000000000001));
#10461=CARTESIAN_POINT('',(-40.,-20.9999999999999,-25.));
#10462=CARTESIAN_POINT('',(-74.5,2.00000000000009,-25.0000000000001));
#10463=CARTESIAN_POINT('',(-74.5,2.00000000000009,-25.0000000000001));
#10464=CARTESIAN_POINT('',(-77.5,2.00000000000009,-25.0000000000001));
#10465=CARTESIAN_POINT('',(-74.5,2.00000000000009,-25.0000000000001));
#10466=CARTESIAN_POINT('',(-77.5,-22.7500000000002,-25.0000000000001));
#10467=CARTESIAN_POINT('',(-77.5,2.00000000000009,-25.0000000000001));
#10468=CARTESIAN_POINT('',(-98.5836014220654,-22.7500000000002,-25.));
#10469=CARTESIAN_POINT('',(-73.7918007110327,-22.7500000000002,-25.));
#10470=CARTESIAN_POINT('',(-99.5,-23.3497330311413,-25.0000000000005));
#10471=CARTESIAN_POINT('Origin',(-98.5836014220654,-23.7500000000001,-25.0000000000005));
#10472=CARTESIAN_POINT('',(-99.5,-12.4999999999999,-25.));
#10473=CARTESIAN_POINT('',(-85.5000003026797,9.50000000000009,-25.));
#10474=CARTESIAN_POINT('',(-83.0000002177742,12.0000001237107,-25.));
#10475=CARTESIAN_POINT('',(-40.5,9.5000000000001,-25.));
#10476=CARTESIAN_POINT('',(-85.,9.50000000000009,-25.));
#10477=CARTESIAN_POINT('',(-40.5,-20.9999999999999,-25.));
#10478=CARTESIAN_POINT('',(-40.5,-12.4999999999999,-25.));
#10479=CARTESIAN_POINT('',(-53.,-20.9999999999999,-25.0000000000001));
#10480=CARTESIAN_POINT('',(-40.,-20.9999999999999,-25.));
#10481=CARTESIAN_POINT('',(-53.,-14.3290480455379,-25.));
#10482=CARTESIAN_POINT('Origin',(-99.5,-12.4999999999999,-24.5));
#10483=CARTESIAN_POINT('',(-99.5836014220654,-23.7500000000001,-24.9929612583446));
#10484=CARTESIAN_POINT('Ctrl Pts',(-99.5836014220654,-23.7500000000001,
-24.9929612583446));
#10485=CARTESIAN_POINT('Ctrl Pts',(-99.5836014220654,-23.6476726718637,
-24.9929612583446));
#10486=CARTESIAN_POINT('Ctrl Pts',(-99.5668926366839,-23.5375930967263,
-24.9967175409886));
#10487=CARTESIAN_POINT('Ctrl Pts',(-99.5227698216748,-23.405228332244,-24.999572204249));
#10488=CARTESIAN_POINT('Ctrl Pts',(-99.5119687946174,-23.3771352082387,
-25.));
#10489=CARTESIAN_POINT('Ctrl Pts',(-99.4999999999998,-23.3497330311408,
-25.));
#10490=CARTESIAN_POINT('',(-99.5836014220654,-46.5220321262232,-24.9929612583446));
#10491=CARTESIAN_POINT('',(-99.5836014220654,-12.4999999999999,-24.9929612583446));
#10492=CARTESIAN_POINT('',(-99.4999999999667,-47.0013424125561,-25.));
#10493=CARTESIAN_POINT('Ctrl Pts',(-99.4999999999668,-47.0013424125561,
-25.));
#10494=CARTESIAN_POINT('Ctrl Pts',(-99.5327798835528,-46.9051930935462,
-25.0000000000022));
#10495=CARTESIAN_POINT('Ctrl Pts',(-99.557564429613,-46.8079256237352,-24.9968776754383));
#10496=CARTESIAN_POINT('Ctrl Pts',(-99.5798906761443,-46.6397543944748,
-24.993647317317));
#10497=CARTESIAN_POINT('Ctrl Pts',(-99.5836014220653,-46.579655008792,-24.9929612583446));
#10498=CARTESIAN_POINT('Ctrl Pts',(-99.5836014220653,-46.5220321262232,
-24.9929612583446));
#10499=CARTESIAN_POINT('',(-99.5,-64.9999999999999,-25.));
#10500=CARTESIAN_POINT('',(-99.5,-12.4999999999999,-25.));
#10501=CARTESIAN_POINT('',(-100.,-64.4999999999999,-24.5));
#10502=CARTESIAN_POINT('Origin',(-99.5,-64.4999999999999,-24.5));
#10503=CARTESIAN_POINT('',(-100.,-12.4999999999999,-24.5));
#10504=CARTESIAN_POINT('Origin',(-100.,-19.9999999999999,25.));
#10505=CARTESIAN_POINT('',(-100.,-64.4999999999999,-21.5));
#10506=CARTESIAN_POINT('',(-100.,-64.4999999999999,1.));
#10507=CARTESIAN_POINT('',(-100.,-21.,-21.5));
#10508=CARTESIAN_POINT('',(-100.,-12.4999999999999,-21.5));
#10509=CARTESIAN_POINT('',(-100.,-19.5,-20.));
#10510=CARTESIAN_POINT('Origin',(-100.,-21.,-20.));
#10511=CARTESIAN_POINT('',(-100.,-19.5,20.));
#10512=CARTESIAN_POINT('',(-100.,-19.5,12.6339745962156));
#10513=CARTESIAN_POINT('',(-100.,-21.,21.5));
#10514=CARTESIAN_POINT('Origin',(-100.,-21.,20.));
#10515=CARTESIAN_POINT('',(-100.,-63.9999999999999,21.5));
#10516=CARTESIAN_POINT('',(-100.,-19.9999999999999,21.5));
#10517=CARTESIAN_POINT('',(-100.,-64.4999999999999,22.));
#10518=CARTESIAN_POINT('Origin',(-100.,-63.9999999999999,22.));
#10519=CARTESIAN_POINT('',(-100.,-64.4999999999999,24.));
#10520=CARTESIAN_POINT('',(-100.,-64.4999999999999,24.));
#10521=CARTESIAN_POINT('',(-100.,-63.9999999999999,24.5));
#10522=CARTESIAN_POINT('Origin',(-100.,-63.9999999999999,24.));
#10523=CARTESIAN_POINT('',(-100.,-19.9999999999999,24.5));
#10524=CARTESIAN_POINT('Origin',(-99.5,-19.9999999999999,24.5));
#10525=CARTESIAN_POINT('',(-99.5,-63.9999999999999,25.));
#10526=CARTESIAN_POINT('Origin',(-99.5,-63.9999999999999,24.5));
#10527=CARTESIAN_POINT('',(-99.5,-19.9999999999999,25.));
#10528=CARTESIAN_POINT('Origin',(-81.0000001639128,14.0000002086163,-25.));
#10529=CARTESIAN_POINT('',(-85.9274397128882,9.07256058315693,-14.4570158973856));
#10530=CARTESIAN_POINT('',(-87.4425186519298,7.55748162059817,-13.5514949223841));
#10531=CARTESIAN_POINT('',(-82.879252564066,12.1207477792932,-16.2788334462022));
#10532=CARTESIAN_POINT('Origin',(-88.328845916656,6.6711543421144,-19.5051504196412));
#10533=CARTESIAN_POINT('Origin',(-81.0000001639128,14.0000002086163,-25.));
#10534=CARTESIAN_POINT('',(-95.0000001552204,0.,25.));
#10535=CARTESIAN_POINT('',(-79.2500003341896,15.750000065503,25.));
#10536=CARTESIAN_POINT('',(-95.,0.,14.));
#10537=CARTESIAN_POINT('',(-95.0000001552204,0.,-7.23480775301221));
#10538=CARTESIAN_POINT('',(-95.,0.,7.));
#10539=CARTESIAN_POINT('',(-95.,0.,8.76519224698779));
#10540=CARTESIAN_POINT('',(-95.0000001552203,9.32587340685131E-14,-4.08923101204883));
#10541=CARTESIAN_POINT('',(-95.0000001552204,0.,-7.23480775301221));
#10542=CARTESIAN_POINT('',(-92.1266442504431,2.87335594937763,-4.08923101204883));
#10543=CARTESIAN_POINT('',(-86.2183390470006,8.78166124452915,-4.08923101204883));
#10544=CARTESIAN_POINT('',(-92.8476860082171,2.1523141804116,4.65339572430779E-15));
#10545=CARTESIAN_POINT('',(-89.96101327964,5.03898695379575,-16.3711345647655));
#10546=CARTESIAN_POINT('',(-90.,5.00000023283064,4.44089209850063E-15));
#10547=CARTESIAN_POINT('',(-86.7500001013589,8.25000018191836,6.66133814775094E-15));
#10548=CARTESIAN_POINT('',(-90.,5.00000023283064,-21.));
#10549=CARTESIAN_POINT('',(-90.,5.00000023283064,-2.));
#10550=CARTESIAN_POINT('',(-85.5000003026797,9.50000000000009,-21.));
#10551=CARTESIAN_POINT('',(-83.0000002177742,12.0000001237107,-21.));
#10552=CARTESIAN_POINT('',(-85.0000003104408,10.0000000000001,-21.5));
#10553=CARTESIAN_POINT('Origin',(-85.5000003026797,9.50000000000009,-21.5));
#10554=CARTESIAN_POINT('',(-85.0000003104408,10.0000000000001,-24.5));
#10555=CARTESIAN_POINT('',(-85.0000003104408,10.0000000000001,-25.));
#10556=CARTESIAN_POINT('Origin',(-85.5000003026797,9.50000000000009,-24.5));
#10557=CARTESIAN_POINT('Origin',(-81.9603344389961,4.35320572766355,-12.7279220613579));
#10558=CARTESIAN_POINT('',(-86.1324256834383,1.68931186900218,-16.7896118769192));
#10559=CARTESIAN_POINT('Origin',(-85.2826495609395,5.56242954090343,-16.2634559672906));
#10560=CARTESIAN_POINT('',(-85.9964341846025,1.58753919911266,-15.));
#10561=CARTESIAN_POINT('Ctrl Pts',(-85.9964341846025,1.58753919911266,-15.));
#10562=CARTESIAN_POINT('Ctrl Pts',(-85.9489702921891,1.55356632008277,-15.1610644029189));
#10563=CARTESIAN_POINT('Ctrl Pts',(-85.931041833839,1.54171393846339,-15.3349463099589));
#10564=CARTESIAN_POINT('Ctrl Pts',(-85.931041833839,1.54171393846339,-15.8374931745551));
#10565=CARTESIAN_POINT('Ctrl Pts',(-85.9977910354213,1.58699141025537,-16.1959130356931));
#10566=CARTESIAN_POINT('Ctrl Pts',(-86.0948670857991,1.66021956987678,-16.6315215384173));
#10567=CARTESIAN_POINT('Ctrl Pts',(-86.1134003325672,1.67443325986627,-16.7108152420693));
#10568=CARTESIAN_POINT('Ctrl Pts',(-86.1324256834383,1.68931186900219,-16.7896118769192));
#10569=CARTESIAN_POINT('',(-82.9605860898948,0.903304905150179,-15.));
#10570=CARTESIAN_POINT('Origin',(-84.0953893117886,5.13030214988503,-15.));
#10571=CARTESIAN_POINT('',(-79.6683016208366,4.84019945889051,-16.1181422324514));
#10572=CARTESIAN_POINT('Ctrl Pts',(-79.6683016208366,4.84019945889133,-16.1181422324514));
#10573=CARTESIAN_POINT('Ctrl Pts',(-79.6683016208364,4.45420789760531,-16.1536114516516));
#10574=CARTESIAN_POINT('Ctrl Pts',(-79.7260990649176,4.07037721813016,-16.1681449023977));
#10575=CARTESIAN_POINT('Ctrl Pts',(-79.9619183049863,3.2623866042647,-16.1531066611999));
#10576=CARTESIAN_POINT('Ctrl Pts',(-80.1907415109567,2.80179685938035,-16.1070743380075));
#10577=CARTESIAN_POINT('Ctrl Pts',(-80.7974236976026,2.0106112470156,-15.9331831304378));
#10578=CARTESIAN_POINT('Ctrl Pts',(-81.1750362502158,1.67982978529061,-15.8053090631834));
#10579=CARTESIAN_POINT('Ctrl Pts',(-81.7661898827006,1.3129658747424,-15.5742487137005));
#10580=CARTESIAN_POINT('Ctrl Pts',(-82.0021779806317,1.1946119062162,-15.4763944879306));
#10581=CARTESIAN_POINT('Ctrl Pts',(-82.4832527600363,1.01110873290045,-15.2563153231242));
#10582=CARTESIAN_POINT('Ctrl Pts',(-82.7282282086952,0.945822354119938,
-15.133961669042));
#10583=CARTESIAN_POINT('Ctrl Pts',(-82.9521694559277,0.904824911338712,
-15.0048721801272));
#10584=CARTESIAN_POINT('Ctrl Pts',(-82.9563705267669,0.904062715514808,
-15.0024437720092));
#10585=CARTESIAN_POINT('Ctrl Pts',(-82.9605860898948,0.903304905150179,
-15.));
#10586=CARTESIAN_POINT('',(-83.1254614119004,8.80319384540629,-17.1821430806787));
#10587=CARTESIAN_POINT('Ctrl Pts',(-83.1254614119004,8.80319384540628,-17.1821430806787));
#10588=CARTESIAN_POINT('Ctrl Pts',(-83.0513812437084,8.79304654514359,-17.043989567285));
#10589=CARTESIAN_POINT('Ctrl Pts',(-82.9748308734112,8.7804501500251,-16.9046952683208));
#10590=CARTESIAN_POINT('Ctrl Pts',(-82.7143664235821,8.7291871559459,-16.452893680805));
#10591=CARTESIAN_POINT('Ctrl Pts',(-82.52324541518,8.68014417337252,-16.1483569743043));
#10592=CARTESIAN_POINT('Ctrl Pts',(-82.1467579928301,8.54311395806156,-15.7477074278228));
#10593=CARTESIAN_POINT('Ctrl Pts',(-81.9547870151537,8.46204403422565,-15.6059714646246));
#10594=CARTESIAN_POINT('Ctrl Pts',(-81.5474439147364,8.23957906443866,-15.4724372544791));
#10595=CARTESIAN_POINT('Ctrl Pts',(-81.335171410738,8.09741064436486,-15.472611855332));
#10596=CARTESIAN_POINT('Ctrl Pts',(-80.9362308872545,7.77544354872478,-15.5182995288122));
#10597=CARTESIAN_POINT('Ctrl Pts',(-80.720740737455,7.56100649264517,-15.5771441685068));
#10598=CARTESIAN_POINT('Ctrl Pts',(-80.3461924069656,7.08842018432587,-15.7039482286571));
#10599=CARTESIAN_POINT('Ctrl Pts',(-80.1873539123405,6.8301947875933,-15.7722723963363));
#10600=CARTESIAN_POINT('Ctrl Pts',(-79.8653326196287,6.16362954225491,-15.9283049659252));
#10601=CARTESIAN_POINT('Ctrl Pts',(-79.7251336801487,5.67733511036258,-16.0213984168858));
#10602=CARTESIAN_POINT('Ctrl Pts',(-79.6731244184984,5.06689676152912,-16.0955923430046));
#10603=CARTESIAN_POINT('Ctrl Pts',(-79.6683016208366,4.95345188042739,-16.1077353340441));
#10604=CARTESIAN_POINT('Ctrl Pts',(-79.6683016208366,4.84019945889133,-16.1181422324514));
#10605=CARTESIAN_POINT('',(-83.9145689876368,9.32120002404707,-16.2634559672906));
#10606=CARTESIAN_POINT('Origin',(-85.2826495609395,5.56242954090343,-16.2634559672906));
#10607=CARTESIAN_POINT('',(-80.5922538656935,8.11197621080719,-12.7279220613579));
#10608=CARTESIAN_POINT('',(-80.5922538656935,8.11197621080719,-12.7279220613579));
#10609=CARTESIAN_POINT('Origin',(-81.9603344389961,4.35320572766355,-12.7279220613579));
#10610=CARTESIAN_POINT('Origin',(-85.2826495609395,5.56242954090343,-16.2634559672906));
#10611=CARTESIAN_POINT('Origin',(-100.,10.0000000000001,4.44089209850063E-15));
#10612=CARTESIAN_POINT('',(-92.8476860082171,9.32587340685131E-14,4.65339572430779E-15));
#10613=CARTESIAN_POINT('',(-92.8476860082171,10.0000000000001,4.65339572430779E-15));
#10614=CARTESIAN_POINT('',(-90.,0.,4.44089209850063E-15));
#10615=CARTESIAN_POINT('',(-80.,0.,4.44089209850063E-15));
#10616=CARTESIAN_POINT('',(-90.,10.0000000000001,4.44089209850063E-15));
#10617=CARTESIAN_POINT('Origin',(-90.,10.0000000000001,21.));
#10618=CARTESIAN_POINT('',(-90.,0.,21.));
#10619=CARTESIAN_POINT('',(-90.,0.,15.7651922469878));
#10620=CARTESIAN_POINT('',(-90.,-19.2679491924311,21.));
#10621=CARTESIAN_POINT('',(-90.,2.50000000000009,21.));
#10622=CARTESIAN_POINT('',(-90.,-19.,20.));
#10623=CARTESIAN_POINT('Origin',(-90.,-21.,20.));
#10624=CARTESIAN_POINT('',(-90.,-19.,7.09558327972685));
#10625=CARTESIAN_POINT('',(-90.,-19.,10.6339745962156));
#10626=CARTESIAN_POINT('',(-90.,-18.,7.09558327972685));
#10627=CARTESIAN_POINT('',(-90.,-3.99999999999995,7.09558327972685));
#10628=CARTESIAN_POINT('',(-90.,-18.,-7.08424166324945));
#10629=CARTESIAN_POINT('',(-90.,-18.,11.8408831180395));
#10630=CARTESIAN_POINT('',(-90.,-19.,-7.08424166324945));
#10631=CARTESIAN_POINT('',(-90.,-3.99999999999995,-7.08424166324945));
#10632=CARTESIAN_POINT('',(-90.,-19.,-20.));
#10633=CARTESIAN_POINT('',(-90.,-19.,10.6339745962156));
#10634=CARTESIAN_POINT('',(-90.,-19.2679491924311,-21.));
#10635=CARTESIAN_POINT('Origin',(-90.,-21.,-20.));
#10636=CARTESIAN_POINT('',(-90.,2.50000000000009,-21.));
#10637=CARTESIAN_POINT('Origin',(-70.,-4.99999999999991,-21.));
#10638=CARTESIAN_POINT('',(-91.,-21.,-21.));
#10639=CARTESIAN_POINT('Ctrl Pts',(-91.,-21.,-21.));
#10640=CARTESIAN_POINT('Ctrl Pts',(-90.722901777919,-20.722901777919,-21.));
#10641=CARTESIAN_POINT('Ctrl Pts',(-90.3960872838113,-20.384776727796,-21.));
#10642=CARTESIAN_POINT('Ctrl Pts',(-90.0895719998978,-19.8152695268491,
-21.));
#10643=CARTESIAN_POINT('Ctrl Pts',(-90.,-19.5228266143067,-21.));
#10644=CARTESIAN_POINT('Ctrl Pts',(-90.,-19.2679491924311,-21.));
#10645=CARTESIAN_POINT('',(-99.5,-21.,-21.));
#10646=CARTESIAN_POINT('',(-72.5,-21.,-21.));
#10647=CARTESIAN_POINT('',(-99.5,-64.9999999999999,-21.));
#10648=CARTESIAN_POINT('',(-99.5,-12.4999999999999,-21.));
#10649=CARTESIAN_POINT('',(-40.5,-64.9999999999999,-21.));
#10650=CARTESIAN_POINT('',(-40.,-64.9999999999999,-21.));
#10651=CARTESIAN_POINT('',(-40.5,-21.,-21.));
#10652=CARTESIAN_POINT('',(-40.5,-12.4999999999999,-21.));
#10653=CARTESIAN_POINT('',(-49.,-21.,-21.));
#10654=CARTESIAN_POINT('',(-67.5,-21.,-21.));
#10655=CARTESIAN_POINT('',(-50.,-19.2679491924311,-21.));
#10656=CARTESIAN_POINT('Ctrl Pts',(-50.,-19.2679491924311,-21.));
#10657=CARTESIAN_POINT('Ctrl Pts',(-50.,-19.5228266143067,-21.));
#10658=CARTESIAN_POINT('Ctrl Pts',(-49.9104280001022,-19.8152695268491,
-21.));
#10659=CARTESIAN_POINT('Ctrl Pts',(-49.6039127161887,-20.384776727796,-21.));
#10660=CARTESIAN_POINT('Ctrl Pts',(-49.277098222081,-20.722901777919,-21.));
#10661=CARTESIAN_POINT('Ctrl Pts',(-49.,-21.,-21.));
#10662=CARTESIAN_POINT('',(-50.,9.50000000000009,-21.));
#10663=CARTESIAN_POINT('',(-50.,2.50000000000009,-21.));
#10664=CARTESIAN_POINT('',(-85.,9.50000000000009,-21.));
#10665=CARTESIAN_POINT('',(-53.3699719246545,-10.6175510743289,-21.));
#10666=CARTESIAN_POINT('Origin',(-57.3699719246545,-10.6175510743289,-21.));
#10667=CARTESIAN_POINT('',(-60.3316983791634,4.84019945888968,-21.));
#10668=CARTESIAN_POINT('Origin',(-56.3316983791634,4.84019945888968,-21.));
#10669=CARTESIAN_POINT('',(-86.6300280753455,-10.6175510743289,-21.));
#10670=CARTESIAN_POINT('Origin',(-82.6300280753455,-10.6175510743289,-21.));
#10671=CARTESIAN_POINT('',(-79.6683016208366,4.84019945888968,-21.));
#10672=CARTESIAN_POINT('Origin',(-83.6683016208366,4.84019945888968,-21.));
#10673=CARTESIAN_POINT('',(-41.1687074788483,-25.3312925211514,-21.));
#10674=CARTESIAN_POINT('',(-61.6687074788483,-25.3312925211511,-21.));
#10675=CARTESIAN_POINT('',(-65.8343537394243,-25.3312925211511,-21.));
#10676=CARTESIAN_POINT('',(-41.1687074788487,-59.8312925211514,-21.));
#10677=CARTESIAN_POINT('',(-41.1687074788481,-15.1656462605758,-21.));
#10678=CARTESIAN_POINT('',(-61.6687074788488,-59.8312925211511,-21.));
#10679=CARTESIAN_POINT('',(-55.5843537394247,-59.8312925211512,-21.));
#10680=CARTESIAN_POINT('',(-61.6687074788484,-32.4156462605756,-21.));
#10681=CARTESIAN_POINT('',(-97.5836014220654,-45.2500000000002,-21.));
#10682=CARTESIAN_POINT('',(-63.0836014220654,-45.2500000000002,-21.));
#10683=CARTESIAN_POINT('',(-66.5418007110326,-45.2500000000002,-21.));
#10684=CARTESIAN_POINT('',(-97.5836014220654,-24.7500000000002,-21.));
#10685=CARTESIAN_POINT('',(-97.5836014220654,-25.1249999999999,-21.));
#10686=CARTESIAN_POINT('',(-63.0836014220654,-24.7500000000002,-21.));
#10687=CARTESIAN_POINT('',(-83.7918007110326,-24.7500000000002,-21.));
#10688=CARTESIAN_POINT('',(-63.0836014220654,-14.875,-21.));
#10689=CARTESIAN_POINT('',(-65.355095289373,-21.,-21.));
#10690=CARTESIAN_POINT('',(-65.355095289373,-18.,-21.));
#10691=CARTESIAN_POINT('',(-65.355095289373,-11.5,-21.));
#10692=CARTESIAN_POINT('',(-74.644904710627,-21.,-21.));
#10693=CARTESIAN_POINT('',(-70.,-21.,-21.));
#10694=CARTESIAN_POINT('',(-74.644904710627,-18.,-21.));
#10695=CARTESIAN_POINT('',(-74.644904710627,-11.5,-21.));
#10696=CARTESIAN_POINT('',(-70.,-18.,-21.));
#10697=CARTESIAN_POINT('',(-53.,-14.3290480455379,-21.));
#10698=CARTESIAN_POINT('Origin',(-85.,9.50000000000009,-21.5));
#10699=CARTESIAN_POINT('',(-49.5,10.0000000000001,-21.5));
#10700=CARTESIAN_POINT('Origin',(-49.5,9.50000000000009,-21.5));
#10701=CARTESIAN_POINT('',(-85.,10.0000000000001,-21.5));
#10702=CARTESIAN_POINT('Origin',(-100.,10.0000000000001,-25.));
#10703=CARTESIAN_POINT('',(-49.5,10.0000000000001,-0.499999999999994));
#10704=CARTESIAN_POINT('',(-49.5,10.0000000000001,-2.));
#10705=CARTESIAN_POINT('',(-47.74819078808,10.0000000000001,-0.499999999999992));
#10706=CARTESIAN_POINT('',(-73.5761569958914,10.0000000000001,-0.499999999999994));
#10707=CARTESIAN_POINT('',(-48.4692325458539,10.0000000000001,-4.58923101204883));
#10708=CARTESIAN_POINT('',(-50.9396410031326,10.0000000000001,-18.599613582843));
#10709=CARTESIAN_POINT('',(-41.5307674541461,10.0000000000001,-4.58923101204883));
#10710=CARTESIAN_POINT('',(-71.0633221252216,10.0000000000001,-4.58923101204882));
#10711=CARTESIAN_POINT('',(-42.25180921192,10.0000000000001,-0.499999999999996));
#10712=CARTESIAN_POINT('',(-41.0793328041419,10.0000000000001,-7.14944413536266));
#10713=CARTESIAN_POINT('',(-40.5,10.0000000000001,-0.499999999999996));
#10714=CARTESIAN_POINT('',(-73.5761569958914,10.0000000000001,-0.499999999999996));
#10715=CARTESIAN_POINT('',(-40.5,10.0000000000001,-24.5));
#10716=CARTESIAN_POINT('',(-40.5,10.0000000000001,-2.));
#10717=CARTESIAN_POINT('',(-85.,10.0000000000001,-24.5));
#10718=CARTESIAN_POINT('',(-46.5,10.0000000000001,-9.04231671990301));
#10719=CARTESIAN_POINT('',(-43.5,10.0000000000001,-9.04231671990301));
#10720=CARTESIAN_POINT('',(-73.,10.0000000000001,-9.04231671990301));
#10721=CARTESIAN_POINT('',(-43.5,10.0000000000001,-4.95808861858979));
#10722=CARTESIAN_POINT('',(-43.5,10.0000000000001,-16.000134210221));
#10723=CARTESIAN_POINT('',(-46.5,10.0000000000001,-4.95808861858979));
#10724=CARTESIAN_POINT('',(-73.,10.0000000000001,-4.95808861858979));
#10725=CARTESIAN_POINT('',(-46.5,10.0000000000001,-16.000134210221));
#10726=CARTESIAN_POINT('Origin',(-85.,9.50000000000009,-24.5));
#10727=CARTESIAN_POINT('Origin',(-40.5,9.50000000000009,-24.5));
#10728=CARTESIAN_POINT('Origin',(-70.,2.0000000000001,35.2778154202994));
#10729=CARTESIAN_POINT('',(-62.5,2.00000000000009,25.3556308405988));
#10730=CARTESIAN_POINT('',(-74.5,2.00000000000009,25.3556308405988));
#10731=CARTESIAN_POINT('',(-73.75,2.00000000000009,25.3556308405988));
#10732=CARTESIAN_POINT('',(-62.5,2.00000000000011,45.5000000000001));
#10733=CARTESIAN_POINT('',(-62.5,2.00000000000011,45.5000000000001));
#10734=CARTESIAN_POINT('',(-74.5,2.00000000000011,45.5000000000001));
#10735=CARTESIAN_POINT('',(-77.5,2.00000000000011,45.5000000000001));
#10736=CARTESIAN_POINT('',(-74.5,2.00000000000009,25.0000000000001));
#10737=CARTESIAN_POINT('',(-71.7,2.00000000000011,43.7000000000001));
#10738=CARTESIAN_POINT('Origin',(-72.7,2.00000000000011,43.7000000000001));
#10739=CARTESIAN_POINT('',(-71.7,2.0000000000001,26.8000000000001));
#10740=CARTESIAN_POINT('Origin',(-72.7,2.0000000000001,26.8000000000001));
#10741=CARTESIAN_POINT('Origin',(-88.5812925211516,-30.5217547001864,10.7227762722683));
#10742=CARTESIAN_POINT('',(-98.8312925211517,-25.3312925211514,10.7227762722683));
#10743=CARTESIAN_POINT('',(-78.3312925211517,-25.3312925211511,10.7227762722683));
#10744=CARTESIAN_POINT('',(-83.4562925211517,-25.3312925211512,10.7227762722683));
#10745=CARTESIAN_POINT('',(-98.8312925211518,-40.0217547001864,10.7227762722683));
#10746=CARTESIAN_POINT('',(-98.8312925211518,-40.0217547001864,10.7227762722683));
#10747=CARTESIAN_POINT('',(-78.3312925211515,-40.0217547001864,10.7227762722683));
#10748=CARTESIAN_POINT('',(-78.3312925211515,-40.0217547001864,10.7227762722683));
#10749=CARTESIAN_POINT('',(-78.3312925211515,-21.0217547001864,10.7227762722682));
#10750=CARTESIAN_POINT('',(-96.0312925211517,-27.1312925211514,10.7227762722683));
#10751=CARTESIAN_POINT('Origin',(-97.0312925211517,-27.1312925211514,10.7227762722683));
#10752=CARTESIAN_POINT('',(-79.1312925211517,-27.1312925211511,10.7227762722683));
#10753=CARTESIAN_POINT('Origin',(-80.1312925211517,-27.1312925211511,10.7227762722683));
#10754=CARTESIAN_POINT('Origin',(-97.0312925211517,-27.1312925211514,10.7227762722683));
#10755=CARTESIAN_POINT('',(-96.0312925211517,-27.1312925211514,7.72277627226827));
#10756=CARTESIAN_POINT('Origin',(-97.0312925211517,-27.1312925211514,7.72277627226827));
#10757=CARTESIAN_POINT('',(-96.0312925211517,-27.1312925211514,10.7227762722683));
#10758=CARTESIAN_POINT('Origin',(-80.1312925211517,-27.1312925211511,10.7227762722683));
#10759=CARTESIAN_POINT('',(-79.1312925211517,-27.1312925211511,7.72277627226825));
#10760=CARTESIAN_POINT('Origin',(-80.1312925211517,-27.1312925211511,7.72277627226825));
#10761=CARTESIAN_POINT('',(-79.1312925211517,-27.1312925211511,10.7227762722683));
#10762=CARTESIAN_POINT('Origin',(-98.8312925211518,-40.0217547001864,10.7227762722683));
#10763=CARTESIAN_POINT('',(-98.8312925211518,-40.0217547001864,7.72277627226829));
#10764=CARTESIAN_POINT('',(-98.8312925211518,-40.0217547001864,10.7227762722683));
#10765=CARTESIAN_POINT('',(-78.3312925211515,-40.0217547001864,7.72277627226828));
#10766=CARTESIAN_POINT('',(-78.3312925211515,-40.0217547001864,7.72277627226828));
#10767=CARTESIAN_POINT('',(-78.3312925211515,-40.0217547001864,10.7227762722683));
#10768=CARTESIAN_POINT('Origin',(-98.8312925211518,-21.0217547001864,10.7227762722683));
#10769=CARTESIAN_POINT('',(-98.8312925211517,-25.3312925211514,21.));
#10770=CARTESIAN_POINT('',(-98.8312925211517,-25.3312925211514,10.7227762722683));
#10771=CARTESIAN_POINT('',(-98.8312925211518,-21.0217547001864,21.));
#10772=CARTESIAN_POINT('',(-98.8312925211518,-22.6656462605756,21.));
#10773=CARTESIAN_POINT('',(-98.8312925211518,-21.0217547001864,7.72277627226826));
#10774=CARTESIAN_POINT('',(-98.8312925211518,-21.0217547001864,10.7227762722683));
#10775=CARTESIAN_POINT('',(-98.8312925211518,-40.0217547001864,7.72277627226829));
#10776=CARTESIAN_POINT('Origin',(-78.3312925211515,-21.0217547001864,10.7227762722682));
#10777=CARTESIAN_POINT('',(-78.3312925211515,-21.0217547001864,21.));
#10778=CARTESIAN_POINT('',(-99.4156462605759,-21.0217547001864,21.));
#10779=CARTESIAN_POINT('',(-78.3312925211515,-21.0217547001864,12.7227762722679));
#10780=CARTESIAN_POINT('',(-78.3312925211515,-21.0217547001864,10.7227762722682));
#10781=CARTESIAN_POINT('',(-78.3312925211515,-21.0217547001864,7.72277627226824));
#10782=CARTESIAN_POINT('',(-78.3312925211515,-21.0217547001864,10.7227762722682));
#10783=CARTESIAN_POINT('',(-98.8312925211518,-21.0217547001864,7.72277627226826));
#10784=CARTESIAN_POINT('Origin',(-88.5812925211516,-30.5217547001864,7.72277627226827));
#10785=CARTESIAN_POINT('',(-78.3312925211515,-21.0217547001864,7.72277627226824));
#10786=CARTESIAN_POINT('Origin',(-76.9163985779345,-20.0000000000004,12.7227762722679));
#10787=CARTESIAN_POINT('',(-73.1854068420675,-20.0000000000004,12.722776272268));
#10788=CARTESIAN_POINT('',(-74.644904710627,-20.0000000000003,21.));
#10789=CARTESIAN_POINT('',(-73.9714073597121,-20.0000000000003,17.180406718196));
#10790=CARTESIAN_POINT('',(-78.3312925211518,-20.0000000000004,12.7227762722679));
#10791=CARTESIAN_POINT('',(-76.9163985779345,-20.0000000000004,12.7227762722679));
#10792=CARTESIAN_POINT('',(-78.3312925211518,-20.0000000000003,21.));
#10793=CARTESIAN_POINT('',(-78.3312925211518,-20.0000000000003,14.7920822042009));
#10794=CARTESIAN_POINT('',(-88.4581992889672,-20.0000000000003,21.));
#10795=CARTESIAN_POINT('Origin',(-67.9163985779345,-50.0000000000003,12.7227762722684));
#10796=CARTESIAN_POINT('',(-67.9163985779345,-50.0000000000002,21.));
#10797=CARTESIAN_POINT('',(-78.3312925211514,-50.0000000000002,21.));
#10798=CARTESIAN_POINT('',(-83.9581992889673,-50.0000000000002,21.));
#10799=CARTESIAN_POINT('',(-78.3312925211514,-50.0000000000003,12.7227762722683));
#10800=CARTESIAN_POINT('',(-78.3312925211514,-50.0000000000002,18.9306940680671));
#10801=CARTESIAN_POINT('',(-67.9163985779345,-50.0000000000003,12.7227762722684));
#10802=CARTESIAN_POINT('',(-67.9163985779345,-50.0000000000003,12.7227762722684));
#10803=CARTESIAN_POINT('',(-67.9163985779345,-50.0000000000003,12.7227762722684));
#10804=CARTESIAN_POINT('Origin',(-67.9163985779345,-45.2500000000003,12.7227762722683));
#10805=CARTESIAN_POINT('',(-67.9163985779345,-45.2500000000002,21.));
#10806=CARTESIAN_POINT('',(-67.9163985779345,-32.6250000000001,21.));
#10807=CARTESIAN_POINT('',(-67.9163985779345,-45.2500000000003,12.7227762722683));
#10808=CARTESIAN_POINT('',(-67.9163985779345,-45.2500000000003,12.7227762722683));
#10809=CARTESIAN_POINT('',(-67.9163985779345,-45.2500000000003,12.7227762722683));
#10810=CARTESIAN_POINT('Origin',(-44.2163985779347,-43.45,38.7227762722685));
#10811=CARTESIAN_POINT('',(-45.2163985779345,-43.4500000000003,15.7227762722685));
#10812=CARTESIAN_POINT('Origin',(-44.2163985779345,-43.4500000000003,15.7227762722685));
#10813=CARTESIAN_POINT('',(-45.2163985779345,-43.4500000000003,12.7227762722685));
#10814=CARTESIAN_POINT('',(-45.2163985779347,-43.45,38.7227762722685));
#10815=CARTESIAN_POINT('Origin',(-44.2163985779345,-43.4500000000003,12.7227762722685));
#10816=CARTESIAN_POINT('Origin',(-44.2163985779347,-26.55,38.7227762722683));
#10817=CARTESIAN_POINT('',(-45.2163985779345,-26.5500000000003,15.7227762722683));
#10818=CARTESIAN_POINT('Origin',(-44.2163985779345,-26.5500000000003,15.7227762722683));
#10819=CARTESIAN_POINT('',(-45.2163985779345,-26.5500000000003,12.7227762722683));
#10820=CARTESIAN_POINT('',(-45.2163985779347,-26.55,38.7227762722683));
#10821=CARTESIAN_POINT('Origin',(-44.2163985779345,-26.5500000000003,12.7227762722683));
#10822=CARTESIAN_POINT('Origin',(-47.6438756375837,-35.0000000000003,15.7227762722684));
#10823=CARTESIAN_POINT('',(-52.8713526972329,-45.2500000000003,15.7227762722685));
#10824=CARTESIAN_POINT('',(-42.4163985779345,-45.2500000000003,15.7227762722686));
#10825=CARTESIAN_POINT('',(-45.0301371077591,-45.2500000000003,15.7227762722685));
#10826=CARTESIAN_POINT('',(-42.4163985779345,-24.7500000000003,15.7227762722683));
#10827=CARTESIAN_POINT('',(-42.4163985779345,-20.0000000000003,15.7227762722683));
#10828=CARTESIAN_POINT('',(-52.8713526972329,-24.7500000000003,15.7227762722682));
#10829=CARTESIAN_POINT('',(-62.2801371077591,-24.7500000000003,15.7227762722681));
#10830=CARTESIAN_POINT('',(-52.8713526972329,-50.0000000000003,15.7227762722685));
#10831=CARTESIAN_POINT('Origin',(-52.8713526972329,-50.0000000000002,21.));
#10832=CARTESIAN_POINT('',(-52.8713526972329,-50.0000000000002,21.));
#10833=CARTESIAN_POINT('',(-52.8713526972329,-50.0000000000003,12.7227762722685));
#10834=CARTESIAN_POINT('',(-52.8713526972329,-50.0000000000002,21.));
#10835=CARTESIAN_POINT('',(-42.4163985779345,-50.0000000000003,12.7227762722686));
#10836=CARTESIAN_POINT('',(-50.2576141674083,-50.0000000000003,12.7227762722685));
#10837=CARTESIAN_POINT('',(-42.4163985779346,-50.0000000000002,21.));
#10838=CARTESIAN_POINT('',(-42.4163985779346,-50.0000000000002,21.));
#10839=CARTESIAN_POINT('',(-76.4356763486165,-50.0000000000002,21.));
#10840=CARTESIAN_POINT('Origin',(-42.4163985779346,-19.9999999999999,21.));
#10841=CARTESIAN_POINT('',(-50.00000000063,-19.9999999999999,12.5332417252867));
#10842=CARTESIAN_POINT('',(-49.9999997019768,-19.9999999999999,21.0000003129244));
#10843=CARTESIAN_POINT('',(-49.9999997019768,-19.9999999999999,-21.));
#10844=CARTESIAN_POINT('',(-50.7320508075689,-20.,12.7227762722681));
#10845=CARTESIAN_POINT('Ctrl Pts',(-50.0000000007591,-19.9999999999999,
12.5332417250306));
#10846=CARTESIAN_POINT('Ctrl Pts',(-50.2179044675397,-19.9999999999999,
12.6446085761236));
#10847=CARTESIAN_POINT('Ctrl Pts',(-50.4919732215959,-19.9999999999999,
12.7227762722684));
#10848=CARTESIAN_POINT('Ctrl Pts',(-50.7320508075689,-19.9999999999999,
12.7227762722684));
#10849=CARTESIAN_POINT('',(-52.8713526972329,-19.9999999999999,12.7227762722681));
#10850=CARTESIAN_POINT('',(-45.0301371077591,-20.,12.7227762722682));
#10851=CARTESIAN_POINT('',(-52.8713526972329,-19.9999999999999,21.));
#10852=CARTESIAN_POINT('',(-52.8713526972329,-19.9999999999999,15.7227762722681));
#10853=CARTESIAN_POINT('',(-71.2081992889673,-19.9999999999999,21.));
#10854=CARTESIAN_POINT('Origin',(-82.6300280753455,-10.6175510743289,21.));
#10855=CARTESIAN_POINT('',(-86.140984860709,-12.5341059134374,13.));
#10856=CARTESIAN_POINT('',(-86.6300280753455,-10.6175510743289,14.021700922027));
#10857=CARTESIAN_POINT('Origin',(-82.6300280753455,-10.6175510743289,17.6734457907225));
#10858=CARTESIAN_POINT('',(-85.1271373876183,-13.7423622818358,13.));
#10859=CARTESIAN_POINT('Origin',(-82.6300280753455,-10.6175510743289,13.));
#10860=CARTESIAN_POINT('',(-81.0650041434873,-14.2986786315743,16.2823055092198));
#10861=CARTESIAN_POINT('Origin',(-82.6300280753455,-10.6175510743289,17.6734457907225));
#10862=CARTESIAN_POINT('',(-81.8138918547012,-14.5334062388303,13.));
#10863=CARTESIAN_POINT('Ctrl Pts',(-81.8138918547012,-14.5334062388303,
13.));
#10864=CARTESIAN_POINT('Ctrl Pts',(-81.7313180625514,-14.5161963421875,
13.0365542854948));
#10865=CARTESIAN_POINT('Ctrl Pts',(-81.6508097842666,-14.4966823772908,
13.0732542718643));
#10866=CARTESIAN_POINT('Ctrl Pts',(-81.3030804375271,-14.4013945122933,
13.2365279024073));
#10867=CARTESIAN_POINT('Ctrl Pts',(-80.9941756125858,-14.2773761033277,
13.3946545997158));
#10868=CARTESIAN_POINT('Ctrl Pts',(-80.6570063031334,-14.0990298354681,
13.6173665841422));
#10869=CARTESIAN_POINT('Ctrl Pts',(-80.5487921981298,-14.0348714890784,
13.6956018509897));
#10870=CARTESIAN_POINT('Ctrl Pts',(-80.4250283744718,-13.955272356553,13.835997023345));
#10871=CARTESIAN_POINT('Ctrl Pts',(-80.390100284246,-13.9316849712322,13.8879911990615));
#10872=CARTESIAN_POINT('Ctrl Pts',(-80.3446181337661,-13.9004861027533,
14.0044107167002));
#10873=CARTESIAN_POINT('Ctrl Pts',(-80.334490828345,-13.8932965997984,14.0691149254707));
#10874=CARTESIAN_POINT('Ctrl Pts',(-80.334490828345,-13.8932965997984,14.1364106542321));
#10875=CARTESIAN_POINT('Ctrl Pts',(-80.334490828345,-13.8932965997984,14.2568358744686));
#10876=CARTESIAN_POINT('Ctrl Pts',(-80.3602604655431,-13.9114120903555,
14.373253080423));
#10877=CARTESIAN_POINT('Ctrl Pts',(-80.4214911790135,-13.9527766281414,
14.610063420665));
#10878=CARTESIAN_POINT('Ctrl Pts',(-80.4591598736635,-13.9775533249537,
14.7296105389981));
#10879=CARTESIAN_POINT('Ctrl Pts',(-80.5804669605416,-14.0538902082686,
15.0899457445188));
#10880=CARTESIAN_POINT('Ctrl Pts',(-80.6724603503842,-14.1072042795034,
15.3308956091011));
#10881=CARTESIAN_POINT('Ctrl Pts',(-80.8517675122873,-14.2020491014648,
15.7821585782107));
#10882=CARTESIAN_POINT('Ctrl Pts',(-80.9555169579682,-14.2521303762083,
16.0309251099808));
#10883=CARTESIAN_POINT('Ctrl Pts',(-81.0650041434873,-14.2986786315743,
16.2823055092198));
#10884=CARTESIAN_POINT('',(-79.7075383598762,-13.3486779228982,13.));
#10885=CARTESIAN_POINT('Origin',(-82.6300280753455,-10.6175510743289,13.));
#10886=CARTESIAN_POINT('',(-85.9608494548087,-8.40268562963226,16.3293036866397));
#10887=CARTESIAN_POINT('Ctrl Pts',(-85.9608494548087,-8.40268562963226,
16.3293036866397));
#10888=CARTESIAN_POINT('Ctrl Pts',(-85.8431139931183,-8.22562936923588,
15.9041594782666));
#10889=CARTESIAN_POINT('Ctrl Pts',(-85.7027388996135,-8.04819599019296,
15.4438060032879));
#10890=CARTESIAN_POINT('Ctrl Pts',(-85.5157117479702,-7.84674906691747,
14.9239187390915));
#10891=CARTESIAN_POINT('Ctrl Pts',(-85.4634972767846,-7.7930166189054,14.785230387899));
#10892=CARTESIAN_POINT('Ctrl Pts',(-85.3470030347947,-7.68078623037526,
14.5196081424182));
#10893=CARTESIAN_POINT('Ctrl Pts',(-85.2855281353455,-7.62415103793701,
14.3906715119483));
#10894=CARTESIAN_POINT('Ctrl Pts',(-85.162259970996,-7.52071676669546,14.2556476603028));
#10895=CARTESIAN_POINT('Ctrl Pts',(-85.1134512848007,-7.48111030541838,
14.2199618448785));
#10896=CARTESIAN_POINT('Ctrl Pts',(-85.0050997039503,-7.39828354998077,
14.1878642735489));
#10897=CARTESIAN_POINT('Ctrl Pts',(-84.9457679855713,-7.35539335319997,
14.1899076306823));
#10898=CARTESIAN_POINT('Ctrl Pts',(-84.7341026595489,-7.21030935224168,
14.2234986222014));
#10899=CARTESIAN_POINT('Ctrl Pts',(-84.5468694603755,-7.10212854688478,
14.3046951442243));
#10900=CARTESIAN_POINT('Ctrl Pts',(-84.1405593486147,-6.90375995756171,
14.4743754241846));
#10901=CARTESIAN_POINT('Ctrl Pts',(-83.8641830546552,-6.80132459048614,
14.5948095803703));
#10902=CARTESIAN_POINT('Ctrl Pts',(-83.2919898081653,-6.66172883122825,
14.8266312108028));
#10903=CARTESIAN_POINT('Ctrl Pts',(-82.996421268434,-6.62495304583241,14.9388624338241));
#10904=CARTESIAN_POINT('Ctrl Pts',(-82.4174726036229,-6.61156799182759,
15.1424603969779));
#10905=CARTESIAN_POINT('Ctrl Pts',(-82.0814625691147,-6.64094877072104,
15.250585655714));
#10906=CARTESIAN_POINT('Ctrl Pts',(-81.4218302729084,-6.78942515221889,
15.4364746683183));
#10907=CARTESIAN_POINT('Ctrl Pts',(-81.0982352875821,-6.90877251743918,
15.5141340201931));
#10908=CARTESIAN_POINT('Ctrl Pts',(-80.6158292983235,-7.15450441982598,
15.6096617851859));
#10909=CARTESIAN_POINT('Ctrl Pts',(-80.4065180930675,-7.28343132453201,
15.644462856825));
#10910=CARTESIAN_POINT('Ctrl Pts',(-80.0152301598217,-7.58058169540783,
15.6926278653089));
#10911=CARTESIAN_POINT('Ctrl Pts',(-79.8332837518768,-7.74885013899835,
15.7059606141953));
#10912=CARTESIAN_POINT('Ctrl Pts',(-79.5274101660295,-8.08277856360545,
15.7128979772861));
#10913=CARTESIAN_POINT('Ctrl Pts',(-79.3754009540863,-8.27914791365916,
15.7071275056488));
#10914=CARTESIAN_POINT('Ctrl Pts',(-79.1129777757223,-8.69633160998709,
15.6733479501162));
#10915=CARTESIAN_POINT('Ctrl Pts',(-79.0025300505546,-8.91712566222832,
15.6453505052046));
#10916=CARTESIAN_POINT('Ctrl Pts',(-78.8029765878047,-9.41328818254808,
15.5649948470627));
#10917=CARTESIAN_POINT('Ctrl Pts',(-78.7139349332403,-9.7381977624014,15.4974625412596));
#10918=CARTESIAN_POINT('Ctrl Pts',(-78.6227448918397,-10.3923195761376,
15.3294244451056));
#10919=CARTESIAN_POINT('Ctrl Pts',(-78.620353788444,-10.7215162839443,15.2289900281513));
#10920=CARTESIAN_POINT('Ctrl Pts',(-78.6779539908625,-11.2951727611566,
15.0305916072069));
#10921=CARTESIAN_POINT('Ctrl Pts',(-78.7391074535841,-11.5917570813007,
14.9162525360682));
#10922=CARTESIAN_POINT('Ctrl Pts',(-78.9258198213538,-12.1561159205589,
14.6696024841334));
#10923=CARTESIAN_POINT('Ctrl Pts',(-79.0513076611633,-12.4240251537089,
14.5375460351879));
#10924=CARTESIAN_POINT('Ctrl Pts',(-79.2889412924921,-12.8260994933421,
14.3102657928602));
#10925=CARTESIAN_POINT('Ctrl Pts',(-79.4275036802565,-13.0215826785084,
14.1886051899961));
#10926=CARTESIAN_POINT('Ctrl Pts',(-79.6063994657413,-13.2378891539957,
14.0085553240033));
#10927=CARTESIAN_POINT('Ctrl Pts',(-79.6726486684506,-13.3118685717705,
13.9387617743893));
#10928=CARTESIAN_POINT('Ctrl Pts',(-79.748698336361,-13.3923130510101,13.8120108990022));
#10929=CARTESIAN_POINT('Ctrl Pts',(-79.7699298726132,-13.4140144449658,
13.7650236170534));
#10930=CARTESIAN_POINT('Ctrl Pts',(-79.7969313993091,-13.4413663509175,
13.6633381591468));
#10931=CARTESIAN_POINT('Ctrl Pts',(-79.8026643446764,-13.4470411935018,
13.6086366956799));
#10932=CARTESIAN_POINT('Ctrl Pts',(-79.8026643446764,-13.4470411935018,
13.4574240226413));
#10933=CARTESIAN_POINT('Ctrl Pts',(-79.7875592624467,-13.4319967387778,
13.3623182554491));
#10934=CARTESIAN_POINT('Ctrl Pts',(-79.7513090087677,-13.3948863839775,
13.1778893073002));
#10935=CARTESIAN_POINT('Ctrl Pts',(-79.7300635577549,-13.3727814020807,
13.0890478249337));
#10936=CARTESIAN_POINT('Ctrl Pts',(-79.7075383598762,-13.3486779228982,
13.));
#10937=CARTESIAN_POINT('Origin',(-82.6300280753455,-10.6175510743289,17.6734457907225));
#10938=CARTESIAN_POINT('',(-86.6300280753455,-10.6175510743289,21.));
#10939=CARTESIAN_POINT('',(-86.6300280753455,-10.6175510743289,21.));
#10940=CARTESIAN_POINT('Origin',(-82.6300280753455,-10.6175510743289,21.));
#10941=CARTESIAN_POINT('Origin',(-82.6300280753455,-10.6175510743289,21.));
#10942=CARTESIAN_POINT('',(-84.9665483610068,-7.37091081789558,13.));
#10943=CARTESIAN_POINT('',(-86.2712292647443,-8.96175703571148,13.));
#10944=CARTESIAN_POINT('Ctrl Pts',(-84.9665483610068,-7.37091081789557,
13.));
#10945=CARTESIAN_POINT('Ctrl Pts',(-85.0358481820739,-7.42078404835132,
13.1434913273934));
#10946=CARTESIAN_POINT('Ctrl Pts',(-85.1100085924151,-7.47687265419973,
13.2921340057537));
#10947=CARTESIAN_POINT('Ctrl Pts',(-85.2260123294954,-7.57421134719898,
13.419200645129));
#10948=CARTESIAN_POINT('Ctrl Pts',(-85.2535571853677,-7.5978395411756,13.4435159761888));
#10949=CARTESIAN_POINT('Ctrl Pts',(-85.3127248757124,-7.65027951180559,
13.479235606888));
#10950=CARTESIAN_POINT('Ctrl Pts',(-85.3443828193256,-7.679150044779,13.4904953108363));
#10951=CARTESIAN_POINT('Ctrl Pts',(-85.4399973750425,-7.76943640978738,
13.5050907053424));
#10952=CARTESIAN_POINT('Ctrl Pts',(-85.5052553880874,-7.83548652290435,
13.4906599675291));
#10953=CARTESIAN_POINT('Ctrl Pts',(-85.7442361473786,-8.09289267093278,
13.4112534355227));
#10954=CARTESIAN_POINT('Ctrl Pts',(-85.9264332235714,-8.33735820626793,
13.2835410534959));
#10955=CARTESIAN_POINT('Ctrl Pts',(-86.1345489011018,-8.68358885253517,
13.1233112296113));
#10956=CARTESIAN_POINT('Ctrl Pts',(-86.2064244272867,-8.81924688908328,
13.0618292802851));
#10957=CARTESIAN_POINT('Ctrl Pts',(-86.2712292647443,-8.96175703571147,
13.));
#10958=CARTESIAN_POINT('Origin',(-82.6300280753455,-10.6175510743289,13.));
#10959=CARTESIAN_POINT('Origin',(-82.6300280753455,-10.6175510743289,13.));
#10960=CARTESIAN_POINT('',(-85.6389110991193,-13.1324541225592,13.));
#10961=CARTESIAN_POINT('Origin',(-82.6300280753455,-10.6175510743289,13.));
#10962=CARTESIAN_POINT('Origin',(-81.8681708232604,-9.95857776054672,13.));
#10963=CARTESIAN_POINT('Origin',(-82.6300280753455,-10.6175510743289,13.));
#10964=CARTESIAN_POINT('Origin',(-81.8681708232604,-9.95857776054672,13.));
#10965=CARTESIAN_POINT('Origin',(-57.3699719246545,-10.6175510743289,21.));
#10966=CARTESIAN_POINT('',(-54.8728626123817,-13.7423622818358,13.));
#10967=CARTESIAN_POINT('',(-58.9349958565127,-14.2986786315743,16.2823055092198));
#10968=CARTESIAN_POINT('Origin',(-57.3699719246545,-10.6175510743289,17.6734457907225));
#10969=CARTESIAN_POINT('',(-53.859015139291,-12.5341059134374,13.));
#10970=CARTESIAN_POINT('Origin',(-57.3699719246545,-10.6175510743289,13.));
#10971=CARTESIAN_POINT('',(-53.3699719246545,-10.6175510743289,14.021700922027));
#10972=CARTESIAN_POINT('Origin',(-57.3699719246545,-10.6175510743289,17.6734457907225));
#10973=CARTESIAN_POINT('',(-53.3699719246545,-10.6175510743289,21.));
#10974=CARTESIAN_POINT('',(-53.3699719246545,-10.6175510743289,21.));
#10975=CARTESIAN_POINT('Origin',(-57.3699719246545,-10.6175510743289,21.));
#10976=CARTESIAN_POINT('',(-54.0391505451913,-8.40268562963226,16.3293036866397));
#10977=CARTESIAN_POINT('Origin',(-57.3699719246545,-10.6175510743289,17.6734457907225));
#10978=CARTESIAN_POINT('',(-60.2924616401238,-13.3486779228982,13.));
#10979=CARTESIAN_POINT('Ctrl Pts',(-60.2924616401238,-13.3486779228982,
13.));
#10980=CARTESIAN_POINT('Ctrl Pts',(-60.2699364432986,-13.3727814009534,
13.0890478207689));
#10981=CARTESIAN_POINT('Ctrl Pts',(-60.2486909911539,-13.3948863840578,
13.1778893076992));
#10982=CARTESIAN_POINT('Ctrl Pts',(-60.2124407375533,-13.4319967387778,
13.3623182554492));
#10983=CARTESIAN_POINT('Ctrl Pts',(-60.1973356553236,-13.4470411935018,
13.4574240226413));
#10984=CARTESIAN_POINT('Ctrl Pts',(-60.1973356553236,-13.4470411935018,
13.5538655939486));
#10985=CARTESIAN_POINT('Ctrl Pts',(-60.1973356553236,-13.4470411935018,
13.6086366956799));
#10986=CARTESIAN_POINT('Ctrl Pts',(-60.2030686006909,-13.4413663509175,
13.6633381591468));
#10987=CARTESIAN_POINT('Ctrl Pts',(-60.2300701273868,-13.4140144449658,
13.7650236170534));
#10988=CARTESIAN_POINT('Ctrl Pts',(-60.251301663639,-13.3923130510101,13.8120108990022));
#10989=CARTESIAN_POINT('Ctrl Pts',(-60.3273513315493,-13.3118685717706,
13.9387617743893));
#10990=CARTESIAN_POINT('Ctrl Pts',(-60.3936005342587,-13.2378891539957,
14.0085553240033));
#10991=CARTESIAN_POINT('Ctrl Pts',(-60.5724963197435,-13.0215826785084,
14.1886051899961));
#10992=CARTESIAN_POINT('Ctrl Pts',(-60.7110587075079,-12.8260994933421,
14.3102657928602));
#10993=CARTESIAN_POINT('Ctrl Pts',(-60.9486923388367,-12.4240251537089,
14.5375460351879));
#10994=CARTESIAN_POINT('Ctrl Pts',(-61.0741801786462,-12.1561159205589,
14.6696024841334));
#10995=CARTESIAN_POINT('Ctrl Pts',(-61.2608925464159,-11.5917570813007,
14.9162525360682));
#10996=CARTESIAN_POINT('Ctrl Pts',(-61.3220460091375,-11.2951727611566,
15.0305916072069));
#10997=CARTESIAN_POINT('Ctrl Pts',(-61.379646211556,-10.7215162839443,15.2289900281513));
#10998=CARTESIAN_POINT('Ctrl Pts',(-61.3772551081603,-10.3923195761376,
15.3294244451056));
#10999=CARTESIAN_POINT('Ctrl Pts',(-61.2860650667597,-9.7381977624014,15.4974625412596));
#11000=CARTESIAN_POINT('Ctrl Pts',(-61.1970234121953,-9.41328818254808,
15.5649948470627));
#11001=CARTESIAN_POINT('Ctrl Pts',(-60.9974699494454,-8.91712566222832,
15.6453505052046));
#11002=CARTESIAN_POINT('Ctrl Pts',(-60.8870222242777,-8.69633160998709,
15.6733479501162));
#11003=CARTESIAN_POINT('Ctrl Pts',(-60.6245990459137,-8.27914791365917,
15.7071275056488));
#11004=CARTESIAN_POINT('Ctrl Pts',(-60.4725898339705,-8.08277856360545,
15.7128979772861));
#11005=CARTESIAN_POINT('Ctrl Pts',(-60.1667162481232,-7.74885013899835,
15.7059606141953));
#11006=CARTESIAN_POINT('Ctrl Pts',(-59.9847698401783,-7.58058169540784,
15.6926278653089));
#11007=CARTESIAN_POINT('Ctrl Pts',(-59.5934819069324,-7.28343132453201,
15.644462856825));
#11008=CARTESIAN_POINT('Ctrl Pts',(-59.3841707016765,-7.15450441982598,
15.6096617851859));
#11009=CARTESIAN_POINT('Ctrl Pts',(-58.9017647124179,-6.90877251743918,
15.5141340201931));
#11010=CARTESIAN_POINT('Ctrl Pts',(-58.5781697270916,-6.78942515221889,
15.4364746683183));
#11011=CARTESIAN_POINT('Ctrl Pts',(-57.9185374308853,-6.64094877072105,
15.250585655714));
#11012=CARTESIAN_POINT('Ctrl Pts',(-57.5825273963771,-6.61156799182759,
15.1424603969779));
#11013=CARTESIAN_POINT('Ctrl Pts',(-57.003578731566,-6.6249530458324,14.9388624338241));
#11014=CARTESIAN_POINT('Ctrl Pts',(-56.7080101918347,-6.66172883122825,
14.8266312108028));
#11015=CARTESIAN_POINT('Ctrl Pts',(-56.1358169453448,-6.80132459048614,
14.5948095803703));
#11016=CARTESIAN_POINT('Ctrl Pts',(-55.8594406513853,-6.90375995756171,
14.4743754241846));
#11017=CARTESIAN_POINT('Ctrl Pts',(-55.4531305396245,-7.10212854688478,
14.3046951442243));
#11018=CARTESIAN_POINT('Ctrl Pts',(-55.2658973404511,-7.21030935224168,
14.2234986222014));
#11019=CARTESIAN_POINT('Ctrl Pts',(-55.0542320144287,-7.35539335319998,
14.1899076306823));
#11020=CARTESIAN_POINT('Ctrl Pts',(-54.9949002960497,-7.39828354998078,
14.1878642735489));
#11021=CARTESIAN_POINT('Ctrl Pts',(-54.8865487151993,-7.48111030541838,
14.2199618448785));
#11022=CARTESIAN_POINT('Ctrl Pts',(-54.837740029004,-7.52071676669546,14.2556476603028));
#11023=CARTESIAN_POINT('Ctrl Pts',(-54.7144718646545,-7.62415103793701,
14.3906715119483));
#11024=CARTESIAN_POINT('Ctrl Pts',(-54.6529969652054,-7.68078623037527,
14.5196081424182));
#11025=CARTESIAN_POINT('Ctrl Pts',(-54.5365027232154,-7.7930166189054,14.785230387899));
#11026=CARTESIAN_POINT('Ctrl Pts',(-54.4842882520298,-7.84674906691747,
14.9239187390915));
#11027=CARTESIAN_POINT('Ctrl Pts',(-54.2972611003865,-8.04819599019296,
15.4438060032879));
#11028=CARTESIAN_POINT('Ctrl Pts',(-54.1568860068817,-8.22562936923588,
15.9041594782666));
#11029=CARTESIAN_POINT('Ctrl Pts',(-54.0391505451913,-8.40268562963226,
16.3293036866397));
#11030=CARTESIAN_POINT('',(-58.1861081452988,-14.5334062388303,13.));
#11031=CARTESIAN_POINT('Origin',(-57.3699719246545,-10.6175510743289,13.));
#11032=CARTESIAN_POINT('Ctrl Pts',(-58.9349958565127,-14.2986786315743,
16.2823055092198));
#11033=CARTESIAN_POINT('Ctrl Pts',(-59.0444830420318,-14.2521303762083,
16.0309251099808));
#11034=CARTESIAN_POINT('Ctrl Pts',(-59.1482324877127,-14.2020491014648,
15.7821585782107));
#11035=CARTESIAN_POINT('Ctrl Pts',(-59.3275396496158,-14.1072042795034,
15.330895609101));
#11036=CARTESIAN_POINT('Ctrl Pts',(-59.4195330394584,-14.0538902082686,
15.0899457445188));
#11037=CARTESIAN_POINT('Ctrl Pts',(-59.5408401263365,-13.9775533249537,
14.7296105389981));
#11038=CARTESIAN_POINT('Ctrl Pts',(-59.5785088209865,-13.9527766281414,
14.610063420665));
#11039=CARTESIAN_POINT('Ctrl Pts',(-59.6397395344569,-13.9114120903555,
14.373253080423));
#11040=CARTESIAN_POINT('Ctrl Pts',(-59.665509171655,-13.8932965997984,14.2568358744686));
#11041=CARTESIAN_POINT('Ctrl Pts',(-59.665509171655,-13.8932965997984,14.0691149254707));
#11042=CARTESIAN_POINT('Ctrl Pts',(-59.6553818662339,-13.9004861027533,
14.0044107167002));
#11043=CARTESIAN_POINT('Ctrl Pts',(-59.609899715754,-13.9316849712322,13.8879911990615));
#11044=CARTESIAN_POINT('Ctrl Pts',(-59.5749716255283,-13.9552723565529,
13.8359970233449));
#11045=CARTESIAN_POINT('Ctrl Pts',(-59.4512078018702,-14.0348714890784,
13.6956018509896));
#11046=CARTESIAN_POINT('Ctrl Pts',(-59.3429936968666,-14.0990298354681,
13.6173665841422));
#11047=CARTESIAN_POINT('Ctrl Pts',(-59.0058243874142,-14.2773761033277,
13.3946545997158));
#11048=CARTESIAN_POINT('Ctrl Pts',(-58.6969195624729,-14.4013945122933,
13.2365279024073));
#11049=CARTESIAN_POINT('Ctrl Pts',(-58.3491902157312,-14.4966823772914,
13.0732542718632));
#11050=CARTESIAN_POINT('Ctrl Pts',(-58.2686819374468,-14.5161963421879,
13.036554285494));
#11051=CARTESIAN_POINT('Ctrl Pts',(-58.1861081452988,-14.5334062388303,
13.));
#11052=CARTESIAN_POINT('Origin',(-57.3699719246545,-10.6175510743289,21.));
#11053=CARTESIAN_POINT('',(-53.7287707352557,-8.96175703571148,13.));
#11054=CARTESIAN_POINT('',(-55.0334516389932,-7.37091081789558,13.));
#11055=CARTESIAN_POINT('Ctrl Pts',(-53.7287707352557,-8.96175703571148,
13.));
#11056=CARTESIAN_POINT('Ctrl Pts',(-53.7935755727133,-8.81924688908328,
13.0618292802851));
#11057=CARTESIAN_POINT('Ctrl Pts',(-53.8654510988982,-8.68358885253517,
13.1233112296113));
#11058=CARTESIAN_POINT('Ctrl Pts',(-54.0735667764286,-8.33735820626793,
13.2835410534959));
#11059=CARTESIAN_POINT('Ctrl Pts',(-54.2557638526214,-8.09289267093278,
13.4112534355227));
#11060=CARTESIAN_POINT('Ctrl Pts',(-54.4947446119126,-7.83548652290435,
13.4906599675291));
#11061=CARTESIAN_POINT('Ctrl Pts',(-54.5600026249575,-7.76943640978739,
13.5050907053424));
#11062=CARTESIAN_POINT('Ctrl Pts',(-54.6556171806744,-7.67915004477901,
13.4904953108364));
#11063=CARTESIAN_POINT('Ctrl Pts',(-54.6872751242876,-7.65027951180561,
13.479235606888));
#11064=CARTESIAN_POINT('Ctrl Pts',(-54.7464428146323,-7.59783954117561,
13.4435159761888));
#11065=CARTESIAN_POINT('Ctrl Pts',(-54.7739876705046,-7.57421134719898,
13.419200645129));
#11066=CARTESIAN_POINT('Ctrl Pts',(-54.8899914075849,-7.47687265419973,
13.2921340057537));
#11067=CARTESIAN_POINT('Ctrl Pts',(-54.9641518179261,-7.42078404835134,
13.1434913273934));
#11068=CARTESIAN_POINT('Ctrl Pts',(-55.0334516389932,-7.37091081789558,
13.));
#11069=CARTESIAN_POINT('Origin',(-57.3699719246545,-10.6175510743289,13.));
#11070=CARTESIAN_POINT('Origin',(-57.3699719246545,-10.6175510743289,13.));
#11071=CARTESIAN_POINT('',(-54.3610889008807,-13.1324541225592,13.));
#11072=CARTESIAN_POINT('Origin',(-57.3699719246545,-10.6175510743289,13.));
#11073=CARTESIAN_POINT('Origin',(-58.1318291767396,-9.95857776054672,13.));
#11074=CARTESIAN_POINT('Origin',(-57.3699719246545,-10.6175510743289,13.));
#11075=CARTESIAN_POINT('Origin',(-58.1318291767396,-9.95857776054672,13.));
#11076=CARTESIAN_POINT('Origin',(-59.4371664009976,-8.86326977710988,11.5701769743577));
#11077=CARTESIAN_POINT('',(-53.3450714292507,-8.75351526367059,15.4269026324769));
#11078=CARTESIAN_POINT('Origin',(-55.9162218679968,-11.8176930361465,15.4269026324769));
#11079=CARTESIAN_POINT('',(-56.8660159622515,-5.79909200463397,11.5701769743577));
#11080=CARTESIAN_POINT('',(-56.8660159622515,-5.79909200463397,11.5701769743577));
#11081=CARTESIAN_POINT('Origin',(-59.4371664009976,-8.86326977710988,11.5701769743577));
#11082=CARTESIAN_POINT('Origin',(-55.9162218679968,-11.8176930361465,15.4269026324769));
#11083=CARTESIAN_POINT('Origin',(-59.4371664009976,-8.86326977710988,11.5701769743577));
#11084=CARTESIAN_POINT('',(-57.8239192119189,-7.41179144011106,11.2092821025593));
#11085=CARTESIAN_POINT('Origin',(-59.4371664009976,-8.86326977710988,11.5701769743577));
#11086=CARTESIAN_POINT('Origin',(-55.9162218679968,-11.8176930361465,15.4269026324769));
#11087=CARTESIAN_POINT('Origin',(-80.5628335990024,-8.86326977710988,11.5701769743577));
#11088=CARTESIAN_POINT('',(-86.6549285707493,-8.75351526367059,15.4269026324769));
#11089=CARTESIAN_POINT('Origin',(-84.0837781320032,-11.8176930361465,15.4269026324769));
#11090=CARTESIAN_POINT('',(-83.1339840377485,-5.79909200463397,11.5701769743577));
#11091=CARTESIAN_POINT('',(-83.1339840377485,-5.79909200463397,11.5701769743577));
#11092=CARTESIAN_POINT('Origin',(-80.5628335990024,-8.86326977710988,11.5701769743577));
#11093=CARTESIAN_POINT('Origin',(-84.0837781320032,-11.8176930361465,15.4269026324769));
#11094=CARTESIAN_POINT('Origin',(-80.5628335990024,-8.86326977710988,11.5701769743577));
#11095=CARTESIAN_POINT('',(-82.1760807880811,-7.41179144011106,11.2092821025593));
#11096=CARTESIAN_POINT('Origin',(-80.5628335990024,-8.86326977710988,11.5701769743577));
#11097=CARTESIAN_POINT('Origin',(-84.0837781320032,-11.8176930361465,15.4269026324769));
#11098=CARTESIAN_POINT('Origin',(-52.8713526972329,-45.2500000000002,21.));
#11099=CARTESIAN_POINT('',(-52.8713526972329,-45.2500000000002,21.));
#11100=CARTESIAN_POINT('',(-52.8713526972329,-45.2500000000002,15.7227762722685));
#11101=CARTESIAN_POINT('',(-52.8713526972329,-24.7500000000002,21.));
#11102=CARTESIAN_POINT('',(-52.8713526972329,-24.7500000000002,21.));
#11103=CARTESIAN_POINT('',(-52.8713526972329,-19.9999999999999,21.));
#11104=CARTESIAN_POINT('',(-52.8713526972329,-27.5000000000001,12.7227762722682));
#11105=CARTESIAN_POINT('',(-52.8713526972329,-32.6250000000001,21.));
#11106=CARTESIAN_POINT('Origin',(-98.8312925211517,-25.3312925211514,33.7227762722683));
#11107=CARTESIAN_POINT('',(-98.8312925211517,-25.3312925211514,25.));
#11108=CARTESIAN_POINT('',(-98.8312925211512,-59.8312925211514,25.));
#11109=CARTESIAN_POINT('',(-98.8312925211518,-22.665646260576,25.));
#11110=CARTESIAN_POINT('',(-98.8312925211513,-59.8312925211514,21.));
#11111=CARTESIAN_POINT('',(-98.8312925211512,-59.8312925211514,33.7227762722683));
#11112=CARTESIAN_POINT('',(-98.8312925211518,-22.6656462605756,21.));
#11113=CARTESIAN_POINT('',(-98.8312925211517,-25.3312925211514,33.7227762722683));
#11114=CARTESIAN_POINT('Origin',(-98.8312925211512,-59.8312925211514,33.7227762722683));
#11115=CARTESIAN_POINT('',(-78.3312925211513,-59.8312925211511,25.));
#11116=CARTESIAN_POINT('',(-69.4156462605754,-59.831292521151,25.));
#11117=CARTESIAN_POINT('',(-78.3312925211513,-59.8312925211511,21.));
#11118=CARTESIAN_POINT('',(-78.3312925211512,-59.8312925211511,33.7227762722683));
#11119=CARTESIAN_POINT('',(-99.4156462605753,-59.8312925211514,21.));
#11120=CARTESIAN_POINT('Origin',(-78.3312925211512,-59.8312925211511,33.7227762722683));
#11121=CARTESIAN_POINT('',(-78.3312925211517,-25.3312925211511,25.));
#11122=CARTESIAN_POINT('',(-78.3312925211515,-39.9156462605758,25.));
#11123=CARTESIAN_POINT('',(-78.3312925211517,-25.3312925211511,12.722776272268));
#11124=CARTESIAN_POINT('',(-78.3312925211517,-25.3312925211511,33.7227762722683));
#11125=CARTESIAN_POINT('',(-78.3312925211517,-30.4935532623148,12.722776272268));
#11126=CARTESIAN_POINT('',(-78.3312925211517,-27.8701649467362,12.722776272268));
#11127=CARTESIAN_POINT('',(-78.3312925211516,-30.4935532623147,21.));
#11128=CARTESIAN_POINT('',(-78.3312925211516,-30.4935532623148,16.292082204201));
#11129=CARTESIAN_POINT('',(-78.3312925211515,-39.4378251723139,21.));
#11130=CARTESIAN_POINT('',(-78.3312925211515,-39.9156462605754,21.));
#11131=CARTESIAN_POINT('',(-78.3312925211515,-39.437825172314,12.7227762722682));
#11132=CARTESIAN_POINT('',(-78.3312925211515,-39.437825172314,17.0420822042011));
#11133=CARTESIAN_POINT('',(-78.3312925211514,-47.3594562930788,12.7227762722683));
#11134=CARTESIAN_POINT('',(-78.3312925211515,-39.9156462605754,21.));
#11135=CARTESIAN_POINT('Origin',(-78.3312925211517,-25.3312925211511,33.7227762722683));
#11136=CARTESIAN_POINT('',(-59.1656462605758,-25.3312925211509,25.));
#11137=CARTESIAN_POINT('',(-78.3312925211517,-25.3312925211511,10.7227762722683));
#11138=CARTESIAN_POINT('Origin',(-42.4163985779345,-45.2500000000003,15.7227762722685));
#11139=CARTESIAN_POINT('',(-71.2081992889673,-45.2500000000002,21.));
#11140=CARTESIAN_POINT('',(-69.5336967914913,-45.2500000000003,12.7227762722683));
#11141=CARTESIAN_POINT('',(-76.9163985779345,-45.2500000000003,12.7227762722683));
#11142=CARTESIAN_POINT('',(-69.5336967914913,-45.2500000000003,15.7227762722683));
#11143=CARTESIAN_POINT('',(-69.5336967914913,-45.2500000000003,15.7227762722683));
#11144=CARTESIAN_POINT('',(-76.9163985779345,-45.2500000000003,15.7227762722683));
#11145=CARTESIAN_POINT('',(-76.9163985779345,-45.2500000000003,15.7227762722683));
#11146=CARTESIAN_POINT('',(-76.9163985779346,-45.2500000000002,25.));
#11147=CARTESIAN_POINT('',(-76.9163985779345,-45.2500000000003,15.7227762722683));
#11148=CARTESIAN_POINT('',(-42.4163985779346,-45.2500000000002,25.));
#11149=CARTESIAN_POINT('',(-41.2081992889673,-45.2500000000002,25.));
#11150=CARTESIAN_POINT('',(-42.4163985779346,-45.2500000000002,21.));
#11151=CARTESIAN_POINT('',(-42.4163985779345,-45.2500000000003,15.7227762722685));
#11152=CARTESIAN_POINT('',(-42.4163985779346,-45.2500000000002,21.));
#11153=CARTESIAN_POINT('Origin',(-76.9163985779345,-45.2500000000003,15.7227762722683));
#11154=CARTESIAN_POINT('',(-76.9163985779345,-39.437825172314,15.7227762722682));
#11155=CARTESIAN_POINT('',(-76.9163985779345,-45.2500000000003,15.7227762722683));
#11156=CARTESIAN_POINT('',(-76.9163985779346,-39.4378251723139,21.));
#11157=CARTESIAN_POINT('',(-76.9163985779346,-39.4378251723139,21.));
#11158=CARTESIAN_POINT('',(-76.9163985779346,-30.4935532623147,21.));
#11159=CARTESIAN_POINT('',(-76.9163985779346,-32.6250000000001,21.));
#11160=CARTESIAN_POINT('',(-76.9163985779345,-30.4935532623148,15.7227762722681));
#11161=CARTESIAN_POINT('',(-76.9163985779346,-30.4935532623147,21.));
#11162=CARTESIAN_POINT('',(-76.9163985779345,-24.7500000000003,15.722776272268));
#11163=CARTESIAN_POINT('',(-76.9163985779345,-24.7500000000003,15.722776272268));
#11164=CARTESIAN_POINT('',(-76.9163985779346,-24.7500000000002,25.));
#11165=CARTESIAN_POINT('',(-76.9163985779345,-24.7500000000003,15.722776272268));
#11166=CARTESIAN_POINT('',(-76.9163985779346,-32.6250000000001,25.));
#11167=CARTESIAN_POINT('Origin',(-76.9163985779345,-24.7500000000003,15.722776272268));
#11168=CARTESIAN_POINT('',(-42.4163985779346,-24.7500000000002,21.));
#11169=CARTESIAN_POINT('',(-42.4163985779346,-24.7500000000002,21.));
#11170=CARTESIAN_POINT('',(-42.4163985779346,-24.7500000000002,25.));
#11171=CARTESIAN_POINT('',(-42.4163985779345,-24.7500000000003,15.7227762722683));
#11172=CARTESIAN_POINT('',(-58.4581992889673,-24.7500000000002,25.));
#11173=CARTESIAN_POINT('',(-69.8432677164035,-24.7500000000003,15.722776272268));
#11174=CARTESIAN_POINT('',(-42.4163985779345,-24.7500000000003,15.7227762722683));
#11175=CARTESIAN_POINT('',(-69.8432677164034,-24.7500000000003,12.722776272268));
#11176=CARTESIAN_POINT('',(-69.8432677164035,-24.7500000000003,15.722776272268));
#11177=CARTESIAN_POINT('',(-67.9163985779345,-24.7500000000004,12.7227762722681));
#11178=CARTESIAN_POINT('',(-76.9163985779345,-24.7500000000004,12.722776272268));
#11179=CARTESIAN_POINT('',(-67.9163985779345,-24.7500000000002,21.));
#11180=CARTESIAN_POINT('',(-67.9163985779345,-24.7500000000004,12.7227762722681));
#11181=CARTESIAN_POINT('',(-88.4581992889673,-24.7500000000002,21.));
#11182=CARTESIAN_POINT('Origin',(-42.4163985779345,-24.7500000000003,15.7227762722683));
#11183=CARTESIAN_POINT('',(-42.4163985779346,-22.3750000000001,21.));
#11184=CARTESIAN_POINT('',(-42.4163985779346,-22.3750000000001,25.));
#11185=CARTESIAN_POINT('Origin',(-67.4163985779345,-34.9656892173144,15.7227762722682));
#11186=CARTESIAN_POINT('',(-74.265961557752,-42.9239231285232,15.7227762722682));
#11187=CARTESIAN_POINT('Origin',(-67.4163985779345,-34.9656892173144,15.7227762722682));
#11188=CARTESIAN_POINT('',(-74.265961557752,-42.9239231285232,12.7227762722682));
#11189=CARTESIAN_POINT('Origin',(-67.4163985779345,-34.9656892173144,12.7227762722682));
#11190=CARTESIAN_POINT('',(-74.265961557752,-42.9239231285232,15.7227762722682));
#11191=CARTESIAN_POINT('Origin',(-67.4163985779345,-34.9656892173144,15.7227762722682));
#11192=CARTESIAN_POINT('',(-74.6750201230426,-42.552678954021,15.7227762722682));
#11193=CARTESIAN_POINT('Origin',(-67.4163985779345,-34.9656892173144,15.7227762722682));
#11194=CARTESIAN_POINT('',(-74.6750201230426,-42.5526789540211,12.7227762722682));
#11195=CARTESIAN_POINT('',(-74.6750201230426,-42.552678954021,15.7227762722682));
#11196=CARTESIAN_POINT('',(-76.9163985779345,-39.437825172314,12.7227762722682));
#11197=CARTESIAN_POINT('Origin',(-67.4163985779345,-34.9656892173144,12.7227762722682));
#11198=CARTESIAN_POINT('',(-76.9163985779345,-39.437825172314,15.7227762722682));
#11199=CARTESIAN_POINT('Origin',(-75.1163985779345,-43.4500000000003,15.7227762722682));
#11200=CARTESIAN_POINT('Origin',(-75.1163985779345,-43.4500000000003,15.7227762722682));
#11201=CARTESIAN_POINT('Origin',(-75.1163985779345,-43.4500000000003,12.7227762722682));
#11202=CARTESIAN_POINT('Origin',(-73.2250476847129,-42.3439125861572,12.7227762722682));
#11203=CARTESIAN_POINT('',(-76.9163985779345,-39.437825172314,12.7227762722682));
#11204=CARTESIAN_POINT('Origin',(-73.2250476847129,-42.3439125861571,15.7227762722682));
#11205=CARTESIAN_POINT('Origin',(-67.4163985779345,-34.9656892173144,15.7227762722682));
#11206=CARTESIAN_POINT('',(-74.7974800592357,-27.497782136586,15.722776272268));
#11207=CARTESIAN_POINT('Origin',(-67.4163985779345,-34.9656892173144,15.7227762722682));
#11208=CARTESIAN_POINT('',(-76.9163985779345,-30.4935532623148,12.7227762722681));
#11209=CARTESIAN_POINT('',(-76.9163985779345,-30.4935532623148,15.7227762722681));
#11210=CARTESIAN_POINT('',(-74.7974800592356,-27.497782136586,12.722776272268));
#11211=CARTESIAN_POINT('Origin',(-67.4163985779345,-34.9656892173144,12.7227762722682));
#11212=CARTESIAN_POINT('',(-74.7974800592357,-27.497782136586,15.722776272268));
#11213=CARTESIAN_POINT('Origin',(-67.4163985779345,-34.9656892173144,15.7227762722682));
#11214=CARTESIAN_POINT('',(-74.2006177669071,-26.9516783615708,15.722776272268));
#11215=CARTESIAN_POINT('Origin',(-67.4163985779345,-34.9656892173144,15.7227762722682));
#11216=CARTESIAN_POINT('',(-74.2006177669071,-26.9516783615708,12.722776272268));
#11217=CARTESIAN_POINT('',(-74.2006177669071,-26.9516783615708,15.722776272268));
#11218=CARTESIAN_POINT('Origin',(-67.4163985779345,-34.9656892173144,12.7227762722682));
#11219=CARTESIAN_POINT('Origin',(-75.1163985779345,-26.5500000000003,15.722776272268));
#11220=CARTESIAN_POINT('Origin',(-75.1163985779345,-26.5500000000003,15.722776272268));
#11221=CARTESIAN_POINT('Origin',(-75.1163985779345,-26.5500000000003,12.722776272268));
#11222=CARTESIAN_POINT('Origin',(-73.379833147169,-27.6217766311576,12.7227762722681));
#11223=CARTESIAN_POINT('',(-73.1854068420675,-21.,12.722776272268));
#11224=CARTESIAN_POINT('',(-73.1854068420675,-22.8108883155788,12.722776272268));
#11225=CARTESIAN_POINT('',(-67.9163985779345,-21.,12.722776272268));
#11226=CARTESIAN_POINT('',(-71.6899165735845,-21.,12.722776272268));
#11227=CARTESIAN_POINT('',(-67.9163985779345,-24.7500000000004,12.7227762722681));
#11228=CARTESIAN_POINT('',(-76.9163985779345,-30.4935532623148,12.7227762722681));
#11229=CARTESIAN_POINT('',(-78.3312925211515,-35.2576539812506,12.7227762722681));
#11230=CARTESIAN_POINT('',(-78.3312925211517,-27.8701649467362,12.722776272268));
#11231=CARTESIAN_POINT('Origin',(-73.379833147169,-27.6217766311575,15.7227762722681));
#11232=CARTESIAN_POINT('Origin',(-93.,-4.,10.5));
#11233=CARTESIAN_POINT('',(-91.,-4.,14.));
#11234=CARTESIAN_POINT('',(-91.,-4.,7.));
#11235=CARTESIAN_POINT('',(-91.,-4.,7.));
#11236=CARTESIAN_POINT('',(-95.,-4.,7.));
#11237=CARTESIAN_POINT('',(-95.,-4.,7.));
#11238=CARTESIAN_POINT('',(-95.,-4.,14.));
#11239=CARTESIAN_POINT('',(-95.,-4.,14.));
#11240=CARTESIAN_POINT('',(-91.,-4.,14.));
#11241=CARTESIAN_POINT('Origin',(-91.,0.,14.));
#11242=CARTESIAN_POINT('',(-91.,0.,14.));
#11243=CARTESIAN_POINT('',(-91.,0.,7.));
#11244=CARTESIAN_POINT('',(-91.,0.,12.2651922469878));
#11245=CARTESIAN_POINT('',(-91.,0.,7.));
#11246=CARTESIAN_POINT('',(-91.,0.,14.));
#11247=CARTESIAN_POINT('Origin',(-91.,0.,7.));
#11248=CARTESIAN_POINT('',(-80.5,0.,7.));
#11249=CARTESIAN_POINT('',(-95.,0.,7.));
#11250=CARTESIAN_POINT('Origin',(-95.,0.,7.));
#11251=CARTESIAN_POINT('',(-95.,0.,14.));
#11252=CARTESIAN_POINT('Origin',(-95.,0.,14.));
#11253=CARTESIAN_POINT('',(-82.5,0.,14.));
#11254=CARTESIAN_POINT('Origin',(-47.,-4.,10.5));
#11255=CARTESIAN_POINT('',(-49.,-4.,14.));
#11256=CARTESIAN_POINT('',(-49.,-4.,7.));
#11257=CARTESIAN_POINT('',(-49.,-4.,7.));
#11258=CARTESIAN_POINT('',(-45.,-4.,14.));
#11259=CARTESIAN_POINT('',(-49.,-4.,14.));
#11260=CARTESIAN_POINT('',(-45.,-4.,7.));
#11261=CARTESIAN_POINT('',(-45.,-4.,14.));
#11262=CARTESIAN_POINT('',(-45.,-4.,7.));
#11263=CARTESIAN_POINT('Origin',(-49.,0.,14.));
#11264=CARTESIAN_POINT('',(-49.,0.,7.));
#11265=CARTESIAN_POINT('',(-49.,0.,14.));
#11266=CARTESIAN_POINT('',(-49.,0.,12.2651922469878));
#11267=CARTESIAN_POINT('',(-49.,0.,14.));
#11268=CARTESIAN_POINT('',(-49.,0.,7.));
#11269=CARTESIAN_POINT('Origin',(-49.,0.,7.));
#11270=CARTESIAN_POINT('',(-45.,0.,7.));
#11271=CARTESIAN_POINT('',(-59.5,0.,7.));
#11272=CARTESIAN_POINT('',(-45.,0.,7.));
#11273=CARTESIAN_POINT('Origin',(-45.,0.,7.));
#11274=CARTESIAN_POINT('',(-45.,0.,14.));
#11275=CARTESIAN_POINT('',(-45.,0.,8.76519224698779));
#11276=CARTESIAN_POINT('',(-45.,0.,14.));
#11277=CARTESIAN_POINT('Origin',(-45.,0.,14.));
#11278=CARTESIAN_POINT('',(-57.5,0.,14.));
#11279=CARTESIAN_POINT('Origin',(-72.7,-20.9999999999999,43.7000000000001));
#11280=CARTESIAN_POINT('',(-71.7,-23.9999999999999,43.7000000000001));
#11281=CARTESIAN_POINT('Origin',(-72.7,-23.9999999999999,43.7000000000001));
#11282=CARTESIAN_POINT('',(-71.7,-20.9999999999999,43.7000000000001));
#11283=CARTESIAN_POINT('',(-71.7,-20.9999999999999,43.7000000000001));
#11284=CARTESIAN_POINT('Origin',(-72.7,-20.9999999999999,43.7000000000001));
#11285=CARTESIAN_POINT('Origin',(-41.8,-20.9999999999999,26.8000000000001));
#11286=CARTESIAN_POINT('',(-40.8,-23.9999999999999,26.8));
#11287=CARTESIAN_POINT('Origin',(-41.8,-23.9999999999999,26.8000000000001));
#11288=CARTESIAN_POINT('',(-40.8,-20.9999999999999,26.8));
#11289=CARTESIAN_POINT('',(-40.8,-20.9999999999999,26.8));
#11290=CARTESIAN_POINT('Origin',(-41.8,-20.9999999999999,26.8000000000001));
#11291=CARTESIAN_POINT('Origin',(-72.7,-20.9999999999999,26.8000000000001));
#11292=CARTESIAN_POINT('',(-71.7,-23.9999999999999,26.8000000000001));
#11293=CARTESIAN_POINT('Origin',(-72.7,-23.9999999999999,26.8000000000001));
#11294=CARTESIAN_POINT('',(-71.7,-20.9999999999999,26.8000000000001));
#11295=CARTESIAN_POINT('',(-71.7,-20.9999999999999,26.8000000000001));
#11296=CARTESIAN_POINT('Origin',(-72.7,-20.9999999999999,26.8000000000001));
#11297=CARTESIAN_POINT('Origin',(-41.8,-20.9999999999999,43.7));
#11298=CARTESIAN_POINT('',(-40.8,-23.9999999999999,43.7));
#11299=CARTESIAN_POINT('Origin',(-41.8,-23.9999999999999,43.7));
#11300=CARTESIAN_POINT('',(-40.8,-20.9999999999999,43.7));
#11301=CARTESIAN_POINT('',(-40.8,-20.9999999999999,43.7));
#11302=CARTESIAN_POINT('Origin',(-41.8,-20.9999999999999,43.7));
#11303=CARTESIAN_POINT('Origin',(-72.7,-20.9999999999999,26.8000000000001));
#11304=CARTESIAN_POINT('',(-71.7,5.0000000000001,26.8000000000001));
#11305=CARTESIAN_POINT('',(-71.7,-20.9999999999999,26.8000000000001));
#11306=CARTESIAN_POINT('Origin',(-72.7,5.0000000000001,26.8000000000001));
#11307=CARTESIAN_POINT('Origin',(-72.7,-20.9999999999999,43.7000000000001));
#11308=CARTESIAN_POINT('',(-71.7,5.00000000000012,43.7000000000001));
#11309=CARTESIAN_POINT('',(-71.7,-20.9999999999999,43.7000000000001));
#11310=CARTESIAN_POINT('Origin',(-72.7,5.00000000000012,43.7000000000001));
#11311=CARTESIAN_POINT('Origin',(-65.,-18.,0.267949192431135));
#11312=CARTESIAN_POINT('',(-64.,-18.,2.00000000000001));
#11313=CARTESIAN_POINT('',(-64.7486058296618,-18.,-1.71618814432758));
#11314=CARTESIAN_POINT('Origin',(-65.,-18.,0.267949192431135));
#11315=CARTESIAN_POINT('',(-50.,-18.,7.09558327972685));
#11316=CARTESIAN_POINT('',(-64.,-18.,2.00000000000001));
#11317=CARTESIAN_POINT('',(-50.,-18.,-7.08424166324945));
#11318=CARTESIAN_POINT('',(-50.,-18.,11.8408831180395));
#11319=CARTESIAN_POINT('',(-64.7486058296618,-18.,-1.71618814432758));
#11320=CARTESIAN_POINT('',(-65.,-18.,-0.732050807568865));
#11321=CARTESIAN_POINT('Origin',(-65.,-18.,0.267949192431135));
#11322=CARTESIAN_POINT('Origin',(-70.,0.,0.));
#11323=CARTESIAN_POINT('',(-77.8136692998751,-7.4507306469963,10.6992142187219));
#11324=CARTESIAN_POINT('Origin',(-78.8794350160096,-7.4507306469963,9.72623809744037));
#11325=CARTESIAN_POINT('Origin',(-75.8682408883347,-4.92403876506104,6.42787609686539));
#11326=CARTESIAN_POINT('',(-80.6042881331295,-6.36225895920043,9.69192802002278));
#11327=CARTESIAN_POINT('',(-76.9682274989599,-3.93435364605386,6.18180126747224));
#11328=CARTESIAN_POINT('',(-77.677268037365,-7.6743625581163,11.3589810030961));
#11329=CARTESIAN_POINT('Origin',(-79.1459491495056,-7.6743625581163,10.0181688243437));
#11330=CARTESIAN_POINT('Origin',(-79.1459491495056,-7.6743625581163,10.0181688243437));
#11331=CARTESIAN_POINT('Origin',(-79.1715216941678,-7.69582047091065,10.0461801401193));
#11332=CARTESIAN_POINT('Origin',(-78.0706978952657,-7.69582047091065,11.051162054864));
#11333=CARTESIAN_POINT('Origin',(-70.,0.,0.));
#11334=CARTESIAN_POINT('',(-60.0547992678558,-7.4507306469963,8.75326197615889));
#11335=CARTESIAN_POINT('Origin',(-61.1205649839904,-7.4507306469963,9.72623809744037));
#11336=CARTESIAN_POINT('Origin',(-64.1317591116653,-4.92403876506104,6.42787609686539));
#11337=CARTESIAN_POINT('',(-59.3957118668705,-6.36225895920043,9.69192802002278));
#11338=CARTESIAN_POINT('',(-63.0317725010401,-3.93435364605386,6.18180126747224));
#11339=CARTESIAN_POINT('',(-59.3853697383538,-7.6743625581163,8.67735664559134));
#11340=CARTESIAN_POINT('Origin',(-60.8540508504944,-7.6743625581163,10.0181688243437));
#11341=CARTESIAN_POINT('Origin',(-60.8540508504944,-7.6743625581163,10.0181688243437));
#11342=CARTESIAN_POINT('Origin',(-60.8284783058322,-7.69582047091065,10.0461801401193));
#11343=CARTESIAN_POINT('Origin',(-59.72765450693,-7.69582047091065,9.04119822537465));
#11344=CARTESIAN_POINT('Origin',(-75.,-18.,0.267949192431135));
#11345=CARTESIAN_POINT('',(-76.,-18.,2.00000000000001));
#11346=CARTESIAN_POINT('',(-75.2513941703382,-18.,-1.71618814432758));
#11347=CARTESIAN_POINT('Origin',(-75.,-18.,0.267949192431135));
#11348=CARTESIAN_POINT('',(-75.2513941703382,-18.,-1.71618814432758));
#11349=CARTESIAN_POINT('',(-76.,-18.,2.00000000000001));
#11350=CARTESIAN_POINT('',(-75.,-18.,1.26794919243113));
#11351=CARTESIAN_POINT('Origin',(-75.,-18.,0.267949192431135));
#11352=CARTESIAN_POINT('Origin',(-75.,-18.5,0.267949192431135));
#11353=CARTESIAN_POINT('',(-75.,-18.5,0.767949192431134));
#11354=CARTESIAN_POINT('Origin',(-75.,-18.5,1.26794919243113));
#11355=CARTESIAN_POINT('',(-75.5,-18.5,0.267949192431135));
#11356=CARTESIAN_POINT('Origin',(-75.,-18.5,0.267949192431135));
#11357=CARTESIAN_POINT('Origin',(-75.,-18.5,0.267949192431135));
#11358=CARTESIAN_POINT('Origin',(-65.,-18.5,0.267949192431135));
#11359=CARTESIAN_POINT('',(-65.,-18.5,-0.232050807568865));
#11360=CARTESIAN_POINT('',(-64.5,-18.5,0.267949192431135));
#11361=CARTESIAN_POINT('Origin',(-65.,-18.5,0.267949192431135));
#11362=CARTESIAN_POINT('Origin',(-65.,-18.5,-0.732050807568865));
#11363=CARTESIAN_POINT('Origin',(-65.,-18.5,0.267949192431135));
#11364=CARTESIAN_POINT('Origin',(-67.9163985779345,-20.0000000000004,12.722776272268));
#11365=CARTESIAN_POINT('',(-67.9163985779346,-21.,21.));
#11366=CARTESIAN_POINT('',(-67.9163985779345,-21.,12.611388136134));
#11367=CARTESIAN_POINT('',(-67.9163985779346,-20.0000000000001,21.));
#11368=CARTESIAN_POINT('Origin',(-70.,-18.,6.));
#11369=CARTESIAN_POINT('',(-68.,-18.,6.));
#11370=CARTESIAN_POINT('',(-72.,-18.,6.));
#11371=CARTESIAN_POINT('Origin',(-70.,-18.,6.));
#11372=CARTESIAN_POINT('',(-68.,-21.,6.));
#11373=CARTESIAN_POINT('',(-68.,-18.,6.));
#11374=CARTESIAN_POINT('',(-72.,-21.,6.));
#11375=CARTESIAN_POINT('Origin',(-70.,-21.,6.));
#11376=CARTESIAN_POINT('',(-72.,-18.,6.));
#11377=CARTESIAN_POINT('Origin',(-70.,-20.5,6.));
#11378=CARTESIAN_POINT('',(-69.5,-20.5,6.));
#11379=CARTESIAN_POINT('',(-70.,-20.5,6.5));
#11380=CARTESIAN_POINT('Origin',(-70.,-20.5,6.));
#11381=CARTESIAN_POINT('Origin',(-70.,-20.5,6.));
#11382=CARTESIAN_POINT('',(-70.,-21.,7.));
#11383=CARTESIAN_POINT('Origin',(-70.,-20.5,7.));
#11384=CARTESIAN_POINT('Origin',(-70.,-21.,6.));
#11385=CARTESIAN_POINT('Origin',(-70.,-18.,12.5));
#11386=CARTESIAN_POINT('',(-74.644904710627,-18.,21.));
#11387=CARTESIAN_POINT('',(-72.,-18.,6.));
#11388=CARTESIAN_POINT('',(-65.355095289373,-18.,21.));
#11389=CARTESIAN_POINT('',(-85.,-18.,21.));
#11390=CARTESIAN_POINT('',(-68.,-18.,6.));
#11391=CARTESIAN_POINT('',(-70.,-18.,5.));
#11392=CARTESIAN_POINT('Origin',(-70.,-18.,6.));
#11393=CARTESIAN_POINT('Origin',(-70.,-18.,6.));
#11394=CARTESIAN_POINT('',(-69.5,-18.5,6.));
#11395=CARTESIAN_POINT('',(-69.5,-18.,6.));
#11396=CARTESIAN_POINT('',(-70.,-18.5,5.5));
#11397=CARTESIAN_POINT('Origin',(-70.,-18.5,6.));
#11398=CARTESIAN_POINT('Origin',(-70.,-18.5,6.));
#11399=CARTESIAN_POINT('Origin',(-70.,-18.5,6.));
#11400=CARTESIAN_POINT('Origin',(-70.,-18.5,5.));
#11401=CARTESIAN_POINT('Origin',(-74.644904710627,-18.,21.));
#11402=CARTESIAN_POINT('',(-74.644904710627,-19.,21.));
#11403=CARTESIAN_POINT('',(-72.,-21.,6.));
#11404=CARTESIAN_POINT('Origin',(-74.5,2.00000000000009,-25.0000000000001));
#11405=CARTESIAN_POINT('',(-74.5,2.00000000000009,-25.0556308405988));
#11406=CARTESIAN_POINT('',(-74.5,2.00000000000009,-25.0000000000001));
#11407=CARTESIAN_POINT('',(-74.5,-20.9999999999999,-45.7230000000001));
#11408=CARTESIAN_POINT('',(-74.5,-20.9999999999999,-25.0000000000001));
#11409=CARTESIAN_POINT('',(-74.5,2.00000000000011,-45.7230000000001));
#11410=CARTESIAN_POINT('',(-74.5,2.00000000000011,-45.7230000000001));
#11411=CARTESIAN_POINT('',(-74.5,2.00000000000009,-25.0000000000001));
#11412=CARTESIAN_POINT('Origin',(-74.5,2.00000000000009,-25.0000000000001));
#11413=CARTESIAN_POINT('',(-77.5,2.00000000000009,-25.0556308405988));
#11414=CARTESIAN_POINT('',(-76.,2.00000000000009,-25.0556308405988));
#11415=CARTESIAN_POINT('',(-77.5,2.00000000000009,-25.0000000000001));
#11416=CARTESIAN_POINT('Origin',(-70.,5.00000000000011,-35.2778154202994));
#11417=CARTESIAN_POINT('',(-77.5,5.00000000000009,-25.0556308405988));
#11418=CARTESIAN_POINT('',(-62.5,5.00000000000009,-25.0556308405988));
#11419=CARTESIAN_POINT('',(-62.5,5.00000000000009,-25.0556308405988));
#11420=CARTESIAN_POINT('',(-62.5,5.00000000000012,-45.7230000000001));
#11421=CARTESIAN_POINT('',(-62.5,5.00000000000012,-45.5000000000001));
#11422=CARTESIAN_POINT('',(-77.5,5.00000000000012,-45.7230000000001));
#11423=CARTESIAN_POINT('',(-77.5,5.00000000000012,-45.7230000000001));
#11424=CARTESIAN_POINT('',(-77.5,5.00000000000009,-25.0556308405988));
#11425=CARTESIAN_POINT('',(-71.7,5.0000000000001,-43.7000000000001));
#11426=CARTESIAN_POINT('Origin',(-72.7,5.0000000000001,-43.7000000000001));
#11427=CARTESIAN_POINT('',(-71.7,5.00000000000012,-26.8000000000001));
#11428=CARTESIAN_POINT('Origin',(-72.7,5.00000000000012,-26.8000000000001));
#11429=CARTESIAN_POINT('Origin',(-77.5,2.00000000000009,-25.0556308405988));
#11430=CARTESIAN_POINT('',(-62.5,2.00000000000009,-25.0556308405988));
#11431=CARTESIAN_POINT('',(-62.5,2.00000000000009,-25.0556308405988));
#11432=CARTESIAN_POINT('',(-62.5,2.00000000000009,-25.0556308405988));
#11433=CARTESIAN_POINT('',(-77.5,2.00000000000009,-25.0556308405988));
#11434=CARTESIAN_POINT('Origin',(-62.5,2.00000000000009,-25.0556308405988));
#11435=CARTESIAN_POINT('',(-62.5,2.00000000000011,-45.7230000000001));
#11436=CARTESIAN_POINT('',(-62.5,2.00000000000011,-45.5000000000001));
#11437=CARTESIAN_POINT('',(-62.5,2.00000000000011,-45.7230000000001));
#11438=CARTESIAN_POINT('Origin',(-70.,2.0000000000001,-35.2778154202994));
#11439=CARTESIAN_POINT('',(-77.5,2.00000000000011,-45.7230000000001));
#11440=CARTESIAN_POINT('',(-71.7,2.0000000000001,-43.7000000000001));
#11441=CARTESIAN_POINT('Origin',(-72.7,2.0000000000001,-43.7000000000001));
#11442=CARTESIAN_POINT('',(-71.7,2.00000000000011,-26.8000000000001));
#11443=CARTESIAN_POINT('Origin',(-72.7,2.00000000000011,-26.8000000000001));
#11444=CARTESIAN_POINT('Origin',(-41.8,-20.9999999999999,-26.8000000000001));
#11445=CARTESIAN_POINT('',(-40.8,-23.3312925211511,-26.8));
#11446=CARTESIAN_POINT('Origin',(-41.8,-23.3312925211511,-26.8000000000001));
#11447=CARTESIAN_POINT('',(-40.8,-20.9999999999999,-26.8));
#11448=CARTESIAN_POINT('',(-40.8,-20.9999999999999,-26.8));
#11449=CARTESIAN_POINT('Origin',(-41.8,-20.9999999999999,-26.8000000000001));
#11450=CARTESIAN_POINT('Origin',(-72.7,-20.9999999999999,-26.8000000000001));
#11451=CARTESIAN_POINT('',(-71.7,-22.7500000000002,-26.8000000000001));
#11452=CARTESIAN_POINT('Origin',(-72.7,-22.7500000000002,-26.8000000000001));
#11453=CARTESIAN_POINT('',(-71.7,-20.9999999999999,-26.8000000000001));
#11454=CARTESIAN_POINT('',(-71.7,-20.9999999999999,-26.8000000000001));
#11455=CARTESIAN_POINT('Origin',(-72.7,-20.9999999999999,-26.8000000000001));
#11456=CARTESIAN_POINT('Origin',(-72.7,-20.9999999999999,-26.8));
#11457=CARTESIAN_POINT('',(-71.7,-20.9999999999999,-26.8));
#11458=CARTESIAN_POINT('Origin',(-72.7,-20.9999999999999,-43.7));
#11459=CARTESIAN_POINT('',(-71.7,-20.9999999999999,-43.7));
#11460=CARTESIAN_POINT('Origin',(-85.2826495609395,5.56242954090343,-16.2634559672906));
#11461=CARTESIAN_POINT('',(-85.619050729609,8.33227304268251,-15.));
#11462=CARTESIAN_POINT('Origin',(-83.6683016208366,4.84019945888968,-18.0274640501507));
#11463=CARTESIAN_POINT('',(-87.4073237673067,3.41903325178856,-15.));
#11464=CARTESIAN_POINT('',(-86.4915485292741,5.93510503957868,-15.));
#11465=CARTESIAN_POINT('Origin',(-83.6683016208366,4.84019945888968,-18.0274640501507));
#11466=CARTESIAN_POINT('Origin',(-81.9603344389961,4.35320572766355,-12.7279220613579));
#11467=CARTESIAN_POINT('',(-81.2994373810653,6.44930340149428,-12.6320545229664));
#11468=CARTESIAN_POINT('Origin',(-81.9603344389962,4.35320572766355,-12.7279220613579));
#11469=CARTESIAN_POINT('Origin',(-84.0837781320032,-11.8176930361465,-15.4269026324769));
#11470=CARTESIAN_POINT('',(-86.140984860709,-12.5341059134374,-13.));
#11471=CARTESIAN_POINT('',(-86.6300280753455,-10.6175510743289,-14.021700922027));
#11472=CARTESIAN_POINT('Origin',(-82.6300280753455,-10.6175510743289,-17.6734457907225));
#11473=CARTESIAN_POINT('',(-85.1271373876183,-13.7423622818358,-13.));
#11474=CARTESIAN_POINT('',(-85.6389110991193,-13.1324541225592,-13.));
#11475=CARTESIAN_POINT('',(-81.0650041434873,-14.2986786315743,-16.2823055092198));
#11476=CARTESIAN_POINT('Origin',(-82.6300280753455,-10.6175510743289,-17.6734457907225));
#11477=CARTESIAN_POINT('',(-86.6549285707493,-8.75351526367059,-15.4269026324769));
#11478=CARTESIAN_POINT('Origin',(-84.0837781320032,-11.8176930361465,-15.4269026324769));
#11479=CARTESIAN_POINT('',(-85.9608494548087,-8.40268562963226,-16.3293036866397));
#11480=CARTESIAN_POINT('Origin',(-84.0837781320032,-11.8176930361465,-15.4269026324769));
#11481=CARTESIAN_POINT('Origin',(-82.6300280753455,-10.6175510743289,-17.6734457907225));
#11482=CARTESIAN_POINT('Origin',(-80.5628335990024,-8.86326977710988,-11.5701769743577));
#11483=CARTESIAN_POINT('',(-83.1339840377485,-5.79909200463397,-11.5701769743577));
#11484=CARTESIAN_POINT('Origin',(-80.5628335990024,-8.86326977710988,-11.5701769743577));
#11485=CARTESIAN_POINT('',(-82.1760807880811,-7.41179144011106,-11.2092821025593));
#11486=CARTESIAN_POINT('Origin',(-80.5628335990024,-8.86326977710988,-11.5701769743577));
#11487=CARTESIAN_POINT('Origin',(-80.5628335990024,-8.86326977710988,-11.5701769743577));
#11488=CARTESIAN_POINT('',(-79.7075383598762,-13.3486779228982,-13.));
#11489=CARTESIAN_POINT('Ctrl Pts',(-85.9608494548087,-8.40268562963226,
-16.3293036866397));
#11490=CARTESIAN_POINT('Ctrl Pts',(-85.8431139931183,-8.22562936923588,
-15.9041594782666));
#11491=CARTESIAN_POINT('Ctrl Pts',(-85.7027388996135,-8.04819599019296,
-15.4438060032879));
#11492=CARTESIAN_POINT('Ctrl Pts',(-85.5157117479702,-7.84674906691747,
-14.9239187390915));
#11493=CARTESIAN_POINT('Ctrl Pts',(-85.4634972767846,-7.7930166189054,-14.785230387899));
#11494=CARTESIAN_POINT('Ctrl Pts',(-85.3470030347947,-7.68078623037526,
-14.5196081424182));
#11495=CARTESIAN_POINT('Ctrl Pts',(-85.2855281353455,-7.62415103793701,
-14.3906715119483));
#11496=CARTESIAN_POINT('Ctrl Pts',(-85.162259970996,-7.52071676669546,-14.2556476603028));
#11497=CARTESIAN_POINT('Ctrl Pts',(-85.1134512848007,-7.48111030541838,
-14.2199618448785));
#11498=CARTESIAN_POINT('Ctrl Pts',(-85.0050997039503,-7.39828354998077,
-14.1878642735489));
#11499=CARTESIAN_POINT('Ctrl Pts',(-84.9457679855713,-7.35539335319997,
-14.1899076306823));
#11500=CARTESIAN_POINT('Ctrl Pts',(-84.7341026595489,-7.21030935224168,
-14.2234986222014));
#11501=CARTESIAN_POINT('Ctrl Pts',(-84.5468694603755,-7.10212854688478,
-14.3046951442243));
#11502=CARTESIAN_POINT('Ctrl Pts',(-84.1405593486147,-6.90375995756171,
-14.4743754241846));
#11503=CARTESIAN_POINT('Ctrl Pts',(-83.8641830546552,-6.80132459048614,
-14.5948095803703));
#11504=CARTESIAN_POINT('Ctrl Pts',(-83.2919898081653,-6.66172883122825,
-14.8266312108028));
#11505=CARTESIAN_POINT('Ctrl Pts',(-82.996421268434,-6.62495304583241,-14.9388624338241));
#11506=CARTESIAN_POINT('Ctrl Pts',(-82.4174726036229,-6.61156799182759,
-15.1424603969779));
#11507=CARTESIAN_POINT('Ctrl Pts',(-82.0814625691147,-6.64094877072104,
-15.250585655714));
#11508=CARTESIAN_POINT('Ctrl Pts',(-81.4218302729084,-6.78942515221889,
-15.4364746683183));
#11509=CARTESIAN_POINT('Ctrl Pts',(-81.0982352875821,-6.90877251743918,
-15.5141340201931));
#11510=CARTESIAN_POINT('Ctrl Pts',(-80.6158292983235,-7.15450441982598,
-15.6096617851859));
#11511=CARTESIAN_POINT('Ctrl Pts',(-80.4065180930675,-7.28343132453201,
-15.644462856825));
#11512=CARTESIAN_POINT('Ctrl Pts',(-80.0152301598217,-7.58058169540783,
-15.6926278653089));
#11513=CARTESIAN_POINT('Ctrl Pts',(-79.8332837518768,-7.74885013899835,
-15.7059606141953));
#11514=CARTESIAN_POINT('Ctrl Pts',(-79.5274101660295,-8.08277856360545,
-15.7128979772861));
#11515=CARTESIAN_POINT('Ctrl Pts',(-79.3754009540863,-8.27914791365916,
-15.7071275056488));
#11516=CARTESIAN_POINT('Ctrl Pts',(-79.1129777757223,-8.69633160998709,
-15.6733479501162));
#11517=CARTESIAN_POINT('Ctrl Pts',(-79.0025300505546,-8.91712566222832,
-15.6453505052046));
#11518=CARTESIAN_POINT('Ctrl Pts',(-78.8029765878047,-9.41328818254808,
-15.5649948470627));
#11519=CARTESIAN_POINT('Ctrl Pts',(-78.7139349332403,-9.7381977624014,-15.4974625412596));
#11520=CARTESIAN_POINT('Ctrl Pts',(-78.6227448918397,-10.3923195761376,
-15.3294244451056));
#11521=CARTESIAN_POINT('Ctrl Pts',(-78.620353788444,-10.7215162839443,-15.2289900281513));
#11522=CARTESIAN_POINT('Ctrl Pts',(-78.6779539908625,-11.2951727611566,
-15.0305916072069));
#11523=CARTESIAN_POINT('Ctrl Pts',(-78.7391074535841,-11.5917570813007,
-14.9162525360682));
#11524=CARTESIAN_POINT('Ctrl Pts',(-78.9258198213538,-12.1561159205589,
-14.6696024841334));
#11525=CARTESIAN_POINT('Ctrl Pts',(-79.0513076611633,-12.4240251537089,
-14.5375460351879));
#11526=CARTESIAN_POINT('Ctrl Pts',(-79.2889412924921,-12.8260994933421,
-14.3102657928602));
#11527=CARTESIAN_POINT('Ctrl Pts',(-79.4275036802565,-13.0215826785084,
-14.1886051899961));
#11528=CARTESIAN_POINT('Ctrl Pts',(-79.6063994657413,-13.2378891539957,
-14.0085553240033));
#11529=CARTESIAN_POINT('Ctrl Pts',(-79.6726486684506,-13.3118685717705,
-13.9387617743893));
#11530=CARTESIAN_POINT('Ctrl Pts',(-79.748698336361,-13.3923130510101,-13.8120108990022));
#11531=CARTESIAN_POINT('Ctrl Pts',(-79.7699298726132,-13.4140144449658,
-13.7650236170534));
#11532=CARTESIAN_POINT('Ctrl Pts',(-79.7969313993091,-13.4413663509175,
-13.6633381591468));
#11533=CARTESIAN_POINT('Ctrl Pts',(-79.8026643446764,-13.4470411935018,
-13.6086366956799));
#11534=CARTESIAN_POINT('Ctrl Pts',(-79.8026643446764,-13.4470411935018,
-13.4574240226413));
#11535=CARTESIAN_POINT('Ctrl Pts',(-79.7875592624467,-13.4319967387778,
-13.3623182554491));
#11536=CARTESIAN_POINT('Ctrl Pts',(-79.7513090087677,-13.3948863839775,
-13.1778893073002));
#11537=CARTESIAN_POINT('Ctrl Pts',(-79.7300635577549,-13.3727814020807,
-13.0890478249337));
#11538=CARTESIAN_POINT('Ctrl Pts',(-79.7075383598762,-13.3486779228982,
-13.));
#11539=CARTESIAN_POINT('',(-83.1339840377485,-5.79909200463397,-11.5701769743577));
#11540=CARTESIAN_POINT('',(-81.8138918547012,-14.5334062388303,-13.));
#11541=CARTESIAN_POINT('Ctrl Pts',(-81.8138918547012,-14.5334062388303,
-13.));
#11542=CARTESIAN_POINT('Ctrl Pts',(-81.7313180625514,-14.5161963421875,
-13.0365542854948));
#11543=CARTESIAN_POINT('Ctrl Pts',(-81.6508097842666,-14.4966823772908,
-13.0732542718643));
#11544=CARTESIAN_POINT('Ctrl Pts',(-81.3030804375271,-14.4013945122933,
-13.2365279024073));
#11545=CARTESIAN_POINT('Ctrl Pts',(-80.9941756125858,-14.2773761033277,
-13.3946545997158));
#11546=CARTESIAN_POINT('Ctrl Pts',(-80.6570063031334,-14.0990298354681,
-13.6173665841422));
#11547=CARTESIAN_POINT('Ctrl Pts',(-80.5487921981298,-14.0348714890784,
-13.6956018509897));
#11548=CARTESIAN_POINT('Ctrl Pts',(-80.4250283744718,-13.955272356553,-13.835997023345));
#11549=CARTESIAN_POINT('Ctrl Pts',(-80.390100284246,-13.9316849712322,-13.8879911990615));
#11550=CARTESIAN_POINT('Ctrl Pts',(-80.3446181337661,-13.9004861027533,
-14.0044107167002));
#11551=CARTESIAN_POINT('Ctrl Pts',(-80.334490828345,-13.8932965997984,-14.0691149254707));
#11552=CARTESIAN_POINT('Ctrl Pts',(-80.334490828345,-13.8932965997984,-14.1364106542321));
#11553=CARTESIAN_POINT('Ctrl Pts',(-80.334490828345,-13.8932965997984,-14.2568358744686));
#11554=CARTESIAN_POINT('Ctrl Pts',(-80.3602604655431,-13.9114120903555,
-14.373253080423));
#11555=CARTESIAN_POINT('Ctrl Pts',(-80.4214911790135,-13.9527766281414,
-14.610063420665));
#11556=CARTESIAN_POINT('Ctrl Pts',(-80.4591598736635,-13.9775533249537,
-14.7296105389981));
#11557=CARTESIAN_POINT('Ctrl Pts',(-80.5804669605416,-14.0538902082686,
-15.0899457445188));
#11558=CARTESIAN_POINT('Ctrl Pts',(-80.6724603503842,-14.1072042795034,
-15.3308956091011));
#11559=CARTESIAN_POINT('Ctrl Pts',(-80.8517675122873,-14.2020491014648,
-15.7821585782107));
#11560=CARTESIAN_POINT('Ctrl Pts',(-80.9555169579682,-14.2521303762083,
-16.0309251099808));
#11561=CARTESIAN_POINT('Ctrl Pts',(-81.0650041434873,-14.2986786315743,
-16.2823055092198));
#11562=CARTESIAN_POINT('Origin',(-81.8681708232604,-9.95857776054672,-13.));
#11563=CARTESIAN_POINT('',(-84.9665483610068,-7.37091081789558,-13.));
#11564=CARTESIAN_POINT('',(-86.2712292647443,-8.96175703571148,-13.));
#11565=CARTESIAN_POINT('Ctrl Pts',(-84.9665483610068,-7.37091081789557,
-13.));
#11566=CARTESIAN_POINT('Ctrl Pts',(-85.0358481820739,-7.42078404835132,
-13.1434913273934));
#11567=CARTESIAN_POINT('Ctrl Pts',(-85.1100085924151,-7.47687265419973,
-13.2921340057537));
#11568=CARTESIAN_POINT('Ctrl Pts',(-85.2260123294954,-7.57421134719898,
-13.419200645129));
#11569=CARTESIAN_POINT('Ctrl Pts',(-85.2535571853677,-7.5978395411756,-13.4435159761888));
#11570=CARTESIAN_POINT('Ctrl Pts',(-85.3127248757124,-7.65027951180559,
-13.479235606888));
#11571=CARTESIAN_POINT('Ctrl Pts',(-85.3443828193256,-7.679150044779,-13.4904953108363));
#11572=CARTESIAN_POINT('Ctrl Pts',(-85.4399973750425,-7.76943640978738,
-13.5050907053424));
#11573=CARTESIAN_POINT('Ctrl Pts',(-85.5052553880874,-7.83548652290435,
-13.4906599675291));
#11574=CARTESIAN_POINT('Ctrl Pts',(-85.7442361473786,-8.09289267093278,
-13.4112534355227));
#11575=CARTESIAN_POINT('Ctrl Pts',(-85.9264332235714,-8.33735820626793,
-13.2835410534959));
#11576=CARTESIAN_POINT('Ctrl Pts',(-86.1345489011018,-8.68358885253517,
-13.1233112296113));
#11577=CARTESIAN_POINT('Ctrl Pts',(-86.2064244272867,-8.81924688908328,
-13.0618292802851));
#11578=CARTESIAN_POINT('Ctrl Pts',(-86.2712292647443,-8.96175703571147,
-13.));
#11579=CARTESIAN_POINT('Origin',(-81.8681708232604,-9.95857776054672,-13.));
#11580=CARTESIAN_POINT('Origin',(-54.7173504390605,5.56242954090343,-16.2634559672906));
#11581=CARTESIAN_POINT('',(-52.5926762326933,3.41903325178856,-15.));
#11582=CARTESIAN_POINT('',(-53.8675743165617,1.68931186900218,-16.7896118769192));
#11583=CARTESIAN_POINT('Origin',(-56.3316983791634,4.84019945888968,-18.0274640501507));
#11584=CARTESIAN_POINT('',(-54.380949270391,8.33227304268251,-15.));
#11585=CARTESIAN_POINT('',(-53.5084514707259,5.93510503957868,-15.));
#11586=CARTESIAN_POINT('',(-56.8745385880996,8.80319384540629,-17.1821430806787));
#11587=CARTESIAN_POINT('Origin',(-56.3316983791634,4.84019945888968,-18.0274640501507));
#11588=CARTESIAN_POINT('',(-56.0854310123632,9.32120002404707,-16.2634559672906));
#11589=CARTESIAN_POINT('Origin',(-54.7173504390605,5.56242954090343,-16.2634559672906));
#11590=CARTESIAN_POINT('Origin',(-54.7173504390605,5.56242954090343,-16.2634559672906));
#11591=CARTESIAN_POINT('Origin',(-58.0396655610039,4.35320572766355,-12.7279220613579));
#11592=CARTESIAN_POINT('',(-59.4077461343065,8.11197621080719,-12.7279220613579));
#11593=CARTESIAN_POINT('Origin',(-58.0396655610039,4.35320572766355,-12.7279220613579));
#11594=CARTESIAN_POINT('',(-58.7005626189347,6.44930340149428,-12.6320545229664));
#11595=CARTESIAN_POINT('Origin',(-58.0396655610039,4.35320572766355,-12.7279220613579));
#11596=CARTESIAN_POINT('Origin',(-58.0396655610039,4.35320572766355,-12.7279220613579));
#11597=CARTESIAN_POINT('',(-54.0035658153975,1.58753919911266,-15.));
#11598=CARTESIAN_POINT('Ctrl Pts',(-53.8675743165617,1.68931186900218,-16.7896118769192));
#11599=CARTESIAN_POINT('Ctrl Pts',(-53.8721431350843,1.68573886446355,-16.7706893599436));
#11600=CARTESIAN_POINT('Ctrl Pts',(-53.8766791325604,1.68220755712892,-16.7517556380298));
#11601=CARTESIAN_POINT('Ctrl Pts',(-53.9801399504486,1.60201300831695,-16.3161838751812));
#11602=CARTESIAN_POINT('Ctrl Pts',(-54.068958166161,1.54171393846339,-15.8982853039554));
#11603=CARTESIAN_POINT('Ctrl Pts',(-54.068958166161,1.54171393846339,-15.3337266482174));
#11604=CARTESIAN_POINT('Ctrl Pts',(-54.0508962953101,1.55366181176121,-15.1606116797288));
#11605=CARTESIAN_POINT('Ctrl Pts',(-54.0035658153975,1.58753919911266,-15.));
#11606=CARTESIAN_POINT('',(-59.4077461343065,8.11197621080719,-12.7279220613579));
#11607=CARTESIAN_POINT('',(-60.3316983791634,4.84019945890062,-16.1181422324496));
#11608=CARTESIAN_POINT('Ctrl Pts',(-60.3316983791634,4.84019945891155,-16.1181422324496));
#11609=CARTESIAN_POINT('Ctrl Pts',(-60.3316983791621,5.07509961579852,-16.0965569803597));
#11610=CARTESIAN_POINT('Ctrl Pts',(-60.3107977448741,5.31178377082926,-16.067341190387));
#11611=CARTESIAN_POINT('Ctrl Pts',(-60.1744014352876,6.07494315411502,-15.9511050498658));
#11612=CARTESIAN_POINT('Ctrl Pts',(-59.9674876651665,6.58213809391648,-15.8354867040768));
#11613=CARTESIAN_POINT('Ctrl Pts',(-59.5707156141055,7.19849064138748,-15.6751188202151));
#11614=CARTESIAN_POINT('Ctrl Pts',(-59.4171778809761,7.3981399345116,-15.619586762588));
#11615=CARTESIAN_POINT('Ctrl Pts',(-59.0725101995771,7.76444189051823,-15.5259282222892));
#11616=CARTESIAN_POINT('Ctrl Pts',(-58.8814347002598,7.93117051717812,-15.4878985104082));
#11617=CARTESIAN_POINT('Ctrl Pts',(-58.5308495423704,8.18734603495966,-15.4764662658796));
#11618=CARTESIAN_POINT('Ctrl Pts',(-58.3450834970645,8.30215125767961,-15.495636308421));
#11619=CARTESIAN_POINT('Ctrl Pts',(-57.994967141523,8.48333149192582,-15.6413294959726));
#11620=CARTESIAN_POINT('Ctrl Pts',(-57.8321448078035,8.5507927106573,-15.77015859845));
#11621=CARTESIAN_POINT('Ctrl Pts',(-57.408604275491,8.70494885742431,-16.2208810186795));
#11622=CARTESIAN_POINT('Ctrl Pts',(-57.176993521384,8.75662741728066,-16.6275491821468));
#11623=CARTESIAN_POINT('Ctrl Pts',(-56.9244558237111,8.7961179080952,-17.0894556333469));
#11624=CARTESIAN_POINT('Ctrl Pts',(-56.8994162081525,8.79978617657049,-17.1357483342969));
#11625=CARTESIAN_POINT('Ctrl Pts',(-56.8745385880996,8.80319384540629,-17.1821430806787));
#11626=CARTESIAN_POINT('',(-57.0394139101052,0.903304905150179,-15.));
#11627=CARTESIAN_POINT('Ctrl Pts',(-57.0394139101052,0.903304905150179,
-15.));
#11628=CARTESIAN_POINT('Ctrl Pts',(-57.0526678252425,0.905687494132536,
-15.0076833262467));
#11629=CARTESIAN_POINT('Ctrl Pts',(-57.0658011883455,0.908117588728964,
-15.0152279398606));
#11630=CARTESIAN_POINT('Ctrl Pts',(-57.3038761003566,0.953379918074176,
-15.1508667036736));
#11631=CARTESIAN_POINT('Ctrl Pts',(-57.5543296112044,1.02251525650487,-15.2745955577179));
#11632=CARTESIAN_POINT('Ctrl Pts',(-58.0449389076081,1.21606553624733,-15.4966553780938));
#11633=CARTESIAN_POINT('Ctrl Pts',(-58.284984281168,1.34062305384164,-15.5951059597868));
#11634=CARTESIAN_POINT('Ctrl Pts',(-58.8998172143267,1.73595123285641,-15.8325479642008));
#11635=CARTESIAN_POINT('Ctrl Pts',(-59.2918139049751,2.09845794061733,-15.9622059803827));
#11636=CARTESIAN_POINT('Ctrl Pts',(-59.9024153048938,2.96152676522323,-16.1291497077092));
#11637=CARTESIAN_POINT('Ctrl Pts',(-60.1207966787983,3.46224793606937,-16.1664298812711));
#11638=CARTESIAN_POINT('Ctrl Pts',(-60.2967926059356,4.23846054780577,-16.1609469648081));
#11639=CARTESIAN_POINT('Ctrl Pts',(-60.3316983791651,4.53785785029961,-16.1459247589734));
#11640=CARTESIAN_POINT('Ctrl Pts',(-60.3316983791634,4.84019945891155,-16.1181422324496));
#11641=CARTESIAN_POINT('Origin',(-55.9046106882114,5.13030214988503,-15.));
#11642=CARTESIAN_POINT('Origin',(-55.9162218679968,-11.8176930361465,-15.4269026324769));
#11643=CARTESIAN_POINT('',(-54.8728626123817,-13.7423622818358,-13.));
#11644=CARTESIAN_POINT('',(-58.9349958565127,-14.2986786315743,-16.2823055092198));
#11645=CARTESIAN_POINT('Origin',(-57.3699719246545,-10.6175510743289,-17.6734457907225));
#11646=CARTESIAN_POINT('',(-53.859015139291,-12.5341059134374,-13.));
#11647=CARTESIAN_POINT('',(-54.3610889008807,-13.1324541225592,-13.));
#11648=CARTESIAN_POINT('',(-53.3699719246545,-10.6175510743289,-14.021700922027));
#11649=CARTESIAN_POINT('Origin',(-57.3699719246545,-10.6175510743289,-17.6734457907225));
#11650=CARTESIAN_POINT('',(-54.0391505451913,-8.40268562963226,-16.3293036866397));
#11651=CARTESIAN_POINT('Origin',(-57.3699719246545,-10.6175510743289,-17.6734457907225));
#11652=CARTESIAN_POINT('',(-53.3450714292507,-8.75351526367059,-15.4269026324769));
#11653=CARTESIAN_POINT('Origin',(-55.9162218679968,-11.8176930361465,-15.4269026324769));
#11654=CARTESIAN_POINT('Origin',(-55.9162218679968,-11.8176930361465,-15.4269026324769));
#11655=CARTESIAN_POINT('Origin',(-59.4371664009976,-8.86326977710988,-11.5701769743577));
#11656=CARTESIAN_POINT('',(-56.8660159622515,-5.79909200463397,-11.5701769743577));
#11657=CARTESIAN_POINT('Origin',(-59.4371664009976,-8.86326977710988,-11.5701769743577));
#11658=CARTESIAN_POINT('',(-57.8239192119189,-7.41179144011106,-11.2092821025593));
#11659=CARTESIAN_POINT('Origin',(-59.4371664009976,-8.86326977710988,-11.5701769743577));
#11660=CARTESIAN_POINT('Origin',(-59.4371664009976,-8.86326977710988,-11.5701769743577));
#11661=CARTESIAN_POINT('',(-58.1861081452988,-14.5334062388303,-13.));
#11662=CARTESIAN_POINT('Ctrl Pts',(-58.9349958565127,-14.2986786315743,
-16.2823055092198));
#11663=CARTESIAN_POINT('Ctrl Pts',(-59.0444830420318,-14.2521303762083,
-16.0309251099808));
#11664=CARTESIAN_POINT('Ctrl Pts',(-59.1482324877127,-14.2020491014648,
-15.7821585782107));
#11665=CARTESIAN_POINT('Ctrl Pts',(-59.3275396496158,-14.1072042795034,
-15.330895609101));
#11666=CARTESIAN_POINT('Ctrl Pts',(-59.4195330394584,-14.0538902082686,
-15.0899457445188));
#11667=CARTESIAN_POINT('Ctrl Pts',(-59.5408401263365,-13.9775533249537,
-14.7296105389981));
#11668=CARTESIAN_POINT('Ctrl Pts',(-59.5785088209865,-13.9527766281414,
-14.610063420665));
#11669=CARTESIAN_POINT('Ctrl Pts',(-59.6397395344569,-13.9114120903555,
-14.373253080423));
#11670=CARTESIAN_POINT('Ctrl Pts',(-59.665509171655,-13.8932965997984,-14.2568358744686));
#11671=CARTESIAN_POINT('Ctrl Pts',(-59.665509171655,-13.8932965997984,-14.0691149254707));
#11672=CARTESIAN_POINT('Ctrl Pts',(-59.6553818662339,-13.9004861027533,
-14.0044107167002));
#11673=CARTESIAN_POINT('Ctrl Pts',(-59.609899715754,-13.9316849712322,-13.8879911990615));
#11674=CARTESIAN_POINT('Ctrl Pts',(-59.5749716255283,-13.9552723565529,
-13.8359970233449));
#11675=CARTESIAN_POINT('Ctrl Pts',(-59.4512078018702,-14.0348714890784,
-13.6956018509896));
#11676=CARTESIAN_POINT('Ctrl Pts',(-59.3429936968666,-14.0990298354681,
-13.6173665841422));
#11677=CARTESIAN_POINT('Ctrl Pts',(-59.0058243874142,-14.2773761033277,
-13.3946545997158));
#11678=CARTESIAN_POINT('Ctrl Pts',(-58.6969195624729,-14.4013945122933,
-13.2365279024073));
#11679=CARTESIAN_POINT('Ctrl Pts',(-58.3491902157312,-14.4966823772914,
-13.0732542718632));
#11680=CARTESIAN_POINT('Ctrl Pts',(-58.2686819374468,-14.5161963421879,
-13.036554285494));
#11681=CARTESIAN_POINT('Ctrl Pts',(-58.1861081452988,-14.5334062388303,
-13.));
#11682=CARTESIAN_POINT('',(-56.8660159622515,-5.79909200463397,-11.5701769743577));
#11683=CARTESIAN_POINT('',(-60.2924616401238,-13.3486779228982,-13.));
#11684=CARTESIAN_POINT('Ctrl Pts',(-60.2924616401238,-13.3486779228982,
-13.));
#11685=CARTESIAN_POINT('Ctrl Pts',(-60.2699364432986,-13.3727814009534,
-13.0890478207689));
#11686=CARTESIAN_POINT('Ctrl Pts',(-60.2486909911539,-13.3948863840578,
-13.1778893076992));
#11687=CARTESIAN_POINT('Ctrl Pts',(-60.2124407375533,-13.4319967387778,
-13.3623182554492));
#11688=CARTESIAN_POINT('Ctrl Pts',(-60.1973356553236,-13.4470411935018,
-13.4574240226413));
#11689=CARTESIAN_POINT('Ctrl Pts',(-60.1973356553236,-13.4470411935018,
-13.5538655939486));
#11690=CARTESIAN_POINT('Ctrl Pts',(-60.1973356553236,-13.4470411935018,
-13.6086366956799));
#11691=CARTESIAN_POINT('Ctrl Pts',(-60.2030686006909,-13.4413663509175,
-13.6633381591468));
#11692=CARTESIAN_POINT('Ctrl Pts',(-60.2300701273868,-13.4140144449658,
-13.7650236170534));
#11693=CARTESIAN_POINT('Ctrl Pts',(-60.251301663639,-13.3923130510101,-13.8120108990022));
#11694=CARTESIAN_POINT('Ctrl Pts',(-60.3273513315493,-13.3118685717706,
-13.9387617743893));
#11695=CARTESIAN_POINT('Ctrl Pts',(-60.3936005342587,-13.2378891539957,
-14.0085553240033));
#11696=CARTESIAN_POINT('Ctrl Pts',(-60.5724963197435,-13.0215826785084,
-14.1886051899961));
#11697=CARTESIAN_POINT('Ctrl Pts',(-60.7110587075079,-12.8260994933421,
-14.3102657928602));
#11698=CARTESIAN_POINT('Ctrl Pts',(-60.9486923388367,-12.4240251537089,
-14.5375460351879));
#11699=CARTESIAN_POINT('Ctrl Pts',(-61.0741801786462,-12.1561159205589,
-14.6696024841334));
#11700=CARTESIAN_POINT('Ctrl Pts',(-61.2608925464159,-11.5917570813007,
-14.9162525360682));
#11701=CARTESIAN_POINT('Ctrl Pts',(-61.3220460091375,-11.2951727611566,
-15.0305916072069));
#11702=CARTESIAN_POINT('Ctrl Pts',(-61.379646211556,-10.7215162839443,-15.2289900281513));
#11703=CARTESIAN_POINT('Ctrl Pts',(-61.3772551081603,-10.3923195761376,
-15.3294244451056));
#11704=CARTESIAN_POINT('Ctrl Pts',(-61.2860650667597,-9.7381977624014,-15.4974625412596));
#11705=CARTESIAN_POINT('Ctrl Pts',(-61.1970234121953,-9.41328818254808,
-15.5649948470627));
#11706=CARTESIAN_POINT('Ctrl Pts',(-60.9974699494454,-8.91712566222832,
-15.6453505052046));
#11707=CARTESIAN_POINT('Ctrl Pts',(-60.8870222242777,-8.69633160998709,
-15.6733479501162));
#11708=CARTESIAN_POINT('Ctrl Pts',(-60.6245990459137,-8.27914791365917,
-15.7071275056488));
#11709=CARTESIAN_POINT('Ctrl Pts',(-60.4725898339705,-8.08277856360545,
-15.7128979772861));
#11710=CARTESIAN_POINT('Ctrl Pts',(-60.1667162481232,-7.74885013899835,
-15.7059606141953));
#11711=CARTESIAN_POINT('Ctrl Pts',(-59.9847698401783,-7.58058169540784,
-15.6926278653089));
#11712=CARTESIAN_POINT('Ctrl Pts',(-59.5934819069324,-7.28343132453201,
-15.644462856825));
#11713=CARTESIAN_POINT('Ctrl Pts',(-59.3841707016765,-7.15450441982598,
-15.6096617851859));
#11714=CARTESIAN_POINT('Ctrl Pts',(-58.9017647124179,-6.90877251743918,
-15.5141340201931));
#11715=CARTESIAN_POINT('Ctrl Pts',(-58.5781697270916,-6.78942515221889,
-15.4364746683183));
#11716=CARTESIAN_POINT('Ctrl Pts',(-57.9185374308853,-6.64094877072105,
-15.250585655714));
#11717=CARTESIAN_POINT('Ctrl Pts',(-57.5825273963771,-6.61156799182759,
-15.1424603969779));
#11718=CARTESIAN_POINT('Ctrl Pts',(-57.003578731566,-6.6249530458324,-14.9388624338241));
#11719=CARTESIAN_POINT('Ctrl Pts',(-56.7080101918347,-6.66172883122825,
-14.8266312108028));
#11720=CARTESIAN_POINT('Ctrl Pts',(-56.1358169453448,-6.80132459048614,
-14.5948095803703));
#11721=CARTESIAN_POINT('Ctrl Pts',(-55.8594406513853,-6.90375995756171,
-14.4743754241846));
#11722=CARTESIAN_POINT('Ctrl Pts',(-55.4531305396245,-7.10212854688478,
-14.3046951442243));
#11723=CARTESIAN_POINT('Ctrl Pts',(-55.2658973404511,-7.21030935224168,
-14.2234986222014));
#11724=CARTESIAN_POINT('Ctrl Pts',(-55.0542320144287,-7.35539335319998,
-14.1899076306823));
#11725=CARTESIAN_POINT('Ctrl Pts',(-54.9949002960497,-7.39828354998078,
-14.1878642735489));
#11726=CARTESIAN_POINT('Ctrl Pts',(-54.8865487151993,-7.48111030541838,
-14.2199618448785));
#11727=CARTESIAN_POINT('Ctrl Pts',(-54.837740029004,-7.52071676669546,-14.2556476603028));
#11728=CARTESIAN_POINT('Ctrl Pts',(-54.7144718646545,-7.62415103793701,
-14.3906715119483));
#11729=CARTESIAN_POINT('Ctrl Pts',(-54.6529969652054,-7.68078623037527,
-14.5196081424182));
#11730=CARTESIAN_POINT('Ctrl Pts',(-54.5365027232154,-7.7930166189054,-14.785230387899));
#11731=CARTESIAN_POINT('Ctrl Pts',(-54.4842882520298,-7.84674906691747,
-14.9239187390915));
#11732=CARTESIAN_POINT('Ctrl Pts',(-54.2972611003865,-8.04819599019296,
-15.4438060032879));
#11733=CARTESIAN_POINT('Ctrl Pts',(-54.1568860068817,-8.22562936923588,
-15.9041594782666));
#11734=CARTESIAN_POINT('Ctrl Pts',(-54.0391505451913,-8.40268562963226,
-16.3293036866397));
#11735=CARTESIAN_POINT('Origin',(-58.1318291767396,-9.95857776054672,-13.));
#11736=CARTESIAN_POINT('',(-53.7287707352557,-8.96175703571148,-13.));
#11737=CARTESIAN_POINT('',(-55.0334516389932,-7.37091081789558,-13.));
#11738=CARTESIAN_POINT('Ctrl Pts',(-53.7287707352557,-8.96175703571148,
-13.));
#11739=CARTESIAN_POINT('Ctrl Pts',(-53.7935755727133,-8.81924688908328,
-13.0618292802851));
#11740=CARTESIAN_POINT('Ctrl Pts',(-53.8654510988982,-8.68358885253517,
-13.1233112296113));
#11741=CARTESIAN_POINT('Ctrl Pts',(-54.0735667764286,-8.33735820626793,
-13.2835410534959));
#11742=CARTESIAN_POINT('Ctrl Pts',(-54.2557638526214,-8.09289267093278,
-13.4112534355227));
#11743=CARTESIAN_POINT('Ctrl Pts',(-54.4947446119126,-7.83548652290435,
-13.4906599675291));
#11744=CARTESIAN_POINT('Ctrl Pts',(-54.5600026249575,-7.76943640978739,
-13.5050907053424));
#11745=CARTESIAN_POINT('Ctrl Pts',(-54.6556171806744,-7.67915004477901,
-13.4904953108364));
#11746=CARTESIAN_POINT('Ctrl Pts',(-54.6872751242876,-7.65027951180561,
-13.479235606888));
#11747=CARTESIAN_POINT('Ctrl Pts',(-54.7464428146323,-7.59783954117561,
-13.4435159761888));
#11748=CARTESIAN_POINT('Ctrl Pts',(-54.7739876705046,-7.57421134719898,
-13.419200645129));
#11749=CARTESIAN_POINT('Ctrl Pts',(-54.8899914075849,-7.47687265419973,
-13.2921340057537));
#11750=CARTESIAN_POINT('Ctrl Pts',(-54.9641518179261,-7.42078404835134,
-13.1434913273934));
#11751=CARTESIAN_POINT('Ctrl Pts',(-55.0334516389932,-7.37091081789558,
-13.));
#11752=CARTESIAN_POINT('Origin',(-58.1318291767396,-9.95857776054672,-13.));
#11753=CARTESIAN_POINT('Origin',(-57.3699719246545,-10.6175510743289,-13.));
#11754=CARTESIAN_POINT('Origin',(-57.3699719246545,-10.6175510743289,-13.));
#11755=CARTESIAN_POINT('Origin',(-57.3699719246545,-10.6175510743289,-13.));
#11756=CARTESIAN_POINT('Origin',(-57.3699719246545,-10.6175510743289,-13.));
#11757=CARTESIAN_POINT('Origin',(-57.3699719246545,-10.6175510743289,-13.));
#11758=CARTESIAN_POINT('Origin',(-57.3699719246545,-10.6175510743289,-13.));
#11759=CARTESIAN_POINT('Origin',(-57.3699719246545,-10.6175510743289,-21.));
#11760=CARTESIAN_POINT('Origin',(-57.3699719246545,-10.6175510743289,-21.));
#11761=CARTESIAN_POINT('',(-53.3699719246545,-10.6175510743289,-21.));
#11762=CARTESIAN_POINT('Origin',(-56.3316983791634,4.84019945888968,-21.));
#11763=CARTESIAN_POINT('Origin',(-56.3316983791634,4.84019945888968,-15.));
#11764=CARTESIAN_POINT('',(-60.3316983791634,4.84019945888968,-21.));
#11765=CARTESIAN_POINT('Origin',(-56.3316983791634,4.84019945888968,-15.));
#11766=CARTESIAN_POINT('Origin',(-56.3316983791634,4.84019945888968,-15.));
#11767=CARTESIAN_POINT('Origin',(-56.3316983791634,4.84019945888968,-15.));
#11768=CARTESIAN_POINT('Origin',(-82.6300280753455,-10.6175510743289,-13.));
#11769=CARTESIAN_POINT('Origin',(-82.6300280753455,-10.6175510743289,-13.));
#11770=CARTESIAN_POINT('Origin',(-82.6300280753455,-10.6175510743289,-13.));
#11771=CARTESIAN_POINT('Origin',(-82.6300280753455,-10.6175510743289,-13.));
#11772=CARTESIAN_POINT('Origin',(-82.6300280753455,-10.6175510743289,-13.));
#11773=CARTESIAN_POINT('Origin',(-82.6300280753455,-10.6175510743289,-13.));
#11774=CARTESIAN_POINT('Origin',(-82.6300280753455,-10.6175510743289,-21.));
#11775=CARTESIAN_POINT('Origin',(-82.6300280753455,-10.6175510743289,-21.));
#11776=CARTESIAN_POINT('',(-86.6300280753455,-10.6175510743289,-21.));
#11777=CARTESIAN_POINT('Origin',(-83.6683016208366,4.84019945888968,-21.));
#11778=CARTESIAN_POINT('',(-79.6683016208366,4.84019945888968,-21.));
#11779=CARTESIAN_POINT('Origin',(-83.6683016208366,4.84019945888968,-15.));
#11780=CARTESIAN_POINT('Origin',(-83.6683016208366,4.84019945888968,-15.));
#11781=CARTESIAN_POINT('Origin',(-83.6683016208366,4.84019945888968,-15.));
#11782=CARTESIAN_POINT('Origin',(-83.6683016208366,4.84019945888968,-15.));
#11783=CARTESIAN_POINT('Origin',(-47.1523139917829,10.0000000000001,4.44089209850063E-15));
#11784=CARTESIAN_POINT('',(-47.1523139917829,9.50000000000009,4.65339572430779E-15));
#11785=CARTESIAN_POINT('',(-50.,9.50000000000009,4.44089209850063E-15));
#11786=CARTESIAN_POINT('',(-73.5761569958914,9.50000000000009,4.44089209850063E-15));
#11787=CARTESIAN_POINT('',(-50.,0.,4.44089209850063E-15));
#11788=CARTESIAN_POINT('',(-50.,10.0000000000001,4.44089209850063E-15));
#11789=CARTESIAN_POINT('',(-47.1523139917829,9.32587340685131E-14,4.65339572430779E-15));
#11790=CARTESIAN_POINT('',(-56.5,0.,4.44089209850063E-15));
#11791=CARTESIAN_POINT('',(-47.1523139917829,10.0000000000001,4.65339572430779E-15));
#11792=CARTESIAN_POINT('Origin',(-47.8733557495569,10.0000000000001,-4.08923101204883));
#11793=CARTESIAN_POINT('',(-47.8733557495569,9.50000000000009,-4.08923101204883));
#11794=CARTESIAN_POINT('',(-50.4472371266265,9.50000000000009,-18.6864376716764));
#11795=CARTESIAN_POINT('',(-47.8733557495569,9.32587340685131E-14,-4.08923101204883));
#11796=CARTESIAN_POINT('',(-47.1477211629518,9.32587340685131E-14,0.0260472266500441));
#11797=CARTESIAN_POINT('',(-47.8733557495569,10.0000000000001,-4.08923101204883));
#11798=CARTESIAN_POINT('Origin',(-70.,-64.9999999999999,-23.));
#11799=CARTESIAN_POINT('',(-99.5,-64.9999999999999,1.));
#11800=CARTESIAN_POINT('',(-40.5,-64.9999999999999,-25.));
#11801=CARTESIAN_POINT('',(-100.,-64.9999999999999,-25.));
#11802=CARTESIAN_POINT('',(-40.5,-64.9999999999999,-1.));
#11803=CARTESIAN_POINT('Origin',(-56.1687074788483,-25.3312925211511,-33.7227762722683));
#11804=CARTESIAN_POINT('',(-56.1687074788483,-24.9999999999999,-25.));
#11805=CARTESIAN_POINT('',(-56.1687074788482,-24.9999999999999,-36.7227762722683));
#11806=CARTESIAN_POINT('',(-56.1687074788483,-24.9999999999999,-34.4863881361342));
#11807=CARTESIAN_POINT('',(-56.1687074788482,-35.3312925211514,-36.7227762722683));
#11808=CARTESIAN_POINT('',(-56.1687074788482,-23.3312925211514,-36.7227762722682));
#11809=CARTESIAN_POINT('',(-56.1687074788482,-35.3312925211514,-33.7227762722683));
#11810=CARTESIAN_POINT('',(-56.1687074788482,-35.3312925211514,-33.7227762722683));
#11811=CARTESIAN_POINT('',(-56.1687074788483,-25.3312925211511,-33.7227762722683));
#11812=CARTESIAN_POINT('',(-56.1687074788482,-23.3312925211514,-33.7227762722682));
#11813=CARTESIAN_POINT('',(-56.1687074788483,-25.3312925211512,-25.));
#11814=CARTESIAN_POINT('',(-56.1687074788483,-25.3312925211511,-33.7227762722683));
#11815=CARTESIAN_POINT('',(-56.1687074788481,-15.1656462605756,-25.));
#11816=CARTESIAN_POINT('Origin',(-39.1687074788482,-23.3312925211514,-33.7227762722683));
#11817=CARTESIAN_POINT('',(-39.1687074788482,-23.3312925211514,-25.));
#11818=CARTESIAN_POINT('',(-39.1687074788484,-35.3312925211514,-25.));
#11819=CARTESIAN_POINT('',(-39.1687074788484,-32.9562925211514,-25.));
#11820=CARTESIAN_POINT('',(-39.1687074788482,-35.3312925211514,-36.7227762722683));
#11821=CARTESIAN_POINT('',(-39.1687074788482,-35.3312925211514,-33.7227762722683));
#11822=CARTESIAN_POINT('',(-39.1687074788482,-23.3312925211514,-36.7227762722683));
#11823=CARTESIAN_POINT('',(-39.1687074788482,-35.3312925211514,-36.7227762722683));
#11824=CARTESIAN_POINT('',(-39.1687074788482,-23.3312925211514,-33.7227762722683));
#11825=CARTESIAN_POINT('Origin',(-39.1687074788484,-35.3312925211514,-33.7227762722683));
#11826=CARTESIAN_POINT('',(-39.5,-35.3312925211514,-25.));
#11827=CARTESIAN_POINT('',(-45.2937074788484,-35.3312925211513,-25.));
#11828=CARTESIAN_POINT('Origin',(-39.5,-35.3312925211514,-24.5));
#11829=CARTESIAN_POINT('',(-40.5,-35.3312925211514,-25.));
#11830=CARTESIAN_POINT('Origin',(-40.5,-35.3312925211514,-24.5));
#11831=CARTESIAN_POINT('',(-41.1687074788484,-35.3312925211514,-25.));
#11832=CARTESIAN_POINT('',(-54.5843537394244,-35.3312925211512,-25.));
#11833=CARTESIAN_POINT('',(-41.1687074788484,-35.3312925211513,-33.7227762722683));
#11834=CARTESIAN_POINT('',(-41.1687074788484,-35.3312925211513,-33.7227762722683));
#11835=CARTESIAN_POINT('',(-56.1687074788482,-35.3312925211514,-33.7227762722683));
#11836=CARTESIAN_POINT('',(-56.1687074788482,-35.3312925211514,-36.7227762722683));
#11837=CARTESIAN_POINT('Origin',(-41.1687074788484,-35.3312925211513,-33.7227762722683));
#11838=CARTESIAN_POINT('',(-41.1687074788487,-59.8312925211514,-25.));
#11839=CARTESIAN_POINT('',(-41.1687074788482,-15.1656462605758,-25.));
#11840=CARTESIAN_POINT('',(-41.1687074788488,-59.8312925211514,-33.7227762722683));
#11841=CARTESIAN_POINT('',(-41.1687074788483,-25.3312925211513,-33.7227762722683));
#11842=CARTESIAN_POINT('',(-41.1687074788483,-25.3312925211513,-33.7227762722683));
#11843=CARTESIAN_POINT('',(-41.1687074788483,-25.3312925211513,-33.7227762722683));
#11844=CARTESIAN_POINT('Origin',(-41.1687074788483,-25.3312925211513,-33.7227762722683));
#11845=CARTESIAN_POINT('',(-61.6687074788483,-25.3312925211511,-25.));
#11846=CARTESIAN_POINT('',(-61.6687074788483,-25.3312925211511,-33.7227762722683));
#11847=CARTESIAN_POINT('',(-65.8343537394243,-25.3312925211511,-25.));
#11848=CARTESIAN_POINT('',(-41.1687074788483,-25.3312925211513,-33.7227762722683));
#11849=CARTESIAN_POINT('Origin',(-63.6687074788486,-49.8312925211511,-33.7227762722683));
#11850=CARTESIAN_POINT('',(-63.6687074788486,-49.8312925211511,-25.));
#11851=CARTESIAN_POINT('',(-61.6687074788486,-49.8312925211511,-25.));
#11852=CARTESIAN_POINT('',(-66.8343537394246,-49.8312925211511,-25.));
#11853=CARTESIAN_POINT('',(-61.6687074788486,-49.8312925211511,-33.7227762722683));
#11854=CARTESIAN_POINT('',(-61.6687074788486,-49.8312925211511,-33.7227762722683));
#11855=CARTESIAN_POINT('',(-46.6687074788488,-49.8312925211511,-33.7227762722683));
#11856=CARTESIAN_POINT('',(-46.6687074788488,-49.8312925211511,-33.7227762722683));
#11857=CARTESIAN_POINT('',(-46.6687074788488,-49.8312925211511,-36.7227762722683));
#11858=CARTESIAN_POINT('',(-46.6687074788488,-49.8312925211511,-33.7227762722683));
#11859=CARTESIAN_POINT('',(-63.6687074788488,-49.8312925211511,-36.7227762722683));
#11860=CARTESIAN_POINT('',(-46.6687074788488,-49.8312925211511,-36.7227762722683));
#11861=CARTESIAN_POINT('',(-63.6687074788488,-49.8312925211511,-33.7227762722683));
#11862=CARTESIAN_POINT('Origin',(-61.6687074788486,-49.8312925211511,-33.7227762722683));
#11863=CARTESIAN_POINT('',(-61.6687074788484,-32.4156462605756,-25.));
#11864=CARTESIAN_POINT('',(-61.6687074788488,-59.8312925211511,-33.7227762722683));
#11865=CARTESIAN_POINT('',(-61.6687074788488,-59.8312925211511,-33.7227762722683));
#11866=CARTESIAN_POINT('',(-61.6687074788488,-59.8312925211511,-33.7227762722683));
#11867=CARTESIAN_POINT('Origin',(-61.6687074788488,-59.8312925211511,-33.7227762722683));
#11868=CARTESIAN_POINT('',(-46.6687074788488,-59.8312925211514,-25.));
#11869=CARTESIAN_POINT('',(-55.5843537394247,-59.8312925211512,-25.));
#11870=CARTESIAN_POINT('',(-46.6687074788488,-59.8312925211513,-33.7227762722683));
#11871=CARTESIAN_POINT('',(-46.6687074788488,-59.8312925211513,-33.7227762722683));
#11872=CARTESIAN_POINT('',(-61.6687074788488,-59.8312925211511,-33.7227762722683));
#11873=CARTESIAN_POINT('Origin',(-46.6687074788488,-59.8312925211513,-33.7227762722683));
#11874=CARTESIAN_POINT('',(-46.6687074788488,-61.0992417135825,-25.));
#11875=CARTESIAN_POINT('',(-46.6687074788488,-60.8312925211513,-26.));
#11876=CARTESIAN_POINT('Origin',(-46.6687074788488,-62.8312925211513,-26.));
#11877=CARTESIAN_POINT('',(-46.6687074788488,-60.8312925211513,-36.7227762722683));
#11878=CARTESIAN_POINT('',(-46.6687074788488,-60.8312925211513,-33.7227762722683));
#11879=CARTESIAN_POINT('',(-46.6687074788488,-61.8312925211511,-36.7227762722683));
#11880=CARTESIAN_POINT('',(-46.6687074788488,-61.8312925211511,-33.7227762722683));
#11881=CARTESIAN_POINT('',(-46.6687074788484,-32.4156462605758,-25.));
#11882=CARTESIAN_POINT('Origin',(-47.6687074788482,-29.3312925211514,-33.7227762722683));
#11883=CARTESIAN_POINT('',(-42.9687074788483,-28.1312925211514,-33.7227762722683));
#11884=CARTESIAN_POINT('Origin',(-42.9687074788483,-27.1312925211514,-33.7227762722683));
#11885=CARTESIAN_POINT('Origin',(-47.6687074788482,-29.3312925211514,-36.7227762722683));
#11886=CARTESIAN_POINT('',(-40.5,-24.9999999999999,-36.7227762722683));
#11887=CARTESIAN_POINT('',(-52.4593537394241,-24.9999999999999,-36.7227762722683));
#11888=CARTESIAN_POINT('',(-39.5,-23.4999999999999,-36.7227762722683));
#11889=CARTESIAN_POINT('Ctrl Pts',(-40.5,-24.9999999999999,-36.7227762722683));
#11890=CARTESIAN_POINT('Ctrl Pts',(-40.4109129193625,-24.9999999999999,
-36.7227762722683));
#11891=CARTESIAN_POINT('Ctrl Pts',(-40.2432167305716,-24.9640849309792,
-36.7227762722682));
#11892=CARTESIAN_POINT('Ctrl Pts',(-39.9453854403354,-24.7839222515857,
-36.7227762722683));
#11893=CARTESIAN_POINT('Ctrl Pts',(-39.6686117240014,-24.4278676380219,
-36.7227762722683));
#11894=CARTESIAN_POINT('Ctrl Pts',(-39.510672997967,-23.9275520238564,-36.7227762722683));
#11895=CARTESIAN_POINT('Ctrl Pts',(-39.5,-23.6336306209561,-36.7227762722683));
#11896=CARTESIAN_POINT('Ctrl Pts',(-39.5,-23.4999999999999,-36.7227762722683));
#11897=CARTESIAN_POINT('',(-39.5,-23.3312925211514,-36.7227762722683));
#11898=CARTESIAN_POINT('',(-39.5,-24.6656462605756,-36.7227762722683));
#11899=CARTESIAN_POINT('',(-39.1687074788482,-23.3312925211514,-36.7227762722683));
#11900=CARTESIAN_POINT('',(-42.9687074788483,-28.1312925211514,-36.7227762722683));
#11901=CARTESIAN_POINT('Origin',(-42.9687074788483,-27.1312925211513,-36.7227762722683));
#11902=CARTESIAN_POINT('Origin',(-55.1687074788488,-55.8312925211511,-33.7227762722683));
#11903=CARTESIAN_POINT('',(-59.8687074788487,-59.0312925211511,-33.7227762722683));
#11904=CARTESIAN_POINT('Origin',(-59.8687074788487,-58.0312925211511,-33.7227762722683));
#11905=CARTESIAN_POINT('Origin',(-97.5836014220653,-24.75,-38.7227762722683));
#11906=CARTESIAN_POINT('',(-97.5836014220653,-24.75,-38.7227762722683));
#11907=CARTESIAN_POINT('',(-97.5836014220653,-45.2499999999999,-38.7227762722686));
#11908=CARTESIAN_POINT('Origin',(-68.0836014220653,-45.2499999999999,-38.7227762722683));
#11909=CARTESIAN_POINT('',(-63.0836014220653,-45.2499999999999,-38.7227762722683));
#11910=CARTESIAN_POINT('Origin',(-63.0836014220653,-45.2499999999999,-38.7227762722683));
#11911=CARTESIAN_POINT('',(-63.0836014220653,-24.75,-38.722776272268));
#11912=CARTESIAN_POINT('Origin',(-63.0836014220653,-24.75,-38.722776272268));
#11913=CARTESIAN_POINT('Origin',(-62.0836014220653,-22.7499999999999,-38.722776272268));
#11914=CARTESIAN_POINT('',(-62.0836014220654,-46.5179491924312,-25.));
#11915=CARTESIAN_POINT('',(-62.0836014220654,-46.2500000000001,-26.));
#11916=CARTESIAN_POINT('Origin',(-62.0836014220654,-48.2500000000001,-26.));
#11917=CARTESIAN_POINT('',(-62.0836014220653,-46.2499999999999,-41.7227762722683));
#11918=CARTESIAN_POINT('',(-62.0836014220653,-46.2499999999999,-38.7227762722683));
#11919=CARTESIAN_POINT('',(-62.0836014220653,-24.9999999999999,-41.722776272268));
#11920=CARTESIAN_POINT('',(-62.0836014220653,-47.2499999999999,-41.7227762722683));
#11921=CARTESIAN_POINT('',(-62.0836014220654,-24.9999999999999,-25.));
#11922=CARTESIAN_POINT('',(-62.0836014220653,-24.9999999999999,-36.9863881361341));
#11923=CARTESIAN_POINT('',(-62.0836014220654,-13.8749999999999,-25.));
#11924=CARTESIAN_POINT('Origin',(-42.9687074788483,-27.1312925211514,-33.7227762722683));
#11925=CARTESIAN_POINT('',(-42.9687074788483,-28.1312925211514,-33.7227762722683));
#11926=CARTESIAN_POINT('Origin',(-59.8687074788487,-58.0312925211511,-33.7227762722683));
#11927=CARTESIAN_POINT('',(-59.8687074788487,-59.0312925211511,-36.7227762722683));
#11928=CARTESIAN_POINT('',(-59.8687074788487,-59.0312925211511,-33.7227762722683));
#11929=CARTESIAN_POINT('Origin',(-59.8687074788487,-58.0312925211511,-36.7227762722683));
#11930=CARTESIAN_POINT('Origin',(-95.7836014220653,-26.55,-38.7227762722683));
#11931=CARTESIAN_POINT('',(-94.7836014220652,-26.5499999999999,-41.7227762722683));
#11932=CARTESIAN_POINT('',(-94.7836014220653,-26.55,-38.7227762722683));
#11933=CARTESIAN_POINT('Origin',(-95.7836014220652,-26.5499999999999,-41.7227762722683));
#11934=CARTESIAN_POINT('Origin',(-64.8836014220653,-43.45,-38.7227762722683));
#11935=CARTESIAN_POINT('',(-63.8836014220653,-43.4499999999999,-41.7227762722683));
#11936=CARTESIAN_POINT('',(-63.8836014220653,-43.45,-38.7227762722683));
#11937=CARTESIAN_POINT('Origin',(-64.8836014220653,-43.4499999999999,-41.7227762722683));
#11938=CARTESIAN_POINT('Origin',(-95.7836014220653,-43.4499999999999,-38.7227762722686));
#11939=CARTESIAN_POINT('',(-94.7836014220652,-43.4499999999999,-41.7227762722686));
#11940=CARTESIAN_POINT('',(-94.7836014220653,-43.4499999999999,-38.7227762722686));
#11941=CARTESIAN_POINT('Origin',(-95.7836014220652,-43.4499999999999,-41.7227762722686));
#11942=CARTESIAN_POINT('Origin',(-64.8836014220653,-26.55,-38.7227762722681));
#11943=CARTESIAN_POINT('',(-63.8836014220653,-26.5499999999999,-41.7227762722681));
#11944=CARTESIAN_POINT('',(-63.8836014220653,-26.55,-38.7227762722681));
#11945=CARTESIAN_POINT('Origin',(-64.8836014220653,-26.5499999999999,-41.7227762722681));
#11946=CARTESIAN_POINT('Origin',(-46.,12.0000000000001,-7.));
#11947=CARTESIAN_POINT('',(-46.,11.983696264459,-5.5000886065479));
#11948=CARTESIAN_POINT('',(-46.,11.983694374159,-8.49991137290372));
#11949=CARTESIAN_POINT('Origin',(-46.,12.0000000000001,-7.));
#11950=CARTESIAN_POINT('',(-44.,11.983696264459,-5.5000886065479));
#11951=CARTESIAN_POINT('',(-46.,11.983696264459,-5.5000886065479));
#11952=CARTESIAN_POINT('',(-44.,11.983694374159,-8.49991137290372));
#11953=CARTESIAN_POINT('Origin',(-44.,12.0000000000001,-7.));
#11954=CARTESIAN_POINT('',(-46.,11.983694374159,-8.49991137290372));
#11955=CARTESIAN_POINT('Origin',(-46.,10.0000000000001,-5.44420004706215));
#11956=CARTESIAN_POINT('',(-46.0001983248049,10.4859186125641,-5.45789029378494));
#11957=CARTESIAN_POINT('',(-43.9998016751951,10.4859186125641,-5.45789029378494));
#11958=CARTESIAN_POINT('',(-73.,10.4859186125641,-5.45789029378494));
#11959=CARTESIAN_POINT('',(-44.,10.5000000000001,-5.45828702209132));
#11960=CARTESIAN_POINT('Origin',(-43.5,10.5000000000001,-5.45828702209132));
#11961=CARTESIAN_POINT('',(-44.,11.983696264459,-5.5000886065479));
#11962=CARTESIAN_POINT('',(-46.,10.5000000000001,-5.45828702209132));
#11963=CARTESIAN_POINT('',(-46.,11.983696264459,-5.5000886065479));
#11964=CARTESIAN_POINT('Origin',(-46.5,10.5000000000001,-5.45828702209132));
#11965=CARTESIAN_POINT('Origin',(-56.1687074788482,-23.3312925211511,-33.7227762722682));
#11966=CARTESIAN_POINT('',(-39.5,-23.3312925211514,-25.));
#11967=CARTESIAN_POINT('',(-39.5,-23.3312925211514,-6.36138813613413));
#11968=CARTESIAN_POINT('',(-53.7937074788483,-23.3312925211512,-25.));
#11969=CARTESIAN_POINT('Origin',(-56.1687074788482,-23.3312925211511,-33.7227762722682));
#11970=CARTESIAN_POINT('Origin',(-70.,-4.99999999999991,-25.));
#11971=CARTESIAN_POINT('',(-98.5836014220653,-48.2500000000001,-25.));
#11972=CARTESIAN_POINT('Ctrl Pts',(-98.5836014220653,-48.2500000000001,
-25.));
#11973=CARTESIAN_POINT('Ctrl Pts',(-98.8606996441462,-47.9729017779191,
-25.));
#11974=CARTESIAN_POINT('Ctrl Pts',(-99.187514138254,-47.6347767277961,-25.));
#11975=CARTESIAN_POINT('Ctrl Pts',(-99.4206295949221,-47.2016468377317,
-25.));
#11976=CARTESIAN_POINT('Ctrl Pts',(-99.4650892525356,-47.1037419400826,
-25.));
#11977=CARTESIAN_POINT('Ctrl Pts',(-99.4999999999668,-47.0013424125562,
-25.));
#11978=CARTESIAN_POINT('',(-63.0836014220653,-48.2500000000001,-25.));
#11979=CARTESIAN_POINT('',(-66.0418007110326,-48.2500000000001,-25.));
#11980=CARTESIAN_POINT('Ctrl Pts',(-62.0836014220653,-46.5179491924312,
-25.));
#11981=CARTESIAN_POINT('Ctrl Pts',(-62.0836014220653,-46.7728266143068,
-25.));
#11982=CARTESIAN_POINT('Ctrl Pts',(-62.1731734219631,-47.0652695268492,
-25.));
#11983=CARTESIAN_POINT('Ctrl Pts',(-62.4796887058766,-47.6347767277961,
-25.));
#11984=CARTESIAN_POINT('Ctrl Pts',(-62.8065031999844,-47.9729017779191,
-25.));
#11985=CARTESIAN_POINT('Ctrl Pts',(-63.0836014220653,-48.2500000000001,
-25.));
#11986=CARTESIAN_POINT('',(-63.625,-24.9999999999999,-25.));
#11987=CARTESIAN_POINT('',(-63.6687074788488,-61.0992417135822,-25.));
#11988=CARTESIAN_POINT('',(-63.6687074788484,-33.4156462605755,-25.));
#11989=CARTESIAN_POINT('',(-62.6687074788488,-62.8312925211511,-25.));
#11990=CARTESIAN_POINT('Ctrl Pts',(-62.6687074788488,-62.8312925211511,
-25.));
#11991=CARTESIAN_POINT('Ctrl Pts',(-62.909064207006,-62.5909357929939,-25.));
#11992=CARTESIAN_POINT('Ctrl Pts',(-63.1938365469902,-62.2988977443106,
-25.));
#11993=CARTESIAN_POINT('Ctrl Pts',(-63.4639976415268,-61.8726727718454,
-25.));
#11994=CARTESIAN_POINT('Ctrl Pts',(-63.5508953967217,-61.6951377997808,
-25.));
#11995=CARTESIAN_POINT('Ctrl Pts',(-63.641097039461,-61.4043593567829,-25.));
#11996=CARTESIAN_POINT('Ctrl Pts',(-63.6687074788488,-61.2389719425937,
-25.));
#11997=CARTESIAN_POINT('Ctrl Pts',(-63.6687074788488,-61.0992417135822,
-25.));
#11998=CARTESIAN_POINT('',(-47.6687074788488,-62.8312925211513,-25.));
#11999=CARTESIAN_POINT('',(-58.3343537394248,-62.8312925211512,-25.));
#12000=CARTESIAN_POINT('Ctrl Pts',(-46.6687074788488,-61.0992417135825,
-25.));
#12001=CARTESIAN_POINT('Ctrl Pts',(-46.6687074788488,-61.2389719425939,
-25.));
#12002=CARTESIAN_POINT('Ctrl Pts',(-46.6963179182366,-61.4043593567831,
-25.));
#12003=CARTESIAN_POINT('Ctrl Pts',(-46.7865195609759,-61.695137799781,-25.));
#12004=CARTESIAN_POINT('Ctrl Pts',(-46.8734173161708,-61.8726727718456,
-25.));
#12005=CARTESIAN_POINT('Ctrl Pts',(-47.1435784107074,-62.2988977443108,
-25.));
#12006=CARTESIAN_POINT('Ctrl Pts',(-47.4283507506916,-62.5909357929941,
-25.));
#12007=CARTESIAN_POINT('Ctrl Pts',(-47.6687074788488,-62.8312925211513,
-25.));
#12008=CARTESIAN_POINT('',(-40.5,-12.4999999999999,-25.));
#12009=CARTESIAN_POINT('',(-78.,-57.9999999999999,-25.));
#12010=CARTESIAN_POINT('Origin',(-82.,-57.9999999999999,-25.));
#12011=CARTESIAN_POINT('Origin',(-74.5,2.00000000000011,-45.7230000000001));
#12012=CARTESIAN_POINT('',(-53.5,-20.9999999999999,-45.723));
#12013=CARTESIAN_POINT('',(-53.5,-22.9999999999999,-45.7230000000001));
#12014=CARTESIAN_POINT('',(-53.5,-9.49999999999988,-45.7230000000001));
#12015=CARTESIAN_POINT('',(-40.5,-20.9999999999999,-45.723));
#12016=CARTESIAN_POINT('',(-74.5,-20.9999999999999,-45.7230000000001));
#12017=CARTESIAN_POINT('',(-40.5,-22.9999999999999,-45.7230000000001));
#12018=CARTESIAN_POINT('',(-40.5,-8.99999999999985,-45.723));
#12019=CARTESIAN_POINT('',(-65.875,-22.9999999999999,-45.7230000000001));
#12020=CARTESIAN_POINT('Origin',(-44.,11.7500000000001,-7.00026842044202));
#12021=CARTESIAN_POINT('',(-44.,10.5000000000001,-8.54211448678376));
#12022=CARTESIAN_POINT('',(-44.,10.5000000000001,-16.000134210221));
#12023=CARTESIAN_POINT('',(-44.,11.983694374159,-8.49991137290372));
#12024=CARTESIAN_POINT('',(-44.,12.0000000000001,-6.));
#12025=CARTESIAN_POINT('Origin',(-44.,12.0000000000001,-7.));
#12026=CARTESIAN_POINT('Origin',(-44.5,12.0000000000001,-7.));
#12027=CARTESIAN_POINT('',(-44.5,12.0000000000001,-6.5));
#12028=CARTESIAN_POINT('Origin',(-44.5,12.0000000000001,-6.));
#12029=CARTESIAN_POINT('',(-44.5,12.5000000000001,-7.));
#12030=CARTESIAN_POINT('Origin',(-44.5,12.0000000000001,-7.));
#12031=CARTESIAN_POINT('Origin',(-44.5,12.0000000000001,-7.));
#12032=CARTESIAN_POINT('Origin',(-46.,12.0000000000001,-7.));
#12033=CARTESIAN_POINT('',(-45.5,12.5000000000001,-7.));
#12034=CARTESIAN_POINT('',(-46.,12.5000000000001,-7.));
#12035=CARTESIAN_POINT('',(-45.5,12.0000000000001,-6.5));
#12036=CARTESIAN_POINT('Origin',(-45.5,12.0000000000001,-7.));
#12037=CARTESIAN_POINT('Origin',(-45.5,12.0000000000001,-7.));
#12038=CARTESIAN_POINT('Origin',(-45.5,12.0000000000001,-7.));
#12039=CARTESIAN_POINT('',(-46.,12.0000000000001,-6.));
#12040=CARTESIAN_POINT('Origin',(-45.5,12.0000000000001,-6.));
#12041=CARTESIAN_POINT('Origin',(-46.,12.0000000000001,-7.));
#12042=CARTESIAN_POINT('Origin',(-82.,-57.9999999999999,-22.));
#12043=CARTESIAN_POINT('',(-78.,-57.9999999999999,-22.));
#12044=CARTESIAN_POINT('Origin',(-82.,-57.9999999999999,-22.));
#12045=CARTESIAN_POINT('Origin',(-82.,-57.9999999999999,-25.));
#12046=CARTESIAN_POINT('',(-78.,-57.9999999999999,-25.));
#12047=CARTESIAN_POINT('Origin',(-70.,-18.,-6.));
#12048=CARTESIAN_POINT('',(-68.,-18.,-6.));
#12049=CARTESIAN_POINT('',(-72.,-18.,-6.));
#12050=CARTESIAN_POINT('Origin',(-70.,-18.,-6.));
#12051=CARTESIAN_POINT('',(-72.,-21.,-6.));
#12052=CARTESIAN_POINT('',(-72.,-18.,-6.));
#12053=CARTESIAN_POINT('',(-68.,-21.,-6.));
#12054=CARTESIAN_POINT('Origin',(-70.,-21.,-6.));
#12055=CARTESIAN_POINT('',(-68.,-18.,-6.));
#12056=CARTESIAN_POINT('Origin',(-68.,-18.,-6.));
#12057=CARTESIAN_POINT('',(-68.,-18.,-6.));
#12058=CARTESIAN_POINT('',(-68.,-21.,-6.));
#12059=CARTESIAN_POINT('Origin',(-74.644904710627,-18.,-21.));
#12060=CARTESIAN_POINT('',(-72.,-18.,-6.));
#12061=CARTESIAN_POINT('',(-72.,-21.,-6.));
#12062=CARTESIAN_POINT('Origin',(-76.6446302438868,2.41844762647975,-7.07106781186548));
#12063=CARTESIAN_POINT('',(-79.758555088043,5.66409740614616,-10.9339534381202));
#12064=CARTESIAN_POINT('',(-76.194000036906,3.84766404872769,-7.00570088648785));
#12065=CARTESIAN_POINT('',(-81.8052121002444,3.76927250149123,-9.65879323194189));
#12066=CARTESIAN_POINT('Origin',(-80.3559910856184,3.76927250149123,-11.0206155252738));
#12067=CARTESIAN_POINT('Origin',(-80.3559910856184,3.76927250149123,-11.0206155252738));
#12068=CARTESIAN_POINT('Origin',(-70.,0.,0.));
#12069=CARTESIAN_POINT('',(-81.1058604421934,3.659435416436,-9.71125101474868));
#12070=CARTESIAN_POINT('Origin',(-80.0542161746104,3.659435416436,-10.6994733726882));
#12071=CARTESIAN_POINT('Origin',(-80.3849469698279,3.77981158145034,-11.0514297336319));
#12072=CARTESIAN_POINT('Origin',(-81.4711847988445,3.77981158145034,-10.0307000612865));
#12073=CARTESIAN_POINT('Origin',(-75.8682408883347,-4.92403876506104,-6.42787609686539));
#12074=CARTESIAN_POINT('',(-80.6042881331295,-6.36225895920043,-9.69192802002278));
#12075=CARTESIAN_POINT('',(-76.9682274989599,-3.93435364605386,-6.18180126747224));
#12076=CARTESIAN_POINT('',(-80.6146302616462,-7.6743625581163,-8.67735664559134));
#12077=CARTESIAN_POINT('Origin',(-79.1459491495056,-7.6743625581163,-10.0181688243437));
#12078=CARTESIAN_POINT('Origin',(-79.1459491495056,-7.6743625581163,-10.0181688243437));
#12079=CARTESIAN_POINT('Origin',(-70.,0.,0.));
#12080=CARTESIAN_POINT('',(-79.9452007321442,-7.4507306469963,-8.75326197615889));
#12081=CARTESIAN_POINT('Origin',(-78.8794350160096,-7.4507306469963,-9.72623809744037));
#12082=CARTESIAN_POINT('Origin',(-79.1715216941678,-7.69582047091065,-10.0461801401193));
#12083=CARTESIAN_POINT('Origin',(-80.27234549307,-7.69582047091065,-9.04119822537464));
#12084=CARTESIAN_POINT('Origin',(-63.3553697561133,2.41844762647975,-7.07106781186548));
#12085=CARTESIAN_POINT('',(-60.241444911957,5.66409740614616,-10.9339534381202));
#12086=CARTESIAN_POINT('',(-63.805999963094,3.84766404872769,-7.00570088648785));
#12087=CARTESIAN_POINT('',(-61.0932299290076,3.76927250149123,-12.3824378186057));
#12088=CARTESIAN_POINT('Origin',(-59.6440089143816,3.76927250149123,-11.0206155252738));
#12089=CARTESIAN_POINT('Origin',(-59.6440089143816,3.76927250149123,-11.0206155252738));
#12090=CARTESIAN_POINT('Origin',(-70.,0.,0.));
#12091=CARTESIAN_POINT('',(-60.9974280929726,3.659435416436,-11.6876957306278));
#12092=CARTESIAN_POINT('Origin',(-59.9457838253896,3.659435416436,-10.6994733726882));
#12093=CARTESIAN_POINT('Origin',(-59.6150530301721,3.77981158145034,-11.0514297336319));
#12094=CARTESIAN_POINT('Origin',(-60.7012908591888,3.77981158145034,-12.0721594059773));
#12095=CARTESIAN_POINT('Origin',(-64.1317591116653,-4.92403876506104,-6.42787609686539));
#12096=CARTESIAN_POINT('',(-59.3957118668705,-6.36225895920043,-9.69192802002278));
#12097=CARTESIAN_POINT('',(-63.0317725010401,-3.93435364605386,-6.18180126747224));
#12098=CARTESIAN_POINT('',(-62.322731962635,-7.6743625581163,-11.3589810030961));
#12099=CARTESIAN_POINT('Origin',(-60.8540508504944,-7.6743625581163,-10.0181688243437));
#12100=CARTESIAN_POINT('Origin',(-60.8540508504944,-7.6743625581163,-10.0181688243437));
#12101=CARTESIAN_POINT('Origin',(-70.,0.,0.));
#12102=CARTESIAN_POINT('',(-62.1863307001249,-7.4507306469963,-10.6992142187219));
#12103=CARTESIAN_POINT('Origin',(-61.1205649839904,-7.4507306469963,-9.72623809744037));
#12104=CARTESIAN_POINT('Origin',(-60.8284783058322,-7.69582047091065,-10.0461801401193));
#12105=CARTESIAN_POINT('Origin',(-61.9293021047343,-7.69582047091065,-11.051162054864));
#12106=CARTESIAN_POINT('Origin',(-70.,-21.,-12.5));
#12107=CARTESIAN_POINT('',(-70.,-21.,-7.));
#12108=CARTESIAN_POINT('Origin',(-70.,-21.,-6.));
#12109=CARTESIAN_POINT('Origin',(-70.,-20.5,-6.));
#12110=CARTESIAN_POINT('',(-70.,-20.5,-6.5));
#12111=CARTESIAN_POINT('Origin',(-70.,-20.5,-7.));
#12112=CARTESIAN_POINT('',(-69.5,-20.5,-6.));
#12113=CARTESIAN_POINT('Origin',(-70.,-20.5,-6.));
#12114=CARTESIAN_POINT('Origin',(-70.,-20.5,-6.));
#12115=CARTESIAN_POINT('Origin',(-70.,-18.,-12.5));
#12116=CARTESIAN_POINT('',(-70.,-18.,-5.));
#12117=CARTESIAN_POINT('Origin',(-70.,-18.,-6.));
#12118=CARTESIAN_POINT('Origin',(-70.,-18.,-6.));
#12119=CARTESIAN_POINT('',(-69.5,-18.5,-6.));
#12120=CARTESIAN_POINT('',(-69.5,-18.,-6.));
#12121=CARTESIAN_POINT('',(-70.,-18.5,-5.5));
#12122=CARTESIAN_POINT('Origin',(-70.,-18.5,-6.));
#12123=CARTESIAN_POINT('Origin',(-70.,-18.5,-6.));
#12124=CARTESIAN_POINT('Origin',(-70.,-18.5,-6.));
#12125=CARTESIAN_POINT('Origin',(-70.,-18.5,-5.));
#12126=CARTESIAN_POINT('Origin',(-83.,-6.,25.));
#12127=CARTESIAN_POINT('',(-84.,-6.,25.));
#12128=CARTESIAN_POINT('',(-84.,-6.,29.));
#12129=CARTESIAN_POINT('',(-84.,-6.,25.));
#12130=CARTESIAN_POINT('',(-88.,-6.,29.));
#12131=CARTESIAN_POINT('',(-84.5,-6.,29.));
#12132=CARTESIAN_POINT('',(-88.,-6.,25.));
#12133=CARTESIAN_POINT('',(-88.,-6.,25.));
#12134=CARTESIAN_POINT('',(-61.5,-6.00000000000001,25.));
#12135=CARTESIAN_POINT('Origin',(-86.,-3.,30.));
#12136=CARTESIAN_POINT('',(-84.,-5.,30.));
#12137=CARTESIAN_POINT('',(-84.,-1.,30.));
#12138=CARTESIAN_POINT('',(-84.,-1.5,30.));
#12139=CARTESIAN_POINT('',(-88.,-1.,30.));
#12140=CARTESIAN_POINT('',(-78.,-1.,30.));
#12141=CARTESIAN_POINT('',(-88.,-5.,30.));
#12142=CARTESIAN_POINT('',(-88.,-4.5,30.));
#12143=CARTESIAN_POINT('',(-84.5,-5.,30.));
#12144=CARTESIAN_POINT('Origin',(-89.,-6.,25.));
#12145=CARTESIAN_POINT('',(-89.,-5.,29.));
#12146=CARTESIAN_POINT('',(-89.,0.,29.));
#12147=CARTESIAN_POINT('',(-89.,-4.5,29.));
#12148=CARTESIAN_POINT('',(-89.,0.,25.));
#12149=CARTESIAN_POINT('',(-89.,0.,25.));
#12150=CARTESIAN_POINT('',(-89.,-5.,25.));
#12151=CARTESIAN_POINT('',(-89.,-13.,25.));
#12152=CARTESIAN_POINT('',(-89.,-5.,25.));
#12153=CARTESIAN_POINT('Origin',(-83.,0.,25.));
#12154=CARTESIAN_POINT('',(-83.,-5.,29.));
#12155=CARTESIAN_POINT('',(-83.,-5.,25.));
#12156=CARTESIAN_POINT('',(-83.,-5.,25.));
#12157=CARTESIAN_POINT('',(-83.,0.,25.));
#12158=CARTESIAN_POINT('',(-83.,-9.99999999999995,25.));
#12159=CARTESIAN_POINT('',(-83.,0.,29.));
#12160=CARTESIAN_POINT('',(-83.,0.,25.));
#12161=CARTESIAN_POINT('',(-83.,-1.5,29.));
#12162=CARTESIAN_POINT('Origin',(-84.5,-5.,29.));
#12163=CARTESIAN_POINT('Origin',(-88.,-5.,29.));
#12164=CARTESIAN_POINT('Origin',(-84.,-5.,29.));
#12165=CARTESIAN_POINT('Origin',(-88.,-4.5,29.));
#12166=CARTESIAN_POINT('Origin',(-88.,-1.,29.));
#12167=CARTESIAN_POINT('Origin',(-88.,-5.,29.));
#12168=CARTESIAN_POINT('Origin',(-78.,-1.,29.));
#12169=CARTESIAN_POINT('Origin',(-84.,-1.,29.));
#12170=CARTESIAN_POINT('',(-78.,0.,29.));
#12171=CARTESIAN_POINT('Origin',(-84.,-1.5,29.));
#12172=CARTESIAN_POINT('Origin',(-84.,-5.,29.));
#12173=CARTESIAN_POINT('Origin',(-88.,-5.,25.));
#12174=CARTESIAN_POINT('Origin',(-88.,-5.,25.));
#12175=CARTESIAN_POINT('Origin',(-88.,-5.,29.));
#12176=CARTESIAN_POINT('Origin',(-88.,-5.,29.));
#12177=CARTESIAN_POINT('Origin',(-84.,-5.,25.));
#12178=CARTESIAN_POINT('Origin',(-84.,-5.,25.));
#12179=CARTESIAN_POINT('Origin',(-84.,-5.,29.));
#12180=CARTESIAN_POINT('Origin',(-84.,-5.,29.));
#12181=CARTESIAN_POINT('Origin',(-77.5836014220654,-22.7500000000002,-25.));
#12182=CARTESIAN_POINT('Origin',(-88.5836014220652,-27.7877178394775,-41.7227762722683));
#12183=CARTESIAN_POINT('',(-88.5836014220652,-24.7877178394775,-41.7227762722683));
#12184=CARTESIAN_POINT('',(-88.5836014220652,-31.3938589197387,-41.7227762722684));
#12185=CARTESIAN_POINT('',(-88.5836014220652,-24.7877178394775,-41.7227762722683));
#12186=CARTESIAN_POINT('Origin',(-88.5836014220652,-24.7877178394775,-41.7227762722683));
#12187=CARTESIAN_POINT('',(-76.7099299880897,-24.7877178394775,-41.7227762722682));
#12188=CARTESIAN_POINT('',(-76.4999999999999,-24.7877178394775,-41.7455678583032));
#12189=CARTESIAN_POINT('Ctrl Pts',(-76.7099299880897,-24.7877178394775,
-41.7227762722682));
#12190=CARTESIAN_POINT('Ctrl Pts',(-76.6393077105842,-24.7877178394775,
-41.7382778062088));
#12191=CARTESIAN_POINT('Ctrl Pts',(-76.5663591359699,-24.7877178394775,
-41.7455678583032));
#12192=CARTESIAN_POINT('Ctrl Pts',(-76.4999999999999,-24.7877178394775,
-41.7455678583032));
#12193=CARTESIAN_POINT('',(-61.1668007110326,-24.7877178394775,-41.7455678583031));
#12194=CARTESIAN_POINT('',(-76.8336014220653,-24.7877178394775,-41.7227762722682));
#12195=CARTESIAN_POINT('Origin',(-74.5836014220652,-42.2351575150978,-41.7227762722684));
#12196=CARTESIAN_POINT('',(-74.5836014220652,-45.2351575150978,-41.7227762722684));
#12197=CARTESIAN_POINT('',(-74.5836014220652,-38.6175787575489,-41.7227762722683));
#12198=CARTESIAN_POINT('',(-74.5836014220652,-45.2351575150978,-41.7227762722684));
#12199=CARTESIAN_POINT('Origin',(-74.5836014220652,-45.2351575150978,-41.7227762722684));
#12200=CARTESIAN_POINT('',(-88.5836014220652,-45.2351575150978,-41.7227762722685));
#12201=CARTESIAN_POINT('',(-69.8336014220653,-45.2351575150978,-41.7227762722684));
#12202=CARTESIAN_POINT('',(-88.5836014220652,-45.2351575150978,-41.7227762722685));
#12203=CARTESIAN_POINT('Origin',(-88.5836014220652,-45.2351575150978,-41.7227762722685));
#12204=CARTESIAN_POINT('',(-88.5836014220656,-37.6175787575491,-41.7227762722684));
#12205=CARTESIAN_POINT('Origin',(-57.25,-20.9999999999999,-35.2500000000001));
#12206=CARTESIAN_POINT('',(-53.5,-20.9999999999999,-42.723));
#12207=CARTESIAN_POINT('',(-53.5,-20.9999999999999,-38.9865000000001));
#12208=CARTESIAN_POINT('',(-65.5,-20.9999999999999,-42.723));
#12209=CARTESIAN_POINT('',(-61.375,-20.9999999999999,-42.723));
#12210=CARTESIAN_POINT('',(-65.5,-20.9999999999999,-45.723));
#12211=CARTESIAN_POINT('',(-65.5,-20.9999999999999,-40.4865000000001));
#12212=CARTESIAN_POINT('',(-74.5,-20.9999999999999,-45.7230000000001));
#12213=CARTESIAN_POINT('',(-53.,-20.9999999999999,-29.));
#12214=CARTESIAN_POINT('',(-58.125,-20.9999999999999,-29.));
#12215=CARTESIAN_POINT('',(-53.,-20.9999999999999,-28.125));
#12216=CARTESIAN_POINT('',(-40.5,-20.9999999999999,-7.12500000000005));
#12217=CARTESIAN_POINT('',(-40.8,-20.9999999999999,-43.7));
#12218=CARTESIAN_POINT('Origin',(-41.8,-20.9999999999999,-43.7));
#12219=CARTESIAN_POINT('',(-71.7,-20.9999999999999,-43.7000000000001));
#12220=CARTESIAN_POINT('Origin',(-72.7,-20.9999999999999,-43.7000000000001));
#12221=CARTESIAN_POINT('Origin',(-53.,-23.6580960910758,-21.));
#12222=CARTESIAN_POINT('',(-53.,-23.6580960910758,-29.));
#12223=CARTESIAN_POINT('Origin',(-59.,-22.1580960910758,-29.));
#12224=CARTESIAN_POINT('Origin',(-68.,-18.,6.));
#12225=CARTESIAN_POINT('',(-65.7959127411442,-21.,18.5000000000001));
#12226=CARTESIAN_POINT('',(-65.7959127411442,-18.9999999999999,18.5000000000001));
#12227=CARTESIAN_POINT('',(-65.7959127411442,-19.75,18.5000000000001));
#12228=CARTESIAN_POINT('',(-68.,-21.,6.));
#12229=CARTESIAN_POINT('',(-65.355095289373,-18.9999999999999,21.));
#12230=CARTESIAN_POINT('',(-65.355095289373,-19.,21.));
#12231=CARTESIAN_POINT('',(-65.7665617650872,-18.9999999999999,18.6664576569002));
#12232=CARTESIAN_POINT('Origin',(-70.,-21.,12.5));
#12233=CARTESIAN_POINT('',(-66.1381442341198,-21.,21.));
#12234=CARTESIAN_POINT('',(-66.1381442341198,-21.,18.5000000000001));
#12235=CARTESIAN_POINT('',(-66.1381442341198,-21.,21.0000000000001));
#12236=CARTESIAN_POINT('',(-85.,-21.,21.));
#12237=CARTESIAN_POINT('',(-64.8190721170599,-21.,18.5000000000001));
#12238=CARTESIAN_POINT('Origin',(-59.6381442341198,-21.4999999999999,29.5000000000001));
#12239=CARTESIAN_POINT('',(-66.1381442341198,-20.9999999999999,29.5000000000001));
#12240=CARTESIAN_POINT('',(-53.1381442341198,-20.9999999999999,29.5000000000001));
#12241=CARTESIAN_POINT('',(-58.4440721170599,-20.9999999999999,29.5000000000001));
#12242=CARTESIAN_POINT('',(-53.1381442341198,-23.9999999999999,29.5000000000001));
#12243=CARTESIAN_POINT('',(-53.1381442341198,-23.9999999999999,29.5000000000001));
#12244=CARTESIAN_POINT('',(-66.1381442341198,-23.9999999999999,29.5000000000001));
#12245=CARTESIAN_POINT('',(-58.4440721170599,-23.9999999999999,29.5000000000001));
#12246=CARTESIAN_POINT('',(-66.1381442341198,-18.9999999999999,29.5000000000001));
#12247=CARTESIAN_POINT('Origin',(-66.1381442341198,-23.9999999999999,29.5000000000001));
#12248=CARTESIAN_POINT('',(-53.1381442341198,-23.9999999999999,21.));
#12249=CARTESIAN_POINT('',(-66.1381442341198,-23.9999999999999,21.));
#12250=CARTESIAN_POINT('',(-83.0690721170599,-23.9999999999999,21.));
#12251=CARTESIAN_POINT('',(-66.1381442341198,-23.9999999999999,25.));
#12252=CARTESIAN_POINT('',(-66.1381442341198,-23.9999999999999,29.5000000000001));
#12253=CARTESIAN_POINT('',(-53.1381442341198,-23.9999999999999,25.));
#12254=CARTESIAN_POINT('',(-57.25,-23.9999999999999,25.));
#12255=CARTESIAN_POINT('',(-53.1381442341198,-23.9999999999999,29.5000000000001));
#12256=CARTESIAN_POINT('Origin',(-66.1381442341198,-18.9999999999999,29.5000000000001));
#12257=CARTESIAN_POINT('',(-66.1381442341198,-20.9999999999999,25.));
#12258=CARTESIAN_POINT('',(-66.1381442341198,-20.9999999999999,32.3750000000001));
#12259=CARTESIAN_POINT('',(-66.1381442341198,-23.9999999999999,32.3750000000001));
#12260=CARTESIAN_POINT('',(-66.1381442341198,-19.4999999999999,21.));
#12261=CARTESIAN_POINT('',(-66.1381442341198,-18.9999999999999,18.5000000000001));
#12262=CARTESIAN_POINT('',(-66.1381442341198,-18.9999999999999,18.5000000000001));
#12263=CARTESIAN_POINT('',(-66.1381442341198,-18.9999999999999,25.));
#12264=CARTESIAN_POINT('',(-66.1381442341198,-18.9999999999999,29.5000000000001));
#12265=CARTESIAN_POINT('',(-66.1381442341198,-19.4999999999999,25.));
#12266=CARTESIAN_POINT('Origin',(-53.1381442341198,-18.9999999999999,29.5000000000001));
#12267=CARTESIAN_POINT('',(-53.1381442341198,-18.9999999999999,25.));
#12268=CARTESIAN_POINT('',(-46.5690721170599,-18.9999999999999,25.));
#12269=CARTESIAN_POINT('',(-53.1381442341198,-18.9999999999999,18.5000000000001));
#12270=CARTESIAN_POINT('',(-53.1381442341198,-18.9999999999999,21.));
#12271=CARTESIAN_POINT('',(-76.5690721170599,-18.9999999999999,21.));
#12272=CARTESIAN_POINT('',(-53.1381442341198,-18.9999999999999,29.5000000000001));
#12273=CARTESIAN_POINT('Origin',(-59.6381442341198,-21.4999999999999,18.5000000000001));
#12274=CARTESIAN_POINT('Origin',(-53.1381442341198,-23.9999999999999,29.5000000000001));
#12275=CARTESIAN_POINT('',(-53.1381442341198,-20.9999999999999,25.));
#12276=CARTESIAN_POINT('',(-53.1381442341198,-20.9999999999999,32.3750000000001));
#12277=CARTESIAN_POINT('',(-53.1381442341198,-21.9999999999999,25.));
#12278=CARTESIAN_POINT('',(-53.1381442341198,-21.9999999999999,21.));
#12279=CARTESIAN_POINT('',(-53.1381442341198,-23.9999999999999,32.3750000000001));
#12280=CARTESIAN_POINT('Origin',(-46.,11.983694374159,-8.49991137290372));
#12281=CARTESIAN_POINT('',(-43.9997978486441,10.4857834430793,-8.54251887125886));
#12282=CARTESIAN_POINT('',(-46.0002021513559,10.4857834430793,-8.54251887125886));
#12283=CARTESIAN_POINT('',(-73.,10.4857834430793,-8.54251887125886));
#12284=CARTESIAN_POINT('',(-46.,10.5000000000001,-8.54211448678376));
#12285=CARTESIAN_POINT('Origin',(-46.5,10.5000000000001,-8.54211448678376));
#12286=CARTESIAN_POINT('',(-46.,11.983694374159,-8.49991137290372));
#12287=CARTESIAN_POINT('Origin',(-43.5,10.5000000000001,-8.54211448678376));
#12288=CARTESIAN_POINT('Origin',(-46.,11.7500000000001,-7.00026842044202));
#12289=CARTESIAN_POINT('',(-46.,10.5000000000001,-16.000134210221));
#12290=CARTESIAN_POINT('Origin',(-46.5,10.5000000000001,-16.000134210221));
#12291=CARTESIAN_POINT('Origin',(-46.5,10.5000000000001,-4.95808861858979));
#12292=CARTESIAN_POINT('Origin',(-46.5,10.5000000000001,-9.04231671990301));
#12293=CARTESIAN_POINT('Origin',(-43.5,10.5000000000001,-16.000134210221));
#12294=CARTESIAN_POINT('Origin',(-43.5,10.5000000000001,-4.95808861858979));
#12295=CARTESIAN_POINT('Origin',(-43.5,10.5000000000001,-9.04231671990301));
#12296=CARTESIAN_POINT('Origin',(-73.,10.5000000000001,-9.04231671990301));
#12297=CARTESIAN_POINT('Origin',(-73.,10.5000000000001,-4.95808861858979));
#12298=CARTESIAN_POINT('Origin',(-70.,-64.9999999999999,23.));
#12299=CARTESIAN_POINT('',(-40.5,-64.9999999999999,24.));
#12300=CARTESIAN_POINT('',(-99.5,-64.9999999999999,24.));
#12301=CARTESIAN_POINT('',(-55.,-64.9999999999999,24.));
#12302=CARTESIAN_POINT('',(-99.5,-64.9999999999999,22.));
#12303=CARTESIAN_POINT('',(-99.5,-64.9999999999999,24.));
#12304=CARTESIAN_POINT('',(-40.5,-64.9999999999999,22.));
#12305=CARTESIAN_POINT('',(-85.,-64.9999999999999,22.));
#12306=CARTESIAN_POINT('',(-40.5,-64.9999999999999,22.));
#12307=CARTESIAN_POINT('Origin',(-42.4163985779346,-50.0000000000002,21.));
#12308=CARTESIAN_POINT('',(-42.4163985779345,-21.,12.7227762722682));
#12309=CARTESIAN_POINT('',(-42.4163985779346,-21.,21.));
#12310=CARTESIAN_POINT('',(-42.4163985779346,-21.,10.6339745962156));
#12311=CARTESIAN_POINT('',(-42.4163985779346,-22.3750000000001,21.));
#12312=CARTESIAN_POINT('',(-42.4163985779346,-35.0000000000001,21.));
#12313=CARTESIAN_POINT('',(-42.4163985779345,-42.5000000000002,12.7227762722685));
#12314=CARTESIAN_POINT('Origin',(-70.,0.,10.5303844939756));
#12315=CARTESIAN_POINT('',(-55.,0.,25.));
#12316=CARTESIAN_POINT('',(-77.5,0.,25.));
#12317=CARTESIAN_POINT('',(-55.,0.,25.));
#12318=CARTESIAN_POINT('',(-77.5,3.64747357814307E-16,25.3556308405988));
#12319=CARTESIAN_POINT('',(-77.5,0.,25.0000000000001));
#12320=CARTESIAN_POINT('',(-74.5,3.64747357814307E-16,25.3556308405988));
#12321=CARTESIAN_POINT('',(-75.25,3.90540496024312E-16,25.3556308405988));
#12322=CARTESIAN_POINT('',(-74.5,0.,25.));
#12323=CARTESIAN_POINT('',(-74.5,2.93619175494921E-48,25.0000000000001));
#12324=CARTESIAN_POINT('',(-40.5,0.,25.));
#12325=CARTESIAN_POINT('',(-55.,0.,25.));
#12326=CARTESIAN_POINT('',(-40.5,0.,4.44089209850063E-15));
#12327=CARTESIAN_POINT('',(-40.5,0.,15.7651922469878));
#12328=CARTESIAN_POINT('',(-42.8476860082171,9.32587340685131E-14,4.65339572430779E-15));
#12329=CARTESIAN_POINT('',(-56.5,0.,4.44089209850063E-15));
#12330=CARTESIAN_POINT('',(-42.1266442504431,9.32587340685131E-14,-4.08923101204883));
#12331=CARTESIAN_POINT('',(-42.8522788370482,9.32587340685131E-14,0.026047226650044));
#12332=CARTESIAN_POINT('',(-42.1266442504431,9.32587340685131E-14,-4.08923101204883));
#12333=CARTESIAN_POINT('',(-50.,0.,21.));
#12334=CARTESIAN_POINT('',(-50.,0.,15.7651922469878));
#12335=CARTESIAN_POINT('',(-85.,0.,21.));
#12336=CARTESIAN_POINT('',(-92.1266442504431,9.32587340685131E-14,-4.08923101204883));
#12337=CARTESIAN_POINT('',(-92.8522788370482,9.32587340685131E-14,0.0260472266500441));
#12338=CARTESIAN_POINT('',(-97.8733557495569,9.32587340685131E-14,-4.08923101204883));
#12339=CARTESIAN_POINT('Origin',(-40.,-19.9999999999999,25.));
#12340=CARTESIAN_POINT('',(-40.5,-63.9999999999999,25.));
#12341=CARTESIAN_POINT('',(-55.,-63.9999999999999,25.));
#12342=CARTESIAN_POINT('',(-40.5,-23.9999999999999,25.));
#12343=CARTESIAN_POINT('',(-40.5,-19.9999999999999,25.));
#12344=CARTESIAN_POINT('',(-57.25,-23.9999999999999,25.));
#12345=CARTESIAN_POINT('',(-77.5,-23.9999999999999,25.0000000000001));
#12346=CARTESIAN_POINT('',(-57.25,-23.9999999999999,25.));
#12347=CARTESIAN_POINT('',(-77.5,-20.4999999999999,25.));
#12348=CARTESIAN_POINT('Origin',(-74.5,2.00000000000011,45.5000000000001));
#12349=CARTESIAN_POINT('',(-65.5,-20.9999999999999,45.5000000000001));
#12350=CARTESIAN_POINT('',(-65.5,-23.9999999999999,45.5000000000001));
#12351=CARTESIAN_POINT('',(-65.5,-9.49999999999988,45.5000000000001));
#12352=CARTESIAN_POINT('',(-74.5,-20.9999999999999,45.5000000000001));
#12353=CARTESIAN_POINT('',(-74.5,-20.9999999999999,45.5000000000001));
#12354=CARTESIAN_POINT('',(-74.5,2.00000000000011,45.5000000000001));
#12355=CARTESIAN_POINT('',(-62.5,5.00000000000012,45.5000000000001));
#12356=CARTESIAN_POINT('',(-62.5,2.00000000000011,45.5000000000001));
#12357=CARTESIAN_POINT('',(-77.5,5.00000000000012,45.5000000000001));
#12358=CARTESIAN_POINT('',(-77.5,5.00000000000012,45.5000000000001));
#12359=CARTESIAN_POINT('',(-77.5,-23.9999999999999,45.5000000000001));
#12360=CARTESIAN_POINT('',(-77.5,2.00000000000011,45.5000000000001));
#12361=CARTESIAN_POINT('',(-74.5,-23.9999999999999,45.5000000000001));
#12362=CARTESIAN_POINT('Origin',(-57.25,-20.9999999999999,35.2500000000001));
#12363=CARTESIAN_POINT('',(-65.5,-20.9999999999999,42.723));
#12364=CARTESIAN_POINT('',(-65.5,-20.9999999999999,40.4865000000001));
#12365=CARTESIAN_POINT('',(-53.5,-20.9999999999999,42.723));
#12366=CARTESIAN_POINT('',(-61.375,-20.9999999999999,42.723));
#12367=CARTESIAN_POINT('',(-53.5,-20.9999999999999,45.5000000000001));
#12368=CARTESIAN_POINT('',(-53.5,-20.9999999999999,38.9865000000001));
#12369=CARTESIAN_POINT('',(-40.5,-20.9999999999999,45.5));
#12370=CARTESIAN_POINT('',(-74.5,-20.9999999999999,45.5000000000001));
#12371=CARTESIAN_POINT('',(-40.5,-20.9999999999999,25.));
#12372=CARTESIAN_POINT('',(-40.5,-20.9999999999999,28.125));
#12373=CARTESIAN_POINT('',(-48.625,-20.9999999999999,25.));
#12374=CARTESIAN_POINT('',(-74.5,-20.9999999999999,25.0000000000001));
#12375=CARTESIAN_POINT('',(-48.625,-20.9999999999999,25.));
#12376=CARTESIAN_POINT('',(-74.5,-20.9999999999999,25.0000000000001));
#12377=CARTESIAN_POINT('Origin',(-40.,-19.9999999999999,25.));
#12378=CARTESIAN_POINT('',(-40.5,-19.9999999999999,25.));
#12379=CARTESIAN_POINT('',(-74.5,2.00000000000009,25.0000000000001));
#12380=CARTESIAN_POINT('Origin',(-47.1523139917829,10.0000000000001,4.44089209850063E-15));
#12381=CARTESIAN_POINT('',(-40.5,9.50000000000009,4.44089209850063E-15));
#12382=CARTESIAN_POINT('',(-42.8476860082171,9.50000000000009,4.65339572430779E-15));
#12383=CARTESIAN_POINT('',(-73.5761569958914,9.50000000000009,4.44089209850063E-15));
#12384=CARTESIAN_POINT('',(-42.8476860082171,10.0000000000001,4.65339572430779E-15));
#12385=CARTESIAN_POINT('',(-40.5,-4.99999999999991,4.44089209850063E-15));
#12386=CARTESIAN_POINT('Origin',(-42.8476860082171,10.0000000000001,4.65339572430779E-15));
#12387=CARTESIAN_POINT('',(-42.1266442504431,9.50000000000009,-4.08923101204883));
#12388=CARTESIAN_POINT('',(-41.571736680648,9.50000000000009,-7.23626822419613));
#12389=CARTESIAN_POINT('',(-42.1266442504431,10.0000000000001,-4.08923101204883));
#12390=CARTESIAN_POINT('Origin',(-42.1266442504431,10.0000000000001,-4.08923101204883));
#12391=CARTESIAN_POINT('',(-71.0633221252216,9.50000000000009,-4.08923101204882));
#12392=CARTESIAN_POINT('Origin',(-49.5,9.50000000000009,-2.));
#12393=CARTESIAN_POINT('',(-50.,9.50000000000009,-2.));
#12394=CARTESIAN_POINT('Origin',(-49.5,9.50000000000009,-0.499999999999994));
#12395=CARTESIAN_POINT('Origin',(-57.1687074788483,-24.9999999999999,-34.4863881361342));
#12396=CARTESIAN_POINT('',(-57.1687074788483,-23.9999999999999,-26.));
#12397=CARTESIAN_POINT('Origin',(-57.1687074788483,-24.9999999999999,-26.));
#12398=CARTESIAN_POINT('',(-57.1687074788483,-23.9999999999999,-37.7227762722683));
#12399=CARTESIAN_POINT('',(-57.1687074788483,-23.9999999999999,-34.4863881361342));
#12400=CARTESIAN_POINT('Origin',(-57.1687074788483,-24.9999999999999,-37.7227762722683));
#12401=CARTESIAN_POINT('Origin',(-39.5,-22.8312925211514,-6.36138813613413));
#12402=CARTESIAN_POINT('Origin',(-39.5,-22.8312925211514,-37.2227762722683));
#12403=CARTESIAN_POINT('Origin',(-39.5,-22.8312925211514,-24.5));
#12404=CARTESIAN_POINT('Origin',(-52.4593537394241,-24.9999999999999,-37.7227762722683));
#12405=CARTESIAN_POINT('',(-40.5,-23.9999999999999,-37.7227762722683));
#12406=CARTESIAN_POINT('',(-52.4593537394241,-23.9999999999999,-37.7227762722683));
#12407=CARTESIAN_POINT('Origin',(-40.5,-24.9999999999999,-37.7227762722683));
#12408=CARTESIAN_POINT('Origin',(-40.5,-19.9999999999999,24.5));
#12409=CARTESIAN_POINT('Origin',(-40.5,-21.4999999999999,24.5));
#12410=CARTESIAN_POINT('Origin',(-40.5,-0.499999999999999,24.5));
#12411=CARTESIAN_POINT('Origin',(-40.5,-8.99999999999986,-45.223));
#12412=CARTESIAN_POINT('Origin',(-40.5,-21.4999999999999,-45.2230000000001));
#12413=CARTESIAN_POINT('Origin',(-40.5,-22.9999999999999,-45.2230000000001));
#12414=CARTESIAN_POINT('Origin',(-40.5,-0.499999999999999,15.7651922469878));
#12415=CARTESIAN_POINT('Origin',(-40.5,-0.499999999999999,-0.499999999999994));
#12416=CARTESIAN_POINT('Origin',(-40.5,-64.4999999999999,-1.));
#12417=CARTESIAN_POINT('Origin',(-40.5,-64.4999999999999,-24.5));
#12418=CARTESIAN_POINT('Origin',(-40.5,-64.4999999999999,-21.5));
#12419=CARTESIAN_POINT('Origin',(-40.5,-4.99999999999991,-0.499999999999994));
#12420=CARTESIAN_POINT('Origin',(-40.5,9.50000000000009,-0.499999999999994));
#12421=CARTESIAN_POINT('Origin',(-67.5,-21.,-20.));
#12422=CARTESIAN_POINT('',(-49.,-20.,-20.));
#12423=CARTESIAN_POINT('Origin',(-49.,-21.,-20.));
#12424=CARTESIAN_POINT('',(-40.5,-20.,-20.));
#12425=CARTESIAN_POINT('Origin',(-40.5,-21.,-20.));
#12426=CARTESIAN_POINT('',(-67.5,-20.,-20.));
#12427=CARTESIAN_POINT('Origin',(-40.5,-12.4999999999999,-21.5));
#12428=CARTESIAN_POINT('Origin',(-40.5,-21.,-21.5));
#12429=CARTESIAN_POINT('Origin',(-40.5,-23.4999999999999,28.125));
#12430=CARTESIAN_POINT('',(-40.5,-23.9999999999999,45.5));
#12431=CARTESIAN_POINT('Origin',(-40.5,-23.4999999999999,45.));
#12432=CARTESIAN_POINT('',(-40.5,-23.9999999999999,28.125));
#12433=CARTESIAN_POINT('Origin',(-40.5,-23.4999999999999,24.5));
#12434=CARTESIAN_POINT('Origin',(-40.5,9.50000000000009,-2.));
#12435=CARTESIAN_POINT('Origin',(-40.5,9.50000000000009,-0.499999999999994));
#12436=CARTESIAN_POINT('Origin',(-40.5,9.50000000000009,-24.5));
#12437=CARTESIAN_POINT('Origin',(-40.5,-12.4999999999999,-24.5));
#12438=CARTESIAN_POINT('Origin',(-40.5,-21.4999999999999,-24.5));
#12439=CARTESIAN_POINT('Origin',(-40.5,9.5000000000001,-24.5));
#12440=CARTESIAN_POINT('Origin',(-40.5,-19.5,10.6339745962156));
#12441=CARTESIAN_POINT('',(-40.5,-20.,10.6339745962156));
#12442=CARTESIAN_POINT('Origin',(-40.5,-19.5,-20.));
#12443=CARTESIAN_POINT('Origin',(-40.5,-64.4999999999999,22.));
#12444=CARTESIAN_POINT('Origin',(-40.5,-64.4999999999999,24.));
#12445=CARTESIAN_POINT('Origin',(-40.5,-64.4999999999999,22.));
#12446=CARTESIAN_POINT('Origin',(-85.,-63.9999999999999,22.));
#12447=CARTESIAN_POINT('',(-40.5,-63.9999999999999,21.));
#12448=CARTESIAN_POINT('Origin',(-40.5,-63.9999999999999,22.));
#12449=CARTESIAN_POINT('',(-99.5,-63.9999999999999,21.));
#12450=CARTESIAN_POINT('Origin',(-99.5,-63.9999999999999,22.));
#12451=CARTESIAN_POINT('',(-85.,-63.9999999999999,21.));
#12452=CARTESIAN_POINT('Origin',(-99.5,-64.4999999999999,24.));
#12453=CARTESIAN_POINT('Origin',(-99.5,-64.4999999999999,22.));
#12454=CARTESIAN_POINT('Origin',(-99.5,-64.4999999999999,24.));
#12455=CARTESIAN_POINT('Origin',(-99.5,-64.4999999999999,1.));
#12456=CARTESIAN_POINT('Origin',(-99.5,-64.4999999999999,-21.5));
#12457=CARTESIAN_POINT('Origin',(-99.5,-19.9999999999999,21.5));
#12458=CARTESIAN_POINT('Origin',(-99.5,-63.9999999999999,21.5));
#12459=CARTESIAN_POINT('',(-99.5,-21.,21.));
#12460=CARTESIAN_POINT('Origin',(-99.5,-21.,21.5));
#12461=CARTESIAN_POINT('',(-99.5,-19.9999999999999,21.));
#12462=CARTESIAN_POINT('Origin',(-99.5,-12.4999999999999,-21.5));
#12463=CARTESIAN_POINT('Origin',(-99.5,-21.,-21.5));
#12464=CARTESIAN_POINT('Origin',(-72.5,-21.,-20.));
#12465=CARTESIAN_POINT('',(-91.,-20.,-20.));
#12466=CARTESIAN_POINT('Origin',(-91.,-21.,-20.));
#12467=CARTESIAN_POINT('',(-99.5,-20.,-20.));
#12468=CARTESIAN_POINT('',(-72.5,-20.,-20.));
#12469=CARTESIAN_POINT('Origin',(-99.5,-21.,-20.));
#12470=CARTESIAN_POINT('Origin',(-99.5,-19.5,12.6339745962156));
#12471=CARTESIAN_POINT('Origin',(-99.5,-19.5,-20.));
#12472=CARTESIAN_POINT('',(-99.5,-20.,20.));
#12473=CARTESIAN_POINT('',(-99.5,-20.,12.6339745962156));
#12474=CARTESIAN_POINT('Origin',(-99.5,-19.5,20.));
#12475=CARTESIAN_POINT('Origin',(-99.5,-21.,-20.));
#12476=CARTESIAN_POINT('Origin',(-99.5,-21.,20.));
#12477=CARTESIAN_POINT('Origin',(-99.5,-21.,20.));
#12478=CARTESIAN_POINT('Ctrl Pts',(-99.5,-64.9999999999999,22.));
#12479=CARTESIAN_POINT('Ctrl Pts',(-99.5,-64.9999999999999,21.));
#12480=CARTESIAN_POINT('Ctrl Pts',(-99.5,-63.9999999999999,21.));
#12481=CARTESIAN_POINT('Ctrl Pts',(-100.,-64.9999999999999,22.));
#12482=CARTESIAN_POINT('Ctrl Pts',(-100.,-64.9999999999999,21.));
#12483=CARTESIAN_POINT('Ctrl Pts',(-100.,-63.9999999999999,21.));
#12484=CARTESIAN_POINT('Ctrl Pts',(-100.,-64.4999999999999,22.));
#12485=CARTESIAN_POINT('Ctrl Pts',(-100.,-64.4999999999999,21.5));
#12486=CARTESIAN_POINT('Ctrl Pts',(-100.,-63.9999999999999,21.5));
#12487=CARTESIAN_POINT('Origin',(-55.,-63.9999999999999,24.));
#12488=CARTESIAN_POINT('Origin',(-99.5,-63.9999999999999,24.));
#12489=CARTESIAN_POINT('Origin',(-40.5,-63.9999999999999,24.));
#12490=CARTESIAN_POINT('Ctrl Pts',(-100.,-64.4999999999999,24.));
#12491=CARTESIAN_POINT('Ctrl Pts',(-100.,-64.4999999999999,24.5));
#12492=CARTESIAN_POINT('Ctrl Pts',(-100.,-63.9999999999999,24.5));
#12493=CARTESIAN_POINT('Ctrl Pts',(-100.,-64.9999999999999,24.));
#12494=CARTESIAN_POINT('Ctrl Pts',(-100.,-64.9999999999999,25.));
#12495=CARTESIAN_POINT('Ctrl Pts',(-100.,-63.9999999999999,25.));
#12496=CARTESIAN_POINT('Ctrl Pts',(-99.5,-64.9999999999999,24.));
#12497=CARTESIAN_POINT('Ctrl Pts',(-99.5,-64.9999999999999,25.));
#12498=CARTESIAN_POINT('Ctrl Pts',(-99.5,-63.9999999999999,25.));
#12499=CARTESIAN_POINT('Origin',(-40.5,-19.9999999999999,21.5));
#12500=CARTESIAN_POINT('Origin',(-40.5,-63.9999999999999,21.5));
#12501=CARTESIAN_POINT('',(-40.5,-21.,21.));
#12502=CARTESIAN_POINT('',(-40.5,-19.9999999999999,21.));
#12503=CARTESIAN_POINT('Origin',(-40.5,-21.,21.5));
#12504=CARTESIAN_POINT('Ctrl Pts',(-40.,-64.4999999999999,22.));
#12505=CARTESIAN_POINT('Ctrl Pts',(-40.,-64.4999999999999,21.5));
#12506=CARTESIAN_POINT('Ctrl Pts',(-40.,-63.9999999999999,21.5));
#12507=CARTESIAN_POINT('Ctrl Pts',(-40.,-64.9999999999999,22.));
#12508=CARTESIAN_POINT('Ctrl Pts',(-40.,-64.9999999999999,21.));
#12509=CARTESIAN_POINT('Ctrl Pts',(-40.,-63.9999999999999,21.));
#12510=CARTESIAN_POINT('Ctrl Pts',(-40.5,-64.9999999999999,22.));
#12511=CARTESIAN_POINT('Ctrl Pts',(-40.5,-64.9999999999999,21.));
#12512=CARTESIAN_POINT('Ctrl Pts',(-40.5,-63.9999999999999,21.));
#12513=CARTESIAN_POINT('Origin',(-40.5,-19.9999999999999,24.5));
#12514=CARTESIAN_POINT('Origin',(-40.5,-63.9999999999999,24.5));
#12515=CARTESIAN_POINT('Ctrl Pts',(-40.5,-64.9999999999999,24.));
#12516=CARTESIAN_POINT('Ctrl Pts',(-40.5,-64.9999999999999,25.));
#12517=CARTESIAN_POINT('Ctrl Pts',(-40.5,-63.9999999999999,25.));
#12518=CARTESIAN_POINT('Ctrl Pts',(-40.,-64.9999999999999,24.));
#12519=CARTESIAN_POINT('Ctrl Pts',(-40.,-64.9999999999999,25.));
#12520=CARTESIAN_POINT('Ctrl Pts',(-40.,-63.9999999999999,25.));
#12521=CARTESIAN_POINT('Ctrl Pts',(-40.,-64.4999999999999,24.));
#12522=CARTESIAN_POINT('Ctrl Pts',(-40.,-64.4999999999999,24.5));
#12523=CARTESIAN_POINT('Ctrl Pts',(-40.,-63.9999999999999,24.5));
#12524=CARTESIAN_POINT('Origin',(-82.5,-21.,20.));
#12525=CARTESIAN_POINT('',(-82.5,-21.,21.));
#12526=CARTESIAN_POINT('Origin',(-41.4163985779346,-21.,20.));
#12527=CARTESIAN_POINT('Origin',(-40.5,-21.,20.));
#12528=CARTESIAN_POINT('Origin',(-40.5,-21.,20.));
#12529=CARTESIAN_POINT('Origin',(-40.5,9.50000000000009,-24.5));
#12530=CARTESIAN_POINT('Origin',(-40.5,-21.,-20.));
#12531=CARTESIAN_POINT('Origin',(-41.4163985779346,-21.,10.6339745962156));
#12532=CARTESIAN_POINT('Origin',(-41.4163985779346,-21.,11.7227762722683));
#12533=CARTESIAN_POINT('Origin',(-73.5761569958914,9.50000000000009,-0.499999999999996));
#12534=CARTESIAN_POINT('Origin',(-42.25180921192,9.50000000000009,-0.499999999999996));
#12535=CARTESIAN_POINT('Origin',(-40.5,9.50000000000009,-0.499999999999996));
#12536=CARTESIAN_POINT('Origin',(-40.5,9.50000000000009,-0.499999999999996));
#12537=CARTESIAN_POINT('Origin',(-40.5,-21.4999999999999,-7.12500000000005));
#12538=CARTESIAN_POINT('Origin',(-40.5,-8.99999999999988,45.));
#12539=CARTESIAN_POINT('Origin',(-40.5,-21.4999999999999,45.));
#12540=CARTESIAN_POINT('',(-40.5,-8.99999999999988,45.5));
#12541=CARTESIAN_POINT('Origin',(-41.0793328041419,9.50000000000009,-7.14944413536266));
#12542=CARTESIAN_POINT('Origin',(-41.5307674541461,9.50000000000009,-4.58923101204883));
#12543=CARTESIAN_POINT('Origin',(-40.5,-21.4999999999999,28.125));
#12544=CARTESIAN_POINT('Origin',(-40.5,-12.4999999999999,-24.5));
#12545=CARTESIAN_POINT('Origin',(-71.0633221252216,9.50000000000009,-4.58923101204882));
#12546=CARTESIAN_POINT('Origin',(-48.4692325458539,9.50000000000009,-4.58923101204883));
#12547=CARTESIAN_POINT('Ctrl Pts',(-40.5,-22.9999999999999,-45.7230000000001));
#12548=CARTESIAN_POINT('Ctrl Pts',(-40.5,-23.9999999999999,-45.7230000000001));
#12549=CARTESIAN_POINT('Ctrl Pts',(-40.5,-23.9999999999999,-44.7230000000001));
#12550=CARTESIAN_POINT('Ctrl Pts',(-40.,-22.9999999999999,-45.7230000000001));
#12551=CARTESIAN_POINT('Ctrl Pts',(-40.,-23.9999999999999,-45.7230000000001));
#12552=CARTESIAN_POINT('Ctrl Pts',(-40.,-23.9999999999999,-44.7230000000001));
#12553=CARTESIAN_POINT('Ctrl Pts',(-40.,-22.9999999999999,-45.2230000000001));
#12554=CARTESIAN_POINT('Ctrl Pts',(-40.,-23.4999999999999,-45.2230000000001));
#12555=CARTESIAN_POINT('Ctrl Pts',(-40.,-23.4999999999999,-44.7230000000001));
#12556=CARTESIAN_POINT('',(-40.3446552663924,-23.9752557350946,-44.7230000000001));
#12557=CARTESIAN_POINT('',(-40.5,-23.9779206951368,-44.9319763479987));
#12558=CARTESIAN_POINT('Ctrl Pts',(-40.3446552663924,-23.9752557350946,
-44.7230000000001));
#12559=CARTESIAN_POINT('Ctrl Pts',(-40.3538110366616,-23.9782484411019,
-44.7589821869391));
#12560=CARTESIAN_POINT('Ctrl Pts',(-40.3671870388541,-23.9803380403974,
-44.7944255051451));
#12561=CARTESIAN_POINT('Ctrl Pts',(-40.4027057412578,-23.9823043063823,
-44.8551332939533));
#12562=CARTESIAN_POINT('Ctrl Pts',(-40.4237580793648,-23.9824207363325,
-44.8810318397513));
#12563=CARTESIAN_POINT('Ctrl Pts',(-40.465201727028,-23.9806614710565,-44.914102722724));
#12564=CARTESIAN_POINT('Ctrl Pts',(-40.4820272052125,-23.9795723310557,
-44.9242473922515));
#12565=CARTESIAN_POINT('Ctrl Pts',(-40.5,-23.9779206951368,-44.9319763479987));
#12566=CARTESIAN_POINT('Origin',(-40.5,-22.9999999999999,-44.7230000000001));
#12567=CARTESIAN_POINT('Origin',(-40.5,-23.4999999999999,-44.7230000000001));
#12568=CARTESIAN_POINT('Origin',(-50.9396410031326,9.50000000000009,-18.599613582843));
#12569=CARTESIAN_POINT('Origin',(-47.74819078808,9.50000000000009,-0.499999999999994));
#12570=CARTESIAN_POINT('Origin',(-39.5,-24.6656462605756,-37.2227762722683));
#12571=CARTESIAN_POINT('Origin',(-39.5,-23.4999999999999,-37.2227762722683));
#12572=CARTESIAN_POINT('Ctrl Pts',(-39.5,-23.4999999999999,-36.7227762722683));
#12573=CARTESIAN_POINT('Ctrl Pts',(-39.5,-23.6336306209561,-36.7227762722683));
#12574=CARTESIAN_POINT('Ctrl Pts',(-39.510672997967,-23.9275520238564,-36.7227762722683));
#12575=CARTESIAN_POINT('Ctrl Pts',(-39.6686117240014,-24.4278676380219,
-36.7227762722683));
#12576=CARTESIAN_POINT('Ctrl Pts',(-39.9453854403354,-24.7839222515857,
-36.7227762722683));
#12577=CARTESIAN_POINT('Ctrl Pts',(-40.2432167305716,-24.9640849309792,
-36.7227762722682));
#12578=CARTESIAN_POINT('Ctrl Pts',(-40.4109129193625,-24.9999999999999,
-36.7227762722683));
#12579=CARTESIAN_POINT('Ctrl Pts',(-40.5,-24.9999999999999,-36.7227762722683));
#12580=CARTESIAN_POINT('Ctrl Pts',(-39.5673435029701,-23.4999999999999,
-36.7227762722683));
#12581=CARTESIAN_POINT('Ctrl Pts',(-39.5673435029701,-23.6323513479782,
-36.7227762722683));
#12582=CARTESIAN_POINT('Ctrl Pts',(-39.5842889993746,-23.9167160710068,
-36.7227821920597));
#12583=CARTESIAN_POINT('Ctrl Pts',(-39.7556534562017,-24.3855963336109,
-36.7228210649804));
#12584=CARTESIAN_POINT('Ctrl Pts',(-40.0323906745801,-24.699475946338,-36.7228399699828));
#12585=CARTESIAN_POINT('Ctrl Pts',(-40.2956939599622,-24.8405017020515,
-36.7227906920763));
#12586=CARTESIAN_POINT('Ctrl Pts',(-40.4290947313311,-24.8653129940596,
-36.7227762722683));
#12587=CARTESIAN_POINT('Ctrl Pts',(-40.5,-24.8653129940596,-36.7227762722683));
#12588=CARTESIAN_POINT('Ctrl Pts',(-39.7149873467036,-23.4999999999999,
-36.7508474149275));
#12589=CARTESIAN_POINT('Ctrl Pts',(-39.7149873467036,-23.6263087520421,
-36.7508474149275));
#12590=CARTESIAN_POINT('Ctrl Pts',(-39.7464209257516,-23.8857053666791,
-36.7534468055714));
#12591=CARTESIAN_POINT('Ctrl Pts',(-39.9450090461284,-24.2777993264889,
-36.7626826359841));
#12592=CARTESIAN_POINT('Ctrl Pts',(-40.2143685331235,-24.496880877191,-36.7722751305158));
#12593=CARTESIAN_POINT('Ctrl Pts',(-40.399543405035,-24.5635155499879,-36.7778109004817));
#12594=CARTESIAN_POINT('Ctrl Pts',(-40.4649923269494,-24.5700253065928,
-36.7789185575867));
#12595=CARTESIAN_POINT('Ctrl Pts',(-40.5,-24.5700253065928,-36.7789185575867));
#12596=CARTESIAN_POINT('Ctrl Pts',(-39.8927340584276,-23.4999999999999,
-36.8895166711768));
#12597=CARTESIAN_POINT('Ctrl Pts',(-39.8927340584276,-23.6070460923024,
-36.8895166711768));
#12598=CARTESIAN_POINT('Ctrl Pts',(-39.9368299112795,-23.819333916298,-36.9071406386218));
#12599=CARTESIAN_POINT('Ctrl Pts',(-40.1431851062998,-24.0974508707591,
-36.9672058990125));
#12600=CARTESIAN_POINT('Ctrl Pts',(-40.3719413025906,-24.206816838883,-37.0269676098002));
#12601=CARTESIAN_POINT('Ctrl Pts',(-40.47794129373,-24.2179400109116,-37.0527071310366));
#12602=CARTESIAN_POINT('Ctrl Pts',(-40.4920717916996,-24.2145318831446,
-37.0562570700855));
#12603=CARTESIAN_POINT('Ctrl Pts',(-40.5,-24.2145318831446,-37.0562570700855));
#12604=CARTESIAN_POINT('Ctrl Pts',(-39.9844339490966,-23.4999999999999,
-37.064579881885));
#12605=CARTESIAN_POINT('Ctrl Pts',(-39.9844339490966,-23.5852185590534,
-37.064579881885));
#12606=CARTESIAN_POINT('Ctrl Pts',(-40.026378362243,-23.7569515393392,-37.0991865187544));
#12607=CARTESIAN_POINT('Ctrl Pts',(-40.2043971968094,-23.9625438435796,
-37.218809852925));
#12608=CARTESIAN_POINT('Ctrl Pts',(-40.3836647929515,-24.0286199631984,
-37.3393888383677));
#12609=CARTESIAN_POINT('Ctrl Pts',(-40.4720013123672,-24.033518135809,-37.3970539208734));
#12610=CARTESIAN_POINT('Ctrl Pts',(-40.4901998242396,-24.0311321018066,
-37.4063834915017));
#12611=CARTESIAN_POINT('Ctrl Pts',(-40.5,-24.0311321018066,-37.4063834915017));
#12612=CARTESIAN_POINT('Ctrl Pts',(-40.,-23.4999999999999,-37.1722686450407));
#12613=CARTESIAN_POINT('Ctrl Pts',(-40.,-23.5726095842947,-37.1722686450407));
#12614=CARTESIAN_POINT('Ctrl Pts',(-40.0346984498229,-23.7255774243971,
-37.2150411175774));
#12615=CARTESIAN_POINT('Ctrl Pts',(-40.1845560582875,-23.910488118277,-37.3657179731433));
#12616=CARTESIAN_POINT('Ctrl Pts',(-40.3355529813293,-23.9791924723236,
-37.5208438295354));
#12617=CARTESIAN_POINT('Ctrl Pts',(-40.436518251631,-23.9979475721373,-37.6055045280953));
#12618=CARTESIAN_POINT('Ctrl Pts',(-40.4780464049434,-23.9999999999999,
-37.621761017813));
#12619=CARTESIAN_POINT('Ctrl Pts',(-40.5,-23.9999999999999,-37.621761017813));
#12620=CARTESIAN_POINT('Ctrl Pts',(-40.,-23.4999999999999,-37.2227762722683));
#12621=CARTESIAN_POINT('Ctrl Pts',(-40.,-23.566815310478,-37.2227762722683));
#12622=CARTESIAN_POINT('Ctrl Pts',(-40.0303345041592,-23.7120567207749,
-37.2686946396152));
#12623=CARTESIAN_POINT('Ctrl Pts',(-40.1655107430913,-23.8914851986078,
-37.4326888087114));
#12624=CARTESIAN_POINT('Ctrl Pts',(-40.3036019477653,-23.9661640960366,
-37.6032427445715));
#12625=CARTESIAN_POINT('Ctrl Pts',(-40.41408257443,-23.9949678003994,-37.7023681090029));
#12626=CARTESIAN_POINT('Ctrl Pts',(-40.4703043064542,-23.9999999999999,
-37.7227762722683));
#12627=CARTESIAN_POINT('Ctrl Pts',(-40.5,-23.9999999999999,-37.7227762722683));
#12628=CARTESIAN_POINT('Ctrl Pts',(-40.,-23.4999999999999,-37.2227762722683));
#12629=CARTESIAN_POINT('Ctrl Pts',(-40.,-23.566815310478,-37.2227762722683));
#12630=CARTESIAN_POINT('Ctrl Pts',(-40.0303345041592,-23.7120567207749,
-37.2686946396152));
#12631=CARTESIAN_POINT('Ctrl Pts',(-40.1655107430913,-23.8914851986078,
-37.4326888087114));
#12632=CARTESIAN_POINT('Ctrl Pts',(-40.3036019477653,-23.9661640960366,
-37.6032427445715));
#12633=CARTESIAN_POINT('Ctrl Pts',(-40.41408257443,-23.9949678003994,-37.7023681090029));
#12634=CARTESIAN_POINT('Ctrl Pts',(-40.4703043064542,-23.9999999999999,
-37.7227762722683));
#12635=CARTESIAN_POINT('Ctrl Pts',(-40.5,-23.9999999999999,-37.7227762722683));
#12636=CARTESIAN_POINT('Origin',(-73.5761569958914,9.50000000000009,-0.499999999999994));
#12637=CARTESIAN_POINT('Origin',(-63.625,-24.9999999999999,-26.));
#12638=CARTESIAN_POINT('',(-61.0836014220654,-23.9999999999999,-26.));
#12639=CARTESIAN_POINT('Origin',(-61.0836014220654,-24.9999999999999,-26.));
#12640=CARTESIAN_POINT('',(-63.625,-23.9999999999999,-26.));
#12641=CARTESIAN_POINT('Origin',(-61.0836014220653,-24.9999999999999,-36.9863881361341));
#12642=CARTESIAN_POINT('',(-61.0836014220653,-23.9999999999999,-42.7227762722681));
#12643=CARTESIAN_POINT('Origin',(-61.0836014220653,-24.9999999999999,-42.7227762722681));
#12644=CARTESIAN_POINT('',(-61.0836014220653,-23.9999999999999,-36.9863881361341));
#12645=CARTESIAN_POINT('Origin',(-61.1668007110326,-24.9999999999999,-42.7227762722681));
#12646=CARTESIAN_POINT('',(-76.5,-23.9999999999999,-42.7227762722682));
#12647=CARTESIAN_POINT('Origin',(-76.4999999999999,-24.9999999999999,-42.7227762722682));
#12648=CARTESIAN_POINT('',(-74.4450025174645,-23.9999999999999,-42.7227762722682));
#12649=CARTESIAN_POINT('',(-61.1668007110326,-23.9999999999999,-42.7227762722681));
#12650=CARTESIAN_POINT('',(-70.9549974825354,-23.9999999999999,-42.7227762722681));
#12651=CARTESIAN_POINT('Ctrl Pts',(-74.4450025174645,-23.9999999999999,
-42.7227762722682));
#12652=CARTESIAN_POINT('Ctrl Pts',(-74.4325363918748,-23.9999999999999,
-42.7116460571906));
#12653=CARTESIAN_POINT('Ctrl Pts',(-74.4067519993442,-24.0003725579732,
-42.6896211531493));
#12654=CARTESIAN_POINT('Ctrl Pts',(-74.3518695604178,-24.0025038759224,
-42.6466161436935));
#12655=CARTESIAN_POINT('Ctrl Pts',(-74.2476096926685,-24.0096187864269,
-42.5743791276685));
#12656=CARTESIAN_POINT('Ctrl Pts',(-74.1108448715344,-24.0241178688236,
-42.499492507943));
#12657=CARTESIAN_POINT('Ctrl Pts',(-73.7331149928373,-24.0697899674646,
-42.3343800395045));
#12658=CARTESIAN_POINT('Ctrl Pts',(-73.1673938898249,-24.1427453937727,
-42.2077105264465));
#12659=CARTESIAN_POINT('Ctrl Pts',(-72.3883403394137,-24.1426769688781,
-42.2075308686837));
#12660=CARTESIAN_POINT('Ctrl Pts',(-71.8061176274383,-24.0897932666908,
-42.3000871782462));
#12661=CARTESIAN_POINT('Ctrl Pts',(-71.3917131869875,-24.0350388564432,
-42.4433045248918));
#12662=CARTESIAN_POINT('Ctrl Pts',(-71.1523694758613,-24.0096004003177,
-42.5743910828348));
#12663=CARTESIAN_POINT('Ctrl Pts',(-71.0332151906369,-24.0014905763118,
-42.6569466954629));
#12664=CARTESIAN_POINT('Ctrl Pts',(-70.9799297337149,-23.9999999999999,
-42.700515842113));
#12665=CARTESIAN_POINT('Ctrl Pts',(-70.9549974825354,-23.9999999999999,
-42.7227762722681));
#12666=CARTESIAN_POINT('',(-61.1668007110326,-23.9999999999999,-42.7227762722681));
#12667=CARTESIAN_POINT('',(-61.1668007110326,-24.9999999999999,-41.7227762722681));
#12668=CARTESIAN_POINT('Origin',(-50.,-18.,-7.08424166324945));
#12669=CARTESIAN_POINT('',(-50.,-19.,-7.08424166324945));
#12670=CARTESIAN_POINT('',(-64.7486058296618,-19.,-1.71618814432758));
#12671=CARTESIAN_POINT('',(-57.8041409582167,-19.,-4.24376665044085));
#12672=CARTESIAN_POINT('',(-64.7486058296618,-18.,-1.71618814432758));
#12673=CARTESIAN_POINT('',(-50.,-3.99999999999995,-7.08424166324945));
#12674=CARTESIAN_POINT('Origin',(-65.,-18.,0.267949192431135));
#12675=CARTESIAN_POINT('',(-64.,-19.,2.00000000000001));
#12676=CARTESIAN_POINT('Origin',(-65.,-19.,0.267949192431135));
#12677=CARTESIAN_POINT('',(-64.,-18.,2.00000000000001));
#12678=CARTESIAN_POINT('Origin',(-64.,-18.,2.00000000000001));
#12679=CARTESIAN_POINT('',(-50.,-19.,7.09558327972685));
#12680=CARTESIAN_POINT('',(-64.719846310393,-19.,1.73799736977063));
#12681=CARTESIAN_POINT('',(-50.,-3.99999999999995,7.09558327972685));
#12682=CARTESIAN_POINT('Origin',(-57.462120814891,-19.,-3.30407402965494));
#12683=CARTESIAN_POINT('',(-64.0614226900715,-20.,-0.902124580152144));
#12684=CARTESIAN_POINT('',(-64.6841925965968,-19.9682458376978,-0.94149924281467));
#12685=CARTESIAN_POINT('Ctrl Pts',(-64.0614226900715,-20.,-0.902124580152145));
#12686=CARTESIAN_POINT('Ctrl Pts',(-64.0630770430377,-20.,-0.902397491313483));
#12687=CARTESIAN_POINT('Ctrl Pts',(-64.0647315949164,-19.9999989857969,
-0.902669193690354));
#12688=CARTESIAN_POINT('Ctrl Pts',(-64.2709478723018,-19.999747188702,-0.936377925070943));
#12689=CARTESIAN_POINT('Ctrl Pts',(-64.47784834044,-19.9841218893998,-0.95116865048344));
#12690=CARTESIAN_POINT('Ctrl Pts',(-64.6841925998007,-19.9682458366595,
-0.941499312889285));
#12691=CARTESIAN_POINT('Ctrl Pts',(-64.6841925977182,-19.9682458548874,
-0.941499238520328));
#12692=CARTESIAN_POINT('Ctrl Pts',(-64.6869615281047,-19.9536646777718,
-1.00058839390106));
#12693=CARTESIAN_POINT('Ctrl Pts',(-64.6902904731202,-19.9340941303422,
-1.05831704681841));
#12694=CARTESIAN_POINT('Ctrl Pts',(-64.7018528816962,-19.8567027748601,
-1.23442114168496));
#12695=CARTESIAN_POINT('Ctrl Pts',(-64.7111330038714,-19.7816660205839,
-1.34354308765545));
#12696=CARTESIAN_POINT('Ctrl Pts',(-64.7280130956286,-19.5959231330263,
-1.5245811491284));
#12697=CARTESIAN_POINT('Ctrl Pts',(-64.7354656788831,-19.4880715663469,
-1.59549860151948));
#12698=CARTESIAN_POINT('Ctrl Pts',(-64.745795320789,-19.2521058894952,-1.6915629782116));
#12699=CARTESIAN_POINT('Ctrl Pts',(-64.7486058296618,-19.1267388034328,
-1.71618814432758));
#12700=CARTESIAN_POINT('Ctrl Pts',(-64.7486058296618,-19.,-1.71618814432758));
#12701=CARTESIAN_POINT('',(-49.,-20.,-6.38403412503974));
#12702=CARTESIAN_POINT('Origin',(-49.,-19.,-6.38403412503973));
#12703=CARTESIAN_POINT('',(-57.462120814891,-20.,-3.30407402965494));
#12704=CARTESIAN_POINT('Ctrl Pts',(-64.4947081276431,-19.,-1.66716840702635));
#12705=CARTESIAN_POINT('Ctrl Pts',(-66.1114197845823,-19.,-2.08931911271217));
#12706=CARTESIAN_POINT('Ctrl Pts',(-66.8143908755451,-19.,-0.573469698929657));
#12707=CARTESIAN_POINT('Ctrl Pts',(-67.5173619665078,-19.,0.942379714852854));
#12708=CARTESIAN_POINT('Ctrl Pts',(-66.1507138371245,-19.,1.90375409065409));
#12709=CARTESIAN_POINT('Ctrl Pts',(-64.7840657077412,-19.,2.86512846645533));
#12710=CARTESIAN_POINT('Ctrl Pts',(-63.5949453902246,-19.,1.69126277121443));
#12711=CARTESIAN_POINT('Ctrl Pts',(-64.4947081276431,-19.7745967279152,
-1.66716840702635));
#12712=CARTESIAN_POINT('Ctrl Pts',(-66.1114197845823,-19.7745967279152,
-2.08931911271217));
#12713=CARTESIAN_POINT('Ctrl Pts',(-66.8143908755451,-19.7745967279152,
-0.573469698929659));
#12714=CARTESIAN_POINT('Ctrl Pts',(-67.5173619665078,-19.7745967279152,
0.942379714852853));
#12715=CARTESIAN_POINT('Ctrl Pts',(-66.1507138371245,-19.7745967279152,
1.90375409065409));
#12716=CARTESIAN_POINT('Ctrl Pts',(-64.7840657077412,-19.7745967279152,
2.86512846645533));
#12717=CARTESIAN_POINT('Ctrl Pts',(-63.5949453902246,-19.7745967279152,
1.69126277121444));
#12718=CARTESIAN_POINT('Ctrl Pts',(-64.6841925977182,-19.9682458548874,
-0.941499238520328));
#12719=CARTESIAN_POINT('Ctrl Pts',(-65.6946373259012,-19.9682458548874,
-1.20534341458483));
#12720=CARTESIAN_POINT('Ctrl Pts',(-66.1339942327928,-19.9682458548874,
-0.25793758479343));
#12721=CARTESIAN_POINT('Ctrl Pts',(-66.5733511396844,-19.9682458548874,
0.689468244997967));
#12722=CARTESIAN_POINT('Ctrl Pts',(-65.7191961073449,-19.9682458548874,
1.2903271957386));
#12723=CARTESIAN_POINT('Ctrl Pts',(-64.8650410750053,-19.9682458548874,
1.89118614647923));
#12724=CARTESIAN_POINT('Ctrl Pts',(-64.1218409187791,-19.9682458548874,
1.15752012863366));
#12725=CARTESIAN_POINT('',(-65.,-19.9682458365519,-0.982050807568864));
#12726=CARTESIAN_POINT('Origin',(-65.,-19.9682458365519,0.267949192431135));
#12727=CARTESIAN_POINT('',(-64.1218409142398,-19.968245837663,1.15752013323196));
#12728=CARTESIAN_POINT('Origin',(-65.,-19.9682458365519,0.267949192431135));
#12729=CARTESIAN_POINT('Ctrl Pts',(-64.1218409172631,-19.9682458543302,
1.15752013016938));
#12730=CARTESIAN_POINT('Ctrl Pts',(-64.1028435393785,-19.9488100671294,
1.24454006239129));
#12731=CARTESIAN_POINT('Ctrl Pts',(-64.0868248876479,-19.9201724422112,
1.32980097743304));
#12732=CARTESIAN_POINT('Ctrl Pts',(-64.0530540254049,-19.8250369698411,
1.53128757427065));
#12733=CARTESIAN_POINT('Ctrl Pts',(-64.0383754581902,-19.7479755566545,
1.6410385891488));
#12734=CARTESIAN_POINT('Ctrl Pts',(-64.01730624788,-19.5626290706912,1.81806480037062));
#12735=CARTESIAN_POINT('Ctrl Pts',(-64.0105614185557,-19.4593216701105,
1.88604832040112));
#12736=CARTESIAN_POINT('Ctrl Pts',(-64.0019455640064,-19.2355101011753,
1.97683216341425));
#12737=CARTESIAN_POINT('Ctrl Pts',(-64.,-19.1185574683245,2.00000000000001));
#12738=CARTESIAN_POINT('Ctrl Pts',(-64.,-19.,2.00000000000001));
#12739=CARTESIAN_POINT('Origin',(-49.,-19.,10.6339745962156));
#12740=CARTESIAN_POINT('',(-49.,-20.,11.7227762722684));
#12741=CARTESIAN_POINT('',(-50.,-19.,11.7227762722684));
#12742=CARTESIAN_POINT('Origin',(-49.,-19.,11.7227762722684));
#12743=CARTESIAN_POINT('',(-50.,-19.,10.6339745962156));
#12744=CARTESIAN_POINT('',(-49.,-20.,6.39537574151714));
#12745=CARTESIAN_POINT('Origin',(-49.,-19.,6.39537574151714));
#12746=CARTESIAN_POINT('',(-49.,-20.,10.6339745962156));
#12747=CARTESIAN_POINT('Origin',(-76.,-18.,2.00000000000001));
#12748=CARTESIAN_POINT('',(-76.,-19.,2.00000000000001));
#12749=CARTESIAN_POINT('',(-75.280153689607,-19.,1.73799736977063));
#12750=CARTESIAN_POINT('',(-76.,-18.,2.00000000000001));
#12751=CARTESIAN_POINT('Origin',(-75.,-18.,0.267949192431135));
#12752=CARTESIAN_POINT('',(-75.2513941703382,-19.,-1.71618814432758));
#12753=CARTESIAN_POINT('Origin',(-75.,-19.,0.267949192431135));
#12754=CARTESIAN_POINT('',(-75.2513941703382,-18.,-1.71618814432758));
#12755=CARTESIAN_POINT('Origin',(-90.,-18.,-7.08424166324945));
#12756=CARTESIAN_POINT('',(-82.1958590417833,-19.,-4.24376665044085));
#12757=CARTESIAN_POINT('Origin',(-75.6221738329327,-19.,0.798304748984719));
#12758=CARTESIAN_POINT('',(-76.2860857042471,-20.,1.03994890831914));
#12759=CARTESIAN_POINT('',(-75.8781590857602,-19.968245837663,1.15752013323196));
#12760=CARTESIAN_POINT('Ctrl Pts',(-76.2860857042471,-20.,1.03994890831914));
#12761=CARTESIAN_POINT('Ctrl Pts',(-76.2844868601539,-20.,1.04051547870946));
#12762=CARTESIAN_POINT('Ctrl Pts',(-76.2828876458658,-19.9999982528651,
1.04108100275521));
#12763=CARTESIAN_POINT('Ctrl Pts',(-76.1485162300321,-19.9997054189043,
1.0884990393584));
#12764=CARTESIAN_POINT('Ctrl Pts',(-76.0139578318383,-19.9874311287327,
1.1278739028669));
#12765=CARTESIAN_POINT('Ctrl Pts',(-75.8781591024668,-19.9682458368842,
1.15752020925485));
#12766=CARTESIAN_POINT('Ctrl Pts',(-75.8781590827369,-19.9682458543302,
1.15752013016938));
#12767=CARTESIAN_POINT('Ctrl Pts',(-75.8971564606215,-19.9488100671294,
1.24454006239129));
#12768=CARTESIAN_POINT('Ctrl Pts',(-75.9131751123521,-19.9201724422112,
1.32980097743304));
#12769=CARTESIAN_POINT('Ctrl Pts',(-75.9469459745951,-19.8250369698411,
1.53128757427065));
#12770=CARTESIAN_POINT('Ctrl Pts',(-75.9616245418098,-19.7479755566545,
1.64103858914879));
#12771=CARTESIAN_POINT('Ctrl Pts',(-75.98269375212,-19.5626290706912,1.81806480037062));
#12772=CARTESIAN_POINT('Ctrl Pts',(-75.9894385814443,-19.4593216701105,
1.88604832040112));
#12773=CARTESIAN_POINT('Ctrl Pts',(-75.9980544359936,-19.2355101011753,
1.97683216341425));
#12774=CARTESIAN_POINT('Ctrl Pts',(-76.,-19.1185574683245,2.00000000000001));
#12775=CARTESIAN_POINT('Ctrl Pts',(-76.,-19.,2.00000000000001));
#12776=CARTESIAN_POINT('',(-91.,-20.,6.39537574151714));
#12777=CARTESIAN_POINT('Origin',(-91.,-19.,6.39537574151714));
#12778=CARTESIAN_POINT('',(-75.6221738329327,-20.,0.798304748984719));
#12779=CARTESIAN_POINT('Origin',(-65.,-18.,0.267949192431135));
#12780=CARTESIAN_POINT('',(-64.5,-19.,0.267949192431135));
#12781=CARTESIAN_POINT('',(-65.,-19.,-0.232050807568865));
#12782=CARTESIAN_POINT('Origin',(-65.,-19.,0.267949192431135));
#12783=CARTESIAN_POINT('Origin',(-65.,-19.,0.267949192431135));
#12784=CARTESIAN_POINT('',(-64.5,-18.,0.267949192431135));
#12785=CARTESIAN_POINT('Origin',(-64.3778261670673,-19.,0.798304748984719));
#12786=CARTESIAN_POINT('',(-63.7139142957529,-20.,1.03994890831914));
#12787=CARTESIAN_POINT('Ctrl Pts',(-64.1218408975332,-19.9682458368842,
1.15752020925486));
#12788=CARTESIAN_POINT('Ctrl Pts',(-63.9860415116931,-19.9874312214769,
1.12787375955282));
#12789=CARTESIAN_POINT('Ctrl Pts',(-63.851482471512,-19.9997055369676,1.08849865943763));
#12790=CARTESIAN_POINT('Ctrl Pts',(-63.7171110767107,-19.9999982542604,
1.04108055102464));
#12791=CARTESIAN_POINT('Ctrl Pts',(-63.7155125012854,-20.,1.04051525242747));
#12792=CARTESIAN_POINT('Ctrl Pts',(-63.7139142957529,-20.,1.03994890831914));
#12793=CARTESIAN_POINT('',(-64.3778261670673,-20.,0.798304748984719));
#12794=CARTESIAN_POINT('Origin',(-65.,-20.,0.267949192431135));
#12795=CARTESIAN_POINT('',(-56.3219378187919,-20.,11.7227762722681));
#12796=CARTESIAN_POINT('Origin',(-65.,-20.,0.267949192431135));
#12797=CARTESIAN_POINT('',(-49.,-20.,10.6339745962156));
#12798=CARTESIAN_POINT('Origin',(-65.,-19.,0.267949192431135));
#12799=CARTESIAN_POINT('Origin',(-65.,-19.,-1.23205080756886));
#12800=CARTESIAN_POINT('Origin',(-75.,-18.,0.267949192431135));
#12801=CARTESIAN_POINT('',(-75.5,-19.,0.267949192431135));
#12802=CARTESIAN_POINT('',(-75.,-19.,0.767949192431134));
#12803=CARTESIAN_POINT('Origin',(-75.,-19.,0.267949192431135));
#12804=CARTESIAN_POINT('Origin',(-75.,-19.,0.267949192431135));
#12805=CARTESIAN_POINT('',(-75.5,-18.,0.267949192431135));
#12806=CARTESIAN_POINT('Ctrl Pts',(-75.3158074022819,-19.9682458548874,
-0.941499238520322));
#12807=CARTESIAN_POINT('Ctrl Pts',(-74.3053626740988,-19.9682458548874,
-1.20534341458483));
#12808=CARTESIAN_POINT('Ctrl Pts',(-73.8660057672072,-19.9682458548874,
-0.257937584793437));
#12809=CARTESIAN_POINT('Ctrl Pts',(-73.4266488603156,-19.9682458548874,
0.689468244997958));
#12810=CARTESIAN_POINT('Ctrl Pts',(-74.2808038926551,-19.9682458548874,
1.29032719573859));
#12811=CARTESIAN_POINT('Ctrl Pts',(-75.1349589249947,-19.9682458548874,
1.89118614647923));
#12812=CARTESIAN_POINT('Ctrl Pts',(-75.8781590812209,-19.9682458548874,
1.15752012863366));
#12813=CARTESIAN_POINT('Ctrl Pts',(-75.5052918723569,-19.7745967279152,
-1.66716840702634));
#12814=CARTESIAN_POINT('Ctrl Pts',(-73.8885802154177,-19.7745967279152,
-2.08931911271218));
#12815=CARTESIAN_POINT('Ctrl Pts',(-73.1856091244549,-19.7745967279152,
-0.573469698929671));
#12816=CARTESIAN_POINT('Ctrl Pts',(-72.4826380334922,-19.7745967279152,
0.942379714852837));
#12817=CARTESIAN_POINT('Ctrl Pts',(-73.8492861628755,-19.7745967279152,
1.90375409065409));
#12818=CARTESIAN_POINT('Ctrl Pts',(-75.2159342922588,-19.7745967279152,
2.86512846645533));
#12819=CARTESIAN_POINT('Ctrl Pts',(-76.4050546097754,-19.7745967279152,
1.69126277121443));
#12820=CARTESIAN_POINT('Ctrl Pts',(-75.5052918723569,-19.,-1.66716840702634));
#12821=CARTESIAN_POINT('Ctrl Pts',(-73.8885802154177,-19.,-2.08931911271218));
#12822=CARTESIAN_POINT('Ctrl Pts',(-73.1856091244549,-19.,-0.57346969892967));
#12823=CARTESIAN_POINT('Ctrl Pts',(-72.4826380334922,-19.,0.942379714852838));
#12824=CARTESIAN_POINT('Ctrl Pts',(-73.8492861628755,-19.,1.90375409065409));
#12825=CARTESIAN_POINT('Ctrl Pts',(-75.2159342922588,-19.,2.86512846645533));
#12826=CARTESIAN_POINT('Ctrl Pts',(-76.4050546097754,-19.,1.69126277121443));
#12827=CARTESIAN_POINT('',(-75.,-19.9682458365519,1.51794919243113));
#12828=CARTESIAN_POINT('Origin',(-75.,-19.9682458365519,0.267949192431135));
#12829=CARTESIAN_POINT('',(-75.3158074034032,-19.9682458376978,-0.941499242814663));
#12830=CARTESIAN_POINT('Origin',(-75.,-19.9682458365519,0.267949192431135));
#12831=CARTESIAN_POINT('Ctrl Pts',(-75.2513941703382,-19.,-1.71618814432758));
#12832=CARTESIAN_POINT('Ctrl Pts',(-75.2513941703382,-19.1267388034328,
-1.71618814432758));
#12833=CARTESIAN_POINT('Ctrl Pts',(-75.254204679211,-19.2521058894952,-1.6915629782116));
#12834=CARTESIAN_POINT('Ctrl Pts',(-75.2645343211169,-19.4880715663469,
-1.59549860151948));
#12835=CARTESIAN_POINT('Ctrl Pts',(-75.2719869043714,-19.5959231330263,
-1.5245811491284));
#12836=CARTESIAN_POINT('Ctrl Pts',(-75.2888669961286,-19.7816660205839,
-1.34354308765545));
#12837=CARTESIAN_POINT('Ctrl Pts',(-75.2981471183038,-19.8567027748601,
-1.23442114168496));
#12838=CARTESIAN_POINT('Ctrl Pts',(-75.3097095268798,-19.9340941303422,
-1.05831704681841));
#12839=CARTESIAN_POINT('Ctrl Pts',(-75.3130384718953,-19.9536646777718,
-1.00058839390105));
#12840=CARTESIAN_POINT('Ctrl Pts',(-75.3158074022819,-19.9682458548874,
-0.941499238520321));
#12841=CARTESIAN_POINT('Origin',(-82.537879185109,-19.,-3.30407402965494));
#12842=CARTESIAN_POINT('',(-75.9385773099285,-20.,-0.902124580152144));
#12843=CARTESIAN_POINT('Ctrl Pts',(-75.3158074001993,-19.9682458366595,
-0.941499312889287));
#12844=CARTESIAN_POINT('Ctrl Pts',(-75.5221516595668,-19.9841218894003,
-0.951168650483765));
#12845=CARTESIAN_POINT('Ctrl Pts',(-75.7290521277143,-19.9997471887021,
-0.936377925068363));
#12846=CARTESIAN_POINT('Ctrl Pts',(-75.9352684050831,-19.9999989857969,
-0.902669193690427));
#12847=CARTESIAN_POINT('Ctrl Pts',(-75.9369229569628,-20.,-0.902397491313408));
#12848=CARTESIAN_POINT('Ctrl Pts',(-75.9385773099285,-20.,-0.902124580152145));
#12849=CARTESIAN_POINT('',(-91.,-20.,-6.38403412503974));
#12850=CARTESIAN_POINT('',(-82.537879185109,-20.,-3.30407402965494));
#12851=CARTESIAN_POINT('Origin',(-91.,-19.,-6.38403412503973));
#12852=CARTESIAN_POINT('Origin',(-75.,-19.,0.267949192431135));
#12853=CARTESIAN_POINT('Origin',(-75.,-19.,1.76794919243113));
#12854=CARTESIAN_POINT('Origin',(-75.,-20.,0.267949192431135));
#12855=CARTESIAN_POINT('Origin',(-55.1687074788488,-55.8312925211511,-36.7227762722683));
#12856=CARTESIAN_POINT('',(-63.6687074788488,-60.8312925211511,-36.7227762722683));
#12857=CARTESIAN_POINT('',(-50.9187074788488,-60.8312925211513,-36.7227762722683));
#12858=CARTESIAN_POINT('',(-63.6687074788488,-49.8312925211511,-36.7227762722683));
#12859=CARTESIAN_POINT('Origin',(-72.7,-20.9999999999999,-43.7000000000001));
#12860=CARTESIAN_POINT('',(-73.5725012587322,-22.9999999999999,-43.2113881361342));
#12861=CARTESIAN_POINT('',(-71.7,-22.9999999999999,-43.7000000000001));
#12862=CARTESIAN_POINT('Origin',(-72.7,-22.9999999999999,-43.7000000000001));
#12863=CARTESIAN_POINT('',(-71.7,-20.9999999999999,-43.7000000000001));
#12864=CARTESIAN_POINT('',(-71.8274987412677,-22.9999999999999,-43.2113881361341));
#12865=CARTESIAN_POINT('Origin',(-72.7,-22.9999999999999,-43.7000000000001));
#12866=CARTESIAN_POINT('Ctrl Pts',(-71.8274987412677,-22.9999999999999,
-43.2113881361341));
#12867=CARTESIAN_POINT('Ctrl Pts',(-71.8399648668575,-22.9999999999999,
-43.1891277059789));
#12868=CARTESIAN_POINT('Ctrl Pts',(-71.8666075953185,-23.0029811526237,
-43.1455585593289));
#12869=CARTESIAN_POINT('Ctrl Pts',(-71.9261847379307,-23.0192008006355,
-43.0630029467007));
#12870=CARTESIAN_POINT('Ctrl Pts',(-72.0458565934938,-23.0700777128865,
-42.9319163887577));
#12871=CARTESIAN_POINT('Ctrl Pts',(-72.2530588137189,-23.1795865333816,
-42.7886990421123));
#12872=CARTESIAN_POINT('Ctrl Pts',(-72.5441701697065,-23.2853539377563,
-42.6961427325497));
#12873=CARTESIAN_POINT('Ctrl Pts',(-72.9336969449122,-23.2854907875456,
-42.6963223903125));
#12874=CARTESIAN_POINT('Ctrl Pts',(-73.2165574964187,-23.1395799349294,
-42.8229919033705));
#12875=CARTESIAN_POINT('Ctrl Pts',(-73.4054224357672,-23.0482357376474,
-42.988104371809));
#12876=CARTESIAN_POINT('Ctrl Pts',(-73.4738048463342,-23.019237572854,-43.0629909915345));
#12877=CARTESIAN_POINT('Ctrl Pts',(-73.5259347802089,-23.005007751845,-43.1352280075595));
#12878=CARTESIAN_POINT('Ctrl Pts',(-73.553375999672,-23.0007451159464,-43.1782330170153));
#12879=CARTESIAN_POINT('Ctrl Pts',(-73.5662681959374,-22.9999999999999,
-43.2002579210565));
#12880=CARTESIAN_POINT('Ctrl Pts',(-73.5725012587322,-22.9999999999999,
-43.2113881361341));
#12881=CARTESIAN_POINT('Ctrl Pts',(-74.4450025174645,-23.9999999999999,
-42.7227762722682));
#12882=CARTESIAN_POINT('Ctrl Pts',(-74.4325363918748,-23.9999999999999,
-42.7116460571906));
#12883=CARTESIAN_POINT('Ctrl Pts',(-74.4067519993442,-24.0003725579732,
-42.6896211531493));
#12884=CARTESIAN_POINT('Ctrl Pts',(-74.3518695604178,-24.0025038759224,
-42.6466161436935));
#12885=CARTESIAN_POINT('Ctrl Pts',(-74.2476096926685,-24.0096187864269,
-42.5743791276685));
#12886=CARTESIAN_POINT('Ctrl Pts',(-74.1108448715344,-24.0241178688236,
-42.499492507943));
#12887=CARTESIAN_POINT('Ctrl Pts',(-73.7331149928373,-24.0697899674646,
-42.3343800395045));
#12888=CARTESIAN_POINT('Ctrl Pts',(-73.1673938898249,-24.1427453937727,
-42.2077105264465));
#12889=CARTESIAN_POINT('Ctrl Pts',(-72.3883403394137,-24.1426769688781,
-42.2075308686837));
#12890=CARTESIAN_POINT('Ctrl Pts',(-71.8061176274383,-24.0897932666908,
-42.3000871782462));
#12891=CARTESIAN_POINT('Ctrl Pts',(-71.3917131869875,-24.0350388564432,
-42.4433045248918));
#12892=CARTESIAN_POINT('Ctrl Pts',(-71.1523694758613,-24.0096004003177,
-42.5743910828348));
#12893=CARTESIAN_POINT('Ctrl Pts',(-71.0332151906369,-24.0014905763118,
-42.6569466954629));
#12894=CARTESIAN_POINT('Ctrl Pts',(-70.9799297337149,-23.9999999999999,
-42.700515842113));
#12895=CARTESIAN_POINT('Ctrl Pts',(-70.9549974825354,-23.9999999999999,
-42.7227762722681));
#12896=CARTESIAN_POINT('Ctrl Pts',(-74.1839507513044,-23.9999999999999,
-42.8689686000756));
#12897=CARTESIAN_POINT('Ctrl Pts',(-74.1742810272414,-23.9983231117816,
-42.8607014248244));
#12898=CARTESIAN_POINT('Ctrl Pts',(-74.1542529066432,-23.9951802721597,
-42.8440973500161));
#12899=CARTESIAN_POINT('Ctrl Pts',(-74.1114357605395,-23.9898064423905,
-42.8106922210029));
#12900=CARTESIAN_POINT('Ctrl Pts',(-74.0294880367347,-23.9827829761591,
-42.7518322777798));
#12901=CARTESIAN_POINT('Ctrl Pts',(-73.9193990066565,-23.9808309096437,
-42.6850096242728));
#12902=CARTESIAN_POINT('Ctrl Pts',(-73.6085008138922,-23.9887150875235,
-42.5254452484232));
#12903=CARTESIAN_POINT('Ctrl Pts',(-73.1154528989679,-24.0383881927724,
-42.37585189611));
#12904=CARTESIAN_POINT('Ctrl Pts',(-72.4229376192949,-24.0388429667462,
-42.3762337581707));
#12905=CARTESIAN_POINT('Ctrl Pts',(-71.9120706771979,-24.0016283255466,
-42.48409989539));
#12906=CARTESIAN_POINT('Ctrl Pts',(-71.5628736720977,-23.9791122714533,
-42.6347056620808));
#12907=CARTESIAN_POINT('Ctrl Pts',(-71.3705871877031,-23.9828698312288,
-42.7519086737756));
#12908=CARTESIAN_POINT('Ctrl Pts',(-71.2768446422042,-23.9907965486502,
-42.8190967642702));
#12909=CARTESIAN_POINT('Ctrl Pts',(-71.2353886968216,-23.9966462235632,
-42.8524342495732));
#12910=CARTESIAN_POINT('Ctrl Pts',(-71.2160492486955,-23.9999999999999,
-42.8689686000756));
#12911=CARTESIAN_POINT('Ctrl Pts',(-73.7321577819581,-23.7487148977145,
-43.1219784411784));
#12912=CARTESIAN_POINT('Ctrl Pts',(-73.7271752202733,-23.7461291860404,
-43.115792092328));
#12913=CARTESIAN_POINT('Ctrl Pts',(-73.7168331448783,-23.7411839073649,
-43.1030344824849));
#12914=CARTESIAN_POINT('Ctrl Pts',(-73.6943269679102,-23.7323598459653,
-43.0760805771529));
#12915=CARTESIAN_POINT('Ctrl Pts',(-73.6500820240837,-23.7197937698439,
-43.0251479174536));
#12916=CARTESIAN_POINT('Ctrl Pts',(-73.5855226120491,-23.7133877252284,
-42.9607311232181));
#12917=CARTESIAN_POINT('Ctrl Pts',(-73.389180506693,-23.7154045341982,-42.7947737601115));
#12918=CARTESIAN_POINT('Ctrl Pts',(-73.0241853777121,-23.7756668424462,
-42.6167937812061));
#12919=CARTESIAN_POINT('Ctrl Pts',(-72.4838262304852,-23.7763183794992,
-42.6178401117394));
#12920=CARTESIAN_POINT('Ctrl Pts',(-72.0984250702217,-23.7309341637347,
-42.744742262846));
#12921=CARTESIAN_POINT('Ctrl Pts',(-71.8621896708128,-23.7081985909387,
-42.9119953342762));
#12922=CARTESIAN_POINT('Ctrl Pts',(-71.7500770844246,-23.7199154187261,
-43.0253122016991));
#12923=CARTESIAN_POINT('Ctrl Pts',(-71.6992685807697,-23.7341234557052,
-43.0833335799481));
#12924=CARTESIAN_POINT('Ctrl Pts',(-71.6778073414115,-23.7435434743664,
-43.1096057434776));
#12925=CARTESIAN_POINT('Ctrl Pts',(-71.6678422180418,-23.7487148977145,
-43.1219784411784));
#12926=CARTESIAN_POINT('Ctrl Pts',(-73.5725012587322,-23.2243994752563,
-43.2113881361341));
#12927=CARTESIAN_POINT('Ctrl Pts',(-73.5673480881225,-23.2236292988143,
-43.2021575559845));
#12928=CARTESIAN_POINT('Ctrl Pts',(-73.5566697603898,-23.222678906726,-43.1836848464021));
#12929=CARTESIAN_POINT('Ctrl Pts',(-73.5337416177732,-23.2230409548964,
-43.146794655666));
#12930=CARTESIAN_POINT('Ctrl Pts',(-73.4895703945884,-23.229280868509,-43.0825678474807));
#12931=CARTESIAN_POINT('Ctrl Pts',(-73.4287444233586,-23.2477154894247,
-43.0113044356751));
#12932=CARTESIAN_POINT('Ctrl Pts',(-73.2529367897468,-23.3123962036263,
-42.8444777341674));
#12933=CARTESIAN_POINT('Ctrl Pts',(-72.9563465028667,-23.4326883035848,
-42.6951695841391));
#12934=CARTESIAN_POINT('Ctrl Pts',(-72.5290369382881,-23.4327864864738,
-42.695438989756));
#12935=CARTESIAN_POINT('Ctrl Pts',(-72.218923506431,-23.3450826843231,-42.803370927215));
#12936=CARTESIAN_POINT('Ctrl Pts',(-72.0165008956868,-23.2614930094547,
-42.957693899121));
#12937=CARTESIAN_POINT('Ctrl Pts',(-71.9105252424457,-23.2292908230033,
-43.0826346591401));
#12938=CARTESIAN_POINT('Ctrl Pts',(-71.8599233389588,-23.2221441270452,
-43.1559695647846));
#12939=CARTESIAN_POINT('Ctrl Pts',(-71.8378050824873,-23.2228591223723,
-43.1929269758348));
#12940=CARTESIAN_POINT('Ctrl Pts',(-71.8274987412677,-23.2243994752563,
-43.2113881361341));
#12941=CARTESIAN_POINT('Ctrl Pts',(-73.5725012587322,-22.9999999999999,
-43.2113881361341));
#12942=CARTESIAN_POINT('Ctrl Pts',(-73.5662681959374,-22.9999999999999,
-43.2002579210565));
#12943=CARTESIAN_POINT('Ctrl Pts',(-73.553375999672,-23.0007451159464,-43.1782330170153));
#12944=CARTESIAN_POINT('Ctrl Pts',(-73.5259347802089,-23.005007751845,-43.1352280075595));
#12945=CARTESIAN_POINT('Ctrl Pts',(-73.4738048463342,-23.019237572854,-43.0629909915345));
#12946=CARTESIAN_POINT('Ctrl Pts',(-73.4054224357672,-23.0482357376474,
-42.988104371809));
#12947=CARTESIAN_POINT('Ctrl Pts',(-73.2165574964187,-23.1395799349294,
-42.8229919033705));
#12948=CARTESIAN_POINT('Ctrl Pts',(-72.9336969449122,-23.2854907875456,
-42.6963223903125));
#12949=CARTESIAN_POINT('Ctrl Pts',(-72.5441701697065,-23.2853539377563,
-42.6961427325497));
#12950=CARTESIAN_POINT('Ctrl Pts',(-72.2530588137189,-23.1795865333816,
-42.7886990421123));
#12951=CARTESIAN_POINT('Ctrl Pts',(-72.0458565934938,-23.0700777128865,
-42.9319163887577));
#12952=CARTESIAN_POINT('Ctrl Pts',(-71.9261847379307,-23.0192008006355,
-43.0630029467007));
#12953=CARTESIAN_POINT('Ctrl Pts',(-71.8666075953185,-23.0029811526237,
-43.1455585593289));
#12954=CARTESIAN_POINT('Ctrl Pts',(-71.8399648668575,-22.9999999999999,
-43.1891277059789));
#12955=CARTESIAN_POINT('Ctrl Pts',(-71.8274987412677,-22.9999999999999,
-43.2113881361341));
#12956=CARTESIAN_POINT('Origin',(-70.9549974825354,-22.9999999999999,-42.7227762722681));
#12957=CARTESIAN_POINT('Origin',(-74.4450025174645,-22.9999999999999,-42.7227762722682));
#12958=CARTESIAN_POINT('Origin',(-72.7,-22.9999999999999,-43.7000000000001));
#12959=CARTESIAN_POINT('',(-70.9814334461534,-23.9999999999999,-44.7230000000001));
#12960=CARTESIAN_POINT('',(-74.4185665538465,-23.9999999999999,-44.7230000000001));
#12961=CARTESIAN_POINT('Ctrl Pts',(-70.9814334461534,-23.9999999999999,
-44.7230000000001));
#12962=CARTESIAN_POINT('Ctrl Pts',(-70.9834027537038,-23.9999999999999,
-44.7241195455147));
#12963=CARTESIAN_POINT('Ctrl Pts',(-70.9853728895787,-23.9999981199259,
-44.7252376375899));
#12964=CARTESIAN_POINT('Ctrl Pts',(-71.0156099228764,-23.9999406591587,
-44.7423681837798));
#12965=CARTESIAN_POINT('Ctrl Pts',(-71.0440451354019,-23.9995033289607,
-44.7580814306081));
#12966=CARTESIAN_POINT('Ctrl Pts',(-71.3389227167925,-23.9914804726852,
-44.9168214469817));
#12967=CARTESIAN_POINT('Ctrl Pts',(-71.6179350066125,-23.9546870572483,
-45.0318267400071));
#12968=CARTESIAN_POINT('Ctrl Pts',(-72.1307835051604,-23.8986986095048,
-45.1660652611928));
#12969=CARTESIAN_POINT('Ctrl Pts',(-72.3955591875527,-23.8725638945085,
-45.2115000000001));
#12970=CARTESIAN_POINT('Ctrl Pts',(-73.0044408124471,-23.8725638945085,
-45.2115000000001));
#12971=CARTESIAN_POINT('Ctrl Pts',(-73.2692164948394,-23.8986986095048,
-45.1660652611928));
#12972=CARTESIAN_POINT('Ctrl Pts',(-73.7820649933972,-23.9546870572494,
-45.0318267400045));
#12973=CARTESIAN_POINT('Ctrl Pts',(-74.0610772832264,-23.9914804726878,
-44.9168214469739));
#12974=CARTESIAN_POINT('Ctrl Pts',(-74.3559548640511,-23.9995033289456,
-44.7580814309023));
#12975=CARTESIAN_POINT('Ctrl Pts',(-74.3843900765246,-23.9999406591576,
-44.7423681841158));
#12976=CARTESIAN_POINT('Ctrl Pts',(-74.4146271106209,-23.9999981199263,
-44.7252376374779));
#12977=CARTESIAN_POINT('Ctrl Pts',(-74.4165972460979,-23.9999999999999,
-44.7241195456273));
#12978=CARTESIAN_POINT('Ctrl Pts',(-74.4185665538465,-23.9999999999999,
-44.7230000000002));
#12979=CARTESIAN_POINT('Origin',(-72.7,-23.9999999999999,-43.7000000000001));
#12980=CARTESIAN_POINT('Origin',(-72.7,-23.9999999999999,-43.7000000000001));
#12981=CARTESIAN_POINT('Origin',(-41.8,-20.9999999999999,-43.7));
#12982=CARTESIAN_POINT('',(-40.8,-22.9999999999999,-43.7));
#12983=CARTESIAN_POINT('',(-41.8,-22.9999999999999,-42.7));
#12984=CARTESIAN_POINT('Origin',(-41.8,-22.9999999999999,-43.7));
#12985=CARTESIAN_POINT('Origin',(-41.8,-22.9999999999999,-43.7));
#12986=CARTESIAN_POINT('',(-40.8,-20.9999999999999,-43.7));
#12987=CARTESIAN_POINT('Origin',(-40.5,-23.4999999999999,-7.12500000000005));
#12988=CARTESIAN_POINT('',(-40.5,-23.9999999999999,-42.1801315846429));
#12989=CARTESIAN_POINT('Ctrl Pts',(-40.5,-23.9999999999999,-42.1801315846429));
#12990=CARTESIAN_POINT('Ctrl Pts',(-40.4991640599034,-23.9999999999999,
-42.1824022534289));
#12991=CARTESIAN_POINT('Ctrl Pts',(-40.4983295456993,-23.9999979036159,
-42.1846734479533));
#12992=CARTESIAN_POINT('Ctrl Pts',(-40.4399178454334,-23.9997054286797,
-42.3439558355771));
#12993=CARTESIAN_POINT('Ctrl Pts',(-40.3895056205437,-23.9896020450117,
-42.5026909458934));
#12994=CARTESIAN_POINT('Ctrl Pts',(-40.288281077826,-23.9572487904894,-42.8959380470185));
#12995=CARTESIAN_POINT('Ctrl Pts',(-40.2472762859503,-23.9320688911217,
-43.1308968692141));
#12996=CARTESIAN_POINT('Ctrl Pts',(-40.2102357219844,-23.9079994979425,
-43.5833271152583));
#12997=CARTESIAN_POINT('Ctrl Pts',(-40.2095323747181,-23.9074221696941,
-43.7899169773992));
#12998=CARTESIAN_POINT('Ctrl Pts',(-40.2439878829841,-23.9300557178479,
-44.2477042204536));
#12999=CARTESIAN_POINT('Ctrl Pts',(-40.2847147441925,-23.9556632425356,
-44.4874336837206));
#13000=CARTESIAN_POINT('Ctrl Pts',(-40.3446552663924,-23.9752557350946,
-44.7230000000001));
#13001=CARTESIAN_POINT('',(-40.5,-23.9999999999999,-7.12500000000005));
#13002=CARTESIAN_POINT('Origin',(-41.8,-22.9999999999999,-43.7));
#13003=CARTESIAN_POINT('',(-41.8,-23.9999999999999,-41.7));
#13004=CARTESIAN_POINT('Origin',(-41.8,-22.9999999999999,-41.7));
#13005=CARTESIAN_POINT('',(-43.5185665538465,-23.9999999999999,-44.7230000000001));
#13006=CARTESIAN_POINT('Origin',(-41.8,-23.9999999999999,-43.7));
#13007=CARTESIAN_POINT('Ctrl Pts',(-40.5,-23.9779206951368,-44.9319763479987));
#13008=CARTESIAN_POINT('Ctrl Pts',(-40.8000242263871,-23.9503495357991,
-45.060997682535));
#13009=CARTESIAN_POINT('Ctrl Pts',(-41.1202271520486,-23.9032452763088,
-45.1543018124913));
#13010=CARTESIAN_POINT('Ctrl Pts',(-41.7279605558113,-23.8670268398327,
-45.2224105096037));
#13011=CARTESIAN_POINT('Ctrl Pts',(-42.0266224296212,-23.8692874997349,
-45.2225084551153));
#13012=CARTESIAN_POINT('Ctrl Pts',(-42.7001323864428,-23.9305975746855,
-45.0955130083159));
#13013=CARTESIAN_POINT('Ctrl Pts',(-43.0159522867469,-23.9777596945201,
-44.9819211911772));
#13014=CARTESIAN_POINT('Ctrl Pts',(-43.3830721665394,-23.9977655549502,
-44.797718184893));
#13015=CARTESIAN_POINT('Ctrl Pts',(-43.4485251961901,-23.9998817239949,
-44.762696673261));
#13016=CARTESIAN_POINT('Ctrl Pts',(-43.5149254886601,-23.9999983938875,
-44.7250682908566));
#13017=CARTESIAN_POINT('Ctrl Pts',(-43.5167463749958,-23.9999999999999,
-44.7240347662901));
#13018=CARTESIAN_POINT('Ctrl Pts',(-43.5185665538465,-23.9999999999999,
-44.7230000000001));
#13019=CARTESIAN_POINT('Origin',(-41.8,-23.9999999999999,-43.7));
#13020=CARTESIAN_POINT('Origin',(-65.0836014220653,-34.9999999999999,-41.7227762722682));
#13021=CARTESIAN_POINT('',(-98.5836014220652,-46.2499999999999,-41.7227762722686));
#13022=CARTESIAN_POINT('',(-63.5836014220653,-46.2499999999999,-41.7227762722683));
#13023=CARTESIAN_POINT('',(-98.5836014220652,-22.75,-41.7227762722683));
#13024=CARTESIAN_POINT('',(-98.5836014220652,-41.1249999999999,-41.7227762722686));
#13025=CARTESIAN_POINT('',(-77.5,-22.75,-41.7227762722681));
#13026=CARTESIAN_POINT('',(-77.5836014220653,-22.75,-41.7227762722681));
#13027=CARTESIAN_POINT('',(-77.5,-23.267949192431,-41.7227762722682));
#13028=CARTESIAN_POINT('',(-77.5,-16.4999999999998,-41.7227762722681));
#13029=CARTESIAN_POINT('Ctrl Pts',(-76.7099299880902,-24.787717839477,-41.7227762722682));
#13030=CARTESIAN_POINT('Ctrl Pts',(-76.9305701741385,-24.5595764551534,
-41.7227762722682));
#13031=CARTESIAN_POINT('Ctrl Pts',(-77.1492579466243,-24.3005250228499,
-41.7227762722682));
#13032=CARTESIAN_POINT('Ctrl Pts',(-77.4104280001021,-23.815269526849,-41.7227762722682));
#13033=CARTESIAN_POINT('Ctrl Pts',(-77.4999999999999,-23.5228266143066,
-41.7227762722682));
#13034=CARTESIAN_POINT('Ctrl Pts',(-77.4999999999999,-23.267949192431,-41.7227762722682));
#13035=CARTESIAN_POINT('Origin',(-99.5836014220653,-47.2499999999999,-38.7227762722687));
#13036=CARTESIAN_POINT('',(-99.5836014220653,-23.7499999999999,-40.7227762722684));
#13037=CARTESIAN_POINT('',(-99.5836014220653,-23.75,-38.7227762722683));
#13038=CARTESIAN_POINT('',(-99.5836014220653,-46.2499999999999,-40.7227762722687));
#13039=CARTESIAN_POINT('',(-99.5836014220653,-41.1249999999999,-40.7227762722686));
#13040=CARTESIAN_POINT('',(-99.5836014220654,-46.2500000000001,-26.));
#13041=CARTESIAN_POINT('',(-99.5836014220653,-46.2499999999999,-38.7227762722686));
#13042=CARTESIAN_POINT('Origin',(-99.5836014220654,-48.2500000000001,-26.));
#13043=CARTESIAN_POINT('Origin',(-98.5836014220653,-48.2500000000001,-26.));
#13044=CARTESIAN_POINT('',(-98.5836014220654,-47.2500000000001,-26.));
#13045=CARTESIAN_POINT('Origin',(-98.5836014220654,-46.2500000000001,-26.));
#13046=CARTESIAN_POINT('Origin',(-98.5836014220653,-48.2500000000001,-26.));
#13047=CARTESIAN_POINT('Origin',(-98.5836014220653,-46.2499999999999,-38.7227762722686));
#13048=CARTESIAN_POINT('',(-98.5836014220653,-47.2499999999999,-40.7227762722686));
#13049=CARTESIAN_POINT('Origin',(-98.5836014220653,-46.2499999999999,-40.7227762722686));
#13050=CARTESIAN_POINT('',(-98.5836014220653,-47.2499999999999,-38.7227762722686));
#13051=CARTESIAN_POINT('Origin',(-98.5836014220653,-46.2499999999999,-40.7227762722686));
#13052=CARTESIAN_POINT('Origin',(-98.5836014220652,-46.2499999999999,-40.7227762722686));
#13053=CARTESIAN_POINT('Origin',(-98.5836014220652,-46.2499999999999,-40.7227762722686));
#13054=CARTESIAN_POINT('Origin',(-51.4187074788485,-42.5812925211512,-25.));
#13055=CARTESIAN_POINT('',(-39.5,-31.2906462605756,-25.));
#13056=CARTESIAN_POINT('Origin',(-39.5,-31.2906462605756,-24.5));
#13057=CARTESIAN_POINT('Origin',(-47.6438756375837,-35.0000000000001,12.7227762722684));
#13058=CARTESIAN_POINT('',(-49.,-21.,12.7227762722682));
#13059=CARTESIAN_POINT('',(-56.3219378187919,-21.,12.7227762722681));
#13060=CARTESIAN_POINT('Origin',(-49.,-19.,12.7227762722682));
#13061=CARTESIAN_POINT('Origin',(-56.3219378187919,-21.,11.7227762722681));
#13062=CARTESIAN_POINT('Origin',(-49.,-21.,11.7227762722684));
#13063=CARTESIAN_POINT('Origin',(-49.,-19.,11.7227762722684));
#13064=CARTESIAN_POINT('Ctrl Pts',(-50.,-19.,11.7227762722684));
#13065=CARTESIAN_POINT('Ctrl Pts',(-50.,-19.277098222081,11.9998744943493));
#13066=CARTESIAN_POINT('Ctrl Pts',(-50.,-19.615223272204,12.3266889884571));
#13067=CARTESIAN_POINT('Ctrl Pts',(-50.,-19.9733270294346,12.5194245230307));
#13068=CARTESIAN_POINT('Ctrl Pts',(-50.,-19.9865670498372,12.5263763979075));
#13069=CARTESIAN_POINT('Ctrl Pts',(-50.,-20.0000000002581,12.5332417247746));
#13070=CARTESIAN_POINT('Origin',(-50.,10.0000000000001,21.));
#13071=CARTESIAN_POINT('',(-50.,-19.,-20.));
#13072=CARTESIAN_POINT('',(-50.,-19.,10.6339745962156));
#13073=CARTESIAN_POINT('',(-50.,2.50000000000009,21.));
#13074=CARTESIAN_POINT('Origin',(-50.,-21.,-20.));
#13075=CARTESIAN_POINT('Origin',(-49.,-19.,10.6339745962156));
#13076=CARTESIAN_POINT('Origin',(-49.,-19.,-20.));
#13077=CARTESIAN_POINT('Origin',(-49.,-21.,-20.));
#13078=CARTESIAN_POINT('Origin',(-91.,-21.,-20.));
#13079=CARTESIAN_POINT('Origin',(-91.,-19.,-20.));
#13080=CARTESIAN_POINT('Origin',(-91.,-19.,10.6339745962156));
#13081=CARTESIAN_POINT('',(-91.,-20.,10.6339745962156));
#13082=CARTESIAN_POINT('Origin',(-75.,-20.,0.267949192431135));
#13083=CARTESIAN_POINT('',(-91.,-20.,20.));
#13084=CARTESIAN_POINT('',(-91.,-20.,10.6339745962156));
#13085=CARTESIAN_POINT('',(-87.5,-20.,20.));
#13086=CARTESIAN_POINT('Origin',(-87.5,-21.,20.));
#13087=CARTESIAN_POINT('',(-91.,-21.,21.));
#13088=CARTESIAN_POINT('Origin',(-91.,-21.,20.));
#13089=CARTESIAN_POINT('',(-87.5,-21.,21.));
#13090=CARTESIAN_POINT('Origin',(-91.,-21.,20.));
#13091=CARTESIAN_POINT('Ctrl Pts',(-90.,-19.2679491924311,21.));
#13092=CARTESIAN_POINT('Ctrl Pts',(-90.,-19.5228266143067,21.));
#13093=CARTESIAN_POINT('Ctrl Pts',(-90.0895719998978,-19.8152695268491,
21.));
#13094=CARTESIAN_POINT('Ctrl Pts',(-90.3960872838113,-20.384776727796,21.));
#13095=CARTESIAN_POINT('Ctrl Pts',(-90.722901777919,-20.722901777919,21.));
#13096=CARTESIAN_POINT('Ctrl Pts',(-91.,-21.,21.));
#13097=CARTESIAN_POINT('Origin',(-91.,-19.,20.));
#13098=CARTESIAN_POINT('Origin',(-91.,-19.,10.6339745962156));
#13099=CARTESIAN_POINT('Origin',(-57.25,-23.9999999999999,-35.2500000000001));
#13100=CARTESIAN_POINT('',(-76.4999999999999,-23.9999999999999,-44.7230000000002));
#13101=CARTESIAN_POINT('',(-76.5,-23.9999999999999,-30.1250000000001));
#13102=CARTESIAN_POINT('',(-65.875,-23.9999999999999,-44.7230000000001));
#13103=CARTESIAN_POINT('Origin',(-65.875,-22.9999999999999,-44.7230000000001));
#13104=CARTESIAN_POINT('',(-53.5,-23.9999999999999,-44.7230000000001));
#13105=CARTESIAN_POINT('Origin',(-53.5,-22.9999999999999,-44.7230000000001));
#13106=CARTESIAN_POINT('',(-65.875,-23.9999999999999,-44.7230000000001));
#13107=CARTESIAN_POINT('Origin',(-77.5,2.00000000000009,-25.0000000000001));
#13108=CARTESIAN_POINT('',(-77.5,-22.9999999999999,-42.7227762722682));
#13109=CARTESIAN_POINT('Origin',(-77.5,-24.9999999999999,-42.7227762722682));
#13110=CARTESIAN_POINT('',(-77.5,-22.7500000000002,-25.0000000000002));
#13111=CARTESIAN_POINT('',(-77.5,-22.9999999999999,-45.7230000000002));
#13112=CARTESIAN_POINT('',(-77.5,-20.9999999999999,-45.7230000000002));
#13113=CARTESIAN_POINT('',(-77.5,-22.9999999999999,-30.1250000000001));
#13114=CARTESIAN_POINT('Origin',(-76.4999999999999,-24.9999999999999,-42.7227762722682));
#13115=CARTESIAN_POINT('Origin',(-76.5,-22.9999999999999,-42.7227762722682));
#13116=CARTESIAN_POINT('Origin',(-76.5,-22.9999999999999,-30.1250000000001));
#13117=CARTESIAN_POINT('Origin',(-76.4999999999999,-22.9999999999999,-44.7230000000002));
#13118=CARTESIAN_POINT('Origin',(-58.3343537394248,-62.8312925211512,-26.));
#13119=CARTESIAN_POINT('',(-62.6687074788488,-61.8312925211511,-26.));
#13120=CARTESIAN_POINT('Origin',(-62.6687074788488,-62.8312925211511,-26.));
#13121=CARTESIAN_POINT('',(-47.6687074788488,-61.8312925211513,-26.));
#13122=CARTESIAN_POINT('',(-58.3343537394248,-61.8312925211512,-26.));
#13123=CARTESIAN_POINT('Origin',(-47.6687074788488,-62.8312925211513,-26.));
#13124=CARTESIAN_POINT('Origin',(-47.6687074788488,-60.8312925211513,-33.7227762722683));
#13125=CARTESIAN_POINT('',(-47.6687074788488,-61.8312925211513,-35.7227762722683));
#13126=CARTESIAN_POINT('Origin',(-47.6687074788488,-60.8312925211513,-35.7227762722683));
#13127=CARTESIAN_POINT('Origin',(-47.6687074788488,-60.8312925211513,-26.));
#13128=CARTESIAN_POINT('',(-47.6687074788488,-61.8312925211513,-33.7227762722683));
#13129=CARTESIAN_POINT('Origin',(-47.6687074788488,-62.8312925211513,-26.));
#13130=CARTESIAN_POINT('Origin',(-46.6687074788488,-61.8312925211513,-33.7227762722683));
#13131=CARTESIAN_POINT('',(-62.6687074788488,-61.8312925211511,-35.7227762722683));
#13132=CARTESIAN_POINT('',(-62.6687074788488,-61.8312925211511,-33.7227762722683));
#13133=CARTESIAN_POINT('',(-50.9187074788488,-61.8312925211513,-35.7227762722683));
#13134=CARTESIAN_POINT('Origin',(-50.9187074788488,-60.8312925211513,-35.7227762722683));
#13135=CARTESIAN_POINT('Origin',(-62.6687074788488,-60.8312925211511,-35.7227762722683));
#13136=CARTESIAN_POINT('Origin',(-63.6687074788488,-61.8312925211511,-33.7227762722683));
#13137=CARTESIAN_POINT('',(-63.6687074788488,-60.8312925211511,-26.));
#13138=CARTESIAN_POINT('Origin',(-63.6687074788488,-62.8312925211511,-26.));
#13139=CARTESIAN_POINT('',(-63.6687074788488,-60.8312925211511,-33.7227762722683));
#13140=CARTESIAN_POINT('Origin',(-62.6687074788488,-62.8312925211511,-26.));
#13141=CARTESIAN_POINT('Origin',(-62.6687074788488,-60.8312925211511,-26.));
#13142=CARTESIAN_POINT('Origin',(-62.6687074788488,-60.8312925211511,-33.7227762722683));
#13143=CARTESIAN_POINT('Origin',(-63.5836014220653,-46.2499999999999,-40.7227762722683));
#13144=CARTESIAN_POINT('',(-63.0836014220653,-47.2499999999999,-40.7227762722683));
#13145=CARTESIAN_POINT('Origin',(-63.0836014220653,-46.2499999999999,-40.7227762722683));
#13146=CARTESIAN_POINT('',(-63.5836014220653,-47.2499999999999,-40.7227762722683));
#13147=CARTESIAN_POINT('Origin',(-62.0836014220653,-47.2499999999999,-38.7227762722683));
#13148=CARTESIAN_POINT('',(-63.0836014220654,-47.2500000000001,-26.));
#13149=CARTESIAN_POINT('',(-63.0836014220653,-47.2499999999999,-38.7227762722683));
#13150=CARTESIAN_POINT('',(-66.0418007110326,-47.2500000000001,-26.));
#13151=CARTESIAN_POINT('Origin',(-66.0418007110326,-48.2500000000001,-26.));
#13152=CARTESIAN_POINT('Origin',(-63.0836014220653,-48.2500000000001,-26.));
#13153=CARTESIAN_POINT('Origin',(-63.0836014220653,-48.2500000000001,-26.));
#13154=CARTESIAN_POINT('Origin',(-63.0836014220654,-46.2500000000001,-26.));
#13155=CARTESIAN_POINT('Origin',(-63.0836014220653,-46.2499999999999,-38.7227762722683));
#13156=CARTESIAN_POINT('Origin',(-98.5836014220652,-41.1249999999999,-40.7227762722686));
#13157=CARTESIAN_POINT('Origin',(-98.5836014220652,-23.7499999999999,-40.7227762722684));
#13158=CARTESIAN_POINT('Origin',(-99.5836014220653,-22.75,-38.7227762722683));
#13159=CARTESIAN_POINT('',(-98.5836014220653,-22.75,-38.7227762722683));
#13160=CARTESIAN_POINT('Origin',(-98.5836014220653,-23.75,-38.7227762722683));
#13161=CARTESIAN_POINT('Origin',(-76.9163985779345,-39.437825172314,15.7227762722682));
#13162=CARTESIAN_POINT('',(-88.4581992889673,-39.437825172314,21.));
#13163=CARTESIAN_POINT('Origin',(-100.,-19.9999999999999,21.));
#13164=CARTESIAN_POINT('',(-78.3312925211517,-22.6233883155786,21.));
#13165=CARTESIAN_POINT('Origin',(-100.,-19.9999999999999,21.));
#13166=CARTESIAN_POINT('',(-88.4581992889673,-30.4935532623147,21.));
#13167=CARTESIAN_POINT('Origin',(-78.3312925211515,-40.0217547001864,10.7227762722683));
#13168=CARTESIAN_POINT('Origin',(-76.9163985779346,-30.4935532623147,21.));
#13169=CARTESIAN_POINT('Origin',(-78.3312925211517,-25.2467766311575,16.8613881361339));
#13170=CARTESIAN_POINT('Origin',(-74.5,2.00000000000011,-45.7230000000001));
#13171=CARTESIAN_POINT('',(-65.5,-22.9999999999999,-45.723));
#13172=CARTESIAN_POINT('',(-65.5,-9.49999999999988,-45.7230000000001));
#13173=CARTESIAN_POINT('',(-65.875,-22.9999999999999,-45.7230000000001));
#13174=CARTESIAN_POINT('Origin',(-65.875,-22.9999999999999,-44.7230000000001));
#13175=CARTESIAN_POINT('',(-65.5,-23.9999999999999,-44.7230000000001));
#13176=CARTESIAN_POINT('Origin',(-65.5,-22.9999999999999,-44.7230000000001));
#13177=CARTESIAN_POINT('',(-65.875,-23.9999999999999,-44.7230000000001));
#13178=CARTESIAN_POINT('Origin',(-57.25,-23.9999999999999,-35.2500000000001));
#13179=CARTESIAN_POINT('',(-53.5,-23.9999999999999,-42.723));
#13180=CARTESIAN_POINT('',(-53.5,-23.9999999999999,-38.9865000000001));
#13181=CARTESIAN_POINT('',(-65.5,-23.9999999999999,-42.723));
#13182=CARTESIAN_POINT('',(-65.5,-23.9999999999999,-40.4865000000001));
#13183=CARTESIAN_POINT('',(-61.375,-23.9999999999999,-42.723));
#13184=CARTESIAN_POINT('Origin',(-53.5,-20.9999999999999,-42.723));
#13185=CARTESIAN_POINT('',(-53.5,-20.9999999999999,-42.723));
#13186=CARTESIAN_POINT('Origin',(-65.5,-20.9999999999999,-45.723));
#13187=CARTESIAN_POINT('',(-65.5,-20.9999999999999,-42.723));
#13188=CARTESIAN_POINT('Origin',(-65.5,-20.9999999999999,-42.723));
#13189=CARTESIAN_POINT('Origin',(-62.5,2.00000000000009,25.0556308405988));
#13190=CARTESIAN_POINT('',(-62.5,5.00000000000009,25.3556308405988));
#13191=CARTESIAN_POINT('',(-62.5,2.00000000000009,25.3556308405988));
#13192=CARTESIAN_POINT('',(-62.5,5.00000000000012,45.5000000000001));
#13193=CARTESIAN_POINT('Origin',(-70.,5.00000000000011,35.2778154202994));
#13194=CARTESIAN_POINT('',(-77.5,5.00000000000009,25.3556308405988));
#13195=CARTESIAN_POINT('',(-73.75,5.00000000000009,25.3556308405988));
#13196=CARTESIAN_POINT('',(-77.5,5.00000000000009,25.0556308405988));
#13197=CARTESIAN_POINT('Origin',(-77.5,2.00000000000009,25.0000000000001));
#13198=CARTESIAN_POINT('',(-77.5,1.50000000000007,25.3556308405988));
#13199=CARTESIAN_POINT('',(-77.5,-23.9999999999999,25.0000000000001));
#13200=CARTESIAN_POINT('Origin',(-77.5,2.00000000000009,25.3556308405988));
#13201=CARTESIAN_POINT('',(-74.5,1.50000000000007,25.3556308405988));
#13202=CARTESIAN_POINT('Origin',(-74.5,2.00000000000009,25.0000000000001));
#13203=CARTESIAN_POINT('Origin',(-74.5,2.00000000000011,45.5000000000001));
#13204=CARTESIAN_POINT('',(-53.5,-23.9999999999999,45.5000000000001));
#13205=CARTESIAN_POINT('',(-53.5,-9.49999999999989,45.5000000000001));
#13206=CARTESIAN_POINT('',(-74.5,-23.9999999999999,45.5000000000001));
#13207=CARTESIAN_POINT('Origin',(-57.25,-23.9999999999999,35.2500000000001));
#13208=CARTESIAN_POINT('',(-65.5,-23.9999999999999,42.723));
#13209=CARTESIAN_POINT('',(-65.5,-23.9999999999999,40.4865000000001));
#13210=CARTESIAN_POINT('',(-53.5,-23.9999999999999,42.723));
#13211=CARTESIAN_POINT('',(-53.5,-23.9999999999999,38.9865000000001));
#13212=CARTESIAN_POINT('',(-61.375,-23.9999999999999,42.723));
#13213=CARTESIAN_POINT('Origin',(-65.5,-20.9999999999999,45.723));
#13214=CARTESIAN_POINT('',(-65.5,-20.9999999999999,42.723));
#13215=CARTESIAN_POINT('Origin',(-53.5,-20.9999999999999,42.723));
#13216=CARTESIAN_POINT('',(-53.5,-20.9999999999999,42.723));
#13217=CARTESIAN_POINT('Origin',(-65.5,-20.9999999999999,42.723));
#13218=CARTESIAN_POINT('Origin',(-97.8733557495569,10.0000000000001,-4.08923101204883));
#13219=CARTESIAN_POINT('',(-92.1266442504431,10.0000000000001,-4.08923101204883));
#13220=CARTESIAN_POINT('Origin',(-92.1266442504431,10.0000000000001,-4.08923101204883));
#13221=UNCERTAINTY_MEASURE_WITH_UNIT(LENGTH_MEASURE(0.01),#13225,
'DISTANCE_ACCURACY_VALUE',
'Maximum model space distance between geometric entities at asserted c
onnectivities');
#13222=UNCERTAINTY_MEASURE_WITH_UNIT(LENGTH_MEASURE(0.01),#13225,
'DISTANCE_ACCURACY_VALUE',
'Maximum model space distance between geometric entities at asserted c
onnectivities');
#13223=(
GEOMETRIC_REPRESENTATION_CONTEXT(3)
GLOBAL_UNCERTAINTY_ASSIGNED_CONTEXT((#13221))
GLOBAL_UNIT_ASSIGNED_CONTEXT((#13225,#13227,#13228))
REPRESENTATION_CONTEXT('','3D')
);
#13224=(
GEOMETRIC_REPRESENTATION_CONTEXT(3)
GLOBAL_UNCERTAINTY_ASSIGNED_CONTEXT((#13222))
GLOBAL_UNIT_ASSIGNED_CONTEXT((#13225,#13227,#13228))
REPRESENTATION_CONTEXT('','3D')
);
#13225=(
LENGTH_UNIT()
NAMED_UNIT(*)
SI_UNIT(.MILLI.,.METRE.)
);
#13226=(
LENGTH_UNIT()
NAMED_UNIT(*)
SI_UNIT($,.METRE.)
);
#13227=(
NAMED_UNIT(*)
PLANE_ANGLE_UNIT()
SI_UNIT($,.RADIAN.)
);
#13228=(
NAMED_UNIT(*)
SI_UNIT($,.STERADIAN.)
SOLID_ANGLE_UNIT()
);
#13229=SHAPE_DEFINITION_REPRESENTATION(#13230,#13231);
#13230=PRODUCT_DEFINITION_SHAPE('',$,#13233);
#13231=SHAPE_REPRESENTATION('',(#7358),#13223);
#13232=PRODUCT_DEFINITION_CONTEXT('part definition',#13237,'design');
#13233=PRODUCT_DEFINITION('2026-08-13-17-51-48-018',
'_export_tmp_main_base_left_eye',#13234,#13232);
#13234=PRODUCT_DEFINITION_FORMATION('',$,#13239);
#13235=PRODUCT_RELATED_PRODUCT_CATEGORY(
'_export_tmp_main_base_left_eye','_export_tmp_main_base_left_eye',(#13239));
#13236=APPLICATION_PROTOCOL_DEFINITION('international standard',
'automotive_design',2009,#13237);
#13237=APPLICATION_CONTEXT(
'Core Data for Automotive Mechanical Design Process');
#13238=PRODUCT_CONTEXT('part definition',#13237,'mechanical');
#13239=PRODUCT('2026-08-13-17-51-48-018',
'_export_tmp_main_base_left_eye',$,(#13238));
#13240=PRESENTATION_STYLE_ASSIGNMENT((#13242));
#13241=PRESENTATION_STYLE_ASSIGNMENT((#13243));
#13242=SURFACE_STYLE_USAGE(.BOTH.,#13244);
#13243=SURFACE_STYLE_USAGE(.BOTH.,#13245);
#13244=SURFACE_SIDE_STYLE('',(#13246));
#13245=SURFACE_SIDE_STYLE('',(#13247));
#13246=SURFACE_STYLE_FILL_AREA(#13248);
#13247=SURFACE_STYLE_FILL_AREA(#13249);
#13248=FILL_AREA_STYLE('\X2\76AE9769\X0\ - \X2\98CE5316\X0\',(#13250));
#13249=FILL_AREA_STYLE(
'PEKK - \X2\78B37EA47EF4589E5F3A578B805A919A916E\X0\ - HT-23 (\X2\5E266709\X0\ 
EOS P 810 3D \X2\62535370673A\X0\)',(#13251));
#13250=FILL_AREA_STYLE_COLOUR('\X2\76AE9769\X0\ - \X2\98CE5316\X0\',#13252);
#13251=FILL_AREA_STYLE_COLOUR(
'PEKK - \X2\78B37EA47EF4589E5F3A578B805A919A916E\X0\ - HT-23 (\X2\5E266709\X0\ 
EOS P 810 3D \X2\62535370673A\X0\)',#13253);
#13252=COLOUR_RGB('\X2\76AE9769\X0\ - \X2\98CE5316\X0\',0.,0.,0.);
#13253=COLOUR_RGB(
'PEKK - \X2\78B37EA47EF4589E5F3A578B805A919A916E\X0\ - HT-23 (\X2\5E266709\X0\ 
EOS P 810 3D \X2\62535370673A\X0\)',0.352941176470588,0.352941176470588,
0.352941176470588);
ENDSEC;
END-ISO-10303-21;
