ISO-10303-21;
HEADER;
/* Generated by software containing ST-Developer
 * from STEP Tools, Inc. (www.steptools.com) 
 */

FILE_DESCRIPTION(
/* description */ (''),
/* implementation_level */ '2;1');

FILE_NAME(
/* name */ 'support4.step',
/* time_stamp */ '2026-08-13T17:51:47-04:00',
/* author */ (''),
/* organization */ (''),
/* preprocessor_version */ 'ST-DEVELOPER v20.1',
/* originating_system */ 'Autodesk Translation Framework v15.8.0.0',
/* authorisation */ '');

FILE_SCHEMA (('AUTOMOTIVE_DESIGN { 1 0 10303 214 3 1 1 }'));
ENDSEC;

DATA;
#10=MECHANICAL_DESIGN_GEOMETRIC_PRESENTATION_REPRESENTATION('',(#13),#2192);
#11=SHAPE_REPRESENTATION_RELATIONSHIP('SRR','None',#2199,#12);
#12=ADVANCED_BREP_SHAPE_REPRESENTATION('',(#14),#2191);
#13=STYLED_ITEM('',(#2208),#14);
#14=MANIFOLD_SOLID_BREP('support4',#1246);
#15=SPHERICAL_SURFACE('',#1331,2.);
#16=SPHERICAL_SURFACE('',#1335,2.);
#17=SPHERICAL_SURFACE('',#1339,2.);
#18=SPHERICAL_SURFACE('',#1343,2.);
#19=SPHERICAL_SURFACE('',#1359,2.);
#20=SPHERICAL_SURFACE('',#1363,2.00000000000001);
#21=SPHERICAL_SURFACE('',#1369,2.);
#22=SPHERICAL_SURFACE('',#1376,2.);
#23=FACE_BOUND('',#186,.T.);
#24=FACE_BOUND('',#234,.T.);
#25=FACE_BOUND('',#240,.T.);
#26=FACE_BOUND('',#242,.T.);
#27=CIRCLE('',#1303,1.82399649823935);
#28=CIRCLE('',#1309,2.);
#29=CIRCLE('',#1314,2.);
#30=CIRCLE('',#1317,2.);
#31=CIRCLE('',#1318,2.);
#32=CIRCLE('',#1319,2.);
#33=CIRCLE('',#1321,2.);
#34=CIRCLE('',#1328,2.);
#35=CIRCLE('',#1329,2.);
#36=CIRCLE('',#1332,1.99999999999999);
#37=CIRCLE('',#1333,2.);
#38=CIRCLE('',#1334,2.);
#39=CIRCLE('',#1336,2.);
#40=CIRCLE('',#1337,2.);
#41=CIRCLE('',#1338,2.);
#42=CIRCLE('',#1340,2.);
#43=CIRCLE('',#1341,2.);
#44=CIRCLE('',#1342,1.99999999999999);
#45=CIRCLE('',#1344,2.);
#46=CIRCLE('',#1345,2.);
#47=CIRCLE('',#1346,2.);
#48=CIRCLE('',#1360,2.);
#49=CIRCLE('',#1361,2.);
#50=CIRCLE('',#1362,2.);
#51=CIRCLE('',#1364,2.);
#52=CIRCLE('',#1365,2.00000000000001);
#53=CIRCLE('',#1366,2.);
#54=CIRCLE('',#1370,2.);
#55=CIRCLE('',#1371,2.);
#56=CIRCLE('',#1372,2.);
#57=CIRCLE('',#1375,2.);
#58=CIRCLE('',#1377,2.);
#59=CIRCLE('',#1378,2.);
#60=CIRCLE('',#1379,2.);
#61=CIRCLE('',#1384,2.);
#62=CIRCLE('',#1392,1.82399649823935);
#63=CIRCLE('',#1397,1.82399649823935);
#64=CIRCLE('',#1398,1.82399649823935);
#65=PLANE('',#1267);
#66=PLANE('',#1268);
#67=PLANE('',#1269);
#68=PLANE('',#1285);
#69=PLANE('',#1287);
#70=PLANE('',#1291);
#71=PLANE('',#1292);
#72=PLANE('',#1297);
#73=PLANE('',#1302);
#74=PLANE('',#1306);
#75=PLANE('',#1307);
#76=PLANE('',#1315);
#77=PLANE('',#1316);
#78=PLANE('',#1326);
#79=PLANE('',#1327);
#80=PLANE('',#1330);
#81=PLANE('',#1358);
#82=PLANE('',#1385);
#83=PLANE('',#1386);
#84=PLANE('',#1387);
#85=PLANE('',#1388);
#86=PLANE('',#1389);
#87=PLANE('',#1390);
#88=PLANE('',#1391);
#89=PLANE('',#1394);
#90=PLANE('',#1395);
#91=PLANE('',#1399);
#92=PLANE('',#1400);
#93=FACE_OUTER_BOUND('',#166,.T.);
#94=FACE_OUTER_BOUND('',#167,.T.);
#95=FACE_OUTER_BOUND('',#168,.T.);
#96=FACE_OUTER_BOUND('',#169,.T.);
#97=FACE_OUTER_BOUND('',#170,.T.);
#98=FACE_OUTER_BOUND('',#171,.T.);
#99=FACE_OUTER_BOUND('',#172,.T.);
#100=FACE_OUTER_BOUND('',#173,.T.);
#101=FACE_OUTER_BOUND('',#174,.T.);
#102=FACE_OUTER_BOUND('',#175,.T.);
#103=FACE_OUTER_BOUND('',#176,.T.);
#104=FACE_OUTER_BOUND('',#177,.T.);
#105=FACE_OUTER_BOUND('',#178,.T.);
#106=FACE_OUTER_BOUND('',#179,.T.);
#107=FACE_OUTER_BOUND('',#180,.T.);
#108=FACE_OUTER_BOUND('',#181,.T.);
#109=FACE_OUTER_BOUND('',#182,.T.);
#110=FACE_OUTER_BOUND('',#183,.T.);
#111=FACE_OUTER_BOUND('',#184,.T.);
#112=FACE_OUTER_BOUND('',#185,.T.);
#113=FACE_OUTER_BOUND('',#187,.T.);
#114=FACE_OUTER_BOUND('',#188,.T.);
#115=FACE_OUTER_BOUND('',#189,.T.);
#116=FACE_OUTER_BOUND('',#190,.T.);
#117=FACE_OUTER_BOUND('',#191,.T.);
#118=FACE_OUTER_BOUND('',#192,.T.);
#119=FACE_OUTER_BOUND('',#193,.T.);
#120=FACE_OUTER_BOUND('',#194,.T.);
#121=FACE_OUTER_BOUND('',#195,.T.);
#122=FACE_OUTER_BOUND('',#196,.T.);
#123=FACE_OUTER_BOUND('',#197,.T.);
#124=FACE_OUTER_BOUND('',#198,.T.);
#125=FACE_OUTER_BOUND('',#199,.T.);
#126=FACE_OUTER_BOUND('',#200,.T.);
#127=FACE_OUTER_BOUND('',#201,.T.);
#128=FACE_OUTER_BOUND('',#202,.T.);
#129=FACE_OUTER_BOUND('',#203,.T.);
#130=FACE_OUTER_BOUND('',#204,.T.);
#131=FACE_OUTER_BOUND('',#205,.T.);
#132=FACE_OUTER_BOUND('',#206,.T.);
#133=FACE_OUTER_BOUND('',#207,.T.);
#134=FACE_OUTER_BOUND('',#208,.T.);
#135=FACE_OUTER_BOUND('',#209,.T.);
#136=FACE_OUTER_BOUND('',#210,.T.);
#137=FACE_OUTER_BOUND('',#211,.T.);
#138=FACE_OUTER_BOUND('',#212,.T.);
#139=FACE_OUTER_BOUND('',#213,.T.);
#140=FACE_OUTER_BOUND('',#214,.T.);
#141=FACE_OUTER_BOUND('',#215,.T.);
#142=FACE_OUTER_BOUND('',#216,.T.);
#143=FACE_OUTER_BOUND('',#217,.T.);
#144=FACE_OUTER_BOUND('',#218,.T.);
#145=FACE_OUTER_BOUND('',#219,.T.);
#146=FACE_OUTER_BOUND('',#220,.T.);
#147=FACE_OUTER_BOUND('',#221,.T.);
#148=FACE_OUTER_BOUND('',#222,.T.);
#149=FACE_OUTER_BOUND('',#223,.T.);
#150=FACE_OUTER_BOUND('',#224,.T.);
#151=FACE_OUTER_BOUND('',#225,.T.);
#152=FACE_OUTER_BOUND('',#226,.T.);
#153=FACE_OUTER_BOUND('',#227,.T.);
#154=FACE_OUTER_BOUND('',#228,.T.);
#155=FACE_OUTER_BOUND('',#229,.T.);
#156=FACE_OUTER_BOUND('',#230,.T.);
#157=FACE_OUTER_BOUND('',#231,.T.);
#158=FACE_OUTER_BOUND('',#232,.T.);
#159=FACE_OUTER_BOUND('',#233,.T.);
#160=FACE_OUTER_BOUND('',#235,.T.);
#161=FACE_OUTER_BOUND('',#236,.T.);
#162=FACE_OUTER_BOUND('',#237,.T.);
#163=FACE_OUTER_BOUND('',#238,.T.);
#164=FACE_OUTER_BOUND('',#239,.T.);
#165=FACE_OUTER_BOUND('',#241,.T.);
#166=EDGE_LOOP('',(#778,#779,#780,#781,#782));
#167=EDGE_LOOP('',(#783,#784,#785,#786));
#168=EDGE_LOOP('',(#787,#788,#789,#790));
#169=EDGE_LOOP('',(#791,#792,#793,#794));
#170=EDGE_LOOP('',(#795,#796,#797,#798));
#171=EDGE_LOOP('',(#799,#800,#801,#802));
#172=EDGE_LOOP('',(#803,#804,#805,#806));
#173=EDGE_LOOP('',(#807,#808,#809,#810));
#174=EDGE_LOOP('',(#811,#812,#813,#814,#815));
#175=EDGE_LOOP('',(#816,#817,#818,#819,#820));
#176=EDGE_LOOP('',(#821,#822,#823,#824,#825,#826,#827,#828));
#177=EDGE_LOOP('',(#829,#830,#831,#832,#833,#834));
#178=EDGE_LOOP('',(#835,#836,#837,#838));
#179=EDGE_LOOP('',(#839,#840,#841,#842,#843));
#180=EDGE_LOOP('',(#844,#845,#846,#847));
#181=EDGE_LOOP('',(#848,#849,#850,#851));
#182=EDGE_LOOP('',(#852,#853,#854,#855,#856,#857,#858,#859));
#183=EDGE_LOOP('',(#860,#861,#862,#863,#864,#865));
#184=EDGE_LOOP('',(#866,#867,#868,#869,#870,#871));
#185=EDGE_LOOP('',(#872,#873,#874,#875));
#186=EDGE_LOOP('',(#876));
#187=EDGE_LOOP('',(#877,#878,#879,#880,#881,#882));
#188=EDGE_LOOP('',(#883,#884,#885,#886));
#189=EDGE_LOOP('',(#887,#888,#889,#890));
#190=EDGE_LOOP('',(#891,#892,#893,#894));
#191=EDGE_LOOP('',(#895,#896,#897,#898));
#192=EDGE_LOOP('',(#899,#900,#901,#902));
#193=EDGE_LOOP('',(#903,#904,#905,#906,#907,#908,#909,#910,#911,#912,#913,
#914));
#194=EDGE_LOOP('',(#915,#916,#917,#918,#919,#920,#921,#922));
#195=EDGE_LOOP('',(#923,#924,#925,#926));
#196=EDGE_LOOP('',(#927,#928,#929,#930));
#197=EDGE_LOOP('',(#931,#932,#933,#934));
#198=EDGE_LOOP('',(#935,#936,#937,#938,#939,#940,#941,#942));
#199=EDGE_LOOP('',(#943,#944,#945,#946,#947,#948,#949,#950));
#200=EDGE_LOOP('',(#951,#952,#953,#954));
#201=EDGE_LOOP('',(#955,#956,#957));
#202=EDGE_LOOP('',(#958,#959,#960));
#203=EDGE_LOOP('',(#961,#962,#963));
#204=EDGE_LOOP('',(#964,#965,#966));
#205=EDGE_LOOP('',(#967,#968,#969,#970,#971,#972,#973,#974));
#206=EDGE_LOOP('',(#975,#976,#977,#978));
#207=EDGE_LOOP('',(#979,#980,#981,#982));
#208=EDGE_LOOP('',(#983,#984,#985,#986,#987,#988,#989,#990));
#209=EDGE_LOOP('',(#991,#992,#993,#994));
#210=EDGE_LOOP('',(#995,#996,#997,#998));
#211=EDGE_LOOP('',(#999,#1000,#1001,#1002));
#212=EDGE_LOOP('',(#1003,#1004,#1005,#1006));
#213=EDGE_LOOP('',(#1007,#1008,#1009,#1010));
#214=EDGE_LOOP('',(#1011,#1012,#1013,#1014,#1015,#1016,#1017,#1018,#1019,
#1020,#1021,#1022));
#215=EDGE_LOOP('',(#1023,#1024,#1025));
#216=EDGE_LOOP('',(#1026,#1027,#1028));
#217=EDGE_LOOP('',(#1029,#1030,#1031,#1032));
#218=EDGE_LOOP('',(#1033,#1034,#1035,#1036));
#219=EDGE_LOOP('',(#1037,#1038,#1039));
#220=EDGE_LOOP('',(#1040,#1041,#1042,#1043));
#221=EDGE_LOOP('',(#1044,#1045,#1046,#1047));
#222=EDGE_LOOP('',(#1048,#1049,#1050));
#223=EDGE_LOOP('',(#1051,#1052,#1053,#1054));
#224=EDGE_LOOP('',(#1055,#1056,#1057,#1058));
#225=EDGE_LOOP('',(#1059,#1060,#1061,#1062));
#226=EDGE_LOOP('',(#1063,#1064,#1065,#1066));
#227=EDGE_LOOP('',(#1067,#1068,#1069,#1070));
#228=EDGE_LOOP('',(#1071,#1072,#1073,#1074));
#229=EDGE_LOOP('',(#1075,#1076,#1077,#1078));
#230=EDGE_LOOP('',(#1079,#1080,#1081,#1082));
#231=EDGE_LOOP('',(#1083,#1084,#1085,#1086));
#232=EDGE_LOOP('',(#1087,#1088,#1089,#1090));
#233=EDGE_LOOP('',(#1091,#1092,#1093,#1094));
#234=EDGE_LOOP('',(#1095));
#235=EDGE_LOOP('',(#1096,#1097,#1098,#1099));
#236=EDGE_LOOP('',(#1100,#1101,#1102,#1103,#1104,#1105,#1106,#1107,#1108,
#1109));
#237=EDGE_LOOP('',(#1110,#1111,#1112,#1113,#1114,#1115,#1116,#1117,#1118,
#1119,#1120,#1121));
#238=EDGE_LOOP('',(#1122,#1123,#1124,#1125));
#239=EDGE_LOOP('',(#1126,#1127,#1128,#1129));
#240=EDGE_LOOP('',(#1130));
#241=EDGE_LOOP('',(#1131,#1132,#1133,#1134));
#242=EDGE_LOOP('',(#1135));
#243=ELLIPSE('',#1261,2.01463504430796,2.);
#244=ELLIPSE('',#1262,3.00247183221041,2.);
#245=ELLIPSE('',#1264,2.34622522008785,2.);
#246=ELLIPSE('',#1266,2.05752671666705,2.);
#247=ELLIPSE('',#1271,2.05752671666705,2.);
#248=ELLIPSE('',#1272,2.34622522008785,2.);
#249=ELLIPSE('',#1274,3.00247183221042,2.);
#250=ELLIPSE('',#1276,2.01463504430796,2.);
#251=ELLIPSE('',#1278,2.3485068187191,2.);
#252=ELLIPSE('',#1279,2.05596569223504,2.);
#253=ELLIPSE('',#1280,2.2409645565711,2.);
#254=ELLIPSE('',#1282,2.21809708497997,2.);
#255=ELLIPSE('',#1283,2.05575057413413,2.);
#256=ELLIPSE('',#1284,3.00677105880787,2.);
#257=ELLIPSE('',#1286,2.2409645565711,2.);
#258=ELLIPSE('',#1289,2.05596569223504,2.);
#259=ELLIPSE('',#1290,2.34850681871911,2.);
#260=ELLIPSE('',#1293,2.21809708497997,2.);
#261=ELLIPSE('',#1295,3.00677105880787,2.);
#262=ELLIPSE('',#1296,2.05575057413413,2.);
#263=ELLIPSE('',#1298,2.01355107190832,2.);
#264=ELLIPSE('',#1299,2.01355107190832,2.);
#265=ELLIPSE('',#1301,2.01401854920057,2.);
#266=ELLIPSE('',#1305,2.01401854920057,2.);
#267=ELLIPSE('',#1310,2.82842712474619,2.);
#268=ELLIPSE('',#1312,2.82842712474619,2.);
#269=ELLIPSE('',#1322,2.82842712474619,2.);
#270=ELLIPSE('',#1324,2.82842712474619,2.);
#271=ELLIPSE('',#1354,2.82842712474619,2.);
#272=ELLIPSE('',#1356,2.82842712474619,2.);
#273=B_SPLINE_CURVE_WITH_KNOTS('',3,(#1798,#1799,#1800,#1801,#1802,#1803,
#1804,#1805,#1806,#1807),.UNSPECIFIED.,.F.,.F.,(4,2,2,2,4),(0.332624450353372,
0.368209868354511,0.421654038514109,0.474444440495962,0.527234842477815),
 .UNSPECIFIED.);
#274=B_SPLINE_CURVE_WITH_KNOTS('',3,(#1854,#1855,#1856,#1857,#1858,#1859,
#1860,#1861,#1862,#1863),.UNSPECIFIED.,.F.,.F.,(4,2,2,2,4),(1.58170452743345,
1.6344949294153,1.68728533139715,1.74072950155675,1.77631491955789),
 .UNSPECIFIED.);
#275=B_SPLINE_CURVE_WITH_KNOTS('',3,(#1936,#1937,#1938,#1939,#1940,#1941,
#1942,#1943,#1944,#1945),.UNSPECIFIED.,.F.,.F.,(4,2,2,2,4),(1.58040692823038,
1.63314007977938,1.68587323132837,1.73924723974498,1.77515179820672),
 .UNSPECIFIED.);
#276=B_SPLINE_CURVE_WITH_KNOTS('',3,(#1955,#1956,#1957,#1958,#1959,#1960,
#1961,#1962,#1963,#1964),.UNSPECIFIED.,.F.,.F.,(4,2,2,2,4),(1.38566205825404,
1.42156661671578,1.47494062513239,1.52767377668139,1.58040692823038),
 .UNSPECIFIED.);
#277=LINE('',#1796,#384);
#278=LINE('',#1811,#385);
#279=LINE('',#1815,#386);
#280=LINE('',#1817,#387);
#281=LINE('',#1821,#388);
#282=LINE('',#1824,#389);
#283=LINE('',#1827,#390);
#284=LINE('',#1829,#391);
#285=LINE('',#1830,#392);
#286=LINE('',#1833,#393);
#287=LINE('',#1834,#394);
#288=LINE('',#1837,#395);
#289=LINE('',#1838,#396);
#290=LINE('',#1843,#397);
#291=LINE('',#1847,#398);
#292=LINE('',#1851,#399);
#293=LINE('',#1869,#400);
#294=LINE('',#1873,#401);
#295=LINE('',#1877,#402);
#296=LINE('',#1881,#403);
#297=LINE('',#1885,#404);
#298=LINE('',#1888,#405);
#299=LINE('',#1891,#406);
#300=LINE('',#1895,#407);
#301=LINE('',#1896,#408);
#302=LINE('',#1899,#409);
#303=LINE('',#1900,#410);
#304=LINE('',#1905,#411);
#305=LINE('',#1909,#412);
#306=LINE('',#1911,#413);
#307=LINE('',#1912,#414);
#308=LINE('',#1917,#415);
#309=LINE('',#1921,#416);
#310=LINE('',#1924,#417);
#311=LINE('',#1928,#418);
#312=LINE('',#1932,#419);
#313=LINE('',#1946,#420);
#314=LINE('',#1948,#421);
#315=LINE('',#1953,#422);
#316=LINE('',#1967,#423);
#317=LINE('',#1969,#424);
#318=LINE('',#1974,#425);
#319=LINE('',#1978,#426);
#320=LINE('',#1982,#427);
#321=LINE('',#1984,#428);
#322=LINE('',#1988,#429);
#323=LINE('',#1991,#430);
#324=LINE('',#1994,#431);
#325=LINE('',#1996,#432);
#326=LINE('',#1998,#433);
#327=LINE('',#2000,#434);
#328=LINE('',#2002,#435);
#329=LINE('',#2004,#436);
#330=LINE('',#2006,#437);
#331=LINE('',#2008,#438);
#332=LINE('',#2009,#439);
#333=LINE('',#2012,#440);
#334=LINE('',#2016,#441);
#335=LINE('',#2020,#442);
#336=LINE('',#2025,#443);
#337=LINE('',#2029,#444);
#338=LINE('',#2033,#445);
#339=LINE('',#2036,#446);
#340=LINE('',#2038,#447);
#341=LINE('',#2039,#448);
#342=LINE('',#2042,#449);
#343=LINE('',#2044,#450);
#344=LINE('',#2046,#451);
#345=LINE('',#2047,#452);
#346=LINE('',#2052,#453);
#347=LINE('',#2054,#454);
#348=LINE('',#2056,#455);
#349=LINE('',#2082,#456);
#350=LINE('',#2083,#457);
#351=LINE('',#2084,#458);
#352=LINE('',#2086,#459);
#353=LINE('',#2088,#460);
#354=LINE('',#2090,#461);
#355=LINE('',#2091,#462);
#356=LINE('',#2092,#463);
#357=LINE('',#2094,#464);
#358=LINE('',#2096,#465);
#359=LINE('',#2100,#466);
#360=LINE('',#2104,#467);
#361=LINE('',#2106,#468);
#362=LINE('',#2108,#469);
#363=LINE('',#2123,#470);
#364=LINE('',#2125,#471);
#365=LINE('',#2126,#472);
#366=LINE('',#2135,#473);
#367=LINE('',#2136,#474);
#368=LINE('',#2141,#475);
#369=LINE('',#2142,#476);
#370=LINE('',#2150,#477);
#371=LINE('',#2151,#478);
#372=LINE('',#2153,#479);
#373=LINE('',#2155,#480);
#374=LINE('',#2160,#481);
#375=LINE('',#2161,#482);
#376=LINE('',#2163,#483);
#377=LINE('',#2165,#484);
#378=LINE('',#2168,#485);
#379=LINE('',#2170,#486);
#380=LINE('',#2176,#487);
#381=LINE('',#2179,#488);
#382=LINE('',#2180,#489);
#383=LINE('',#2185,#490);
#384=VECTOR('',#1405,10.);
#385=VECTOR('',#1408,10.);
#386=VECTOR('',#1413,10.);
#387=VECTOR('',#1414,10.);
#388=VECTOR('',#1419,10.);
#389=VECTOR('',#1422,10.);
#390=VECTOR('',#1425,10.);
#391=VECTOR('',#1426,10.);
#392=VECTOR('',#1427,10.);
#393=VECTOR('',#1430,10.);
#394=VECTOR('',#1431,10.);
#395=VECTOR('',#1434,10.);
#396=VECTOR('',#1435,10.);
#397=VECTOR('',#1440,10.);
#398=VECTOR('',#1445,10.);
#399=VECTOR('',#1450,10.);
#400=VECTOR('',#1457,10.);
#401=VECTOR('',#1460,10.);
#402=VECTOR('',#1465,10.);
#403=VECTOR('',#1468,10.);
#404=VECTOR('',#1471,10.);
#405=VECTOR('',#1474,10.);
#406=VECTOR('',#1477,10.);
#407=VECTOR('',#1480,10.);
#408=VECTOR('',#1481,10.);
#409=VECTOR('',#1484,10.);
#410=VECTOR('',#1485,10.);
#411=VECTOR('',#1490,10.);
#412=VECTOR('',#1495,10.);
#413=VECTOR('',#1496,10.);
#414=VECTOR('',#1497,10.);
#415=VECTOR('',#1504,10.);
#416=VECTOR('',#1507,10.);
#417=VECTOR('',#1512,10.);
#418=VECTOR('',#1515,10.);
#419=VECTOR('',#1520,10.);
#420=VECTOR('',#1523,10.);
#421=VECTOR('',#1526,10.);
#422=VECTOR('',#1531,10.);
#423=VECTOR('',#1534,10.);
#424=VECTOR('',#1537,10.);
#425=VECTOR('',#1542,10.);
#426=VECTOR('',#1545,10.);
#427=VECTOR('',#1550,10.);
#428=VECTOR('',#1551,10.);
#429=VECTOR('',#1556,10.);
#430=VECTOR('',#1559,10.);
#431=VECTOR('',#1562,10.);
#432=VECTOR('',#1563,10.);
#433=VECTOR('',#1564,10.);
#434=VECTOR('',#1565,10.);
#435=VECTOR('',#1566,10.);
#436=VECTOR('',#1567,10.);
#437=VECTOR('',#1568,10.);
#438=VECTOR('',#1569,10.);
#439=VECTOR('',#1570,10.);
#440=VECTOR('',#1573,10.);
#441=VECTOR('',#1576,10.);
#442=VECTOR('',#1579,10.);
#443=VECTOR('',#1584,10.);
#444=VECTOR('',#1587,10.);
#445=VECTOR('',#1592,10.);
#446=VECTOR('',#1595,10.);
#447=VECTOR('',#1598,10.);
#448=VECTOR('',#1599,10.);
#449=VECTOR('',#1602,10.);
#450=VECTOR('',#1603,10.);
#451=VECTOR('',#1604,10.);
#452=VECTOR('',#1605,10.);
#453=VECTOR('',#1610,10.);
#454=VECTOR('',#1613,10.);
#455=VECTOR('',#1616,10.);
#456=VECTOR('',#1651,10.);
#457=VECTOR('',#1652,10.);
#458=VECTOR('',#1653,10.);
#459=VECTOR('',#1656,10.);
#460=VECTOR('',#1659,10.);
#461=VECTOR('',#1662,10.);
#462=VECTOR('',#1663,10.);
#463=VECTOR('',#1664,10.);
#464=VECTOR('',#1667,10.);
#465=VECTOR('',#1670,10.);
#466=VECTOR('',#1675,10.);
#467=VECTOR('',#1680,10.);
#468=VECTOR('',#1683,10.);
#469=VECTOR('',#1686,10.);
#470=VECTOR('',#1705,10.);
#471=VECTOR('',#1708,10.);
#472=VECTOR('',#1709,10.);
#473=VECTOR('',#1720,10.);
#474=VECTOR('',#1721,10.);
#475=VECTOR('',#1726,10.);
#476=VECTOR('',#1727,10.);
#477=VECTOR('',#1738,10.);
#478=VECTOR('',#1739,10.);
#479=VECTOR('',#1742,10.);
#480=VECTOR('',#1745,10.);
#481=VECTOR('',#1750,10.);
#482=VECTOR('',#1751,10.);
#483=VECTOR('',#1754,10.);
#484=VECTOR('',#1757,10.);
#485=VECTOR('',#1762,10.);
#486=VECTOR('',#1765,10.);
#487=VECTOR('',#1774,1.82399649823935);
#488=VECTOR('',#1779,10.);
#489=VECTOR('',#1780,10.);
#490=VECTOR('',#1785,1.82399649823935);
#491=VERTEX_POINT('',#1794);
#492=VERTEX_POINT('',#1795);
#493=VERTEX_POINT('',#1797);
#494=VERTEX_POINT('',#1808);
#495=VERTEX_POINT('',#1810);
#496=VERTEX_POINT('',#1814);
#497=VERTEX_POINT('',#1816);
#498=VERTEX_POINT('',#1820);
#499=VERTEX_POINT('',#1822);
#500=VERTEX_POINT('',#1826);
#501=VERTEX_POINT('',#1828);
#502=VERTEX_POINT('',#1832);
#503=VERTEX_POINT('',#1836);
#504=VERTEX_POINT('',#1840);
#505=VERTEX_POINT('',#1842);
#506=VERTEX_POINT('',#1846);
#507=VERTEX_POINT('',#1850);
#508=VERTEX_POINT('',#1852);
#509=VERTEX_POINT('',#1865);
#510=VERTEX_POINT('',#1866);
#511=VERTEX_POINT('',#1868);
#512=VERTEX_POINT('',#1870);
#513=VERTEX_POINT('',#1872);
#514=VERTEX_POINT('',#1876);
#515=VERTEX_POINT('',#1878);
#516=VERTEX_POINT('',#1880);
#517=VERTEX_POINT('',#1882);
#518=VERTEX_POINT('',#1884);
#519=VERTEX_POINT('',#1886);
#520=VERTEX_POINT('',#1890);
#521=VERTEX_POINT('',#1892);
#522=VERTEX_POINT('',#1894);
#523=VERTEX_POINT('',#1898);
#524=VERTEX_POINT('',#1902);
#525=VERTEX_POINT('',#1904);
#526=VERTEX_POINT('',#1908);
#527=VERTEX_POINT('',#1910);
#528=VERTEX_POINT('',#1916);
#529=VERTEX_POINT('',#1918);
#530=VERTEX_POINT('',#1920);
#531=VERTEX_POINT('',#1925);
#532=VERTEX_POINT('',#1927);
#533=VERTEX_POINT('',#1931);
#534=VERTEX_POINT('',#1933);
#535=VERTEX_POINT('',#1935);
#536=VERTEX_POINT('',#1949);
#537=VERTEX_POINT('',#1952);
#538=VERTEX_POINT('',#1954);
#539=VERTEX_POINT('',#1965);
#540=VERTEX_POINT('',#1972);
#541=VERTEX_POINT('',#1973);
#542=VERTEX_POINT('',#1975);
#543=VERTEX_POINT('',#1977);
#544=VERTEX_POINT('',#1981);
#545=VERTEX_POINT('',#1983);
#546=VERTEX_POINT('',#1987);
#547=VERTEX_POINT('',#1989);
#548=VERTEX_POINT('',#1993);
#549=VERTEX_POINT('',#1995);
#550=VERTEX_POINT('',#1997);
#551=VERTEX_POINT('',#1999);
#552=VERTEX_POINT('',#2001);
#553=VERTEX_POINT('',#2003);
#554=VERTEX_POINT('',#2005);
#555=VERTEX_POINT('',#2007);
#556=VERTEX_POINT('',#2011);
#557=VERTEX_POINT('',#2013);
#558=VERTEX_POINT('',#2015);
#559=VERTEX_POINT('',#2017);
#560=VERTEX_POINT('',#2019);
#561=VERTEX_POINT('',#2023);
#562=VERTEX_POINT('',#2024);
#563=VERTEX_POINT('',#2026);
#564=VERTEX_POINT('',#2028);
#565=VERTEX_POINT('',#2032);
#566=VERTEX_POINT('',#2034);
#567=VERTEX_POINT('',#2041);
#568=VERTEX_POINT('',#2043);
#569=VERTEX_POINT('',#2045);
#570=VERTEX_POINT('',#2049);
#571=VERTEX_POINT('',#2051);
#572=VERTEX_POINT('',#2058);
#573=VERTEX_POINT('',#2060);
#574=VERTEX_POINT('',#2064);
#575=VERTEX_POINT('',#2066);
#576=VERTEX_POINT('',#2070);
#577=VERTEX_POINT('',#2072);
#578=VERTEX_POINT('',#2076);
#579=VERTEX_POINT('',#2078);
#580=VERTEX_POINT('',#2098);
#581=VERTEX_POINT('',#2102);
#582=VERTEX_POINT('',#2110);
#583=VERTEX_POINT('',#2111);
#584=VERTEX_POINT('',#2113);
#585=VERTEX_POINT('',#2117);
#586=VERTEX_POINT('',#2119);
#587=VERTEX_POINT('',#2128);
#588=VERTEX_POINT('',#2129);
#589=VERTEX_POINT('',#2131);
#590=VERTEX_POINT('',#2138);
#591=VERTEX_POINT('',#2139);
#592=VERTEX_POINT('',#2144);
#593=VERTEX_POINT('',#2146);
#594=VERTEX_POINT('',#2157);
#595=VERTEX_POINT('',#2158);
#596=VERTEX_POINT('',#2173);
#597=VERTEX_POINT('',#2182);
#598=VERTEX_POINT('',#2184);
#599=EDGE_CURVE('',#491,#492,#277,.T.);
#600=EDGE_CURVE('',#492,#493,#273,.F.);
#601=EDGE_CURVE('',#493,#494,#243,.F.);
#602=EDGE_CURVE('',#494,#495,#278,.T.);
#603=EDGE_CURVE('',#495,#491,#244,.T.);
#604=EDGE_CURVE('',#496,#491,#279,.T.);
#605=EDGE_CURVE('',#495,#497,#280,.T.);
#606=EDGE_CURVE('',#497,#496,#245,.T.);
#607=EDGE_CURVE('',#497,#498,#281,.T.);
#608=EDGE_CURVE('',#498,#499,#246,.F.);
#609=EDGE_CURVE('',#499,#496,#282,.T.);
#610=EDGE_CURVE('',#500,#491,#283,.T.);
#611=EDGE_CURVE('',#501,#500,#284,.T.);
#612=EDGE_CURVE('',#492,#501,#285,.F.);
#613=EDGE_CURVE('',#502,#496,#286,.T.);
#614=EDGE_CURVE('',#500,#502,#287,.T.);
#615=EDGE_CURVE('',#503,#499,#288,.T.);
#616=EDGE_CURVE('',#502,#503,#289,.T.);
#617=EDGE_CURVE('',#503,#504,#247,.F.);
#618=EDGE_CURVE('',#504,#505,#290,.T.);
#619=EDGE_CURVE('',#505,#502,#248,.T.);
#620=EDGE_CURVE('',#505,#506,#291,.T.);
#621=EDGE_CURVE('',#506,#500,#249,.T.);
#622=EDGE_CURVE('',#506,#507,#292,.T.);
#623=EDGE_CURVE('',#508,#507,#250,.T.);
#624=EDGE_CURVE('',#501,#508,#274,.T.);
#625=EDGE_CURVE('',#509,#510,#251,.T.);
#626=EDGE_CURVE('',#510,#511,#293,.T.);
#627=EDGE_CURVE('',#511,#512,#252,.F.);
#628=EDGE_CURVE('',#512,#513,#294,.T.);
#629=EDGE_CURVE('',#513,#509,#253,.T.);
#630=EDGE_CURVE('',#509,#514,#295,.T.);
#631=EDGE_CURVE('',#514,#515,#254,.T.);
#632=EDGE_CURVE('',#515,#516,#296,.T.);
#633=EDGE_CURVE('',#516,#517,#255,.T.);
#634=EDGE_CURVE('',#517,#518,#297,.T.);
#635=EDGE_CURVE('',#518,#519,#256,.T.);
#636=EDGE_CURVE('',#519,#510,#298,.T.);
#637=EDGE_CURVE('',#513,#520,#299,.T.);
#638=EDGE_CURVE('',#521,#520,#257,.T.);
#639=EDGE_CURVE('',#522,#521,#300,.T.);
#640=EDGE_CURVE('',#514,#522,#301,.T.);
#641=EDGE_CURVE('',#523,#512,#302,.T.);
#642=EDGE_CURVE('',#520,#523,#303,.T.);
#643=EDGE_CURVE('',#523,#524,#258,.F.);
#644=EDGE_CURVE('',#524,#525,#304,.T.);
#645=EDGE_CURVE('',#525,#521,#259,.T.);
#646=EDGE_CURVE('',#515,#526,#305,.T.);
#647=EDGE_CURVE('',#527,#526,#306,.T.);
#648=EDGE_CURVE('',#516,#527,#307,.T.);
#649=EDGE_CURVE('',#526,#522,#260,.T.);
#650=EDGE_CURVE('',#525,#528,#308,.T.);
#651=EDGE_CURVE('',#528,#529,#261,.T.);
#652=EDGE_CURVE('',#529,#530,#309,.T.);
#653=EDGE_CURVE('',#530,#527,#262,.T.);
#654=EDGE_CURVE('',#530,#517,#310,.T.);
#655=EDGE_CURVE('',#531,#529,#263,.T.);
#656=EDGE_CURVE('',#532,#531,#311,.T.);
#657=EDGE_CURVE('',#518,#532,#264,.T.);
#658=EDGE_CURVE('',#528,#533,#312,.T.);
#659=EDGE_CURVE('',#534,#533,#265,.T.);
#660=EDGE_CURVE('',#535,#534,#275,.T.);
#661=EDGE_CURVE('',#535,#531,#313,.T.);
#662=EDGE_CURVE('',#533,#524,#314,.T.);
#663=EDGE_CURVE('',#536,#536,#27,.T.);
#664=EDGE_CURVE('',#532,#537,#315,.T.);
#665=EDGE_CURVE('',#537,#538,#276,.F.);
#666=EDGE_CURVE('',#538,#539,#266,.F.);
#667=EDGE_CURVE('',#539,#519,#316,.T.);
#668=EDGE_CURVE('',#537,#535,#317,.F.);
#669=EDGE_CURVE('',#540,#541,#318,.T.);
#670=EDGE_CURVE('',#541,#542,#28,.T.);
#671=EDGE_CURVE('',#542,#543,#319,.T.);
#672=EDGE_CURVE('',#543,#540,#267,.T.);
#673=EDGE_CURVE('',#544,#540,#320,.T.);
#674=EDGE_CURVE('',#543,#545,#321,.T.);
#675=EDGE_CURVE('',#545,#544,#268,.T.);
#676=EDGE_CURVE('',#545,#546,#322,.T.);
#677=EDGE_CURVE('',#546,#547,#29,.T.);
#678=EDGE_CURVE('',#547,#544,#323,.T.);
#679=EDGE_CURVE('',#548,#547,#324,.T.);
#680=EDGE_CURVE('',#549,#548,#325,.T.);
#681=EDGE_CURVE('',#550,#549,#326,.T.);
#682=EDGE_CURVE('',#551,#550,#327,.T.);
#683=EDGE_CURVE('',#552,#551,#328,.T.);
#684=EDGE_CURVE('',#553,#552,#329,.T.);
#685=EDGE_CURVE('',#554,#553,#330,.T.);
#686=EDGE_CURVE('',#555,#554,#331,.T.);
#687=EDGE_CURVE('',#541,#555,#332,.T.);
#688=EDGE_CURVE('',#546,#556,#333,.T.);
#689=EDGE_CURVE('',#557,#556,#30,.T.);
#690=EDGE_CURVE('',#557,#558,#334,.T.);
#691=EDGE_CURVE('',#559,#558,#31,.T.);
#692=EDGE_CURVE('',#559,#560,#335,.T.);
#693=EDGE_CURVE('',#548,#560,#32,.T.);
#694=EDGE_CURVE('',#561,#562,#336,.T.);
#695=EDGE_CURVE('',#562,#563,#33,.T.);
#696=EDGE_CURVE('',#563,#564,#337,.T.);
#697=EDGE_CURVE('',#564,#561,#269,.T.);
#698=EDGE_CURVE('',#564,#565,#338,.T.);
#699=EDGE_CURVE('',#565,#566,#270,.T.);
#700=EDGE_CURVE('',#566,#561,#339,.T.);
#701=EDGE_CURVE('',#565,#557,#340,.T.);
#702=EDGE_CURVE('',#556,#566,#341,.T.);
#703=EDGE_CURVE('',#567,#563,#342,.T.);
#704=EDGE_CURVE('',#568,#567,#343,.T.);
#705=EDGE_CURVE('',#569,#568,#344,.T.);
#706=EDGE_CURVE('',#558,#569,#345,.T.);
#707=EDGE_CURVE('',#570,#555,#34,.T.);
#708=EDGE_CURVE('',#570,#571,#346,.T.);
#709=EDGE_CURVE('',#567,#571,#35,.T.);
#710=EDGE_CURVE('',#562,#542,#347,.T.);
#711=EDGE_CURVE('',#561,#543,#348,.T.);
#712=EDGE_CURVE('',#572,#549,#36,.F.);
#713=EDGE_CURVE('',#573,#572,#37,.F.);
#714=EDGE_CURVE('',#549,#573,#38,.F.);
#715=EDGE_CURVE('',#574,#554,#39,.F.);
#716=EDGE_CURVE('',#575,#574,#40,.F.);
#717=EDGE_CURVE('',#554,#575,#41,.F.);
#718=EDGE_CURVE('',#569,#576,#42,.F.);
#719=EDGE_CURVE('',#577,#569,#43,.F.);
#720=EDGE_CURVE('',#576,#577,#44,.F.);
#721=EDGE_CURVE('',#578,#568,#45,.F.);
#722=EDGE_CURVE('',#579,#578,#46,.F.);
#723=EDGE_CURVE('',#568,#579,#47,.F.);
#724=EDGE_CURVE('',#578,#493,#349,.T.);
#725=EDGE_CURVE('',#508,#575,#350,.F.);
#726=EDGE_CURVE('',#574,#579,#351,.T.);
#727=EDGE_CURVE('',#579,#577,#352,.T.);
#728=EDGE_CURVE('',#571,#578,#353,.T.);
#729=EDGE_CURVE('',#534,#576,#354,.F.);
#730=EDGE_CURVE('',#577,#573,#355,.T.);
#731=EDGE_CURVE('',#572,#538,#356,.T.);
#732=EDGE_CURVE('',#576,#559,#357,.T.);
#733=EDGE_CURVE('',#575,#570,#358,.T.);
#734=EDGE_CURVE('',#553,#580,#271,.F.);
#735=EDGE_CURVE('',#580,#574,#359,.T.);
#736=EDGE_CURVE('',#581,#550,#272,.F.);
#737=EDGE_CURVE('',#573,#581,#360,.T.);
#738=EDGE_CURVE('',#560,#572,#361,.T.);
#739=EDGE_CURVE('',#511,#539,#362,.T.);
#740=EDGE_CURVE('',#582,#583,#48,.F.);
#741=EDGE_CURVE('',#584,#582,#49,.F.);
#742=EDGE_CURVE('',#583,#584,#50,.F.);
#743=EDGE_CURVE('',#551,#585,#51,.F.);
#744=EDGE_CURVE('',#586,#551,#52,.F.);
#745=EDGE_CURVE('',#585,#586,#53,.F.);
#746=EDGE_CURVE('',#581,#586,#363,.T.);
#747=EDGE_CURVE('',#586,#583,#364,.T.);
#748=EDGE_CURVE('',#584,#585,#365,.T.);
#749=EDGE_CURVE('',#587,#588,#54,.F.);
#750=EDGE_CURVE('',#589,#587,#55,.F.);
#751=EDGE_CURVE('',#588,#589,#56,.F.);
#752=EDGE_CURVE('',#582,#589,#366,.T.);
#753=EDGE_CURVE('',#587,#584,#367,.T.);
#754=EDGE_CURVE('',#590,#591,#57,.F.);
#755=EDGE_CURVE('',#591,#588,#368,.T.);
#756=EDGE_CURVE('',#589,#590,#369,.T.);
#757=EDGE_CURVE('',#592,#552,#58,.F.);
#758=EDGE_CURVE('',#593,#592,#59,.F.);
#759=EDGE_CURVE('',#552,#593,#60,.F.);
#760=EDGE_CURVE('',#588,#593,#370,.T.);
#761=EDGE_CURVE('',#592,#587,#371,.T.);
#762=EDGE_CURVE('',#593,#580,#372,.T.);
#763=EDGE_CURVE('',#585,#592,#373,.T.);
#764=EDGE_CURVE('',#594,#595,#61,.F.);
#765=EDGE_CURVE('',#595,#582,#374,.T.);
#766=EDGE_CURVE('',#583,#594,#375,.T.);
#767=EDGE_CURVE('',#580,#591,#376,.T.);
#768=EDGE_CURVE('',#590,#595,#377,.T.);
#769=EDGE_CURVE('',#594,#581,#378,.T.);
#770=EDGE_CURVE('',#566,#545,#379,.T.);
#771=EDGE_CURVE('',#596,#596,#62,.T.);
#772=EDGE_CURVE('',#536,#596,#380,.T.);
#773=EDGE_CURVE('',#507,#504,#381,.T.);
#774=EDGE_CURVE('',#498,#494,#382,.T.);
#775=EDGE_CURVE('',#597,#597,#63,.T.);
#776=EDGE_CURVE('',#597,#598,#383,.T.);
#777=EDGE_CURVE('',#598,#598,#64,.T.);
#778=ORIENTED_EDGE('',*,*,#599,.T.);
#779=ORIENTED_EDGE('',*,*,#600,.T.);
#780=ORIENTED_EDGE('',*,*,#601,.T.);
#781=ORIENTED_EDGE('',*,*,#602,.T.);
#782=ORIENTED_EDGE('',*,*,#603,.T.);
#783=ORIENTED_EDGE('',*,*,#604,.T.);
#784=ORIENTED_EDGE('',*,*,#603,.F.);
#785=ORIENTED_EDGE('',*,*,#605,.T.);
#786=ORIENTED_EDGE('',*,*,#606,.T.);
#787=ORIENTED_EDGE('',*,*,#607,.T.);
#788=ORIENTED_EDGE('',*,*,#608,.T.);
#789=ORIENTED_EDGE('',*,*,#609,.T.);
#790=ORIENTED_EDGE('',*,*,#606,.F.);
#791=ORIENTED_EDGE('',*,*,#599,.F.);
#792=ORIENTED_EDGE('',*,*,#610,.F.);
#793=ORIENTED_EDGE('',*,*,#611,.F.);
#794=ORIENTED_EDGE('',*,*,#612,.F.);
#795=ORIENTED_EDGE('',*,*,#604,.F.);
#796=ORIENTED_EDGE('',*,*,#613,.F.);
#797=ORIENTED_EDGE('',*,*,#614,.F.);
#798=ORIENTED_EDGE('',*,*,#610,.T.);
#799=ORIENTED_EDGE('',*,*,#609,.F.);
#800=ORIENTED_EDGE('',*,*,#615,.F.);
#801=ORIENTED_EDGE('',*,*,#616,.F.);
#802=ORIENTED_EDGE('',*,*,#613,.T.);
#803=ORIENTED_EDGE('',*,*,#616,.T.);
#804=ORIENTED_EDGE('',*,*,#617,.T.);
#805=ORIENTED_EDGE('',*,*,#618,.T.);
#806=ORIENTED_EDGE('',*,*,#619,.T.);
#807=ORIENTED_EDGE('',*,*,#620,.T.);
#808=ORIENTED_EDGE('',*,*,#621,.T.);
#809=ORIENTED_EDGE('',*,*,#614,.T.);
#810=ORIENTED_EDGE('',*,*,#619,.F.);
#811=ORIENTED_EDGE('',*,*,#622,.T.);
#812=ORIENTED_EDGE('',*,*,#623,.F.);
#813=ORIENTED_EDGE('',*,*,#624,.F.);
#814=ORIENTED_EDGE('',*,*,#611,.T.);
#815=ORIENTED_EDGE('',*,*,#621,.F.);
#816=ORIENTED_EDGE('',*,*,#625,.T.);
#817=ORIENTED_EDGE('',*,*,#626,.T.);
#818=ORIENTED_EDGE('',*,*,#627,.T.);
#819=ORIENTED_EDGE('',*,*,#628,.T.);
#820=ORIENTED_EDGE('',*,*,#629,.T.);
#821=ORIENTED_EDGE('',*,*,#625,.F.);
#822=ORIENTED_EDGE('',*,*,#630,.T.);
#823=ORIENTED_EDGE('',*,*,#631,.T.);
#824=ORIENTED_EDGE('',*,*,#632,.T.);
#825=ORIENTED_EDGE('',*,*,#633,.T.);
#826=ORIENTED_EDGE('',*,*,#634,.T.);
#827=ORIENTED_EDGE('',*,*,#635,.T.);
#828=ORIENTED_EDGE('',*,*,#636,.T.);
#829=ORIENTED_EDGE('',*,*,#629,.F.);
#830=ORIENTED_EDGE('',*,*,#637,.T.);
#831=ORIENTED_EDGE('',*,*,#638,.F.);
#832=ORIENTED_EDGE('',*,*,#639,.F.);
#833=ORIENTED_EDGE('',*,*,#640,.F.);
#834=ORIENTED_EDGE('',*,*,#630,.F.);
#835=ORIENTED_EDGE('',*,*,#628,.F.);
#836=ORIENTED_EDGE('',*,*,#641,.F.);
#837=ORIENTED_EDGE('',*,*,#642,.F.);
#838=ORIENTED_EDGE('',*,*,#637,.F.);
#839=ORIENTED_EDGE('',*,*,#638,.T.);
#840=ORIENTED_EDGE('',*,*,#642,.T.);
#841=ORIENTED_EDGE('',*,*,#643,.T.);
#842=ORIENTED_EDGE('',*,*,#644,.T.);
#843=ORIENTED_EDGE('',*,*,#645,.T.);
#844=ORIENTED_EDGE('',*,*,#632,.F.);
#845=ORIENTED_EDGE('',*,*,#646,.T.);
#846=ORIENTED_EDGE('',*,*,#647,.F.);
#847=ORIENTED_EDGE('',*,*,#648,.F.);
#848=ORIENTED_EDGE('',*,*,#631,.F.);
#849=ORIENTED_EDGE('',*,*,#640,.T.);
#850=ORIENTED_EDGE('',*,*,#649,.F.);
#851=ORIENTED_EDGE('',*,*,#646,.F.);
#852=ORIENTED_EDGE('',*,*,#645,.F.);
#853=ORIENTED_EDGE('',*,*,#650,.T.);
#854=ORIENTED_EDGE('',*,*,#651,.T.);
#855=ORIENTED_EDGE('',*,*,#652,.T.);
#856=ORIENTED_EDGE('',*,*,#653,.T.);
#857=ORIENTED_EDGE('',*,*,#647,.T.);
#858=ORIENTED_EDGE('',*,*,#649,.T.);
#859=ORIENTED_EDGE('',*,*,#639,.T.);
#860=ORIENTED_EDGE('',*,*,#634,.F.);
#861=ORIENTED_EDGE('',*,*,#654,.F.);
#862=ORIENTED_EDGE('',*,*,#652,.F.);
#863=ORIENTED_EDGE('',*,*,#655,.F.);
#864=ORIENTED_EDGE('',*,*,#656,.F.);
#865=ORIENTED_EDGE('',*,*,#657,.F.);
#866=ORIENTED_EDGE('',*,*,#651,.F.);
#867=ORIENTED_EDGE('',*,*,#658,.T.);
#868=ORIENTED_EDGE('',*,*,#659,.F.);
#869=ORIENTED_EDGE('',*,*,#660,.F.);
#870=ORIENTED_EDGE('',*,*,#661,.T.);
#871=ORIENTED_EDGE('',*,*,#655,.T.);
#872=ORIENTED_EDGE('',*,*,#644,.F.);
#873=ORIENTED_EDGE('',*,*,#662,.F.);
#874=ORIENTED_EDGE('',*,*,#658,.F.);
#875=ORIENTED_EDGE('',*,*,#650,.F.);
#876=ORIENTED_EDGE('',*,*,#663,.T.);
#877=ORIENTED_EDGE('',*,*,#635,.F.);
#878=ORIENTED_EDGE('',*,*,#657,.T.);
#879=ORIENTED_EDGE('',*,*,#664,.T.);
#880=ORIENTED_EDGE('',*,*,#665,.T.);
#881=ORIENTED_EDGE('',*,*,#666,.T.);
#882=ORIENTED_EDGE('',*,*,#667,.T.);
#883=ORIENTED_EDGE('',*,*,#664,.F.);
#884=ORIENTED_EDGE('',*,*,#656,.T.);
#885=ORIENTED_EDGE('',*,*,#661,.F.);
#886=ORIENTED_EDGE('',*,*,#668,.F.);
#887=ORIENTED_EDGE('',*,*,#633,.F.);
#888=ORIENTED_EDGE('',*,*,#648,.T.);
#889=ORIENTED_EDGE('',*,*,#653,.F.);
#890=ORIENTED_EDGE('',*,*,#654,.T.);
#891=ORIENTED_EDGE('',*,*,#669,.T.);
#892=ORIENTED_EDGE('',*,*,#670,.T.);
#893=ORIENTED_EDGE('',*,*,#671,.T.);
#894=ORIENTED_EDGE('',*,*,#672,.T.);
#895=ORIENTED_EDGE('',*,*,#673,.T.);
#896=ORIENTED_EDGE('',*,*,#672,.F.);
#897=ORIENTED_EDGE('',*,*,#674,.T.);
#898=ORIENTED_EDGE('',*,*,#675,.T.);
#899=ORIENTED_EDGE('',*,*,#676,.T.);
#900=ORIENTED_EDGE('',*,*,#677,.T.);
#901=ORIENTED_EDGE('',*,*,#678,.T.);
#902=ORIENTED_EDGE('',*,*,#675,.F.);
#903=ORIENTED_EDGE('',*,*,#669,.F.);
#904=ORIENTED_EDGE('',*,*,#673,.F.);
#905=ORIENTED_EDGE('',*,*,#678,.F.);
#906=ORIENTED_EDGE('',*,*,#679,.F.);
#907=ORIENTED_EDGE('',*,*,#680,.F.);
#908=ORIENTED_EDGE('',*,*,#681,.F.);
#909=ORIENTED_EDGE('',*,*,#682,.F.);
#910=ORIENTED_EDGE('',*,*,#683,.F.);
#911=ORIENTED_EDGE('',*,*,#684,.F.);
#912=ORIENTED_EDGE('',*,*,#685,.F.);
#913=ORIENTED_EDGE('',*,*,#686,.F.);
#914=ORIENTED_EDGE('',*,*,#687,.F.);
#915=ORIENTED_EDGE('',*,*,#677,.F.);
#916=ORIENTED_EDGE('',*,*,#688,.T.);
#917=ORIENTED_EDGE('',*,*,#689,.F.);
#918=ORIENTED_EDGE('',*,*,#690,.T.);
#919=ORIENTED_EDGE('',*,*,#691,.F.);
#920=ORIENTED_EDGE('',*,*,#692,.T.);
#921=ORIENTED_EDGE('',*,*,#693,.F.);
#922=ORIENTED_EDGE('',*,*,#679,.T.);
#923=ORIENTED_EDGE('',*,*,#694,.T.);
#924=ORIENTED_EDGE('',*,*,#695,.T.);
#925=ORIENTED_EDGE('',*,*,#696,.T.);
#926=ORIENTED_EDGE('',*,*,#697,.T.);
#927=ORIENTED_EDGE('',*,*,#698,.T.);
#928=ORIENTED_EDGE('',*,*,#699,.T.);
#929=ORIENTED_EDGE('',*,*,#700,.T.);
#930=ORIENTED_EDGE('',*,*,#697,.F.);
#931=ORIENTED_EDGE('',*,*,#701,.T.);
#932=ORIENTED_EDGE('',*,*,#689,.T.);
#933=ORIENTED_EDGE('',*,*,#702,.T.);
#934=ORIENTED_EDGE('',*,*,#699,.F.);
#935=ORIENTED_EDGE('',*,*,#701,.F.);
#936=ORIENTED_EDGE('',*,*,#698,.F.);
#937=ORIENTED_EDGE('',*,*,#696,.F.);
#938=ORIENTED_EDGE('',*,*,#703,.F.);
#939=ORIENTED_EDGE('',*,*,#704,.F.);
#940=ORIENTED_EDGE('',*,*,#705,.F.);
#941=ORIENTED_EDGE('',*,*,#706,.F.);
#942=ORIENTED_EDGE('',*,*,#690,.F.);
#943=ORIENTED_EDGE('',*,*,#670,.F.);
#944=ORIENTED_EDGE('',*,*,#687,.T.);
#945=ORIENTED_EDGE('',*,*,#707,.F.);
#946=ORIENTED_EDGE('',*,*,#708,.T.);
#947=ORIENTED_EDGE('',*,*,#709,.F.);
#948=ORIENTED_EDGE('',*,*,#703,.T.);
#949=ORIENTED_EDGE('',*,*,#695,.F.);
#950=ORIENTED_EDGE('',*,*,#710,.T.);
#951=ORIENTED_EDGE('',*,*,#671,.F.);
#952=ORIENTED_EDGE('',*,*,#710,.F.);
#953=ORIENTED_EDGE('',*,*,#694,.F.);
#954=ORIENTED_EDGE('',*,*,#711,.T.);
#955=ORIENTED_EDGE('',*,*,#712,.F.);
#956=ORIENTED_EDGE('',*,*,#713,.F.);
#957=ORIENTED_EDGE('',*,*,#714,.F.);
#958=ORIENTED_EDGE('',*,*,#715,.F.);
#959=ORIENTED_EDGE('',*,*,#716,.F.);
#960=ORIENTED_EDGE('',*,*,#717,.F.);
#961=ORIENTED_EDGE('',*,*,#718,.F.);
#962=ORIENTED_EDGE('',*,*,#719,.F.);
#963=ORIENTED_EDGE('',*,*,#720,.F.);
#964=ORIENTED_EDGE('',*,*,#721,.F.);
#965=ORIENTED_EDGE('',*,*,#722,.F.);
#966=ORIENTED_EDGE('',*,*,#723,.F.);
#967=ORIENTED_EDGE('',*,*,#724,.T.);
#968=ORIENTED_EDGE('',*,*,#600,.F.);
#969=ORIENTED_EDGE('',*,*,#612,.T.);
#970=ORIENTED_EDGE('',*,*,#624,.T.);
#971=ORIENTED_EDGE('',*,*,#725,.T.);
#972=ORIENTED_EDGE('',*,*,#716,.T.);
#973=ORIENTED_EDGE('',*,*,#726,.T.);
#974=ORIENTED_EDGE('',*,*,#722,.T.);
#975=ORIENTED_EDGE('',*,*,#719,.T.);
#976=ORIENTED_EDGE('',*,*,#705,.T.);
#977=ORIENTED_EDGE('',*,*,#723,.T.);
#978=ORIENTED_EDGE('',*,*,#727,.T.);
#979=ORIENTED_EDGE('',*,*,#709,.T.);
#980=ORIENTED_EDGE('',*,*,#728,.T.);
#981=ORIENTED_EDGE('',*,*,#721,.T.);
#982=ORIENTED_EDGE('',*,*,#704,.T.);
#983=ORIENTED_EDGE('',*,*,#668,.T.);
#984=ORIENTED_EDGE('',*,*,#660,.T.);
#985=ORIENTED_EDGE('',*,*,#729,.T.);
#986=ORIENTED_EDGE('',*,*,#720,.T.);
#987=ORIENTED_EDGE('',*,*,#730,.T.);
#988=ORIENTED_EDGE('',*,*,#713,.T.);
#989=ORIENTED_EDGE('',*,*,#731,.T.);
#990=ORIENTED_EDGE('',*,*,#665,.F.);
#991=ORIENTED_EDGE('',*,*,#691,.T.);
#992=ORIENTED_EDGE('',*,*,#706,.T.);
#993=ORIENTED_EDGE('',*,*,#718,.T.);
#994=ORIENTED_EDGE('',*,*,#732,.T.);
#995=ORIENTED_EDGE('',*,*,#707,.T.);
#996=ORIENTED_EDGE('',*,*,#686,.T.);
#997=ORIENTED_EDGE('',*,*,#717,.T.);
#998=ORIENTED_EDGE('',*,*,#733,.T.);
#999=ORIENTED_EDGE('',*,*,#734,.T.);
#1000=ORIENTED_EDGE('',*,*,#735,.T.);
#1001=ORIENTED_EDGE('',*,*,#715,.T.);
#1002=ORIENTED_EDGE('',*,*,#685,.T.);
#1003=ORIENTED_EDGE('',*,*,#736,.T.);
#1004=ORIENTED_EDGE('',*,*,#681,.T.);
#1005=ORIENTED_EDGE('',*,*,#714,.T.);
#1006=ORIENTED_EDGE('',*,*,#737,.T.);
#1007=ORIENTED_EDGE('',*,*,#693,.T.);
#1008=ORIENTED_EDGE('',*,*,#738,.T.);
#1009=ORIENTED_EDGE('',*,*,#712,.T.);
#1010=ORIENTED_EDGE('',*,*,#680,.T.);
#1011=ORIENTED_EDGE('',*,*,#732,.F.);
#1012=ORIENTED_EDGE('',*,*,#729,.F.);
#1013=ORIENTED_EDGE('',*,*,#659,.T.);
#1014=ORIENTED_EDGE('',*,*,#662,.T.);
#1015=ORIENTED_EDGE('',*,*,#643,.F.);
#1016=ORIENTED_EDGE('',*,*,#641,.T.);
#1017=ORIENTED_EDGE('',*,*,#627,.F.);
#1018=ORIENTED_EDGE('',*,*,#739,.T.);
#1019=ORIENTED_EDGE('',*,*,#666,.F.);
#1020=ORIENTED_EDGE('',*,*,#731,.F.);
#1021=ORIENTED_EDGE('',*,*,#738,.F.);
#1022=ORIENTED_EDGE('',*,*,#692,.F.);
#1023=ORIENTED_EDGE('',*,*,#740,.F.);
#1024=ORIENTED_EDGE('',*,*,#741,.F.);
#1025=ORIENTED_EDGE('',*,*,#742,.F.);
#1026=ORIENTED_EDGE('',*,*,#743,.F.);
#1027=ORIENTED_EDGE('',*,*,#744,.F.);
#1028=ORIENTED_EDGE('',*,*,#745,.F.);
#1029=ORIENTED_EDGE('',*,*,#746,.T.);
#1030=ORIENTED_EDGE('',*,*,#744,.T.);
#1031=ORIENTED_EDGE('',*,*,#682,.T.);
#1032=ORIENTED_EDGE('',*,*,#736,.F.);
#1033=ORIENTED_EDGE('',*,*,#745,.T.);
#1034=ORIENTED_EDGE('',*,*,#747,.T.);
#1035=ORIENTED_EDGE('',*,*,#742,.T.);
#1036=ORIENTED_EDGE('',*,*,#748,.T.);
#1037=ORIENTED_EDGE('',*,*,#749,.F.);
#1038=ORIENTED_EDGE('',*,*,#750,.F.);
#1039=ORIENTED_EDGE('',*,*,#751,.F.);
#1040=ORIENTED_EDGE('',*,*,#741,.T.);
#1041=ORIENTED_EDGE('',*,*,#752,.T.);
#1042=ORIENTED_EDGE('',*,*,#750,.T.);
#1043=ORIENTED_EDGE('',*,*,#753,.T.);
#1044=ORIENTED_EDGE('',*,*,#754,.T.);
#1045=ORIENTED_EDGE('',*,*,#755,.T.);
#1046=ORIENTED_EDGE('',*,*,#751,.T.);
#1047=ORIENTED_EDGE('',*,*,#756,.T.);
#1048=ORIENTED_EDGE('',*,*,#757,.F.);
#1049=ORIENTED_EDGE('',*,*,#758,.F.);
#1050=ORIENTED_EDGE('',*,*,#759,.F.);
#1051=ORIENTED_EDGE('',*,*,#749,.T.);
#1052=ORIENTED_EDGE('',*,*,#760,.T.);
#1053=ORIENTED_EDGE('',*,*,#758,.T.);
#1054=ORIENTED_EDGE('',*,*,#761,.T.);
#1055=ORIENTED_EDGE('',*,*,#684,.T.);
#1056=ORIENTED_EDGE('',*,*,#759,.T.);
#1057=ORIENTED_EDGE('',*,*,#762,.T.);
#1058=ORIENTED_EDGE('',*,*,#734,.F.);
#1059=ORIENTED_EDGE('',*,*,#743,.T.);
#1060=ORIENTED_EDGE('',*,*,#763,.T.);
#1061=ORIENTED_EDGE('',*,*,#757,.T.);
#1062=ORIENTED_EDGE('',*,*,#683,.T.);
#1063=ORIENTED_EDGE('',*,*,#764,.T.);
#1064=ORIENTED_EDGE('',*,*,#765,.T.);
#1065=ORIENTED_EDGE('',*,*,#740,.T.);
#1066=ORIENTED_EDGE('',*,*,#766,.T.);
#1067=ORIENTED_EDGE('',*,*,#762,.F.);
#1068=ORIENTED_EDGE('',*,*,#760,.F.);
#1069=ORIENTED_EDGE('',*,*,#755,.F.);
#1070=ORIENTED_EDGE('',*,*,#767,.F.);
#1071=ORIENTED_EDGE('',*,*,#756,.F.);
#1072=ORIENTED_EDGE('',*,*,#752,.F.);
#1073=ORIENTED_EDGE('',*,*,#765,.F.);
#1074=ORIENTED_EDGE('',*,*,#768,.F.);
#1075=ORIENTED_EDGE('',*,*,#748,.F.);
#1076=ORIENTED_EDGE('',*,*,#753,.F.);
#1077=ORIENTED_EDGE('',*,*,#761,.F.);
#1078=ORIENTED_EDGE('',*,*,#763,.F.);
#1079=ORIENTED_EDGE('',*,*,#746,.F.);
#1080=ORIENTED_EDGE('',*,*,#769,.F.);
#1081=ORIENTED_EDGE('',*,*,#766,.F.);
#1082=ORIENTED_EDGE('',*,*,#747,.F.);
#1083=ORIENTED_EDGE('',*,*,#676,.F.);
#1084=ORIENTED_EDGE('',*,*,#770,.F.);
#1085=ORIENTED_EDGE('',*,*,#702,.F.);
#1086=ORIENTED_EDGE('',*,*,#688,.F.);
#1087=ORIENTED_EDGE('',*,*,#674,.F.);
#1088=ORIENTED_EDGE('',*,*,#711,.F.);
#1089=ORIENTED_EDGE('',*,*,#700,.F.);
#1090=ORIENTED_EDGE('',*,*,#770,.T.);
#1091=ORIENTED_EDGE('',*,*,#626,.F.);
#1092=ORIENTED_EDGE('',*,*,#636,.F.);
#1093=ORIENTED_EDGE('',*,*,#667,.F.);
#1094=ORIENTED_EDGE('',*,*,#739,.F.);
#1095=ORIENTED_EDGE('',*,*,#771,.T.);
#1096=ORIENTED_EDGE('',*,*,#663,.F.);
#1097=ORIENTED_EDGE('',*,*,#772,.T.);
#1098=ORIENTED_EDGE('',*,*,#771,.F.);
#1099=ORIENTED_EDGE('',*,*,#772,.F.);
#1100=ORIENTED_EDGE('',*,*,#735,.F.);
#1101=ORIENTED_EDGE('',*,*,#767,.T.);
#1102=ORIENTED_EDGE('',*,*,#754,.F.);
#1103=ORIENTED_EDGE('',*,*,#768,.T.);
#1104=ORIENTED_EDGE('',*,*,#764,.F.);
#1105=ORIENTED_EDGE('',*,*,#769,.T.);
#1106=ORIENTED_EDGE('',*,*,#737,.F.);
#1107=ORIENTED_EDGE('',*,*,#730,.F.);
#1108=ORIENTED_EDGE('',*,*,#727,.F.);
#1109=ORIENTED_EDGE('',*,*,#726,.F.);
#1110=ORIENTED_EDGE('',*,*,#725,.F.);
#1111=ORIENTED_EDGE('',*,*,#623,.T.);
#1112=ORIENTED_EDGE('',*,*,#773,.T.);
#1113=ORIENTED_EDGE('',*,*,#617,.F.);
#1114=ORIENTED_EDGE('',*,*,#615,.T.);
#1115=ORIENTED_EDGE('',*,*,#608,.F.);
#1116=ORIENTED_EDGE('',*,*,#774,.T.);
#1117=ORIENTED_EDGE('',*,*,#601,.F.);
#1118=ORIENTED_EDGE('',*,*,#724,.F.);
#1119=ORIENTED_EDGE('',*,*,#728,.F.);
#1120=ORIENTED_EDGE('',*,*,#708,.F.);
#1121=ORIENTED_EDGE('',*,*,#733,.F.);
#1122=ORIENTED_EDGE('',*,*,#775,.F.);
#1123=ORIENTED_EDGE('',*,*,#776,.T.);
#1124=ORIENTED_EDGE('',*,*,#777,.F.);
#1125=ORIENTED_EDGE('',*,*,#776,.F.);
#1126=ORIENTED_EDGE('',*,*,#618,.F.);
#1127=ORIENTED_EDGE('',*,*,#773,.F.);
#1128=ORIENTED_EDGE('',*,*,#622,.F.);
#1129=ORIENTED_EDGE('',*,*,#620,.F.);
#1130=ORIENTED_EDGE('',*,*,#777,.T.);
#1131=ORIENTED_EDGE('',*,*,#602,.F.);
#1132=ORIENTED_EDGE('',*,*,#774,.F.);
#1133=ORIENTED_EDGE('',*,*,#607,.F.);
#1134=ORIENTED_EDGE('',*,*,#605,.F.);
#1135=ORIENTED_EDGE('',*,*,#775,.T.);
#1136=CYLINDRICAL_SURFACE('',#1260,2.);
#1137=CYLINDRICAL_SURFACE('',#1263,2.);
#1138=CYLINDRICAL_SURFACE('',#1265,2.);
#1139=CYLINDRICAL_SURFACE('',#1270,2.);
#1140=CYLINDRICAL_SURFACE('',#1273,2.);
#1141=CYLINDRICAL_SURFACE('',#1275,2.);
#1142=CYLINDRICAL_SURFACE('',#1277,2.);
#1143=CYLINDRICAL_SURFACE('',#1281,2.);
#1144=CYLINDRICAL_SURFACE('',#1288,2.);
#1145=CYLINDRICAL_SURFACE('',#1294,2.);
#1146=CYLINDRICAL_SURFACE('',#1300,2.);
#1147=CYLINDRICAL_SURFACE('',#1304,2.);
#1148=CYLINDRICAL_SURFACE('',#1308,2.);
#1149=CYLINDRICAL_SURFACE('',#1311,2.);
#1150=CYLINDRICAL_SURFACE('',#1313,2.);
#1151=CYLINDRICAL_SURFACE('',#1320,2.);
#1152=CYLINDRICAL_SURFACE('',#1323,2.);
#1153=CYLINDRICAL_SURFACE('',#1325,2.);
#1154=CYLINDRICAL_SURFACE('',#1347,2.);
#1155=CYLINDRICAL_SURFACE('',#1348,2.);
#1156=CYLINDRICAL_SURFACE('',#1349,2.);
#1157=CYLINDRICAL_SURFACE('',#1350,2.);
#1158=CYLINDRICAL_SURFACE('',#1351,2.);
#1159=CYLINDRICAL_SURFACE('',#1352,2.);
#1160=CYLINDRICAL_SURFACE('',#1353,2.);
#1161=CYLINDRICAL_SURFACE('',#1355,2.);
#1162=CYLINDRICAL_SURFACE('',#1357,2.);
#1163=CYLINDRICAL_SURFACE('',#1367,2.);
#1164=CYLINDRICAL_SURFACE('',#1368,2.);
#1165=CYLINDRICAL_SURFACE('',#1373,2.);
#1166=CYLINDRICAL_SURFACE('',#1374,2.);
#1167=CYLINDRICAL_SURFACE('',#1380,2.);
#1168=CYLINDRICAL_SURFACE('',#1381,2.);
#1169=CYLINDRICAL_SURFACE('',#1382,2.);
#1170=CYLINDRICAL_SURFACE('',#1383,2.);
#1171=CYLINDRICAL_SURFACE('',#1393,1.82399649823935);
#1172=CYLINDRICAL_SURFACE('',#1396,1.82399649823935);
#1173=ADVANCED_FACE('',(#93),#1136,.T.);
#1174=ADVANCED_FACE('',(#94),#1137,.T.);
#1175=ADVANCED_FACE('',(#95),#1138,.T.);
#1176=ADVANCED_FACE('',(#96),#65,.T.);
#1177=ADVANCED_FACE('',(#97),#66,.T.);
#1178=ADVANCED_FACE('',(#98),#67,.T.);
#1179=ADVANCED_FACE('',(#99),#1139,.T.);
#1180=ADVANCED_FACE('',(#100),#1140,.T.);
#1181=ADVANCED_FACE('',(#101),#1141,.T.);
#1182=ADVANCED_FACE('',(#102),#1142,.T.);
#1183=ADVANCED_FACE('',(#103),#1143,.T.);
#1184=ADVANCED_FACE('',(#104),#68,.T.);
#1185=ADVANCED_FACE('',(#105),#69,.T.);
#1186=ADVANCED_FACE('',(#106),#1144,.T.);
#1187=ADVANCED_FACE('',(#107),#70,.T.);
#1188=ADVANCED_FACE('',(#108),#71,.T.);
#1189=ADVANCED_FACE('',(#109),#1145,.T.);
#1190=ADVANCED_FACE('',(#110),#72,.T.);
#1191=ADVANCED_FACE('',(#111),#1146,.T.);
#1192=ADVANCED_FACE('',(#112,#23),#73,.F.);
#1193=ADVANCED_FACE('',(#113),#1147,.T.);
#1194=ADVANCED_FACE('',(#114),#74,.T.);
#1195=ADVANCED_FACE('',(#115),#75,.T.);
#1196=ADVANCED_FACE('',(#116),#1148,.T.);
#1197=ADVANCED_FACE('',(#117),#1149,.T.);
#1198=ADVANCED_FACE('',(#118),#1150,.T.);
#1199=ADVANCED_FACE('',(#119),#76,.T.);
#1200=ADVANCED_FACE('',(#120),#77,.T.);
#1201=ADVANCED_FACE('',(#121),#1151,.T.);
#1202=ADVANCED_FACE('',(#122),#1152,.T.);
#1203=ADVANCED_FACE('',(#123),#1153,.T.);
#1204=ADVANCED_FACE('',(#124),#78,.T.);
#1205=ADVANCED_FACE('',(#125),#79,.T.);
#1206=ADVANCED_FACE('',(#126),#80,.F.);
#1207=ADVANCED_FACE('',(#127),#15,.T.);
#1208=ADVANCED_FACE('',(#128),#16,.T.);
#1209=ADVANCED_FACE('',(#129),#17,.T.);
#1210=ADVANCED_FACE('',(#130),#18,.T.);
#1211=ADVANCED_FACE('',(#131),#1154,.T.);
#1212=ADVANCED_FACE('',(#132),#1155,.T.);
#1213=ADVANCED_FACE('',(#133),#1156,.T.);
#1214=ADVANCED_FACE('',(#134),#1157,.T.);
#1215=ADVANCED_FACE('',(#135),#1158,.T.);
#1216=ADVANCED_FACE('',(#136),#1159,.T.);
#1217=ADVANCED_FACE('',(#137),#1160,.T.);
#1218=ADVANCED_FACE('',(#138),#1161,.T.);
#1219=ADVANCED_FACE('',(#139),#1162,.T.);
#1220=ADVANCED_FACE('',(#140),#81,.T.);
#1221=ADVANCED_FACE('',(#141),#19,.T.);
#1222=ADVANCED_FACE('',(#142),#20,.T.);
#1223=ADVANCED_FACE('',(#143),#1163,.T.);
#1224=ADVANCED_FACE('',(#144),#1164,.T.);
#1225=ADVANCED_FACE('',(#145),#21,.T.);
#1226=ADVANCED_FACE('',(#146),#1165,.T.);
#1227=ADVANCED_FACE('',(#147),#1166,.T.);
#1228=ADVANCED_FACE('',(#148),#22,.T.);
#1229=ADVANCED_FACE('',(#149),#1167,.T.);
#1230=ADVANCED_FACE('',(#150),#1168,.T.);
#1231=ADVANCED_FACE('',(#151),#1169,.T.);
#1232=ADVANCED_FACE('',(#152),#1170,.T.);
#1233=ADVANCED_FACE('',(#153),#82,.T.);
#1234=ADVANCED_FACE('',(#154),#83,.T.);
#1235=ADVANCED_FACE('',(#155),#84,.T.);
#1236=ADVANCED_FACE('',(#156),#85,.T.);
#1237=ADVANCED_FACE('',(#157),#86,.F.);
#1238=ADVANCED_FACE('',(#158),#87,.F.);
#1239=ADVANCED_FACE('',(#159,#24),#88,.T.);
#1240=ADVANCED_FACE('',(#160),#1171,.F.);
#1241=ADVANCED_FACE('',(#161),#89,.F.);
#1242=ADVANCED_FACE('',(#162),#90,.T.);
#1243=ADVANCED_FACE('',(#163),#1172,.F.);
#1244=ADVANCED_FACE('',(#164,#25),#91,.T.);
#1245=ADVANCED_FACE('',(#165,#26),#92,.F.);
#1246=CLOSED_SHELL('',(#1173,#1174,#1175,#1176,#1177,#1178,#1179,#1180,
#1181,#1182,#1183,#1184,#1185,#1186,#1187,#1188,#1189,#1190,#1191,#1192,
#1193,#1194,#1195,#1196,#1197,#1198,#1199,#1200,#1201,#1202,#1203,#1204,
#1205,#1206,#1207,#1208,#1209,#1210,#1211,#1212,#1213,#1214,#1215,#1216,
#1217,#1218,#1219,#1220,#1221,#1222,#1223,#1224,#1225,#1226,#1227,#1228,
#1229,#1230,#1231,#1232,#1233,#1234,#1235,#1236,#1237,#1238,#1239,#1240,
#1241,#1242,#1243,#1244,#1245));
#1247=DERIVED_UNIT_ELEMENT(#1249,1.);
#1248=DERIVED_UNIT_ELEMENT(#2194,-3.);
#1249=(
MASS_UNIT()
NAMED_UNIT(*)
SI_UNIT(.KILO.,.GRAM.)
);
#1250=DERIVED_UNIT((#1247,#1248));
#1251=MEASURE_REPRESENTATION_ITEM('density measure',
POSITIVE_RATIO_MEASURE(900.),#1250);
#1252=PROPERTY_DEFINITION_REPRESENTATION(#1257,#1254);
#1253=PROPERTY_DEFINITION_REPRESENTATION(#1258,#1255);
#1254=REPRESENTATION('material name',(#1256),#2191);
#1255=REPRESENTATION('density',(#1251),#2191);
#1256=DESCRIPTIVE_REPRESENTATION_ITEM('\X2\76AE9769FF0C98CE5316\X0\',
'\X2\76AE9769FF0C98CE5316\X0\');
#1257=PROPERTY_DEFINITION('material property','material name',#2201);
#1258=PROPERTY_DEFINITION('material property','density of part',#2201);
#1259=AXIS2_PLACEMENT_3D('',#1792,#1401,#1402);
#1260=AXIS2_PLACEMENT_3D('',#1793,#1403,#1404);
#1261=AXIS2_PLACEMENT_3D('',#1809,#1406,#1407);
#1262=AXIS2_PLACEMENT_3D('',#1812,#1409,#1410);
#1263=AXIS2_PLACEMENT_3D('',#1813,#1411,#1412);
#1264=AXIS2_PLACEMENT_3D('',#1818,#1415,#1416);
#1265=AXIS2_PLACEMENT_3D('',#1819,#1417,#1418);
#1266=AXIS2_PLACEMENT_3D('',#1823,#1420,#1421);
#1267=AXIS2_PLACEMENT_3D('',#1825,#1423,#1424);
#1268=AXIS2_PLACEMENT_3D('',#1831,#1428,#1429);
#1269=AXIS2_PLACEMENT_3D('',#1835,#1432,#1433);
#1270=AXIS2_PLACEMENT_3D('',#1839,#1436,#1437);
#1271=AXIS2_PLACEMENT_3D('',#1841,#1438,#1439);
#1272=AXIS2_PLACEMENT_3D('',#1844,#1441,#1442);
#1273=AXIS2_PLACEMENT_3D('',#1845,#1443,#1444);
#1274=AXIS2_PLACEMENT_3D('',#1848,#1446,#1447);
#1275=AXIS2_PLACEMENT_3D('',#1849,#1448,#1449);
#1276=AXIS2_PLACEMENT_3D('',#1853,#1451,#1452);
#1277=AXIS2_PLACEMENT_3D('',#1864,#1453,#1454);
#1278=AXIS2_PLACEMENT_3D('',#1867,#1455,#1456);
#1279=AXIS2_PLACEMENT_3D('',#1871,#1458,#1459);
#1280=AXIS2_PLACEMENT_3D('',#1874,#1461,#1462);
#1281=AXIS2_PLACEMENT_3D('',#1875,#1463,#1464);
#1282=AXIS2_PLACEMENT_3D('',#1879,#1466,#1467);
#1283=AXIS2_PLACEMENT_3D('',#1883,#1469,#1470);
#1284=AXIS2_PLACEMENT_3D('',#1887,#1472,#1473);
#1285=AXIS2_PLACEMENT_3D('',#1889,#1475,#1476);
#1286=AXIS2_PLACEMENT_3D('',#1893,#1478,#1479);
#1287=AXIS2_PLACEMENT_3D('',#1897,#1482,#1483);
#1288=AXIS2_PLACEMENT_3D('',#1901,#1486,#1487);
#1289=AXIS2_PLACEMENT_3D('',#1903,#1488,#1489);
#1290=AXIS2_PLACEMENT_3D('',#1906,#1491,#1492);
#1291=AXIS2_PLACEMENT_3D('',#1907,#1493,#1494);
#1292=AXIS2_PLACEMENT_3D('',#1913,#1498,#1499);
#1293=AXIS2_PLACEMENT_3D('',#1914,#1500,#1501);
#1294=AXIS2_PLACEMENT_3D('',#1915,#1502,#1503);
#1295=AXIS2_PLACEMENT_3D('',#1919,#1505,#1506);
#1296=AXIS2_PLACEMENT_3D('',#1922,#1508,#1509);
#1297=AXIS2_PLACEMENT_3D('',#1923,#1510,#1511);
#1298=AXIS2_PLACEMENT_3D('',#1926,#1513,#1514);
#1299=AXIS2_PLACEMENT_3D('',#1929,#1516,#1517);
#1300=AXIS2_PLACEMENT_3D('',#1930,#1518,#1519);
#1301=AXIS2_PLACEMENT_3D('',#1934,#1521,#1522);
#1302=AXIS2_PLACEMENT_3D('',#1947,#1524,#1525);
#1303=AXIS2_PLACEMENT_3D('',#1950,#1527,#1528);
#1304=AXIS2_PLACEMENT_3D('',#1951,#1529,#1530);
#1305=AXIS2_PLACEMENT_3D('',#1966,#1532,#1533);
#1306=AXIS2_PLACEMENT_3D('',#1968,#1535,#1536);
#1307=AXIS2_PLACEMENT_3D('',#1970,#1538,#1539);
#1308=AXIS2_PLACEMENT_3D('',#1971,#1540,#1541);
#1309=AXIS2_PLACEMENT_3D('',#1976,#1543,#1544);
#1310=AXIS2_PLACEMENT_3D('',#1979,#1546,#1547);
#1311=AXIS2_PLACEMENT_3D('',#1980,#1548,#1549);
#1312=AXIS2_PLACEMENT_3D('',#1985,#1552,#1553);
#1313=AXIS2_PLACEMENT_3D('',#1986,#1554,#1555);
#1314=AXIS2_PLACEMENT_3D('',#1990,#1557,#1558);
#1315=AXIS2_PLACEMENT_3D('',#1992,#1560,#1561);
#1316=AXIS2_PLACEMENT_3D('',#2010,#1571,#1572);
#1317=AXIS2_PLACEMENT_3D('',#2014,#1574,#1575);
#1318=AXIS2_PLACEMENT_3D('',#2018,#1577,#1578);
#1319=AXIS2_PLACEMENT_3D('',#2021,#1580,#1581);
#1320=AXIS2_PLACEMENT_3D('',#2022,#1582,#1583);
#1321=AXIS2_PLACEMENT_3D('',#2027,#1585,#1586);
#1322=AXIS2_PLACEMENT_3D('',#2030,#1588,#1589);
#1323=AXIS2_PLACEMENT_3D('',#2031,#1590,#1591);
#1324=AXIS2_PLACEMENT_3D('',#2035,#1593,#1594);
#1325=AXIS2_PLACEMENT_3D('',#2037,#1596,#1597);
#1326=AXIS2_PLACEMENT_3D('',#2040,#1600,#1601);
#1327=AXIS2_PLACEMENT_3D('',#2048,#1606,#1607);
#1328=AXIS2_PLACEMENT_3D('',#2050,#1608,#1609);
#1329=AXIS2_PLACEMENT_3D('',#2053,#1611,#1612);
#1330=AXIS2_PLACEMENT_3D('',#2055,#1614,#1615);
#1331=AXIS2_PLACEMENT_3D('',#2057,#1617,#1618);
#1332=AXIS2_PLACEMENT_3D('',#2059,#1619,#1620);
#1333=AXIS2_PLACEMENT_3D('',#2061,#1621,#1622);
#1334=AXIS2_PLACEMENT_3D('',#2062,#1623,#1624);
#1335=AXIS2_PLACEMENT_3D('',#2063,#1625,#1626);
#1336=AXIS2_PLACEMENT_3D('',#2065,#1627,#1628);
#1337=AXIS2_PLACEMENT_3D('',#2067,#1629,#1630);
#1338=AXIS2_PLACEMENT_3D('',#2068,#1631,#1632);
#1339=AXIS2_PLACEMENT_3D('',#2069,#1633,#1634);
#1340=AXIS2_PLACEMENT_3D('',#2071,#1635,#1636);
#1341=AXIS2_PLACEMENT_3D('',#2073,#1637,#1638);
#1342=AXIS2_PLACEMENT_3D('',#2074,#1639,#1640);
#1343=AXIS2_PLACEMENT_3D('',#2075,#1641,#1642);
#1344=AXIS2_PLACEMENT_3D('',#2077,#1643,#1644);
#1345=AXIS2_PLACEMENT_3D('',#2079,#1645,#1646);
#1346=AXIS2_PLACEMENT_3D('',#2080,#1647,#1648);
#1347=AXIS2_PLACEMENT_3D('',#2081,#1649,#1650);
#1348=AXIS2_PLACEMENT_3D('',#2085,#1654,#1655);
#1349=AXIS2_PLACEMENT_3D('',#2087,#1657,#1658);
#1350=AXIS2_PLACEMENT_3D('',#2089,#1660,#1661);
#1351=AXIS2_PLACEMENT_3D('',#2093,#1665,#1666);
#1352=AXIS2_PLACEMENT_3D('',#2095,#1668,#1669);
#1353=AXIS2_PLACEMENT_3D('',#2097,#1671,#1672);
#1354=AXIS2_PLACEMENT_3D('',#2099,#1673,#1674);
#1355=AXIS2_PLACEMENT_3D('',#2101,#1676,#1677);
#1356=AXIS2_PLACEMENT_3D('',#2103,#1678,#1679);
#1357=AXIS2_PLACEMENT_3D('',#2105,#1681,#1682);
#1358=AXIS2_PLACEMENT_3D('',#2107,#1684,#1685);
#1359=AXIS2_PLACEMENT_3D('',#2109,#1687,#1688);
#1360=AXIS2_PLACEMENT_3D('',#2112,#1689,#1690);
#1361=AXIS2_PLACEMENT_3D('',#2114,#1691,#1692);
#1362=AXIS2_PLACEMENT_3D('',#2115,#1693,#1694);
#1363=AXIS2_PLACEMENT_3D('',#2116,#1695,#1696);
#1364=AXIS2_PLACEMENT_3D('',#2118,#1697,#1698);
#1365=AXIS2_PLACEMENT_3D('',#2120,#1699,#1700);
#1366=AXIS2_PLACEMENT_3D('',#2121,#1701,#1702);
#1367=AXIS2_PLACEMENT_3D('',#2122,#1703,#1704);
#1368=AXIS2_PLACEMENT_3D('',#2124,#1706,#1707);
#1369=AXIS2_PLACEMENT_3D('',#2127,#1710,#1711);
#1370=AXIS2_PLACEMENT_3D('',#2130,#1712,#1713);
#1371=AXIS2_PLACEMENT_3D('',#2132,#1714,#1715);
#1372=AXIS2_PLACEMENT_3D('',#2133,#1716,#1717);
#1373=AXIS2_PLACEMENT_3D('',#2134,#1718,#1719);
#1374=AXIS2_PLACEMENT_3D('',#2137,#1722,#1723);
#1375=AXIS2_PLACEMENT_3D('',#2140,#1724,#1725);
#1376=AXIS2_PLACEMENT_3D('',#2143,#1728,#1729);
#1377=AXIS2_PLACEMENT_3D('',#2145,#1730,#1731);
#1378=AXIS2_PLACEMENT_3D('',#2147,#1732,#1733);
#1379=AXIS2_PLACEMENT_3D('',#2148,#1734,#1735);
#1380=AXIS2_PLACEMENT_3D('',#2149,#1736,#1737);
#1381=AXIS2_PLACEMENT_3D('',#2152,#1740,#1741);
#1382=AXIS2_PLACEMENT_3D('',#2154,#1743,#1744);
#1383=AXIS2_PLACEMENT_3D('',#2156,#1746,#1747);
#1384=AXIS2_PLACEMENT_3D('',#2159,#1748,#1749);
#1385=AXIS2_PLACEMENT_3D('',#2162,#1752,#1753);
#1386=AXIS2_PLACEMENT_3D('',#2164,#1755,#1756);
#1387=AXIS2_PLACEMENT_3D('',#2166,#1758,#1759);
#1388=AXIS2_PLACEMENT_3D('',#2167,#1760,#1761);
#1389=AXIS2_PLACEMENT_3D('',#2169,#1763,#1764);
#1390=AXIS2_PLACEMENT_3D('',#2171,#1766,#1767);
#1391=AXIS2_PLACEMENT_3D('',#2172,#1768,#1769);
#1392=AXIS2_PLACEMENT_3D('',#2174,#1770,#1771);
#1393=AXIS2_PLACEMENT_3D('',#2175,#1772,#1773);
#1394=AXIS2_PLACEMENT_3D('',#2177,#1775,#1776);
#1395=AXIS2_PLACEMENT_3D('',#2178,#1777,#1778);
#1396=AXIS2_PLACEMENT_3D('',#2181,#1781,#1782);
#1397=AXIS2_PLACEMENT_3D('',#2183,#1783,#1784);
#1398=AXIS2_PLACEMENT_3D('',#2186,#1786,#1787);
#1399=AXIS2_PLACEMENT_3D('',#2187,#1788,#1789);
#1400=AXIS2_PLACEMENT_3D('',#2188,#1790,#1791);
#1401=DIRECTION('axis',(0.,0.,1.));
#1402=DIRECTION('refdir',(1.,0.,0.));
#1403=DIRECTION('center_axis',(-0.992735634997859,0.,0.12031607957957));
#1404=DIRECTION('ref_axis',(0.0850763157564927,-0.707106781186549,0.701970099432518));
#1405=DIRECTION('',(-0.992735634997859,0.,0.12031607957957));
#1406=DIRECTION('center_axis',(-1.,-1.61991090543847E-25,1.84214783345211E-15));
#1407=DIRECTION('ref_axis',(1.86311773670663E-15,-1.72212181146953E-15,
1.));
#1408=DIRECTION('',(0.992735634997859,0.,-0.12031607957957));
#1409=DIRECTION('center_axis',(-0.571541569396607,0.,0.820573113410172));
#1410=DIRECTION('ref_axis',(0.820573113410172,0.,0.571541569396607));
#1411=DIRECTION('center_axis',(0.231307583263781,0.,0.972880671986379));
#1412=DIRECTION('ref_axis',(0.687930520446894,-0.707106781186548,-0.163559160665689));
#1413=DIRECTION('',(0.231307583263781,0.,0.972880671986379));
#1414=DIRECTION('',(-0.231307583263781,0.,-0.972880671986379));
#1415=DIRECTION('center_axis',(0.705831605376193,-1.56726099959357E-15,
0.708379661517795));
#1416=DIRECTION('ref_axis',(0.708379661517795,-2.55526448251587E-15,-0.705831605376193));
#1417=DIRECTION('center_axis',(0.972040840976181,0.,0.234811846963305));
#1418=DIRECTION('ref_axis',(0.166037049290691,-0.707106781186547,-0.687336670244532));
#1419=DIRECTION('',(-0.972040840976181,0.,-0.234811846963305));
#1420=DIRECTION('center_axis',(-1.,-1.61991090543847E-25,1.84214783345211E-15));
#1421=DIRECTION('ref_axis',(-1.81235536781484E-15,-1.07918212252776E-15,
-1.));
#1422=DIRECTION('',(0.972040840976181,0.,0.234811846963305));
#1423=DIRECTION('center_axis',(0.12031607957957,0.,0.992735634997859));
#1424=DIRECTION('ref_axis',(-0.992735634997859,0.,0.12031607957957));
#1425=DIRECTION('',(0.,-1.,0.));
#1426=DIRECTION('',(0.992735634997859,0.,-0.12031607957957));
#1427=DIRECTION('',(1.6199297991478E-25,-1.,1.025634804237E-15));
#1428=DIRECTION('center_axis',(0.972880671986379,0.,-0.231307583263781));
#1429=DIRECTION('ref_axis',(0.231307583263781,0.,0.972880671986379));
#1430=DIRECTION('',(0.,-1.,0.));
#1431=DIRECTION('',(-0.231307583263781,0.,-0.972880671986379));
#1432=DIRECTION('center_axis',(0.234811846963305,0.,-0.972040840976181));
#1433=DIRECTION('ref_axis',(0.972040840976181,0.,0.234811846963305));
#1434=DIRECTION('',(1.61991090543847E-25,-1.,3.91315113097525E-26));
#1435=DIRECTION('',(-0.972040840976181,0.,-0.234811846963305));
#1436=DIRECTION('center_axis',(0.972040840976181,0.,0.234811846963305));
#1437=DIRECTION('ref_axis',(0.166037049290692,0.707106781186544,-0.687336670244535));
#1438=DIRECTION('center_axis',(-1.,-1.61991090543847E-25,1.84214783345211E-15));
#1439=DIRECTION('ref_axis',(-1.81235536781484E-15,-3.37244413289924E-16,
-1.));
#1440=DIRECTION('',(0.972040840976181,0.,0.234811846963305));
#1441=DIRECTION('center_axis',(-0.705831605376195,0.,-0.708379661517793));
#1442=DIRECTION('ref_axis',(-0.708379661517793,0.,0.705831605376195));
#1443=DIRECTION('center_axis',(0.231307583263781,0.,0.972880671986379));
#1444=DIRECTION('ref_axis',(0.687930520446894,0.707106781186548,-0.163559160665689));
#1445=DIRECTION('',(0.231307583263781,0.,0.972880671986379));
#1446=DIRECTION('center_axis',(0.571541569396607,0.,-0.820573113410172));
#1447=DIRECTION('ref_axis',(-0.820573113410172,0.,-0.571541569396607));
#1448=DIRECTION('center_axis',(0.992735634997859,0.,-0.12031607957957));
#1449=DIRECTION('ref_axis',(0.0850763157564927,0.707106781186549,0.701970099432518));
#1450=DIRECTION('',(-0.992735634997859,0.,0.12031607957957));
#1451=DIRECTION('center_axis',(-1.,-1.61991090543847E-25,1.84214783345211E-15));
#1452=DIRECTION('ref_axis',(1.86311773670663E-15,1.72212181146953E-15,1.));
#1453=DIRECTION('center_axis',(0.972778878341008,0.,-0.231735309898192));
#1454=DIRECTION('ref_axis',(-0.163861609069376,0.707106781186546,-0.687858541469972));
#1455=DIRECTION('center_axis',(0.706951316351557,0.,-0.707262211848478));
#1456=DIRECTION('ref_axis',(-0.707262211848478,-1.18183926035042E-16,-0.706951316351556));
#1457=DIRECTION('',(0.972778878341008,0.,-0.231735309898192));
#1458=DIRECTION('center_axis',(1.,1.61991090543847E-25,-1.84214783345211E-15));
#1459=DIRECTION('ref_axis',(-1.86146120166103E-15,5.4000075430161E-16,-1.));
#1460=DIRECTION('',(-0.972778878341008,0.,0.231735309898192));
#1461=DIRECTION('center_axis',(0.972714788005649,0.,0.232004183572463));
#1462=DIRECTION('ref_axis',(0.232004183572463,6.19277434224522E-17,-0.972714788005649));
#1463=DIRECTION('center_axis',(-0.231307583263781,0.,0.972880671986379));
#1464=DIRECTION('ref_axis',(-0.687930520446889,0.707106781186552,-0.16355916066569));
#1465=DIRECTION('',(-0.232001559818849,-0.00475584135316516,0.972703787498869));
#1466=DIRECTION('center_axis',(-0.629254034871582,0.,0.777199690940388));
#1467=DIRECTION('ref_axis',(-0.777199690940388,-3.75397124908258E-16,-0.629254034871582));
#1468=DIRECTION('',(-0.231307583263781,0.,0.972880671986379));
#1469=DIRECTION('center_axis',(0.,0.,-1.));
#1470=DIRECTION('ref_axis',(-1.,-7.425787340483E-16,0.));
#1471=DIRECTION('',(-0.231998881632776,-0.00676054936882935,0.972692558773517));
#1472=DIRECTION('center_axis',(-0.57258838049723,0.,-0.819843001140804));
#1473=DIRECTION('ref_axis',(-0.819843001140803,1.38465359048488E-16,0.57258838049723));
#1474=DIRECTION('',(0.231307583263781,0.,-0.972880671986379));
#1475=DIRECTION('center_axis',(-0.972714788005649,0.,-0.232004183572463));
#1476=DIRECTION('ref_axis',(0.232004183572463,0.,-0.972714788005649));
#1477=DIRECTION('',(0.,-1.,0.));
#1478=DIRECTION('center_axis',(0.972714788005649,0.,0.232004183572463));
#1479=DIRECTION('ref_axis',(0.232004183572463,-6.19277434224522E-17,-0.972714788005649));
#1480=DIRECTION('',(0.232001559818849,-0.00475584135316516,-0.972703787498869));
#1481=DIRECTION('',(0.,-1.,0.));
#1482=DIRECTION('center_axis',(-0.231735309898192,0.,-0.972778878341008));
#1483=DIRECTION('ref_axis',(0.972778878341008,0.,-0.231735309898192));
#1484=DIRECTION('',(-1.61991090543847E-25,1.,3.85895051832788E-26));
#1485=DIRECTION('',(0.972778878341008,0.,-0.231735309898192));
#1486=DIRECTION('center_axis',(-0.972778878341008,0.,0.231735309898192));
#1487=DIRECTION('ref_axis',(-0.163861609069376,-0.707106781186546,-0.687858541469972));
#1488=DIRECTION('center_axis',(1.,1.61991090543847E-25,-1.84214783345211E-15));
#1489=DIRECTION('ref_axis',(-1.86146120166103E-15,-5.4000075430161E-16,
-1.));
#1490=DIRECTION('',(-0.972778878341008,0.,0.231735309898192));
#1491=DIRECTION('center_axis',(0.706951316351553,0.,-0.707262211848482));
#1492=DIRECTION('ref_axis',(-0.707262211848482,1.18183926035041E-16,-0.706951316351553));
#1493=DIRECTION('center_axis',(-0.972880671986379,0.,-0.231307583263781));
#1494=DIRECTION('ref_axis',(0.231307583263781,0.,-0.972880671986379));
#1495=DIRECTION('',(0.,-1.,0.));
#1496=DIRECTION('',(0.231307583263781,0.,-0.972880671986379));
#1497=DIRECTION('',(0.,-1.,0.));
#1498=DIRECTION('center_axis',(0.629254034871582,0.,-0.777199690940388));
#1499=DIRECTION('ref_axis',(0.777199690940388,0.,0.629254034871582));
#1500=DIRECTION('center_axis',(-0.629254034871582,0.,0.777199690940388));
#1501=DIRECTION('ref_axis',(-0.777199690940388,3.75397124908258E-16,-0.629254034871582));
#1502=DIRECTION('center_axis',(0.231307583263781,0.,-0.972880671986379));
#1503=DIRECTION('ref_axis',(-0.687930520446889,-0.707106781186552,-0.16355916066569));
#1504=DIRECTION('',(-0.231307583263781,0.,0.972880671986379));
#1505=DIRECTION('center_axis',(-0.57258838049723,0.,-0.819843001140804));
#1506=DIRECTION('ref_axis',(-0.819843001140803,-1.38465359048488E-16,0.57258838049723));
#1507=DIRECTION('',(0.231998881632776,-0.00676054936882935,-0.972692558773517));
#1508=DIRECTION('center_axis',(0.,0.,-1.));
#1509=DIRECTION('ref_axis',(-1.,7.425787340483E-16,0.));
#1510=DIRECTION('center_axis',(-0.972714788005649,0.,-0.232004183572463));
#1511=DIRECTION('ref_axis',(0.232004183572463,0.,-0.972714788005649));
#1512=DIRECTION('',(0.,1.,0.));
#1513=DIRECTION('center_axis',(0.972714788005649,0.,0.232004183572463));
#1514=DIRECTION('ref_axis',(-0.232004183572463,-1.79197085207881E-15,0.972714788005649));
#1515=DIRECTION('',(0.,-1.,0.));
#1516=DIRECTION('center_axis',(0.972714788005649,0.,0.232004183572463));
#1517=DIRECTION('ref_axis',(-0.232004183572463,3.72178561585599E-15,0.972714788005649));
#1518=DIRECTION('center_axis',(-0.993039513361913,0.,-0.117781683219147));
#1519=DIRECTION('ref_axis',(-0.0832842269038215,-0.707106781186549,0.702184973884397));
#1520=DIRECTION('',(0.993039513361913,0.,0.117781683219147));
#1521=DIRECTION('center_axis',(1.,1.61991090543847E-25,-1.84214783345211E-15));
#1522=DIRECTION('ref_axis',(1.85150707318665E-15,-1.79155491465755E-15,
1.));
#1523=DIRECTION('',(-0.993039513361913,0.,-0.117781683219147));
#1524=DIRECTION('center_axis',(0.,1.,0.));
#1525=DIRECTION('ref_axis',(1.,0.,0.));
#1526=DIRECTION('',(-1.84214783345211E-15,0.,-1.));
#1527=DIRECTION('center_axis',(0.,1.,0.));
#1528=DIRECTION('ref_axis',(1.,0.,0.));
#1529=DIRECTION('center_axis',(-0.993039513361913,0.,-0.117781683219147));
#1530=DIRECTION('ref_axis',(-0.0832842269038212,0.707106781186546,0.7021849738844));
#1531=DIRECTION('',(0.993039513361913,0.,0.117781683219147));
#1532=DIRECTION('center_axis',(1.,1.61991090543847E-25,-1.84214783345211E-15));
#1533=DIRECTION('ref_axis',(1.85150707318665E-15,-2.61842641373027E-15,
1.));
#1534=DIRECTION('',(-0.993039513361913,0.,-0.117781683219147));
#1535=DIRECTION('center_axis',(-0.117781683219147,0.,0.993039513361913));
#1536=DIRECTION('ref_axis',(-0.993039513361913,0.,-0.117781683219147));
#1537=DIRECTION('',(-1.6199297991478E-25,1.,-1.025634804237E-15));
#1538=DIRECTION('center_axis',(0.,0.,1.));
#1539=DIRECTION('ref_axis',(-1.,0.,0.));
#1540=DIRECTION('center_axis',(0.,1.02592831349621E-15,1.));
#1541=DIRECTION('ref_axis',(-0.707106781186547,0.707106781186548,0.));
#1542=DIRECTION('',(0.,-1.02592831349621E-15,-1.));
#1543=DIRECTION('center_axis',(1.84214783345211E-15,1.02592831349621E-15,
1.));
#1544=DIRECTION('ref_axis',(-0.707106781186547,0.707106781186548,0.));
#1545=DIRECTION('',(0.,1.02592831349621E-15,1.));
#1546=DIRECTION('center_axis',(0.707106781186548,0.,-0.707106781186548));
#1547=DIRECTION('ref_axis',(-0.707106781186548,-1.4508817349689E-15,-0.707106781186548));
#1548=DIRECTION('center_axis',(-1.,-1.61992980456269E-25,0.));
#1549=DIRECTION('ref_axis',(0.,0.707106781186546,-0.707106781186549));
#1550=DIRECTION('',(1.,1.61992980456269E-25,0.));
#1551=DIRECTION('',(-1.,-1.61992980456269E-25,0.));
#1552=DIRECTION('center_axis',(0.707106781186548,0.,0.707106781186548));
#1553=DIRECTION('ref_axis',(0.707106781186548,2.29092669970495E-25,-0.707106781186548));
#1554=DIRECTION('center_axis',(0.,-1.02592831349621E-15,-1.));
#1555=DIRECTION('ref_axis',(0.707106781186549,0.707106781186546,0.));
#1556=DIRECTION('',(0.,-1.02592831349621E-15,-1.));
#1557=DIRECTION('center_axis',(1.84214783345211E-15,1.02592831349621E-15,
1.));
#1558=DIRECTION('ref_axis',(0.707106781186549,0.707106781186546,0.));
#1559=DIRECTION('',(0.,1.02592831349621E-15,1.));
#1560=DIRECTION('center_axis',(-1.61992980456269E-25,1.,-1.02592831349621E-15));
#1561=DIRECTION('ref_axis',(1.,1.61991087743266E-25,-1.84487841670133E-15));
#1562=DIRECTION('',(1.,1.61991087743266E-25,-1.84487841670133E-15));
#1563=DIRECTION('',(-1.84214783345211E-15,-1.02592831349621E-15,-1.));
#1564=DIRECTION('',(-1.,-1.61991087743266E-25,1.84487841670133E-15));
#1565=DIRECTION('',(0.,-1.02592831349621E-15,-1.));
#1566=DIRECTION('',(-1.,-1.61992980456269E-25,0.));
#1567=DIRECTION('',(0.,1.02592831349621E-15,1.));
#1568=DIRECTION('',(-1.,-1.61991087743266E-25,1.84487841670133E-15));
#1569=DIRECTION('',(1.84214783345211E-15,1.02592831349621E-15,1.));
#1570=DIRECTION('',(1.,1.61991087743266E-25,-1.84487841670133E-15));
#1571=DIRECTION('center_axis',(-1.84214783345211E-15,-1.02592831349621E-15,
-1.));
#1572=DIRECTION('ref_axis',(-1.,0.,1.84214783345211E-15));
#1573=DIRECTION('',(0.,-1.,1.02592831349621E-15));
#1574=DIRECTION('center_axis',(1.84214783345211E-15,1.02592831349621E-15,
1.));
#1575=DIRECTION('ref_axis',(0.707106781186551,-0.707106781186544,0.));
#1576=DIRECTION('',(-1.,-1.61991087743266E-25,1.84487841670133E-15));
#1577=DIRECTION('center_axis',(1.84214783345211E-15,1.02592831349621E-15,
1.));
#1578=DIRECTION('ref_axis',(-0.707106781186551,-0.707106781186544,0.));
#1579=DIRECTION('',(-1.6199297991478E-25,1.,-1.025634804237E-15));
#1580=DIRECTION('center_axis',(1.84214783345211E-15,1.02592831349621E-15,
1.));
#1581=DIRECTION('ref_axis',(-0.707106781186546,0.707106781186549,0.));
#1582=DIRECTION('center_axis',(0.,-1.02592831349621E-15,-1.));
#1583=DIRECTION('ref_axis',(-0.707106781186549,-0.707106781186546,0.));
#1584=DIRECTION('',(0.,-1.02592831349621E-15,-1.));
#1585=DIRECTION('center_axis',(1.84214783345211E-15,1.02592831349621E-15,
1.));
#1586=DIRECTION('ref_axis',(-0.707106781186549,-0.707106781186546,0.));
#1587=DIRECTION('',(0.,1.02592831349621E-15,1.));
#1588=DIRECTION('center_axis',(0.707106781186548,5.88784672006415E-16,-0.707106781186547));
#1589=DIRECTION('ref_axis',(0.707106781186547,2.03966640697531E-15,0.707106781186548));
#1590=DIRECTION('center_axis',(1.,1.61992980456269E-25,0.));
#1591=DIRECTION('ref_axis',(0.,-0.707106781186548,-0.707106781186548));
#1592=DIRECTION('',(-1.,-1.61992980456269E-25,0.));
#1593=DIRECTION('center_axis',(0.707106781186548,0.,0.707106781186548));
#1594=DIRECTION('ref_axis',(-0.707106781186548,-2.29092669970495E-25,0.707106781186548));
#1595=DIRECTION('',(1.,1.61992980456269E-25,0.));
#1596=DIRECTION('center_axis',(0.,1.02592831349621E-15,1.));
#1597=DIRECTION('ref_axis',(0.707106781186551,-0.707106781186544,0.));
#1598=DIRECTION('',(0.,-1.02592831349621E-15,-1.));
#1599=DIRECTION('',(0.,1.02592831349621E-15,1.));
#1600=DIRECTION('center_axis',(1.61992980456269E-25,-1.,1.02592831349621E-15));
#1601=DIRECTION('ref_axis',(-1.,-1.61991087743266E-25,1.84487841670133E-15));
#1602=DIRECTION('',(-1.,-1.61991087743266E-25,1.84487841670133E-15));
#1603=DIRECTION('',(-1.84214783345211E-15,-1.02592831349621E-15,-1.));
#1604=DIRECTION('',(1.,1.61991087743266E-25,-1.84487841670133E-15));
#1605=DIRECTION('',(1.84214783345211E-15,1.02592831349621E-15,1.));
#1606=DIRECTION('center_axis',(-1.84214783345211E-15,-1.02592831349621E-15,
-1.));
#1607=DIRECTION('ref_axis',(-1.,0.,1.84214783345211E-15));
#1608=DIRECTION('center_axis',(1.84214783345211E-15,1.02592831349621E-15,
1.));
#1609=DIRECTION('ref_axis',(0.707106781186548,0.707106781186547,0.));
#1610=DIRECTION('',(1.6199297991478E-25,-1.,1.025634804237E-15));
#1611=DIRECTION('center_axis',(1.84214783345211E-15,1.02592831349621E-15,
1.));
#1612=DIRECTION('ref_axis',(0.707106781186549,-0.707106781186546,0.));
#1613=DIRECTION('',(0.,1.,-1.02592831349621E-15));
#1614=DIRECTION('center_axis',(1.,0.,0.));
#1615=DIRECTION('ref_axis',(0.,0.,-1.));
#1616=DIRECTION('',(0.,1.,0.));
#1617=DIRECTION('center_axis',(-0.40824829046386,-0.816496580927727,0.408248290463864));
#1618=DIRECTION('ref_axis',(-0.577350269189623,0.577350269189628,0.577350269189627));
#1619=DIRECTION('center_axis',(0.,0.,1.));
#1620=DIRECTION('ref_axis',(-1.,0.,0.));
#1621=DIRECTION('center_axis',(0.,1.,0.));
#1622=DIRECTION('ref_axis',(0.,0.,1.));
#1623=DIRECTION('center_axis',(-1.,0.,0.));
#1624=DIRECTION('ref_axis',(0.,1.,0.));
#1625=DIRECTION('center_axis',(0.408248290463863,0.408248290463863,-0.816496580927726));
#1626=DIRECTION('ref_axis',(0.577350269189626,0.577350269189625,0.577350269189626));
#1627=DIRECTION('center_axis',(1.,0.,0.));
#1628=DIRECTION('ref_axis',(0.,9.71445146547011E-16,1.));
#1629=DIRECTION('center_axis',(0.,1.,-5.55111512312578E-16));
#1630=DIRECTION('ref_axis',(1.,0.,0.));
#1631=DIRECTION('center_axis',(0.,0.,1.));
#1632=DIRECTION('ref_axis',(0.,1.,0.));
#1633=DIRECTION('center_axis',(0.408248290463859,-0.816496580927726,-0.408248290463867));
#1634=DIRECTION('ref_axis',(-0.577350269189621,-0.577350269189628,0.577350269189628));
#1635=DIRECTION('center_axis',(0.,0.,1.));
#1636=DIRECTION('ref_axis',(0.,-1.,0.));
#1637=DIRECTION('center_axis',(-1.,-4.44089209850062E-15,0.));
#1638=DIRECTION('ref_axis',(0.,0.,1.));
#1639=DIRECTION('center_axis',(0.,-1.,0.));
#1640=DIRECTION('ref_axis',(-1.,0.,0.));
#1641=DIRECTION('center_axis',(0.408248290463864,-0.408248290463863,-0.816496580927726));
#1642=DIRECTION('ref_axis',(0.577350269189627,-0.577350269189625,0.577350269189625));
#1643=DIRECTION('center_axis',(0.,0.,1.));
#1644=DIRECTION('ref_axis',(1.,0.,0.));
#1645=DIRECTION('center_axis',(0.,-1.,0.));
#1646=DIRECTION('ref_axis',(1.80411241501588E-15,0.,1.));
#1647=DIRECTION('center_axis',(1.,0.,-2.22044604925031E-15));
#1648=DIRECTION('ref_axis',(0.,-1.,0.));
#1649=DIRECTION('center_axis',(1.6199297991478E-25,-1.,1.025634804237E-15));
#1650=DIRECTION('ref_axis',(0.70710678118655,1.57009245868378E-15,0.707106781186545));
#1651=DIRECTION('',(-1.6199297991478E-25,1.,-1.025634804237E-15));
#1652=DIRECTION('',(1.6199297991478E-25,-1.,1.025634804237E-15));
#1653=DIRECTION('',(1.6199297991478E-25,-1.,1.025634804237E-15));
#1654=DIRECTION('center_axis',(-1.,-1.61991087743266E-25,1.84487841670133E-15));
#1655=DIRECTION('ref_axis',(1.57009245868377E-15,-0.707106781186544,0.707106781186551));
#1656=DIRECTION('',(-1.,-1.61991087743266E-25,1.84487841670133E-15));
#1657=DIRECTION('center_axis',(-1.84214783345211E-15,-1.02592831349621E-15,
-1.));
#1658=DIRECTION('ref_axis',(0.707106781186549,-0.707106781186546,0.));
#1659=DIRECTION('',(1.84214783345211E-15,1.02592831349621E-15,1.));
#1660=DIRECTION('center_axis',(-1.6199297991478E-25,1.,-1.025634804237E-15));
#1661=DIRECTION('ref_axis',(-0.707106781186548,0.,0.707106781186548));
#1662=DIRECTION('',(-1.6199297991478E-25,1.,-1.025634804237E-15));
#1663=DIRECTION('',(-1.6199297991478E-25,1.,-1.025634804237E-15));
#1664=DIRECTION('',(1.6199297991478E-25,-1.,1.025634804237E-15));
#1665=DIRECTION('center_axis',(-1.84214783345211E-15,-1.02592831349621E-15,
-1.));
#1666=DIRECTION('ref_axis',(-0.707106781186551,-0.707106781186544,0.));
#1667=DIRECTION('',(-1.84214783345211E-15,-1.02592831349621E-15,-1.));
#1668=DIRECTION('center_axis',(-1.84214783345211E-15,-1.02592831349621E-15,
-1.));
#1669=DIRECTION('ref_axis',(0.707106781186548,0.707106781186547,0.));
#1670=DIRECTION('',(-1.84214783345211E-15,-1.02592831349621E-15,-1.));
#1671=DIRECTION('center_axis',(1.,1.61991087743266E-25,-1.84487841670133E-15));
#1672=DIRECTION('ref_axis',(0.,0.707106781186546,0.707106781186549));
#1673=DIRECTION('center_axis',(-0.707106781186548,0.,0.707106781186548));
#1674=DIRECTION('ref_axis',(0.707106781186547,-4.90653893338681E-17,0.707106781186548));
#1675=DIRECTION('',(1.,1.61991087743266E-25,-1.84487841670133E-15));
#1676=DIRECTION('center_axis',(1.,1.61991087743266E-25,-1.84487841670133E-15));
#1677=DIRECTION('ref_axis',(0.,0.707106781186546,0.707106781186549));
#1678=DIRECTION('center_axis',(0.707106781186549,0.,0.707106781186546));
#1679=DIRECTION('ref_axis',(-0.707106781186546,9.8130778667736E-17,0.707106781186549));
#1680=DIRECTION('',(1.,1.61991087743266E-25,-1.84487841670133E-15));
#1681=DIRECTION('center_axis',(-1.84214783345211E-15,-1.02592831349621E-15,
-1.));
#1682=DIRECTION('ref_axis',(-0.707106781186546,0.707106781186549,0.));
#1683=DIRECTION('',(1.84214783345211E-15,1.02592831349621E-15,1.));
#1684=DIRECTION('center_axis',(-1.,-1.61991090543847E-25,1.84214783345211E-15));
#1685=DIRECTION('ref_axis',(-1.6199297991478E-25,1.,-1.025634804237E-15));
#1686=DIRECTION('',(1.84214783345211E-15,0.,1.));
#1687=DIRECTION('center_axis',(-0.816496580927726,0.408248290463863,-0.408248290463863));
#1688=DIRECTION('ref_axis',(-0.577350269189626,-0.577350269189626,0.577350269189626));
#1689=DIRECTION('center_axis',(0.,0.,1.));
#1690=DIRECTION('ref_axis',(0.,-1.,0.));
#1691=DIRECTION('center_axis',(-1.,0.,0.));
#1692=DIRECTION('ref_axis',(0.,0.,1.));
#1693=DIRECTION('center_axis',(0.,-1.,1.11022302462516E-15));
#1694=DIRECTION('ref_axis',(-1.,0.,0.));
#1695=DIRECTION('center_axis',(-0.408248290463865,0.408248290463861,-0.816496580927726));
#1696=DIRECTION('ref_axis',(-0.577350269189628,0.577350269189625,0.577350269189625));
#1697=DIRECTION('center_axis',(-1.,0.,-2.22044604925031E-15));
#1698=DIRECTION('ref_axis',(0.,1.,0.));
#1699=DIRECTION('center_axis',(0.,0.,1.));
#1700=DIRECTION('ref_axis',(-1.,0.,0.));
#1701=DIRECTION('center_axis',(0.,1.,0.));
#1702=DIRECTION('ref_axis',(0.,0.,1.));
#1703=DIRECTION('center_axis',(0.,-1.02592831349621E-15,-1.));
#1704=DIRECTION('ref_axis',(-0.707106781186548,0.707106781186547,0.));
#1705=DIRECTION('',(0.,1.02592831349621E-15,1.));
#1706=DIRECTION('center_axis',(0.,1.,0.));
#1707=DIRECTION('ref_axis',(-0.707106781186548,0.,0.707106781186548));
#1708=DIRECTION('',(0.,-1.,0.));
#1709=DIRECTION('',(0.,1.,0.));
#1710=DIRECTION('center_axis',(-0.816496580927726,-0.408248290463863,0.408248290463863));
#1711=DIRECTION('ref_axis',(0.577350269189626,-0.577350269189626,0.577350269189626));
#1712=DIRECTION('center_axis',(-1.11022302462516E-15,-1.,0.));
#1713=DIRECTION('ref_axis',(0.,0.,1.));
#1714=DIRECTION('center_axis',(1.,0.,0.));
#1715=DIRECTION('ref_axis',(0.,-1.,0.));
#1716=DIRECTION('center_axis',(0.,0.,1.));
#1717=DIRECTION('ref_axis',(1.,0.,0.));
#1718=DIRECTION('center_axis',(-1.,0.,0.));
#1719=DIRECTION('ref_axis',(0.,-0.707106781186548,0.707106781186548));
#1720=DIRECTION('',(1.,0.,0.));
#1721=DIRECTION('',(-1.,0.,0.));
#1722=DIRECTION('center_axis',(0.,0.,-1.));
#1723=DIRECTION('ref_axis',(0.707106781186548,-0.707106781186547,0.));
#1724=DIRECTION('center_axis',(-1.84487841670133E-15,-1.025634804237E-15,
-1.));
#1725=DIRECTION('ref_axis',(0.707106781186548,-0.707106781186547,0.));
#1726=DIRECTION('',(0.,0.,1.));
#1727=DIRECTION('',(0.,0.,-1.));
#1728=DIRECTION('center_axis',(0.408248290463863,-0.816496580927726,0.408248290463863));
#1729=DIRECTION('ref_axis',(0.577350269189626,0.577350269189626,0.577350269189626));
#1730=DIRECTION('center_axis',(1.,2.22044604925031E-15,0.));
#1731=DIRECTION('ref_axis',(0.,0.,1.));
#1732=DIRECTION('center_axis',(0.,1.,0.));
#1733=DIRECTION('ref_axis',(1.,0.,0.));
#1734=DIRECTION('center_axis',(0.,0.,1.));
#1735=DIRECTION('ref_axis',(0.,1.,0.));
#1736=DIRECTION('center_axis',(0.,-1.,0.));
#1737=DIRECTION('ref_axis',(0.707106781186548,0.,0.707106781186548));
#1738=DIRECTION('',(0.,1.,0.));
#1739=DIRECTION('',(0.,-1.,0.));
#1740=DIRECTION('center_axis',(0.,1.02592831349621E-15,1.));
#1741=DIRECTION('ref_axis',(0.707106781186548,0.707106781186547,0.));
#1742=DIRECTION('',(0.,-1.02592831349621E-15,-1.));
#1743=DIRECTION('center_axis',(-1.,-1.61992980456269E-25,0.));
#1744=DIRECTION('ref_axis',(0.,0.707106781186547,0.707106781186548));
#1745=DIRECTION('',(1.,1.61992980456269E-25,0.));
#1746=DIRECTION('center_axis',(0.,0.,1.));
#1747=DIRECTION('ref_axis',(-0.707106781186548,-0.707106781186547,0.));
#1748=DIRECTION('center_axis',(-1.84487841670133E-15,-1.025634804237E-15,
-1.));
#1749=DIRECTION('ref_axis',(-0.707106781186548,-0.707106781186547,0.));
#1750=DIRECTION('',(0.,0.,1.));
#1751=DIRECTION('',(0.,0.,-1.));
#1752=DIRECTION('center_axis',(1.,0.,0.));
#1753=DIRECTION('ref_axis',(0.,0.,-1.));
#1754=DIRECTION('',(0.,-1.,1.025634804237E-15));
#1755=DIRECTION('center_axis',(0.,-1.,0.));
#1756=DIRECTION('ref_axis',(0.,0.,-1.));
#1757=DIRECTION('',(-1.,0.,1.84487841670133E-15));
#1758=DIRECTION('center_axis',(0.,0.,1.));
#1759=DIRECTION('ref_axis',(0.,-1.,0.));
#1760=DIRECTION('center_axis',(-1.,0.,0.));
#1761=DIRECTION('ref_axis',(0.,0.,1.));
#1762=DIRECTION('',(0.,1.,-1.025634804237E-15));
#1763=DIRECTION('center_axis',(-1.,0.,0.));
#1764=DIRECTION('ref_axis',(0.,2.66583064271297E-41,1.));
#1765=DIRECTION('',(0.,1.,0.));
#1766=DIRECTION('center_axis',(0.,0.,1.));
#1767=DIRECTION('ref_axis',(1.,0.,0.));
#1768=DIRECTION('center_axis',(0.,1.,0.));
#1769=DIRECTION('ref_axis',(1.,0.,0.));
#1770=DIRECTION('center_axis',(0.,-1.,0.));
#1771=DIRECTION('ref_axis',(1.,0.,0.));
#1772=DIRECTION('center_axis',(0.,-1.,0.));
#1773=DIRECTION('ref_axis',(1.,0.,0.));
#1774=DIRECTION('',(0.,1.,0.));
#1775=DIRECTION('center_axis',(-1.84487841670133E-15,-1.025634804237E-15,
-1.));
#1776=DIRECTION('ref_axis',(1.,1.61991087743266E-25,-1.84487841670133E-15));
#1777=DIRECTION('center_axis',(1.,1.61991090543847E-25,-1.84214783345211E-15));
#1778=DIRECTION('ref_axis',(1.6199297991478E-25,-1.,1.025634804237E-15));
#1779=DIRECTION('',(-1.84214783345211E-15,0.,-1.));
#1780=DIRECTION('',(1.84214783345211E-15,0.,1.));
#1781=DIRECTION('center_axis',(0.,-1.,0.));
#1782=DIRECTION('ref_axis',(1.,0.,0.));
#1783=DIRECTION('center_axis',(0.,1.,0.));
#1784=DIRECTION('ref_axis',(1.,0.,0.));
#1785=DIRECTION('',(0.,1.,0.));
#1786=DIRECTION('center_axis',(0.,-1.,0.));
#1787=DIRECTION('ref_axis',(1.,0.,0.));
#1788=DIRECTION('center_axis',(0.,1.,0.));
#1789=DIRECTION('ref_axis',(1.,0.,0.));
#1790=DIRECTION('center_axis',(0.,1.,0.));
#1791=DIRECTION('ref_axis',(1.,0.,0.));
#1792=CARTESIAN_POINT('',(0.,0.,0.));
#1793=CARTESIAN_POINT('Origin',(31.0118807026841,-28.1,-52.2883810062131));
#1794=CARTESIAN_POINT('',(33.5431016040982,-28.1,-50.5805210636256));
#1795=CARTESIAN_POINT('',(4.24913652572533,-28.1,-47.0301951668643));
#1796=CARTESIAN_POINT('',(31.2525128618433,-28.1,-50.3029097362174));
#1797=CARTESIAN_POINT('',(4.49999999999999,-29.7913331844349,-48.));
#1798=CARTESIAN_POINT('Ctrl Pts',(4.49999999999999,-29.7913331844349,-48.0000000000001));
#1799=CARTESIAN_POINT('Ctrl Pts',(4.49999999999999,-29.7257465922064,-47.8953175133283));
#1800=CARTESIAN_POINT('Ctrl Pts',(4.49154571051538,-29.6486401047793,-47.7931321332099));
#1801=CARTESIAN_POINT('Ctrl Pts',(4.45573935102825,-29.4350228642059,-47.5578534880355));
#1802=CARTESIAN_POINT('Ctrl Pts',(4.42121990547033,-29.2874499917729,-47.4352760681001));
#1803=CARTESIAN_POINT('Ctrl Pts',(4.35571291881678,-28.9943814127088,-47.2476134820604));
#1804=CARTESIAN_POINT('Ctrl Pts',(4.31876322469744,-28.8239224161386,-47.1658592322942));
#1805=CARTESIAN_POINT('Ctrl Pts',(4.26478043198237,-28.464863675874,-47.0570040648282));
#1806=CARTESIAN_POINT('Ctrl Pts',(4.24913652572534,-28.2759680066062,-47.0301951668643));
#1807=CARTESIAN_POINT('Ctrl Pts',(4.24913652572534,-28.1,-47.0301951668643));
#1808=CARTESIAN_POINT('',(4.49999999999999,-30.1,-49.0752339850173));
#1809=CARTESIAN_POINT('Origin',(4.49999999999999,-28.1,-49.0752339850173));
#1810=CARTESIAN_POINT('',(31.079353944815,-30.1,-52.2965585266763));
#1811=CARTESIAN_POINT('',(31.0118807026841,-30.1,-52.2883810062131));
#1812=CARTESIAN_POINT('Origin',(31.079353944815,-28.1,-52.2965585266763));
#1813=CARTESIAN_POINT('Origin',(28.7945494027212,-28.1,-61.9064560791263));
#1814=CARTESIAN_POINT('',(29.9403526400687,-28.1,-65.7336984202285));
#1815=CARTESIAN_POINT('',(30.740310746694,-28.1,-62.3690712456539));
#1816=CARTESIAN_POINT('',(28.2783344128184,-30.1,-64.0776585065598));
#1817=CARTESIAN_POINT('',(28.7945494027212,-30.1,-61.9064560791263));
#1818=CARTESIAN_POINT('Origin',(28.2783344128184,-28.1,-64.0776585065598));
#1819=CARTESIAN_POINT('Origin',(16.4373740511151,-28.1,-66.9380298563465));
#1820=CARTESIAN_POINT('',(4.49999999999995,-30.1,-69.8216914584858));
#1821=CARTESIAN_POINT('',(16.4373740511151,-30.1,-66.9380298563465));
#1822=CARTESIAN_POINT('',(4.49999999999995,-28.1,-71.8792181751528));
#1823=CARTESIAN_POINT('Origin',(4.49999999999995,-28.1,-69.8216914584858));
#1824=CARTESIAN_POINT('',(16.9069977450417,-28.1,-68.8821115382989));
#1825=CARTESIAN_POINT('Origin',(33.5431016040982,-25.1,-50.5805210636256));
#1826=CARTESIAN_POINT('',(33.5431016040982,-27.1,-50.5805210636256));
#1827=CARTESIAN_POINT('',(33.5431016040982,-25.1,-50.5805210636256));
#1828=CARTESIAN_POINT('',(4.24913652572533,-27.1,-47.0301951668643));
#1829=CARTESIAN_POINT('',(31.2525128618433,-27.1,-50.3029097362174));
#1830=CARTESIAN_POINT('',(4.24913652572533,-13.1493590053422,-47.0301951668643));
#1831=CARTESIAN_POINT('Origin',(29.9403526400687,-25.1,-65.7336984202285));
#1832=CARTESIAN_POINT('',(29.9403526400687,-27.1,-65.7336984202285));
#1833=CARTESIAN_POINT('',(29.9403526400687,-25.1,-65.7336984202285));
#1834=CARTESIAN_POINT('',(30.740310746694,-27.1,-62.3690712456539));
#1835=CARTESIAN_POINT('Origin',(4.00000005960464,-25.1,-72.0000010728836));
#1836=CARTESIAN_POINT('',(4.49999999999995,-27.1,-71.8792181751528));
#1837=CARTESIAN_POINT('',(4.49999999999995,-13.808606615647,-71.8792181751528));
#1838=CARTESIAN_POINT('',(16.9069977450417,-27.1,-68.8821115382989));
#1839=CARTESIAN_POINT('Origin',(16.4373740511151,-27.1,-66.9380298563465));
#1840=CARTESIAN_POINT('',(4.49999999999995,-25.1,-69.8216914584858));
#1841=CARTESIAN_POINT('Origin',(4.49999999999995,-27.1,-69.8216914584858));
#1842=CARTESIAN_POINT('',(28.2783344128184,-25.1,-64.0776585065598));
#1843=CARTESIAN_POINT('',(16.4373740511151,-25.1,-66.9380298563465));
#1844=CARTESIAN_POINT('Origin',(28.2783344128184,-27.1,-64.0776585065598));
#1845=CARTESIAN_POINT('Origin',(28.7945494027212,-27.1,-61.9064560791263));
#1846=CARTESIAN_POINT('',(31.079353944815,-25.1,-52.2965585266763));
#1847=CARTESIAN_POINT('',(28.7945494027212,-25.1,-61.9064560791263));
#1848=CARTESIAN_POINT('Origin',(31.079353944815,-27.1,-52.2965585266763));
#1849=CARTESIAN_POINT('Origin',(31.0118807026841,-27.1,-52.2883810062131));
#1850=CARTESIAN_POINT('',(4.49999999999999,-25.1,-49.0752339850173));
#1851=CARTESIAN_POINT('',(31.0118807026841,-25.1,-52.2883810062131));
#1852=CARTESIAN_POINT('',(4.49999999999999,-25.4086668155651,-48.));
#1853=CARTESIAN_POINT('Origin',(4.49999999999999,-27.1,-49.0752339850173));
#1854=CARTESIAN_POINT('Ctrl Pts',(4.24913652572534,-27.1,-47.0301951668643));
#1855=CARTESIAN_POINT('Ctrl Pts',(4.24913652572534,-26.9240319933938,-47.0301951668643));
#1856=CARTESIAN_POINT('Ctrl Pts',(4.26478043198237,-26.735136324126,-47.0570040648282));
#1857=CARTESIAN_POINT('Ctrl Pts',(4.31876322469744,-26.3760775838614,-47.1658592322942));
#1858=CARTESIAN_POINT('Ctrl Pts',(4.35571291881678,-26.2056185872912,-47.2476134820605));
#1859=CARTESIAN_POINT('Ctrl Pts',(4.42121990547033,-25.9125500082271,-47.4352760681001));
#1860=CARTESIAN_POINT('Ctrl Pts',(4.45573935102825,-25.7649771357941,-47.5578534880355));
#1861=CARTESIAN_POINT('Ctrl Pts',(4.49154571051538,-25.5513598952207,-47.7931321332099));
#1862=CARTESIAN_POINT('Ctrl Pts',(4.49999999999999,-25.4742534077936,-47.8953175133283));
#1863=CARTESIAN_POINT('Ctrl Pts',(4.49999999999999,-25.4086668155651,-48.0000000000001));
#1864=CARTESIAN_POINT('Origin',(-99.7325436613886,-27.1,-63.8140310630394));
#1865=CARTESIAN_POINT('',(-100.263720960198,-26.8022766292975,-65.7205522267148));
#1866=CARTESIAN_POINT('',(-98.6212177625319,-25.1,-64.0787710335542));
#1867=CARTESIAN_POINT('Origin',(-98.6212177625319,-27.1,-64.0787710335542));
#1868=CARTESIAN_POINT('',(-74.5000015199186,-25.1,-69.8249253195479));
#1869=CARTESIAN_POINT('',(-99.7325436613886,-25.1,-63.8140310630394));
#1870=CARTESIAN_POINT('',(-74.5000015199186,-27.1,-71.8808910117829));
#1871=CARTESIAN_POINT('Origin',(-74.5000015199186,-27.1,-69.8249253195479));
#1872=CARTESIAN_POINT('',(-100.257928102174,-27.1,-65.7448397140271));
#1873=CARTESIAN_POINT('',(-100.196014281185,-27.1,-65.7595888197214));
#1874=CARTESIAN_POINT('Origin',(-100.777841254536,-27.1,-63.5650203504538));
#1875=CARTESIAN_POINT('Origin',(-100.939071743693,-27.1,-54.3298674008248));
#1876=CARTESIAN_POINT('',(-100.264294329112,-26.8022883828891,-65.7181482854902));
#1877=CARTESIAN_POINT('',(-100.261111215643,-26.8022231316784,-65.7314939997586));
#1878=CARTESIAN_POINT('',(-100.283500499026,-27.1,-65.7336984202285));
#1879=CARTESIAN_POINT('Origin',(-98.5595961301034,-27.1,-64.337951879768));
#1880=CARTESIAN_POINT('',(-103.886249463055,-27.1,-50.5805210636256));
#1881=CARTESIAN_POINT('',(-102.884833087666,-27.1,-54.7924825673524));
#1882=CARTESIAN_POINT('',(-103.874800603036,-26.889217090049,-50.5805210636256));
#1883=CARTESIAN_POINT('Origin',(-101.830498888921,-27.1,-50.5805210636256));
#1884=CARTESIAN_POINT('',(-103.880820849252,-26.889392490793,-50.5552802148118));
#1885=CARTESIAN_POINT('',(-103.879109385308,-26.889342649858,-50.5624558021736));
#1886=CARTESIAN_POINT('',(-101.429446231706,-25.1,-52.2673502334611));
#1887=CARTESIAN_POINT('Origin',(-101.429446231706,-27.1,-52.2673502334611));
#1888=CARTESIAN_POINT('',(-100.939071743693,-25.1,-54.3298674008248));
#1889=CARTESIAN_POINT('Origin',(-103.88341816758,-25.1,-50.5443905407216));
#1890=CARTESIAN_POINT('',(-100.257928102174,-28.1,-65.7448397140271));
#1891=CARTESIAN_POINT('',(-100.257928102174,-25.1,-65.7448397140271));
#1892=CARTESIAN_POINT('',(-100.263720960198,-28.3977233707025,-65.7205522267148));
#1893=CARTESIAN_POINT('Origin',(-100.777841254536,-28.1,-63.5650203504538));
#1894=CARTESIAN_POINT('',(-100.264294329112,-28.3977116171109,-65.7181482854902));
#1895=CARTESIAN_POINT('',(-100.261111215643,-28.3977768683216,-65.7314939997586));
#1896=CARTESIAN_POINT('',(-100.264294329112,-25.1,-65.7181482854902));
#1897=CARTESIAN_POINT('Origin',(-100.257928102174,-25.1,-65.7448397140271));
#1898=CARTESIAN_POINT('',(-74.5000015199186,-28.1,-71.8808910117829));
#1899=CARTESIAN_POINT('',(-74.5000015199186,-35.0728981637433,-71.8808910117829));
#1900=CARTESIAN_POINT('',(-100.196014281185,-28.1,-65.7595888197214));
#1901=CARTESIAN_POINT('Origin',(-99.7325436613886,-28.1,-63.8140310630394));
#1902=CARTESIAN_POINT('',(-74.5000015199186,-30.1,-69.8249253195479));
#1903=CARTESIAN_POINT('Origin',(-74.5000015199186,-28.1,-69.8249253195479));
#1904=CARTESIAN_POINT('',(-98.6212177625319,-30.1,-64.0787710335542));
#1905=CARTESIAN_POINT('',(-99.7325436613886,-30.1,-63.8140310630394));
#1906=CARTESIAN_POINT('Origin',(-98.6212177625319,-28.1,-64.0787710335542));
#1907=CARTESIAN_POINT('Origin',(-103.886249463055,-25.1,-50.5805210636256));
#1908=CARTESIAN_POINT('',(-100.283500499026,-28.1,-65.7336984202285));
#1909=CARTESIAN_POINT('',(-100.283500499026,-25.1,-65.7336984202285));
#1910=CARTESIAN_POINT('',(-103.886249463055,-28.1,-50.5805210636256));
#1911=CARTESIAN_POINT('',(-102.884833087666,-28.1,-54.7924825673524));
#1912=CARTESIAN_POINT('',(-103.886249463055,-25.1,-50.5805210636256));
#1913=CARTESIAN_POINT('Origin',(-100.283500499026,-25.1,-65.7336984202285));
#1914=CARTESIAN_POINT('Origin',(-98.5595961301034,-28.1,-64.337951879768));
#1915=CARTESIAN_POINT('Origin',(-100.939071743693,-28.1,-54.3298674008248));
#1916=CARTESIAN_POINT('',(-101.429446231706,-30.1,-52.2673502334611));
#1917=CARTESIAN_POINT('',(-100.939071743693,-30.1,-54.3298674008248));
#1918=CARTESIAN_POINT('',(-103.880820849252,-28.3106075092071,-50.5552802148118));
#1919=CARTESIAN_POINT('Origin',(-101.429446231706,-28.1,-52.2673502334611));
#1920=CARTESIAN_POINT('',(-103.874800603036,-28.310782909951,-50.5805210636256));
#1921=CARTESIAN_POINT('',(-103.879109385308,-28.310657350142,-50.5624558021736));
#1922=CARTESIAN_POINT('Origin',(-101.830498888921,-28.1,-50.5805210636256));
#1923=CARTESIAN_POINT('Origin',(-103.88341816758,-25.1,-50.5443905407216));
#1924=CARTESIAN_POINT('',(-103.874800603036,-25.1,-50.5805210636256));
#1925=CARTESIAN_POINT('',(-103.88341816758,-28.1,-50.5443905407216));
#1926=CARTESIAN_POINT('Origin',(-103.41626589506,-28.1,-52.5030014447714));
#1927=CARTESIAN_POINT('',(-103.88341816758,-27.1,-50.5443905407216));
#1928=CARTESIAN_POINT('',(-103.88341816758,-25.1,-50.5443905407216));
#1929=CARTESIAN_POINT('Origin',(-103.41626589506,-27.1,-52.5030014447714));
#1930=CARTESIAN_POINT('Origin',(-86.4079912006058,-28.1,-50.4856968005842));
#1931=CARTESIAN_POINT('',(-74.5000015199186,-30.1,-49.0733229227318));
#1932=CARTESIAN_POINT('',(-86.4079912006058,-30.1,-50.4856968005842));
#1933=CARTESIAN_POINT('',(-74.5000015199186,-29.792323656621,-47.9999999999999));
#1934=CARTESIAN_POINT('Origin',(-74.5000015199186,-28.1,-49.0733229227318));
#1935=CARTESIAN_POINT('',(-74.2487550515574,-28.1,-47.0295047215051));
#1936=CARTESIAN_POINT('Ctrl Pts',(-74.2487550515574,-28.1,-47.0295047215051));
#1937=CARTESIAN_POINT('Ctrl Pts',(-74.2487550515574,-28.27577717183,-47.0295047215051));
#1938=CARTESIAN_POINT('Ctrl Pts',(-74.2643488632832,-28.4644949124939,-47.0562060871381));
#1939=CARTESIAN_POINT('Ctrl Pts',(-74.3182240508875,-28.823274820967,-47.1646949567712));
#1940=CARTESIAN_POINT('Ctrl Pts',(-74.3551265985216,-28.9936291921637,-47.2461960791773));
#1941=CARTESIAN_POINT('Ctrl Pts',(-74.4206351880178,-29.2865215598002,-47.4333315353876));
#1942=CARTESIAN_POINT('Ctrl Pts',(-74.4552039654261,-29.4340180361371,-47.555581543499));
#1943=CARTESIAN_POINT('Ctrl Pts',(-74.4913918098688,-29.64846380366,-47.7912851672613));
#1944=CARTESIAN_POINT('Ctrl Pts',(-74.5000015199186,-29.7262740415354,-47.8943935964867));
#1945=CARTESIAN_POINT('Ctrl Pts',(-74.5000015199186,-29.792323656621,-47.9999999999999));
#1946=CARTESIAN_POINT('',(-86.643554567044,-28.1,-48.4996177738603));
#1947=CARTESIAN_POINT('Origin',(-98.3195249456902,-30.1,-58.1571097419271));
#1948=CARTESIAN_POINT('',(-74.5000015199186,-30.1,-52.7500004433095));
#1949=CARTESIAN_POINT('',(-99.3161527743206,-30.1,-57.8183800266363));
#1950=CARTESIAN_POINT('Origin',(-97.4921562760813,-30.1,-57.8183800266363));
#1951=CARTESIAN_POINT('Origin',(-86.4079912006058,-27.1,-50.4856968005842));
#1952=CARTESIAN_POINT('',(-74.2487550515574,-27.1,-47.0295047215051));
#1953=CARTESIAN_POINT('',(-86.643554567044,-27.1,-48.4996177738603));
#1954=CARTESIAN_POINT('',(-74.5000015199186,-25.407676343379,-47.9999999999999));
#1955=CARTESIAN_POINT('Ctrl Pts',(-74.5000015199186,-25.407676343379,-47.9999999999999));
#1956=CARTESIAN_POINT('Ctrl Pts',(-74.5000015199186,-25.4737259584646,-47.8943935964867));
#1957=CARTESIAN_POINT('Ctrl Pts',(-74.4913918098688,-25.55153619634,-47.7912851672613));
#1958=CARTESIAN_POINT('Ctrl Pts',(-74.4552039654261,-25.7659819638629,-47.555581543499));
#1959=CARTESIAN_POINT('Ctrl Pts',(-74.4206351880178,-25.9134784401998,-47.4333315353876));
#1960=CARTESIAN_POINT('Ctrl Pts',(-74.3551265985216,-26.2063708078363,-47.2461960791774));
#1961=CARTESIAN_POINT('Ctrl Pts',(-74.3182240508875,-26.376725179033,-47.1646949567712));
#1962=CARTESIAN_POINT('Ctrl Pts',(-74.2643488632832,-26.7355050875062,-47.0562060871381));
#1963=CARTESIAN_POINT('Ctrl Pts',(-74.2487550515574,-26.92422282817,-47.0295047215051));
#1964=CARTESIAN_POINT('Ctrl Pts',(-74.2487550515574,-27.1,-47.0295047215051));
#1965=CARTESIAN_POINT('',(-74.5000015199186,-25.1,-49.0733229227318));
#1966=CARTESIAN_POINT('Origin',(-74.5000015199186,-27.1,-49.0733229227318));
#1967=CARTESIAN_POINT('',(-86.4079912006058,-25.1,-50.4856968005842));
#1968=CARTESIAN_POINT('Origin',(-74.0000011026859,-25.1,-47.0000007003546));
#1969=CARTESIAN_POINT('',(-74.2487550515574,-34.4136505534385,-47.0295047215051));
#1970=CARTESIAN_POINT('Origin',(-94.9097018510129,-25.1,-50.5805210636256));
#1971=CARTESIAN_POINT('Origin',(1.223557821936,-4.51721323129402,-49.125));
#1972=CARTESIAN_POINT('',(1.223557821936,-2.51721323129402,-50.25));
#1973=CARTESIAN_POINT('',(1.223557821936,-2.51721323129405,-79.7500000000001));
#1974=CARTESIAN_POINT('',(1.223557821936,-2.51721323129402,-49.125));
#1975=CARTESIAN_POINT('',(-0.776442178063999,-4.51721323129405,-79.7500000000001));
#1976=CARTESIAN_POINT('Origin',(1.223557821936,-4.51721323129405,-79.75));
#1977=CARTESIAN_POINT('',(-0.776442178063999,-4.51721323129401,-52.25));
#1978=CARTESIAN_POINT('',(-0.776442178063999,-4.51721323129402,-49.125));
#1979=CARTESIAN_POINT('Origin',(1.223557821936,-4.51721323129402,-50.25));
#1980=CARTESIAN_POINT('Origin',(-71.8617804308867,-4.51721323129402,-50.25));
#1981=CARTESIAN_POINT('',(-71.2235593418547,-2.51721323129402,-50.25));
#1982=CARTESIAN_POINT('',(-71.8617804308867,-2.51721323129402,-50.25));
#1983=CARTESIAN_POINT('',(-69.2235593418547,-4.51721323129402,-52.25));
#1984=CARTESIAN_POINT('',(-71.8617804308867,-4.51721323129402,-52.25));
#1985=CARTESIAN_POINT('Origin',(-71.2235593418547,-4.51721323129402,-50.25));
#1986=CARTESIAN_POINT('Origin',(-71.2235593418547,-4.51721323129403,-62.875));
#1987=CARTESIAN_POINT('',(-69.2235593418547,-4.51721323129405,-79.7499999999999));
#1988=CARTESIAN_POINT('',(-69.2235593418547,-4.51721323129403,-62.875));
#1989=CARTESIAN_POINT('',(-71.2235593418547,-2.51721323129405,-79.7499999999999));
#1990=CARTESIAN_POINT('Origin',(-71.2235593418547,-4.51721323129405,-79.75));
#1991=CARTESIAN_POINT('',(-71.2235593418547,-2.51721323129403,-62.875));
#1992=CARTESIAN_POINT('Origin',(-74.5000015199186,-2.51721323129401,-45.9999999999999));
#1993=CARTESIAN_POINT('',(-72.5000015199187,-2.51721323129405,-79.7499999999999));
#1994=CARTESIAN_POINT('',(-74.5000015199186,-2.51721323129405,-79.7499999999999));
#1995=CARTESIAN_POINT('',(-72.5000015199186,-2.51721323129401,-47.9999999999999));
#1996=CARTESIAN_POINT('',(-72.5000015199186,-2.51721323129401,-45.9999999999999));
#1997=CARTESIAN_POINT('',(-37.9,-2.51721323129401,-48.));
#1998=CARTESIAN_POINT('',(-54.7500011399389,-2.51721323129401,-48.));
#1999=CARTESIAN_POINT('',(-37.9,-2.517213231294,-33.000000461936));
#2000=CARTESIAN_POINT('',(-37.9,-2.51721323129401,-42.2500002868473));
#2001=CARTESIAN_POINT('',(-32.1,-2.517213231294,-33.000000461936));
#2002=CARTESIAN_POINT('',(-54.7500007599593,-2.517213231294,-33.000000461936));
#2003=CARTESIAN_POINT('',(-32.1,-2.51721323129401,-48.));
#2004=CARTESIAN_POINT('',(-32.1,-2.51721323129401,-42.2500002868473));
#2005=CARTESIAN_POINT('',(2.49999999999999,-2.51721323129401,-48.0000000000001));
#2006=CARTESIAN_POINT('',(-54.7500011399389,-2.51721323129401,-48.));
#2007=CARTESIAN_POINT('',(2.49999999999993,-2.51721323129405,-79.7500000000001));
#2008=CARTESIAN_POINT('',(2.5,-2.51721323129401,-46.0000000000001));
#2009=CARTESIAN_POINT('',(-74.5000015199186,-2.51721323129405,-79.7499999999999));
#2010=CARTESIAN_POINT('Origin',(-35.0000007599594,-23.7815047793904,-79.75));
#2011=CARTESIAN_POINT('',(-69.2235593418547,-43.0457963274867,-79.7499999999999));
#2012=CARTESIAN_POINT('',(-69.2235593418547,-34.4136505534385,-79.7499999999999));
#2013=CARTESIAN_POINT('',(-71.2235593418547,-45.0457963274867,-79.7499999999999));
#2014=CARTESIAN_POINT('Origin',(-71.2235593418547,-43.0457963274867,-79.75));
#2015=CARTESIAN_POINT('',(-72.5000015199186,-45.0457963274867,-79.7499999999999));
#2016=CARTESIAN_POINT('',(4.49999999999993,-45.0457963274867,-79.75));
#2017=CARTESIAN_POINT('',(-74.5000015199186,-43.0457963274867,-79.7499999999999));
#2018=CARTESIAN_POINT('Origin',(-72.5000015199186,-43.0457963274867,-79.7499999999999));
#2019=CARTESIAN_POINT('',(-74.5000015199186,-4.51721323129405,-79.7499999999999));
#2020=CARTESIAN_POINT('',(-74.5000015199186,-45.0457963274867,-79.7499999999999));
#2021=CARTESIAN_POINT('Origin',(-72.5000015199187,-4.51721323129405,-79.7499999999999));
#2022=CARTESIAN_POINT('Origin',(1.223557821936,-43.0457963274866,-49.125));
#2023=CARTESIAN_POINT('',(-0.776442178063999,-43.0457963274866,-52.25));
#2024=CARTESIAN_POINT('',(-0.776442178063999,-43.0457963274867,-79.75));
#2025=CARTESIAN_POINT('',(-0.776442178063999,-43.0457963274866,-49.125));
#2026=CARTESIAN_POINT('',(1.223557821936,-45.0457963274867,-79.75));
#2027=CARTESIAN_POINT('Origin',(1.223557821936,-43.0457963274867,-79.75));
#2028=CARTESIAN_POINT('',(1.223557821936,-45.0457963274866,-50.25));
#2029=CARTESIAN_POINT('',(1.223557821936,-45.0457963274866,-49.125));
#2030=CARTESIAN_POINT('Origin',(1.223557821936,-43.0457963274866,-50.25));
#2031=CARTESIAN_POINT('Origin',(-32.3617796709274,-43.0457963274866,-50.25));
#2032=CARTESIAN_POINT('',(-71.2235593418547,-45.0457963274866,-50.25));
#2033=CARTESIAN_POINT('',(-32.3617796709274,-45.0457963274866,-50.25));
#2034=CARTESIAN_POINT('',(-69.2235593418547,-43.0457963274866,-52.25));
#2035=CARTESIAN_POINT('Origin',(-71.2235593418547,-43.0457963274866,-50.25));
#2036=CARTESIAN_POINT('',(-32.3617796709274,-43.0457963274866,-52.25));
#2037=CARTESIAN_POINT('Origin',(-71.2235593418547,-43.0457963274867,-62.875));
#2038=CARTESIAN_POINT('',(-71.2235593418547,-45.0457963274867,-62.875));
#2039=CARTESIAN_POINT('',(-69.2235593418547,-43.0457963274867,-62.875));
#2040=CARTESIAN_POINT('Origin',(4.5,-45.0457963274866,-46.));
#2041=CARTESIAN_POINT('',(2.49999999999993,-45.0457963274867,-79.75));
#2042=CARTESIAN_POINT('',(4.49999999999993,-45.0457963274867,-79.75));
#2043=CARTESIAN_POINT('',(2.49999999999999,-45.0457963274866,-48.));
#2044=CARTESIAN_POINT('',(2.5,-45.0457963274866,-46.));
#2045=CARTESIAN_POINT('',(-72.5000015199186,-45.0457963274866,-47.9999999999999));
#2046=CARTESIAN_POINT('',(-15.2500003799797,-45.0457963274866,-48.));
#2047=CARTESIAN_POINT('',(-72.5000015199186,-45.0457963274866,-45.9999999999999));
#2048=CARTESIAN_POINT('Origin',(-35.0000007599594,-23.7815047793904,-79.75));
#2049=CARTESIAN_POINT('',(4.49999999999993,-4.51721323129405,-79.7500000000001));
#2050=CARTESIAN_POINT('Origin',(2.49999999999993,-4.51721323129405,-79.7500000000001));
#2051=CARTESIAN_POINT('',(4.49999999999993,-43.0457963274867,-79.75));
#2052=CARTESIAN_POINT('',(4.49999999999993,-2.51721323129405,-79.7500000000001));
#2053=CARTESIAN_POINT('Origin',(2.49999999999993,-43.0457963274867,-79.75));
#2054=CARTESIAN_POINT('',(-0.776442178063999,-34.4136505534385,-79.75));
#2055=CARTESIAN_POINT('Origin',(-0.776442178063999,-45.0457963274867,-52.25));
#2056=CARTESIAN_POINT('',(-0.776442178063999,-45.0457963274867,-52.25));
#2057=CARTESIAN_POINT('Origin',(-72.5000015199186,-4.51721323129401,-47.9999999999999));
#2058=CARTESIAN_POINT('',(-74.5000015199186,-4.51721323129401,-47.9999999999999));
#2059=CARTESIAN_POINT('Origin',(-72.5000015199186,-4.51721323129402,-47.9999999999999));
#2060=CARTESIAN_POINT('',(-72.5000015199186,-4.51721323129401,-45.9999999999999));
#2061=CARTESIAN_POINT('Origin',(-72.5000015199186,-4.51721323129401,-47.9999999999999));
#2062=CARTESIAN_POINT('Origin',(-72.5000015199186,-4.51721323129402,-47.9999999999999));
#2063=CARTESIAN_POINT('Origin',(2.49999999999999,-4.51721323129401,-48.0000000000001));
#2064=CARTESIAN_POINT('',(2.5,-4.51721323129401,-46.0000000000001));
#2065=CARTESIAN_POINT('Origin',(2.49999999999999,-4.51721323129402,-48.0000000000001));
#2066=CARTESIAN_POINT('',(4.49999999999999,-4.51721323129401,-48.0000000000001));
#2067=CARTESIAN_POINT('Origin',(2.49999999999999,-4.51721323129401,-48.0000000000001));
#2068=CARTESIAN_POINT('Origin',(2.49999999999999,-4.51721323129401,-48.0000000000001));
#2069=CARTESIAN_POINT('Origin',(-72.5000015199186,-43.0457963274866,-47.9999999999999));
#2070=CARTESIAN_POINT('',(-74.5000015199186,-43.0457963274866,-47.9999999999999));
#2071=CARTESIAN_POINT('Origin',(-72.5000015199186,-43.0457963274866,-47.9999999999999));
#2072=CARTESIAN_POINT('',(-72.5000015199186,-43.0457963274866,-45.9999999999999));
#2073=CARTESIAN_POINT('Origin',(-72.5000015199186,-43.0457963274866,-47.9999999999999));
#2074=CARTESIAN_POINT('Origin',(-72.5000015199186,-43.0457963274866,-47.9999999999999));
#2075=CARTESIAN_POINT('Origin',(2.49999999999999,-43.0457963274866,-48.));
#2076=CARTESIAN_POINT('',(4.49999999999999,-43.0457963274866,-48.));
#2077=CARTESIAN_POINT('Origin',(2.49999999999999,-43.0457963274866,-48.));
#2078=CARTESIAN_POINT('',(2.5,-43.0457963274866,-46.));
#2079=CARTESIAN_POINT('Origin',(2.49999999999999,-43.0457963274866,-48.));
#2080=CARTESIAN_POINT('Origin',(2.49999999999999,-43.0457963274866,-48.));
#2081=CARTESIAN_POINT('Origin',(2.49999999999999,-13.1493590053422,-48.0000000000001));
#2082=CARTESIAN_POINT('',(4.49999999999999,-13.1493590053422,-48.0000000000001));
#2083=CARTESIAN_POINT('',(4.49999999999999,-13.1493590053422,-48.0000000000001));
#2084=CARTESIAN_POINT('',(2.5,-13.1493590053422,-46.0000000000001));
#2085=CARTESIAN_POINT('Origin',(-15.2500003799797,-43.0457963274866,-48.));
#2086=CARTESIAN_POINT('',(-15.2500003799796,-43.0457963274866,-46.));
#2087=CARTESIAN_POINT('Origin',(2.5,-43.0457963274866,-46.));
#2088=CARTESIAN_POINT('',(4.5,-43.0457963274866,-46.));
#2089=CARTESIAN_POINT('Origin',(-72.5000015199186,-34.4136505534385,-47.9999999999999));
#2090=CARTESIAN_POINT('',(-74.5000015199186,-34.4136505534385,-47.9999999999999));
#2091=CARTESIAN_POINT('',(-72.5000015199186,-34.4136505534385,-45.9999999999999));
#2092=CARTESIAN_POINT('',(-74.5000015199186,-34.4136505534385,-47.9999999999999));
#2093=CARTESIAN_POINT('Origin',(-72.5000015199186,-43.0457963274866,-45.9999999999999));
#2094=CARTESIAN_POINT('',(-74.5000015199186,-43.0457963274866,-45.9999999999999));
#2095=CARTESIAN_POINT('Origin',(2.5,-4.51721323129401,-46.0000000000001));
#2096=CARTESIAN_POINT('',(4.5,-4.51721323129401,-46.0000000000001));
#2097=CARTESIAN_POINT('Origin',(-54.7500011399389,-4.51721323129402,-48.));
#2098=CARTESIAN_POINT('',(-30.1,-4.51721323129401,-46.));
#2099=CARTESIAN_POINT('Origin',(-32.1,-4.51721323129402,-48.));
#2100=CARTESIAN_POINT('',(-54.7500011399389,-4.51721323129401,-46.));
#2101=CARTESIAN_POINT('Origin',(-54.7500011399389,-4.51721323129402,-48.));
#2102=CARTESIAN_POINT('',(-39.9,-4.51721323129401,-46.));
#2103=CARTESIAN_POINT('Origin',(-37.9,-4.51721323129402,-48.));
#2104=CARTESIAN_POINT('',(-54.7500011399389,-4.51721323129401,-46.));
#2105=CARTESIAN_POINT('Origin',(-72.5000015199186,-4.51721323129401,-45.9999999999999));
#2106=CARTESIAN_POINT('',(-74.5000015199186,-4.51721323129401,-45.9999999999999));
#2107=CARTESIAN_POINT('Origin',(-74.5000015199186,-45.0457963274866,-45.9999999999999));
#2108=CARTESIAN_POINT('',(-74.5000015199186,-25.1,-52.7500004433095));
#2109=CARTESIAN_POINT('Origin',(-37.9,-20.0077574840538,-33.000000461936));
#2110=CARTESIAN_POINT('',(-37.9,-22.0077574840538,-33.000000461936));
#2111=CARTESIAN_POINT('',(-39.9,-20.0077574840538,-33.000000461936));
#2112=CARTESIAN_POINT('Origin',(-37.9,-20.0077574840538,-33.000000461936));
#2113=CARTESIAN_POINT('',(-37.9,-20.0077574840538,-31.000000461936));
#2114=CARTESIAN_POINT('Origin',(-37.9,-20.0077574840538,-33.000000461936));
#2115=CARTESIAN_POINT('Origin',(-37.9,-20.0077574840538,-33.000000461936));
#2116=CARTESIAN_POINT('Origin',(-37.9,-4.517213231294,-33.000000461936));
#2117=CARTESIAN_POINT('',(-37.9,-4.517213231294,-31.000000461936));
#2118=CARTESIAN_POINT('Origin',(-37.9,-4.517213231294,-33.000000461936));
#2119=CARTESIAN_POINT('',(-39.9,-4.517213231294,-33.000000461936));
#2120=CARTESIAN_POINT('Origin',(-37.9,-4.517213231294,-33.000000461936));
#2121=CARTESIAN_POINT('Origin',(-37.9,-4.517213231294,-33.000000461936));
#2122=CARTESIAN_POINT('Origin',(-37.9,-4.51721323129401,-42.2500002868473));
#2123=CARTESIAN_POINT('',(-39.9,-4.51721323129401,-42.2500002868473));
#2124=CARTESIAN_POINT('Origin',(-37.9,-5.50193933748583,-33.000000461936));
#2125=CARTESIAN_POINT('',(-39.9,-5.50193933748583,-33.000000461936));
#2126=CARTESIAN_POINT('',(-37.9,-5.50193933748583,-31.000000461936));
#2127=CARTESIAN_POINT('Origin',(-32.1,-20.0077574840538,-33.000000461936));
#2128=CARTESIAN_POINT('',(-32.1,-20.0077574840538,-31.000000461936));
#2129=CARTESIAN_POINT('',(-30.1,-20.0077574840538,-33.000000461936));
#2130=CARTESIAN_POINT('Origin',(-32.1,-20.0077574840538,-33.000000461936));
#2131=CARTESIAN_POINT('',(-32.1,-22.0077574840538,-33.000000461936));
#2132=CARTESIAN_POINT('Origin',(-32.1,-20.0077574840538,-33.000000461936));
#2133=CARTESIAN_POINT('Origin',(-32.1,-20.0077574840538,-33.000000461936));
#2134=CARTESIAN_POINT('Origin',(-35.,-20.0077574840538,-33.000000461936));
#2135=CARTESIAN_POINT('',(-35.,-22.0077574840538,-33.000000461936));
#2136=CARTESIAN_POINT('',(-35.,-20.0077574840538,-31.000000461936));
#2137=CARTESIAN_POINT('Origin',(-32.1,-20.0077574840538,-34.7500005178154));
#2138=CARTESIAN_POINT('',(-32.1,-22.0077574840538,-46.));
#2139=CARTESIAN_POINT('',(-30.1,-20.0077574840538,-46.));
#2140=CARTESIAN_POINT('Origin',(-32.1,-20.0077574840538,-46.));
#2141=CARTESIAN_POINT('',(-30.1,-20.0077574840538,-34.7500005178154));
#2142=CARTESIAN_POINT('',(-32.1,-22.0077574840538,-34.7500005178154));
#2143=CARTESIAN_POINT('Origin',(-32.1,-4.517213231294,-33.000000461936));
#2144=CARTESIAN_POINT('',(-32.1,-4.517213231294,-31.000000461936));
#2145=CARTESIAN_POINT('Origin',(-32.1,-4.517213231294,-33.000000461936));
#2146=CARTESIAN_POINT('',(-30.1,-4.517213231294,-33.000000461936));
#2147=CARTESIAN_POINT('Origin',(-32.1,-4.517213231294,-33.000000461936));
#2148=CARTESIAN_POINT('Origin',(-32.1,-4.517213231294,-33.000000461936));
#2149=CARTESIAN_POINT('Origin',(-32.1,-5.50193933748583,-33.000000461936));
#2150=CARTESIAN_POINT('',(-30.1,-5.50193933748583,-33.000000461936));
#2151=CARTESIAN_POINT('',(-32.1,-5.50193933748583,-31.000000461936));
#2152=CARTESIAN_POINT('Origin',(-32.1,-4.51721323129401,-42.2500002868473));
#2153=CARTESIAN_POINT('',(-30.1,-4.51721323129401,-42.2500002868473));
#2154=CARTESIAN_POINT('Origin',(-54.7500007599593,-4.517213231294,-33.000000461936));
#2155=CARTESIAN_POINT('',(-54.7500007599593,-4.517213231294,-31.000000461936));
#2156=CARTESIAN_POINT('Origin',(-37.9,-20.0077574840538,-34.7500005178154));
#2157=CARTESIAN_POINT('',(-39.9,-20.0077574840538,-46.));
#2158=CARTESIAN_POINT('',(-37.9,-22.0077574840538,-46.));
#2159=CARTESIAN_POINT('Origin',(-37.9,-20.0077574840538,-46.));
#2160=CARTESIAN_POINT('',(-37.9,-22.0077574840538,-34.7500005178154));
#2161=CARTESIAN_POINT('',(-39.9,-20.0077574840538,-34.7500005178154));
#2162=CARTESIAN_POINT('Origin',(-30.1,-11.0038787196751,-38.5000005736947));
#2163=CARTESIAN_POINT('',(-30.1,-17.3926917495327,-46.));
#2164=CARTESIAN_POINT('Origin',(-35.,-22.0077574840538,-31.000000461936));
#2165=CARTESIAN_POINT('',(-35.0000003799797,-22.0077574840538,-46.));
#2166=CARTESIAN_POINT('Origin',(-35.,4.47034853578998E-8,-31.000000461936));
#2167=CARTESIAN_POINT('Origin',(-39.9,-11.0038787196751,-38.5000005736947));
#2168=CARTESIAN_POINT('',(-39.9,-17.3926917495327,-46.));
#2169=CARTESIAN_POINT('Origin',(-69.2235593418547,-45.0457963274867,-79.7499999999999));
#2170=CARTESIAN_POINT('',(-69.2235593418547,-45.0457963274867,-52.25));
#2171=CARTESIAN_POINT('Origin',(-69.2235593418547,-45.0457963274867,-52.25));
#2172=CARTESIAN_POINT('Origin',(-98.3195249456902,-25.1,-58.1571097419271));
#2173=CARTESIAN_POINT('',(-99.3161527743206,-25.1,-57.8183800266363));
#2174=CARTESIAN_POINT('Origin',(-97.4921562760813,-25.1,-57.8183800266363));
#2175=CARTESIAN_POINT('Origin',(-97.4921562760813,-25.1,-57.8183800266363));
#2176=CARTESIAN_POINT('',(-99.3161527743206,-25.1,-57.8183800266363));
#2177=CARTESIAN_POINT('Origin',(-35.0000007599593,-23.7815047793903,-46.));
#2178=CARTESIAN_POINT('Origin',(4.5,-2.51721323129401,-46.0000000000001));
#2179=CARTESIAN_POINT('',(4.49999999999998,-25.1,-52.7500004433096));
#2180=CARTESIAN_POINT('',(4.49999999999998,-30.1,-52.7500004433096));
#2181=CARTESIAN_POINT('Origin',(27.1490084171244,-25.1,-57.8183800266363));
#2182=CARTESIAN_POINT('',(25.3250119188851,-30.1,-57.8183800266363));
#2183=CARTESIAN_POINT('Origin',(27.1490084171244,-30.1,-57.8183800266363));
#2184=CARTESIAN_POINT('',(25.3250119188851,-25.1,-57.8183800266363));
#2185=CARTESIAN_POINT('',(25.3250119188851,-25.1,-57.8183800266363));
#2186=CARTESIAN_POINT('Origin',(27.1490084171244,-25.1,-57.8183800266363));
#2187=CARTESIAN_POINT('Origin',(27.9763770867334,-25.1,-58.1571097419271));
#2188=CARTESIAN_POINT('Origin',(27.9763770867334,-30.1,-58.1571097419271));
#2189=UNCERTAINTY_MEASURE_WITH_UNIT(LENGTH_MEASURE(0.01),#2193,
'DISTANCE_ACCURACY_VALUE',
'Maximum model space distance between geometric entities at asserted c
onnectivities');
#2190=UNCERTAINTY_MEASURE_WITH_UNIT(LENGTH_MEASURE(0.01),#2193,
'DISTANCE_ACCURACY_VALUE',
'Maximum model space distance between geometric entities at asserted c
onnectivities');
#2191=(
GEOMETRIC_REPRESENTATION_CONTEXT(3)
GLOBAL_UNCERTAINTY_ASSIGNED_CONTEXT((#2189))
GLOBAL_UNIT_ASSIGNED_CONTEXT((#2193,#2195,#2196))
REPRESENTATION_CONTEXT('','3D')
);
#2192=(
GEOMETRIC_REPRESENTATION_CONTEXT(3)
GLOBAL_UNCERTAINTY_ASSIGNED_CONTEXT((#2190))
GLOBAL_UNIT_ASSIGNED_CONTEXT((#2193,#2195,#2196))
REPRESENTATION_CONTEXT('','3D')
);
#2193=(
LENGTH_UNIT()
NAMED_UNIT(*)
SI_UNIT(.MILLI.,.METRE.)
);
#2194=(
LENGTH_UNIT()
NAMED_UNIT(*)
SI_UNIT($,.METRE.)
);
#2195=(
NAMED_UNIT(*)
PLANE_ANGLE_UNIT()
SI_UNIT($,.RADIAN.)
);
#2196=(
NAMED_UNIT(*)
SI_UNIT($,.STERADIAN.)
SOLID_ANGLE_UNIT()
);
#2197=SHAPE_DEFINITION_REPRESENTATION(#2198,#2199);
#2198=PRODUCT_DEFINITION_SHAPE('',$,#2201);
#2199=SHAPE_REPRESENTATION('',(#1259),#2191);
#2200=PRODUCT_DEFINITION_CONTEXT('part definition',#2205,'design');
#2201=PRODUCT_DEFINITION('2026-08-13-17-51-47-004',
'_export_tmp_support4',#2202,#2200);
#2202=PRODUCT_DEFINITION_FORMATION('',$,#2207);
#2203=PRODUCT_RELATED_PRODUCT_CATEGORY('_export_tmp_support4',
'_export_tmp_support4',(#2207));
#2204=APPLICATION_PROTOCOL_DEFINITION('international standard',
'automotive_design',2009,#2205);
#2205=APPLICATION_CONTEXT(
'Core Data for Automotive Mechanical Design Process');
#2206=PRODUCT_CONTEXT('part definition',#2205,'mechanical');
#2207=PRODUCT('2026-08-13-17-51-47-004','_export_tmp_support4',$,(#2206));
#2208=PRESENTATION_STYLE_ASSIGNMENT((#2209));
#2209=SURFACE_STYLE_USAGE(.BOTH.,#2210);
#2210=SURFACE_SIDE_STYLE('',(#2211));
#2211=SURFACE_STYLE_FILL_AREA(#2212);
#2212=FILL_AREA_STYLE('\X2\76AE9769\X0\ - \X2\98CE5316\X0\',(#2213));
#2213=FILL_AREA_STYLE_COLOUR('\X2\76AE9769\X0\ - \X2\98CE5316\X0\',#2214);
#2214=COLOUR_RGB('\X2\76AE9769\X0\ - \X2\98CE5316\X0\',0.,0.,0.);
ENDSEC;
END-ISO-10303-21;
