frame,stem,frame_index,left_path,right_path,base_stitched_path,output_path,output_width,output_height,hess_residual_x,hess_residual_y,target_dx,target_dy,measured_dx,measured_dy,correction_dx,correction_dy,correction_norm,left_translation_x,left_translation_y,right_translation_x,right_translation_y,selected_left_rank,selected_right_rank,selected_pair_error_to_target,selected_left_x,selected_left_y,selected_right_x,selected_right_y,left_candidate_count,right_candidate_count,canvas_left_h_11,canvas_left_h_12,canvas_left_h_13,canvas_left_h_21,canvas_left_h_22,canvas_left_h_23,canvas_left_h_31,canvas_left_h_32,canvas_left_h_33,canvas_right_h_11,canvas_right_h_12,canvas_right_h_13,canvas_right_h_21,canvas_right_h_22,canvas_right_h_23,canvas_right_h_31,canvas_right_h_32,canvas_right_h_33
frame_0000.jpg,frame_0000,0,D:\visualization2026\visualization\left_downsample2_Q13\frame_0000.jpg,D:\visualization2026\visualization\right_downsample2_Q13\frame_0000.jpg,D:\visualization2026\dowsample2_Q13\stitched_frames\frame_0000.jpg,D:\visualization2026\dowsample2_Q13_hess_matched\stitched_frames\frame_0000.jpg,1668,1297,0.018618671504582518,-0.10522452048436308,52.458369616362326,-35.375224009191015,86.60301450620602,-0.8900982702871261,-34.1446448898437,-34.48512573890389,48.529173410244084,-17.07232244492185,-17.242562869451945,17.07232244492185,17.242562869451945,0,1,48.529173410244084,553.3137827779841,869.3087485428654,466.7107682717781,870.1988468131525,12,12,0.8931119950146389,0.07493993592313984,-17.203837355345325,-0.08434865329606199,0.9521828471700091,118.96343882926769,-3.741694663507287e-05,4.467324381347946e-06,1.0,1.0,0.0,85.07232244492185,0.0,1.0,114.24256286945194,0.0,0.0,1.0
frame_0002.jpg,frame_0002,2,D:\visualization2026\visualization\left_downsample2_Q13\frame_0002.jpg,D:\visualization2026\visualization\right_downsample2_Q13\frame_0002.jpg,D:\visualization2026\dowsample2_Q13\stitched_frames\frame_0002.jpg,D:\visualization2026\dowsample2_Q13_hess_matched\stitched_frames\frame_0002.jpg,1668,1297,0.018038835588510077,-0.10581535367049633,51.049803582114976,-33.17537101867056,89.26417539304384,0.7838750757701973,-38.21437181092887,-33.95924609444076,51.123073149085094,-19.107185905464434,-16.97962304722038,19.107185905464434,16.97962304722038,0,0,51.123073149085094,555.7995713696163,871.1551508588107,466.53539597657243,870.3712757830405,12,12,0.8931881333921516,0.07493084552798984,-19.23870081588791,-0.08435849170135867,0.9521840218074878,119.22637865149926,-3.741694663507287e-05,4.467324381347946e-06,1.0,1.0,0.0,87.10718590546443,0.0,1.0,113.97962304722037,0.0,0.0,1.0
frame_0004.jpg,frame_0004,4,D:\visualization2026\visualization\left_downsample2_Q13\frame_0004.jpg,D:\visualization2026\visualization\right_downsample2_Q13\frame_0004.jpg,D:\visualization2026\dowsample2_Q13\stitched_frames\frame_0004.jpg,D:\visualization2026\dowsample2_Q13_hess_matched\stitched_frames\frame_0004.jpg,1668,1297,0.01769951457847249,-0.10627589699162507,50.232189508573896,-31.855422185735375,82.3461395119366,-10.729648127497853,-32.1139500033627,-21.12577405823752,38.43961647022744,-16.05697500168135,-10.56288702911876,16.05697500168135,10.56288702911876,0,0,38.43961647022744,555.6987985031647,871.4226270918003,473.35265899122805,882.1522752192982,12,12,0.8930740038135391,0.07494447180952857,-16.188489912104828,-0.08459858637051933,0.9522126874487502,125.64311466960088,-3.741694663507287e-05,4.467324381347946e-06,1.0,1.0,0.0,84.05697500168135,0.0,1.0,107.56288702911876,0.0,0.0,1.0
frame_0006.jpg,frame_0006,6,D:\visualization2026\visualization\left_downsample2_Q13\frame_0006.jpg,D:\visualization2026\visualization\right_downsample2_Q13\frame_0006.jpg,D:\visualization2026\dowsample2_Q13\stitched_frames\frame_0006.jpg,D:\visualization2026\dowsample2_Q13_hess_matched\stitched_frames\frame_0006.jpg,1668,1297,0.01791088585882253,-0.10642189661362542,50.76669753942805,-32.554743417393276,83.35208732727415,-11.486933598621704,-32.5853897878461,-21.067809818771572,38.802838017157875,-16.29269489392305,-10.533904909385786,16.29269489392305,10.533904909385786,0,0,38.802838017157875,555.8824565213988,871.2212839480238,472.53036919412466,882.7082175466455,12,12,0.893082823732168,0.07494341877230679,-16.424209804346525,-0.08459967079294675,0.9522128169212803,125.67209678933385,-3.741694663507287e-05,4.467324381347946e-06,1.0,1.0,0.0,84.29269489392306,0.0,1.0,107.53390490938578,0.0,0.0,1.0
frame_0008.jpg,frame_0008,8,D:\visualization2026\visualization\left_downsample2_Q13\frame_0008.jpg,D:\visualization2026\visualization\right_downsample2_Q13\frame_0008.jpg,D:\visualization2026\dowsample2_Q13\stitched_frames\frame_0008.jpg,D:\visualization2026\dowsample2_Q13_hess_matched\stitched_frames\frame_0008.jpg,1668,1297,0.01897531843246114,-0.10611546415800538,53.397764946523814,-36.37217090511928,82.45495971351454,-10.940375329820995,-29.057194766990726,-25.43179557529829,38.614722502053475,-14.528597383495363,-12.715897787649144,14.528597383495363,12.715897787649144,0,0,38.614722502053475,555.4810254556819,871.4476575412627,473.02606574216736,882.3880328710837,12,12,0.8930168165897612,0.0749512995681262,-14.66011229391884,-0.08451802728186265,0.9522030692512953,123.49010391107049,-3.741694663507287e-05,4.467324381347946e-06,1.0,1.0,0.0,82.52859738349537,0.0,1.0,109.71589778764914,0.0,0.0,1.0
frame_0010.jpg,frame_0010,10,D:\visualization2026\visualization\left_downsample2_Q13\frame_0010.jpg,D:\visualization2026\visualization\right_downsample2_Q13\frame_0010.jpg,D:\visualization2026\dowsample2_Q13\stitched_frames\frame_0010.jpg,D:\visualization2026\dowsample2_Q13_hess_matched\stitched_frames\frame_0010.jpg,1668,1297,0.020415201378770564,-0.10562794585065516,56.95262259759689,-41.55682133192845,82.6738732862969,-10.87479017774092,-25.721250688700003,-30.682031154187527,40.037104949502584,-12.860625344350002,-15.341015577093764,12.860625344350002,15.341015577093764,0,0,40.037104949502584,555.8223718465601,871.3419930390423,473.14849856026325,882.2167832167833,12,12,0.8929544061689837,0.07495875094028408,-12.992140254773478,-0.08441980338962422,0.9521913419985906,120.86498612162586,-3.741694663507287e-05,4.467324381347946e-06,1.0,1.0,0.0,80.86062534435,0.0,1.0,112.34101557709377,0.0,0.0,1.0
frame_0012.jpg,frame_0012,12,D:\visualization2026\visualization\left_downsample2_Q13\frame_0012.jpg,D:\visualization2026\visualization\right_downsample2_Q13\frame_0012.jpg,D:\visualization2026\dowsample2_Q13\stitched_frames\frame_0012.jpg,D:\visualization2026\dowsample2_Q13_hess_matched\stitched_frames\frame_0012.jpg,1668,1297,0.02131596389121912,-0.10532901921582631,59.17682422944607,-44.79851764217658,82.77031210397672,-11.08228779441356,-23.593487874530652,-33.71622984776302,41.15138910453462,-11.796743937265326,-16.85811492388151,11.796743937265326,16.85811492388151,0,0,41.15138910453462,555.4351386023994,870.9566186198871,472.6648264984227,882.0389064143006,12,12,0.8929145989751488,0.07496350364363281,-11.928258847688802,-0.08436303816432536,0.9521845646236897,119.34788677483812,-3.741694663507287e-05,4.467324381347946e-06,1.0,1.0,0.0,79.79674393726532,0.0,1.0,113.85811492388152,0.0,0.0,1.0
frame_0014.jpg,frame_0014,14,D:\visualization2026\visualization\left_downsample2_Q13\frame_0014.jpg,D:\visualization2026\visualization\right_downsample2_Q13\frame_0014.jpg,D:\visualization2026\dowsample2_Q13\stitched_frames\frame_0014.jpg,D:\visualization2026\dowsample2_Q13_hess_matched\stitched_frames\frame_0014.jpg,1668,1297,0.02138533713310073,-0.10524542668778301,59.34459806983665,-45.06537805404685,82.52112648370479,-10.762728315925415,-23.17652841386814,-34.30264973812144,41.398348377381915,-11.58826420693407,-17.15132486906072,11.58826420693407,17.15132486906072,0,0,41.398348377381915,555.7970881484022,871.0866874645656,473.2759616646974,881.849415780491,12,12,0.8929067983002045,0.07496443499021514,-11.719779117357547,-0.08435206714345372,0.9521832547597529,119.05467682965892,-3.741694663507287e-05,4.467324381347946e-06,1.0,1.0,0.0,79.58826420693407,0.0,1.0,114.15132486906072,0.0,0.0,1.0
frame_0016.jpg,frame_0016,16,D:\visualization2026\visualization\left_downsample2_Q13\frame_0016.jpg,D:\visualization2026\visualization\right_downsample2_Q13\frame_0016.jpg,D:\visualization2026\dowsample2_Q13\stitched_frames\frame_0016.jpg,D:\visualization2026\dowsample2_Q13_hess_matched\stitched_frames\frame_0016.jpg,1668,1297,0.021323193438761157,-0.10513998622877989,59.183812529260834,-44.87752581856171,82.48058244610371,-10.205554194584806,-23.296769916842877,-34.6719716239769,41.77182190008205,-11.648384958421438,-17.33598581198845,11.648384958421438,17.33598581198845,0,0,41.77182190008205,555.8056837135805,871.8600409968434,473.3251012674768,882.0655951914282,12,12,0.8929090478351546,0.07496416641131619,-11.779899868844915,-0.08434515769480662,0.9521824298194201,118.87001588673118,-3.741694663507287e-05,4.467324381347946e-06,1.0,1.0,0.0,79.64838495842145,0.0,1.0,114.33598581198845,0.0,0.0,1.0
frame_0018.jpg,frame_0018,18,D:\visualization2026\visualization\left_downsample2_Q13\frame_0018.jpg,D:\visualization2026\visualization\right_downsample2_Q13\frame_0018.jpg,D:\visualization2026\dowsample2_Q13\stitched_frames\frame_0018.jpg,D:\visualization2026\dowsample2_Q13_hess_matched\stitched_frames\frame_0018.jpg,1668,1297,0.021287336368494558,-0.10511606359857825,59.093187641051486,-44.758652957247655,83.32841167682085,-10.835853558288477,-24.235224035769363,-33.92279939895918,41.69055532283011,-12.117612017884682,-16.96139969947959,12.117612017884682,16.96139969947959,0,0,41.69055532283011,556.0047014389165,871.4994845865925,472.6762897620957,882.335338144881,12,12,0.8929266048789982,0.07496207022183306,-12.249126928308158,-0.0843591735633886,0.9521841032170936,119.24460199924005,-3.741694663507287e-05,4.467324381347946e-06,1.0,1.0,0.0,80.11761201788468,0.0,1.0,113.96139969947959,0.0,0.0,1.0
frame_0020.jpg,frame_0020,20,D:\visualization2026\visualization\left_downsample2_Q13\frame_0020.jpg,D:\visualization2026\visualization\right_downsample2_Q13\frame_0020.jpg,D:\visualization2026\dowsample2_Q13\stitched_frames\frame_0020.jpg,D:\visualization2026\dowsample2_Q13_hess_matched\stitched_frames\frame_0020.jpg,1668,1297,0.02138192942930664,-0.10518938012996998,59.33285554955029,-45.06934845990448,87.25324971496377,-9.089379242817813,-27.920394165413484,-35.97996921708667,45.54236044842823,-13.960197082706742,-17.989984608543335,13.960197082706742,17.989984608543335,0,0,45.54236044842823,560.0751356288171,873.0535518139666,472.8218859138533,882.1429310567844,12,12,0.8929955487860393,0.07495383879664827,-14.091711993130218,-0.08432068705673652,0.952179508194651,118.2160170901763,-3.741694663507287e-05,4.467324381347946e-06,1.0,1.0,0.0,81.96019708270674,0.0,1.0,114.98998460854334,0.0,0.0,1.0
frame_0022.jpg,frame_0022,22,D:\visualization2026\visualization\left_downsample2_Q13\frame_0022.jpg,D:\visualization2026\visualization\right_downsample2_Q13\frame_0022.jpg,D:\visualization2026\dowsample2_Q13\stitched_frames\frame_0022.jpg,D:\visualization2026\dowsample2_Q13_hess_matched\stitched_frames\frame_0022.jpg,1668,1297,0.021546569593607984,-0.10526214354226274,59.74680763671416,-45.62568893465982,86.48726203242126,-10.123119330322766,-26.740454395707097,-35.502569604337054,44.446421113512486,-13.370227197853549,-17.751284802168527,13.370227197853549,17.751284802168527,0,0,44.446421113512486,559.7964538152972,872.9572525395228,473.309191782876,883.0803718698455,12,12,0.8929734739143413,0.07495647438349914,-13.501742108277025,-0.08432961847465345,0.9521805745441159,118.4547168965511,-3.741694663507287e-05,4.467324381347946e-06,1.0,1.0,0.0,81.37022719785355,0.0,1.0,114.75128480216853,0.0,0.0,1.0
frame_0024.jpg,frame_0024,24,D:\visualization2026\visualization\left_downsample2_Q13\frame_0024.jpg,D:\visualization2026\visualization\right_downsample2_Q13\frame_0024.jpg,D:\visualization2026\dowsample2_Q13\stitched_frames\frame_0024.jpg,D:\visualization2026\dowsample2_Q13_hess_matched\stitched_frames\frame_0024.jpg,1668,1297,0.02170523721229367,-0.10542026757157923,60.15086519167797,-46.136861838631255,87.03066601505435,-8.393529093601387,-26.879800823376378,-37.74333274502987,46.33662545985011,-13.439900411688189,-18.871666372514934,13.439900411688189,18.871666372514934,0,0,46.33662545985011,560.3305149576526,873.0994215609807,473.2998489425982,881.492950654582,12,12,0.8929760808732653,0.07495616313065225,-13.571415322111665,-0.08428769721722487,0.9521755694362102,117.3343353262047,-3.741694663507287e-05,4.467324381347946e-06,1.0,1.0,0.0,81.43990041168819,0.0,1.0,115.87166637251494,0.0,0.0,1.0
frame_0026.jpg,frame_0026,26,D:\visualization2026\visualization\left_downsample2_Q13\frame_0026.jpg,D:\visualization2026\visualization\right_downsample2_Q13\frame_0026.jpg,D:\visualization2026\dowsample2_Q13\stitched_frames\frame_0026.jpg,D:\visualization2026\dowsample2_Q13_hess_matched\stitched_frames\frame_0026.jpg,1668,1297,0.022013705406958683,-0.10577015324575108,60.938872051468984,-47.118581501182774,86.07561969057997,-10.030474759819072,-25.136747639110986,-37.0881067413637,44.803836259087674,-12.568373819555493,-18.54405337068185,12.568373819555493,18.54405337068185,0,0,44.803836259087674,559.9270877389392,872.9584429143317,473.85146804835927,882.9889176741508,12,12,0.8929434710092764,0.07496005652264628,-12.69988872997897,-0.08429995549543141,0.952177032989761,117.66194832803778,-3.741694663507287e-05,4.467324381347946e-06,1.0,1.0,0.0,80.56837381955549,0.0,1.0,115.54405337068185,0.0,0.0,1.0
frame_0028.jpg,frame_0028,28,D:\visualization2026\visualization\left_downsample2_Q13\frame_0028.jpg,D:\visualization2026\visualization\right_downsample2_Q13\frame_0028.jpg,D:\visualization2026\dowsample2_Q13\stitched_frames\frame_0028.jpg,D:\visualization2026\dowsample2_Q13_hess_matched\stitched_frames\frame_0028.jpg,1668,1297,0.022733958555496897,-0.10629626732946675,62.761887758414126,-49.49341183786471,87.32391704506313,-9.66575247602134,-24.562029286649,-39.827659361843374,46.79247517412638,-12.2810146433245,-19.913829680921687,12.2810146433245,19.913829680921687,0,0,46.79247517412638,560.4955408392753,873.0081489173334,473.1716237942122,882.6739013933548,12,12,0.8929327189063143,0.07496134024930046,-12.412529553747977,-0.08424870264832919,0.9521709137546532,116.29217201779795,-3.741694663507287e-05,4.467324381347946e-06,1.0,1.0,0.0,80.2810146433245,0.0,1.0,116.91382968092168,0.0,0.0,1.0
frame_0030.jpg,frame_0030,30,D:\visualization2026\visualization\left_downsample2_Q13\frame_0030.jpg,D:\visualization2026\visualization\right_downsample2_Q13\frame_0030.jpg,D:\visualization2026\dowsample2_Q13\stitched_frames\frame_0030.jpg,D:\visualization2026\dowsample2_Q13_hess_matched\stitched_frames\frame_0030.jpg,1668,1297,0.023254463163026567,-0.10680510349526988,64.08681168939476,-51.1731066724176,84.38601470940392,-9.313625566566202,-20.29920302000916,-41.8594811058514,46.52175621898511,-10.14960151000458,-20.9297405529257,10.14960151000458,20.9297405529257,0,0,46.52175621898511,560.3088893807449,873.152339960749,475.92287467134094,882.4659655273152,12,12,0.8928529679348476,0.07497086196315766,-10.281116420428056,-0.08421069036544543,0.9521663753512454,115.27626114579394,-3.741694663507287e-05,4.467324381347946e-06,1.0,1.0,0.0,78.14960151000457,0.0,1.0,117.9297405529257,0.0,0.0,1.0
frame_0032.jpg,frame_0032,32,D:\visualization2026\visualization\left_downsample2_Q13\frame_0032.jpg,D:\visualization2026\visualization\right_downsample2_Q13\frame_0032.jpg,D:\visualization2026\dowsample2_Q13\stitched_frames\frame_0032.jpg,D:\visualization2026\dowsample2_Q13_hess_matched\stitched_frames\frame_0032.jpg,1668,1297,0.023104921010904195,-0.10690699267448153,63.72059773404551,-50.62009042841513,85.27074161295201,-10.087822953463046,-21.550143878906496,-40.532267474952086,45.90504773837655,-10.775071939453248,-20.266133737476043,10.775071939453248,20.266133737476043,0,0,45.90504773837655,562.426814780474,872.674119407374,477.15607316752204,882.761942360837,12,12,0.8928763711285281,0.07496806778385838,-10.906586849876724,-0.08423552050624578,0.9521693398981517,115.93986796124359,-3.741694663507287e-05,4.467324381347946e-06,1.0,1.0,0.0,78.77507193945326,0.0,1.0,117.26613373747604,0.0,0.0,1.0
frame_0034.jpg,frame_0034,34,D:\visualization2026\visualization\left_downsample2_Q13\frame_0034.jpg,D:\visualization2026\visualization\right_downsample2_Q13\frame_0034.jpg,D:\visualization2026\dowsample2_Q13\stitched_frames\frame_0034.jpg,D:\visualization2026\dowsample2_Q13_hess_matched\stitched_frames\frame_0034.jpg,1668,1297,0.022674592482305744,-0.10623426292039331,62.61054273257131,-49.30296145475812,87.97137854142562,-9.957942992508606,-25.36083580885431,-39.34501846224951,46.81028167740953,-12.680417904427156,-19.672509231124756,12.680417904427156,19.672509231124756,0,0,46.81028167740953,567.1456857157327,872.8055897710241,479.1743071743071,882.7635327635327,12,12,0.8929476633568209,0.07495955598537414,-12.811932814850632,-0.0842577321227212,0.9521719918113823,116.53349246759487,-3.741694663507287e-05,4.467324381347946e-06,1.0,1.0,0.0,80.68041790442716,0.0,1.0,116.67250923112476,0.0,0.0,1.0
frame_0036.jpg,frame_0036,36,D:\visualization2026\visualization\left_downsample2_Q13\frame_0036.jpg,D:\visualization2026\visualization\right_downsample2_Q13\frame_0036.jpg,D:\visualization2026\dowsample2_Q13\stitched_frames\frame_0036.jpg,D:\visualization2026\dowsample2_Q13_hess_matched\stitched_frames\frame_0036.jpg,1668,1297,0.022249466791106343,-0.10558355263659383,61.51471696646931,-47.99781450366177,88.85716341591143,-9.768570209915652,-27.34244644944212,-38.22924429374612,47.000898896845904,-13.67122322472106,-19.11462214687306,13.67122322472106,19.11462214687306,0,0,47.000898896845904,576.7216176342241,873.2982030807681,487.8644542183127,883.0667732906837,12,12,0.892984736266616,0.07495512973660963,-13.802738135144537,-0.08427860655398103,0.9521744840739558,117.09137955184657,-3.741694663507287e-05,4.467324381347946e-06,1.0,1.0,0.0,81.67122322472106,0.0,1.0,116.11462214687306,0.0,0.0,1.0
frame_0038.jpg,frame_0038,38,D:\visualization2026\visualization\left_downsample2_Q13\frame_0038.jpg,D:\visualization2026\visualization\right_downsample2_Q13\frame_0038.jpg,D:\visualization2026\dowsample2_Q13\stitched_frames\frame_0038.jpg,D:\visualization2026\dowsample2_Q13_hess_matched\stitched_frames\frame_0038.jpg,1668,1297,0.021997877877854177,-0.10573051427740224,60.89717707943912,-47.074366692437266,104.34211665163673,-15.46887085392666,-43.44493957219761,-31.605495838510606,53.72494896814713,-21.722469786098806,-15.802747919255303,21.722469786098806,15.802747919255303,0,0,53.72494896814713,591.4563367111123,868.0481607762437,487.11422005947554,883.5170316301703,12,12,0.893285989329549,0.07491916220654574,-21.853984696522282,-0.08440252677521788,0.9521892792904408,120.40325377946434,-3.741694663507287e-05,4.467324381347946e-06,1.0,1.0,0.0,89.7224697860988,0.0,1.0,112.8027479192553,0.0,0.0,1.0
frame_0040.jpg,frame_0040,40,D:\visualization2026\visualization\left_downsample2_Q13\frame_0040.jpg,D:\visualization2026\visualization\right_downsample2_Q13\frame_0040.jpg,D:\visualization2026\dowsample2_Q13\stitched_frames\frame_0040.jpg,D:\visualization2026\dowsample2_Q13_hess_matched\stitched_frames\frame_0040.jpg,1668,1297,0.021744107192086554,-0.10645420738724969,60.30777696671303,-45.97952344395311,96.65615144248068,-16.00194656520989,-36.34837447576765,-29.97757687874322,47.11538435109701,-18.174187237883825,-14.98878843937161,18.174187237883825,14.98878843937161,0,0,47.11538435109701,592.7171415414906,868.2094065701036,496.0609900990099,884.2113531353135,12,12,0.8931532234307962,0.0749350135356853,-18.3057021483073,-0.0844329826536398,0.9521929155114707,121.21721325934803,-3.741694663507287e-05,4.467324381347946e-06,1.0,1.0,0.0,86.17418723788383,0.0,1.0,111.9887884393716,0.0,0.0,1.0
frame_0042.jpg,frame_0042,42,D:\visualization2026\visualization\left_downsample2_Q13\frame_0042.jpg,D:\visualization2026\visualization\right_downsample2_Q13\frame_0042.jpg,D:\visualization2026\dowsample2_Q13\stitched_frames\frame_0042.jpg,D:\visualization2026\dowsample2_Q13_hess_matched\stitched_frames\frame_0042.jpg,1668,1297,0.021553807573536587,-0.10703137088840373,59.867799465388174,-45.148725260303294,105.21541222383837,-15.099721139546432,-45.3476127584502,-30.049004120756862,54.39989551037408,-22.6738063792251,-15.024502060378431,22.6738063792251,15.024502060378431,0,0,54.39989551037408,601.3944658350587,868.5911951011142,496.1790536112203,883.6909162406606,12,12,0.8933215854400859,0.0749149122773884,-22.805321289648575,-0.08443164635898845,0.9521927559671408,121.1814996383412,-3.741694663507287e-05,4.467324381347946e-06,1.0,1.0,0.0,90.6738063792251,0.0,1.0,112.02450206037844,0.0,0.0,1.0
frame_0044.jpg,frame_0044,44,D:\visualization2026\visualization\left_downsample2_Q13\frame_0044.jpg,D:\visualization2026\visualization\right_downsample2_Q13\frame_0044.jpg,D:\visualization2026\dowsample2_Q13\stitched_frames\frame_0044.jpg,D:\visualization2026\dowsample2_Q13_hess_matched\stitched_frames\frame_0044.jpg,1668,1297,0.021568917564941587,-0.10694163213365943,59.900178239656704,-45.227159102226246,97.11388404260151,-15.426763452301884,-37.21370580294481,-29.80039564992436,47.67518726214045,-18.606852901472404,-14.90019782496218,18.606852901472404,14.90019782496218,0,0,47.67518726214045,601.1900417157741,868.5465749837231,504.0761576731726,883.973338436025,12,12,0.8931694124588415,0.07493308067781737,-18.73836781189588,-0.08443629744393152,0.9521933112744825,121.30580387375745,-3.741694663507287e-05,4.467324381347946e-06,1.0,1.0,0.0,86.60685290147241,0.0,1.0,111.90019782496218,0.0,0.0,1.0
frame_0046.jpg,frame_0046,46,D:\visualization2026\visualization\left_downsample2_Q13\frame_0046.jpg,D:\visualization2026\visualization\right_downsample2_Q13\frame_0046.jpg,D:\visualization2026\dowsample2_Q13\stitched_frames\frame_0046.jpg,D:\visualization2026\dowsample2_Q13_hess_matched\stitched_frames\frame_0046.jpg,1668,1297,0.021939510717886024,-0.10683888351848755,60.81644070305221,-46.55511737682627,100.46229804555054,-15.707611149559511,-39.64585734249833,-30.847506227266756,50.233083170983946,-19.822928671249166,-15.423753113633378,19.822928671249166,15.423753113633378,0,0,50.233083170983946,605.7434574658404,868.6139962285696,505.28115942028984,884.3216073781291,12,12,0.8932149143010235,0.07492764807288148,-19.954443581672642,-0.0844167076036348,0.9521909723831764,120.78224858508625,-3.741694663507287e-05,4.467324381347946e-06,1.0,1.0,0.0,87.82292867124917,0.0,1.0,112.42375311363338,0.0,0.0,1.0
frame_0048.jpg,frame_0048,48,D:\visualization2026\visualization\left_downsample2_Q13\frame_0048.jpg,D:\visualization2026\visualization\right_downsample2_Q13\frame_0048.jpg,D:\visualization2026\dowsample2_Q13\stitched_frames\frame_0048.jpg,D:\visualization2026\dowsample2_Q13_hess_matched\stitched_frames\frame_0048.jpg,1668,1297,0.022375306224520386,-0.10674501818604487,61.89548015317063,-48.10906241305753,99.78861832902578,-16.23969019478011,-37.89313817585515,-31.86937221827742,49.5130973218356,-18.946569087927575,-15.93468610913871,18.946569087927575,15.93468610913871,0,0,49.5130973218356,609.8096157043539,868.7628094927588,510.0209973753281,885.002499687539,12,12,0.8931821236012613,0.07493156305541489,-19.07808399835105,-0.08439759005100789,0.9521886898797484,120.27131558958092,-3.741694663507287e-05,4.467324381347946e-06,1.0,1.0,0.0,86.94656908792757,0.0,1.0,112.93468610913871,0.0,0.0,1.0
frame_0050.jpg,frame_0050,50,D:\visualization2026\visualization\left_downsample2_Q13\frame_0050.jpg,D:\visualization2026\visualization\right_downsample2_Q13\frame_0050.jpg,D:\visualization2026\dowsample2_Q13\stitched_frames\frame_0050.jpg,D:\visualization2026\dowsample2_Q13_hess_matched\stitched_frames\frame_0050.jpg,1668,1297,0.02257305346309979,-0.10655823029253302,62.37671371014223,-48.85512375559373,102.32390852946492,-15.011720998216902,-39.94719481932268,-33.84340275737683,52.35603388465309,-19.97359740966134,-16.921701378688415,19.97359740966134,16.921701378688415,0,0,52.35603388465309,614.6000307474958,868.7977848486333,512.2761222180309,883.8095058468502,12,12,0.8932205518651682,0.07492697498675287,-20.105112320084817,-0.08436065895333915,0.9521842805623699,119.28430032003122,-3.741694663507287e-05,4.467324381347946e-06,1.0,1.0,0.0,87.97359740966134,0.0,1.0,113.92170137868841,0.0,0.0,1.0
frame_0052.jpg,frame_0052,52,D:\visualization2026\visualization\left_downsample2_Q13\frame_0052.jpg,D:\visualization2026\visualization\right_downsample2_Q13\frame_0052.jpg,D:\visualization2026\dowsample2_Q13\stitched_frames\frame_0052.jpg,D:\visualization2026\dowsample2_Q13_hess_matched\stitched_frames\frame_0052.jpg,1668,1297,0.022628981471020715,-0.10643483838801536,62.50871172461141,-49.08616392319561,101.38147276274549,-15.610840581567004,-38.87276103813408,-33.47532334162861,51.29998853366792,-19.43638051906704,-16.737661670814305,19.43638051906704,16.737661670814305,0,0,51.29998853366792,618.5036381841637,869.0791581076452,517.1221654214182,884.6899986892122,12,12,0.8932004508494414,0.0749293749088663,-19.567895429490516,-0.0843675451572674,0.952185102727444,119.46834002790533,-3.741694663507287e-05,4.467324381347946e-06,1.0,1.0,0.0,87.43638051906704,0.0,1.0,113.7376616708143,0.0,0.0,1.0
frame_0054.jpg,frame_0054,54,D:\visualization2026\visualization\left_downsample2_Q13\frame_0054.jpg,D:\visualization2026\visualization\right_downsample2_Q13\frame_0054.jpg,D:\visualization2026\dowsample2_Q13\stitched_frames\frame_0054.jpg,D:\visualization2026\dowsample2_Q13_hess_matched\stitched_frames\frame_0054.jpg,1668,1297,0.02260971366631262,-0.10630044632425134,62.45294022182875,-49.056795168648534,100.26757962949046,-16.32884814900524,-37.81463940766171,-32.727947019643295,50.01065356153687,-18.907319703830854,-16.363973509821648,18.907319703830854,16.363973509821648,0,0,50.01065356153687,622.8562267912808,869.0169883101096,522.5886471617904,885.3458364591148,12,12,0.893180655009151,0.07493173839514541,-19.03883461425433,-0.08438152742724542,0.9521867721136766,119.84202818889798,-3.741694663507287e-05,4.467324381347946e-06,1.0,1.0,0.0,86.90731970383085,0.0,1.0,113.36397350982165,0.0,0.0,1.0
frame_0056.jpg,frame_0056,56,D:\visualization2026\visualization\left_downsample2_Q13\frame_0056.jpg,D:\visualization2026\visualization\right_downsample2_Q13\frame_0056.jpg,D:\visualization2026\dowsample2_Q13\stitched_frames\frame_0056.jpg,D:\visualization2026\dowsample2_Q13_hess_matched\stitched_frames\frame_0056.jpg,1668,1297,0.022532791618269765,-0.10603065250225656,62.245811515646274,-48.86381476062389,105.82779596953571,-15.824354019218731,-43.58198445388944,-33.03946074140516,54.689993006233905,-21.79099222694472,-16.51973037070258,21.79099222694472,16.51973037070258,0,0,54.689993006233905,631.6883297134412,869.208363455762,525.8605337439055,885.0327174749807,12,12,0.8932885532300614,0.07491885609457508,-21.922507137368196,-0.08437569948109379,0.9521860762972545,119.68627132801706,-3.741694663507287e-05,4.467324381347946e-06,1.0,1.0,0.0,89.79099222694472,0.0,1.0,113.51973037070258,0.0,0.0,1.0
frame_0058.jpg,frame_0058,58,D:\visualization2026\visualization\left_downsample2_Q13\frame_0058.jpg,D:\visualization2026\visualization\right_downsample2_Q13\frame_0058.jpg,D:\visualization2026\dowsample2_Q13\stitched_frames\frame_0058.jpg,D:\visualization2026\dowsample2_Q13_hess_matched\stitched_frames\frame_0058.jpg,1668,1297,0.022405231387278013,-0.10568438646136913,61.908215542730254,-48.515079629498246,98.01263594773229,-16.746205511818744,-36.10442040500204,-31.768874117679502,48.09148090344166,-18.05221020250102,-15.884437058839751,18.05221020250102,15.884437058839751,0,0,48.09148090344166,631.5581361991148,869.1008281734502,533.5455002513825,885.8470336852689,12,12,0.8931486594225726,0.07493555844666942,-18.183725112924495,-0.08439947021704139,0.9521889143585559,120.32156463987988,-3.741694663507287e-05,4.467324381347946e-06,1.0,1.0,0.0,86.05221020250102,0.0,1.0,112.88443705883975,0.0,0.0,1.0
frame_0060.jpg,frame_0060,60,D:\visualization2026\visualization\left_downsample2_Q13\frame_0060.jpg,D:\visualization2026\visualization\right_downsample2_Q13\frame_0060.jpg,D:\visualization2026\dowsample2_Q13\stitched_frames\frame_0060.jpg,D:\visualization2026\dowsample2_Q13_hess_matched\stitched_frames\frame_0060.jpg,1668,1297,0.02226389347449198,-0.10536761026770626,61.5380494778226,-48.10968612784068,102.81576638892864,-16.433204137441976,-41.27771691110604,-31.676481990398706,52.031235087026936,-20.63885845555302,-15.838240995199353,20.63885845555302,15.838240995199353,0,0,52.031235087026936,636.0606357324594,868.9079048491737,533.2448693435308,885.3411089866157,12,12,0.8932454439022207,0.07492400304986259,-20.770373365976496,-0.08440119873268936,0.9521891207313573,120.36776070352028,-3.741694663507287e-05,4.467324381347946e-06,1.0,1.0,0.0,88.63885845555302,0.0,1.0,112.83824099519936,0.0,0.0,1.0
frame_0062.jpg,frame_0062,62,D:\visualization2026\visualization\left_downsample2_Q13\frame_0062.jpg,D:\visualization2026\visualization\right_downsample2_Q13\frame_0062.jpg,D:\visualization2026\dowsample2_Q13\stitched_frames\frame_0062.jpg,D:\visualization2026\dowsample2_Q13_hess_matched\stitched_frames\frame_0062.jpg,1668,1297,0.022137667369064834,-0.10518955869179109,61.21356465041641,-47.71786609653236,105.72095430383808,-16.860306614132355,-44.507389653421676,-30.857559482400006,54.15807152190116,-22.253694826710838,-15.428779741200003,22.253694826710838,15.428779741200003,0,0,54.15807152190116,643.0330136279323,868.9633014578345,537.3120593240942,885.8236080719669,12,12,0.8933058661485448,0.07491678905196983,-22.385209737134314,-0.08441651952257939,0.9521909499276004,120.77722195751963,-3.741694663507287e-05,4.467324381347946e-06,1.0,1.0,0.0,90.25369482671084,0.0,1.0,112.4287797412,0.0,0.0,1.0
frame_0064.jpg,frame_0064,64,D:\visualization2026\visualization\left_downsample2_Q13\frame_0064.jpg,D:\visualization2026\visualization\right_downsample2_Q13\frame_0064.jpg,D:\visualization2026\dowsample2_Q13\stitched_frames\frame_0064.jpg,D:\visualization2026\dowsample2_Q13_hess_matched\stitched_frames\frame_0064.jpg,1668,1297,0.021868648556795073,-0.10545854375450367,60.55975192341615,-46.69868760440704,102.13000110705707,-16.660227989816804,-41.57024918364092,-30.038459614590238,51.28737342862634,-20.78512459182046,-15.019229807295119,20.78512459182046,15.019229807295119,0,0,51.28737342862634,644.652169209967,868.9517365412185,542.52216810291,885.6119645310353,12,12,0.893250916734436,0.07492334963158588,-20.916639502243935,-0.0844318436306007,0.9521927795200056,121.18677189142451,-3.741694663507287e-05,4.467324381347946e-06,1.0,1.0,0.0,88.78512459182046,0.0,1.0,112.01922980729512,0.0,0.0,1.0
frame_0066.jpg,frame_0066,66,D:\visualization2026\visualization\left_downsample2_Q13\frame_0066.jpg,D:\visualization2026\visualization\right_downsample2_Q13\frame_0066.jpg,D:\visualization2026\dowsample2_Q13\stitched_frames\frame_0066.jpg,D:\visualization2026\dowsample2_Q13_hess_matched\stitched_frames\frame_0066.jpg,1668,1297,0.02151462374661478,-0.10596586660149843,59.70826942083712,-45.31392572271184,106.56423263848785,-16.53831044015442,-46.85596321765073,-28.775615282557425,54.98651947471844,-23.427981608825366,-14.387807641278712,23.427981608825366,14.387807641278712,0,0,54.98651947471844,653.1686429698718,869.2024303005862,546.604410331384,885.7407407407406,12,12,0.8933498043744054,0.0749115431319974,-23.559496519248842,-0.08445546952009075,0.9521956002876427,121.81819405744092,-3.741694663507287e-05,4.467324381347946e-06,1.0,1.0,0.0,91.42798160882536,0.0,1.0,111.38780764127871,0.0,0.0,1.0
frame_0068.jpg,frame_0068,68,D:\visualization2026\visualization\left_downsample2_Q13\frame_0068.jpg,D:\visualization2026\visualization\right_downsample2_Q13\frame_0068.jpg,D:\visualization2026\dowsample2_Q13\stitched_frames\frame_0068.jpg,D:\visualization2026\dowsample2_Q13_hess_matched\stitched_frames\frame_0068.jpg,1668,1297,0.021195742754260893,-0.10637751599317712,58.93867562304176,-44.079493490553325,99.33593828350047,-17.422769538574244,-40.39726266045871,-26.65672395197908,48.39958431960038,-20.198631330229354,-13.32836197598954,20.198631330229354,13.32836197598954,0,0,48.39958431960038,653.2885834925274,868.9627280566903,553.952645209027,886.3854975952645,12,12,0.8932289719473652,0.07492596968723288,-20.33014624065283,-0.08449511074201163,0.952200333175094,122.8776397227301,-3.741694663507287e-05,4.467324381347946e-06,1.0,1.0,0.0,88.19863133022935,0.0,1.0,110.32836197598954,0.0,0.0,1.0
frame_0070.jpg,frame_0070,70,D:\visualization2026\visualization\left_downsample2_Q13\frame_0070.jpg,D:\visualization2026\visualization\right_downsample2_Q13\frame_0070.jpg,D:\visualization2026\dowsample2_Q13\stitched_frames\frame_0070.jpg,D:\visualization2026\dowsample2_Q13_hess_matched\stitched_frames\frame_0070.jpg,1668,1297,0.02053768075760312,-0.10723006444040105,57.35067274972332,-41.53118061280754,104.36214422917885,-16.939319695778067,-47.01147147945553,-24.59186091702947,53.055047582922604,-23.505735739727765,-12.295930458514736,23.505735739727765,12.295930458514736,0,0,53.055047582922604,657.89581794666,869.6349569879078,553.5336737174812,886.5742766836859,12,12,0.893352713696572,0.07491119577907267,-23.63725065015124,-0.08453374117700535,0.9522049453815841,123.9100712402049,-3.741694663507287e-05,4.467324381347946e-06,1.0,1.0,0.0,91.50573573972777,0.0,1.0,109.29593045851473,0.0,0.0,1.0
frame_0072.jpg,frame_0072,72,D:\visualization2026\visualization\left_downsample2_Q13\frame_0072.jpg,D:\visualization2026\visualization\right_downsample2_Q13\frame_0072.jpg,D:\visualization2026\dowsample2_Q13\stitched_frames\frame_0072.jpg,D:\visualization2026\dowsample2_Q13_hess_matched\stitched_frames\frame_0072.jpg,1668,1297,0.020022313330728597,-0.10822048669331778,56.12579886639204,-39.443810867348226,103.57309028763734,-17.925530427791955,-47.4472914212453,-21.51828043955627,52.09877019938156,-23.72364571062265,-10.759140219778136,23.72364571062265,10.759140219778136,0,0,52.09877019938156,662.200663055875,869.5662488926318,558.6275727682377,887.4917793204238,12,12,0.8933608672223242,0.07491022230454675,-23.855160621046128,-0.08459124317535746,0.9522118107220866,125.4468614789415,-3.741694663507287e-05,4.467324381347946e-06,1.0,1.0,0.0,91.72364571062265,0.0,1.0,107.75914021977813,0.0,0.0,1.0
frame_0074.jpg,frame_0074,74,D:\visualization2026\visualization\left_downsample2_Q13\frame_0074.jpg,D:\visualization2026\visualization\right_downsample2_Q13\frame_0074.jpg,D:\visualization2026\dowsample2_Q13\stitched_frames\frame_0074.jpg,D:\visualization2026\dowsample2_Q13_hess_matched\stitched_frames\frame_0074.jpg,1668,1297,0.020415835381389524,-0.1085966120287761,57.126994600109136,-40.71616117639412,103.43014096055344,-17.54766126485208,-46.30314636044431,-23.168499911542035,51.77606349489936,-23.151573180222154,-11.584249955771018,23.151573180222154,11.584249955771018,0,0,51.77606349489936,666.6846035507547,869.4739870450605,563.2544625902012,887.0216483099126,12,12,0.8933394620149828,0.0749127779381097,-23.28308809064563,-0.08456037008839774,0.9522081246892458,124.62175174294862,-3.741694663507287e-05,4.467324381347946e-06,1.0,1.0,0.0,91.15157318022216,0.0,1.0,108.58424995577101,0.0,0.0,1.0
frame_0076.jpg,frame_0076,76,D:\visualization2026\visualization\left_downsample2_Q13\frame_0076.jpg,D:\visualization2026\visualization\right_downsample2_Q13\frame_0076.jpg,D:\visualization2026\dowsample2_Q13\stitched_frames\frame_0076.jpg,D:\visualization2026\dowsample2_Q13_hess_matched\stitched_frames\frame_0076.jpg,1668,1297,0.01857127857984167,-0.10858012225382502,52.535745741898076,-34.256386952749374,99.5692117289276,-18.52296875291995,-47.03346598702952,-15.733418199829423,49.59523536594808,-23.51673299351476,-7.866709099914711,23.51673299351476,7.866709099914711,0,0,49.59523536594808,670.900140059856,869.6833804534292,571.3309283309284,888.2063492063492,12,12,0.8933531251802301,0.0749111466507727,-23.648247903938238,-0.08469946911621501,0.9522247321501498,128.33929259880492,-3.741694663507287e-05,4.467324381347946e-06,1.0,1.0,0.0,91.51673299351476,0.0,1.0,104.86670909991471,0.0,0.0,1.0
frame_0078.jpg,frame_0078,78,D:\visualization2026\visualization\left_downsample2_Q13\frame_0078.jpg,D:\visualization2026\visualization\right_downsample2_Q13\frame_0078.jpg,D:\visualization2026\dowsample2_Q13\stitched_frames\frame_0078.jpg,D:\visualization2026\dowsample2_Q13_hess_matched\stitched_frames\frame_0078.jpg,1668,1297,0.015165519554886292,-0.10854535974750538,44.058288928231335,-22.33039261921757,103.00263589895667,-18.234214726808318,-58.944346970725334,-4.096177892409251,59.0865019537586,-29.472173485362667,-2.0480889462046257,29.472173485362667,2.0480889462046257,0,0,59.0865019537586,675.6408671403447,869.7412330998233,572.638231241388,887.9754478266316,12,12,0.8935759595793019,0.0748845417662618,-29.603688395786143,-0.08491718411599615,0.9522507258138282,134.15791275251502,-3.741694663507287e-05,4.467324381347946e-06,1.0,1.0,0.0,97.47217348536267,0.0,1.0,99.04808894620463,0.0,0.0,1.0
frame_0080.jpg,frame_0080,80,D:\visualization2026\visualization\left_downsample2_Q13\frame_0080.jpg,D:\visualization2026\visualization\right_downsample2_Q13\frame_0080.jpg,D:\visualization2026\dowsample2_Q13\stitched_frames\frame_0080.jpg,D:\visualization2026\dowsample2_Q13_hess_matched\stitched_frames\frame_0080.jpg,1668,1297,0.013745438499525586,-0.1085137439158351,40.52249272459574,-17.362535919405012,1.0910468045906327,-26.855312850368023,39.43144592000511,9.49277693096301,40.558004650171235,19.715722960002555,4.746388465481505,-19.715722960002555,-4.746388465481505,2,1,40.558004650171235,1289.7704740401255,82.88363123691038,1288.6794272355348,109.7389440872784,12,12,0.8917354986829142,0.0751042800553194,19.58420804957908,-0.08517141271472241,0.952281078948428,140.95239016420115,-3.741694663507287e-05,4.467324381347946e-06,1.0,1.0,0.0,48.28427703999745,0.0,1.0,92.2536115345185,0.0,0.0,1.0
frame_0082.jpg,frame_0082,82,D:\visualization2026\visualization\left_downsample2_Q13\frame_0082.jpg,D:\visualization2026\visualization\right_downsample2_Q13\frame_0082.jpg,D:\visualization2026\dowsample2_Q13\stitched_frames\frame_0082.jpg,D:\visualization2026\dowsample2_Q13_hess_matched\stitched_frames\frame_0082.jpg,1668,1297,0.015644585504236086,-0.10861166682541976,45.254332441521065,-23.990506630123004,100.04883055749212,-19.676170762788047,-54.79449811597106,-4.314335867334957,54.96408388900272,-27.39724905798553,-2.1571679336674787,27.39724905798553,2.1571679336674787,0,0,54.96408388900272,684.025639016997,870.038921763047,583.9768084595049,889.7150925258351,12,12,0.893498322242731,0.07489381112674567,-27.528763968409006,-0.08491310271334324,0.952250238522608,134.04883376505217,-3.741694663507287e-05,4.467324381347946e-06,1.0,1.0,0.0,95.39724905798553,0.0,1.0,99.15716793366748,0.0,0.0,1.0
frame_0084.jpg,frame_0084,84,D:\visualization2026\visualization\left_downsample2_Q13\frame_0084.jpg,D:\visualization2026\visualization\right_downsample2_Q13\frame_0084.jpg,D:\visualization2026\dowsample2_Q13\stitched_frames\frame_0084.jpg,D:\visualization2026\dowsample2_Q13_hess_matched\stitched_frames\frame_0084.jpg,1668,1297,0.01861730585302976,-0.10882290692295607,52.66441887225253,-34.34876176468108,104.3754985190775,-19.31705505164541,-51.71107964682496,-15.031706713035668,53.85153632856723,-25.85553982341248,-7.515853356517834,25.85553982341248,7.515853356517834,0,0,53.85153632856723,688.4979474986693,870.210859562476,584.1224489795918,889.5279146141214,12,12,0.8934406361905741,0.07490069844199823,-25.987054733835958,-0.08471259706684231,0.9522262995365666,128.6901483422018,-3.741694663507287e-05,4.467324381347946e-06,1.0,1.0,0.0,93.85553982341249,0.0,1.0,104.51585335651784,0.0,0.0,1.0
frame_0086.jpg,frame_0086,86,D:\visualization2026\visualization\left_downsample2_Q13\frame_0086.jpg,D:\visualization2026\visualization\right_downsample2_Q13\frame_0086.jpg,D:\visualization2026\dowsample2_Q13\stitched_frames\frame_0086.jpg,D:\visualization2026\dowsample2_Q13_hess_matched\stitched_frames\frame_0086.jpg,1668,1297,0.02036472707029513,-0.10901394350417919,57.024099740365784,-40.41855503306698,108.8115294691953,-19.549932857489125,-51.78742972882952,-20.868622175577855,55.83401534392342,-25.89371486441476,-10.434311087788927,25.89371486441476,10.434311087788927,0,0,55.83401534392342,697.4649385601044,870.4357442258441,588.6534090909091,889.9856770833333,12,12,0.8934420645840461,0.0749005279017068,-26.025229774838238,-0.08460339728965462,0.9522132618391878,125.7716906109307,-3.741694663507287e-05,4.467324381347946e-06,1.0,1.0,0.0,93.89371486441476,0.0,1.0,107.43431108778893,0.0,0.0,1.0
frame_0088.jpg,frame_0088,88,D:\visualization2026\visualization\left_downsample2_Q13\frame_0088.jpg,D:\visualization2026\visualization\right_downsample2_Q13\frame_0088.jpg,D:\visualization2026\dowsample2_Q13\stitched_frames\frame_0088.jpg,D:\visualization2026\dowsample2_Q13_hess_matched\stitched_frames\frame_0088.jpg,1668,1297,0.020490597925723664,-0.10902713866777923,57.338104871080596,-40.85593710461016,104.27455933708063,-19.350599088992794,-46.936454466000036,-21.50533801561737,51.62858046668388,-23.468227233000018,-10.752669007808684,23.468227233000018,10.752669007808684,0,0,51.62858046668388,697.4046498348182,870.4592299708362,593.1300904977376,889.809829059829,12,12,0.8933513102427775,0.07491136334173928,-23.599742143423494,-0.08459148530835038,0.9522118396310897,125.45333269091094,-3.741694663507287e-05,4.467324381347946e-06,1.0,1.0,0.0,91.46822723300002,0.0,1.0,107.75266900780869,0.0,0.0,1.0
frame_0090.jpg,frame_0090,90,D:\visualization2026\visualization\left_downsample2_Q13\frame_0090.jpg,D:\visualization2026\visualization\right_downsample2_Q13\frame_0090.jpg,D:\visualization2026\dowsample2_Q13\stitched_frames\frame_0090.jpg,D:\visualization2026\dowsample2_Q13_hess_matched\stitched_frames\frame_0090.jpg,1668,1297,0.020284677630264702,-0.10895273983925163,56.82132953695364,-40.15539011984027,101.59795395088872,-19.37562376139465,-44.77662441393508,-20.77976635844562,49.36339518122913,-22.38831220696754,-10.38988317922281,22.38831220696754,10.38988317922281,0,0,49.36339518122913,702.2624561153908,870.7844220751218,600.6645021645021,890.1600458365165,12,12,0.8933109031198779,0.07491618767246486,-22.519827117391017,-0.08460505964633855,0.9522134603130669,125.81611851949683,-3.741694663507287e-05,4.467324381347946e-06,1.0,1.0,0.0,90.38831220696754,0.0,1.0,107.3898831792228,0.0,0.0,1.0
frame_0092.jpg,frame_0092,92,D:\visualization2026\visualization\left_downsample2_Q13\frame_0092.jpg,D:\visualization2026\visualization\right_downsample2_Q13\frame_0092.jpg,D:\visualization2026\dowsample2_Q13\stitched_frames\frame_0092.jpg,D:\visualization2026\dowsample2_Q13_hess_matched\stitched_frames\frame_0092.jpg,1668,1297,0.02014269652726408,-0.10902455669924871,56.4721813109268,-39.63741073928271,102.97758464980541,-20.205804563362562,-46.50540333887861,-19.431606175920145,50.401784276827335,-23.252701669439304,-9.715803087960072,23.252701669439304,9.715803087960072,0,0,50.401784276827335,706.5545557076896,870.5303481312482,603.5769710578842,890.7361526946107,12,12,0.8933432459342672,0.07491232616434418,-23.38421657986278,-0.08463028166514108,0.9522164716474936,126.49019861075956,-3.741694663507287e-05,4.467324381347946e-06,1.0,1.0,0.0,91.2527016694393,0.0,1.0,106.71580308796007,0.0,0.0,1.0
frame_0094.jpg,frame_0094,94,D:\visualization2026\visualization\left_downsample2_Q13\frame_0094.jpg,D:\visualization2026\visualization\right_downsample2_Q13\frame_0094.jpg,D:\visualization2026\dowsample2_Q13\stitched_frames\frame_0094.jpg,D:\visualization2026\dowsample2_Q13_hess_matched\stitched_frames\frame_0094.jpg,1668,1297,0.02025735477349941,-0.10955380449184174,56.78832056908738,-39.88897610609186,109.49219433332667,-19.776522181522864,-52.70387376423928,-20.112453924568996,56.41107260657947,-26.35193688211964,-10.056226962284498,26.35193688211964,10.056226962284498,0,0,56.41107260657947,715.2177198588522,870.7111655061647,605.7255255255255,890.4876876876875,12,12,0.8934592098528296,0.07489848087531505,-26.483451792543118,-0.08461754404320218,0.9522149508636198,126.14977473643513,-3.741694663507287e-05,4.467324381347946e-06,1.0,1.0,0.0,94.35193688211965,0.0,1.0,107.0562269622845,0.0,0.0,1.0
frame_0096.jpg,frame_0096,96,D:\visualization2026\visualization\left_downsample2_Q13\frame_0096.jpg,D:\visualization2026\visualization\right_downsample2_Q13\frame_0096.jpg,D:\visualization2026\dowsample2_Q13\stitched_frames\frame_0096.jpg,D:\visualization2026\dowsample2_Q13_hess_matched\stitched_frames\frame_0096.jpg,1668,1297,0.02054098809890459,-0.1103477626643933,57.54037207674485,-40.65757537084458,101.07943597025337,-20.044986463531814,-43.53906389350852,-20.61258890731277,48.171868410773634,-21.76953194675426,-10.306294453656385,21.76953194675426,10.306294453656385,0,0,48.171868410773634,715.0230837689954,870.6126235993612,613.9436477987421,890.657610062893,12,12,0.8932877502519028,0.074918951964608,-21.901046857177736,-0.08460818728122235,0.9522138337310186,125.89970724506324,-3.741694663507287e-05,4.467324381347946e-06,1.0,1.0,0.0,89.76953194675426,0.0,1.0,107.30629445365639,0.0,0.0,1.0
frame_0098.jpg,frame_0098,98,D:\visualization2026\visualization\left_downsample2_Q13\frame_0098.jpg,D:\visualization2026\visualization\right_downsample2_Q13\frame_0098.jpg,D:\visualization2026\dowsample2_Q13\stitched_frames\frame_0098.jpg,D:\visualization2026\dowsample2_Q13_hess_matched\stitched_frames\frame_0098.jpg,1668,1297,0.02100766056730946,-0.11083014975066081,58.72979203948179,-42.15611902524388,103.10145121610162,-20.19625958377992,-44.371659176619836,-21.959859441463962,49.50837873304846,-22.185829588309918,-10.979929720731981,22.185829588309918,10.979929720731981,0,0,49.50837873304846,719.7018102825289,871.1286955329167,616.6003590664272,891.3249551166966,12,12,0.8933033268385411,0.07491709222800398,-22.317344498733394,-0.08458298190638269,0.9522108243837659,125.22607197798766,-3.741694663507287e-05,4.467324381347946e-06,1.0,1.0,0.0,90.18582958830991,0.0,1.0,107.97992972073197,0.0,0.0,1.0
frame_0100.jpg,frame_0100,100,D:\visualization2026\visualization\left_downsample2_Q13\frame_0100.jpg,D:\visualization2026\visualization\right_downsample2_Q13\frame_0100.jpg,D:\visualization2026\dowsample2_Q13\stitched_frames\frame_0100.jpg,D:\visualization2026\dowsample2_Q13_hess_matched\stitched_frames\frame_0100.jpg,1668,1297,0.021505993584372607,-0.10960365607168639,59.8985340045416,-44.25081663328562,106.3417937053631,-20.22409841302556,-46.4432597008215,-24.026718220260065,52.29014782990891,-23.22162985041075,-12.013359110130033,23.22162985041075,12.013359110130033,0,0,52.29014782990891,724.3243191392351,870.8407729215046,617.982525433872,891.0648713345302,12,12,0.8933420833216728,0.0749124649722389,-23.353144760834226,-0.08454431413406846,0.9522062077194582,124.19264258858959,-3.741694663507287e-05,4.467324381347946e-06,1.0,1.0,0.0,91.22162985041075,0.0,1.0,109.01335911013004,0.0,0.0,1.0
frame_0102.jpg,frame_0102,102,D:\visualization2026\visualization\left_downsample2_Q13\frame_0102.jpg,D:\visualization2026\visualization\right_downsample2_Q13\frame_0102.jpg,D:\visualization2026\dowsample2_Q13\stitched_frames\frame_0102.jpg,D:\visualization2026\dowsample2_Q13_hess_matched\stitched_frames\frame_0102.jpg,1668,1297,0.02189743290347035,-0.10651486520963933,60.69286774817392,-46.49964824407103,109.99045584726684,-20.869129960636883,-49.29758809909293,-25.63051828343415,55.562358300069306,-24.648794049546463,-12.815259141717075,24.648794049546463,12.815259141717075,0,0,55.562358300069306,733.2245784945042,871.0668748966793,623.2341226472373,891.9360048573162,12,12,0.8933954834483513,0.0749060893668159,-24.78030895996994,-0.08451430948337992,0.9522026253718957,123.39074255700255,-3.741694663507287e-05,4.467324381347946e-06,1.0,1.0,0.0,92.64879404954647,0.0,1.0,109.81525914171708,0.0,0.0,1.0
frame_0104.jpg,frame_0104,104,D:\visualization2026\visualization\left_downsample2_Q13\frame_0104.jpg,D:\visualization2026\visualization\right_downsample2_Q13\frame_0104.jpg,D:\visualization2026\dowsample2_Q13\stitched_frames\frame_0104.jpg,D:\visualization2026\dowsample2_Q13_hess_matched\stitched_frames\frame_0104.jpg,1668,1297,0.022329881022122272,-0.10379983841034153,61.61100964222224,-48.78607838261748,101.83979824131052,-20.76319382293434,-40.228788599088276,-28.022884559683142,49.02690578851028,-20.114394299544138,-14.011442279841571,20.114394299544138,14.011442279841571,0,0,49.02690578851028,733.2755345321299,871.1394555917298,631.4357362908194,891.9026494146641,12,12,0.8932258200548834,0.07492634600137388,-20.245909209967614,-0.08446955196273492,0.9521972816337982,122.19455941887806,-3.741694663507287e-05,4.467324381347946e-06,1.0,1.0,0.0,88.11439429954413,0.0,1.0,111.01144227984157,0.0,0.0,1.0
frame_0106.jpg,frame_0106,106,D:\visualization2026\visualization\left_downsample2_Q13\frame_0106.jpg,D:\visualization2026\visualization\right_downsample2_Q13\frame_0106.jpg,D:\visualization2026\dowsample2_Q13\stitched_frames\frame_0106.jpg,D:\visualization2026\dowsample2_Q13_hess_matched\stitched_frames\frame_0106.jpg,1668,1297,0.022866951614347875,-0.10262074337230627,62.87891124805119,-51.00307844993602,106.00726342845905,-21.320163917749824,-43.128352180407866,-29.682914532186196,52.35580366036188,-21.564176090203933,-14.841457266093098,21.564176090203933,14.841457266093098,0,0,52.35580366036188,737.6623795615412,871.2022466283895,631.6551161330822,892.5224105461393,12,12,0.893280066462777,0.07491986935583282,-21.69569100062741,-0.08443849533628804,0.9521935736876133,121.36454443262653,-3.741694663507287e-05,4.467324381347946e-06,1.0,1.0,0.0,89.56417609020393,0.0,1.0,111.8414572660931,0.0,0.0,1.0
frame_0108.jpg,frame_0108,108,D:\visualization2026\visualization\left_downsample2_Q13\frame_0108.jpg,D:\visualization2026\visualization\right_downsample2_Q13\frame_0108.jpg,D:\visualization2026\dowsample2_Q13\stitched_frames\frame_0108.jpg,D:\visualization2026\dowsample2_Q13_hess_matched\stitched_frames\frame_0108.jpg,1668,1297,0.023367233409649024,-0.10194770450769876,64.0847172665882,-52.9474654508729,109.80974923617794,-20.661516235573004,-45.725031969589736,-32.285949215299894,55.97464662999604,-22.862515984794868,-16.142974607649947,22.862515984794868,16.142974607649947,0,0,55.97464662999604,745.9510894046144,871.2383983256377,636.1413401684365,891.8999145612107,12,12,0.8933286463773271,0.07491406925036645,-22.994030895218344,-0.08438979653137439,0.9521877593874606,120.06302709106969,-3.741694663507287e-05,4.467324381347946e-06,1.0,1.0,0.0,90.86251598479487,0.0,1.0,113.14297460764995,0.0,0.0,1.0
frame_0110.jpg,frame_0110,110,D:\visualization2026\visualization\left_downsample2_Q13\frame_0110.jpg,D:\visualization2026\visualization\right_downsample2_Q13\frame_0110.jpg,D:\visualization2026\dowsample2_Q13\stitched_frames\frame_0110.jpg,D:\visualization2026\dowsample2_Q13_hess_matched\stitched_frames\frame_0110.jpg,1668,1297,0.023620588901482553,-0.1016139583031037,64.6957814027839,-53.93013746505282,101.87989762174857,-21.824620844538913,-37.184116218964675,-32.10551662051391,49.12659866564717,-18.592058109482338,-16.052758310256955,18.592058109482338,16.052758310256955,0,0,49.12659866564717,746.4414041025507,871.088438583194,644.5615064808021,892.913059427733,12,12,0.8931688588828992,0.07493314677095235,-18.723573019905814,-0.08439317214975955,0.9521881624129255,120.15324338846267,-3.741694663507287e-05,4.467324381347946e-06,1.0,1.0,0.0,86.59205810948234,0.0,1.0,113.05275831025696,0.0,0.0,1.0
frame_0112.jpg,frame_0112,112,D:\visualization2026\visualization\left_downsample2_Q13\frame_0112.jpg,D:\visualization2026\visualization\right_downsample2_Q13\frame_0112.jpg,D:\visualization2026\dowsample2_Q13\stitched_frames\frame_0112.jpg,D:\visualization2026\dowsample2_Q13_hess_matched\stitched_frames\frame_0112.jpg,1668,1297,0.02354744836463457,-0.1013708838331031,64.4996184387938,-53.74282346303847,106.94931064506409,-21.745510535809785,-42.449692206270285,-31.997312927228684,53.158295711676836,-21.224846103135143,-15.998656463614342,21.224846103135143,15.998656463614342,0,0,53.158295711676836,751.2612654306643,871.3463926463992,644.3119547856002,893.091903182209,12,12,0.8932673697707592,0.07492138525295738,-21.35636101355862,-0.08439519647566825,0.9521884041034241,120.2073452351053,-3.741694663507287e-05,4.467324381347946e-06,1.0,1.0,0.0,89.22484610313515,0.0,1.0,112.99865646361434,0.0,0.0,1.0
frame_0114.jpg,frame_0114,114,D:\visualization2026\visualization\left_downsample2_Q13\frame_0114.jpg,D:\visualization2026\visualization\right_downsample2_Q13\frame_0114.jpg,D:\visualization2026\dowsample2_Q13\stitched_frames\frame_0114.jpg,D:\visualization2026\dowsample2_Q13_hess_matched\stitched_frames\frame_0114.jpg,1668,1297,0.023402630904545058,-0.10098486554279534,64.11676300693779,-53.344895142721995,106.21880166120445,-19.527572023759035,-42.102038654266664,-33.81732311896296,54.0017870239283,-21.051019327133332,-16.90866155948148,21.051019327133332,16.90866155948148,0,0,54.0017870239283,760.8973994471824,871.9012102640638,654.6785977859779,891.4287822878229,12,12,0.8932608657035578,0.07492216179355195,-21.18253423755681,-0.08436114686355854,0.9521843388154722,119.29734013923814,-3.741694663507287e-05,4.467324381347946e-06,1.0,1.0,0.0,89.05101932713333,0.0,1.0,113.90866155948149,0.0,0.0,1.0
frame_0116.jpg,frame_0116,116,D:\visualization2026\visualization\left_downsample2_Q13\frame_0116.jpg,D:\visualization2026\visualization\right_downsample2_Q13\frame_0116.jpg,D:\visualization2026\dowsample2_Q13\stitched_frames\frame_0116.jpg,D:\visualization2026\dowsample2_Q13_hess_matched\stitched_frames\frame_0116.jpg,1668,1297,0.023270037185987857,-0.10064104686422545,63.76678335276054,-52.97782471985551,128.79715378286983,-1.1256248444476569,-65.03037043010929,-51.852199875407855,83.17210896806981,-32.51518521505464,-25.926099937703928,32.51518521505464,25.926099937703928,0,0,83.17210896806981,761.3187007441958,871.6295623869826,632.521546961326,872.7551872314302,12,12,0.8936898197868017,0.07487094764576901,-32.64670012547812,-0.08402374185297554,0.9521440549931478,110.27990176101571,-3.741694663507287e-05,4.467324381347946e-06,1.0,1.0,0.0,100.51518521505464,0.0,1.0,122.92609993770392,0.0,0.0,1.0
frame_0118.jpg,frame_0118,118,D:\visualization2026\visualization\left_downsample2_Q13\frame_0118.jpg,D:\visualization2026\visualization\right_downsample2_Q13\frame_0118.jpg,D:\visualization2026\dowsample2_Q13\stitched_frames\frame_0118.jpg,D:\visualization2026\dowsample2_Q13_hess_matched\stitched_frames\frame_0118.jpg,1668,1297,0.023228055274139264,-0.10054903960912615,63.65695349764897,-52.85681767297418,125.97698678666518,-1.62499212511932,-62.32003328901621,-51.23182554785486,80.67519134225789,-31.160016644508104,-25.61591277392743,31.160016644508104,25.61591277392743,0,0,80.67519134225789,765.6060669053595,871.7220652438223,639.6290801186943,873.3470573689416,12,12,0.893639113516716,0.07487700162336505,-31.29153155493158,-0.08403534810952944,0.9521454406998273,110.5900889247922,-3.741694663507287e-05,4.467324381347946e-06,1.0,1.0,0.0,99.1600166445081,0.0,1.0,122.61591277392743,0.0,0.0,1.0
frame_0120.jpg,frame_0120,120,D:\visualization2026\visualization\left_downsample2_Q13\frame_0120.jpg,D:\visualization2026\visualization\right_downsample2_Q13\frame_0120.jpg,D:\visualization2026\dowsample2_Q13\stitched_frames\frame_0120.jpg,D:\visualization2026\dowsample2_Q13_hess_matched\stitched_frames\frame_0120.jpg,1668,1297,0.02329091304621242,-0.10069159077248287,63.82167612951744,-53.03663577289278,128.45207450645887,-1.5722937973447415,-64.63039837694143,-51.46434197554804,82.61759430858726,-32.315199188470714,-25.73217098777402,32.315199188470714,25.73217098777402,0,0,82.61759430858726,770.1844926182122,871.818120460844,641.7324181117533,873.3904142581888,12,12,0.8936823369203173,0.0748718410482215,-32.44671409889419,-0.08403099808214605,0.952144921336674,110.4738307109456,-3.741694663507287e-05,4.467324381347946e-06,1.0,1.0,0.0,100.31519918847071,0.0,1.0,122.73217098777403,0.0,0.0,1.0
frame_0122.jpg,frame_0122,122,D:\visualization2026\visualization\left_downsample2_Q13\frame_0122.jpg,D:\visualization2026\visualization\right_downsample2_Q13\frame_0122.jpg,D:\visualization2026\dowsample2_Q13\stitched_frames\frame_0122.jpg,D:\visualization2026\dowsample2_Q13_hess_matched\stitched_frames\frame_0122.jpg,1668,1297,0.02336566826007888,-0.10076431437303347,64.01194186659703,-53.27797566552184,128.71029184919166,-1.7930551148023142,-64.69834998259464,-51.48492055071953,82.6835747569262,-32.34917499129732,-25.742460275359765,32.34917499129732,25.742460275359765,0,0,82.6835747569262,774.401668177336,872.1850768347899,645.6913763281443,873.9781319495922,12,12,0.8936836081911185,0.07487168926728915,-32.480689901720794,-0.08403061308842155,0.9521448753710888,110.46354142335987,-3.741694663507287e-05,4.467324381347946e-06,1.0,1.0,0.0,100.34917499129732,0.0,1.0,122.74246027535976,0.0,0.0,1.0
frame_0124.jpg,frame_0124,124,D:\visualization2026\visualization\left_downsample2_Q13\frame_0124.jpg,D:\visualization2026\visualization\right_downsample2_Q13\frame_0124.jpg,D:\visualization2026\dowsample2_Q13\stitched_frames\frame_0124.jpg,D:\visualization2026\dowsample2_Q13_hess_matched\stitched_frames\frame_0124.jpg,1668,1297,0.023352201645348597,-0.10043342801714068,63.959169818184826,-53.324727708097384,133.73599600458226,-1.8184612546888275,-69.77682618639744,-51.50626645340856,86.72774040995326,-34.88841309319872,-25.75313322670428,34.88841309319872,25.75313322670428,0,0,86.72774040995326,783.2833555007063,872.1359961096522,649.547359496124,873.954457364341,12,12,0.8937786187276711,0.07486034566700649,-35.0199280036222,-0.08403021373917065,0.9521448276915531,110.45286847201535,-3.741694663507287e-05,4.467324381347946e-06,1.0,1.0,0.0,102.88841309319872,0.0,1.0,122.75313322670428,0.0,0.0,1.0
frame_0126.jpg,frame_0126,126,D:\visualization2026\visualization\left_downsample2_Q13\frame_0126.jpg,D:\visualization2026\visualization\right_downsample2_Q13\frame_0126.jpg,D:\visualization2026\dowsample2_Q13\stitched_frames\frame_0126.jpg,D:\visualization2026\dowsample2_Q13_hess_matched\stitched_frames\frame_0126.jpg,1668,1297,0.02325788023273051,-0.09964066977994157,63.678302082458934,-53.21925257222353,129.09529416572548,-1.8018148843083281,-65.41699208326654,-51.4174376879152,83.20538294853765,-32.70849604163327,-25.7087188439576,32.70849604163327,25.7087188439576,0,0,83.20538294853765,783.6730468619883,872.0616162669332,654.5777526962628,873.8634311512416,12,12,0.8936970528876838,0.07487008406360027,-32.840010952056744,-0.0840318755897597,0.952145026105008,110.49728285476203,-3.741694663507287e-05,4.467324381347946e-06,1.0,1.0,0.0,100.70849604163327,0.0,1.0,122.7087188439576,0.0,0.0,1.0
frame_0128.jpg,frame_0128,128,D:\visualization2026\visualization\left_downsample2_Q13\frame_0128.jpg,D:\visualization2026\visualization\right_downsample2_Q13\frame_0128.jpg,D:\visualization2026\dowsample2_Q13\stitched_frames\frame_0128.jpg,D:\visualization2026\dowsample2_Q13_hess_matched\stitched_frames\frame_0128.jpg,1668,1297,0.023212475629158624,-0.09881122270736023,63.51703121753214,-53.295628799060204,126.42193281150162,-4.883365697308136,-62.90490159396948,-48.41226310175207,79.37741406206332,-31.45245079698474,-24.206131550876034,31.45245079698474,24.206131550876034,0,0,79.37741406206332,789.5431017352365,869.6811389356213,663.1211689237349,874.5645046329295,12,12,0.8936500555097935,0.07487569522514576,-31.583965707408215,-0.08408809781831948,0.9521517386498575,111.9998701478436,-3.741694663507287e-05,4.467324381347946e-06,1.0,1.0,0.0,99.45245079698473,0.0,1.0,121.20613155087604,0.0,0.0,1.0
frame_0130.jpg,frame_0130,130,D:\visualization2026\visualization\left_downsample2_Q13\frame_0130.jpg,D:\visualization2026\visualization\right_downsample2_Q13\frame_0130.jpg,D:\visualization2026\dowsample2_Q13\stitched_frames\frame_0130.jpg,D:\visualization2026\dowsample2_Q13_hess_matched\stitched_frames\frame_0130.jpg,1668,1297,0.02324699260525767,-0.09841063305453346,63.57961203052959,-53.530335306893654,109.43446856890591,-15.78486311126494,-45.854856538376325,-37.745472195628714,59.39182215950319,-22.927428269188162,-18.872736097814357,22.927428269188162,18.872736097814357,0,0,59.39182215950319,772.7838135470719,858.6451465927622,663.349344978166,874.4300097040272,12,12,0.8933310751968082,0.07491377926613572,-23.05894317961164,-0.08428765719137044,0.9521755646574003,117.33326560090528,-3.741694663507287e-05,4.467324381347946e-06,1.0,1.0,0.0,90.92742826918817,0.0,1.0,115.87273609781435,0.0,0.0,1.0
frame_0132.jpg,frame_0132,132,D:\visualization2026\visualization\left_downsample2_Q13\frame_0132.jpg,D:\visualization2026\visualization\right_downsample2_Q13\frame_0132.jpg,D:\visualization2026\dowsample2_Q13\stitched_frames\frame_0132.jpg,D:\visualization2026\dowsample2_Q13_hess_matched\stitched_frames\frame_0132.jpg,1668,1297,0.023061766605418615,-0.09855393312157525,63.127007065764104,-52.84050338231702,109.74406171818237,-16.30528423627493,-46.61705465241826,-36.53521914604209,59.228135396244504,-23.30852732620913,-18.267609573021044,23.30852732620913,18.267609573021044,0,0,59.228135396244504,777.7114953465009,858.5088750557604,667.9674336283185,874.8141592920354,12,12,0.8933453347598874,0.07491207677302658,-23.440042236632607,-0.0843102991782561,0.9521782679538783,117.93839212569858,-3.741694663507287e-05,4.467324381347946e-06,1.0,1.0,0.0,91.30852732620913,0.0,1.0,115.26760957302105,0.0,0.0,1.0
frame_0134.jpg,frame_0134,134,D:\visualization2026\visualization\left_downsample2_Q13\frame_0134.jpg,D:\visualization2026\visualization\right_downsample2_Q13\frame_0134.jpg,D:\visualization2026\dowsample2_Q13\stitched_frames\frame_0134.jpg,D:\visualization2026\dowsample2_Q13_hess_matched\stitched_frames\frame_0134.jpg,1668,1297,0.02288621666246199,-0.09857358041285039,62.691284206506424,-52.21969054584263,110.75157988369256,-16.44214099448766,-48.06029567718613,-35.77754955135497,59.91514893979833,-24.030147838593066,-17.888774775677486,24.030147838593066,17.888774775677486,0,0,59.91514893979833,782.4616108581981,859.1179018932893,671.7100309745056,875.560042887777,12,12,0.8933723355960901,0.07490885306011753,-24.161662749016543,-0.0843244740196518,0.952179960331805,118.31722692304214,-3.741694663507287e-05,4.467324381347946e-06,1.0,1.0,0.0,92.03014783859307,0.0,1.0,114.88877477567749,0.0,0.0,1.0
frame_0136.jpg,frame_0136,136,D:\visualization2026\visualization\left_downsample2_Q13\frame_0136.jpg,D:\visualization2026\visualization\right_downsample2_Q13\frame_0136.jpg,D:\visualization2026\dowsample2_Q13\stitched_frames\frame_0136.jpg,D:\visualization2026\dowsample2_Q13_hess_matched\stitched_frames\frame_0136.jpg,1668,1297,0.023101275915050595,-0.0979019993787729,63.18738185732315,-53.16406925351837,113.29884193711905,-16.175226355590894,-50.1114600797959,-36.988842897927476,62.2842911997603,-25.05573003989795,-18.494421448963738,25.05573003989795,18.494421448963738,0,0,62.2842911997603,789.9318920540996,859.3369026925558,676.6330501169806,875.5121290481467,12,12,0.8934107097505861,0.07490427145174457,-25.187244950321425,-0.08430181257039775,0.9521772547116549,117.7115802497559,-3.741694663507287e-05,4.467324381347946e-06,1.0,1.0,0.0,93.05573003989795,0.0,1.0,115.49442144896373,0.0,0.0,1.0
frame_0138.jpg,frame_0138,138,D:\visualization2026\visualization\left_downsample2_Q13\frame_0138.jpg,D:\visualization2026\visualization\right_downsample2_Q13\frame_0138.jpg,D:\visualization2026\dowsample2_Q13\stitched_frames\frame_0138.jpg,D:\visualization2026\dowsample2_Q13_hess_matched\stitched_frames\frame_0138.jpg,1668,1297,0.02413738328085252,-0.09713271613924467,65.72101960095135,-57.0136433362657,107.42432459222948,-16.261311420857282,-41.70330499127813,-40.75233191540842,58.308817547084416,-20.851652495639065,-20.37616595770421,20.851652495639065,20.37616595770421,0,0,58.308817547084416,791.8307642085927,859.4320728030613,684.4064396163632,875.6933842239185,12,12,0.8932534060054629,0.07492305242985911,-20.98316740606254,-0.08423140343653336,0.9521688483485315,115.82983574101542,-3.741694663507287e-05,4.467324381347946e-06,1.0,1.0,0.0,88.85165249563906,0.0,1.0,117.37616595770422,0.0,0.0,1.0
frame_0140.jpg,frame_0140,140,D:\visualization2026\visualization\left_downsample2_Q13\frame_0140.jpg,D:\visualization2026\visualization\right_downsample2_Q13\frame_0140.jpg,D:\visualization2026\dowsample2_Q13\stitched_frames\frame_0140.jpg,D:\visualization2026\dowsample2_Q13_hess_matched\stitched_frames\frame_0140.jpg,1668,1297,0.02528415173010387,-0.09619832555034276,68.52043377517549,-61.297919893365126,113.14231685856942,-17.3712168419313,-44.621883083393925,-43.926703051433826,62.615235293632196,-22.310941541696963,-21.963351525716913,22.310941541696963,21.963351525716913,0,0,62.615235293632196,801.0608441980554,859.40996803452,687.918527339486,876.7811848764513,12,12,0.8933080081458245,0.07491653331232423,-22.44245645212044,-0.08417201579883507,0.9521617578757459,114.24265017300272,-3.741694663507287e-05,4.467324381347946e-06,1.0,1.0,0.0,90.31094154169696,0.0,1.0,118.96335152571692,0.0,0.0,1.0
frame_0142.jpg,frame_0142,142,D:\visualization2026\visualization\left_downsample2_Q13\frame_0142.jpg,D:\visualization2026\visualization\right_downsample2_Q13\frame_0142.jpg,D:\visualization2026\dowsample2_Q13\stitched_frames\frame_0142.jpg,D:\visualization2026\dowsample2_Q13_hess_matched\stitched_frames\frame_0142.jpg,1668,1297,0.025695921264027616,-0.09505227812842333,69.47843983251157,-63.0664052706122,145.6116567263166,-9.29574484087857,-76.13321689380503,-53.77066042973363,93.20703105264582,-38.066608446902514,-26.885330214866816,38.066608446902514,26.885330214866816,0,0,93.20703105264582,804.6651473851169,859.290095867086,659.0534906588003,868.5858407079646,12,12,0.8938975370936164,0.0748461476374142,-38.19812335732599,-0.08398785038488418,0.9521397698003433,109.32067148385282,-3.741694663507287e-05,4.467324381347946e-06,1.0,1.0,0.0,106.0666084469025,0.0,1.0,123.88533021486681,0.0,0.0,1.0
frame_0144.jpg,frame_0144,144,D:\visualization2026\visualization\left_downsample2_Q13\frame_0144.jpg,D:\visualization2026\visualization\right_downsample2_Q13\frame_0144.jpg,D:\visualization2026\dowsample2_Q13\stitched_frames\frame_0144.jpg,D:\visualization2026\dowsample2_Q13_hess_matched\stitched_frames\frame_0144.jpg,1668,1297,0.02531150300263435,-0.09523416442679566,68.53237905612178,-61.66752609235052,140.92136924993906,-10.485386378626572,-72.38899019381728,-51.18213971372395,88.65538521125342,-36.19449509690864,-25.591069856861974,36.19449509690864,25.591069856861974,0,0,88.65538521125342,809.0977752033903,858.7362697995774,668.1764059534512,869.221656178204,12,12,0.8938274883283049,0.07485451097502728,-36.326010007332115,-0.08403627765563154,0.9521455516811964,110.61493184185765,-3.741694663507287e-05,4.467324381347946e-06,1.0,1.0,0.0,104.19449509690864,0.0,1.0,122.59106985686198,0.0,0.0,1.0
frame_0146.jpg,frame_0146,146,D:\visualization2026\visualization\left_downsample2_Q13\frame_0146.jpg,D:\visualization2026\visualization\right_downsample2_Q13\frame_0146.jpg,D:\visualization2026\dowsample2_Q13\stitched_frames\frame_0146.jpg,D:\visualization2026\dowsample2_Q13_hess_matched\stitched_frames\frame_0146.jpg,1668,1297,0.024769747854602314,-0.09579296996500343,67.21671507081595,-59.61022491080318,120.27375240259153,-14.280883236931913,-53.057037331775575,-45.32934167387127,69.78394103955429,-26.528518665887788,-22.664670836935635,26.528518665887788,22.664670836935635,0,0,69.78394103955429,788.6063881773797,854.7752204003376,668.3326357747882,869.0561036372695,12,12,0.8934658170040095,0.07489769202720711,-26.660033576311264,-0.08414577457159306,0.9521586248548877,113.54133086178399,-3.741694663507287e-05,4.467324381347946e-06,1.0,1.0,0.0,94.52851866588779,0.0,1.0,119.66467083693564,0.0,0.0,1.0
frame_0148.jpg,frame_0148,148,D:\visualization2026\visualization\left_downsample2_Q13\frame_0148.jpg,D:\visualization2026\visualization\right_downsample2_Q13\frame_0148.jpg,D:\visualization2026\dowsample2_Q13\stitched_frames\frame_0148.jpg,D:\visualization2026\dowsample2_Q13_hess_matched\stitched_frames\frame_0148.jpg,1668,1297,0.0246892420427397,-0.09524461926691155,66.98445426800735,-59.48377439430288,115.81236973696832,-14.467048389002002,-48.82791546896097,-45.016726005300875,66.41288240454806,-24.413957734480483,-22.508363002650437,24.413957734480483,22.508363002650437,0,0,66.41288240454806,788.6048694882863,854.9116445384823,672.792499751318,869.3786929274843,12,12,0.8933866965904825,0.07490713845681184,-24.54547264490396,-0.08415162313348715,0.9521593231326868,113.69763869606919,-3.741694663507287e-05,4.467324381347946e-06,1.0,1.0,0.0,92.41395773448048,0.0,1.0,119.50836300265044,0.0,0.0,1.0
frame_0150.jpg,frame_0150,150,D:\visualization2026\visualization\left_downsample2_Q13\frame_0150.jpg,D:\visualization2026\visualization\right_downsample2_Q13\frame_0150.jpg,D:\visualization2026\dowsample2_Q13\stitched_frames\frame_0150.jpg,D:\visualization2026\dowsample2_Q13_hess_matched\stitched_frames\frame_0150.jpg,1668,1297,0.024962863528822654,-0.09409490682230834,67.5984573843932,-60.769145046175346,116.53326870417811,-14.49645096436609,-48.93481131978491,-46.272694081809256,67.34818465624485,-24.467405659892457,-23.136347040904628,24.467405659892457,23.136347040904628,0,0,67.34818465624485,793.4800293226945,854.9594112395877,676.9467606185164,869.4558622039538,12,12,0.8933886964486554,0.07490689968759151,-24.598920570315933,-0.0841281258882401,0.9521565177242817,113.06965465781501,-3.741694663507287e-05,4.467324381347946e-06,1.0,1.0,0.0,92.46740565989245,0.0,1.0,120.13634704090462,0.0,0.0,1.0
frame_0152.jpg,frame_0152,152,D:\visualization2026\visualization\left_downsample2_Q13\frame_0152.jpg,D:\visualization2026\visualization\right_downsample2_Q13\frame_0152.jpg,D:\visualization2026\dowsample2_Q13\stitched_frames\frame_0152.jpg,D:\visualization2026\dowsample2_Q13_hess_matched\stitched_frames\frame_0152.jpg,1668,1297,0.0251977379639709,-0.09298904415750958,68.118588486589,-61.90627221306753,116.15837508154073,-14.800361741756092,-48.03978659495172,-47.10591047131144,67.28140825978386,-24.01989329747586,-23.55295523565572,24.01989329747586,23.55295523565572,0,0,67.28140825978386,797.9588711132867,855.3650152423709,681.800496031746,870.165376984127,12,12,0.8933719519024723,0.07490889887047908,-24.151408207899337,-0.08411253768164938,0.9521546566003357,112.65304646306392,-3.741694663507287e-05,4.467324381347946e-06,1.0,1.0,0.0,92.01989329747586,0.0,1.0,120.55295523565572,0.0,0.0,1.0
frame_0154.jpg,frame_0154,154,D:\visualization2026\visualization\left_downsample2_Q13\frame_0154.jpg,D:\visualization2026\visualization\right_downsample2_Q13\frame_0154.jpg,D:\visualization2026\dowsample2_Q13\stitched_frames\frame_0154.jpg,D:\visualization2026\dowsample2_Q13_hess_matched\stitched_frames\frame_0154.jpg,1668,1297,0.025101974628209067,-0.09221609306227008,67.83528533450223,-61.79011992945587,84.12344526150878,-4.4353393033431985,-16.288159927006546,-57.35478062611267,59.622772616486486,-8.144079963503273,-28.677390313056335,8.144079963503273,28.677390313056335,0,0,59.622772616486486,774.7979056931634,866.6180180108055,690.6744604316547,871.0533573141487,12,12,0.8927779274421667,0.07497982127845967,-8.27559487392675,-0.08392079696782338,0.9521317640865739,107.5286113856633,-3.741694663507287e-05,4.467324381347946e-06,1.0,1.0,0.0,76.14407996350327,0.0,1.0,125.67739031305634,0.0,0.0,1.0
frame_0156.jpg,frame_0156,156,D:\visualization2026\visualization\left_downsample2_Q13\frame_0156.jpg,D:\visualization2026\visualization\right_downsample2_Q13\frame_0156.jpg,D:\visualization2026\dowsample2_Q13\stitched_frames\frame_0156.jpg,D:\visualization2026\dowsample2_Q13_hess_matched\stitched_frames\frame_0156.jpg,1668,1297,0.024947531243186327,-0.09184314620349254,67.42923605329476,-61.35474515425417,86.41414094231243,-7.144946904434505,-18.98490488901767,-54.20979824981966,57.438043489756836,-9.492452444508835,-27.10489912490983,9.492452444508835,27.10489912490983,0,0,57.438043489756836,777.6352620926087,865.5783601974794,691.2211211502963,872.7233071019139,12,12,0.8928283794233327,0.07497379766120013,-9.623967354932311,-0.08397963478669439,0.9521387889147981,109.1011025738098,-3.741694663507287e-05,4.467324381347946e-06,1.0,1.0,0.0,77.49245244450884,0.0,1.0,124.10489912490983,0.0,0.0,1.0
frame_0158.jpg,frame_0158,158,D:\visualization2026\visualization\left_downsample2_Q13\frame_0158.jpg,D:\visualization2026\visualization\right_downsample2_Q13\frame_0158.jpg,D:\visualization2026\dowsample2_Q13\stitched_frames\frame_0158.jpg,D:\visualization2026\dowsample2_Q13_hess_matched\stitched_frames\frame_0158.jpg,1668,1297,0.024814971078921222,-0.09163180030346478,67.08705061444897,-60.950179834364754,89.25433496375024,-8.703559171468441,-22.16728434930127,-52.24662066289631,56.75471668606373,-11.083642174650635,-26.123310331448156,11.083642174650635,26.123310331448156,0,0,56.75471668606373,781.9190139540106,865.6490546230058,692.6646789902603,874.3526137944742,12,12,0.8928879168845516,0.07496668930052332,-11.215157085074111,-0.08401636284219692,0.9521431739903476,110.08269136727148,-3.741694663507287e-05,4.467324381347946e-06,1.0,1.0,0.0,79.08364217465063,0.0,1.0,123.12331033144815,0.0,0.0,1.0
frame_0160.jpg,frame_0160,160,D:\visualization2026\visualization\left_downsample2_Q13\frame_0160.jpg,D:\visualization2026\visualization\right_downsample2_Q13\frame_0160.jpg,D:\visualization2026\dowsample2_Q13\stitched_frames\frame_0160.jpg,D:\visualization2026\dowsample2_Q13_hess_matched\stitched_frames\frame_0160.jpg,1668,1297,0.02458640003110435,-0.09132908136608169,66.50061793369869,-60.23507680808907,108.39015064934131,-7.4433520549719105,-41.889532715642616,-52.79172475311716,67.39212975966686,-20.944766357821308,-26.39586237655858,20.944766357821308,26.39586237655858,0,0,67.39212975966686,783.7646748074673,873.1741198825586,675.374524158126,880.6174719375305,12,12,0.8932568900418751,0.07492263646003235,-21.076281268244784,-0.08400616477686974,0.9521419564119513,109.81013932216105,-3.741694663507287e-05,4.467324381347946e-06,1.0,1.0,0.0,88.94476635782131,0.0,1.0,123.39586237655858,0.0,0.0,1.0
frame_0162.jpg,frame_0162,162,D:\visualization2026\visualization\left_downsample2_Q13\frame_0162.jpg,D:\visualization2026\visualization\right_downsample2_Q13\frame_0162.jpg,D:\visualization2026\dowsample2_Q13\stitched_frames\frame_0162.jpg,D:\visualization2026\dowsample2_Q13_hess_matched\stitched_frames\frame_0162.jpg,1668,1297,0.024084995835314704,-0.09083526175433623,65.22410056460248,-58.618057914771185,104.29006027978733,-2.572653968623513,-39.065959715184846,-56.04540394614767,68.31717581952076,-19.532979857592423,-28.022701973073836,19.532979857592423,28.022701973073836,0,0,68.31717581952076,782.1014223996996,878.564701860182,677.8113621199122,881.1373558288055,12,12,0.893204065301736,0.07492894336828608,-19.6644947680159,-0.08394529340650311,0.9521346887917572,108.1832997256458,-3.741694663507287e-05,4.467324381347946e-06,1.0,1.0,0.0,87.53297985759242,0.0,1.0,125.02270197307384,0.0,0.0,1.0
frame_0164.jpg,frame_0164,164,D:\visualization2026\visualization\left_downsample2_Q13\frame_0164.jpg,D:\visualization2026\visualization\right_downsample2_Q13\frame_0164.jpg,D:\visualization2026\dowsample2_Q13\stitched_frames\frame_0164.jpg,D:\visualization2026\dowsample2_Q13_hess_matched\stitched_frames\frame_0164.jpg,1668,1297,0.02356623593409435,-0.09030595523664306,63.90232694104503,-56.95028966817589,103.76698579900665,-3.1365270358840007,-39.864658857961615,-53.81376263229189,66.97097934558157,-19.932329428980808,-26.906881316145945,19.932329428980808,26.906881316145945,0,0,66.97097934558157,786.4862384234889,878.8244668965054,682.7192526244822,881.9609939323894,12,12,0.8932190077433374,0.07492715934420913,-20.063844339404284,-0.08398704400847769,0.9521396735245832,109.29912038257369,-3.741694663507287e-05,4.467324381347946e-06,1.0,1.0,0.0,87.93232942898081,0.0,1.0,123.90688131614594,0.0,0.0,1.0
frame_0166.jpg,frame_0166,166,D:\visualization2026\visualization\left_downsample2_Q13\frame_0166.jpg,D:\visualization2026\visualization\right_downsample2_Q13\frame_0166.jpg,D:\visualization2026\dowsample2_Q13\stitched_frames\frame_0166.jpg,D:\visualization2026\dowsample2_Q13_hess_matched\stitched_frames\frame_0166.jpg,1668,1297,0.02344294154845178,-0.08990679992440283,63.57226830330877,-56.63152131982781,106.11501511102335,-2.6871490005750047,-42.542746807714586,-53.94437231925281,68.70138725574236,-21.271373403857293,-26.972186159626403,21.271373403857293,26.972186159626403,0,0,68.70138725574236,791.036516164058,878.8273062933173,684.9215010530346,881.5144552938923,12,12,0.8932691106802874,0.07492117740041247,-21.40288831428077,-0.08398460050063418,0.9521393817866637,109.23381553909323,-3.741694663507287e-05,4.467324381347946e-06,1.0,1.0,0.0,89.2713734038573,0.0,1.0,123.9721861596264,0.0,0.0,1.0
frame_0168.jpg,frame_0168,168,D:\visualization2026\visualization\left_downsample2_Q13\frame_0168.jpg,D:\visualization2026\visualization\right_downsample2_Q13\frame_0168.jpg,D:\visualization2026\dowsample2_Q13\stitched_frames\frame_0168.jpg,D:\visualization2026\dowsample2_Q13_hess_matched\stitched_frames\frame_0168.jpg,1668,1297,0.023793285092021,-0.0895796765747121,64.42507845141986,-57.95221843257618,106.28887841115193,-3.3633251273628275,-41.86379995973206,-54.588893305213354,68.79335010999559,-20.93189997986603,-27.294446652606677,20.93189997986603,27.294446652606677,0,0,68.79335010999559,795.963941875319,878.8302894010496,689.6750634641671,882.1936145284125,12,12,0.8932564086212978,0.07492269393831628,-21.063414890289508,-0.08397254249696574,0.9521379421445062,108.91155504611295,-3.741694663507287e-05,4.467324381347946e-06,1.0,1.0,0.0,88.93189997986603,0.0,1.0,124.29444665260668,0.0,0.0,1.0
frame_0170.jpg,frame_0170,170,D:\visualization2026\visualization\left_downsample2_Q13\frame_0170.jpg,D:\visualization2026\visualization\right_downsample2_Q13\frame_0170.jpg,D:\visualization2026\dowsample2_Q13\stitched_frames\frame_0170.jpg,D:\visualization2026\dowsample2_Q13_hess_matched\stitched_frames\frame_0170.jpg,1668,1297,0.02430006040400301,-0.0892604821226778,65.66763984725554,-59.818896993423685,106.9491272830694,-3.171110587889075,-41.28148743581386,-56.64778640553461,70.09374372624372,-20.64074371790693,-28.323893202767305,20.64074371790693,28.323893202767305,0,0,70.09374372624372,800.5687157125005,878.9588641742929,693.6195884294311,882.129974762182,12,12,0.8932455144429816,0.07492399462778411,-20.772258628330405,-0.08393402375033472,0.9521333432728334,107.88210849595232,-3.741694663507287e-05,4.467324381347946e-06,1.0,1.0,0.0,88.64074371790693,0.0,1.0,125.32389320276731,0.0,0.0,1.0
frame_0172.jpg,frame_0172,172,D:\visualization2026\visualization\left_downsample2_Q13\frame_0172.jpg,D:\visualization2026\visualization\right_downsample2_Q13\frame_0172.jpg,D:\visualization2026\dowsample2_Q13\stitched_frames\frame_0172.jpg,D:\visualization2026\dowsample2_Q13_hess_matched\stitched_frames\frame_0172.jpg,1668,1297,0.024698125675631177,-0.08901036631858461,66.64369065028636,-61.2849757928762,106.6328140115761,-3.384509848666653,-39.98912336128974,-57.90046594420955,70.36756315065215,-19.99456168064487,-28.950232972104775,19.99456168064487,28.950232972104775,0,0,70.36756315065215,805.1339293253186,879.3156162302781,698.5011153137425,882.7001260789448,12,12,0.8932213362841769,0.07492688133255397,-20.126076591068347,-0.08391058802861,0.9521305452099108,107.25576872661486,-3.741694663507287e-05,4.467324381347946e-06,1.0,1.0,0.0,87.99456168064486,0.0,1.0,125.95023297210477,0.0,0.0,1.0
frame_0174.jpg,frame_0174,174,D:\visualization2026\visualization\left_downsample2_Q13\frame_0174.jpg,D:\visualization2026\visualization\right_downsample2_Q13\frame_0174.jpg,D:\visualization2026\dowsample2_Q13\stitched_frames\frame_0174.jpg,D:\visualization2026\dowsample2_Q13_hess_matched\stitched_frames\frame_0174.jpg,1668,1297,0.024630117865117374,-0.089009942705527,66.47442452150588,-61.04675507147717,107.6329233703683,-3.3202504919470357,-41.15849884886242,-57.726504579530136,70.89690655072563,-20.57924942443121,-28.863252289765068,20.57924942443121,28.863252289765068,0,0,70.89690655072563,809.9257314138688,879.1960109218212,702.2928080435005,882.5162614137682,12,12,0.8932432135142843,0.07492426934274067,-20.710764334854687,-0.08391384258015938,0.9521309337808337,107.34274940895456,-3.741694663507287e-05,4.467324381347946e-06,1.0,1.0,0.0,88.57924942443121,0.0,1.0,125.86325228976507,0.0,0.0,1.0
frame_0176.jpg,frame_0176,176,D:\visualization2026\visualization\left_downsample2_Q13\frame_0176.jpg,D:\visualization2026\visualization\right_downsample2_Q13\frame_0176.jpg,D:\visualization2026\dowsample2_Q13\stitched_frames\frame_0176.jpg,D:\visualization2026\dowsample2_Q13_hess_matched\stitched_frames\frame_0176.jpg,1668,1297,0.02430960504184332,-0.08916132868292818,65.68562091757413,-59.88049950553218,107.0586609508523,-3.809955319161759,-41.37304003327817,-56.07054418637042,69.6823820413091,-20.686520016639086,-28.03527209318521,20.686520016639086,28.03527209318521,0,0,69.6823820413091,814.3581045522685,879.1473537349606,707.2994436014162,882.9573090541223,12,12,0.8932472272523084,0.0749237901302087,-20.818034927062563,-0.0839448230709897,0.9521346326369532,108.17072960553442,-3.741694663507287e-05,4.467324381347946e-06,1.0,1.0,0.0,88.6865200166391,0.0,1.0,125.03527209318521,0.0,0.0,1.0
frame_0178.jpg,frame_0178,178,D:\visualization2026\visualization\left_downsample2_Q13\frame_0178.jpg,D:\visualization2026\visualization\right_downsample2_Q13\frame_0178.jpg,D:\visualization2026\dowsample2_Q13\stitched_frames\frame_0178.jpg,D:\visualization2026\dowsample2_Q13_hess_matched\stitched_frames\frame_0178.jpg,1668,1297,0.024283020629465246,-0.08914217903182015,65.61834940487351,-59.792768539550686,105.31175484476535,-3.9573856290802496,-39.69340543989183,-55.835382910470436,68.50661588616451,-19.846702719945917,-27.917691455235218,19.846702719945917,27.917691455235218,0,0,68.50661588616451,818.9489300880193,879.5429654592937,713.637175243254,883.5003510883739,12,12,0.8932158038533349,0.0749275418664941,-19.978217630369393,-0.0839492225794452,0.9521351579078039,108.28831024348442,-3.741694663507287e-05,4.467324381347946e-06,1.0,1.0,0.0,87.84670271994591,0.0,1.0,124.91769145523521,0.0,0.0,1.0
frame_0180.jpg,frame_0180,180,D:\visualization2026\visualization\left_downsample2_Q13\frame_0180.jpg,D:\visualization2026\visualization\right_downsample2_Q13\frame_0180.jpg,D:\visualization2026\dowsample2_Q13\stitched_frames\frame_0180.jpg,D:\visualization2026\dowsample2_Q13_hess_matched\stitched_frames\frame_0180.jpg,1668,1297,0.023326904586369657,-0.08821544661878528,63.18505648969934,-56.70507628394183,116.76730248979231,-10.45829925721955,-53.58224600009297,-46.24677702672228,70.7800923408118,-26.791123000046486,-23.12338851336114,26.791123000046486,23.12338851336114,0,0,70.7800923408118,828.1311633868481,879.5994956449737,711.3638608970558,890.0577949021932,12,12,0.8934756428563669,0.07489651888846248,-26.922637910469962,-0.08412861075677368,0.9521565756142276,113.0826131853585,-3.741694663507287e-05,4.467324381347946e-06,1.0,1.0,0.0,94.79112300004648,0.0,1.0,120.12338851336114,0.0,0.0,1.0
frame_0182.jpg,frame_0182,182,D:\visualization2026\visualization\left_downsample2_Q13\frame_0182.jpg,D:\visualization2026\visualization\right_downsample2_Q13\frame_0182.jpg,D:\visualization2026\dowsample2_Q13\stitched_frames\frame_0182.jpg,D:\visualization2026\dowsample2_Q13_hess_matched\stitched_frames\frame_0182.jpg,1668,1297,0.021166173648540787,-0.08667545176047432,57.71831236137792,-49.56979735333492,116.68155303069011,-13.24257294077654,-58.96324066931219,-36.32722441255838,69.25554839684405,-29.481620334656096,-18.16361220627919,29.481620334656096,18.16361220627919,0,0,69.25554839684405,828.0762126551033,879.6125718166569,711.3946596244132,892.8551447574334,12,12,0.8935763130515578,0.07488449956412162,-29.613135245079572,-0.08431419044217765,0.9521787325438503,118.04238949244044,-3.741694663507287e-05,4.467324381347946e-06,1.0,1.0,0.0,97.4816203346561,0.0,1.0,115.1636122062792,0.0,0.0,1.0
frame_0184.jpg,frame_0184,184,D:\visualization2026\visualization\left_downsample2_Q13\frame_0184.jpg,D:\visualization2026\visualization\right_downsample2_Q13\frame_0184.jpg,D:\visualization2026\dowsample2_Q13\stitched_frames\frame_0184.jpg,D:\visualization2026\dowsample2_Q13_hess_matched\stitched_frames\frame_0184.jpg,1668,1297,0.020076624490384,-0.08589208840076012,54.961308163940274,-45.97376755729712,128.60615624264062,-18.567157657600205,-73.64484807870035,-27.406609899696917,78.57916972537326,-36.822424039350174,-13.703304949848459,36.822424039350174,13.703304949848459,0,0,78.57916972537326,824.4356475372617,882.7407890401918,695.8294912946211,901.307946697792,12,12,0.8938509835120348,0.07485170581275295,-36.95393894977365,-0.08448108152076755,0.9521986581832053,122.50269674887117,-3.741694663507287e-05,4.467324381347946e-06,1.0,1.0,0.0,104.82242403935018,0.0,1.0,110.70330494984846,0.0,0.0,1.0
frame_0186.jpg,frame_0186,186,D:\visualization2026\visualization\left_downsample2_Q13\frame_0186.jpg,D:\visualization2026\visualization\right_downsample2_Q13\frame_0186.jpg,D:\visualization2026\dowsample2_Q13\stitched_frames\frame_0186.jpg,D:\visualization2026\dowsample2_Q13_hess_matched\stitched_frames\frame_0186.jpg,1668,1297,0.021470851926165158,-0.08624604287783223,58.451528151475465,-50.75949696414394,133.59491194481336,-19.096919527190153,-75.1433837933379,-31.66257743695379,81.54168834322707,-37.57169189666895,-15.831288718476895,37.57169189666895,15.831288718476895,0,0,81.54168834322707,828.3122591791024,882.8614741401522,694.717347234289,901.9583936673423,12,12,0.8938790188274676,0.07484835859018579,-37.70320680709243,-0.08440145886565649,0.9521891517894325,120.37471298024273,-3.741694663507287e-05,4.467324381347946e-06,1.0,1.0,0.0,105.57169189666895,0.0,1.0,112.8312887184769,0.0,0.0,1.0
frame_0188.jpg,frame_0188,188,D:\visualization2026\visualization\left_downsample2_Q13\frame_0188.jpg,D:\visualization2026\visualization\right_downsample2_Q13\frame_0188.jpg,D:\visualization2026\dowsample2_Q13\stitched_frames\frame_0188.jpg,D:\visualization2026\dowsample2_Q13_hess_matched\stitched_frames\frame_0188.jpg,1668,1297,0.023806391295661866,-0.08685450899472259,64.29907285231012,-58.77189705117335,133.45534542045402,-18.971257082673105,-69.1562725681439,-39.80063996850024,79.79148436657631,-34.57813628407195,-19.90031998425012,34.57813628407195,19.90031998425012,0,0,79.79148436657631,832.896092647541,883.4024537560114,699.440747227087,902.3737108386845,12,12,0.8937670091168619,0.07486173177416088,-34.70965119449543,-0.0842492081399286,0.9521709741068505,116.30568171446951,-3.741694663507287e-05,4.467324381347946e-06,1.0,1.0,0.0,102.57813628407195,0.0,1.0,116.90031998425012,0.0,0.0,1.0
frame_0190.jpg,frame_0190,190,D:\visualization2026\visualization\left_downsample2_Q13\frame_0190.jpg,D:\visualization2026\visualization\right_downsample2_Q13\frame_0190.jpg,D:\visualization2026\dowsample2_Q13\stitched_frames\frame_0190.jpg,D:\visualization2026\dowsample2_Q13_hess_matched\stitched_frames\frame_0190.jpg,1668,1297,0.02548599839925586,-0.08710626907886238,68.49352874811689,-64.5867871625557,134.4376264066526,-19.03383180933622,-65.94409765853572,-45.552955353219474,80.14796165474768,-32.97204882926786,-22.776477676609737,32.97204882926786,22.776477676609737,0,0,80.14796165474768,838.3491629800449,883.1992560649887,703.9115365733923,902.233087874325,12,12,0.8937069142282742,0.0748689066878063,-33.10356373969134,-0.08414159110103953,0.9521581253774668,113.42952402210989,-3.741694663507287e-05,4.467324381347946e-06,1.0,1.0,0.0,100.97204882926786,0.0,1.0,119.77647767660974,0.0,0.0,1.0
frame_0192.jpg,frame_0192,192,D:\visualization2026\visualization\left_downsample2_Q13\frame_0192.jpg,D:\visualization2026\visualization\right_downsample2_Q13\frame_0192.jpg,D:\visualization2026\dowsample2_Q13\stitched_frames\frame_0192.jpg,D:\visualization2026\dowsample2_Q13_hess_matched\stitched_frames\frame_0192.jpg,1668,1297,0.02566456056454358,-0.08664588008270495,68.91109387994156,-65.34329478462891,129.21327993837917,-19.05078593228677,-60.30218605843761,-46.29250885234214,76.02203640570676,-30.151093029218806,-23.14625442617107,30.151093029218806,23.14625442617107,0,0,76.02203640570676,838.3098423176762,883.2154365474352,709.096562379297,902.2662224797219,12,12,0.8936013626756439,0.07488150881243055,-30.282607939642283,-0.0841277551841343,0.9521564734647778,113.05974727254856,-3.741694663507287e-05,4.467324381347946e-06,1.0,1.0,0.0,98.1510930292188,0.0,1.0,120.14625442617107,0.0,0.0,1.0
frame_0194.jpg,frame_0194,194,D:\visualization2026\visualization\left_downsample2_Q13\frame_0194.jpg,D:\visualization2026\visualization\right_downsample2_Q13\frame_0194.jpg,D:\visualization2026\dowsample2_Q13\stitched_frames\frame_0194.jpg,D:\visualization2026\dowsample2_Q13_hess_matched\stitched_frames\frame_0194.jpg,1668,1297,0.025318281030252354,-0.08587715647156949,68.00461236757624,-64.34798010464647,129.6248715146628,-19.304236054123066,-61.62025914708656,-45.0437440505234,76.32820720705529,-30.81012957354328,-22.5218720252617,30.81012957354328,22.5218720252617,0,0,76.32820720705529,847.231907889141,883.5068353034599,717.6070363744782,902.8110713575829,12,12,0.8936260218108535,0.07487856468240789,-30.941644483966755,-0.084151117667109,0.9521592627835007,113.68412967345793,-3.741694663507287e-05,4.467324381347946e-06,1.0,1.0,0.0,98.81012957354328,0.0,1.0,119.5218720252617,0.0,0.0,1.0
frame_0196.jpg,frame_0196,196,D:\visualization2026\visualization\left_downsample2_Q13\frame_0196.jpg,D:\visualization2026\visualization\right_downsample2_Q13\frame_0196.jpg,D:\visualization2026\dowsample2_Q13\stitched_frames\frame_0196.jpg,D:\visualization2026\dowsample2_Q13_hess_matched\stitched_frames\frame_0196.jpg,1668,1297,0.024998114538904548,-0.08519178386736366,67.16796624264322,-63.42051597701798,114.79590088777127,-17.560058895685074,-47.62793464512805,-45.8604570813329,66.11808891876235,-23.813967322564025,-22.93022854066645,23.813967322564025,22.93022854066645,0,0,66.11808891876235,835.120071787084,885.3458269722564,720.3241708993128,902.9058858679415,12,12,0.8933642467812583,0.07490981880860756,-23.9454822329875,-0.08413583821316402,0.9521574385224832,113.27577315805318,-3.741694663507287e-05,4.467324381347946e-06,1.0,1.0,0.0,91.81396732256403,0.0,1.0,119.93022854066645,0.0,0.0,1.0
frame_0198.jpg,frame_0198,198,D:\visualization2026\visualization\left_downsample2_Q13\frame_0198.jpg,D:\visualization2026\visualization\right_downsample2_Q13\frame_0198.jpg,D:\visualization2026\dowsample2_Q13\stitched_frames\frame_0198.jpg,D:\visualization2026\dowsample2_Q13_hess_matched\stitched_frames\frame_0198.jpg,1668,1297,0.025046982193414835,-0.08478231096618437,67.26574251186516,-63.70803823307953,116.50577156373345,-18.47610583816163,-49.24002905186829,-45.2319323949179,66.86185885246728,-24.620014525934145,-22.61596619745895,24.620014525934145,22.61596619745895,0,0,66.86185885246728,839.8181027968568,884.4310848809102,723.3123312331234,902.9071907190719,12,12,0.8933944066064521,0.07490621793428343,-24.75152943635762,-0.08414759695048923,0.9521588424343111,113.59003550126069,-3.741694663507287e-05,4.467324381347946e-06,1.0,1.0,0.0,92.62001452593415,0.0,1.0,119.61596619745895,0.0,0.0,1.0
frame_0200.jpg,frame_0200,200,D:\visualization2026\visualization\left_downsample2_Q13\frame_0200.jpg,D:\visualization2026\visualization\right_downsample2_Q13\frame_0200.jpg,D:\visualization2026\dowsample2_Q13\stitched_frames\frame_0200.jpg,D:\visualization2026\dowsample2_Q13_hess_matched\stitched_frames\frame_0200.jpg,1668,1297,0.025095183042426306,-0.08441960506213936,67.36458151690796,-63.97994521902097,117.71507972754739,-18.75009844587646,-50.35049821063943,-45.22984677314451,67.68243279597546,-25.175249105319715,-22.614923386572254,25.175249105319715,22.614923386572254,0,0,67.68243279597546,849.4621296519044,884.6203503690504,731.747049924357,903.3704488149268,12,12,0.8934151817890789,0.07490373752130958,-25.30676401574319,-0.08414763596928854,0.9521588470928857,113.59107831214737,-3.741694663507287e-05,4.467324381347946e-06,1.0,1.0,0.0,93.17524910531972,0.0,1.0,119.61492338657226,0.0,0.0,1.0
frame_0202.jpg,frame_0202,202,D:\visualization2026\visualization\left_downsample2_Q13\frame_0202.jpg,D:\visualization2026\visualization\right_downsample2_Q13\frame_0202.jpg,D:\visualization2026\dowsample2_Q13\stitched_frames\frame_0202.jpg,D:\visualization2026\dowsample2_Q13_hess_matched\stitched_frames\frame_0202.jpg,1668,1297,0.0249733285255897,-0.08414217280176123,67.04519109279016,-63.6316626895058,136.9645023564268,-22.09937572765159,-69.91931126363664,-41.53228696185421,81.3242949423056,-34.95965563181832,-20.766143480927106,34.95965563181832,20.766143480927106,0,0,81.3242949423056,853.1962612408172,884.5521762291635,716.2317588843904,906.6515519568151,12,12,0.8937812844059367,0.07486002740347672,-35.0911705422418,-0.08421681166835805,0.9521671061924338,115.43985821779253,-3.741694663507287e-05,4.467324381347946e-06,1.0,1.0,0.0,102.95965563181832,0.0,1.0,117.7661434809271,0.0,0.0,1.0
frame_0204.jpg,frame_0204,204,D:\visualization2026\visualization\left_downsample2_Q13\frame_0204.jpg,D:\visualization2026\visualization\right_downsample2_Q13\frame_0204.jpg,D:\visualization2026\dowsample2_Q13\stitched_frames\frame_0204.jpg,D:\visualization2026\dowsample2_Q13_hess_matched\stitched_frames\frame_0204.jpg,1668,1297,0.02490870278388002,-0.08394296197941521,66.87277083020523,-63.461735703112616,137.05615796828897,-21.39605502550603,-70.18338713808375,-42.065680677606586,81.82438096951606,-35.09169356904187,-21.032840338803293,35.09169356904187,21.032840338803293,0,0,81.82438096951606,858.4814964954638,884.8030731510845,721.4253385271749,906.1991281765905,12,12,0.8937862248623877,0.07485943754718051,-35.22320847946535,-0.08420683268625916,0.9521659147710583,115.17316135991634,-3.741694663507287e-05,4.467324381347946e-06,1.0,1.0,0.0,103.09169356904187,0.0,1.0,118.0328403388033,0.0,0.0,1.0
frame_0206.jpg,frame_0206,206,D:\visualization2026\visualization\left_downsample2_Q13\frame_0206.jpg,D:\visualization2026\visualization\right_downsample2_Q13\frame_0206.jpg,D:\visualization2026\dowsample2_Q13\stitched_frames\frame_0206.jpg,D:\visualization2026\dowsample2_Q13_hess_matched\stitched_frames\frame_0206.jpg,1668,1297,0.02493535192782259,-0.08391900370983317,66.93769429065786,-63.56193299596557,128.2626090346713,-23.121502306648267,-61.32491474401344,-40.4404306893173,73.45865233379928,-30.66245737200672,-20.22021534465865,30.66245737200672,20.22021534465865,0,0,73.45865233379928,858.8442980638741,884.7600200997359,730.5816890292028,907.8815224063842,12,12,0.893620496367969,0.07487922438203427,-30.793972282430197,-0.08423723863229939,0.9521695450305075,115.98578635406098,-3.741694663507287e-05,4.467324381347946e-06,1.0,1.0,0.0,98.66245737200671,0.0,1.0,117.22021534465865,0.0,0.0,1.0
frame_0208.jpg,frame_0208,208,D:\visualization2026\visualization\left_downsample2_Q13\frame_0208.jpg,D:\visualization2026\visualization\right_downsample2_Q13\frame_0208.jpg,D:\visualization2026\dowsample2_Q13\stitched_frames\frame_0208.jpg,D:\visualization2026\dowsample2_Q13_hess_matched\stitched_frames\frame_0208.jpg,1668,1297,0.024954614294916022,-0.08386737422673757,66.98262468733347,-63.64409908355795,132.46155926736833,-22.81648647188547,-65.47893458003486,-40.82761261167248,77.16466046905981,-32.73946729001743,-20.41380630583624,32.73946729001743,20.41380630583624,0,0,77.16466046905981,867.7889532732162,884.5880274170033,735.3273940058479,907.4045138888888,12,12,0.8936982117372319,0.07486994570498724,-32.870982200440906,-0.08422999504963598,0.9521686801968866,115.7921953928834,-3.741694663507287e-05,4.467324381347946e-06,1.0,1.0,0.0,100.73946729001743,0.0,1.0,117.41380630583623,0.0,0.0,1.0
frame_0210.jpg,frame_0210,210,D:\visualization2026\visualization\left_downsample2_Q13\frame_0210.jpg,D:\visualization2026\visualization\right_downsample2_Q13\frame_0210.jpg,D:\visualization2026\dowsample2_Q13\stitched_frames\frame_0210.jpg,D:\visualization2026\dowsample2_Q13_hess_matched\stitched_frames\frame_0210.jpg,1668,1297,0.02487535768310767,-0.08360592530554417,66.77017200417193,-63.44056759916853,119.78159689483175,-22.697246905098837,-53.011424890659825,-40.743320694069695,66.8597737815338,-26.505712445329912,-20.371660347034847,26.505712445329912,20.371660347034847,0,0,66.8597737815338,855.0502774895992,884.8648648961434,735.2686805947675,907.5621118012423,12,12,0.893464963664872,0.07489779390999225,-26.63722735575339,-0.08423157202272734,0.9521688684765559,115.83434135168478,-3.741694663507287e-05,4.467324381347946e-06,1.0,1.0,0.0,94.50571244532992,0.0,1.0,117.37166034703485,0.0,0.0,1.0
frame_0212.jpg,frame_0212,212,D:\visualization2026\visualization\left_downsample2_Q13\frame_0212.jpg,D:\visualization2026\visualization\right_downsample2_Q13\frame_0212.jpg,D:\visualization2026\dowsample2_Q13\stitched_frames\frame_0212.jpg,D:\visualization2026\dowsample2_Q13_hess_matched\stitched_frames\frame_0212.jpg,1776,1296,0.024723979529144402,-0.08321198385452368,66.37052872064085,-63.02189618452229,-17.084981619957034,-52.40226099312895,83.45551034059788,-10.619635191393343,84.12846639400911,41.72775517029894,-5.309817595696671,-41.72775517029894,5.309817595696671,0,0,84.12846639400911,835.6415836126417,855.6097187200575,852.7265652325988,908.0119797131864,12,12,0.856369342022662,0.07736261725893755,41.69403433361834,-0.0521144493644356,0.9469765784494664,78.52690514343892,-4.3631152393884366e-05,1.0917302921227496e-05,1.0,1.0,0.0,134.27224482970107,0.0,1.0,101.30981759569667,0.0,0.0,1.0
frame_0214.jpg,frame_0214,214,D:\visualization2026\visualization\left_downsample2_Q13\frame_0214.jpg,D:\visualization2026\visualization\right_downsample2_Q13\frame_0214.jpg,D:\visualization2026\dowsample2_Q13\stitched_frames\frame_0214.jpg,D:\visualization2026\dowsample2_Q13_hess_matched\stitched_frames\frame_0214.jpg,1782,1290,0.02457058959465036,-0.08281741212576739,65.9658423159229,-62.59635321182558,-10.033353571441808,-49.271640727995305,75.9991958873647,-13.324712483830275,77.15844567059898,37.99959794368235,-6.662356241915138,-37.99959794368235,6.662356241915138,0,0,77.15844567059898,848.7736685807339,856.5734691573036,858.8070221521757,905.8451098852989,12,12,0.8592587465571727,0.08096447350762791,37.53908694909155,-0.05725786851946801,0.9416156675593235,85.3599849498234,-4.004744791915349e-05,4.1037012505606175e-06,1.0,1.0,0.0,144.00040205631765,0.0,1.0,96.66235624191513,0.0,0.0,1.0
frame_0216.jpg,frame_0216,216,D:\visualization2026\visualization\left_downsample2_Q13\frame_0216.jpg,D:\visualization2026\visualization\right_downsample2_Q13\frame_0216.jpg,D:\visualization2026\dowsample2_Q13\stitched_frames\frame_0216.jpg,D:\visualization2026\dowsample2_Q13_hess_matched\stitched_frames\frame_0216.jpg,1782,1291,0.02450941139262086,-0.08250912979205433,65.79565284159557,-62.46947677382308,-1.2289391450667608,-48.37055635378431,67.02459198666233,-14.098920420038773,68.49142638308204,33.512295993331165,-7.049460210019387,-33.512295993331165,7.049460210019387,0,0,68.49142638308204,850.2581133401608,855.1343967223366,851.4870524852275,903.504953076121,12,12,0.8559960162051821,0.08927805196584708,33.618179777998805,-0.05820710068532146,0.9437527596667636,86.02574096790308,-4.303944443773493e-05,1.2061928296358794e-05,1.0,1.0,0.0,148.48770400666882,0.0,1.0,98.04946021001939,0.0,0.0,1.0
frame_0218.jpg,frame_0218,218,D:\visualization2026\visualization\left_downsample2_Q13\frame_0218.jpg,D:\visualization2026\visualization\right_downsample2_Q13\frame_0218.jpg,D:\visualization2026\dowsample2_Q13\stitched_frames\frame_0218.jpg,D:\visualization2026\dowsample2_Q13_hess_matched\stitched_frames\frame_0218.jpg,1770,1297,0.02462185297947278,-0.08220594398946533,66.05782316305232,-62.949623311635186,8.705811191183443,-50.80664095815371,57.352011971868876,-12.142982353481479,58.62341936170521,28.676005985934438,-6.071491176740739,-28.676005985934438,6.071491176740739,0,0,58.62341936170521,852.1459258557,857.7273552794169,843.4401146645166,908.5339962375706,12,12,0.8551899529449698,0.08163706618884935,28.532220390890984,-0.05856323395663337,0.9443111728388875,87.82802367906848,-4.6153764598499515e-05,1.0243644897536186e-05,1.0,1.0,0.0,141.32399401406556,0.0,1.0,103.07149117674074,0.0,0.0,1.0
frame_0220.jpg,frame_0220,220,D:\visualization2026\visualization\left_downsample2_Q13\frame_0220.jpg,D:\visualization2026\visualization\right_downsample2_Q13\frame_0220.jpg,D:\visualization2026\dowsample2_Q13\stitched_frames\frame_0220.jpg,D:\visualization2026\dowsample2_Q13_hess_matched\stitched_frames\frame_0220.jpg,1779,1289,0.024715294859739056,-0.08196509310346056,66.27633985479193,-63.34548473206708,-12.778083544118203,-49.712292666341455,79.05442339891013,-13.633192065725623,80.22135491772197,39.527211699455066,-6.816596032862812,-39.527211699455066,6.816596032862812,0,0,80.22135491772197,844.2486280741391,852.0903525618743,857.0267116182573,901.8026452282157,12,12,0.856332569554241,0.08129333046233496,39.731662057510036,-0.05696743414113412,0.9421095837624145,84.32278415592816,-4.434440391913582e-05,7.8244671527073e-06,1.0,1.0,0.0,139.47278830054495,0.0,1.0,95.8165960328628,0.0,0.0,1.0
frame_0222.jpg,frame_0222,222,D:\visualization2026\visualization\left_downsample2_Q13\frame_0222.jpg,D:\visualization2026\visualization\right_downsample2_Q13\frame_0222.jpg,D:\visualization2026\dowsample2_Q13\stitched_frames\frame_0222.jpg,D:\visualization2026\dowsample2_Q13_hess_matched\stitched_frames\frame_0222.jpg,1777,1290,0.024608010667213964,-0.08181029225413487,66.00034643393572,-63.01344726778041,10.847126847731488,-40.645386977609746,55.15321958620423,-22.36806029017066,59.51644942256529,27.576609793102115,-11.18403014508533,-27.576609793102115,11.18403014508533,0,0,59.51644942256529,842.8009864968543,852.1760165311621,831.9538596491228,892.8214035087718,12,12,0.8528970658247013,0.08515491744596496,27.477033222826925,-0.057797867527964654,0.9420335813889025,81.71119672687635,-4.6814475921618225e-05,1.1850473788150318e-05,1.0,1.0,0.0,149.4233902068979,0.0,1.0,101.18403014508533,0.0,0.0,1.0
frame_0224.jpg,frame_0224,224,D:\visualization2026\visualization\left_downsample2_Q13\frame_0224.jpg,D:\visualization2026\visualization\right_downsample2_Q13\frame_0224.jpg,D:\visualization2026\dowsample2_Q13\stitched_frames\frame_0224.jpg,D:\visualization2026\dowsample2_Q13_hess_matched\stitched_frames\frame_0224.jpg,1776,1290,0.024442181817092623,-0.08154193838077678,65.57205168886118,-62.508474165471625,8.619197246884823,-41.443295976681156,56.952854441976356,-21.06517818879047,60.72371333519089,28.476427220988178,-10.532589094395234,-28.476427220988178,10.532589094395234,0,0,60.72371333519089,846.409963192975,851.9498185149121,837.7907659460902,893.3931144915932,12,12,0.8518876046310628,0.0848464227840066,27.990650763565363,-0.0581219489565326,0.9411544247437896,82.80071476877866,-4.729294079585704e-05,1.1738330153143666e-05,1.0,1.0,0.0,147.52357277901183,0.0,1.0,100.53258909439523,0.0,0.0,1.0
frame_0226.jpg,frame_0226,226,D:\visualization2026\visualization\left_downsample2_Q13\frame_0226.jpg,D:\visualization2026\visualization\right_downsample2_Q13\frame_0226.jpg,D:\visualization2026\dowsample2_Q13\stitched_frames\frame_0226.jpg,D:\visualization2026\dowsample2_Q13_hess_matched\stitched_frames\frame_0226.jpg,1776,1290,0.024277301751773228,-0.08126824675181249,65.14580736154468,-62.00834171450173,18.60981354162334,-40.716264931769615,46.535993819921345,-21.292076782732117,51.17569007379889,23.267996909960672,-10.646038391366059,-23.267996909960672,10.646038391366059,0,0,51.17569007379889,855.6754604504824,852.4786726991144,837.0656469088591,893.194937630884,12,12,0.8521339266174016,0.08478528450943612,22.782220452537857,-0.058116583605647636,0.9411530930384862,82.68726547180783,-4.729294079585704e-05,1.1738330153143666e-05,1.0,1.0,0.0,152.7320030900393,0.0,1.0,100.64603839136606,0.0,0.0,1.0
frame_0228.jpg,frame_0228,228,D:\visualization2026\visualization\left_downsample2_Q13\frame_0228.jpg,D:\visualization2026\visualization\right_downsample2_Q13\frame_0228.jpg,D:\visualization2026\dowsample2_Q13\stitched_frames\frame_0228.jpg,D:\visualization2026\dowsample2_Q13_hess_matched\stitched_frames\frame_0228.jpg,1770,1286,0.024134962651494896,-0.08114296475210828,64.78429589745208,-61.54506922139848,1.8496201370363679,-34.48732694420994,62.934675760415715,-27.057742277188538,68.50470662813916,31.467337880207857,-13.528871138594269,-31.467337880207857,13.528871138594269,0,0,68.50470662813916,842.2827214518082,855.670016013597,840.4331013147719,890.1573429578069,12,12,0.8554151354253086,0.03958058795185504,31.883811348770372,-0.056180255369822074,0.9222050619921114,77.18905750068326,-4.000486002471595e-05,-2.4612595726228222e-05,1.0,1.0,0.0,138.53266211979215,0.0,1.0,99.52887113859427,0.0,0.0,1.0
frame_0230.jpg,frame_0230,230,D:\visualization2026\visualization\left_downsample2_Q13\frame_0230.jpg,D:\visualization2026\visualization\right_downsample2_Q13\frame_0230.jpg,D:\visualization2026\dowsample2_Q13\stitched_frames\frame_0230.jpg,D:\visualization2026\dowsample2_Q13_hess_matched\stitched_frames\frame_0230.jpg,1790,1289,0.024019973227715596,-0.08112360126477834,64.49701082149716,-61.147573695657,11.032468815800485,-36.1142602861637,53.46454200569667,-25.033313409493303,59.034939079640125,26.732271002848336,-12.516656704746651,-26.732271002848336,12.516656704746651,0,0,59.034939079640125,871.0981927574582,856.6385856761273,860.0657239416577,892.752845962291,12,12,0.866149497478418,0.08157107020790963,26.452625153732413,-0.05762061614647628,0.9473780312247938,80.93673935063741,-4.132353422525196e-05,7.508612731798223e-06,1.0,1.0,0.0,163.26772899715166,0.0,1.0,101.51665670474665,0.0,0.0,1.0
frame_0232.jpg,frame_0232,232,D:\visualization2026\visualization\left_downsample2_Q13\frame_0232.jpg,D:\visualization2026\visualization\right_downsample2_Q13\frame_0232.jpg,D:\visualization2026\dowsample2_Q13\stitched_frames\frame_0232.jpg,D:\visualization2026\dowsample2_Q13_hess_matched\stitched_frames\frame_0232.jpg,1820,1296,0.02390871446096038,-0.08111872027220292,64.21985267532924,-60.75904071608388,-9.174791159648635,-41.236334325082,73.39464383497787,-19.522706391001883,75.94675640534308,36.697321917488935,-9.761353195500941,-36.697321917488935,9.761353195500941,0,0,75.94675640534308,887.5070348081485,857.8870812281896,896.6818259677972,899.1234155532716,12,12,0.8755206338245991,0.09677879190637224,36.81266218187206,-0.06025891705399291,0.9563371112248847,87.07432794943584,-3.768082306412199e-05,1.4006715969150277e-05,1.0,1.0,0.0,183.30267808251108,0.0,1.0,105.76135319550094,0.0,0.0,1.0
frame_0234.jpg,frame_0234,234,D:\visualization2026\visualization\left_downsample2_Q13\frame_0234.jpg,D:\visualization2026\visualization\right_downsample2_Q13\frame_0234.jpg,D:\visualization2026\dowsample2_Q13\stitched_frames\frame_0234.jpg,D:\visualization2026\dowsample2_Q13_hess_matched\stitched_frames\frame_0234.jpg,1819,1296,0.023788305295570966,-0.08102749014503828,63.91489717954648,-60.362955919780894,-9.06462443574003,-41.56211817046619,72.9795216152865,-18.800837749314702,75.36233857353504,36.48976080764325,-9.400418874657351,-36.48976080764325,9.400418874657351,0,0,75.36233857353504,895.1193762809131,857.8732486664056,904.1840007166531,899.4353668368718,12,12,0.8747410698364875,0.09587074912757829,36.370230498291676,-0.060495761217466026,0.9557894535728381,87.85962910159645,-3.793023421073116e-05,1.3355197289103347e-05,1.0,1.0,0.0,182.51023919235675,0.0,1.0,105.40041887465735,0.0,0.0,1.0
frame_0236.jpg,frame_0236,236,D:\visualization2026\visualization\left_downsample2_Q13\frame_0236.jpg,D:\visualization2026\visualization\right_downsample2_Q13\frame_0236.jpg,D:\visualization2026\dowsample2_Q13\stitched_frames\frame_0236.jpg,D:\visualization2026\dowsample2_Q13_hess_matched\stitched_frames\frame_0236.jpg,1815,1295,0.02377661138884679,-0.08057627286211584,63.8595326355912,-60.45008571841559,-6.196262687735043,-43.25843662361217,70.05579532332624,-17.191649094803424,72.134369457164,35.02789766166312,-8.595824547401712,-35.02789766166312,8.595824547401712,0,0,72.134369457164,898.6189841923517,856.1712975055251,904.8152468800868,899.4297341291373,12,12,0.8684300080368418,0.09409115808571233,35.23979984111351,-0.059874412275290056,0.9488628118210997,88.00187631547635,-4.035759597580373e-05,4.149024689920148e-06,1.0,1.0,0.0,179.97210233833687,0.0,1.0,103.59582454740172,0.0,0.0,1.0
frame_0238.jpg,frame_0238,238,D:\visualization2026\visualization\left_downsample2_Q13\frame_0238.jpg,D:\visualization2026\visualization\right_downsample2_Q13\frame_0238.jpg,D:\visualization2026\dowsample2_Q13\stitched_frames\frame_0238.jpg,D:\visualization2026\dowsample2_Q13_hess_matched\stitched_frames\frame_0238.jpg,1802,1296,0.023831255171664012,-0.07997651439788647,63.9606073771509,-60.81187811934852,-11.994063869704974,-48.32682850201047,75.95467124685587,-12.48504961733805,76.97394720400759,37.97733562342793,-6.242524808669025,-37.97733562342793,6.242524808669025,0,0,76.97394720400759,880.0430021704934,851.076460456486,892.0370660401984,899.4032889584964,12,12,0.8707138349136475,0.09262610976696412,37.480745383554364,-0.05946468663615999,0.953738765850065,89.61344659398853,-4.2282606083264074e-05,1.4212510421363718e-05,1.0,1.0,0.0,164.02266437657207,0.0,1.0,102.24252480866903,0.0,0.0,1.0
frame_0240.jpg,frame_0240,240,D:\visualization2026\visualization\left_downsample2_Q13\frame_0240.jpg,D:\visualization2026\visualization\right_downsample2_Q13\frame_0240.jpg,D:\visualization2026\dowsample2_Q13\stitched_frames\frame_0240.jpg,D:\visualization2026\dowsample2_Q13_hess_matched\stitched_frames\frame_0240.jpg,1803,1295,0.023831562069386247,-0.07951650862902704,63.93459600436375,-60.94356136392729,-13.326758257446045,-46.02424711649007,77.2613542618098,-14.919314247437214,78.68864466988015,38.6306771309049,-7.459657123718607,-38.6306771309049,7.459657123718607,0,0,78.68864466988015,889.3037572811967,851.0705250136177,902.6305155386427,897.0947721301078,12,12,0.8728192428110378,0.08803145507321898,38.15761578131233,-0.05870596767338597,0.9524635369005555,87.20876062804791,-4.0709280707433514e-05,1.0082868972364493e-05,1.0,1.0,0.0,164.3693228690951,0.0,1.0,102.45965712371861,0.0,0.0,1.0
frame_0242.jpg,frame_0242,242,D:\visualization2026\visualization\left_downsample2_Q13\frame_0242.jpg,D:\visualization2026\visualization\right_downsample2_Q13\frame_0242.jpg,D:\visualization2026\dowsample2_Q13\stitched_frames\frame_0242.jpg,D:\visualization2026\dowsample2_Q13_hess_matched\stitched_frames\frame_0242.jpg,1835,1302,0.023485170516451437,-0.07889318920660315,63.03629912638837,-59.90657004417814,-8.72398573654516,-41.40320561148167,71.76028486293353,-18.503364432696472,74.10744212923925,35.880142431466766,-9.251682216348236,-35.880142431466766,9.251682216348236,0,0,74.10744212923925,908.6346432887505,851.5588076838649,917.3586290252956,892.9620132953465,12,12,0.8899174264834128,0.09786230014285904,36.22996623610945,-0.05726972886738857,0.9657408770752691,82.76508286538055,-3.37930077597845e-05,1.520546759844248e-05,1.0,1.0,0.0,199.11985756853323,0.0,1.0,111.25168221634823,0.0,0.0,1.0
frame_0244.jpg,frame_0244,244,D:\visualization2026\visualization\left_downsample2_Q13\frame_0244.jpg,D:\visualization2026\visualization\right_downsample2_Q13\frame_0244.jpg,D:\visualization2026\dowsample2_Q13\stitched_frames\frame_0244.jpg,D:\visualization2026\dowsample2_Q13_hess_matched\stitched_frames\frame_0244.jpg,1835,1302,0.023033950834410344,-0.07819449375443066,61.872743889922795,-58.523598023020256,-21.826986088345734,-48.969623578206665,83.69972997826852,-9.55397444481359,84.24323845939931,41.84986498913426,-4.776987222406795,-41.84986498913426,4.776987222406795,0,0,84.24323845939931,895.8582088536986,844.5226489894084,917.6851949420443,893.492272567615,12,12,0.891301893250458,0.097077250864361,41.282745616255454,-0.05685486156764515,0.9661199822151815,86.79565420274685,-3.297070351399258e-05,1.414373859212015e-05,1.0,1.0,0.0,193.15013501086574,0.0,1.0,106.7769872224068,0.0,0.0,1.0
frame_0246.jpg,frame_0246,246,D:\visualization2026\visualization\left_downsample2_Q13\frame_0246.jpg,D:\visualization2026\visualization\right_downsample2_Q13\frame_0246.jpg,D:\visualization2026\dowsample2_Q13\stitched_frames\frame_0246.jpg,D:\visualization2026\dowsample2_Q13_hess_matched\stitched_frames\frame_0246.jpg,1835,1302,0.022926958291568655,-0.07778187723549894,61.58246983202937,-58.265783299533965,-25.195469807040354,-49.28365975183499,86.77793963906973,-8.982123547698976,87.24155747938111,43.388969819534864,-4.491061773849488,-43.388969819534864,4.491061773849488,0,0,87.24155747938111,897.1659041852485,844.173227735021,922.3613739922888,893.456887486856,12,12,0.8899464074312489,0.0999760949773864,42.93873758531181,-0.05748747213947448,0.9666995394056412,87.5942116277158,-3.4002989211381195e-05,1.6456961576177274e-05,1.0,1.0,0.0,191.61103018046515,0.0,1.0,106.49106177384948,0.0,0.0,1.0
frame_0248.jpg,frame_0248,248,D:\visualization2026\visualization\left_downsample2_Q13\frame_0248.jpg,D:\visualization2026\visualization\right_downsample2_Q13\frame_0248.jpg,D:\visualization2026\dowsample2_Q13\stitched_frames\frame_0248.jpg,D:\visualization2026\dowsample2_Q13_hess_matched\stitched_frames\frame_0248.jpg,1836,1302,0.023954848137702545,-0.07752957586065355,64.1257492482242,-61.93977347021247,-16.805110102949016,-49.43501555547198,80.93085935117321,-12.504757914740495,81.89122642765612,40.465429675586606,-6.252378957370247,-40.465429675586606,6.252378957370247,0,0,81.89122642765612,911.8204975359398,844.4216684723058,928.6256076388888,893.8566840277778,12,12,0.8895987914426885,0.11383680762050954,40.79658694239582,-0.05753219019571015,0.9711136501386688,85.94117239378656,-3.476935197032184e-05,2.3192755448446638e-05,1.0,1.0,0.0,195.53457032441338,0.0,1.0,108.25237895737024,0.0,0.0,1.0
frame_0250.jpg,frame_0250,250,D:\visualization2026\visualization\left_downsample2_Q13\frame_0250.jpg,D:\visualization2026\visualization\right_downsample2_Q13\frame_0250.jpg,D:\visualization2026\dowsample2_Q13\stitched_frames\frame_0250.jpg,D:\visualization2026\dowsample2_Q13_hess_matched\stitched_frames\frame_0250.jpg,1819,1300,0.025250674792905825,-0.07730117260558131,67.33719632726316,-66.54599292424986,-17.370275682062243,-46.519704759080014,84.7074720093254,-20.026288165169845,87.04256448361954,42.3537360046627,-10.013144082584923,-42.3537360046627,10.013144082584923,0,0,87.04256448361954,903.1855972513749,845.4828054114384,920.5558729334372,892.0025101705185,12,12,0.8870242498159205,0.09131209899220837,42.548777133211736,-0.05570695083632133,0.9615978791700492,79.8162424344512,-3.6680014434718775e-05,1.2067718812764663e-05,1.0,1.0,0.0,176.6462639953373,0.0,1.0,110.01314408258492,0.0,0.0,1.0
frame_0252.jpg,frame_0252,252,D:\visualization2026\visualization\left_downsample2_Q13\frame_0252.jpg,D:\visualization2026\visualization\right_downsample2_Q13\frame_0252.jpg,D:\visualization2026\dowsample2_Q13\stitched_frames\frame_0252.jpg,D:\visualization2026\dowsample2_Q13_hess_matched\stitched_frames\frame_0252.jpg,1851,1311,0.025369969983091267,-0.07715441468500112,67.62552729206631,-67.00574471014373,-22.428643958046223,-56.627173122549266,90.05417125011253,-10.378571587594465,90.65025376546619,45.027085625056266,-5.189285793797232,-45.027085625056266,5.189285793797232,0,0,90.65025376546619,930.2688900555592,846.6463812992193,952.6975340136054,903.2735544217686,12,12,0.908193190938068,0.10514325078188963,45.30505685644554,-0.05386807891435732,0.9805783908722112,80.78459409126827,-2.854572211492342e-05,2.005244022611061e-05,1.0,1.0,0.0,205.97291437494374,0.0,1.0,116.18928579379724,0.0,0.0,1.0
frame_0254.jpg,frame_0254,254,D:\visualization2026\visualization\left_downsample2_Q13\frame_0254.jpg,D:\visualization2026\visualization\right_downsample2_Q13\frame_0254.jpg,D:\visualization2026\dowsample2_Q13\stitched_frames\frame_0254.jpg,D:\visualization2026\dowsample2_Q13_hess_matched\stitched_frames\frame_0254.jpg,1844,1312,0.024266689339810132,-0.07708639836763519,64.87598898489509,-63.15848562204102,-28.361696792483258,-55.34985406670137,93.23768577737835,-7.808631555339652,93.56409982406814,46.61884288868917,-3.904315777669826,-46.61884288868917,3.904315777669826,0,0,93.56409982406814,927.1117830416001,849.0427855944054,955.4734798340834,904.3926396611067,12,12,0.8978232535465691,0.10764866581610427,46.4504463144509,-0.054822359477648734,0.978721307121213,83.60571998079267,-3.278141632180907e-05,2.0402362647504368e-05,1.0,1.0,0.0,197.3811571113108,0.0,1.0,115.90431577766982,0.0,0.0,1.0
frame_0256.jpg,frame_0256,256,D:\visualization2026\visualization\left_downsample2_Q13\frame_0256.jpg,D:\visualization2026\visualization\right_downsample2_Q13\frame_0256.jpg,D:\visualization2026\dowsample2_Q13\stitched_frames\frame_0256.jpg,D:\visualization2026\dowsample2_Q13_hess_matched\stitched_frames\frame_0256.jpg,1833,1306,0.022924376728127416,-0.07695353164356572,61.52783075633245,-58.49192493215426,-28.75790318037491,-57.54122711699097,90.28573393670736,-0.950697815163295,90.29073916424467,45.14286696835368,-0.4753489075816475,-45.14286696835368,0.4753489075816475,0,0,90.29073916424467,917.8757905133187,842.2823764866125,946.6336936936937,899.8236036036035,12,12,0.8989427679493772,0.10322555881420817,44.81903806740301,-0.054361959953843374,0.9765296826493188,86.48755515805381,-3.408927764401074e-05,1.8173047964294947e-05,1.0,1.0,0.0,187.85713303164633,0.0,1.0,106.47534890758165,0.0,0.0,1.0
frame_0258.jpg,frame_0258,258,D:\visualization2026\visualization\left_downsample2_Q13\frame_0258.jpg,D:\visualization2026\visualization\right_downsample2_Q13\frame_0258.jpg,D:\visualization2026\dowsample2_Q13\stitched_frames\frame_0258.jpg,D:\visualization2026\dowsample2_Q13_hess_matched\stitched_frames\frame_0258.jpg,1814,1298,0.02200401709354305,-0.07660388819123047,59.217109838312005,-55.36569434666374,-0.5604111949768367,-46.87748565312245,59.77752103328884,-8.488208693541289,60.377162136940484,29.88876051664442,-4.244104346770644,-29.88876051664442,4.244104346770644,0,0,60.377162136940484,910.886076595195,841.2211978962695,911.4464877901719,888.0986835493919,12,12,0.8958243443154515,0.0880020307065667,29.56239651536384,-0.05353044507964441,0.9655529297105889,82.04191569145219,-3.6090040871721984e-05,8.817382970736067e-06,1.0,1.0,0.0,184.11123948335558,0.0,1.0,102.24410434677064,0.0,0.0,1.0
frame_0260.jpg,frame_0260,260,D:\visualization2026\visualization\left_downsample2_Q13\frame_0260.jpg,D:\visualization2026\visualization\right_downsample2_Q13\frame_0260.jpg,D:\visualization2026\dowsample2_Q13\stitched_frames\frame_0260.jpg,D:\visualization2026\dowsample2_Q13_hess_matched\stitched_frames\frame_0260.jpg,1806,1297,0.021756496488764987,-0.07599986062113344,58.56598208366904,-54.669729886862335,13.938765314451416,-44.82026970643949,44.627216769217625,-9.849460180422845,45.70120723145587,22.313608384608813,-4.924730090211423,-22.313608384608813,4.924730090211423,0,0,45.70120723145587,917.0519554985005,842.0008959377323,903.1131901840491,886.8211656441717,12,12,0.8897135301852999,0.0893791247746933,22.515753173590355,-0.055011037951469006,0.9642883171130795,83.32950136490447,-4.0440771658631795e-05,1.2230984927429401e-05,1.0,1.0,0.0,183.6863916153912,0.0,1.0,101.92473009021143,0.0,0.0,1.0
frame_0262.jpg,frame_0262,262,D:\visualization2026\visualization\left_downsample2_Q13\frame_0262.jpg,D:\visualization2026\visualization\right_downsample2_Q13\frame_0262.jpg,D:\visualization2026\dowsample2_Q13\stitched_frames\frame_0262.jpg,D:\visualization2026\dowsample2_Q13_hess_matched\stitched_frames\frame_0262.jpg,1806,1296,0.02179411076584209,-0.07533967135640256,58.62116045317438,-54.98899836294415,10.507797498440482,-45.7521086051521,48.1133629547339,-9.23688975779205,48.991997583396866,24.05668147736695,-4.618444878896025,-24.05668147736695,4.618444878896025,0,0,48.991997583396866,918.6454149582768,840.4149117040325,908.1376174598363,886.1670203091846,12,12,0.8898086445165292,0.08890203096638429,24.43081646702292,-0.05490427519167481,0.9625404766236426,83.2780915610037,-4.0302313315394694e-05,1.2297668357724828e-05,1.0,1.0,0.0,181.94331852263304,0.0,1.0,100.61844487889603,0.0,0.0,1.0
frame_0264.jpg,frame_0264,264,D:\visualization2026\visualization\left_downsample2_Q13\frame_0264.jpg,D:\visualization2026\visualization\right_downsample2_Q13\frame_0264.jpg,D:\visualization2026\dowsample2_Q13\stitched_frames\frame_0264.jpg,D:\visualization2026\dowsample2_Q13_hess_matched\stitched_frames\frame_0264.jpg,1833,1304,0.02175082245932508,-0.07484241621643915,58.48449169004079,-54.9784733990072,-3.6690794578969417,-50.25827925251474,62.15357114793773,-4.72019414649246,62.332548794529,31.076785573968866,-2.36009707324623,-31.076785573968866,2.36009707324623,0,0,62.332548794529,935.8653363917762,843.4789552246093,939.5344158496731,893.737234477124,12,12,0.9041118207722519,0.0946125324979919,31.165863996247882,-0.05391135531320734,0.9738001046520994,84.04068237190307,-3.390800497254737e-05,1.3209911527314868e-05,1.0,1.0,0.0,201.92321442603114,0.0,1.0,106.36009707324624,0.0,0.0,1.0
frame_0266.jpg,frame_0266,266,D:\visualization2026\visualization\left_downsample2_Q13\frame_0266.jpg,D:\visualization2026\visualization\right_downsample2_Q13\frame_0266.jpg,D:\visualization2026\dowsample2_Q13\stitched_frames\frame_0266.jpg,D:\visualization2026\dowsample2_Q13_hess_matched\stitched_frames\frame_0266.jpg,1825,1304,0.021543685330734863,-0.07448815673634473,57.94839861917244,-54.353121655720784,-6.355889740671955,-51.54972167827407,64.30428835984439,-2.803399977446716,64.3653676513975,32.152144179922196,-1.401699988723358,-32.152144179922196,1.401699988723358,0,0,64.3653676513975,930.684908083444,842.1547207514631,937.040797824116,893.7044424297371,12,12,0.891510220219762,0.09563481188547959,31.972201360980613,-0.05580350442254292,0.9671566353578693,87.60699883143269,-3.9382152682553236e-05,1.4709241947907612e-05,1.0,1.0,0.0,192.8478558200778,0.0,1.0,105.40169998872335,0.0,0.0,1.0
frame_0268.jpg,frame_0268,268,D:\visualization2026\visualization\left_downsample2_Q13\frame_0268.jpg,D:\visualization2026\visualization\right_downsample2_Q13\frame_0268.jpg,D:\visualization2026\dowsample2_Q13\stitched_frames\frame_0268.jpg,D:\visualization2026\dowsample2_Q13_hess_matched\stitched_frames\frame_0268.jpg,1834,1303,0.02135649038816284,-0.07415534944381053,57.46318150805573,-53.791568701072386,-8.440668416797962,-51.17980766196979,65.90384992485369,-2.6117610391025963,65.9555814972699,32.951924962426844,-1.3058805195512981,-32.951924962426844,1.3058805195512981,0,0,65.9555814972699,947.1437172316286,841.5136178742097,955.5843856484265,892.6934255361795,12,12,0.9053664197663007,0.09423083465804648,33.35240605774389,-0.05357379152125289,0.9729361417673967,84.52500745642422,-3.3369038844728756e-05,1.314605168865031e-05,1.0,1.0,0.0,201.04807503757314,0.0,1.0,104.3058805195513,0.0,0.0,1.0
frame_0270.jpg,frame_0270,270,D:\visualization2026\visualization\left_downsample2_Q13\frame_0270.jpg,D:\visualization2026\visualization\right_downsample2_Q13\frame_0270.jpg,D:\visualization2026\dowsample2_Q13\stitched_frames\frame_0270.jpg,D:\visualization2026\dowsample2_Q13_hess_matched\stitched_frames\frame_0270.jpg,1824,1303,0.021212006053934918,-0.07392190560952015,57.090035831842776,-53.351487973107275,-20.78629264732467,-56.05544350492812,77.87632847916746,2.7039555318208457,77.92325655998505,38.93816423958373,1.3519777659104228,-38.93816423958373,-1.3519777659104228,0,0,77.92325655998505,927.7684329776131,837.2424351924128,948.5547256249378,893.2978786973409,12,12,0.8915519643805362,0.09586771599076772,38.5679045112997,-0.055531824493915666,0.9673363909525947,89.70721979728752,-3.92461865204328e-05,1.4020549115180805e-05,1.0,1.0,0.0,185.06183576041627,0.0,1.0,101.64802223408958,0.0,0.0,1.0
frame_0272.jpg,frame_0272,272,D:\visualization2026\visualization\left_downsample2_Q13\frame_0272.jpg,D:\visualization2026\visualization\right_downsample2_Q13\frame_0272.jpg,D:\visualization2026\dowsample2_Q13\stitched_frames\frame_0272.jpg,D:\visualization2026\dowsample2_Q13_hess_matched\stitched_frames\frame_0272.jpg,1838,1306,0.020889680165022906,-0.07395049174649752,56.28957261625228,-52.21374440667079,62.363191541154265,-17.279639305975195,-6.073618924901986,-34.9341051006956,35.45815203914854,-3.036809462450993,-17.4670525503478,3.036809462450993,17.4670525503478,1,3,35.45815203914854,1343.9222228226881,175.1270206334799,1281.5590312815339,192.4066599394551,12,12,0.9038933055864573,0.09997452363609359,-3.3494221016641355,-0.05416039365334499,0.9748273734597246,69.85822357486165,-3.6549419203463424e-05,1.7221809913843504e-05,1.0,1.0,0.0,241.036809462451,0.0,1.0,123.4670525503478,0.0,0.0,1.0
frame_0274.jpg,frame_0274,274,D:\visualization2026\visualization\left_downsample2_Q13\frame_0274.jpg,D:\visualization2026\visualization\right_downsample2_Q13\frame_0274.jpg,D:\visualization2026\dowsample2_Q13\stitched_frames\frame_0274.jpg,D:\visualization2026\dowsample2_Q13_hess_matched\stitched_frames\frame_0274.jpg,1844,1305,0.02034105347943882,-0.07416865504458287,54.936980972220944,-50.22907840611554,-9.079173674182016,-56.846190670239025,64.01615464640295,6.6171122641234845,64.35723914547758,32.008077323201476,3.3085561320617423,-32.008077323201476,-3.3085561320617423,0,0,64.35723914547758,947.534603570369,838.2727855345199,956.613777244551,895.118976204759,12,12,0.9125071060112437,0.09990800988111424,31.63293557817194,-0.053769397465852284,0.9786207430895854,88.93040375663207,-3.2349553666324564e-05,1.6117090682193195e-05,1.0,1.0,0.0,211.99192267679854,0.0,1.0,101.69144386793826,0.0,0.0,1.0
frame_0276.jpg,frame_0276,276,D:\visualization2026\visualization\left_downsample2_Q13\frame_0276.jpg,D:\visualization2026\visualization\right_downsample2_Q13\frame_0276.jpg,D:\visualization2026\dowsample2_Q13\stitched_frames\frame_0276.jpg,D:\visualization2026\dowsample2_Q13_hess_matched\stitched_frames\frame_0276.jpg,1845,1305,0.020002264562930472,-0.07422105943468915,54.09693490133417,-49.02687568785674,-10.562092240136622,-56.090190694274725,64.6590271414708,7.063315006417987,65.04367924526831,32.3295135707354,3.5316575032089936,-32.3295135707354,-3.5316575032089936,0,0,65.04367924526831,956.7913395757612,838.8876004824913,967.3534318158978,894.977791176766,12,12,0.9144431446063076,0.09762395360290531,32.23897510871706,-0.0533895199689967,0.9790251257555931,88.87207767855108,-3.12464272806802e-05,1.4216928187055701e-05,1.0,1.0,0.0,212.6704864292646,0.0,1.0,101.46834249679101,0.0,0.0,1.0
frame_0278.jpg,frame_0278,278,D:\visualization2026\visualization\left_downsample2_Q13\frame_0278.jpg,D:\visualization2026\visualization\right_downsample2_Q13\frame_0278.jpg,D:\visualization2026\dowsample2_Q13\stitched_frames\frame_0278.jpg,D:\visualization2026\dowsample2_Q13_hess_matched\stitched_frames\frame_0278.jpg,1837,1306,0.020113484097444345,-0.07397009835337932,54.359103866317355,-49.48791143990882,-24.79156440095892,-64.65431297431462,79.15066826727627,15.1664015344058,80.5906199421449,39.57533413363814,7.5832007672029,-39.57533413363814,-7.5832007672029,0,0,80.5906199421449,935.2552520784418,831.5972475749987,960.0468164794007,896.2515605493134,12,12,0.9004647069674667,0.1017002372137756,39.19018209640589,-0.05557363944616249,0.9736931629308241,95.72845281535598,-3.754239597036277e-05,1.7990782631248646e-05,1.0,1.0,0.0,197.42466586636186,0.0,1.0,98.4167992327971,0.0,0.0,1.0
frame_0280.jpg,frame_0280,280,D:\visualization2026\visualization\left_downsample2_Q13\frame_0280.jpg,D:\visualization2026\visualization\right_downsample2_Q13\frame_0280.jpg,D:\visualization2026\dowsample2_Q13\stitched_frames\frame_0280.jpg,D:\visualization2026\dowsample2_Q13_hess_matched\stitched_frames\frame_0280.jpg,1847,1305,0.020352340590723605,-0.07364777494101916,54.934751259559036,-50.416526858262706,-30.310990965210863,-62.50087745177939,85.2457422247699,12.084350593516682,86.09801447605481,42.62287111238495,6.042175296758341,-42.62287111238495,-6.042175296758341,0,0,86.09801447605481,948.5761239667305,832.5394459542179,978.8871149319414,895.0403234059972,12,12,0.9177868410961381,0.0991177057681238,42.162952426480096,-0.05229458634163388,0.9819541232268132,89.72183793808067,-2.9771316526752796e-05,1.537117334631664e-05,1.0,1.0,0.0,204.37712888761504,0.0,1.0,98.95782470324166,0.0,0.0,1.0
frame_0282.jpg,frame_0282,282,D:\visualization2026\visualization\left_downsample2_Q13\frame_0282.jpg,D:\visualization2026\visualization\right_downsample2_Q13\frame_0282.jpg,D:\visualization2026\dowsample2_Q13\stitched_frames\frame_0282.jpg,D:\visualization2026\dowsample2_Q13_hess_matched\stitched_frames\frame_0282.jpg,1867,1305,0.02041773543300396,-0.0732540286779966,55.07457180129556,-50.757505292199085,-15.600240008701803,-56.49195891864122,70.67481180999737,5.734453626442132,70.90707286845479,35.33740590499868,2.867226813221066,-35.33740590499868,-2.867226813221066,0,0,70.90707286845479,983.6232690840544,838.9627804900756,999.2235090927562,895.4547394087168,12,12,0.9161596658798453,0.14046921366440565,35.456429240527676,-0.05326196560023087,0.9913508384136336,88.02974117923253,-3.240956829931267e-05,2.0795019681187127e-05,1.0,1.0,0.0,231.6625940950013,0.0,1.0,102.13277318677893,0.0,0.0,1.0
frame_0284.jpg,frame_0284,284,D:\visualization2026\visualization\left_downsample2_Q13\frame_0284.jpg,D:\visualization2026\visualization\right_downsample2_Q13\frame_0284.jpg,D:\visualization2026\dowsample2_Q13\stitched_frames\frame_0284.jpg,D:\visualization2026\dowsample2_Q13_hess_matched\stitched_frames\frame_0284.jpg,1838,1296,0.020086999229307123,-0.07263467380082436,54.215464949273645,-49.774254260718344,-18.83693392904172,-54.11813818322116,73.05239887831536,4.343883922502819,73.18143418524038,36.52619943915768,2.1719419612514095,-36.52619943915768,-2.1719419612514095,0,0,73.18143418524038,956.390365951484,832.0321007654048,975.2272998805257,886.150238948626,12,12,0.9059266989209181,0.09502549108721095,36.34100753840697,-0.05325795685639214,0.9719012026232512,87.51069397988657,-3.605582552852797e-05,1.2374133820130392e-05,1.0,1.0,0.0,201.47380056084234,0.0,1.0,93.8280580387486,0.0,0.0,1.0
frame_0286.jpg,frame_0286,286,D:\visualization2026\visualization\left_downsample2_Q13\frame_0286.jpg,D:\visualization2026\visualization\right_downsample2_Q13\frame_0286.jpg,D:\visualization2026\dowsample2_Q13\stitched_frames\frame_0286.jpg,D:\visualization2026\dowsample2_Q13_hess_matched\stitched_frames\frame_0286.jpg,1836,1294,0.019535507991597423,-0.07166643476245357,52.786688936602964,-48.11639981587109,-11.8473980772186,-50.13266608987374,64.63408701382156,2.0162662740026462,64.66552817226453,32.31704350691078,1.0081331370013231,-32.31704350691078,-1.0081331370013231,0,0,64.66552817226453,969.1285256649197,834.4723850107551,980.9759237421383,884.6050511006289,12,12,0.9114988153662225,0.10777471138141155,32.55148338338404,-0.05273603820799039,0.978986451336237,85.5352402927575,-3.586648918495928e-05,1.6375058877962976e-05,1.0,1.0,0.0,203.68295649308922,0.0,1.0,92.99186686299868,0.0,0.0,1.0
frame_0288.jpg,frame_0288,288,D:\visualization2026\visualization\left_downsample2_Q13\frame_0288.jpg,D:\visualization2026\visualization\right_downsample2_Q13\frame_0288.jpg,D:\visualization2026\dowsample2_Q13\stitched_frames\frame_0288.jpg,D:\visualization2026\dowsample2_Q13_hess_matched\stitched_frames\frame_0288.jpg,1819,1288,0.019044083622649643,-0.07068891559632424,51.50685273180605,-46.671691317997464,-8.6014435700082,-46.49346040704074,60.10829630181425,-0.17823091095672083,60.10856054310664,30.054148150907125,-0.08911545547836042,-30.054148150907125,0.08911545547836042,0,0,60.10856054310664,961.2068628263087,832.451392174015,969.8083063963169,878.9448525810558,12,12,0.9011250919991407,0.08435153184745114,30.315904641116205,-0.05272814661785382,0.9642812673721147,84.39924036702084,-3.9427742822566296e-05,6.150846850751236e-06,1.0,1.0,0.0,188.9458518490929,0.0,1.0,88.08911545547836,0.0,0.0,1.0
frame_0290.jpg,frame_0290,290,D:\visualization2026\visualization\left_downsample2_Q13\frame_0290.jpg,D:\visualization2026\visualization\right_downsample2_Q13\frame_0290.jpg,D:\visualization2026\dowsample2_Q13\stitched_frames\frame_0290.jpg,D:\visualization2026\dowsample2_Q13_hess_matched\stitched_frames\frame_0290.jpg,1818,1288,0.018895897171414267,-0.07028844863315063,51.114772365799325,-46.26605834720874,6.81251980108425,-55.21076855030128,44.302252564715076,8.94471020309254,45.19621027171539,22.151126282357538,4.47235510154627,-22.151126282357538,-4.47235510154627,0,0,45.19621027171539,963.6687328780843,831.2731605575389,956.856213077,886.4839291078401,12,12,0.8983378535556756,0.08666757046329641,22.436068413946415,-0.05442898904309388,0.9618142935161786,90.84171852872025,-4.133616703759216e-05,8.303357953479938e-06,1.0,1.0,0.0,195.84887371764245,0.0,1.0,83.52764489845373,0.0,0.0,1.0
frame_0292.jpg,frame_0292,292,D:\visualization2026\visualization\left_downsample2_Q13\frame_0292.jpg,D:\visualization2026\visualization\right_downsample2_Q13\frame_0292.jpg,D:\visualization2026\dowsample2_Q13\stitched_frames\frame_0292.jpg,D:\visualization2026\dowsample2_Q13_hess_matched\stitched_frames\frame_0292.jpg,1817,1288,0.01904167059612838,-0.07076267330100121,51.50514091471586,-46.64229285167472,-3.109500414566014,-53.307864668947104,54.61464132928187,6.665571817272387,55.019895448622215,27.307320664640937,3.3327859086361933,-27.307320664640937,-3.3327859086361933,0,0,55.019895448622215,952.4529163801088,833.577439990551,955.5624167946748,886.8853046594982,12,12,0.8975596869482049,0.08466577776367268,27.356287317471438,-0.053819130172952014,0.9629487858319123,88.69834594808809,-4.1225820517697866e-05,6.3406246906927886e-06,1.0,1.0,0.0,189.69267933535906,0.0,1.0,84.6672140913638,0.0,0.0,1.0
frame_0294.jpg,frame_0294,294,D:\visualization2026\visualization\left_downsample2_Q13\frame_0294.jpg,D:\visualization2026\visualization\right_downsample2_Q13\frame_0294.jpg,D:\visualization2026\dowsample2_Q13\stitched_frames\frame_0294.jpg,D:\visualization2026\dowsample2_Q13_hess_matched\stitched_frames\frame_0294.jpg,1818,1288,0.019099993458574105,-0.07111706501384867,51.670908550601276,-46.746070771477456,-1.5805644286542702,-52.02590683494907,53.251472979255546,5.279836063471613,53.51257836544151,26.625736489627773,2.6399180317358066,-26.625736489627773,-2.6399180317358066,0,0,53.51257836544151,960.3203364722466,835.2154554064131,961.9009009009009,887.2413622413621,12,12,0.8975282934284683,0.08376367064582839,26.46659995467991,-0.0540173422498382,0.9633553315828508,89.14910792471395,-4.1215174793057975e-05,6.374577425379334e-06,1.0,1.0,0.0,191.37426351037223,0.0,1.0,85.3600819682642,0.0,0.0,1.0
frame_0296.jpg,frame_0296,296,D:\visualization2026\visualization\left_downsample2_Q13\frame_0296.jpg,D:\visualization2026\visualization\right_downsample2_Q13\frame_0296.jpg,D:\visualization2026\dowsample2_Q13\stitched_frames\frame_0296.jpg,D:\visualization2026\dowsample2_Q13_hess_matched\stitched_frames\frame_0296.jpg,1837,1287,0.018711823128771565,-0.06990205374690334,50.63420267867885,-45.73065785776501,-16.4789125998808,-52.4316967331697,67.11311527855965,6.7010388754046915,67.44682471697924,33.55655763927982,3.3505194377023457,-33.55655763927982,-3.3505194377023457,0,0,67.44682471697924,973.7032022160669,833.22171409583,990.1821148159477,885.6534108289997,12,12,0.9062400161937374,0.09065238573586175,33.1023808780837,-0.053897505783062245,0.9669266603784363,89.68174684487964,-3.720614681561381e-05,8.22152256051815e-06,1.0,1.0,0.0,203.44344236072018,0.0,1.0,83.64948056229765,0.0,0.0,1.0
frame_0298.jpg,frame_0298,298,D:\visualization2026\visualization\left_downsample2_Q13\frame_0298.jpg,D:\visualization2026\visualization\right_downsample2_Q13\frame_0298.jpg,D:\visualization2026\dowsample2_Q13\stitched_frames\frame_0298.jpg,D:\visualization2026\dowsample2_Q13_hess_matched\stitched_frames\frame_0298.jpg,1841,1285,0.0179098821832962,-0.06637223554336408,48.433068373233354,-43.922373756987135,-9.418468925099091,-60.25645241402128,57.851537298332445,16.334078657034148,60.11324723681569,28.925768649166223,8.167039328517074,-28.925768649166223,-8.167039328517074,0,0,60.11324723681569,959.0230710951643,836.4562122263029,968.4415400202633,896.7126646403242,12,12,0.9181340467922168,0.080532345868701,28.848276762118836,-0.051664040525335755,0.9820445122127789,90.20532115193076,-3.299481867569044e-05,1.5803125895302464e-05,1.0,1.0,0.0,212.07423135083377,0.0,1.0,76.83296067148292,0.0,0.0,1.0
frame_0300.jpg,frame_0300,300,D:\visualization2026\visualization\left_downsample2_Q13\frame_0300.jpg,D:\visualization2026\visualization\right_downsample2_Q13\frame_0300.jpg,D:\visualization2026\dowsample2_Q13\stitched_frames\frame_0300.jpg,D:\visualization2026\dowsample2_Q13_hess_matched\stitched_frames\frame_0300.jpg,1831,1283,0.01704782317488679,-0.06320223273376699,46.103270123653246,-41.80123814957947,-3.9340175370606403,-60.8126437409569,50.037287660713886,19.011405591377432,53.52722390523244,25.018643830356943,9.505702795688716,-25.018643830356943,-9.505702795688716,0,0,53.52722390523244,949.0751176034418,841.6481843793887,953.0091351405024,902.4608281203456,12,12,0.9024575433700918,0.08581277775116512,24.81189749179429,-0.054550870192537924,0.9622136823763225,95.80008537491858,-4.0873581782408015e-05,4.91442557867261e-06,1.0,1.0,0.0,205.98135616964305,0.0,1.0,73.49429720431128,0.0,0.0,1.0
frame_0302.jpg,frame_0302,302,D:\visualization2026\visualization\left_downsample2_Q13\frame_0302.jpg,D:\visualization2026\visualization\right_downsample2_Q13\frame_0302.jpg,D:\visualization2026\dowsample2_Q13\stitched_frames\frame_0302.jpg,D:\visualization2026\dowsample2_Q13_hess_matched\stitched_frames\frame_0302.jpg,1832,1283,0.016445728615728183,-0.06270986950609791,44.57626358081559,-39.830925083938354,-12.980211742688994,-59.03571054432666,57.556475323504586,19.204785460388308,60.67595599778164,28.778237661752293,9.602392730194154,-28.778237661752293,-9.602392730194154,0,0,60.67595599778164,935.4521145412989,846.3841283277781,948.4323262839879,905.4198388721047,12,12,0.9033645059696855,0.08658569812537455,28.63058220391401,-0.054492737152702565,0.9613729065788416,96.29187599011036,-4.07693089961542e-05,5.629904971088924e-06,1.0,1.0,0.0,203.22176233824771,0.0,1.0,73.39760726980585,0.0,0.0,1.0
frame_0304.jpg,frame_0304,304,D:\visualization2026\visualization\left_downsample2_Q13\frame_0304.jpg,D:\visualization2026\visualization\right_downsample2_Q13\frame_0304.jpg,D:\visualization2026\dowsample2_Q13\stitched_frames\frame_0304.jpg,D:\visualization2026\dowsample2_Q13_hess_matched\stitched_frames\frame_0304.jpg,1832,1283,0.015886324051436973,-0.0632310974583102,43.21449073405429,-37.72243880541611,-11.241938857902483,-60.63509881850291,54.45642959195677,22.9126600130868,59.080391948421024,27.228214795978385,11.4563300065434,-27.228214795978385,-11.4563300065434,0,0,59.080391948421024,940.4649576938217,846.1831874928868,951.7068965517242,906.8182863113897,12,12,0.9034276993308513,0.08657697164393723,27.0805593381401,-0.05456832089438153,0.9613833440695297,98.1458132664596,-4.07693089961542e-05,5.629904971088924e-06,1.0,1.0,0.0,204.77178520402163,0.0,1.0,71.5436699934566,0.0,0.0,1.0
frame_0306.jpg,frame_0306,306,D:\visualization2026\visualization\left_downsample2_Q13\frame_0306.jpg,D:\visualization2026\visualization\right_downsample2_Q13\frame_0306.jpg,D:\visualization2026\dowsample2_Q13\stitched_frames\frame_0306.jpg,D:\visualization2026\dowsample2_Q13_hess_matched\stitched_frames\frame_0306.jpg,1831,1284,0.015389058090466035,-0.0636981540032214,42.004200386736755,-35.84710491002552,-10.010371131698207,-58.24152073138487,52.01457151843496,22.394415821359345,56.63060577308295,26.00728575921748,11.197207910679673,-26.00728575921748,-11.197207910679673,0,0,56.63060577308295,946.5365100760888,850.0262583707208,956.546881207787,908.2677791021057,12,12,0.901985374015537,0.08315814529291851,26.272134166292673,-0.054862158593436516,0.9632126238649006,98.43858986768285,-4.1234513171037814e-05,4.0770165049311965e-06,1.0,1.0,0.0,204.9927142407825,0.0,1.0,72.80279208932032,0.0,0.0,1.0
frame_0308.jpg,frame_0308,308,D:\visualization2026\visualization\left_downsample2_Q13\frame_0308.jpg,D:\visualization2026\visualization\right_downsample2_Q13\frame_0308.jpg,D:\visualization2026\dowsample2_Q13\stitched_frames\frame_0308.jpg,D:\visualization2026\dowsample2_Q13_hess_matched\stitched_frames\frame_0308.jpg,1831,1284,0.014981157296177106,-0.06346094547139713,40.97530809083924,-34.48492056262807,-12.313573540892662,-59.19667702229003,53.288881631731904,24.711756459661963,58.73989966694171,26.644440815865952,12.355878229830981,-26.644440815865952,-12.355878229830981,0,0,58.73989966694171,952.4957362183721,849.5360170142698,964.8093097592648,908.7326940365598,12,12,0.9019591012369617,0.08316074298460067,26.909289222941144,-0.05490993579997245,0.9632173477829156,99.59726018683415,-4.1234513171037814e-05,4.0770165049311965e-06,1.0,1.0,0.0,204.35555918413405,0.0,1.0,71.64412177016902,0.0,0.0,1.0
frame_0310.jpg,frame_0310,310,D:\visualization2026\visualization\left_downsample2_Q13\frame_0310.jpg,D:\visualization2026\visualization\right_downsample2_Q13\frame_0310.jpg,D:\visualization2026\dowsample2_Q13\stitched_frames\frame_0310.jpg,D:\visualization2026\dowsample2_Q13_hess_matched\stitched_frames\frame_0310.jpg,1847,1261,0.014508594642971384,-0.06296995620339607,39.7707293549296,-32.968176479969166,-15.87925527516802,-38.988017652561325,55.64998463009762,6.019841172592159,55.97463065597965,27.82499231504881,3.0099205862960794,-27.82499231504881,-3.0099205862960794,0,0,55.97463065597965,958.1825861822421,851.6140502942629,974.0618414574101,890.6020679468243,12,12,0.9107901257916072,0.07149479808535186,27.445191888129195,-0.053635981933212715,0.9611320652967967,88.15781801546785,-4.090629258375865e-05,-3.145398539840692e-06,1.0,1.0,0.0,219.1750076849512,0.0,1.0,57.990079413703924,0.0,0.0,1.0
frame_0312.jpg,frame_0312,312,D:\visualization2026\visualization\left_downsample2_Q13\frame_0312.jpg,D:\visualization2026\visualization\right_downsample2_Q13\frame_0312.jpg,D:\visualization2026\dowsample2_Q13\stitched_frames\frame_0312.jpg,D:\visualization2026\dowsample2_Q13_hess_matched\stitched_frames\frame_0312.jpg,1849,1254,0.014086214346001713,-0.062458729330440194,38.68985443977972,-31.633048076787475,5.728725240023778,-42.07512296483594,32.961129199755945,10.442074888048467,34.57561230246858,16.480564599877972,5.221037444024233,-16.480564599877972,-5.221037444024233,0,0,34.57561230246858,980.9350696811324,846.8421191046126,975.2063444411086,888.9172420694485,12,12,0.9095404056430137,0.07904388980117759,16.183935852640964,-0.05347350060048176,0.9440306098766903,90.46129556659086,-4.136232289645175e-05,-1.503873078482674e-05,1.0,1.0,0.0,232.51943540012203,0.0,1.0,48.77896255597577,0.0,0.0,1.0
frame_0314.jpg,frame_0314,314,D:\visualization2026\visualization\left_downsample2_Q13\frame_0314.jpg,D:\visualization2026\visualization\right_downsample2_Q13\frame_0314.jpg,D:\visualization2026\dowsample2_Q13\stitched_frames\frame_0314.jpg,D:\visualization2026\dowsample2_Q13_hess_matched\stitched_frames\frame_0314.jpg,1849,1254,0.013872405330697724,-0.062021873806038144,38.132350395737966,-31.007765139021256,-19.124681613841403,-36.56147555117741,57.25703200957937,5.553710412156153,57.525745661295765,28.628516004789685,2.7768552060780767,-28.628516004789685,-2.7768552060780767,0,0,57.525745661295765,959.9876146824549,854.0143269179583,979.1122962962963,890.5758024691357,12,12,0.9090379381544733,0.07886120003041196,28.331887257552676,-0.05337240354553806,0.9440673672753559,88.01711332864471,-4.136232289645175e-05,-1.503873078482674e-05,1.0,1.0,0.0,220.37148399521033,0.0,1.0,51.223144793921925,0.0,0.0,1.0
frame_0316.jpg,frame_0316,316,D:\visualization2026\visualization\left_downsample2_Q13\frame_0316.jpg,D:\visualization2026\visualization\right_downsample2_Q13\frame_0316.jpg,D:\visualization2026\dowsample2_Q13\stitched_frames\frame_0316.jpg,D:\visualization2026\dowsample2_Q13_hess_matched\stitched_frames\frame_0316.jpg,1849,1258,0.01387463769016345,-0.06153724868218621,38.109697654031166,-31.15318645990019,-21.899656642710625,-36.39970509355203,60.00935429674179,5.246518633651839,60.23826492259831,30.004677148370895,2.6232593168259193,-30.004677148370895,-2.6232593168259193,0,0,60.23826492259831,962.682878287429,857.5711531898811,984.5825349301397,893.9708582834331,12,12,0.9163826326897977,0.07750483592063281,30.392267773572662,-0.05343548032345194,0.9609840482736562,88.33103483949445,-3.977763365918016e-05,-9.352283751489696e-07,1.0,1.0,0.0,218.9953228516291,0.0,1.0,55.37674068317408,0.0,0.0,1.0
frame_0318.jpg,frame_0318,318,D:\visualization2026\visualization\left_downsample2_Q13\frame_0318.jpg,D:\visualization2026\visualization\right_downsample2_Q13\frame_0318.jpg,D:\visualization2026\dowsample2_Q13\stitched_frames\frame_0318.jpg,D:\visualization2026\dowsample2_Q13_hess_matched\stitched_frames\frame_0318.jpg,1858,1247,0.013943711035150574,-0.06111594441663608,38.257068326324536,-31.514881057734186,-31.1857089647134,-31.569476793574495,69.44277729103794,0.054595735840308635,69.44279875254932,34.72138864551897,0.027297867920154317,-34.72138864551897,-0.027297867920154317,0,0,69.44279875254932,960.479223597907,853.1820646322443,991.6649325626204,884.7515414258188,12,12,0.9169721400103716,0.07172890432376612,34.482910407688905,-0.04942309921325394,0.956937128803702,79.37639791313143,-3.855736851503778e-05,-5.687510299148634e-06,1.0,1.0,0.0,223.27861135448103,0.0,1.0,46.972702132079846,0.0,0.0,1.0
frame_0320.jpg,frame_0320,320,D:\visualization2026\visualization\left_downsample2_Q13\frame_0320.jpg,D:\visualization2026\visualization\right_downsample2_Q13\frame_0320.jpg,D:\visualization2026\dowsample2_Q13\stitched_frames\frame_0320.jpg,D:\visualization2026\dowsample2_Q13_hess_matched\stitched_frames\frame_0320.jpg,1869,1242,0.0139397288603747,-0.06093126293769108,38.23640887384068,-31.55336098918697,-33.91660508469511,-29.37474012009693,72.15301395853578,-2.1786208690900395,72.1858975991287,36.07650697926789,-1.0893104345450197,-36.07650697926789,1.0893104345450197,0,0,72.1858975991287,976.1987869030372,852.2224421685747,1010.1153919877323,881.5971822886717,12,12,0.9238230339615572,0.07645915363565328,36.10173713310786,-0.049068522425560694,0.962026570024943,77.27941026204493,-3.589555961964801e-05,-1.9857505438296234e-06,1.0,1.0,0.0,232.9234930207321,0.0,1.0,43.08931043454502,0.0,0.0,1.0
frame_0322.jpg,frame_0322,322,D:\visualization2026\visualization\left_downsample2_Q13\frame_0322.jpg,D:\visualization2026\visualization\right_downsample2_Q13\frame_0322.jpg,D:\visualization2026\dowsample2_Q13\stitched_frames\frame_0322.jpg,D:\visualization2026\dowsample2_Q13_hess_matched\stitched_frames\frame_0322.jpg,1852,1248,0.013925103165346009,-0.06106724343888931,38.20792684796124,-31.463495175140796,-17.456328881165064,-30.030321836560802,55.6642557291263,-1.4331733385799943,55.682702446055785,27.83212786456315,-0.7165866692899971,-27.83212786456315,0.7165866692899971,0,0,55.682702446055785,972.1359980059217,856.3720487186482,989.5923268870868,886.402370555209,12,12,0.919513410998149,0.06694648567355675,27.36992245600982,-0.05038135739538448,0.9579497786680984,79.68900608289596,-3.909014344504238e-05,-7.791045084545977e-06,1.0,1.0,0.0,224.16787213543685,0.0,1.0,48.716586669289995,0.0,0.0,1.0
frame_0324.jpg,frame_0324,324,D:\visualization2026\visualization\left_downsample2_Q13\frame_0324.jpg,D:\visualization2026\visualization\right_downsample2_Q13\frame_0324.jpg,D:\visualization2026\dowsample2_Q13\stitched_frames\frame_0324.jpg,D:\visualization2026\dowsample2_Q13_hess_matched\stitched_frames\frame_0324.jpg,1852,1248,0.013871191173792374,-0.06124075752519942,38.08386322267412,-31.225289362607732,-5.505655266734379,-26.22106772290897,43.5895184894085,-5.004221639698763,43.87582883955259,21.79475924470425,-2.5021108198493813,-21.79475924470425,2.5021108198493813,0,0,43.87582883955259,976.0794711960817,856.3877469241276,981.5851264628161,882.6088146470365,12,12,0.9197494126035299,0.06699352308466609,21.332553836150918,-0.05031156100021453,0.957963689767255,77.90348193233658,-3.909014344504238e-05,-7.791045084545977e-06,1.0,1.0,0.0,230.20524075529576,0.0,1.0,50.50211081984938,0.0,0.0,1.0
frame_0326.jpg,frame_0326,326,D:\visualization2026\visualization\left_downsample2_Q13\frame_0326.jpg,D:\visualization2026\visualization\right_downsample2_Q13\frame_0326.jpg,D:\visualization2026\dowsample2_Q13\stitched_frames\frame_0326.jpg,D:\visualization2026\dowsample2_Q13_hess_matched\stitched_frames\frame_0326.jpg,1872,1256,0.013697094803844345,-0.06112705497395816,37.64399590221161,-30.647432248938074,-11.548730177119182,-29.03818068706073,49.19272607933079,-1.6092515618773433,49.21904092630693,24.596363039665395,-0.8046257809386717,-24.596363039665395,0.8046257809386717,0,0,49.21904092630693,995.1448655925635,860.7717488076514,1006.6935957696827,889.8099294947122,12,12,0.9252341290126935,0.08410228304633721,24.309648075265446,-0.05938495115984344,0.9625600157392913,93.87069087162104,-3.755909728226917e-05,-2.6988489117172056e-06,1.0,1.0,0.0,247.4036369603346,0.0,1.0,56.80462578093867,0.0,0.0,1.0
frame_0328.jpg,frame_0328,328,D:\visualization2026\visualization\left_downsample2_Q13\frame_0328.jpg,D:\visualization2026\visualization\right_downsample2_Q13\frame_0328.jpg,D:\visualization2026\dowsample2_Q13\stitched_frames\frame_0328.jpg,D:\visualization2026\dowsample2_Q13_hess_matched\stitched_frames\frame_0328.jpg,1872,1256,0.013351038698927231,-0.06074456568360847,36.76055157053959,-29.54323856160749,-6.998146638462799,-29.799413005859947,43.75869820900239,0.25617444425245495,43.7594480574474,21.879349104501195,0.12808722212622747,-21.879349104501195,-0.12808722212622747,0,0,43.7594480574474,1000.0619354248432,860.9647526838625,1007.060082063306,890.7641656897224,12,12,0.9247918618157854,0.08252251691635464,22.246259708153595,-0.059417416978149826,0.9607606435081903,95.35863448924496,-3.73852790830093e-05,-4.382090774210083e-06,1.0,1.0,0.0,250.1206508954988,0.0,1.0,55.871912777873774,0.0,0.0,1.0
frame_0330.jpg,frame_0330,330,D:\visualization2026\visualization\left_downsample2_Q13\frame_0330.jpg,D:\visualization2026\visualization\right_downsample2_Q13\frame_0330.jpg,D:\visualization2026\dowsample2_Q13\stitched_frames\frame_0330.jpg,D:\visualization2026\dowsample2_Q13_hess_matched\stitched_frames\frame_0330.jpg,1876,1256,0.012967458894755146,-0.060275571558651334,35.7786921843483,-28.332099851928998,-10.167543217285925,-27.55704380447105,45.946235401634226,-0.775056047457948,45.95277205413279,22.973117700817113,-0.387528023728974,-22.973117700817113,0.387528023728974,0,0,45.95277205413279,1006.1894783002679,861.4821219184431,1016.3570215175538,889.0391657229142,12,12,0.9292244695805026,0.0829470186554226,23.40068152553613,-0.058947379781171004,0.9657637558541612,93.5884935208502,-3.572775887731601e-05,-2.2008542432139183e-06,1.0,1.0,0.0,253.0268822991829,0.0,1.0,55.387528023728976,0.0,0.0,1.0
frame_0332.jpg,frame_0332,332,D:\visualization2026\visualization\left_downsample2_Q13\frame_0332.jpg,D:\visualization2026\visualization\right_downsample2_Q13\frame_0332.jpg,D:\visualization2026\dowsample2_Q13\stitched_frames\frame_0332.jpg,D:\visualization2026\dowsample2_Q13_hess_matched\stitched_frames\frame_0332.jpg,1895,1261,0.01271538855299953,-0.05986254326427079,35.12735944733832,-27.56596063143881,-17.54473278051239,-28.44877061145928,52.67209222785071,0.8828099800204718,52.67948987148637,26.336046113925356,0.4414049900102359,-26.336046113925356,-0.4414049900102359,0,0,52.67948987148637,1022.1268858232355,859.3759696545859,1039.671618603748,887.8247402660452,12,12,0.9414488820731646,0.08909916456022951,26.70525951576871,-0.05884721779472605,0.970479860460446,94.11664130078582,-2.974258518511815e-05,-2.1135712693507337e-06,1.0,1.0,0.0,268.66395388607464,0.0,1.0,53.558595009989766,0.0,0.0,1.0
frame_0334.jpg,frame_0334,334,D:\visualization2026\visualization\left_downsample2_Q13\frame_0334.jpg,D:\visualization2026\visualization\right_downsample2_Q13\frame_0334.jpg,D:\visualization2026\dowsample2_Q13\stitched_frames\frame_0334.jpg,D:\visualization2026\dowsample2_Q13_hess_matched\stitched_frames\frame_0334.jpg,1880,1256,0.012614201599022878,-0.05950126503619859,34.85452113952671,-27.313915959466613,-8.968456410056433,-29.157303054668773,43.82297754958314,1.8433870952021607,43.86173089715027,21.91148877479157,0.9216935476010804,-21.91148877479157,-0.9216935476010804,0,0,43.86173089715027,1025.1842519844975,859.4839938402278,1034.1527083945539,888.6412968948965,12,12,0.9342590151337641,0.08418486779191313,22.336168223949706,-0.05815062977525318,0.9664400350120295,93.41419707137446,-3.4641578723255674e-05,-2.5370489277979234e-06,1.0,1.0,0.0,258.08851122520844,0.0,1.0,54.07830645239892,0.0,0.0,1.0
frame_0336.jpg,frame_0336,336,D:\visualization2026\visualization\left_downsample2_Q13\frame_0336.jpg,D:\visualization2026\visualization\right_downsample2_Q13\frame_0336.jpg,D:\visualization2026\dowsample2_Q13\stitched_frames\frame_0336.jpg,D:\visualization2026\dowsample2_Q13_hess_matched\stitched_frames\frame_0336.jpg,1881,1259,0.012553229888563777,-0.05914267149882157,34.68191711668946,-27.202047862886896,-22.56094889481392,-29.88167822034086,57.24286601150338,2.679630357453963,57.30555058686303,28.62143300575169,1.3398151787269814,-28.62143300575169,-1.3398151787269814,0,0,57.30555058686303,1016.676219246779,860.8063257127957,1039.237168141593,890.6880039331365,12,12,0.9368432118645502,0.08546925990352086,28.315654016010647,-0.058063913908652225,0.9701881390572521,94.3235440759166,-3.353728078878191e-05,-9.1472628400105e-07,1.0,1.0,0.0,252.3785669942483,0.0,1.0,54.66018482127302,0.0,0.0,1.0
frame_0338.jpg,frame_0338,338,D:\visualization2026\visualization\left_downsample2_Q13\frame_0338.jpg,D:\visualization2026\visualization\right_downsample2_Q13\frame_0338.jpg,D:\visualization2026\dowsample2_Q13\stitched_frames\frame_0338.jpg,D:\visualization2026\dowsample2_Q13_hess_matched\stitched_frames\frame_0338.jpg,1895,1265,0.01243316745023998,-0.058770331370864466,34.3614621768459,-26.886992703037144,-20.505457713673877,-27.891019873971345,54.866919890519775,1.0040271709342008,54.87610562742849,27.433459945259887,0.5020135854671004,-27.433459945259887,-0.5020135854671004,0,0,54.87610562742849,1024.7540820474678,859.8342932632264,1045.2595397611417,887.7253131371978,12,12,0.946782163487944,0.08399795002973352,27.826325920260974,-0.05628072493567146,0.972382273365769,90.21254224935356,-2.801416837004489e-05,-5.360481843216373e-06,1.0,1.0,0.0,267.56654005474013,0.0,1.0,53.4979864145329,0.0,0.0,1.0
frame_0340.jpg,frame_0340,340,D:\visualization2026\visualization\left_downsample2_Q13\frame_0340.jpg,D:\visualization2026\visualization\right_downsample2_Q13\frame_0340.jpg,D:\visualization2026\dowsample2_Q13\stitched_frames\frame_0340.jpg,D:\visualization2026\dowsample2_Q13_hess_matched\stitched_frames\frame_0340.jpg,1881,1257,0.012200051572465287,-0.05832960632389882,33.75568663038818,-26.19514536008031,-12.913099834652712,-27.489372989569347,46.668786465040895,1.2942276294890362,46.68672889886929,23.334393232520448,0.6471138147445181,-23.334393232520448,-0.6471138147445181,0,0,46.68672889886929,1023.7454275172306,860.529271719876,1036.6585273518833,888.0186447094453,12,12,0.9402155178992682,0.08352675338042666,23.09375735271376,-0.05667127580583956,0.9704022177239667,90.9425051626644,-3.347459545545854e-05,-1.4620367647465015e-06,1.0,1.0,0.0,257.6656067674796,0.0,1.0,54.352886185255485,0.0,0.0,1.0
frame_0342.jpg,frame_0342,342,D:\visualization2026\visualization\left_downsample2_Q13\frame_0342.jpg,D:\visualization2026\visualization\right_downsample2_Q13\frame_0342.jpg,D:\visualization2026\dowsample2_Q13\stitched_frames\frame_0342.jpg,D:\visualization2026\dowsample2_Q13_hess_matched\stitched_frames\frame_0342.jpg,1901,1265,0.011933255926019404,-0.0579202922202308,33.06792528714499,-25.376345102429703,-19.27145431236272,-27.749146133293834,52.33937959950771,2.3728010308641316,52.39313735207535,26.169689799753854,1.1864005154320658,-26.169689799753854,-1.1864005154320658,0,0,52.39313735207535,1042.2154317152958,860.3975396082417,1061.4868860276586,888.1466857415355,12,12,0.9513304353683238,0.08452343550926152,25.757398138948844,-0.05593417500587403,0.9739659676136554,90.89778497521914,-2.8207820436502257e-05,-4.300520283015366e-06,1.0,1.0,0.0,274.8303102002461,0.0,1.0,53.81359948456793,0.0,0.0,1.0
frame_0344.jpg,frame_0344,344,D:\visualization2026\visualization\left_downsample2_Q13\frame_0344.jpg,D:\visualization2026\visualization\right_downsample2_Q13\frame_0344.jpg,D:\visualization2026\dowsample2_Q13\stitched_frames\frame_0344.jpg,D:\visualization2026\dowsample2_Q13_hess_matched\stitched_frames\frame_0344.jpg,1901,1264,0.011700924325873718,-0.05759436981902239,32.470783667448885,-24.65465087009368,-22.809011864410195,-32.19909066016817,55.27979553185908,7.544439790074488,55.792242881875666,27.63989776592954,3.772219895037244,-27.63989776592954,-3.772219895037244,0,0,55.792242881875666,1041.488862531725,857.0714407407979,1064.2978743961353,889.2705314009661,12,12,0.9444135837429465,0.10811757743472505,27.54034454234435,-0.05620958084007523,0.9700794567386958,93.92381104034426,-3.1989768437758895e-05,-6.333740603139101e-06,1.0,1.0,0.0,273.36010223407044,0.0,1.0,51.227780104962754,0.0,0.0,1.0
frame_0346.jpg,frame_0346,346,D:\visualization2026\visualization\left_downsample2_Q13\frame_0346.jpg,D:\visualization2026\visualization\right_downsample2_Q13\frame_0346.jpg,D:\visualization2026\dowsample2_Q13\stitched_frames\frame_0346.jpg,D:\visualization2026\dowsample2_Q13_hess_matched\stitched_frames\frame_0346.jpg,1878,1261,0.011561875058403115,-0.05739320409395663,32.11304225771166,-24.224453342203116,-1.1205002866262248,-26.317228814821874,33.23354254433789,2.092775472618758,33.29937025268062,16.616771272168943,1.046387736309379,-16.616771272168943,-1.046387736309379,0,0,33.29937025268062,1015.2307733777607,857.1789551479097,1016.3512736643869,883.4961839627316,12,12,0.9408211050133759,0.0781674986967258,16.56563334315747,-0.05668121589542242,0.9673009206973644,91.80169735601744,-3.495518602265484e-05,-6.064485833127436e-06,1.0,1.0,0.0,261.38322872783107,0.0,1.0,52.95361226369062,0.0,0.0,1.0
frame_0348.jpg,frame_0348,348,D:\visualization2026\visualization\left_downsample2_Q13\frame_0348.jpg,D:\visualization2026\visualization\right_downsample2_Q13\frame_0348.jpg,D:\visualization2026\dowsample2_Q13\stitched_frames\frame_0348.jpg,D:\visualization2026\dowsample2_Q13_hess_matched\stitched_frames\frame_0348.jpg,1878,1260,0.01142863952096873,-0.057245897076879305,31.772903561299103,-23.79933878503142,-1.5603273133083349,-27.19615819187436,33.33323087460744,3.3968194068429405,33.50586012360505,16.66661543730372,1.6984097034214702,-16.66661543730372,-1.6984097034214702,0,0,33.50586012360505,1019.8352060396155,855.9059086119261,1021.3955333529238,883.1020668038004,12,12,0.9413954146968541,0.07803058739051955,16.156582628642965,-0.05651997720716508,0.9674261872836116,91.5311189482279,-3.468102763944812e-05,-6.001566222935455e-06,1.0,1.0,0.0,261.33338456269627,0.0,1.0,51.30159029657853,0.0,0.0,1.0
frame_0350.jpg,frame_0350,350,D:\visualization2026\visualization\left_downsample2_Q13\frame_0350.jpg,D:\visualization2026\visualization\right_downsample2_Q13\frame_0350.jpg,D:\visualization2026\dowsample2_Q13\stitched_frames\frame_0350.jpg,D:\visualization2026\dowsample2_Q13_hess_matched\stitched_frames\frame_0350.jpg,1878,1260,0.011354254196484947,-0.05711910516838858,31.580411214766446,-23.57464662009374,-2.300154377141098,-27.077356712027722,33.88056559190754,3.502710091933981,34.061146528202556,16.94028279595377,1.7513550459669904,-16.94028279595377,-1.7513550459669904,0,0,34.061146528202556,1024.1541427646011,855.7225652468055,1026.4542971417422,882.7999219588332,12,12,0.9413859236316247,0.07802894495774355,16.430249987293017,-0.056521813406053285,0.9674258695286321,91.58406429077341,-3.468102763944812e-05,-6.001566222935455e-06,1.0,1.0,0.0,261.05971720404625,0.0,1.0,51.24864495403301,0.0,0.0,1.0
frame_0352.jpg,frame_0352,352,D:\visualization2026\visualization\left_downsample2_Q13\frame_0352.jpg,D:\visualization2026\visualization\right_downsample2_Q13\frame_0352.jpg,D:\visualization2026\dowsample2_Q13\stitched_frames\frame_0352.jpg,D:\visualization2026\dowsample2_Q13_hess_matched\stitched_frames\frame_0352.jpg,1911,1268,0.011443307682484694,-0.05706584640908084,31.79892611845792,-23.901866102308627,-14.650167774289002,-28.99151285976575,46.44909389274692,5.089646757457121,46.72711019925064,23.22454694637346,2.5448233787285606,-23.22454694637346,-2.5448233787285606,0,0,46.72711019925064,1049.5223198852061,854.5846257264316,1064.1724876594951,883.5761385861973,12,12,0.9620227427221846,0.08195672306307493,23.596841007463777,-0.05288733346643884,0.9782088910939328,87.2589120226617,-2.5292218716199063e-05,-6.112313632799446e-06,1.0,1.0,0.0,287.77545305362656,0.0,1.0,51.45517662127144,0.0,0.0,1.0
frame_0354.jpg,frame_0354,354,D:\visualization2026\visualization\left_downsample2_Q13\frame_0354.jpg,D:\visualization2026\visualization\right_downsample2_Q13\frame_0354.jpg,D:\visualization2026\dowsample2_Q13\stitched_frames\frame_0354.jpg,D:\visualization2026\dowsample2_Q13_hess_matched\stitched_frames\frame_0354.jpg,1911,1268,0.011639581682228894,-0.057100838379050736,32.289402356818556,-24.57979520167053,-14.83239250974907,-28.469111879096772,47.121794866567626,3.8893166774262404,47.28202973291423,23.560897433283813,1.9446583387131202,-23.560897433283813,-1.9446583387131202,0,0,47.28202973291423,1054.3130620357053,855.4859626759777,1069.1454545454544,883.9550745550745,12,12,0.9611810587035872,0.08308137005334826,24.02494426287207,-0.053717672492763824,0.9788512102382995,88.122185236252,-2.6047601951840593e-05,-4.801314591831473e-06,1.0,1.0,0.0,287.4391025667162,0.0,1.0,53.05534166128688,0.0,0.0,1.0
frame_0356.jpg,frame_0356,356,D:\visualization2026\visualization\left_downsample2_Q13\frame_0356.jpg,D:\visualization2026\visualization\right_downsample2_Q13\frame_0356.jpg,D:\visualization2026\dowsample2_Q13\stitched_frames\frame_0356.jpg,D:\visualization2026\dowsample2_Q13_hess_matched\stitched_frames\frame_0356.jpg,1901,1267,0.011785032622928848,-0.05714517691942703,32.65394642366448,-25.076955456721777,-5.39255879862867,-27.602789005755653,38.04650522229315,2.5258335490338766,38.130255634435564,19.023252611146575,1.2629167745169383,-19.023252611146575,-1.2629167745169383,0,0,38.130255634435564,1057.982219701076,854.6556280054671,1063.3747784997047,882.2584170112227,12,12,0.9623743378494364,0.08399761808193712,19.12150264565895,-0.051634361675301,0.9778660478740564,84.22611774824199,-2.6010336684144374e-05,-7.073011099970882e-06,1.0,1.0,0.0,281.9767473888534,0.0,1.0,51.73708322548306,0.0,0.0,1.0
frame_0358.jpg,frame_0358,358,D:\visualization2026\visualization\left_downsample2_Q13\frame_0358.jpg,D:\visualization2026\visualization\right_downsample2_Q13\frame_0358.jpg,D:\visualization2026\dowsample2_Q13\stitched_frames\frame_0358.jpg,D:\visualization2026\dowsample2_Q13_hess_matched\stitched_frames\frame_0358.jpg,1901,1267,0.011829871280751414,-0.05705186060123116,32.76009851263195,-25.260592506934145,-1.52330292713782,-26.702684588732836,34.28340143976977,1.442092081798691,34.31371801266651,17.141700719884884,0.7210460408993455,-17.141700719884884,-0.7210460408993455,0,0,34.31371801266651,1067.3203308785098,854.495888419005,1068.8436338056476,881.1985730077379,12,12,0.9624232776476168,0.08401092631934919,17.23995075439726,-0.05162026743508032,0.97786988053177,83.68424701462439,-2.6010336684144374e-05,-7.073011099970882e-06,1.0,1.0,0.0,283.8582992801151,0.0,1.0,52.278953959100654,0.0,0.0,1.0
frame_0360.jpg,frame_0360,360,D:\visualization2026\visualization\left_downsample2_Q13\frame_0360.jpg,D:\visualization2026\visualization\right_downsample2_Q13\frame_0360.jpg,D:\visualization2026\dowsample2_Q13\stitched_frames\frame_0360.jpg,D:\visualization2026\dowsample2_Q13_hess_matched\stitched_frames\frame_0360.jpg,1901,1267,0.011853258092767494,-0.0568390157937158,32.805909132489155,-25.402986427600016,-6.116084131090929,-26.951781389497796,38.921993263580084,1.54879496189778,38.952796118432545,19.460996631790042,0.77439748094889,-19.460996631790042,-0.77439748094889,0,0,38.952796118432545,1067.7116530951864,854.4499704353198,1073.8277372262773,881.4017518248176,12,12,0.962362951980078,0.08399452191362017,19.559246666302418,-0.0516216551239986,0.9778695031764424,83.73759845467394,-2.6010336684144374e-05,-7.073011099970882e-06,1.0,1.0,0.0,281.53900336820993,0.0,1.0,52.22560251905111,0.0,0.0,1.0
frame_0362.jpg,frame_0362,362,D:\visualization2026\visualization\left_downsample2_Q13\frame_0362.jpg,D:\visualization2026\visualization\right_downsample2_Q13\frame_0362.jpg,D:\visualization2026\dowsample2_Q13\stitched_frames\frame_0362.jpg,D:\visualization2026\dowsample2_Q13_hess_matched\stitched_frames\frame_0362.jpg,1885,1259,0.011860077114029921,-0.056721608769576305,32.81604487568186,-25.460219381584903,-6.092976896084338,-25.442599798776655,38.9090217717662,-0.017619582808247714,38.90902576119678,19.4545108858831,-0.008809791404123857,-19.4545108858831,0.008809791404123857,0,0,38.90902576119678,1061.3400057651272,855.7549454963723,1067.4329826612116,881.197545295149,12,12,0.9461126258510622,0.07857458858173465,19.606931510936636,-0.0548176144761903,0.9700436403697424,87.54738178766901,-3.522714327771935e-05,-4.737879499886626e-06,1.0,1.0,0.0,265.5454891141169,0.0,1.0,53.008809791404126,0.0,0.0,1.0
frame_0364.jpg,frame_0364,364,D:\visualization2026\visualization\left_downsample2_Q13\frame_0364.jpg,D:\visualization2026\visualization\right_downsample2_Q13\frame_0364.jpg,D:\visualization2026\dowsample2_Q13\stitched_frames\frame_0364.jpg,D:\visualization2026\dowsample2_Q13_hess_matched\stitched_frames\frame_0364.jpg,1885,1261,0.011815384214730495,-0.05674157306515885,32.705985985994005,-25.29791971905016,-5.035557681355158,-24.704181406242128,37.74154366734916,-0.593738312808032,37.74621363234357,18.87077183367458,-0.296869156404016,-18.87077183367458,0.296869156404016,0,0,37.74621363234357,1062.6774216696774,855.2499975514766,1067.7129793510326,879.9541789577187,12,12,0.944821380701672,0.07427788505703292,18.479389780250386,-0.055124392827390296,0.9656234591187984,88.23376208035405,-3.535178487823834e-05,-8.761943408489846e-06,1.0,1.0,0.0,266.12922816632545,0.0,1.0,52.296869156404014,0.0,0.0,1.0
frame_0366.jpg,frame_0366,366,D:\visualization2026\visualization\left_downsample2_Q13\frame_0366.jpg,D:\visualization2026\visualization\right_downsample2_Q13\frame_0366.jpg,D:\visualization2026\dowsample2_Q13\stitched_frames\frame_0366.jpg,D:\visualization2026\dowsample2_Q13_hess_matched\stitched_frames\frame_0366.jpg,1885,1261,0.011718762026292184,-0.05671586776360741,32.46403973329135,-24.966594835870016,-4.81760237866456,-23.646054952976442,37.28164211195591,-1.3205398828935735,37.305021969518755,18.640821055977955,-0.6602699414467867,-18.640821055977955,0.6602699414467867,0,0,37.305021969518755,1067.7851373473627,855.8568369800524,1072.6027397260273,879.5028919330289,12,12,0.9448295098720977,0.07427989987273384,18.24943900255376,-0.05511154596101288,0.9656266432159116,87.87036129531128,-3.535178487823834e-05,-8.761943408489846e-06,1.0,1.0,0.0,266.35917894402206,0.0,1.0,52.660269941446785,0.0,0.0,1.0
frame_0368.jpg,frame_0368,368,D:\visualization2026\visualization\left_downsample2_Q13\frame_0368.jpg,D:\visualization2026\visualization\right_downsample2_Q13\frame_0368.jpg,D:\visualization2026\dowsample2_Q13\stitched_frames\frame_0368.jpg,D:\visualization2026\dowsample2_Q13_hess_matched\stitched_frames\frame_0368.jpg,1920,1266,0.011669410423859161,-0.05666365980572328,32.338186524629556,-24.808459819149398,-26.962220000239085,-20.34312389923946,59.30040652486864,-4.46533591990994,59.46828935569209,29.65020326243432,-2.23266795995497,-29.65020326243432,2.23266795995497,0,0,59.46828935569209,1085.209092427171,853.3962295657237,1112.1713124274102,873.7393534649632,12,12,0.961606124459013,0.07560733293094464,29.375881809753185,-0.05087353092833146,0.9743060686959296,78.8029037925361,-2.788152017244903e-05,-1.0498331635364393e-05,1.0,1.0,0.0,290.34979673756567,0.0,1.0,48.232667959954966,0.0,0.0,1.0
frame_0370.jpg,frame_0370,370,D:\visualization2026\visualization\left_downsample2_Q13\frame_0370.jpg,D:\visualization2026\visualization\right_downsample2_Q13\frame_0370.jpg,D:\visualization2026\dowsample2_Q13\stitched_frames\frame_0370.jpg,D:\visualization2026\dowsample2_Q13_hess_matched\stitched_frames\frame_0370.jpg,1921,1265,0.011719227360629247,-0.05666995256515433,32.46252520434238,-24.98126217975952,-29.507138018090245,-23.26053113982175,61.96966322243262,-1.7207310399377675,61.99354865801379,30.98483161121631,-0.8603655199688838,-30.98483161121631,0.8603655199688838,0,0,61.99354865801379,1093.725035456443,850.8368969993613,1123.2321734745333,874.0974281391831,12,12,0.9629308700191038,0.07998016362505285,30.692380167740414,-0.05129452493290972,0.9778350568964493,81.14118272055941,-2.7645635518527394e-05,-6.200090031675051e-06,1.0,1.0,0.0,290.0151683887837,0.0,1.0,47.86036551996888,0.0,0.0,1.0
frame_0372.jpg,frame_0372,372,D:\visualization2026\visualization\left_downsample2_Q13\frame_0372.jpg,D:\visualization2026\visualization\right_downsample2_Q13\frame_0372.jpg,D:\visualization2026\dowsample2_Q13\stitched_frames\frame_0372.jpg,D:\visualization2026\dowsample2_Q13_hess_matched\stitched_frames\frame_0372.jpg,1922,1267,0.01179709877211721,-0.05677640101042074,32.66250877317291,-25.223947769508705,-47.24764254976253,-26.61641802235522,79.91015132293543,1.3924702528465147,79.92228261166908,39.95507566146772,0.6962351264232574,-39.95507566146772,-0.6962351264232574,0,0,79.92228261166908,1081.6809564840537,847.2666737650843,1128.9285990338162,873.8830917874395,12,12,0.9636626800590807,0.07839790786226325,40.404045873640925,-0.05083878259199758,0.9768259633163338,82.41664813595435,-2.7133707622449415e-05,-8.326482936662653e-06,1.0,1.0,0.0,282.04492433853227,0.0,1.0,46.30376487357674,0.0,0.0,1.0
frame_0374.jpg,frame_0374,374,D:\visualization2026\visualization\left_downsample2_Q13\frame_0374.jpg,D:\visualization2026\visualization\right_downsample2_Q13\frame_0374.jpg,D:\visualization2026\dowsample2_Q13\stitched_frames\frame_0374.jpg,D:\visualization2026\dowsample2_Q13_hess_matched\stitched_frames\frame_0374.jpg,1905,1265,0.011860046792273038,-0.05681312620692538,32.821296284177734,-25.434128917930366,-26.194324518306303,-23.999379853394657,59.01562080248404,-1.4347490645357084,59.03305856535618,29.50781040124202,-0.7173745322678542,-29.50781040124202,0.7173745322678542,0,0,59.03305856535618,1087.7457751558359,847.3075014960398,1113.9400996741422,871.3068813494344,12,12,0.9577853710600517,0.07140267760008676,29.739645149628878,-0.0500199333788821,0.9705586585202459,79.04334448049114,-3.024106041625701e-05,-1.3735122887197247e-05,1.0,1.0,0.0,275.492189598758,0.0,1.0,44.717374532267854,0.0,0.0,1.0
frame_0376.jpg,frame_0376,376,D:\visualization2026\visualization\left_downsample2_Q13\frame_0376.jpg,D:\visualization2026\visualization\right_downsample2_Q13\frame_0376.jpg,D:\visualization2026\dowsample2_Q13\stitched_frames\frame_0376.jpg,D:\visualization2026\dowsample2_Q13_hess_matched\stitched_frames\frame_0376.jpg,1905,1265,0.011895332592654628,-0.05665987924506859,32.900187196177,-25.60130278782842,-22.619655017559808,-26.888911467403204,55.51984221373681,1.2876086795747845,55.53477122983355,27.759921106868404,0.6438043397873923,-27.759921106868404,-0.6438043397873923,0,0,55.53477122983355,1088.3792458617365,842.9792939682482,1110.9989008792963,869.8682054356514,12,12,0.9578382290858037,0.07142668507433819,27.991755855255263,-0.05006109687138926,0.9705399625611668,80.40452335254639,-3.024106041625701e-05,-1.3735122887197247e-05,1.0,1.0,0.0,277.24007889313157,0.0,1.0,43.356195660212606,0.0,0.0,1.0
frame_0378.jpg,frame_0378,378,D:\visualization2026\visualization\left_downsample2_Q13\frame_0378.jpg,D:\visualization2026\visualization\right_downsample2_Q13\frame_0378.jpg,D:\visualization2026\dowsample2_Q13\stitched_frames\frame_0378.jpg,D:\visualization2026\dowsample2_Q13_hess_matched\stitched_frames\frame_0378.jpg,1896,1264,0.011924351075747186,-0.056384129523750985,32.956351118876036,-25.781293883894413,-33.63508334066796,-33.476792422515814,66.59143445954399,7.6954985386214005,67.03461673745639,33.295717229771995,3.8477492693107003,-33.295717229771995,-3.8477492693107003,0,0,67.03461673745639,1072.4436793829211,838.1521234782648,1106.078762723589,871.6289159007806,12,12,0.9513561336553786,0.07310195944741078,33.66176334267648,-0.05374411832181704,0.9691858075101198,89.14048791160224,-3.433679891123017e-05,-1.044535071113845e-05,1.0,1.0,0.0,262.704282770228,0.0,1.0,42.1522507306893,0.0,0.0,1.0
frame_0380.jpg,frame_0380,380,D:\visualization2026\visualization\left_downsample2_Q13\frame_0380.jpg,D:\visualization2026\visualization\right_downsample2_Q13\frame_0380.jpg,D:\visualization2026\dowsample2_Q13\stitched_frames\frame_0380.jpg,D:\visualization2026\dowsample2_Q13_hess_matched\stitched_frames\frame_0380.jpg,1896,1262,0.011898337678720727,-0.056034145281677626,32.87124404622536,-25.789496711438158,-3.9390392360876376,-35.42024474771688,36.810283282312994,9.630748036278721,38.049287287180796,18.405141641156497,4.8153740181393605,-18.405141641156497,-4.8153740181393605,0,0,38.049287287180796,1077.473446178148,837.2012060496381,1081.4124854142356,872.621450797355,12,12,0.9513607987424344,0.07336268832746658,18.566871361232764,-0.053351172179328936,0.9675222646512097,89.95342729838914,-3.4960668358483125e-05,-1.0579940490604877e-05,1.0,1.0,0.0,277.5948583588435,0.0,1.0,41.18462598186064,0.0,0.0,1.0
frame_0382.jpg,frame_0382,382,D:\visualization2026\visualization\left_downsample2_Q13\frame_0382.jpg,D:\visualization2026\visualization\right_downsample2_Q13\frame_0382.jpg,D:\visualization2026\dowsample2_Q13\stitched_frames\frame_0382.jpg,D:\visualization2026\dowsample2_Q13_hess_matched\stitched_frames\frame_0382.jpg,1914,1271,0.011733841555684354,-0.05562137763385941,32.43786012022623,-25.330197153932712,-12.630780642386526,-49.9551241555115,45.06864076261276,24.624927001578786,51.357272221395526,22.53432038130638,12.312463500789393,-22.53432038130638,-12.312463500789393,0,0,51.357272221395526,1086.608824295885,838.5286289309082,1099.2396049382714,888.4837530864197,12,12,0.9622029213574007,0.09118088341439869,22.653598002862402,-0.05319629854601563,0.9835723135811059,96.72811741034113,-3.429375728122698e-05,-4.140377132777758e-06,1.0,1.0,0.0,291.4656796186936,0.0,1.0,49.68753649921061,0.0,0.0,1.0
frame_0384.jpg,frame_0384,384,D:\visualization2026\visualization\left_downsample2_Q13\frame_0384.jpg,D:\visualization2026\visualization\right_downsample2_Q13\frame_0384.jpg,D:\visualization2026\dowsample2_Q13\stitched_frames\frame_0384.jpg,D:\visualization2026\dowsample2_Q13_hess_matched\stitched_frames\frame_0384.jpg,1902,1267,0.01141220466587034,-0.055139315378093676,31.60938870810708,-24.3398547166297,-21.217502370672264,-49.08559470955629,52.82689107877934,24.74573999292659,58.33551293034752,26.41344553938967,12.372869996463296,-26.41344553938967,-12.372869996463296,0,0,58.33551293034752,1071.5089337428606,838.0146668423182,1092.7264361135328,887.1002615518745,12,12,0.9511525425395932,0.07558719973768871,26.229916878145787,-0.05529839759589562,0.9728201768758344,99.79087405448294,-3.927546009897331e-05,-8.202971051868732e-06,1.0,1.0,0.0,275.58655446061033,0.0,1.0,48.627130003536706,0.0,0.0,1.0
frame_0386.jpg,frame_0386,386,D:\visualization2026\visualization\left_downsample2_Q13\frame_0386.jpg,D:\visualization2026\visualization\right_downsample2_Q13\frame_0386.jpg,D:\visualization2026\dowsample2_Q13\stitched_frames\frame_0386.jpg,D:\visualization2026\dowsample2_Q13_hess_matched\stitched_frames\frame_0386.jpg,1903,1270,0.011179048114210333,-0.05476198325365717,31.007201792126267,-23.629865916270607,-16.810201727487538,-47.62734399618921,47.817403519613805,23.997478079918604,53.501243289794196,23.908701759806902,11.998739039959302,-23.908701759806902,-11.998739039959302,0,0,53.501243289794196,1081.1709056989018,839.3729574810493,1097.9811074263894,887.0003014772385,12,12,0.9518689370434087,0.08011817705176852,23.874495896809222,-0.055404487686659086,0.9744111256465483,99.58443155608714,-3.918105291960041e-05,-8.580539584238743e-06,1.0,1.0,0.0,279.0912982401931,0.0,1.0,49.001260960040696,0.0,0.0,1.0
frame_0388.jpg,frame_0388,388,D:\visualization2026\visualization\left_downsample2_Q13\frame_0388.jpg,D:\visualization2026\visualization\right_downsample2_Q13\frame_0388.jpg,D:\visualization2026\dowsample2_Q13\stitched_frames\frame_0388.jpg,D:\visualization2026\dowsample2_Q13_hess_matched\stitched_frames\frame_0388.jpg,1889,1262,0.011440856834957991,-0.05455888390906808,31.64690672410697,-24.6050691531632,-1.7114012706963422,-49.51063106561833,33.35830799480331,24.905561912455127,41.63008198948561,16.679153997401656,12.452780956227564,-16.679153997401656,-12.452780956227564,0,0,41.63008198948561,1087.1856924422336,837.5602467517008,1088.89709371293,887.0708778173191,12,12,0.9506109554720733,0.078995285862468,17.1230022972952,-0.05616822037123271,0.9734603888355545,101.22711720814618,-4.182548469144845e-05,-3.612087234792235e-06,1.0,1.0,0.0,272.32084600259833,0.0,1.0,48.54721904377244,0.0,0.0,1.0
frame_0390.jpg,frame_0390,390,D:\visualization2026\visualization\left_downsample2_Q13\frame_0390.jpg,D:\visualization2026\visualization\right_downsample2_Q13\frame_0390.jpg,D:\visualization2026\dowsample2_Q13\stitched_frames\frame_0390.jpg,D:\visualization2026\dowsample2_Q13_hess_matched\stitched_frames\frame_0390.jpg,1888,1260,0.012531486597170849,-0.05423799840053399,34.34232613475499,-28.518411225495218,-28.721416673490012,-66.93888726629302,63.063742808245,38.42047604079781,73.84557289496773,31.5318714041225,19.210238020398904,-31.5318714041225,-19.210238020398904,0,0,73.84557289496773,1064.7312826826267,818.2379329417307,1093.4526993561167,885.1768202080237,12,12,0.9555846437292564,0.037872529683567746,31.908262840397914,-0.05630857156721309,0.9496399629954557,108.49404508233464,-3.8939354091870436e-05,-8.085716724613467e-06,1.0,1.0,0.0,256.4681285958775,0.0,1.0,40.789761979601096,0.0,0.0,1.0
frame_0392.jpg,frame_0392,392,D:\visualization2026\visualization\left_downsample2_Q13\frame_0392.jpg,D:\visualization2026\visualization\right_downsample2_Q13\frame_0392.jpg,D:\visualization2026\dowsample2_Q13\stitched_frames\frame_0392.jpg,D:\visualization2026\dowsample2_Q13_hess_matched\stitched_frames\frame_0392.jpg,1888,1260,0.0135261681472163,-0.05393919662482936,36.80025813223787,-32.08922188140744,-32.50391062930794,-66.34173091664616,69.30416876154581,34.25250903523872,77.30654683102804,34.652084380772905,17.12625451761936,-34.652084380772905,-17.12625451761936,0,0,77.30654683102804,1065.3015795667704,818.4974847696283,1097.8054901960784,884.8392156862744,12,12,0.9554631446513167,0.03784730052531809,35.02847581704832,-0.05622742259567674,0.949656813495718,106.41006157955509,-3.8939354091870436e-05,-8.085716724613467e-06,1.0,1.0,0.0,253.34791561922708,0.0,1.0,42.87374548238064,0.0,0.0,1.0
frame_0394.jpg,frame_0394,394,D:\visualization2026\visualization\left_downsample2_Q13\frame_0394.jpg,D:\visualization2026\visualization\right_downsample2_Q13\frame_0394.jpg,D:\visualization2026\dowsample2_Q13\stitched_frames\frame_0394.jpg,D:\visualization2026\dowsample2_Q13_hess_matched\stitched_frames\frame_0394.jpg,1909,1277,0.013472846034042418,-0.053794411983154794,36.65913555148407,-31.943456710133614,-16.209962610632374,-59.3459603890376,52.869098162116444,27.402503678903987,59.548625075209344,26.434549081058222,13.701251839451993,-26.434549081058222,-13.701251839451993,0,0,59.548625075209344,1107.7758551023499,843.1574612116765,1123.9858177129822,902.5034216007141,12,12,0.951283799256159,0.08253428539725036,26.60050446372732,-0.059035479142119485,0.9775124464765237,106.9700104938436,-4.276296025501797e-05,-4.470753013242866e-06,1.0,1.0,0.0,282.5654509189418,0.0,1.0,63.29874816054801,0.0,0.0,1.0
frame_0396.jpg,frame_0396,396,D:\visualization2026\visualization\left_downsample2_Q13\frame_0396.jpg,D:\visualization2026\visualization\right_downsample2_Q13\frame_0396.jpg,D:\visualization2026\dowsample2_Q13\stitched_frames\frame_0396.jpg,D:\visualization2026\dowsample2_Q13_hess_matched\stitched_frames\frame_0396.jpg,1915,1276,0.012484513501540562,-0.053609633103625536,34.18885615456128,-28.53219811284986,-21.52107536604194,-59.57337321819932,55.70993152060322,31.041175105349463,63.77421910106989,27.85496576030161,15.520587552674732,-27.85496576030161,-15.520587552674732,0,0,63.77421910106989,1113.6537249888827,841.4371759289958,1135.1748003549246,901.0105491471951,12,12,0.9630049312834613,0.08819417681845616,27.53538851801929,-0.05686272398838074,0.9860805854820962,105.66837923166533,-3.7655793357043375e-05,6.030115470488812e-07,1.0,1.0,0.0,287.14503423969836,0.0,1.0,60.47941244732527,0.0,0.0,1.0
frame_0398.jpg,frame_0398,398,D:\visualization2026\visualization\left_downsample2_Q13\frame_0398.jpg,D:\visualization2026\visualization\right_downsample2_Q13\frame_0398.jpg,D:\visualization2026\dowsample2_Q13\stitched_frames\frame_0398.jpg,D:\visualization2026\dowsample2_Q13_hess_matched\stitched_frames\frame_0398.jpg,1910,1277,0.01138115820666774,-0.05340204521806182,31.431008166681845,-24.7243054240042,-8.538628492572116,-56.69417037621213,39.969636659253965,31.969864952207928,51.182459102071206,19.984818329626982,15.984932476103964,-19.984818329626982,-15.984932476103964,0,0,51.182459102071206,1119.0269002498253,842.9051037065816,1127.5655287423974,899.5992740827937,12,12,0.953597604701874,0.0827526267250007,20.0094891764761,-0.05863883931573059,0.978502634245167,108.7792854874953,-4.182277408610445e-05,-4.578841374064449e-06,1.0,1.0,0.0,290.015181670373,0.0,1.0,61.015067523896036,0.0,0.0,1.0
frame_0400.jpg,frame_0400,400,D:\visualization2026\visualization\left_downsample2_Q13\frame_0400.jpg,D:\visualization2026\visualization\right_downsample2_Q13\frame_0400.jpg,D:\visualization2026\dowsample2_Q13\stitched_frames\frame_0400.jpg,D:\visualization2026\dowsample2_Q13_hess_matched\stitched_frames\frame_0400.jpg,1935,1284,0.010875217390583058,-0.053234752854491606,30.162207001030765,-22.99867779750037,-18.55167367472768,-64.78557137679627,48.713880675758446,41.7868935792959,64.1808900335562,24.356940337879223,20.89344678964795,-24.356940337879223,-20.89344678964795,0,0,64.1808900335562,1137.8774790055693,842.0519832971942,1156.429152680297,906.8375546739904,12,12,0.970792909012116,0.09204018688614483,24.41825748608659,-0.05948106049307239,0.9885088191220779,114.87808289346056,-3.470734056601944e-05,-5.647106714723437e-07,1.0,1.0,0.0,310.6430596621208,0.0,1.0,63.10655321035205,0.0,0.0,1.0
frame_0402.jpg,frame_0402,402,D:\visualization2026\visualization\left_downsample2_Q13\frame_0402.jpg,D:\visualization2026\visualization\right_downsample2_Q13\frame_0402.jpg,D:\visualization2026\dowsample2_Q13\stitched_frames\frame_0402.jpg,D:\visualization2026\dowsample2_Q13_hess_matched\stitched_frames\frame_0402.jpg,1948,1277,0.010669324798032398,-0.05313533503461831,29.64404435127008,-22.30533144766531,-30.132570829097858,-73.95788959463493,59.77661518036794,51.652558146969625,79.00145875582217,29.88830759018397,25.826279073484812,-29.88830759018397,-25.826279073484812,0,0,79.00145875582217,1138.801269178697,826.3568331959721,1168.933840007795,900.314722790607,12,12,0.994286194428422,0.10069400190240253,29.36816893331242,-0.052605985066081905,0.9998269911357319,108.49956456577003,-2.4795478409039193e-05,7.084530142299323e-06,1.0,1.0,0.0,318.11169240981604,0.0,1.0,51.17372092651519,0.0,0.0,1.0
frame_0404.jpg,frame_0404,404,D:\visualization2026\visualization\left_downsample2_Q13\frame_0404.jpg,D:\visualization2026\visualization\right_downsample2_Q13\frame_0404.jpg,D:\visualization2026\dowsample2_Q13\stitched_frames\frame_0404.jpg,D:\visualization2026\dowsample2_Q13_hess_matched\stitched_frames\frame_0404.jpg,1948,1277,0.01054805299607986,-0.053001080520720084,29.33443785480437,-21.918439195185766,-28.415370001955125,-73.99343142754844,57.749807856759496,52.074992232362675,77.76146297166272,28.874903928379748,26.037496116181337,-28.874903928379748,-26.037496116181337,0,0,77.76146297166272,1145.9758245855435,825.616181820962,1174.3911945874986,899.6096132485104,12,12,0.9943113222570379,0.10068682241361417,28.354765271508196,-0.052611222293703706,0.9998284875092375,108.71078160846656,-2.4795478409039193e-05,7.084530142299323e-06,1.0,1.0,0.0,319.12509607162025,0.0,1.0,50.96250388381866,0.0,0.0,1.0
frame_0406.jpg,frame_0406,406,D:\visualization2026\visualization\left_downsample2_Q13\frame_0406.jpg,D:\visualization2026\visualization\right_downsample2_Q13\frame_0406.jpg,D:\visualization2026\dowsample2_Q13\stitched_frames\frame_0406.jpg,D:\visualization2026\dowsample2_Q13_hess_matched\stitched_frames\frame_0406.jpg,1948,1277,0.010435253653403143,-0.05274534816103824,29.038844833805477,-21.59573036846983,-31.762533646324528,-72.80075510051859,60.801378480130005,51.205024732048756,79.49064210895357,30.400689240065002,25.602512366024378,-30.400689240065002,-25.602512366024378,0,0,79.49064210895357,1152.1028246821268,825.6924102968646,1183.8653583284513,898.4931653973832,12,12,0.9942734896802852,0.10069763188564548,29.88055058319345,-0.05260043666351841,0.9998254058537481,108.2757978583096,-2.4795478409039193e-05,7.084530142299323e-06,1.0,1.0,0.0,317.599310759935,0.0,1.0,51.39748763397562,0.0,0.0,1.0
frame_0408.jpg,frame_0408,408,D:\visualization2026\visualization\left_downsample2_Q13\frame_0408.jpg,D:\visualization2026\visualization\right_downsample2_Q13\frame_0408.jpg,D:\visualization2026\dowsample2_Q13\stitched_frames\frame_0408.jpg,D:\visualization2026\dowsample2_Q13_hess_matched\stitched_frames\frame_0408.jpg,1948,1277,0.010460747030324513,-0.05255719931976158,29.0913352193884,-21.73849515031365,-15.75377275615233,-71.2664418570771,44.84510797554073,49.527946706763444,66.81392979256576,22.422553987770364,24.763973353381722,-22.422553987770364,-24.763973353381722,0,0,66.81392979256576,1156.6091257945723,824.9977127322948,1172.3628985507246,896.2641545893719,12,12,0.9944713113606778,0.10064111054597126,21.902415330898812,-0.05257964468753529,0.9998194651988376,107.43725884566695,-2.4795478409039193e-05,7.084530142299323e-06,1.0,1.0,0.0,325.57744601222964,0.0,1.0,52.23602664661828,0.0,0.0,1.0
frame_0410.jpg,frame_0410,410,D:\visualization2026\visualization\left_downsample2_Q13\frame_0410.jpg,D:\visualization2026\visualization\right_downsample2_Q13\frame_0410.jpg,D:\visualization2026\dowsample2_Q13\stitched_frames\frame_0410.jpg,D:\visualization2026\dowsample2_Q13_hess_matched\stitched_frames\frame_0410.jpg,1954,1290,0.010553913178123375,-0.052421920619316824,29.315310671494352,-22.103415526577994,-18.951261780956884,-68.77971161304072,48.266572452451236,46.67629608646273,67.14416305725213,24.133286226225618,23.338148043231364,-24.133286226225618,-23.338148043231364,0,0,67.14416305725213,1164.1036590448598,835.5265621893244,1183.0549208258167,904.3062738023651,12,12,0.9870010902936085,0.10093811578469612,23.99506257382195,-0.06014695911124092,0.99858292528958,118.11778417815896,-2.9008243553426597e-05,1.8227753005575477e-06,1.0,1.0,0.0,329.8667137737744,0.0,1.0,61.661851956768636,0.0,0.0,1.0
frame_0412.jpg,frame_0412,412,D:\visualization2026\visualization\left_downsample2_Q13\frame_0412.jpg,D:\visualization2026\visualization\right_downsample2_Q13\frame_0412.jpg,D:\visualization2026\dowsample2_Q13\stitched_frames\frame_0412.jpg,D:\visualization2026\dowsample2_Q13_hess_matched\stitched_frames\frame_0412.jpg,1954,1290,0.010590248731326302,-0.05226476248880717,29.396586302111018,-22.27537885615444,-14.370886399517985,-61.14916588894005,43.767472701629,38.87378703278561,58.53855981281236,21.8837363508145,19.436893516392804,-21.8837363508145,-19.436893516392804,0,0,58.53855981281236,1168.7757529127134,834.7465941735843,1183.1466393122314,895.8957600625243,12,12,0.98706634578428,0.10093401536074585,21.745512698410835,-0.06003379056976248,0.9985758141791873,114.21652965132039,-2.9008243553426597e-05,1.8227753005575477e-06,1.0,1.0,0.0,332.1162636491855,0.0,1.0,65.5631064836072,0.0,0.0,1.0
frame_0414.jpg,frame_0414,414,D:\visualization2026\visualization\left_downsample2_Q13\frame_0414.jpg,D:\visualization2026\visualization\right_downsample2_Q13\frame_0414.jpg,D:\visualization2026\dowsample2_Q13\stitched_frames\frame_0414.jpg,D:\visualization2026\dowsample2_Q13_hess_matched\stitched_frames\frame_0414.jpg,1912,1298,0.010559943745139133,-0.05212055980303757,29.31277708100523,-22.210114554310564,-1.4774114918707255,-68.01171302529428,30.790188572875955,45.80159847098372,55.18896751027763,15.395094286437978,22.90079923549186,-15.395094286437978,-22.90079923549186,0,0,55.18896751027763,1139.2166020323932,840.1860793374742,1140.694013524264,908.1977923627685,12,12,0.9546539945587172,0.09755440559530285,15.212180063510726,-0.06840361613373042,0.9852299956716732,130.54598972889724,-4.842486393961896e-05,4.175822228389801e-06,1.0,1.0,0.0,296.604905713562,0.0,1.0,75.09920076450814,0.0,0.0,1.0
frame_0416.jpg,frame_0416,416,D:\visualization2026\visualization\left_downsample2_Q13\frame_0416.jpg,D:\visualization2026\visualization\right_downsample2_Q13\frame_0416.jpg,D:\visualization2026\dowsample2_Q13\stitched_frames\frame_0416.jpg,D:\visualization2026\dowsample2_Q13_hess_matched\stitched_frames\frame_0416.jpg,1927,1292,0.010521366858126657,-0.05199912391233636,29.209707908431394,-22.10939635919867,2.133246542417055,-68.95243796243369,27.07646136601434,46.84304160323502,54.10550163105111,13.53823068300717,23.42152080161751,-13.53823068300717,-23.42152080161751,0,0,54.10550163105111,1163.1936817550777,832.872784589495,1161.0604352126606,901.8252225519287,12,12,0.9873593548891576,0.09975852890644965,13.514123780236742,-0.060446209216859025,1.0022389070341402,119.24909355922858,-3.031307285463288e-05,4.0841312847171065e-06,1.0,1.0,0.0,313.46176931699284,0.0,1.0,68.5784791983825,0.0,0.0,1.0
frame_0418.jpg,frame_0418,418,D:\visualization2026\visualization\left_downsample2_Q13\frame_0418.jpg,D:\visualization2026\visualization\right_downsample2_Q13\frame_0418.jpg,D:\visualization2026\dowsample2_Q13\stitched_frames\frame_0418.jpg,D:\visualization2026\dowsample2_Q13_hess_matched\stitched_frames\frame_0418.jpg,1929,1292,0.010528067941603436,-0.051881318220539506,29.219526951587746,-22.166329179182412,2.2984843001047466,-70.08455471061734,26.921042651483,47.91822553143493,54.962704405118465,13.4605213257415,23.959112765717464,-13.4605213257415,-23.959112765717464,0,0,54.962704405118465,1169.9365309327475,831.7697432979886,1167.6380466326427,901.854298008606,12,12,0.9902949782566145,0.10234320400617518,13.808283058135633,-0.06022241700709245,1.0059473084848494,119.0247219764433,-2.9329829306380044e-05,7.162857685306253e-06,1.0,1.0,0.0,315.5394786742585,0.0,1.0,68.04088723428254,0.0,0.0,1.0
frame_0420.jpg,frame_0420,420,D:\visualization2026\visualization\left_downsample2_Q13\frame_0420.jpg,D:\visualization2026\visualization\right_downsample2_Q13\frame_0420.jpg,D:\visualization2026\dowsample2_Q13\stitched_frames\frame_0420.jpg,D:\visualization2026\dowsample2_Q13_hess_matched\stitched_frames\frame_0420.jpg,1914,1297,0.010651267643020823,-0.051682305513936946,29.514532981046056,-22.654601264926203,-0.6308189869253056,-68.53702204134129,30.14535196797136,45.88242077641509,54.899351376649996,15.07267598398568,22.941210388207544,-15.07267598398568,-22.941210388207544,0,0,54.899351376649996,1157.2067596765448,837.9667238381912,1157.8375786634701,906.5037458795325,12,12,0.9587683618235234,0.098227673573763,15.0415337550478,-0.06723077756945861,0.9872231453204704,128.9313705545415,-4.616225138319225e-05,4.333256426228535e-06,1.0,1.0,0.0,298.9273240160143,0.0,1.0,74.05878961179246,0.0,0.0,1.0
frame_0422.jpg,frame_0422,422,D:\visualization2026\visualization\left_downsample2_Q13\frame_0422.jpg,D:\visualization2026\visualization\right_downsample2_Q13\frame_0422.jpg,D:\visualization2026\dowsample2_Q13\stitched_frames\frame_0422.jpg,D:\visualization2026\dowsample2_Q13_hess_matched\stitched_frames\frame_0422.jpg,1930,1296,0.01080641119917114,-0.05141780201986895,29.885221230282717,-23.27341872079719,-6.745476631394695,-69.98569456181565,36.63069786167741,46.71227584101846,59.36198059432397,18.315348930838706,23.35613792050923,-18.315348930838706,-23.35613792050923,0,0,59.36198059432397,1176.1971396594847,829.1425808799881,1182.9426162908794,899.1282754418038,12,12,0.9947603931049891,0.09712025226668647,18.608856043173386,-0.05941913636047385,1.0035148580859814,117.25085119939685,-2.5659114923311366e-05,1.6045416008119054e-06,1.0,1.0,0.0,311.6846510691613,0.0,1.0,66.64386207949077,0.0,0.0,1.0
frame_0424.jpg,frame_0424,424,D:\visualization2026\visualization\left_downsample2_Q13\frame_0424.jpg,D:\visualization2026\visualization\right_downsample2_Q13\frame_0424.jpg,D:\visualization2026\dowsample2_Q13\stitched_frames\frame_0424.jpg,D:\visualization2026\dowsample2_Q13_hess_matched\stitched_frames\frame_0424.jpg,1947,1297,0.01086858431327875,-0.051148690260186015,30.024278788952984,-23.567719247010395,-45.94726345089589,-72.00949928114426,75.97154223984887,48.44178003413386,90.10150544345278,37.985771119924436,24.22089001706693,-37.985771119924436,-24.22089001706693,0,0,90.10150544345278,1159.2390169755774,831.5353609079525,1205.1862804264733,903.5448601890968,12,12,0.9945905951347891,0.10789332928131201,37.75817433272965,-0.06207226327660609,1.0090890182327885,122.56088408180955,-2.779608874160572e-05,7.873056880932994e-06,1.0,1.0,0.0,309.01422888007556,0.0,1.0,70.77910998293306,0.0,0.0,1.0
frame_0426.jpg,frame_0426,426,D:\visualization2026\visualization\left_downsample2_Q13\frame_0426.jpg,D:\visualization2026\visualization\right_downsample2_Q13\frame_0426.jpg,D:\visualization2026\dowsample2_Q13\stitched_frames\frame_0426.jpg,D:\visualization2026\dowsample2_Q13_hess_matched\stitched_frames\frame_0426.jpg,1937,1298,0.010843501000968758,-0.0508293814908179,29.94327178455343,-23.570472090503976,-30.296425974328486,-62.93385778641846,60.23969775888192,39.36338569591448,71.96038715520343,30.11984887944096,19.68169284795724,-30.11984887944096,-19.68169284795724,0,0,71.96038715520343,1153.8297771291873,835.089811433774,1184.1262031035158,898.0236692201925,12,12,0.9741653397655781,0.0987871026691405,29.91045747616449,-0.06680794611404195,0.9926179975541345,125.78996419692496,-3.828890327981003e-05,-6.073840044435647e-08,1.0,1.0,0.0,306.88015112055905,0.0,1.0,78.31830715204276,0.0,0.0,1.0
frame_0428.jpg,frame_0428,428,D:\visualization2026\visualization\left_downsample2_Q13\frame_0428.jpg,D:\visualization2026\visualization\right_downsample2_Q13\frame_0428.jpg,D:\visualization2026\dowsample2_Q13\stitched_frames\frame_0428.jpg,D:\visualization2026\dowsample2_Q13_hess_matched\stitched_frames\frame_0428.jpg,1934,1299,0.010775376802345193,-0.050489369835383054,29.75394994793279,-23.4282614142781,-31.777926162445056,-63.65325165717206,61.531876110377844,40.224990242893966,73.51341114180325,30.765938055188922,20.112495121446983,-30.765938055188922,-20.112495121446983,0,0,73.51341114180325,1144.7200903160415,833.9007102999024,1176.4980164784865,897.5539619570744,12,12,0.9671749709202593,0.10153570342344478,30.806158016036402,-0.06881359755198825,0.9945896429951542,128.35442307315148,-4.337258279926889e-05,1.0895061604624503e-05,1.0,1.0,0.0,303.23406194481106,0.0,1.0,78.88750487855302,0.0,0.0,1.0
frame_0430.jpg,frame_0430,430,D:\visualization2026\visualization\left_downsample2_Q13\frame_0430.jpg,D:\visualization2026\visualization\right_downsample2_Q13\frame_0430.jpg,D:\visualization2026\dowsample2_Q13\stitched_frames\frame_0430.jpg,D:\visualization2026\dowsample2_Q13_hess_matched\stitched_frames\frame_0430.jpg,1934,1299,0.01067037275176308,-0.050225392792131736,29.47727608363814,-23.135212944256573,-30.71317813210385,-63.58128678847254,60.190454215741994,40.44607384421597,72.51741630883649,30.095227107870997,20.223036922107983,-30.095227107870997,-20.223036922107983,0,0,72.51741630883649,1149.980025941535,833.5395514410612,1180.6932040736388,897.1208382295338,12,12,0.9672040613863562,0.10152839598635487,30.135447068718477,-0.0688183920353902,0.9945908473548822,128.46496487381248,-4.337258279926889e-05,1.0895061604624503e-05,1.0,1.0,0.0,303.904772892129,0.0,1.0,78.77696307789202,0.0,0.0,1.0
frame_0432.jpg,frame_0432,432,D:\visualization2026\visualization\left_downsample2_Q13\frame_0432.jpg,D:\visualization2026\visualization\right_downsample2_Q13\frame_0432.jpg,D:\visualization2026\dowsample2_Q13\stitched_frames\frame_0432.jpg,D:\visualization2026\dowsample2_Q13_hess_matched\stitched_frames\frame_0432.jpg,1934,1299,0.01052518724746443,-0.05004183293744748,29.105289052120558,-22.678511518706955,-26.14418662856201,-63.431610833439436,55.249475680682565,40.75309931473248,68.65362092961145,27.624737840341282,20.37654965736624,-27.624737840341282,-20.37654965736624,0,0,68.65362092961145,1159.4083417512109,833.0849010344655,1185.5525283797729,896.5165118679049,12,12,0.9673112128866668,0.10150147985359156,27.664957801188763,-0.06882505027921093,0.9945925198855899,128.61847760907074,-4.337258279926889e-05,1.0895061604624503e-05,1.0,1.0,0.0,306.37526215965875,0.0,1.0,78.62345034263376,0.0,0.0,1.0
frame_0434.jpg,frame_0434,434,D:\visualization2026\visualization\left_downsample2_Q13\frame_0434.jpg,D:\visualization2026\visualization\right_downsample2_Q13\frame_0434.jpg,D:\visualization2026\dowsample2_Q13\stitched_frames\frame_0434.jpg,D:\visualization2026\dowsample2_Q13_hess_matched\stitched_frames\frame_0434.jpg,1934,1299,0.010357335088401864,-0.04984785533281686,28.676288329431888,-22.14533013248908,-28.30157467390154,-64.0840959656806,56.977863003333425,41.938765833191525,70.74840600351293,28.488931501666713,20.969382916595762,-28.488931501666713,-20.969382916595762,0,0,70.74840600351293,1162.3009549546214,832.7364398375262,1190.602529628523,896.8205358032068,12,12,0.9672737305755363,0.10151089529677003,28.529151462514193,-0.06885076298883303,0.9945989788404705,129.21131086830025,-4.337258279926889e-05,1.0895061604624503e-05,1.0,1.0,0.0,305.5110684983333,0.0,1.0,78.03061708340424,0.0,0.0,1.0
frame_0436.jpg,frame_0436,436,D:\visualization2026\visualization\left_downsample2_Q13\frame_0436.jpg,D:\visualization2026\visualization\right_downsample2_Q13\frame_0436.jpg,D:\visualization2026\dowsample2_Q13\stitched_frames\frame_0436.jpg,D:\visualization2026\dowsample2_Q13_hess_matched\stitched_frames\frame_0436.jpg,1954,1302,0.010199138810372155,-0.049569666329475605,28.266415229119424,-21.669898685778676,-20.929095829271773,-62.42621523171886,49.1955110583912,40.75631654594018,63.88486242208844,24.5977555291956,20.37815827297009,-24.5977555291956,-20.37815827297009,0,0,63.88486242208844,1194.4197111987805,832.164081264238,1215.3488070280523,894.5902964959569,12,12,0.9940721397884005,0.1130087521776854,24.87841994594108,-0.06790150695005023,1.006337550646467,127.45021730256482,-3.1842703046495245e-05,8.13569667648736e-06,1.0,1.0,0.0,329.4022444708044,0.0,1.0,76.6218417270299,0.0,0.0,1.0
frame_0438.jpg,frame_0438,438,D:\visualization2026\visualization\left_downsample2_Q13\frame_0438.jpg,D:\visualization2026\visualization\right_downsample2_Q13\frame_0438.jpg,D:\visualization2026\dowsample2_Q13\stitched_frames\frame_0438.jpg,D:\visualization2026\dowsample2_Q13_hess_matched\stitched_frames\frame_0438.jpg,1953,1320,0.010049737117708513,-0.049002946992724866,27.861633773365813,-21.30721016881461,-19.263824552453798,-57.869373613272046,47.12545832581961,36.56216344445744,59.64562530611764,23.562729162909804,18.28108172222872,-23.562729162909804,-18.28108172222872,0,0,59.64562530611764,1205.0453687688093,834.7199444313869,1224.3091933212631,892.589318044659,12,12,0.9954724352711535,0.11655912518961999,23.4548737575859,-0.06806721140403625,1.0025486178807803,126.4150569627552,-2.6356471875889467e-05,-5.7017732196142434e-06,1.0,1.0,0.0,329.4372708370902,0.0,1.0,77.71891827777128,0.0,0.0,1.0
frame_0440.jpg,frame_0440,440,D:\visualization2026\visualization\left_downsample2_Q13\frame_0440.jpg,D:\visualization2026\visualization\right_downsample2_Q13\frame_0440.jpg,D:\visualization2026\dowsample2_Q13\stitched_frames\frame_0440.jpg,D:\visualization2026\dowsample2_Q13_hess_matched\stitched_frames\frame_0440.jpg,1918,1308,0.009901060485757562,-0.048260392605647844,27.448422015382533,-20.996986884990143,0.00615619377413168,-58.96704111444228,27.4422658216084,37.97005422945214,46.84872433280711,13.7211329108042,18.98502711472607,-13.7211329108042,-18.98502711472607,0,0,46.84872433280711,1193.532518753016,841.0422400861895,1193.5263625592418,900.0092812006318,12,12,0.9705430397917985,0.10909019409672022,14.021612014116485,-0.0778297743060219,0.9941102823564242,142.2976577369513,-4.502691908535642e-05,5.402997797666716e-06,1.0,1.0,0.0,304.2788670891958,0.0,1.0,85.01497288527393,0.0,0.0,1.0
frame_0442.jpg,frame_0442,442,D:\visualization2026\visualization\left_downsample2_Q13\frame_0442.jpg,D:\visualization2026\visualization\right_downsample2_Q13\frame_0442.jpg,D:\visualization2026\dowsample2_Q13\stitched_frames\frame_0442.jpg,D:\visualization2026\dowsample2_Q13_hess_matched\stitched_frames\frame_0442.jpg,1916,1308,0.009764114390308332,-0.04770429800296058,27.07525547590068,-20.67493376454677,-34.29039462573337,-57.5534614732137,61.365650101634046,36.87852770866694,71.59447477532811,30.682825050817023,18.43926385433347,-30.682825050817023,-18.43926385433347,0,0,71.59447477532811,1162.0359834496326,840.4539090240353,1196.326378075366,898.007370497249,12,12,0.9677817689217217,0.10522191649215848,30.832456174695032,-0.07669189221989087,0.9900805610029855,139.64332370884847,-4.473655512349498e-05,1.1026336509065e-06,1.0,1.0,0.0,285.31717494918297,0.0,1.0,83.56073614566654,0.0,0.0,1.0
frame_0444.jpg,frame_0444,444,D:\visualization2026\visualization\left_downsample2_Q13\frame_0444.jpg,D:\visualization2026\visualization\right_downsample2_Q13\frame_0444.jpg,D:\visualization2026\dowsample2_Q13\stitched_frames\frame_0444.jpg,D:\visualization2026\dowsample2_Q13_hess_matched\stitched_frames\frame_0444.jpg,1925,1312,0.009642527830132086,-0.047404222140211116,26.755213883810754,-20.33401943102476,-38.96064193439702,-58.38618977637611,65.71585581820777,38.05217034535136,75.93774670024855,32.857927909103886,19.02608517267568,-32.857927909103886,-19.02608517267568,0,0,75.93774670024855,1166.7343399277554,843.9382761647765,1205.6949818621524,902.3244659411527,12,12,0.9609054548133051,0.10487469562924624,32.654268929039425,-0.08146388889115949,0.9836486128602184,148.20806794231123,-4.887840781036293e-05,-1.8259894065506924e-06,1.0,1.0,0.0,292.14207209089614,0.0,1.0,86.97391482732432,0.0,0.0,1.0
frame_0446.jpg,frame_0446,446,D:\visualization2026\visualization\left_downsample2_Q13\frame_0446.jpg,D:\visualization2026\visualization\right_downsample2_Q13\frame_0446.jpg,D:\visualization2026\dowsample2_Q13\stitched_frames\frame_0446.jpg,D:\visualization2026\dowsample2_Q13_hess_matched\stitched_frames\frame_0446.jpg,1928,1314,0.009545431870204513,-0.04714853074480339,26.49870204696674,-20.066333238815357,-39.216482004067984,-55.52444104000085,65.71518405103473,35.45810780118549,74.67103068594848,32.85759202551736,17.729053900592746,-32.85759202551736,-17.729053900592746,0,0,74.67103068594848,1179.0689975605242,841.2130820653596,1218.2854795645922,896.7375231053604,12,12,0.965868148003869,0.10758878386082722,32.357587367006204,-0.08151284052021159,0.9860184138417407,146.37743416199868,-4.5913999481245006e-05,-1.0484409464357738e-06,1.0,1.0,0.0,295.14240797448264,0.0,1.0,84.27094609940725,0.0,0.0,1.0
frame_0448.jpg,frame_0448,448,D:\visualization2026\visualization\left_downsample2_Q13\frame_0448.jpg,D:\visualization2026\visualization\right_downsample2_Q13\frame_0448.jpg,D:\visualization2026\dowsample2_Q13\stitched_frames\frame_0448.jpg,D:\visualization2026\dowsample2_Q13_hess_matched\stitched_frames\frame_0448.jpg,1928,1314,0.009487083064754431,-0.04692887368853924,26.340712218783505,-19.9242097006209,-26.50984375475946,-55.284503752327964,52.85055597354297,35.360294051707065,63.588769937275785,26.425277986771484,17.680147025853532,-26.425277986771484,-17.680147025853532,0,0,63.588769937275785,1182.8947853008303,841.047899636802,1209.4046290555898,896.3324033891299,12,12,0.9661634812673072,0.10759552776224578,25.925273328260324,-0.08151059500999018,0.9860184651177107,146.32852728725948,-4.5913999481245006e-05,-1.0484409464357738e-06,1.0,1.0,0.0,301.5747220132285,0.0,1.0,84.31985297414647,0.0,0.0,1.0
frame_0450.jpg,frame_0450,450,D:\visualization2026\visualization\left_downsample2_Q13\frame_0450.jpg,D:\visualization2026\visualization\right_downsample2_Q13\frame_0450.jpg,D:\visualization2026\dowsample2_Q13\stitched_frames\frame_0450.jpg,D:\visualization2026\dowsample2_Q13_hess_matched\stitched_frames\frame_0450.jpg,1928,1314,0.00949288842504814,-0.0466896233882711,26.341233394074955,-20.012484663738704,-30.401454863962726,-54.192776710312614,56.74268825803768,34.18029204657391,66.24216961375835,28.37134412901884,17.090146023286955,-28.37134412901884,-17.090146023286955,0,0,66.24216961375835,1187.7643992900082,841.5310705373006,1218.165854153971,895.7238472476132,12,12,0.9660741295874615,0.10759348742681776,27.87133947050768,-0.08148350570426441,0.9860190836989202,145.7385262846929,-4.5913999481245006e-05,-1.0484409464357738e-06,1.0,1.0,0.0,299.62865587098116,0.0,1.0,84.90985397671304,0.0,0.0,1.0
frame_0452.jpg,frame_0452,452,D:\visualization2026\visualization\left_downsample2_Q13\frame_0452.jpg,D:\visualization2026\visualization\right_downsample2_Q13\frame_0452.jpg,D:\visualization2026\dowsample2_Q13\stitched_frames\frame_0452.jpg,D:\visualization2026\dowsample2_Q13_hess_matched\stitched_frames\frame_0452.jpg,1947,1327,0.009547801574659176,-0.04642352787423423,26.46239966396056,-20.28048543931932,-32.87033682203628,-44.913717284694485,59.33273648599684,24.633231845375164,64.2430519983659,29.66636824299842,12.316615922687582,-29.66636824299842,-12.316615922687582,0,0,64.2430519983659,1202.4338130279068,842.3402411133186,1235.304149849943,887.2539583980131,12,12,0.9760312216697083,0.10887423026341904,29.155966324716236,-0.08399672998887486,0.9866296929123444,145.80368481349728,-4.110291724839158e-05,-5.799252417416282e-06,1.0,1.0,0.0,317.33363175700157,0.0,1.0,81.68338407731241,0.0,0.0,1.0
frame_0454.jpg,frame_0454,454,D:\visualization2026\visualization\left_downsample2_Q13\frame_0454.jpg,D:\visualization2026\visualization\right_downsample2_Q13\frame_0454.jpg,D:\visualization2026\dowsample2_Q13\stitched_frames\frame_0454.jpg,D:\visualization2026\dowsample2_Q13_hess_matched\stitched_frames\frame_0454.jpg,1943,1323,0.009591871990614842,-0.04624582245245449,26.56172798342191,-20.485390376765903,-13.15341340075679,-35.564961559936705,39.7151413841787,15.079571183170803,42.481595099920845,19.85757069208935,7.539785591585401,-19.85757069208935,-7.539785591585401,0,0,42.481595099920845,1207.0337265169385,845.4147709503512,1220.1871399176953,880.9797325102879,12,12,0.9723541810865384,0.11991146152739751,20.069130208214712,-0.08406838232400053,0.9908166501454283,141.72358315346955,-4.4707169143059555e-05,5.114614041981132e-08,1.0,1.0,0.0,323.1424293079107,0.0,1.0,84.4602144084146,0.0,0.0,1.0
frame_0456.jpg,frame_0456,456,D:\visualization2026\visualization\left_downsample2_Q13\frame_0456.jpg,D:\visualization2026\visualization\right_downsample2_Q13\frame_0456.jpg,D:\visualization2026\dowsample2_Q13\stitched_frames\frame_0456.jpg,D:\visualization2026\dowsample2_Q13_hess_matched\stitched_frames\frame_0456.jpg,1935,1323,0.00961282008054265,-0.046241801753896396,26.613624519367445,-20.55994688802831,-9.400846825185454,-34.30815766947194,36.0144713445529,13.748210781443628,38.54938969579966,18.00723567227645,6.874105390721814,-18.00723567227645,-6.874105390721814,0,0,38.54938969579966,1207.5643033204406,841.6870216013928,1216.965150145626,875.9951792708647,12,12,0.970242595970521,0.10499916428462192,18.410115604970414,-0.08359753445278215,0.9811080502749024,140.51089272260634,-4.419061266599098e-05,-7.847083784147727e-06,1.0,1.0,0.0,316.99276432772353,0.0,1.0,80.12589460927819,0.0,0.0,1.0
frame_0458.jpg,frame_0458,458,D:\visualization2026\visualization\left_downsample2_Q13\frame_0458.jpg,D:\visualization2026\visualization\right_downsample2_Q13\frame_0458.jpg,D:\visualization2026\dowsample2_Q13\stitched_frames\frame_0458.jpg,D:\visualization2026\dowsample2_Q13_hess_matched\stitched_frames\frame_0458.jpg,1937,1321,0.0096113407418007,-0.046311117038018546,26.613977664090484,-20.535081954762752,-9.426206602162893,-35.199254304550095,36.04018426625338,14.664172349787343,38.90928979883551,18.02009213312669,7.332086174893671,-18.02009213312669,-7.332086174893671,0,0,38.90928979883551,1214.578754638147,840.0466371683182,1224.00496124031,875.2458914728683,12,12,0.9738345399134812,0.10783577779548101,18.08599198577422,-0.08466824265396115,0.9830032858885952,142.30386254900816,-4.348454763827057e-05,-4.245621291888976e-06,1.0,1.0,0.0,318.9799078668733,0.0,1.0,79.66791382510633,0.0,0.0,1.0
frame_0460.jpg,frame_0460,460,D:\visualization2026\visualization\left_downsample2_Q13\frame_0460.jpg,D:\visualization2026\visualization\right_downsample2_Q13\frame_0460.jpg,D:\visualization2026\dowsample2_Q13\stitched_frames\frame_0460.jpg,D:\visualization2026\dowsample2_Q13_hess_matched\stitched_frames\frame_0460.jpg,1937,1327,0.009482418334348153,-0.04629655691947621,26.29229911649157,-20.087392923506112,-12.908948496791481,-33.02044285000056,39.20124761328305,12.933049926494451,41.27955419864813,19.600623806641526,6.466524963247226,-19.600623806641526,-6.466524963247226,0,0,41.27955419864813,1217.7001442782496,841.7117000071423,1230.609092775041,874.7321428571429,12,12,0.9752631455222464,0.10948137232307681,19.116634556962712,-0.0821513337026751,0.9876229663646934,137.0299478262844,-4.13401639873853e-05,-7.065359424203126e-06,1.0,1.0,0.0,317.3993761933585,0.0,1.0,80.53347503675278,0.0,0.0,1.0
frame_0462.jpg,frame_0462,462,D:\visualization2026\visualization\left_downsample2_Q13\frame_0462.jpg,D:\visualization2026\visualization\right_downsample2_Q13\frame_0462.jpg,D:\visualization2026\dowsample2_Q13\stitched_frames\frame_0462.jpg,D:\visualization2026\dowsample2_Q13_hess_matched\stitched_frames\frame_0462.jpg,1920,1316,0.009290784033329724,-0.046045983334181625,25.800820895442406,-19.486933435986252,7.132643628420965,-34.66577710783395,18.66817726702144,15.178843671847694,24.06030211130623,9.33408863351072,7.589421835923847,-9.33408863351072,-7.589421835923847,0,0,24.06030211130623,1223.3916053095088,840.8540003952563,1216.2589616810878,875.5197775030903,12,12,0.9633037404294538,0.11488373550877147,9.747574131070298,-0.08512093429472431,0.9761107113793867,143.23485901716796,-4.946446854168143e-05,-5.369818564289803e-06,1.0,1.0,0.0,310.6659113664893,0.0,1.0,80.41057816407616,0.0,0.0,1.0
frame_0464.jpg,frame_0464,464,D:\visualization2026\visualization\left_downsample2_Q13\frame_0464.jpg,D:\visualization2026\visualization\right_downsample2_Q13\frame_0464.jpg,D:\visualization2026\dowsample2_Q13\stitched_frames\frame_0464.jpg,D:\visualization2026\dowsample2_Q13_hess_matched\stitched_frames\frame_0464.jpg,1910,1313,0.00922815154918677,-0.04561326201396284,25.619769255373583,-19.390291791084994,9.623272941870937,-34.36174435680914,15.996496313502647,14.971452565724146,21.90963911696475,7.998248156751323,7.485726282862073,-7.998248156751323,-7.485726282862073,0,0,21.90963911696475,1220.7671715155636,844.8849540055785,1211.1438985736927,879.2466983623876,12,12,0.9579155526479521,0.10671013235063694,7.669043276307811,-0.08792218851529172,0.9790058598689053,147.431051498359,-5.504017415450236e-05,1.2374312800048897e-06,1.0,1.0,0.0,302.00175184324866,0.0,1.0,84.51427371713793,0.0,0.0,1.0
frame_0466.jpg,frame_0466,466,D:\visualization2026\visualization\left_downsample2_Q13\frame_0466.jpg,D:\visualization2026\visualization\right_downsample2_Q13\frame_0466.jpg,D:\visualization2026\dowsample2_Q13\stitched_frames\frame_0466.jpg,D:\visualization2026\dowsample2_Q13_hess_matched\stitched_frames\frame_0466.jpg,1914,1335,0.008978751364336124,-0.045228435265683486,24.976722862082454,-18.625503277171816,-11.141020200328967,-22.836864187723222,36.11774306241142,4.211360910551406,36.36243837590225,18.05887153120571,2.105680455275703,-18.05887153120571,-2.105680455275703,0,0,36.36243837590225,1213.917383030488,851.6223881680808,1225.058403230817,874.459252355804,12,12,0.9557312577559941,0.08252983966338345,17.848917832966407,-0.0890966981749807,0.9771493080710391,144.74174206963352,-5.383917516310843e-05,-1.2466361557828851e-05,1.0,1.0,0.0,295.9411284687943,0.0,1.0,85.8943195447243,0.0,0.0,1.0
frame_0468.jpg,frame_0468,468,D:\visualization2026\visualization\left_downsample2_Q13\frame_0468.jpg,D:\visualization2026\visualization\right_downsample2_Q13\frame_0468.jpg,D:\visualization2026\dowsample2_Q13\stitched_frames\frame_0468.jpg,D:\visualization2026\dowsample2_Q13_hess_matched\stitched_frames\frame_0468.jpg,1931,1328,0.007936558651652659,-0.044965550740252505,22.36786299183512,-15.047661878983352,-33.50797570458985,-21.702730825682465,55.87583869642498,6.655068946699114,56.2707676570546,27.93791934821249,3.327534473349557,-27.93791934821249,-3.327534473349557,0,0,56.2707676570546,1208.2105147821123,845.5335773841356,1241.7184904867022,867.236308209818,12,12,0.9634486586455858,0.10067450363193463,28.33924212536394,-0.08819003158201794,0.9723253460694741,143.9069117642886,-5.0107951032563526e-05,-1.272148060518722e-05,1.0,1.0,0.0,303.0620806517875,0.0,1.0,77.67246552665044,0.0,0.0,1.0
frame_0470.jpg,frame_0470,470,D:\visualization2026\visualization\left_downsample2_Q13\frame_0470.jpg,D:\visualization2026\visualization\right_downsample2_Q13\frame_0470.jpg,D:\visualization2026\dowsample2_Q13\stitched_frames\frame_0470.jpg,D:\visualization2026\dowsample2_Q13_hess_matched\stitched_frames\frame_0470.jpg,1950,1335,0.005770113082651629,-0.044550904564758416,16.952399735122942,-7.572839414495552,-41.444069992821596,-20.50558710955795,58.396469727944535,12.9327476950624,59.81140058242144,29.198234863972267,6.4663738475312,-29.198234863972267,-6.4663738475312,0,0,59.81140058242144,1227.2171544969744,841.3499858888722,1268.661224489796,861.8555729984301,12,12,0.9812208153225075,0.1049169102459762,29.244128159766866,-0.08656358331622228,0.9809703251198889,144.73653251121974,-4.014301993919444e-05,-1.2118330405776091e-05,1.0,1.0,0.0,320.8017651360277,0.0,1.0,69.5336261524688,0.0,0.0,1.0
frame_0472.jpg,frame_0472,472,D:\visualization2026\visualization\left_downsample2_Q13\frame_0472.jpg,D:\visualization2026\visualization\right_downsample2_Q13\frame_0472.jpg,D:\visualization2026\dowsample2_Q13\stitched_frames\frame_0472.jpg,D:\visualization2026\dowsample2_Q13_hess_matched\stitched_frames\frame_0472.jpg,1950,1335,0.0037970605215009723,-0.044134748718527156,12.0181185821815,-0.776213062207779,-31.55261363782097,-22.361690754367146,43.57073222000247,21.585477692159365,48.62449540494863,21.785366110001235,10.792738846079683,-21.785366110001235,-10.792738846079683,0,0,48.62449540494863,1231.7094712718047,840.8421764167131,1263.2620849096256,863.2038671710802,12,12,0.9815183902607049,0.10500674183879147,21.831259405795834,-0.08673725667262325,0.9809178967993806,149.06289750976822,-4.014301993919444e-05,-1.2118330405776091e-05,1.0,1.0,0.0,328.21463388999877,0.0,1.0,65.20726115392031,0.0,0.0,1.0
frame_0474.jpg,frame_0474,474,D:\visualization2026\visualization\left_downsample2_Q13\frame_0474.jpg,D:\visualization2026\visualization\right_downsample2_Q13\frame_0474.jpg,D:\visualization2026\dowsample2_Q13\stitched_frames\frame_0474.jpg,D:\visualization2026\dowsample2_Q13_hess_matched\stitched_frames\frame_0474.jpg,1938,1340,0.0036130760611865487,-0.04387982076250328,11.54542399305562,-0.20379961895990753,-14.291294640900787,-25.02529887141816,25.83671863395641,24.82149925245825,35.82796191398578,12.918359316978204,12.410749626229125,-12.918359316978204,-12.410749626229125,0,0,35.82796191398578,1237.4352597363084,847.8862211951237,1251.7265543772091,872.9115200665418,12,12,0.975151639024855,0.1055562599805586,12.883748807026926,-0.09131517719644192,0.9798302460597805,157.91133377585464,-4.638177606684424e-05,-1.1463452657837054e-05,1.0,1.0,0.0,325.0816406830218,0.0,1.0,70.58925037377088,0.0,0.0,1.0
frame_0476.jpg,frame_0476,476,D:\visualization2026\visualization\left_downsample2_Q13\frame_0476.jpg,D:\visualization2026\visualization\right_downsample2_Q13\frame_0476.jpg,D:\visualization2026\dowsample2_Q13\stitched_frames\frame_0476.jpg,D:\visualization2026\dowsample2_Q13_hess_matched\stitched_frames\frame_0476.jpg,1936,1347,0.005721348570359885,-0.04373418069723223,16.78350810513012,-7.633828013362048,-15.05721336711781,-24.321080391442706,31.84072147224793,16.687252378080657,35.948517852660196,15.920360736123966,8.343626189040329,-15.920360736123966,-8.343626189040329,0,0,35.948517852660196,1237.1432202372182,849.8120361397225,1252.200433604336,874.1331165311652,12,12,0.9723175083627978,0.09523196613540816,15.788733978870566,-0.09185578503191652,0.9767899605631042,154.92617647356795,-4.706493330298044e-05,-1.7159386386199524e-05,1.0,1.0,0.0,320.07963926387606,0.0,1.0,74.65637381095968,0.0,0.0,1.0
frame_0478.jpg,frame_0478,478,D:\visualization2026\visualization\left_downsample2_Q13\frame_0478.jpg,D:\visualization2026\visualization\right_downsample2_Q13\frame_0478.jpg,D:\visualization2026\dowsample2_Q13\stitched_frames\frame_0478.jpg,D:\visualization2026\dowsample2_Q13_hess_matched\stitched_frames\frame_0478.jpg,1949,1346,0.007866738831767361,-0.04361206333844195,22.11533110932829,-15.187261019187337,-12.239408255980607,-22.356200269571787,34.3547393653089,7.168939250384449,35.09475469117868,17.17736968265445,3.5844696251922246,-17.17736968265445,-3.5844696251922246,0,0,35.09475469117868,1249.4691095597477,846.7908585539576,1261.7085178157283,869.1470588235294,12,12,0.9767959519981773,0.10017515192493523,16.882704223104675,-0.09131208888335511,0.975727013146497,149.44545996277444,-4.515001449857005e-05,-1.8324191366063196e-05,1.0,1.0,0.0,331.82263031734556,0.0,1.0,74.41553037480777,0.0,0.0,1.0
frame_0480.jpg,frame_0480,480,D:\visualization2026\visualization\left_downsample2_Q13\frame_0480.jpg,D:\visualization2026\visualization\right_downsample2_Q13\frame_0480.jpg,D:\visualization2026\dowsample2_Q13\stitched_frames\frame_0480.jpg,D:\visualization2026\dowsample2_Q13_hess_matched\stitched_frames\frame_0480.jpg,1952,1342,0.008198157105317572,-0.04342322862454545,22.9290938313994,-16.402368635443594,-17.56968209623369,-28.047662199171896,40.49877592763309,11.645293563728302,42.13981150672183,20.249387963816545,5.822646781864151,-20.249387963816545,-5.822646781864151,0,0,42.13981150672183,1251.7601880336363,840.3948702683606,1269.32987012987,868.4425324675325,12,12,0.981560139949819,0.10408617536416898,20.38444366628856,-0.09079863864315488,0.9790626735562373,150.3520226692458,-4.294150738661252e-05,-1.4219435882617224e-05,1.0,1.0,0.0,331.75061203618344,0.0,1.0,71.17735321813585,0.0,0.0,1.0
frame_0482.jpg,frame_0482,482,D:\visualization2026\visualization\left_downsample2_Q13\frame_0482.jpg,D:\visualization2026\visualization\right_downsample2_Q13\frame_0482.jpg,D:\visualization2026\dowsample2_Q13\stitched_frames\frame_0482.jpg,D:\visualization2026\dowsample2_Q13_hess_matched\stitched_frames\frame_0482.jpg,1951,1346,0.00823613906745968,-0.04314378023039911,23.00734861856056,-16.614823398825177,-37.58637482720201,-24.068401805805365,60.59372344576256,7.4535784069801885,61.05043121952995,30.29686172288128,3.7267892034900942,-30.29686172288128,-3.7267892034900942,0,0,61.05043121952995,1230.9147681486916,844.7453970304373,1268.5011429758936,868.8137988362427,12,12,0.9788984544279594,0.10433257916218826,30.343431192441038,-0.09119236203752576,0.9795055433695878,149.26802956165187,-4.4354288928941274e-05,-1.549263247495244e-05,1.0,1.0,0.0,320.70313827711874,0.0,1.0,74.2732107965099,0.0,0.0,1.0
frame_0484.jpg,frame_0484,484,D:\visualization2026\visualization\left_downsample2_Q13\frame_0484.jpg,D:\visualization2026\visualization\right_downsample2_Q13\frame_0484.jpg,D:\visualization2026\dowsample2_Q13\stitched_frames\frame_0484.jpg,D:\visualization2026\dowsample2_Q13_hess_matched\stitched_frames\frame_0484.jpg,1933,1339,0.00830244486784626,-0.04284908459856101,23.15520147683389,-16.93087131886007,-23.784162970642228,-29.1255157217563,46.93936444747612,12.19464440289623,48.49755959680934,23.46968222373806,6.097322201448115,-23.46968222373806,-6.097322201448115,0,0,48.49755959680934,1235.4180925884598,845.2985719471446,1259.202255559102,874.4240876689009,12,12,0.9751429300830278,0.1047195363899514,23.870548253758443,-0.09157048587030464,0.9817822386768864,152.17085449251536,-4.8383926974480154e-05,-8.961614610838302e-06,1.0,1.0,0.0,309.53031777626194,0.0,1.0,77.90267779855188,0.0,0.0,1.0
frame_0486.jpg,frame_0486,486,D:\visualization2026\visualization\left_downsample2_Q13\frame_0486.jpg,D:\visualization2026\visualization\right_downsample2_Q13\frame_0486.jpg,D:\visualization2026\dowsample2_Q13\stitched_frames\frame_0486.jpg,D:\visualization2026\dowsample2_Q13_hess_matched\stitched_frames\frame_0486.jpg,1943,1346,0.008314249867394818,-0.04263748039834539,23.17226227993354,-17.0323232383979,-26.396138734774922,-28.586579561989083,49.56840101470846,11.554256323591183,50.89722210834495,24.78420050735423,5.777128161795591,-24.78420050735423,-5.777128161795591,0,0,50.89722210834495,1239.1678402779673,845.237063226318,1265.5639790127423,873.8236427883071,12,12,0.9777215946937919,0.10105801065452456,24.933211531747364,-0.09222416673930058,0.9785329004692962,152.6619274711184,-4.6690523835399023e-05,-1.5182749781147513e-05,1.0,1.0,0.0,318.2157994926458,0.0,1.0,74.22287183820441,0.0,0.0,1.0
frame_0488.jpg,frame_0488,488,D:\visualization2026\visualization\left_downsample2_Q13\frame_0488.jpg,D:\visualization2026\visualization\right_downsample2_Q13\frame_0488.jpg,D:\visualization2026\dowsample2_Q13\stitched_frames\frame_0488.jpg,D:\visualization2026\dowsample2_Q13_hess_matched\stitched_frames\frame_0488.jpg,1941,1344,0.007959208744469315,-0.0425842749368255,22.285624499630124,-15.803148243935608,-22.077123574089455,-31.253359004051163,44.36274807371958,15.450210760115555,46.97619002414203,22.18137403685979,7.725105380057777,-22.18137403685979,-7.725105380057777,0,0,46.97619002414203,1247.5782381830165,846.3578597728651,1269.655361757106,877.6112187769163,12,12,0.9729532256869474,0.10021828032731617,21.990038645883384,-0.09373337215071649,0.9755295989293472,156.56444863121132,-5.0486283798946865e-05,-1.5069374091308382e-05,1.0,1.0,0.0,318.8186259631402,0.0,1.0,73.27489461994222,0.0,0.0,1.0
frame_0490.jpg,frame_0490,490,D:\visualization2026\visualization\left_downsample2_Q13\frame_0490.jpg,D:\visualization2026\visualization\right_downsample2_Q13\frame_0490.jpg,D:\visualization2026\dowsample2_Q13\stitched_frames\frame_0490.jpg,D:\visualization2026\dowsample2_Q13_hess_matched\stitched_frames\frame_0490.jpg,1960,1347,0.00756704747548731,-0.04247854380141619,21.303553722670102,-14.45879495077826,-34.970690733609445,-29.69736517899753,56.27424445627955,15.238570228219269,58.30098293961672,28.137122228139773,7.619285114109634,-28.137122228139773,-7.619285114109634,0,0,58.30098293961672,1255.4507010189677,844.8318444429956,1290.4213917525772,874.5292096219931,12,12,0.9833064561824192,0.1047030927007015,28.160548230603965,-0.09339048270093733,0.9799887233156003,156.74879675090588,-4.5492206592290215e-05,-1.364770663043444e-05,1.0,1.0,0.0,331.8628777718602,0.0,1.0,70.38071488589037,0.0,0.0,1.0
frame_0492.jpg,frame_0492,492,D:\visualization2026\visualization\left_downsample2_Q13\frame_0492.jpg,D:\visualization2026\visualization\right_downsample2_Q13\frame_0492.jpg,D:\visualization2026\dowsample2_Q13\stitched_frames\frame_0492.jpg,D:\visualization2026\dowsample2_Q13_hess_matched\stitched_frames\frame_0492.jpg,1959,1354,0.007565290918570611,-0.042106291228601614,21.27751508504586,-14.558331156290848,-30.497266542290163,-28.25358600785296,51.774781627336026,13.695254851562112,53.55546674250508,25.887390813668013,6.847627425781056,-25.887390813668013,-6.847627425781056,0,0,53.55546674250508,1264.7729812195253,845.7376694574812,1295.2702477618154,873.9912554653341,12,12,0.9832317122207156,0.0990784883264332,25.4247733676253,-0.09294170414414375,0.9786281108386372,155.181682549465,-4.5011009087144306e-05,-1.920703038210821e-05,1.0,1.0,0.0,333.112609186332,0.0,1.0,71.15237257421894,0.0,0.0,1.0
frame_0494.jpg,frame_0494,494,D:\visualization2026\visualization\left_downsample2_Q13\frame_0494.jpg,D:\visualization2026\visualization\right_downsample2_Q13\frame_0494.jpg,D:\visualization2026\dowsample2_Q13\stitched_frames\frame_0494.jpg,D:\visualization2026\dowsample2_Q13_hess_matched\stitched_frames\frame_0494.jpg,1978,1356,0.008068690058223527,-0.041668062551806384,22.50474616697814,-16.446974477086545,-26.20325638302552,-25.505715284072835,48.708002550003656,9.05874080698629,49.543216462189065,24.354001275001828,4.529370403493145,-24.354001275001828,-4.529370403493145,0,0,49.543216462189065,1277.0373223881654,841.7171548163483,1303.240578771191,867.2228701004211,12,12,0.9955742005967609,0.10546107367719239,24.70092105989054,-0.09297538378686755,0.9831804586044146,152.58748687301215,-3.9474242271689766e-05,-1.7359849445661686e-05,1.0,1.0,0.0,353.64599872499815,0.0,1.0,66.47062959650685,0.0,0.0,1.0
frame_0496.jpg,frame_0496,496,D:\visualization2026\visualization\left_downsample2_Q13\frame_0496.jpg,D:\visualization2026\visualization\right_downsample2_Q13\frame_0496.jpg,D:\visualization2026\dowsample2_Q13\stitched_frames\frame_0496.jpg,D:\visualization2026\dowsample2_Q13_hess_matched\stitched_frames\frame_0496.jpg,1956,1355,0.008651661291915969,-0.04129380843451219,23.933720831250152,-18.596323069019157,-10.206707151888622,-24.628393554072204,34.14042798313878,6.0320704850530475,34.66921829531975,17.07021399156939,3.0160352425265238,-17.07021399156939,-3.0160352425265238,0,0,34.66921829531975,1274.143119510576,846.870503388884,1284.3498266624647,871.4988969429562,12,12,0.982092525443532,0.09636391803984655,16.984453960692733,-0.09392116698047023,0.9758028508091519,153.20014667716367,-4.7721724159981356e-05,-2.0629395632282894e-05,1.0,1.0,0.0,338.9297860084306,0.0,1.0,71.98396475747347,0.0,0.0,1.0
frame_0498.jpg,frame_0498,498,D:\visualization2026\visualization\left_downsample2_Q13\frame_0498.jpg,D:\visualization2026\visualization\right_downsample2_Q13\frame_0498.jpg,D:\visualization2026\dowsample2_Q13\stitched_frames\frame_0498.jpg,D:\visualization2026\dowsample2_Q13_hess_matched\stitched_frames\frame_0498.jpg,1980,1354,0.008856829917141096,-0.04105965279809182,24.43066586137027,-19.38184243601618,-19.095796146825023,-27.13623816456561,43.526462008195296,7.754395728549433,44.2118032663882,21.763231004097648,3.8771978642747165,-21.763231004097648,-3.8771978642747165,0,0,44.2118032663882,1292.4049512373304,842.7754637359254,1311.5007473841554,869.911701900491,12,12,0.9949288924972607,0.09978733778363592,21.48740747033078,-0.09083931957109571,0.9806130123804466,149.08122303010845,-4.3473709622435976e-05,-1.9476003909440847e-05,1.0,1.0,0.0,358.23676899590237,0.0,1.0,68.12280213572528,0.0,0.0,1.0
frame_0500.jpg,frame_0500,500,D:\visualization2026\visualization\left_downsample2_Q13\frame_0500.jpg,D:\visualization2026\visualization\right_downsample2_Q13\frame_0500.jpg,D:\visualization2026\dowsample2_Q13\stitched_frames\frame_0500.jpg,D:\visualization2026\dowsample2_Q13_hess_matched\stitched_frames\frame_0500.jpg,1980,1354,0.008658270198453222,-0.04107437793949291,23.93739531107363,-18.681786788165013,-13.520916069190662,-28.852703527863923,37.45831138026429,10.17091673969891,38.81459311633609,18.729155690132146,5.085458369849455,-18.729155690132146,-5.085458369849455,0,0,38.81459311633609,1293.395423372345,842.8305425454345,1306.9163394415357,871.6832460732984,12,12,0.9950607950064326,0.09984642944631225,18.453332156365278,-0.09089184713746333,0.9805894802941164,150.2894835356832,-4.3473709622435976e-05,-1.9476003909440847e-05,1.0,1.0,0.0,361.27084430986787,0.0,1.0,66.91454163015055,0.0,0.0,1.0
frame_0502.jpg,frame_0502,502,D:\visualization2026\visualization\left_downsample2_Q13\frame_0502.jpg,D:\visualization2026\visualization\right_downsample2_Q13\frame_0502.jpg,D:\visualization2026\dowsample2_Q13\stitched_frames\frame_0502.jpg,D:\visualization2026\dowsample2_Q13_hess_matched\stitched_frames\frame_0502.jpg,1980,1354,0.008335226031255139,-0.041157201204967825,23.13830154485031,-17.52612659348932,-5.194238121972148,-30.79763225636509,28.33253966682246,13.271505662875771,31.28682896254927,14.16626983341123,6.635752831437886,-14.16626983341123,-6.635752831437886,0,0,31.28682896254927,1302.373929284496,841.1916934675833,1307.568167406468,871.9893257239484,12,12,0.995259160581208,0.09993529622909608,13.890446299644362,-0.09095924418871569,0.9805592867531218,151.83977799727163,-4.3473709622435976e-05,-1.9476003909440847e-05,1.0,1.0,0.0,365.8337301665888,0.0,1.0,65.36424716856212,0.0,0.0,1.0
frame_0504.jpg,frame_0504,504,D:\visualization2026\visualization\left_downsample2_Q13\frame_0504.jpg,D:\visualization2026\visualization\right_downsample2_Q13\frame_0504.jpg,D:\visualization2026\dowsample2_Q13\stitched_frames\frame_0504.jpg,D:\visualization2026\dowsample2_Q13_hess_matched\stitched_frames\frame_0504.jpg,1978,1355,0.008137317193921412,-0.04107289877575456,22.640886750455376,-16.856468553525083,-5.000073968855986,-30.681677679191807,27.640960719311362,13.825209125666724,30.905648623753752,13.820480359655681,6.912604562833362,-13.820480359655681,-6.912604562833362,0,0,30.905648623753752,1304.3317447047348,842.2552475615308,1309.3318186735908,872.9369252407226,12,12,0.9914561152686092,0.0983975857603092,13.550909385441178,-0.09154442353254671,0.9798229472611949,153.05112333869806,-4.529034197446013e-05,-2.030177922277311e-05,1.0,1.0,0.0,364.1795196403443,0.0,1.0,66.08739543716663,0.0,0.0,1.0
frame_0506.jpg,frame_0506,506,D:\visualization2026\visualization\left_downsample2_Q13\frame_0506.jpg,D:\visualization2026\visualization\right_downsample2_Q13\frame_0506.jpg,D:\visualization2026\dowsample2_Q13\stitched_frames\frame_0506.jpg,D:\visualization2026\dowsample2_Q13_hess_matched\stitched_frames\frame_0506.jpg,1980,1353,0.007956447426281654,-0.04076426925439742,22.17281750436953,-16.31021818099038,-30.88537858277391,-32.981276807297604,53.05819608714344,16.671058626307225,55.615612625804424,26.52909804357172,8.335529313153613,-26.52909804357172,-8.335529313153613,0,0,55.615612625804424,1280.886236082632,837.9924599297545,1311.7716146654059,870.9737367370521,12,12,0.9962953277969723,0.09977321402012344,26.03359974877681,-0.09042177769936496,0.9821269593676215,152.00400064027326,-4.2197009268679956e-05,-1.8970740469218818e-05,1.0,1.0,0.0,353.4709019564283,0.0,1.0,62.664470686846386,0.0,0.0,1.0
frame_0508.jpg,frame_0508,508,D:\visualization2026\visualization\left_downsample2_Q13\frame_0508.jpg,D:\visualization2026\visualization\right_downsample2_Q13\frame_0508.jpg,D:\visualization2026\dowsample2_Q13\stitched_frames\frame_0508.jpg,D:\visualization2026\dowsample2_Q13_hess_matched\stitched_frames\frame_0508.jpg,1984,1348,0.007778427232605134,-0.04039378016176379,21.708238992603786,-15.791518012499344,-24.348113024411305,-34.000641326570644,46.05635201701509,18.2091233140713,49.52534434996151,23.028176008507543,9.10456165703565,-23.028176008507543,-9.10456165703565,0,0,49.52534434996151,1295.6769578279977,836.0236664998954,1320.025070852409,870.024307826466,12,12,1.0024380629609813,0.11121865336349061,22.76376230706255,-0.0896903192228726,0.9894336247641143,152.02531202496314,-4.026063951029514e-05,-1.0954468376501272e-05,1.0,1.0,0.0,360.97182399149244,0.0,1.0,61.895438342964354,0.0,0.0,1.0
frame_0510.jpg,frame_0510,510,D:\visualization2026\visualization\left_downsample2_Q13\frame_0510.jpg,D:\visualization2026\visualization\right_downsample2_Q13\frame_0510.jpg,D:\visualization2026\dowsample2_Q13\stitched_frames\frame_0510.jpg,D:\visualization2026\dowsample2_Q13_hess_matched\stitched_frames\frame_0510.jpg,1950,1352,0.007698736629070058,-0.040127904804219724,21.494448650025493,-15.587722336674593,-5.465662995460889,-37.161235221566585,26.960111645486382,21.57351288489199,34.52917720032858,13.480055822743191,10.786756442445995,-13.480055822743191,-10.786756442445995,0,0,34.52917720032858,1285.5194513054428,847.371566479656,1290.9851143009037,884.5328017012226,12,12,0.9772194549473943,0.0987442631658103,13.786145850049559,-0.09698986525179694,0.9753325898356133,164.66584431045064,-5.548644419198467e-05,-1.71003600359639e-05,1.0,1.0,0.0,336.51994417725683,0.0,1.0,75.21324355755401,0.0,0.0,1.0
frame_0512.jpg,frame_0512,512,D:\visualization2026\visualization\left_downsample2_Q13\frame_0512.jpg,D:\visualization2026\visualization\right_downsample2_Q13\frame_0512.jpg,D:\visualization2026\dowsample2_Q13\stitched_frames\frame_0512.jpg,D:\visualization2026\dowsample2_Q13_hess_matched\stitched_frames\frame_0512.jpg,1947,1356,0.007679967481348249,-0.039965273674672966,21.438274401053828,-15.568118991905775,-0.882937240171259,-37.05235913234367,22.321211641225087,21.48424014043789,30.980785392632722,11.160605820612544,10.742120070218945,-11.160605820612544,-10.742120070218945,0,0,30.980785392632722,1292.0841898612314,848.1033320551496,1292.9671271014026,885.1556911874933,12,12,0.973250589213724,0.09427512374106413,11.25058972463796,-0.09752053683119474,0.9718277740667979,165.5820001308444,-5.6785132713427066e-05,-2.1047739753050222e-05,1.0,1.0,0.0,335.83939417938745,0.0,1.0,76.25787992978105,0.0,0.0,1.0
frame_0514.jpg,frame_0514,514,D:\visualization2026\visualization\left_downsample2_Q13\frame_0514.jpg,D:\visualization2026\visualization\right_downsample2_Q13\frame_0514.jpg,D:\visualization2026\dowsample2_Q13\stitched_frames\frame_0514.jpg,D:\visualization2026\dowsample2_Q13_hess_matched\stitched_frames\frame_0514.jpg,1947,1356,0.007665753755295546,-0.039873611106060664,21.39756738684892,-15.544330799690979,-0.7204030787991087,-37.046864699587445,22.11797046564803,21.502533899896466,30.84742423016021,11.058985232824014,10.751266949948233,-11.058985232824014,-10.751266949948233,0,0,30.84742423016021,1296.6489662905701,847.503661730457,1297.3693693693692,884.5505264300444,12,12,0.973256359752288,0.09427726262474945,11.14896913684943,-0.0975210562379741,0.9718275815456539,165.59114701057368,-5.6785132713427066e-05,-2.1047739753050222e-05,1.0,1.0,0.0,335.941014767176,0.0,1.0,76.24873305005177,0.0,0.0,1.0
frame_0516.jpg,frame_0516,516,D:\visualization2026\visualization\left_downsample2_Q13\frame_0516.jpg,D:\visualization2026\visualization\right_downsample2_Q13\frame_0516.jpg,D:\visualization2026\dowsample2_Q13\stitched_frames\frame_0516.jpg,D:\visualization2026\dowsample2_Q13_hess_matched\stitched_frames\frame_0516.jpg,1947,1356,0.007641768285124972,-0.039871380317323304,21.337748275727375,-15.460904409843492,-8.860817738777087,-35.46633643153916,30.19856601450446,20.00543202169567,36.22389680455528,15.09928300725223,10.002716010847834,-15.09928300725223,-10.002716010847834,0,0,36.22389680455528,1297.4707895967138,848.00896022434,1306.3316073354908,883.4752966558791,12,12,0.9730269309069652,0.09419222348866846,15.189266911277647,-0.09747854967355452,0.9718433368510119,164.84259607147328,-5.6785132713427066e-05,-2.1047739753050222e-05,1.0,1.0,0.0,331.9007169927478,0.0,1.0,76.99728398915217,0.0,0.0,1.0
frame_0518.jpg,frame_0518,518,D:\visualization2026\visualization\left_downsample2_Q13\frame_0518.jpg,D:\visualization2026\visualization\right_downsample2_Q13\frame_0518.jpg,D:\visualization2026\dowsample2_Q13\stitched_frames\frame_0518.jpg,D:\visualization2026\dowsample2_Q13_hess_matched\stitched_frames\frame_0518.jpg,1980,1351,0.007624267557883702,-0.0399567234820261,21.29916416365605,-15.375339989309248,-19.132589938483534,-39.81752147105783,40.431754102139585,24.442181481748584,47.24560270927459,20.215877051069793,12.221090740874292,-20.215877051069793,-12.221090740874292,0,0,47.24560270927459,1325.0832058770493,835.3565392146689,1344.2157958155328,875.1740606857268,12,12,1.010680695876143,0.11013453669763092,20.016796000426364,-0.08977632715934518,0.9948532904048436,155.1847598862229,-3.9412750681518515e-05,-8.604208416487218e-06,1.0,1.0,0.0,359.7841229489302,0.0,1.0,66.77890925912571,0.0,0.0,1.0
frame_0520.jpg,frame_0520,520,D:\visualization2026\visualization\left_downsample2_Q13\frame_0520.jpg,D:\visualization2026\visualization\right_downsample2_Q13\frame_0520.jpg,D:\visualization2026\dowsample2_Q13\stitched_frames\frame_0520.jpg,D:\visualization2026\dowsample2_Q13_hess_matched\stitched_frames\frame_0520.jpg,2003,1353,0.0076141816033215015,-0.04002935875662461,21.278292477645433,-15.319369573761804,-29.33422080418086,-39.356564881969575,50.612513281826295,24.03719530820777,56.03046723870835,25.306256640913148,12.018597654103885,-25.306256640913148,-12.018597654103885,0,0,56.03046723870835,1331.7688607930413,836.5555444930304,1361.1030815972222,875.912109375,12,12,1.017205419759992,0.10858302646915238,25.445179053851405,-0.08618233011085007,0.9998129508774481,148.76935812894914,-3.825122436902327e-05,-9.760466058490594e-06,1.0,1.0,0.0,377.69374335908685,0.0,1.0,66.98140234589611,0.0,0.0,1.0
frame_0522.jpg,frame_0522,522,D:\visualization2026\visualization\left_downsample2_Q13\frame_0522.jpg,D:\visualization2026\visualization\right_downsample2_Q13\frame_0522.jpg,D:\visualization2026\dowsample2_Q13\stitched_frames\frame_0522.jpg,D:\visualization2026\dowsample2_Q13_hess_matched\stitched_frames\frame_0522.jpg,2000,1350,0.007591376544958672,-0.03996550455902036,21.21782403784881,-15.257576569361657,-19.10746234836506,-37.20280410588737,40.325286386213875,21.94522753652571,45.909930666034036,20.162643193106938,10.972613768262855,-20.162643193106938,-10.972613768262855,0,0,45.909930666034036,1338.8440059322893,839.6730084921847,1357.9514682806544,876.8758125980721,12,12,1.010071196938637,0.10983018877103641,19.791356602898425,-0.08853976915638936,0.9972517104827495,152.13135628126543,-4.308932857425021e-05,-7.660626147646285e-06,1.0,1.0,0.0,379.83735680689307,0.0,1.0,71.02738623173714,0.0,0.0,1.0
frame_0524.jpg,frame_0524,524,D:\visualization2026\visualization\left_downsample2_Q13\frame_0524.jpg,D:\visualization2026\visualization\right_downsample2_Q13\frame_0524.jpg,D:\visualization2026\dowsample2_Q13\stitched_frames\frame_0524.jpg,D:\visualization2026\dowsample2_Q13_hess_matched\stitched_frames\frame_0524.jpg,2007,1351,0.007493877165830165,-0.03975211362363176,20.96277040989856,-14.976466340723917,-12.96621504880045,-38.96648476049063,33.92898545869901,23.990018419766713,41.55354422955225,16.964492729349505,11.995009209883357,-16.964492729349505,-11.995009209883357,0,0,41.55354422955225,1344.8249320133273,834.0940702333303,1357.7911470621277,873.0605549938209,12,12,1.0252626029147878,0.11228949014591422,16.570189187249074,-0.08427139857011141,1.004898403211205,146.07150299827248,-3.509893569118116e-05,-7.060733407062585e-06,1.0,1.0,0.0,390.0355072706505,0.0,1.0,66.00499079011664,0.0,0.0,1.0
frame_0526.jpg,frame_0526,526,D:\visualization2026\visualization\left_downsample2_Q13\frame_0526.jpg,D:\visualization2026\visualization\right_downsample2_Q13\frame_0526.jpg,D:\visualization2026\dowsample2_Q13\stitched_frames\frame_0526.jpg,D:\visualization2026\dowsample2_Q13_hess_matched\stitched_frames\frame_0526.jpg,2007,1351,0.007346583568522691,-0.039509035535824785,20.582072944240743,-14.529275652284113,-39.318866744534034,-40.356711753064246,59.90093968877478,25.827436100780133,65.23173331391796,29.95046984438739,12.913718050390067,-29.95046984438739,-12.913718050390067,0,0,65.23173331391796,1327.4090244119286,831.2348010425302,1366.7278911564626,871.5915127955944,12,12,1.02480680893914,0.11219779962347472,29.556166302286957,-0.08430364427262328,1.0048919164530035,146.99021183877917,-3.509893569118116e-05,-7.060733407062585e-06,1.0,1.0,0.0,377.0495301556126,0.0,1.0,65.08628194960994,0.0,0.0,1.0
frame_0528.jpg,frame_0528,528,D:\visualization2026\visualization\left_downsample2_Q13\frame_0528.jpg,D:\visualization2026\visualization\right_downsample2_Q13\frame_0528.jpg,D:\visualization2026\dowsample2_Q13\stitched_frames\frame_0528.jpg,D:\visualization2026\dowsample2_Q13_hess_matched\stitched_frames\frame_0528.jpg,1978,1356,0.007240913569286023,-0.039330676603268916,20.308725316851948,-14.20958406624867,-18.99188437017824,-49.58685563655024,39.30060968703019,35.37727157030157,52.87806034199022,19.650304843515094,17.688635785150787,-19.650304843515094,-17.688635785150787,0,0,52.87806034199022,1323.3200340063213,839.8416677405099,1342.3119183764995,889.4285233770602,12,12,1.0109392548383331,0.11496177082379035,19.335092516837413,-0.09244051375819591,1.0024115496842576,164.54362165977807,-4.434916774565579e-05,-3.5102750856303706e-06,1.0,1.0,0.0,358.3496951564849,0.0,1.0,78.31136421484922,0.0,0.0,1.0
frame_0530.jpg,frame_0530,530,D:\visualization2026\visualization\left_downsample2_Q13\frame_0530.jpg,D:\visualization2026\visualization\right_downsample2_Q13\frame_0530.jpg,D:\visualization2026\dowsample2_Q13\stitched_frames\frame_0530.jpg,D:\visualization2026\dowsample2_Q13_hess_matched\stitched_frames\frame_0530.jpg,1979,1352,0.0072536916894191394,-0.039158998350935864,20.330531718877396,-14.3031103735523,-9.06448649743561,-50.933392801433456,29.395018216313005,36.630282427881156,46.966420841743016,14.697509108156503,18.315141213940578,-14.697509108156503,-18.315141213940578,0,0,46.966420841743016,1334.033331160701,838.3386798694428,1343.0978176581366,889.2720726708762,12,12,1.0114352918814289,0.1177215412281769,14.9894736398333,-0.09264411842112084,1.003805113945372,165.17075468383422,-4.510445602313409e-05,-3.327237066018839e-07,1.0,1.0,0.0,364.3024908918435,0.0,1.0,77.68485878605942,0.0,0.0,1.0
frame_0532.jpg,frame_0532,532,D:\visualization2026\visualization\left_downsample2_Q13\frame_0532.jpg,D:\visualization2026\visualization\right_downsample2_Q13\frame_0532.jpg,D:\visualization2026\dowsample2_Q13\stitched_frames\frame_0532.jpg,D:\visualization2026\dowsample2_Q13_hess_matched\stitched_frames\frame_0532.jpg,1980,1355,0.007330121893611152,-0.038928813764141146,20.507334688106035,-14.636324026280455,-12.54772294752047,-50.96221369537068,33.055057635626504,36.32588966909022,49.11422498162326,16.527528817813252,18.16294483454511,-16.527528817813252,-18.16294483454511,0,0,49.11422498162326,1340.0374469331039,837.7355594910388,1352.5851698806243,888.6977731864094,12,12,1.013649099044683,0.11667915291179602,16.97394395694491,-0.09233240410235412,1.004034150955837,165.0364601686323,-4.351700226195648e-05,-1.839865659713548e-06,1.0,1.0,0.0,363.4724711821867,0.0,1.0,77.83705516545488,0.0,0.0,1.0
frame_0534.jpg,frame_0534,534,D:\visualization2026\visualization\left_downsample2_Q13\frame_0534.jpg,D:\visualization2026\visualization\right_downsample2_Q13\frame_0534.jpg,D:\visualization2026\dowsample2_Q13\stitched_frames\frame_0534.jpg,D:\visualization2026\dowsample2_Q13_hess_matched\stitched_frames\frame_0534.jpg,1982,1353,0.007360866087823048,-0.03873860576762314,20.572772188856767,-14.798075534093716,-2.5718953428684017,-49.17820944402092,23.14466753172517,34.38013390992721,41.44477340773647,11.572333765862584,17.190066954963605,-11.572333765862584,-17.190066954963605,0,0,41.44477340773647,1344.0274166855381,836.3118038715583,1346.5993120284065,885.4900133155792,12,12,1.014703795005061,0.11605060086502281,12.088053043934782,-0.0917255715591547,1.004576769968785,162.37510679409925,-4.328682646009719e-05,-1.4602010349769127e-06,1.0,1.0,0.0,370.4276662341374,0.0,1.0,76.80993304503639,0.0,0.0,1.0
frame_0536.jpg,frame_0536,536,D:\visualization2026\visualization\left_downsample2_Q13\frame_0536.jpg,D:\visualization2026\visualization\right_downsample2_Q13\frame_0536.jpg,D:\visualization2026\dowsample2_Q13\stitched_frames\frame_0536.jpg,D:\visualization2026\dowsample2_Q13_hess_matched\stitched_frames\frame_0536.jpg,1999,1359,0.007271938390590482,-0.03867250109697974,20.347622647526723,-14.505187297067392,-20.635338549844846,-48.911577705022296,40.982961197371566,34.4063904079549,53.510772835101854,20.491480598685783,17.20319520397745,-20.491480598685783,-17.20319520397745,0,0,53.510772835101854,1351.709140012648,835.1852038257408,1372.344478562493,884.0967815307631,12,12,1.0263523012024638,0.1155020071904044,20.325256819008203,-0.08852679394959244,1.0088879802397603,157.85431197540493,-3.74919112569809e-05,-4.5137950939173195e-06,1.0,1.0,0.0,378.50851940131423,0.0,1.0,75.79680479602254,0.0,0.0,1.0
frame_0538.jpg,frame_0538,538,D:\visualization2026\visualization\left_downsample2_Q13\frame_0538.jpg,D:\visualization2026\visualization\right_downsample2_Q13\frame_0538.jpg,D:\visualization2026\dowsample2_Q13\stitched_frames\frame_0538.jpg,D:\visualization2026\dowsample2_Q13_hess_matched\stitched_frames\frame_0538.jpg,1997,1359,0.00711653988179306,-0.03867238637955325,19.960897560014818,-13.96060837267735,-15.43280781885187,-48.86912885035997,35.393705378866684,34.90852047768262,49.71236448195563,17.696852689433342,17.45426023884131,-17.696852689433342,-17.45426023884131,0,0,49.71236448195563,1354.6537509425839,838.0607327494523,1370.0865587614358,886.9298615998123,12,12,1.0200753483226064,0.11643836926173785,18.07935897861188,-0.09140310077701701,1.0073280498926864,162.82482714566123,-4.135088921585702e-05,-2.85996287094253e-06,1.0,1.0,0.0,379.30314731056666,0.0,1.0,78.54573976115869,0.0,0.0,1.0
frame_0540.jpg,frame_0540,540,D:\visualization2026\visualization\left_downsample2_Q13\frame_0540.jpg,D:\visualization2026\visualization\right_downsample2_Q13\frame_0540.jpg,D:\visualization2026\dowsample2_Q13\stitched_frames\frame_0540.jpg,D:\visualization2026\dowsample2_Q13_hess_matched\stitched_frames\frame_0540.jpg,1994,1354,0.0069705974935007076,-0.038612500128282115,19.5942255262684,-13.466140186820363,-15.160873243288961,-48.42623107165639,34.755098769557364,34.96009088483603,49.29629646492405,17.377549384778682,17.480045442418014,-17.377549384778682,-17.480045442418014,0,0,49.29629646492405,1357.152509406341,838.6758760792065,1372.31338264963,887.1021071508629,12,12,1.011913013288634,0.1156088802131366,17.637543274332096,-0.09317819157029658,1.005264592470177,165.32522695994373,-4.57716360078115e-05,6.790580350257466e-08,1.0,1.0,0.0,376.62245061522134,0.0,1.0,79.51995455758198,0.0,0.0,1.0
frame_0542.jpg,frame_0542,542,D:\visualization2026\visualization\left_downsample2_Q13\frame_0542.jpg,D:\visualization2026\visualization\right_downsample2_Q13\frame_0542.jpg,D:\visualization2026\dowsample2_Q13\stitched_frames\frame_0542.jpg,D:\visualization2026\dowsample2_Q13_hess_matched\stitched_frames\frame_0542.jpg,2000,1373,0.006872369837140568,-0.03841156622995161,19.338084611787465,-13.178940749859185,-10.381218796944268,-52.873336284967536,29.719303408731733,39.69439553510835,49.587115584573816,14.859651704365866,19.847197767554174,-14.859651704365866,-19.847197767554174,0,0,49.587115584573816,1375.7886722415258,844.5519472373807,1386.16989103847,897.4252835223482,12,12,1.0190488427712154,0.11788111426834214,14.804939677804079,-0.09745261980239127,1.0090434633894338,174.6080370937019,-4.4554918954204806e-05,-4.399800903429985e-06,1.0,1.0,0.0,385.1403482956341,0.0,1.0,88.15280223244582,0.0,0.0,1.0
frame_0544.jpg,frame_0544,544,D:\visualization2026\visualization\left_downsample2_Q13\frame_0544.jpg,D:\visualization2026\visualization\right_downsample2_Q13\frame_0544.jpg,D:\visualization2026\dowsample2_Q13\stitched_frames\frame_0544.jpg,D:\visualization2026\dowsample2_Q13_hess_matched\stitched_frames\frame_0544.jpg,2000,1373,0.0067906842604541495,-0.038121822689863555,19.11794038818094,-12.974930269194882,3.121194248604297,-49.84547636661125,15.996746139576643,36.870546097416366,40.19120620951511,7.998373069788322,18.435273048708183,-7.998373069788322,-18.435273048708183,0,0,40.19120620951511,1375.8939370084,844.5822351609298,1372.7727427597956,894.4277115275411,12,12,1.0193545464847011,0.11791130252827722,7.943661043226534,-0.09738971161097365,1.0090496755770875,173.19611237485591,-4.4554918954204806e-05,-4.399800903429985e-06,1.0,1.0,0.0,392.00162693021167,0.0,1.0,89.56472695129182,0.0,0.0,1.0
frame_0546.jpg,frame_0546,546,D:\visualization2026\visualization\left_downsample2_Q13\frame_0546.jpg,D:\visualization2026\visualization\right_downsample2_Q13\frame_0546.jpg,D:\visualization2026\dowsample2_Q13\stitched_frames\frame_0546.jpg,D:\visualization2026\dowsample2_Q13_hess_matched\stitched_frames\frame_0546.jpg,2000,1373,0.00674286173876637,-0.037857256387209895,18.983531853163853,-12.882448183934354,2.318198695664023,-50.85338140388626,16.66533315749983,37.9709332199519,41.46715686955774,8.332666578749915,18.98546660997595,-8.332666578749915,-18.98546660997595,0,0,41.46715686955774,1384.0138994215156,842.754770466577,1381.6957007258516,893.6081518704633,12,12,1.0193396520645024,0.11790983170339449,8.277954552188127,-0.09741422544050506,1.0090472548349596,173.7463059361237,-4.4554918954204806e-05,-4.399800903429985e-06,1.0,1.0,0.0,391.6673334212501,0.0,1.0,89.01453339002404,0.0,0.0,1.0
frame_0548.jpg,frame_0548,548,D:\visualization2026\visualization\left_downsample2_Q13\frame_0548.jpg,D:\visualization2026\visualization\right_downsample2_Q13\frame_0548.jpg,D:\visualization2026\dowsample2_Q13\stitched_frames\frame_0548.jpg,D:\visualization2026\dowsample2_Q13_hess_matched\stitched_frames\frame_0548.jpg,2000,1373,0.0067453272390344265,-0.03758036217153288,18.973550486024173,-12.969706326787426,-38.886443359161376,-44.09791175239434,57.85999384518555,31.128205425606915,65.7019334630549,28.929996922592775,15.564102712803457,-28.929996922592775,-15.564102712803457,0,0,65.7019334630549,1346.6724690275457,849.3454137483329,1385.558912386707,893.4433255007273,12,12,1.0184219396803595,0.11781920755073941,28.875284896030987,-0.09726178684935369,1.0090623081549253,170.32494203895118,-4.4554918954204806e-05,-4.399800903429985e-06,1.0,1.0,0.0,371.07000307740725,0.0,1.0,92.43589728719654,0.0,0.0,1.0
frame_0550.jpg,frame_0550,550,D:\visualization2026\visualization\left_downsample2_Q13\frame_0550.jpg,D:\visualization2026\visualization\right_downsample2_Q13\frame_0550.jpg,D:\visualization2026\dowsample2_Q13\stitched_frames\frame_0550.jpg,D:\visualization2026\dowsample2_Q13_hess_matched\stitched_frames\frame_0550.jpg,1979,1365,0.006812681239784624,-0.03736653433311401,19.12871884567754,-13.266467297718203,-17.086774022746567,-48.53777018416099,36.21549286842411,35.27130288644279,50.55320693101541,18.107746434212054,17.635651443221395,-18.107746434212054,-17.635651443221395,0,0,50.55320693101541,1343.8971576011852,851.0629135765228,1360.9839316239318,899.6006837606838,12,12,1.011550797565714,0.115653807115558,17.598849190748687,-0.097193967379143,1.0070613953866978,171.33509455367857,-5.041839034062629e-05,-1.8113833964117205e-06,1.0,1.0,0.0,360.89225356578794,0.0,1.0,96.36434855677861,0.0,0.0,1.0
frame_0552.jpg,frame_0552,552,D:\visualization2026\visualization\left_downsample2_Q13\frame_0552.jpg,D:\visualization2026\visualization\right_downsample2_Q13\frame_0552.jpg,D:\visualization2026\dowsample2_Q13\stitched_frames\frame_0552.jpg,D:\visualization2026\dowsample2_Q13_hess_matched\stitched_frames\frame_0552.jpg,1979,1365,0.006835832173209266,-0.03718814495510564,19.17594798115697,-13.398251756458567,-13.540839430333335,-49.129388401255255,32.7167874114903,35.73113664479669,48.446901907735885,16.35839370574515,17.865568322398346,-16.35839370574515,-17.865568322398346,0,0,48.446901907735885,1351.4892616470852,850.4625254052536,1365.0301010774185,899.5919138065088,12,12,1.0116389971144215,0.11565697586404482,15.849496462281785,-0.09720555941810324,1.0070609789190803,171.5650114328555,-5.041839034062629e-05,-1.8113833964117205e-06,1.0,1.0,0.0,362.64160629425487,0.0,1.0,96.13443167760165,0.0,0.0,1.0
frame_0554.jpg,frame_0554,554,D:\visualization2026\visualization\left_downsample2_Q13\frame_0554.jpg,D:\visualization2026\visualization\right_downsample2_Q13\frame_0554.jpg,D:\visualization2026\dowsample2_Q13\stitched_frames\frame_0554.jpg,D:\visualization2026\dowsample2_Q13_hess_matched\stitched_frames\frame_0554.jpg,1979,1365,0.006654341233059302,-0.03708201718943703,18.718119732100725,-12.79232886248045,-2.5268235056018966,-49.948124801230165,21.24494323770262,37.15579593874972,42.800710099427285,10.62247161885131,18.57789796937486,-10.62247161885131,-18.57789796937486,0,0,42.800710099427285,1355.975000238368,849.6481806464694,1358.50182374397,899.5963054476996,12,12,1.0119281930731618,0.11566736581807613,10.113574375387945,-0.09724147393229571,1.007059688616985,172.277341079832,-5.041839034062629e-05,-1.8113833964117205e-06,1.0,1.0,0.0,368.3775283811487,0.0,1.0,95.42210203062514,0.0,0.0,1.0
frame_0556.jpg,frame_0556,556,D:\visualization2026\visualization\left_downsample2_Q13\frame_0556.jpg,D:\visualization2026\visualization\right_downsample2_Q13\frame_0556.jpg,D:\visualization2026\dowsample2_Q13\stitched_frames\frame_0556.jpg,D:\visualization2026\dowsample2_Q13_hess_matched\stitched_frames\frame_0556.jpg,1979,1365,0.00622538664955663,-0.037001627927380654,17.64596165833572,-11.311834052072578,-6.7718771875809125,-49.57262288404195,24.417838845916634,38.26078883196937,45.3885317668429,12.208919422958317,19.130394415984686,-12.208919422958317,-19.130394415984686,0,0,45.3885317668429,1356.0890431420894,849.7389613650422,1362.8609203296703,899.3115842490841,12,12,1.0118482069285193,0.11566449215286449,11.700022179494951,-0.09726932991380269,1.007058687834095,172.82983752644185,-5.041839034062629e-05,-1.8113833964117205e-06,1.0,1.0,0.0,366.79108057704167,0.0,1.0,94.86960558401532,0.0,0.0,1.0
frame_0558.jpg,frame_0558,558,D:\visualization2026\visualization\left_downsample2_Q13\frame_0558.jpg,D:\visualization2026\visualization\right_downsample2_Q13\frame_0558.jpg,D:\visualization2026\dowsample2_Q13\stitched_frames\frame_0558.jpg,D:\visualization2026\dowsample2_Q13_hess_matched\stitched_frames\frame_0558.jpg,1979,1365,0.005848768529835402,-0.03692922246818059,16.704510685667522,-10.012491435624728,-10.400468721257539,-48.56293847732468,27.10497940692506,38.550447041699954,47.12554377155498,13.55248970346253,19.275223520849977,-13.55248970346253,-19.275223520849977,0,0,47.12554377155498,1361.1736630429052,849.1722640148871,1371.5741317641628,897.7352024922118,12,12,1.0117804662776668,0.11566205843196647,13.043592459999164,-0.09727663196414447,1.0070584254930592,172.97466663130714,-5.041839034062629e-05,-1.8113833964117205e-06,1.0,1.0,0.0,365.4475102965375,0.0,1.0,94.72477647915002,0.0,0.0,1.0
frame_0560.jpg,frame_0560,560,D:\visualization2026\visualization\left_downsample2_Q13\frame_0560.jpg,D:\visualization2026\visualization\right_downsample2_Q13\frame_0560.jpg,D:\visualization2026\dowsample2_Q13\stitched_frames\frame_0560.jpg,D:\visualization2026\dowsample2_Q13_hess_matched\stitched_frames\frame_0560.jpg,1979,1365,0.005799583807498565,-0.03685891856735271,16.57801947517137,-9.860079181114271,-5.205624137513269,-49.56898473788192,21.78364361268464,39.70890555676765,45.291547882146276,10.89182180634232,19.854452778383823,-10.89182180634232,-19.854452778383823,0,0,45.291547882146276,1370.6065562437045,847.8454736535639,1375.8121803812178,897.4144583914458,12,12,1.0119146128702707,0.11566687792161869,10.382924562878953,-0.09730583577094752,1.0070573762867994,173.553895888841,-5.041839034062629e-05,-1.8113833964117205e-06,1.0,1.0,0.0,368.1081781936577,0.0,1.0,94.14554722161617,0.0,0.0,1.0
frame_0562.jpg,frame_0562,562,D:\visualization2026\visualization\left_downsample2_Q13\frame_0562.jpg,D:\visualization2026\visualization\right_downsample2_Q13\frame_0562.jpg,D:\visualization2026\dowsample2_Q13\stitched_frames\frame_0562.jpg,D:\visualization2026\dowsample2_Q13_hess_matched\stitched_frames\frame_0562.jpg,1979,1365,0.006008132763494434,-0.0368117991011669,17.09426329046941,-10.604340828334756,3.1416958015679484,-48.79200854833266,13.952567488901462,38.187667719997904,40.6567596523053,6.976283744450731,19.093833859998952,-6.976283744450731,-19.093833859998952,0,0,40.6567596523053,1370.953926343887,847.9297976690488,1367.812230542319,896.7218062173814,12,12,1.0121120279966687,0.11567397046225202,6.467386500987365,-0.09726748658941993,1.007058754059279,172.79327697045613,-5.041839034062629e-05,-1.8113833964117205e-06,1.0,1.0,0.0,372.0237162555493,0.0,1.0,94.90616614000105,0.0,0.0,1.0
frame_0564.jpg,frame_0564,564,D:\visualization2026\visualization\left_downsample2_Q13\frame_0564.jpg,D:\visualization2026\visualization\right_downsample2_Q13\frame_0564.jpg,D:\visualization2026\dowsample2_Q13\stitched_frames\frame_0564.jpg,D:\visualization2026\dowsample2_Q13_hess_matched\stitched_frames\frame_0564.jpg,1979,1365,0.006197964273154,-0.036819553074355985,17.56712159452187,-11.267425079687392,13.995629470347694,-48.16304085547222,3.571492124174174,36.895615775784826,37.06807277789581,1.785746062087087,18.447807887892413,-1.785746062087087,-18.447807887892413,0,0,37.06807277789581,1380.0868418006903,847.0740191859356,1366.0912123303426,895.2370600414079,12,12,1.0123737265516157,0.1156833725160283,1.276848818623721,-0.09723491499978808,1.0070599242599987,172.1472509983496,-5.041839034062629e-05,-1.8113833964117205e-06,1.0,1.0,0.0,377.21425393791293,0.0,1.0,95.55219211210759,0.0,0.0,1.0
frame_0566.jpg,frame_0566,566,D:\visualization2026\visualization\left_downsample2_Q13\frame_0566.jpg,D:\visualization2026\visualization\right_downsample2_Q13\frame_0566.jpg,D:\visualization2026\dowsample2_Q13\stitched_frames\frame_0566.jpg,D:\visualization2026\dowsample2_Q13_hess_matched\stitched_frames\frame_0566.jpg,1979,1365,0.006144990523426985,-0.03689573871125926,17.43972773781043,-11.060141537015411,13.524990386432819,-49.50616611007524,3.9147373513776103,38.44602457305983,38.64481820377205,1.9573686756888051,19.223012286529915,-1.9573686756888051,-19.223012286529915,0,0,38.64481820377205,1382.742031457456,845.6015035064438,1369.2170410710232,895.107669616519,12,12,1.012365073615692,0.11568306164167556,1.448471432225439,-0.09727399955775236,1.007058520067622,172.9224553969871,-5.041839034062629e-05,-1.8113833964117205e-06,1.0,1.0,0.0,377.0426313243112,0.0,1.0,94.77698771347008,0.0,0.0,1.0
frame_0568.jpg,frame_0568,568,D:\visualization2026\visualization\left_downsample2_Q13\frame_0568.jpg,D:\visualization2026\visualization\right_downsample2_Q13\frame_0568.jpg,D:\visualization2026\dowsample2_Q13\stitched_frames\frame_0568.jpg,D:\visualization2026\dowsample2_Q13_hess_matched\stitched_frames\frame_0568.jpg,1979,1365,0.005965201734364878,-0.036959179827768876,16.99600532285465,-10.412038975037687,-6.391684849325884,-50.93774377188606,23.387690172180534,40.52570479684837,46.790135721872076,11.693845086090267,20.262852398424187,-11.693845086090267,-20.262852398424187,0,0,46.790135721872076,1363.0553085465726,844.1754528449601,1369.4469933958985,895.1131966168462,12,12,1.01187417614749,0.11566542514996621,11.184947842626901,-0.09732642662240569,1.0070566365185085,173.96229550888137,-5.041839034062629e-05,-1.8113833964117205e-06,1.0,1.0,0.0,367.3061549139097,0.0,1.0,93.73714760157581,0.0,0.0,1.0
frame_0570.jpg,frame_0570,570,D:\visualization2026\visualization\left_downsample2_Q13\frame_0570.jpg,D:\visualization2026\visualization\right_downsample2_Q13\frame_0570.jpg,D:\visualization2026\dowsample2_Q13\stitched_frames\frame_0570.jpg,D:\visualization2026\dowsample2_Q13_hess_matched\stitched_frames\frame_0570.jpg,1979,1365,0.005751752035394464,-0.037017016874363026,16.46818954558424,-9.647559122832165,-6.604936952203616,-51.10080511375543,23.073126497787857,41.453245990923264,47.44197265678268,11.536563248893929,20.726622995461632,-11.536563248893929,-20.726622995461632,0,0,47.44197265678268,1367.6728601896577,843.1593319839557,1374.2777971418614,894.2601370977111,12,12,1.0118821060445513,0.11566571004767466,11.027666005430563,-0.09734980918939562,1.0070557964521494,174.4260661059188,-5.041839034062629e-05,-1.8113833964117205e-06,1.0,1.0,0.0,367.4634367511061,0.0,1.0,93.27337700453836,0.0,0.0,1.0
frame_0572.jpg,frame_0572,572,D:\visualization2026\visualization\left_downsample2_Q13\frame_0572.jpg,D:\visualization2026\visualization\right_downsample2_Q13\frame_0572.jpg,D:\visualization2026\dowsample2_Q13\stitched_frames\frame_0572.jpg,D:\visualization2026\dowsample2_Q13_hess_matched\stitched_frames\frame_0572.jpg,1979,1365,0.005595020704479481,-0.03694022108535164,16.073684350992473,-9.120080938705682,-9.342271722694477,-50.476181533699446,25.41595607368695,41.35610059499376,48.54171277945215,12.707978036843475,20.67805029749688,-12.707978036843475,-20.67805029749688,0,0,48.54171277945215,1373.4508686845938,842.5045258617989,1382.7931404072883,892.9807073954984,12,12,1.0118230451965216,0.11566358816637747,12.199080793380109,-0.09734736023214974,1.0070558844359279,174.37749340795403,-5.041839034062629e-05,-1.8113833964117205e-06,1.0,1.0,0.0,366.2920219631565,0.0,1.0,93.32194970250312,0.0,0.0,1.0
frame_0574.jpg,frame_0574,574,D:\visualization2026\visualization\left_downsample2_Q13\frame_0574.jpg,D:\visualization2026\visualization\right_downsample2_Q13\frame_0574.jpg,D:\visualization2026\dowsample2_Q13\stitched_frames\frame_0574.jpg,D:\visualization2026\dowsample2_Q13_hess_matched\stitched_frames\frame_0574.jpg,1979,1365,0.005575024641593096,-0.03623260461218929,15.982735421838452,-9.250913346515587,-5.8831003060724925,-50.87427129462594,21.865835727910945,41.62335794811035,47.01721704818893,10.932917863955472,20.811678974055177,-10.932917863955472,-20.811678974055177,0,0,47.01721704818893,1377.2062127609713,841.8952585745858,1383.0893130670438,892.7695298692117,12,12,1.0119125408731964,0.11566680348090226,10.424020620492106,-0.09735409757492516,1.007055642383162,174.51112208451235,-5.041839034062629e-05,-1.8113833964117205e-06,1.0,1.0,0.0,368.0670821360445,0.0,1.0,93.18832102594482,0.0,0.0,1.0
frame_0576.jpg,frame_0576,576,D:\visualization2026\visualization\left_downsample2_Q13\frame_0576.jpg,D:\visualization2026\visualization\right_downsample2_Q13\frame_0576.jpg,D:\visualization2026\dowsample2_Q13\stitched_frames\frame_0576.jpg,D:\visualization2026\dowsample2_Q13_hess_matched\stitched_frames\frame_0576.jpg,1979,1365,0.005513181859661209,-0.035805523130124126,15.803977275126265,-9.155438003764914,-4.972233140908884,-50.805310240788,20.77621041603515,41.64987223702309,46.544202395268464,10.388105208017574,20.824936118511545,-10.388105208017574,-20.824936118511545,0,0,46.544202395268464,1386.2545029702023,841.1966573518046,1391.2267361111112,892.0019675925926,12,12,1.0119400094503461,0.11566779034550138,9.879207964554208,-0.09735476597880915,1.0070556183693906,174.5243792289687,-5.041839034062629e-05,-1.8113833964117205e-06,1.0,1.0,0.0,368.6118947919824,0.0,1.0,93.17506388148846,0.0,0.0,1.0
frame_0578.jpg,frame_0578,578,D:\visualization2026\visualization\left_downsample2_Q13\frame_0578.jpg,D:\visualization2026\visualization\right_downsample2_Q13\frame_0578.jpg,D:\visualization2026\dowsample2_Q13\stitched_frames\frame_0578.jpg,D:\visualization2026\dowsample2_Q13_hess_matched\stitched_frames\frame_0578.jpg,1979,1365,0.005183880777108518,-0.03656732599840065,15.028833505579163,-7.785069653440729,10.434357174570323,-49.48956216904685,4.59447633100884,41.70449251560612,41.95681004009298,2.29723816550442,20.85224625780306,-2.29723816550442,-20.85224625780306,0,0,41.95681004009298,1390.0163263323402,841.2913393730646,1379.58196915777,890.7809015421115,12,12,1.0123479379430895,0.11568244600772477,1.788340922041054,-0.09735614291207222,1.0070555689002576,174.5516893682602,-5.041839034062629e-05,-1.8113833964117205e-06,1.0,1.0,0.0,376.70276183449556,0.0,1.0,93.14775374219694,0.0,0.0,1.0
frame_0580.jpg,frame_0580,580,D:\visualization2026\visualization\left_downsample2_Q13\frame_0580.jpg,D:\visualization2026\visualization\right_downsample2_Q13\frame_0580.jpg,D:\visualization2026\dowsample2_Q13\stitched_frames\frame_0580.jpg,D:\visualization2026\dowsample2_Q13_hess_matched\stitched_frames\frame_0580.jpg,1979,1365,0.004471598193993898,-0.03745309180949227,13.307832936108749,-5.037303372141149,5.422151261968338,-46.77738949592117,7.885681674140411,41.740086123780024,42.47845059658424,3.9428408370702055,20.870043061890012,-3.9428408370702055,-20.870043061890012,0,0,42.47845059658424,1390.0350729314937,841.1788140489615,1384.6129216695253,887.9562035448827,12,12,1.012264969305249,0.11567946519036841,3.4339435936068394,-0.09735704019828749,1.0070555366634222,174.56948617234718,-5.041839034062629e-05,-1.8113833964117205e-06,1.0,1.0,0.0,375.0571591629298,0.0,1.0,93.12995693810998,0.0,0.0,1.0
frame_0582.jpg,frame_0582,582,D:\visualization2026\visualization\left_downsample2_Q13\frame_0582.jpg,D:\visualization2026\visualization\right_downsample2_Q13\frame_0582.jpg,D:\visualization2026\dowsample2_Q13\stitched_frames\frame_0582.jpg,D:\visualization2026\dowsample2_Q13_hess_matched\stitched_frames\frame_0582.jpg,1979,1365,0.003763187821594016,-0.0378973333596518,11.57076922185371,-2.428467990304132,7.290172928773245,-48.25667410048118,4.280596293080466,45.82820611017704,46.027687101365444,2.140298146540233,22.91410305508852,-2.140298146540233,-22.91410305508852,0,0,46.027687101365444,1392.5044417688393,838.9104650443334,1385.214268840066,887.1671391448145,12,12,1.0123558506062258,0.11568273028626935,1.6314009030768668,-0.09746009841290423,1.0070518340870893,176.6135461655457,-5.041839034062629e-05,-1.8113833964117205e-06,1.0,1.0,0.0,376.85970185345974,0.0,1.0,91.08589694491148,0.0,0.0,1.0
frame_0584.jpg,frame_0584,584,D:\visualization2026\visualization\left_downsample2_Q13\frame_0584.jpg,D:\visualization2026\visualization\right_downsample2_Q13\frame_0584.jpg,D:\visualization2026\dowsample2_Q13\stitched_frames\frame_0584.jpg,D:\visualization2026\dowsample2_Q13_hess_matched\stitched_frames\frame_0584.jpg,1979,1365,0.0035337927875248587,-0.037680154507118646,10.987264950495526,-1.6861901411171576,15.089451342797247,-51.463240198838434,-4.102186392301721,49.777050057721276,49.94579707689201,-2.0510931961508607,24.888525028860638,2.0510931961508607,-24.888525028860638,0,0,49.94579707689201,1391.0666770156752,829.1231412136299,1375.977225672878,880.5863814124683,12,12,1.0125671738110118,0.11569032250295537,-2.559990439614227,-0.09755964559067498,1.0070482576519084,178.5879681393178,-5.041839034062629e-05,-1.8113833964117205e-06,1.0,1.0,0.0,381.0510931961509,0.0,1.0,89.11147497113936,0.0,0.0,1.0
frame_0586.jpg,frame_0586,586,D:\visualization2026\visualization\left_downsample2_Q13\frame_0586.jpg,D:\visualization2026\visualization\right_downsample2_Q13\frame_0586.jpg,D:\visualization2026\dowsample2_Q13\stitched_frames\frame_0586.jpg,D:\visualization2026\dowsample2_Q13_hess_matched\stitched_frames\frame_0586.jpg,1979,1365,0.00413776093642404,-0.037105909340837254,12.456851000755494,-3.9659074736823827,-2.348652702081381,-46.82807527186901,14.805503702836875,42.862167798186626,45.347198019884566,7.402751851418437,21.431083899093313,-7.402751851418437,-21.431083899093313,0,0,45.347198019884566,1356.1048485946953,834.2268833547828,1358.4535012967767,881.0549586266518,12,12,1.0120905261611837,0.11567319796500396,6.893854607955071,-0.09738532697421463,1.007054520403365,175.1305270095505,-5.041839034062629e-05,-1.8113833964117205e-06,1.0,1.0,0.0,371.59724814858157,0.0,1.0,92.56891610090669,0.0,0.0,1.0
frame_0588.jpg,frame_0588,588,D:\visualization2026\visualization\left_downsample2_Q13\frame_0588.jpg,D:\visualization2026\visualization\right_downsample2_Q13\frame_0588.jpg,D:\visualization2026\dowsample2_Q13\stitched_frames\frame_0588.jpg,D:\visualization2026\dowsample2_Q13_hess_matched\stitched_frames\frame_0588.jpg,1979,1365,0.00497810024777634,-0.03639690476369782,14.506816905449739,-7.112275771041653,-1.4076893400210793,-48.02427545685589,15.914506245470818,40.91199968581424,43.89832829766065,7.957253122735409,20.45599984290712,-7.957253122735409,-20.45599984290712,0,0,43.89832829766065,1356.0512056205132,833.771110092628,1357.4588949605343,881.7953855494839,12,12,1.012062569099642,0.1156721935506078,7.448355879272043,-0.09733616480565492,1.0070562866544346,174.1554429533643,-5.041839034062629e-05,-1.8113833964117205e-06,1.0,1.0,0.0,371.04274687726456,0.0,1.0,93.54400015709288,0.0,0.0,1.0
frame_0590.jpg,frame_0590,590,D:\visualization2026\visualization\left_downsample2_Q13\frame_0590.jpg,D:\visualization2026\visualization\right_downsample2_Q13\frame_0590.jpg,D:\visualization2026\dowsample2_Q13\stitched_frames\frame_0590.jpg,D:\visualization2026\dowsample2_Q13_hess_matched\stitched_frames\frame_0590.jpg,1979,1365,0.005331823006489156,-0.03571572641898502,15.347428298074384,-8.545341209254788,-2.0055491410430477,-51.10406324217877,17.35297743911743,42.55872203292398,45.96053358130438,8.676488719558716,21.27936101646199,-8.676488719558716,-21.27936101646199,0,0,45.96053358130438,1355.8626509319763,825.3182319993936,1357.8682000730194,876.4222952415723,12,12,1.0120263063985746,0.11567089073918961,8.16759147609535,-0.09737767735069452,1.0070547952316755,174.97880412691916,-5.041839034062629e-05,-1.8113833964117205e-06,1.0,1.0,0.0,370.32351128044127,0.0,1.0,92.72063898353801,0.0,0.0,1.0
frame_0592.jpg,frame_0592,592,D:\visualization2026\visualization\left_downsample2_Q13\frame_0592.jpg,D:\visualization2026\visualization\right_downsample2_Q13\frame_0592.jpg,D:\visualization2026\dowsample2_Q13\stitched_frames\frame_0592.jpg,D:\visualization2026\dowsample2_Q13_hess_matched\stitched_frames\frame_0592.jpg,1979,1365,0.005284734935334989,-0.03572041959970046,15.230520010249451,-8.37898326795466,-1.7832829244405275,-46.81379633749327,17.013802934689977,38.43481306953861,42.03218226538852,8.506901467344989,19.217406534769307,-8.506901467344989,-19.217406534769307,0,0,42.03218226538852,1355.9601146487214,824.9681451328851,1357.743397573162,871.7819414703783,12,12,1.0120348567148536,0.11567119792672251,7.9980042238816225,-0.09727371692477194,1.0070585302217878,172.91684964522648,-5.041839034062629e-05,-1.8113833964117205e-06,1.0,1.0,0.0,370.49309853265504,0.0,1.0,94.78259346523069,0.0,0.0,1.0
frame_0594.jpg,frame_0594,594,D:\visualization2026\visualization\left_downsample2_Q13\frame_0594.jpg,D:\visualization2026\visualization\right_downsample2_Q13\frame_0594.jpg,D:\visualization2026\dowsample2_Q13\stitched_frames\frame_0594.jpg,D:\visualization2026\dowsample2_Q13_hess_matched\stitched_frames\frame_0594.jpg,1979,1365,0.005134618258498702,-0.036097433148536875,14.878890211215571,-7.74583852257757,-0.6600978333801777,-47.65954698329017,15.53898804459575,39.9137084607126,42.83181378994882,7.769494022297875,19.9568542303563,-7.769494022297875,-19.9568542303563,0,0,42.83181378994882,1355.995087083226,820.2421934082979,1356.6551849166062,867.9017403915881,12,12,1.012072035611258,0.11567253365432485,7.2605967788345085,-0.09731099868732453,1.0070571907985095,173.65629734081347,-5.041839034062629e-05,-1.8113833964117205e-06,1.0,1.0,0.0,371.23050597770214,0.0,1.0,94.0431457696437,0.0,0.0,1.0
frame_0596.jpg,frame_0596,596,D:\visualization2026\visualization\left_downsample2_Q13\frame_0596.jpg,D:\visualization2026\visualization\right_downsample2_Q13\frame_0596.jpg,D:\visualization2026\dowsample2_Q13\stitched_frames\frame_0596.jpg,D:\visualization2026\dowsample2_Q13_hess_matched\stitched_frames\frame_0596.jpg,1979,1365,0.00504008280683288,-0.03621003395532138,14.650187175203042,-7.382558115431676,-0.9136372529712844,-43.607486272021106,15.563824428174327,36.22492815658943,39.42686965485723,7.781912214087163,18.112464078294714,-7.781912214087163,-18.112464078294714,0,0,39.42686965485723,1355.9368995942712,815.775017388301,1356.8505368472424,859.3825036603221,12,12,1.012071409506017,0.11567251116021844,7.273014970623797,-0.09721800750469747,1.0070605316962074,171.8119071887519,-5.041839034062629e-05,-1.8113833964117205e-06,1.0,1.0,0.0,371.2180877859128,0.0,1.0,95.88753592170528,0.0,0.0,1.0
frame_0598.jpg,frame_0598,598,D:\visualization2026\visualization\left_downsample2_Q13\frame_0598.jpg,D:\visualization2026\visualization\right_downsample2_Q13\frame_0598.jpg,D:\visualization2026\dowsample2_Q13\stitched_frames\frame_0598.jpg,D:\visualization2026\dowsample2_Q13_hess_matched\stitched_frames\frame_0598.jpg,1979,1365,0.00504323341972468,-0.03608258201762235,14.650609192026025,-7.429786735094221,-0.4081739975445089,-47.803657948180444,15.058783189570534,40.373871213086225,43.09079284349923,7.529391594785267,20.186935606543113,-7.529391594785267,-20.186935606543113,0,0,43.09079284349923,1355.474011949936,810.5211587066574,1355.8821859474806,858.3248166548378,12,12,1.0120841411891701,0.11567296857187549,7.020494351321901,-0.09732259901995921,1.0070567740329248,173.88637871700027,-5.041839034062629e-05,-1.8113833964117205e-06,1.0,1.0,0.0,371.47060840521476,0.0,1.0,93.81306439345688,0.0,0.0,1.0
frame_0600.jpg,frame_0600,600,D:\visualization2026\visualization\left_downsample2_Q13\frame_0600.jpg,D:\visualization2026\visualization\right_downsample2_Q13\frame_0600.jpg,D:\visualization2026\dowsample2_Q13\stitched_frames\frame_0600.jpg,D:\visualization2026\dowsample2_Q13_hess_matched\stitched_frames\frame_0600.jpg,1979,1365,0.005062584286880112,-0.03590191926142601,14.688249312802839,-7.548898907188119,-1.0133636030871003,-47.9025014995791,15.701612915889939,40.353602592390985,43.30073775751478,7.8508064579449695,20.176801296195492,-7.8508064579449695,-20.176801296195492,0,0,43.30073775751478,1355.4927037569921,806.4224118238483,1356.5060673600792,854.3249133234274,12,12,1.012067935969138,0.11567238636632901,7.341909214481603,-0.09732208806434428,1.0070567923900464,173.87624440665266,-5.041839034062629e-05,-1.8113833964117205e-06,1.0,1.0,0.0,371.14919354205506,0.0,1.0,93.82319870380451,0.0,0.0,1.0
frame_0602.jpg,frame_0602,602,D:\visualization2026\visualization\left_downsample2_Q13\frame_0602.jpg,D:\visualization2026\visualization\right_downsample2_Q13\frame_0602.jpg,D:\visualization2026\dowsample2_Q13\stitched_frames\frame_0602.jpg,D:\visualization2026\dowsample2_Q13_hess_matched\stitched_frames\frame_0602.jpg,1979,1365,0.005017655367307472,-0.03568676213295986,14.563917589839548,-7.452529216170571,-0.7569289227708396,-48.23784064982624,15.320846512610387,40.785311433655664,43.567992455508545,7.660423256305194,20.392655716827832,-7.660423256305194,-20.392655716827832,0,0,43.567992455508545,1355.2958066583085,801.5660373296723,1356.0527355810793,849.8038779794986,12,12,1.0120775347837125,0.11567273122329941,7.151526012841828,-0.09733297109678046,1.0070564013949328,174.09209882728499,-5.041839034062629e-05,-1.8113833964117205e-06,1.0,1.0,0.0,371.3395767436948,0.0,1.0,93.60734428317217,0.0,0.0,1.0
frame_0604.jpg,frame_0604,604,D:\visualization2026\visualization\left_downsample2_Q13\frame_0604.jpg,D:\visualization2026\visualization\right_downsample2_Q13\frame_0604.jpg,D:\visualization2026\dowsample2_Q13\stitched_frames\frame_0604.jpg,D:\visualization2026\dowsample2_Q13_hess_matched\stitched_frames\frame_0604.jpg,1979,1365,0.004766571842073741,-0.035486688768937014,13.927435863697822,-6.6293849219726395,-0.57815424524847,-48.37772164605235,14.505590108946292,41.748336724079714,44.19655827817256,7.252795054473146,20.874168362039857,-7.252795054473146,-20.874168362039857,0,0,44.19655827817256,1355.1222063167309,792.2213085665549,1355.7003605619793,840.5990302126072,12,12,1.0120980867415064,0.11567346959425612,6.74389781100978,-0.09735724818928071,1.007055529190922,174.57361147249702,-5.041839034062629e-05,-1.8113833964117205e-06,1.0,1.0,0.0,371.74720494552685,0.0,1.0,93.12583163796015,0.0,0.0,1.0
frame_0606.jpg,frame_0606,606,D:\visualization2026\visualization\left_downsample2_Q13\frame_0606.jpg,D:\visualization2026\visualization\right_downsample2_Q13\frame_0606.jpg,D:\visualization2026\dowsample2_Q13\stitched_frames\frame_0606.jpg,D:\visualization2026\dowsample2_Q13_hess_matched\stitched_frames\frame_0606.jpg,1979,1365,0.0044098145980958625,-0.03532471413118496,13.030196393240406,-5.425078007106164,-0.3562584245476046,-48.70828446219264,13.38645481778801,43.28320645508647,45.305994455726484,6.693227408894005,21.641603227543236,-6.693227408894005,-21.641603227543236,0,0,45.305994455726484,1355.5048096869075,792.4230364872398,1355.861068111455,841.1313209494324,12,12,1.0121262992414832,0.11567448318579848,6.184330165430639,-0.09739594101989067,1.0070541390721488,175.3410463380004,-5.041839034062629e-05,-1.8113833964117205e-06,1.0,1.0,0.0,372.306772591106,0.0,1.0,92.35839677245676,0.0,0.0,1.0
frame_0608.jpg,frame_0608,608,D:\visualization2026\visualization\left_downsample2_Q13\frame_0608.jpg,D:\visualization2026\visualization\right_downsample2_Q13\frame_0608.jpg,D:\visualization2026\dowsample2_Q13\stitched_frames\frame_0608.jpg,D:\visualization2026\dowsample2_Q13_hess_matched\stitched_frames\frame_0608.jpg,1979,1365,0.004156110079788999,-0.03520181842505876,12.39168437477666,-4.570835390188684,7.244001459642732,-48.502166261450384,5.147682915133927,43.9313308712617,44.23189427907235,2.5738414575669637,21.96566543563085,-2.5738414575669637,-21.96566543563085,0,0,44.23189427907235,1354.0265179828998,782.0491493639393,1346.782516523257,830.5513156253896,12,12,1.012333992050341,0.11568194497311414,2.0649442141035976,-0.09741227971479267,1.0070535520712458,175.66510854608802,-5.041839034062629e-05,-1.8113833964117205e-06,1.0,1.0,0.0,376.42615854243303,0.0,1.0,92.03433456436915,0.0,0.0,1.0
frame_0610.jpg,frame_0610,610,D:\visualization2026\visualization\left_downsample2_Q13\frame_0610.jpg,D:\visualization2026\visualization\right_downsample2_Q13\frame_0610.jpg,D:\visualization2026\dowsample2_Q13\stitched_frames\frame_0610.jpg,D:\visualization2026\dowsample2_Q13_hess_matched\stitched_frames\frame_0610.jpg,1979,1365,0.004044753787128319,-0.03523301013260592,12.116383177988952,-4.171718635698341,-46.069940372017754,-30.802107503931893,58.186323550006705,26.630388868233553,63.990826370186866,29.093161775003352,13.315194434116776,-29.093161775003352,-13.315194434116776,0,0,63.990826370186866,1300.5864793810686,799.8401147182904,1346.6564197530863,830.6422222222222,12,12,1.0109969306070081,0.11563390831660701,28.584264531539986,-0.09697613689120807,1.007069221390789,167.01463754457393,-5.041839034062629e-05,-1.8113833964117205e-06,1.0,1.0,0.0,349.90683822499665,0.0,1.0,100.68480556588322,0.0,0.0,1.0
frame_0612.jpg,frame_0612,612,D:\visualization2026\visualization\left_downsample2_Q13\frame_0612.jpg,D:\visualization2026\visualization\right_downsample2_Q13\frame_0612.jpg,D:\visualization2026\dowsample2_Q13\stitched_frames\frame_0612.jpg,D:\visualization2026\dowsample2_Q13_hess_matched\stitched_frames\frame_0612.jpg,1979,1365,0.003981937074910125,-0.035365379667957705,11.967764766289541,-3.913987247047441,-45.37776446239832,-30.196773708404862,57.34552922868786,26.28278646135742,63.081650158279835,28.67276461434393,13.14139323067871,-28.67276461434393,-13.14139323067871,0,0,63.081650158279835,1300.7424103373105,795.8669553520467,1346.1201747997088,826.0637290604516,12,12,1.0110181263551525,0.11563466981704372,28.163867370880563,-0.09696737411429146,1.0070695362114033,166.84083634113588,-5.041839034062629e-05,-1.8113833964117205e-06,1.0,1.0,0.0,350.3272353856561,0.0,1.0,100.85860676932128,0.0,0.0,1.0
frame_0614.jpg,frame_0614,614,D:\visualization2026\visualization\left_downsample2_Q13\frame_0614.jpg,D:\visualization2026\visualization\right_downsample2_Q13\frame_0614.jpg,D:\visualization2026\dowsample2_Q13\stitched_frames\frame_0614.jpg,D:\visualization2026\dowsample2_Q13_hess_matched\stitched_frames\frame_0614.jpg,1979,1365,0.003932878365616954,-0.03540168445452173,11.84779241435166,-3.731747620532304,-46.000273347289294,-31.01227413470997,57.84806576164095,27.280526514177666,63.958000588307065,28.924032880820477,13.640263257088833,-28.924032880820477,-13.640263257088833,0,0,63.958000588307065,1300.1860197235173,790.4704975426849,1346.1862930708066,821.4827716773949,12,12,1.011005457813613,0.11563421467387779,28.41513563735711,-0.09699252633801225,1.0070686325665203,167.339706367546,-5.041839034062629e-05,-1.8113833964117205e-06,1.0,1.0,0.0,350.0759671191795,0.0,1.0,100.35973674291117,0.0,0.0,1.0
frame_0616.jpg,frame_0616,616,D:\visualization2026\visualization\left_downsample2_Q13\frame_0616.jpg,D:\visualization2026\visualization\right_downsample2_Q13\frame_0616.jpg,D:\visualization2026\dowsample2_Q13\stitched_frames\frame_0616.jpg,D:\visualization2026\dowsample2_Q13_hess_matched\stitched_frames\frame_0616.jpg,1979,1365,0.004269464164669889,-0.035290456360324296,12.678932002896461,-4.942930857090283,-43.64110013626828,-31.811748038283667,56.32003213916474,26.868817181193386,62.400956377870855,28.16001606958237,13.434408590596693,-28.16001606958237,-13.434408590596693,0,0,62.400956377870855,1300.2781258312723,781.2098499642132,1343.9192259675406,813.0215980024968,12,12,1.011043978311429,0.11563559860124424,27.651118826119003,-0.0969821474770836,1.0070690054482454,167.13385170105386,-5.041839034062629e-05,-1.8113833964117205e-06,1.0,1.0,0.0,350.83998393041765,0.0,1.0,100.56559140940331,0.0,0.0,1.0
frame_0618.jpg,frame_0618,618,D:\visualization2026\visualization\left_downsample2_Q13\frame_0618.jpg,D:\visualization2026\visualization\right_downsample2_Q13\frame_0618.jpg,D:\visualization2026\dowsample2_Q13\stitched_frames\frame_0618.jpg,D:\visualization2026\dowsample2_Q13_hess_matched\stitched_frames\frame_0618.jpg,1979,1365,0.004922527517402964,-0.03515974155091711,14.296510518920554,-7.268777949424078,-25.832371644126397,-29.280480769586802,40.12888216304695,22.011702820162725,45.76944662871583,20.064441081523476,11.005851410081362,-20.064441081523476,-11.005851410081362,0,1,45.76944662871583,1300.2349021870818,777.789707451421,1326.0672738312082,807.0701882210078,12,12,1.0114521441712085,0.11565026279136202,19.55554383806011,-0.09685970353319186,1.0070734044963994,164.70529452053853,-5.041839034062629e-05,-1.8113833964117205e-06,1.0,1.0,0.0,358.93555891847654,0.0,1.0,102.99414858991864,0.0,0.0,1.0
frame_0620.jpg,frame_0620,620,D:\visualization2026\visualization\left_downsample2_Q13\frame_0620.jpg,D:\visualization2026\visualization\right_downsample2_Q13\frame_0620.jpg,D:\visualization2026\dowsample2_Q13\stitched_frames\frame_0620.jpg,D:\visualization2026\dowsample2_Q13_hess_matched\stitched_frames\frame_0620.jpg,1979,1365,0.005211537571473968,-0.03509202359662261,15.011787595169142,-8.300872985600575,-24.5885667693924,-25.906065675878153,39.60035436456154,17.605192690277576,43.33740734585597,19.80017718228077,8.802596345138788,-19.80017718228077,-8.802596345138788,0,0,43.33740734585597,1300.4160489990704,772.2497476973753,1325.0046157684628,798.1558133732534,12,12,1.0114654679316335,0.11565074147460137,19.291279938817404,-0.09674861895930761,1.0070773954360421,162.50203945559596,-5.041839034062629e-05,-1.8113833964117205e-06,1.0,1.0,0.0,359.1998228177192,0.0,1.0,105.1974036548612,0.0,0.0,1.0
frame_0622.jpg,frame_0622,622,D:\visualization2026\visualization\left_downsample2_Q13\frame_0622.jpg,D:\visualization2026\visualization\right_downsample2_Q13\frame_0622.jpg,D:\visualization2026\dowsample2_Q13\stitched_frames\frame_0622.jpg,D:\visualization2026\dowsample2_Q13_hess_matched\stitched_frames\frame_0622.jpg,1979,1365,0.0049658180125609075,-0.03510243814835502,14.400906081797089,-7.436764279949461,-14.753498691426103,-22.8542036800535,29.15440477322319,15.41743940010404,32.979944744296034,14.577202386611596,7.70871970005202,-14.577202386611596,-7.70871970005202,0,0,32.979944744296034,1300.1635450491472,772.4577621319123,1314.9170437405733,795.3119658119658,12,12,1.0117288019136208,0.11566020228442613,14.06830514314823,-0.09669346745963114,1.0070793768660347,161.4081628105092,-5.041839034062629e-05,-1.8113833964117205e-06,1.0,1.0,0.0,364.4227976133884,0.0,1.0,106.29128029994799,0.0,0.0,1.0
frame_0624.jpg,frame_0624,624,D:\visualization2026\visualization\left_downsample2_Q13\frame_0624.jpg,D:\visualization2026\visualization\right_downsample2_Q13\frame_0624.jpg,D:\visualization2026\dowsample2_Q13\stitched_frames\frame_0624.jpg,D:\visualization2026\dowsample2_Q13_hess_matched\stitched_frames\frame_0624.jpg,1979,1365,0.004670005242770392,-0.03510245131883695,13.664759217669612,-6.400051525461295,-14.278407508601504,-18.492739390581846,27.943166726271116,12.092687865120551,30.447556002008092,13.971583363135558,6.0463439325602755,-13.971583363135558,-6.0463439325602755,0,0,30.447556002008092,1300.2246320050763,768.1825392315053,1314.5030395136778,786.6752786220871,12,12,1.0117593362499442,0.1156612992926698,13.462686119672192,-0.09660965314929294,1.0070823880658986,159.74578704301743,-5.041839034062629e-05,-1.8113833964117205e-06,1.0,1.0,0.0,365.02841663686445,0.0,1.0,107.95365606743972,0.0,0.0,1.0
frame_0626.jpg,frame_0626,626,D:\visualization2026\visualization\left_downsample2_Q13\frame_0626.jpg,D:\visualization2026\visualization\right_downsample2_Q13\frame_0626.jpg,D:\visualization2026\dowsample2_Q13\stitched_frames\frame_0626.jpg,D:\visualization2026\dowsample2_Q13_hess_matched\stitched_frames\frame_0626.jpg,1979,1365,0.004466900008523789,-0.03505480508946765,13.156546492790977,-5.701774474649331,-14.939846263970594,-27.748531889063997,28.09639275676157,22.046757414414667,35.71367803002446,14.048196378380785,11.023378707207334,-14.048196378380785,-11.023378707207334,0,0,35.71367803002446,1300.0663959332828,758.8564618687387,1315.0062421972534,786.6049937578027,12,12,1.0117554735450365,0.11566116051712604,13.53929913491742,-0.09686058723129996,1.0070733727477443,164.7228218176645,-5.041839034062629e-05,-1.8113833964117205e-06,1.0,1.0,0.0,364.9518036216192,0.0,1.0,102.97662129279267,0.0,0.0,1.0
frame_0628.jpg,frame_0628,628,D:\visualization2026\visualization\left_downsample2_Q13\frame_0628.jpg,D:\visualization2026\visualization\right_downsample2_Q13\frame_0628.jpg,D:\visualization2026\dowsample2_Q13\stitched_frames\frame_0628.jpg,D:\visualization2026\dowsample2_Q13_hess_matched\stitched_frames\frame_0628.jpg,1979,1365,0.004443388844214913,-0.03492478183651948,13.090469428946093,-5.656293970835339,-14.041514291109934,-23.47592970393339,27.131983720056027,17.81963573309805,32.460498428793265,13.565991860028014,8.909817866549025,-13.565991860028014,-8.909817866549025,0,0,32.460498428793265,1300.1711439367382,758.4857339488696,1314.2126582278481,781.9616636528029,12,12,1.0117797855206667,0.11566203397438425,13.057094616564648,-0.09675402489582699,1.0070772012167584,162.6092609770062,-5.041839034062629e-05,-1.8113833964117205e-06,1.0,1.0,0.0,365.434008139972,0.0,1.0,105.09018213345098,0.0,0.0,1.0
frame_0630.jpg,frame_0630,630,D:\visualization2026\visualization\left_downsample2_Q13\frame_0630.jpg,D:\visualization2026\visualization\right_downsample2_Q13\frame_0630.jpg,D:\visualization2026\dowsample2_Q13\stitched_frames\frame_0630.jpg,D:\visualization2026\dowsample2_Q13_hess_matched\stitched_frames\frame_0630.jpg,1979,1365,0.00444510783204255,-0.03476646980066092,13.085532518288737,-5.707267290174815,-14.025149356784368,-23.03371070443302,27.110681875073105,17.326443414258204,32.17444192396985,13.555340937536553,8.663221707129102,-13.555340937536553,-8.663221707129102,0,0,32.17444192396985,1299.9804754903664,753.9305837440874,1314.0056248471508,776.9642944485204,12,12,1.0117803225230344,0.11566205326728841,13.046443694073186,-0.09674159191440486,1.0070776478969472,162.36266481758628,-5.041839034062629e-05,-1.8113833964117205e-06,1.0,1.0,0.0,365.4446590624635,0.0,1.0,105.3367782928709,0.0,0.0,1.0
frame_0632.jpg,frame_0632,632,D:\visualization2026\visualization\left_downsample2_Q13\frame_0632.jpg,D:\visualization2026\visualization\right_downsample2_Q13\frame_0632.jpg,D:\visualization2026\dowsample2_Q13\stitched_frames\frame_0632.jpg,D:\visualization2026\dowsample2_Q13_hess_matched\stitched_frames\frame_0632.jpg,1979,1365,0.004257243801716659,-0.03469320378270012,12.613757207775251,-5.069678876243353,-13.585546635580386,-27.874369539092413,26.199303843355636,22.80469066284906,34.73409618954702,13.099651921677818,11.40234533142453,-13.099651921677818,-11.40234533142453,0,0,34.73409618954702,1299.8426763184382,744.7648547565534,1313.4282229540186,772.6392242956458,12,12,1.0118032976297098,0.11566287869480567,12.590754678214452,-0.09687969411848582,1.0070726862938935,165.1017884418817,-5.041839034062629e-05,-1.8113833964117205e-06,1.0,1.0,0.0,365.90034807832217,0.0,1.0,102.59765466857547,0.0,0.0,1.0
frame_0634.jpg,frame_0634,634,D:\visualization2026\visualization\left_downsample2_Q13\frame_0634.jpg,D:\visualization2026\visualization\right_downsample2_Q13\frame_0634.jpg,D:\visualization2026\dowsample2_Q13\stitched_frames\frame_0634.jpg,D:\visualization2026\dowsample2_Q13_hess_matched\stitched_frames\frame_0634.jpg,1979,1365,0.003804189316033324,-0.03469603585372173,11.486469080138084,-3.4810945404756075,-13.43177416601634,-19.76364295588212,24.918243246154425,16.282548415406513,29.76642789073922,12.459121623077213,8.141274207703256,-12.459121623077213,-8.141274207703256,0,0,29.76642789073922,1299.6352840816587,744.4244382971771,1313.067058247675,764.1880812530592,12,12,1.0118355921363298,0.11566403894075346,11.950224379613847,-0.0967152761616415,1.0070785933439814,161.84071731816042,-5.041839034062629e-05,-1.8113833964117205e-06,1.0,1.0,0.0,366.54087837692276,0.0,1.0,105.85872579229674,0.0,0.0,1.0
frame_0636.jpg,frame_0636,636,D:\visualization2026\visualization\left_downsample2_Q13\frame_0636.jpg,D:\visualization2026\visualization\right_downsample2_Q13\frame_0636.jpg,D:\visualization2026\dowsample2_Q13\stitched_frames\frame_0636.jpg,D:\visualization2026\dowsample2_Q13_hess_matched\stitched_frames\frame_0636.jpg,1979,1365,0.0033022662835140437,-0.03460581006201005,10.232152145889053,-1.7476664684854437,-12.924146928797427,-23.017572018005808,23.15629907468648,21.269905549520363,31.442376960431012,11.57814953734324,10.634952774760182,-11.57814953734324,-10.634952774760182,0,0,31.442376960431012,1299.6157643794065,735.4187423451377,1312.539911308204,758.4363143631435,12,12,1.0118800093308273,0.11566563471896225,11.069252293879874,-0.09684100342101942,1.007074076336029,164.33439588521736,-5.041839034062629e-05,-1.8113833964117205e-06,1.0,1.0,0.0,367.4218504626568,0.0,1.0,103.36504722523982,0.0,0.0,1.0
frame_0638.jpg,frame_0638,638,D:\visualization2026\visualization\left_downsample2_Q13\frame_0638.jpg,D:\visualization2026\visualization\right_downsample2_Q13\frame_0638.jpg,D:\visualization2026\dowsample2_Q13\stitched_frames\frame_0638.jpg,D:\visualization2026\dowsample2_Q13_hess_matched\stitched_frames\frame_0638.jpg,2083,1463,0.0028016223570178633,-0.03448311355467841,8.979128351685624,-0.027940453650528718,51.054875391539326,-26.42344459389642,-42.0757470398537,26.39550414024589,49.66982109671319,-21.03787351992685,13.197752070122945,21.03787351992685,-13.197752070122945,2,3,49.66982109671319,1264.7247327488965,1113.650879730428,1213.6698573573572,1140.0743243243244,12,12,1.0553055242129554,0.1861539987993833,-20.80363496536575,-0.15784995437352162,1.0061944121426427,264.5979297087515,-5.028822364908953e-05,-2.1938224405536065e-06,1.0,1.0,0.0,472.03787351992685,0.0,1.0,203.80224792987707,0.0,0.0,1.0
frame_0640.jpg,frame_0640,640,D:\visualization2026\visualization\left_downsample2_Q13\frame_0640.jpg,D:\visualization2026\visualization\right_downsample2_Q13\frame_0640.jpg,D:\visualization2026\dowsample2_Q13\stitched_frames\frame_0640.jpg,D:\visualization2026\dowsample2_Q13_hess_matched\stitched_frames\frame_0640.jpg,2083,1463,0.002712044749480391,-0.03440523603706991,8.751676219405638,0.2638828472705411,28.994002174140633,-91.45319157637016,-20.242325954734994,91.7170744236407,93.92429664836135,-10.121162977367497,45.85853721182035,10.121162977367497,-45.85853721182035,0,0,93.92429664836135,1398.369561237545,760.1388894549374,1369.3755590634044,851.5920810313075,12,12,1.054756542231679,0.186130049474818,-9.886924422806395,-0.15949240724128216,1.0061227601792728,297.2587148504489,-5.028822364908953e-05,-2.1938224405536065e-06,1.0,1.0,0.0,461.1211629773675,0.0,1.0,171.14146278817964,0.0,0.0,1.0
frame_0642.jpg,frame_0642,642,D:\visualization2026\visualization\left_downsample2_Q13\frame_0642.jpg,D:\visualization2026\visualization\right_downsample2_Q13\frame_0642.jpg,D:\visualization2026\dowsample2_Q13\stitched_frames\frame_0642.jpg,D:\visualization2026\dowsample2_Q13_hess_matched\stitched_frames\frame_0642.jpg,2083,1463,0.003501053828281253,-0.03440634348352026,10.715236590720393,-2.5009734914535446,28.532711612060666,-91.80020412774797,-17.81747502134027,89.29923063629442,91.05940373388236,-8.908737510670136,44.64961531814721,8.908737510670136,-44.64961531814721,0,0,91.05940373388236,1398.0002285510802,755.1680435140747,1369.4675169390196,846.9682476418227,12,12,1.0546955715086517,0.18612738962862166,-8.674498956109034,-0.15943161270671885,1.006125412339252,296.0497929567758,-5.028822364908953e-05,-2.1938224405536065e-06,1.0,1.0,0.0,459.9087375106701,0.0,1.0,172.3503846818528,0.0,0.0,1.0
frame_0644.jpg,frame_0644,644,D:\visualization2026\visualization\left_downsample2_Q13\frame_0644.jpg,D:\visualization2026\visualization\right_downsample2_Q13\frame_0644.jpg,D:\visualization2026\dowsample2_Q13\stitched_frames\frame_0644.jpg,D:\visualization2026\dowsample2_Q13_hess_matched\stitched_frames\frame_0644.jpg,2083,1463,0.00415419533098349,-0.03444143905318228,12.3426607501799,-4.7800165592842605,30.050767405774423,-91.77818239081796,-17.70810665559452,86.9981658315337,88.78208095881143,-8.85405332779726,43.49908291576685,8.85405332779726,-43.49908291576685,0,0,88.78208095881143,1398.0070705766948,750.6433179958797,1367.9563031709204,842.4215003866976,12,12,1.0546928215382334,0.18612726966123413,-8.619814773236158,-0.15937375447595242,1.0061279364030549,294.89926055439537,-5.028822364908953e-05,-2.1938224405536065e-06,1.0,1.0,0.0,459.85405332779726,0.0,1.0,173.50091708423315,0.0,0.0,1.0
frame_0646.jpg,frame_0646,646,D:\visualization2026\visualization\left_downsample2_Q13\frame_0646.jpg,D:\visualization2026\visualization\right_downsample2_Q13\frame_0646.jpg,D:\visualization2026\dowsample2_Q13\stitched_frames\frame_0646.jpg,D:\visualization2026\dowsample2_Q13_hess_matched\stitched_frames\frame_0646.jpg,2083,1463,0.00401039275944215,-0.03447884813385037,11.986976951639761,-4.265422907846499,35.09508185007553,2.782365928866227,-23.10810489843577,-7.047788836712726,24.15897016604813,-11.554052449217885,-3.523894418356363,11.554052449217885,3.523894418356363,7,1,24.15897016604813,1768.4430430861332,259.7112377518686,1733.3479612360577,256.9288718230024,12,12,1.0548285996979037,0.18613319297989617,-11.319813894656782,-0.15700905247512797,1.0062310964659522,247.87628322027217,-5.028822364908953e-05,-2.1938224405536065e-06,1.0,1.0,0.0,462.55405244921786,0.0,1.0,220.52389441835635,0.0,0.0,1.0
frame_0648.jpg,frame_0648,648,D:\visualization2026\visualization\left_downsample2_Q13\frame_0648.jpg,D:\visualization2026\visualization\right_downsample2_Q13\frame_0648.jpg,D:\visualization2026\dowsample2_Q13\stitched_frames\frame_0648.jpg,D:\visualization2026\dowsample2_Q13_hess_matched\stitched_frames\frame_0648.jpg,2083,1463,0.0038502581767239086,-0.03452350276114209,11.591071708615205,-3.6915346917964427,28.42187644509795,-92.60882323557371,-16.830804736482747,88.91728854377726,90.4961888150819,-8.415402368241374,44.45864427188863,8.415402368241374,-44.45864427188863,0,0,90.4961888150819,1396.586086426996,740.4869874703999,1368.164209981898,833.0958107059736,12,12,1.0546707625606753,0.18612630733891547,-8.181163813680271,-0.15942200911203408,1.0061258312958188,295.8588219105172,-5.028822364908953e-05,-2.1938224405536065e-06,1.0,1.0,0.0,459.41540236824136,0.0,1.0,172.54135572811137,0.0,0.0,1.0
frame_0650.jpg,frame_0650,650,D:\visualization2026\visualization\left_downsample2_Q13\frame_0650.jpg,D:\visualization2026\visualization\right_downsample2_Q13\frame_0650.jpg,D:\visualization2026\dowsample2_Q13\stitched_frames\frame_0650.jpg,D:\visualization2026\dowsample2_Q13_hess_matched\stitched_frames\frame_0650.jpg,2083,1463,0.0036394944332680534,-0.03452575009453629,11.06670443494467,-2.9522514474983694,29.036274856233376,-91.49355921581855,-17.969570421288708,88.54130776832018,90.34638145742224,-8.984785210644354,44.27065388416009,8.984785210644354,-44.27065388416009,0,0,90.34638145742224,1396.7717162264573,736.5940560674488,1367.735441370224,828.0876152832674,12,12,1.054699395812396,0.1861275564637724,-8.750546656083252,-0.15941255540937213,1.00612624371335,295.67083152278866,-5.028822364908953e-05,-2.1938224405536065e-06,1.0,1.0,0.0,459.98478521064436,0.0,1.0,172.72934611583992,0.0,0.0,1.0
frame_0652.jpg,frame_0652,652,D:\visualization2026\visualization\left_downsample2_Q13\frame_0652.jpg,D:\visualization2026\visualization\right_downsample2_Q13\frame_0652.jpg,D:\visualization2026\dowsample2_Q13\stitched_frames\frame_0652.jpg,D:\visualization2026\dowsample2_Q13_hess_matched\stitched_frames\frame_0652.jpg,2083,1463,0.0032247130120609535,-0.03429794712187616,10.021236750859984,-1.5632826870704997,29.04248296165565,-86.77332234593962,-19.021246210795667,85.21003965886912,87.30726582637757,-9.510623105397833,42.60501982943456,9.510623105397833,-42.60501982943456,0,0,87.30726582637757,1396.483917528615,731.7617151715473,1367.4414345669593,818.5350375174869,12,12,1.0547258392660506,0.186128710058746,-9.276384550836731,-0.15932879363151053,1.006129897818717,294.0051974680631,-5.028822364908953e-05,-2.1938224405536065e-06,1.0,1.0,0.0,460.5106231053978,0.0,1.0,174.39498017056545,0.0,0.0,1.0
frame_0654.jpg,frame_0654,654,D:\visualization2026\visualization\left_downsample2_Q13\frame_0654.jpg,D:\visualization2026\visualization\right_downsample2_Q13\frame_0654.jpg,D:\visualization2026\dowsample2_Q13\stitched_frames\frame_0654.jpg,D:\visualization2026\dowsample2_Q13_hess_matched\stitched_frames\frame_0654.jpg,2083,1463,0.0025801985780372627,-0.03349330392467839,8.37048925745696,0.46703112252411616,37.38246487282527,-96.98820701274121,-29.011975615368307,97.45523813526533,101.6819461315921,-14.505987807684154,48.727619067632666,14.505987807684154,-48.727619067632666,0,0,101.6819461315921,1393.7010789147687,723.4748644995683,1356.3186140419434,820.4630715123095,12,12,1.054977047283408,0.18613966900192863,-14.271749253123051,-0.1596366882713148,1.0061164659231137,300.1277967062612,-5.028822364908953e-05,-2.1938224405536065e-06,1.0,1.0,0.0,465.50598780768416,0.0,1.0,168.27238093236733,0.0,0.0,1.0
frame_0656.jpg,frame_0656,656,D:\visualization2026\visualization\left_downsample2_Q13\frame_0656.jpg,D:\visualization2026\visualization\right_downsample2_Q13\frame_0656.jpg,D:\visualization2026\dowsample2_Q13\stitched_frames\frame_0656.jpg,D:\visualization2026\dowsample2_Q13_hess_matched\stitched_frames\frame_0656.jpg,2083,1463,0.0020439565554665196,-0.03266680650880896,6.9879120375475985,2.111687142728747,63.874074905824045,24.23946117031278,-56.88616286827644,-22.12777402758403,61.03829870902281,-28.44308143413822,-11.063887013792016,28.44308143413822,11.063887013792016,2,1,61.03829870902281,1295.204477836227,1197.239705370557,1231.330402930403,1173.0002442002442,12,12,1.0556779189647134,0.18617024451068245,-28.20884287957712,-0.15662987964117622,1.0062476378709095,240.33629062483652,-5.028822364908953e-05,-2.1938224405536065e-06,1.0,1.0,0.0,479.4430814341382,0.0,1.0,228.06388701379203,0.0,0.0,1.0
frame_0658.jpg,frame_0658,658,D:\visualization2026\visualization\left_downsample2_Q13\frame_0658.jpg,D:\visualization2026\visualization\right_downsample2_Q13\frame_0658.jpg,D:\visualization2026\dowsample2_Q13\stitched_frames\frame_0658.jpg,D:\visualization2026\dowsample2_Q13_hess_matched\stitched_frames\frame_0658.jpg,2083,1463,0.001980627685999159,-0.03249701965646545,6.82043177074246,2.2854233307685368,48.447172365652705,-103.83322329333066,-41.626740594910245,106.1186466240992,113.99102023355344,-20.813370297455123,53.0593233120496,20.813370297455123,-53.0593233120496,0,0,113.99102023355344,1388.068419777661,736.5187435803753,1339.6212474120082,840.3519668737059,12,12,1.0552942343446938,0.18615350627917585,-20.57913174289402,-0.15985452198313974,1.0061069629331365,304.45950095067815,-5.028822364908953e-05,-2.1938224405536065e-06,1.0,1.0,0.0,471.8133702974551,0.0,1.0,163.9406766879504,0.0,0.0,1.0
frame_0660.jpg,frame_0660,660,D:\visualization2026\visualization\left_downsample2_Q13\frame_0660.jpg,D:\visualization2026\visualization\right_downsample2_Q13\frame_0660.jpg,D:\visualization2026\dowsample2_Q13\stitched_frames\frame_0660.jpg,D:\visualization2026\dowsample2_Q13_hess_matched\stitched_frames\frame_0660.jpg,2083,1463,0.0023447068772334267,-0.03317119574813959,7.765705550602894,1.200883240185726,-10.96638857009566,-53.01631445270846,18.732094120698555,54.21719769289418,57.36197238429899,9.366047060349278,27.10859884644709,-9.366047060349278,-27.10859884644709,4,2,57.36197238429899,1205.2829072045522,1152.1980047961176,1216.2492957746479,1205.214319248826,12,12,1.0537765650550053,0.18608729799613347,9.60028561491038,-0.15854950614735763,1.0061638942148177,278.50877648507566,-5.028822364908953e-05,-2.1938224405536065e-06,1.0,1.0,0.0,441.6339529396507,0.0,1.0,189.89140115355292,0.0,0.0,1.0
frame_0662.jpg,frame_0662,662,D:\visualization2026\visualization\left_downsample2_Q13\frame_0662.jpg,D:\visualization2026\visualization\right_downsample2_Q13\frame_0662.jpg,D:\visualization2026\dowsample2_Q13\stitched_frames\frame_0662.jpg,D:\visualization2026\dowsample2_Q13_hess_matched\stitched_frames\frame_0662.jpg,2083,1463,0.002681505883987634,-0.03387210219051612,8.644646840003258,0.2195390612064858,43.47120490833504,-120.43400453229708,-34.82655806833178,120.65354359350357,125.579324446966,-17.41327903416589,60.326771796751785,17.41327903416589,-60.326771796751785,0,0,125.579324446966,1387.70598303011,730.7198912365367,1344.234778121775,851.1538957688338,12,12,1.0551232497948182,0.18614604708266252,-17.179040479604787,-0.1602199890578967,1.006091019441565,311.72694943538033,-5.028822364908953e-05,-2.1938224405536065e-06,1.0,1.0,0.0,468.4132790341659,0.0,1.0,156.67322820324821,0.0,0.0,1.0
frame_0664.jpg,frame_0664,664,D:\visualization2026\visualization\left_downsample2_Q13\frame_0664.jpg,D:\visualization2026\visualization\right_downsample2_Q13\frame_0664.jpg,D:\visualization2026\dowsample2_Q13\stitched_frames\frame_0664.jpg,D:\visualization2026\dowsample2_Q13_hess_matched\stitched_frames\frame_0664.jpg,2083,1463,0.002571173987679809,-0.03375334489295029,8.363166979210114,0.5724912535394788,43.1181315904887,-120.13635880866934,-34.75496461127859,120.70885006220882,125.61263490776729,-17.377482305639294,60.35442503110441,17.377482305639294,-60.35442503110441,0,0,125.61263490776729,1387.0715533963694,726.653128570982,1343.9534218058807,846.7894873796513,12,12,1.0551214496409282,0.1861459685509962,-17.14324375107819,-0.16022137968993044,1.006090958775279,311.75460266973295,-5.028822364908953e-05,-2.1938224405536065e-06,1.0,1.0,0.0,468.3774823056393,0.0,1.0,156.64557496889557,0.0,0.0,1.0
frame_0666.jpg,frame_0666,666,D:\visualization2026\visualization\left_downsample2_Q13\frame_0666.jpg,D:\visualization2026\visualization\right_downsample2_Q13\frame_0666.jpg,D:\visualization2026\dowsample2_Q13\stitched_frames\frame_0666.jpg,D:\visualization2026\dowsample2_Q13_hess_matched\stitched_frames\frame_0666.jpg,2083,1463,0.0021915801906666754,-0.032847710686439546,7.365811926091309,1.645686997820104,43.09789166615951,-119.99253133453192,-35.7320797400682,121.63821833235203,126.77790691449174,-17.8660398700341,60.81910916617601,17.8660398700341,-60.81910916617601,0,0,126.77790691449174,1386.0061320865104,717.2390462638276,1342.908240420351,837.2315775983595,12,12,1.055146018332992,0.18614704035954446,-17.631801315473,-0.1602447478296411,1.0060899393407958,312.21928680480454,-5.028822364908953e-05,-2.1938224405536065e-06,1.0,1.0,0.0,468.8660398700341,0.0,1.0,156.18089083382398,0.0,0.0,1.0
frame_0668.jpg,frame_0668,668,D:\visualization2026\visualization\left_downsample2_Q13\frame_0668.jpg,D:\visualization2026\visualization\right_downsample2_Q13\frame_0668.jpg,D:\visualization2026\dowsample2_Q13\stitched_frames\frame_0668.jpg,D:\visualization2026\dowsample2_Q13_hess_matched\stitched_frames\frame_0668.jpg,2083,1463,0.0018115024612398445,-0.03187921133082797,6.363593448182986,2.702729674987234,33.88199875431724,-102.09671411768568,-27.51840530613425,104.79944379267292,108.35213911061602,-13.759202653067126,52.39972189633646,13.759202653067126,-52.39972189633646,0,0,108.35213911061602,1377.2939165268906,735.3841601992542,1343.4119177725734,837.4808743169399,12,12,1.0549394927845348,0.18613803068789816,-13.524964098506024,-0.15982135179962711,1.006108409981524,303.799899534965,-5.028822364908953e-05,-2.1938224405536065e-06,1.0,1.0,0.0,464.7592026530671,0.0,1.0,164.60027810366353,0.0,0.0,1.0
frame_0670.jpg,frame_0670,670,D:\visualization2026\visualization\left_downsample2_Q13\frame_0670.jpg,D:\visualization2026\visualization\right_downsample2_Q13\frame_0670.jpg,D:\visualization2026\dowsample2_Q13\stitched_frames\frame_0670.jpg,D:\visualization2026\dowsample2_Q13_hess_matched\stitched_frames\frame_0670.jpg,2083,1463,0.0016263964598224323,-0.03149899776043372,5.880815460224261,3.2435018171321377,3.8996195613103737,-42.06067220560976,1.981195898913887,45.3041740227419,45.34747314981018,0.9905979494569435,22.65208701137095,-0.9905979494569435,-22.65208701137095,3,3,45.34747314981018,1172.7454528946437,1168.874744461057,1168.8458333333333,1210.9354166666667,12,12,1.0541977515130554,0.18610567224434266,1.2248365040180458,-0.1583253960835005,1.006173671010488,274.0522646499995,-5.028822364908953e-05,-2.1938224405536065e-06,1.0,1.0,0.0,450.00940205054303,0.0,1.0,194.34791298862905,0.0,0.0,1.0
frame_0672.jpg,frame_0672,672,D:\visualization2026\visualization\left_downsample2_Q13\frame_0672.jpg,D:\visualization2026\visualization\right_downsample2_Q13\frame_0672.jpg,D:\visualization2026\dowsample2_Q13\stitched_frames\frame_0672.jpg,D:\visualization2026\dowsample2_Q13_hess_matched\stitched_frames\frame_0672.jpg,2083,1463,0.0015337260749825887,-0.031339320421722744,5.6409055259059,3.5229389909740245,-22.201532929337986,-1.7800057687552453,27.842438455243887,5.30294475972927,28.34294625226502,13.921219227621943,2.651472379864635,-13.921219227621943,-2.651472379864635,1,2,28.34294625226502,435.31386415332,1316.1724523619848,457.515397082658,1317.95245813074,12,12,1.0535474935382974,0.18607730475721232,14.155457782183046,-0.15731960070179207,1.0062175488076914,254.05165001849318,-5.028822364908953e-05,-2.1938224405536065e-06,1.0,1.0,0.0,437.0787807723781,0.0,1.0,214.34852762013537,0.0,0.0,1.0
frame_0674.jpg,frame_0674,674,D:\visualization2026\visualization\left_downsample2_Q13\frame_0674.jpg,D:\visualization2026\visualization\right_downsample2_Q13\frame_0674.jpg,D:\visualization2026\dowsample2_Q13\stitched_frames\frame_0674.jpg,D:\visualization2026\dowsample2_Q13_hess_matched\stitched_frames\frame_0674.jpg,2083,1463,0.0014688516975253085,-0.031202230898999178,5.471482352252325,3.7113752133783673,29.890150539120896,-97.90818597137297,-24.418668186868572,101.61956118475133,104.5122316831949,-12.209334093434286,50.80978059237567,12.209334093434286,-50.80978059237567,0,0,104.5122316831949,1370.3831549573829,730.8046269888627,1340.493004418262,828.7128129602356,12,12,1.0548615526477811,0.18613463055147214,-11.975095538873184,-0.1597413964757446,1.0061118980304358,302.20995823100424,-5.028822364908953e-05,-2.1938224405536065e-06,1.0,1.0,0.0,463.2093340934343,0.0,1.0,166.19021940762434,0.0,0.0,1.0
frame_0676.jpg,frame_0676,676,D:\visualization2026\visualization\left_downsample2_Q13\frame_0676.jpg,D:\visualization2026\visualization\right_downsample2_Q13\frame_0676.jpg,D:\visualization2026\dowsample2_Q13\stitched_frames\frame_0676.jpg,D:\visualization2026\dowsample2_Q13_hess_matched\stitched_frames\frame_0676.jpg,2083,1463,0.0014173344266044108,-0.031068378376394784,5.335487543706763,3.8539190275957105,30.802628561657457,-108.63961456808363,-25.467141017950695,112.49353359567934,115.34023743893725,-12.733570508975347,56.24676679783967,12.733570508975347,-56.24676679783967,0,0,115.34023743893725,1370.0035767746408,730.7704267642772,1339.2009482129833,839.4100413323608,12,12,1.054887915565891,0.1861357806330847,-12.499331954414245,-0.160014812854022,1.0060999702480893,307.64694443646823,-5.028822364908953e-05,-2.1938224405536065e-06,1.0,1.0,0.0,463.73357050897533,0.0,1.0,160.75323320216035,0.0,0.0,1.0
frame_0678.jpg,frame_0678,678,D:\visualization2026\visualization\left_downsample2_Q13\frame_0678.jpg,D:\visualization2026\visualization\right_downsample2_Q13\frame_0678.jpg,D:\visualization2026\dowsample2_Q13\stitched_frames\frame_0678.jpg,D:\visualization2026\dowsample2_Q13_hess_matched\stitched_frames\frame_0678.jpg,2083,1463,0.0013583333090801952,-0.030886819522394526,5.17809194302533,4.009145744145745,31.019045183224762,-109.28454335014465,-25.840953240199433,113.29368909429039,116.20333408709023,-12.920476620099716,56.64684454714519,12.920476620099716,-56.64684454714519,0,0,116.20333408709023,1369.7573525328905,726.3977135169674,1338.7383073496658,835.6822568671121,12,12,1.0548973147422085,0.18613619067190557,-12.686238065538614,-0.1600349320533561,1.006099092548545,308.04702218577376,-5.028822364908953e-05,-2.1938224405536065e-06,1.0,1.0,0.0,463.9204766200997,0.0,1.0,160.35315545285482,0.0,0.0,1.0
frame_0680.jpg,frame_0680,680,D:\visualization2026\visualization\left_downsample2_Q13\frame_0680.jpg,D:\visualization2026\visualization\right_downsample2_Q13\frame_0680.jpg,D:\visualization2026\dowsample2_Q13\stitched_frames\frame_0680.jpg,D:\visualization2026\dowsample2_Q13_hess_matched\stitched_frames\frame_0680.jpg,2083,1463,0.0012973987493833938,-0.030690417953525312,5.015020921379033,4.1669341900068595,31.338485241199123,-109.97031161360144,-26.32346431982009,114.1372458036083,117.1334096380283,-13.161732159910045,57.06862290180415,13.161732159910045,-57.06862290180415,0,0,117.1334096380283,1369.187660417947,720.4414453908499,1337.8491751767478,830.4117570044514,12,12,1.054909447054751,0.18613671994372272,-12.927493605348943,-0.16005614253758552,1.0060981672417255,308.4688005404327,-5.028822364908953e-05,-2.1938224405536065e-06,1.0,1.0,0.0,464.16173215991006,0.0,1.0,159.93137709819587,0.0,0.0,1.0
frame_0682.jpg,frame_0682,682,D:\visualization2026\visualization\left_downsample2_Q13\frame_0682.jpg,D:\visualization2026\visualization\right_downsample2_Q13\frame_0682.jpg,D:\visualization2026\dowsample2_Q13\stitched_frames\frame_0682.jpg,D:\visualization2026\dowsample2_Q13_hess_matched\stitched_frames\frame_0682.jpg,2083,1463,0.0012486554385937598,-0.03053606508638715,4.884736033714542,4.293935765161672,-26.469094618108898,51.205032754061676,31.35383065182344,-46.911096988900006,56.4244071058368,15.67691532591172,-23.455548494450003,-15.67691532591172,23.455548494450003,3,1,56.4244071058368,442.03954916080517,1381.537635627205,468.50864377891406,1330.3326028731433,12,12,1.0534592027002467,0.1860734530717131,15.911153880472822,-0.15600672499725307,1.0062748229759415,227.94462914417855,-5.028822364908953e-05,-2.1938224405536065e-06,1.0,1.0,0.0,435.3230846740883,0.0,1.0,240.45554849445,0.0,0.0,1.0
frame_0684.jpg,frame_0684,684,D:\visualization2026\visualization\left_downsample2_Q13\frame_0684.jpg,D:\visualization2026\visualization\right_downsample2_Q13\frame_0684.jpg,D:\visualization2026\dowsample2_Q13\stitched_frames\frame_0684.jpg,D:\visualization2026\dowsample2_Q13_hess_matched\stitched_frames\frame_0684.jpg,2083,1463,0.0012449401861681642,-0.030425989405281156,4.8690833400610485,4.275702914628099,56.45910352793817,5.135213099756584,-51.59002018787712,-0.8595101851284843,51.597179581290185,-25.79501009393856,-0.42975509256424216,25.79501009393856,0.42975509256424216,3,4,51.597179581290185,1788.6831931637923,334.3228881697846,1732.2240896358542,329.18767507002804,12,12,1.0555447521609187,0.18616443511235214,-25.56077153937746,-0.15716465124554485,1.006224308473665,250.9704225460643,-5.028822364908953e-05,-2.1938224405536065e-06,1.0,1.0,0.0,476.7950100939386,0.0,1.0,217.42975509256425,0.0,0.0,1.0
frame_0686.jpg,frame_0686,686,D:\visualization2026\visualization\left_downsample2_Q13\frame_0686.jpg,D:\visualization2026\visualization\right_downsample2_Q13\frame_0686.jpg,D:\visualization2026\dowsample2_Q13\stitched_frames\frame_0686.jpg,D:\visualization2026\dowsample2_Q13_hess_matched\stitched_frames\frame_0686.jpg,2110,1494,0.0012563678513408671,-0.03033578155135011,4.892271122598897,4.210041008261978,-15.450788180754216,-80.33703448254755,20.343059303353115,84.54707549080953,86.96003700475516,10.171529651676558,42.27353774540477,-10.171529651676558,-42.27353774540477,0,0,86.96003700475516,1382.4965058159034,721.6069171821908,1397.9472939966577,801.9439516647384,12,12,1.1089999954753116,0.1794074461499686,10.463464375178368,-0.1493797677002193,1.0659455208039201,279.7606992571437,-2.5609084082661256e-05,1.2161342044248762e-05,1.0,1.0,0.0,499.82847034832344,0.0,1.0,143.72646225459522,0.0,0.0,1.0
frame_0688.jpg,frame_0688,688,D:\visualization2026\visualization\left_downsample2_Q13\frame_0688.jpg,D:\visualization2026\visualization\right_downsample2_Q13\frame_0688.jpg,D:\visualization2026\dowsample2_Q13\stitched_frames\frame_0688.jpg,D:\visualization2026\dowsample2_Q13_hess_matched\stitched_frames\frame_0688.jpg,2110,1494,0.0012311782878966504,-0.030249871180433402,4.8245848983013575,4.273928452704957,16.30421196127213,-42.46921076139779,-11.479627062970774,46.74313921410275,48.13214000118716,-5.739813531485387,23.371569607051374,5.739813531485387,-23.371569607051374,0,0,48.13214000118716,1413.372297597319,749.0634006401456,1397.0680856360468,791.5326114015434,12,12,1.1094074704007573,0.17921394286313472,-5.447878807983576,-0.14889570560883642,1.06571564750408,260.8587311187903,-2.5609084082661256e-05,1.2161342044248762e-05,1.0,1.0,0.0,515.7398135314854,0.0,1.0,162.62843039294862,0.0,0.0,1.0
frame_0690.jpg,frame_0690,690,D:\visualization2026\visualization\left_downsample2_Q13\frame_0690.jpg,D:\visualization2026\visualization\right_downsample2_Q13\frame_0690.jpg,D:\visualization2026\dowsample2_Q13\stitched_frames\frame_0690.jpg,D:\visualization2026\dowsample2_Q13_hess_matched\stitched_frames\frame_0690.jpg,2110,1494,0.0011228590221952217,-0.030175949916317335,4.550723315355757,4.632557279768666,-2.032094445694838,-25.978659593427892,6.582817761050595,30.611216873196557,31.3110218315065,3.2914088805252977,15.305608436598279,-3.2914088805252977,-15.305608436598279,0,0,31.3110218315065,1394.7887766519889,764.917614323994,1396.8208710976837,790.8962739174219,12,12,1.1091761890666387,0.17932377464796487,3.5833436040271085,-0.1486891437310148,1.0656175545913704,252.7927699483372,-2.5609084082661256e-05,1.2161342044248762e-05,1.0,1.0,0.0,506.7085911194747,0.0,1.0,170.69439156340172,0.0,0.0,1.0
frame_0692.jpg,frame_0692,692,D:\visualization2026\visualization\left_downsample2_Q13\frame_0692.jpg,D:\visualization2026\visualization\right_downsample2_Q13\frame_0692.jpg,D:\visualization2026\dowsample2_Q13\stitched_frames\frame_0692.jpg,D:\visualization2026\dowsample2_Q13_hess_matched\stitched_frames\frame_0692.jpg,2110,1494,0.0009998508226668479,-0.03010121012320785,4.240259805644819,5.042432720370844,-1.5870914940092007,-26.815268668300178,5.82735129965402,31.85770138867102,32.38628044310292,2.91367564982701,15.92885069433551,-2.91367564982701,-15.92885069433551,0,0,32.38628044310292,1393.537303291838,755.4415904254304,1395.1243947858472,782.2568590937306,12,12,1.1091858624687045,0.17931918090494486,3.205610373328821,-0.14870510439439705,1.0656251340536433,253.41601220607444,-2.5609084082661256e-05,1.2161342044248762e-05,1.0,1.0,0.0,507.086324350173,0.0,1.0,170.07114930566448,0.0,0.0,1.0
frame_0694.jpg,frame_0694,694,D:\visualization2026\visualization\left_downsample2_Q13\frame_0694.jpg,D:\visualization2026\visualization\right_downsample2_Q13\frame_0694.jpg,D:\visualization2026\dowsample2_Q13\stitched_frames\frame_0694.jpg,D:\visualization2026\dowsample2_Q13_hess_matched\stitched_frames\frame_0694.jpg,2110,1494,0.0009634626895859144,-0.029996961372258213,4.143637872144534,5.140360061123326,-2.027375721546832,-41.926939150537805,6.171013593691367,47.06729921166113,47.47011758836879,3.0855067968456833,23.533649605830565,-3.0855067968456833,-23.533649605830565,0,0,47.47011758836879,1393.6087631982405,755.255609360153,1395.6361389197873,797.1825485106908,12,12,1.1091814620304126,0.1793212706022976,3.377441520347494,-0.14889985632915326,1.0657176186143837,261.0208111175695,-2.5609084082661256e-05,1.2161342044248762e-05,1.0,1.0,0.0,506.91449320315434,0.0,1.0,162.46635039416944,0.0,0.0,1.0
frame_0696.jpg,frame_0696,696,D:\visualization2026\visualization\left_downsample2_Q13\frame_0696.jpg,D:\visualization2026\visualization\right_downsample2_Q13\frame_0696.jpg,D:\visualization2026\dowsample2_Q13\stitched_frames\frame_0696.jpg,D:\visualization2026\dowsample2_Q13_hess_matched\stitched_frames\frame_0696.jpg,2110,1494,0.0009812132812438978,-0.02987823820318239,4.18090086936893,5.044442505136019,-0.8094735991371635,-50.23186453615881,4.990374468506094,55.27630704129483,55.50111672263377,2.495187234253047,27.638153520647414,-2.495187234253047,-27.638153520647414,0,0,55.50111672263377,1392.4529633150662,746.5151914599959,1393.2624369142034,796.7470559961547,12,12,1.1091965795737266,0.1793140915241815,2.7871219577548576,-0.14900496891502543,1.0657675348904136,265.1253150323863,-2.5609084082661256e-05,1.2161342044248762e-05,1.0,1.0,0.0,507.504812765747,0.0,1.0,158.36184647935258,0.0,0.0,1.0
frame_0698.jpg,frame_0698,698,D:\visualization2026\visualization\left_downsample2_Q13\frame_0698.jpg,D:\visualization2026\visualization\right_downsample2_Q13\frame_0698.jpg,D:\visualization2026\dowsample2_Q13\stitched_frames\frame_0698.jpg,D:\visualization2026\dowsample2_Q13_hess_matched\stitched_frames\frame_0698.jpg,2110,1494,0.0009530074666486144,-0.02974822071212546,4.103141225089283,5.10637757314374,-0.43382091925423083,-42.908027903003585,4.536962144343514,48.014405476147324,48.228281731024715,2.268481072171757,24.007202738073662,-2.268481072171757,-24.007202738073662,0,0,48.228281731024715,1392.5118706086241,745.2848275157751,1392.9456915278784,788.1928554187787,12,12,1.1092023853108934,0.1793113344730009,2.560415795673568,-0.14891198359113447,1.0657233776560011,261.4943642498126,-2.5609084082661256e-05,1.2161342044248762e-05,1.0,1.0,0.0,507.73151892782823,0.0,1.0,161.99279726192634,0.0,0.0,1.0
frame_0700.jpg,frame_0700,700,D:\visualization2026\visualization\left_downsample2_Q13\frame_0700.jpg,D:\visualization2026\visualization\right_downsample2_Q13\frame_0700.jpg,D:\visualization2026\dowsample2_Q13\stitched_frames\frame_0700.jpg,D:\visualization2026\dowsample2_Q13_hess_matched\stitched_frames\frame_0700.jpg,2110,1494,0.0008319104775821318,-0.029579357428150016,3.79195532202534,5.482830837903841,-0.4631852631785023,-69.18558286076029,4.255140585203842,74.66841369866414,74.78955960342796,2.127570292601921,37.33420684933207,-2.127570292601921,-37.33420684933207,0,0,74.78955960342796,1391.759360544369,736.1293061090249,1392.2225458075475,805.3148889697852,12,12,1.1092059939068957,0.17930962080881283,2.4195050161037317,-0.14925327595998966,1.0658854519114231,274.821368361071,-2.5609084082661256e-05,1.2161342044248762e-05,1.0,1.0,0.0,507.87242970739806,0.0,1.0,148.66579315066792,0.0,0.0,1.0
frame_0702.jpg,frame_0702,702,D:\visualization2026\visualization\left_downsample2_Q13\frame_0702.jpg,D:\visualization2026\visualization\right_downsample2_Q13\frame_0702.jpg,D:\visualization2026\dowsample2_Q13\stitched_frames\frame_0702.jpg,D:\visualization2026\dowsample2_Q13_hess_matched\stitched_frames\frame_0702.jpg,2110,1494,0.0001490409009192728,-0.029314561995954835,2.077181171202915,7.800841466019257,0.11379456991335246,-72.2972509252636,1.9633866012895624,80.09809239128285,80.12215231550266,0.9816933006447812,40.049046195641424,-0.9816933006447812,-40.049046195641424,0,0,80.12215231550266,1392.4931090763098,735.6024594295518,1392.3793145063964,807.8997103548154,12,12,1.109235338767131,0.17929568540677301,1.273628024146592,-0.14932280050908023,1.0659184680013087,277.53620770738036,-2.5609084082661256e-05,1.2161342044248762e-05,1.0,1.0,0.0,509.0183066993552,0.0,1.0,145.95095380435856,0.0,0.0,1.0
frame_0704.jpg,frame_0704,704,D:\visualization2026\visualization\left_downsample2_Q13\frame_0704.jpg,D:\visualization2026\visualization\right_downsample2_Q13\frame_0704.jpg,D:\visualization2026\dowsample2_Q13\stitched_frames\frame_0704.jpg,D:\visualization2026\dowsample2_Q13_hess_matched\stitched_frames\frame_0704.jpg,2116,1502,-0.0009256388435714413,-0.028997513760121107,-0.6156772595590149,11.477158813129224,-7.827582113645121,-94.70250635632362,7.211904854086106,106.17966516945285,106.42430580991125,3.605952427043053,53.08983258472642,-3.605952427043053,-53.08983258472642,0,0,106.42430580991125,1389.8552040964971,731.7391926670908,1397.6827862101422,826.4416990234145,12,12,1.1008447846204066,0.18057120334124938,4.0333123612068,-0.1545067315795433,1.0641522019481555,297.9482943936224,-2.894504496995432e-05,1.0588024132524793e-05,1.0,1.0,0.0,512.394047572957,0.0,1.0,155.91016741527358,0.0,0.0,1.0
frame_0706.jpg,frame_0706,706,D:\visualization2026\visualization\left_downsample2_Q13\frame_0706.jpg,D:\visualization2026\visualization\right_downsample2_Q13\frame_0706.jpg,D:\visualization2026\dowsample2_Q13\stitched_frames\frame_0706.jpg,D:\visualization2026\dowsample2_Q13_hess_matched\stitched_frames\frame_0706.jpg,2116,1486,-0.0015571693857518998,-0.028745566169253195,-2.201943354950263,13.618893878013884,-1.9401144403386752,-71.86028588923568,-0.26182891461158775,85.47917976724956,85.4795807667673,-0.13091445730579387,42.73958988362478,0.13091445730579387,-42.73958988362478,0,0,85.4795807667673,1394.2948755725856,718.6830110206456,1396.2349900129243,790.5432969098813,12,12,1.1190770978650866,0.1817833675649892,0.3445947433789751,-0.14683416330286353,1.075873698781856,275.642786127862,-2.3868087319742405e-05,2.0714401616072428e-05,1.0,1.0,0.0,516.1309144573058,0.0,1.0,137.26041011637523,0.0,0.0,1.0
frame_0708.jpg,frame_0708,708,D:\visualization2026\visualization\left_downsample2_Q13\frame_0708.jpg,D:\visualization2026\visualization\right_downsample2_Q13\frame_0708.jpg,D:\visualization2026\dowsample2_Q13\stitched_frames\frame_0708.jpg,D:\visualization2026\dowsample2_Q13_hess_matched\stitched_frames\frame_0708.jpg,2116,1486,-0.001140591010087122,-0.028667901871459234,-1.1697838777847052,12.136897329785743,-12.867857735522648,52.5160639033345,11.698073857737942,-40.37916657354876,42.03952931653124,5.849036928868971,-20.18958328677438,-5.849036928868971,20.18958328677438,4,0,42.03952931653124,533.2861982333048,1394.730410343292,546.1540559688275,1342.2143464399576,12,12,1.1189343678632335,0.181907238679647,6.32454612955374,-0.14533216430267326,1.074570158615437,212.71361295746283,-2.3868087319742405e-05,2.0714401616072428e-05,1.0,1.0,0.0,510.150963071131,0.0,1.0,200.1895832867744,0.0,0.0,1.0
frame_0710.jpg,frame_0710,710,D:\visualization2026\visualization\left_downsample2_Q13\frame_0710.jpg,D:\visualization2026\visualization\right_downsample2_Q13\frame_0710.jpg,D:\visualization2026\dowsample2_Q13\stitched_frames\frame_0710.jpg,D:\visualization2026\dowsample2_Q13_hess_matched\stitched_frames\frame_0710.jpg,2157,1509,-0.00022495233572172868,-0.028703735356754717,1.110923020697657,8.93811300910894,15.797734206439372,9.482160693592277,-14.686811185741716,-0.5440476844833366,14.696884387128438,-7.343405592870858,-0.2720238422416683,7.343405592870858,0.2720238422416683,3,1,14.696884387128438,605.9346777011639,1438.930894196037,590.1369434947245,1429.4487335024446,12,12,1.1228788826756466,0.22176509840306435,-6.80977638327085,-0.16539191572099213,1.1001526447316536,263.8414816957286,-2.977841707255665e-05,4.1344927205761405e-05,1.0,1.0,0.0,564.3434055928709,0.0,1.0,263.27202384224165,0.0,0.0,1.0
frame_0712.jpg,frame_0712,712,D:\visualization2026\visualization\left_downsample2_Q13\frame_0712.jpg,D:\visualization2026\visualization\right_downsample2_Q13\frame_0712.jpg,D:\visualization2026\dowsample2_Q13\stitched_frames\frame_0712.jpg,D:\visualization2026\dowsample2_Q13_hess_matched\stitched_frames\frame_0712.jpg,2166,1514,0.0002817834496050553,-0.028706269635575488,2.3721126017466996,7.162920187862547,44.00678932031269,44.170326469410156,-41.63467671856599,-37.00740628154761,55.70452786934856,-20.817338359282996,-18.503703140773805,20.817338359282996,18.503703140773805,5,1,55.70452786934856,640.5526899391563,1461.6686237340482,596.5459006188436,1417.498297264638,12,12,1.1453276447282188,0.21865058932045814,-20.608702496461216,-0.1561534588849165,1.1137718624879933,231.5285127860366,-1.791992801722143e-05,4.0585411833791786e-05,1.0,1.0,0.0,586.817338359283,0.0,1.0,278.5037031407738,0.0,0.0,1.0
frame_0714.jpg,frame_0714,714,D:\visualization2026\visualization\left_downsample2_Q13\frame_0714.jpg,D:\visualization2026\visualization\right_downsample2_Q13\frame_0714.jpg,D:\visualization2026\dowsample2_Q13\stitched_frames\frame_0714.jpg,D:\visualization2026\dowsample2_Q13_hess_matched\stitched_frames\frame_0714.jpg,2166,1514,0.00015115458230907652,-0.028249195494841617,2.020430446583042,7.490948376900421,-50.868086934149346,50.59606942651908,52.88851738073239,-43.10512104961866,68.22936854049222,26.444258690366194,-21.55256052480933,-26.444258690366194,21.55256052480933,2,1,68.22936854049222,542.8463125412113,1473.7666708880142,593.7143994753607,1423.1706014614952,12,12,1.1444807203111103,0.22056872070064087,26.652894553187974,-0.1560988235800598,1.1136481233554398,228.47965540200107,-1.791992801722143e-05,4.0585411833791786e-05,1.0,1.0,0.0,539.5557413096338,0.0,1.0,281.55256052480934,0.0,0.0,1.0
frame_0716.jpg,frame_0716,716,D:\visualization2026\visualization\left_downsample2_Q13\frame_0716.jpg,D:\visualization2026\visualization\right_downsample2_Q13\frame_0716.jpg,D:\visualization2026\dowsample2_Q13\stitched_frames\frame_0716.jpg,D:\visualization2026\dowsample2_Q13_hess_matched\stitched_frames\frame_0716.jpg,2166,1514,8.592682978025845e-05,-0.02755922899003313,1.8179471082195673,7.523646784664266,-8.243930186374882,-148.6323720408684,10.06187729459445,156.15601882553267,156.47985042851872,5.030938647297225,78.07800941276633,-5.030938647297225,-78.07800941276633,0,0,156.47985042851872,1433.749226155808,719.0039701420224,1441.9931563421828,867.6363421828908,12,12,1.1448644454648917,0.21969965228796415,5.239574510119004,-0.1578841962216559,1.1176916710675917,328.11022533957674,-1.791992801722143e-05,4.0585411833791786e-05,1.0,1.0,0.0,560.9690613527027,0.0,1.0,181.92199058723367,0.0,0.0,1.0
frame_0718.jpg,frame_0718,718,D:\visualization2026\visualization\left_downsample2_Q13\frame_0718.jpg,D:\visualization2026\visualization\right_downsample2_Q13\frame_0718.jpg,D:\visualization2026\dowsample2_Q13\stitched_frames\frame_0718.jpg,D:\visualization2026\dowsample2_Q13_hess_matched\stitched_frames\frame_0718.jpg,2170,1507,0.00019171818388774575,-0.0270620909550027,2.052278742935432,7.011738613909403,-4.853749809546343,-127.07335132669812,6.906028552481775,134.08508994060753,134.26281903322493,3.4530142762408875,67.04254497030377,-3.4530142762408875,-67.04254497030377,0,0,134.26281903322493,1440.9742681446232,708.3266014254871,1445.8280179541696,835.3999527521852,12,12,1.1588075354600056,0.21257068906703097,3.611925819423627,-0.1486375746526273,1.1151553900741216,303.42375365824694,-8.299756891973555e-06,3.573780184231858e-05,1.0,1.0,0.0,566.5469857237591,0.0,1.0,165.95745502969623,0.0,0.0,1.0
frame_0720.jpg,frame_0720,720,D:\visualization2026\visualization\left_downsample2_Q13\frame_0720.jpg,D:\visualization2026\visualization\right_downsample2_Q13\frame_0720.jpg,D:\visualization2026\dowsample2_Q13\stitched_frames\frame_0720.jpg,D:\visualization2026\dowsample2_Q13_hess_matched\stitched_frames\frame_0720.jpg,2162,1512,0.00043538941088505645,-0.026911448571604046,2.649900756511481,6.114994162575736,-14.164860539695837,-103.2451741266575,16.81476129620732,109.36016828923324,110.64530087490317,8.40738064810366,54.68008414461662,-8.40738064810366,-54.68008414461662,0,0,110.64530087490317,1423.882076334285,739.4368664044397,1438.046936873981,842.6820405310972,12,12,1.1398691006456134,0.20838422695377984,8.838812886914544,-0.155259156703946,1.1065849442167293,301.0127185548232,-1.7541679641889524e-05,3.298968295765796e-05,1.0,1.0,0.0,553.5926193518964,0.0,1.0,185.31991585538339,0.0,0.0,1.0
frame_0722.jpg,frame_0722,722,D:\visualization2026\visualization\left_downsample2_Q13\frame_0722.jpg,D:\visualization2026\visualization\right_downsample2_Q13\frame_0722.jpg,D:\visualization2026\dowsample2_Q13\stitched_frames\frame_0722.jpg,D:\visualization2026\dowsample2_Q13_hess_matched\stitched_frames\frame_0722.jpg,2169,1509,0.000499378848341947,-0.02679962181951792,2.8026332782533796,5.858985461116492,51.061185580915435,42.731930435144704,-48.25855230266205,-36.872944974028215,60.733038302117585,-24.129276151331027,-18.436472487014107,24.129276151331027,18.436472487014107,3,1,60.733038302117585,651.7491288433267,1438.3642987644087,600.6879432624113,1395.632368329264,12,12,1.159494470852361,0.20842132598260024,-23.98078708209684,-0.14741444347837804,1.1094706233871812,217.6315396796469,-6.993978308332623e-06,3.298513471648613e-05,1.0,1.0,0.0,593.129276151331,0.0,1.0,250.4364724870141,0.0,0.0,1.0
frame_0724.jpg,frame_0724,724,D:\visualization2026\visualization\left_downsample2_Q13\frame_0724.jpg,D:\visualization2026\visualization\right_downsample2_Q13\frame_0724.jpg,D:\visualization2026\dowsample2_Q13\stitched_frames\frame_0724.jpg,D:\visualization2026\dowsample2_Q13_hess_matched\stitched_frames\frame_0724.jpg,2169,1509,0.00037863682421168665,-0.026689684816223386,2.495760590895947,6.250925426054753,-15.267000546647523,-104.16761548706074,17.76276113754347,110.41854091311549,111.83814134994726,8.881380568771736,55.209270456557746,-8.881380568771736,-55.209270456557746,0,0,111.83814134994726,1428.1752893887171,721.1848775877315,1443.4422899353647,825.3524930747923,12,12,1.1592635950353167,0.2095101869415925,9.029869638005923,-0.1479295202070264,1.1118998381394707,291.27728262321875,-6.993978308332623e-06,3.298513471648613e-05,1.0,1.0,0.0,560.1186194312282,0.0,1.0,176.79072954344224,0.0,0.0,1.0
frame_0726.jpg,frame_0726,726,D:\visualization2026\visualization\left_downsample2_Q13\frame_0726.jpg,D:\visualization2026\visualization\right_downsample2_Q13\frame_0726.jpg,D:\visualization2026\dowsample2_Q13\stitched_frames\frame_0726.jpg,D:\visualization2026\dowsample2_Q13_hess_matched\stitched_frames\frame_0726.jpg,2167,1511,2.703223003741595e-05,-0.02661389752760837,1.6163604179801543,7.461645148024615,-14.336199717843783,-106.93237122804578,15.952560135823937,114.3940163760704,115.50097470383417,7.9762800679119685,57.1970081880352,-7.9762800679119685,-57.1970081880352,0,0,115.50097470383417,1427.3575285051527,722.975758853255,1441.6937282229965,829.9081300813008,12,12,1.1484448889550443,0.21480803230918286,8.442682787093329,-0.1539270946821568,1.1156679027568088,302.54311177155876,-1.5109009789798411e-05,3.880733631300488e-05,1.0,1.0,0.0,559.023719932088,0.0,1.0,183.8029918119648,0.0,0.0,1.0
frame_0728.jpg,frame_0728,728,D:\visualization2026\visualization\left_downsample2_Q13\frame_0728.jpg,D:\visualization2026\visualization\right_downsample2_Q13\frame_0728.jpg,D:\visualization2026\dowsample2_Q13\stitched_frames\frame_0728.jpg,D:\visualization2026\dowsample2_Q13_hess_matched\stitched_frames\frame_0728.jpg,2168,1510,-0.0005138983849763967,-0.026634874699193234,0.2714434821863519,9.363353100087595,-14.029926339808526,-99.09291908839668,14.301369821994879,108.45627218848428,109.39511943321811,7.150684910997439,54.22813609424214,-7.150684910997439,-54.22813609424214,0,0,109.39511943321811,1427.6704546785497,718.4260740994569,1441.7003810183583,817.5189931878535,12,12,1.1523955770170151,0.2161816408271521,6.779226508655439,-0.15281850996552956,1.1178081046398802,297.0271319306033,-1.2933132455250123e-05,3.9257865796254176e-05,1.0,1.0,0.0,560.8493150890025,0.0,1.0,184.77186390575787,0.0,0.0,1.0
frame_0730.jpg,frame_0730,730,D:\visualization2026\visualization\left_downsample2_Q13\frame_0730.jpg,D:\visualization2026\visualization\right_downsample2_Q13\frame_0730.jpg,D:\visualization2026\dowsample2_Q13\stitched_frames\frame_0730.jpg,D:\visualization2026\dowsample2_Q13_hess_matched\stitched_frames\frame_0730.jpg,2168,1510,-0.0009266995939984923,-0.026619553701189846,-0.7567285958457562,10.805711183241051,53.62656487970048,38.79102048321943,-54.38329347554624,-27.985309299978375,61.16142694429918,-27.19164673777312,-13.992654649989188,27.19164673777312,13.992654649989188,2,1,61.16142694429918,652.7941992402781,1438.133100280748,599.1676343605776,1399.3420797975286,12,12,1.1528397309410507,0.21483343418015421,-27.56310514011512,-0.1519362014426325,1.1151299019923289,228.80634118637192,-1.2933132455250123e-05,3.9257865796254176e-05,1.0,1.0,0.0,595.1916467377731,0.0,1.0,252.9926546499892,0.0,0.0,1.0
frame_0732.jpg,frame_0732,732,D:\visualization2026\visualization\left_downsample2_Q13\frame_0732.jpg,D:\visualization2026\visualization\right_downsample2_Q13\frame_0732.jpg,D:\visualization2026\dowsample2_Q13\stitched_frames\frame_0732.jpg,D:\visualization2026\dowsample2_Q13_hess_matched\stitched_frames\frame_0732.jpg,2168,1510,-0.0008293702899403455,-0.02642640260312798,-0.5257614044114953,10.409769069553326,-14.786427683817237,-104.01275522969752,14.260666279405742,114.42252429925084,115.30776500195132,7.130333139702871,57.21126214962542,-7.130333139702871,-57.21126214962542,0,0,115.30776500195132,1426.8853851816798,708.3606950627001,1441.671812865497,812.3734502923976,12,12,1.152395840229169,0.21618084186004588,6.758874737360871,-0.15285709112993454,1.1179252158022157,300.0102579859865,-1.2933132455250123e-05,3.9257865796254176e-05,1.0,1.0,0.0,560.8696668602971,0.0,1.0,181.7887378503746,0.0,0.0,1.0
frame_0734.jpg,frame_0734,734,D:\visualization2026\visualization\left_downsample2_Q13\frame_0734.jpg,D:\visualization2026\visualization\right_downsample2_Q13\frame_0734.jpg,D:\visualization2026\dowsample2_Q13\stitched_frames\frame_0734.jpg,D:\visualization2026\dowsample2_Q13_hess_matched\stitched_frames\frame_0734.jpg,2168,1510,-0.00015800354818007456,-0.026041554810246503,1.1225741112337937,7.94762068766496,-15.177524453338265,-105.295010066376,16.300098564572057,113.24263075404096,114.4097313750488,8.150049282286028,56.62131537702048,-8.150049282286028,-56.62131537702048,0,0,114.4097313750488,1425.864156294662,702.165167921683,1441.0416807480003,807.460177988059,12,12,1.1523826521052303,0.2162208737395217,7.778590879944028,-0.1528494612701829,1.1179020557509898,299.4203112133816,-1.2933132455250123e-05,3.9257865796254176e-05,1.0,1.0,0.0,559.849950717714,0.0,1.0,182.3786846229795,0.0,0.0,1.0
frame_0736.jpg,frame_0736,736,D:\visualization2026\visualization\left_downsample2_Q13\frame_0736.jpg,D:\visualization2026\visualization\right_downsample2_Q13\frame_0736.jpg,D:\visualization2026\dowsample2_Q13\stitched_frames\frame_0736.jpg,D:\visualization2026\dowsample2_Q13_hess_matched\stitched_frames\frame_0736.jpg,2168,1510,0.0005056445487635619,-0.02559910213207417,2.7483483700093387,5.496167626038769,-14.540069665368492,-103.64319748562855,17.28841803537783,109.13936511166732,110.50018287380253,8.644209017688915,54.56968255583366,-8.644209017688915,-54.56968255583366,0,0,110.50018287380253,1425.3938684597767,693.3871584110916,1439.9339381251452,797.0303558967202,12,12,1.1523762610719182,0.21624027339609606,8.272750615346915,-0.15282292723115695,1.1178215130250324,297.3686783921948,-1.2933132455250123e-05,3.9257865796254176e-05,1.0,1.0,0.0,559.3557909823111,0.0,1.0,184.43031744416635,0.0,0.0,1.0
frame_0738.jpg,frame_0738,738,D:\visualization2026\visualization\left_downsample2_Q13\frame_0738.jpg,D:\visualization2026\visualization\right_downsample2_Q13\frame_0738.jpg,D:\visualization2026\dowsample2_Q13\stitched_frames\frame_0738.jpg,D:\visualization2026\dowsample2_Q13_hess_matched\stitched_frames\frame_0738.jpg,2168,1510,0.0006920416366742455,-0.02515977987074358,3.1866373825286516,4.718183037103424,-19.87243225848556,-87.50114038090953,23.05906964101421,92.21932341801296,95.05853093954912,11.529534820507106,46.10966170900648,-11.529534820507106,-46.10966170900648,0,0,95.05853093954912,1419.6181994031324,705.676128776501,1439.490631661618,793.1772691574105,12,12,1.1523389447711339,0.21635354512924157,11.158076418165106,-0.15271351266097075,1.1174893906619943,288.9086575453676,-1.2933132455250123e-05,3.9257865796254176e-05,1.0,1.0,0.0,556.4704651794929,0.0,1.0,192.89033829099353,0.0,0.0,1.0
frame_0740.jpg,frame_0740,740,D:\visualization2026\visualization\left_downsample2_Q13\frame_0740.jpg,D:\visualization2026\visualization\right_downsample2_Q13\frame_0740.jpg,D:\visualization2026\dowsample2_Q13\stitched_frames\frame_0740.jpg,D:\visualization2026\dowsample2_Q13_hess_matched\stitched_frames\frame_0740.jpg,2168,1510,0.0006876275060444526,-0.024590755839954515,3.142531931177801,4.572092025483992,-17.02044016413629,-103.56867662935656,20.16297209531409,108.14076865484056,110.00441486129618,10.081486047657044,54.07038432742028,-10.081486047657044,-54.07038432742028,0,0,110.00441486129618,1418.945718888317,706.0318873864359,1435.9661590524533,809.6005640157924,12,12,1.1523576725777147,0.2162966978248506,9.710027645315044,-0.15281646974103422,1.1178019116421891,296.8693801637814,-1.2933132455250123e-05,3.9257865796254176e-05,1.0,1.0,0.0,557.918513952343,0.0,1.0,184.92961567257973,0.0,0.0,1.0
frame_0742.jpg,frame_0742,742,D:\visualization2026\visualization\left_downsample2_Q13\frame_0742.jpg,D:\visualization2026\visualization\right_downsample2_Q13\frame_0742.jpg,D:\visualization2026\dowsample2_Q13\stitched_frames\frame_0742.jpg,D:\visualization2026\dowsample2_Q13_hess_matched\stitched_frames\frame_0742.jpg,2168,1510,0.0006641094693761174,-0.02414084012568879,3.0578180973636693,4.526770765266285,-12.348759310103787,-89.86747334221877,15.406577407467456,94.39424410748506,95.64327445270663,7.703288703733728,47.19712205374253,-7.703288703733728,-47.19712205374253,0,0,95.64327445270663,1419.8470296817716,711.9030953727371,1432.1957889918754,801.7705687149559,12,12,1.1523884301189684,0.21620333487268584,7.331830301391728,-0.15272757692964906,1.1175320820342667,289.9961178901036,-1.2933132455250123e-05,3.9257865796254176e-05,1.0,1.0,0.0,560.2967112962663,0.0,1.0,191.80287794625747,0.0,0.0,1.0
frame_0744.jpg,frame_0744,744,D:\visualization2026\visualization\left_downsample2_Q13\frame_0744.jpg,D:\visualization2026\visualization\right_downsample2_Q13\frame_0744.jpg,D:\visualization2026\dowsample2_Q13\stitched_frames\frame_0744.jpg,D:\visualization2026\dowsample2_Q13_hess_matched\stitched_frames\frame_0744.jpg,2168,1510,0.0007342051822036844,-0.0240424927869054,3.2265310307326267,4.253189095715771,-12.184223730226677,-105.99838930738463,15.410754760959303,110.2515784031004,111.32341129644485,7.705377380479652,55.1257892015502,-7.705377380479652,-55.1257892015502,0,0,111.32341129644485,1422.3601898714387,712.2800053259718,1434.5444136016654,818.2783946333565,12,12,1.1523884031058353,0.21620341686967723,7.3339189781376515,-0.15283011943206526,1.1178433445850984,297.9247850379113,-1.2933132455250123e-05,3.9257865796254176e-05,1.0,1.0,0.0,560.2946226195204,0.0,1.0,183.8742107984498,0.0,0.0,1.0
frame_0746.jpg,frame_0746,746,D:\visualization2026\visualization\left_downsample2_Q13\frame_0746.jpg,D:\visualization2026\visualization\right_downsample2_Q13\frame_0746.jpg,D:\visualization2026\dowsample2_Q13\stitched_frames\frame_0746.jpg,D:\visualization2026\dowsample2_Q13_hess_matched\stitched_frames\frame_0746.jpg,2140,1510,0.0008657990114125935,-0.024115212895041205,3.5582428315341668,3.812650911903306,1.4469627919959294,-89.31579007261769,2.1112800395382374,93.12844098452099,93.15236993019964,1.0556400197691187,46.564220492260496,-1.0556400197691187,-46.564220492260496,0,0,93.15236993019964,1405.0127900887649,714.5857851832176,1403.565827296769,803.9015752558353,12,12,1.122618936192679,0.19963137954632074,1.10876205060011,-0.1642239730241067,1.0961052897411703,306.78019213591506,-2.671243188717756e-05,3.500399052617625e-05,1.0,1.0,0.0,538.9443599802308,0.0,1.0,185.4357795077395,0.0,0.0,1.0
frame_0748.jpg,frame_0748,748,D:\visualization2026\visualization\left_downsample2_Q13\frame_0748.jpg,D:\visualization2026\visualization\right_downsample2_Q13\frame_0748.jpg,D:\visualization2026\dowsample2_Q13\stitched_frames\frame_0748.jpg,D:\visualization2026\dowsample2_Q13_hess_matched\stitched_frames\frame_0748.jpg,2140,1510,0.0010016911936571171,-0.024158317780743954,3.898927554629473,3.3486401306072215,1.1655637116025446,-92.9953481228772,2.7333638430269285,96.34398825348443,96.38275442466828,1.3666819215134642,48.17199412674221,-1.3666819215134642,-48.17199412674221,0,0,96.38275442466828,1404.3406102665374,709.8788371657633,1403.1750465549349,802.8741852886405,12,12,1.1226106275070646,0.19964226725410264,1.4198039523444554,-0.1642669205678078,1.0961615682342398,308.38796577039676,-2.671243188717756e-05,3.500399052617625e-05,1.0,1.0,0.0,538.6333180784866,0.0,1.0,183.82800587325778,0.0,0.0,1.0
frame_0750.jpg,frame_0750,750,D:\visualization2026\visualization\left_downsample2_Q13\frame_0750.jpg,D:\visualization2026\visualization\right_downsample2_Q13\frame_0750.jpg,D:\visualization2026\dowsample2_Q13\stitched_frames\frame_0750.jpg,D:\visualization2026\dowsample2_Q13_hess_matched\stitched_frames\frame_0750.jpg,2140,1510,0.0010691140788020581,-0.02401710944102836,4.05849422933804,3.072256324459218,1.1858643610778472,-95.15836589161711,2.8726298682601925,98.23062221607633,98.27261644688987,1.4363149341300963,49.11531110803816,-1.4363149341300963,-49.11531110803816,0,0,98.27261644688987,1404.0786581132966,704.0262276476091,1402.8927937522187,799.1845935392262,12,12,1.122608767439958,0.1996447046874166,1.4894369649610875,-0.16429211885841868,1.0961945880929163,309.3312827516927,-2.671243188717756e-05,3.500399052617625e-05,1.0,1.0,0.0,538.5636850658699,0.0,1.0,182.88468889196184,0.0,0.0,1.0
frame_0752.jpg,frame_0752,752,D:\visualization2026\visualization\left_downsample2_Q13\frame_0752.jpg,D:\visualization2026\visualization\right_downsample2_Q13\frame_0752.jpg,D:\visualization2026\dowsample2_Q13\stitched_frames\frame_0752.jpg,D:\visualization2026\dowsample2_Q13_hess_matched\stitched_frames\frame_0752.jpg,2140,1510,0.0009447546514343985,-0.023770551122986316,3.7346672360979603,3.4380835146906903,1.0082513390589156,-94.83529581126288,2.7264158970390446,98.27337932595357,98.31119177279047,1.3632079485195223,49.136689662976785,-1.3632079485195223,-49.136689662976785,0,0,98.31119177279047,1403.6269664228578,698.999317782778,1402.6187150837989,793.8346135940409,12,12,1.1226107203053317,0.19964214565118488,1.4163299793505135,-0.16429268993161134,1.0961953364276509,309.3526613066313,-2.671243188717756e-05,3.500399052617625e-05,1.0,1.0,0.0,538.6367920514805,0.0,1.0,182.86331033702322,0.0,0.0,1.0
frame_0754.jpg,frame_0754,754,D:\visualization2026\visualization\left_downsample2_Q13\frame_0754.jpg,D:\visualization2026\visualization\right_downsample2_Q13\frame_0754.jpg,D:\visualization2026\dowsample2_Q13\stitched_frames\frame_0754.jpg,D:\visualization2026\dowsample2_Q13_hess_matched\stitched_frames\frame_0754.jpg,2140,1510,0.0007790215782980114,-0.023509722365332775,3.307048844785273,3.944857533278555,1.8775624092643284,-94.27189653727646,1.4294864355209445,98.21675407055501,98.227156182113,0.7147432177604722,49.108377035277506,-0.7147432177604722,-49.108377035277506,0,0,98.227156182113,1403.5310324222253,694.8406285010174,1401.653470012961,789.1125250382938,12,12,1.1226280423752835,0.19961944679789284,0.7678652485914634,-0.16429193363247238,1.096194345372699,309.32434867893204,-2.671243188717756e-05,3.500399052617625e-05,1.0,1.0,0.0,539.2852567822396,0.0,1.0,182.8916229647225,0.0,0.0,1.0
frame_0756.jpg,frame_0756,756,D:\visualization2026\visualization\left_downsample2_Q13\frame_0756.jpg,D:\visualization2026\visualization\right_downsample2_Q13\frame_0756.jpg,D:\visualization2026\dowsample2_Q13\stitched_frames\frame_0756.jpg,D:\visualization2026\dowsample2_Q13_hess_matched\stitched_frames\frame_0756.jpg,2145,1514,0.0007607837786425264,-0.023287593970750087,3.2487337878784444,3.945705877173336,-7.488080674457024,-79.14399997820715,10.736814462335468,83.08970585538049,83.78053714277718,5.368407231167734,41.54485292769024,-5.368407231167734,-41.54485292769024,0,0,83.78053714277718,1399.0261846607784,679.5667703498956,1406.5142653352355,758.7107703281027,12,12,1.1268770773798953,0.1841218533337585,5.033685272822422,-0.15603552433625678,1.08205862880506,290.32891705951727,-1.8478123021486537e-05,1.7580187863747485e-05,1.0,1.0,0.0,539.6315927688323,0.0,1.0,170.45514707230976,0.0,0.0,1.0
frame_0758.jpg,frame_0758,758,D:\visualization2026\visualization\left_downsample2_Q13\frame_0758.jpg,D:\visualization2026\visualization\right_downsample2_Q13\frame_0758.jpg,D:\visualization2026\dowsample2_Q13\stitched_frames\frame_0758.jpg,D:\visualization2026\dowsample2_Q13_hess_matched\stitched_frames\frame_0758.jpg,2145,1514,0.0009012149659634039,-0.02308844396282228,3.5866134007352506,3.3970051338311675,16.974825077963715,-68.54999999621032,-13.388211677228464,71.94700513004149,73.18207266193335,-6.694105838614232,35.973502565020745,6.694105838614232,-35.973502565020745,0,0,73.18207266193335,1422.7746661315512,685.5064259801748,1405.7998410535874,754.0564259763851,12,12,1.127099969980347,0.18390979208788283,-7.028827796959544,-0.15593257623885956,1.0819606834190294,284.7575666968478,-1.8478123021486537e-05,1.7580187863747485e-05,1.0,1.0,0.0,551.6941058386142,0.0,1.0,176.02649743497926,0.0,0.0,1.0
frame_0760.jpg,frame_0760,760,D:\visualization2026\visualization\left_downsample2_Q13\frame_0760.jpg,D:\visualization2026\visualization\right_downsample2_Q13\frame_0760.jpg,D:\visualization2026\dowsample2_Q13\stitched_frames\frame_0760.jpg,D:\visualization2026\dowsample2_Q13_hess_matched\stitched_frames\frame_0760.jpg,2148,1524,0.0010280485339790868,-0.022897953934342685,3.891158594043609,2.8984175667649565,7.529932343870996,-51.125921934006215,-3.6387737498273873,54.02433950077117,54.14674443488747,-1.8193868749136937,27.012169750385585,1.8193868749136937,-27.012169750385585,0,0,54.14674443488747,1415.929510683862,703.3290270229401,1408.399578339991,754.4549489569463,12,12,1.1254366121718813,0.17792322377186395,-1.3856508531390728,-0.15945036355310482,1.084013359975881,280.7858201927345,-2.0685400933960683e-05,1.6451632049974003e-05,1.0,1.0,0.0,549.8193868749137,0.0,1.0,189.9878302496144,0.0,0.0,1.0
frame_0762.jpg,frame_0762,762,D:\visualization2026\visualization\left_downsample2_Q13\frame_0762.jpg,D:\visualization2026\visualization\right_downsample2_Q13\frame_0762.jpg,D:\visualization2026\dowsample2_Q13\stitched_frames\frame_0762.jpg,D:\visualization2026\dowsample2_Q13_hess_matched\stitched_frames\frame_0762.jpg,2126,1524,0.0009640257296469334,-0.022733015686441094,3.7222336471279664,3.0759623731395656,17.580736978260575,-47.55473297219419,-13.858503331132608,50.630695345333756,52.49309883909517,-6.929251665566304,25.315347672666878,6.929251665566304,-25.315347672666878,0,0,52.49309883909517,1401.7476297869443,702.006664585472,1384.1668928086838,749.5613975576662,12,12,1.0946354824998417,0.14302916813385608,-6.55207086465247,-0.15995252388645306,1.0434173408787983,279.4358223282472,-3.359895774142932e-05,-9.496024917091931e-06,1.0,1.0,0.0,532.9292516655663,0.0,1.0,168.6846523273331,0.0,0.0,1.0
frame_0764.jpg,frame_0764,764,D:\visualization2026\visualization\left_downsample2_Q13\frame_0764.jpg,D:\visualization2026\visualization\right_downsample2_Q13\frame_0764.jpg,D:\visualization2026\dowsample2_Q13\stitched_frames\frame_0764.jpg,D:\visualization2026\dowsample2_Q13_hess_matched\stitched_frames\frame_0764.jpg,2141,1503,0.0007002347943978471,-0.02271471446979184,3.0647090107631767,3.995251084306252,12.97660899412358,-30.04325335308158,-9.911899983360403,34.038504437387836,35.45229958146878,-4.9559499916802014,17.019252218693918,4.9559499916802014,-17.019252218693918,0,0,35.45229958146878,1411.4690581077152,681.0747155679077,1398.4924491135916,711.1179689209893,12,12,1.1390336206646892,0.15392457617416916,-5.171014605797952,-0.14437546059074668,1.0682280793075005,247.62232905255863,-1.2210651943955593e-05,5.446883772555966e-06,1.0,1.0,0.0,545.9559499916802,0.0,1.0,142.9807477813061,0.0,0.0,1.0
frame_0766.jpg,frame_0766,766,D:\visualization2026\visualization\left_downsample2_Q13\frame_0766.jpg,D:\visualization2026\visualization\right_downsample2_Q13\frame_0766.jpg,D:\visualization2026\dowsample2_Q13\stitched_frames\frame_0766.jpg,D:\visualization2026\dowsample2_Q13_hess_matched\stitched_frames\frame_0766.jpg,2141,1486,0.00043487836719557915,-0.022740597831211518,2.405860363309428,4.932571396607154,7.07386531154043,-33.526773655539046,-4.668004948231003,38.4593450521462,38.741598986577095,-2.3340024741155014,19.2296725260731,2.3340024741155014,-19.2296725260731,0,0,38.741598986577095,1405.127967703671,675.5565037868932,1398.0541023921305,709.0832774424323,12,12,1.1297157267051507,0.16028274017115987,-2.0063945821378377,-0.14739925353331815,1.064982907419245,254.181020637286,-1.7152099545472188e-05,1.4980044989103362e-05,1.0,1.0,0.0,543.3340024741156,0.0,1.0,143.7703274739269,0.0,0.0,1.0
frame_0768.jpg,frame_0768,768,D:\visualization2026\visualization\left_downsample2_Q13\frame_0768.jpg,D:\visualization2026\visualization\right_downsample2_Q13\frame_0768.jpg,D:\visualization2026\dowsample2_Q13\stitched_frames\frame_0768.jpg,D:\visualization2026\dowsample2_Q13_hess_matched\stitched_frames\frame_0768.jpg,2141,1505,0.0003702908147875661,-0.022632389047110624,2.238832003723251,5.128202406663587,6.4613090187369835,-43.66955827995719,-4.222477015013732,48.79776068662078,48.98010575908378,-2.111238507506866,24.39888034331039,2.111238507506866,-24.39888034331039,0,0,48.98010575908378,1404.5627288970331,672.7123439062046,1398.1014198782962,716.3819021861618,12,12,1.1322620795664238,0.15509791142263904,-2.180819628792503,-0.14535345642303465,1.070800607460976,256.32428356694845,-1.3079352535706156e-05,6.679228312146071e-06,1.0,1.0,0.0,543.1112385075069,0.0,1.0,150.6011196566896,0.0,0.0,1.0
frame_0770.jpg,frame_0770,770,D:\visualization2026\visualization\left_downsample2_Q13\frame_0770.jpg,D:\visualization2026\visualization\right_downsample2_Q13\frame_0770.jpg,D:\visualization2026\dowsample2_Q13\stitched_frames\frame_0770.jpg,D:\visualization2026\dowsample2_Q13_hess_matched\stitched_frames\frame_0770.jpg,2153,1503,0.0005119968020929067,-0.02210950680447099,2.561040866355947,4.483117922628156,8.106249055249464,-42.168416289294555,-5.5452081888935165,46.65153421192271,46.979942296520186,-2.7726040944467583,23.325767105961354,2.7726040944467583,-23.325767105961354,0,0,46.979942296520186,1418.2071389448174,669.669473707489,1410.100889889568,711.8378899967836,12,12,1.1509146946803313,0.16589709907702474,-2.8498739783151974,-0.1430026647278059,1.0865469151281164,251.8452055339864,-9.412542435578375e-06,1.5801366806592214e-05,1.0,1.0,0.0,555.7726040944467,0.0,1.0,152.67423289403865,0.0,0.0,1.0
frame_0772.jpg,frame_0772,772,D:\visualization2026\visualization\left_downsample2_Q13\frame_0772.jpg,D:\visualization2026\visualization\right_downsample2_Q13\frame_0772.jpg,D:\visualization2026\dowsample2_Q13\stitched_frames\frame_0772.jpg,D:\visualization2026\dowsample2_Q13_hess_matched\stitched_frames\frame_0772.jpg,2141,1503,0.0007550195597862963,-0.0214449973190326,3.1271389656570374,3.442745774238236,7.450922263272787,-40.78844761461869,-4.3237832976157495,44.23119338885692,44.442024825689494,-2.1618916488078748,22.11559669442846,2.1618916488078748,-22.11559669442846,0,0,44.442024825689494,1404.1378185014817,665.9061767745164,1396.6868962382089,706.6946243891351,12,12,1.130146464343999,0.157511331001368,-2.1039014197541173,-0.14641487828630992,1.0746986613612806,255.94591990435836,-1.6446767925054483e-05,1.1278720409638526e-05,1.0,1.0,0.0,543.1618916488079,0.0,1.0,155.88440330557154,0.0,0.0,1.0
frame_0774.jpg,frame_0774,774,D:\visualization2026\visualization\left_downsample2_Q13\frame_0774.jpg,D:\visualization2026\visualization\right_downsample2_Q13\frame_0774.jpg,D:\visualization2026\dowsample2_Q13\stitched_frames\frame_0774.jpg,D:\visualization2026\dowsample2_Q13_hess_matched\stitched_frames\frame_0774.jpg,2164,1498,0.0010175751502721209,-0.021078834973074445,3.7592112786268137,2.4186271912794775,5.181105693797463,-56.58036595712588,-1.421894415170649,58.998993148405354,59.01612471395826,-0.7109472075853245,29.499496574202677,0.7109472075853245,-29.499496574202677,0,0,59.01612471395826,1422.3309438814997,651.7793967181707,1417.1498381877022,708.3597626752966,12,12,1.1633209139059888,0.17144554736172285,-0.22189714500411073,-0.1372363558807518,1.09864394751848,248.53197399397015,-4.096883505395278e-06,2.1404925646340905e-05,1.0,1.0,0.0,564.7109472075854,0.0,1.0,155.50050342579732,0.0,0.0,1.0
frame_0776.jpg,frame_0776,776,D:\visualization2026\visualization\left_downsample2_Q13\frame_0776.jpg,D:\visualization2026\visualization\right_downsample2_Q13\frame_0776.jpg,D:\visualization2026\dowsample2_Q13\stitched_frames\frame_0776.jpg,D:\visualization2026\dowsample2_Q13_hess_matched\stitched_frames\frame_0776.jpg,2160,1502,0.0012245313741605646,-0.021103655302163626,4.275678814883651,1.7003730445486567,0.4462505153744587,-94.17830003615143,3.8294282995091926,95.87867308070008,95.95511697047138,1.9147141497545963,47.93933654035004,-1.9147141497545963,-47.93933654035004,0,0,95.95511697047138,1413.219244644533,656.0376164674364,1412.7729941291586,750.2159165035878,12,12,1.1488949955508447,0.16921831931477016,1.5346582750623075,-0.14139434316875624,1.0960876341109733,273.42186384320746,-1.0106501406737866e-05,2.058901335208061e-05,1.0,1.0,0.0,558.0852858502454,0.0,1.0,158.06066345964996,0.0,0.0,1.0
frame_0778.jpg,frame_0778,778,D:\visualization2026\visualization\left_downsample2_Q13\frame_0778.jpg,D:\visualization2026\visualization\right_downsample2_Q13\frame_0778.jpg,D:\visualization2026\dowsample2_Q13\stitched_frames\frame_0778.jpg,D:\visualization2026\dowsample2_Q13_hess_matched\stitched_frames\frame_0778.jpg,2173,1505,0.001223348739670338,-0.021207908523555474,4.278803924094346,1.734117940051042,-5.426003028094556,-107.32206045900466,9.704806952188902,109.0561783990557,109.48713771482893,4.852403476094451,54.52808919952785,-4.852403476094451,-54.52808919952785,0,0,109.48713771482893,1420.1953842551425,659.4221056724447,1425.621387283237,766.7441661314493,12,12,1.1485346519868112,0.18109840600622296,5.068545292918457,-0.14693218538950703,1.106932121133527,287.9089923288672,-1.4901845790598583e-05,3.0071328438212913e-05,1.0,1.0,0.0,568.1475965239056,0.0,1.0,173.47191080047216,0.0,0.0,1.0
frame_0780.jpg,frame_0780,780,D:\visualization2026\visualization\left_downsample2_Q13\frame_0780.jpg,D:\visualization2026\visualization\right_downsample2_Q13\frame_0780.jpg,D:\visualization2026\dowsample2_Q13\stitched_frames\frame_0780.jpg,D:\visualization2026\dowsample2_Q13_hess_matched\stitched_frames\frame_0780.jpg,2203,1506,0.0008300914779583168,-0.021087733391508046,3.2931649766025264,3.0782112336119574,-17.50772734407019,-121.39379623681259,20.800892320672716,124.47200747042454,126.19808938749289,10.400446160336358,62.23600373521227,-10.400446160336358,-62.23600373521227,0,0,126.19808938749289,1438.0097183438825,648.1960655143395,1455.5174456879527,769.5898617511521,12,12,1.1832720870556737,0.1908321940370559,10.572808054857504,-0.13811018681897982,1.125390870705766,282.65107499896203,-7.332112716234051e-07,3.476430595842461e-05,1.0,1.0,0.0,592.5995538396636,0.0,1.0,173.76399626478772,0.0,0.0,1.0
frame_0782.jpg,frame_0782,782,D:\visualization2026\visualization\left_downsample2_Q13\frame_0782.jpg,D:\visualization2026\visualization\right_downsample2_Q13\frame_0782.jpg,D:\visualization2026\dowsample2_Q13\stitched_frames\frame_0782.jpg,D:\visualization2026\dowsample2_Q13_hess_matched\stitched_frames\frame_0782.jpg,2206,1498,-0.000347443302993411,-0.020417019421644367,0.32376020878200623,7.01458062122703,4.502492650505474,-89.29698416064116,-4.178732441723468,96.31156478186819,96.40217484865943,-2.089366220861734,48.15578239093409,2.089366220861734,-48.15578239093409,0,0,96.40217484865943,1462.213178455928,645.1634092471206,1457.7106858054226,734.4603934077618,12,12,1.1962813991067853,0.17913029252504667,-2.211553781479551,-0.1276864484527709,1.1203830553417475,253.34594136314755,8.153103353453466e-06,2.7957634496495417e-05,1.0,1.0,0.0,608.0893662208617,0.0,1.0,161.8442176090659,0.0,0.0,1.0
frame_0784.jpg,frame_0784,784,D:\visualization2026\visualization\left_downsample2_Q13\frame_0784.jpg,D:\visualization2026\visualization\right_downsample2_Q13\frame_0784.jpg,D:\visualization2026\dowsample2_Q13\stitched_frames\frame_0784.jpg,D:\visualization2026\dowsample2_Q13_hess_matched\stitched_frames\frame_0784.jpg,2207,1499,-0.0018090309422833517,-0.01937067771205153,-3.3743907488477576,11.839794541358497,-11.524770621876087,-67.76209507160559,8.15037987302833,79.60188961296409,80.01805747472994,4.075189936514165,39.80094480648204,-4.075189936514165,-39.80094480648204,0,0,80.01805747472994,1447.1690393748138,663.0888372907468,1458.6938099966899,730.8509323623524,12,12,1.2019813302766793,0.1757109263215168,4.009304954776611,-0.12466973508290274,1.1193194723664035,239.66501516831264,1.2771763199608478e-05,2.3910759473314343e-05,1.0,1.0,0.0,602.9248100634858,0.0,1.0,166.19905519351795,0.0,0.0,1.0
frame_0786.jpg,frame_0786,786,D:\visualization2026\visualization\left_downsample2_Q13\frame_0786.jpg,D:\visualization2026\visualization\right_downsample2_Q13\frame_0786.jpg,D:\visualization2026\dowsample2_Q13\stitched_frames\frame_0786.jpg,D:\visualization2026\dowsample2_Q13_hess_matched\stitched_frames\frame_0786.jpg,2203,1501,-0.002618906450307379,-0.01831840207343044,-5.451062786564477,14.379325436704386,-8.318523825995726,-62.91455373779604,2.867461039431249,77.29387917450043,77.34704965708083,1.4337305197156245,38.646939587250216,-1.4337305197156245,-38.646939587250216,0,0,77.34704965708083,1445.6707335790938,668.5261012476024,1453.9892574050896,731.4406549853984,12,12,1.1860477907912115,0.1818602047697653,1.4437290125381712,-0.13335860360378485,1.121265671038901,252.01816694964052,1.367087151260096e-06,3.150055848819272e-05,1.0,1.0,0.0,601.5662694802844,0.0,1.0,178.35306041274978,0.0,0.0,1.0
frame_0788.jpg,frame_0788,788,D:\visualization2026\visualization\left_downsample2_Q13\frame_0788.jpg,D:\visualization2026\visualization\right_downsample2_Q13\frame_0788.jpg,D:\visualization2026\dowsample2_Q13\stitched_frames\frame_0788.jpg,D:\visualization2026\dowsample2_Q13_hess_matched\stitched_frames\frame_0788.jpg,2207,1500,-0.001980853886263456,-0.01784863874560877,-3.8905741744909723,12.009820580811452,-5.5064511960631535,-66.30924996815031,1.6158770215721812,78.31907054896176,78.3357381416815,0.8079385107860906,39.15953527448088,-0.8079385107860906,-39.15953527448088,0,0,78.3357381416815,1448.4539037006125,660.7223088818047,1453.9603548966757,727.031558849955,12,12,1.1982380888156754,0.18278285996576685,0.47379981726665554,-0.12934869915696853,1.1275869716156997,246.87962682215422,7.27228472478538e-06,3.286459284388856e-05,1.0,1.0,0.0,606.1920614892139,0.0,1.0,174.84046472551913,0.0,0.0,1.0
frame_0790.jpg,frame_0790,790,D:\visualization2026\visualization\left_downsample2_Q13\frame_0790.jpg,D:\visualization2026\visualization\right_downsample2_Q13\frame_0790.jpg,D:\visualization2026\dowsample2_Q13\stitched_frames\frame_0790.jpg,D:\visualization2026\dowsample2_Q13_hess_matched\stitched_frames\frame_0790.jpg,2219,1502,-0.0005333636594466729,-0.01791800147450623,-0.2843715245292534,6.956622699672355,-18.533223781841343,-106.50317064017827,18.24885225731209,113.45979333985062,114.91799386271418,9.124426128656046,56.72989666992531,-9.124426128656046,-56.72989666992531,0,0,114.91799386271418,1454.02623858375,662.9765067791766,1472.5594623655913,769.4796774193549,12,12,1.19640631062147,0.1932764729815793,9.533047429272392,-0.13167934391503022,1.140415368584497,267.206304945624,2.1418078423049906e-06,4.1277176815210346e-05,1.0,1.0,0.0,609.8755738713439,0.0,1.0,180.27010333007468,0.0,0.0,1.0
frame_0792.jpg,frame_0792,792,D:\visualization2026\visualization\left_downsample2_Q13\frame_0792.jpg,D:\visualization2026\visualization\right_downsample2_Q13\frame_0792.jpg,D:\visualization2026\dowsample2_Q13\stitched_frames\frame_0792.jpg,D:\visualization2026\dowsample2_Q13_hess_matched\stitched_frames\frame_0792.jpg,2221,1498,0.0005635897257912914,-0.018035598906854244,2.4523069450288926,3.145615573989455,-15.628788613250663,-113.0376460592297,18.081095558279557,116.18326163321916,117.58178558059362,9.040547779139779,58.09163081660958,-9.040547779139779,-58.09163081660958,0,0,117.58178558059362,1454.5713829317262,651.975863107705,1470.200171544977,765.0135091669347,12,12,1.2052688029741083,0.1895756370353821,9.461650544953322,-0.12630434869764995,1.1380784163050919,260.6689802850213,8.194831426516805e-06,3.745435751220828e-05,1.0,1.0,0.0,611.9594522208603,0.0,1.0,171.90836918339042,0.0,0.0,1.0
frame_0794.jpg,frame_0794,794,D:\visualization2026\visualization\left_downsample2_Q13\frame_0794.jpg,D:\visualization2026\visualization\right_downsample2_Q13\frame_0794.jpg,D:\visualization2026\dowsample2_Q13\stitched_frames\frame_0794.jpg,D:\visualization2026\dowsample2_Q13_hess_matched\stitched_frames\frame_0794.jpg,2221,1501,0.0017698774091309266,-0.018084323164710148,5.457061469632062,-1.0681207550563667,-15.839587027869811,-107.27905076776881,21.296648497501874,106.21093001271244,108.32501507681155,10.648324248750937,53.10546500635622,-10.648324248750937,-53.10546500635622,0,0,108.32501507681155,1455.0448415898059,649.4645555773267,1470.8844286176757,756.7436063450955,12,12,1.210680459912851,0.18539211796888494,10.296261559509999,-0.12649626119367782,1.1438050197872354,256.7098936856491,9.038967229210743e-06,4.006683464546927e-05,1.0,1.0,0.0,610.3516757512491,0.0,1.0,160.8945349936438,0.0,0.0,1.0
frame_0796.jpg,frame_0796,796,D:\visualization2026\visualization\left_downsample2_Q13\frame_0796.jpg,D:\visualization2026\visualization\right_downsample2_Q13\frame_0796.jpg,D:\visualization2026\dowsample2_Q13\stitched_frames\frame_0796.jpg,D:\visualization2026\dowsample2_Q13_hess_matched\stitched_frames\frame_0796.jpg,2219,1499,0.0035229048231067983,-0.018187741233866184,9.825593765867321,-7.182438758962798,-12.015759039600198,-94.50936888413798,21.84135280546752,87.32693012517518,90.01687295979644,10.92067640273376,43.66346506258759,-10.92067640273376,-43.66346506258759,0,0,90.01687295979644,1457.2448020697193,656.3770118532585,1469.2605611093195,750.8863807373965,12,12,1.210899541744428,0.17955767741709666,10.725801834464049,-0.1227979920208261,1.1379819375781206,240.64077078005727,1.2256561329447731e-05,3.4445223462870624e-05,1.0,1.0,0.0,608.0793235972662,0.0,1.0,164.3365349374124,0.0,0.0,1.0
frame_0798.jpg,frame_0798,798,D:\visualization2026\visualization\left_downsample2_Q13\frame_0798.jpg,D:\visualization2026\visualization\right_downsample2_Q13\frame_0798.jpg,D:\visualization2026\dowsample2_Q13\stitched_frames\frame_0798.jpg,D:\visualization2026\dowsample2_Q13_hess_matched\stitched_frames\frame_0798.jpg,2215,1499,0.004366646515670092,-0.018167261192711837,11.924102972502546,-10.145240931833646,-11.900427602109403,-82.61586833149829,23.82453057461195,72.47062739966465,76.28630344171648,11.912265287305974,36.235313699832325,-11.912265287305974,-36.235313699832325,0,0,76.28630344171648,1452.5675978481224,659.9728300401182,1464.4680254502318,742.5886983716165,12,12,1.2036658739569517,0.17132951973599003,12.46789475473118,-0.1223859961670395,1.1252334247552136,232.89250967020666,1.128512915502895e-05,2.609521401991684e-05,1.0,1.0,0.0,603.087734712694,0.0,1.0,168.76468630016768,0.0,0.0,1.0
frame_0800.jpg,frame_0800,800,D:\visualization2026\visualization\left_downsample2_Q13\frame_0800.jpg,D:\visualization2026\visualization\right_downsample2_Q13\frame_0800.jpg,D:\visualization2026\dowsample2_Q13\stitched_frames\frame_0800.jpg,D:\visualization2026\dowsample2_Q13_hess_matched\stitched_frames\frame_0800.jpg,2215,1499,0.0035533210852339847,-0.017862324937958696,9.882345250894623,-7.381430169844734,-7.76825247793704,-86.23203478547396,17.650597728831663,78.85060461562922,80.80198913662538,8.825298864415831,39.42530230781461,-8.825298864415831,-39.42530230781461,0,0,80.80198913662538,1453.6145289790165,657.0500844198241,1461.3827814569536,743.282119205298,12,12,1.1995681860038838,0.17861871364497603,9.281391553788044,-0.12759568932389068,1.1337774128266993,244.08086541193566,5.382008955193947e-06,3.5780324938601525e-05,1.0,1.0,0.0,606.1747011355842,0.0,1.0,173.5746976921854,0.0,0.0,1.0
frame_0802.jpg,frame_0802,802,D:\visualization2026\visualization\left_downsample2_Q13\frame_0802.jpg,D:\visualization2026\visualization\right_downsample2_Q13\frame_0802.jpg,D:\visualization2026\dowsample2_Q13\stitched_frames\frame_0802.jpg,D:\visualization2026\dowsample2_Q13_hess_matched\stitched_frames\frame_0802.jpg,2232,1506,0.00209446513636935,-0.017359128972852356,6.222606620227053,-2.4115764611137696,-22.332442306990288,-119.96891874459357,28.555048927217342,117.5573422834798,120.9756981545922,14.277524463608671,58.7786711417399,-14.277524463608671,-58.7786711417399,0,0,120.9756981545922,1459.7188313703448,656.5223723505512,1482.051273677335,776.4912910951448,12,12,1.2101031875735968,0.18129229190097187,14.221696540994714,-0.12526084225371237,1.1417285221294475,259.66017536025726,1.0153926822277756e-05,3.449344278146009e-05,1.0,1.0,0.0,617.7224755363914,0.0,1.0,172.2213288582601,0.0,0.0,1.0
frame_0804.jpg,frame_0804,804,D:\visualization2026\visualization\left_downsample2_Q13\frame_0804.jpg,D:\visualization2026\visualization\right_downsample2_Q13\frame_0804.jpg,D:\visualization2026\dowsample2_Q13\stitched_frames\frame_0804.jpg,D:\visualization2026\dowsample2_Q13_hess_matched\stitched_frames\frame_0804.jpg,2233,1507,0.0009385305938259814,-0.016873740474875054,3.317742385937855,1.5017112252729619,-26.523084130091775,-112.98654301547765,29.84082651602963,114.4882542407506,118.31329293978139,14.920413258014815,57.2441271203753,-14.920413258014815,-57.2441271203753,0,0,118.31329293978139,1456.1509750096932,658.0489632569237,1482.674059139785,771.0355062724013,12,12,1.2020535496211435,0.1869795176256098,14.93800145061503,-0.1299792095197663,1.1475889492935076,265.72645326496206,4.91236742146525e-06,4.186224492896248e-05,1.0,1.0,0.0,618.0795867419852,0.0,1.0,174.7558728796247,0.0,0.0,1.0
frame_0806.jpg,frame_0806,806,D:\visualization2026\visualization\left_downsample2_Q13\frame_0806.jpg,D:\visualization2026\visualization\right_downsample2_Q13\frame_0806.jpg,D:\visualization2026\dowsample2_Q13\stitched_frames\frame_0806.jpg,D:\visualization2026\dowsample2_Q13_hess_matched\stitched_frames\frame_0806.jpg,2240,1506,0.0006142248419699348,-0.016278190124182357,2.4760236616914946,2.4691847459652347,-25.89879165966022,-111.82544797977243,28.374815321351715,114.29463272573767,117.76414231179234,14.187407660675857,57.147316362868835,-14.187407660675857,-57.147316362868835,0,0,117.76414231179234,1463.7565378946356,657.1304262005099,1489.6553295542958,768.9558741802823,12,12,1.211109746614832,0.19803561439605755,13.899265516515724,-0.12895467389230125,1.1620715650768965,264.4264688469099,5.356931291457787e-06,5.1138558275065754e-05,1.0,1.0,0.0,625.8125923393242,0.0,1.0,177.85268363713118,0.0,0.0,1.0
frame_0808.jpg,frame_0808,808,D:\visualization2026\visualization\left_downsample2_Q13\frame_0808.jpg,D:\visualization2026\visualization\right_downsample2_Q13\frame_0808.jpg,D:\visualization2026\dowsample2_Q13\stitched_frames\frame_0808.jpg,D:\visualization2026\dowsample2_Q13_hess_matched\stitched_frames\frame_0808.jpg,2242,1504,0.0007024858636880404,-0.01537969875289269,2.6433688428439743,1.9047588652228418,-27.78884890898712,-109.73002528927202,30.432217751831093,111.63478415449487,115.70844787877643,15.216108875915547,55.81739207724743,-15.216108875915547,-55.81739207724743,0,0,115.70844787877643,1454.9199946284277,663.2584624135013,1482.7088435374149,772.9884877027733,12,12,1.2184097355349217,0.18889508045254355,15.4195323577112,-0.1251488198227928,1.1486676423979265,257.07636892629307,1.1240017390477414e-05,4.064940840381297e-05,1.0,1.0,0.0,626.7838911240844,0.0,1.0,170.18260792275257,0.0,0.0,1.0
frame_0810.jpg,frame_0810,810,D:\visualization2026\visualization\left_downsample2_Q13\frame_0810.jpg,D:\visualization2026\visualization\right_downsample2_Q13\frame_0810.jpg,D:\visualization2026\dowsample2_Q13\stitched_frames\frame_0810.jpg,D:\visualization2026\dowsample2_Q13_hess_matched\stitched_frames\frame_0810.jpg,2245,1504,0.00106302716631268,-0.014775565958985104,3.505433101633941,0.4696723254435345,-18.304744819337202,-105.03585155657072,21.810177920971142,105.50552388201426,107.7362493804323,10.905088960485571,52.75276194100713,-10.905088960485571,-52.75276194100713,0,0,107.7362493804323,1466.1326289180363,670.321118140399,1484.4373737373735,775.3569696969697,12,12,1.2244899352125926,0.19294050286110542,11.1725578241754,-0.12460557899588726,1.1557228198974843,253.60979387140503,1.33945794280606e-05,4.4681134481728855e-05,1.0,1.0,0.0,634.0949110395144,0.0,1.0,174.24723805899288,0.0,0.0,1.0
frame_0812.jpg,frame_0812,812,D:\visualization2026\visualization\left_downsample2_Q13\frame_0812.jpg,D:\visualization2026\visualization\right_downsample2_Q13\frame_0812.jpg,D:\visualization2026\dowsample2_Q13\stitched_frames\frame_0812.jpg,D:\visualization2026\dowsample2_Q13_hess_matched\stitched_frames\frame_0812.jpg,2243,1508,0.001446345683209338,-0.014109302416698055,4.4205634259895135,-1.062880062194709,-18.738894461265318,-104.58872740106256,23.15945788725483,103.52584733886785,106.08469049237077,11.579728943627416,51.762923669433924,-11.579728943627416,-51.762923669433924,0,0,106.08469049237077,1463.254013340153,663.9666616709582,1481.9929078014184,768.5553890720207,12,12,1.2267154016823296,0.18529634131476738,11.466483466398145,-0.12239182028869944,1.154963076094375,249.11224999684111,1.593223357945452e-05,4.015774210267957e-05,1.0,1.0,0.0,631.4202710563726,0.0,1.0,173.23707633056608,0.0,0.0,1.0
frame_0814.jpg,frame_0814,814,D:\visualization2026\visualization\left_downsample2_Q13\frame_0814.jpg,D:\visualization2026\visualization\right_downsample2_Q13\frame_0814.jpg,D:\visualization2026\dowsample2_Q13\stitched_frames\frame_0814.jpg,D:\visualization2026\dowsample2_Q13_hess_matched\stitched_frames\frame_0814.jpg,2235,1503,0.0015768340887633014,-0.012278976356854321,4.638755566990646,-2.0398688200915194,-21.184130903875257,-78.47492340911799,25.822886470865903,76.43505458902648,80.6792354680849,12.911443235432952,38.21752729451324,-12.911443235432952,-38.21752729451324,0,0,80.6792354680849,1452.2775794353486,659.3709023069089,1473.4617103392238,737.8458257160269,12,12,1.2103203255104629,0.17651133059339866,12.5964612337803,-0.12640511143779892,1.1430806063150643,241.24910055200166,8.943411577693334e-06,3.900848777431463e-05,1.0,1.0,0.0,622.0885567645671,0.0,1.0,160.78247270548675,0.0,0.0,1.0
frame_0816.jpg,frame_0816,816,D:\visualization2026\visualization\left_downsample2_Q13\frame_0816.jpg,D:\visualization2026\visualization\right_downsample2_Q13\frame_0816.jpg,D:\visualization2026\dowsample2_Q13\stitched_frames\frame_0816.jpg,D:\visualization2026\dowsample2_Q13_hess_matched\stitched_frames\frame_0816.jpg,2230,1503,0.0015676449181188934,-0.010848910802523204,4.532649343212243,-2.4136974111874534,-21.856449201937266,-78.10124841010497,26.38909854514951,75.68755099891752,80.15603469633058,13.194549272574754,37.84377549945876,-13.194549272574754,-37.84377549945876,0,0,80.15603469633058,1446.0997970261858,652.970366959036,1467.956246228123,731.071615369141,12,12,1.2014104183689722,0.1696396830686301,12.893456363506566,-0.1264101655995666,1.1329812727372053,240.089918666345,7.178605796692341e-06,3.202294392255535e-05,1.0,1.0,0.0,616.8054507274253,0.0,1.0,159.15622450054124,0.0,0.0,1.0
frame_0818.jpg,frame_0818,818,D:\visualization2026\visualization\left_downsample2_Q13\frame_0818.jpg,D:\visualization2026\visualization\right_downsample2_Q13\frame_0818.jpg,D:\visualization2026\dowsample2_Q13\stitched_frames\frame_0818.jpg,D:\visualization2026\dowsample2_Q13_hess_matched\stitched_frames\frame_0818.jpg,2233,1501,0.0015087503763379084,-0.011144354277566104,4.403283370730534,-2.1234107455308817,-22.65498097686691,-77.87418983889677,27.058264347597444,75.75077909336589,80.43836275531957,13.529132173798722,37.875389546682946,-13.529132173798722,-37.875389546682946,0,0,80.43836275531957,1447.7531555060725,640.4500580916504,1470.4081364829394,718.3242479305471,12,12,1.2098737474675432,0.17159338714152383,13.135328466674615,-0.12259854545484047,1.1384340945391362,234.45095719138777,1.162006959990332e-05,3.3657173085948616e-05,1.0,1.0,0.0,619.4708678262012,0.0,1.0,156.12461045331705,0.0,0.0,1.0
frame_0820.jpg,frame_0820,820,D:\visualization2026\visualization\left_downsample2_Q13\frame_0820.jpg,D:\visualization2026\visualization\right_downsample2_Q13\frame_0820.jpg,D:\visualization2026\dowsample2_Q13\stitched_frames\frame_0820.jpg,D:\visualization2026\dowsample2_Q13_hess_matched\stitched_frames\frame_0820.jpg,2231,1502,0.0014093417360184768,-0.012431050471163774,4.230792537698091,-1.4096952680149344,-17.405564873341746,-74.45595419705853,21.636357411039835,73.0462589290436,76.18325213291396,10.818178705519918,36.5231294645218,-10.818178705519918,-36.5231294645218,0,0,76.18325213291396,1450.9623633742433,645.8084849907988,1468.367928247585,720.2644391878573,12,12,1.204143028266546,0.17064907823538789,10.548265663749921,-0.12497186673155285,1.1365788362050577,236.78953248611208,8.309949443662607e-06,3.350702315245017e-05,1.0,1.0,0.0,620.1818212944801,0.0,1.0,160.4768705354782,0.0,0.0,1.0
frame_0822.jpg,frame_0822,822,D:\visualization2026\visualization\left_downsample2_Q13\frame_0822.jpg,D:\visualization2026\visualization\right_downsample2_Q13\frame_0822.jpg,D:\visualization2026\dowsample2_Q13\stitched_frames\frame_0822.jpg,D:\visualization2026\dowsample2_Q13_hess_matched\stitched_frames\frame_0822.jpg,2247,1491,0.0013692321168407018,-0.013457923471796251,4.19074756296587,-0.9775704683063757,-31.894605347220477,-59.099782899588035,36.085352910186344,58.12221243128166,68.41304168475281,18.042676455093172,29.06110621564083,-18.042676455093172,-29.06110621564083,0,0,68.41304168475281,1452.0046241742716,653.7344628425044,1483.899229521492,712.8342457420924,12,12,1.2335120544233462,0.1809465153617098,18.15737751674915,-0.12064264762276335,1.1610333248083569,223.09649513709218,1.5159074496961734e-05,5.2779340881466437e-05,1.0,1.0,0.0,628.9573235449068,0.0,1.0,169.93889378435918,0.0,0.0,1.0
frame_0824.jpg,frame_0824,824,D:\visualization2026\visualization\left_downsample2_Q13\frame_0824.jpg,D:\visualization2026\visualization\right_downsample2_Q13\frame_0824.jpg,D:\visualization2026\dowsample2_Q13\stitched_frames\frame_0824.jpg,D:\visualization2026\dowsample2_Q13_hess_matched\stitched_frames\frame_0824.jpg,2274,1501,0.001456266363637826,-0.013441396218958457,4.4063754649627285,-1.2872842635338246,-20.59608574913773,28.27367857297679,25.002461214100457,-29.560962836510615,38.716580305912345,12.501230607050228,-14.780481418255308,-12.501230607050228,14.780481418255308,1,5,38.716580305912345,1759.565846069044,402.40341342146166,1780.1619318181818,374.1297348484849,12,12,1.2578635107235636,0.19739892478221938,13.061223012454956,-0.11511658903910806,1.1780230816844022,168.7610222715876,2.3129101511270864e-05,5.4100977414684325e-05,1.0,1.0,0.0,661.4987693929497,0.0,1.0,234.7804814182553,0.0,0.0,1.0
frame_0826.jpg,frame_0826,826,D:\visualization2026\visualization\left_downsample2_Q13\frame_0826.jpg,D:\visualization2026\visualization\right_downsample2_Q13\frame_0826.jpg,D:\visualization2026\dowsample2_Q13\stitched_frames\frame_0826.jpg,D:\visualization2026\dowsample2_Q13_hess_matched\stitched_frames\frame_0826.jpg,2273,1500,0.0015757009120218601,-0.013347966860514981,4.698157274382322,-1.7323830701865648,-37.69981037272669,-106.60779249626864,42.39796764710901,104.87540942608207,113.12134706983313,21.198983823554507,52.437704713041036,-21.198983823554507,-52.437704713041036,0,0,113.12134706983313,1465.2617779740756,657.18947379127,1502.9615883468023,763.7972662875386,12,12,1.2457064891064404,0.2011245918786854,21.621827075593735,-0.11835041297777676,1.186744566070545,242.91977209609232,1.662485776303374e-05,6.133182293844685e-05,1.0,1.0,0.0,651.8010161764455,0.0,1.0,195.56229528695897,0.0,0.0,1.0
frame_0828.jpg,frame_0828,828,D:\visualization2026\visualization\left_downsample2_Q13\frame_0828.jpg,D:\visualization2026\visualization\right_downsample2_Q13\frame_0828.jpg,D:\visualization2026\dowsample2_Q13\stitched_frames\frame_0828.jpg,D:\visualization2026\dowsample2_Q13_hess_matched\stitched_frames\frame_0828.jpg,2280,1513,0.001697737014297096,-0.0132517482009043,4.9962508509070735,-2.1873912697728954,-33.46071530870631,-19.68337187946895,38.45696615961339,17.495980609696055,42.24982347532957,19.228483079806693,8.747990304848027,-19.228483079806693,-8.747990304848027,1,2,42.24982347532957,1731.4734605733368,336.4909303848807,1764.934175882043,356.17430226434965,12,12,1.252855766448242,0.21303351446427335,19.258985993641687,-0.12298917068169166,1.1915168465418426,205.31950300650817,1.8133637522779455e-05,6.180285012731399e-05,1.0,1.0,0.0,660.7715169201933,0.0,1.0,253.25200969515197,0.0,0.0,1.0
frame_0830.jpg,frame_0830,830,D:\visualization2026\visualization\left_downsample2_Q13\frame_0830.jpg,D:\visualization2026\visualization\right_downsample2_Q13\frame_0830.jpg,D:\visualization2026\dowsample2_Q13\stitched_frames\frame_0830.jpg,D:\visualization2026\dowsample2_Q13_hess_matched\stitched_frames\frame_0830.jpg,2269,1508,0.0018115130247554623,-0.013109377004752676,5.271102343238525,-2.626554965592272,-35.247281966790524,-116.83181760679827,40.51838431002905,114.20526264120599,121.17995495147723,20.259192155014524,57.102631320602995,-20.259192155014524,-57.102631320602995,0,0,121.17995495147723,1461.5216095946446,642.843367801099,1496.768891561435,759.6751854078973,12,12,1.2352078171649141,0.2035969558108896,20.376478852416575,-0.12223282101211891,1.177622532438968,254.46863113369426,1.4892332018709146e-05,5.480350679616863e-05,1.0,1.0,0.0,648.7408078449855,0.0,1.0,200.897368679397,0.0,0.0,1.0
frame_0832.jpg,frame_0832,832,D:\visualization2026\visualization\left_downsample2_Q13\frame_0832.jpg,D:\visualization2026\visualization\right_downsample2_Q13\frame_0832.jpg,D:\visualization2026\dowsample2_Q13\stitched_frames\frame_0832.jpg,D:\visualization2026\dowsample2_Q13_hess_matched\stitched_frames\frame_0832.jpg,2277,1512,0.001932244708825137,-0.012958474146178012,5.562766847959276,-3.0925179618160605,-1.3600628254102958,18.88352230901984,6.922829673369572,-21.9760402708359,23.040657904493255,3.461414836684786,-10.98802013541795,-3.461414836684786,10.98802013541795,3,2,23.040657904493255,1757.1391583583904,360.898319816808,1758.4992211838007,342.01479750778816,12,12,1.24967215045206,0.2128001031971043,3.459425231512374,-0.12246276968657971,1.1945153890141043,184.87562726154817,1.785560950999885e-05,6.483714915377478e-05,1.0,1.0,0.0,673.5385851633152,0.0,1.0,273.98802013541797,0.0,0.0,1.0
frame_0834.jpg,frame_0834,834,D:\visualization2026\visualization\left_downsample2_Q13\frame_0834.jpg,D:\visualization2026\visualization\right_downsample2_Q13\frame_0834.jpg,D:\visualization2026\dowsample2_Q13\stitched_frames\frame_0834.jpg,D:\visualization2026\dowsample2_Q13_hess_matched\stitched_frames\frame_0834.jpg,2282,1510,0.0020363933352578467,-0.012791123056531517,5.812206043633206,-3.5050338570828554,4.827594793319804,-3.7163617096172743,0.9846112503134021,0.21132785253441888,1.007034644637676,0.49230562515670107,0.10566392626720944,-0.49230562515670107,-0.10566392626720944,3,8,1.007034644637676,1724.1968993496746,299.5282426069295,1719.3693045563548,303.24460431654677,12,12,1.2565211905791196,0.21257687715332285,0.3037847248393297,-0.12141267808152884,1.1891649696082893,194.5167082588917,2.005423102108409e-05,6.154604202612882e-05,1.0,1.0,0.0,681.5076943748433,0.0,1.0,258.8943360737328,0.0,0.0,1.0
frame_0836.jpg,frame_0836,836,D:\visualization2026\visualization\left_downsample2_Q13\frame_0836.jpg,D:\visualization2026\visualization\right_downsample2_Q13\frame_0836.jpg,D:\visualization2026\dowsample2_Q13\stitched_frames\frame_0836.jpg,D:\visualization2026\dowsample2_Q13_hess_matched\stitched_frames\frame_0836.jpg,2269,1514,0.0020827010652010314,-0.012584440369271588,5.915415400354577,-3.7260071169182303,32.33901572294553,-31.88759185764141,-26.423600322590957,28.161584740723182,38.61711419975555,-13.211800161295479,14.080792370361591,13.211800161295479,-14.080792370361591,4,4,38.61711419975555,1665.4445134941193,243.61661814731153,1633.1054977711738,275.50421000495294,12,12,1.2322015378240327,0.20404511904766504,-12.969602947876261,-0.12656507146462506,1.1798416421646396,217.00246914189572,1.2418079534509086e-05,5.7378814977018446e-05,1.0,1.0,0.0,682.2118001612955,0.0,1.0,249.9192076296384,0.0,0.0,1.0
frame_0838.jpg,frame_0838,838,D:\visualization2026\visualization\left_downsample2_Q13\frame_0838.jpg,D:\visualization2026\visualization\right_downsample2_Q13\frame_0838.jpg,D:\visualization2026\dowsample2_Q13\stitched_frames\frame_0838.jpg,D:\visualization2026\dowsample2_Q13_hess_matched\stitched_frames\frame_0838.jpg,2282,1507,0.00200539283944301,-0.012341995725417554,5.708917554881828,-3.5239081577420754,-29.535517982583087,-115.2387751280454,35.244435537464916,111.71486697030333,117.14257013804627,17.622217768732458,55.85743348515167,-17.622217768732458,-55.85743348515167,0,0,117.14257013804627,1487.784097517567,632.657690276981,1517.3196155001501,747.8964654050264,12,12,1.2621662804278666,0.20199488072474636,18.094284321956867,-0.11620005315835136,1.1836926777707997,243.59552634658354,2.584301378908196e-05,5.3722250893391435e-05,1.0,1.0,0.0,664.3777822312676,0.0,1.0,182.14256651484834,0.0,0.0,1.0
frame_0840.jpg,frame_0840,840,D:\visualization2026\visualization\left_downsample2_Q13\frame_0840.jpg,D:\visualization2026\visualization\right_downsample2_Q13\frame_0840.jpg,D:\visualization2026\dowsample2_Q13\stitched_frames\frame_0840.jpg,D:\visualization2026\dowsample2_Q13_hess_matched\stitched_frames\frame_0840.jpg,2265,1497,0.0018685178060713348,-0.01219356423918272,5.359656305990142,-3.086357845285418,-27.72088501811072,-98.05479758309968,33.080541324100864,94.96843973781426,100.56503746596232,16.540270662050432,47.48421986890713,-16.540270662050432,-47.48421986890713,0,0,100.56503746596232,1471.8728617031145,620.2578663556266,1499.5937467212252,718.3126639387262,12,12,1.2527118051225903,0.17174618337975897,16.787534093883494,-0.11279593118135232,1.160285393365303,229.71264287326986,2.516467259239917e-05,4.1886962260671086e-05,1.0,1.0,0.0,648.4597293379495,0.0,1.0,166.51578013109287,0.0,0.0,1.0
frame_0842.jpg,frame_0842,842,D:\visualization2026\visualization\left_downsample2_Q13\frame_0842.jpg,D:\visualization2026\visualization\right_downsample2_Q13\frame_0842.jpg,D:\visualization2026\dowsample2_Q13\stitched_frames\frame_0842.jpg,D:\visualization2026\dowsample2_Q13_hess_matched\stitched_frames\frame_0842.jpg,2273,1498,0.0017397239499897799,-0.012259361005722003,5.042974920740439,-2.6163039121886658,-31.22826804473584,-103.25617802667773,36.27124296547628,100.63987411448906,106.97657373481736,18.13562148273814,50.31993705724453,-18.13562148273814,-50.31993705724453,0,0,106.97657373481736,1476.0333011706564,613.6622627529324,1507.2615692153922,716.9184407796101,12,12,1.2538286289509264,0.1723022004008592,18.688206885177404,-0.11130475081273922,1.164955086929692,230.0692915887829,2.526616157159386e-05,4.279490814168787e-05,1.0,1.0,0.0,654.8643785172619,0.0,1.0,171.68006294275546,0.0,0.0,1.0
frame_0844.jpg,frame_0844,844,D:\visualization2026\visualization\left_downsample2_Q13\frame_0844.jpg,D:\visualization2026\visualization\right_downsample2_Q13\frame_0844.jpg,D:\visualization2026\dowsample2_Q13\stitched_frames\frame_0844.jpg,D:\visualization2026\dowsample2_Q13_hess_matched\stitched_frames\frame_0844.jpg,2263,1500,0.0015712000504173318,-0.012430374014750445,4.633547183682692,-1.977137940315409,-35.46426349040826,18.803983302153995,40.09781067409095,-20.781121242469403,45.162920863795506,20.048905337045476,-10.390560621234702,-20.048905337045476,10.390560621234702,3,1,45.162920863795506,1775.7212071940112,380.75773242619044,1811.1854706844194,361.95374912403645,12,12,1.2384232697779542,0.17650137765719165,19.766655905133852,-0.12273567751058605,1.1564182467446327,185.16664353623102,1.629492865035538e-05,4.6341815983442553e-05,1.0,1.0,0.0,642.9510946629546,0.0,1.0,252.3905606212347,0.0,0.0,1.0
frame_0846.jpg,frame_0846,846,D:\visualization2026\visualization\left_downsample2_Q13\frame_0846.jpg,D:\visualization2026\visualization\right_downsample2_Q13\frame_0846.jpg,D:\visualization2026\dowsample2_Q13\stitched_frames\frame_0846.jpg,D:\visualization2026\dowsample2_Q13_hess_matched\stitched_frames\frame_0846.jpg,2274,1504,0.0014313464155349953,-0.01260253387200555,4.295533855031945,-1.4381245049951727,-29.66576357827671,-22.06291242996491,33.96129743330866,20.624787924969738,39.73350727413369,16.98064871665433,10.312393962484869,-16.98064871665433,-10.312393962484869,4,1,39.73350727413369,1771.740780167204,339.1926913299772,1801.4065437454808,361.2556037599421,12,12,1.2438111084586894,0.1827191624846999,17.517201255121037,-0.118196955739811,1.1649279740819731,199.36809964962083,1.898294975930092e-05,4.563930430230026e-05,1.0,1.0,0.0,657.0193512833457,0.0,1.0,235.68760603751514,0.0,0.0,1.0
frame_0848.jpg,frame_0848,848,D:\visualization2026\visualization\left_downsample2_Q13\frame_0848.jpg,D:\visualization2026\visualization\right_downsample2_Q13\frame_0848.jpg,D:\visualization2026\dowsample2_Q13\stitched_frames\frame_0848.jpg,D:\visualization2026\dowsample2_Q13_hess_matched\stitched_frames\frame_0848.jpg,2275,1504,0.0014278377735748027,-0.01269930543950587,4.292435079319418,-1.3983520930608027,-24.5324048582047,-54.40347448500637,28.824839937524118,53.00512239194557,60.335846701683195,14.412419968762059,26.502561195972785,-14.412419968762059,-26.502561195972785,1,2,60.335846701683195,1781.2092869846956,372.12673699535617,1805.7416918429003,426.53021148036254,12,12,1.2484469124406663,0.18322241407148948,14.0514978397322,-0.11700270605304494,1.1672936568432226,214.53482542233664,2.0864123240430934e-05,4.633805564859612e-05,1.0,1.0,0.0,660.587580031238,0.0,1.0,218.4974388040272,0.0,0.0,1.0
frame_0850.jpg,frame_0850,850,D:\visualization2026\visualization\left_downsample2_Q13\frame_0850.jpg,D:\visualization2026\visualization\right_downsample2_Q13\frame_0850.jpg,D:\visualization2026\dowsample2_Q13\stitched_frames\frame_0850.jpg,D:\visualization2026\dowsample2_Q13_hess_matched\stitched_frames\frame_0850.jpg,2269,1502,0.0016421430768449596,-0.0126796046037847,4.824599835795559,-2.1550026372544835,-21.318038925332985,-111.27690663354099,26.142638761128545,109.1219039962865,112.20974776359508,13.071319380564272,54.56095199814325,-13.071319380564272,-54.56095199814325,0,0,112.20974776359508,1480.5428999586352,608.5772415802174,1501.8609388839682,719.8541482137584,12,12,1.243105949112858,0.17243770369496392,12.790015283974935,-0.11399942540626577,1.156759723799887,238.97729076199025,2.2517550450903806e-05,3.75018927376204e-05,1.0,1.0,0.0,655.9286806194357,0.0,1.0,185.43904800185675,0.0,0.0,1.0
frame_0852.jpg,frame_0852,852,D:\visualization2026\visualization\left_downsample2_Q13\frame_0852.jpg,D:\visualization2026\visualization\right_downsample2_Q13\frame_0852.jpg,D:\visualization2026\dowsample2_Q13\stitched_frames\frame_0852.jpg,D:\visualization2026\dowsample2_Q13_hess_matched\stitched_frames\frame_0852.jpg,2270,1499,0.0018870081700547159,-0.01261638621448019,5.4302814592218756,-3.0311091646779227,-19.838509457917098,-94.69274656274035,25.268790917138972,91.66163739806242,95.08084751887712,12.634395458569486,45.83081869903121,-12.634395458569486,-45.83081869903121,0,0,95.08084751887712,1483.2479249967816,605.0615453892294,1503.0864344546987,699.7542919519698,12,12,1.2447039480771869,0.1715948067907527,13.088589464370273,-0.11452379870419624,1.1593410809105453,230.0353164115632,2.0423565697837258e-05,4.125555569733432e-05,1.0,1.0,0.0,657.3656045414305,0.0,1.0,179.16918130096877,0.0,0.0,1.0
frame_0854.jpg,frame_0854,854,D:\visualization2026\visualization\left_downsample2_Q13\frame_0854.jpg,D:\visualization2026\visualization\right_downsample2_Q13\frame_0854.jpg,D:\visualization2026\dowsample2_Q13\stitched_frames\frame_0854.jpg,D:\visualization2026\dowsample2_Q13_hess_matched\stitched_frames\frame_0854.jpg,2266,1500,0.0019361247566966888,-0.012571828712564181,5.549917484643884,-3.2158947909094024,-20.332839898789416,-96.27787351217853,25.8827573834333,93.06197872126913,96.59424938001028,12.94137869171665,46.530989360634564,-12.94137869171665,-46.530989360634564,0,0,96.59424938001028,1477.968644422453,597.9409409968159,1498.3014843212425,694.2188145089945,12,12,1.239244548403148,0.1661702836593503,13.313787506030067,-0.11462620827872995,1.1521385226433516,231.22928493630104,2.009249464892837e-05,3.621945983574658e-05,1.0,1.0,0.0,653.0586213082834,0.0,1.0,177.46901063936542,0.0,0.0,1.0
frame_0856.jpg,frame_0856,856,D:\visualization2026\visualization\left_downsample2_Q13\frame_0856.jpg,D:\visualization2026\visualization\right_downsample2_Q13\frame_0856.jpg,D:\visualization2026\dowsample2_Q13\stitched_frames\frame_0856.jpg,D:\visualization2026\dowsample2_Q13_hess_matched\stitched_frames\frame_0856.jpg,2265,1499,0.0018219148838405363,-0.012198926440203373,5.243994281059769,-2.9215102103879835,40.87496515345856,54.28409123412348,-35.63097087239879,-57.205601444511466,67.39470989579243,-17.815485436199396,-28.602800722255733,17.815485436199396,28.602800722255733,1,2,67.39470989579243,1773.2577144796041,327.1816653581127,1732.3827493261456,272.8975741239892,12,12,1.2398557529449659,0.16317593545957068,-17.952692508189074,-0.1144002087599543,1.1493377161761387,153.1186111154625,2.1160049892742516e-05,3.5358213081823334e-05,1.0,1.0,0.0,682.8154854361994,0.0,1.0,250.60280072225572,0.0,0.0,1.0
frame_0858.jpg,frame_0858,858,D:\visualization2026\visualization\left_downsample2_Q13\frame_0858.jpg,D:\visualization2026\visualization\right_downsample2_Q13\frame_0858.jpg,D:\visualization2026\dowsample2_Q13\stitched_frames\frame_0858.jpg,D:\visualization2026\dowsample2_Q13_hess_matched\stitched_frames\frame_0858.jpg,2260,1493,0.0016959456532885664,-0.01162934112864733,4.89735908072667,-2.641757109205402,-20.328390066915517,-80.08573927787279,25.225749147642187,77.44398216866739,81.44881088266816,12.612874573821093,38.721991084333695,-12.612874573821093,-38.721991084333695,0,0,81.44881088266816,1471.714468480219,575.6347954709722,1492.0428585471345,655.720534748845,12,12,1.240973099763205,0.15047835732984174,13.145312741648857,-0.10898978808649395,1.139539182803033,215.0107989970192,2.4070108634733284e-05,2.777571714209491e-05,1.0,1.0,0.0,647.387125426179,0.0,1.0,156.2780089156663,0.0,0.0,1.0
frame_0860.jpg,frame_0860,860,D:\visualization2026\visualization\left_downsample2_Q13\frame_0860.jpg,D:\visualization2026\visualization\right_downsample2_Q13\frame_0860.jpg,D:\visualization2026\dowsample2_Q13\stitched_frames\frame_0860.jpg,D:\visualization2026\dowsample2_Q13_hess_matched\stitched_frames\frame_0860.jpg,2261,1495,0.0016723254152283262,-0.011201823995165783,4.813694644973962,-2.6803606493975893,-13.730970648093717,-71.95591894408903,18.54466529306768,69.27555829469145,71.71476548015131,9.27233264653384,34.637779147345725,-9.27233264653384,-34.637779147345725,0,0,71.71476548015131,1478.3168183663818,576.2981956702279,1492.0477890144755,648.2541146143169,12,12,1.2403563801981006,0.15373020165251658,9.45132618299894,-0.11072778269808417,1.1432519639506578,213.36256537955148,2.256940766049065e-05,3.02604381307408e-05,1.0,1.0,0.0,651.7276673534661,0.0,1.0,163.36222085265427,0.0,0.0,1.0
frame_0862.jpg,frame_0862,862,D:\visualization2026\visualization\left_downsample2_Q13\frame_0862.jpg,D:\visualization2026\visualization\right_downsample2_Q13\frame_0862.jpg,D:\visualization2026\dowsample2_Q13\stitched_frames\frame_0862.jpg,D:\visualization2026\dowsample2_Q13_hess_matched\stitched_frames\frame_0862.jpg,2265,1499,0.001723215237862008,-0.010935530136224059,4.924837082070047,-2.934317539848291,-3.2347812872651502,-65.74182065602383,8.159618369335197,62.80750311617554,63.33531258012068,4.079809184667599,31.40375155808777,-4.079809184667599,-31.40375155808777,0,0,63.33531258012068,1492.2947115733946,584.1762492602735,1495.5294928606597,649.9180699162973,12,12,1.2452497010378512,0.1613282929484567,3.8506225239695793,-0.11222680950152253,1.1564509529438167,212.14599420921326,2.1487140849776245e-05,3.797932063284589e-05,1.0,1.0,0.0,660.9201908153324,0.0,1.0,172.59624844191222,0.0,0.0,1.0
frame_0864.jpg,frame_0864,864,D:\visualization2026\visualization\left_downsample2_Q13\frame_0864.jpg,D:\visualization2026\visualization\right_downsample2_Q13\frame_0864.jpg,D:\visualization2026\dowsample2_Q13\stitched_frames\frame_0864.jpg,D:\visualization2026\dowsample2_Q13_hess_matched\stitched_frames\frame_0864.jpg,2254,1497,0.0017833330692108573,-0.010712005243284195,5.061433377813839,-3.2084717916531664,-6.632880710705194,-80.90440720619483,11.694314088519032,77.69593541454167,78.57108477004479,5.847157044259516,38.84796770727083,-5.847157044259516,-38.84796770727083,0,0,78.57108477004479,1478.9940987614355,578.6113308192206,1485.6269794721406,659.5157380254154,12,12,1.2238814067223103,0.15427160686865218,6.1457178615484604,-0.11598854470292715,1.1417198033301692,225.05358405456425,1.556417786350799e-05,3.19327456796597e-05,1.0,1.0,0.0,648.1528429557405,0.0,1.0,165.15203229272916,0.0,0.0,1.0
frame_0866.jpg,frame_0866,866,D:\visualization2026\visualization\left_downsample2_Q13\frame_0866.jpg,D:\visualization2026\visualization\right_downsample2_Q13\frame_0866.jpg,D:\visualization2026\dowsample2_Q13\stitched_frames\frame_0866.jpg,D:\visualization2026\dowsample2_Q13_hess_matched\stitched_frames\frame_0866.jpg,2266,1496,0.0018261478359432592,-0.010481996176604391,5.154592552560135,-3.423826540448465,-17.826692422669794,-67.5464590633328,22.98128497522993,64.12263252288435,68.11645513954461,11.490642487614965,32.06131626144217,-11.490642487614965,-32.06131626144217,0,0,68.11645513954461,1479.6062141681316,586.9069311690048,1497.4329065908014,654.4533902323376,12,12,1.2500769147316284,0.15932460985226904,11.716241884680104,-0.10884082133629988,1.1548059157053903,207.2154081343702,2.5372698265793968e-05,3.559165226306785e-05,1.0,1.0,0.0,654.509357512385,0.0,1.0,166.9386837385578,0.0,0.0,1.0
frame_0868.jpg,frame_0868,868,D:\visualization2026\visualization\left_downsample2_Q13\frame_0868.jpg,D:\visualization2026\visualization\right_downsample2_Q13\frame_0868.jpg,D:\visualization2026\dowsample2_Q13\stitched_frames\frame_0868.jpg,D:\visualization2026\dowsample2_Q13_hess_matched\stitched_frames\frame_0868.jpg,2254,1492,0.0019131855589168412,-0.010257342186613283,5.358114875751806,-3.7926451506461243,-22.696289887892362,-58.52911810647072,28.05440476364417,54.736472955824595,61.50716298355906,14.027202381822084,27.368236477912298,-14.027202381822084,-27.368236477912298,0,0,61.50716298355906,1462.4918607840743,601.008739171591,1485.1881506719667,659.5378572780617,12,12,1.2250079609756017,0.14755377690067273,13.780874375765924,-0.11919925813435356,1.1378486715131664,218.74251580906417,1.2652501235219307e-05,3.545622271683376e-05,1.0,1.0,0.0,639.9727976181779,0.0,1.0,181.6317635220877,0.0,0.0,1.0
frame_0870.jpg,frame_0870,870,D:\visualization2026\visualization\left_downsample2_Q13\frame_0870.jpg,D:\visualization2026\visualization\right_downsample2_Q13\frame_0870.jpg,D:\visualization2026\dowsample2_Q13\stitched_frames\frame_0870.jpg,D:\visualization2026\dowsample2_Q13_hess_matched\stitched_frames\frame_0870.jpg,2271,1500,0.002028563723376009,-0.010028620963058898,5.631927331774527,-4.2619408093974345,-26.87231781395485,-83.87894146548365,32.50424514572938,79.61700065608622,85.99646938081182,16.25212257286469,39.80850032804311,-16.25212257286469,-39.80850032804311,0,0,85.99646938081182,1475.1397896396961,593.1019514592231,1502.012107453651,676.9808929247067,12,12,1.239342371434249,0.16212237421449235,16.894899980083917,-0.1152982859130109,1.1494556976436479,225.9482357257175,1.9616325844847567e-05,3.569428930833013e-05,1.0,1.0,0.0,654.7478774271353,0.0,1.0,191.19149967195688,0.0,0.0,1.0
frame_0872.jpg,frame_0872,872,D:\visualization2026\visualization\left_downsample2_Q13\frame_0872.jpg,D:\visualization2026\visualization\right_downsample2_Q13\frame_0872.jpg,D:\visualization2026\dowsample2_Q13\stitched_frames\frame_0872.jpg,D:\visualization2026\dowsample2_Q13_hess_matched\stitched_frames\frame_0872.jpg,2260,1487,0.0020674239033036113,-0.009817571059809571,5.716348820084501,-4.45805326227847,-29.014362983311685,-55.37022855909902,34.73071180339618,50.91217529682055,61.630121984503226,17.36535590169809,25.456087648410275,-17.36535590169809,-25.456087648410275,0,0,61.630121984503226,1461.8921469105799,574.5951667185991,1490.9065098938916,629.9653952776981,12,12,1.251175984625503,0.12403030067473514,17.797996777597188,-0.10442598511768239,1.1347511284756948,193.70304951195965,2.9220356080570457e-05,2.387905486115671e-05,1.0,1.0,0.0,642.6346440983019,0.0,1.0,163.5439123515897,0.0,0.0,1.0
frame_0874.jpg,frame_0874,874,D:\visualization2026\visualization\left_downsample2_Q13\frame_0874.jpg,D:\visualization2026\visualization\right_downsample2_Q13\frame_0874.jpg,D:\visualization2026\dowsample2_Q13\stitched_frames\frame_0874.jpg,D:\visualization2026\dowsample2_Q13_hess_matched\stitched_frames\frame_0874.jpg,2284,1489,0.0019283827401479492,-0.009783309766944026,5.36834242149655,-3.980495596695487,-32.36164030230202,-81.33565757046324,37.72998272379857,77.35516197376775,86.06609483603856,18.864991361899285,38.677580986883875,-18.864991361899285,-38.677580986883875,0,0,86.06609483603856,1478.5690823084205,574.5872328724272,1510.9307226107226,655.9228904428904,12,12,1.2610671789403918,0.15025770203464636,18.930453121792596,-0.1049731963115298,1.159762034155513,208.6771437500792,2.6714609649606194e-05,3.961161084343048e-05,1.0,1.0,0.0,665.1350086381008,0.0,1.0,184.32241901311613,0.0,0.0,1.0
frame_0876.jpg,frame_0876,876,D:\visualization2026\visualization\left_downsample2_Q13\frame_0876.jpg,D:\visualization2026\visualization\right_downsample2_Q13\frame_0876.jpg,D:\visualization2026\dowsample2_Q13\stitched_frames\frame_0876.jpg,D:\visualization2026\dowsample2_Q13_hess_matched\stitched_frames\frame_0876.jpg,2285,1530,0.0018696239465657571,-0.008971816328954163,5.174883871963684,-4.0049730603789255,15.111257744918476,33.03380619516929,-9.936373872954793,-37.038779255548214,38.34843796668083,-4.968186936477396,-18.519389627774107,4.968186936477396,18.519389627774107,3,3,38.34843796668083,1812.3088294888478,457.587890080379,1797.1975717439293,424.5540838852097,12,12,1.2550026626732809,0.18293278357362722,-5.039867188960416,-0.1229760893435099,1.2103295457641552,177.40781488884807,1.4363291699611702e-05,6.528163742970303e-05,1.0,1.0,0.0,689.9681869364774,0.0,1.0,299.5193896277741,0.0,0.0,1.0
frame_0878.jpg,frame_0878,878,D:\visualization2026\visualization\left_downsample2_Q13\frame_0878.jpg,D:\visualization2026\visualization\right_downsample2_Q13\frame_0878.jpg,D:\visualization2026\dowsample2_Q13\stitched_frames\frame_0878.jpg,D:\visualization2026\dowsample2_Q13_hess_matched\stitched_frames\frame_0878.jpg,2287,1509,0.0018274005664288273,-0.0083843399508986,5.035613821933678,-4.023796423065625,-21.331008013816472,-100.28544229904173,26.366621835750152,96.26164587597611,99.80733046115043,13.183310917875076,48.13082293798806,-13.183310917875076,-48.13082293798806,0,0,99.80733046115043,1497.8450308635017,606.7116815728218,1519.1760388773182,706.9971238718636,12,12,1.2668360445896778,0.17451296224737683,13.295269280241257,-0.1125573285647088,1.1897863222726917,229.89802646106665,2.3545637467074663e-05,5.402086956339879e-05,1.0,1.0,0.0,673.8166890821249,0.0,1.0,194.86917706201194,0.0,0.0,1.0
frame_0880.jpg,frame_0880,880,D:\visualization2026\visualization\left_downsample2_Q13\frame_0880.jpg,D:\visualization2026\visualization\right_downsample2_Q13\frame_0880.jpg,D:\visualization2026\dowsample2_Q13\stitched_frames\frame_0880.jpg,D:\visualization2026\dowsample2_Q13_hess_matched\stitched_frames\frame_0880.jpg,2278,1515,0.0017320742565424263,-0.008188433317266597,4.786985697394862,-3.7453377079577304,-7.387870650696414,-96.04981816352893,12.174856348091275,92.3044804555712,93.10394319935962,6.0874281740456375,46.1522402277856,-6.0874281740456375,-46.1522402277856,0,0,93.10394319935962,1499.0834539490124,615.221118275093,1506.4713245997089,711.2709364386219,12,12,1.247309959918237,0.17484462916110133,5.802149745738486,-0.11926987836499221,1.191989151413518,238.43937963120277,1.406155788870907e-05,5.7562372143627934e-05,1.0,1.0,0.0,671.9125718259544,0.0,1.0,207.8477597722144,0.0,0.0,1.0
frame_0882.jpg,frame_0882,882,D:\visualization2026\visualization\left_downsample2_Q13\frame_0882.jpg,D:\visualization2026\visualization\right_downsample2_Q13\frame_0882.jpg,D:\visualization2026\dowsample2_Q13\stitched_frames\frame_0882.jpg,D:\visualization2026\dowsample2_Q13_hess_matched\stitched_frames\frame_0882.jpg,2279,1509,0.001680093682009387,-0.008077848011919242,4.651192222482174,-3.5945640218536057,-32.69978224206625,-37.51208416039151,37.35097446454842,33.9175201385379,50.45288362224178,18.67548723227421,16.95876006926895,-18.67548723227421,-16.95876006926895,2,1,50.45288362224178,1475.3505202093825,220.7130033913436,1508.0503024514487,258.2250875517351,12,12,1.2505546069035243,0.17271018748468192,19.11256955170379,-0.1161182203963208,1.1846824079747913,203.19738080461556,1.737918622977498e-05,5.394945053149561e-05,1.0,1.0,0.0,660.3245127677258,0.0,1.0,230.04123993073105,0.0,0.0,1.0
frame_0884.jpg,frame_0884,884,D:\visualization2026\visualization\left_downsample2_Q13\frame_0884.jpg,D:\visualization2026\visualization\right_downsample2_Q13\frame_0884.jpg,D:\visualization2026\dowsample2_Q13\stitched_frames\frame_0884.jpg,D:\visualization2026\dowsample2_Q13_hess_matched\stitched_frames\frame_0884.jpg,2278,1510,0.0019283668360173811,-0.007952047032410148,5.2617123238015395,-4.500383317057789,-25.472181445656815,-95.46000142750972,30.733893769458355,90.95961811045194,96.0115844730812,15.366946884729177,45.47980905522597,-15.366946884729177,-45.47980905522597,0,0,96.0115844730812,1484.3397465141895,623.7832817139133,1509.8119279598463,719.243283141423,12,12,1.24945244467985,0.1669626652006892,15.371217834958575,-0.11723091611497687,1.1758954810930822,233.9761625472379,1.7280688665395106e-05,4.8065522071248796e-05,1.0,1.0,0.0,662.6330531152709,0.0,1.0,199.52019094477401,0.0,0.0,1.0
frame_0886.jpg,frame_0886,886,D:\visualization2026\visualization\left_downsample2_Q13\frame_0886.jpg,D:\visualization2026\visualization\right_downsample2_Q13\frame_0886.jpg,D:\visualization2026\dowsample2_Q13\stitched_frames\frame_0886.jpg,D:\visualization2026\dowsample2_Q13_hess_matched\stitched_frames\frame_0886.jpg,2287,1502,0.0022974914502751353,-0.007858196056519828,6.174838137723526,-5.820668660338181,-27.408079262409046,-88.95682025187796,33.58291740013257,83.13615159153977,89.66287995907564,16.791458700066286,41.568075795769886,-16.791458700066286,-41.568075795769886,0,0,89.66287995907564,1491.3723291424444,611.0744513274848,1518.7804084048535,700.0312715793627,12,12,1.2683118942803333,0.17064872048832924,17.064258358259835,-0.10901751847527828,1.1804411656837623,217.3232703422993,2.6486889655895635e-05,4.8868711704766844e-05,1.0,1.0,0.0,670.2085412999337,0.0,1.0,193.4319242042301,0.0,0.0,1.0
frame_0888.jpg,frame_0888,888,D:\visualization2026\visualization\left_downsample2_Q13\frame_0888.jpg,D:\visualization2026\visualization\right_downsample2_Q13\frame_0888.jpg,D:\visualization2026\dowsample2_Q13\stitched_frames\frame_0888.jpg,D:\visualization2026\dowsample2_Q13_hess_matched\stitched_frames\frame_0888.jpg,2297,1508,0.002331818606437275,-0.00783708090533164,6.259034273799035,-5.946967172005645,-26.012178269983906,-94.04029799437785,32.27121254378294,88.09333082237221,93.81826098593987,16.13560627189147,44.046665411186105,-16.13560627189147,-44.046665411186105,0,0,93.81826098593987,1502.1304438877326,611.4532675595651,1528.1426221577165,705.493565553943,12,12,1.2861658240070863,0.18158442970694277,16.825933961144436,-0.10588777244027278,1.2057144588027873,215.36487432276851,3.0850800101291716e-05,5.886695643764166e-05,1.0,1.0,0.0,680.8643937281086,0.0,1.0,196.9533345888139,0.0,0.0,1.0
frame_0890.jpg,frame_0890,890,D:\visualization2026\visualization\left_downsample2_Q13\frame_0890.jpg,D:\visualization2026\visualization\right_downsample2_Q13\frame_0890.jpg,D:\visualization2026\dowsample2_Q13\stitched_frames\frame_0890.jpg,D:\visualization2026\dowsample2_Q13_hess_matched\stitched_frames\frame_0890.jpg,2289,1508,0.0020732319422046563,-0.007701163981143844,5.607614832192361,-5.079311592241849,14.607889235115863,8.673162154812132,-9.000274402923502,-13.752473747053982,16.43579853525009,-4.500137201461751,-6.876236873526991,4.500137201461751,6.876236873526991,4,4,16.43579853525009,1781.7704908611322,396.2747881710723,1767.1626016260163,387.6016260162602,12,12,1.2716944006308626,0.1732979188141422,-4.252618505066874,-0.11107860182148334,1.1892148376549887,170.46603987619355,2.606736856177154e-05,5.3714782669735135e-05,1.0,1.0,0.0,693.5001372014617,0.0,1.0,247.87623687352698,0.0,0.0,1.0
frame_0892.jpg,frame_0892,892,D:\visualization2026\visualization\left_downsample2_Q13\frame_0892.jpg,D:\visualization2026\visualization\right_downsample2_Q13\frame_0892.jpg,D:\visualization2026\dowsample2_Q13\stitched_frames\frame_0892.jpg,D:\visualization2026\dowsample2_Q13_hess_matched\stitched_frames\frame_0892.jpg,2281,1514,0.0009117117420625043,-0.0068868191831669145,2.6697031198334886,-1.2398476528015896,-24.56749269277634,-96.83422234724321,27.23719581260983,95.59437469444163,99.39894018024414,13.618597906304915,47.79718734722081,-13.618597906304915,-47.79718734722081,0,0,99.39894018024414,1487.5396395948828,604.1781087171742,1512.1071322876592,701.0123310644174,12,12,1.2592727579197567,0.16800048825534064,13.357180232002877,-0.11502465910746558,1.1854295636770085,233.5300562969528,2.122081708003386e-05,5.041203063447373e-05,1.0,1.0,0.0,667.3814020936951,0.0,1.0,198.2028126527792,0.0,0.0,1.0
frame_0894.jpg,frame_0894,894,D:\visualization2026\visualization\left_downsample2_Q13\frame_0894.jpg,D:\visualization2026\visualization\right_downsample2_Q13\frame_0894.jpg,D:\visualization2026\dowsample2_Q13\stitched_frames\frame_0894.jpg,D:\visualization2026\dowsample2_Q13_hess_matched\stitched_frames\frame_0894.jpg,2264,1505,-0.001228340610236467,-0.005348333934309446,-2.7454932529978793,5.823389474223881,-17.598698092907853,-76.50146867281592,14.853204839909974,82.3248581470398,83.65404929198915,7.426602419954987,41.1624290735199,-7.426602419954987,-41.1624290735199,0,0,83.65404929198915,1473.380713671798,594.8515705428704,1490.979411764706,671.3530392156863,12,12,1.2357598039022364,0.15378349099861602,7.341873284652264,-0.11631698825919744,1.1663380739714653,227.84911534494864,1.425805913319188e-05,4.4049763974953555e-05,1.0,1.0,0.0,656.573397580045,0.0,1.0,181.8375709264801,0.0,0.0,1.0
frame_0896.jpg,frame_0896,896,D:\visualization2026\visualization\left_downsample2_Q13\frame_0896.jpg,D:\visualization2026\visualization\right_downsample2_Q13\frame_0896.jpg,D:\visualization2026\dowsample2_Q13\stitched_frames\frame_0896.jpg,D:\visualization2026\dowsample2_Q13_hess_matched\stitched_frames\frame_0896.jpg,2266,1506,-0.0025876274605497462,-0.004246449527107177,-6.192295546365594,10.274308783805234,-25.686113331706338,-84.37551881976412,19.493817785340745,94.64982760356936,96.63642583018823,9.746908892670373,47.32491380178468,-9.746908892670373,-47.32491380178468,0,0,96.63642583018823,1472.5503588423742,606.5496689329799,1498.2364721740805,690.925187752744,12,12,1.2381715198610646,0.15520313939620503,10.034198143875752,-0.11506839357258966,1.1697830453799527,232.9454093041645,1.5122661305638283e-05,4.47786759302041e-05,1.0,1.0,0.0,656.2530911073296,0.0,1.0,176.67508619821533,0.0,0.0,1.0
frame_0898.jpg,frame_0898,898,D:\visualization2026\visualization\left_downsample2_Q13\frame_0898.jpg,D:\visualization2026\visualization\right_downsample2_Q13\frame_0898.jpg,D:\visualization2026\dowsample2_Q13\stitched_frames\frame_0898.jpg,D:\visualization2026\dowsample2_Q13_hess_matched\stitched_frames\frame_0898.jpg,2269,1505,-0.0018866072024523728,-0.00447783775713273,-4.434296848108065,7.883201877985963,-24.800593689182733,-80.85386579400677,20.366296841074668,88.73706767199273,91.04423774211406,10.183148420537334,44.36853383599637,-10.183148420537334,-44.36853383599637,0,0,91.04423774211406,1476.1602132272437,604.9317249840911,1500.9608069164265,685.7855907780979,12,12,1.2486906965937026,0.15743651998452501,10.356000589968614,-0.1126238526848906,1.17989788098848,225.3864796177565,1.8601225162040563e-05,4.961131856491103e-05,1.0,1.0,0.0,658.8168515794627,0.0,1.0,178.63146616400363,0.0,0.0,1.0
frame_0900.jpg,frame_0900,900,D:\visualization2026\visualization\left_downsample2_Q13\frame_0900.jpg,D:\visualization2026\visualization\right_downsample2_Q13\frame_0900.jpg,D:\visualization2026\dowsample2_Q13\stitched_frames\frame_0900.jpg,D:\visualization2026\dowsample2_Q13_hess_matched\stitched_frames\frame_0900.jpg,2269,1532,-3.916251840774265e-05,-0.005504838397231371,0.2229564948771694,1.7002172501671504,-16.886841279378814,-104.09461801349926,17.109797774255984,105.79483526366641,107.16945622863938,8.554898887127992,52.89741763183321,-8.554898887127992,-52.89741763183321,0,0,107.16945622863938,1484.0454096146,617.92819053004,1500.9322508939788,722.0228085435392,12,12,1.2479091993699298,0.16310327195225144,8.81058193096061,-0.12286737546868796,1.2042742340095658,250.28110425303663,1.1465867053080371e-05,5.7905441432438395e-05,1.0,1.0,0.0,660.445101112872,0.0,1.0,212.1025823681668,0.0,0.0,1.0
frame_0902.jpg,frame_0902,902,D:\visualization2026\visualization\left_downsample2_Q13\frame_0902.jpg,D:\visualization2026\visualization\right_downsample2_Q13\frame_0902.jpg,D:\visualization2026\dowsample2_Q13\stitched_frames\frame_0902.jpg,D:\visualization2026\dowsample2_Q13_hess_matched\stitched_frames\frame_0902.jpg,2261,1500,0.001707469366435066,-0.006410408031967574,4.622263189171825,-4.163935063982539,-22.93228545911029,-84.39965540939875,27.554548648282115,80.23572034541621,84.83527550823645,13.777274324141057,40.117860172708106,-13.777274324141057,-40.117860172708106,0,0,84.83527550823645,1469.5494612831556,590.8738947746258,1492.4817467422658,675.2735501840245,12,12,1.2361959714582973,0.1492529403172211,13.992407752005374,-0.11352415250551037,1.16156357349322,222.34255922234905,1.5532950390320946e-05,4.1177185154520245e-05,1.0,1.0,0.0,647.2227256758589,0.0,1.0,182.8821398272919,0.0,0.0,1.0
frame_0904.jpg,frame_0904,904,D:\visualization2026\visualization\left_downsample2_Q13\frame_0904.jpg,D:\visualization2026\visualization\right_downsample2_Q13\frame_0904.jpg,D:\visualization2026\dowsample2_Q13\stitched_frames\frame_0904.jpg,D:\visualization2026\dowsample2_Q13_hess_matched\stitched_frames\frame_0904.jpg,2265,1507,0.002427073643734068,-0.006539038718486934,6.420528214106342,-6.649347306750105,-21.543150549205166,-85.91087643852927,27.963678763311506,79.26152913177917,84.04973129216748,13.981839381655753,39.630764565889585,-13.981839381655753,-39.630764565889585,0,0,84.04973129216748,1474.280955899901,592.5910660634132,1495.8241064491062,678.5019425019425,12,12,1.2404256333257047,0.15730575610625436,13.713948802390199,-0.11550990125936367,1.1755591872980025,225.76287700081846,1.4168046678575953e-05,4.8590184715982365e-05,1.0,1.0,0.0,651.0181606183443,0.0,1.0,191.3692354341104,0.0,0.0,1.0
frame_0906.jpg,frame_0906,906,D:\visualization2026\visualization\left_downsample2_Q13\frame_0906.jpg,D:\visualization2026\visualization\right_downsample2_Q13\frame_0906.jpg,D:\visualization2026\dowsample2_Q13\stitched_frames\frame_0906.jpg,D:\visualization2026\dowsample2_Q13_hess_matched\stitched_frames\frame_0906.jpg,2267,1493,0.0024783476332602694,-0.006230329526793477,6.530157845511948,-6.916693377133694,-26.089039047327105,-3.502050264147556,32.61919689283906,-3.4146431129861377,32.7974357766406,16.30959844641953,-1.7073215564930688,-16.30959844641953,1.7073215564930688,1,5,32.7974357766406,1732.9286480275027,371.9727796678252,1759.0176870748298,375.47482993197275,12,12,1.263190161383432,0.13735707655149307,16.09277704881916,-0.10747266627160296,1.1666294149990741,170.4086333562636,2.5183186080707262e-05,4.392778567233632e-05,1.0,1.0,0.0,650.6904015535805,0.0,1.0,225.70732155649307,0.0,0.0,1.0
frame_0908.jpg,frame_0908,908,D:\visualization2026\visualization\left_downsample2_Q13\frame_0908.jpg,D:\visualization2026\visualization\right_downsample2_Q13\frame_0908.jpg,D:\visualization2026\dowsample2_Q13\stitched_frames\frame_0908.jpg,D:\visualization2026\dowsample2_Q13_hess_matched\stitched_frames\frame_0908.jpg,2290,1500,0.002182624813555467,-0.0057106492979845935,5.763985541990409,-6.027850431639094,-28.376821343749498,-85.89389604533494,34.140806885739906,79.86604561369585,86.85723882773577,17.070403442869953,39.93302280684792,-17.070403442869953,-39.93302280684792,0,0,86.85723882773577,1492.1702430501898,590.2481494092106,1520.5470643939393,676.1420454545455,12,12,1.26788301790226,0.15454647830387536,17.721274520573935,-0.10656678970650667,1.1825427963087352,212.20145675221283,2.3755163391962804e-05,4.9347274636416236e-05,1.0,1.0,0.0,672.92959655713,0.0,1.0,198.06697719315207,0.0,0.0,1.0
frame_0910.jpg,frame_0910,910,D:\visualization2026\visualization\left_downsample2_Q13\frame_0910.jpg,D:\visualization2026\visualization\right_downsample2_Q13\frame_0910.jpg,D:\visualization2026\dowsample2_Q13\stitched_frames\frame_0910.jpg,D:\visualization2026\dowsample2_Q13_hess_matched\stitched_frames\frame_0910.jpg,2277,1496,0.0018633987256136963,-0.005036938450256989,4.930358451191586,-5.100370975044307,-23.113365668968527,-86.48520289628357,28.043724120160114,81.38483192123925,86.08101608006271,14.021862060080057,40.69241596061963,-14.021862060080057,-40.69241596061963,0,0,86.08101608006271,1481.460273299513,580.6400120034299,1504.5736389684814,667.1252148997135,12,12,1.245858529033717,0.14325215359143278,14.622420069702262,-0.10919341702882555,1.1616749035253646,216.51515753224103,1.8292182613464762e-05,4.0231585833713126e-05,1.0,1.0,0.0,662.97813793992,0.0,1.0,194.30758403938037,0.0,0.0,1.0
frame_0912.jpg,frame_0912,912,D:\visualization2026\visualization\left_downsample2_Q13\frame_0912.jpg,D:\visualization2026\visualization\right_downsample2_Q13\frame_0912.jpg,D:\visualization2026\dowsample2_Q13\stitched_frames\frame_0912.jpg,D:\visualization2026\dowsample2_Q13_hess_matched\stitched_frames\frame_0912.jpg,2282,1494,0.0017290006916105272,-0.004049474268726594,4.538424606547665,-4.909724944266825,8.461509321907897,-55.64477860694603,-3.9230847153602317,50.735053662679206,50.88650374941112,-1.9615423576801159,25.367526831339603,1.9615423576801159,-25.367526831339603,0,0,50.88650374941112,1515.7046382859671,637.1769268194105,1507.2431289640592,692.8217054263565,12,12,1.2561447226136804,0.14898287697465046,-1.4990373948705265,-0.1035245458720453,1.174639643415969,192.14323425433946,2.3622155570252042e-05,4.5186987321815725e-05,1.0,1.0,0.0,683.9615423576801,0.0,1.0,207.6324731686604,0.0,0.0,1.0
frame_0914.jpg,frame_0914,914,D:\visualization2026\visualization\left_downsample2_Q13\frame_0914.jpg,D:\visualization2026\visualization\right_downsample2_Q13\frame_0914.jpg,D:\visualization2026\dowsample2_Q13\stitched_frames\frame_0914.jpg,D:\visualization2026\dowsample2_Q13_hess_matched\stitched_frames\frame_0914.jpg,2287,1493,0.0016680927004653068,-0.0032192481869507406,4.338527298669427,-4.931988992397021,-5.092438187097514,-39.18462808397135,9.43096548576694,34.25263909157432,35.527262696855395,4.71548274288347,17.12631954578716,-4.71548274288347,-17.12631954578716,0,0,35.527262696855395,1507.275540184786,650.1410953565012,1512.3679783718835,689.3257234404725,12,12,1.266967977405815,0.14848817060868988,4.648498718948932,-0.1041087645488357,1.1715912656281595,184.32274532420794,2.6393454649933037e-05,4.3945856458831014e-05,1.0,1.0,0.0,682.2845172571165,0.0,1.0,212.87368045421283,0.0,0.0,1.0
frame_0916.jpg,frame_0916,916,D:\visualization2026\visualization\left_downsample2_Q13\frame_0916.jpg,D:\visualization2026\visualization\right_downsample2_Q13\frame_0916.jpg,D:\visualization2026\dowsample2_Q13\stitched_frames\frame_0916.jpg,D:\visualization2026\dowsample2_Q13_hess_matched\stitched_frames\frame_0916.jpg,2286,1494,0.001553345782947635,-0.0029049154362925655,4.034676726456276,-4.619092857278563,-4.852799013111735,-37.41515402804441,8.88747573956801,32.79606117076585,33.97894720761704,4.443737869784005,16.398030585382926,-4.443737869784005,-16.398030585382926,0,0,33.97894720761704,1505.8338115300833,642.4130680605505,1510.686610543195,679.8282220885949,12,12,1.2662496712411513,0.14746420441472516,4.395896538115668,-0.1033206982825076,1.1721405499578605,182.34315621407205,2.6473101215957066e-05,4.346019413436002e-05,1.0,1.0,0.0,681.5562621302159,0.0,1.0,213.6019694146171,0.0,0.0,1.0
frame_0918.jpg,frame_0918,918,D:\visualization2026\visualization\left_downsample2_Q13\frame_0918.jpg,D:\visualization2026\visualization\right_downsample2_Q13\frame_0918.jpg,D:\visualization2026\dowsample2_Q13\stitched_frames\frame_0918.jpg,D:\visualization2026\dowsample2_Q13_hess_matched\stitched_frames\frame_0918.jpg,2287,1489,0.0013831752388540064,-0.002702741740220116,3.599429503168011,-4.080113515854786,-5.624427132832807,-45.81595421005841,9.223856636000818,41.735840694203624,42.74295181305848,4.611928318000409,20.867920347101812,-4.611928318000409,-20.867920347101812,0,0,42.74295181305848,1506.109026537444,638.4139896327013,1511.7334536702767,684.2299438427597,12,12,1.2695232045280431,0.14577697513525167,4.844532387417743,-0.10039622735300459,1.1684647872821405,182.67496774240618,2.899718943651908e-05,4.153694874600498e-05,1.0,1.0,0.0,682.3880716819996,0.0,1.0,204.1320796528982,0.0,0.0,1.0
frame_0920.jpg,frame_0920,920,D:\visualization2026\visualization\left_downsample2_Q13\frame_0920.jpg,D:\visualization2026\visualization\right_downsample2_Q13\frame_0920.jpg,D:\visualization2026\dowsample2_Q13\stitched_frames\frame_0920.jpg,D:\visualization2026\dowsample2_Q13_hess_matched\stitched_frames\frame_0920.jpg,2286,1497,0.0012469902060323612,-0.002561941283968916,3.2523295334891116,-3.642814738382598,-1.7102946178101774,-52.76324566464655,4.9626241512992895,49.12043092626395,49.37048078405685,2.4813120756496447,24.560215463131975,-2.4813120756496447,-24.560215463131975,0,0,49.37048078405685,1506.4220784960444,639.9729879234388,1508.1323731138546,692.7362335880854,12,12,1.263543378290318,0.14785288232340188,3.0932104072689173,-0.10566563524433437,1.1728609184352694,194.87403956025062,2.4703842880538457e-05,4.3937029489160384e-05,1.0,1.0,0.0,683.5186879243504,0.0,1.0,209.43978453686802,0.0,0.0,1.0
frame_0922.jpg,frame_0922,922,D:\visualization2026\visualization\left_downsample2_Q13\frame_0922.jpg,D:\visualization2026\visualization\right_downsample2_Q13\frame_0922.jpg,D:\visualization2026\dowsample2_Q13\stitched_frames\frame_0922.jpg,D:\visualization2026\dowsample2_Q13_hess_matched\stitched_frames\frame_0922.jpg,2285,1491,0.001266334191802665,-0.0025067752135503607,3.2972571924051373,-3.726270997556122,-2.2285912416587053,-44.86200576735462,5.5258484340638425,41.135734769798496,41.50522468277283,2.7629242170319213,20.567867384899248,-2.7629242170319213,-20.567867384899248,0,0,41.50522468277283,1504.579944620819,630.495433473902,1506.8085358624778,675.3574392412567,12,12,1.2668994327747822,0.1444503620448281,2.519462675437465,-0.10181287906893279,1.1686780618898276,183.87654051363185,2.7567573939654326e-05,4.117466609993402e-05,1.0,1.0,0.0,682.2370757829681,0.0,1.0,206.43213261510076,0.0,0.0,1.0
frame_0924.jpg,frame_0924,924,D:\visualization2026\visualization\left_downsample2_Q13\frame_0924.jpg,D:\visualization2026\visualization\right_downsample2_Q13\frame_0924.jpg,D:\visualization2026\dowsample2_Q13\stitched_frames\frame_0924.jpg,D:\visualization2026\dowsample2_Q13_hess_matched\stitched_frames\frame_0924.jpg,2284,1494,0.0015678346033813906,-0.0025414120095464954,4.049574927336029,-4.773078697228211,-2.294620876016097,-51.77943264561577,6.344195803352126,47.006353948387556,47.432542962741955,3.172097901676063,23.503176974193778,-3.172097901676063,-23.503176974193778,0,0,47.432542962741955,1503.189055061106,627.2069639686526,1505.4836759371221,678.9863966142684,12,12,1.2631539558915215,0.1457205639264037,3.1303841147205795,-0.10387674503709579,1.1693990331675699,190.59143282783816,2.5782616577292293e-05,4.211511565922736e-05,1.0,1.0,0.0,680.827902098324,0.0,1.0,206.49682302580624,0.0,0.0,1.0
frame_0926.jpg,frame_0926,926,D:\visualization2026\visualization\left_downsample2_Q13\frame_0926.jpg,D:\visualization2026\visualization\right_downsample2_Q13\frame_0926.jpg,D:\visualization2026\dowsample2_Q13\stitched_frames\frame_0926.jpg,D:\visualization2026\dowsample2_Q13_hess_matched\stitched_frames\frame_0926.jpg,2283,1491,0.0018952252788954072,-0.0025777640357320664,4.86642195708742,-5.910134730617236,-4.038969013363385,-50.179806172303756,8.905390970450805,44.26967144168652,45.156503384246456,4.452695485225402,22.13483572084326,-4.452695485225402,-22.13483572084326,0,0,45.156503384246456,1500.2717164101625,617.5588948154244,1504.310685423526,667.7387009877282,12,12,1.2639626673506354,0.14229336926560956,4.19713438279089,-0.10203623082703715,1.1633079167125302,185.99227382142277,2.8423767567815946e-05,3.8051631295500886e-05,1.0,1.0,0.0,678.5473045147746,0.0,1.0,202.86516427915674,0.0,0.0,1.0
frame_0928.jpg,frame_0928,928,D:\visualization2026\visualization\left_downsample2_Q13\frame_0928.jpg,D:\visualization2026\visualization\right_downsample2_Q13\frame_0928.jpg,D:\visualization2026\dowsample2_Q13\stitched_frames\frame_0928.jpg,D:\visualization2026\dowsample2_Q13_hess_matched\stitched_frames\frame_0928.jpg,2282,1501,0.0019715922082865767,-0.002521326299072868,5.053180576230199,-6.193795347858293,-0.9819701870774225,-50.30140965620376,6.035150763307621,44.10761430834547,44.518588080818716,3.0175753816538107,22.053807154172734,-3.0175753816538107,-22.053807154172734,0,0,44.518588080818716,1501.7618447326581,621.6941521945989,1502.7438149197355,671.9955618508027,12,12,1.2597585986508153,0.14015931135840765,2.893093683520502,-0.10669913286964121,1.170837488078433,193.79583740920026,2.2894428759964376e-05,4.138082423673816e-05,1.0,1.0,0.0,678.9824246183462,0.0,1.0,210.94619284582726,0.0,0.0,1.0
frame_0930.jpg,frame_0930,930,D:\visualization2026\visualization\left_downsample2_Q13\frame_0930.jpg,D:\visualization2026\visualization\right_downsample2_Q13\frame_0930.jpg,D:\visualization2026\dowsample2_Q13\stitched_frames\frame_0930.jpg,D:\visualization2026\dowsample2_Q13_hess_matched\stitched_frames\frame_0930.jpg,2281,1498,0.0018607642805107405,-0.0023602105392525052,4.7680007941021065,-5.851131434601619,-2.221757309163877,-37.70885393865774,6.9897581032659835,31.85772250405612,32.61550553782075,3.4948790516329917,15.92886125202806,-3.4948790516329917,-15.92886125202806,0,0,32.61550553782075,1499.9515040817234,614.8491996184964,1502.1732613908873,652.5580535571542,12,12,1.2542318973817543,0.13570360166216916,3.692567589392169,-0.10801515527043389,1.162616189079044,188.86162364875224,2.037165965953694e-05,3.861516149776131e-05,1.0,1.0,0.0,677.505120948367,0.0,1.0,202.07113874797193,0.0,0.0,1.0
frame_0932.jpg,frame_0932,932,D:\visualization2026\visualization\left_downsample2_Q13\frame_0932.jpg,D:\visualization2026\visualization\right_downsample2_Q13\frame_0932.jpg,D:\visualization2026\dowsample2_Q13\stitched_frames\frame_0932.jpg,D:\visualization2026\dowsample2_Q13_hess_matched\stitched_frames\frame_0932.jpg,2244,1489,0.0017446298578576158,-0.0021543054487306312,4.467008475816375,-5.502587179332504,-18.32026610787875,-34.92733851989806,22.787274583695126,29.424751340565553,37.21660750803104,11.393637291847563,14.712375670282777,-11.393637291847563,-14.712375670282777,0,0,37.21660750803104,1446.140235428448,575.8446904225145,1464.4605015363268,610.7720289424126,12,12,1.1938303680993736,0.06850205286279866,11.433828101986956,-0.10261870177650735,1.0671794382607267,178.84840040105212,1.840316892919969e-05,-2.4463240002378878e-05,1.0,1.0,0.0,632.6063627081525,0.0,1.0,171.28762432971723,0.0,0.0,1.0
frame_0934.jpg,frame_0934,934,D:\visualization2026\visualization\left_downsample2_Q13\frame_0934.jpg,D:\visualization2026\visualization\right_downsample2_Q13\frame_0934.jpg,D:\visualization2026\dowsample2_Q13\stitched_frames\frame_0934.jpg,D:\visualization2026\dowsample2_Q13_hess_matched\stitched_frames\frame_0934.jpg,2245,1492,0.0017730100479317334,-0.001943652848087618,4.525373012912708,-5.661858528252628,-24.106584048126706,-55.92234510387016,28.631957061039415,50.26048657561753,57.84380239890039,14.315978530519708,25.130243287808764,-14.315978530519708,-25.130243287808764,0,0,57.84380239890039,1444.882632204521,582.3962568603124,1468.9892162526478,638.3186019641826,12,12,1.1876769402894658,0.06845619215693764,13.9833602988491,-0.11079927043980192,1.0672767411262893,202.83816417542997,1.1869248045653549e-05,-1.8314278420849856e-05,1.0,1.0,0.0,630.6840214694803,0.0,1.0,172.86975671219125,0.0,0.0,1.0
frame_0936.jpg,frame_0936,936,D:\visualization2026\visualization\left_downsample2_Q13\frame_0936.jpg,D:\visualization2026\visualization\right_downsample2_Q13\frame_0936.jpg,D:\visualization2026\dowsample2_Q13\stitched_frames\frame_0936.jpg,D:\visualization2026\dowsample2_Q13_hess_matched\stitched_frames\frame_0936.jpg,2292,1494,0.0018999696000587818,-0.0016042745079219989,4.8215655287873105,-6.2031609124081,-21.643165690989235,-56.658332962349846,26.464731219776546,50.455172049941744,56.974611759311166,13.232365609888273,25.227586024970872,-13.232365609888273,-25.227586024970872,0,0,56.974611759311166,1494.2064039490733,592.2270347997784,1515.8495696400626,648.8853677621282,12,12,1.2681507905352807,0.11209662720535397,13.138611966179194,-0.10135029692145774,1.1587141412563018,188.94209531690257,2.8547790209815574e-05,3.305020372255973e-05,1.0,1.0,0.0,678.7676343901118,0.0,1.0,183.77241397502914,0.0,0.0,1.0
frame_0938.jpg,frame_0938,938,D:\visualization2026\visualization\left_downsample2_Q13\frame_0938.jpg,D:\visualization2026\visualization\right_downsample2_Q13\frame_0938.jpg,D:\visualization2026\dowsample2_Q13\stitched_frames\frame_0938.jpg,D:\visualization2026\dowsample2_Q13_hess_matched\stitched_frames\frame_0938.jpg,2298,1485,0.0020028288880491463,-0.001221080930157492,5.055232796591702,-6.672441512681352,-27.062110277814554,-56.92769208179709,32.11734307440626,50.25525056911574,59.64154538510651,16.05867153720313,25.12762528455787,-16.05867153720313,-25.12762528455787,0,0,59.64154538510651,1494.424966115063,586.6047605316435,1521.4870763928775,643.5324526134406,12,12,1.2693343438761977,0.11985553606136179,16.102638326446442,-0.0982137811396356,1.1634925908999585,183.83727120902057,2.894215042527033e-05,3.849527934092609e-05,1.0,1.0,0.0,681.9413284627968,0.0,1.0,182.87237471544213,0.0,0.0,1.0
frame_0940.jpg,frame_0940,940,D:\visualization2026\visualization\left_downsample2_Q13\frame_0940.jpg,D:\visualization2026\visualization\right_downsample2_Q13\frame_0940.jpg,D:\visualization2026\dowsample2_Q13\stitched_frames\frame_0940.jpg,D:\visualization2026\dowsample2_Q13_hess_matched\stitched_frames\frame_0940.jpg,2306,1484,0.0019731491608699914,-0.0009497443631680813,4.965579612120696,-6.645465140133487,-33.98676613735074,-59.797472680270744,38.95234574947144,53.152007540137255,65.89704959202022,19.47617287473572,26.576003770068628,-19.47617287473572,-26.576003770068628,0,0,65.89704959202022,1495.8447582588553,570.7098119584307,1529.831524396206,630.5072846387014,12,12,1.2724614992809038,0.11287784582742431,19.61849217490744,-0.09356541470326032,1.1430055089069668,178.0009969366964,3.582608539697282e-05,2.15625538370751e-05,1.0,1.0,0.0,686.5238271252642,0.0,1.0,173.42399622993136,0.0,0.0,1.0
frame_0942.jpg,frame_0942,942,D:\visualization2026\visualization\left_downsample2_Q13\frame_0942.jpg,D:\visualization2026\visualization\right_downsample2_Q13\frame_0942.jpg,D:\visualization2026\dowsample2_Q13\stitched_frames\frame_0942.jpg,D:\visualization2026\dowsample2_Q13_hess_matched\stitched_frames\frame_0942.jpg,2315,1490,0.0017255906614513927,-0.0008883980908803712,4.345944874066786,-5.795286438950865,-33.010714412933794,-61.85986675574918,37.35665928700058,56.06458031679831,67.37029879096407,18.67832964350029,28.032290158399157,-18.67832964350029,-28.032290158399157,0,0,67.37029879096407,1505.0355482133286,563.7795271836447,1538.0462626262624,625.6393939393939,12,12,1.2908806415520007,0.12275206700922603,18.665231238746486,-0.0901055217071781,1.1682257406192156,173.46032841898756,4.0562672345869086e-05,3.1621722609493436e-05,1.0,1.0,0.0,696.3216703564997,0.0,1.0,176.96770984160085,0.0,0.0,1.0
frame_0944.jpg,frame_0944,944,D:\visualization2026\visualization\left_downsample2_Q13\frame_0944.jpg,D:\visualization2026\visualization\right_downsample2_Q13\frame_0944.jpg,D:\visualization2026\dowsample2_Q13\stitched_frames\frame_0944.jpg,D:\visualization2026\dowsample2_Q13_hess_matched\stitched_frames\frame_0944.jpg,2314,1491,0.0014475039087913366,-0.0008809125542157403,3.653473785490464,-4.822825578123748,-31.880833198184973,-64.52764788064144,35.534306983675435,59.70482230251769,69.47915355691445,17.767153491837718,29.852411151258845,-17.767153491837718,-29.852411151258845,0,0,69.47915355691445,1504.3221366215043,566.8988297974995,1536.2029698196893,631.4264776781409,12,12,1.28262539406353,0.12391987378454015,18.333305760474587,-0.09406879267960268,1.1631281685005144,182.40253220327725,3.625876806956083e-05,3.149428614942917e-05,1.0,1.0,0.0,696.2328465081623,0.0,1.0,178.14758884874115,0.0,0.0,1.0
frame_0946.jpg,frame_0946,946,D:\visualization2026\visualization\left_downsample2_Q13\frame_0946.jpg,D:\visualization2026\visualization\right_downsample2_Q13\frame_0946.jpg,D:\visualization2026\dowsample2_Q13\stitched_frames\frame_0946.jpg,D:\visualization2026\dowsample2_Q13_hess_matched\stitched_frames\frame_0946.jpg,2324,1503,0.0013798469259599377,-0.0007186600195857595,3.475661294418739,-4.631781841426936,-27.843058247038698,-77.98167513622707,31.318719541457437,73.34989329480013,79.75631034642358,15.659359770728718,36.67494664740006,-15.659359770728718,-36.67494664740006,0,0,79.75631034642358,1516.9772137420034,568.0328048559459,1544.820271989042,646.0144799921729,12,12,1.2959842124612562,0.14018876253422552,15.699155208312453,-0.09625463832894321,1.1945966343884395,192.75432656091954,3.532893614510261e-05,4.6925629246108624e-05,1.0,1.0,0.0,708.3406402292712,0.0,1.0,185.32505335259992,0.0,0.0,1.0
frame_0948.jpg,frame_0948,948,D:\visualization2026\visualization\left_downsample2_Q13\frame_0948.jpg,D:\visualization2026\visualization\right_downsample2_Q13\frame_0948.jpg,D:\visualization2026\dowsample2_Q13\stitched_frames\frame_0948.jpg,D:\visualization2026\dowsample2_Q13_hess_matched\stitched_frames\frame_0948.jpg,2295,1485,0.001539422292018422,-0.0001727951164068875,3.8410014371730834,-5.346016945954926,-18.772163838653796,-61.09542952034292,22.61316527582688,55.74941257438799,60.16105256876073,11.30658263791344,27.874706287193995,-11.30658263791344,-27.874706287193995,0,0,60.16105256876073,1497.1620181230592,567.1298517111551,1515.934181961713,628.225281231498,12,12,1.2432065540360735,0.11676504525046756,10.972623831360412,-0.10297638176793163,1.1377892005900558,193.65663528607033,2.2688493060545145e-05,2.516104371441387e-05,1.0,1.0,0.0,683.6934173620865,0.0,1.0,181.125293712806,0.0,0.0,1.0
frame_0950.jpg,frame_0950,950,D:\visualization2026\visualization\left_downsample2_Q13\frame_0950.jpg,D:\visualization2026\visualization\right_downsample2_Q13\frame_0950.jpg,D:\visualization2026\dowsample2_Q13\stitched_frames\frame_0950.jpg,D:\visualization2026\dowsample2_Q13_hess_matched\stitched_frames\frame_0950.jpg,2284,1501,0.0017438236821197828,0.00045311658001856436,4.313234595247832,-6.2400772584848365,0.32628096013036156,-67.14713383150297,3.9869536351174704,60.90705657301813,61.037409346051106,1.9934768175587352,30.453528286509066,-1.9934768175587352,-30.453528286509066,0,0,61.037409346051106,1498.3026211817535,564.4985684745767,1497.976340221623,631.6457023060797,12,12,1.2581913467236052,0.08690997169212104,2.182323439023412,-0.09372008887160305,1.1426621192262583,182.23320411337824,3.403384043207801e-05,1.2014880562782295e-05,1.0,1.0,0.0,682.0065231824412,0.0,1.0,166.54647171349094,0.0,0.0,1.0
frame_0952.jpg,frame_0952,952,D:\visualization2026\visualization\left_downsample2_Q13\frame_0952.jpg,D:\visualization2026\visualization\right_downsample2_Q13\frame_0952.jpg,D:\visualization2026\dowsample2_Q13\stitched_frames\frame_0952.jpg,D:\visualization2026\dowsample2_Q13_hess_matched\stitched_frames\frame_0952.jpg,2314,1496,0.0018361398258300854,0.0007102213840683991,4.528003748854259,-6.636608322036794,-7.630326281114321,-39.530165798207236,12.15833002996858,32.89355747617044,35.06866282816846,6.07916501498429,16.44677873808522,-6.07916501498429,-16.44677873808522,0,0,35.06866282816846,1519.5516102363583,590.0878376062185,1527.1819365174726,629.6180034044257,12,12,1.2869170772722438,0.11629510216632373,6.6385164285928004,-0.09247726349068315,1.1686196405009077,165.25913332706102,3.7647903584218435e-05,3.049998497895791e-05,1.0,1.0,0.0,707.9208349850157,0.0,1.0,177.55322126191479,0.0,0.0,1.0
frame_0954.jpg,frame_0954,954,D:\visualization2026\visualization\left_downsample2_Q13\frame_0954.jpg,D:\visualization2026\visualization\right_downsample2_Q13\frame_0954.jpg,D:\visualization2026\dowsample2_Q13\stitched_frames\frame_0954.jpg,D:\visualization2026\dowsample2_Q13_hess_matched\stitched_frames\frame_0954.jpg,2323,1508,0.0019231366547943773,0.0004751257096177186,4.7581845040376125,-6.874748642241685,-2.8336681438881897,-42.10378881746135,7.591852647925802,35.229040175219666,36.037778764722155,3.795926323962901,17.614520087609833,-3.795926323962901,-17.614520087609833,0,0,36.037778764722155,1533.2188750659884,596.8132482195757,1536.0525432098766,638.9170370370371,12,12,1.2951983620782255,0.1289288948472267,4.371826745150171,-0.09818796681833233,1.190587249773973,175.31401909595385,3.3735529989151186e-05,4.2938270471607575e-05,1.0,1.0,0.0,719.2040736760371,0.0,1.0,190.38547991239017,0.0,0.0,1.0
frame_0956.jpg,frame_0956,956,D:\visualization2026\visualization\left_downsample2_Q13\frame_0956.jpg,D:\visualization2026\visualization\right_downsample2_Q13\frame_0956.jpg,D:\visualization2026\dowsample2_Q13\stitched_frames\frame_0956.jpg,D:\visualization2026\dowsample2_Q13_hess_matched\stitched_frames\frame_0956.jpg,2325,1497,0.0020371095279848594,8.75427817754737e-05,5.064372422448884,-7.164134408230744,-7.0115912419223605,-39.659428653398095,12.075963664371244,32.49529424516735,34.666598427062624,6.037981832185622,16.247647122583675,-6.037981832185622,-16.247647122583675,0,0,34.666598427062624,1531.139950869584,581.4203459610741,1538.1515421115064,621.0797746144722,12,12,1.3093403464934052,0.12616178374313722,6.089119167955417,-0.08764277791552119,1.1895552937111535,158.06845599426515,4.407224003794612e-05,3.978006257378335e-05,1.0,1.0,0.0,718.9620181678143,0.0,1.0,178.7523528774163,0.0,0.0,1.0
frame_0958.jpg,frame_0958,958,D:\visualization2026\visualization\left_downsample2_Q13\frame_0958.jpg,D:\visualization2026\visualization\right_downsample2_Q13\frame_0958.jpg,D:\visualization2026\dowsample2_Q13\stitched_frames\frame_0958.jpg,D:\visualization2026\dowsample2_Q13_hess_matched\stitched_frames\frame_0958.jpg,2314,1492,0.002072932284264639,-0.00010196472409107482,5.1645499552095915,-7.23587312882302,-7.4988110411647995,-39.55957105283153,12.66336099637439,32.32369792400851,34.71573359742018,6.331680498187195,16.161848962004257,-6.331680498187195,-16.161848962004257,0,0,34.71573359742018,1519.2956985270146,572.3743033084548,1526.7945095681794,611.9338743612864,12,12,1.2899253924004945,0.11441635996675914,6.809831009218653,-0.0909040983526394,1.1663434427781496,162.3346814420199,3.9329300235617776e-05,2.9574684730896036e-05,1.0,1.0,0.0,707.6683195018128,0.0,1.0,173.83815103799574,0.0,0.0,1.0
frame_0960.jpg,frame_0960,960,D:\visualization2026\visualization\left_downsample2_Q13\frame_0960.jpg,D:\visualization2026\visualization\right_downsample2_Q13\frame_0960.jpg,D:\visualization2026\dowsample2_Q13\stitched_frames\frame_0960.jpg,D:\visualization2026\dowsample2_Q13_hess_matched\stitched_frames\frame_0960.jpg,2304,1492,0.0018498212286193194,2.7787056636863205e-05,4.601772519120997,-6.490795350775906,-6.492729153176242,-39.33367646826707,11.09450167229724,32.84288111749117,34.66616228333134,5.54725083614862,16.421440558745584,-5.54725083614862,-16.421440558745584,0,0,34.66616228333134,1510.2960555283398,568.8145259545544,1516.788784681516,608.1482024228214,12,12,1.2689017497015265,0.10891367436246438,5.372390488296147,-0.09812873407040423,1.1486803536194579,174.29828587754307,3.115933681988151e-05,2.449911018941707e-05,1.0,1.0,0.0,698.4527491638514,0.0,1.0,175.5785594412544,0.0,0.0,1.0
frame_0962.jpg,frame_0962,962,D:\visualization2026\visualization\left_downsample2_Q13\frame_0962.jpg,D:\visualization2026\visualization\right_downsample2_Q13\frame_0962.jpg,D:\visualization2026\dowsample2_Q13\stitched_frames\frame_0962.jpg,D:\visualization2026\dowsample2_Q13_hess_matched\stitched_frames\frame_0962.jpg,2313,1500,0.0015022987093316065,0.00025652597216829776,3.7236281259978843,-5.337808691158679,-2.429031553197774,-42.8872832891434,6.152659679195658,37.54947459798472,38.05020714414969,3.076329839597829,18.77473729899236,-3.076329839597829,-18.77473729899236,0,0,38.05020714414969,1522.3436867594376,570.8498544991476,1524.7727183126353,613.737137788291,12,12,1.28116587967481,0.12113126310223223,3.064129398621926,-0.09961539347133755,1.172920640569179,178.567562032244,3.088475149215677e-05,3.671089555543993e-05,1.0,1.0,0.0,709.9236701604021,0.0,1.0,183.22526270100764,0.0,0.0,1.0
frame_0964.jpg,frame_0964,964,D:\visualization2026\visualization\left_downsample2_Q13\frame_0964.jpg,D:\visualization2026\visualization\right_downsample2_Q13\frame_0964.jpg,D:\visualization2026\dowsample2_Q13\stitched_frames\frame_0964.jpg,D:\visualization2026\dowsample2_Q13_hess_matched\stitched_frames\frame_0964.jpg,2306,1495,0.0013354970303027791,0.0003724091216074088,3.3017871527972544,-4.78613576856347,-6.582656328387429,-44.666977528254506,9.884443481184684,39.88084175969104,41.08751346083444,4.942221740592342,19.94042087984552,-4.942221740592342,-19.94042087984552,0,0,41.08751346083444,1511.6773983009805,569.5251671453822,1518.260054629368,614.1921446736367,12,12,1.2637196674373035,0.11694836271961408,4.620900223062674,-0.10001366480691153,1.1681147170453108,180.3455030959641,2.3913050326359182e-05,3.7124692297602944e-05,1.0,1.0,0.0,701.0577782594077,0.0,1.0,187.05957912015447,0.0,0.0,1.0
frame_0966.jpg,frame_0966,966,D:\visualization2026\visualization\left_downsample2_Q13\frame_0966.jpg,D:\visualization2026\visualization\right_downsample2_Q13\frame_0966.jpg,D:\visualization2026\dowsample2_Q13\stitched_frames\frame_0966.jpg,D:\visualization2026\dowsample2_Q13_hess_matched\stitched_frames\frame_0966.jpg,2291,1459,0.0015347932258213959,0.0002922544455057352,3.80241304614957,-5.461833616576214,1.439750595993928,-65.39175982315032,2.362662450155642,59.92992620657411,59.976480631817616,1.181331225077821,29.964963103287054,-1.181331225077821,-29.964963103287054,0,0,59.976480631817616,1504.5361709193196,540.3347605771576,1503.0964203233257,605.7265204003079,12,12,1.2781455533172388,0.09798106238667496,1.3183911692192907,-0.0930932086287224,1.1309532693011424,180.51390560065562,3.671455730688769e-05,2.7279938092195786e-05,1.0,1.0,0.0,689.8186687749222,0.0,1.0,173.03503689671294,0.0,0.0,1.0
frame_0968.jpg,frame_0968,968,D:\visualization2026\visualization\left_downsample2_Q13\frame_0968.jpg,D:\visualization2026\visualization\right_downsample2_Q13\frame_0968.jpg,D:\visualization2026\dowsample2_Q13\stitched_frames\frame_0968.jpg,D:\visualization2026\dowsample2_Q13_hess_matched\stitched_frames\frame_0968.jpg,2310,1494,0.0018865162873256125,0.00015069633322783993,4.685936290065767,-6.654294460955608,-7.727544867669167,-79.15777556797389,12.413481157734934,72.50348110701827,73.55847529067739,6.206740578867467,36.25174055350914,-6.206740578867467,-36.25174055350914,0,0,73.55847529067739,1514.0331388930144,558.8235215662644,1521.7606837606836,637.9812971342383,12,12,1.268274492079241,0.11673715394630395,6.256778600474646,-0.09752083617881928,1.1690738382711776,194.12703317886258,2.595272424487453e-05,3.619921747370737e-05,1.0,1.0,0.0,703.7932594211326,0.0,1.0,199.74825944649086,0.0,0.0,1.0
frame_0970.jpg,frame_0970,970,D:\visualization2026\visualization\left_downsample2_Q13\frame_0970.jpg,D:\visualization2026\visualization\right_downsample2_Q13\frame_0970.jpg,D:\visualization2026\dowsample2_Q13\stitched_frames\frame_0970.jpg,D:\visualization2026\dowsample2_Q13_hess_matched\stitched_frames\frame_0970.jpg,2331,1498,0.0020973610242471796,7.501676781429545e-05,5.215040935581276,-7.371736068156706,-9.503080003678406,-68.42759205153948,14.71812093925968,61.05585598338277,62.804781934549,7.35906046962984,30.527927991691385,-7.35906046962984,-30.527927991691385,0,0,62.804781934549,1532.5186088338,559.014860233018,1542.0216888374785,627.4424522845575,12,12,1.2882575791718032,0.13611628667004638,7.791242318788678,-0.09462032934938247,1.1962358702623388,183.60489458999393,2.850865448538514e-05,4.9339611577769536e-05,1.0,1.0,0.0,723.6409395303701,0.0,1.0,204.4720720083086,0.0,0.0,1.0
frame_0972.jpg,frame_0972,972,D:\visualization2026\visualization\left_downsample2_Q13\frame_0972.jpg,D:\visualization2026\visualization\right_downsample2_Q13\frame_0972.jpg,D:\visualization2026\dowsample2_Q13\stitched_frames\frame_0972.jpg,D:\visualization2026\dowsample2_Q13_hess_matched\stitched_frames\frame_0972.jpg,2360,1497,0.0021254138563222558,0.0002875306511127551,5.272482485012536,-7.530388621169425,-10.286240772738893,-66.76395066199314,15.558723257751428,59.23356204082371,61.242866861826506,7.779361628875714,29.616781020411857,-7.779361628875714,-29.616781020411857,0,0,61.242866861826506,1560.7067743611378,546.00263839505,1570.9930151338767,612.7665890570431,12,12,1.3605637212912247,0.15067753927213218,8.487453014337385,-0.07116993742601004,1.2465044109762624,146.8109565027968,5.78111068308718e-05,6.304650324424838e-05,1.0,1.0,0.0,752.2206383711243,0.0,1.0,195.38321897958815,0.0,0.0,1.0
frame_0974.jpg,frame_0974,974,D:\visualization2026\visualization\left_downsample2_Q13\frame_0974.jpg,D:\visualization2026\visualization\right_downsample2_Q13\frame_0974.jpg,D:\visualization2026\dowsample2_Q13\stitched_frames\frame_0974.jpg,D:\visualization2026\dowsample2_Q13_hess_matched\stitched_frames\frame_0974.jpg,2376,1495,0.0022325117400074923,0.0007941984901163046,5.509510804128901,-8.04958143227371,-8.317671490905695,-67.84030733810914,13.827182295034596,59.79072590583543,61.36873694778848,6.913591147517298,29.895362952917715,-6.913591147517298,-29.895362952917715,0,0,61.36873694778848,1578.2048878245357,537.2366082589348,1586.5225593154414,605.0769155970439,12,12,1.3906247033331842,0.1553821449010487,7.6393611786081586,-0.059580745084220996,1.2628134458137934,128.22289319803903,6.720959835387383e-05,6.500095313615019e-05,1.0,1.0,0.0,769.0864088524827,0.0,1.0,191.1046370470823,0.0,0.0,1.0
frame_0976.jpg,frame_0976,976,D:\visualization2026\visualization\left_downsample2_Q13\frame_0976.jpg,D:\visualization2026\visualization\right_downsample2_Q13\frame_0976.jpg,D:\visualization2026\dowsample2_Q13\stitched_frames\frame_0976.jpg,D:\visualization2026\dowsample2_Q13_hess_matched\stitched_frames\frame_0976.jpg,2349,1496,0.0025200022845256465,0.0013586790029160856,6.192091918196938,-9.217395079359102,-10.44626827463253,-69.00774547562696,16.638360192829467,59.79035039626786,62.062235138728454,8.319180096414733,29.89517519813393,-8.319180096414733,-29.89517519813393,0,0,62.062235138728454,1548.3508372342376,531.4590145617212,1558.7971055088701,600.4667600373482,12,12,1.330957237510979,0.14477407908106274,8.280719088963487,-0.07987198589948455,1.2215973892621417,160.18480063680977,4.7092282423365655e-05,5.497541006493087e-05,1.0,1.0,0.0,740.6808199035853,0.0,1.0,196.10482480186607,0.0,0.0,1.0
frame_0978.jpg,frame_0978,978,D:\visualization2026\visualization\left_downsample2_Q13\frame_0978.jpg,D:\visualization2026\visualization\right_downsample2_Q13\frame_0978.jpg,D:\visualization2026\dowsample2_Q13\stitched_frames\frame_0978.jpg,D:\visualization2026\dowsample2_Q13_hess_matched\stitched_frames\frame_0978.jpg,2354,1496,0.003183187075266325,0.0014225459960713893,7.838749178769221,-11.559734039860022,-14.332647609441437,-64.2890606056734,22.171396788210657,52.72932656581338,57.20098526795208,11.085698394105329,26.36466328290669,-11.085698394105329,-26.36466328290669,0,0,57.20098526795208,1550.7255566019212,536.6329695890028,1565.0582042113626,600.9220301946762,12,12,1.3628567854765627,0.1267067161297215,10.775796449304643,-0.06603339046394092,1.2300854151288754,134.3982459186389,6.23320858490783e-05,4.825230763749159e-05,1.0,1.0,0.0,742.9143016058947,0.0,1.0,181.6353367170933,0.0,0.0,1.0
frame_0980.jpg,frame_0980,980,D:\visualization2026\visualization\left_downsample2_Q13\frame_0980.jpg,D:\visualization2026\visualization\right_downsample2_Q13\frame_0980.jpg,D:\visualization2026\dowsample2_Q13\stitched_frames\frame_0980.jpg,D:\visualization2026\dowsample2_Q13_hess_matched\stitched_frames\frame_0980.jpg,2348,1490,0.004088152401181433,0.0010901971728405346,10.110153794624994,-14.636923942992363,-11.377097200037952,-57.97049083201932,21.487250994662944,43.33356688902696,48.368377837523326,10.743625497331472,21.66678344451348,-10.743625497331472,-21.66678344451348,0,0,48.368377837523326,1546.2518026357584,548.9136429939248,1557.6288998357963,606.8841338259441,12,12,1.336143180795572,0.12897861835739943,10.792501832683605,-0.07552398651077438,1.210918723766523,144.675501952173,5.1175013936807367e-05,4.750915822925598e-05,1.0,1.0,0.0,737.2563745026686,0.0,1.0,184.33321655548653,0.0,0.0,1.0
frame_0982.jpg,frame_0982,982,D:\visualization2026\visualization\left_downsample2_Q13\frame_0982.jpg,D:\visualization2026\visualization\right_downsample2_Q13\frame_0982.jpg,D:\visualization2026\dowsample2_Q13\stitched_frames\frame_0982.jpg,D:\visualization2026\dowsample2_Q13_hess_matched\stitched_frames\frame_0982.jpg,2323,1494,0.004684102615090446,0.0015806807993316019,11.56466216393107,-16.86475942831644,14.520851003472217,-52.99621170276396,-2.956188839541147,36.13145227444752,36.2521847054175,-1.4780944197705734,18.06572613722376,1.4780944197705734,-18.06572613722376,0,0,36.2521847054175,1541.7250032526072,562.0948022429212,1527.204152249135,615.0910139456852,12,12,1.3115091729237092,0.10477529488858679,-1.6459563805754582,-0.08896116850973777,1.1797829062461467,161.32539116420466,4.386437738662575e-05,3.5770457120185805e-05,1.0,1.0,0.0,724.4780944197706,0.0,1.0,183.93427386277625,0.0,0.0,1.0
frame_0984.jpg,frame_0984,984,D:\visualization2026\visualization\left_downsample2_Q13\frame_0984.jpg,D:\visualization2026\visualization\right_downsample2_Q13\frame_0984.jpg,D:\visualization2026\dowsample2_Q13\stitched_frames\frame_0984.jpg,D:\visualization2026\dowsample2_Q13_hess_matched\stitched_frames\frame_0984.jpg,2355,1461,0.004364012712895993,0.0030505172016196402,10.682546118429409,-16.160293536371388,-7.093081497271214,-73.3187529528368,17.77562761570062,57.15845941646542,59.85868708880761,8.88781380785031,28.57922970823271,-8.88781380785031,-28.57922970823271,0,0,59.85868708880761,1551.391814012764,543.5076488679783,1558.4848955100351,616.8264018208151,12,12,1.3335528157906769,0.11788304323242821,8.656749136982288,-0.06905346016723625,1.1775271122930384,141.33957042669883,5.509432437033249e-05,3.601685578389244e-05,1.0,1.0,0.0,746.1121861921497,0.0,1.0,163.4207702917673,0.0,0.0,1.0
frame_0986.jpg,frame_0986,986,D:\visualization2026\visualization\left_downsample2_Q13\frame_0986.jpg,D:\visualization2026\visualization\right_downsample2_Q13\frame_0986.jpg,D:\visualization2026\dowsample2_Q13\stitched_frames\frame_0986.jpg,D:\visualization2026\dowsample2_Q13_hess_matched\stitched_frames\frame_0986.jpg,2378,1492,0.0032812680453758736,0.0039739139257115585,7.934324514598544,-12.627869980776287,1.431309034634296,-97.54839892239306,6.503015479964248,84.92052894161678,85.16915783343538,3.251507739982124,42.46026447080839,-3.251507739982124,-42.46026447080839,0,0,85.16915783343538,1582.7465625674688,564.5089576860858,1581.3152535328345,662.0573566084788,12,12,1.3744812908000994,0.14217368678652526,3.320016415484368,-0.07158606780173642,1.245753674743511,161.224285929765,5.8594052999993285e-05,6.608891003362781e-05,1.0,1.0,0.0,774.7484922600179,0.0,1.0,194.5397355291916,0.0,0.0,1.0
frame_0988.jpg,frame_0988,988,D:\visualization2026\visualization\left_downsample2_Q13\frame_0988.jpg,D:\visualization2026\visualization\right_downsample2_Q13\frame_0988.jpg,D:\visualization2026\dowsample2_Q13\stitched_frames\frame_0988.jpg,D:\visualization2026\dowsample2_Q13_hess_matched\stitched_frames\frame_0988.jpg,2242,1408,0.0023316067746158575,0.004419775468702092,5.545084263920283,-9.426267362587318,-36.539303939969386,-89.38849027528056,42.08438820388967,79.96222291269325,90.36068184578365,21.042194101944833,39.981111456346625,-21.042194101944833,-39.981111456346625,0,0,90.36068184578365,1408.5154116827807,520.726083415967,1445.05471562275,610.1145736912475,12,12,1.0394171001487371,0.06428245180806146,21.47558539620312,-0.16215252504210279,0.8730465946917869,297.11855484681746,-3.661150242466904e-05,-5.915996030286031e-05,1.0,1.0,0.0,620.9578058980552,0.0,1.0,150.01888854365336,0.0,0.0,1.0
frame_0990.jpg,frame_0990,990,D:\visualization2026\visualization\left_downsample2_Q13\frame_0990.jpg,D:\visualization2026\visualization\right_downsample2_Q13\frame_0990.jpg,D:\visualization2026\dowsample2_Q13\stitched_frames\frame_0990.jpg,D:\visualization2026\dowsample2_Q13_hess_matched\stitched_frames\frame_0990.jpg,2355,1494,0.0020600855085267655,0.004485152970486239,4.865582117257238,-8.493253030810502,0.45162877610687246,-125.59444174239138,4.413953341150366,117.10118871158087,117.18434785312895,2.206976670575183,58.55059435579044,-2.206976670575183,-58.55059435579044,0,0,117.18434785312895,1558.1559298513755,564.33292689222,1557.7043010752686,689.9273686346114,12,12,1.3065939823820583,0.14016145401714464,1.9413242055537934,-0.09511105212044715,1.1985753107628927,214.29729066696723,3.5100191869596416e-05,5.3649077279439386e-05,1.0,1.0,0.0,752.7930233294248,0.0,1.0,216.44940564420955,0.0,0.0,1.0
frame_0992.jpg,frame_0992,992,D:\visualization2026\visualization\left_downsample2_Q13\frame_0992.jpg,D:\visualization2026\visualization\right_downsample2_Q13\frame_0992.jpg,D:\visualization2026\dowsample2_Q13\stitched_frames\frame_0992.jpg,D:\visualization2026\dowsample2_Q13_hess_matched\stitched_frames\frame_0992.jpg,2390,1499,0.0019579571312170474,0.004349174575629444,4.619344351636145,-8.096724854906324,1.6082011736666573,-124.92123018461882,3.0111431779694877,116.8245053297125,116.86330488553818,1.5055715889847439,58.41225266485625,-1.5055715889847439,-58.41225266485625,0,0,116.86330488553818,1593.8802093914376,563.0670594918064,1592.272008217771,687.9882896764252,12,12,1.3775242319592536,0.16641857729025553,1.7669186981624212,-0.06994398901382312,1.2688407843585159,175.82448002342275,5.836789348699269e-05,7.548706460458113e-05,1.0,1.0,0.0,788.4944284110153,0.0,1.0,218.58774733514375,0.0,0.0,1.0
frame_0994.jpg,frame_0994,994,D:\visualization2026\visualization\left_downsample2_Q13\frame_0994.jpg,D:\visualization2026\visualization\right_downsample2_Q13\frame_0994.jpg,D:\visualization2026\dowsample2_Q13\stitched_frames\frame_0994.jpg,D:\visualization2026\dowsample2_Q13_hess_matched\stitched_frames\frame_0994.jpg,2393,1508,0.001929262937113596,0.004376839503410501,4.5463268815377065,-8.004017632437861,28.600874425583015,5.793784221597889,-24.05454754404531,-13.79780185403575,27.73085994973774,-12.027273772022655,-6.898900927017875,12.027273772022655,6.898900927017875,3,6,27.73085994973774,2024.290582566904,646.704690519601,1995.689708141321,640.910906298003,12,12,1.3767508507329433,0.17355106800303816,-12.278455787926164,-0.07816746193136974,1.2780117729980027,117.06908370395092,5.360974439513366e-05,8.310226198448553e-05,1.0,1.0,0.0,805.0272737720227,0.0,1.0,294.89890092701785,0.0,0.0,1.0
frame_0996.jpg,frame_0996,996,D:\visualization2026\visualization\left_downsample2_Q13\frame_0996.jpg,D:\visualization2026\visualization\right_downsample2_Q13\frame_0996.jpg,D:\visualization2026\dowsample2_Q13\stitched_frames\frame_0996.jpg,D:\visualization2026\dowsample2_Q13_hess_matched\stitched_frames\frame_0996.jpg,2381,1507,0.001990034679851038,0.004736039650087842,4.676653357747433,-8.31898534840795,5.24385051172203,-130.46727868186167,-0.5671971539745968,122.14829333345372,122.149610219955,-0.2835985769872984,61.07414666672686,0.2835985769872984,-61.07414666672686,0,0,122.149610219955,1588.6394724022693,558.7778954474916,1583.3956218905473,689.2451741293532,12,12,1.352240666594802,0.16396687043148406,-0.10291605405144466,-0.08241950713102869,1.259168964436282,197.29816570237358,4.5429156419452845e-05,7.471289729768036e-05,1.0,1.0,0.0,781.2835985769873,0.0,1.0,226.92585333327315,0.0,0.0,1.0
frame_0998.jpg,frame_0998,998,D:\visualization2026\visualization\left_downsample2_Q13\frame_0998.jpg,D:\visualization2026\visualization\right_downsample2_Q13\frame_0998.jpg,D:\visualization2026\dowsample2_Q13\stitched_frames\frame_0998.jpg,D:\visualization2026\dowsample2_Q13_hess_matched\stitched_frames\frame_0998.jpg,2392,1504,0.002245299986157634,0.004973722684581183,5.2980616355934975,-9.281075671259428,3.707620595432445,-129.39740393651846,1.5904410401610525,120.11632826525903,120.12685719117809,0.7952205200805262,60.058164132629514,-0.7952205200805262,-60.058164132629514,0,0,120.12685719117809,1597.5434594408923,545.8203751775325,1593.8358388454599,675.2177791140509,12,12,1.382837407927911,0.16494699070220525,0.6312020313243845,-0.07318670616946917,1.2674855983752518,182.67523118724506,5.9590815618090465e-05,7.451354069100797e-05,1.0,1.0,0.0,791.2047794799195,0.0,1.0,217.9418358673705,0.0,0.0,1.0
frame_1000.jpg,frame_1000,1000,D:\visualization2026\visualization\left_downsample2_Q13\frame_1000.jpg,D:\visualization2026\visualization\right_downsample2_Q13\frame_1000.jpg,D:\visualization2026\dowsample2_Q13\stitched_frames\frame_1000.jpg,D:\visualization2026\dowsample2_Q13_hess_matched\stitched_frames\frame_1000.jpg,2359,1499,0.002479840202909034,0.005079269441086609,5.875585425410199,-10.133015643813227,6.13610897235867,-108.06422754287996,-0.26052354694847146,97.93121189906674,97.93155843005066,-0.13026177347423573,48.96560594953337,0.13026177347423573,-48.96560594953337,0,0,97.93155843005066,1566.1582381589615,559.9832206229892,1560.0221291866028,668.0474481658691,12,12,1.3131977974758464,0.14341302422520658,0.36187567677698507,-0.09572719252432522,1.208776074567314,205.2867053162019,3.5807335551914865e-05,5.780210862748678e-05,1.0,1.0,0.0,759.1302617734742,0.0,1.0,231.03439405046663,0.0,0.0,1.0
frame_1002.jpg,frame_1002,1002,D:\visualization2026\visualization\left_downsample2_Q13\frame_1002.jpg,D:\visualization2026\visualization\right_downsample2_Q13\frame_1002.jpg,D:\visualization2026\dowsample2_Q13\stitched_frames\frame_1002.jpg,D:\visualization2026\dowsample2_Q13_hess_matched\stitched_frames\frame_1002.jpg,2325,1462,0.002488709021819635,0.005030684758660531,5.900483928634548,-10.150302949999956,-0.696753654378881,-110.02134748444234,6.597237583013429,99.87104453444239,100.08870605681393,3.2986187915067147,49.935522267221195,-3.2986187915067147,-49.935522267221195,0,0,100.08870605681393,1520.474835656451,522.5842382097509,1521.1715893108299,632.6055856941932,12,12,1.2875752132039755,0.08867869557336859,3.638489005974111,-0.0760479231245029,1.1288239595303833,175.55084226971093,5.0121103646765605e-05,1.0149922894941232e-05,1.0,1.0,0.0,721.7013812084933,0.0,1.0,181.0644777327788,0.0,0.0,1.0
frame_1004.jpg,frame_1004,1004,D:\visualization2026\visualization\left_downsample2_Q13\frame_1004.jpg,D:\visualization2026\visualization\right_downsample2_Q13\frame_1004.jpg,D:\visualization2026\dowsample2_Q13\stitched_frames\frame_1004.jpg,D:\visualization2026\dowsample2_Q13_hess_matched\stitched_frames\frame_1004.jpg,2403,1497,0.0023354993490961595,0.0047076898743816376,5.538012814214724,-9.521655767608266,14.47062659496919,-102.10311613653869,-8.932613780754465,92.58146036893042,93.01138851237498,-4.466306890377233,46.29073018446521,4.466306890377233,-46.29073018446521,0,0,93.01138851237498,1613.453088040388,546.2015910502367,1598.9824614454187,648.3047071867754,12,12,1.4243988265027256,0.15491655010416622,-4.642700683252507,-0.05311579661711856,1.2839448551559685,137.49768866536175,7.701169243396302e-05,7.270060743319994e-05,1.0,1.0,0.0,807.4663068903773,0.0,1.0,204.70926981553478,0.0,0.0,1.0
frame_1006.jpg,frame_1006,1006,D:\visualization2026\visualization\left_downsample2_Q13\frame_1006.jpg,D:\visualization2026\visualization\right_downsample2_Q13\frame_1006.jpg,D:\visualization2026\dowsample2_Q13\stitched_frames\frame_1006.jpg,D:\visualization2026\dowsample2_Q13_hess_matched\stitched_frames\frame_1006.jpg,2409,1511,0.002211368619433829,0.004403587062476566,5.246806742721903,-9.000282955392585,18.15260077090943,-106.62121563247376,-12.905794028187527,97.62093267708119,98.47033063944296,-6.452897014093764,48.81046633854059,6.452897014093764,-48.81046633854059,0,0,98.47033063944296,1622.6589509076816,553.4558652584993,1604.5063501367722,660.0770808909731,12,12,1.4151337370279493,0.1697521501293056,-5.672002984783602,-0.06576773318257882,1.2967575836824976,159.32912187369925,6.579570747687243e-05,8.343766806408896e-05,1.0,1.0,0.0,815.4528970140938,0.0,1.0,219.1895336614594,0.0,0.0,1.0
frame_1008.jpg,frame_1008,1008,D:\visualization2026\visualization\left_downsample2_Q13\frame_1008.jpg,D:\visualization2026\visualization\right_downsample2_Q13\frame_1008.jpg,D:\visualization2026\dowsample2_Q13\stitched_frames\frame_1008.jpg,D:\visualization2026\dowsample2_Q13_hess_matched\stitched_frames\frame_1008.jpg,2370,1498,0.0022833836686997344,0.00440612594184242,5.425872688021109,-9.253388623444541,13.813606850001861,-103.91098159954288,-8.387734161980752,94.65759297609834,95.02849042471821,-4.193867080990376,47.32879648804917,4.193867080990376,-47.32879648804917,0,0,95.02849042471821,1579.3691624055575,540.5737233540787,1565.5555555555557,644.4847049536215,12,12,1.3505495958718858,0.13912682399443743,-4.198389235567252,-0.0788295371738574,1.2316420953889589,177.45644741843108,5.150562332252602e-05,5.9311011724425116e-05,1.0,1.0,0.0,774.1938670809903,0.0,1.0,209.67120351195084,0.0,0.0,1.0
frame_1010.jpg,frame_1010,1010,D:\visualization2026\visualization\left_downsample2_Q13\frame_1010.jpg,D:\visualization2026\visualization\right_downsample2_Q13\frame_1010.jpg,D:\visualization2026\dowsample2_Q13\stitched_frames\frame_1010.jpg,D:\visualization2026\dowsample2_Q13_hess_matched\stitched_frames\frame_1010.jpg,2390,1492,0.0024835726284083703,0.004596000209858397,5.913002967328223,-10.008883553983143,13.940698644487384,-100.81976714419272,-8.02769567715916,90.81088359020958,91.16501783205922,-4.01384783857958,45.40544179510479,4.01384783857958,-45.40544179510479,0,0,91.16501783205922,1598.9925678948298,531.0950889920374,1585.0518692503424,631.9148561362301,12,12,1.39238869197606,0.14745031136284084,-3.8214962823181517,-0.061944753909807464,1.2567140857086414,149.19994205296018,6.673289994478828e-05,6.515766291757206e-05,1.0,1.0,0.0,794.0138478385796,0.0,1.0,203.5945582048952,0.0,0.0,1.0
frame_1012.jpg,frame_1012,1012,D:\visualization2026\visualization\left_downsample2_Q13\frame_1012.jpg,D:\visualization2026\visualization\right_downsample2_Q13\frame_1012.jpg,D:\visualization2026\dowsample2_Q13\stitched_frames\frame_1012.jpg,D:\visualization2026\dowsample2_Q13_hess_matched\stitched_frames\frame_1012.jpg,2353,1459,0.0026818053622296167,0.0048556663504270015,6.391202755153963,-10.777338412324722,6.244344612920941,-92.08553115892994,0.14685814223302263,81.30819274660522,81.30832537343913,0.07342907111651131,40.65409637330261,-0.07342907111651131,-40.65409637330261,0,0,81.30832537343913,1554.0308273985233,500.1658381681435,1547.7864827856024,592.2513693270735,12,12,1.3518449909922743,0.10404374156599931,0.2798751322561839,-0.05685431509093903,1.1843290725563835,135.55342386040155,6.867090644503361e-05,3.1614200428912426e-05,1.0,1.0,0.0,752.9265709288835,0.0,1.0,173.3459036266974,0.0,0.0,1.0
frame_1014.jpg,frame_1014,1014,D:\visualization2026\visualization\left_downsample2_Q13\frame_1014.jpg,D:\visualization2026\visualization\right_downsample2_Q13\frame_1014.jpg,D:\visualization2026\dowsample2_Q13\stitched_frames\frame_1014.jpg,D:\visualization2026\dowsample2_Q13_hess_matched\stitched_frames\frame_1014.jpg,2386,1493,0.002880812586738224,0.005111187556073538,6.871571169186327,-11.54733070451142,16.19449747672047,-102.45667825315252,-9.322926307534145,90.9093475486411,91.38613913857687,-4.661463153767072,45.45467377432055,4.661463153767072,-45.45467377432055,0,0,91.38613913857687,1596.7081954390876,522.1409623825109,1580.5136979623671,624.5976406356634,12,12,1.3863301915335098,0.1431120240198096,-4.049784282511296,-0.0629448880630313,1.2540707586658553,150.93537292437549,6.391594041514033e-05,6.38474902381785e-05,1.0,1.0,0.0,790.661463153767,0.0,1.0,205.54532622567945,0.0,0.0,1.0
frame_1016.jpg,frame_1016,1016,D:\visualization2026\visualization\left_downsample2_Q13\frame_1016.jpg,D:\visualization2026\visualization\right_downsample2_Q13\frame_1016.jpg,D:\visualization2026\dowsample2_Q13\stitched_frames\frame_1016.jpg,D:\visualization2026\dowsample2_Q13_hess_matched\stitched_frames\frame_1016.jpg,2381,1487,0.0036723622448934234,0.005334128435053209,8.828412961181918,-14.384703976684614,16.554332249344498,-85.48791655023308,-7.725919288162579,71.10321257354846,71.52172164543038,-3.8629596440812897,35.55160628677423,3.8629596440812897,-35.55160628677423,0,0,71.52172164543038,1591.783895626917,507.1774998760027,1575.2295633775725,592.6654164262358,12,12,1.3987960197517173,0.13038106974912544,-3.244189162585318,-0.053581492421803815,1.2537056346031223,125.59405426739868,7.314299054500057e-05,5.8942021631142785e-05,1.0,1.0,0.0,784.8629596440813,0.0,1.0,188.44839371322576,0.0,0.0,1.0
frame_1018.jpg,frame_1018,1018,D:\visualization2026\visualization\left_downsample2_Q13\frame_1018.jpg,D:\visualization2026\visualization\right_downsample2_Q13\frame_1018.jpg,D:\visualization2026\dowsample2_Q13\stitched_frames\frame_1018.jpg,D:\visualization2026\dowsample2_Q13_hess_matched\stitched_frames\frame_1018.jpg,2347,1450,0.004511507613415233,0.005281464358908972,10.919741370813604,-17.310630285834474,0.42734951763941353,-96.80359730813927,10.49239185317419,79.4929670223048,80.18243007548345,5.246195926587095,39.7464835111524,-5.246195926587095,-39.7464835111524,0,0,80.18243007548345,1541.3223191141014,473.15171870439065,1540.894969596462,569.9553160125299,12,12,1.3244270476272628,0.09054285468772297,5.132189540008969,-0.06246334313388796,1.1638912531417045,143.0872849479474,5.657230874209451e-05,2.7789701909337986e-05,1.0,1.0,0.0,741.7538040734129,0.0,1.0,170.2535164888476,0.0,0.0,1.0
frame_1020.jpg,frame_1020,1020,D:\visualization2026\visualization\left_downsample2_Q13\frame_1020.jpg,D:\visualization2026\visualization\right_downsample2_Q13\frame_1020.jpg,D:\visualization2026\dowsample2_Q13\stitched_frames\frame_1020.jpg,D:\visualization2026\dowsample2_Q13_hess_matched\stitched_frames\frame_1020.jpg,2359,1487,0.00474631956943683,0.005084375017428644,11.515556643357112,-18.077596283699886,31.17270125344089,-104.08602913044263,-19.65714461008378,86.00843284674274,88.22615176337683,-9.82857230504189,43.00421642337137,9.82857230504189,-43.00421642337137,0,0,88.22615176337683,1583.1461490868235,524.8931437054076,1551.9734478333826,628.9791728358502,12,12,1.3168977554644894,0.11900489455832373,-9.170070243516848,-0.08351347704921651,1.2091394376163167,179.39735306219478,3.604287080612153e-05,5.482435207725658e-05,1.0,1.0,0.0,768.8285723050419,0.0,1.0,210.99578357662864,0.0,0.0,1.0
frame_1022.jpg,frame_1022,1022,D:\visualization2026\visualization\left_downsample2_Q13\frame_1022.jpg,D:\visualization2026\visualization\right_downsample2_Q13\frame_1022.jpg,D:\visualization2026\dowsample2_Q13\stitched_frames\frame_1022.jpg,D:\visualization2026\dowsample2_Q13_hess_matched\stitched_frames\frame_1022.jpg,2379,1458,0.004309163318176545,0.004600614364266731,10.45582515517357,-16.40818087096017,21.77933998979279,-84.76835949216002,-11.323514834619218,68.36017862119985,69.29167344877875,-5.661757417309609,34.180089310599925,5.661757417309609,-34.180089310599925,0,0,69.29167344877875,1594.1519413745605,497.76269886590126,1572.3726013847677,582.5310583580613,12,12,1.404258058882954,0.10271259936188816,-5.96252740448795,-0.0378438369721173,1.2255096775674124,98.87360442610753,8.581494764807507e-05,4.294091008675738e-05,1.0,1.0,0.0,784.6617574173096,0.0,1.0,173.81991068940007,0.0,0.0,1.0
frame_1024.jpg,frame_1024,1024,D:\visualization2026\visualization\left_downsample2_Q13\frame_1024.jpg,D:\visualization2026\visualization\right_downsample2_Q13\frame_1024.jpg,D:\visualization2026\dowsample2_Q13\stitched_frames\frame_1024.jpg,D:\visualization2026\dowsample2_Q13_hess_matched\stitched_frames\frame_1024.jpg,2379,1458,0.0037118946135102915,0.004143981009186337,8.996065353732622,-14.185335565685193,19.733718454215023,-91.97034359931604,-10.737653100482401,77.78500803363085,78.52263793899384,-5.3688265502412005,38.89250401681542,5.3688265502412005,-38.89250401681542,0,0,78.52263793899384,1590.6804241643174,486.1053030575897,1570.9467057101024,578.0756466569057,12,12,1.404283196729976,0.10272517807991259,-5.669596537419542,-0.0374394413508074,1.2257120329436035,103.58601913232303,8.581494764807507e-05,4.294091008675738e-05,1.0,1.0,0.0,784.3688265502412,0.0,1.0,169.10749598318458,0.0,0.0,1.0
frame_1026.jpg,frame_1026,1026,D:\visualization2026\visualization\left_downsample2_Q13\frame_1026.jpg,D:\visualization2026\visualization\right_downsample2_Q13\frame_1026.jpg,D:\visualization2026\dowsample2_Q13\stitched_frames\frame_1026.jpg,D:\visualization2026\dowsample2_Q13_hess_matched\stitched_frames\frame_1026.jpg,2439,1469,0.003431647689377204,0.004162951792938907,8.297550039717576,-13.208565104247095,-12.30190403071424,-13.75836455375935,20.59945407043182,0.5497994495122551,20.606789838170183,10.29972703521591,0.27489972475612756,-10.29972703521591,-0.27489972475612756,0,6,20.606789838170183,1650.0718333430232,485.7870899916952,1662.3737373737374,499.54545454545456,12,12,1.5059944374692864,0.15193885489915043,10.942316319314926,-0.01252134597679207,1.315420959856807,20.92143621544537,0.00011396459440220387,7.397047092757683e-05,1.0,1.0,0.0,828.7002729647841,0.0,1.0,215.72510027524388,0.0,0.0,1.0
frame_1028.jpg,frame_1028,1028,D:\visualization2026\visualization\left_downsample2_Q13\frame_1028.jpg,D:\visualization2026\visualization\right_downsample2_Q13\frame_1028.jpg,D:\visualization2026\dowsample2_Q13\stitched_frames\frame_1028.jpg,D:\visualization2026\dowsample2_Q13_hess_matched\stitched_frames\frame_1028.jpg,2375,1487,0.002912462513054992,0.004474176234803617,6.98741178397413,-11.477387219641404,34.93777276304377,-104.23718549816152,-27.950360979069636,92.75979827852012,96.87932109347197,-13.975180489534818,46.37989913926006,13.975180489534818,-46.37989913926006,0,0,96.87932109347197,1601.6064388584452,501.9242921748842,1566.6686660954015,606.1614776730457,12,12,1.3625883544507416,0.12232402652438452,-13.922204153666893,-0.06521139609409121,1.2382478483282437,155.00863157628086,5.755776316927887e-05,5.8356764253160006e-05,1.0,1.0,0.0,788.9751804895349,0.0,1.0,199.62010086073994,0.0,0.0,1.0
frame_1030.jpg,frame_1030,1030,D:\visualization2026\visualization\left_downsample2_Q13\frame_1030.jpg,D:\visualization2026\visualization\right_downsample2_Q13\frame_1030.jpg,D:\visualization2026\dowsample2_Q13\stitched_frames\frame_1030.jpg,D:\visualization2026\dowsample2_Q13_hess_matched\stitched_frames\frame_1030.jpg,2398,1481,0.002254805275883509,0.004840881980680334,5.329448242062698,-9.276671069285491,30.029907758583477,-95.5669727524305,-24.70045951652078,86.290301683145,89.755940554904,-12.35022975826039,43.1451508415725,12.35022975826039,-43.1451508415725,0,0,89.755940554904,1617.70555091979,492.0753555836791,1587.6756431612066,587.6423283361096,12,12,1.4121938881329392,0.13202923937491515,-11.927731056257791,-0.05034024461576414,1.260976927737542,129.37817485354637,7.621845767776208e-05,6.471641604003446e-05,1.0,1.0,0.0,810.3502297582604,0.0,1.0,190.8548491584275,0.0,0.0,1.0
frame_1032.jpg,frame_1032,1032,D:\visualization2026\visualization\left_downsample2_Q13\frame_1032.jpg,D:\visualization2026\visualization\right_downsample2_Q13\frame_1032.jpg,D:\visualization2026\dowsample2_Q13\stitched_frames\frame_1032.jpg,D:\visualization2026\dowsample2_Q13_hess_matched\stitched_frames\frame_1032.jpg,2353,1474,0.001894793452028698,0.005113280551581223,4.417682218558658,-8.092310361422006,-49.50967794256303,-13.830251915379847,53.92736016112169,5.737941553957841,54.231763268623034,26.963680080560845,2.8689707769789203,-26.963680080560845,-2.8689707769789203,10,3,54.231763268623034,1528.2174971379955,259.3620144648565,1577.7271750805585,273.19226638023633,12,12,1.3108413895515318,0.11136814917463618,27.26631792970637,-0.0802501576992967,1.184105849522125,131.63135102760722,4.015758921399325e-05,4.266904959400216e-05,1.0,1.0,0.0,726.0363199194392,0.0,1.0,236.13102922302107,0.0,0.0,1.0
frame_1034.jpg,frame_1034,1034,D:\visualization2026\visualization\left_downsample2_Q13\frame_1034.jpg,D:\visualization2026\visualization\right_downsample2_Q13\frame_1034.jpg,D:\visualization2026\dowsample2_Q13\stitched_frames\frame_1034.jpg,D:\visualization2026\dowsample2_Q13_hess_matched\stitched_frames\frame_1034.jpg,2353,1474,0.0018348587703859165,0.004745745602868667,4.289923954225029,-7.777909751281928,39.10299540350911,-102.09816989032947,-34.81307144928408,94.32026013904755,100.53984989261998,-17.40653572464204,47.160130069523774,17.40653572464204,-47.160130069523774,0,0,100.53984989261998,1571.1363569296814,510.26269844911235,1532.0333615261723,612.3608683394418,12,12,1.3090595886518903,0.10947491423594741,-17.103897875496514,-0.07847153151861516,1.1859957111945545,175.92251032015207,4.015758921399325e-05,4.266904959400216e-05,1.0,1.0,0.0,770.406535724642,0.0,1.0,191.83986993047623,0.0,0.0,1.0
frame_1036.jpg,frame_1036,1036,D:\visualization2026\visualization\left_downsample2_Q13\frame_1036.jpg,D:\visualization2026\visualization\right_downsample2_Q13\frame_1036.jpg,D:\visualization2026\dowsample2_Q13\stitched_frames\frame_1036.jpg,D:\visualization2026\dowsample2_Q13_hess_matched\stitched_frames\frame_1036.jpg,2398,1464,0.0018448797416610319,0.004186688392715743,4.347402232240745,-7.65429838273015,30.54673161609503,-64.98619694227227,-26.199329383854284,57.331898559542125,63.03452587753254,-13.099664691927142,28.665949279771063,13.099664691927142,-28.665949279771063,0,0,63.03452587753254,1602.4677611568966,520.0750295372052,1571.9210295408016,585.0612264794775,12,12,1.441882465698631,0.1120789944279159,-13.350178219964373,-0.027643306293967895,1.2554317242156354,77.5779068938563,9.726344207765674e-05,5.0853427248950556e-05,1.0,1.0,0.0,811.0996646919272,0.0,1.0,168.33405072022893,0.0,0.0,1.0
frame_1038.jpg,frame_1038,1038,D:\visualization2026\visualization\left_downsample2_Q13\frame_1038.jpg,D:\visualization2026\visualization\right_downsample2_Q13\frame_1038.jpg,D:\visualization2026\dowsample2_Q13\stitched_frames\frame_1038.jpg,D:\visualization2026\dowsample2_Q13_hess_matched\stitched_frames\frame_1038.jpg,2380,1489,0.0017583265115006519,0.004224218473820818,4.129824906309421,-7.361618657309057,23.386267221628714,-56.65375012626282,-19.256442315319294,49.29213146895376,52.91998483933873,-9.628221157659647,24.64606573447688,9.628221157659647,-24.64606573447688,0,0,52.91998483933873,1577.2517142561521,562.7093855086343,1553.8654470345234,619.3631356348972,12,12,1.3790551856096787,0.12061953886750738,-9.791467717857978,-0.060399336353098305,1.245381105496237,124.21627661309086,6.344550935734519e-05,5.792470323020506e-05,1.0,1.0,0.0,789.6282211576596,0.0,1.0,206.35393426552312,0.0,0.0,1.0
frame_1040.jpg,frame_1040,1040,D:\visualization2026\visualization\left_downsample2_Q13\frame_1040.jpg,D:\visualization2026\visualization\right_downsample2_Q13\frame_1040.jpg,D:\visualization2026\dowsample2_Q13\stitched_frames\frame_1040.jpg,D:\visualization2026\dowsample2_Q13_hess_matched\stitched_frames\frame_1040.jpg,2326,1436,0.0015977322152653795,0.004437703098966073,3.7177503798691203,-6.859411819130356,23.41611913118595,-39.64756435953814,-19.69836875131683,32.78815254040778,38.25034220076867,-9.849184375658416,16.39407627020389,9.849184375658416,-16.39407627020389,0,0,38.25034220076867,1514.1172554948223,538.2508257919769,1490.7011363636364,577.8983901515151,12,12,1.3062028737255613,0.05092625214926036,-9.802637887367615,-0.06406981922788038,1.1245550063400918,120.29309291140092,5.366246318428681e-05,1.024294641640039e-05,1.0,1.0,0.0,735.8491843756584,0.0,1.0,173.6059237297961,0.0,0.0,1.0
frame_1042.jpg,frame_1042,1042,D:\visualization2026\visualization\left_downsample2_Q13\frame_1042.jpg,D:\visualization2026\visualization\right_downsample2_Q13\frame_1042.jpg,D:\visualization2026\dowsample2_Q13\stitched_frames\frame_1042.jpg,D:\visualization2026\dowsample2_Q13_hess_matched\stitched_frames\frame_1042.jpg,2425,1480,0.0014585537205996646,0.0044482287261945475,3.370783782349599,-6.374633682671249,28.31611802700968,-60.671825024664145,-24.94533424466008,54.2971913419929,59.753281819551965,-12.47266712233004,27.14859567099645,12.47266712233004,-27.14859567099645,0,0,59.753281819551965,1617.4971891519742,586.0526483861225,1589.1810711249645,646.7244734107867,12,12,1.5061045806618487,0.175101498500325,-11.938772493976945,-0.01839872694029867,1.3455204029421584,61.5396804259241,0.00010666672351321565,9.330803432337194e-05,1.0,1.0,0.0,837.47266712233,0.0,1.0,231.85140432900354,0.0,0.0,1.0
frame_1044.jpg,frame_1044,1044,D:\visualization2026\visualization\left_downsample2_Q13\frame_1044.jpg,D:\visualization2026\visualization\right_downsample2_Q13\frame_1044.jpg,D:\visualization2026\dowsample2_Q13\stitched_frames\frame_1044.jpg,D:\visualization2026\dowsample2_Q13_hess_matched\stitched_frames\frame_1044.jpg,2314,1479,0.001384548653941442,0.004359747655550916,3.1917679137755495,-6.09015253630745,27.78358786287731,-60.71008762373913,-24.59181994910176,54.61993508743168,59.90070882188532,-12.29590997455088,27.30996754371584,12.29590997455088,-27.30996754371584,0,0,59.90070882188532,1501.402112800293,601.5954197900871,1473.6185249374157,662.3055074138263,12,12,1.2515219598970244,0.11206038129189727,-11.878121742620095,-0.11081795628474095,1.1406833930532574,205.03790454857167,1.559335955994829e-05,3.733639905858496e-05,1.0,1.0,0.0,726.2959099745509,0.0,1.0,247.69003245628417,0.0,0.0,1.0
frame_1046.jpg,frame_1046,1046,D:\visualization2026\visualization\left_downsample2_Q13\frame_1046.jpg,D:\visualization2026\visualization\right_downsample2_Q13\frame_1046.jpg,D:\visualization2026\dowsample2_Q13\stitched_frames\frame_1046.jpg,D:\visualization2026\dowsample2_Q13_hess_matched\stitched_frames\frame_1046.jpg,2301,1494,0.0014149778887114772,0.00421126539596961,3.276135431820691,-6.154637198135688,28.6549646243609,-66.24482730918373,-25.37882919254021,60.090190111048045,65.22971653139409,-12.689414596270105,30.045095055524023,12.689414596270105,-30.045095055524023,0,0,65.22971653139409,1485.061139942208,610.9683454276483,1456.406175317847,677.213172736832,12,12,1.2297460088361822,0.10872702236305135,-12.931855864991327,-0.12156587618408704,1.1396876568057457,224.37918131924854,6.434582730494981e-06,3.699957110554007e-05,1.0,1.0,0.0,713.6894145962701,0.0,1.0,259.95490494447597,0.0,0.0,1.0
frame_1048.jpg,frame_1048,1048,D:\visualization2026\visualization\left_downsample2_Q13\frame_1048.jpg,D:\visualization2026\visualization\right_downsample2_Q13\frame_1048.jpg,D:\visualization2026\dowsample2_Q13\stitched_frames\frame_1048.jpg,D:\visualization2026\dowsample2_Q13_hess_matched\stitched_frames\frame_1048.jpg,2324,1479,0.0014976410373346294,0.004037262852653711,3.491975578175583,-6.394935589933907,30.71570569986011,-60.34565468316396,-27.223730121684525,53.95071909323005,60.43022068812037,-13.611865060842263,26.975359546615024,13.611865060842263,-26.975359546615024,0,0,60.43022068812037,1505.2838156247315,594.5054722444754,1474.5681099248714,654.8511269276394,12,12,1.3002298129719865,0.110470817055495,-13.848809297693776,-0.09153942848403974,1.1766504992171858,175.1558798318311,3.663545288768971e-05,4.4667683966578745e-05,1.0,1.0,0.0,737.6118650608423,0.0,1.0,241.02464045338496,0.0,0.0,1.0
frame_1050.jpg,frame_1050,1050,D:\visualization2026\visualization\left_downsample2_Q13\frame_1050.jpg,D:\visualization2026\visualization\right_downsample2_Q13\frame_1050.jpg,D:\visualization2026\dowsample2_Q13\stitched_frames\frame_1050.jpg,D:\visualization2026\dowsample2_Q13_hess_matched\stitched_frames\frame_1050.jpg,2296,1450,0.001548101525247314,0.003906101736686929,3.625183863422808,-6.534539950466685,25.43681522192196,-52.29513302096598,-21.811631358499152,45.76059307049929,50.692989068340516,-10.905815679249576,22.880296535249645,10.905815679249576,-22.880296535249645,0,0,50.692989068340516,1467.8105525956594,572.9341202965226,1442.3737373737374,625.2292533174885,12,12,1.2561220756292093,0.08160826293596847,-11.05686368029419,-0.09300758849362353,1.1063726258330446,172.49853714114695,3.156572247744058e-05,1.5495668800282777e-05,1.0,1.0,0.0,706.9058156792496,0.0,1.0,216.11970346475036,0.0,0.0,1.0
frame_1052.jpg,frame_1052,1052,D:\visualization2026\visualization\left_downsample2_Q13\frame_1052.jpg,D:\visualization2026\visualization\right_downsample2_Q13\frame_1052.jpg,D:\visualization2026\dowsample2_Q13\stitched_frames\frame_1052.jpg,D:\visualization2026\dowsample2_Q13_hess_matched\stitched_frames\frame_1052.jpg,2364,1505,0.0014938219124331908,0.0038246921970297443,3.494844351530554,-6.3211966613807515,33.12760958374088,-66.16144827093046,-29.632765232210325,59.84025160954971,66.77541829147542,-14.816382616105162,29.920125804774855,14.816382616105162,-29.920125804774855,0,0,66.77541829147542,1536.0877276115345,618.557664616943,1502.9601180277937,684.7191128878735,12,12,1.3540120757497953,0.15585928102710583,-14.860702586397057,-0.08286643813672878,1.2683298174766042,164.16293600865743,4.188144984830447e-05,8.213107584719366e-05,1.0,1.0,0.0,778.8163826161052,0.0,1.0,269.07987419522516,0.0,0.0,1.0
frame_1054.jpg,frame_1054,1054,D:\visualization2026\visualization\left_downsample2_Q13\frame_1054.jpg,D:\visualization2026\visualization\right_downsample2_Q13\frame_1054.jpg,D:\visualization2026\dowsample2_Q13\stitched_frames\frame_1054.jpg,D:\visualization2026\dowsample2_Q13_hess_matched\stitched_frames\frame_1054.jpg,2343,1478,0.0013877504297707954,0.003762635442757012,3.2344912496105547,-5.931837720764802,27.556387131534166,-67.76596443636379,-24.32189588192361,61.834126715598984,66.44557055193285,-12.160947940961805,30.917063357799492,12.160947940961805,-30.917063357799492,0,0,66.44557055193285,1508.4621925909728,591.3621593621752,1480.9058054594386,659.128123798539,12,12,1.3353887974087169,0.12340361070157338,-12.093744163818982,-0.07747135445768756,1.2066869630026158,157.7247169732967,4.949940141142689e-05,5.361852296187443e-05,1.0,1.0,0.0,755.1609479409618,0.0,1.0,234.0829366422005,0.0,0.0,1.0
frame_1056.jpg,frame_1056,1056,D:\visualization2026\visualization\left_downsample2_Q13\frame_1056.jpg,D:\visualization2026\visualization\right_downsample2_Q13\frame_1056.jpg,D:\visualization2026\dowsample2_Q13\stitched_frames\frame_1056.jpg,D:\visualization2026\dowsample2_Q13_hess_matched\stitched_frames\frame_1056.jpg,2316,1442,0.0013308446452230394,0.003723384071461111,3.0951624942436804,-5.7212605267033805,19.252746060425807,-57.254711520287515,-16.157583566182126,51.53345099358413,54.00707433296397,-8.078791783091063,25.766725496792066,8.078791783091063,-25.766725496792066,0,0,54.00707433296397,1463.260552461675,561.1313150214767,1444.0078064012491,618.3860265417642,12,12,1.3023511160290342,0.08550988355817093,-7.508056843723082,-0.07220656518658364,1.1292914464579864,143.79227116687017,5.364289841269992e-05,1.7462488030160002e-05,1.0,1.0,0.0,724.0787917830911,0.0,1.0,199.23327450320792,0.0,0.0,1.0
frame_1058.jpg,frame_1058,1058,D:\visualization2026\visualization\left_downsample2_Q13\frame_1058.jpg,D:\visualization2026\visualization\right_downsample2_Q13\frame_1058.jpg,D:\visualization2026\dowsample2_Q13\stitched_frames\frame_1058.jpg,D:\visualization2026\dowsample2_Q13_hess_matched\stitched_frames\frame_1058.jpg,2318,1485,0.0013492277460213087,0.0037046196416137267,3.1420021342266606,-5.780358451217877,27.953981667292965,-92.48365333793959,-24.811979533066303,86.70329488672171,90.1836774176077,-12.405989766533152,43.351647443360854,12.405989766533152,-43.351647443360854,0,0,90.1836774176077,1473.0261159598588,599.2739485805256,1445.0721342925658,691.7576019184652,12,12,1.274965352367293,0.11012472651236534,-12.391757038818708,-0.10135647514246643,1.161973038929145,207.69089865650542,2.6127866140754536e-05,4.021303616339458e-05,1.0,1.0,0.0,730.4059897665331,0.0,1.0,232.64835255663914,0.0,0.0,1.0
frame_1060.jpg,frame_1060,1060,D:\visualization2026\visualization\left_downsample2_Q13\frame_1060.jpg,D:\visualization2026\visualization\right_downsample2_Q13\frame_1060.jpg,D:\visualization2026\dowsample2_Q13\stitched_frames\frame_1060.jpg,D:\visualization2026\dowsample2_Q13_hess_matched\stitched_frames\frame_1060.jpg,2337,1462,0.0013887359714016556,0.003688961818401393,3.2412320770520426,-5.914373790147324,26.319113739038585,-84.65114748727069,-23.07788166198654,78.73677369712337,82.04918131362844,-11.53894083099327,39.368386848561684,11.53894083099327,-39.368386848561684,0,0,82.04918131362844,1485.1091608532906,576.4486758342841,1458.790047114252,661.0998233215548,12,12,1.3324988972577034,0.10943518959808954,-11.273042432862427,-0.07080734518064778,1.181435736916363,155.6131948798336,5.512370467697191e-05,4.021315269618415e-05,1.0,1.0,0.0,748.5389408309933,0.0,1.0,206.63161315143833,0.0,0.0,1.0
frame_1062.jpg,frame_1062,1062,D:\visualization2026\visualization\left_downsample2_Q13\frame_1062.jpg,D:\visualization2026\visualization\right_downsample2_Q13\frame_1062.jpg,D:\visualization2026\dowsample2_Q13\stitched_frames\frame_1062.jpg,D:\visualization2026\dowsample2_Q13_hess_matched\stitched_frames\frame_1062.jpg,2337,1487,0.0014440998797757842,0.0036590562794925896,3.380749130716596,-6.099911848006443,29.55235240504294,-78.32121931898337,-26.171603274326344,72.22130747097692,76.8171209481722,-13.085801637163172,36.11065373548846,13.085801637163172,-36.11065373548846,0,0,76.8171209481722,1484.0997565777745,602.8395764112447,1454.5474041727316,681.1607957302281,12,12,1.3069423662706696,0.1275177397245714,-12.875057346360677,-0.08993634001766727,1.2012083266027858,182.1476357114009,3.462009181364867e-05,5.482185960129307e-05,1.0,1.0,0.0,750.0858016371632,0.0,1.0,229.88934626451154,0.0,0.0,1.0
frame_1064.jpg,frame_1064,1064,D:\visualization2026\visualization\left_downsample2_Q13\frame_1064.jpg,D:\visualization2026\visualization\right_downsample2_Q13\frame_1064.jpg,D:\visualization2026\dowsample2_Q13\stitched_frames\frame_1064.jpg,D:\visualization2026\dowsample2_Q13_hess_matched\stitched_frames\frame_1064.jpg,2333,1461,0.0015471237395461301,0.0036173572134672316,3.6395572558045286,-6.449131057382963,27.709837364696796,-70.84004284819048,-24.070280108892266,64.39091179080752,68.74276620686783,-12.035140054446133,32.19545589540376,12.035140054446133,-32.19545589540376,0,0,68.74276620686783,1473.1556499318813,575.912717828053,1445.4458125671845,646.7527606762435,12,12,1.3331022154645726,0.10417627242041685,-12.208218370490913,-0.06913358929167461,1.18086929444028,145.79648243832645,5.595813002251953e-05,3.879171312960962e-05,1.0,1.0,0.0,745.0351400544462,0.0,1.0,199.80454410459623,0.0,0.0,1.0
frame_1066.jpg,frame_1066,1066,D:\visualization2026\visualization\left_downsample2_Q13\frame_1066.jpg,D:\visualization2026\visualization\right_downsample2_Q13\frame_1066.jpg,D:\visualization2026\dowsample2_Q13\stitched_frames\frame_1066.jpg,D:\visualization2026\dowsample2_Q13_hess_matched\stitched_frames\frame_1066.jpg,2306,1486,0.001697771392823899,0.0035708687526101457,4.017158788584979,-6.963893355522883,29.103911138658077,-78.75124139948514,-25.0867523500731,71.78734804396225,76.04451645358046,-12.54337617503655,35.89367402198113,12.54337617503655,-35.89367402198113,0,0,76.04451645358046,1443.6456140477137,603.6104093205303,1414.5417029090556,682.3616507200154,12,12,1.2443876881117182,0.10777995515337678,-12.128449118021088,-0.1128830667396176,1.1455552746824016,216.73195250696844,1.2900810523038087e-05,3.792458931464806e-05,1.0,1.0,0.0,718.5433761750365,0.0,1.0,232.10632597801887,0.0,0.0,1.0
frame_1068.jpg,frame_1068,1068,D:\visualization2026\visualization\left_downsample2_Q13\frame_1068.jpg,D:\visualization2026\visualization\right_downsample2_Q13\frame_1068.jpg,D:\visualization2026\dowsample2_Q13\stitched_frames\frame_1068.jpg,D:\visualization2026\dowsample2_Q13_hess_matched\stitched_frames\frame_1068.jpg,2325,1460,0.001808302603902634,0.003493964851032594,4.296698536317872,-7.329427344238536,20.678195385996787,-71.86274146246478,-16.381496849678914,64.53331411822624,66.58004258122473,-8.190748424839457,32.26665705911312,8.190748424839457,-32.26665705911312,0,0,66.58004258122473,1448.9927768880966,580.5001846045338,1428.3145815020998,652.3629260669986,12,12,1.2988173241113505,0.11013662608826992,-7.843265306029766,-0.0738749294711622,1.1723217888594755,152.37741015691867,4.390922362750485e-05,3.7565858420529006e-05,1.0,1.0,0.0,733.1907484248395,0.0,1.0,205.73334294088687,0.0,0.0,1.0
frame_1070.jpg,frame_1070,1070,D:\visualization2026\visualization\left_downsample2_Q13\frame_1070.jpg,D:\visualization2026\visualization\right_downsample2_Q13\frame_1070.jpg,D:\visualization2026\dowsample2_Q13\stitched_frames\frame_1070.jpg,D:\visualization2026\dowsample2_Q13_hess_matched\stitched_frames\frame_1070.jpg,2345,1490,0.001788915105613631,0.003382718141979546,4.254926824812667,-7.229895828288442,28.99419988958789,-79.34009642890283,-24.739273064775222,72.11020060061438,76.23590140107454,-12.369636532387611,36.05510030030719,12.369636532387611,-36.05510030030719,0,0,76.23590140107454,1473.1786678082108,605.4410068574821,1444.1844679186229,684.7811032863849,12,12,1.3160929677833597,0.13613530741705765,-11.924972592857538,-0.08392168276474193,1.2206326943620558,172.81839392129814,3.628170614142086e-05,6.084397153909401e-05,1.0,1.0,0.0,757.3696365323876,0.0,1.0,234.94489969969283,0.0,0.0,1.0
frame_1072.jpg,frame_1072,1072,D:\visualization2026\visualization\left_downsample2_Q13\frame_1072.jpg,D:\visualization2026\visualization\right_downsample2_Q13\frame_1072.jpg,D:\visualization2026\dowsample2_Q13\stitched_frames\frame_1072.jpg,D:\visualization2026\dowsample2_Q13_hess_matched\stitched_frames\frame_1072.jpg,2283,1463,0.0016646532968056516,0.003277590417126164,3.95181300675997,-6.764557873650891,24.935989027085043,-64.18306271266692,-20.984176020325073,57.41850483901603,61.13280904064603,-10.492088010162536,28.709252419508015,10.492088010162536,-28.709252419508015,0,0,61.13280904064603,1402.2434323927807,574.9188300008763,1377.3074433656957,639.1018927135432,12,12,1.2551055905465889,0.07214037055070795,-10.302003715235163,-0.08540987913777111,1.1264753136932137,166.59479853817606,3.398139580848748e-05,1.4731139488290957e-05,1.0,1.0,0.0,693.4920880101625,0.0,1.0,197.290747580492,0.0,0.0,1.0
frame_1074.jpg,frame_1074,1074,D:\visualization2026\visualization\left_downsample2_Q13\frame_1074.jpg,D:\visualization2026\visualization\right_downsample2_Q13\frame_1074.jpg,D:\visualization2026\dowsample2_Q13\stitched_frames\frame_1074.jpg,D:\visualization2026\dowsample2_Q13_hess_matched\stitched_frames\frame_1074.jpg,2386,1468,0.0015531376723173507,0.0031969816847626786,3.678991671706661,-6.350851935140196,32.893379397186436,-66.6453507270013,-29.214387725479774,60.2944987918611,66.99930622578418,-14.607193862739887,30.14724939593055,14.607193862739887,-30.14724939593055,0,0,66.99930622578418,1508.2234717169663,588.5808327340083,1475.3300923197799,655.2261834610096,12,12,1.4540710677656175,0.14786055767411013,-14.508653085689144,-0.021156941247455006,1.3333995902928681,68.28315956275094,8.763349921167321e-05,9.472361938068217e-05,1.0,1.0,0.0,800.6071938627399,0.0,1.0,211.85275060406946,0.0,0.0,1.0
frame_1076.jpg,frame_1076,1076,D:\visualization2026\visualization\left_downsample2_Q13\frame_1076.jpg,D:\visualization2026\visualization\right_downsample2_Q13\frame_1076.jpg,D:\visualization2026\dowsample2_Q13\stitched_frames\frame_1076.jpg,D:\visualization2026\dowsample2_Q13_hess_matched\stitched_frames\frame_1076.jpg,2347,1488,0.001552530058295698,0.0031554965660757217,3.6798942718967838,-6.336943771831684,22.606666688751602,-76.18678417719786,-18.926772416854817,69.84984040536618,72.36865978290977,-9.463386208427409,34.92492020268309,9.463386208427409,-34.92492020268309,0,0,72.36865978290977,1454.2219020114105,599.4153507087798,1431.615235322659,675.6021348859776,12,12,1.321200167219683,0.12598923288098532,-9.223866573059325,-0.0857406159906736,1.2124078320650746,174.0809371463708,3.9243313352614266e-05,5.820507176056611e-05,1.0,1.0,0.0,756.4633862084274,0.0,1.0,228.0750797973169,0.0,0.0,1.0
frame_1078.jpg,frame_1078,1078,D:\visualization2026\visualization\left_downsample2_Q13\frame_1078.jpg,D:\visualization2026\visualization\right_downsample2_Q13\frame_1078.jpg,D:\visualization2026\dowsample2_Q13\stitched_frames\frame_1078.jpg,D:\visualization2026\dowsample2_Q13_hess_matched\stitched_frames\frame_1078.jpg,2324,1450,0.0016231744945659488,0.0031422347576611775,3.856469060609316,-6.580759743840304,15.36803410475386,-68.15742717734099,-11.511565044144545,61.57666743350069,62.643452187611075,-5.7557825220722725,30.788333716750344,5.7557825220722725,-30.788333716750344,0,0,62.643452187611075,1419.0973405924497,560.5738246464115,1403.7293064876958,628.7312518237525,12,12,1.31211065331156,0.08160584548354112,-5.985134506140716,-0.06926804193594731,1.1423797673764051,143.97689159282976,5.5451377722982464e-05,1.9221003106020308e-05,1.0,1.0,0.0,729.7557825220723,0.0,1.0,185.21166628324966,0.0,0.0,1.0
frame_1080.jpg,frame_1080,1080,D:\visualization2026\visualization\left_downsample2_Q13\frame_1080.jpg,D:\visualization2026\visualization\right_downsample2_Q13\frame_1080.jpg,D:\visualization2026\dowsample2_Q13\stitched_frames\frame_1080.jpg,D:\visualization2026\dowsample2_Q13_hess_matched\stitched_frames\frame_1080.jpg,2324,1450,0.0016705088017522352,0.003132931387398008,3.9748048049680107,-6.744006659473803,14.468687756555028,-67.26731548776775,-10.493882951587016,60.52330882829394,61.42631757582943,-5.246941475793508,30.26165441414697,5.246941475793508,-30.26165441414697,0,0,61.42631757582943,1414.2064006519322,560.2188158990936,1399.7377128953772,627.4861313868613,12,12,1.3121388692486182,0.08161562591887211,-5.476293459861952,-0.06929724702889485,1.1423696440718938,143.4502122902264,5.5451377722982464e-05,1.9221003106020308e-05,1.0,1.0,0.0,729.2469414757935,0.0,1.0,185.73834558585304,0.0,0.0,1.0
frame_1082.jpg,frame_1082,1082,D:\visualization2026\visualization\left_downsample2_Q13\frame_1082.jpg,D:\visualization2026\visualization\right_downsample2_Q13\frame_1082.jpg,D:\visualization2026\dowsample2_Q13\stitched_frames\frame_1082.jpg,D:\visualization2026\dowsample2_Q13_hess_matched\stitched_frames\frame_1082.jpg,2361,1498,0.0015962809992801086,0.003124963709191686,3.7905482807991815,-6.48160477154881,24.894367061353478,-80.54924838929651,-21.103818780554295,74.0676436177477,77.01549842861603,-10.551909390277148,37.03382180887385,10.551909390277148,-37.03382180887385,0,0,77.01549842861603,1451.4658094715055,597.7011633127281,1426.571442410152,678.2504117020246,12,12,1.3623267712719012,0.12753650444074524,-9.97990545171898,-0.07305190607182765,1.2470441449526923,157.28251675579662,5.436345738735913e-05,6.431219006301607e-05,1.0,1.0,0.0,771.5519093902772,0.0,1.0,229.96617819112615,0.0,0.0,1.0
frame_1084.jpg,frame_1084,1084,D:\visualization2026\visualization\left_downsample2_Q13\frame_1084.jpg,D:\visualization2026\visualization\right_downsample2_Q13\frame_1084.jpg,D:\visualization2026\dowsample2_Q13\stitched_frames\frame_1084.jpg,D:\visualization2026\dowsample2_Q13_hess_matched\stitched_frames\frame_1084.jpg,2412,1493,0.0014115218461365764,0.0031530645787337663,3.3291285250230462,-5.842074179102429,3.1633009705744826,-83.96359447322095,0.16582755444856367,78.12152029411853,78.12169629393738,0.08291377722428184,39.06076014705926,-0.08291377722428184,-39.06076014705926,0,0,78.12169629393738,1481.5262466163956,583.4097739273244,1478.3629456458211,667.3733684005454,12,12,1.4272069419267175,0.15203997890482107,-0.036768064601413464,-0.04307478421384689,1.2840597569773542,113.31269416911539,8.360844269384696e-05,6.637720502684525e-05,1.0,1.0,0.0,811.9170862227758,0.0,1.0,203.93923985294074,0.0,0.0,1.0
frame_1086.jpg,frame_1086,1086,D:\visualization2026\visualization\left_downsample2_Q13\frame_1086.jpg,D:\visualization2026\visualization\right_downsample2_Q13\frame_1086.jpg,D:\visualization2026\dowsample2_Q13\stitched_frames\frame_1086.jpg,D:\visualization2026\dowsample2_Q13_hess_matched\stitched_frames\frame_1086.jpg,2295,1432,0.001263930163188709,0.0031831456388327073,2.960086965277703,-5.333363380737456,23.801872786911645,-63.51397141050029,-20.84178582163394,58.18060802976284,61.80099665011694,-10.42089291081697,29.09030401488142,10.42089291081697,-29.09030401488142,0,0,61.80099665011694,1380.1638998270828,554.8264623994403,1356.3620270401711,618.3404338099406,12,12,1.2964542442593836,0.06076803612184906,-10.380410806691653,-0.061227729465580284,1.134978154922177,129.5879872849434,5.255149089077516e-05,1.707387334702541e-05,1.0,1.0,0.0,705.420892910817,0.0,1.0,164.9096959851186,0.0,0.0,1.0
frame_1088.jpg,frame_1088,1088,D:\visualization2026\visualization\left_downsample2_Q13\frame_1088.jpg,D:\visualization2026\visualization\right_downsample2_Q13\frame_1088.jpg,D:\visualization2026\dowsample2_Q13\stitched_frames\frame_1088.jpg,D:\visualization2026\dowsample2_Q13_hess_matched\stitched_frames\frame_1088.jpg,2359,1505,0.0013094996920831603,0.0031956403535901012,3.072762174317822,-5.49661448031275,35.9219927601921,-84.01252449249739,-32.849230585874274,78.51591001218465,85.1106343245391,-16.424615292937137,39.257955006092324,16.424615292937137,-39.257955006092324,0,0,85.1106343245391,1452.0325425373094,612.1154596580722,1416.1105497771173,696.1279841505695,12,12,1.3800422141196953,0.1341362110326843,-16.357308368771573,-0.06862454016855181,1.2961311944425147,151.9643172448169,5.090419469812519e-05,8.805014720210258e-05,1.0,1.0,0.0,775.4246152929371,0.0,1.0,232.74204499390768,0.0,0.0,1.0
frame_1090.jpg,frame_1090,1090,D:\visualization2026\visualization\left_downsample2_Q13\frame_1090.jpg,D:\visualization2026\visualization\right_downsample2_Q13\frame_1090.jpg,D:\visualization2026\dowsample2_Q13\stitched_frames\frame_1090.jpg,D:\visualization2026\dowsample2_Q13_hess_matched\stitched_frames\frame_1090.jpg,2359,1505,0.0015553530609159205,0.0032277731775830487,3.6827125473784816,-6.367358524208879,40.3007378371658,-83.57170979962461,-36.61802528978732,77.20435127541573,85.44818097526296,-18.30901264489366,38.602175637707866,18.30901264489366,-38.602175637707866,0,0,85.44818097526296,1451.8460619909238,611.6919161326759,1411.545324153758,695.2636259323006,12,12,1.3799462903900026,0.13397028956845727,-18.241705720728095,-0.06865792208919906,1.2960734529725964,151.30853787643244,5.090419469812519e-05,8.805014720210258e-05,1.0,1.0,0.0,777.3090126448936,0.0,1.0,233.39782436229214,0.0,0.0,1.0
frame_1092.jpg,frame_1092,1092,D:\visualization2026\visualization\left_downsample2_Q13\frame_1092.jpg,D:\visualization2026\visualization\right_downsample2_Q13\frame_1092.jpg,D:\visualization2026\dowsample2_Q13\stitched_frames\frame_1092.jpg,D:\visualization2026\dowsample2_Q13_hess_matched\stitched_frames\frame_1092.jpg,2359,1505,0.001803566614295482,0.0032535008261999065,4.298909199513752,-7.244555502381984,31.66846352848711,-84.64731517229768,-27.369554328973358,77.4027596699157,82.09920650460242,-13.684777164486679,38.70137983495785,13.684777164486679,-38.70137983495785,0,0,82.09920650460242,1436.814740375871,610.2973342741967,1405.146276847384,694.9446494464944,12,12,1.3801816833732272,0.1343774541832043,-13.617470240321115,-0.06865287217942738,1.2960821879167672,151.4077420736824,5.090419469812519e-05,8.805014720210258e-05,1.0,1.0,0.0,772.6847771644867,0.0,1.0,233.29862016504217,0.0,0.0,1.0
frame_1094.jpg,frame_1094,1094,D:\visualization2026\visualization\left_downsample2_Q13\frame_1094.jpg,D:\visualization2026\visualization\right_downsample2_Q13\frame_1094.jpg,D:\visualization2026\dowsample2_Q13\stitched_frames\frame_1094.jpg,D:\visualization2026\dowsample2_Q13_hess_matched\stitched_frames\frame_1094.jpg,2359,1505,0.0018752982074092817,0.003217601213097443,4.47950709910329,-7.485754071706679,33.06338136503928,-99.14413728375519,-28.583874265935986,91.6583832120485,96.01196321864047,-14.291937132967993,45.82919160602425,14.291937132967993,-45.82919160602425,0,0,96.01196321864047,1436.8679996590572,610.3048524644283,1403.804618294018,709.4489897481835,12,12,1.3801507763839789,0.13432399365860428,-14.224630208802429,-0.06829003666126142,1.2967097927924385,158.53555384474885,5.090419469812519e-05,8.805014720210258e-05,1.0,1.0,0.0,773.291937132968,0.0,1.0,226.17080839397573,0.0,0.0,1.0
frame_1096.jpg,frame_1096,1096,D:\visualization2026\visualization\left_downsample2_Q13\frame_1096.jpg,D:\visualization2026\visualization\right_downsample2_Q13\frame_1096.jpg,D:\visualization2026\dowsample2_Q13\stitched_frames\frame_1096.jpg,D:\visualization2026\dowsample2_Q13_hess_matched\stitched_frames\frame_1096.jpg,2376,1495,0.0018236777495131973,0.0030510176266171918,4.360742694472564,-7.2575469462165705,-13.171803552620304,-67.94073470924263,17.532546247092867,60.68318776302606,63.16517596737245,8.766273123546434,30.34159388151303,-8.766273123546434,-30.34159388151303,0,0,63.16517596737245,1402.4313153557616,578.7810001835448,1415.603118908382,646.7217348927875,12,12,1.351538791561112,0.09975482445700415,8.825110742185451,-0.07483779783659936,1.2022110485414896,153.0729016802279,6.194206620201938e-05,3.8403788488829565e-05,1.0,1.0,0.0,767.2337268764536,0.0,1.0,179.65840611848697,0.0,0.0,1.0
frame_1098.jpg,frame_1098,1098,D:\visualization2026\visualization\left_downsample2_Q13\frame_1098.jpg,D:\visualization2026\visualization\right_downsample2_Q13\frame_1098.jpg,D:\visualization2026\dowsample2_Q13\stitched_frames\frame_1098.jpg,D:\visualization2026\dowsample2_Q13_hess_matched\stitched_frames\frame_1098.jpg,2312,1452,0.0017358346288394166,0.002882567900323818,4.151944664694058,-6.901863592156439,-18.257246988834822,-56.463309427556396,22.40919165352888,49.56144583539996,54.39217575956925,11.20459582676444,24.78072291769998,-11.20459582676444,-24.78072291769998,0,0,54.39217575956925,1328.4534521227913,554.0297380811342,1346.7106991116261,610.4930475086906,12,12,1.2532415692922787,0.04834895472800708,11.38179615067174,-0.08901339941597636,1.0854439978385382,168.29112420135544,4.0933586326074155e-05,-3.356188497261904e-06,1.0,1.0,0.0,700.7954041732355,0.0,1.0,149.2192770823,0.0,0.0,1.0
frame_1100.jpg,frame_1100,1100,D:\visualization2026\visualization\left_downsample2_Q13\frame_1100.jpg,D:\visualization2026\visualization\right_downsample2_Q13\frame_1100.jpg,D:\visualization2026\dowsample2_Q13\stitched_frames\frame_1100.jpg,D:\visualization2026\dowsample2_Q13_hess_matched\stitched_frames\frame_1100.jpg,2312,1452,0.0016831746827575822,0.00285707932864554,4.022380852471948,-6.710074034308367,-18.76655105488362,-56.963296326928685,22.78893190735557,50.253222292620315,55.17899752867571,11.394465953677784,25.126611146310157,-11.394465953677784,-25.126611146310157,0,0,55.17899752867571,1323.7526909276237,553.6584723805543,1342.5192419825073,610.6217687074829,12,12,1.2532493413575094,0.048348317488071155,11.571666277585084,-0.08899924097031137,1.085442836972444,168.6370124299656,4.0933586326074155e-05,-3.356188497261904e-06,1.0,1.0,0.0,700.6055340463222,0.0,1.0,148.87338885368985,0.0,0.0,1.0
frame_1102.jpg,frame_1102,1102,D:\visualization2026\visualization\left_downsample2_Q13\frame_1102.jpg,D:\visualization2026\visualization\right_downsample2_Q13\frame_1102.jpg,D:\visualization2026\dowsample2_Q13\stitched_frames\frame_1102.jpg,D:\visualization2026\dowsample2_Q13_hess_matched\stitched_frames\frame_1102.jpg,2347,1480,0.0016651900165379763,0.0029793474350021665,3.970508203291104,-6.681759873364569,-2.297688703865788,-67.71138839837806,6.2681969071568915,61.02962852501349,61.35067929834218,3.1340984535784457,30.514814262506746,-3.1340984535784457,-30.514814262506746,0,0,61.35067929834218,1369.9463485270826,580.189910806586,1372.2440372309484,647.9012992049641,12,12,1.3233877175782744,0.10175017768246603,3.283165113613933,-0.07487720651760599,1.1999273383004843,152.59364498944012,5.1990517175411656e-05,4.517023502574962e-05,1.0,1.0,0.0,743.8659015464216,0.0,1.0,181.48518573749325,0.0,0.0,1.0
frame_1104.jpg,frame_1104,1104,D:\visualization2026\visualization\left_downsample2_Q13\frame_1104.jpg,D:\visualization2026\visualization\right_downsample2_Q13\frame_1104.jpg,D:\visualization2026\dowsample2_Q13\stitched_frames\frame_1104.jpg,D:\visualization2026\dowsample2_Q13_hess_matched\stitched_frames\frame_1104.jpg,2347,1480,0.0016497378129836093,0.003110212573495641,3.9244373386822673,-6.664761934356381,2.4088722251888157,-67.57702953926821,1.5155651134934516,60.91226760491183,60.931119162424956,0.7577825567467258,30.456133802455916,-0.7577825567467258,-30.456133802455916,0,0,60.931119162424956,1369.703871252237,579.8563232531038,1367.294999027048,647.433352792372,12,12,1.323264171685826,0.10164283893491072,0.9068492167822129,-0.07488025734507213,1.1999246876903125,152.5349645293893,5.1990517175411656e-05,4.517023502574962e-05,1.0,1.0,0.0,746.2422174432533,0.0,1.0,181.54386619754408,0.0,0.0,1.0
frame_1106.jpg,frame_1106,1106,D:\visualization2026\visualization\left_downsample2_Q13\frame_1106.jpg,D:\visualization2026\visualization\right_downsample2_Q13\frame_1106.jpg,D:\visualization2026\dowsample2_Q13\stitched_frames\frame_1106.jpg,D:\visualization2026\dowsample2_Q13_hess_matched\stitched_frames\frame_1106.jpg,2372,1512,0.001609507026743895,0.003110097917245369,3.824327313571876,-6.523736079828083,2.3161149096340523,-75.94958770139169,1.5082124039378235,69.42585162156361,69.4422319488275,0.7541062019689118,34.712925810781805,-0.7541062019689118,-34.712925810781805,0,0,69.4422319488275,1389.91533037079,603.3007950004835,1387.5992154611558,679.2503827018752,12,12,1.355468744976294,0.13168013947108756,0.7105284353521621,-0.07963339388032736,1.2631328631064722,164.69743753789402,5.087504108284968e-05,7.215373567278061e-05,1.0,1.0,0.0,771.245893798031,0.0,1.0,209.2870741892182,0.0,0.0,1.0
frame_1108.jpg,frame_1108,1108,D:\visualization2026\visualization\left_downsample2_Q13\frame_1108.jpg,D:\visualization2026\visualization\right_downsample2_Q13\frame_1108.jpg,D:\visualization2026\dowsample2_Q13\stitched_frames\frame_1108.jpg,D:\visualization2026\dowsample2_Q13_hess_matched\stitched_frames\frame_1108.jpg,2357,1482,0.0015528142950202994,0.0029733980093484824,3.6912008444818447,-6.286237361179914,7.334711100932054,-71.8045910329248,-3.6435102564502095,65.51835367174489,65.61958423248889,-1.8217551282251048,32.759176835872445,1.8217551282251048,-32.759176835872445,0,0,65.61958423248889,1375.3155783252373,585.0754205044274,1367.9808672243053,656.8800115373522,12,12,1.3431914236637261,0.11945819088750806,-1.8932654755374738,-0.0702710544323361,1.229686336800812,147.75683728874702,5.3945644301280804e-05,5.9622148656578996e-05,1.0,1.0,0.0,758.821755128225,0.0,1.0,189.24082316412756,0.0,0.0,1.0
frame_1110.jpg,frame_1110,1110,D:\visualization2026\visualization\left_downsample2_Q13\frame_1110.jpg,D:\visualization2026\visualization\right_downsample2_Q13\frame_1110.jpg,D:\visualization2026\dowsample2_Q13\stitched_frames\frame_1110.jpg,D:\visualization2026\dowsample2_Q13_hess_matched\stitched_frames\frame_1110.jpg,2343,1508,0.0015036428500824206,0.002814330139439769,3.578093493953153,-6.0687469849588265,12.148174656234232,-81.23334509238305,-8.57008116228108,75.16459810742423,75.65159019993358,-4.28504058114054,37.58229905371211,4.28504058114054,-37.58229905371211,0,0,75.65159019993358,1360.9999949872033,609.8603664915413,1348.851820330969,691.0937115839243,12,12,1.314986858544808,0.12685570067713006,-4.603007187301775,-0.08993224155153988,1.2456740203650776,183.46492009518607,3.407117273480912e-05,7.173703061859796e-05,1.0,1.0,0.0,747.2850405811405,0.0,1.0,219.41770094628788,0.0,0.0,1.0
frame_1112.jpg,frame_1112,1112,D:\visualization2026\visualization\left_downsample2_Q13\frame_1112.jpg,D:\visualization2026\visualization\right_downsample2_Q13\frame_1112.jpg,D:\visualization2026\dowsample2_Q13\stitched_frames\frame_1112.jpg,D:\visualization2026\dowsample2_Q13_hess_matched\stitched_frames\frame_1112.jpg,2253,1461,0.0014859761452533649,0.0027432707153972613,3.5382649370802306,-5.986656405480321,21.422343368493557,-72.37340436745455,-17.884078431413325,66.38674796197424,68.75347675796209,-8.942039215706663,33.19337398098712,8.942039215706663,-33.19337398098712,0,0,68.75347675796209,1275.2099724297798,570.4515459025084,1253.7876290612862,642.824950269963,12,12,1.2367402620039745,0.032551572166970126,-8.71394016467294,-0.08486562599240972,1.1249321859379968,170.5506497809858,2.9970161227941347e-05,1.469398928102806e-05,1.0,1.0,0.0,661.9420392157067,0.0,1.0,175.80662601901287,0.0,0.0,1.0
frame_1114.jpg,frame_1114,1114,D:\visualization2026\visualization\left_downsample2_Q13\frame_1114.jpg,D:\visualization2026\visualization\right_downsample2_Q13\frame_1114.jpg,D:\visualization2026\dowsample2_Q13\stitched_frames\frame_1114.jpg,D:\visualization2026\dowsample2_Q13_hess_matched\stitched_frames\frame_1114.jpg,2272,1467,0.001516163626859468,0.002739536026011069,3.61360565775205,-6.091391442918568,7.370672804711376,-69.81969791531844,-3.7570671469593258,63.72830647239987,63.838958320032795,-1.8785335734796629,31.864153236199936,1.8785335734796629,-31.864153236199936,0,0,63.838958320032795,1275.7286404721478,583.4990087821411,1268.3579676674365,653.3187066974596,12,12,1.2040994221742103,0.06047477647426069,-2.0572479325269253,-0.10513722460559607,1.1072786296415922,200.08394388708828,8.329440877287153e-06,1.6686425793805067e-05,1.0,1.0,0.0,673.8785335734797,0.0,1.0,188.13584676380006,0.0,0.0,1.0
frame_1116.jpg,frame_1116,1116,D:\visualization2026\visualization\left_downsample2_Q13\frame_1116.jpg,D:\visualization2026\visualization\right_downsample2_Q13\frame_1116.jpg,D:\visualization2026\dowsample2_Q13\stitched_frames\frame_1116.jpg,D:\visualization2026\dowsample2_Q13_hess_matched\stitched_frames\frame_1116.jpg,2293,1469,0.0015526992047960597,0.0027434472072097593,3.7042989571164537,-6.220544958560474,16.15033601317782,-73.22239547358765,-12.446037056061368,67.00185051502717,68.14801399042308,-6.223018528030684,33.500925257513586,6.223018528030684,-33.500925257513586,0,0,68.14801399042308,1300.2645920750704,583.6203255378285,1284.1142560618925,656.8427210114162,12,12,1.2615447885476,0.0859745481563772,-5.695368015166286,-0.08747735896116743,1.1676418865927145,175.02128103107736,2.8662452436230635e-05,4.0628179188899116e-05,1.0,1.0,0.0,699.2230185280307,0.0,1.0,190.4990747424864,0.0,0.0,1.0
frame_1118.jpg,frame_1118,1118,D:\visualization2026\visualization\left_downsample2_Q13\frame_1118.jpg,D:\visualization2026\visualization\right_downsample2_Q13\frame_1118.jpg,D:\visualization2026\dowsample2_Q13\stitched_frames\frame_1118.jpg,D:\visualization2026\dowsample2_Q13_hess_matched\stitched_frames\frame_1118.jpg,2272,1461,0.0015442721502112455,0.0027120243447261716,3.6851567315631337,-6.182089627273128,1.7748648169122134,-66.73199886487248,1.9102919146509203,60.54990923759935,60.58003568735083,0.9551459573254601,30.274954618799676,-0.9551459573254601,-30.274954618799676,0,0,60.58003568735083,1255.1425574224097,582.102689482011,1253.3676926054975,648.8346883468835,12,12,1.1930264948053815,0.05746733805745672,1.3158237396719028,-0.1073333094641825,1.096352833577437,202.19606774829782,3.800800232046306e-06,1.5074828825062002e-05,1.0,1.0,0.0,671.0448540426745,0.0,1.0,185.72504538120032,0.0,0.0,1.0
frame_1120.jpg,frame_1120,1120,D:\visualization2026\visualization\left_downsample2_Q13\frame_1120.jpg,D:\visualization2026\visualization\right_downsample2_Q13\frame_1120.jpg,D:\visualization2026\dowsample2_Q13\stitched_frames\frame_1120.jpg,D:\visualization2026\dowsample2_Q13_hess_matched\stitched_frames\frame_1120.jpg,2320,1446,0.0014744802895353404,0.002645148161772304,3.5153681415098603,-5.918508327143714,10.706124795525056,-52.23677611260882,-7.190756654015196,46.31826778546511,46.873115022401905,-3.595378327007598,23.159133892732555,3.595378327007598,-23.159133892732555,0,0,46.873115022401905,1312.0517215510292,573.33892879276,1301.3455967555042,625.5757049053689,12,12,1.305308569154646,0.08068429783161934,-3.1107551476122133,-0.06465036832429905,1.1770883104310943,128.05734930402008,5.0043881684389684e-05,4.041612553354914e-05,1.0,1.0,0.0,723.5953783270076,0.0,1.0,169.84086610726746,0.0,0.0,1.0
frame_1122.jpg,frame_1122,1122,D:\visualization2026\visualization\left_downsample2_Q13\frame_1122.jpg,D:\visualization2026\visualization\right_downsample2_Q13\frame_1122.jpg,D:\visualization2026\dowsample2_Q13\stitched_frames\frame_1122.jpg,D:\visualization2026\dowsample2_Q13_hess_matched\stitched_frames\frame_1122.jpg,2323,1462,0.0013768176387318753,0.002576827419565886,3.2763055184593517,-5.55684057023183,14.989911771951256,-51.761138376510985,-11.713606253491903,46.20429780627916,47.665980607065855,-5.856803126745952,23.10214890313958,5.856803126745952,-23.10214890313958,0,0,47.665980607065855,1308.854509797339,586.9983350602544,1293.8645980253877,638.7594734367653,12,12,1.2993285570751667,0.0856908893281131,-5.293812945766042,-0.0716052542987983,1.183452912186808,139.3738097799655,4.468877811406698e-05,4.1829693646474246e-05,1.0,1.0,0.0,728.856803126746,0.0,1.0,183.89785109686042,0.0,0.0,1.0
frame_1124.jpg,frame_1124,1124,D:\visualization2026\visualization\left_downsample2_Q13\frame_1124.jpg,D:\visualization2026\visualization\right_downsample2_Q13\frame_1124.jpg,D:\visualization2026\dowsample2_Q13\stitched_frames\frame_1124.jpg,D:\visualization2026\dowsample2_Q13_hess_matched\stitched_frames\frame_1124.jpg,2348,1477,0.0012864300335796441,0.002539574824617974,3.0535389249346467,-5.229490087205079,11.994244638018017,-68.85282874641655,-8.940705713083371,63.62333865921147,64.24846644701081,-4.470352856541686,31.811669329605735,4.470352856541686,-31.811669329605735,0,0,64.24846644701081,1333.8839610516532,604.0604721224844,1321.8897164136351,672.9133008689009,12,12,1.322447372145429,0.1192409429538121,-4.163944203986366,-0.0732501510428885,1.2309494911832617,151.40078693602413,4.2835281684952936e-05,6.584470373560363e-05,1.0,1.0,0.0,752.4703528565417,0.0,1.0,195.18833067039427,0.0,0.0,1.0
frame_1126.jpg,frame_1126,1126,D:\visualization2026\visualization\left_downsample2_Q13\frame_1126.jpg,D:\visualization2026\visualization\right_downsample2_Q13\frame_1126.jpg,D:\visualization2026\dowsample2_Q13\stitched_frames\frame_1126.jpg,D:\visualization2026\dowsample2_Q13_hess_matched\stitched_frames\frame_1126.jpg,2367,1442,0.0011831736320615516,0.0025713959061248737,2.7947270640946127,-4.876651290656211,23.206781343935518,-69.75006662837916,-20.412054279840905,64.87341533772295,68.00891101542413,-10.206027139920453,32.43670766886147,10.206027139920453,-32.43670766886147,0,0,68.00891101542413,1359.085543650546,563.8012695178937,1335.8787623066105,633.5513361462729,12,12,1.427697599270417,0.12711568165343182,-9.723868716420016,-0.014442374530364335,1.2797773955291278,60.251408221526006,0.00010010565814398089,6.842991126921837e-05,1.0,1.0,0.0,777.2060271399205,0.0,1.0,155.56329233113854,0.0,0.0,1.0
frame_1128.jpg,frame_1128,1128,D:\visualization2026\visualization\left_downsample2_Q13\frame_1128.jpg,D:\visualization2026\visualization\right_downsample2_Q13\frame_1128.jpg,D:\visualization2026\dowsample2_Q13\stitched_frames\frame_1128.jpg,D:\visualization2026\dowsample2_Q13_hess_matched\stitched_frames\frame_1128.jpg,2304,1439,0.0010855976272065027,0.002624679557788556,2.5488019565828117,-4.549813866892347,-19.272832476320445,14.339479385929394,21.821634432903256,-18.88929325282174,28.861551048312805,10.910817216451628,-9.44464662641087,-10.910817216451628,9.44464662641087,1,1,28.861551048312805,1495.5249845714966,353.89249393894397,1514.797817047817,339.5530145530146,12,12,1.3090062141084915,0.09362370939420608,10.926057821644585,-0.05728842186368215,1.1735297069576867,81.32583495270819,6.132308279895012e-05,3.498515630938247e-05,1.0,1.0,0.0,693.0891827835484,0.0,1.0,201.44464662641087,0.0,0.0,1.0
frame_1130.jpg,frame_1130,1130,D:\visualization2026\visualization\left_downsample2_Q13\frame_1130.jpg,D:\visualization2026\visualization\right_downsample2_Q13\frame_1130.jpg,D:\visualization2026\dowsample2_Q13\stitched_frames\frame_1130.jpg,D:\visualization2026\dowsample2_Q13_hess_matched\stitched_frames\frame_1130.jpg,2321,1437,0.0010449732793637034,0.002626479433094464,2.4476010928035623,-4.407952317261957,11.008725914944534,-66.83302183136516,-8.561124822140972,62.4250695141032,63.00938154006033,-4.280562411070486,31.2125347570516,4.280562411070486,-31.2125347570516,0,0,63.00938154006033,1286.250971252776,564.9062715806862,1275.2422453378315,631.7392934120513,12,12,1.3172865338588218,0.08683129669882136,-4.0102541672472345,-0.05087848648073179,1.180911954715406,116.22324252073501,6.286358462715198e-05,3.707725951075155e-05,1.0,1.0,0.0,725.2805624110705,0.0,1.0,155.7874652429484,0.0,0.0,1.0
frame_1132.jpg,frame_1132,1132,D:\visualization2026\visualization\left_downsample2_Q13\frame_1132.jpg,D:\visualization2026\visualization\right_downsample2_Q13\frame_1132.jpg,D:\visualization2026\dowsample2_Q13\stitched_frames\frame_1132.jpg,D:\visualization2026\dowsample2_Q13_hess_matched\stitched_frames\frame_1132.jpg,2278,1438,0.001096517880907144,0.0025639474011748264,2.579512633163228,-4.570841670174248,7.343340061978779,-73.30198426865627,-4.763827428815551,68.73114259848202,68.89603772833678,-2.3819137144077756,34.36557129924101,2.3819137144077756,-34.36557129924101,0,0,68.89603772833678,1236.5568628631304,575.3874371114867,1229.2135228011516,648.689421380143,12,12,1.2261873879159912,0.07006720983630194,-2.6176527899390036,-0.08627154680375135,1.1151271347884901,173.7523480528156,2.760133316522497e-05,2.2222190422018406e-05,1.0,1.0,0.0,680.3819137144078,0.0,1.0,162.63442870075897,0.0,0.0,1.0
frame_1134.jpg,frame_1134,1134,D:\visualization2026\visualization\left_downsample2_Q13\frame_1134.jpg,D:\visualization2026\visualization\right_downsample2_Q13\frame_1134.jpg,D:\visualization2026\dowsample2_Q13\stitched_frames\frame_1134.jpg,D:\visualization2026\dowsample2_Q13_hess_matched\stitched_frames\frame_1134.jpg,2351,1450,0.0011832323940843548,0.0024749122467011553,2.8004892268945136,-4.849462990563181,5.961233320356996,-96.24811166026666,-3.1607440934624824,91.39864866970348,91.45328469700937,-1.5803720467312412,45.69932433485174,1.5803720467312412,-45.69932433485174,0,0,91.45328469700937,1313.5693816820365,573.2200347796295,1307.6081483616795,669.4681464398961,12,12,1.368028413464258,0.11358243465775027,-1.6152082459558694,-0.04057839475290885,1.2403177659877624,115.49816055815786,7.380834380691719e-05,6.0097928659403815e-05,1.0,1.0,0.0,752.5803720467312,0.0,1.0,154.30067566514828,0.0,0.0,1.0
frame_1136.jpg,frame_1136,1136,D:\visualization2026\visualization\left_downsample2_Q13\frame_1136.jpg,D:\visualization2026\visualization\right_downsample2_Q13\frame_1136.jpg,D:\visualization2026\dowsample2_Q13\stitched_frames\frame_1136.jpg,D:\visualization2026\dowsample2_Q13_hess_matched\stitched_frames\frame_1136.jpg,2264,1436,0.0012241480097111568,0.0023853587886626393,2.907522714819553,-4.967429780053682,-23.927104812517882,48.791635348513864,26.834627527337435,-53.75906512856755,60.08439329833084,13.417313763668718,-26.879532564283775,-13.417313763668718,26.879532564283775,0,1,60.08439329833084,1217.9429861836506,575.7293349015151,1241.8700909961685,526.9376995530013,12,12,1.2025830061053095,0.061213827936256474,13.798417050213262,-0.09698161639068532,1.089803682046229,127.54292211446912,1.95446237643206e-05,1.5599581288083986e-05,1.0,1.0,0.0,650.5826862363313,0.0,1.0,221.87953256428378,0.0,0.0,1.0
frame_1138.jpg,frame_1138,1138,D:\visualization2026\visualization\left_downsample2_Q13\frame_1138.jpg,D:\visualization2026\visualization\right_downsample2_Q13\frame_1138.jpg,D:\visualization2026\dowsample2_Q13\stitched_frames\frame_1138.jpg,D:\visualization2026\dowsample2_Q13_hess_matched\stitched_frames\frame_1138.jpg,2319,1440,0.00118152534616911,0.0023326381772085236,2.8045223445065246,-4.803085114732763,3.982240351127075,-92.11567058493608,-1.1777180066205504,87.31258547020332,87.32052794844222,-0.5888590033102752,43.65629273510166,0.5888590033102752,-43.65629273510166,0,0,87.32052794844222,1264.6104927874976,568.682891246836,1260.6282524363705,660.7985618317721,12,12,1.3032698748505789,0.09080749365693906,-0.9263997925551017,-0.060964098953747194,1.1715165924704307,144.7565376186659,5.4537213507823024e-05,3.764924973128811e-05,1.0,1.0,0.0,719.5888590033103,0.0,1.0,148.34370726489834,0.0,0.0,1.0
frame_1140.jpg,frame_1140,1140,D:\visualization2026\visualization\left_downsample2_Q13\frame_1140.jpg,D:\visualization2026\visualization\right_downsample2_Q13\frame_1140.jpg,D:\visualization2026\dowsample2_Q13\stitched_frames\frame_1140.jpg,D:\visualization2026\dowsample2_Q13_hess_matched\stitched_frames\frame_1140.jpg,2302,1439,0.0011120380907441163,0.0023171621708389933,2.632499982877257,-4.555165194355437,13.495145945573313,-95.71778754396678,-10.862645962696057,91.16262234961134,91.80752033994129,-5.431322981348028,45.58131117480567,5.431322981348028,-45.58131117480567,0,0,91.80752033994129,1255.3237066792435,576.8876775505494,1241.8285607336702,672.6054650945161,12,12,1.2837305575135032,0.09084783279823817,-5.155113338088579,-0.06977986048505197,1.1622463502193319,160.1899757740291,4.603233971486707e-05,3.93634490793394e-05,1.0,1.0,0.0,707.431322981348,0.0,1.0,153.41868882519432,0.0,0.0,1.0
frame_1142.jpg,frame_1142,1142,D:\visualization2026\visualization\left_downsample2_Q13\frame_1142.jpg,D:\visualization2026\visualization\right_downsample2_Q13\frame_1142.jpg,D:\visualization2026\dowsample2_Q13\stitched_frames\frame_1142.jpg,D:\visualization2026\dowsample2_Q13_hess_matched\stitched_frames\frame_1142.jpg,2303,1435,0.0010810316935608855,0.0023152804100905477,2.555448253419525,-4.445965518159509,-15.496641394050357,-100.78447656985634,18.05208964746988,96.33851105169683,98.0152368374336,9.02604482373494,48.16925552584841,-9.02604482373494,-48.16925552584841,0,0,98.0152368374336,1241.9483419630585,570.1013056460257,1257.4449833571089,670.885782215882,12,12,1.2766466777512948,0.07164435521965405,8.775468852006105,-0.06699012440313788,1.1449971883101797,159.45734342792787,4.833775251006507e-05,2.819783812689584e-05,1.0,1.0,0.0,693.973955176265,0.0,1.0,143.83074447415157,0.0,0.0,1.0
frame_1144.jpg,frame_1144,1144,D:\visualization2026\visualization\left_downsample2_Q13\frame_1144.jpg,D:\visualization2026\visualization\right_downsample2_Q13\frame_1144.jpg,D:\visualization2026\dowsample2_Q13\stitched_frames\frame_1144.jpg,D:\visualization2026\dowsample2_Q13_hess_matched\stitched_frames\frame_1144.jpg,2285,1437,0.0011232074218907595,0.00234566563580918,2.6586364528938264,-4.6024022478636155,-16.86275591028948,-100.78181763219129,19.521392363183306,96.17941538432768,98.14053547575742,9.760696181591653,48.08970769216384,-9.760696181591653,-48.08970769216384,0,0,98.14053547575742,1213.2221776905512,579.3798332706461,1230.0849336008407,680.1616509028374,12,12,1.2258815016940392,0.06824980583576472,10.110180937791666,-0.08718844524946755,1.1129798243626008,189.73679471686145,2.5956898738820223e-05,2.228117001066072e-05,1.0,1.0,0.0,675.2393038184083,0.0,1.0,153.91029230783616,0.0,0.0,1.0
frame_1146.jpg,frame_1146,1146,D:\visualization2026\visualization\left_downsample2_Q13\frame_1146.jpg,D:\visualization2026\visualization\right_downsample2_Q13\frame_1146.jpg,D:\visualization2026\dowsample2_Q13\stitched_frames\frame_1146.jpg,D:\visualization2026\dowsample2_Q13_hess_matched\stitched_frames\frame_1146.jpg,2286,1433,0.0012033300510954081,0.002413157315297676,2.8540979478389144,-4.902363640063902,-10.30916693209997,-84.7640473108695,13.163264879938884,79.8616836708056,80.93923684490268,6.581632439969442,39.9308418354028,-6.581632439969442,-39.9308418354028,0,0,80.93923684490268,1217.0331155662855,590.447319051341,1227.3422824983854,675.2113663622105,12,12,1.2328313106185331,0.07001425896712271,7.01638432798791,-0.08100885284089306,1.119473170036145,171.47972729605124,3.1568037543553295e-05,2.37752692435632e-05,1.0,1.0,0.0,679.4183675600306,0.0,1.0,157.06915816459718,0.0,0.0,1.0
frame_1148.jpg,frame_1148,1148,D:\visualization2026\visualization\left_downsample2_Q13\frame_1148.jpg,D:\visualization2026\visualization\right_downsample2_Q13\frame_1148.jpg,D:\visualization2026\dowsample2_Q13\stitched_frames\frame_1148.jpg,D:\visualization2026\dowsample2_Q13_hess_matched\stitched_frames\frame_1148.jpg,2261,1434,0.0012825480111635645,0.0024692106213419773,3.047973902174336,-5.19590686401774,-7.1495864829523725,-71.09730166695249,10.197560385126708,65.90139480293475,66.68571117398824,5.098780192563354,32.95069740146737,-5.098780192563354,-32.95069740146737,0,0,66.68571117398824,1195.6966704575032,609.330134672316,1202.8462569404555,680.4274363392685,12,12,1.1803519426267979,0.06705649527290064,5.609977261847335,-0.10285231291881841,1.077905916587786,198.3103517402818,1.1371147050127351e-05,1.4245530197933697e-05,1.0,1.0,0.0,655.9012198074366,0.0,1.0,170.04930259853262,0.0,0.0,1.0
frame_1150.jpg,frame_1150,1150,D:\visualization2026\visualization\left_downsample2_Q13\frame_1150.jpg,D:\visualization2026\visualization\right_downsample2_Q13\frame_1150.jpg,D:\visualization2026\dowsample2_Q13\stitched_frames\frame_1150.jpg,D:\visualization2026\dowsample2_Q13_hess_matched\stitched_frames\frame_1150.jpg,2268,1437,0.001323453160372523,0.0024549102036534043,3.150601163662665,-5.335203282096355,58.42606592921743,-87.30658498112302,-55.275464765554766,81.97138169902667,98.86700371051815,-27.637732382777383,40.98569084951333,27.637732382777383,-40.98569084951333,0,0,98.86700371051815,1263.3075092281865,593.2992760345318,1204.881443298969,680.6058610156548,12,12,1.18924606140704,0.08050203682574121,-27.352531461887363,-0.09952043893366855,1.0886731200388713,201.6221403119409,1.7090232946129106e-05,1.6855369251104547e-05,1.0,1.0,0.0,695.6377323827774,0.0,1.0,163.01430915048667,0.0,0.0,1.0
frame_1152.jpg,frame_1152,1152,D:\visualization2026\visualization\left_downsample2_Q13\frame_1152.jpg,D:\visualization2026\visualization\right_downsample2_Q13\frame_1152.jpg,D:\visualization2026\dowsample2_Q13\stitched_frames\frame_1152.jpg,D:\visualization2026\dowsample2_Q13_hess_matched\stitched_frames\frame_1152.jpg,2308,1440,0.0013451076478683266,0.0023886436967971436,3.2083467505092718,-5.392279064119183,25.569822860610884,-97.75858508220176,-22.361476110101613,92.36630601808258,95.03457318917533,-11.180738055050806,46.18315300904129,11.180738055050806,-46.18315300904129,0,0,95.03457318917533,1266.5558279496693,581.4739667171439,1240.9860050890584,679.2325517993456,12,12,1.294344478417131,0.08494256148024759,-10.858077453168544,-0.05971777192971204,1.1744150271863283,145.68452806007502,5.689901433127135e-05,3.86086305021613e-05,1.0,1.0,0.0,719.1807380550508,0.0,1.0,156.8168469909587,0.0,0.0,1.0
frame_1154.jpg,frame_1154,1154,D:\visualization2026\visualization\left_downsample2_Q13\frame_1154.jpg,D:\visualization2026\visualization\right_downsample2_Q13\frame_1154.jpg,D:\visualization2026\dowsample2_Q13\stitched_frames\frame_1154.jpg,D:\visualization2026\dowsample2_Q13_hess_matched\stitched_frames\frame_1154.jpg,2354,1439,0.0014012282454954894,0.002355095766447768,3.3499588793977906,-5.579434853959071,-1.3441456377922805,-95.00380412181528,4.6941045171900715,89.4243692678562,89.54748704554589,2.3470522585950357,44.7121846339281,-2.3470522585950357,-44.7121846339281,0,0,89.54748704554589,1296.3227116684702,582.8371071354528,1297.6668573062625,677.8409112572681,12,12,1.3086944643044922,0.1397926423192584,2.2326717090586863,-0.05546274170333971,1.1895426211256053,138.02906899029887,6.0191587189838555e-05,4.5757726253662775e-05,1.0,1.0,0.0,751.652947741405,0.0,1.0,159.2878153660719,0.0,0.0,1.0
frame_1156.jpg,frame_1156,1156,D:\visualization2026\visualization\left_downsample2_Q13\frame_1156.jpg,D:\visualization2026\visualization\right_downsample2_Q13\frame_1156.jpg,D:\visualization2026\dowsample2_Q13\stitched_frames\frame_1156.jpg,D:\visualization2026\dowsample2_Q13_hess_matched\stitched_frames\frame_1156.jpg,2296,1437,0.001554356020709191,0.002449647186278048,3.7255229723607735,-6.142933933973585,23.13984500136371,-92.79546875965741,-19.414322029002935,86.65253482568383,88.80077528694318,-9.707161014501468,43.326267412841915,9.707161014501468,-43.326267412841915,0,0,88.80077528694318,1258.2004510619697,582.2027112385225,1235.060606060606,674.9981799981799,12,12,1.2829217143294602,0.08875086361431953,-9.190918955458175,-0.06660350311371026,1.1645226819966648,152.9089855477838,5.1932091787435213e-05,3.9611672076606475e-05,1.0,1.0,0.0,705.7071610145015,0.0,1.0,157.6737325871581,0.0,0.0,1.0
frame_1158.jpg,frame_1158,1158,D:\visualization2026\visualization\left_downsample2_Q13\frame_1158.jpg,D:\visualization2026\visualization\right_downsample2_Q13\frame_1158.jpg,D:\visualization2026\dowsample2_Q13\stitched_frames\frame_1158.jpg,D:\visualization2026\dowsample2_Q13_hess_matched\stitched_frames\frame_1158.jpg,2281,1434,0.0017724270887397031,0.0026618972619382175,4.255851532569744,-6.967451795772746,8.287858070921857,-99.56656349118384,-4.032006538352113,92.5991116954111,92.68685216094318,-2.0160032691760565,46.29955584770555,2.0160032691760565,-46.29955584770555,0,0,92.68685216094318,1221.5592566276039,589.4158974570212,1213.271398556682,688.982460948205,12,12,1.2151188256620113,0.0867059209776345,-1.7184443976668748,-0.08754574776092051,1.1198824049824416,188.57681090952678,2.7286635734417016e-05,2.94290279360584e-05,1.0,1.0,0.0,683.016003269176,0.0,1.0,169.70044415229444,0.0,0.0,1.0
frame_1160.jpg,frame_1160,1160,D:\visualization2026\visualization\left_downsample2_Q13\frame_1160.jpg,D:\visualization2026\visualization\right_downsample2_Q13\frame_1160.jpg,D:\visualization2026\dowsample2_Q13\stitched_frames\frame_1160.jpg,D:\visualization2026\dowsample2_Q13_hess_matched\stitched_frames\frame_1160.jpg,2292,1439,0.0019352722744607753,0.0028799280658551307,4.648410734430027,-7.600065661864479,18.401498871023932,-101.79609029199537,-13.753088136593906,94.19602463013089,95.1947398200822,-6.876544068296953,47.098012315065446,6.876544068296953,-47.098012315065446,0,0,95.1947398200822,1233.5958752882575,593.1776058531293,1215.1943764172336,694.9736961451247,12,12,1.2518731667202971,0.09356688553266687,-6.672989765878656,-0.07750303320190742,1.1604946666404732,174.03827774747822,3.52348969781639e-05,4.5176172203652904e-05,1.0,1.0,0.0,698.876544068297,0.0,1.0,174.90198768493457,0.0,0.0,1.0
frame_1162.jpg,frame_1162,1162,D:\visualization2026\visualization\left_downsample2_Q13\frame_1162.jpg,D:\visualization2026\visualization\right_downsample2_Q13\frame_1162.jpg,D:\visualization2026\dowsample2_Q13\stitched_frames\frame_1162.jpg,D:\visualization2026\dowsample2_Q13_hess_matched\stitched_frames\frame_1162.jpg,2306,1452,0.0019750846247015286,0.003046215569224464,4.737807196304421,-7.786805884529045,37.85192219717328,-112.73664906829572,-33.11411500086886,104.94984318376667,110.05005314214067,-16.55705750043443,52.47492159188334,16.55705750043443,-52.47492159188334,0,0,110.05005314214067,1262.344570574437,589.9847961531495,1224.4926483772638,702.7214452214453,12,12,1.2785560797847026,0.10433499024885881,-16.35131121301048,-0.07215121500530573,1.1952804052116504,171.06713165969597,4.332088926589932e-05,5.5909354830422575e-05,1.0,1.0,0.0,722.5570575004344,0.0,1.0,178.52507840811666,0.0,0.0,1.0
frame_1164.jpg,frame_1164,1164,D:\visualization2026\visualization\left_downsample2_Q13\frame_1164.jpg,D:\visualization2026\visualization\right_downsample2_Q13\frame_1164.jpg,D:\visualization2026\dowsample2_Q13\stitched_frames\frame_1164.jpg,D:\visualization2026\dowsample2_Q13_hess_matched\stitched_frames\frame_1164.jpg,2264,1430,0.0019716382106474972,0.0031980234317391387,4.720394458614842,-7.817829768703774,23.924253959218504,-98.13109305300657,-19.203859500603663,90.31326328430279,92.3324089622854,-9.601929750301831,45.156631642151396,9.601929750301831,-45.156631642151396,0,0,92.3324089622854,1215.2703865559035,583.4861260998479,1191.346132596685,681.6172191528544,12,12,1.1942455787476007,0.07814996086904269,-9.431087460320594,-0.0976226027858602,1.1034328854577773,202.28954669778318,1.6893537945637707e-05,2.8683331423676446e-05,1.0,1.0,0.0,673.6019297503018,0.0,1.0,170.8433683578486,0.0,0.0,1.0
frame_1166.jpg,frame_1166,1166,D:\visualization2026\visualization\left_downsample2_Q13\frame_1166.jpg,D:\visualization2026\visualization\right_downsample2_Q13\frame_1166.jpg,D:\visualization2026\dowsample2_Q13\stitched_frames\frame_1166.jpg,D:\visualization2026\dowsample2_Q13_hess_matched\stitched_frames\frame_1166.jpg,2257,1424,0.0019615913360242487,0.0032759182524855213,4.690858267284605,-7.80473575021602,33.30743430594225,-97.14924286045971,-28.616576038657648,89.34450711024368,93.81550711342267,-14.308288019328824,44.67225355512184,14.308288019328824,-44.67225355512184,0,0,93.81550711342267,1212.8919091917871,576.7318566112924,1179.5844748858449,673.8810994717521,12,12,1.2111188255761225,0.07362444084197182,-14.064209457926221,-0.08828420125814551,1.1134004435038953,187.3606603791768,2.590109980876828e-05,3.1292712261383064e-05,1.0,1.0,0.0,671.3082880193289,0.0,1.0,164.32774644487816,0.0,0.0,1.0
frame_1168.jpg,frame_1168,1168,D:\visualization2026\visualization\left_downsample2_Q13\frame_1168.jpg,D:\visualization2026\visualization\right_downsample2_Q13\frame_1168.jpg,D:\visualization2026\dowsample2_Q13\stitched_frames\frame_1168.jpg,D:\visualization2026\dowsample2_Q13_hess_matched\stitched_frames\frame_1168.jpg,2339,1424,0.001966611206948965,0.00324509643920734,4.705144529099635,-7.813577330513166,30.705634202223337,-104.18362300844854,-26.000489673123703,96.37004567793537,99.81588634686145,-13.000244836561851,48.18502283896768,13.000244836561851,-48.18502283896768,0,0,99.81588634686145,1281.9701688255325,557.7117456200564,1251.2645346233091,661.8953686285049,12,12,1.3647682304598607,0.11054810772307666,-12.714854273882825,-0.02661621936024275,1.2259210435441592,97.71584822517266,8.670454525318322e-05,5.452763194224425e-05,1.0,1.0,0.0,752.0002448365618,0.0,1.0,149.81497716103232,0.0,0.0,1.0
frame_1170.jpg,frame_1170,1170,D:\visualization2026\visualization\left_downsample2_Q13\frame_1170.jpg,D:\visualization2026\visualization\right_downsample2_Q13\frame_1170.jpg,D:\visualization2026\dowsample2_Q13\stitched_frames\frame_1170.jpg,D:\visualization2026\dowsample2_Q13_hess_matched\stitched_frames\frame_1170.jpg,2258,1421,0.0019711665097577047,0.0031665702337235757,4.721051368501499,-7.807246253256288,28.914213395897605,-93.23318219593364,-24.193162027396106,85.42593594267734,88.78569490951936,-12.096581013698053,42.71296797133867,12.096581013698053,-42.71296797133867,0,0,88.78569490951936,1207.775210195166,569.0855192215332,1178.8609967992684,662.3187014174669,12,12,1.2291421682930583,0.0737821703287413,-12.414535987287675,-0.07704397267462892,1.121305405831558,168.95349892420865,3.7625721023512244e-05,2.860130894750774e-05,1.0,1.0,0.0,670.096581013698,0.0,1.0,160.28703202866132,0.0,0.0,1.0
frame_1172.jpg,frame_1172,1172,D:\visualization2026\visualization\left_downsample2_Q13\frame_1172.jpg,D:\visualization2026\visualization\right_downsample2_Q13\frame_1172.jpg,D:\visualization2026\dowsample2_Q13\stitched_frames\frame_1172.jpg,D:\visualization2026\dowsample2_Q13_hess_matched\stitched_frames\frame_1172.jpg,2318,1455,0.0019745364343308758,0.0030683441071263085,4.735154977870554,-7.791167561460068,13.669723858463612,-5.931497326681779,-8.934568880593059,-1.8596702347782896,9.126055799970885,-4.467284440296529,-0.9298351173891448,4.467284440296529,0.9298351173891448,3,5,9.126055799970885,1921.2804702722735,610.6216269135322,1907.61074641381,616.553124240214,12,12,1.3197480176968261,0.1269141072540903,-3.8624135551023837,-0.06357225033042242,1.233128348334968,101.04780544895304,5.684909989406058e-05,7.240731963193894e-05,1.0,1.0,0.0,722.4672844402966,0.0,1.0,234.92983511738913,0.0,0.0,1.0
frame_1174.jpg,frame_1174,1174,D:\visualization2026\visualization\left_downsample2_Q13\frame_1174.jpg,D:\visualization2026\visualization\right_downsample2_Q13\frame_1174.jpg,D:\visualization2026\dowsample2_Q13\stitched_frames\frame_1174.jpg,D:\visualization2026\dowsample2_Q13_hess_matched\stitched_frames\frame_1174.jpg,2257,1420,0.001976433486268636,0.0029625934228084683,4.746031230861733,-7.76779060335651,25.59586654554505,-86.43241435336768,-20.849835314683318,78.66462375001116,81.38082490599513,-10.424917657341659,39.33231187500558,10.424917657341659,-39.33231187500558,0,0,81.38082490599513,1194.4170945672702,568.1014160802142,1168.8212280217251,654.5338304335819,12,12,1.2349593878523892,0.06909492542062448,-10.72667974828186,-0.07704479143554219,1.1236781462807055,165.47548440497175,3.950737172825035e-05,3.1299106771354785e-05,1.0,1.0,0.0,667.4249176573417,0.0,1.0,163.6676881249944,0.0,0.0,1.0
frame_1176.jpg,frame_1176,1176,D:\visualization2026\visualization\left_downsample2_Q13\frame_1176.jpg,D:\visualization2026\visualization\right_downsample2_Q13\frame_1176.jpg,D:\visualization2026\dowsample2_Q13\stitched_frames\frame_1176.jpg,D:\visualization2026\dowsample2_Q13_hess_matched\stitched_frames\frame_1176.jpg,2308,1447,0.0019775209720036546,0.0028373847128483343,4.756025404590779,-7.736051786575066,30.530313709809207,-102.75739547891669,-25.774288305218427,95.02134369234163,98.45491198888267,-12.887144152609213,47.510671846170816,12.887144152609213,-47.510671846170816,0,0,98.45491198888267,1244.5203039658106,580.6056127591912,1213.9899902560014,683.3630082381079,12,12,1.2705713671606615,0.10255729117259087,-12.387248905904531,-0.0753499387699444,1.1846420223001977,171.5688949771089,4.2201644553635106e-05,5.5211026745247995e-05,1.0,1.0,0.0,720.8871441526093,0.0,1.0,185.48932815382918,0.0,0.0,1.0
frame_1178.jpg,frame_1178,1178,D:\visualization2026\visualization\left_downsample2_Q13\frame_1178.jpg,D:\visualization2026\visualization\right_downsample2_Q13\frame_1178.jpg,D:\visualization2026\dowsample2_Q13\stitched_frames\frame_1178.jpg,D:\visualization2026\dowsample2_Q13_hess_matched\stitched_frames\frame_1178.jpg,2302,1439,0.0020756797095491386,0.002653838448584578,5.010982745497958,-8.02794649458463,23.156915632288474,-91.38489227166451,-18.145932886790515,83.35694577707989,85.30917470949383,-9.072966443395257,41.67847288853994,9.072966443395257,-41.67847288853994,0,0,85.30917470949383,1241.1114038095918,574.1284128947427,1217.9544881773033,665.5133051664072,12,12,1.263600825869137,0.11261621784219644,-8.993273683941124,-0.07512795693171469,1.1732725097400323,164.38591045627385,4.40850943636135e-05,5.155820501571525e-05,1.0,1.0,0.0,711.0729664433952,0.0,1.0,182.32152711146006,0.0,0.0,1.0
frame_1180.jpg,frame_1180,1180,D:\visualization2026\visualization\left_downsample2_Q13\frame_1180.jpg,D:\visualization2026\visualization\right_downsample2_Q13\frame_1180.jpg,D:\visualization2026\dowsample2_Q13\stitched_frames\frame_1180.jpg,D:\visualization2026\dowsample2_Q13_hess_matched\stitched_frames\frame_1180.jpg,2299,1447,0.0021234720999041556,0.002580353752652753,5.134194196668701,-8.174576054524366,30.468402551943882,-93.63806310754251,-25.33420835527518,85.46348705301814,89.13938373272443,-12.66710417763759,42.73174352650907,12.66710417763759,-42.73174352650907,0,0,89.13938373272443,1240.3299622784098,579.8999115760017,1209.8615597264659,673.5379746835442,12,12,1.2750005876825092,0.11072988141914107,-13.04126608930094,-0.07448738141624256,1.1908331873707632,165.44623900653826,4.538944977702508e-05,5.8607172916974504e-05,1.0,1.0,0.0,711.6671041776376,0.0,1.0,189.26825647349094,0.0,0.0,1.0
frame_1182.jpg,frame_1182,1182,D:\visualization2026\visualization\left_downsample2_Q13\frame_1182.jpg,D:\visualization2026\visualization\right_downsample2_Q13\frame_1182.jpg,D:\visualization2026\dowsample2_Q13\stitched_frames\frame_1182.jpg,D:\visualization2026\dowsample2_Q13_hess_matched\stitched_frames\frame_1182.jpg,2273,1416,0.0020571219086614745,0.002662774629580089,4.964280417246613,-7.965445816732569,43.19900116735221,-88.96716645670801,-38.234720750105595,81.00172063997545,89.57216430049672,-19.117360375052797,40.50086031998772,19.117360375052797,-40.50086031998772,0,0,89.57216430049672,1221.9037849407925,549.8734764824425,1178.7047837734403,638.8406429391505,12,12,1.2948521375447548,0.0779838193942039,-19.29525350936008,-0.052485780754731384,1.168562580231418,128.97996593153215,6.840717881565167e-05,4.286401607380826e-05,1.0,1.0,0.0,692.1173603750528,0.0,1.0,157.49913968001226,0.0,0.0,1.0
frame_1184.jpg,frame_1184,1184,D:\visualization2026\visualization\left_downsample2_Q13\frame_1184.jpg,D:\visualization2026\visualization\right_downsample2_Q13\frame_1184.jpg,D:\visualization2026\dowsample2_Q13\stitched_frames\frame_1184.jpg,D:\visualization2026\dowsample2_Q13_hess_matched\stitched_frames\frame_1184.jpg,2273,1444,0.002000398184721086,0.0027394466697338027,4.818657289847722,-7.788420367472291,21.48291733207452,-94.14513090863807,-16.6642600422268,86.35671054116577,87.94986650499048,-8.3321300211134,43.178355270582884,8.3321300211134,-43.178355270582884,0,0,87.94986650499048,1189.925134492287,571.95714699569,1168.4422171602125,666.102277904328,12,12,1.2294833177569087,0.08433291621404429,-7.733335868981655,-0.08817203102635413,1.1381887788637552,187.35877468539684,3.85715207582161e-05,3.719670242521577e-05,1.0,1.0,0.0,681.3321300211134,0.0,1.0,183.82164472941713,0.0,0.0,1.0
frame_1186.jpg,frame_1186,1186,D:\visualization2026\visualization\left_downsample2_Q13\frame_1186.jpg,D:\visualization2026\visualization\right_downsample2_Q13\frame_1186.jpg,D:\visualization2026\dowsample2_Q13\stitched_frames\frame_1186.jpg,D:\visualization2026\dowsample2_Q13_hess_matched\stitched_frames\frame_1186.jpg,2292,1437,0.002068943608603213,0.0026533408095665845,4.994248524171174,-8.004197780888918,14.740560927520619,-88.95218673638942,-9.746312403349446,80.9479889555005,81.5326163041731,-4.873156201674723,40.47399447775025,4.873156201674723,-40.47399447775025,0,0,81.5326163041731,1207.9090026527265,569.9286955054718,1193.1684417252059,658.8808822418612,12,12,1.2542160005437597,0.09924233525206594,-4.356412636360991,-0.07807159795273813,1.1597343758696916,168.32591808022096,4.449765674580195e-05,4.647530068003899e-05,1.0,1.0,0.0,696.8731562016748,0.0,1.0,183.52600552224976,0.0,0.0,1.0
frame_1188.jpg,frame_1188,1188,D:\visualization2026\visualization\left_downsample2_Q13\frame_1188.jpg,D:\visualization2026\visualization\right_downsample2_Q13\frame_1188.jpg,D:\visualization2026\dowsample2_Q13\stitched_frames\frame_1188.jpg,D:\visualization2026\dowsample2_Q13_hess_matched\stitched_frames\frame_1188.jpg,2355,1477,0.002286563386929008,0.0024206181440520336,5.549354116408201,-8.700794630551735,12.090529603949562,-99.34151907297814,-6.541175487541361,90.6407244424264,90.87644306533288,-3.2705877437706805,45.3203622212132,3.2705877437706805,-45.3203622212132,0,0,90.87644306533288,1260.304820531619,598.494697261596,1248.2142909276695,697.8362163345741,12,12,1.3348347453911855,0.1680207217342887,-3.2834371302707597,-0.0681078235326185,1.282950442461333,158.1641923052714,5.6306167207993734e-05,9.589786354316115e-05,1.0,1.0,0.0,758.2705877437706,0.0,1.0,219.6796377787868,0.0,0.0,1.0
frame_1190.jpg,frame_1190,1190,D:\visualization2026\visualization\left_downsample2_Q13\frame_1190.jpg,D:\visualization2026\visualization\right_downsample2_Q13\frame_1190.jpg,D:\visualization2026\dowsample2_Q13\stitched_frames\frame_1190.jpg,D:\visualization2026\dowsample2_Q13_hess_matched\stitched_frames\frame_1190.jpg,2266,1435,0.0025439408389829055,0.0021568947246007886,6.205203469451777,-9.527924778920951,15.575109374944986,-88.77665737026507,-9.369905905493209,79.24873259134412,79.80073153807655,-4.684952952746604,39.62436629567206,4.684952952746604,-39.62436629567206,0,0,79.80073153807655,1175.604919673048,565.1007891819783,1160.029810298103,653.8774465522433,12,12,1.2357386705968034,0.08614446178473031,-4.7259688145539,-0.08246881315690825,1.139850536158499,173.64502731003307,4.218565905768791e-05,3.763591200191168e-05,1.0,1.0,0.0,670.6849529527466,0.0,1.0,182.37563370432792,0.0,0.0,1.0
frame_1192.jpg,frame_1192,1192,D:\visualization2026\visualization\left_downsample2_Q13\frame_1192.jpg,D:\visualization2026\visualization\right_downsample2_Q13\frame_1192.jpg,D:\visualization2026\dowsample2_Q13\stitched_frames\frame_1192.jpg,D:\visualization2026\dowsample2_Q13_hess_matched\stitched_frames\frame_1192.jpg,2249,1437,0.0027448637489146943,0.00196228230477713,6.716539668116591,-10.176826078431596,7.987407125791151,-88.4500201130985,-1.2708674576745596,78.27319403466691,78.28351045069194,-0.6354337288372798,39.13659701733346,0.6354337288372798,-39.13659701733346,0,0,78.28351045069194,1158.2804362169852,570.9067586840473,1150.293029091194,659.3567787971458,12,12,1.2019945258842497,0.08141153075617745,-0.68731174481402,-0.09567318904924008,1.1186636080437065,193.5586001626032,2.897647718067118e-05,3.397023485218566e-05,1.0,1.0,0.0,649.6354337288373,0.0,1.0,187.86340298266654,0.0,0.0,1.0
frame_1194.jpg,frame_1194,1194,D:\visualization2026\visualization\left_downsample2_Q13\frame_1194.jpg,D:\visualization2026\visualization\right_downsample2_Q13\frame_1194.jpg,D:\visualization2026\dowsample2_Q13\stitched_frames\frame_1194.jpg,D:\visualization2026\dowsample2_Q13_hess_matched\stitched_frames\frame_1194.jpg,2266,1441,0.002940253675523863,0.0018646555010810584,7.2084615625414425,-10.833873174436281,17.99028970070799,-91.06599824021089,-10.781828138166548,80.23212506577461,80.95333044767867,-5.390914069083274,40.116062532887305,5.390914069083274,-40.116062532887305,0,0,80.95333044767867,1180.8636378818512,574.1507797850303,1162.8733481811432,665.2167780252412,12,12,1.2421257815240447,0.10973411416123398,-5.312295294424339,-0.0827668865234583,1.1674126697123672,174.65361898592042,4.0221511498051596e-05,5.332841078452422e-05,1.0,1.0,0.0,671.3909140690832,0.0,1.0,193.8839374671127,0.0,0.0,1.0
frame_1196.jpg,frame_1196,1196,D:\visualization2026\visualization\left_downsample2_Q13\frame_1196.jpg,D:\visualization2026\visualization\right_downsample2_Q13\frame_1196.jpg,D:\visualization2026\dowsample2_Q13\stitched_frames\frame_1196.jpg,D:\visualization2026\dowsample2_Q13_hess_matched\stitched_frames\frame_1196.jpg,2284,1432,0.0031257134475192183,0.00180993307812638,7.673174384632147,-11.46830060785961,14.446088638012043,-92.69977072426923,-6.772914253379896,81.23147011640961,81.51333697473551,-3.386457126689948,40.615735058204805,3.386457126689948,-40.615735058204805,0,0,81.51333697473551,1189.261324998889,563.1929373719445,1174.815236360877,655.8927080962137,12,12,1.2790895197176824,0.1093557513140405,-3.455622555820924,-0.06707938361283129,1.182762284510186,151.29680389377808,5.6607963155163564e-05,5.559757891225469e-05,1.0,1.0,0.0,687.38645712669,0.0,1.0,184.3842649417952,0.0,0.0,1.0
frame_1198.jpg,frame_1198,1198,D:\visualization2026\visualization\left_downsample2_Q13\frame_1198.jpg,D:\visualization2026\visualization\right_downsample2_Q13\frame_1198.jpg,D:\visualization2026\dowsample2_Q13\stitched_frames\frame_1198.jpg,D:\visualization2026\dowsample2_Q13_hess_matched\stitched_frames\frame_1198.jpg,2286,1445,0.003291247764179328,0.0017456929035507551,8.088855519235015,-12.030194710243268,-5.715488174301754,-92.89825924882996,13.804343693536769,80.8680645385867,82.03781912646332,6.902171846768384,40.43403226929335,-6.902171846768384,-40.43403226929335,0,0,82.03781912646332,1161.1710006949952,581.5186829302899,1166.886488869297,674.4169421791198,12,12,1.2213757750882128,0.10863810345919207,6.559486519397398,-0.09536673000725483,1.147931548719385,195.17682277723972,3.121433746637224e-05,4.9179198774219806e-05,1.0,1.0,0.0,679.0978281532316,0.0,1.0,203.56596773070666,0.0,0.0,1.0
frame_1200.jpg,frame_1200,1200,D:\visualization2026\visualization\left_downsample2_Q13\frame_1200.jpg,D:\visualization2026\visualization\right_downsample2_Q13\frame_1200.jpg,D:\visualization2026\dowsample2_Q13\stitched_frames\frame_1200.jpg,D:\visualization2026\dowsample2_Q13_hess_matched\stitched_frames\frame_1200.jpg,2412,1478,0.0035677001809104603,0.0017177890969568566,8.778447932145205,-12.991130575917301,-4.738491459290344,-107.7286419123476,13.51693939143555,94.7375113364303,95.69693675730693,6.758469695717775,47.36875566821515,-6.758469695717775,-47.36875566821515,0,0,95.69693675730693,1288.2129231890476,596.2333916900963,1292.951414648338,703.9620336024439,12,12,1.3632570134392719,0.2354607406737806,6.893998773900687,-0.062000804948600004,1.3108723408070784,151.5768083279739,6.775121267256884e-05,0.00010887850348455554,1.0,1.0,0.0,805.2415303042823,0.0,1.0,225.63124433178484,0.0,0.0,1.0
frame_1202.jpg,frame_1202,1202,D:\visualization2026\visualization\left_downsample2_Q13\frame_1202.jpg,D:\visualization2026\visualization\right_downsample2_Q13\frame_1202.jpg,D:\visualization2026\dowsample2_Q13\stitched_frames\frame_1202.jpg,D:\visualization2026\dowsample2_Q13_hess_matched\stitched_frames\frame_1202.jpg,2287,1434,0.003781675020380071,0.0017790933818311316,9.307368738560752,-13.758435281643381,20.53462087214598,-94.2994892029376,-11.227252133585226,80.5410539212942,81.31981651002364,-5.613626066792613,40.2705269606471,5.613626066792613,-40.2705269606471,0,0,81.31981651002364,1178.9029295386654,566.2623250964513,1158.3683086665194,660.5618142993889,12,12,1.2498087974098746,0.1105661793127023,-4.994109322810396,-0.07984731505721353,1.1586228405346637,171.29364586724495,4.7574410126132046e-05,4.959879101375851e-05,1.0,1.0,0.0,692.6136260667926,0.0,1.0,190.7294730393529,0.0,0.0,1.0
frame_1204.jpg,frame_1204,1204,D:\visualization2026\visualization\left_downsample2_Q13\frame_1204.jpg,D:\visualization2026\visualization\right_downsample2_Q13\frame_1204.jpg,D:\visualization2026\dowsample2_Q13\stitched_frames\frame_1204.jpg,D:\visualization2026\dowsample2_Q13_hess_matched\stitched_frames\frame_1204.jpg,2311,1459,0.0036815837337383917,0.0019364158798585995,9.04912851567189,-13.4523221245337,22.676330805561975,-104.60416454455867,-13.627202289890084,91.15184242002498,92.1648469798255,-6.813601144945042,45.57592121001249,6.813601144945042,-45.57592121001249,0,0,92.1648469798255,1214.5100348387766,583.7350258469004,1191.8337040332146,688.339190391459,12,12,1.3000253020091517,0.14860953981880065,-6.584610627457724,-0.07375788331858707,1.2356086109084516,167.21729398787537,5.653751875445873e-05,8.036967396635403e-05,1.0,1.0,0.0,717.8136011449451,0.0,1.0,211.4240787899875,0.0,0.0,1.0
frame_1206.jpg,frame_1206,1206,D:\visualization2026\visualization\left_downsample2_Q13\frame_1206.jpg,D:\visualization2026\visualization\right_downsample2_Q13\frame_1206.jpg,D:\visualization2026\dowsample2_Q13\stitched_frames\frame_1206.jpg,D:\visualization2026\dowsample2_Q13_hess_matched\stitched_frames\frame_1206.jpg,2274,1446,0.003188227031660995,0.0016908144617172605,7.835676569062681,-11.653565576453332,22.27615062941254,-98.75231412971675,-14.44047406034986,87.09874855326342,88.28770747183464,-7.22023703017493,43.54937427663171,7.22023703017493,-43.54937427663171,0,0,88.28770747183464,1171.6590444915885,577.7124912473421,1149.382893862176,676.4648053770588,12,12,1.2374214914166006,0.12137510770357432,-7.013562302444543,-0.08918606591011582,1.1675106354783762,189.14061906786517,3.89985655212345e-05,5.7804025623384766e-05,1.0,1.0,0.0,681.220237030175,0.0,1.0,202.4506257233683,0.0,0.0,1.0
frame_1208.jpg,frame_1208,1208,D:\visualization2026\visualization\left_downsample2_Q13\frame_1208.jpg,D:\visualization2026\visualization\right_downsample2_Q13\frame_1208.jpg,D:\visualization2026\dowsample2_Q13\stitched_frames\frame_1208.jpg,D:\visualization2026\dowsample2_Q13_hess_matched\stitched_frames\frame_1208.jpg,2271,1455,0.0026652203432092625,0.001255444626780955,6.559484536648126,-9.69701710279478,23.57814890633381,-100.4668036025879,-17.01866436968568,90.76978649979313,92.35144329216537,-8.50933218484284,45.384893249896564,8.50933218484284,-45.384893249896564,0,0,92.35144329216537,1165.07630548842,583.9579777174439,1141.4981565820863,684.4247813200318,12,12,1.2339547415752714,0.12050631061139781,-8.302239741153592,-0.09526086629739029,1.1723025690605051,200.33203901123892,3.548713418887598e-05,6.0474434214637706e-05,1.0,1.0,0.0,679.5093321848428,0.0,1.0,209.61510675010345,0.0,0.0,1.0
frame_1210.jpg,frame_1210,1210,D:\visualization2026\visualization\left_downsample2_Q13\frame_1210.jpg,D:\visualization2026\visualization\right_downsample2_Q13\frame_1210.jpg,D:\visualization2026\dowsample2_Q13\stitched_frames\frame_1210.jpg,D:\visualization2026\dowsample2_Q13_hess_matched\stitched_frames\frame_1210.jpg,2313,1448,0.002534694613893218,0.0011069416567472956,6.243307281201579,-9.19741116822232,22.820437574054495,-103.06350511942674,-16.577130292852914,93.86609395120442,95.31864897491234,-8.288565146426457,46.93304697560221,8.288565146426457,-46.93304697560221,0,0,95.31864897491234,1195.3391796561768,570.4752086446391,1172.5187420821223,673.5387137640658,12,12,1.311063200561221,0.13969308471036568,-7.769402843540568,-0.06541037020561066,1.222986746787611,156.45664883421995,6.529125947203297e-05,7.225839904732934e-05,1.0,1.0,0.0,721.2885651464264,0.0,1.0,197.06695302439778,0.0,0.0,1.0
frame_1212.jpg,frame_1212,1212,D:\visualization2026\visualization\left_downsample2_Q13\frame_1212.jpg,D:\visualization2026\visualization\right_downsample2_Q13\frame_1212.jpg,D:\visualization2026\dowsample2_Q13\stitched_frames\frame_1212.jpg,D:\visualization2026\dowsample2_Q13_hess_matched\stitched_frames\frame_1212.jpg,2215,1467,0.0029008097875111716,0.0011246153025720185,7.153377902878057,-10.48552085001094,45.9291433771366,-95.85700461965087,-38.77576547425854,85.37148376963992,93.7648667100028,-19.38788273712927,42.68574188481996,19.38788273712927,-42.68574188481996,0,0,93.7648667100028,1115.0618115219997,600.3661291571415,1069.1326681448631,696.2231337767923,12,12,1.1438910171162788,0.0990892879595029,-19.603733573037143,-0.12968181827165565,1.1014580591425416,250.1317604223811,1.5680721308100138e-06,4.264037167396682e-05,1.0,1.0,0.0,634.3878827371293,0.0,1.0,224.31425811518005,0.0,0.0,1.0
frame_1214.jpg,frame_1214,1214,D:\visualization2026\visualization\left_downsample2_Q13\frame_1214.jpg,D:\visualization2026\visualization\right_downsample2_Q13\frame_1214.jpg,D:\visualization2026\dowsample2_Q13\stitched_frames\frame_1214.jpg,D:\visualization2026\dowsample2_Q13_hess_matched\stitched_frames\frame_1214.jpg,2245,1459,0.0034716296353887177,0.0010638024542048985,8.577436639951909,-12.468756640440223,37.19823069184463,-97.91830867519025,-28.62079405189272,85.44955203475003,90.11534716739602,-14.31039702594636,42.724776017375014,14.31039702594636,-42.724776017375014,0,0,90.11534716739602,1144.2015162354528,591.1893675494214,1107.0032855436082,689.1076762246116,12,12,1.1974086482932946,0.11685422876288329,-13.942579591784453,-0.10627870917610331,1.14639689185253,213.99961237191528,2.2434527274656055e-05,5.682400820843554e-05,1.0,1.0,0.0,659.3103970259464,0.0,1.0,216.275223982625,0.0,0.0,1.0
frame_1216.jpg,frame_1216,1216,D:\visualization2026\visualization\left_downsample2_Q13\frame_1216.jpg,D:\visualization2026\visualization\right_downsample2_Q13\frame_1216.jpg,D:\visualization2026\dowsample2_Q13\stitched_frames\frame_1216.jpg,D:\visualization2026\dowsample2_Q13_hess_matched\stitched_frames\frame_1216.jpg,2359,1453,0.003944010214209981,0.0008397331520584306,9.766025923502086,-14.06064819297649,16.091071888766237,-101.21070244285511,-6.325045965264151,87.15005424987862,87.37927764761787,-3.1625229826320753,43.57502712493931,3.1625229826320753,-43.57502712493931,0,0,87.37927764761787,1231.485455550327,572.0138781552484,1215.3943836615608,673.2245805981036,12,12,1.3772173361591842,0.16201933350959521,-3.251966492167461,-0.044560361720305745,1.2768706226420092,121.29469884887709,8.802008345777097e-05,8.736561497154857e-05,1.0,1.0,0.0,762.162522982632,0.0,1.0,200.4249728750607,0.0,0.0,1.0
frame_1218.jpg,frame_1218,1218,D:\visualization2026\visualization\left_downsample2_Q13\frame_1218.jpg,D:\visualization2026\visualization\right_downsample2_Q13\frame_1218.jpg,D:\visualization2026\dowsample2_Q13\stitched_frames\frame_1218.jpg,D:\visualization2026\dowsample2_Q13_hess_matched\stitched_frames\frame_1218.jpg,2308,1451,0.004026864315037626,0.0005798256915418021,9.987341449263646,-14.277225142008318,23.01987353495315,-98.39488058190307,-13.032532085689503,84.11765543989475,85.12124793063938,-6.516266042844752,42.058827719947374,6.516266042844752,-42.058827719947374,0,0,85.12124793063938,1177.090280108122,581.1811925162696,1154.0704065731688,679.5760730981726,12,12,1.2840009661994176,0.15416083625683044,-6.313944432407613,-0.07748029600019543,1.2139763816278952,169.84283861083964,5.5604376759946597e-05,7.697442351880755e-05,1.0,1.0,0.0,714.5162660428448,0.0,1.0,208.94117228005263,0.0,0.0,1.0
frame_1220.jpg,frame_1220,1220,D:\visualization2026\visualization\left_downsample2_Q13\frame_1220.jpg,D:\visualization2026\visualization\right_downsample2_Q13\frame_1220.jpg,D:\visualization2026\dowsample2_Q13\stitched_frames\frame_1220.jpg,D:\visualization2026\dowsample2_Q13_hess_matched\stitched_frames\frame_1220.jpg,2264,1440,0.003992835144672746,0.0003704204775126785,9.914846484098469,-14.098510474090498,26.61780461125045,-97.71826597942879,-16.70295812715198,83.61975550533829,85.27163843254066,-8.35147906357599,41.809877752669145,8.35147906357599,-41.809877752669145,0,0,85.27163843254066,1136.5030172073903,571.2691814157243,1109.8852125961398,668.9874473951531,12,12,1.2399196110969346,0.11497217956205637,-7.75944591564723,-0.08445225618022502,1.1605218810107334,179.91158959507004,4.8103982632368455e-05,5.3905027665358956e-05,1.0,1.0,0.0,672.351479063576,0.0,1.0,198.19012224733086,0.0,0.0,1.0
frame_1222.jpg,frame_1222,1222,D:\visualization2026\visualization\left_downsample2_Q13\frame_1222.jpg,D:\visualization2026\visualization\right_downsample2_Q13\frame_1222.jpg,D:\visualization2026\dowsample2_Q13\stitched_frames\frame_1222.jpg,D:\visualization2026\dowsample2_Q13_hess_matched\stitched_frames\frame_1222.jpg,2300,1481,0.00429517434972404,0.0001874583813628039,10.677885032067522,-15.10614438159806,20.633211916434448,-92.92855482829077,-9.955326884366926,77.82241044669271,78.45658736593191,-4.977663442183463,38.91120522334636,4.977663442183463,-38.91120522334636,0,0,78.45658736593191,1161.0575996789516,617.0853976460934,1140.4243877625172,710.0139524743842,12,12,1.2073302594142872,0.18617380155379892,-4.491113950077626,-0.11210384228197941,1.1868654167426085,219.43300872721898,1.831502077118155e-05,8.022507355855836e-05,1.0,1.0,0.0,704.9776634421835,0.0,1.0,242.08879477665363,0.0,0.0,1.0
frame_1224.jpg,frame_1224,1224,D:\visualization2026\visualization\left_downsample2_Q13\frame_1224.jpg,D:\visualization2026\visualization\right_downsample2_Q13\frame_1224.jpg,D:\visualization2026\dowsample2_Q13\stitched_frames\frame_1224.jpg,D:\visualization2026\dowsample2_Q13_hess_matched\stitched_frames\frame_1224.jpg,2285,1462,0.00524701734763533,0.0005987248527221656,13.022664628017916,-18.55875420194395,31.460774582522163,-98.39199600205939,-18.43810995450425,79.83324180011543,81.93479355566892,-9.219054977252124,39.916620900057715,9.219054977252124,-39.916620900057715,0,0,81.93479355566892,1165.4908316250846,596.0505226464707,1134.0300570425625,694.44251864853,12,12,1.260179536073836,0.15308057434788436,-8.820669275550056,-0.08761931312374216,1.2032794284552881,183.0308176735083,4.7871801916682793e-05,7.439942569493567e-05,1.0,1.0,0.0,694.2190549772521,0.0,1.0,222.08337909994228,0.0,0.0,1.0
frame_1226.jpg,frame_1226,1226,D:\visualization2026\visualization\left_downsample2_Q13\frame_1226.jpg,D:\visualization2026\visualization\right_downsample2_Q13\frame_1226.jpg,D:\visualization2026\dowsample2_Q13\stitched_frames\frame_1226.jpg,D:\visualization2026\dowsample2_Q13_hess_matched\stitched_frames\frame_1226.jpg,2222,1468,0.006442483934280374,0.0014099441391409728,15.95043631838666,-22.978727281938827,48.45967947820486,-97.65631988043526,-32.5092431598182,74.67759259849643,81.4468767180866,-16.2546215799091,37.338796299248216,16.2546215799091,-37.338796299248216,0,0,81.4468767180866,1107.4275796119543,602.1694343178111,1058.9679001337495,699.8257541982464,12,12,1.1814005741962055,0.12195013978872503,-16.5662268834742,-0.1130045048655093,1.141411150309892,219.41819202532383,2.0661628409774088e-05,5.720262423206811e-05,1.0,1.0,0.0,638.2546215799091,0.0,1.0,230.6612037007518,0.0,0.0,1.0
frame_1228.jpg,frame_1228,1228,D:\visualization2026\visualization\left_downsample2_Q13\frame_1228.jpg,D:\visualization2026\visualization\right_downsample2_Q13\frame_1228.jpg,D:\visualization2026\dowsample2_Q13\stitched_frames\frame_1228.jpg,D:\visualization2026\dowsample2_Q13_hess_matched\stitched_frames\frame_1228.jpg,2219,1464,0.007278150562820329,0.0017386500410971895,18.010909647750402,-26.000742883157674,42.823714852858984,-99.2404875145545,-24.81280520510858,73.23974463139683,77.32874947791983,-12.40640260255429,36.619872315698416,12.40640260255429,-36.619872315698416,0,0,77.32874947791983,1098.1702432186507,598.271860777853,1055.3465283657918,697.5123482924075,12,12,1.1773145616888334,0.11837816763585755,-12.241443209850782,-0.10824695794551673,1.1379679995007619,211.12492231732367,2.081022836478071e-05,5.4564687624592914e-05,1.0,1.0,0.0,631.4064026025543,0.0,1.0,227.38012768430158,0.0,0.0,1.0
frame_1230.jpg,frame_1230,1230,D:\visualization2026\visualization\left_downsample2_Q13\frame_1230.jpg,D:\visualization2026\visualization\right_downsample2_Q13\frame_1230.jpg,D:\visualization2026\dowsample2_Q13\stitched_frames\frame_1230.jpg,D:\visualization2026\dowsample2_Q13_hess_matched\stitched_frames\frame_1230.jpg,2242,1444,0.007233917305869753,0.001105672521512946,17.93767566662791,-25.666003577288922,23.626945672156353,-84.97606628916947,-5.689270005528442,59.31006271188055,59.58230720677917,-2.844635002764221,29.655031355940274,2.844635002764221,-29.655031355940274,0,0,59.58230720677917,1102.7515542221527,593.5595829716273,1079.1246085499963,678.5356492607967,12,12,1.2015963427825755,0.10559821418519529,-2.878489259954563,-0.09928545006795544,1.1377464322532698,190.13225695916472,3.732436097249774e-05,4.7037593820278117e-05,1.0,1.0,0.0,644.8446350027642,0.0,1.0,214.34496864405972,0.0,0.0,1.0
frame_1232.jpg,frame_1232,1232,D:\visualization2026\visualization\left_downsample2_Q13\frame_1232.jpg,D:\visualization2026\visualization\right_downsample2_Q13\frame_1232.jpg,D:\visualization2026\dowsample2_Q13\stitched_frames\frame_1232.jpg,D:\visualization2026\dowsample2_Q13_hess_matched\stitched_frames\frame_1232.jpg,2263,1433,0.006622423129953869,0.00011486325123200025,16.47360719102518,-23.241636978760702,42.4371401593105,-85.54393979749682,-25.96353296828532,62.302302818736116,67.49579231857889,-12.98176648414266,31.151151409368058,12.98176648414266,-31.151151409368058,0,0,67.49579231857889,1137.6347135673082,581.7796297336971,1095.1975734079977,667.3235695311939,12,12,1.2333959874275697,0.11230249148664453,-13.186458721402907,-0.08295387689985284,1.1496456102376094,166.5721375351827,5.000710084109784e-05,4.782916827972205e-05,1.0,1.0,0.0,675.9817664841427,0.0,1.0,201.84884859063195,0.0,0.0,1.0
frame_1234.jpg,frame_1234,1234,D:\visualization2026\visualization\left_downsample2_Q13\frame_1234.jpg,D:\visualization2026\visualization\right_downsample2_Q13\frame_1234.jpg,D:\visualization2026\dowsample2_Q13\stitched_frames\frame_1234.jpg,D:\visualization2026\dowsample2_Q13_hess_matched\stitched_frames\frame_1234.jpg,2246,1452,0.0060801545841403515,-0.0004945874431463437,15.159613437958624,-21.168157050702717,36.148541516795376,-88.06188008634751,-20.98892807883675,66.8937230356448,70.10923821771377,-10.494464039418375,33.4468615178224,10.494464039418375,-33.4468615178224,0,0,70.10923821771377,1120.8222722011221,600.2147939386708,1084.6737306843268,688.2766740250183,12,12,1.1909326507459366,0.11394698565320517,-10.5289691460641,-0.10598703295927321,1.1368091315078988,204.63972281365022,2.7877593752326342e-05,5.133049271592225e-05,1.0,1.0,0.0,656.4944640394184,0.0,1.0,218.5531384821776,0.0,0.0,1.0
frame_1236.jpg,frame_1236,1236,D:\visualization2026\visualization\left_downsample2_Q13\frame_1236.jpg,D:\visualization2026\visualization\right_downsample2_Q13\frame_1236.jpg,D:\visualization2026\dowsample2_Q13\stitched_frames\frame_1236.jpg,D:\visualization2026\dowsample2_Q13_hess_matched\stitched_frames\frame_1236.jpg,2258,1442,0.005936573161576475,-0.00048285578443818533,14.801619694806066,-20.66829078374378,35.5051461195128,-88.8855268314785,-20.703526424706737,68.21723604773472,71.2897419016992,-10.351763212353369,34.10861802386736,10.351763212353369,-34.10861802386736,0,0,71.2897419016992,1122.8233902896088,589.7101702301054,1087.318244170096,678.5956970615839,12,12,1.223645906770373,0.11514874747026453,-10.497982952850741,-0.09086665138205732,1.1544564215639077,181.43689018857086,4.4479445192064256e-05,5.2225278217989244e-05,1.0,1.0,0.0,668.3517632123534,0.0,1.0,207.89138197613264,0.0,0.0,1.0
frame_1238.jpg,frame_1238,1238,D:\visualization2026\visualization\left_downsample2_Q13\frame_1238.jpg,D:\visualization2026\visualization\right_downsample2_Q13\frame_1238.jpg,D:\visualization2026\dowsample2_Q13\stitched_frames\frame_1238.jpg,D:\visualization2026\dowsample2_Q13_hess_matched\stitched_frames\frame_1238.jpg,2227,1453,0.005873518708112813,-0.00034289593472314195,14.636558439685789,-20.48704765002299,27.963137193601142,-90.03902815233926,-13.326578753915353,69.55198050231627,70.81719913325357,-6.663289376957676,34.775990251158134,6.663289376957676,-34.775990251158134,0,0,70.81719913325357,1089.3702329725943,601.9604810329082,1061.4070957789932,691.9995091852475,12,12,1.1494945570126462,0.10131949236772109,-6.234481545374718,-0.11923125834413358,1.0977807096234151,225.88219828187943,1.250449482633458e-05,3.7534469787910176e-05,1.0,1.0,0.0,633.6632893769577,0.0,1.0,218.22400974884187,0.0,0.0,1.0
frame_1240.jpg,frame_1240,1240,D:\visualization2026\visualization\left_downsample2_Q13\frame_1240.jpg,D:\visualization2026\visualization\right_downsample2_Q13\frame_1240.jpg,D:\visualization2026\dowsample2_Q13\stitched_frames\frame_1240.jpg,D:\visualization2026\dowsample2_Q13_hess_matched\stitched_frames\frame_1240.jpg,2227,1453,0.005618254781918686,-0.00030354498533069485,13.999028550124054,-19.603619368544493,29.032654303130585,-88.65340872835452,-15.03362575300653,69.04978935981003,70.66741338067777,-7.516812876503265,34.52489467990502,7.516812876503265,-34.52489467990502,0,0,70.66741338067777,1079.1673051035273,601.8834236841684,1050.1346508003967,690.5368324125229,12,12,1.1494838841324622,0.10128745581571412,-7.088005044920307,-0.11923439816740523,1.097771284884282,225.6311027106263,1.250449482633458e-05,3.7534469787910176e-05,1.0,1.0,0.0,634.5168128765033,0.0,1.0,218.475105320095,0.0,0.0,1.0
frame_1242.jpg,frame_1242,1242,D:\visualization2026\visualization\left_downsample2_Q13\frame_1242.jpg,D:\visualization2026\visualization\right_downsample2_Q13\frame_1242.jpg,D:\visualization2026\dowsample2_Q13\stitched_frames\frame_1242.jpg,D:\visualization2026\dowsample2_Q13_hess_matched\stitched_frames\frame_1242.jpg,2267,1437,0.004910098227679849,-0.0005959363680497765,12.253757883211673,-17.03878776098631,2.7839290523436375,-76.57245177334403,9.469828830868035,59.53366401235772,60.2821267775303,4.734914415434018,29.76683200617886,-4.734914415434018,-29.76683200617886,0,0,60.2821267775303,1103.2070449943726,586.9241424295544,1100.423115942029,663.4965942028985,12,12,1.2087415128747023,0.11284184100825058,4.898031575992858,-0.09307798671058362,1.139186914753183,180.2291608346901,4.186705591823684e-05,4.570454464333089e-05,1.0,1.0,0.0,662.265085584566,0.0,1.0,194.23316799382116,0.0,0.0,1.0
frame_1244.jpg,frame_1244,1244,D:\visualization2026\visualization\left_downsample2_Q13\frame_1244.jpg,D:\visualization2026\visualization\right_downsample2_Q13\frame_1244.jpg,D:\visualization2026\dowsample2_Q13\stitched_frames\frame_1244.jpg,D:\visualization2026\dowsample2_Q13_hess_matched\stitched_frames\frame_1244.jpg,2265,1398,0.004006803719255103,-0.0011269795755569634,10.036765811505695,-13.722313811967737,-0.6334534943180188,-65.78590492785668,10.670219305823714,52.06359111588894,53.14575335731767,5.335109652911857,26.03179555794447,-5.335109652911857,-26.03179555794447,0,0,53.14575335731767,1086.35679949787,538.7004420942891,1086.990252992188,604.4863470221458,12,12,1.2272666035774884,0.0795649653295043,5.03786503024293,-0.06591738710737505,1.077256736890331,134.7944086088117,7.32384909210075e-05,2.0884103331360855e-06,1.0,1.0,0.0,659.6648903470881,0.0,1.0,139.96820444205554,0.0,0.0,1.0
frame_1246.jpg,frame_1246,1246,D:\visualization2026\visualization\left_downsample2_Q13\frame_1246.jpg,D:\visualization2026\visualization\right_downsample2_Q13\frame_1246.jpg,D:\visualization2026\dowsample2_Q13\stitched_frames\frame_1246.jpg,D:\visualization2026\dowsample2_Q13_hess_matched\stitched_frames\frame_1246.jpg,2279,1442,0.0035151529292667405,-0.0015581888318292325,8.838362622297291,-11.876836897020915,32.09120071691973,-71.31906551516704,-23.25283809462244,59.442228618146125,63.82846561328789,-11.62641904731122,29.721114309073062,11.62641904731122,-29.721114309073062,0,0,63.82846561328789,1129.0554915736511,585.2123959679143,1096.9642908567314,656.5314614830813,12,12,1.2538124803812092,0.1265881772325031,-11.131754710834162,-0.08241272037725082,1.1716605674209128,164.54118562425987,6.08044930875282e-05,5.578950258599007e-05,1.0,1.0,0.0,690.6264190473112,0.0,1.0,188.27888569092693,0.0,0.0,1.0
frame_1248.jpg,frame_1248,1248,D:\visualization2026\visualization\left_downsample2_Q13\frame_1248.jpg,D:\visualization2026\visualization\right_downsample2_Q13\frame_1248.jpg,D:\visualization2026\dowsample2_Q13\stitched_frames\frame_1248.jpg,D:\visualization2026\dowsample2_Q13_hess_matched\stitched_frames\frame_1248.jpg,2273,1441,0.004005250202467003,-0.0016306653692060857,10.062217339266079,-13.573859747929097,26.251687291378403,-73.75618536685761,-16.189469952112326,60.18232561892851,62.3218360948479,-8.094734976056163,30.091162809464254,8.094734976056163,-30.091162809464254,0,0,62.3218360948479,1123.510105171102,582.5500931216,1097.2584178797235,656.3062784884576,12,12,1.2482450592008463,0.12048541278981889,-8.386037481309092,-0.08153767926520532,1.1641030629441045,163.62048535708794,6.0675349427060885e-05,5.085453736702765e-05,1.0,1.0,0.0,681.0947349760562,0.0,1.0,185.90883719053573,0.0,0.0,1.0
frame_1250.jpg,frame_1250,1250,D:\visualization2026\visualization\left_downsample2_Q13\frame_1250.jpg,D:\visualization2026\visualization\right_downsample2_Q13\frame_1250.jpg,D:\visualization2026\dowsample2_Q13\stitched_frames\frame_1250.jpg,D:\visualization2026\dowsample2_Q13_hess_matched\stitched_frames\frame_1250.jpg,2241,1452,0.005194834259870551,-0.0015004441567332272,13.014988195545225,-17.779863653551555,25.520052298801147,-72.1037509306093,-12.505064103255922,54.323887277057736,55.74460832329002,-6.252532051627961,27.161943638528868,6.252532051627961,-27.161943638528868,0,0,55.74460832329002,1084.9940295958668,610.8032955461523,1059.4739772970656,682.9070464767616,12,12,1.161779754285895,0.11862026805030315,-6.191905945966889,-0.12133048670683208,1.1215435094341601,222.0217193774578,1.6367514195654382e-05,5.0110350844805193e-05,1.0,1.0,0.0,647.252532051628,0.0,1.0,215.83805636147113,0.0,0.0,1.0
frame_1252.jpg,frame_1252,1252,D:\visualization2026\visualization\left_downsample2_Q13\frame_1252.jpg,D:\visualization2026\visualization\right_downsample2_Q13\frame_1252.jpg,D:\visualization2026\dowsample2_Q13\stitched_frames\frame_1252.jpg,D:\visualization2026\dowsample2_Q13_hess_matched\stitched_frames\frame_1252.jpg,2281,1454,0.006182451304555747,-0.0014591999812920697,15.47033115563207,-21.252788609291102,25.495350816140217,-75.85643888472214,-10.025019660508146,54.603650275431036,55.51630069263581,-5.012509830254073,27.301825137715518,5.012509830254073,-27.301825137715518,0,0,55.51630069263581,1119.9445704013444,600.434559618592,1094.4492195852042,676.2909985033141,12,12,1.242597196162285,0.14253128380000596,-4.828414032294161,-0.09292072740961468,1.1873758679739916,177.79277703357752,4.9595945059099244e-05,6.807103255044035e-05,1.0,1.0,0.0,686.0125098302541,0.0,1.0,208.69817486228447,0.0,0.0,1.0
frame_1254.jpg,frame_1254,1254,D:\visualization2026\visualization\left_downsample2_Q13\frame_1254.jpg,D:\visualization2026\visualization\right_downsample2_Q13\frame_1254.jpg,D:\visualization2026\dowsample2_Q13\stitched_frames\frame_1254.jpg,D:\visualization2026\dowsample2_Q13_hess_matched\stitched_frames\frame_1254.jpg,2262,1448,0.006444129730208692,-0.0016616434326800489,16.13331687351091,-22.112390989908555,25.660823783744036,-73.528714177339,-9.527506910233125,51.41632318743044,52.29160236633447,-4.763753455116563,25.70816159371522,4.763753455116563,-25.70816159371522,0,0,52.29160236633447,1090.5470739620353,596.817313493464,1064.8862501782912,670.346027670803,12,12,1.2126089998304392,0.1267060008536905,-4.886671031168595,-0.09909562956567489,1.1551801706386056,185.8256708759618,4.155438249714642e-05,5.572904059137452e-05,1.0,1.0,0.0,666.7637534551166,0.0,1.0,205.29183840628477,0.0,0.0,1.0
frame_1256.jpg,frame_1256,1256,D:\visualization2026\visualization\left_downsample2_Q13\frame_1256.jpg,D:\visualization2026\visualization\right_downsample2_Q13\frame_1256.jpg,D:\visualization2026\dowsample2_Q13\stitched_frames\frame_1256.jpg,D:\visualization2026\dowsample2_Q13_hess_matched\stitched_frames\frame_1256.jpg,2239,1449,0.006581742572916771,-0.0018598246403257468,16.487309938104094,-22.5384017888541,28.241215342686928,-71.4531359217325,-11.753905404582834,48.914734132878394,50.307111898319704,-5.876952702291417,24.457367066439197,5.876952702291417,-24.457367066439197,0,0,50.307111898319704,1078.2713664463706,601.7039562027713,1050.0301511036837,673.1570921245038,12,12,1.188397994000041,0.12525222107755843,-5.894097035534399,-0.10939315976676925,1.1386596518121885,201.22458014721047,3.2739310847807644e-05,5.324244933362989e-05,1.0,1.0,0.0,644.8769527022914,0.0,1.0,208.5426329335608,0.0,0.0,1.0
frame_1258.jpg,frame_1258,1258,D:\visualization2026\visualization\left_downsample2_Q13\frame_1258.jpg,D:\visualization2026\visualization\right_downsample2_Q13\frame_1258.jpg,D:\visualization2026\dowsample2_Q13\stitched_frames\frame_1258.jpg,D:\visualization2026\dowsample2_Q13_hess_matched\stitched_frames\frame_1258.jpg,2210,1446,0.006716181214342809,-0.001981055670379095,16.82892485071157,-22.97513641459031,27.48483542362328,-68.83962375497993,-10.655910572911711,45.864487340389616,47.08608742648566,-5.327955286455856,22.932243670194808,5.327955286455856,-22.932243670194808,0,0,47.08608742648566,1038.5655293917491,609.5310977835851,1011.0806939681258,678.370721538565,12,12,1.1282933329101852,0.1088191027127908,-4.811403779373629,-0.12862367592606275,1.0923926857375323,229.33390070182247,7.378386916035399e-06,4.0274189265314935e-05,1.0,1.0,0.0,615.3279552864559,0.0,1.0,216.0677563298052,0.0,0.0,1.0
frame_1260.jpg,frame_1260,1260,D:\visualization2026\visualization\left_downsample2_Q13\frame_1260.jpg,D:\visualization2026\visualization\right_downsample2_Q13\frame_1260.jpg,D:\visualization2026\dowsample2_Q13\stitched_frames\frame_1260.jpg,D:\visualization2026\dowsample2_Q13_hess_matched\stitched_frames\frame_1260.jpg,2271,1458,0.006880281392493082,-0.002026100748154902,17.239919776303136,-23.537454408561334,-3.5902562673306875,-63.777877687083674,20.830176043633823,40.24042327852234,45.31211647720088,10.415088021816912,20.12021163926117,-10.415088021816912,-20.12021163926117,0,0,45.31211647720088,1080.7043928926298,603.971028143779,1084.2946491599605,667.7489058308627,12,12,1.210646266555036,0.13176967842135026,10.893565124130516,-0.1056409182713097,1.1607030048022773,190.35943248094463,3.933389663696195e-05,5.935856838286054e-05,1.0,1.0,0.0,660.5849119781831,0.0,1.0,205.87978836073881,0.0,0.0,1.0
frame_1262.jpg,frame_1262,1262,D:\visualization2026\visualization\left_downsample2_Q13\frame_1262.jpg,D:\visualization2026\visualization\right_downsample2_Q13\frame_1262.jpg,D:\visualization2026\dowsample2_Q13\stitched_frames\frame_1262.jpg,D:\visualization2026\dowsample2_Q13_hess_matched\stitched_frames\frame_1262.jpg,2253,1448,0.007000222639130027,-0.0020849617250202623,17.541826749024857,-23.94108978078125,-1.9864683071293712,-59.30735953650651,19.528295056154228,35.366269755725256,40.39959584247031,9.764147528077114,17.683134877862628,-9.764147528077114,-17.683134877862628,0,0,40.39959584247031,1053.4858221651612,599.4203909412439,1055.4722904722905,658.7277504777504,12,12,1.1838209194982936,0.11513400521623744,10.151311618193699,-0.1109404623630386,1.1266221808323,195.90584753738966,3.1996868016156975e-05,4.674968938105778e-05,1.0,1.0,0.0,643.2358524719228,0.0,1.0,200.31686512213736,0.0,0.0,1.0
frame_1264.jpg,frame_1264,1264,D:\visualization2026\visualization\left_downsample2_Q13\frame_1264.jpg,D:\visualization2026\visualization\right_downsample2_Q13\frame_1264.jpg,D:\visualization2026\dowsample2_Q13\stitched_frames\frame_1264.jpg,D:\visualization2026\dowsample2_Q13_hess_matched\stitched_frames\frame_1264.jpg,2257,1447,0.007109884103817299,-0.002117934648250386,17.816645033753527,-24.316048801236168,14.118714144007981,-57.597027369363786,3.697930889745546,33.28097856812762,33.48579142438632,1.848965444872773,16.64048928406381,-1.848965444872773,-16.64048928406381,0,0,33.48579142438632,1073.5621530580352,599.8595062930522,1059.4434389140272,657.456533662416,12,12,1.2034812382812858,0.12449913970853131,2.2861240700149335,-0.10370923465279301,1.142898520554453,183.8227411315468,4.118189310349382e-05,5.199735286084373e-05,1.0,1.0,0.0,655.1510345551272,0.0,1.0,199.35951071593618,0.0,0.0,1.0
frame_1266.jpg,frame_1266,1266,D:\visualization2026\visualization\left_downsample2_Q13\frame_1266.jpg,D:\visualization2026\visualization\right_downsample2_Q13\frame_1266.jpg,D:\visualization2026\dowsample2_Q13\stitched_frames\frame_1266.jpg,D:\visualization2026\dowsample2_Q13_hess_matched\stitched_frames\frame_1266.jpg,2341,1436,0.007256617986232006,-0.002066372638334535,18.17879978762827,-24.84493394758962,15.668232678021468,-62.08932605212067,2.5105671096068036,37.244392104531045,37.32891225910412,1.2552835548034018,18.622196052265522,-1.2552835548034018,-18.622196052265522,0,0,37.32891225910412,1154.7447271055796,554.1098887401793,1139.0764944275581,616.1992147922999,12,12,1.3729282438062371,0.1375233141607837,1.4023331359748745,-0.038880200060102836,1.2074654927572186,84.10080374906859,0.00011626942082103634,4.508027071876502e-05,1.0,1.0,0.0,739.7447164451966,0.0,1.0,155.3778039477345,0.0,0.0,1.0
frame_1268.jpg,frame_1268,1268,D:\visualization2026\visualization\left_downsample2_Q13\frame_1268.jpg,D:\visualization2026\visualization\right_downsample2_Q13\frame_1268.jpg,D:\visualization2026\dowsample2_Q13\stitched_frames\frame_1268.jpg,D:\visualization2026\dowsample2_Q13_hess_matched\stitched_frames\frame_1268.jpg,2225,1440,0.007443286440846908,-0.001951933823434615,18.63667428537862,-25.531626651169937,39.51970119052953,-56.87621113784087,-20.88302690515091,31.344584486670932,37.664091511190186,-10.441513452575455,15.672292243335466,10.441513452575455,-15.672292243335466,0,0,37.664091511190186,1059.6190326136432,573.2364236008683,1020.0993314231137,630.1126347387092,12,12,1.2527502640808963,0.07023785075687726,-10.507235966710132,-0.07107377678954571,1.159518327158969,130.88705597324457,7.472681782800233e-05,3.8208408452448104e-05,1.0,1.0,0.0,635.4415134525755,0.0,1.0,173.32770775666452,0.0,0.0,1.0
frame_1270.jpg,frame_1270,1270,D:\visualization2026\visualization\left_downsample2_Q13\frame_1270.jpg,D:\visualization2026\visualization\right_downsample2_Q13\frame_1270.jpg,D:\visualization2026\dowsample2_Q13\stitched_frames\frame_1270.jpg,D:\visualization2026\dowsample2_Q13_hess_matched\stitched_frames\frame_1270.jpg,2237,1441,0.007634833004525943,-0.001906907833492233,19.1107284914233,-26.21570711565092,51.51334911406002,-59.70545303446863,-32.40262062263672,33.48974591881772,46.599280090163305,-16.20131031131836,16.74487295940886,16.20131031131836,-16.74487295940886,0,0,46.599280090163305,1083.8225779040931,590.9602657007199,1032.309228790033,650.6657187351885,12,12,1.1723276951292598,0.12056300268094451,-16.03989692598588,-0.111683597885862,1.1224586766186766,196.275286200398,3.127389881626704e-05,4.866527205746938e-05,1.0,1.0,0.0,653.2013103113184,0.0,1.0,192.25512704059113,0.0,0.0,1.0
frame_1272.jpg,frame_1272,1272,D:\visualization2026\visualization\left_downsample2_Q13\frame_1272.jpg,D:\visualization2026\visualization\right_downsample2_Q13\frame_1272.jpg,D:\visualization2026\dowsample2_Q13\stitched_frames\frame_1272.jpg,D:\visualization2026\dowsample2_Q13_hess_matched\stitched_frames\frame_1272.jpg,2236,1435,0.007784391425792014,-0.002034045357532599,19.49031366686868,-26.703753696545125,52.504597983524945,-57.89835767051147,-33.014284316656266,31.19460397396635,45.42076932454594,-16.507142158328133,15.597301986983174,16.507142158328133,-15.597301986983174,0,0,45.42076932454594,1073.267178540223,583.7931273150912,1020.7625805566981,641.6914849856026,12,12,1.174982446331942,0.11616710827864452,-16.54787243027165,-0.10715823545970796,1.1158392326115796,187.61587436439356,3.513000910225445e-05,4.388715225477575e-05,1.0,1.0,0.0,652.5071421583282,0.0,1.0,185.40269801301682,0.0,0.0,1.0
frame_1274.jpg,frame_1274,1274,D:\visualization2026\visualization\left_downsample2_Q13\frame_1274.jpg,D:\visualization2026\visualization\right_downsample2_Q13\frame_1274.jpg,D:\visualization2026\dowsample2_Q13\stitched_frames\frame_1274.jpg,D:\visualization2026\dowsample2_Q13_hess_matched\stitched_frames\frame_1274.jpg,2241,1441,0.007864641312107401,-0.0022021208840140583,19.699803278697914,-26.937277375367774,53.02992655431149,-58.84558772109983,-33.33012327561357,31.90831034573206,46.14149311289297,-16.665061637806787,15.95415517286603,16.665061637806787,-15.95415517286603,0,0,46.14149311289297,1085.794205916785,578.6750361245805,1032.7642793624734,637.5206238456803,12,12,1.2080193289331762,0.11564690993978524,-16.02173998788561,-0.09625111791086405,1.137025205712169,171.3591080777999,5.1715189725844006e-05,4.523098613389229e-05,1.0,1.0,0.0,657.6650616378067,0.0,1.0,181.04584482713398,0.0,0.0,1.0
frame_1276.jpg,frame_1276,1276,D:\visualization2026\visualization\left_downsample2_Q13\frame_1276.jpg,D:\visualization2026\visualization\right_downsample2_Q13\frame_1276.jpg,D:\visualization2026\dowsample2_Q13\stitched_frames\frame_1276.jpg,D:\visualization2026\dowsample2_Q13_hess_matched\stitched_frames\frame_1276.jpg,2239,1445,0.00800529897482738,-0.0023328243790193826,20.057445949328145,-27.3931177775174,58.93517501414726,-58.39649965837043,-38.87772906481912,31.00338188085303,49.72612497759591,-19.43886453240956,15.501690940426515,19.43886453240956,-15.501690940426515,0,0,49.72612497759591,1078.3847678251554,585.0712060422754,1019.4495928110082,643.4677057006459,12,12,1.207896482707719,0.12624230840976375,-19.091798596715115,-0.09958608508554924,1.1501342390414444,175.7592380584779,4.8752986563648534e-05,5.461314310736187e-05,1.0,1.0,0.0,658.4388645324095,0.0,1.0,188.49830905957347,0.0,0.0,1.0
frame_1278.jpg,frame_1278,1278,D:\visualization2026\visualization\left_downsample2_Q13\frame_1278.jpg,D:\visualization2026\visualization\right_downsample2_Q13\frame_1278.jpg,D:\visualization2026\dowsample2_Q13\stitched_frames\frame_1278.jpg,D:\visualization2026\dowsample2_Q13_hess_matched\stitched_frames\frame_1278.jpg,2259,1445,0.008346106473236303,-0.002426356905871674,20.91100978847793,-28.56095952897276,23.50955992818399,-57.92483059344295,-2.5985501397060595,29.36387106447019,29.478625929975028,-1.2992750698530298,14.681935532235094,1.2992750698530298,-14.681935532235094,0,0,29.478625929975028,1071.0571136064664,590.7742190369688,1047.5475536782824,648.6990496304118,12,12,1.190348457253977,0.12602092334529832,-1.1030392019972677,-0.10741319151671544,1.138863628303928,187.85250517880135,3.876386758735633e-05,5.432089478950077e-05,1.0,1.0,0.0,660.299275069853,0.0,1.0,194.3180644677649,0.0,0.0,1.0
frame_1280.jpg,frame_1280,1280,D:\visualization2026\visualization\left_downsample2_Q13\frame_1280.jpg,D:\visualization2026\visualization\right_downsample2_Q13\frame_1280.jpg,D:\visualization2026\dowsample2_Q13\stitched_frames\frame_1280.jpg,D:\visualization2026\dowsample2_Q13_hess_matched\stitched_frames\frame_1280.jpg,2255,1441,0.008870766952483566,-0.0027329533577816756,22.234504283561083,-30.312640234083798,24.89644220452942,-57.51212228765621,-2.661937920968338,27.199482053572414,27.329429878387458,-1.330968960484169,13.599741026786207,1.330968960484169,-13.599741026786207,0,0,27.329429878387458,1058.1153747322232,583.3470250772314,1033.2189325276938,640.8591473648876,12,12,1.19414518336117,0.1168056010469944,-1.5161951423330304,-0.10163486643722791,1.1339372756361363,177.13003455434705,4.419181622562521e-05,4.774035976025721e-05,1.0,1.0,0.0,656.3309689604841,0.0,1.0,188.4002589732138,0.0,0.0,1.0
frame_1282.jpg,frame_1282,1282,D:\visualization2026\visualization\left_downsample2_Q13\frame_1282.jpg,D:\visualization2026\visualization\right_downsample2_Q13\frame_1282.jpg,D:\visualization2026\dowsample2_Q13\stitched_frames\frame_1282.jpg,D:\visualization2026\dowsample2_Q13_hess_matched\stitched_frames\frame_1282.jpg,2253,1437,0.009346426229964844,-0.0030878006612103936,23.438864870521744,-31.87889105350166,19.10313448999318,-53.84576089616826,4.335730380528563,21.966869842666597,22.390666104814603,2.1678651902642816,10.983434921333298,-2.1678651902642816,-10.983434921333298,0,0,22.390666104814603,1056.125075895752,580.9622360861026,1037.0219414057588,634.8079969822709,12,12,1.1928115913543806,0.11463751117375888,1.8306791600666958,-0.10237112171640629,1.128041400726387,174.98731778715657,4.413428955362057e-05,4.633637174012026e-05,1.0,1.0,0.0,650.8321348097357,0.0,1.0,187.0165650786667,0.0,0.0,1.0
frame_1284.jpg,frame_1284,1284,D:\visualization2026\visualization\left_downsample2_Q13\frame_1284.jpg,D:\visualization2026\visualization\right_downsample2_Q13\frame_1284.jpg,D:\visualization2026\dowsample2_Q13\stitched_frames\frame_1284.jpg,D:\visualization2026\dowsample2_Q13_hess_matched\stitched_frames\frame_1284.jpg,2245,1438,0.00952572750859837,-0.0032347877324054863,23.893622274606216,-32.46553900611254,14.954278897112317,-52.749337428351964,8.939343377493898,20.28379842223942,22.166288332844235,4.469671688746949,10.14189921111971,-4.469671688746949,-10.14189921111971,0,0,22.166288332844235,1041.2465484838676,587.7942031791307,1026.2922695867553,640.5435406074827,12,12,1.1661663491123355,0.11568309805044433,4.8189745824932615,-0.11246441890617087,1.1126986388665343,190.73977197028063,3.1842753718491975e-05,4.482624820378746e-05,1.0,1.0,0.0,640.530328311253,0.0,1.0,193.85810078888028,0.0,0.0,1.0
frame_1286.jpg,frame_1286,1286,D:\visualization2026\visualization\left_downsample2_Q13\frame_1286.jpg,D:\visualization2026\visualization\right_downsample2_Q13\frame_1286.jpg,D:\visualization2026\dowsample2_Q13\stitched_frames\frame_1286.jpg,D:\visualization2026\dowsample2_Q13_hess_matched\stitched_frames\frame_1286.jpg,2252,1443,0.00932572963474132,-0.00307814340170931,23.38679805454115,-31.809099464196766,15.569456355087823,-55.104882657655594,7.817341699453326,23.295783193458828,24.57243060510398,3.908670849726663,11.647891596729414,-3.908670849726663,-11.647891596729414,0,0,24.57243060510398,1043.3313060660705,591.1281295452987,1027.7618497109827,646.2330122029543,12,12,1.1756154690477112,0.12272357763699028,4.087458136111822,-0.11056368613179214,1.1281680983617965,189.2724625595645,3.3017468732321484e-05,5.0774697030643076e-05,1.0,1.0,0.0,648.0913291502733,0.0,1.0,198.3521084032706,0.0,0.0,1.0
frame_1288.jpg,frame_1288,1288,D:\visualization2026\visualization\left_downsample2_Q13\frame_1288.jpg,D:\visualization2026\visualization\right_downsample2_Q13\frame_1288.jpg,D:\visualization2026\dowsample2_Q13\stitched_frames\frame_1288.jpg,D:\visualization2026\dowsample2_Q13_hess_matched\stitched_frames\frame_1288.jpg,2244,1439,0.00900470129539177,-0.0028668933185006518,22.575603955682638,-30.743999090815887,36.75099270219505,-52.95884628602971,-14.17538874651241,22.214847195213824,26.35225003716856,-7.087694373256205,11.107423597606912,7.087694373256205,-11.107423597606912,0,0,26.35225003716856,1045.4950053404257,578.6652295433541,1008.7440126382306,631.6240758293839,12,12,1.212416355339018,0.12705062299007483,-7.082252101906512,-0.09450270729634862,1.1477719840874518,163.2822603224597,5.513051997599992e-05,5.198762409960382e-05,1.0,1.0,0.0,651.0876943732562,0.0,1.0,183.89257640239308,0.0,0.0,1.0
frame_1290.jpg,frame_1290,1290,D:\visualization2026\visualization\left_downsample2_Q13\frame_1290.jpg,D:\visualization2026\visualization\right_downsample2_Q13\frame_1290.jpg,D:\visualization2026\dowsample2_Q13\stitched_frames\frame_1290.jpg,D:\visualization2026\dowsample2_Q13_hess_matched\stitched_frames\frame_1290.jpg,2234,1446,0.008864930625185452,-0.0028727400392281055,22.228116663439554,-30.2524970703468,22.37155050256638,-49.54989089251251,-0.14343383912682484,19.29739382216571,19.29792687295622,-0.07171691956341242,9.648696911082855,0.07171691956341242,-9.648696911082855,0,0,19.29792687295622,1036.676601007617,590.9114320139716,1014.3050505050505,640.4613229064842,12,12,1.1879911149796447,0.1296321216580748,-0.2455595175333638,-0.10746100739440342,1.1430986220832766,182.07488160311348,4.0676362938038206e-05,5.599540409177018e-05,1.0,1.0,0.0,634.0717169195634,0.0,1.0,198.35130308891715,0.0,0.0,1.0
frame_1292.jpg,frame_1292,1292,D:\visualization2026\visualization\left_downsample2_Q13\frame_1292.jpg,D:\visualization2026\visualization\right_downsample2_Q13\frame_1292.jpg,D:\visualization2026\dowsample2_Q13\stitched_frames\frame_1292.jpg,D:\visualization2026\dowsample2_Q13_hess_matched\stitched_frames\frame_1292.jpg,2224,1445,0.009138458273186045,-0.0029940971006174877,22.91587015803255,-31.176648929173616,23.63321417646364,-50.36459359199546,-0.7173440184310884,19.18794466282184,19.201348984493045,-0.3586720092155442,9.59397233141092,0.3586720092155442,-9.59397233141092,0,0,19.201348984493045,1016.9272351599044,591.1094299195707,993.2940209834408,641.4740235115662,12,12,1.1705119036427942,0.1255666149346176,-0.24288862980463044,-0.11012825200002041,1.1332972477557748,186.26925068571924,3.611122188190337e-05,5.223338964233493e-05,1.0,1.0,0.0,624.3586720092155,0.0,1.0,199.40602766858908,0.0,0.0,1.0
frame_1294.jpg,frame_1294,1294,D:\visualization2026\visualization\left_downsample2_Q13\frame_1294.jpg,D:\visualization2026\visualization\right_downsample2_Q13\frame_1294.jpg,D:\visualization2026\dowsample2_Q13\stitched_frames\frame_1294.jpg,D:\visualization2026\dowsample2_Q13_hess_matched\stitched_frames\frame_1294.jpg,2217,1434,0.009541419485892821,-0.0031067741618864275,23.925221530519387,-32.556879705594575,7.774680085926207,-42.15954861462831,16.15054144459318,9.602668909033731,18.789657770434378,8.07527072229659,4.801334454516866,-8.07527072229659,-4.801334454516866,0,0,18.789657770434378,1004.3825341366374,582.1308038900099,996.6078540507112,624.2903525046382,12,12,1.165654090473352,0.11237570678884819,8.221949121196598,-0.10977525494224791,1.1092302842760335,180.11395403166674,3.673545397240829e-05,4.189940928148151e-05,1.0,1.0,0.0,608.9247292777034,0.0,1.0,191.19866554548312,0.0,0.0,1.0
frame_1296.jpg,frame_1296,1296,D:\visualization2026\visualization\left_downsample2_Q13\frame_1296.jpg,D:\visualization2026\visualization\right_downsample2_Q13\frame_1296.jpg,D:\visualization2026\dowsample2_Q13\stitched_frames\frame_1296.jpg,D:\visualization2026\dowsample2_Q13_hess_matched\stitched_frames\frame_1296.jpg,2132,1412,0.009720447317033587,-0.003129516870793436,24.37206667418651,-33.17784555970394,18.770081104339738,-35.9112513504125,5.6019855698467715,2.7334057907085594,6.2332775922022385,2.8009927849233858,1.3667028953542797,-2.8009927849233858,-1.3667028953542797,0,0,6.2332775922022385,937.1073280679025,566.6030536428399,918.3372469635627,602.5143049932524,12,12,1.1084295975098784,0.022336680509884112,2.5696825011859286,-0.11119671963877732,1.0437541505048504,179.47170920341264,2.6483626961532326e-05,1.1234579606679639e-05,1.0,1.0,0.0,529.1990072150766,0.0,1.0,175.63329710464572,0.0,0.0,1.0
frame_1298.jpg,frame_1298,1298,D:\visualization2026\visualization\left_downsample2_Q13\frame_1298.jpg,D:\visualization2026\visualization\right_downsample2_Q13\frame_1298.jpg,D:\visualization2026\dowsample2_Q13\stitched_frames\frame_1298.jpg,D:\visualization2026\dowsample2_Q13_hess_matched\stitched_frames\frame_1298.jpg,2252,1438,0.009733347897569078,-0.0031142995633173243,24.403284795414713,-33.2273776826559,-7.637169553161698,-43.212721633246815,32.04045434857641,9.985343950590917,33.56036067557695,16.020227174288205,4.992671975295458,-16.020227174288205,-4.992671975295458,0,0,33.56036067557695,1019.7656493890762,577.6712933835482,1027.402818942238,620.884015016795,12,12,1.218981787584798,0.12810010634415422,16.55740187819975,-0.09033931635098315,1.1592249372358245,150.4716948726111,5.7255057937850847e-05,5.704895958644967e-05,1.0,1.0,0.0,635.9797728257118,0.0,1.0,191.00732802470455,0.0,0.0,1.0
frame_1300.jpg,frame_1300,1300,D:\visualization2026\visualization\left_downsample2_Q13\frame_1300.jpg,D:\visualization2026\visualization\right_downsample2_Q13\frame_1300.jpg,D:\visualization2026\dowsample2_Q13\stitched_frames\frame_1300.jpg,D:\visualization2026\dowsample2_Q13_hess_matched\stitched_frames\frame_1300.jpg,2243,1437,0.009726847910458636,-0.003107039403648759,24.386686606775857,-33.206659098620946,13.818049824210675,-52.238276623775846,10.568636782565182,19.0316175251549,21.769211034522424,5.284318391282591,9.51580876257745,-5.284318391282591,-9.51580876257745,0,0,21.769211034522424,1032.9910966992106,571.3867884803908,1019.173046875,623.6250651041667,12,12,1.1969591450374606,0.12464393232832377,5.458859732484507,-0.09997043499550164,1.1426449724500158,170.3599470363886,4.718421357021035e-05,5.4687173841918345e-05,1.0,1.0,0.0,637.7156816087174,0.0,1.0,188.48419123742255,0.0,0.0,1.0
frame_1302.jpg,frame_1302,1302,D:\visualization2026\visualization\left_downsample2_Q13\frame_1302.jpg,D:\visualization2026\visualization\right_downsample2_Q13\frame_1302.jpg,D:\visualization2026\dowsample2_Q13\stitched_frames\frame_1302.jpg,D:\visualization2026\dowsample2_Q13_hess_matched\stitched_frames\frame_1302.jpg,2232,1441,0.009753348449818122,-0.0031065849816421798,24.452608321378516,-33.29966223206944,14.70630440608511,-53.88846719376943,9.746303915293407,20.588804961699992,22.77914242811142,4.873151957646703,10.294402480849996,-4.873151957646703,-10.294402480849996,0,0,22.77914242811142,1016.7070079108178,576.7758331387963,1002.0007035047327,630.6643003325657,12,12,1.1727680454362515,0.12438802337058741,5.337379745766091,-0.10596010624478147,1.1372912422861474,180.74165191696386,3.820437619501443e-05,5.4030265506514035e-05,1.0,1.0,0.0,627.1268480423533,0.0,1.0,195.70559751915,0.0,0.0,1.0
frame_1304.jpg,frame_1304,1304,D:\visualization2026\visualization\left_downsample2_Q13\frame_1304.jpg,D:\visualization2026\visualization\right_downsample2_Q13\frame_1304.jpg,D:\visualization2026\dowsample2_Q13\stitched_frames\frame_1304.jpg,D:\visualization2026\dowsample2_Q13_hess_matched\stitched_frames\frame_1304.jpg,2259,1461,0.009803051684142194,-0.0030644508786833446,24.573845310781685,-33.48581576442928,12.15056460004007,-54.70389071950251,12.423280710741615,21.218074955073227,24.587488859519397,6.2116403553708075,10.609037477536614,-6.2116403553708075,-10.609037477536614,0,0,24.587488859519397,1035.6154626694338,603.7449414662676,1023.4648980693937,658.4488321857701,12,12,1.1851209498761914,0.1709672513308465,6.629154513060005,-0.11980479642923265,1.1863845658917147,202.61952816767771,2.7310732712656893e-05,8.786134896349371e-05,1.0,1.0,0.0,652.7883596446292,0.0,1.0,222.39096252246338,0.0,0.0,1.0
frame_1306.jpg,frame_1306,1306,D:\visualization2026\visualization\left_downsample2_Q13\frame_1306.jpg,D:\visualization2026\visualization\right_downsample2_Q13\frame_1306.jpg,D:\visualization2026\dowsample2_Q13\stitched_frames\frame_1306.jpg,D:\visualization2026\dowsample2_Q13_hess_matched\stitched_frames\frame_1306.jpg,2210,1448,0.009866845314263961,-0.003026012558526525,24.73036220304698,-33.72030133897988,31.98807428461589,-46.0785495592811,-7.257712081568911,12.35824822030122,14.33180671560741,-3.6288560407844557,6.17912411015061,3.6288560407844557,-6.17912411015061,0,0,14.33180671560741,996.6140682880053,588.1243574932544,964.6259940033895,634.2029070525355,12,12,1.1573410918561422,0.13158712136405093,-3.754152173857335,-0.11694414070602821,1.1396678010576984,193.72052786059584,2.7896742896334698e-05,6.154844478895118e-05,1.0,1.0,0.0,613.6288560407845,0.0,1.0,203.8208758898494,0.0,0.0,1.0
frame_1308.jpg,frame_1308,1308,D:\visualization2026\visualization\left_downsample2_Q13\frame_1308.jpg,D:\visualization2026\visualization\right_downsample2_Q13\frame_1308.jpg,D:\visualization2026\dowsample2_Q13\stitched_frames\frame_1308.jpg,D:\visualization2026\dowsample2_Q13_hess_matched\stitched_frames\frame_1308.jpg,2211,1443,0.009961937189458592,-0.003083490638195685,24.97034954746361,-34.03724194387618,25.273843277718356,-41.04452212801061,-0.3034937302547469,7.00728018413443,7.013849444011968,-0.15174686512737345,3.503640092067215,0.15174686512737345,-3.503640092067215,0,0,7.013849444011968,996.9201097874608,582.2315338416506,971.6462665097424,623.2760559696612,12,12,1.16273647052305,0.12698636345236988,-0.009168475643130947,-0.11478322076614009,1.131955387110481,187.48083210805322,3.2557910624639e-05,5.712265929040255e-05,1.0,1.0,0.0,611.1517468651274,0.0,1.0,198.4963599079328,0.0,0.0,1.0
frame_1310.jpg,frame_1310,1310,D:\visualization2026\visualization\left_downsample2_Q13\frame_1310.jpg,D:\visualization2026\visualization\right_downsample2_Q13\frame_1310.jpg,D:\visualization2026\dowsample2_Q13\stitched_frames\frame_1310.jpg,D:\visualization2026\dowsample2_Q13_hess_matched\stitched_frames\frame_1310.jpg,2210,1438,0.01011252668420115,-0.0032501137892338994,25.354798911718017,-34.517691033575865,9.1199898788974,-42.624279153448356,16.234809032820618,8.106588119872491,18.1462336388963,8.117404516410309,4.0532940599362455,-8.117404516410309,-4.0532940599362455,0,0,18.1462336388963,974.649262498649,582.8488136910224,965.5292726197516,625.4730928444708,12,12,1.1347835845605623,0.11359234104068831,8.59302003301075,-0.11830810852300318,1.1121394606358463,193.5650818524914,2.1814789739462104e-05,5.008440249617155e-05,1.0,1.0,0.0,601.8825954835897,0.0,1.0,199.94670594006377,0.0,0.0,1.0
frame_1312.jpg,frame_1312,1312,D:\visualization2026\visualization\left_downsample2_Q13\frame_1312.jpg,D:\visualization2026\visualization\right_downsample2_Q13\frame_1312.jpg,D:\visualization2026\dowsample2_Q13\stitched_frames\frame_1312.jpg,D:\visualization2026\dowsample2_Q13_hess_matched\stitched_frames\frame_1312.jpg,2210,1424,0.010311012368763195,-0.0034632587633453005,25.861148636694477,-35.152788925941636,7.439017802087847,-42.17847515882886,18.42213083460663,7.0256862328872245,19.71636811206226,9.211065417303315,3.5128431164436122,-9.211065417303315,-3.5128431164436122,0,0,19.71636811206226,965.1803852529064,561.8674733898023,957.7413674508185,604.0459485486311,12,12,1.1549914144739277,0.10128102613606593,9.008496347121548,-0.10130857316382294,1.105404956440076,165.9929787374581,4.052545506053976e-05,3.8111051121123795e-05,1.0,1.0,0.0,600.7889345826967,0.0,1.0,178.4871568835564,0.0,0.0,1.0
frame_1314.jpg,frame_1314,1314,D:\visualization2026\visualization\left_downsample2_Q13\frame_1314.jpg,D:\visualization2026\visualization\right_downsample2_Q13\frame_1314.jpg,D:\visualization2026\dowsample2_Q13\stitched_frames\frame_1314.jpg,D:\visualization2026\dowsample2_Q13_hess_matched\stitched_frames\frame_1314.jpg,2212,1436,0.01052917833887057,-0.003685172150059479,26.416984294468726,-35.85436900332423,21.061178731861332,-54.00162628675287,5.355805562607394,18.147257283428637,18.921088767177487,2.677902781303697,9.073628641714318,-2.677902781303697,-9.073628641714318,0,0,18.921088767177487,988.4016592981944,569.8822481942219,967.3404805663331,623.8838744809748,12,12,1.1378454114482401,0.11553331082752284,2.7545298753729917,-0.11652879770065822,1.1157264325402794,195.4634276012226,2.2823284005518472e-05,5.155649381808096e-05,1.0,1.0,0.0,609.3220972186963,0.0,1.0,193.92637135828568,0.0,0.0,1.0
frame_1316.jpg,frame_1316,1316,D:\visualization2026\visualization\left_downsample2_Q13\frame_1316.jpg,D:\visualization2026\visualization\right_downsample2_Q13\frame_1316.jpg,D:\visualization2026\dowsample2_Q13\stitched_frames\frame_1316.jpg,D:\visualization2026\dowsample2_Q13_hess_matched\stitched_frames\frame_1316.jpg,2192,1434,0.010807185676830144,-0.0039631140784096575,27.124999945580566,-36.74976189253445,23.253631750498243,-52.879965852083615,3.871368195082322,16.130203959549164,16.58827813483215,1.935684097541161,8.065101979774582,-1.935684097541161,-8.065101979774582,0,0,16.58827813483215,960.020885173242,570.3087740193888,936.7672534227438,623.1887398714724,12,12,1.1105000288319768,0.1018148412991868,1.528150079713532,-0.12489722914333219,1.0900359333331124,207.65965330414934,1.4408904315064645e-05,4.248743845088117e-05,1.0,1.0,0.0,590.0643159024588,0.0,1.0,193.93489802022543,0.0,0.0,1.0
frame_1318.jpg,frame_1318,1318,D:\visualization2026\visualization\left_downsample2_Q13\frame_1318.jpg,D:\visualization2026\visualization\right_downsample2_Q13\frame_1318.jpg,D:\visualization2026\dowsample2_Q13\stitched_frames\frame_1318.jpg,D:\visualization2026\dowsample2_Q13_hess_matched\stitched_frames\frame_1318.jpg,2219,1426,0.011110549569009254,-0.004289884462307603,27.89895899665531,-37.720155991172625,8.04082956166394,-58.29674794360699,19.85812943499137,20.576591952434363,28.596178783779088,9.929064717495685,10.288295976217182,-9.929064717495685,-10.288295976217182,0,0,28.596178783779088,976.0054876902943,552.1930693984043,967.9646581286304,610.4898173420113,12,12,1.173516466718803,0.09116789027598793,10.064637534848139,-0.09563859304815957,1.129067933203008,164.23807194435764,4.3328502062278425e-05,4.819428577124797e-05,1.0,1.0,0.0,609.0709352825044,0.0,1.0,179.71170402378283,0.0,0.0,1.0
frame_1320.jpg,frame_1320,1320,D:\visualization2026\visualization\left_downsample2_Q13\frame_1320.jpg,D:\visualization2026\visualization\right_downsample2_Q13\frame_1320.jpg,D:\visualization2026\dowsample2_Q13\stitched_frames\frame_1320.jpg,D:\visualization2026\dowsample2_Q13_hess_matched\stitched_frames\frame_1320.jpg,2230,1428,0.011309428967356983,-0.0045637828350335585,28.409824715416416,-38.33938421640664,-15.573615432025463,-59.618186105737664,43.98344014744188,21.27880188933102,48.860315359696564,21.99172007372094,10.63940094466551,-21.99172007372094,-10.63940094466551,0,0,48.860315359696564,972.6525500446651,562.848494560649,988.2261654766905,622.4666806663867,12,12,1.1495250821757899,0.10787378278499789,22.456877078500085,-0.10780339716239291,1.1219129071701635,183.78119723041976,2.9834843505802684e-05,5.268666601036064e-05,1.0,1.0,0.0,608.0082799262791,0.0,1.0,191.3605990553345,0.0,0.0,1.0
frame_1322.jpg,frame_1322,1322,D:\visualization2026\visualization\left_downsample2_Q13\frame_1322.jpg,D:\visualization2026\visualization\right_downsample2_Q13\frame_1322.jpg,D:\visualization2026\dowsample2_Q13\stitched_frames\frame_1322.jpg,D:\visualization2026\dowsample2_Q13_hess_matched\stitched_frames\frame_1322.jpg,2227,1425,0.01131657330584579,-0.004680673833628246,28.434407585736086,-38.33123393525894,-15.094652330556528,-58.74156460842016,43.52905991629261,20.41033067316122,48.0766123534508,21.764529958146305,10.20516533658061,-21.764529958146305,-10.20516533658061,0,0,48.0766123534508,964.7379129536216,561.783113144869,979.8325652841781,620.5246777532892,12,12,1.1441704951395724,0.10416951504093735,21.982635495950795,-0.1092329380628678,1.113288712859835,185.19202080167267,2.7002453661450674e-05,5.0037450149059896e-05,1.0,1.0,0.0,605.2354700418537,0.0,1.0,189.79483466341938,0.0,0.0,1.0
frame_1324.jpg,frame_1324,1324,D:\visualization2026\visualization\left_downsample2_Q13\frame_1324.jpg,D:\visualization2026\visualization\right_downsample2_Q13\frame_1324.jpg,D:\visualization2026\dowsample2_Q13\stitched_frames\frame_1324.jpg,D:\visualization2026\dowsample2_Q13_hess_matched\stitched_frames\frame_1324.jpg,2237,1438,0.011231755210087124,-0.004690730463803416,28.22391807789551,-38.03112406906104,-5.315056939071269,-52.45674307209288,33.53897501696678,14.425619003031834,36.50974292992701,16.76948750848339,7.212809501515917,-16.76948750848339,-7.212809501515917,0,0,36.50974292992701,977.8192612116605,562.2363221720598,983.1343181507318,614.6930652441526,12,12,1.1767196196771919,0.12109132948464903,16.76742618596256,-0.10121859392200068,1.1469465096847633,169.41052059315948,4.1043572726229174e-05,5.8180475007103945e-05,1.0,1.0,0.0,620.2305124915166,0.0,1.0,186.78719049848408,0.0,0.0,1.0
frame_1326.jpg,frame_1326,1326,D:\visualization2026\visualization\left_downsample2_Q13\frame_1326.jpg,D:\visualization2026\visualization\right_downsample2_Q13\frame_1326.jpg,D:\visualization2026\dowsample2_Q13\stitched_frames\frame_1326.jpg,D:\visualization2026\dowsample2_Q13_hess_matched\stitched_frames\frame_1326.jpg,2186,1424,0.011209600741904024,-0.0047276146506101124,28.170932251002462,-37.94300886482161,18.136053129044967,-38.92593244475461,10.034879121957495,0.9829235799330007,10.082903240450477,5.017439560978747,0.49146178996650036,-5.017439560978747,-0.49146178996650036,0,0,10.082903240450477,940.5194261191668,550.1773194119041,922.3833729901219,589.1032518566587,12,12,1.142988593468889,0.09728441860195526,4.720133614260195,-0.10272004098837074,1.1040989291116396,164.45343928583068,3.974572199418811e-05,3.819593469803534e-05,1.0,1.0,0.0,580.9825604390212,0.0,1.0,168.5085382100335,0.0,0.0,1.0
frame_1328.jpg,frame_1328,1328,D:\visualization2026\visualization\left_downsample2_Q13\frame_1328.jpg,D:\visualization2026\visualization\right_downsample2_Q13\frame_1328.jpg,D:\visualization2026\dowsample2_Q13\stitched_frames\frame_1328.jpg,D:\visualization2026\dowsample2_Q13_hess_matched\stitched_frames\frame_1328.jpg,2193,1420,0.011316701902939097,-0.004815438893639001,28.442571745304054,-38.293421287635404,41.78244642792458,-50.84732112534971,-13.339874682620529,12.553899837714305,18.31809645359974,-6.6699373413102645,6.276949918857152,6.6699373413102645,-6.276949918857152,0,0,18.31809645359974,965.9263712624323,533.6048818784227,924.1439248345077,584.4522030037724,12,12,1.1524983331630259,0.10046270889828246,-6.3280803724841,-0.09807393206264275,1.10945651268317,163.11423167503088,4.3955572299989105e-05,3.956567089722448e-05,1.0,1.0,0.0,599.6699373413103,0.0,1.0,158.72305008114284,0.0,0.0,1.0
frame_1330.jpg,frame_1330,1330,D:\visualization2026\visualization\left_downsample2_Q13\frame_1330.jpg,D:\visualization2026\visualization\right_downsample2_Q13\frame_1330.jpg,D:\visualization2026\dowsample2_Q13\stitched_frames\frame_1330.jpg,D:\visualization2026\dowsample2_Q13_hess_matched\stitched_frames\frame_1330.jpg,2220,1416,0.011456946468038076,-0.004869554857633407,28.794728542463968,-38.769559149037164,8.095373681441629,-46.77888629121537,20.69935486102234,8.009327142178208,22.194878078803715,10.34967743051117,4.004663571089104,-10.34967743051117,-4.004663571089104,0,0,22.194878078803715,970.2500666544919,525.8882807686174,962.1546929730503,572.6671670598328,12,12,1.1755125449250805,0.09283361856108568,10.360900567998547,-0.0879266665433802,1.1179106617116703,144.44635631778286,5.2991594987749e-05,3.87977157897003e-05,1.0,1.0,0.0,609.6503225694888,0.0,1.0,149.9953364289109,0.0,0.0,1.0
frame_1332.jpg,frame_1332,1332,D:\visualization2026\visualization\left_downsample2_Q13\frame_1332.jpg,D:\visualization2026\visualization\right_downsample2_Q13\frame_1332.jpg,D:\visualization2026\dowsample2_Q13\stitched_frames\frame_1332.jpg,D:\visualization2026\dowsample2_Q13_hess_matched\stitched_frames\frame_1332.jpg,2219,1410,0.011589777191323924,-0.004936075794023553,29.129157598443435,-39.2161922740482,7.513750090112126,-47.50829369501173,21.61540750833131,8.292101420963533,23.151345268186272,10.807703754165654,4.1460507104817665,-10.807703754165654,-4.1460507104817665,0,0,23.151345268186272,962.4821067213104,518.3451731663833,954.9683566311983,565.8534668613951,12,12,1.1776075459830329,0.08559295468946909,11.302607599482794,-0.08205032614463034,1.1114845288611435,135.51906119680422,5.8229105932476984e-05,3.2564214329834434e-05,1.0,1.0,0.0,608.1922962458343,0.0,1.0,142.85394928951823,0.0,0.0,1.0
frame_1334.jpg,frame_1334,1334,D:\visualization2026\visualization\left_downsample2_Q13\frame_1334.jpg,D:\visualization2026\visualization\right_downsample2_Q13\frame_1334.jpg,D:\visualization2026\dowsample2_Q13\stitched_frames\frame_1334.jpg,D:\visualization2026\dowsample2_Q13_hess_matched\stitched_frames\frame_1334.jpg,2231,1420,0.011673312560529614,-0.005042263979087247,29.34322111343453,-39.47880173328931,4.991171078341836,-49.5199256197194,24.352050035092695,10.041123886430093,26.34096637965842,12.176025017546348,5.020561943215046,-12.176025017546348,-5.020561943215046,0,0,26.34096637965842,966.5353813759738,529.2640558416464,961.5442102976319,578.7839814613658,12,12,1.184642665310093,0.10442307450460152,11.845786490558165,-0.08693188432392665,1.1336663853234203,144.22915596921013,5.477579133776e-05,4.622338742980192e-05,1.0,1.0,0.0,618.8239749824537,0.0,1.0,154.97943805678494,0.0,0.0,1.0
frame_1336.jpg,frame_1336,1336,D:\visualization2026\visualization\left_downsample2_Q13\frame_1336.jpg,D:\visualization2026\visualization\right_downsample2_Q13\frame_1336.jpg,D:\visualization2026\dowsample2_Q13\stitched_frames\frame_1336.jpg,D:\visualization2026\dowsample2_Q13_hess_matched\stitched_frames\frame_1336.jpg,2234,1417,0.011720125625019229,-0.005155778842379166,29.466325450886192,-39.61063352288431,7.204034363905748,-50.34931361180895,22.262291086980444,10.738680088924646,24.716975027169397,11.131145543490222,5.369340044462323,-11.131145543490222,-5.369340044462323,0,0,24.716975027169397,960.9736162249187,522.5933395095102,953.769581861013,572.9426531213192,12,12,1.200037585437164,0.09894629904219886,11.204775641117523,-0.07857959349733874,1.1380643638837429,131.4384853770209,6.306041619344789e-05,4.3712973689638775e-05,1.0,1.0,0.0,622.8688544565098,0.0,1.0,148.63065995553768,0.0,0.0,1.0
frame_1338.jpg,frame_1338,1338,D:\visualization2026\visualization\left_downsample2_Q13\frame_1338.jpg,D:\visualization2026\visualization\right_downsample2_Q13\frame_1338.jpg,D:\visualization2026\dowsample2_Q13\stitched_frames\frame_1338.jpg,D:\visualization2026\dowsample2_Q13_hess_matched\stitched_frames\frame_1338.jpg,2231,1420,0.011791182017054203,-0.005254835950977088,29.648919219108517,-39.831533707022395,-6.495472925335207,-48.892811123898014,36.14439214444373,9.061277416875619,37.26290154989149,18.072196072221864,4.5306387084378095,-18.072196072221864,-4.5306387084378095,0,0,37.26290154989149,957.6094467533796,526.3391883023785,964.1049196787149,575.2319994262765,12,12,1.1901228948322844,0.10030928667160557,18.403566263976877,-0.08362718607954166,1.1345091366857396,138.6486279428201,5.8167113767466484e-05,4.393309933517205e-05,1.0,1.0,0.0,612.9278039277781,0.0,1.0,153.4693612915622,0.0,0.0,1.0
frame_1340.jpg,frame_1340,1340,D:\visualization2026\visualization\left_downsample2_Q13\frame_1340.jpg,D:\visualization2026\visualization\right_downsample2_Q13\frame_1340.jpg,D:\visualization2026\dowsample2_Q13\stitched_frames\frame_1340.jpg,D:\visualization2026\dowsample2_Q13_hess_matched\stitched_frames\frame_1340.jpg,2222,1420,0.011949164157485925,-0.00531648579225763,30.04565554203455,-40.367695824619055,-3.2081653357886353,-42.70473367912723,33.25382087782319,2.337037854508175,33.33584180589645,16.626910438911594,1.1685189272540875,-16.626910438911594,-1.1685189272540875,0,0,33.33584180589645,946.0286900919975,529.3864647008539,949.2368554277862,572.0911983799812,12,12,1.175292167591394,0.10406808977504621,16.526277687885866,-0.0896712728990828,1.1254989579817187,144.99374604530593,5.2849256067175014e-05,4.3632677536663084e-05,1.0,1.0,0.0,605.3730895610884,0.0,1.0,153.8314810727459,0.0,0.0,1.0
frame_1342.jpg,frame_1342,1342,D:\visualization2026\visualization\left_downsample2_Q13\frame_1342.jpg,D:\visualization2026\visualization\right_downsample2_Q13\frame_1342.jpg,D:\visualization2026\dowsample2_Q13\stitched_frames\frame_1342.jpg,D:\visualization2026\dowsample2_Q13_hess_matched\stitched_frames\frame_1342.jpg,2200,1429,0.012197977748814925,-0.005340239369172384,30.6662255295226,-41.23294668702306,24.36692241695596,-36.26898111178025,6.2993031125666406,-4.96396557524281,8.02011059376287,3.1496515562833203,-2.481982787621405,-3.1496515562833203,2.481982787621405,0,0,8.02011059376287,940.5336263775736,536.8009823401478,916.1667039606176,573.0699634519281,12,12,1.1779330151164928,0.1143937644349393,3.0471255467824996,-0.09146909942759061,1.142584276178396,143.8998875066571,5.192643306301268e-05,5.167762105819128e-05,1.0,1.0,0.0,596.8503484437167,0.0,1.0,158.4819827876214,0.0,0.0,1.0
frame_1344.jpg,frame_1344,1344,D:\visualization2026\visualization\left_downsample2_Q13\frame_1344.jpg,D:\visualization2026\visualization\right_downsample2_Q13\frame_1344.jpg,D:\visualization2026\dowsample2_Q13\stitched_frames\frame_1344.jpg,D:\visualization2026\dowsample2_Q13_hess_matched\stitched_frames\frame_1344.jpg,2177,1424,0.012481672384101028,-0.005354854621879124,31.373067159187546,-42.22303668806888,45.58970430009583,-38.11911856184281,-14.216637140908286,-4.10391812622607,14.797125247257314,-7.108318570454143,-2.051959063113035,7.108318570454143,2.051959063113035,0,0,14.797125247257314,934.6156725114233,528.9642334268148,889.0259682113275,567.0833519886576,12,12,1.146060717621259,0.09699432969220295,-6.624106839346636,-0.0989228429347351,1.111787004724224,155.68482714173837,4.511227961579292e-05,3.97134148859992e-05,1.0,1.0,0.0,584.1083185704541,0.0,1.0,152.05195906311303,0.0,0.0,1.0
frame_1346.jpg,frame_1346,1346,D:\visualization2026\visualization\left_downsample2_Q13\frame_1346.jpg,D:\visualization2026\visualization\right_downsample2_Q13\frame_1346.jpg,D:\visualization2026\dowsample2_Q13\stitched_frames\frame_1346.jpg,D:\visualization2026\dowsample2_Q13_hess_matched\stitched_frames\frame_1346.jpg,2210,1409,0.012790927984247635,-0.005578130033050854,32.15566404446809,-43.24346387148304,9.174539826660748,-40.647993637348804,22.98112421780734,-2.5954702341342326,23.127224996755835,11.49056210890367,-1.2977351170671163,-11.49056210890367,1.2977351170671163,0,0,23.127224996755835,945.9450119425505,513.8205194603019,936.7704721158898,554.4685130976507,12,12,1.1779874923234477,0.09055819477485956,11.814697802647881,-0.08098743288308492,1.1193813181527488,127.84643412020817,5.9367289050449255e-05,3.7404494636896786e-05,1.0,1.0,0.0,598.5094378910964,0.0,1.0,137.2977351170671,0.0,0.0,1.0
frame_1348.jpg,frame_1348,1348,D:\visualization2026\visualization\left_downsample2_Q13\frame_1348.jpg,D:\visualization2026\visualization\right_downsample2_Q13\frame_1348.jpg,D:\visualization2026\dowsample2_Q13\stitched_frames\frame_1348.jpg,D:\visualization2026\dowsample2_Q13_hess_matched\stitched_frames\frame_1348.jpg,2213,1414,0.013176114976005848,-0.006216280057899981,33.15136890439469,-44.412207359412506,8.967824707927434,-41.21480156725329,24.183544196467253,-3.1974057921592163,24.393999542965854,12.091772098233626,-1.5987028960796081,-12.091772098233626,1.5987028960796081,0,0,24.393999542965854,938.2301112706594,515.311404817305,929.262286562732,556.5262063845582,12,12,1.1829519581006818,0.09296939676339362,12.1665286586041,-0.08045959135275314,1.125350366069163,127.00329867573777,6.140312760602305e-05,3.8582781415349335e-05,1.0,1.0,0.0,600.9082279017664,0.0,1.0,139.5987028960796,0.0,0.0,1.0
frame_1350.jpg,frame_1350,1350,D:\visualization2026\visualization\left_downsample2_Q13\frame_1350.jpg,D:\visualization2026\visualization\right_downsample2_Q13\frame_1350.jpg,D:\visualization2026\dowsample2_Q13\stitched_frames\frame_1350.jpg,D:\visualization2026\dowsample2_Q13_hess_matched\stitched_frames\frame_1350.jpg,2182,1403,0.013479474020762883,-0.006526353674363605,33.92434403995654,-45.387325119343934,21.08500752700502,-38.81695131224126,12.839336512951519,-6.570373807102676,14.422842093632967,6.4196682564757594,-3.285186903551338,-6.4196682564757594,3.285186903551338,0,0,14.422842093632967,927.561381902289,511.08794040364546,906.476374375284,549.9048917158867,12,12,1.1446987355683655,0.07103465118894259,6.59083131943494,-0.08637862150659636,1.08870656236674,134.76178575930268,5.264349437037726e-05,2.4663373251056972e-05,1.0,1.0,0.0,575.5803317435242,0.0,1.0,133.28518690355133,0.0,0.0,1.0
frame_1352.jpg,frame_1352,1352,D:\visualization2026\visualization\left_downsample2_Q13\frame_1352.jpg,D:\visualization2026\visualization\right_downsample2_Q13\frame_1352.jpg,D:\visualization2026\dowsample2_Q13\stitched_frames\frame_1352.jpg,D:\visualization2026\dowsample2_Q13_hess_matched\stitched_frames\frame_1352.jpg,2226,1412,0.013567005771286833,-0.006095640635335742,34.11710190244597,-45.81638066597994,16.796242896304875,-45.46156484743534,17.32085900614109,-0.3548158185446013,17.32449280572763,8.660429503070546,-0.17740790927230066,-8.660429503070546,0.17740790927230066,0,0,17.32449280572763,957.4574938497755,503.19396528223655,940.6612509534706,548.6555301296719,12,12,1.2167930659621076,0.08764573126522558,8.885626529568995,-0.06503173379793882,1.1372425164680098,104.07826698115394,7.846625618652069e-05,3.3720238665688547e-05,1.0,1.0,0.0,617.3395704969295,0.0,1.0,129.1774079092723,0.0,0.0,1.0
frame_1354.jpg,frame_1354,1354,D:\visualization2026\visualization\left_downsample2_Q13\frame_1354.jpg,D:\visualization2026\visualization\right_downsample2_Q13\frame_1354.jpg,D:\visualization2026\dowsample2_Q13\stitched_frames\frame_1354.jpg,D:\visualization2026\dowsample2_Q13_hess_matched\stitched_frames\frame_1354.jpg,2192,1409,0.01353917825919071,-0.005953373204316437,34.039570666106385,-45.7592494803202,11.850892704503735,-41.9367416184582,22.18867796160265,-3.8225078618620003,22.51552788716507,11.094338980801325,-1.9112539309310002,-11.094338980801325,1.9112539309310002,0,0,22.51552788716507,925.0199441088492,517.5997108003471,913.1690514043455,559.5364524188053,12,12,1.1496392394133985,0.08439926595737635,11.228444127356823,-0.08808523702951394,1.1034707520850338,139.2056618419371,5.0206406416829654e-05,3.353987942879073e-05,1.0,1.0,0.0,580.9056610191986,0.0,1.0,140.911253930931,0.0,0.0,1.0
frame_1356.jpg,frame_1356,1356,D:\visualization2026\visualization\left_downsample2_Q13\frame_1356.jpg,D:\visualization2026\visualization\right_downsample2_Q13\frame_1356.jpg,D:\visualization2026\dowsample2_Q13\stitched_frames\frame_1356.jpg,D:\visualization2026\dowsample2_Q13_hess_matched\stitched_frames\frame_1356.jpg,2214,1410,0.013479248559789159,-0.00617399621844239,33.903273641054355,-45.48657847742262,8.24009005520793,-46.178920618544225,25.663183585846426,0.6923421411216069,25.672520900784757,12.831591792923213,0.34617107056080343,-12.831591792923213,-0.34617107056080343,0,0,25.672520900784757,932.2715818534127,513.2058673727897,924.0314917982048,559.384787991334,12,12,1.1847053151033577,0.0913220355484022,12.440583677035569,-0.07841873284799478,1.1278184897766543,125.43677883076424,6.250341480775961e-05,4.0606707439737606e-05,1.0,1.0,0.0,601.1684082070768,0.0,1.0,137.6538289294392,0.0,0.0,1.0
frame_1358.jpg,frame_1358,1358,D:\visualization2026\visualization\left_downsample2_Q13\frame_1358.jpg,D:\visualization2026\visualization\right_downsample2_Q13\frame_1358.jpg,D:\visualization2026\dowsample2_Q13\stitched_frames\frame_1358.jpg,D:\visualization2026\dowsample2_Q13_hess_matched\stitched_frames\frame_1358.jpg,2218,1417,0.013403485197926446,-0.0067340091450058814,33.747328144187975,-45.06205494325944,15.984717588289186,-46.85750094582977,17.76261055589879,1.7954460025703298,17.853121858898316,8.881305277949394,0.8977230012851649,-8.881305277949394,-0.8977230012851649,0,0,17.853121858898316,944.2829509681126,523.5788077478011,928.2982333798234,570.4363086936308,12,12,1.171566183541716,0.09972654454276308,9.11597322911743,-0.0851996209495209,1.1301013886057518,137.5492028502654,5.686068330634857e-05,4.4739440934079796e-05,1.0,1.0,0.0,609.1186947220506,0.0,1.0,148.10227699871484,0.0,0.0,1.0
frame_1360.jpg,frame_1360,1360,D:\visualization2026\visualization\left_downsample2_Q13\frame_1360.jpg,D:\visualization2026\visualization\right_downsample2_Q13\frame_1360.jpg,D:\visualization2026\dowsample2_Q13\stitched_frames\frame_1360.jpg,D:\visualization2026\dowsample2_Q13_hess_matched\stitched_frames\frame_1360.jpg,2193,1414,0.013114949637250961,-0.007597194840330612,33.079532885878514,-43.805768694334745,22.517340258872764,-43.67927475055694,10.56219262700575,-0.12649394377780254,10.562950052319053,5.281096313502875,-0.06324697188890127,-5.281096313502875,0.06324697188890127,0,0,10.562950052319053,920.4705973077098,527.2892391975397,897.953257048837,570.9685139480966,12,12,1.1361273229321212,0.0873000042115013,5.5530233461248635,-0.09315633587280811,1.1070281429498403,149.17778837604357,4.632960106971938e-05,3.744150432514322e-05,1.0,1.0,0.0,587.7189036864971,0.0,1.0,150.0632469718889,0.0,0.0,1.0
frame_1362.jpg,frame_1362,1362,D:\visualization2026\visualization\left_downsample2_Q13\frame_1362.jpg,D:\visualization2026\visualization\right_downsample2_Q13\frame_1362.jpg,D:\visualization2026\dowsample2_Q13\stitched_frames\frame_1362.jpg,D:\visualization2026\dowsample2_Q13_hess_matched\stitched_frames\frame_1362.jpg,2217,1418,0.012836739374919026,-0.008273898034187988,32.42657834057094,-42.63861587787807,28.44430863039713,-48.489588070309196,3.98226971017381,5.850972192431129,7.077594763842455,1.991134855086905,2.9254860962155647,-1.991134855086905,-2.9254860962155647,0,0,7.077594763842455,939.0583354970013,526.8098496054171,910.6140268666041,575.2994376757263,12,12,1.1825301368030319,0.10463223079545944,2.5120086037211493,-0.08402299025915023,1.1423202006458568,137.47483325592842,5.911198585946966e-05,5.105563945177305e-05,1.0,1.0,0.0,615.0088651449131,0.0,1.0,151.07451390378444,0.0,0.0,1.0
frame_1364.jpg,frame_1364,1364,D:\visualization2026\visualization\left_downsample2_Q13\frame_1364.jpg,D:\visualization2026\visualization\right_downsample2_Q13\frame_1364.jpg,D:\visualization2026\dowsample2_Q13\stitched_frames\frame_1364.jpg,D:\visualization2026\dowsample2_Q13_hess_matched\stitched_frames\frame_1364.jpg,2221,1402,0.012831807372183313,-0.008281448453603568,32.41474423898504,-42.61918735952151,-2.1699712546467254,-49.52264883448976,34.58471549363176,6.903461474968246,35.266986348592695,17.29235774681588,3.451730737484123,-17.29235774681588,-3.451730737484123,0,0,35.266986348592695,935.0605040624861,510.3400288363035,937.2304753171328,559.8626776707932,12,12,1.1920094331800366,0.08622732947185092,17.075660467410174,-0.07136713413746182,1.1268088289244385,117.5538374163649,6.868178505506184e-05,3.7911131288064286e-05,1.0,1.0,0.0,603.7076422531841,0.0,1.0,132.54826926251587,0.0,0.0,1.0
frame_1366.jpg,frame_1366,1366,D:\visualization2026\visualization\left_downsample2_Q13\frame_1366.jpg,D:\visualization2026\visualization\right_downsample2_Q13\frame_1366.jpg,D:\visualization2026\dowsample2_Q13\stitched_frames\frame_1366.jpg,D:\visualization2026\dowsample2_Q13_hess_matched\stitched_frames\frame_1366.jpg,2215,1403,0.01299917839371506,-0.0077498828628976835,32.8003166390664,-43.35668326325447,-1.3839024282855235,-50.26807901809616,34.184219067351926,6.911395754841692,34.87589747267804,17.092109533675963,3.455697877420846,-17.092109533675963,-3.455697877420846,0,0,34.87589747267804,924.3858365083588,512.779437696326,925.7697389366443,563.0475167144222,12,12,1.1800142988128441,0.08556735397624834,17.408967799842568,-0.07426432856339336,1.1224958603349784,122.8647514512581,6.43871987407873e-05,3.746102174728534e-05,1.0,1.0,0.0,597.907890466324,0.0,1.0,135.54430212257915,0.0,0.0,1.0
frame_1368.jpg,frame_1368,1368,D:\visualization2026\visualization\left_downsample2_Q13\frame_1368.jpg,D:\visualization2026\visualization\right_downsample2_Q13\frame_1368.jpg,D:\visualization2026\dowsample2_Q13\stitched_frames\frame_1368.jpg,D:\visualization2026\dowsample2_Q13_hess_matched\stitched_frames\frame_1368.jpg,2203,1383,0.013193576218546887,-0.007051669481715095,33.24344693790493,-44.23621330196893,-8.01511216517747,-45.24532366543798,41.2585591030824,1.0091103634690484,41.270897772985315,20.6292795515412,0.5045551817345242,-20.6292795515412,-0.5045551817345242,0,0,41.270897772985315,901.1030845178404,495.6658341637297,909.1181966830179,540.9111578291677,12,12,1.1693202579229824,0.05372789678065567,20.80912305376361,-0.0663206669631616,1.091572169239886,106.87499887421612,6.868404980225723e-05,2.000636907784662e-05,1.0,1.0,0.0,582.3707204484588,0.0,1.0,116.49544481826547,0.0,0.0,1.0
frame_1370.jpg,frame_1370,1370,D:\visualization2026\visualization\left_downsample2_Q13\frame_1370.jpg,D:\visualization2026\visualization\right_downsample2_Q13\frame_1370.jpg,D:\visualization2026\dowsample2_Q13\stitched_frames\frame_1370.jpg,D:\visualization2026\dowsample2_Q13_hess_matched\stitched_frames\frame_1370.jpg,2238,1409,0.01330370295440858,-0.006567172668805243,33.48930322262645,-44.75972613003488,-16.622763176493663,-50.93295574884246,50.11206639912011,6.173229618807582,50.49087009268454,25.056033199560055,3.086614809403791,-25.056033199560055,-3.086614809403791,0,0,50.49087009268454,921.772552311078,519.0521462269382,938.3953154875717,569.9851019757807,12,12,1.190495270878945,0.09908088056718156,24.830199338967553,-0.07371842922785654,1.146414409123522,121.02178019273202,6.363919625570923e-05,5.0143497268204604e-05,1.0,1.0,0.0,612.94396680044,0.0,1.0,142.91338519059622,0.0,0.0,1.0
frame_1372.jpg,frame_1372,1372,D:\visualization2026\visualization\left_downsample2_Q13\frame_1372.jpg,D:\visualization2026\visualization\right_downsample2_Q13\frame_1372.jpg,D:\visualization2026\dowsample2_Q13\stitched_frames\frame_1372.jpg,D:\visualization2026\dowsample2_Q13_hess_matched\stitched_frames\frame_1372.jpg,2245,1397,0.013344584104730939,-0.00666471721886297,33.59671607127547,-44.87530325166029,-16.322991476344214,-49.067419203298016,49.91970754761969,4.192115951637724,50.095419329434236,24.959853773809844,2.096057975818862,-24.959853773809844,-2.096057975818862,0,0,50.095419329434236,923.350983351102,502.40939768667357,939.6739748274462,551.4768168899716,12,12,1.2149516837308936,0.08379642908308686,25.345716610350994,-0.0607574949921671,1.1364066861634383,99.09515379230888,7.766126105933779e-05,3.811431259899455e-05,1.0,1.0,0.0,620.0401462261901,0.0,1.0,125.90394202418113,0.0,0.0,1.0
frame_1374.jpg,frame_1374,1374,D:\visualization2026\visualization\left_downsample2_Q13\frame_1374.jpg,D:\visualization2026\visualization\right_downsample2_Q13\frame_1374.jpg,D:\visualization2026\dowsample2_Q13\stitched_frames\frame_1374.jpg,D:\visualization2026\dowsample2_Q13_hess_matched\stitched_frames\frame_1374.jpg,2238,1400,0.013298208965500546,-0.006896258913481668,33.494785906476324,-44.64703562507823,-17.12175595064525,-46.522862201861926,50.616541857121575,1.8758265767836946,50.651288581041136,25.308270928560788,0.9379132883918473,-25.308270928560788,-0.9379132883918473,0,0,50.651288581041136,906.7962912682423,516.5245967817315,923.9180472188875,563.0474589835934,12,12,1.1842866550211093,0.10230140089938165,25.726090743830483,-0.07363690427893578,1.1339831815076444,118.45905552253842,6.358846619861765e-05,4.652664824278612e-05,1.0,1.0,0.0,612.6917290714392,0.0,1.0,138.06208671160815,0.0,0.0,1.0
frame_1376.jpg,frame_1376,1376,D:\visualization2026\visualization\left_downsample2_Q13\frame_1376.jpg,D:\visualization2026\visualization\right_downsample2_Q13\frame_1376.jpg,D:\visualization2026\dowsample2_Q13\stitched_frames\frame_1376.jpg,D:\visualization2026\dowsample2_Q13_hess_matched\stitched_frames\frame_1376.jpg,2220,1407,0.013250493843970756,-0.006856798477713366,33.373747160203514,-44.49101648371197,11.259526506110774,-49.271897156136106,22.11422065409274,4.780880672424139,22.625109395135762,11.05711032704637,2.3904403362120696,-11.05711032704637,-2.3904403362120696,0,0,22.625109395135762,926.0387659225183,518.7082511337467,914.7792394164076,567.9801482898828,12,12,1.18846408223237,0.10486605901178063,11.1575571771677,-0.07387643935637463,1.1408996650352201,121.06028366464683,6.65337134981724e-05,4.789858164735817e-05,1.0,1.0,0.0,608.9428896729536,0.0,1.0,140.60955966378793,0.0,0.0,1.0
frame_1378.jpg,frame_1378,1378,D:\visualization2026\visualization\left_downsample2_Q13\frame_1378.jpg,D:\visualization2026\visualization\right_downsample2_Q13\frame_1378.jpg,D:\visualization2026\dowsample2_Q13\stitched_frames\frame_1378.jpg,D:\visualization2026\dowsample2_Q13_hess_matched\stitched_frames\frame_1378.jpg,2195,1398,0.013195023367018444,-0.0066608716548887115,33.224301465776506,-44.352242735565,17.898445417414223,-45.78736502584013,15.325856048362283,1.4351222902751317,15.392902247567458,7.6629280241811415,0.7175611451375659,-7.6629280241811415,-0.7175611451375659,0,0,15.392902247567458,902.0957519757058,516.7336326632187,884.1973065582915,562.5209976890588,12,12,1.1573960476979608,0.08840486207902008,7.4837310129614565,-0.07912310500572801,1.1119343523810261,127.17875781145884,5.8783022785580297e-05,3.725536855377383e-05,1.0,1.0,0.0,587.3370719758188,0.0,1.0,137.28243885486245,0.0,0.0,1.0
frame_1380.jpg,frame_1380,1380,D:\visualization2026\visualization\left_downsample2_Q13\frame_1380.jpg,D:\visualization2026\visualization\right_downsample2_Q13\frame_1380.jpg,D:\visualization2026\dowsample2_Q13\stitched_frames\frame_1380.jpg,D:\visualization2026\dowsample2_Q13_hess_matched\stitched_frames\frame_1380.jpg,2193,1392,0.013133920518415887,-0.006469762541611579,33.06111969998973,-44.19236183559452,18.955838902776918,-45.210233497389254,14.105280797212814,1.0178716617947359,14.141959167247844,7.052640398606407,0.5089358308973679,-7.052640398606407,-0.5089358308973679,0,0,14.141959167247844,895.3815830199657,510.730782553725,876.4257441171887,555.9410160511143,12,12,1.1635164622168608,0.07640756355982338,7.427985445352199,-0.0757162603186712,1.1057819189424567,121.29140397971744,6.331240337773674e-05,3.3343181086074733e-05,1.0,1.0,0.0,585.9473596013936,0.0,1.0,130.49106416910263,0.0,0.0,1.0
frame_1382.jpg,frame_1382,1382,D:\visualization2026\visualization\left_downsample2_Q13\frame_1382.jpg,D:\visualization2026\visualization\right_downsample2_Q13\frame_1382.jpg,D:\visualization2026\dowsample2_Q13\stitched_frames\frame_1382.jpg,D:\visualization2026\dowsample2_Q13_hess_matched\stitched_frames\frame_1382.jpg,2216,1398,0.013077571455959613,-0.0063416834921339316,32.913436742401615,-44.03124522600328,8.149439600899086,-49.81785130647779,24.76399714150253,5.786606080474513,25.43109050660097,12.381998570751264,2.8933030402372566,-12.381998570751264,-2.8933030402372566,0,0,25.43109050660097,897.4080230342724,514.4052779452228,889.2585834333734,564.2231292517006,12,12,1.1795836484734155,0.0906716575448498,12.610729929112225,-0.07120406086288389,1.128280714318644,117.48560674798706,6.598471668597365e-05,4.2070922236414855e-05,1.0,1.0,0.0,603.6180014292487,0.0,1.0,136.10669695976276,0.0,0.0,1.0
frame_1384.jpg,frame_1384,1384,D:\visualization2026\visualization\left_downsample2_Q13\frame_1384.jpg,D:\visualization2026\visualization\right_downsample2_Q13\frame_1384.jpg,D:\visualization2026\dowsample2_Q13\stitched_frames\frame_1384.jpg,D:\visualization2026\dowsample2_Q13_hess_matched\stitched_frames\frame_1384.jpg,2215,1398,0.01302750024691085,-0.006240432658059847,32.78293815923741,-43.884512824395806,-3.270761689948017,-52.73616075768871,36.05369984918543,8.851647933292902,37.124398230141345,18.026849924592714,4.425823966646451,-18.026849924592714,-4.425823966646451,0,0,37.124398230141345,895.9880369961148,517.5385146685587,899.2587986860628,570.2746754262474,12,12,1.1747320300219573,0.09481739647508558,17.979081472789378,-0.07384290664720759,1.1293134801402522,123.4755763697825,6.252439392367322e-05,4.518145044919797e-05,1.0,1.0,0.0,596.9731500754073,0.0,1.0,137.57417603335355,0.0,0.0,1.0
frame_1386.jpg,frame_1386,1386,D:\visualization2026\visualization\left_downsample2_Q13\frame_1386.jpg,D:\visualization2026\visualization\right_downsample2_Q13\frame_1386.jpg,D:\visualization2026\dowsample2_Q13\stitched_frames\frame_1386.jpg,D:\visualization2026\dowsample2_Q13_hess_matched\stitched_frames\frame_1386.jpg,2214,1406,0.01297501031267878,-0.006168537737699542,32.648129125895274,-43.72096881637427,1.321292148367661,-56.05314615041709,31.326836977527613,12.332177334042825,33.66679837488072,15.663418488763806,6.166088667021413,-15.663418488763806,-6.166088667021413,0,0,33.66679837488072,895.0208667530711,522.0316921191069,893.6995746047035,578.084838269524,12,12,1.1755053980697887,0.10527936714980152,16.027804312808154,-0.07742353392490112,1.1362994205617323,130.76622892400923,6.231347186564465e-05,4.861666067873699e-05,1.0,1.0,0.0,598.3365815112362,0.0,1.0,143.83391133297857,0.0,0.0,1.0
frame_1388.jpg,frame_1388,1388,D:\visualization2026\visualization\left_downsample2_Q13\frame_1388.jpg,D:\visualization2026\visualization\right_downsample2_Q13\frame_1388.jpg,D:\visualization2026\dowsample2_Q13\stitched_frames\frame_1388.jpg,D:\visualization2026\dowsample2_Q13_hess_matched\stitched_frames\frame_1388.jpg,2201,1395,0.01291120478752078,-0.006161266587952574,32.48892206570795,-43.49941967014871,6.330427981215735,-55.283720726940714,26.15849408449222,11.784301056792003,28.69035664061225,13.07924704224611,5.892150528396002,-13.07924704224611,-5.892150528396002,0,0,28.69035664061225,876.420212271,513.2212039779839,870.0897842897842,568.5049247049246,12,12,1.169270312658309,0.09107907839640365,13.34620033336769,-0.07410894323181483,1.1190874059084717,124.6445749930027,6.440291805905133e-05,3.9703199733729585e-05,1.0,1.0,0.0,587.9207529577538,0.0,1.0,134.107849471604,0.0,0.0,1.0
frame_1390.jpg,frame_1390,1390,D:\visualization2026\visualization\left_downsample2_Q13\frame_1390.jpg,D:\visualization2026\visualization\right_downsample2_Q13\frame_1390.jpg,D:\visualization2026\dowsample2_Q13\stitched_frames\frame_1390.jpg,D:\visualization2026\dowsample2_Q13_hess_matched\stitched_frames\frame_1390.jpg,2179,1404,0.012833375545221792,-0.006237078952006869,32.29965211411418,-43.20513324916987,-5.702852097779328,-61.89498905033895,38.00250421189351,18.68985580116908,42.34974659007392,19.001252105946755,9.34492790058454,-19.001252105946755,-9.34492790058454,0,0,42.34974659007392,848.3721038105099,513.5884965998133,854.0749559082892,575.4834856501523,12,12,1.1609035924331998,0.04789069476968611,19.18778877928643,-0.0699139593396637,1.1243979009205447,122.55756029012394,6.594555110020241e-05,3.430058610497129e-05,1.0,1.0,0.0,559.9987478940533,0.0,1.0,131.65507209941546,0.0,0.0,1.0
frame_1392.jpg,frame_1392,1392,D:\visualization2026\visualization\left_downsample2_Q13\frame_1392.jpg,D:\visualization2026\visualization\right_downsample2_Q13\frame_1392.jpg,D:\visualization2026\dowsample2_Q13\stitched_frames\frame_1392.jpg,D:\visualization2026\dowsample2_Q13_hess_matched\stitched_frames\frame_1392.jpg,2230,1394,0.012751994138887668,-0.006335951995807165,32.10288466197517,-42.89185034007179,-19.719393923067173,-54.31706624627782,51.82227858504234,11.425215906206027,53.066789202373656,25.91113929252117,5.712607953103014,-25.91113929252117,-5.712607953103014,0,0,53.066789202373656,885.9788675677639,514.5886255851105,905.6982614908311,568.9056918313884,12,12,1.1878374559628682,0.10230821600136272,26.190582172802124,-0.06843415215379253,1.1312053364618513,115.46549716035011,7.202854060833099e-05,4.374419141953389e-05,1.0,1.0,0.0,604.0888607074788,0.0,1.0,129.287392046897,0.0,0.0,1.0
frame_1394.jpg,frame_1394,1394,D:\visualization2026\visualization\left_downsample2_Q13\frame_1394.jpg,D:\visualization2026\visualization\right_downsample2_Q13\frame_1394.jpg,D:\visualization2026\dowsample2_Q13\stitched_frames\frame_1394.jpg,D:\visualization2026\dowsample2_Q13_hess_matched\stitched_frames\frame_1394.jpg,2216,1399,0.012679240762916821,-0.006381750017254162,31.924499289442434,-42.62387471974853,-3.492244991155758,-50.16800897393455,35.416744280598195,7.5441342541860195,36.211320565293775,17.708372140299097,3.7720671270930097,-17.708372140299097,-3.7720671270930097,0,0,36.211320565293775,882.3789176871135,523.6110579827973,885.8711626782692,573.7790669567319,12,12,1.1714971725641607,0.09645189756642894,17.95649252240417,-0.07608551552679206,1.125310497820432,125.48379017112153,6.634233381987125e-05,4.339265008683793e-05,1.0,1.0,0.0,598.291627859701,0.0,1.0,136.227932872907,0.0,0.0,1.0
frame_1396.jpg,frame_1396,1396,D:\visualization2026\visualization\left_downsample2_Q13\frame_1396.jpg,D:\visualization2026\visualization\right_downsample2_Q13\frame_1396.jpg,D:\visualization2026\dowsample2_Q13\stitched_frames\frame_1396.jpg,D:\visualization2026\dowsample2_Q13_hess_matched\stitched_frames\frame_1396.jpg,2216,1395,0.012623620895765741,-0.0063899812820324975,31.786565058814055,-42.42661158814345,-2.467740282910654,-51.91158136438139,34.25430534172471,9.48496977623794,35.543242481521816,17.127152670862355,4.74248488811897,-17.127152670862355,-4.74248488811897,0,0,35.543242481521816,877.7432130639454,520.4293584598241,880.2109533468561,572.3409398242055,12,12,1.1745642615235479,0.09337312643941256,17.11122561256496,-0.07157364277686978,1.1239387672264811,120.25175001840476,6.817882819572086e-05,4.110449418627277e-05,1.0,1.0,0.0,598.8728473291377,0.0,1.0,133.25751511188102,0.0,0.0,1.0
frame_1398.jpg,frame_1398,1398,D:\visualization2026\visualization\left_downsample2_Q13\frame_1398.jpg,D:\visualization2026\visualization\right_downsample2_Q13\frame_1398.jpg,D:\visualization2026\dowsample2_Q13\stitched_frames\frame_1398.jpg,D:\visualization2026\dowsample2_Q13_hess_matched\stitched_frames\frame_1398.jpg,2216,1395,0.012572566729763701,-0.006397293176069185,31.659939333503445,-42.24561050150739,0.4703603251770119,-50.961360385991725,31.189579008326433,8.715749884484332,32.38447366818744,15.594789504163217,4.357874942242166,-15.594789504163217,-4.357874942242166,0,0,32.38447366818744,876.0687335232119,520.5233782787421,875.5983731980349,571.4847386647339,12,12,1.174459786798472,0.09331013942653571,15.578862445865823,-0.07159986503229208,1.123922958029197,119.86714007252796,6.817882819572086e-05,4.110449418627277e-05,1.0,1.0,0.0,600.4052104958367,0.0,1.0,133.64212505775782,0.0,0.0,1.0
frame_1400.jpg,frame_1400,1400,D:\visualization2026\visualization\left_downsample2_Q13\frame_1400.jpg,D:\visualization2026\visualization\right_downsample2_Q13\frame_1400.jpg,D:\visualization2026\dowsample2_Q13\stitched_frames\frame_1400.jpg,D:\visualization2026\dowsample2_Q13_hess_matched\stitched_frames\frame_1400.jpg,2167,1381,0.012507921959406587,-0.006399066774748774,31.499170220665945,-42.01855208539935,25.395109088913614,-44.007072475043515,6.1040611317523314,1.9885203896441652,6.419795607353877,3.0520305658761657,0.9942601948220826,-3.0520305658761657,-0.9942601948220826,0,0,6.419795607353877,846.5521571817826,518.0746854022367,821.157048092869,562.0817578772802,12,12,1.1355073228289754,0.0914769159318312,3.3448471434165725,-0.07751614945450666,1.0991193283670397,124.70278789035768,5.9645005778590506e-05,3.7081026122623216e-05,1.0,1.0,0.0,563.9479694341238,0.0,1.0,127.00573980517791,0.0,0.0,1.0
frame_1402.jpg,frame_1402,1402,D:\visualization2026\visualization\left_downsample2_Q13\frame_1402.jpg,D:\visualization2026\visualization\right_downsample2_Q13\frame_1402.jpg,D:\visualization2026\dowsample2_Q13\stitched_frames\frame_1402.jpg,D:\visualization2026\dowsample2_Q13_hess_matched\stitched_frames\frame_1402.jpg,2181,1395,0.012448584908864913,-0.006450704769592974,31.354512091690214,-41.79593736021629,24.920384742775354,-47.76781454389095,6.43412734891486,5.971877183674657,8.778457258479312,3.21706367445743,2.9859385918373285,-3.21706367445743,-2.9859385918373285,0,0,8.778457258479312,849.0786552059861,530.8780035789288,824.1582704632108,578.6458181228197,12,12,1.1481247264171004,0.11006320373935267,3.5272600230568774,-0.08002634266302416,1.1296299850815772,131.26724116826466,5.735226531257863e-05,5.3169659779818926e-05,1.0,1.0,0.0,577.7829363255426,0.0,1.0,141.01406140816266,0.0,0.0,1.0
frame_1404.jpg,frame_1404,1404,D:\visualization2026\visualization\left_downsample2_Q13\frame_1404.jpg,D:\visualization2026\visualization\right_downsample2_Q13\frame_1404.jpg,D:\visualization2026\dowsample2_Q13\stitched_frames\frame_1404.jpg,D:\visualization2026\dowsample2_Q13_hess_matched\stitched_frames\frame_1404.jpg,2163,1403,0.012395579331344497,-0.0065344910049053295,31.227481430225772,-41.58638426449682,33.49341387355719,-37.8953616641802,-2.2659324433314154,-3.6910226003166215,4.331061956817283,-1.1329662216657077,-1.8455113001583108,1.1329662216657077,1.8455113001583108,0,0,4.331061956817283,834.3626852220569,548.4168704492388,800.8692713484998,586.312232113419,12,12,1.1174290181260609,0.10510897341364547,-1.0907871821472206,-0.0959687877351628,1.1150137979183736,151.47051327676647,4.423864642228252e-05,5.255261980009884e-05,1.0,1.0,0.0,564.1329662216657,0.0,1.0,153.8455113001583,0.0,0.0,1.0
frame_1406.jpg,frame_1406,1406,D:\visualization2026\visualization\left_downsample2_Q13\frame_1406.jpg,D:\visualization2026\visualization\right_downsample2_Q13\frame_1406.jpg,D:\visualization2026\dowsample2_Q13\stitched_frames\frame_1406.jpg,D:\visualization2026\dowsample2_Q13_hess_matched\stitched_frames\frame_1406.jpg,2178,1390,0.012314014735952783,-0.0065540398938723765,31.02564095773206,-41.2949815541721,20.187172699806865,-44.948935312215326,10.838468257925197,3.6539537580432295,11.43782200613256,5.419234128962598,1.8269768790216148,-5.419234128962598,-1.8269768790216148,0,0,11.43782200613256,842.9093524808102,529.4587550366515,822.7221797810033,574.4076903488668,12,12,1.1519645506272658,0.09867103793815411,5.736229609055313,-0.07795973344179616,1.1165949763117706,126.22180211893983,6.235324134306855e-05,4.4388323377251235e-05,1.0,1.0,0.0,572.5807658710374,0.0,1.0,132.17302312097837,0.0,0.0,1.0
frame_1408.jpg,frame_1408,1408,D:\visualization2026\visualization\left_downsample2_Q13\frame_1408.jpg,D:\visualization2026\visualization\right_downsample2_Q13\frame_1408.jpg,D:\visualization2026\dowsample2_Q13\stitched_frames\frame_1408.jpg,D:\visualization2026\dowsample2_Q13_hess_matched\stitched_frames\frame_1408.jpg,2178,1390,0.012146775448886316,-0.006463034279060587,30.604158993294742,-40.7347116014298,11.458232994490231,-50.393635892726934,19.14592599880451,9.658924291297133,21.44437690437072,9.572962999402256,4.8294621456485665,-9.572962999402256,-4.8294621456485665,0,0,21.44437690437072,838.4775905247363,529.807281921207,827.0193575302461,580.200917813934,12,12,1.152223549085998,0.09885541499847661,9.88995847949497,-0.07777251875333716,1.1167282515987211,129.22428738556678,6.235324134306855e-05,4.4388323377251235e-05,1.0,1.0,0.0,568.4270370005977,0.0,1.0,129.17053785435144,0.0,0.0,1.0
frame_1410.jpg,frame_1410,1410,D:\visualization2026\visualization\left_downsample2_Q13\frame_1410.jpg,D:\visualization2026\visualization\right_downsample2_Q13\frame_1410.jpg,D:\visualization2026\dowsample2_Q13\stitched_frames\frame_1410.jpg,D:\visualization2026\dowsample2_Q13_hess_matched\stitched_frames\frame_1410.jpg,2176,1385,0.011918223917731008,-0.006342873627291135,30.028400872534316,-39.967843894290965,28.006617657156426,-48.28593991905018,2.0217832153778907,8.318096024759214,8.560276213247958,1.0108916076889454,4.159048012379607,-1.0108916076889454,-4.159048012379607,0,0,8.560276213247958,853.5345564858263,530.7404444184004,825.5279388286699,579.0263843374506,12,12,1.1450184308999773,0.10052261749241408,0.9803916034049234,-0.0752628829517681,1.1137390785259218,124.48783967570961,6.099655311424467e-05,4.2980800702309874e-05,1.0,1.0,0.0,574.9891083923111,0.0,1.0,128.8409519876204,0.0,0.0,1.0
frame_1412.jpg,frame_1412,1412,D:\visualization2026\visualization\left_downsample2_Q13\frame_1412.jpg,D:\visualization2026\visualization\right_downsample2_Q13\frame_1412.jpg,D:\visualization2026\dowsample2_Q13\stitched_frames\frame_1412.jpg,D:\visualization2026\dowsample2_Q13_hess_matched\stitched_frames\frame_1412.jpg,2173,1389,0.011721533731838207,-0.006287278200376556,29.535689684975335,-39.29430608502366,29.167264637525477,-48.12442773213172,0.3684250474498576,8.830121647108058,8.837804326772275,0.1842125237249288,4.415060823554029,-0.1842125237249288,-4.415060823554029,0,0,8.837804326772275,846.8241129438584,534.6174312107581,817.6568483063329,582.7418589428898,12,12,1.1414573012285867,0.10034494321511503,-0.15656323376024694,-0.07755026487388006,1.1159667213115605,128.6221724332658,5.897735943060986e-05,4.4376659769747526e-05,1.0,1.0,0.0,572.8157874762751,0.0,1.0,132.58493917644597,0.0,0.0,1.0
frame_1414.jpg,frame_1414,1414,D:\visualization2026\visualization\left_downsample2_Q13\frame_1414.jpg,D:\visualization2026\visualization\right_downsample2_Q13\frame_1414.jpg,D:\visualization2026\dowsample2_Q13\stitched_frames\frame_1414.jpg,D:\visualization2026\dowsample2_Q13_hess_matched\stitched_frames\frame_1414.jpg,2146,1414,0.01161934089399419,-0.006423937810306812,29.28933115630931,-38.89735858514741,35.81579602498414,-48.22287781385273,-6.526464868674829,9.325519228705325,11.38244492923201,-3.2632324343374144,4.662759614352662,3.2632324343374144,-4.662759614352662,0,0,11.38244492923201,821.2442633555647,565.2717380067286,785.4284673305806,613.4946158205813,12,12,1.098921031074045,0.1000698941847468,-3.6712635206086084,-0.10494783726620366,1.1224167360378459,172.44128472974137,3.426357000137134e-05,5.91381799204883e-05,1.0,1.0,0.0,549.2632324343374,0.0,1.0,162.33724038564733,0.0,0.0,1.0
frame_1416.jpg,frame_1416,1416,D:\visualization2026\visualization\left_downsample2_Q13\frame_1416.jpg,D:\visualization2026\visualization\right_downsample2_Q13\frame_1416.jpg,D:\visualization2026\dowsample2_Q13\stitched_frames\frame_1416.jpg,D:\visualization2026\dowsample2_Q13_hess_matched\stitched_frames\frame_1416.jpg,2189,1383,0.011568771234553799,-0.006594286961148832,29.173400904511166,-38.671764958292414,14.741493164770645,-42.887788264019264,14.43190773974052,4.21602330572685,15.03511933849593,7.21595386987026,2.108011652863425,-7.21595386987026,-2.108011652863425,0,0,15.03511933849593,832.1294925178355,527.1185193536421,817.3879993530649,570.0063076176614,12,12,1.150747961626407,0.09043536802894628,7.375686696709591,-0.07156724073673353,1.1121535572867765,116.73353271062732,6.505245325386413e-05,3.997170059647842e-05,1.0,1.0,0.0,581.7840461301297,0.0,1.0,121.89198834713658,0.0,0.0,1.0
frame_1418.jpg,frame_1418,1418,D:\visualization2026\visualization\left_downsample2_Q13\frame_1418.jpg,D:\visualization2026\visualization\right_downsample2_Q13\frame_1418.jpg,D:\visualization2026\dowsample2_Q13\stitched_frames\frame_1418.jpg,D:\visualization2026\dowsample2_Q13_hess_matched\stitched_frames\frame_1418.jpg,2188,1377,0.011509971947993636,-0.006400963309339147,29.015822790078037,-38.520585915246535,35.7914326132493,-45.90086548245074,-6.775609823171262,7.380279567204205,10.01885297656108,-3.387804911585631,3.6901397836021026,3.387804911585631,-3.6901397836021026,0,0,10.01885297656108,846.9045634233422,513.5411995905904,811.1131308100929,559.4420650730411,10,12,1.1602867835450117,0.07723942481960466,-3.6376703791527643,-0.06287041377706794,1.1030833302837009,104.8031928025041,7.436113885070306e-05,2.8778392800208133e-05,1.0,1.0,0.0,591.3878049115856,0.0,1.0,109.3098602163979,0.0,0.0,1.0
frame_1420.jpg,frame_1420,1420,D:\visualization2026\visualization\left_downsample2_Q13\frame_1420.jpg,D:\visualization2026\visualization\right_downsample2_Q13\frame_1420.jpg,D:\visualization2026\dowsample2_Q13\stitched_frames\frame_1420.jpg,D:\visualization2026\dowsample2_Q13_hess_matched\stitched_frames\frame_1420.jpg,2194,1390,0.011422569137803151,-0.005716783061522124,28.758492299890133,-38.40852966195667,14.255026718625572,-49.09606462165459,14.50346558126456,10.68753495969792,18.015935095955776,7.25173279063228,5.34376747984896,-7.25173279063228,-5.34376747984896,0,0,18.015935095955776,849.7643862418355,535.6274307195694,835.5093595232099,584.723495341224,12,12,1.142990932589762,0.10761814908418116,7.334855205986235,-0.07852983766991425,1.1220187849961372,131.4375101749033,5.776912485590569e-05,4.908819095175026e-05,1.0,1.0,0.0,586.7482672093677,0.0,1.0,129.65623252015104,0.0,0.0,1.0
frame_1422.jpg,frame_1422,1422,D:\visualization2026\visualization\left_downsample2_Q13\frame_1422.jpg,D:\visualization2026\visualization\right_downsample2_Q13\frame_1422.jpg,D:\visualization2026\dowsample2_Q13\stitched_frames\frame_1422.jpg,D:\visualization2026\dowsample2_Q13_hess_matched\stitched_frames\frame_1422.jpg,2178,1376,0.01134144874997045,-0.004969262010159015,28.51310917431413,-38.336474975403334,19.89881438575219,-48.03150136420868,8.614294788561942,9.695026388805346,12.969179287213105,4.307147394280971,4.847513194402673,-4.307147394280971,-4.847513194402673,0,0,12.969179287213105,834.553497930056,521.4779501125845,814.6546835443038,569.5094514767932,12,12,1.137617962717622,0.08707544973030534,4.145729743264294,-0.07304620612188469,1.0968657803468012,121.61302121355885,6.287453393835881e-05,3.45764280890262e-05,1.0,1.0,0.0,573.692852605719,0.0,1.0,114.15248680559733,0.0,0.0,1.0
frame_1424.jpg,frame_1424,1424,D:\visualization2026\visualization\left_downsample2_Q13\frame_1424.jpg,D:\visualization2026\visualization\right_downsample2_Q13\frame_1424.jpg,D:\visualization2026\dowsample2_Q13\stitched_frames\frame_1424.jpg,D:\visualization2026\dowsample2_Q13_hess_matched\stitched_frames\frame_1424.jpg,2116,1370,0.011249550721528945,-0.0043617699883510275,28.249055783351892,-38.186890929673254,61.02014451491459,-43.2073522822717,-32.7710887315627,5.020461352598446,33.15342046976285,-16.38554436578135,2.510230676299223,16.38554436578135,-2.510230676299223,0,0,33.15342046976285,803.3074246576625,525.6572071535342,742.2872801427479,568.8645594358059,12,12,1.1009548380999266,0.07824674063417288,-16.729021178723194,-0.08205501761186308,1.075057167693855,134.41596502900012,5.154058203110037e-05,3.135084381695079e-05,1.0,1.0,0.0,532.3855443657814,0.0,1.0,115.48976932370078,0.0,0.0,1.0
frame_1426.jpg,frame_1426,1426,D:\visualization2026\visualization\left_downsample2_Q13\frame_1426.jpg,D:\visualization2026\visualization\right_downsample2_Q13\frame_1426.jpg,D:\visualization2026\dowsample2_Q13\stitched_frames\frame_1426.jpg,D:\visualization2026\dowsample2_Q13_hess_matched\stitched_frames\frame_1426.jpg,2115,1377,0.011185304821109798,-0.004496973899481227,28.09704572974783,-37.92334603722034,41.904882878585795,-52.04254910542181,-13.807837148837965,14.119203068201472,19.748626838591576,-6.903918574418983,7.059601534100736,6.903918574418983,-7.059601534100736,0,0,19.748626838591576,801.3909660442464,533.7968204452153,759.4860831656606,585.8393695506371,12,12,1.0918104033392317,0.08459154536163989,-6.820636439772217,-0.08781961815150519,1.0794722497693485,148.31811061244406,4.5335529940813195e-05,3.5736038971711e-05,1.0,1.0,0.0,521.903918574419,0.0,1.0,119.94039846589926,0.0,0.0,1.0
frame_1428.jpg,frame_1428,1428,D:\visualization2026\visualization\left_downsample2_Q13\frame_1428.jpg,D:\visualization2026\visualization\right_downsample2_Q13\frame_1428.jpg,D:\visualization2026\dowsample2_Q13\stitched_frames\frame_1428.jpg,D:\visualization2026\dowsample2_Q13_hess_matched\stitched_frames\frame_1428.jpg,2115,1376,0.01121359398915206,-0.0056782095278872236,28.236200030232673,-37.687104862075266,42.49574005400825,-53.731787880445836,-14.259540023775578,16.04468301837057,21.465468428376926,-7.129770011887789,8.022341509185285,7.129770011887789,-8.022341509185285,0,0,21.465468428376926,797.125213215042,529.4888052275727,754.6294731610337,583.2205931080185,12,12,1.0958995342897846,0.08050659142829904,-7.216741902161292,-0.0830571285655098,1.0791082930079883,141.59347664709108,4.9227742731109486e-05,3.149459561720089e-05,1.0,1.0,0.0,522.1297700118878,0.0,1.0,115.97765849081472,0.0,0.0,1.0
frame_1430.jpg,frame_1430,1430,D:\visualization2026\visualization\left_downsample2_Q13\frame_1430.jpg,D:\visualization2026\visualization\right_downsample2_Q13\frame_1430.jpg,D:\visualization2026\dowsample2_Q13\stitched_frames\frame_1430.jpg,D:\visualization2026\dowsample2_Q13_hess_matched\stitched_frames\frame_1430.jpg,2115,1376,0.011231117198054141,-0.00655771348910783,28.33100000245153,-37.4988026999916,43.04613360087467,-53.42239509992453,-14.71513359842314,15.923592399932929,21.681696237578905,-7.35756679921157,7.961796199966464,7.35756679921157,-7.961796199966464,0,0,21.681696237578905,786.9137744843886,529.7969716591248,743.8676408835139,583.2193667590493,12,12,1.0958883203681433,0.08049941706059938,-7.444538689485073,-0.08306010907441559,1.079106386157958,141.53293133787227,4.9227742731109486e-05,3.149459561720089e-05,1.0,1.0,0.0,522.3575667992116,0.0,1.0,116.03820380003353,0.0,0.0,1.0
frame_1432.jpg,frame_1432,1432,D:\visualization2026\visualization\left_downsample2_Q13\frame_1432.jpg,D:\visualization2026\visualization\right_downsample2_Q13\frame_1432.jpg,D:\visualization2026\dowsample2_Q13\stitched_frames\frame_1432.jpg,D:\visualization2026\dowsample2_Q13_hess_matched\stitched_frames\frame_1432.jpg,2136,1376,0.011165222360467797,-0.006429495277926023,28.1595537169704,-37.30427136294148,31.344790542441274,-49.07793134395081,-3.1852368254708736,11.773659981009331,12.196917765679837,-1.5926184127354368,5.8868299905046655,1.5926184127354368,-5.8868299905046655,0,0,12.196917765679837,796.5738325883884,530.3184275637215,765.2290420459472,579.3963589076723,12,12,1.1101093650020528,0.08174417862542031,-1.5034866360280326,-0.07833238796182239,1.09108830276919,132.00616105416051,5.382254624801861e-05,3.608612127821072e-05,1.0,1.0,0.0,537.5926184127354,0.0,1.0,114.11317000949533,0.0,0.0,1.0
frame_1434.jpg,frame_1434,1434,D:\visualization2026\visualization\left_downsample2_Q13\frame_1434.jpg,D:\visualization2026\visualization\right_downsample2_Q13\frame_1434.jpg,D:\visualization2026\dowsample2_Q13\stitched_frames\frame_1434.jpg,D:\visualization2026\dowsample2_Q13_hess_matched\stitched_frames\frame_1434.jpg,2140,1382,0.011071022517838869,-0.0064887898778815956,27.928583121704346,-36.95730216370418,37.05375989254526,-45.45282870435949,-9.125176770840913,8.495526540655312,12.467671085735034,-4.562588385420456,4.247763270327656,4.562588385420456,-4.247763270327656,0,0,12.467671085735034,800.4775169829691,545.0210618528644,763.4237570904238,590.4738905572239,12,12,1.103015800276247,0.09714624581222447,-4.721435633188564,-0.08541787510005017,1.1033279308928317,140.941709237392,4.623628483346391e-05,4.728480795428439e-05,1.0,1.0,0.0,544.5625883854204,0.0,1.0,126.75223672967235,0.0,0.0,1.0
frame_1436.jpg,frame_1436,1436,D:\visualization2026\visualization\left_downsample2_Q13\frame_1436.jpg,D:\visualization2026\visualization\right_downsample2_Q13\frame_1436.jpg,D:\visualization2026\dowsample2_Q13\stitched_frames\frame_1436.jpg,D:\visualization2026\dowsample2_Q13_hess_matched\stitched_frames\frame_1436.jpg,2135,1373,0.010963824423060098,-0.0066229949031104685,27.66962584253988,-36.543510100656846,33.46775948587526,-45.638318759285085,-5.798133643335383,9.094808658628239,10.78581931440708,-2.8990668216676916,4.547404329314119,2.8990668216676916,-4.547404329314119,0,0,10.78581931440708,787.9045910972583,538.1715416721088,754.436831611383,583.8098604313939,12,12,1.1031744644494554,0.08555405074806863,-2.772321081197777,-0.08233778983955342,1.0873477000443927,136.73415377556182,4.959765628648992e-05,3.861219813699639e-05,1.0,1.0,0.0,537.8990668216677,0.0,1.0,115.45259567068588,0.0,0.0,1.0
frame_1438.jpg,frame_1438,1438,D:\visualization2026\visualization\left_downsample2_Q13\frame_1438.jpg,D:\visualization2026\visualization\right_downsample2_Q13\frame_1438.jpg,D:\visualization2026\dowsample2_Q13\stitched_frames\frame_1438.jpg,D:\visualization2026\dowsample2_Q13_hess_matched\stitched_frames\frame_1438.jpg,2135,1370,0.010853278472544692,-0.0066884610471746875,27.398336208876948,-36.13750187075445,39.11729982371094,-46.56713502519608,-11.718963614833989,10.429633154441632,15.687936637494142,-5.859481807416994,5.214816577220816,5.859481807416994,-5.214816577220816,0,0,15.687936637494142,801.3485659735818,537.3716246647265,762.2312661498709,583.9387596899226,12,12,1.1085568800256285,0.08080162231231204,-5.795609669032995,-0.0754468308889738,1.0874145354451126,125.91443672467285,5.4795020003187806e-05,3.3999337478865895e-05,1.0,1.0,0.0,540.859481807417,0.0,1.0,110.78518342277918,0.0,0.0,1.0
frame_1440.jpg,frame_1440,1440,D:\visualization2026\visualization\left_downsample2_Q13\frame_1440.jpg,D:\visualization2026\visualization\right_downsample2_Q13\frame_1440.jpg,D:\visualization2026\dowsample2_Q13\stitched_frames\frame_1440.jpg,D:\visualization2026\dowsample2_Q13_hess_matched\stitched_frames\frame_1440.jpg,2135,1370,0.01074315422623684,-0.006818689451471349,27.1318655647126,-35.714583848470845,41.097947827942676,-46.10042843740405,-13.966082263230074,10.385844588933203,17.404517275948297,-6.983041131615037,5.192922294466602,6.983041131615037,-5.192922294466602,0,0,17.404517275948297,796.4618074770655,537.6836066503153,755.3638596491228,583.7840350877193,12,12,1.1084953145699843,0.0807634220396711,-6.919168993231038,-0.07544803058663527,1.0874137910540043,125.89254244191864,5.4795020003187806e-05,3.3999337478865895e-05,1.0,1.0,0.0,541.983041131615,0.0,1.0,110.8070777055334,0.0,0.0,1.0
frame_1442.jpg,frame_1442,1442,D:\visualization2026\visualization\left_downsample2_Q13\frame_1442.jpg,D:\visualization2026\visualization\right_downsample2_Q13\frame_1442.jpg,D:\visualization2026\dowsample2_Q13\stitched_frames\frame_1442.jpg,D:\visualization2026\dowsample2_Q13_hess_matched\stitched_frames\frame_1442.jpg,2168,1378,0.010634162247846246,-0.006942790226782458,26.86785597153893,-35.29737378041609,20.893935726918357,-43.52462935014739,5.973920244620572,8.227255569731305,10.167372192398698,2.986960122310286,4.113627784865653,-2.986960122310286,-4.113627784865653,0,0,10.167372192398698,805.4136636180748,540.3928026226416,784.5197278911564,583.917431972789,12,12,1.1365094238416091,0.08709793901984546,3.3638915867420636,-0.07118534382494202,1.1127207814548472,118.21035072152354,6.304615634634362e-05,4.274273757939906e-05,1.0,1.0,0.0,565.0130398776897,0.0,1.0,111.88637221513434,0.0,0.0,1.0
frame_1444.jpg,frame_1444,1444,D:\visualization2026\visualization\left_downsample2_Q13\frame_1444.jpg,D:\visualization2026\visualization\right_downsample2_Q13\frame_1444.jpg,D:\visualization2026\dowsample2_Q13\stitched_frames\frame_1444.jpg,D:\visualization2026\dowsample2_Q13_hess_matched\stitched_frames\frame_1444.jpg,2163,1372,0.010506259155902253,-0.006915087035262557,26.54794904507068,-34.85698871731988,23.829854232263187,-43.24215215836557,2.718094812807493,8.385163441045691,8.814703928349505,1.3590474064037465,4.1925817205228455,-1.3590474064037465,-4.1925817205228455,0,0,8.814703928349505,796.2945845227196,532.593515199864,772.4647302904564,575.8356673582296,12,12,1.1350464934306603,0.07696717438563506,1.5295641569323237,-0.06683782704645536,1.1007234575372267,111.20374701764754,6.616698742821027e-05,3.4074451302102716e-05,1.0,1.0,0.0,561.6409525935962,0.0,1.0,103.80741827947716,0.0,0.0,1.0
frame_1446.jpg,frame_1446,1446,D:\visualization2026\visualization\left_downsample2_Q13\frame_1446.jpg,D:\visualization2026\visualization\right_downsample2_Q13\frame_1446.jpg,D:\visualization2026\dowsample2_Q13\stitched_frames\frame_1446.jpg,D:\visualization2026\dowsample2_Q13_hess_matched\stitched_frames\frame_1446.jpg,2151,1356,0.010305372543062297,-0.006583915080832559,26.02875458657411,-34.24698745393264,29.872473270912565,-39.04874586212236,-3.843718684338455,4.80175840818972,6.150695662683468,-1.9218593421692276,2.40087920409486,1.9218593421692276,-2.40087920409486,0,0,6.150695662683468,781.9922082019219,521.038490884428,752.1197349310094,560.0872367465504,12,12,1.1288933959307683,0.05827586978785992,-2.0746797203838696,-0.06094481654407155,1.0736220312574025,100.48052021860495,7.061495124524239e-05,1.8858167169484894e-05,1.0,1.0,0.0,552.9218593421692,0.0,1.0,88.59912079590514,0.0,0.0,1.0
frame_1448.jpg,frame_1448,1448,D:\visualization2026\visualization\left_downsample2_Q13\frame_1448.jpg,D:\visualization2026\visualization\right_downsample2_Q13\frame_1448.jpg,D:\visualization2026\dowsample2_Q13\stitched_frames\frame_1448.jpg,D:\visualization2026\dowsample2_Q13_hess_matched\stitched_frames\frame_1448.jpg,2151,1356,0.01012612882697772,-0.006259175960904861,25.56379419061938,-33.71100969837502,53.04595992805275,-42.057144037059174,-27.482165737433373,8.346134338684152,28.72154926216759,-13.741082868716687,4.173067169342076,13.741082868716687,-4.173067169342076,0,0,28.72154926216759,799.7164513224154,518.0945147307133,746.6704913943627,560.1516587677725,12,12,1.1280587820376846,0.05805298089478278,-13.893903246931329,-0.06081967357730821,1.0736554514743069,102.25270818385216,7.061495124524239e-05,1.8858167169484894e-05,1.0,1.0,0.0,564.7410828687167,0.0,1.0,86.82693283065792,0.0,0.0,1.0
frame_1450.jpg,frame_1450,1450,D:\visualization2026\visualization\left_downsample2_Q13\frame_1450.jpg,D:\visualization2026\visualization\right_downsample2_Q13\frame_1450.jpg,D:\visualization2026\dowsample2_Q13\stitched_frames\frame_1450.jpg,D:\visualization2026\dowsample2_Q13_hess_matched\stitched_frames\frame_1450.jpg,2124,1381,0.01006021699712778,-0.0062358156882925675,25.3984089823789,-33.486646894638255,59.38563476264403,-46.554118065339594,-33.987225780265135,13.067471170701339,36.41277686521353,-16.993612890132567,6.533735585350669,16.993612890132567,-6.533735585350669,0,0,36.41277686521353,791.1769502160284,521.9971803595221,731.7913154533844,568.5512984248617,11,12,1.1286154162849484,0.03109441485259452,-16.88374262800164,-0.0641525503671628,1.0739080152206764,109.59523386913165,7.431454276652665e-05,6.520858846576163e-06,1.0,1.0,0.0,540.9936128901326,0.0,1.0,90.46626441464933,0.0,0.0,1.0
frame_1452.jpg,frame_1452,1452,D:\visualization2026\visualization\left_downsample2_Q13\frame_1452.jpg,D:\visualization2026\visualization\right_downsample2_Q13\frame_1452.jpg,D:\visualization2026\dowsample2_Q13\stitched_frames\frame_1452.jpg,D:\visualization2026\dowsample2_Q13_hess_matched\stitched_frames\frame_1452.jpg,2094,1375,0.01004581992646375,-0.006346431582225476,25.36901952890439,-33.404783996708474,77.46724562508541,-34.12222474804605,-52.09822609618102,0.7174407513375769,52.10316577330476,-26.04911304809051,0.35872037566878845,26.04911304809051,-0.35872037566878845,0,0,52.10316577330476,771.4867439854505,550.7778018406271,694.0194983603651,584.9000265886732,12,12,1.0578241813907219,0.08290616059049485,-25.716350522070435,-0.09419176611106592,1.0652199863863137,151.23669039905224,3.733746816391886e-05,3.276455942085426e-05,1.0,1.0,0.0,520.0491130480905,0.0,1.0,112.64127962433122,0.0,0.0,1.0
frame_1454.jpg,frame_1454,1454,D:\visualization2026\visualization\left_downsample2_Q13\frame_1454.jpg,D:\visualization2026\visualization\right_downsample2_Q13\frame_1454.jpg,D:\visualization2026\dowsample2_Q13\stitched_frames\frame_1454.jpg,D:\visualization2026\dowsample2_Q13_hess_matched\stitched_frames\frame_1454.jpg,2094,1375,0.01004322029147292,-0.006526872697090624,25.373052942503023,-33.34444132548107,74.95686546539491,-33.19888920800122,-49.58381252289189,-0.14555211747985197,49.584026154843386,-24.791906261445945,-0.07277605873992599,24.791906261445945,0.07277605873992599,0,0,49.584026154843386,766.6760978391954,551.1188412884526,691.7192323738005,584.3177304964538,12,12,1.0578711223090937,0.08294735241696018,-24.45914373542587,-0.09420787709544849,1.0652058485957485,150.80519396464354,3.733746816391886e-05,3.276455942085426e-05,1.0,1.0,0.0,518.791906261446,0.0,1.0,113.07277605873992,0.0,0.0,1.0
frame_1456.jpg,frame_1456,1456,D:\visualization2026\visualization\left_downsample2_Q13\frame_1456.jpg,D:\visualization2026\visualization\right_downsample2_Q13\frame_1456.jpg,D:\visualization2026\dowsample2_Q13\stitched_frames\frame_1456.jpg,D:\visualization2026\dowsample2_Q13_hess_matched\stitched_frames\frame_1456.jpg,2119,1369,0.010029553579715689,-0.006754001086718309,25.352262759413826,-33.2320571027805,53.74326509838875,-28.52664374672213,-28.39100233897492,-4.705413356058372,28.778289189301226,-14.19550116948746,-2.352706678029186,14.19550116948746,2.352706678029186,0,0,28.778289189301226,765.0705266260198,540.8410964855905,711.3272615276311,569.3677402323126,12,12,1.0753749184564276,0.07944421783041354,-13.93129771902058,-0.08364960252931651,1.069954473834234,130.85599453601327,4.7328901903301905e-05,2.9617843163264134e-05,1.0,1.0,0.0,533.1955011694874,0.0,1.0,100.3527066780292,0.0,0.0,1.0
frame_1458.jpg,frame_1458,1458,D:\visualization2026\visualization\left_downsample2_Q13\frame_1458.jpg,D:\visualization2026\visualization\right_downsample2_Q13\frame_1458.jpg,D:\visualization2026\dowsample2_Q13\stitched_frames\frame_1458.jpg,D:\visualization2026\dowsample2_Q13_hess_matched\stitched_frames\frame_1458.jpg,2140,1376,0.010000575924365818,-0.006933294713079241,25.29058611337381,-33.0795955040314,55.259861463736115,-28.337785334985824,-29.969275350362306,-4.7418101690455785,30.342086755941782,-14.984637675181153,-2.3709050845227893,14.984637675181153,2.3709050845227893,0,0,30.342086755941782,782.1371460590364,539.094068450915,726.8772845953002,567.4318537859008,12,12,1.1170551260011334,0.08188595028639338,-15.295063299021427,-0.07624726926668936,1.0933195953841335,119.39816672315828,6.213735449726484e-05,3.4702863619969274e-05,1.0,1.0,0.0,554.9846376751811,0.0,1.0,98.37090508452279,0.0,0.0,1.0
frame_1460.jpg,frame_1460,1460,D:\visualization2026\visualization\left_downsample2_Q13\frame_1460.jpg,D:\visualization2026\visualization\right_downsample2_Q13\frame_1460.jpg,D:\visualization2026\dowsample2_Q13\stitched_frames\frame_1460.jpg,D:\visualization2026\dowsample2_Q13_hess_matched\stitched_frames\frame_1460.jpg,2121,1379,0.00996056945112156,-0.007053306098299905,25.19801301612738,-32.90531395763058,58.089043868444264,-27.299081988066405,-32.89103085231689,-5.606231969564178,33.365397456416204,-16.445515426158444,-2.803115984782089,16.445515426158444,2.803115984782089,0,0,33.365397456416204,755.689163007241,553.283251430366,697.6001191387967,580.5823334184324,11,12,1.0763326894252154,0.08721349049774922,-16.453828039500685,-0.09041707188230842,1.084149327549288,141.48732151757096,4.3093925785032784e-05,3.99137078230037e-05,1.0,1.0,0.0,537.4455154261584,0.0,1.0,111.8031159847821,0.0,0.0,1.0
frame_1462.jpg,frame_1462,1462,D:\visualization2026\visualization\left_downsample2_Q13\frame_1462.jpg,D:\visualization2026\visualization\right_downsample2_Q13\frame_1462.jpg,D:\visualization2026\dowsample2_Q13\stitched_frames\frame_1462.jpg,D:\visualization2026\dowsample2_Q13_hess_matched\stitched_frames\frame_1462.jpg,2121,1379,0.00991026945107315,-0.0071215007841127775,25.076807822671306,-32.70966971078744,44.234518553448765,-26.88065794162742,-19.15771073077746,-5.829011769160019,20.024866008269615,-9.57885536538873,-2.9145058845800094,9.57885536538873,2.9145058845800094,0,0,20.024866008269615,755.5491789668584,553.3376849452928,711.3146604134097,580.2183428869203,12,12,1.0766286007642654,0.08748756436113468,-9.587167978730971,-0.09042187211038352,1.084144881565373,141.37593161777306,4.3093925785032784e-05,3.99137078230037e-05,1.0,1.0,0.0,530.5788553653887,0.0,1.0,111.91450588458001,0.0,0.0,1.0
frame_1464.jpg,frame_1464,1464,D:\visualization2026\visualization\left_downsample2_Q13\frame_1464.jpg,D:\visualization2026\visualization\right_downsample2_Q13\frame_1464.jpg,D:\visualization2026\dowsample2_Q13\stitched_frames\frame_1464.jpg,D:\visualization2026\dowsample2_Q13_hess_matched\stitched_frames\frame_1464.jpg,2105,1428,0.009829825406278914,-0.007145002118207566,24.87798596294001,-32.42107189295397,46.46401378707799,-28.191655196935585,-21.58602782413798,-4.229416696018383,21.99646705298417,-10.79301391206899,-2.1147083480091915,10.79301391206899,2.1147083480091915,0,0,21.99646705298417,735.7404640035282,615.2509422056618,689.2764502164503,643.4425974025974,11,12,1.0209189889345616,0.11551492702020238,-10.482170308677201,-0.13553743035546206,1.1167452776282965,214.78184342494396,-1.8061531599018724e-07,7.553323624865224e-05,1.0,1.0,0.0,515.793013912069,0.0,1.0,174.1147083480092,0.0,0.0,1.0
frame_1466.jpg,frame_1466,1466,D:\visualization2026\visualization\left_downsample2_Q13\frame_1466.jpg,D:\visualization2026\visualization\right_downsample2_Q13\frame_1466.jpg,D:\visualization2026\dowsample2_Q13\stitched_frames\frame_1466.jpg,D:\visualization2026\dowsample2_Q13_hess_matched\stitched_frames\frame_1466.jpg,2169,1375,0.00974035882515023,-0.0072084443827059586,24.65903578883658,-32.08951330867907,25.49232907465671,-23.103357999192212,-0.8332932858201296,-8.986155309486854,9.024708579583702,-0.4166466429100648,-4.493077654743427,0.4166466429100648,4.493077654743427,0,0,9.024708579583702,768.9597766597514,534.3275901376383,743.4674475850946,557.4309481368305,10,12,1.1455772603810712,0.07874713375932652,-0.15968006708960836,-0.06596505254814325,1.1074459949737065,100.3736180206052,7.407855860283355e-05,3.581315104608743e-05,1.0,1.0,0.0,569.4166466429101,0.0,1.0,89.49307765474343,0.0,0.0,1.0
frame_1468.jpg,frame_1468,1468,D:\visualization2026\visualization\left_downsample2_Q13\frame_1468.jpg,D:\visualization2026\visualization\right_downsample2_Q13\frame_1468.jpg,D:\visualization2026\dowsample2_Q13\stitched_frames\frame_1468.jpg,D:\visualization2026\dowsample2_Q13_hess_matched\stitched_frames\frame_1468.jpg,2181,1365,0.009671550235081317,-0.00739536475484992,24.498681420771856,-31.795294300893907,43.52451986426172,-23.327287470018973,-19.025838443489864,-8.468006830874934,20.825217121689782,-9.512919221744932,-4.234003415437467,9.512919221744932,4.234003415437467,0,0,20.825217121689782,793.4037179897499,512.9536289579946,749.8791981254882,536.2809164280136,12,12,1.1828707220576482,0.060670161856091,-9.689234184719448,-0.0475054786830177,1.1020512605281851,70.77170929171128,9.62833456220912e-05,1.9982270454947435e-05,1.0,1.0,0.0,590.5129192217449,0.0,1.0,68.23400341543747,0.0,0.0,1.0
frame_1470.jpg,frame_1470,1470,D:\visualization2026\visualization\left_downsample2_Q13\frame_1470.jpg,D:\visualization2026\visualization\right_downsample2_Q13\frame_1470.jpg,D:\visualization2026\dowsample2_Q13\stitched_frames\frame_1470.jpg,D:\visualization2026\dowsample2_Q13_hess_matched\stitched_frames\frame_1470.jpg,2176,1362,0.009599019001004183,-0.007551172914882387,24.327252114088452,-31.496862441806886,34.130231770797764,-24.629714490769743,-9.802979656709311,-6.867147951037143,11.968965332529384,-4.901489828354656,-3.4335739755185717,4.901489828354656,3.4335739755185717,0,0,11.968965332529384,788.8552652379999,516.7997366471151,754.7250334672021,541.4294511378848,12,12,1.1680358517086125,0.0689083199784071,-4.494145700852513,-0.05018416329067063,1.101619367874168,75.91723926601448,8.880749803693853e-05,2.4177524271842887e-05,1.0,1.0,0.0,580.9014898283547,0.0,1.0,73.43357397551857,0.0,0.0,1.0
frame_1472.jpg,frame_1472,1472,D:\visualization2026\visualization\left_downsample2_Q13\frame_1472.jpg,D:\visualization2026\visualization\right_downsample2_Q13\frame_1472.jpg,D:\visualization2026\dowsample2_Q13\stitched_frames\frame_1472.jpg,D:\visualization2026\dowsample2_Q13_hess_matched\stitched_frames\frame_1472.jpg,2113,1367,0.009520155960234533,-0.007594297613171763,24.133506874658174,-31.2082338427161,62.628090672024655,-21.320254075197113,-38.49458379736648,-9.887979767518988,39.74424644669131,-19.24729189868324,-4.943989883759494,19.24729189868324,4.943989883759494,0,0,39.74424644669131,743.8439602953215,546.4485588199849,681.2158696232968,567.768812895182,12,12,1.074834697816963,0.08604553569958033,-19.60246053708104,-0.08489037229246481,1.0727957165064206,130.28744170999656,4.794705297907528e-05,3.402366382890356e-05,1.0,1.0,0.0,532.2472918986832,0.0,1.0,100.9439898837595,0.0,0.0,1.0
frame_1474.jpg,frame_1474,1474,D:\visualization2026\visualization\left_downsample2_Q13\frame_1474.jpg,D:\visualization2026\visualization\right_downsample2_Q13\frame_1474.jpg,D:\visualization2026\dowsample2_Q13\stitched_frames\frame_1474.jpg,D:\visualization2026\dowsample2_Q13_hess_matched\stitched_frames\frame_1474.jpg,2085,1348,0.009450618153102941,-0.0075097581265463065,23.95553720810493,-30.988533776468632,51.50606932953747,-24.77301290998662,-27.55053212143254,-6.215520866482013,28.242955224546872,-13.77526606071627,-3.1077604332410065,13.77526606071627,3.1077604332410065,0,0,28.242955224546872,727.6379724914225,533.1204134706456,676.131903161885,557.8934263806323,12,12,1.058320644586896,0.06512889348682825,-13.486606957581223,-0.08035307833878297,1.0410976831216852,125.57825402476767,4.783336573857676e-05,1.8596558953801903e-05,1.0,1.0,0.0,498.77526606071626,0.0,1.0,90.10776043324101,0.0,0.0,1.0
frame_1476.jpg,frame_1476,1476,D:\visualization2026\visualization\left_downsample2_Q13\frame_1476.jpg,D:\visualization2026\visualization\right_downsample2_Q13\frame_1476.jpg,D:\visualization2026\dowsample2_Q13\stitched_frames\frame_1476.jpg,D:\visualization2026\dowsample2_Q13_hess_matched\stitched_frames\frame_1476.jpg,2068,1361,0.009404996159671886,-0.0071413127393405995,23.82055842993262,-30.933257682281457,66.49232178912519,-32.85852438307961,-42.67176335919257,1.9252667007981543,42.715173417090696,-21.335881679596284,0.9626333503990772,21.335881679596284,-0.9626333503990772,0,0,42.715173417090696,719.6318670809261,526.4424065155956,653.1395452918009,559.3009308986752,12,12,1.084216250429121,0.028358617535622185,-20.939581742305833,-0.06533194705234265,1.064164662012758,105.919534841461,6.374533807917195e-05,1.2865494755917492e-05,1.0,1.0,0.0,489.3358816795963,0.0,1.0,87.03736664960093,0.0,0.0,1.0
frame_1478.jpg,frame_1478,1478,D:\visualization2026\visualization\left_downsample2_Q13\frame_1478.jpg,D:\visualization2026\visualization\right_downsample2_Q13\frame_1478.jpg,D:\visualization2026\dowsample2_Q13\stitched_frames\frame_1478.jpg,D:\visualization2026\dowsample2_Q13_hess_matched\stitched_frames\frame_1478.jpg,2156,1358,0.00936248260555922,-0.006553877183896439,23.68056864086731,-30.95105250713036,5.715301281916936,-39.830747947345,17.965267358950374,8.879695440214643,20.03995564839245,8.982633679475187,4.439847720107322,-8.982633679475187,-4.439847720107322,0,0,20.03995564839245,742.2910348267226,541.8968051410328,736.5757335448056,581.7275530883778,12,12,1.1062617910432715,0.08669819798831156,9.281611996423552,-0.06306589988985817,1.1220517111200485,105.42880112213201,5.7337000446980205e-05,5.483322389608521e-05,1.0,1.0,0.0,547.0173663205248,0.0,1.0,105.56015227989268,0.0,0.0,1.0
frame_1480.jpg,frame_1480,1480,D:\visualization2026\visualization\left_downsample2_Q13\frame_1480.jpg,D:\visualization2026\visualization\right_downsample2_Q13\frame_1480.jpg,D:\visualization2026\dowsample2_Q13\stitched_frames\frame_1480.jpg,D:\visualization2026\dowsample2_Q13_hess_matched\stitched_frames\frame_1480.jpg,2143,1326,0.009289955454752585,-0.00593039145499985,23.46378989827017,-30.873896906103294,9.555518539522154,-26.328009676453405,13.908271358748017,-4.545887229649889,14.63233074029098,6.954135679374009,-2.2729436148249444,-6.954135679374009,2.2729436148249444,0,0,14.63233074029098,728.0010993798869,504.5202814681813,718.4455808403648,530.8482911446347,12,12,1.1179366817106275,0.041964517760198605,6.601527714518216,-0.04535795520417854,1.0671807854260547,69.99439436495739,7.684910033936165e-05,1.7144664208255844e-05,1.0,1.0,0.0,536.045864320626,0.0,1.0,61.272943614824946,0.0,0.0,1.0
frame_1482.jpg,frame_1482,1482,D:\visualization2026\visualization\left_downsample2_Q13\frame_1482.jpg,D:\visualization2026\visualization\right_downsample2_Q13\frame_1482.jpg,D:\visualization2026\dowsample2_Q13\stitched_frames\frame_1482.jpg,D:\visualization2026\dowsample2_Q13_hess_matched\stitched_frames\frame_1482.jpg,2166,1329,0.009043867649226378,-0.005851318870588762,22.846783291119927,-30.03390538087711,7.116380585258639,-29.4399983853005,15.730402705861287,-0.5939069955766101,15.741610299075598,7.865201352930644,-0.29695349778830504,-7.865201352930644,0.29695349778830504,0,0,15.741610299075598,738.4479854595132,499.150616081902,731.3316048742546,528.5906144672025,12,12,1.1586937598006677,0.04662611349211821,8.067707056124522,-0.032582863112796005,1.0924628276132287,51.17221338538546,9.223111728936596e-05,2.103804257767319e-05,1.0,1.0,0.0,558.1347986470694,0.0,1.0,57.29695349778831,0.0,0.0,1.0
frame_1484.jpg,frame_1484,1484,D:\visualization2026\visualization\left_downsample2_Q13\frame_1484.jpg,D:\visualization2026\visualization\right_downsample2_Q13\frame_1484.jpg,D:\visualization2026\dowsample2_Q13\stitched_frames\frame_1484.jpg,D:\visualization2026\dowsample2_Q13_hess_matched\stitched_frames\frame_1484.jpg,2151,1357,0.008720373326789266,-0.006388790047108017,22.073032533261763,-28.74758111577125,24.697081477804886,-31.71796741009041,-2.624048944543123,2.970386294319159,3.963436337427029,-1.3120244722715615,1.4851931471595794,1.3120244722715615,-1.4851931471595794,0,0,3.963436337427029,735.8565017676599,538.1886348443379,711.159420289855,569.9066022544283,12,12,1.1014310748372105,0.07563996902645972,-0.9258748108137542,-0.06666984568778728,1.1057735785771292,108.5361020820402,5.648268180143566e-05,4.69552760237967e-05,1.0,1.0,0.0,552.3120244722716,0.0,1.0,95.51480685284042,0.0,0.0,1.0
frame_1486.jpg,frame_1486,1486,D:\visualization2026\visualization\left_downsample2_Q13\frame_1486.jpg,D:\visualization2026\visualization\right_downsample2_Q13\frame_1486.jpg,D:\visualization2026\dowsample2_Q13\stitched_frames\frame_1486.jpg,D:\visualization2026\dowsample2_Q13_hess_matched\stitched_frames\frame_1486.jpg,2158,1340,0.008549251214483577,-0.007253977969767456,21.697544150054657,-27.90221497499177,1.9756718803139393,-28.62142935910356,19.721872269740718,0.7192143841117868,19.734982015555047,9.860936134870359,0.3596071920558934,-9.860936134870359,-0.3596071920558934,0,0,19.734982015555047,742.6506096248888,517.2951483712416,740.6749377445749,545.9165777303451,12,12,1.1269151140497524,0.06557200938391503,9.613268136465068,-0.04975403831140902,1.0979376756188561,80.33189982508087,7.316697588859239e-05,3.5630455450652015e-05,1.0,1.0,0.0,548.1390638651296,0.0,1.0,75.64039280794411,0.0,0.0,1.0
frame_1488.jpg,frame_1488,1488,D:\visualization2026\visualization\left_downsample2_Q13\frame_1488.jpg,D:\visualization2026\visualization\right_downsample2_Q13\frame_1488.jpg,D:\visualization2026\dowsample2_Q13\stitched_frames\frame_1488.jpg,D:\visualization2026\dowsample2_Q13_hess_matched\stitched_frames\frame_1488.jpg,2167,1339,0.00864444447281082,-0.007756457749926726,21.963685571256406,-28.093163249361627,1.9466217965428996,-30.997033908519256,20.017063774713506,2.9038706591576293,20.226598996521,10.008531887356753,1.4519353295788147,-10.008531887356753,-1.4519353295788147,0,0,20.226598996521,745.4391829017501,512.0104049862736,743.4925611052072,543.0074388947928,12,12,1.1435461528620892,0.06500758843025982,10.552888114062398,-0.043281041578559235,1.104467130202186,70.71381741920044,8.065556097741034e-05,3.460778680145611e-05,1.0,1.0,0.0,556.9914681126432,0.0,1.0,70.54806467042118,0.0,0.0,1.0
frame_1490.jpg,frame_1490,1490,D:\visualization2026\visualization\left_downsample2_Q13\frame_1490.jpg,D:\visualization2026\visualization\right_downsample2_Q13\frame_1490.jpg,D:\visualization2026\dowsample2_Q13\stitched_frames\frame_1490.jpg,D:\visualization2026\dowsample2_Q13_hess_matched\stitched_frames\frame_1490.jpg,2169,1337,0.008833023821445518,-0.0077784630453983095,22.434257311077747,-28.747812838330812,1.9145196493182084,-31.600361306648608,20.51973766175954,2.8525484683177957,20.717062206585545,10.25986883087977,1.4262742341588979,-10.25986883087977,-1.4262742341588979,0,0,20.717062206585545,742.4058732569508,509.3168377733412,740.4913536076326,540.9171990799898,12,12,1.1507109928940602,0.06418794522782564,10.003334595066677,-0.03955450065018324,1.1073237064034493,64.90010483561366,8.395877084233863e-05,3.441872898407816e-05,1.0,1.0,0.0,558.7401311691202,0.0,1.0,68.5737257658411,0.0,0.0,1.0
frame_1492.jpg,frame_1492,1492,D:\visualization2026\visualization\left_downsample2_Q13\frame_1492.jpg,D:\visualization2026\visualization\right_downsample2_Q13\frame_1492.jpg,D:\visualization2026\dowsample2_Q13\stitched_frames\frame_1492.jpg,D:\visualization2026\dowsample2_Q13_hess_matched\stitched_frames\frame_1492.jpg,2160,1381,0.008902587430913489,-0.007718262602259274,22.60386645271563,-29.008698789116163,-0.573216346238496,-31.301058595932204,23.177082798954125,2.292359806816041,23.29017132941449,11.588541399477062,1.1461799034080205,-11.588541399477062,-1.1461799034080205,0,0,23.29017132941449,726.2456731192519,571.7958969480914,726.8188894654904,603.0969555440236,12,12,1.0842109291072854,0.11279163806203701,11.810415530368655,-0.08589186035087824,1.1412023020269462,138.99814009604842,3.538905968122113e-05,7.601982057319161e-05,1.0,1.0,0.0,548.4114586005229,0.0,1.0,130.853820096592,0.0,0.0,1.0
frame_1494.jpg,frame_1494,1494,D:\visualization2026\visualization\left_downsample2_Q13\frame_1494.jpg,D:\visualization2026\visualization\right_downsample2_Q13\frame_1494.jpg,D:\visualization2026\dowsample2_Q13\stitched_frames\frame_1494.jpg,D:\visualization2026\dowsample2_Q13_hess_matched\stitched_frames\frame_1494.jpg,2159,1351,0.008776937852851496,-0.007743280665315155,22.292636223775602,-28.56124247291176,4.199844169515586,-29.44305843730899,18.092792054260016,0.8818159643972301,18.114268511694316,9.046396027130008,0.44090798219861504,-9.046396027130008,-0.44090798219861504,0,0,18.114268511694316,723.1468980415694,531.8451570509064,718.9470538720539,561.2882154882154,12,12,1.1161676436731869,0.07851768909139094,9.088989404170142,-0.05926098217114311,1.1100607107314637,95.1271027452623,6.355862340165761e-05,4.6953327359064365e-05,1.0,1.0,0.0,549.95360397287,0.0,1.0,89.55909201780139,0.0,0.0,1.0
frame_1496.jpg,frame_1496,1496,D:\visualization2026\visualization\left_downsample2_Q13\frame_1496.jpg,D:\visualization2026\visualization\right_downsample2_Q13\frame_1496.jpg,D:\visualization2026\dowsample2_Q13\stitched_frames\frame_1496.jpg,D:\visualization2026\dowsample2_Q13_hess_matched\stitched_frames\frame_1496.jpg,2200,1330,0.008577564046179764,-0.0077714794136561904,21.79812401228855,-27.854508252518468,-7.599063500724355,-30.065125608511607,29.397187513012906,2.21061735599314,29.480187631184776,14.698593756506453,1.10530867799657,-14.698593756506453,-1.10530867799657,0,0,29.480187631184776,749.1267514309266,513.9264621938017,756.7258149316509,543.9915878023133,12,12,1.1636292010885274,0.10790078517078651,14.592476602247471,-0.04085653644454544,1.1215406822542158,66.83526446425434,8.334644993842754e-05,5.0783440309080684e-05,1.0,1.0,0.0,585.3014062434936,0.0,1.0,70.89469132200342,0.0,0.0,1.0
frame_1498.jpg,frame_1498,1498,D:\visualization2026\visualization\left_downsample2_Q13\frame_1498.jpg,D:\visualization2026\visualization\right_downsample2_Q13\frame_1498.jpg,D:\visualization2026\dowsample2_Q13\stitched_frames\frame_1498.jpg,D:\visualization2026\dowsample2_Q13_hess_matched\stitched_frames\frame_1498.jpg,2200,1330,0.00838770524632898,-0.00783871021258331,21.32956236028397,-27.170038218686937,-8.412940210384818,-29.178830773425034,29.742502570668787,2.008792554738097,29.810261768293998,14.871251285334393,1.0043962773690485,-14.871251285334393,-1.0043962773690485,0,0,29.810261768293998,739.0202358902442,514.3504319798942,747.433176100629,543.5292627533192,12,12,1.1636435914806103,0.10790955331409566,14.765134131075412,-0.04086494713489251,1.121535557575342,66.73435206362682,8.334644993842754e-05,5.0783440309080684e-05,1.0,1.0,0.0,585.1287487146656,0.0,1.0,70.99560372263095,0.0,0.0,1.0
frame_1500.jpg,frame_1500,1500,D:\visualization2026\visualization\left_downsample2_Q13\frame_1500.jpg,D:\visualization2026\visualization\right_downsample2_Q13\frame_1500.jpg,D:\visualization2026\dowsample2_Q13\stitched_frames\frame_1500.jpg,D:\visualization2026\dowsample2_Q13_hess_matched\stitched_frames\frame_1500.jpg,2138,1368,0.00822084804168699,-0.007881026890145804,20.916791390937657,-26.573253625605854,15.182692351890068,-38.388613134098705,5.734099039047589,11.81535950849285,13.133263574014606,2.8670495195237944,5.907679754246425,-2.8670495195237944,-5.907679754246425,0,0,13.133263574014606,706.5774060856448,557.7567152817776,691.3947137337548,596.1453284158763,12,12,1.0968800242536993,0.10875289217974377,2.721112352327287,-0.07771626715447469,1.1272830366710571,130.13605427989472,4.8577340052553444e-05,6.59540660451339e-05,1.0,1.0,0.0,535.1329504804762,0.0,1.0,117.09232024575357,0.0,0.0,1.0
frame_1502.jpg,frame_1502,1502,D:\visualization2026\visualization\left_downsample2_Q13\frame_1502.jpg,D:\visualization2026\visualization\right_downsample2_Q13\frame_1502.jpg,D:\visualization2026\dowsample2_Q13\stitched_frames\frame_1502.jpg,D:\visualization2026\dowsample2_Q13_hess_matched\stitched_frames\frame_1502.jpg,2118,1348,0.008045707329281504,-0.007857383970164222,20.479567175193562,-25.966166208389858,44.952146078473675,-39.096542386070155,-24.472578903280112,13.130376177680297,27.772538536199118,-12.236289451640056,6.565188088840149,12.236289451640056,-6.565188088840149,0,0,27.772538536199118,711.703799080325,533.8741003010497,666.7516530018513,572.9706426871198,12,12,1.0819983882858308,0.08013008461189311,-12.402541723138762,-0.07204107228971836,1.0851732313774034,122.3870817276885,5.3028524146486076e-05,4.297704505421897e-05,1.0,1.0,0.0,530.23628945164,0.0,1.0,93.43481191115985,0.0,0.0,1.0
frame_1504.jpg,frame_1504,1504,D:\visualization2026\visualization\left_downsample2_Q13\frame_1504.jpg,D:\visualization2026\visualization\right_downsample2_Q13\frame_1504.jpg,D:\visualization2026\dowsample2_Q13\stitched_frames\frame_1504.jpg,D:\visualization2026\dowsample2_Q13_hess_matched\stitched_frames\frame_1504.jpg,2154,1338,0.007908325122520654,-0.007891981993191188,20.139697214901528,-25.4748715780036,22.036744087647662,-48.83499681552246,-1.8970468727461345,23.360125237518858,23.4370270714944,-0.9485234363730672,11.680062618759429,0.9485234363730672,-11.680062618759429,0,0,23.4370270714944,744.0698986899712,505.3084348198663,722.0331546023235,554.1434316353888,12,12,1.1625732752645153,0.07591873962049323,-0.9557498984661255,-0.037191800847577866,1.1142456660098568,73.03365550331108,9.130005907842506e-05,3.7386253169041345e-05,1.0,1.0,0.0,554.9485234363731,0.0,1.0,66.31993738124058,0.0,0.0,1.0
frame_1506.jpg,frame_1506,1506,D:\visualization2026\visualization\left_downsample2_Q13\frame_1506.jpg,D:\visualization2026\visualization\right_downsample2_Q13\frame_1506.jpg,D:\visualization2026\dowsample2_Q13\stitched_frames\frame_1506.jpg,D:\visualization2026\dowsample2_Q13_hess_matched\stitched_frames\frame_1506.jpg,2141,1343,0.00783977608496772,-0.008054241903470816,19.978553371284335,-25.188563952184833,21.45232581243397,-47.104623952547286,-1.4737724411496345,21.916060000362453,21.965556927785354,-0.7368862205748172,10.958030000181227,0.7368862205748172,-10.958030000181227,0,0,21.965556927785354,726.946540688467,517.1334844037428,705.4942148760331,564.2381083562901,12,12,1.131520686770458,0.07753702629675661,-0.8450198245604241,-0.05095229957080042,1.1022043113100741,94.30763442289607,7.606265626511387e-05,3.9022710430999836e-05,1.0,1.0,0.0,541.7368862205748,0.0,1.0,76.04196999981878,0.0,0.0,1.0
frame_1508.jpg,frame_1508,1508,D:\visualization2026\visualization\left_downsample2_Q13\frame_1508.jpg,D:\visualization2026\visualization\right_downsample2_Q13\frame_1508.jpg,D:\visualization2026\dowsample2_Q13\stitched_frames\frame_1508.jpg,D:\visualization2026\dowsample2_Q13_hess_matched\stitched_frames\frame_1508.jpg,2118,1333,0.0078015339966407415,-0.008271547938160762,19.8960341851245,-24.992841391023685,26.537923631191347,-42.26817695168859,-6.641889446066848,17.275335560664903,18.508158043072456,-3.320944723033424,8.637667780332452,3.320944723033424,-8.637667780332452,0,0,18.508158043072456,703.6515201224194,511.50884059217094,677.113596491228,553.7770175438595,12,12,1.1032572013985824,0.05780925650707175,-3.3269493296646466,-0.05582985052086167,1.068446935970386,98.36236438995034,7.010840739577239e-05,2.4368692280837854e-05,1.0,1.0,0.0,521.3209447230334,0.0,1.0,68.36233221966755,0.0,0.0,1.0
frame_1510.jpg,frame_1510,1510,D:\visualization2026\visualization\left_downsample2_Q13\frame_1510.jpg,D:\visualization2026\visualization\right_downsample2_Q13\frame_1510.jpg,D:\visualization2026\dowsample2_Q13\stitched_frames\frame_1510.jpg,D:\visualization2026\dowsample2_Q13_hess_matched\stitched_frames\frame_1510.jpg,2113,1350,0.007737352970043909,-0.0084749977256392,19.74815789486841,-24.710147064235933,25.435020284070447,-40.80920981399936,-5.686862389202037,16.099062749763426,17.073963372765594,-2.8434311946010187,8.049531374881713,2.8434311946010187,-8.049531374881713,0,0,17.073963372765594,692.2592770586035,539.7708129870178,666.8242567745331,580.5800228010172,12,12,1.069402868523987,0.07935287228359325,-2.694790158782732,-0.07866544265382938,1.0761676963348428,134.66191271879313,4.604126613936492e-05,4.202524300884995e-05,1.0,1.0,0.0,515.8434311946011,0.0,1.0,94.95046862511829,0.0,0.0,1.0
frame_1512.jpg,frame_1512,1512,D:\visualization2026\visualization\left_downsample2_Q13\frame_1512.jpg,D:\visualization2026\visualization\right_downsample2_Q13\frame_1512.jpg,D:\visualization2026\dowsample2_Q13\stitched_frames\frame_1512.jpg,D:\visualization2026\dowsample2_Q13_hess_matched\stitched_frames\frame_1512.jpg,2137,1322,0.007591603066318342,-0.008671466204538514,19.396886259495457,-24.143567639307637,26.286552671531695,-45.39589295135636,-6.889666412036238,21.252325312048722,22.34119142835241,-3.444833206018119,10.626162656024361,3.444833206018119,-10.626162656024361,0,0,22.34119142835241,712.8842256103554,490.8848088030296,686.5976729388237,536.280701754386,12,12,1.1490807384685093,0.05063412262507,-3.670568443288106,-0.034445855740013825,1.075246821392614,67.64628094700953,9.495146402151031e-05,1.5714069366422724e-05,1.0,1.0,0.0,540.4448332060181,0.0,1.0,47.37383734397564,0.0,0.0,1.0
frame_1514.jpg,frame_1514,1514,D:\visualization2026\visualization\left_downsample2_Q13\frame_1514.jpg,D:\visualization2026\visualization\right_downsample2_Q13\frame_1514.jpg,D:\visualization2026\dowsample2_Q13\stitched_frames\frame_1514.jpg,D:\visualization2026\dowsample2_Q13_hess_matched\stitched_frames\frame_1514.jpg,2131,1320,0.0073866109014803505,-0.008885081488259838,18.899184789295088,-23.364498641682502,25.540515013141658,-38.11723550969742,-6.64133022384657,14.752736868014921,16.178705518027844,-3.320665111923285,7.3763684340074605,3.320665111923285,-7.3763684340074605,0,0,16.178705518027844,697.9058589284856,477.0202424444471,672.3653439153439,515.1374779541445,12,12,1.1610457377156358,0.027452369158069017,-2.9048982879548877,-0.026617463235511906,1.0603893574162437,50.78427631317549,0.0001087359555867139,-2.36638923018453e-06,1.0,1.0,0.0,534.3206651119233,0.0,1.0,30.62363156599254,0.0,0.0,1.0
frame_1516.jpg,frame_1516,1516,D:\visualization2026\visualization\left_downsample2_Q13\frame_1516.jpg,D:\visualization2026\visualization\right_downsample2_Q13\frame_1516.jpg,D:\visualization2026\dowsample2_Q13\stitched_frames\frame_1516.jpg,D:\visualization2026\dowsample2_Q13_hess_matched\stitched_frames\frame_1516.jpg,2131,1310,0.007210242425533586,-0.008925052008620149,18.462607896443544,-22.735046867498088,-6.722883305676078,-35.43544585787839,25.18549120211962,12.700398990380304,28.20654359553644,12.59274560105981,6.350199495190152,-12.59274560105981,-6.350199495190152,0,0,28.20654359553644,693.620259055435,478.1348666421216,700.3431423611111,513.5703125,12,12,1.1481975104167443,0.033769623645538586,12.21632531927795,-0.031679423728415854,1.0476744003174248,58.30771792668952,0.00010188326215840277,-6.691958829400663e-07,1.0,1.0,0.0,518.4072543989402,0.0,1.0,26.649800504809846,0.0,0.0,1.0
frame_1518.jpg,frame_1518,1518,D:\visualization2026\visualization\left_downsample2_Q13\frame_1518.jpg,D:\visualization2026\visualization\right_downsample2_Q13\frame_1518.jpg,D:\visualization2026\dowsample2_Q13\stitched_frames\frame_1518.jpg,D:\visualization2026\dowsample2_Q13_hess_matched\stitched_frames\frame_1518.jpg,2153,1351,0.007138369524780919,-0.008680227947271524,18.26949768334356,-22.552672193105597,-10.817497356375952,-35.86895433612142,29.08699503971951,13.316282143015822,31.990258682184326,14.543497519859756,6.658141071507911,-14.543497519859756,-6.658141071507911,0,0,31.990258682184326,705.433195644317,520.1805952134281,716.250693000693,556.0495495495495,12,12,1.1435674225579606,0.09156814997580773,14.308830513831339,-0.05164824754772394,1.1138380641342929,89.70771526283475,8.379174192077545e-05,4.2369279665734514e-05,1.0,1.0,0.0,538.4565024801402,0.0,1.0,68.34185892849209,0.0,0.0,1.0
frame_1520.jpg,frame_1520,1520,D:\visualization2026\visualization\left_downsample2_Q13\frame_1520.jpg,D:\visualization2026\visualization\right_downsample2_Q13\frame_1520.jpg,D:\visualization2026\dowsample2_Q13\stitched_frames\frame_1520.jpg,D:\visualization2026\dowsample2_Q13_hess_matched\stitched_frames\frame_1520.jpg,2120,1335,0.0071316699501356995,-0.008374327557408856,18.235020149422137,-22.61604591607143,-3.212801990702701,-30.554758238658223,21.44782214012484,7.938712322586792,22.869897854936312,10.72391107006242,3.969356161293396,-10.72391107006242,-3.969356161293396,0,0,22.869897854936312,670.6962558815603,513.201578637875,673.909057872263,543.7563368765332,12,12,1.100541871658278,0.06454348936399262,10.794958825673367,-0.05796985849093578,1.0648581098032186,96.6316447322364,7.372779272784945e-05,2.241123164511596e-05,1.0,1.0,0.0,509.2760889299376,0.0,1.0,58.0306438387066,0.0,0.0,1.0
frame_1522.jpg,frame_1522,1522,D:\visualization2026\visualization\left_downsample2_Q13\frame_1522.jpg,D:\visualization2026\visualization\right_downsample2_Q13\frame_1522.jpg,D:\visualization2026\dowsample2_Q13\stitched_frames\frame_1522.jpg,D:\visualization2026\dowsample2_Q13_hess_matched\stitched_frames\frame_1522.jpg,2133,1357,0.007091084834078609,-0.008199527919912741,18.12384728827642,-22.523441022649372,16.421714383061158,-37.43635335825263,1.7021329052152616,14.91291233560326,15.009737198112578,0.8510664526076308,7.45645616780163,-0.8510664526076308,-7.45645616780163,0,0,15.009737198112578,703.1547718067549,537.4191389680105,686.7330574236937,574.8554923262632,12,12,1.0956607780997392,0.10154075539973614,0.9303979193672713,-0.071721325223299,1.10786867464152,122.86713189560199,5.939326001333675e-05,5.3920071348141214e-05,1.0,1.0,0.0,532.1489335473924,0.0,1.0,85.54354383219837,0.0,0.0,1.0
frame_1524.jpg,frame_1524,1524,D:\visualization2026\visualization\left_downsample2_Q13\frame_1524.jpg,D:\visualization2026\visualization\right_downsample2_Q13\frame_1524.jpg,D:\visualization2026\dowsample2_Q13\stitched_frames\frame_1524.jpg,D:\visualization2026\dowsample2_Q13_hess_matched\stitched_frames\frame_1524.jpg,2163,1338,0.006990417915892944,-0.008265349101998165,17.877162878124576,-22.151954164482238,12.605700327942372,-41.905849165113125,5.271462550182203,19.753895000630887,20.445162878146103,2.6357312750911017,9.876947500315444,-2.6357312750911017,-9.876947500315444,0,0,20.445162878146103,725.7026069800091,492.40786558988276,713.0969066520668,534.3137147549959,12,12,1.1846862995637668,0.07090412095851445,2.54211524682435,-0.030350050824401127,1.106697276155122,60.39952118330949,0.00010954509533724027,2.514373357332997e-05,1.0,1.0,0.0,560.3642687249089,0.0,1.0,42.123052499684555,0.0,0.0,1.0
frame_1526.jpg,frame_1526,1526,D:\visualization2026\visualization\left_downsample2_Q13\frame_1526.jpg,D:\visualization2026\visualization\right_downsample2_Q13\frame_1526.jpg,D:\visualization2026\dowsample2_Q13\stitched_frames\frame_1526.jpg,D:\visualization2026\dowsample2_Q13_hess_matched\stitched_frames\frame_1526.jpg,2169,1340,0.006964473528817905,-0.008392623459804627,17.8200068654776,-22.024892627387324,13.421484461322962,-45.3805663208683,4.398522404154637,23.355673693480973,23.766246927443326,2.1992612020773183,11.677836846740487,-2.1992612020773183,-11.677836846740487,0,0,23.766246927443326,727.0766075038285,494.15929945094376,713.6551230425056,539.5398657718121,12,12,1.1932435229350467,0.0802285584995539,2.546648561525908,-0.027690121986333714,1.1221488009813119,57.48433997799961,0.00011118038219909283,3.214474712207949e-05,1.0,1.0,0.0,566.8007387979227,0.0,1.0,45.32216315325951,0.0,0.0,1.0
frame_1528.jpg,frame_1528,1528,D:\visualization2026\visualization\left_downsample2_Q13\frame_1528.jpg,D:\visualization2026\visualization\right_downsample2_Q13\frame_1528.jpg,D:\visualization2026\dowsample2_Q13\stitched_frames\frame_1528.jpg,D:\visualization2026\dowsample2_Q13_hess_matched\stitched_frames\frame_1528.jpg,2093,1318,0.006892861366946612,-0.008527302704615436,17.64963489440707,-21.7356808123613,54.955139792731075,-36.17885668170919,-37.305504898324,14.443175869347893,40.00382512850227,-18.652752449162,7.221587934673947,18.652752449162,-7.221587934673947,0,0,40.00382512850227,687.843425285361,484.1064635493054,632.88828549263,520.2853202310146,12,12,1.1298587420062112,0.0510083263806031,-18.48122300417368,-0.03722001846397117,1.0556594327690791,68.13676143762761,0.00010015665487208524,5.834865468827942e-06,1.0,1.0,0.0,511.652752449162,0.0,1.0,29.77841206532605,0.0,0.0,1.0
frame_1530.jpg,frame_1530,1530,D:\visualization2026\visualization\left_downsample2_Q13\frame_1530.jpg,D:\visualization2026\visualization\right_downsample2_Q13\frame_1530.jpg,D:\visualization2026\dowsample2_Q13\stitched_frames\frame_1530.jpg,D:\visualization2026\dowsample2_Q13_hess_matched\stitched_frames\frame_1530.jpg,2093,1327,0.006660971735272581,-0.008541926840405112,17.07341499876033,-20.91884542600138,36.40415304559701,-24.781450861344013,-19.330738046836682,3.8626054353426333,19.712867731118113,-9.665369023418341,1.9313027176713167,9.665369023418341,-1.9313027176713167,0,0,19.712867731118113,664.6461415054283,507.53075508628143,628.2419884598313,532.3122059476254,12,12,1.080626995955861,0.06148157693643055,-9.215049519931304,-0.059738031606706474,1.0508882325522777,97.45139857351134,7.175033576979915e-05,1.8382780451532344e-05,1.0,1.0,0.0,502.66536902341835,0.0,1.0,47.068697282328685,0.0,0.0,1.0
frame_1532.jpg,frame_1532,1532,D:\visualization2026\visualization\left_downsample2_Q13\frame_1532.jpg,D:\visualization2026\visualization\right_downsample2_Q13\frame_1532.jpg,D:\visualization2026\dowsample2_Q13\stitched_frames\frame_1532.jpg,D:\visualization2026\dowsample2_Q13_hess_matched\stitched_frames\frame_1532.jpg,2141,1323,0.0063410530275714305,-0.008172206251965575,16.255758346362313,-19.902627808521167,30.322493897771324,-35.138344873190476,-14.06673555140901,15.23571706466931,20.736444332332624,-7.033367775704505,7.617858532334655,7.033367775704505,-7.617858532334655,0,0,20.736444332332624,700.7497456298729,475.09149004255664,670.4272517321016,510.2298349157471,12,12,1.1853696201637807,0.0572279140887961,-7.322310164039891,-0.01805651054729814,1.0922988414659511,38.226940881181406,0.00012205803757820521,1.1282528946546548e-05,1.0,1.0,0.0,548.0333677757045,0.0,1.0,18.382141467665345,0.0,0.0,1.0
frame_1534.jpg,frame_1534,1534,D:\visualization2026\visualization\left_downsample2_Q13\frame_1534.jpg,D:\visualization2026\visualization\right_downsample2_Q13\frame_1534.jpg,D:\visualization2026\dowsample2_Q13\stitched_frames\frame_1534.jpg,D:\visualization2026\dowsample2_Q13_hess_matched\stitched_frames\frame_1534.jpg,2136,1314,0.006014631896446354,-0.0077486791407136435,15.418788163769763,-18.878898800397646,31.27601651917587,-32.81753443549826,-15.857228355406106,13.938635635100614,21.11249048510365,-7.928614177703053,6.969317817550307,7.928614177703053,-6.969317817550307,0,0,21.11249048510365,691.6423121443377,466.8990071125214,660.3662956251618,499.7165415480197,12,12,1.1832934174509435,0.045415750157791285,-7.89726744216071,-0.015420344015065701,1.0758549997692386,33.051444284664946,0.00012429234315057536,2.1102462577206583e-06,1.0,1.0,0.0,543.928614177703,0.0,1.0,9.030682182449693,0.0,0.0,1.0
frame_1536.jpg,frame_1536,1536,D:\visualization2026\visualization\left_downsample2_Q13\frame_1536.jpg,D:\visualization2026\visualization\right_downsample2_Q13\frame_1536.jpg,D:\visualization2026\dowsample2_Q13\stitched_frames\frame_1536.jpg,D:\visualization2026\dowsample2_Q13_hess_matched\stitched_frames\frame_1536.jpg,2103,1321,0.0057866091307002265,-0.007603479281294789,14.84288847443074,-18.120993497839837,36.69117593085434,-24.823778102169115,-21.848287456423602,6.702784604329278,22.853336435421205,-10.924143728211801,3.351392302164639,10.924143728211801,-3.351392302164639,0,0,22.853336435421205,656.0322591996048,491.978254103118,619.3410832687505,516.8020322052871,12,12,1.1131006113162556,0.05026676533758012,-10.80746801899336,-0.043870994812698946,1.0521867014313024,74.24956154196951,9.197960295212869e-05,7.721883373789441e-06,1.0,1.0,0.0,513.9241437282118,0.0,1.0,29.64860769783536,0.0,0.0,1.0
frame_1538.jpg,frame_1538,1538,D:\visualization2026\visualization\left_downsample2_Q13\frame_1538.jpg,D:\visualization2026\visualization\right_downsample2_Q13\frame_1538.jpg,D:\visualization2026\dowsample2_Q13\stitched_frames\frame_1538.jpg,D:\visualization2026\dowsample2_Q13_hess_matched\stitched_frames\frame_1538.jpg,2124,1312,0.005809649876834133,-0.007624078663378442,14.901425746479985,-18.19589367159329,35.732975539656195,-31.170003470456038,-20.831549793176208,12.974109798862749,24.54141381132159,-10.415774896588104,6.487054899431374,10.415774896588104,-6.487054899431374,0,0,24.54141381132159,687.7585761007643,468.77090482342436,652.0256005611081,499.9409082938804,12,12,1.1645101822480735,0.03928538555188,-10.285585379613835,-0.020312851313383177,1.061425427244836,40.714494124799955,0.00011856852835910904,-2.4558307414481053e-06,1.0,1.0,0.0,534.4157748965881,0.0,1.0,8.512945100568626,0.0,0.0,1.0
frame_1540.jpg,frame_1540,1540,D:\visualization2026\visualization\left_downsample2_Q13\frame_1540.jpg,D:\visualization2026\visualization\right_downsample2_Q13\frame_1540.jpg,D:\visualization2026\dowsample2_Q13\stitched_frames\frame_1540.jpg,D:\visualization2026\dowsample2_Q13_hess_matched\stitched_frames\frame_1540.jpg,2124,1312,0.005919104357964333,-0.007739153072839899,15.18050774127241,-18.546816532471926,36.89153053531754,-30.647488753067535,-21.711022794045135,12.100672220595609,24.855477846016996,-10.855511397022568,6.050336110297804,10.855511397022568,-6.050336110297804,0,0,24.855477846016996,680.2001756745624,469.42768637080053,643.3086451392448,500.07517512386806,12,12,1.1644580433383511,0.0392864654702959,-10.725321880048298,-0.020364632417517518,1.0614264997522638,40.27777533566639,0.00011856852835910904,-2.4558307414481053e-06,1.0,1.0,0.0,534.8555113970226,0.0,1.0,8.949663889702196,0.0,0.0,1.0
frame_1542.jpg,frame_1542,1542,D:\visualization2026\visualization\left_downsample2_Q13\frame_1542.jpg,D:\visualization2026\visualization\right_downsample2_Q13\frame_1542.jpg,D:\visualization2026\dowsample2_Q13\stitched_frames\frame_1542.jpg,D:\visualization2026\dowsample2_Q13_hess_matched\stitched_frames\frame_1542.jpg,2124,1312,0.005908600475177106,-0.007933430827332777,15.165676340955896,-18.454843954278406,-6.872492654144594,-40.116254637461225,22.03816899510049,21.66141068318282,30.901417531273793,11.019084497550246,10.83070534159141,-11.019084497550246,-10.83070534159141,0,0,30.901417531273793,680.1170175322446,469.5071523846454,686.9895101863892,509.6234070221066,12,12,1.167051681982021,0.03923274516524126,11.149274014524515,-0.01979783107274987,1.06141475997455,45.058144566959996,0.00011856852835910904,-2.4558307414481053e-06,1.0,1.0,0.0,512.9809155024498,0.0,1.0,4.169294658408591,0.0,0.0,1.0
frame_1544.jpg,frame_1544,1544,D:\visualization2026\visualization\left_downsample2_Q13\frame_1544.jpg,D:\visualization2026\visualization\right_downsample2_Q13\frame_1544.jpg,D:\visualization2026\dowsample2_Q13\stitched_frames\frame_1544.jpg,D:\visualization2026\dowsample2_Q13_hess_matched\stitched_frames\frame_1544.jpg,2144,1326,0.005704138969193806,-0.008253491197822926,14.675491191884142,-17.647412161760045,-19.83184121447539,-41.280750345681554,34.50733240635953,23.63333818392151,41.82452227484007,17.253666203179765,11.816669091960755,-17.253666203179765,-11.816669091960755,0,0,41.82452227484007,682.7936039422198,482.9802895403583,702.6254451566952,524.2610398860398,12,12,1.1735200553270848,0.058074225553537896,16.973069519634524,-0.02453010949194619,1.090437364372514,52.622376256798326,0.0001139078747387761,1.4810943597182748e-05,1.0,1.0,0.0,526.7463337968202,0.0,1.0,18.183330908039245,0.0,0.0,1.0
frame_1546.jpg,frame_1546,1546,D:\visualization2026\visualization\left_downsample2_Q13\frame_1546.jpg,D:\visualization2026\visualization\right_downsample2_Q13\frame_1546.jpg,D:\visualization2026\dowsample2_Q13\stitched_frames\frame_1546.jpg,D:\visualization2026\dowsample2_Q13_hess_matched\stitched_frames\frame_1546.jpg,2117,1330,0.005558256027138941,-0.008538795653624809,14.32905927157537,-17.055143628292278,-16.145005030918128,-35.434398830001555,30.474064302493495,18.379255201709277,35.58743622238143,15.237032151246748,9.189627600854639,-15.237032151246748,-9.189627600854639,0,0,35.58743622238143,650.8562678815055,517.0327600294689,667.0012729124236,552.4671588594705,12,12,1.0909755222721704,0.0839867389801178,14.89157644409391,-0.05817635577312975,1.075240215384202,102.68736347187118,7.065707853607441e-05,3.332421959476166e-05,1.0,1.0,0.0,501.76296784875325,0.0,1.0,47.810372399145365,0.0,0.0,1.0
frame_1548.jpg,frame_1548,1548,D:\visualization2026\visualization\left_downsample2_Q13\frame_1548.jpg,D:\visualization2026\visualization\right_downsample2_Q13\frame_1548.jpg,D:\visualization2026\dowsample2_Q13\stitched_frames\frame_1548.jpg,D:\visualization2026\dowsample2_Q13_hess_matched\stitched_frames\frame_1548.jpg,2088,1319,0.00550100113158114,-0.008619103130094063,14.191251445312119,-16.8316860318811,54.17768648582614,-4.890826675384346,-39.986435040514024,-11.940859356496755,41.73127255932754,-19.993217520257012,-5.970429678248378,19.993217520257012,5.970429678248378,0,0,41.73127255932754,690.681339116541,542.8595632121638,636.5036526307149,547.7503898875482,12,12,1.0634664097452233,0.06537701280157789,-20.11351708793392,-0.06292826183231706,1.0467520528740422,93.51385365523942,6.506616488948903e-05,2.2876197222406452e-05,1.0,1.0,0.0,507.993217520257,0.0,1.0,58.97042967824838,0.0,0.0,1.0
frame_1550.jpg,frame_1550,1550,D:\visualization2026\visualization\left_downsample2_Q13\frame_1550.jpg,D:\visualization2026\visualization\right_downsample2_Q13\frame_1550.jpg,D:\visualization2026\dowsample2_Q13\stitched_frames\frame_1550.jpg,D:\visualization2026\dowsample2_Q13_hess_matched\stitched_frames\frame_1550.jpg,2120,1318,0.005489792807329197,-0.00860615572714718,14.162605248502334,-16.796081309823734,48.88635226891461,-10.347699941024644,-34.723747020412276,-6.44838136879909,35.31742104705644,-17.361873510206138,-3.224190684399545,17.361873510206138,3.224190684399545,0,0,35.31742104705644,714.7619648502208,517.7936169974054,665.8756125813062,528.14131693843,12,12,1.1412180385995676,0.05296439539067668,-17.64291012004709,-0.03248888910571095,1.070765540976412,48.214711552187765,0.00010493133654393235,1.1481002476505868e-05,1.0,1.0,0.0,537.3618735102061,0.0,1.0,36.224190684399545,0.0,0.0,1.0
frame_1552.jpg,frame_1552,1552,D:\visualization2026\visualization\left_downsample2_Q13\frame_1552.jpg,D:\visualization2026\visualization\right_downsample2_Q13\frame_1552.jpg,D:\visualization2026\dowsample2_Q13\stitched_frames\frame_1552.jpg,D:\visualization2026\dowsample2_Q13_hess_matched\stitched_frames\frame_1552.jpg,2116,1321,0.005492913224641405,-0.00856351973773517,14.167888920799964,-16.819122636316777,50.09601846399153,-11.083106318165619,-35.92812954319156,-5.736016318151158,36.383133120643286,-17.96406477159578,-2.868008159075579,17.96406477159578,2.868008159075579,0,0,36.383133120643286,707.4241660453908,524.1139522553275,657.3281475813993,535.1970585734931,12,12,1.1286366236194176,0.057306313985583106,-17.496869562338837,-0.03646283327833907,1.0735844631764215,54.39428314922326,9.761648219037089e-05,1.5834408191155767e-05,1.0,1.0,0.0,533.9640647715958,0.0,1.0,42.86800815907558,0.0,0.0,1.0
frame_1554.jpg,frame_1554,1554,D:\visualization2026\visualization\left_downsample2_Q13\frame_1554.jpg,D:\visualization2026\visualization\right_downsample2_Q13\frame_1554.jpg,D:\visualization2026\dowsample2_Q13\stitched_frames\frame_1554.jpg,D:\visualization2026\dowsample2_Q13_hess_matched\stitched_frames\frame_1554.jpg,2159,1302,0.005515694993836584,-0.008497209254163862,14.220723035802903,-16.91779118371894,31.309670985455227,-8.896894139050232,-17.088947949652322,-8.020897044668708,18.87768342321434,-8.544473974826161,-4.010448522334354,8.544473974826161,4.010448522334354,0,0,18.87768342321434,726.3099328341067,521.4073739939689,695.0002618486515,530.3042681330191,12,12,1.152002876830063,0.09457358676304393,-8.742062909265456,-0.030153546811047593,1.087959950187006,43.41500619533504,0.00010142596395055687,3.2428636510668976e-05,1.0,1.0,0.0,567.5444739748261,0.0,1.0,38.01044852233436,0.0,0.0,1.0
frame_1556.jpg,frame_1556,1556,D:\visualization2026\visualization\left_downsample2_Q13\frame_1556.jpg,D:\visualization2026\visualization\right_downsample2_Q13\frame_1556.jpg,D:\visualization2026\dowsample2_Q13\stitched_frames\frame_1556.jpg,D:\visualization2026\dowsample2_Q13_hess_matched\stitched_frames\frame_1556.jpg,2032,1315,0.0056150935641004485,-0.008362454636568373,14.46023874581396,-17.30440498237469,83.20515637225424,-0.6513089709167161,-68.74491762644027,-16.653096011457976,70.73322632421693,-34.372458813220135,-8.326548005728988,34.372458813220135,8.326548005728988,0,0,70.73322632421693,646.9938148783747,554.2483496184745,563.7886585061204,554.8996585893913,12,12,1.0032890591882957,0.06392116838781195,-33.917323959024486,-0.08084446822826379,1.0115245355579014,120.55882080584635,4.6070175838428966e-05,1.7707861507699128e-05,1.0,1.0,0.0,466.37245881322013,0.0,1.0,67.326548005729,0.0,0.0,1.0
frame_1558.jpg,frame_1558,1558,D:\visualization2026\visualization\left_downsample2_Q13\frame_1558.jpg,D:\visualization2026\visualization\right_downsample2_Q13\frame_1558.jpg,D:\visualization2026\dowsample2_Q13\stitched_frames\frame_1558.jpg,D:\visualization2026\dowsample2_Q13_hess_matched\stitched_frames\frame_1558.jpg,2036,1317,0.005727272506912795,-0.008237046290063277,14.732103180543152,-17.7331553782456,85.81395314515953,-2.963061744178731,-71.08184996461638,-14.770093634066868,72.6001725917462,-35.54092498230819,-7.385046817033434,35.54092498230819,7.385046817033434,0,0,72.6001725917462,645.8863000067678,556.641677353376,560.0723468616083,559.6047390975548,12,12,1.0081928685529407,0.0696642669786224,-35.8640780581892,-0.07989483262806658,1.0217262079111118,119.30896594387866,4.63207389611435e-05,2.2655091144423778e-05,1.0,1.0,0.0,471.5409249823082,0.0,1.0,70.38504681703344,0.0,0.0,1.0
frame_1560.jpg,frame_1560,1560,D:\visualization2026\visualization\left_downsample2_Q13\frame_1560.jpg,D:\visualization2026\visualization\right_downsample2_Q13\frame_1560.jpg,D:\visualization2026\dowsample2_Q13\stitched_frames\frame_1560.jpg,D:\visualization2026\dowsample2_Q13_hess_matched\stitched_frames\frame_1560.jpg,2032,1292,0.005749126685977768,-0.008246636181798439,14.787046791392882,-17.807022977371933,82.76530880011546,-5.4577285104192015,-67.97826200872258,-12.349294466952731,69.0908762396168,-33.98913100436129,-6.174647233476366,33.98913100436129,6.174647233476366,0,0,69.0908762396168,636.0602216425203,522.3937478325192,553.2949128424049,527.8514763429384,12,12,1.0254783008803552,0.028341113370129064,-33.95097759229298,-0.05921436315954832,0.981962842325223,87.6882576547976,6.47724521633037e-05,-1.2762740817944787e-05,1.0,1.0,0.0,465.9891310043613,0.0,1.0,37.174647233476364,0.0,0.0,1.0
frame_1562.jpg,frame_1562,1562,D:\visualization2026\visualization\left_downsample2_Q13\frame_1562.jpg,D:\visualization2026\visualization\right_downsample2_Q13\frame_1562.jpg,D:\visualization2026\dowsample2_Q13\stitched_frames\frame_1562.jpg,D:\visualization2026\dowsample2_Q13_hess_matched\stitched_frames\frame_1562.jpg,2052,1308,0.0056045609137934105,-0.008634162374703047,14.449842647161725,-17.190347184636963,80.64466114157824,-6.509628837600189,-66.19481849441651,-10.680718347036773,67.05096375084756,-33.097409247208255,-5.340359173518387,33.097409247208255,5.340359173518387,0,0,67.05096375084756,648.9571277012358,528.3795275740281,568.3124665596575,534.8891564116283,12,12,1.0588871998002063,0.046445193345788206,-33.224534906742186,-0.05309491569927868,1.0200382152083503,79.13996936244658,7.924281663974809e-05,4.077843381159417e-07,1.0,1.0,0.0,485.09740924720825,0.0,1.0,42.34035917351839,0.0,0.0,1.0
frame_1564.jpg,frame_1564,1564,D:\visualization2026\visualization\left_downsample2_Q13\frame_1564.jpg,D:\visualization2026\visualization\right_downsample2_Q13\frame_1564.jpg,D:\visualization2026\dowsample2_Q13\stitched_frames\frame_1564.jpg,D:\visualization2026\dowsample2_Q13_hess_matched\stitched_frames\frame_1564.jpg,2037,1317,0.005384448204539594,-0.009171416089669426,13.933350510654757,-16.26639711598577,84.7283547769349,-1.5633637748065894,-70.79500426628015,-14.703033341179182,72.305683168714,-35.39750213314007,-7.351516670589591,35.39750213314007,7.351516670589591,0,0,72.305683168714,634.3804508914543,559.9831597425758,549.6520961145194,561.5465235173824,12,12,1.0072621980385437,0.07227410865582008,-35.24539442904969,-0.08109297824048595,1.0211321776914863,121.67621450919303,4.563728071091702e-05,2.4002460803838878e-05,1.0,1.0,0.0,472.39750213314005,0.0,1.0,70.35151667058959,0.0,0.0,1.0
frame_1566.jpg,frame_1566,1566,D:\visualization2026\visualization\left_downsample2_Q13\frame_1566.jpg,D:\visualization2026\visualization\right_downsample2_Q13\frame_1566.jpg,D:\visualization2026\dowsample2_Q13\stitched_frames\frame_1566.jpg,D:\visualization2026\dowsample2_Q13_hess_matched\stitched_frames\frame_1566.jpg,2033,1306,0.005214932783721371,-0.009470750597629918,13.528924398152967,-15.587322411966138,87.76096707435408,-1.7217139945105373,-74.23204267620112,-13.8656084174556,75.51590068765358,-37.11602133810056,-6.9328042087278,37.11602133810056,6.9328042087278,0,0,75.51590068765358,623.7172941566315,535.072085633805,535.9563270822774,536.7937996283156,12,12,1.0286776258306776,0.04133323873495568,-36.70795439952179,-0.06389484533762439,1.00059752920803,94.51743995799883,6.739814328167463e-05,-2.5476696084132026e-06,1.0,1.0,0.0,470.11602133810055,0.0,1.0,44.9328042087278,0.0,0.0,1.0
frame_1568.jpg,frame_1568,1568,D:\visualization2026\visualization\left_downsample2_Q13\frame_1568.jpg,D:\visualization2026\visualization\right_downsample2_Q13\frame_1568.jpg,D:\visualization2026\dowsample2_Q13\stitched_frames\frame_1568.jpg,D:\visualization2026\dowsample2_Q13_hess_matched\stitched_frames\frame_1568.jpg,2056,1301,0.005119996597225118,-0.00945408437144768,13.291699989949382,-15.259339881342575,75.00282571013736,-2.172973395744634,-61.71112572018798,-13.08636648559794,63.08340530954418,-30.85556286009399,-6.54318324279897,30.85556286009399,6.54318324279897,0,0,63.08340530954418,639.2659327408211,508.33093253966643,564.2631070306837,510.50390593541107,12,12,1.0781355921512203,0.03363591500803193,-30.698093934877825,-0.04506844204806661,1.0120591511322432,64.5331878674268,9.214913318416807e-05,-1.0047318855563915e-05,1.0,1.0,0.0,486.855562860094,0.0,1.0,28.54318324279897,0.0,0.0,1.0
frame_1570.jpg,frame_1570,1570,D:\visualization2026\visualization\left_downsample2_Q13\frame_1570.jpg,D:\visualization2026\visualization\right_downsample2_Q13\frame_1570.jpg,D:\visualization2026\dowsample2_Q13\stitched_frames\frame_1570.jpg,D:\visualization2026\dowsample2_Q13_hess_matched\stitched_frames\frame_1570.jpg,2065,1320,0.005129750962114543,-0.009479328782637575,13.317443682544074,-15.28635759706559,45.96379102043386,-2.9167881927398867,-32.646347337889786,-12.369569404325704,34.911176459044945,-16.323173668944893,-6.184784702162852,16.323173668944893,6.184784702162852,0,0,34.911176459044945,636.1891549857625,531.2957843899412,590.2253639653286,534.2125725826811,12,12,1.04938949494665,0.06648176446917763,-16.413265361996086,-0.0649628664159252,1.04412480667139,96.97130411122366,6.577129645115158e-05,2.261021947774745e-05,1.0,1.0,0.0,481.3231736689449,0.0,1.0,63.18478470216285,0.0,0.0,1.0
frame_1572.jpg,frame_1572,1572,D:\visualization2026\visualization\left_downsample2_Q13\frame_1572.jpg,D:\visualization2026\visualization\right_downsample2_Q13\frame_1572.jpg,D:\visualization2026\dowsample2_Q13\stitched_frames\frame_1572.jpg,D:\visualization2026\dowsample2_Q13_hess_matched\stitched_frames\frame_1572.jpg,2057,1311,0.0051768432968121725,-0.009492218878254355,13.43538603302189,-15.4477381277072,45.82136921055053,1.2902331079284295,-32.38598317752864,-16.73797123563563,36.455611193067845,-16.19299158876432,-8.368985617817815,16.19299158876432,8.368985617817815,0,0,36.455611193067845,619.5918982595606,534.7405739063705,573.7705290490101,533.4503407984421,12,12,1.028383112936528,0.06703758396337203,-15.786904869087568,-0.07104718425959768,1.0289381425341262,104.38858101596158,5.629035421204135e-05,2.3253686116185845e-05,1.0,1.0,0.0,473.1929915887643,0.0,1.0,64.36898561781781,0.0,0.0,1.0
frame_1574.jpg,frame_1574,1574,D:\visualization2026\visualization\left_downsample2_Q13\frame_1574.jpg,D:\visualization2026\visualization\right_downsample2_Q13\frame_1574.jpg,D:\visualization2026\dowsample2_Q13\stitched_frames\frame_1574.jpg,D:\visualization2026\dowsample2_Q13_hess_matched\stitched_frames\frame_1574.jpg,2047,1302,0.005220627026349123,-0.00953741594135149,13.54697518329483,-15.588350486326558,44.44723461971387,-9.053168782559624,-30.900259436419038,-6.535181703766934,31.58377167374495,-15.450129718209519,-3.267590851883467,15.450129718209519,3.267590851883467,0,0,31.58377167374495,608.683964980648,512.0128936051588,564.2367303609342,521.0660623877184,12,12,1.0275426459635506,0.045364079424598955,-15.519454108349032,-0.06499292806040695,1.00649411052726,100.85809500104936,6.175335625405653e-05,6.164918731626076e-06,1.0,1.0,0.0,462.4501297182095,0.0,1.0,46.26759085188347,0.0,0.0,1.0
frame_1576.jpg,frame_1576,1576,D:\visualization2026\visualization\left_downsample2_Q13\frame_1576.jpg,D:\visualization2026\visualization\right_downsample2_Q13\frame_1576.jpg,D:\visualization2026\dowsample2_Q13\stitched_frames\frame_1576.jpg,D:\visualization2026\dowsample2_Q13_hess_matched\stitched_frames\frame_1576.jpg,2062,1319,0.005263910841432962,-0.009612227994719835,13.659044037567238,-15.718802367231156,46.766630210119274,-11.244908814516975,-33.10758617255203,-4.4738935527141805,33.408501697830985,-16.553793086276016,-2.2369467763570903,16.553793086276016,2.2369467763570903,0,0,33.408501697830985,620.145433202638,530.9584162062644,573.3788029925187,542.2033250207813,12,12,1.036802099323009,0.07686655888027272,-16.589899933602624,-0.07166266413789033,1.046234278379273,111.73890611227584,5.720966080725363e-05,3.207020051462351e-05,1.0,1.0,0.0,478.553793086276,0.0,1.0,67.23694677635709,0.0,0.0,1.0
frame_1578.jpg,frame_1578,1578,D:\visualization2026\visualization\left_downsample2_Q13\frame_1578.jpg,D:\visualization2026\visualization\right_downsample2_Q13\frame_1578.jpg,D:\visualization2026\dowsample2_Q13\stitched_frames\frame_1578.jpg,D:\visualization2026\dowsample2_Q13_hess_matched\stitched_frames\frame_1578.jpg,2035,1287,0.005331986755220008,-0.00971091073935293,13.834198918575057,-15.929363422946212,50.94999656685695,-9.875431476242511,-37.1157976482819,-6.053931946703701,37.6062830798728,-18.55789882414095,-3.0269659733518504,18.55789882414095,3.0269659733518504,0,0,37.6062830798728,597.1803010238564,492.77350135489365,546.2303044569994,502.64893283113616,12,12,1.0392952840058933,0.02881579058277183,-18.355946630582906,-0.04922739686548785,0.9953766246866259,75.44237614022575,7.438919499277382e-05,-8.958547909845752e-06,1.0,1.0,0.0,453.5578988241409,0.0,1.0,34.02696597335185,0.0,0.0,1.0
frame_1580.jpg,frame_1580,1580,D:\visualization2026\visualization\left_downsample2_Q13\frame_1580.jpg,D:\visualization2026\visualization\right_downsample2_Q13\frame_1580.jpg,D:\visualization2026\dowsample2_Q13\stitched_frames\frame_1580.jpg,D:\visualization2026\dowsample2_Q13_hess_matched\stitched_frames\frame_1580.jpg,2035,1287,0.005486013699723569,-0.009860071407860493,14.226186158887757,-16.426817496903084,39.12004204524658,-7.224102918116614,-24.89385588635882,-9.20271457878647,26.54042231219034,-12.44692794317941,-4.601357289393235,12.44692794317941,4.601357289393235,0,0,26.54042231219034,597.10497921843,492.4400662850364,557.9849371731834,499.664169203153,12,12,1.0397498742103524,0.028761045157359066,-12.244975749621368,-0.04934451456809178,0.9953907289466595,73.86798482418436,7.438919499277382e-05,-8.958547909845752e-06,1.0,1.0,0.0,447.4469279431794,0.0,1.0,35.601357289393235,0.0,0.0,1.0
frame_1582.jpg,frame_1582,1582,D:\visualization2026\visualization\left_downsample2_Q13\frame_1582.jpg,D:\visualization2026\visualization\right_downsample2_Q13\frame_1582.jpg,D:\visualization2026\dowsample2_Q13\stitched_frames\frame_1582.jpg,D:\visualization2026\dowsample2_Q13_hess_matched\stitched_frames\frame_1582.jpg,1961,1293,0.005686308189780331,-0.010035564988455037,14.734845665824032,-17.078944767763407,105.04520952210129,14.196076114981054,-90.31036385627726,-31.27502088274446,95.57242673004224,-45.15518192813863,-15.63751044137223,45.15518192813863,15.63751044137223,0,0,95.57242673004224,586.6355868495028,517.5755455498138,481.59037732740154,503.37946943483274,12,12,0.9984295482071471,0.054701239542264565,-45.64577613305295,-0.06950536159459364,0.9952651653748503,94.38965458870436,5.2187485936587105e-05,7.3453270886019116e-06,1.0,1.0,0.0,406.15518192813863,0.0,1.0,45.63751044137223,0.0,0.0,1.0
frame_1584.jpg,frame_1584,1584,D:\visualization2026\visualization\left_downsample2_Q13\frame_1584.jpg,D:\visualization2026\visualization\right_downsample2_Q13\frame_1584.jpg,D:\visualization2026\dowsample2_Q13\stitched_frames\frame_1584.jpg,D:\visualization2026\dowsample2_Q13_hess_matched\stitched_frames\frame_1584.jpg,1969,1280,0.005815545948890555,-0.010161726075652133,15.063804833191115,-17.496052545997117,102.22294552354361,12.610509523578742,-87.1591406903525,-30.10656206957586,92.21236839779078,-43.57957034517625,-15.05328103478793,43.57957034517625,15.05328103478793,0,0,92.21236839779078,592.9997039333296,503.3135676275543,490.77675840978594,490.70305810397554,12,12,1.0198363939738164,0.0440049494637555,-43.71544063619268,-0.054405304661152426,0.992348741596029,70.04305699547548,6.537916573855302e-05,-2.982969547918909e-06,1.0,1.0,0.0,412.57957034517625,0.0,1.0,31.05328103478793,0.0,0.0,1.0
frame_1586.jpg,frame_1586,1586,D:\visualization2026\visualization\left_downsample2_Q13\frame_1586.jpg,D:\visualization2026\visualization\right_downsample2_Q13\frame_1586.jpg,D:\visualization2026\dowsample2_Q13\stitched_frames\frame_1586.jpg,D:\visualization2026\dowsample2_Q13_hess_matched\stitched_frames\frame_1586.jpg,1988,1308,0.005743804281668763,-0.010187829949248384,14.886790839907357,-17.237214256847253,100.0163726991031,11.371559274217702,-85.12958185919574,-28.608773531064955,89.8081712901074,-42.56479092959787,-14.304386765532477,42.56479092959787,14.304386765532477,0,0,89.8081712901074,608.7138173884655,530.556880524932,508.6974446893624,519.1853212507143,12,12,1.0369606464661207,0.06693412986064436,-42.0427977523179,-0.06369470479507704,1.0311069638599606,86.03608315760115,6.385328104584361e-05,1.9078510765520725e-05,1.0,1.0,0.0,430.56479092959785,0.0,1.0,52.30438676553248,0.0,0.0,1.0
frame_1588.jpg,frame_1588,1588,D:\visualization2026\visualization\left_downsample2_Q13\frame_1588.jpg,D:\visualization2026\visualization\right_downsample2_Q13\frame_1588.jpg,D:\visualization2026\dowsample2_Q13\stitched_frames\frame_1588.jpg,D:\visualization2026\dowsample2_Q13_hess_matched\stitched_frames\frame_1588.jpg,1943,1281,0.005543107413785053,-0.010167372985513623,14.38615405663005,-16.53965785124849,109.57752975179028,15.361896727033809,-95.19137569516023,-31.901554578282298,100.39475679161869,-47.595687847580116,-15.950777289141149,47.595687847580116,15.950777289141149,0,0,100.39475679161869,573.932078128518,512.7807331140476,464.35454837672773,497.4188363870138,12,12,0.991320218387436,0.024116952361000626,-47.90758668478305,-0.06448325053915485,0.9601471023043338,85.5405600814698,5.7883602399546886e-05,-1.825666643377086e-05,1.0,1.0,0.0,390.5956878475801,0.0,1.0,26.95077728914115,0.0,0.0,1.0
frame_1590.jpg,frame_1590,1590,D:\visualization2026\visualization\left_downsample2_Q13\frame_1590.jpg,D:\visualization2026\visualization\right_downsample2_Q13\frame_1590.jpg,D:\visualization2026\dowsample2_Q13\stitched_frames\frame_1590.jpg,D:\visualization2026\dowsample2_Q13_hess_matched\stitched_frames\frame_1590.jpg,1925,1287,0.005425022263471968,-0.010184512422876324,14.093289771543706,-16.120948868337454,113.88578326917343,20.67083147898859,-99.79249349762972,-36.79178034732604,106.35871783544759,-49.89624674881486,-18.39589017366302,49.89624674881486,18.39589017366302,0,0,106.35871783544759,560.1915523300445,541.353135569456,446.30576906087106,520.6823040904674,12,12,0.9466367864760339,0.03983227182220913,-50.11775838834973,-0.08625129495093774,0.9550114792664806,118.13716152280145,3.088153509524589e-05,-2.9848843049871947e-06,1.0,1.0,0.0,374.89624674881486,0.0,1.0,48.39589017366302,0.0,0.0,1.0
frame_1592.jpg,frame_1592,1592,D:\visualization2026\visualization\left_downsample2_Q13\frame_1592.jpg,D:\visualization2026\visualization\right_downsample2_Q13\frame_1592.jpg,D:\visualization2026\dowsample2_Q13\stitched_frames\frame_1592.jpg,D:\visualization2026\dowsample2_Q13_hess_matched\stitched_frames\frame_1592.jpg,1931,1290,0.005537363007300511,-0.010257289709251105,14.377092455043599,-16.493996221587995,113.2641891827567,17.33563454606258,-98.8870967277131,-33.82963076765057,104.51364416721702,-49.44354836385655,-16.914815383825285,49.44354836385655,16.914815383825285,0,0,104.51364416721702,564.9343636496634,541.5000396046797,451.6701744669067,524.1644050586171,12,12,0.9593311955840758,0.036314320659622354,-49.15192021773764,-0.08093079275865772,0.9601988924210285,111.14952546890318,3.841383306505494e-05,-6.60566306415889e-06,1.0,1.0,0.0,380.44354836385656,0.0,1.0,44.914815383825285,0.0,0.0,1.0
frame_1594.jpg,frame_1594,1594,D:\visualization2026\visualization\left_downsample2_Q13\frame_1594.jpg,D:\visualization2026\visualization\right_downsample2_Q13\frame_1594.jpg,D:\visualization2026\dowsample2_Q13\stitched_frames\frame_1594.jpg,D:\visualization2026\dowsample2_Q13_hess_matched\stitched_frames\frame_1594.jpg,1951,1290,0.005767027550234227,-0.010329228828429127,14.95281358806411,-17.278455959493748,108.480891981529,14.77037355479547,-93.52807839346488,-32.04882951428922,98.86672302251192,-46.76403919673244,-16.02441475714461,46.76403919673244,16.02441475714461,0,0,98.86672302251192,579.8661852891578,534.9145028121167,471.3852933076288,520.1441292573212,12,12,0.9963020715838814,0.03425729687381539,-46.835846549099884,-0.06756870003748011,0.9751350205141561,90.17447211737445,5.57608034511908e-05,-8.647864244201949e-06,1.0,1.0,0.0,397.7640391967324,0.0,1.0,36.02441475714461,0.0,0.0,1.0
frame_1596.jpg,frame_1596,1596,D:\visualization2026\visualization\left_downsample2_Q13\frame_1596.jpg,D:\visualization2026\visualization\right_downsample2_Q13\frame_1596.jpg,D:\visualization2026\dowsample2_Q13\stitched_frames\frame_1596.jpg,D:\visualization2026\dowsample2_Q13_hess_matched\stitched_frames\frame_1596.jpg,1950,1286,0.005953599800509357,-0.010427237872718265,15.422814420407885,-17.90449199212704,110.34755881187357,13.00461307661169,-94.92474439146568,-30.90910506873873,99.83025530336695,-47.46237219573284,-15.454552534369364,47.46237219573284,15.454552534369364,0,0,99.83025530336695,579.4301687250631,538.6672659282872,469.0826099131896,525.6626528516755,12,12,0.9970175226807546,0.030216060860101358,-47.116924013890824,-0.06420211155772304,0.9702938292412501,86.05005559584936,5.8248011693689727e-05,-1.3126408150814752e-05,1.0,1.0,0.0,397.4623721957328,0.0,1.0,31.454552534369363,0.0,0.0,1.0
frame_1598.jpg,frame_1598,1598,D:\visualization2026\visualization\left_downsample2_Q13\frame_1598.jpg,D:\visualization2026\visualization\right_downsample2_Q13\frame_1598.jpg,D:\visualization2026\dowsample2_Q13\stitched_frames\frame_1598.jpg,D:\visualization2026\dowsample2_Q13_hess_matched\stitched_frames\frame_1598.jpg,1951,1301,0.0060508176175141926,-0.01062533325520143,15.676277071014393,-18.188958262856083,2.985153756951604,-41.606621953622266,12.69112331406279,23.417663690766183,26.635532352603295,6.345561657031395,11.708831845383092,-6.345561657031395,-11.708831845383092,5,4,26.635532352603295,1396.5720331895757,321.82600215985286,1393.586879432624,363.43262411347513,12,12,0.9786201727425333,0.05817875073336178,6.273548923325562,-0.08057102052948976,0.9906551614384843,141.6281463353091,3.899834216763655e-05,1.1180906958300875e-05,1.0,1.0,0.0,344.6544383429686,0.0,1.0,29.29116815461691,0.0,0.0,1.0
frame_1600.jpg,frame_1600,1600,D:\visualization2026\visualization\left_downsample2_Q13\frame_1600.jpg,D:\visualization2026\visualization\right_downsample2_Q13\frame_1600.jpg,D:\visualization2026\dowsample2_Q13\stitched_frames\frame_1600.jpg,D:\visualization2026\dowsample2_Q13_hess_matched\stitched_frames\frame_1600.jpg,1961,1279,0.006134885540173773,-0.010885674900338649,15.90063853659082,-18.409665910191684,118.81712823500487,1.8512198448787558,-102.91648969841405,-20.26088575507044,104.89188406842439,-51.45824484920703,-10.13044287753522,51.45824484920703,10.13044287753522,0,0,104.89188406842439,599.447764018057,524.5817507761532,480.6306357830521,522.7305309312744,12,12,1.0256993366013256,0.025081824741913825,-51.737521955258295,-0.05261626056469642,0.971330720437334,72.19213749856532,7.471171084867239e-05,-2.070823560090411e-05,1.0,1.0,0.0,412.458244849207,0.0,1.0,16.13044287753522,0.0,0.0,1.0
frame_1602.jpg,frame_1602,1602,D:\visualization2026\visualization\left_downsample2_Q13\frame_1602.jpg,D:\visualization2026\visualization\right_downsample2_Q13\frame_1602.jpg,D:\visualization2026\dowsample2_Q13\stitched_frames\frame_1602.jpg,D:\visualization2026\dowsample2_Q13_hess_matched\stitched_frames\frame_1602.jpg,1925,1279,0.006080380840938149,-0.010959651828798656,15.769306261050245,-18.197644093515,128.21492040515716,4.677295884943192,-112.44561414410691,-22.87493997845819,114.74876478317071,-56.222807072053456,-11.437469989229095,56.222807072053456,11.437469989229095,0,0,114.74876478317071,572.4358760430407,551.7946132593138,444.22095563788355,547.1173173743706,12,12,0.9574995464309766,0.03123688906277604,-56.3025834831937,-0.08069361993557232,0.9328419751038954,117.08271468150093,4.592271358361766e-05,-2.0595199238241416e-05,1.0,1.0,0.0,381.22280707205346,0.0,1.0,34.43746998922909,0.0,0.0,1.0
frame_1604.jpg,frame_1604,1604,D:\visualization2026\visualization\left_downsample2_Q13\frame_1604.jpg,D:\visualization2026\visualization\right_downsample2_Q13\frame_1604.jpg,D:\visualization2026\dowsample2_Q13\stitched_frames\frame_1604.jpg,D:\visualization2026\dowsample2_Q13_hess_matched\stitched_frames\frame_1604.jpg,2005,1320,0.005634775948889337,-0.01088140147065264,14.655837403551185,-16.65818911930926,122.03985496130213,-13.990356503737871,-107.38401755775094,-2.6678326155713883,107.41715206477998,-53.69200877887547,-1.3339163077856941,53.69200877887547,1.3339163077856941,0,0,107.41715206477998,646.813017306809,555.3997559393435,524.7731623455069,569.3901124430814,12,12,1.0736153963860846,0.05823969635197551,-53.95880644156161,-0.05789387084090758,1.02464865218163,91.34590851156338,8.802184449804418e-05,1.2516172146909665e-06,1.0,1.0,0.0,458.69200877887545,0.0,1.0,43.33391630778569,0.0,0.0,1.0
frame_1606.jpg,frame_1606,1606,D:\visualization2026\visualization\left_downsample2_Q13\frame_1606.jpg,D:\visualization2026\visualization\right_downsample2_Q13\frame_1606.jpg,D:\visualization2026\dowsample2_Q13\stitched_frames\frame_1606.jpg,D:\visualization2026\dowsample2_Q13_hess_matched\stitched_frames\frame_1606.jpg,1960,1312,0.004709552965070862,-0.011105287194209335,12.366396604303665,-13.352074425224231,130.56171042554138,-5.924287645424442,-118.19531382123772,-7.4277867797997885,118.4284772584155,-59.09765691061886,-3.7138933898998943,59.09765691061886,3.7138933898998943,0,0,118.4284772584155,611.6172659810969,575.3573730475266,481.05555555555554,581.281660692951,12,12,0.9915782347616017,0.060576826741088836,-59.572840984428915,-0.07548239678705437,1.0002454307668982,116.94147092441025,5.082972115905995e-05,5.739844084711135e-06,1.0,1.0,0.0,419.09765691061887,0.0,1.0,53.713893389899894,0.0,0.0,1.0
frame_1608.jpg,frame_1608,1608,D:\visualization2026\visualization\left_downsample2_Q13\frame_1608.jpg,D:\visualization2026\visualization\right_downsample2_Q13\frame_1608.jpg,D:\visualization2026\dowsample2_Q13\stitched_frames\frame_1608.jpg,D:\visualization2026\dowsample2_Q13_hess_matched\stitched_frames\frame_1608.jpg,1959,1304,0.0038418955490648887,-0.011370653508773865,10.222625556615471,-10.235927290840026,107.9756339040772,-4.876800678108452,-97.75300834746173,-5.359126612731574,97.89980019913325,-48.876504173730865,-2.679563306365787,48.876504173730865,2.679563306365787,0,0,97.89980019913325,610.3707793443288,574.7395515231493,502.39514544025155,579.6163522012578,12,12,0.9855603414295796,0.06312304235707117,-48.97151032591117,-0.07939343316584788,0.9909919930298992,123.59986690750115,4.671369499397227e-05,7.617888035182746e-06,1.0,1.0,0.0,407.87650417373084,0.0,1.0,44.679563306365786,0.0,0.0,1.0
frame_1610.jpg,frame_1610,1610,D:\visualization2026\visualization\left_downsample2_Q13\frame_1610.jpg,D:\visualization2026\visualization\right_downsample2_Q13\frame_1610.jpg,D:\visualization2026\dowsample2_Q13\stitched_frames\frame_1610.jpg,D:\visualization2026\dowsample2_Q13_hess_matched\stitched_frames\frame_1610.jpg,1968,1302,0.0037572440423742637,-0.011442403381566435,10.016141533803296,-9.918884927144079,103.45110037972916,-4.5707608984994295,-93.43495884592586,-5.34812402864465,93.5878943302264,-46.71747942296293,-2.674062014322325,46.71747942296293,2.674062014322325,0,0,93.5878943302264,615.6980319986654,561.8343628108323,512.2469316189363,566.4051237093317,12,12,1.0135479899546276,0.04366547298479551,-46.55018706306402,-0.06184116038082888,0.9923331926874654,96.29996330388987,6.454276521327093e-05,-7.616265253763533e-06,1.0,1.0,0.0,414.7174794229629,0.0,1.0,25.674062014322324,0.0,0.0,1.0
frame_1612.jpg,frame_1612,1612,D:\visualization2026\visualization\left_downsample2_Q13\frame_1612.jpg,D:\visualization2026\visualization\right_downsample2_Q13\frame_1612.jpg,D:\visualization2026\dowsample2_Q13\stitched_frames\frame_1612.jpg,D:\visualization2026\dowsample2_Q13_hess_matched\stitched_frames\frame_1612.jpg,1973,1300,0.004751508800650894,-0.011426366727975479,12.48949495320383,-13.407950464698668,103.04691516316893,1.6554717106191674,-90.5574202099651,-15.063422175317836,91.80170500985291,-45.27871010498255,-7.531711087658918,45.27871010498255,7.531711087658918,0,0,91.80170500985291,619.2478483798502,572.0984580039992,516.2009332166813,570.44298629338,12,12,1.0098674758014325,0.05708085190884416,-45.17655246459945,-0.06623681106763024,0.9977200560843835,98.12178823670034,5.975918360454308e-05,1.6925149839076004e-06,1.0,1.0,0.0,418.27871010498257,0.0,1.0,30.53171108765892,0.0,0.0,1.0
frame_1614.jpg,frame_1614,1614,D:\visualization2026\visualization\left_downsample2_Q13\frame_1614.jpg,D:\visualization2026\visualization\right_downsample2_Q13\frame_1614.jpg,D:\visualization2026\dowsample2_Q13\stitched_frames\frame_1614.jpg,D:\visualization2026\dowsample2_Q13_hess_matched\stitched_frames\frame_1614.jpg,1973,1300,0.0057400153347317295,-0.011470962917515926,14.952047886619805,-16.859620407636474,104.12620316353355,2.266250196510896,-89.17415527691374,-19.12587060414737,91.20213207879358,-44.58707763845687,-9.562935302073685,44.58707763845687,9.562935302073685,0,0,91.20213207879358,619.6727100268812,581.3469713602068,515.5465068633476,579.0807211636959,12,12,1.0099088071929865,0.05708202250715711,-44.48491999807377,-0.06635819536840144,0.997716618206965,96.09056402228558,5.975918360454308e-05,1.6925149839076004e-06,1.0,1.0,0.0,417.5870776384569,0.0,1.0,32.56293530207368,0.0,0.0,1.0
frame_1616.jpg,frame_1616,1616,D:\visualization2026\visualization\left_downsample2_Q13\frame_1616.jpg,D:\visualization2026\visualization\right_downsample2_Q13\frame_1616.jpg,D:\visualization2026\dowsample2_Q13\stitched_frames\frame_1616.jpg,D:\visualization2026\dowsample2_Q13_hess_matched\stitched_frames\frame_1616.jpg,1973,1300,0.005842012181332706,-0.01163586749751977,15.215471531372172,-17.170259061577106,12.714007869121133,-5.679136563609575,2.501463662251039,-11.491122497967531,11.760238803564235,1.2507318311255196,-5.7455612489837655,-1.2507318311255196,5.7455612489837655,5,6,11.760238803564235,1304.7140078691211,348.8208634363904,1292.0,354.5,12,12,1.0126480372651092,0.057159603686513884,1.3528894715086173,-0.06613007221147563,0.997723079169749,99.9079380753755,5.975918360454308e-05,1.6925149839076004e-06,1.0,1.0,0.0,371.7492681688745,0.0,1.0,28.745561248983766,0.0,0.0,1.0
frame_1618.jpg,frame_1618,1618,D:\visualization2026\visualization\left_downsample2_Q13\frame_1618.jpg,D:\visualization2026\visualization\right_downsample2_Q13\frame_1618.jpg,D:\visualization2026\dowsample2_Q13\stitched_frames\frame_1618.jpg,D:\visualization2026\dowsample2_Q13_hess_matched\stitched_frames\frame_1618.jpg,1985,1335,0.005634922210489918,-0.011696182341269568,14.703626537640668,-16.427364078062883,93.48152208128613,-80.88331179337308,-78.77789554364546,64.4559477153102,101.78666917707996,-39.38894777182273,32.2279738576551,39.38894777182273,-32.2279738576551,0,0,101.78666917707996,643.9053828083727,617.9336876945941,550.4238607270865,698.8169994879672,12,12,0.9909807067883678,0.11272720908084229,-39.137277242610224,-0.08066171128386512,1.046352393820246,163.36654170653412,3.649289859257731e-05,5.021083852841639e-05,1.0,1.0,0.0,424.3889477718227,0.0,1.0,102.7720261423449,0.0,0.0,1.0
frame_1620.jpg,frame_1620,1620,D:\visualization2026\visualization\left_downsample2_Q13\frame_1620.jpg,D:\visualization2026\visualization\right_downsample2_Q13\frame_1620.jpg,D:\visualization2026\dowsample2_Q13\stitched_frames\frame_1620.jpg,D:\visualization2026\dowsample2_Q13_hess_matched\stitched_frames\frame_1620.jpg,1967,1328,0.005441961697481623,-0.011685790387422457,14.222827976723668,-15.754062875492487,96.16114489128972,-79.03700407545102,-81.93831691456606,63.282941199958536,103.53076077045543,-40.96915845728303,31.641470599979268,40.96915845728303,-31.641470599979268,0,0,103.53076077045543,629.4852757706353,612.6079856996,533.3241308793456,691.644989775051,12,12,0.9725972661550315,0.09585030662866854,-40.58274063812304,-0.08298014322729907,1.0215007248362682,166.31135560827278,3.283352728382273e-05,3.8047928546381424e-05,1.0,1.0,0.0,407.969158457283,0.0,1.0,96.35852940002073,0.0,0.0,1.0
frame_1622.jpg,frame_1622,1622,D:\visualization2026\visualization\left_downsample2_Q13\frame_1622.jpg,D:\visualization2026\visualization\right_downsample2_Q13\frame_1622.jpg,D:\visualization2026\dowsample2_Q13\stitched_frames\frame_1622.jpg,D:\visualization2026\dowsample2_Q13_hess_matched\stitched_frames\frame_1622.jpg,1957,1319,0.005447191009074398,-0.011683589666324323,14.235713333701106,-15.773014426588082,97.32577797269334,-78.91044712744235,-83.09006463899223,63.13743270085427,104.35657262370593,-41.545032319496116,31.568716350427135,41.545032319496116,-31.568716350427135,0,0,104.35657262370593,621.0261890232621,607.6125430264626,523.7004110505687,686.522990153905,12,12,0.9643537990915384,0.08371599675650877,-41.85204133290621,-0.08017701768587113,1.0020421015680336,161.745041284729,3.35213047911935e-05,2.6339308288971096e-05,1.0,1.0,0.0,398.5450323194961,0.0,1.0,87.43128364957286,0.0,0.0,1.0
frame_1624.jpg,frame_1624,1624,D:\visualization2026\visualization\left_downsample2_Q13\frame_1624.jpg,D:\visualization2026\visualization\right_downsample2_Q13\frame_1624.jpg,D:\visualization2026\dowsample2_Q13\stitched_frames\frame_1624.jpg,D:\visualization2026\dowsample2_Q13_hess_matched\stitched_frames\frame_1624.jpg,1963,1317,0.005518881859238128,-0.011764727944243436,14.418843004768952,-16.001225765759976,97.94928068241381,-73.01174752502573,-83.53043767764487,57.01052175926575,101.13126919940551,-41.765218838822435,28.505260879632875,41.765218838822435,-28.505260879632875,0,0,101.13126919940551,626.7897348204478,616.4787414700943,528.840454138034,689.49048899512,12,12,0.9731415495336131,0.08897459796483267,-42.22265641302012,-0.08095770657798489,1.0132826369217725,159.73184270509392,3.4722934779049675e-05,3.222932389816705e-05,1.0,1.0,0.0,404.7652188388224,0.0,1.0,88.49473912036713,0.0,0.0,1.0
frame_1626.jpg,frame_1626,1626,D:\visualization2026\visualization\left_downsample2_Q13\frame_1626.jpg,D:\visualization2026\visualization\right_downsample2_Q13\frame_1626.jpg,D:\visualization2026\dowsample2_Q13\stitched_frames\frame_1626.jpg,D:\visualization2026\dowsample2_Q13_hess_matched\stitched_frames\frame_1626.jpg,1971,1318,0.0056355767857047545,-0.01188138612474765,14.71603546243113,-16.377073904956035,95.99419071505008,-75.12060518927831,-81.27815525261894,58.74353128432227,100.28430081035107,-40.63907762630947,29.371765642161137,40.63907762630947,-29.371765642161137,0,0,100.28430081035107,633.5450710492787,625.673685072335,537.5508803342286,700.7942902616134,12,12,0.9809045726319088,0.09447321719787477,-40.4742781895805,-0.07865038703617865,1.0211182006906552,157.08055813165225,3.696477768757626e-05,3.5505166216836674e-05,1.0,1.0,0.0,411.6390776263095,0.0,1.0,88.62823435783886,0.0,0.0,1.0
frame_1628.jpg,frame_1628,1628,D:\visualization2026\visualization\left_downsample2_Q13\frame_1628.jpg,D:\visualization2026\visualization\right_downsample2_Q13\frame_1628.jpg,D:\visualization2026\dowsample2_Q13\stitched_frames\frame_1628.jpg,D:\visualization2026\dowsample2_Q13_hess_matched\stitched_frames\frame_1628.jpg,1975,1320,0.005842403793912931,-0.01204057122288349,15.240002276525926,-17.05672552338503,106.07029859398062,-78.05632319523727,-90.8302963174547,60.99959767185224,109.41249309491337,-45.41514815872735,30.49979883592612,45.41514815872735,-30.49979883592612,0,0,109.41249309491337,646.8783041561578,624.438809899717,540.8080055621772,702.4951330949542,12,12,0.9842165751206926,0.09823438373678778,-45.431501151712055,-0.07891399761759763,1.0269836657069638,158.14883140251712,3.7382633971100215e-05,3.809499022501896e-05,1.0,1.0,0.0,420.41514815872733,0.0,1.0,89.50020116407387,0.0,0.0,1.0
frame_1630.jpg,frame_1630,1630,D:\visualization2026\visualization\left_downsample2_Q13\frame_1630.jpg,D:\visualization2026\visualization\right_downsample2_Q13\frame_1630.jpg,D:\visualization2026\dowsample2_Q13\stitched_frames\frame_1630.jpg,D:\visualization2026\dowsample2_Q13_hess_matched\stitched_frames\frame_1630.jpg,1966,1324,0.006275810515748548,-0.012531711203046969,16.347147926119767,-18.43620046368932,95.47992688850763,-80.84341771336346,-79.13277896238787,62.40721724967415,100.7802434565335,-39.56638948119394,31.203608624837074,39.56638948119394,-31.203608624837074,0,0,100.7802434565335,647.1754001395364,635.0847715870481,551.6954732510287,715.9281893004115,12,12,0.9668932292025291,0.10255315826021115,-39.52512505167567,-0.08530130663032526,1.0222788498351396,168.9788056296861,2.861755870613203e-05,4.236246223487423e-05,1.0,1.0,0.0,405.56638948119394,0.0,1.0,92.79639137516293,0.0,0.0,1.0
frame_1632.jpg,frame_1632,1632,D:\visualization2026\visualization\left_downsample2_Q13\frame_1632.jpg,D:\visualization2026\visualization\right_downsample2_Q13\frame_1632.jpg,D:\visualization2026\dowsample2_Q13\stitched_frames\frame_1632.jpg,D:\visualization2026\dowsample2_Q13_hess_matched\stitched_frames\frame_1632.jpg,1972,1325,0.006658665832110944,-0.013008319857479966,17.32764759287806,-19.642638160244953,73.54050091927229,-86.00938417529312,-56.21285332639423,66.36674601504816,86.97373083707875,-28.106426663197116,33.18337300752408,28.106426663197116,-33.18337300752408,0,0,86.97373083707875,651.6224470151899,635.2337787260149,578.0819460959176,721.243162901308,12,12,0.9782730745563091,0.10203948725456488,-28.148913529699886,-0.08205519633084202,1.0294485823510056,166.5395188614964,3.3846412631606876e-05,4.1033911074806545e-05,1.0,1.0,0.0,400.1064266631971,0.0,1.0,91.81662699247592,0.0,0.0,1.0
frame_1634.jpg,frame_1634,1634,D:\visualization2026\visualization\left_downsample2_Q13\frame_1634.jpg,D:\visualization2026\visualization\right_downsample2_Q13\frame_1634.jpg,D:\visualization2026\dowsample2_Q13\stitched_frames\frame_1634.jpg,D:\visualization2026\dowsample2_Q13_hess_matched\stitched_frames\frame_1634.jpg,1958,1312,0.006678133256743629,-0.01306934096895973,17.379645230413058,-19.6935384404188,78.303624306198,-80.63854141875697,-60.92397907578494,60.945002978338174,86.17438490906872,-30.46198953789247,30.472501489169087,30.46198953789247,-30.472501489169087,0,0,86.17438490906872,641.5220219323107,636.9018146643291,563.2183976261127,717.5403560830861,12,12,0.9640136558884123,0.08899253275644732,-30.81029493044992,-0.0832546104999952,1.0070056736147037,165.09479208444307,3.094626582849697e-05,3.110602901530156e-05,1.0,1.0,0.0,388.46198953789246,0.0,1.0,81.52749851083091,0.0,0.0,1.0
frame_1636.jpg,frame_1636,1636,D:\visualization2026\visualization\left_downsample2_Q13\frame_1636.jpg,D:\visualization2026\visualization\right_downsample2_Q13\frame_1636.jpg,D:\visualization2026\dowsample2_Q13\stitched_frames\frame_1636.jpg,D:\visualization2026\dowsample2_Q13_hess_matched\stitched_frames\frame_1636.jpg,1968,1307,0.006447107368560884,-0.012997117800103264,16.800519775558186,-18.904388364612657,84.51713552732974,-83.46681890078344,-67.71661575177156,64.56243053617078,93.56199808475102,-33.85830787588578,32.28121526808539,33.85830787588578,-32.28121526808539,0,0,93.56199808475102,657.5995070376385,629.0654884879904,573.0823715103088,712.5323073887738,12,12,0.982065954336509,0.08741413560702445,-33.94148820030586,-0.0753463634404267,1.012969685179136,154.87141313887298,3.9799005143313174e-05,2.9061720711554555e-05,1.0,1.0,0.0,401.85830787588577,0.0,1.0,74.71878473191461,0.0,0.0,1.0
frame_1638.jpg,frame_1638,1638,D:\visualization2026\visualization\left_downsample2_Q13\frame_1638.jpg,D:\visualization2026\visualization\right_downsample2_Q13\frame_1638.jpg,D:\visualization2026\dowsample2_Q13\stitched_frames\frame_1638.jpg,D:\visualization2026\dowsample2_Q13_hess_matched\stitched_frames\frame_1638.jpg,1984,1322,0.006190435583435405,-0.012929766608317683,16.157856562776,-18.02397608592519,81.25710647199458,-83.38923519805621,-65.09924990921857,65.36525911213101,92.25253079205426,-32.549624954609286,32.68262955606551,32.549624954609286,-32.68262955606551,0,0,92.25253079205426,671.1009749928543,648.9429392646492,589.8438685208597,732.3321744627054,12,12,0.9910138924212926,0.1114902884485345,-32.586294781094765,-0.0810341326982133,1.042084197868616,164.4415685455549,3.681304475905508e-05,4.7605982011049086e-05,1.0,1.0,0.0,416.54962495460927,0.0,1.0,89.3173704439345,0.0,0.0,1.0
frame_1640.jpg,frame_1640,1640,D:\visualization2026\visualization\left_downsample2_Q13\frame_1640.jpg,D:\visualization2026\visualization\right_downsample2_Q13\frame_1640.jpg,D:\visualization2026\dowsample2_Q13\stitched_frames\frame_1640.jpg,D:\visualization2026\dowsample2_Q13_hess_matched\stitched_frames\frame_1640.jpg,1971,1319,0.006078576595992952,-0.012893780195873616,15.877394209053227,-17.64217120913512,85.74900763822211,-87.6103487615768,-69.87161342916889,69.96817755244169,98.88168805802832,-34.935806714584444,34.984088776220844,34.935806714584444,-34.984088776220844,0,0,98.88168805802832,661.0945170868875,650.2479212559568,575.3455094486654,737.8582700175336,12,12,0.9771411521371254,0.10055134369709595,-34.899187894196146,-0.08175902219692968,1.0275581347545433,167.9777954426849,3.366346930668584e-05,4.017324015152749e-05,1.0,1.0,0.0,405.93580671458443,0.0,1.0,84.01591122377916,0.0,0.0,1.0
frame_1642.jpg,frame_1642,1642,D:\visualization2026\visualization\left_downsample2_Q13\frame_1642.jpg,D:\visualization2026\visualization\right_downsample2_Q13\frame_1642.jpg,D:\visualization2026\dowsample2_Q13\stitched_frames\frame_1642.jpg,D:\visualization2026\dowsample2_Q13_hess_matched\stitched_frames\frame_1642.jpg,1972,1304,0.00602778163990994,-0.012974250583647762,15.755671807915549,-17.441306940044814,82.53716840696825,-63.97525501137761,-66.7814965990527,46.5339480713328,81.39518788672207,-33.39074829952635,23.2669740356664,33.39074829952635,-23.2669740356664,0,0,81.39518788672207,660.1583759768091,656.8810581957916,577.6212075698409,720.8563132071693,12,12,0.9748943574437459,0.09833685845677946,-33.757339372376165,-0.08239672170215045,1.0206049958867567,156.23444439687106,3.518774101202704e-05,3.386872923609286e-05,1.0,1.0,0.0,405.39074829952636,0.0,1.0,77.73302596433359,0.0,0.0,1.0
frame_1644.jpg,frame_1644,1644,D:\visualization2026\visualization\left_downsample2_Q13\frame_1644.jpg,D:\visualization2026\visualization\right_downsample2_Q13\frame_1644.jpg,D:\visualization2026\dowsample2_Q13\stitched_frames\frame_1644.jpg,D:\visualization2026\dowsample2_Q13_hess_matched\stitched_frames\frame_1644.jpg,1978,1296,0.005980111713314695,-0.013100757273709518,15.644405818124445,-17.238323775050887,83.76742511388943,-80.01273664463122,-68.12301929576499,62.77441286958033,92.63569867546583,-34.061509647882495,31.387206434790166,34.061509647882495,-31.387206434790166,0,0,92.63569867546583,666.2513028358325,645.4983605077975,582.483877721943,725.5110971524288,12,12,0.9943503630661402,0.09162556977539585,-34.34817639333075,-0.06777145539057945,1.0184710813992397,142.18436147009407,4.4184488901510146e-05,3.084968198894967e-05,1.0,1.0,0.0,412.0615096478825,0.0,1.0,64.61279356520984,0.0,0.0,1.0
frame_1646.jpg,frame_1646,1646,D:\visualization2026\visualization\left_downsample2_Q13\frame_1646.jpg,D:\visualization2026\visualization\right_downsample2_Q13\frame_1646.jpg,D:\visualization2026\dowsample2_Q13\stitched_frames\frame_1646.jpg,D:\visualization2026\dowsample2_Q13_hess_matched\stitched_frames\frame_1646.jpg,1939,1326,0.005932954670448354,-0.01316212439619735,15.530624654812256,-17.055632898074695,103.8021929817761,-103.82323893848513,-88.27156832696384,86.76760604041044,123.77595579467652,-44.13578416348192,43.38380302020522,44.13578416348192,-43.38380302020522,0,0,123.77595579467652,647.355663342217,651.5250879406727,543.5534703604409,755.3483268791579,12,12,0.941793099536326,0.07620560377660174,-44.53407765057599,-0.0758859673453194,1.006295315893259,166.70433067261752,2.5922885179392743e-05,2.067631391536577e-05,1.0,1.0,0.0,383.1357841634819,0.0,1.0,82.61619697979478,0.0,0.0,1.0
frame_1648.jpg,frame_1648,1648,D:\visualization2026\visualization\left_downsample2_Q13\frame_1648.jpg,D:\visualization2026\visualization\right_downsample2_Q13\frame_1648.jpg,D:\visualization2026\dowsample2_Q13\stitched_frames\frame_1648.jpg,D:\visualization2026\dowsample2_Q13_hess_matched\stitched_frames\frame_1648.jpg,1948,1281,0.005899487781364315,-0.013164008814343098,15.447449999933832,-16.937809397664076,104.30205838323809,-81.16397502272685,-88.85460838330425,64.22616562506278,109.63640719144512,-44.42730419165213,32.11308281253139,44.42730419165213,-32.11308281253139,0,0,109.63640719144512,656.667587532131,634.4910117739418,552.365529148893,715.6549867966686,12,12,0.9700321872730915,0.06390800127152002,-43.93570037268762,-0.06484412532805921,0.9913819783396332,138.18778704195313,3.9447599487610897e-05,1.387599586115017e-05,1.0,1.0,0.0,392.4273041916521,0.0,1.0,48.88691718746861,0.0,0.0,1.0
frame_1650.jpg,frame_1650,1650,D:\visualization2026\visualization\left_downsample2_Q13\frame_1650.jpg,D:\visualization2026\visualization\right_downsample2_Q13\frame_1650.jpg,D:\visualization2026\dowsample2_Q13\stitched_frames\frame_1650.jpg,D:\visualization2026\dowsample2_Q13_hess_matched\stitched_frames\frame_1650.jpg,1939,1273,0.0058767778430956485,-0.01316331205812804,15.390894415569418,-16.85841770035028,105.4041960638084,-66.54241334884148,-90.01330164823898,49.6839956484912,102.81485251273843,-45.00665082411949,24.8419978242456,45.00665082411949,-24.8419978242456,0,0,102.81485251273843,648.9848024883055,646.0911301315947,543.5806064244971,712.6335434804362,12,12,0.9469397171134215,0.07143425349870348,-45.053951132630274,-0.07425876919976414,0.9857421779128911,144.22777790845035,2.7620319657564297e-05,1.8605455045210838e-05,1.0,1.0,0.0,384.0066508241195,0.0,1.0,46.158002175754405,0.0,0.0,1.0
frame_1652.jpg,frame_1652,1652,D:\visualization2026\visualization\left_downsample2_Q13\frame_1652.jpg,D:\visualization2026\visualization\right_downsample2_Q13\frame_1652.jpg,D:\visualization2026\dowsample2_Q13\stitched_frames\frame_1652.jpg,D:\visualization2026\dowsample2_Q13_hess_matched\stitched_frames\frame_1652.jpg,1938,1266,0.005854039203757405,-0.013196518571452653,15.336240781348685,-16.769299390640754,104.14226490805413,-62.91915161010229,-88.80602412670544,46.149852219461536,100.08156064466185,-44.40301206335272,23.074926109730768,44.40301206335272,-23.074926109730768,0,0,100.08156064466185,647.1961864766815,638.2989356247916,543.0539215686274,701.2180872348939,12,12,0.9569137251926978,0.05462617173602488,-44.34900740915316,-0.06428745360321828,0.9727580109552547,126.72474131499177,3.761911362348082e-05,3.061643777717244e-06,1.0,1.0,0.0,382.4030120633527,0.0,1.0,34.92507389026923,0.0,0.0,1.0
frame_1654.jpg,frame_1654,1654,D:\visualization2026\visualization\left_downsample2_Q13\frame_1654.jpg,D:\visualization2026\visualization\right_downsample2_Q13\frame_1654.jpg,D:\visualization2026\dowsample2_Q13\stitched_frames\frame_1654.jpg,D:\visualization2026\dowsample2_Q13_hess_matched\stitched_frames\frame_1654.jpg,1949,1277,0.005838071303341852,-0.013229405713070297,15.298417943346342,-16.704000572540632,101.66751918643683,-48.14169366289855,-86.3691012430905,31.437693090357914,91.91273141617951,-43.18455062154525,15.718846545178957,43.18455062154525,-15.718846545178957,0,0,91.91273141617951,654.6774181763358,648.6070942158893,553.0098989898989,696.7487878787879,12,12,0.9629751201806888,0.0638737534808575,-43.12671988144226,-0.06841624471940422,0.9834209143308141,126.43836939371468,3.7626239123678725e-05,8.846794186918111e-06,1.0,1.0,0.0,392.18455062154527,0.0,1.0,33.281153454821045,0.0,0.0,1.0
frame_1656.jpg,frame_1656,1656,D:\visualization2026\visualization\left_downsample2_Q13\frame_1656.jpg,D:\visualization2026\visualization\right_downsample2_Q13\frame_1656.jpg,D:\visualization2026\dowsample2_Q13\stitched_frames\frame_1656.jpg,D:\visualization2026\dowsample2_Q13_hess_matched\stitched_frames\frame_1656.jpg,1948,1278,0.005827493561134184,-0.013257550112312777,15.273732777720744,-16.658938756957028,101.96148434538486,-53.12280993866841,-86.68775156766412,36.46387118171138,94.04456482654112,-43.34387578383206,18.23193559085569,43.34387578383206,-18.23193559085569,0,0,94.04456482654112,654.4278066385075,653.0665955105364,552.4663222931226,706.1894054492049,12,12,0.9598160550995355,0.06616538695748947,-43.26223594784608,-0.06984587051128459,0.9846279540341635,131.24202677034327,3.587458142181046e-05,1.0499680624837466e-05,1.0,1.0,0.0,391.34387578383206,0.0,1.0,32.76806440914431,0.0,0.0,1.0
frame_1658.jpg,frame_1658,1658,D:\visualization2026\visualization\left_downsample2_Q13\frame_1658.jpg,D:\visualization2026\visualization\right_downsample2_Q13\frame_1658.jpg,D:\visualization2026\dowsample2_Q13\stitched_frames\frame_1658.jpg,D:\visualization2026\dowsample2_Q13_hess_matched\stitched_frames\frame_1658.jpg,1946,1274,0.005811872650687,-0.013313579253473207,15.238120448582983,-16.588285384253343,101.5469993416906,-44.803027329804536,-86.30887889310762,28.214741945551193,90.80360256531215,-43.15443944655381,14.107370972775596,43.15443944655381,-14.107370972775596,0,0,90.80360256531215,652.4007968756249,658.1950039622895,550.8537975339343,702.9980312920941,12,12,0.9616477928074224,0.058611647542359875,-43.06144692896028,-0.06714173628286409,0.9779178685892923,122.32625261248492,3.840271168746996e-05,4.784237035502491e-06,1.0,1.0,0.0,389.1544394465538,0.0,1.0,31.8926290272244,0.0,0.0,1.0
frame_1660.jpg,frame_1660,1660,D:\visualization2026\visualization\left_downsample2_Q13\frame_1660.jpg,D:\visualization2026\visualization\right_downsample2_Q13\frame_1660.jpg,D:\visualization2026\dowsample2_Q13\stitched_frames\frame_1660.jpg,D:\visualization2026\dowsample2_Q13_hess_matched\stitched_frames\frame_1660.jpg,1948,1273,0.00577712543859954,-0.01346297877873548,15.160345901533008,-16.424091445441128,103.00790749816224,-48.6849633661825,-87.84756159662923,32.26087192074137,93.58396195695097,-43.92378079831462,16.130435960370686,43.92378079831462,-16.130435960370686,0,0,93.58396195695097,655.3276527210921,663.3359495849852,552.3197452229299,712.0209129511677,12,12,0.9566831541890474,0.07039560924155214,-44.121763815006084,-0.07103659555984067,0.9813620477024063,130.8929170631525,3.375716937972706e-05,1.2783504512675063e-05,1.0,1.0,0.0,391.9237807983146,0.0,1.0,33.86956403962931,0.0,0.0,1.0
frame_1662.jpg,frame_1662,1662,D:\visualization2026\visualization\left_downsample2_Q13\frame_1662.jpg,D:\visualization2026\visualization\right_downsample2_Q13\frame_1662.jpg,D:\visualization2026\dowsample2_Q13\stitched_frames\frame_1662.jpg,D:\visualization2026\dowsample2_Q13_hess_matched\stitched_frames\frame_1662.jpg,1954,1281,0.005735768346408376,-0.013656780391723577,15.06870674452666,-16.224125525010216,109.55388241112371,-48.449897273328475,-94.48517566659704,32.22577174831826,99.82959874467296,-47.24258783329852,16.11288587415913,47.24258783329852,-16.11288587415913,0,0,99.82959874467296,670.9841890618604,678.3559569680097,561.4303066507367,726.8058542413381,12,12,0.9577909472438946,0.08197386920416501,-47.28657733681015,-0.0732661371915705,0.9961679533111386,133.91799102175122,3.196372632259977e-05,2.0580368794400498e-05,1.0,1.0,0.0,401.2425878332985,0.0,1.0,40.88711412584087,0.0,0.0,1.0
frame_1664.jpg,frame_1664,1664,D:\visualization2026\visualization\left_downsample2_Q13\frame_1664.jpg,D:\visualization2026\visualization\right_downsample2_Q13\frame_1664.jpg,D:\visualization2026\dowsample2_Q13\stitched_frames\frame_1664.jpg,D:\visualization2026\dowsample2_Q13_hess_matched\stitched_frames\frame_1664.jpg,1946,1280,0.005711291600647317,-0.013785297874103652,15.01527540171374,-16.101854545807456,98.90982573998167,-41.43330324792794,-83.89455033826793,25.331448702120483,87.63548293818168,-41.94727516913397,12.665724351060241,41.94727516913397,-12.665724351060241,0,0,87.63548293818168,663.7583019845397,676.1800792998667,564.848476244558,717.6133825477947,12,12,0.9499148204392093,0.07379645675077955,-41.78439477152832,-0.07457218072879124,0.9854908975893912,132.29188468510108,3.0307394836478223e-05,1.4212177125554374e-05,1.0,1.0,0.0,387.94727516913395,0.0,1.0,42.33427564893976,0.0,0.0,1.0
frame_1666.jpg,frame_1666,1666,D:\visualization2026\visualization\left_downsample2_Q13\frame_1666.jpg,D:\visualization2026\visualization\right_downsample2_Q13\frame_1666.jpg,D:\visualization2026\dowsample2_Q13\stitched_frames\frame_1666.jpg,D:\visualization2026\dowsample2_Q13_hess_matched\stitched_frames\frame_1666.jpg,1957,1278,0.005731721215563784,-0.013756536405662545,15.064441620027715,-16.181618555892847,96.22337758749802,-42.579333922983665,-81.15893596747031,26.397715367090818,85.34408159898312,-40.57946798373516,13.198857683545409,40.57946798373516,-13.198857683545409,0,0,85.34408159898312,672.7956572990064,669.8815210994894,576.5722797115084,712.4608550224731,12,12,0.9754741556069746,0.0645612711692455,-40.901751752434876,-0.06376950314003506,0.9849562627612864,115.8701652191929,4.4572160146238636e-05,4.519418151020834e-06,1.0,1.0,0.0,397.5794679837352,0.0,1.0,31.80114231645459,0.0,0.0,1.0
frame_1668.jpg,frame_1668,1668,D:\visualization2026\visualization\left_downsample2_Q13\frame_1668.jpg,D:\visualization2026\visualization\right_downsample2_Q13\frame_1668.jpg,D:\visualization2026\dowsample2_Q13\stitched_frames\frame_1668.jpg,D:\visualization2026\dowsample2_Q13_hess_matched\stitched_frames\frame_1668.jpg,1965,1284,0.0057782216824723565,-0.013643297591574233,15.173569610277514,-16.376736120782,96.8290043458826,-56.10862257260669,-81.65543473560508,39.73188645182469,90.80877062751898,-40.82771736780254,19.865943225912346,40.82771736780254,-19.865943225912346,0,0,90.80877062751898,680.8355441213828,680.9405721565295,584.0065397755002,737.0491947291362,12,12,0.9822442024713505,0.07650216174106891,-40.76185440620615,-0.06473882791052016,1.0035629309620038,124.53833250565184,4.435130239475367e-05,1.594920150131919e-05,1.0,1.0,0.0,405.82771736780256,0.0,1.0,46.134056774087654,0.0,0.0,1.0
frame_1670.jpg,frame_1670,1670,D:\visualization2026\visualization\left_downsample2_Q13\frame_1670.jpg,D:\visualization2026\visualization\right_downsample2_Q13\frame_1670.jpg,D:\visualization2026\dowsample2_Q13\stitched_frames\frame_1670.jpg,D:\visualization2026\dowsample2_Q13_hess_matched\stitched_frames\frame_1670.jpg,1959,1284,0.005806611083748275,-0.013577257857542713,15.240374409715928,-16.494980370591545,98.42770781394859,-56.974947360263286,-83.18733340423266,40.47996698967174,92.5135674719761,-41.59366670211633,20.23998349483587,41.59366670211633,-20.23998349483587,0,0,92.5135674719761,676.8849967159441,693.9596835254144,578.4572889019955,750.9346308856777,12,12,0.9670372811990363,0.08655314667836962,-41.80575605356491,-0.07151512441901743,1.006887868806636,136.0552690287442,3.4956085239168685e-05,2.5530464307802307e-05,1.0,1.0,0.0,400.5936667021163,0.0,1.0,53.76001650516413,0.0,0.0,1.0
frame_1672.jpg,frame_1672,1672,D:\visualization2026\visualization\left_downsample2_Q13\frame_1672.jpg,D:\visualization2026\visualization\right_downsample2_Q13\frame_1672.jpg,D:\visualization2026\dowsample2_Q13\stitched_frames\frame_1672.jpg,D:\visualization2026\dowsample2_Q13_hess_matched\stitched_frames\frame_1672.jpg,1972,1286,0.005779523781739043,-0.01364916735818833,15.177151617333028,-16.37963289314574,97.87276507444165,-57.44753212116018,-82.69561345710862,41.06789922801444,92.33166754721736,-41.34780672855431,20.53394961400722,41.34780672855431,-20.53394961400722,0,0,92.33166754721736,687.4484436217226,694.6535979860552,589.575678547281,752.1011301072153,12,12,0.992775770776773,0.07775095304362929,-41.334508413998044,-0.06194882821153377,1.0092596408462966,121.49816577190546,4.844253049218305e-05,1.661209774779268e-05,1.0,1.0,0.0,413.3478067285543,0.0,1.0,45.46605038599278,0.0,0.0,1.0
frame_1674.jpg,frame_1674,1674,D:\visualization2026\visualization\left_downsample2_Q13\frame_1674.jpg,D:\visualization2026\visualization\right_downsample2_Q13\frame_1674.jpg,D:\visualization2026\dowsample2_Q13\stitched_frames\frame_1674.jpg,D:\visualization2026\dowsample2_Q13_hess_matched\stitched_frames\frame_1674.jpg,1968,1285,0.005717458403498993,-0.013802980398500031,15.031651085946372,-16.118446265906393,84.7304380644839,-89.17942552937075,-69.69878697853753,73.06097926346436,100.97439079893437,-34.84939348926876,36.53048963173218,34.84939348926876,-36.53048963173218,0,0,100.97439079893437,704.5759639995945,698.8420665144398,619.8455259351106,788.0214920438106,12,12,0.9849228013602833,0.08126234591936005,-35.24536321339245,-0.06355663050512515,1.009670295439749,141.11490168692427,4.408359378986918e-05,1.9612276840126972e-05,1.0,1.0,0.0,402.8493934892688,0.0,1.0,32.46951036826782,0.0,0.0,1.0
frame_1676.jpg,frame_1676,1676,D:\visualization2026\visualization\left_downsample2_Q13\frame_1676.jpg,D:\visualization2026\visualization\right_downsample2_Q13\frame_1676.jpg,D:\visualization2026\dowsample2_Q13\stitched_frames\frame_1676.jpg,D:\visualization2026\dowsample2_Q13_hess_matched\stitched_frames\frame_1676.jpg,1966,1284,0.005664310025184971,-0.013951277680067209,14.908019987621856,-15.890076332971493,86.47895513536344,-90.00699304693433,-71.57093514774158,74.11691671396284,103.03259727439047,-35.78546757387079,37.05845835698142,35.78546757387079,-37.05845835698142,0,0,103.03259727439047,703.0592858170044,698.9394271683207,616.5803306816409,788.946420215255,12,12,0.9815678123838291,0.08254712662121748,-36.262108628923215,-0.06509518258508229,1.0086690752288499,143.58177901108104,4.255346540913263e-05,2.082689147469704e-05,1.0,1.0,0.0,401.7854675738708,0.0,1.0,31.94154164301858,0.0,0.0,1.0
frame_1678.jpg,frame_1678,1678,D:\visualization2026\visualization\left_downsample2_Q13\frame_1678.jpg,D:\visualization2026\visualization\right_downsample2_Q13\frame_1678.jpg,D:\visualization2026\dowsample2_Q13\stitched_frames\frame_1678.jpg,D:\visualization2026\dowsample2_Q13_hess_matched\stitched_frames\frame_1678.jpg,1976,1288,0.005720873136328686,-0.014099597358518512,15.057413744568755,-16.046196255438893,86.61505207426274,-105.45965195133499,-71.55763832969399,89.41345569589609,114.5218828993187,-35.77881916484699,44.706727847948045,35.77881916484699,-44.706727847948045,0,0,114.5218828993187,712.6561627070652,706.5545538170679,626.0411106328024,812.0142057684029,12,12,0.9894817652136378,0.09478809187438238,-35.68410976264761,-0.06467015322571164,1.0249295188038057,150.78409742507705,4.248008725391449e-05,3.0346125559135446e-05,1.0,1.0,0.0,411.778819164847,0.0,1.0,42.293272152051955,0.0,0.0,1.0
frame_1680.jpg,frame_1680,1680,D:\visualization2026\visualization\left_downsample2_Q13\frame_1680.jpg,D:\visualization2026\visualization\right_downsample2_Q13\frame_1680.jpg,D:\visualization2026\dowsample2_Q13\stitched_frames\frame_1680.jpg,D:\visualization2026\dowsample2_Q13_hess_matched\stitched_frames\frame_1680.jpg,1949,1289,0.005824417281137251,-0.014304707732617161,15.327028152067536,-16.350842111325885,92.00544329048137,-88.92135696718697,-76.67841513841383,72.57051485586108,105.57489746423477,-38.33920756920691,36.28525742793054,38.33920756920691,-36.28525742793054,0,0,105.57489746423477,691.9712988331619,721.2518373163201,599.9658555426805,810.1731942835071,12,12,0.9463765250604821,0.08868053389525009,-38.28428986863481,-0.07720323976657306,0.9954482880981673,161.50916704561092,2.8280830874096484e-05,1.963842418773406e-05,1.0,1.0,0.0,387.3392075692069,0.0,1.0,44.71474257206946,0.0,0.0,1.0
frame_1682.jpg,frame_1682,1682,D:\visualization2026\visualization\left_downsample2_Q13\frame_1682.jpg,D:\visualization2026\visualization\right_downsample2_Q13\frame_1682.jpg,D:\visualization2026\dowsample2_Q13\stitched_frames\frame_1682.jpg,D:\visualization2026\dowsample2_Q13_hess_matched\stitched_frames\frame_1682.jpg,1965,1286,0.005702808645865309,-0.014493215118400737,15.035370112187271,-15.871128831017247,69.11948361838267,-58.873792428844126,-54.0841135061954,43.00266359782688,69.09645729166506,-27.0420567530977,21.50133179891344,27.0420567530977,-21.50133179891344,0,0,69.09645729166506,706.1724657558334,723.3252690304353,637.0529821374507,782.1990614592794,12,12,0.9695430977011164,0.09443390591290339,-26.739577057977147,-0.07301524220556752,1.0065478888334012,139.39831666485458,3.4997682713771926e-05,2.5518786381229328e-05,1.0,1.0,0.0,392.0420567530977,0.0,1.0,60.49866820108656,0.0,0.0,1.0
frame_1684.jpg,frame_1684,1684,D:\visualization2026\visualization\left_downsample2_Q13\frame_1684.jpg,D:\visualization2026\visualization\right_downsample2_Q13\frame_1684.jpg,D:\visualization2026\dowsample2_Q13\stitched_frames\frame_1684.jpg,D:\visualization2026\dowsample2_Q13_hess_matched\stitched_frames\frame_1684.jpg,1971,1309,0.004183626324396367,-0.014389267241753156,11.248744366701027,-10.576497596195962,62.95435016817828,-44.47877796658861,-51.705605801477255,33.902280370392646,61.82907314209448,-25.852802900738627,16.951140185196323,25.852802900738627,-16.951140185196323,0,0,61.82907314209448,713.9566759240489,740.0220848138149,651.0023257558706,784.5008627804035,12,12,0.9601567534807681,0.11365733156304518,-25.7704043891782,-0.07828938326761921,1.0212593798104437,143.47359760612645,3.017479694305145e-05,2.704470700043376e-05,1.0,1.0,0.0,396.85280290073865,0.0,1.0,72.04885981480368,0.0,0.0,1.0
frame_1686.jpg,frame_1686,1686,D:\visualization2026\visualization\left_downsample2_Q13\frame_1686.jpg,D:\visualization2026\visualization\right_downsample2_Q13\frame_1686.jpg,D:\visualization2026\dowsample2_Q13\stitched_frames\frame_1686.jpg,D:\visualization2026\dowsample2_Q13_hess_matched\stitched_frames\frame_1686.jpg,1973,1293,0.000938726391088246,-0.01388126441377735,3.1440495110928026,0.6513826935769339,66.48750789484973,-39.571367077995205,-63.343458383756925,40.22274977157214,75.03508059035622,-31.671729191878462,20.11137488578607,31.671729191878462,-20.11137488578607,0,0,75.03508059035622,717.4565036261461,728.5918921146955,650.9689957312963,768.1632591926907,12,12,0.9916037068668573,0.09102187566708793,-31.954979294260575,-0.06566637359404678,1.0111935459047319,127.09202594091803,4.6532161077823234e-05,1.7420716857944718e-05,1.0,1.0,0.0,404.67172919187846,0.0,1.0,40.88862511421393,0.0,0.0,1.0
frame_1688.jpg,frame_1688,1688,D:\visualization2026\visualization\left_downsample2_Q13\frame_1688.jpg,D:\visualization2026\visualization\right_downsample2_Q13\frame_1688.jpg,D:\visualization2026\dowsample2_Q13\stitched_frames\frame_1688.jpg,D:\visualization2026\dowsample2_Q13_hess_matched\stitched_frames\frame_1688.jpg,1964,1285,-0.0014481414582066254,-0.013490510951607138,-2.818556969870924,8.905483517859754,37.49350039547528,-46.40973148130547,-40.312057365346206,55.31521499916522,68.44585436263351,-20.156028682673103,27.65760749958261,20.156028682673103,-27.65760749958261,0,0,68.44585436263351,709.9602301337283,732.1703694332325,672.466729738253,778.580100914538,12,12,0.9754754634946737,0.08951919871445552,-19.69863652474381,-0.06946103806066789,0.9994558853832408,140.49049164760774,3.9024952415745457e-05,1.6992187874683966e-05,1.0,1.0,0.0,384.1560286826731,0.0,1.0,32.34239250041739,0.0,0.0,1.0
frame_1690.jpg,frame_1690,1690,D:\visualization2026\visualization\left_downsample2_Q13\frame_1690.jpg,D:\visualization2026\visualization\right_downsample2_Q13\frame_1690.jpg,D:\visualization2026\dowsample2_Q13\stitched_frames\frame_1690.jpg,D:\visualization2026\dowsample2_Q13_hess_matched\stitched_frames\frame_1690.jpg,1960,1287,-0.0009185024136482978,-0.013622189680308039,-1.4928542844650154,7.086691149084328,35.88635489280023,-51.96861471449586,-37.379209177265246,59.05530586358019,69.89087515090048,-18.689604588632623,29.527652931790094,18.689604588632623,-29.527652931790094,0,0,69.89087515090048,705.289752845316,724.1119777490197,669.4033979525158,776.0805924635156,12,12,0.9816200614204641,0.07379560185612928,-18.826573549835306,-0.06458151024189929,0.9898065237925261,134.4718714052828,4.6596929231548396e-05,3.7224624982469042e-06,1.0,1.0,0.0,378.6896045886326,0.0,1.0,22.472347068209906,0.0,0.0,1.0
frame_1692.jpg,frame_1692,1692,D:\visualization2026\visualization\left_downsample2_Q13\frame_1692.jpg,D:\visualization2026\visualization\right_downsample2_Q13\frame_1692.jpg,D:\visualization2026\dowsample2_Q13\stitched_frames\frame_1692.jpg,D:\visualization2026\dowsample2_Q13_hess_matched\stitched_frames\frame_1692.jpg,1968,1291,0.001357806503821224,-0.014048754781053496,4.196704187271809,-0.7697756417143029,34.686585286826926,-50.61298213869111,-30.489881099555117,49.843206496976805,58.42925708380416,-15.244940549777558,24.921603248488402,15.244940549777558,-24.921603248488402,0,0,58.42925708380416,714.2241242276369,742.5735443410596,679.53753894081,793.1865264797507,12,12,0.9790892786757707,0.09740366920719756,-15.147146000471386,-0.07160869112763563,1.0105599571473303,140.8015872446334,3.856582608856208e-05,2.378449394506908e-05,1.0,1.0,0.0,383.24494054977754,0.0,1.0,40.0783967515116,0.0,0.0,1.0
frame_1694.jpg,frame_1694,1694,D:\visualization2026\visualization\left_downsample2_Q13\frame_1694.jpg,D:\visualization2026\visualization\right_downsample2_Q13\frame_1694.jpg,D:\visualization2026\dowsample2_Q13\stitched_frames\frame_1694.jpg,D:\visualization2026\dowsample2_Q13_hess_matched\stitched_frames\frame_1694.jpg,1962,1293,0.0032948976196957025,-0.014421991614800733,9.038995004750848,-7.452556909284085,36.68882331820623,-47.157309708751654,-27.649828313455384,39.70475279946757,48.38367907291039,-13.824914156727692,19.852376399733785,13.824914156727692,-19.852376399733785,0,0,48.38367907291039,709.7714710939526,750.8771966897858,673.0826477757464,798.0345063985375,12,12,0.9707080283529687,0.09622021076895139,-14.21214383619162,-0.07501102084318521,1.006080996730696,140.50110398655733,3.602163137881825e-05,2.205346254477099e-05,1.0,1.0,0.0,375.8249141567277,0.0,1.0,46.147623600266215,0.0,0.0,1.0
frame_1696.jpg,frame_1696,1696,D:\visualization2026\visualization\left_downsample2_Q13\frame_1696.jpg,D:\visualization2026\visualization\right_downsample2_Q13\frame_1696.jpg,D:\visualization2026\dowsample2_Q13\stitched_frames\frame_1696.jpg,D:\visualization2026\dowsample2_Q13_hess_matched\stitched_frames\frame_1696.jpg,1959,1291,0.0034736814603613386,-0.014421548203472523,9.483883391814157,-8.079250818288516,35.70766060847359,-51.812082011800385,-26.223777216659432,43.73283119351187,50.9926172667102,-13.111888608329716,21.866415596755935,13.111888608329716,-21.866415596755935,0,0,50.9926172667102,706.84229907232,749.8252567220729,671.1346384638464,801.6373387338733,12,12,0.9697609994349322,0.08980484226115502,-13.408703343364559,-0.07314152614035893,0.9995445595420022,140.2226881740656,3.7154398980587165e-05,1.7065960737508087e-05,1.0,1.0,0.0,372.1118886083297,0.0,1.0,41.133584403244065,0.0,0.0,1.0
frame_1698.jpg,frame_1698,1698,D:\visualization2026\visualization\left_downsample2_Q13\frame_1698.jpg,D:\visualization2026\visualization\right_downsample2_Q13\frame_1698.jpg,D:\visualization2026\dowsample2_Q13\stitched_frames\frame_1698.jpg,D:\visualization2026\dowsample2_Q13_hess_matched\stitched_frames\frame_1698.jpg,1963,1293,0.0031573635326486993,-0.01415947143113605,8.681453012429047,-7.045089638959824,37.98675044180641,-56.01845279687939,-29.30529742937736,48.973363157919565,57.0718035147107,-14.65264871468868,24.486681578959782,14.65264871468868,-24.486681578959782,0,0,57.0718035147107,711.9016882011425,761.7069967190265,673.9149377593361,817.7254495159059,12,12,0.9663674652112333,0.10265025205445401,-14.333042390104325,-0.0757330723574756,1.0098620999495822,147.27707707923602,3.294507059339784e-05,2.6261180945074965e-05,1.0,1.0,0.0,377.65264871468867,0.0,1.0,45.51331842104022,0.0,0.0,1.0
frame_1700.jpg,frame_1700,1700,D:\visualization2026\visualization\left_downsample2_Q13\frame_1700.jpg,D:\visualization2026\visualization\right_downsample2_Q13\frame_1700.jpg,D:\visualization2026\dowsample2_Q13\stitched_frames\frame_1700.jpg,D:\visualization2026\dowsample2_Q13_hess_matched\stitched_frames\frame_1700.jpg,1964,1293,0.0032548724934818307,-0.014103322054239475,8.920841615627682,-7.402763002714139,35.99572411143754,-51.56792149342243,-27.07488249580986,44.16515849070829,51.80357600273647,-13.53744124790493,22.082579245354147,13.53744124790493,-22.082579245354147,0,0,51.80357600273647,711.8158813005268,759.2475354336849,675.8201571890893,810.8154569271073,12,12,0.9777059652247602,0.09053261949500996,-13.567134962554782,-0.07097194788349966,1.0050850439854533,136.9694445885218,4.04907111321069e-05,1.7589971326053176e-05,1.0,1.0,0.0,377.53744124790495,0.0,1.0,40.91742075464585,0.0,0.0,1.0
frame_1702.jpg,frame_1702,1702,D:\visualization2026\visualization\left_downsample2_Q13\frame_1702.jpg,D:\visualization2026\visualization\right_downsample2_Q13\frame_1702.jpg,D:\visualization2026\dowsample2_Q13\stitched_frames\frame_1702.jpg,D:\visualization2026\dowsample2_Q13_hess_matched\stitched_frames\frame_1702.jpg,1965,1293,0.004150956904469177,-0.014617357768684336,11.180720818922682,-10.397243076354135,36.35037451998858,-54.385215927115155,-25.169653701065897,43.98797285076102,50.67990946076037,-12.584826850532949,21.99398642538051,12.584826850532949,-21.99398642538051,0,0,50.67990946076037,712.4366967998592,762.3579978483566,676.0863222798706,816.7432137754718,12,12,0.9805933532697623,0.08880767597357316,-13.064212155346212,-0.06951885810364576,1.0044999415926759,134.8519657428759,4.202933055272275e-05,1.5910460108970464e-05,1.0,1.0,0.0,377.584826850533,0.0,1.0,40.00601357461949,0.0,0.0,1.0
frame_1704.jpg,frame_1704,1704,D:\visualization2026\visualization\left_downsample2_Q13\frame_1704.jpg,D:\visualization2026\visualization\right_downsample2_Q13\frame_1704.jpg,D:\visualization2026\dowsample2_Q13\stitched_frames\frame_1704.jpg,D:\visualization2026\dowsample2_Q13_hess_matched\stitched_frames\frame_1704.jpg,1967,1293,0.0046879629457274585,-0.015275277708038715,12.555387120336633,-12.09244024697988,37.01103426420116,-52.03249837198848,-24.455647143864525,39.940058125008605,46.83254125343056,-12.227823571932262,19.970029062504302,12.227823571932262,-19.970029062504302,0,0,46.83254125343056,714.9740824410121,768.4265408806086,677.963048176811,820.4590392525971,12,12,0.981416387844255,0.09299370112483868,-12.647218368825506,-0.0703591326474323,1.0083814519116379,133.27803886724254,4.1341621489092275e-05,1.9285519336311026e-05,1.0,1.0,0.0,379.2278235719323,0.0,1.0,43.0299709374957,0.0,0.0,1.0
frame_1706.jpg,frame_1706,1706,D:\visualization2026\visualization\left_downsample2_Q13\frame_1706.jpg,D:\visualization2026\visualization\right_downsample2_Q13\frame_1706.jpg,D:\visualization2026\dowsample2_Q13\stitched_frames\frame_1706.jpg,D:\visualization2026\dowsample2_Q13_hess_matched\stitched_frames\frame_1706.jpg,1963,1291,0.0048557702354100896,-0.015455760918503425,12.98349072790488,-12.629295795399466,37.78955232832038,-53.24276094146842,-24.806061600415504,40.613465146068954,47.5898544155639,-12.403030800207752,20.306732573034477,12.403030800207752,-20.306732573034477,0,0,47.5898544155639,711.8895742629552,774.4974598671885,674.1000219346348,827.7402208086569,12,12,0.97778662684533,0.08622822982070091,-12.206346408714161,-0.06974801681582819,0.9994433592420091,133.27703024291918,4.1577617576418694e-05,1.3701128880399349e-05,1.0,1.0,0.0,375.4030308002078,0.0,1.0,39.69326742696552,0.0,0.0,1.0
frame_1708.jpg,frame_1708,1708,D:\visualization2026\visualization\left_downsample2_Q13\frame_1708.jpg,D:\visualization2026\visualization\right_downsample2_Q13\frame_1708.jpg,D:\visualization2026\dowsample2_Q13\stitched_frames\frame_1708.jpg,D:\visualization2026\dowsample2_Q13_hess_matched\stitched_frames\frame_1708.jpg,1970,1293,0.0066914677637615605,-0.01599775139564663,17.58328006459147,-18.908818288678752,48.499779707176344,-62.10591543247381,-30.916499642584874,43.197097143795055,53.12079773309525,-15.458249821292437,21.598548571897528,15.458249821292437,-21.598548571897528,0,0,53.12079773309525,729.5411866528576,772.7522769094675,681.0414069456813,834.8581923419413,12,12,0.9806717447718503,0.10094146441917698,-15.746183327365255,-0.07112353817033286,1.0145730420765193,136.83439230567333,3.9164226511568996e-05,2.5338223552962814e-05,1.0,1.0,0.0,385.45824982129244,0.0,1.0,45.401451428102476,0.0,0.0,1.0
frame_1710.jpg,frame_1710,1710,D:\visualization2026\visualization\left_downsample2_Q13\frame_1710.jpg,D:\visualization2026\visualization\right_downsample2_Q13\frame_1710.jpg,D:\visualization2026\dowsample2_Q13\stitched_frames\frame_1710.jpg,D:\visualization2026\dowsample2_Q13_hess_matched\stitched_frames\frame_1710.jpg,1963,1292,0.016030623375636904,-0.021333469400452887,41.13489389730343,-50.1239860305077,47.799994166370425,-62.35650698591758,-6.665100269066997,12.232520955409875,13.930474884987182,-3.3325501345334985,6.116260477704937,3.3325501345334985,-6.116260477704937,0,0,13.930474884987182,722.4825089305178,771.7180986805248,674.6825147641474,834.0746056664424,12,12,0.9768044487995639,0.08905456463389119,-3.585232320985817,-0.07145936392138966,1.001664988378027,120.89585807321161,4.020481606549518e-05,1.5942799292256223e-05,1.0,1.0,0.0,366.3325501345335,0.0,1.0,55.88373952229506,0.0,0.0,1.0
frame_1712.jpg,frame_1712,1712,D:\visualization2026\visualization\left_downsample2_Q13\frame_1712.jpg,D:\visualization2026\visualization\right_downsample2_Q13\frame_1712.jpg,D:\visualization2026\dowsample2_Q13\stitched_frames\frame_1712.jpg,D:\visualization2026\dowsample2_Q13_hess_matched\stitched_frames\frame_1712.jpg,1967,1293,0.025351195272824978,-0.026728376531520492,64.64370621688045,-81.25721971747382,47.889403772473656,-64.48117322858877,16.75430244440679,-16.776046488885044,23.709542091653468,8.377151222203395,-8.388023244442522,-8.377151222203395,8.388023244442522,0,0,23.709542091653468,726.4027862803767,775.5415875722542,678.5133825079031,840.022760800843,12,12,0.9840016892097381,0.09082886453480087,7.942184562826299,-0.070462481798554,1.0067952586665536,103.43438786358114,4.266932487231513e-05,1.7455021474319794e-05,1.0,1.0,0.0,358.6228487777966,0.0,1.0,70.38802324444252,0.0,0.0,1.0
frame_1714.jpg,frame_1714,1714,D:\visualization2026\visualization\left_downsample2_Q13\frame_1714.jpg,D:\visualization2026\visualization\right_downsample2_Q13\frame_1714.jpg,D:\visualization2026\dowsample2_Q13\stitched_frames\frame_1714.jpg,D:\visualization2026\dowsample2_Q13_hess_matched\stitched_frames\frame_1714.jpg,1964,1293,0.025764837009705444,-0.026808702828180042,65.67775369821847,-82.6840668177097,49.56297157316635,-61.81467906348087,16.114782125052116,-20.86938775422884,26.366978366400954,8.057391062526058,-10.43469387711442,-8.057391062526058,10.43469387711442,0,0,26.366978366400954,725.0752154512272,782.9450839121741,675.5122438780609,844.759762975655,12,12,0.9766272834715909,0.09283149570462418,8.277842534766371,-0.07292090249980553,1.0050092482959359,105.5658952060877,3.93469744989163e-05,1.882885454830191e-05,1.0,1.0,0.0,355.94260893747395,0.0,1.0,74.43469387711443,0.0,0.0,1.0
frame_1716.jpg,frame_1716,1716,D:\visualization2026\visualization\left_downsample2_Q13\frame_1716.jpg,D:\visualization2026\visualization\right_downsample2_Q13\frame_1716.jpg,D:\visualization2026\dowsample2_Q13\stitched_frames\frame_1716.jpg,D:\visualization2026\dowsample2_Q13_hess_matched\stitched_frames\frame_1716.jpg,1967,1294,0.01653513065278564,-0.02246692870473377,42.4563643506176,-51.57026955698993,50.53075031519654,-63.235640831565206,-8.074385964578944,11.665371274575278,14.187198302648607,-4.037192982289472,5.832685637287639,4.037192982289472,-5.832685637287639,0,0,14.187198302648607,728.3665987034359,795.1758363204008,677.8358483882394,858.411477151966,12,12,0.9755939296616283,0.1006428423690715,-4.316380686064637,-0.07344049521177765,1.0114887009755118,123.95639948125013,3.7305504366951134e-05,2.411530579371145e-05,1.0,1.0,0.0,371.03719298228947,0.0,1.0,62.16731436271236,0.0,0.0,1.0
frame_1718.jpg,frame_1718,1718,D:\visualization2026\visualization\left_downsample2_Q13\frame_1718.jpg,D:\visualization2026\visualization\right_downsample2_Q13\frame_1718.jpg,D:\visualization2026\dowsample2_Q13\stitched_frames\frame_1718.jpg,D:\visualization2026\dowsample2_Q13_hess_matched\stitched_frames\frame_1718.jpg,1966,1292,0.006928510925271164,-0.017448957685640476,18.2576449832953,-19.327527144470675,42.053045018310854,-63.61161810919282,-23.795400035015554,44.28409096472214,50.27227640955006,-11.897700017507777,22.14204548236107,11.897700017507777,-22.14204548236107,0,0,50.27227640955006,732.960197750611,772.214911760559,690.9071527323001,835.8265298697518,12,12,0.9757056579798917,0.09856901176401087,-12.361404450863876,-0.07251547833855329,1.0103261565642827,138.96623795978348,3.7475197713461606e-05,2.3799221120897597e-05,1.0,1.0,0.0,377.89770001750776,0.0,1.0,43.85795451763893,0.0,0.0,1.0
frame_1720.jpg,frame_1720,1720,D:\visualization2026\visualization\left_downsample2_Q13\frame_1720.jpg,D:\visualization2026\visualization\right_downsample2_Q13\frame_1720.jpg,D:\visualization2026\dowsample2_Q13\stitched_frames\frame_1720.jpg,D:\visualization2026\dowsample2_Q13_hess_matched\stitched_frames\frame_1720.jpg,1967,1292,0.005363398585148393,-0.015114189345224127,14.226872475599883,-14.505317373561814,44.76774413693272,-51.88440591327958,-30.540871661332837,37.37908853971776,48.2694634514831,-15.270435830666418,18.68954426985888,15.270435830666418,-18.68954426985888,0,0,48.2694634514831,733.6435597546973,771.4468226000158,688.8758156177646,823.3312285132954,12,12,0.9830925221850256,0.08829058973951835,-15.209006778749586,-0.06884170732585533,1.0040571852992248,129.70010772001834,4.336410597813963e-05,1.529196999798758e-05,1.0,1.0,0.0,382.27043583066643,0.0,1.0,41.310455730141115,0.0,0.0,1.0
frame_1722.jpg,frame_1722,1722,D:\visualization2026\visualization\left_downsample2_Q13\frame_1722.jpg,D:\visualization2026\visualization\right_downsample2_Q13\frame_1722.jpg,D:\visualization2026\dowsample2_Q13\stitched_frames\frame_1722.jpg,D:\visualization2026\dowsample2_Q13_hess_matched\stitched_frames\frame_1722.jpg,1956,1288,0.005693015148812236,-0.015465307309704523,15.067580033275355,-15.56080398669798,53.21859433418854,-52.29462454453267,-38.15101430091318,36.73382055783469,52.96105611639255,-19.07550715045659,18.366910278917345,19.07550715045659,-18.366910278917345,0,0,52.96105611639255,723.8743331658036,770.0109424657766,670.655738831615,822.3055670103092,12,12,0.9613831935296953,0.09389834591401339,-19.488780765428263,-0.07627687455933628,0.9988132370340141,140.74445941381316,3.2263773178324736e-05,2.1008820409897084e-05,1.0,1.0,0.0,375.0755071504566,0.0,1.0,46.633089721082655,0.0,0.0,1.0
frame_1724.jpg,frame_1724,1724,D:\visualization2026\visualization\left_downsample2_Q13\frame_1724.jpg,D:\visualization2026\visualization\right_downsample2_Q13\frame_1724.jpg,D:\visualization2026\dowsample2_Q13\stitched_frames\frame_1724.jpg,D:\visualization2026\dowsample2_Q13_hess_matched\stitched_frames\frame_1724.jpg,1959,1292,0.005497752636252462,-0.016949705704196738,14.668058610029632,-14.45502503440404,52.86917327384458,-61.06265285285326,-38.20111466381495,46.607627818449224,60.262725896038084,-19.100557331907474,23.303813909224612,19.100557331907474,-23.303813909224612,0,0,60.262725896038084,728.8921641461251,763.71437000076,676.0229908722805,824.7770228536133,12,12,0.9691371448832944,0.08902895135182265,-19.259374806366246,-0.07243004443776513,0.9989027875974797,140.819968717323,3.750800850152213e-05,1.5642920650023804e-05,1.0,1.0,0.0,378.10055733190745,0.0,1.0,39.696186090775385,0.0,0.0,1.0
frame_1726.jpg,frame_1726,1726,D:\visualization2026\visualization\left_downsample2_Q13\frame_1726.jpg,D:\visualization2026\visualization\right_downsample2_Q13\frame_1726.jpg,D:\visualization2026\dowsample2_Q13\stitched_frames\frame_1726.jpg,D:\visualization2026\dowsample2_Q13_hess_matched\stitched_frames\frame_1726.jpg,1953,1287,0.004323238072923508,-0.017265750647069478,11.763605144128322,-10.249073635692875,58.47301561804659,-45.26018994695971,-46.70941047391827,35.01111631126684,58.37420056996105,-23.354705236959134,17.50555815563342,23.354705236959134,-17.50555815563342,0,0,58.37420056996105,720.2242710109315,755.149032770347,661.7512553928849,800.4092227173068,12,12,0.9581865686683322,0.08612945332036005,-23.566213699682564,-0.07549191834533132,0.9871330730019124,139.04470124334122,3.340925745061842e-05,1.1951889514337838e-05,1.0,1.0,0.0,376.35470523695915,0.0,1.0,29.49444184436658,0.0,0.0,1.0
frame_1728.jpg,frame_1728,1728,D:\visualization2026\visualization\left_downsample2_Q13\frame_1728.jpg,D:\visualization2026\visualization\right_downsample2_Q13\frame_1728.jpg,D:\visualization2026\dowsample2_Q13\stitched_frames\frame_1728.jpg,D:\visualization2026\dowsample2_Q13_hess_matched\stitched_frames\frame_1728.jpg,1956,1291,-0.002064238958704806,-0.011614932577794557,-4.460922114606585,10.532140449551214,56.868766774413075,-50.81376285409476,-61.32968888901966,61.345903303645976,86.74474388321302,-30.66484444450983,30.672951651822988,30.66484444450983,-30.672951651822988,0,0,86.74474388321302,721.3659478878732,752.8388093798728,664.4971811134601,803.6525722339676,12,12,0.9622173660368833,0.08769208647725077,-30.485729286977477,-0.07463898821288732,0.9914870476148671,152.27116110777988,3.551587451386649e-05,1.2651846571650878e-05,1.0,1.0,0.0,386.6648444445098,0.0,1.0,17.327048348177012,0.0,0.0,1.0
frame_1730.jpg,frame_1730,1730,D:\visualization2026\visualization\left_downsample2_Q13\frame_1730.jpg,D:\visualization2026\visualization\right_downsample2_Q13\frame_1730.jpg,D:\visualization2026\dowsample2_Q13\stitched_frames\frame_1730.jpg,D:\visualization2026\dowsample2_Q13_hess_matched\stitched_frames\frame_1730.jpg,1963,1293,-0.009579159311454921,-0.004357330705258788,-23.58468347249376,34.80839804074428,57.4607517605707,-38.92653943535004,-81.04543523306447,73.73493747609432,109.56825989637868,-40.52271761653223,36.86746873804716,40.52271761653223,-36.86746873804716,0,0,109.56825989637868,727.7373711039602,759.2749542055845,670.2766193433895,798.2014936409346,12,12,0.9692636563344047,0.09364025996611561,-40.74154557724664,-0.0736425008873081,1.0014592063523833,157.100843501699,3.620650991442457e-05,1.8420360522746375e-05,1.0,1.0,0.0,403.52271761653225,0.0,1.0,14.132531261952842,0.0,0.0,1.0
frame_1732.jpg,frame_1732,1732,D:\visualization2026\visualization\left_downsample2_Q13\frame_1732.jpg,D:\visualization2026\visualization\right_downsample2_Q13\frame_1732.jpg,D:\visualization2026\dowsample2_Q13\stitched_frames\frame_1732.jpg,D:\visualization2026\dowsample2_Q13_hess_matched\stitched_frames\frame_1732.jpg,1951,1292,-0.011825696886040876,-0.002056487437506749,-29.30924846741453,42.028371156578054,61.13325876967713,-44.557748377677285,-90.44250723709166,86.58611953425535,125.20784005537246,-45.22125361854583,43.29305976712767,45.22125361854583,-43.29305976712767,0,0,125.20784005537246,718.7073104242373,762.8476188539611,657.5740516545602,807.4053672316384,12,12,0.9502518576295567,0.09431358271052587,-45.674923315826135,-0.07851682861575505,0.9934917652501555,171.1859632206327,2.935762200800112e-05,1.7732318232517306e-05,1.0,1.0,0.0,396.2212536185458,0.0,1.0,9.706940232872327,0.0,0.0,1.0
frame_1734.jpg,frame_1734,1734,D:\visualization2026\visualization\left_downsample2_Q13\frame_1734.jpg,D:\visualization2026\visualization\right_downsample2_Q13\frame_1734.jpg,D:\visualization2026\dowsample2_Q13\stitched_frames\frame_1734.jpg,D:\visualization2026\dowsample2_Q13_hess_matched\stitched_frames\frame_1734.jpg,1961,1295,-0.00621085100059518,-0.007241942305721172,-15.034546603575487,23.82280073969832,60.350728283690046,-38.10202256399407,-75.38527488726554,61.92482330369239,97.55830774988931,-37.69263744363277,30.962411651846196,37.69263744363277,-30.962411651846196,0,0,97.55830774988931,727.3506620672948,768.2550824552087,666.9999337836048,806.3571050192028,12,12,0.9676945157806743,0.09118231989227445,-37.43075431694577,-0.0744338875023628,0.9987755212012078,151.90303240446798,3.693331470866264e-05,1.5627823140445387e-05,1.0,1.0,0.0,398.69263744363275,0.0,1.0,19.037588348153804,0.0,0.0,1.0
frame_1736.jpg,frame_1736,1736,D:\visualization2026\visualization\left_downsample2_Q13\frame_1736.jpg,D:\visualization2026\visualization\right_downsample2_Q13\frame_1736.jpg,D:\visualization2026\dowsample2_Q13\stitched_frames\frame_1736.jpg,D:\visualization2026\dowsample2_Q13_hess_matched\stitched_frames\frame_1736.jpg,1968,1296,0.0016248797103329826,-0.014499823655241384,4.887586634307466,-1.5776933666636557,60.09493083626512,-45.92264174272532,-55.20734420195765,44.344948376061666,70.8119008381289,-27.603672100978827,22.172474188030833,27.603672100978827,-22.172474188030833,0,0,70.8119008381289,735.6171155879679,776.1838847401153,675.5221847517028,822.1065264828406,12,12,0.9700721967588062,0.1097443614313973,-27.992869393221838,-0.076010375826245,1.0172046444271805,144.63130146714866,3.413005908289147e-05,2.9526761510399618e-05,1.0,1.0,0.0,395.6036721009788,0.0,1.0,35.82752581196917,0.0,0.0,1.0
frame_1738.jpg,frame_1738,1738,D:\visualization2026\visualization\left_downsample2_Q13\frame_1738.jpg,D:\visualization2026\visualization\right_downsample2_Q13\frame_1738.jpg,D:\visualization2026\dowsample2_Q13\stitched_frames\frame_1738.jpg,D:\visualization2026\dowsample2_Q13_hess_matched\stitched_frames\frame_1738.jpg,1963,1295,0.005148194024045677,-0.017676668789377015,13.840474890698346,-13.023553827362411,59.382676660525135,-39.3783914365265,-45.54220176982679,26.354837609164086,52.618149031004734,-22.771100884913395,13.177418804582043,22.771100884913395,-13.177418804582043,0,0,52.618149031004734,729.8063255542502,775.2355367462809,670.423648893725,814.6139281828074,12,12,0.9729807785473111,0.08888611764742915,-22.297086586650906,-0.07269121164994685,0.9987504137367538,130.12826972470899,3.986583101840904e-05,1.309361667167639e-05,1.0,1.0,0.0,385.7711008849134,0.0,1.0,34.82258119541795,0.0,0.0,1.0
frame_1740.jpg,frame_1740,1740,D:\visualization2026\visualization\left_downsample2_Q13\frame_1740.jpg,D:\visualization2026\visualization\right_downsample2_Q13\frame_1740.jpg,D:\visualization2026\dowsample2_Q13\stitched_frames\frame_1740.jpg,D:\visualization2026\dowsample2_Q13_hess_matched\stitched_frames\frame_1740.jpg,1964,1293,0.004917421953974349,-0.018084165651999107,13.289903672061781,-12.099088202927739,58.82083843491853,-44.56874749011524,-45.530934762856745,32.469659287187504,55.92266798540247,-22.765467381428373,16.234829643593752,22.765467381428373,-16.234829643593752,0,0,55.92266798540247,730.7134740089642,777.9215086955646,671.8926355740457,822.4902561856799,12,12,0.9714216042147397,0.09347914786164067,-22.510682659947797,-0.07416048426789498,1.0014758529871723,135.4877036138684,3.7182042937571586e-05,1.7857824367405128e-05,1.0,1.0,0.0,386.7654673814284,0.0,1.0,33.765170356406244,0.0,0.0,1.0
frame_1742.jpg,frame_1742,1742,D:\visualization2026\visualization\left_downsample2_Q13\frame_1742.jpg,D:\visualization2026\visualization\right_downsample2_Q13\frame_1742.jpg,D:\visualization2026\dowsample2_Q13\stitched_frames\frame_1742.jpg,D:\visualization2026\dowsample2_Q13_hess_matched\stitched_frames\frame_1742.jpg,1963,1293,0.004297877643286985,-0.018137255130749375,11.751221019423237,-9.91275221591422,59.170747937325245,-47.8638742225138,-47.419526917902004,37.95112200659958,60.73630870144679,-23.709763458951002,18.97556100329979,23.709763458951002,-18.97556100329979,0,0,60.73630870144679,730.8732284577342,785.2234086425944,671.7024805204089,833.0872828651083,12,12,0.9683536729148178,0.09560741058254504,-23.53880604657907,-0.07519829306775214,1.0024783002708648,140.34444615936462,3.526666390661394e-05,1.9761399229252694e-05,1.0,1.0,0.0,386.709763458951,0.0,1.0,33.02443899670021,0.0,0.0,1.0
frame_1744.jpg,frame_1744,1744,D:\visualization2026\visualization\left_downsample2_Q13\frame_1744.jpg,D:\visualization2026\visualization\right_downsample2_Q13\frame_1744.jpg,D:\visualization2026\dowsample2_Q13\stitched_frames\frame_1744.jpg,D:\visualization2026\dowsample2_Q13_hess_matched\stitched_frames\frame_1744.jpg,1969,1294,0.004998436710241583,-0.017979873166083293,13.48544324958493,-12.412624867334268,56.010771190495916,-62.334717707950745,-42.525327940910984,49.92209284061648,65.57910391328289,-21.262663970455492,24.96104642030824,21.262663970455492,-24.96104642030824,0,0,65.57910391328289,735.1840556539453,765.0853596693655,679.1732844634494,827.4200773773163,12,12,0.9856874759906533,0.08639294002818702,-21.60283986363754,-0.06777917989707212,1.0005808055375152,135.25141669443045,4.580220397502637e-05,1.0792171958989438e-05,1.0,1.0,0.0,390.2626639704555,0.0,1.0,19.03895357969176,0.0,0.0,1.0
frame_1746.jpg,frame_1746,1746,D:\visualization2026\visualization\left_downsample2_Q13\frame_1746.jpg,D:\visualization2026\visualization\right_downsample2_Q13\frame_1746.jpg,D:\visualization2026\dowsample2_Q13\stitched_frames\frame_1746.jpg,D:\visualization2026\dowsample2_Q13_hess_matched\stitched_frames\frame_1746.jpg,1966,1292,0.006994036707144158,-0.017514009297820543,18.424496175272722,-19.538699736432395,59.56049257572863,-60.290594016358,-41.13599640045591,40.75189427992561,57.90411977796187,-20.567998200227954,20.375947139962804,20.567998200227954,-20.375947139962804,0,0,57.90411977796187,734.7854295126656,780.2535501277861,675.224936936937,840.5441441441441,12,12,0.9730910737678578,0.0962459446959523,-20.439232336467207,-0.0733649614930549,1.0048665384819515,138.58343919027203,3.703260649384743e-05,2.014198847142388e-05,1.0,1.0,0.0,386.567998200228,0.0,1.0,30.624052860037196,0.0,0.0,1.0
frame_1748.jpg,frame_1748,1748,D:\visualization2026\visualization\left_downsample2_Q13\frame_1748.jpg,D:\visualization2026\visualization\right_downsample2_Q13\frame_1748.jpg,D:\visualization2026\dowsample2_Q13\stitched_frames\frame_1748.jpg,D:\visualization2026\dowsample2_Q13_hess_matched\stitched_frames\frame_1748.jpg,1963,1293,0.008864441927462857,-0.016924497409401495,23.04479741115092,-26.261122387255845,64.05003848531646,-43.770978270264095,-41.00524107416554,17.50985588300825,44.587272271290054,-20.50262053708277,8.754927941504125,20.50262053708277,-8.754927941504125,0,0,44.587272271290054,731.1143883039149,775.7956947613698,667.0643498185984,819.5666730316339,12,12,0.9802441302714018,0.07958273228210064,-20.770973950538938,-0.0684366256542509,0.9935309230742134,118.36022458737489,4.4963703251886625e-05,5.935682426272609e-06,1.0,1.0,0.0,383.50262053708275,0.0,1.0,33.24507205849588,0.0,0.0,1.0
frame_1750.jpg,frame_1750,1750,D:\visualization2026\visualization\left_downsample2_Q13\frame_1750.jpg,D:\visualization2026\visualization\right_downsample2_Q13\frame_1750.jpg,D:\visualization2026\dowsample2_Q13\stitched_frames\frame_1750.jpg,D:\visualization2026\dowsample2_Q13_hess_matched\stitched_frames\frame_1750.jpg,1967,1295,0.009552226108653306,-0.016618480441589867,24.73857712775706,-28.758425390051332,61.18643590286547,-49.44121296388869,-36.44785877510841,20.682787573837356,41.90732765417914,-18.223929387554204,10.341393786918678,18.223929387554204,-10.341393786918678,0,0,41.90732765417914,735.4854077643373,781.4670662568906,674.2989718614718,830.9082792207793,12,12,0.9811970727866062,0.08841225689084439,-18.18656287388647,-0.0698131153765963,1.0029389309484151,122.37493889774565,4.326417723029544e-05,1.290807765413927e-05,1.0,1.0,0.0,385.2239293875542,0.0,1.0,36.65860621308132,0.0,0.0,1.0
frame_1752.jpg,frame_1752,1752,D:\visualization2026\visualization\left_downsample2_Q13\frame_1752.jpg,D:\visualization2026\visualization\right_downsample2_Q13\frame_1752.jpg,D:\visualization2026\dowsample2_Q13\stitched_frames\frame_1752.jpg,D:\visualization2026\dowsample2_Q13_hess_matched\stitched_frames\frame_1752.jpg,1963,1293,0.007947720792215257,-0.01769309594687729,20.80821953268187,-22.830145138620363,26.953539921565152,-30.27888070384853,-6.145320388883281,7.448735565228166,9.656532721568313,-3.0726601944416405,3.724367782614083,3.0726601944416405,-3.724367782614083,2,2,9.656532721568313,1383.6360938783996,241.61260610670303,1356.6825539568345,271.89148681055156,12,12,0.9744719532021031,0.09053068689844397,-3.344629420993259,-0.07258045197905336,0.9993908153315012,120.39741600342327,3.95666880012663e-05,1.4909823566446394e-05,1.0,1.0,0.0,366.07266019444165,0.0,1.0,44.27563221738592,0.0,0.0,1.0
frame_1754.jpg,frame_1754,1754,D:\visualization2026\visualization\left_downsample2_Q13\frame_1754.jpg,D:\visualization2026\visualization\right_downsample2_Q13\frame_1754.jpg,D:\visualization2026\dowsample2_Q13\stitched_frames\frame_1754.jpg,D:\visualization2026\dowsample2_Q13_hess_matched\stitched_frames\frame_1754.jpg,1957,1291,0.005304325843615204,-0.019666320603240917,14.344827905920242,-13.00582102623262,74.8340681952302,-21.43145010474882,-60.48924028930996,8.425629078516199,61.0732299468975,-30.24462014465498,4.212814539258099,30.24462014465498,-4.212814539258099,0,0,61.0732299468975,726.6812554328457,778.2768622378204,651.8471872376155,799.7083123425692,12,12,0.9587507878782741,0.09397226842106411,-30.108478366275584,-0.07733346366269392,0.9966139414725979,127.72745017040157,3.173380586915444e-05,1.8472946848554066e-05,1.0,1.0,0.0,387.24462014465496,0.0,1.0,47.7871854607419,0.0,0.0,1.0
frame_1756.jpg,frame_1756,1756,D:\visualization2026\visualization\left_downsample2_Q13\frame_1756.jpg,D:\visualization2026\visualization\right_downsample2_Q13\frame_1756.jpg,D:\visualization2026\dowsample2_Q13\stitched_frames\frame_1756.jpg,D:\visualization2026\dowsample2_Q13_hess_matched\stitched_frames\frame_1756.jpg,1971,1295,0.003885963399673731,-0.020902786128718875,10.8871185403668,-7.683945879572934,71.49951496501046,-24.758973160214282,-60.61239642464366,17.075027280641347,62.97157419798875,-30.30619821232183,8.537513640320674,30.30619821232183,-8.537513640320674,0,0,62.97157419798875,735.569764612518,763.9353123171018,664.0702496475076,788.694285477316,12,12,0.9826541243976742,0.09555434680003934,-30.40001950117285,-0.07063762673184557,1.0081321490263568,121.85536965605928,4.255843316184715e-05,1.820953700471197e-05,1.0,1.0,0.0,401.3061982123218,0.0,1.0,40.462486359679325,0.0,0.0,1.0
frame_1758.jpg,frame_1758,1758,D:\visualization2026\visualization\left_downsample2_Q13\frame_1758.jpg,D:\visualization2026\visualization\right_downsample2_Q13\frame_1758.jpg,D:\visualization2026\dowsample2_Q13\stitched_frames\frame_1758.jpg,D:\visualization2026\dowsample2_Q13_hess_matched\stitched_frames\frame_1758.jpg,1953,1292,0.0040078029231693235,-0.021191710998020863,11.207140591715595,-8.028912810534376,71.0581404174161,-35.751719353311046,-59.850999825700505,27.72280654277667,65.95980732797985,-29.925499912850253,13.861403271388335,29.925499912850253,-13.861403271388335,0,0,65.95980732797985,717.4143646972515,750.9151187811196,646.3562242798354,786.6668381344307,12,12,0.9603562282652174,0.08468337630341033,-29.99463028976336,-0.0750906806479781,0.9911284398040167,134.35584210316875,3.515532074684781e-05,1.1302827232548332e-05,1.0,1.0,0.0,382.9254999128502,0.0,1.0,34.13859672861167,0.0,0.0,1.0
frame_1760.jpg,frame_1760,1760,D:\visualization2026\visualization\left_downsample2_Q13\frame_1760.jpg,D:\visualization2026\visualization\right_downsample2_Q13\frame_1760.jpg,D:\visualization2026\dowsample2_Q13\stitched_frames\frame_1760.jpg,D:\visualization2026\dowsample2_Q13_hess_matched\stitched_frames\frame_1760.jpg,1956,1290,0.004285020845238713,-0.021454471227904337,11.912308068264398,-8.925849585118668,72.08771711103907,-22.810645709682262,-60.175409042774675,13.884796124563595,61.75651720171681,-30.087704521387337,6.942398062281797,30.087704521387337,-6.942398062281797,0,0,61.75651720171681,721.3767631664402,761.7229907304962,649.2890460554012,784.5336364401785,12,12,0.9586251200335199,0.09191401446504996,-29.934363796272606,-0.07712880213862865,0.9947396566584004,130.1554928116396,3.216345272517222e-05,1.6999572931524893e-05,1.0,1.0,0.0,386.0877045213873,0.0,1.0,44.0576019377182,0.0,0.0,1.0
frame_1762.jpg,frame_1762,1762,D:\visualization2026\visualization\left_downsample2_Q13\frame_1762.jpg,D:\visualization2026\visualization\right_downsample2_Q13\frame_1762.jpg,D:\visualization2026\dowsample2_Q13\stitched_frames\frame_1762.jpg,D:\visualization2026\dowsample2_Q13_hess_matched\stitched_frames\frame_1762.jpg,1958,1294,0.004508975259833348,-0.021680770194282495,12.482803880770321,-9.64647073420249,70.87104993204741,-43.50499301515674,-58.38824605127709,33.858522280954254,67.49508728784896,-29.194123025638547,16.929261140477127,29.194123025638547,-16.929261140477127,0,0,67.49508728784896,722.2458812410893,747.3867073897015,651.3748313090418,790.8917004048583,12,12,0.9622535496983775,0.0926714764904442,-29.299960554210045,-0.07602397836014464,0.9975665283448131,139.84100540566672,3.418354005908208e-05,1.6462115536888246e-05,1.0,1.0,0.0,387.19412302563853,0.0,1.0,35.070738859522876,0.0,0.0,1.0
frame_1764.jpg,frame_1764,1764,D:\visualization2026\visualization\left_downsample2_Q13\frame_1764.jpg,D:\visualization2026\visualization\right_downsample2_Q13\frame_1764.jpg,D:\visualization2026\dowsample2_Q13\stitched_frames\frame_1764.jpg,D:\visualization2026\dowsample2_Q13_hess_matched\stitched_frames\frame_1764.jpg,1970,1298,0.0046490187452260245,-0.021914546473647878,12.844917591448574,-10.070893619699962,70.66895015299406,-59.34143589831797,-57.82403256154548,49.27054227861801,75.96844791166762,-28.91201628077274,24.635271139309005,28.91201628077274,-24.635271139309005,0,0,75.96844791166762,734.5363609427793,732.5770487964224,663.8674107897853,791.9184846947404,12,12,0.9780280910773166,0.09957939114928518,-28.829267249058226,-0.07261310395523345,1.0118973183526316,142.12771469854138,3.9733987548617365e-05,2.1105308112743122e-05,1.0,1.0,0.0,398.9120162807727,0.0,1.0,28.364728860690995,0.0,0.0,1.0
frame_1766.jpg,frame_1766,1766,D:\visualization2026\visualization\left_downsample2_Q13\frame_1766.jpg,D:\visualization2026\visualization\right_downsample2_Q13\frame_1766.jpg,D:\visualization2026\dowsample2_Q13\stitched_frames\frame_1766.jpg,D:\visualization2026\dowsample2_Q13_hess_matched\stitched_frames\frame_1766.jpg,1963,1295,0.004770905100839079,-0.022164915759156578,13.16281202013564,-10.426971619225773,69.71531157978427,-58.44333858272557,-56.55249955964863,48.0163669634998,74.18730823272627,-28.276249779824315,24.0081834817499,28.276249779824315,-24.0081834817499,0,0,74.18730823272627,727.0398752910883,736.3053240499149,657.324563711304,794.7486626326405,12,12,0.9679964213332743,0.09730562214941814,-28.602987286677052,-0.07499259403679229,1.0038135317850774,144.8409599206298,3.5950138667422156e-05,1.9244142045362855e-05,1.0,1.0,0.0,391.2762497798243,0.0,1.0,27.9918165182501,0.0,0.0,1.0
frame_1768.jpg,frame_1768,1768,D:\visualization2026\visualization\left_downsample2_Q13\frame_1768.jpg,D:\visualization2026\visualization\right_downsample2_Q13\frame_1768.jpg,D:\visualization2026\dowsample2_Q13\stitched_frames\frame_1768.jpg,D:\visualization2026\dowsample2_Q13_hess_matched\stitched_frames\frame_1768.jpg,1961,1293,0.004723283719081373,-0.022332581683213393,13.05406255233968,-10.212472400406973,69.55766836703651,-60.32170642359131,-56.50360581469683,50.109234023184335,75.52213453321414,-28.251802907348416,25.054617011592168,28.251802907348416,-25.054617011592168,0,0,75.52213453321414,724.3512684979801,733.9652237670953,654.7936001309436,794.2869301906866,12,12,0.9727188676741714,0.08477080889744468,-28.544285186001797,-0.07128170403045131,0.9955235424554143,140.1108760504019,4.0413971810168823e-05,1.0330205780859622e-05,1.0,1.0,0.0,389.2518029073484,0.0,1.0,20.945382988407832,0.0,0.0,1.0
frame_1770.jpg,frame_1770,1770,D:\visualization2026\visualization\left_downsample2_Q13\frame_1770.jpg,D:\visualization2026\visualization\right_downsample2_Q13\frame_1770.jpg,D:\visualization2026\dowsample2_Q13\stitched_frames\frame_1770.jpg,D:\visualization2026\dowsample2_Q13_hess_matched\stitched_frames\frame_1770.jpg,1965,1294,0.0037465136708273172,-0.022179357889187346,10.614393779575083,-6.8327765101058935,70.48799126869619,-65.51255630485241,-59.87359748912111,58.679779794746516,83.83414717792047,-29.936798744560555,29.339889897373258,29.936798744560555,-29.339889897373258,0,0,83.83414717792047,729.2895311942953,741.9245057247349,658.8015399255991,807.4370620295873,12,12,0.9738222962444533,0.09360344354419309,-30.30356982102061,-0.07244180811915824,1.0020064764675092,147.07363737577853,3.9225072981143865e-05,1.6536893062901194e-05,1.0,1.0,0.0,394.9367987445606,0.0,1.0,19.660110102626742,0.0,0.0,1.0
frame_1772.jpg,frame_1772,1772,D:\visualization2026\visualization\left_downsample2_Q13\frame_1772.jpg,D:\visualization2026\visualization\right_downsample2_Q13\frame_1772.jpg,D:\visualization2026\dowsample2_Q13\stitched_frames\frame_1772.jpg,D:\visualization2026\dowsample2_Q13_hess_matched\stitched_frames\frame_1772.jpg,1960,1294,0.0017468429276978614,-0.021782086181182714,5.614970871862942,0.06249794655880681,70.96681827686996,-55.36965698134702,-65.35184740500702,55.43215492790583,85.69473588966056,-32.67592370250351,27.716077463952914,32.67592370250351,-27.716077463952914,0,0,85.69473588966056,725.812508609592,752.2176279719321,654.845690332722,807.5872849532791,12,12,0.9666348210230483,0.09247187311924271,-32.9620850264251,-0.0751607124027217,0.9986556625054599,149.38743653542457,3.624777261259027e-05,1.6720943586581397e-05,1.0,1.0,0.0,392.6759237025035,0.0,1.0,22.283922536047086,0.0,0.0,1.0
frame_1774.jpg,frame_1774,1774,D:\visualization2026\visualization\left_downsample2_Q13\frame_1774.jpg,D:\visualization2026\visualization\right_downsample2_Q13\frame_1774.jpg,D:\visualization2026\dowsample2_Q13\stitched_frames\frame_1774.jpg,D:\visualization2026\dowsample2_Q13_hess_matched\stitched_frames\frame_1774.jpg,1968,1294,0.0004989845243788538,-0.021764933597575697,2.5086028054154763,4.430887549532844,69.43475295476435,-59.84151697025743,-66.92615014934887,64.27240451979027,92.7903634897975,-33.463075074674435,32.136202259895136,33.463075074674435,-32.136202259895136,0,0,92.7903634897975,732.4608543678982,752.7901538526852,663.0261014131338,812.6316708229426,12,12,0.9767961214462537,0.09606687324344537,-33.80045861432413,-0.07177771405999352,1.0070402975044288,149.0913787187419,3.898238966687886e-05,1.9941745496095365e-05,1.0,1.0,0.0,401.4630750746744,0.0,1.0,18.863797740104864,0.0,0.0,1.0
frame_1776.jpg,frame_1776,1776,D:\visualization2026\visualization\left_downsample2_Q13\frame_1776.jpg,D:\visualization2026\visualization\right_downsample2_Q13\frame_1776.jpg,D:\visualization2026\dowsample2_Q13\stitched_frames\frame_1776.jpg,D:\visualization2026\dowsample2_Q13_hess_matched\stitched_frames\frame_1776.jpg,1961,1294,0.0011429914714721212,-0.022356393504850303,4.145678836179406,2.3418239646777272,71.37719705408313,-64.30444522496725,-67.23151821790373,66.64626918964498,94.66679586202832,-33.61575910895186,33.32313459482249,33.61575910895186,-33.32313459482249,0,0,94.66679586202832,727.7903643717914,759.6772442281577,656.4131673177083,823.981689453125,12,12,0.9667675892085004,0.09549278482029279,-34.08613227674351,-0.07451897499179054,1.0031079998071375,154.189200450125,3.549283980044685e-05,1.9331478872530136e-05,1.0,1.0,0.0,394.61575910895186,0.0,1.0,18.67686540517751,0.0,0.0,1.0
frame_1778.jpg,frame_1778,1778,D:\visualization2026\visualization\left_downsample2_Q13\frame_1778.jpg,D:\visualization2026\visualization\right_downsample2_Q13\frame_1778.jpg,D:\visualization2026\dowsample2_Q13\stitched_frames\frame_1778.jpg,D:\visualization2026\dowsample2_Q13_hess_matched\stitched_frames\frame_1778.jpg,1966,1296,0.002582838545647309,-0.02294464435094168,7.763063460511092,-2.537261703008494,70.42431399451812,-58.7779355759601,-62.661250534007024,56.240673872951604,84.19884628763803,-31.330625267003512,28.120336936475802,31.330625267003512,-28.120336936475802,0,0,84.19884628763803,733.7617924055717,770.4808727141954,663.3374784110536,829.2588082901555,12,12,0.9718556348141119,0.1004693393035071,-31.487342406048384,-0.07414605014651453,1.0095326528781563,148.7489952513808,3.690031173973705e-05,2.2583714618512877e-05,1.0,1.0,0.0,397.3306252670035,0.0,1.0,25.879663063524198,0.0,0.0,1.0
frame_1780.jpg,frame_1780,1780,D:\visualization2026\visualization\left_downsample2_Q13\frame_1780.jpg,D:\visualization2026\visualization\right_downsample2_Q13\frame_1780.jpg,D:\visualization2026\dowsample2_Q13\stitched_frames\frame_1780.jpg,D:\visualization2026\dowsample2_Q13_hess_matched\stitched_frames\frame_1780.jpg,1962,1292,0.0038664272136288147,-0.02346497402592207,10.98763634768889,-6.8880068677908035,70.06483614713409,-51.57249182888279,-59.0771997994452,44.68448496109198,74.07306347371913,-29.5385998997226,22.34224248054599,29.5385998997226,-22.34224248054599,0,0,74.07306347371913,729.0143930660162,764.8440896298765,658.9495569188821,816.4165814587593,12,12,0.970017840203543,0.09143758329808163,-29.945837197041257,-0.07328275123417483,0.9975011010522518,140.74371646413408,3.805859475447659e-05,1.4800337888541616e-05,1.0,1.0,0.0,391.5385998997226,0.0,1.0,25.65775751945401,0.0,0.0,1.0
frame_1782.jpg,frame_1782,1782,D:\visualization2026\visualization\left_downsample2_Q13\frame_1782.jpg,D:\visualization2026\visualization\right_downsample2_Q13\frame_1782.jpg,D:\visualization2026\dowsample2_Q13\stitched_frames\frame_1782.jpg,D:\visualization2026\dowsample2_Q13_hess_matched\stitched_frames\frame_1782.jpg,1945,1286,0.004335474832531244,-0.0237053844778925,12.168882516036902,-8.46357800816349,70.85590659018737,-48.90953023932116,-58.68702407415047,40.44595223115767,71.27441228494982,-29.343512037075236,20.222976115578835,29.343512037075236,-20.222976115578835,0,0,71.27441228494982,714.5241347295693,766.5959760065696,643.6682281393819,815.5055062458907,12,12,0.9480042819622074,0.08241297224751182,-29.644675998558903,-0.07762554234688704,0.9795076697689159,144.8793336669159,3.0403762679480284e-05,9.272237612893432e-06,1.0,1.0,0.0,374.34351203707524,0.0,1.0,25.777023884421165,0.0,0.0,1.0
frame_1784.jpg,frame_1784,1784,D:\visualization2026\visualization\left_downsample2_Q13\frame_1784.jpg,D:\visualization2026\visualization\right_downsample2_Q13\frame_1784.jpg,D:\visualization2026\dowsample2_Q13\stitched_frames\frame_1784.jpg,D:\visualization2026\dowsample2_Q13_hess_matched\stitched_frames\frame_1784.jpg,1968,1297,0.004398282642164297,-0.02345786227842761,12.310776194604808,-8.753973054340989,70.18390316690227,-47.195448875198394,-57.87312697229746,38.441475820857406,69.4769450165825,-28.93656348614873,19.220737910428703,28.93656348614873,-19.220737910428703,0,0,69.4769450165825,736.7811791179016,780.1591610538795,666.5972759509993,827.3546099290779,12,12,0.9732528944453347,0.1023261111190181,-28.94988213749129,-0.07391500449232062,1.012434045563526,138.287996862172,3.713348067185131e-05,2.339389235535973e-05,1.0,1.0,0.0,396.9365634861487,0.0,1.0,35.7792620895713,0.0,0.0,1.0
frame_1786.jpg,frame_1786,1786,D:\visualization2026\visualization\left_downsample2_Q13\frame_1786.jpg,D:\visualization2026\visualization\right_downsample2_Q13\frame_1786.jpg,D:\visualization2026\dowsample2_Q13\stitched_frames\frame_1786.jpg,D:\visualization2026\dowsample2_Q13_hess_matched\stitched_frames\frame_1786.jpg,1962,1290,0.004373394072275327,-0.023292764965359147,12.239229853719696,-8.713623722644929,70.50011696109232,-48.62363975030519,-58.260887107372625,39.91001602766026,70.61968808955557,-29.130443553686312,19.95500801383013,29.130443553686312,-19.95500801383013,0,0,70.61968808955557,730.7692650173371,780.2200327062704,660.2691480562448,828.8436724565756,7,12,0.9684864573742047,0.09443353676789934,-29.56920371395548,-0.07399646933701652,1.0008139647385705,138.87167757543486,3.5745026700744416e-05,1.899119280574466e-05,1.0,1.0,0.0,391.1304435536863,0.0,1.0,30.04499198616987,0.0,0.0,1.0
frame_1788.jpg,frame_1788,1788,D:\visualization2026\visualization\left_downsample2_Q13\frame_1788.jpg,D:\visualization2026\visualization\right_downsample2_Q13\frame_1788.jpg,D:\visualization2026\dowsample2_Q13\stitched_frames\frame_1788.jpg,D:\visualization2026\dowsample2_Q13_hess_matched\stitched_frames\frame_1788.jpg,1968,1296,0.0044533340036984614,-0.023681138825511594,12.460770814100592,-8.883512662406364,68.64010501424332,-46.47001445190108,-56.179334200142726,37.58650178949472,67.59336289860873,-28.089667100071363,18.79325089474736,28.089667100071363,-18.79325089474736,0,0,67.59336289860873,736.1707568194287,785.7378039795665,667.5306518051854,832.2078184314676,10,12,0.9791708086433103,0.09256406546774867,-28.231490954428164,-0.07167524275184095,1.0047719949066891,134.45720326529658,4.1343807123946515e-05,1.628081831027133e-05,1.0,1.0,0.0,396.0896671000714,0.0,1.0,30.20674910525264,0.0,0.0,1.0
frame_1790.jpg,frame_1790,1790,D:\visualization2026\visualization\left_downsample2_Q13\frame_1790.jpg,D:\visualization2026\visualization\right_downsample2_Q13\frame_1790.jpg,D:\visualization2026\dowsample2_Q13\stitched_frames\frame_1790.jpg,D:\visualization2026\dowsample2_Q13_hess_matched\stitched_frames\frame_1790.jpg,1959,1290,0.004477556319929049,-0.024355645497445177,12.560309835657154,-8.776892373085095,71.67478190933184,-49.46998779705336,-59.11447207367469,40.693095423968266,71.76662750703457,-29.557236036837345,20.346547711984133,29.557236036837345,-20.346547711984133,0,0,71.76662750703457,729.6144239351765,794.0867984618759,657.9396420258447,843.5567862589293,12,12,0.9637287414705815,0.09285613889539798,-29.547999393273734,-0.0747512662941747,0.9977354761770539,140.42632397871657,3.438731874101187e-05,1.7503580166836947e-05,1.0,1.0,0.0,388.55723603683737,0.0,1.0,29.653452288015867,0.0,0.0,1.0
frame_1792.jpg,frame_1792,1792,D:\visualization2026\visualization\left_downsample2_Q13\frame_1792.jpg,D:\visualization2026\visualization\right_downsample2_Q13\frame_1792.jpg,D:\visualization2026\dowsample2_Q13\stitched_frames\frame_1792.jpg,D:\visualization2026\dowsample2_Q13_hess_matched\stitched_frames\frame_1792.jpg,1963,1290,0.00448085792293873,-0.02504438321840685,12.608614753713606,-8.592912531293031,69.20305301468375,-33.327441293745096,-56.594438260970136,24.734528762452065,61.76347913755611,-28.297219130485068,12.367264381226033,28.297219130485068,-12.367264381226033,0,0,61.76347913755611,732.7398126367165,795.6528152937942,663.5367596220327,828.9802565875393,9,12,0.9722318825496972,0.08925475038731588,-28.032554725708444,-0.07233609906436625,0.9968115926485479,129.19828958783162,3.860838511358251e-05,1.47130666306993e-05,1.0,1.0,0.0,391.2972191304851,0.0,1.0,34.632735618773964,0.0,0.0,1.0
frame_1794.jpg,frame_1794,1794,D:\visualization2026\visualization\left_downsample2_Q13\frame_1794.jpg,D:\visualization2026\visualization\right_downsample2_Q13\frame_1794.jpg,D:\visualization2026\dowsample2_Q13\stitched_frames\frame_1794.jpg,D:\visualization2026\dowsample2_Q13_hess_matched\stitched_frames\frame_1794.jpg,1964,1294,0.004474534904569921,-0.025565007180544885,12.623182997185575,-8.422934024550129,70.92528851254826,-52.636283528225135,-58.30210551536269,44.213349503675005,73.17073036302565,-29.151052757681345,22.106674751837502,29.151052757681345,-22.106674751837502,0,0,73.17073036302565,735.4404963138021,788.0078616617756,664.5152078012538,840.6441451900007,10,12,0.9684545422595949,0.09878434938324147,-29.43168525909609,-0.07501068643130332,1.0062845539103509,143.56151647012115,3.461366694686664e-05,2.2448449251999353e-05,1.0,1.0,0.0,393.1510527576813,0.0,1.0,31.893325248162498,0.0,0.0,1.0
frame_1796.jpg,frame_1796,1796,D:\visualization2026\visualization\left_downsample2_Q13\frame_1796.jpg,D:\visualization2026\visualization\right_downsample2_Q13\frame_1796.jpg,D:\visualization2026\dowsample2_Q13\stitched_frames\frame_1796.jpg,D:\visualization2026\dowsample2_Q13_hess_matched\stitched_frames\frame_1796.jpg,1958,1294,0.004312620049661875,-0.026032832429354613,12.247478519754965,-7.722657421105843,70.56233876361318,-32.91110877842357,-58.31486024385822,25.188451357317724,63.52228748274638,-29.15743012192911,12.594225678658862,29.15743012192911,-12.594225678658862,0,0,63.52228748274638,730.0794757779281,785.7837787471387,659.5171370143149,818.6948875255623,9,12,0.9623647385999772,0.09262518730732432,-29.435186014707313,-0.07579751604723518,0.9971332316125411,134.4302448897127,3.456638082005017e-05,1.582423158021991e-05,1.0,1.0,0.0,387.1574301219291,0.0,1.0,38.40577432134114,0.0,0.0,1.0
frame_1798.jpg,frame_1798,1798,D:\visualization2026\visualization\left_downsample2_Q13\frame_1798.jpg,D:\visualization2026\visualization\right_downsample2_Q13\frame_1798.jpg,D:\visualization2026\dowsample2_Q13\stitched_frames\frame_1798.jpg,D:\visualization2026\dowsample2_Q13_hess_matched\stitched_frames\frame_1798.jpg,1962,1293,0.004091244073707256,-0.026409153383036177,11.718475413231658,-6.83997311905668,68.68989313441148,-33.579819707916045,-56.97141772117982,26.739846588859365,62.93458375771541,-28.48570886058991,13.369923294429682,28.48570886058991,-13.369923294429682,0,0,62.93458375771541,733.8663402401999,792.3745914697287,665.1764471057884,825.9544111776447,12,12,0.9699101270093211,0.09139207639510831,-28.506446634532267,-0.07402843523134185,0.9993500374309382,132.06130810065432,3.756991690182436e-05,1.5888716237283036e-05,1.0,1.0,0.0,390.4857088605899,0.0,1.0,35.63007670557032,0.0,0.0,1.0
