frame,stem,frame_index,left_path,right_path,base_stitched_path,output_path,output_width,output_height,hess_residual_x,hess_residual_y,target_dx,target_dy,measured_dx,measured_dy,raw_correction_dx,raw_correction_dy,raw_correction_norm,correction_dx,correction_dy,correction_norm,correction_interpolated,correction_norm_reliable,left_translation_x,left_translation_y,right_translation_x,right_translation_y,selected_left_rank,selected_right_rank,selected_pair_error_to_target,selected_left_x,selected_left_y,selected_right_x,selected_right_y,left_candidate_count,right_candidate_count,canvas_left_h_11,canvas_left_h_12,canvas_left_h_13,canvas_left_h_21,canvas_left_h_22,canvas_left_h_23,canvas_left_h_31,canvas_left_h_32,canvas_left_h_33,canvas_right_h_11,canvas_right_h_12,canvas_right_h_13,canvas_right_h_21,canvas_right_h_22,canvas_right_h_23,canvas_right_h_31,canvas_right_h_32,canvas_right_h_33
frame_0000.jpg,frame_0000,0,D:\visualization2026\visualization\left_downsample2_Q37\frame_0000.jpg,D:\visualization2026\visualization\right_downsample2_Q37\frame_0000.jpg,D:\visualization2026\dowsample2_Q37\stitched_frames\frame_0000.jpg,D:\visualization2026\dowsample2_Q37_hess_matched\stitched_frames\frame_0000.jpg,1668,1297,-0.12042013980208555,-0.0017297532721591846,207.32317212646947,-16.501825962589127,256.42733322976466,-3.8770936392058957,-49.10416110329518,-12.624732323383231,50.70110949373243,-55.03018021311897,-7.477831839805624,55.53592263852975,0,1,-27.515090106559484,-3.738915919902812,27.515090106559484,3.738915919902812,0,1,50.70110949373243,600.8019496872263,972.1593080344343,344.3746164574616,976.0364016736402,12,12,0.8935027314949568,0.07489328469255625,-27.64660501698296,-0.08485391853335214,0.952243172341264,132.46708577881682,-3.741694663507287e-05,4.467324381347946e-06,1.0,1.0,0.0,95.51509010655948,0.0,1.0,100.73891591990281,0.0,0.0,1.0
frame_0002.jpg,frame_0002,2,D:\visualization2026\visualization\left_downsample2_Q37\frame_0002.jpg,D:\visualization2026\visualization\right_downsample2_Q37\frame_0002.jpg,D:\visualization2026\dowsample2_Q37\stitched_frames\frame_0002.jpg,D:\visualization2026\dowsample2_Q37_hess_matched\stitched_frames\frame_0002.jpg,1668,1297,-0.12072879011094931,-0.0014770599170991355,208.465372552801,-16.295443139350784,262.00610564164623,-3.348266688985291,-53.54073308884523,-12.947176450365493,55.08393121163254,-56.22489148865,0.9979615739747194,56.23374743171219,0,1,-28.112445744325,0.4989807869873597,28.112445744325,-0.4989807869873597,0,0,55.08393121163254,605.1927223510395,977.0770932005828,343.18661670939326,980.4253598895681,12,12,0.8935250827189772,0.07489061611115133,-28.243960654748477,-0.08501248768827879,0.9522621044005484,136.70498248570698,-3.741694663507287e-05,4.467324381347946e-06,1.0,1.0,0.0,96.112445744325,0.0,1.0,96.50101921301264,0.0,0.0,1.0
frame_0004.jpg,frame_0004,4,D:\visualization2026\visualization\left_downsample2_Q37\frame_0004.jpg,D:\visualization2026\visualization\right_downsample2_Q37\frame_0004.jpg,D:\visualization2026\dowsample2_Q37\stitched_frames\frame_0004.jpg,D:\visualization2026\dowsample2_Q37_hess_matched\stitched_frames\frame_0004.jpg,1668,1297,-0.1208828793408192,-0.001291838992637323,209.17591498006777,-16.135282776078785,283.4735996469318,-29.567496997565854,-74.29768466686403,13.432214221487069,75.50212133277238,-53.57560932699832,12.738159092561347,55.069107599692884,0,1,-26.78780466349916,6.369079546280673,26.78780466349916,-6.369079546280673,0,0,75.50212133277238,609.7154534097729,979.3429757398487,326.24185376284106,1008.9104727374146,12,12,0.8934755186943454,0.07489653371254824,-26.919319573922635,-0.08523212886029788,0.9522883280358566,142.57508124500032,-3.741694663507287e-05,4.467324381347946e-06,1.0,1.0,0.0,94.78780466349916,0.0,1.0,90.63092045371933,0.0,0.0,1.0
frame_0006.jpg,frame_0006,6,D:\visualization2026\visualization\left_downsample2_Q37\frame_0006.jpg,D:\visualization2026\visualization\right_downsample2_Q37\frame_0006.jpg,D:\visualization2026\dowsample2_Q37\stitched_frames\frame_0006.jpg,D:\visualization2026\dowsample2_Q37_hess_matched\stitched_frames\frame_0006.jpg,1668,1297,-0.1206710786792152,-0.0012840737775782485,208.82248430473217,-16.101690909686045,178.02112557986288,-3.2222132517061084,30.80135872486929,-12.879477657979937,33.38569520079649,-49.477686542789336,13.760174667092157,51.355465848295076,1,1,-24.738843271394668,6.880087333546078,24.738843271394668,-6.880087333546078,6,6,33.38569520079649,1273.9070060451656,177.65243576554218,1095.8858804653028,180.8746490172483,12,12,0.8933988528152798,0.07490568708773163,-24.870358181818144,-0.0852512492114041,0.9522906108734037,143.0860890322657,-3.741694663507287e-05,4.467324381347946e-06,1.0,1.0,0.0,92.73884327139467,0.0,1.0,90.11991266645393,0.0,0.0,1.0
frame_0008.jpg,frame_0008,8,D:\visualization2026\visualization\left_downsample2_Q37\frame_0008.jpg,D:\visualization2026\visualization\right_downsample2_Q37\frame_0008.jpg,D:\visualization2026\dowsample2_Q37\stitched_frames\frame_0008.jpg,D:\visualization2026\dowsample2_Q37_hess_matched\stitched_frames\frame_0008.jpg,1668,1297,-0.11984475868677388,-0.0015467437574925025,206.7476661405015,-16.253975139994903,242.60541643553825,-62.33023040954481,-35.85775029503674,46.076255269549904,58.384925759017044,-46.03298912541933,15.738212299311996,48.64902274659985,0,1,-23.016494562709664,7.869106149655998,23.016494562709664,-7.869106149655998,0,0,58.384925759017044,609.6262148877464,980.4824346944474,367.02079845220817,1042.8126651039922,12,12,0.8933344077855598,0.07491338137811111,-23.14800947313314,-0.08528825527566757,0.9522950291412746,144.07510784837564,-3.741694663507287e-05,4.467324381347946e-06,1.0,1.0,0.0,91.01649456270967,0.0,1.0,89.130893850344,0.0,0.0,1.0
frame_0010.jpg,frame_0010,10,D:\visualization2026\visualization\left_downsample2_Q37\frame_0010.jpg,D:\visualization2026\visualization\right_downsample2_Q37\frame_0010.jpg,D:\visualization2026\dowsample2_Q37\stitched_frames\frame_0010.jpg,D:\visualization2026\dowsample2_Q37_hess_matched\stitched_frames\frame_0010.jpg,1668,1297,-0.11874370462002118,-0.0019216748562493058,203.92379564799722,-16.48100048940051,232.53834283024753,-8.966346038671333,-28.614547182250305,-7.514654450729179,29.584832971627417,-39.97744115639453,13.331905029453907,42.141849664286994,0,1,-19.988720578197267,6.665952514726953,19.988720578197267,-6.665952514726953,11,7,29.584832971627417,1338.453853872877,161.40858975999328,1105.9155110426295,170.3749357986646,12,12,0.8932211177279583,0.07492690742665334,-20.120235488620743,-0.08524323694031563,0.9522896542637067,142.8719542134466,-3.741694663507287e-05,4.467324381347946e-06,1.0,1.0,0.0,87.98872057819727,0.0,1.0,90.33404748527305,0.0,0.0,1.0
frame_0012.jpg,frame_0012,12,D:\visualization2026\visualization\left_downsample2_Q37\frame_0012.jpg,D:\visualization2026\visualization\right_downsample2_Q37\frame_0012.jpg,D:\visualization2026\dowsample2_Q37\stitched_frames\frame_0012.jpg,D:\visualization2026\dowsample2_Q37_hess_matched\stitched_frames\frame_0012.jpg,1668,1297,-0.11809159278048295,-0.0021232480211578753,202.29998622906285,-16.595647801604283,180.51351315925524,-25.79052830029923,21.786473069807613,9.194880498694946,23.64733042452642,-44.73702878944631,6.453583968664464,45.20011605016464,1,1,-22.368514394723157,3.226791984332232,22.368514394723157,-3.226791984332232,3,1,23.64733042452642,1103.3605912586545,1167.7202672576834,922.8470780993993,1193.5107955579826,12,12,0.8933101623461938,0.07491627611571419,-22.500029305146633,-0.08511455405428041,0.9522742904180179,139.43279368305187,-3.741694663507287e-05,4.467324381347946e-06,1.0,1.0,0.0,90.36851439472315,0.0,1.0,93.77320801566776,0.0,0.0,1.0
frame_0014.jpg,frame_0014,14,D:\visualization2026\visualization\left_downsample2_Q37\frame_0014.jpg,D:\visualization2026\visualization\right_downsample2_Q37\frame_0014.jpg,D:\visualization2026\dowsample2_Q37\stitched_frames\frame_0014.jpg,D:\visualization2026\dowsample2_Q37_hess_matched\stitched_frames\frame_0014.jpg,1668,1297,-0.1181171958384741,-0.002031100525528906,202.56383719851235,-16.509680704695175,246.5837820202524,-17.91035857689178,-44.01994482174004,1.4006778721966064,44.04222338405157,-47.33729718400267,-1.6979011044441645,47.36773767921643,0,1,-23.668648592001336,-0.8489505522220823,23.668648592001336,0.8489505522220823,0,0,44.04222338405157,609.184968810758,980.2512513302289,362.60118679050566,998.1616099071207,12,12,0.8933588093980717,0.07491046799451567,-23.800163502424812,-0.08496205221329185,0.9522560827540123,135.35705114649755,-3.741694663507287e-05,4.467324381347946e-06,1.0,1.0,0.0,91.66864859200133,0.0,1.0,97.84895055222208,0.0,0.0,1.0
frame_0016.jpg,frame_0016,16,D:\visualization2026\visualization\left_downsample2_Q37\frame_0016.jpg,D:\visualization2026\visualization\right_downsample2_Q37\frame_0016.jpg,D:\visualization2026\dowsample2_Q37\stitched_frames\frame_0016.jpg,D:\visualization2026\dowsample2_Q37_hess_matched\stitched_frames\frame_0016.jpg,1668,1297,-0.11825823022836793,-0.0018775131660696415,203.17631220028994,-16.37850695421204,282.0519678464992,-11.741136395783315,-78.87565564620928,-4.637370558428724,79.01186151025406,-50.61899311438006,0.49102465625732095,50.62137462699634,0,1,-25.30949655719003,0.24551232812866047,25.30949655719003,-0.24551232812866047,2,11,79.01186151025406,1090.716303510835,1212.9884673338204,808.6643356643357,1224.7296037296037,12,12,0.8934202049188215,0.0749031377943947,-25.441011467613507,-0.08500300367248001,0.9522609720747222,136.4515140268483,-3.741694663507287e-05,4.467324381347946e-06,1.0,1.0,0.0,93.30949655719003,0.0,1.0,96.75448767187135,0.0,0.0,1.0
frame_0018.jpg,frame_0018,18,D:\visualization2026\visualization\left_downsample2_Q37\frame_0018.jpg,D:\visualization2026\visualization\right_downsample2_Q37\frame_0018.jpg,D:\visualization2026\dowsample2_Q37\stitched_frames\frame_0018.jpg,D:\visualization2026\dowsample2_Q37_hess_matched\stitched_frames\frame_0018.jpg,1668,1297,-0.11836554721992892,-0.001798693421245362,203.55197527853704,-16.31549222106399,252.41106754635558,-21.634322125070753,-48.85909226781854,5.318829904006762,49.14774510374776,-51.59293619407224,1.4106460744205247,51.61221742449057,0,1,-25.79646809703612,0.7053230372102623,25.79646809703612,-0.7053230372102623,0,0,49.14774510374776,609.1240369402528,980.2344559459576,356.71296939389725,1001.8687780710284,12,12,0.8934384259069407,0.07490096233456173,-25.927983007459595,-0.08502020838524395,0.9522630261983136,136.9113247359299,-3.741694663507287e-05,4.467324381347946e-06,1.0,1.0,0.0,93.79646809703613,0.0,1.0,96.29467696278974,0.0,0.0,1.0
frame_0020.jpg,frame_0020,20,D:\visualization2026\visualization\left_downsample2_Q37\frame_0020.jpg,D:\visualization2026\visualization\right_downsample2_Q37\frame_0020.jpg,D:\visualization2026\dowsample2_Q37\stitched_frames\frame_0020.jpg,D:\visualization2026\dowsample2_Q37_hess_matched\stitched_frames\frame_0020.jpg,1668,1297,-0.11834352072034365,-0.0018046988531974784,203.49903544538284,-16.318587930439048,177.45177246706044,-92.14011568454919,26.047262978322408,75.82152775411014,80.17084245303388,-50.59994387595794,1.114048562360696,50.61220627921086,1,1,-25.29997193797897,0.557024281180348,25.29997193797897,-0.557024281180348,0,7,80.17084245303388,609.1721258479643,979.8265849610506,431.7203533809038,1071.9667006455998,12,12,0.8934198485366527,0.07490318034395832,-25.431486848402447,-0.08501465949860353,0.9522623636996651,136.7630259799,-3.741694663507287e-05,4.467324381347946e-06,1.0,1.0,0.0,93.29997193797897,0.0,1.0,96.44297571881965,0.0,0.0,1.0
frame_0022.jpg,frame_0022,22,D:\visualization2026\visualization\left_downsample2_Q37\frame_0022.jpg,D:\visualization2026\visualization\right_downsample2_Q37\frame_0022.jpg,D:\visualization2026\dowsample2_Q37\stitched_frames\frame_0022.jpg,D:\visualization2026\dowsample2_Q37_hess_matched\stitched_frames\frame_0022.jpg,1668,1297,-0.11825285466017255,-0.0017804162177571803,203.39752875514824,-16.28393821889095,244.58449015560427,-17.82505702044068,-41.18696140045603,1.5411188015497324,41.215783828081506,-44.247911779971695,-1.1502691934479823,44.26286046004656,0,1,-22.123955889985847,-0.5751345967239911,22.123955889985847,0.5751345967239911,0,0,41.215783828081506,609.1039692889162,980.1177330318593,364.51947913331196,997.9427900523,12,12,0.8933010117136728,0.07491736863788508,-22.255470800409324,-0.08497229757028656,0.9522573059787063,135.63086710199565,-3.741694663507287e-05,4.467324381347946e-06,1.0,1.0,0.0,90.12395588998585,0.0,1.0,97.57513459672398,0.0,0.0,1.0
frame_0024.jpg,frame_0024,24,D:\visualization2026\visualization\left_downsample2_Q37\frame_0024.jpg,D:\visualization2026\visualization\right_downsample2_Q37\frame_0024.jpg,D:\visualization2026\dowsample2_Q37\stitched_frames\frame_0024.jpg,D:\visualization2026\dowsample2_Q37_hess_matched\stitched_frames\frame_0024.jpg,1668,1297,-0.11815354152238552,-0.0018769367963245298,202.99387021307686,-16.365057833617907,242.04885344424542,-16.28274814551537,-39.05498323116856,-0.08230968810253714,39.05506996628751,-44.82213066627013,-5.663055501312888,45.17846384147145,0,1,-22.411065333135063,-2.831527750656444,22.411065333135063,2.831527750656444,0,0,39.05506996628751,609.3957207030213,979.6169557998654,367.3468672587759,995.8997039453808,12,12,0.8933117544723855,0.07491608602686958,-22.54258024355854,-0.08488787022805813,0.9522472259385558,133.37447394806318,-3.741694663507287e-05,4.467324381347946e-06,1.0,1.0,0.0,90.41106533313507,0.0,1.0,99.83152775065645,0.0,0.0,1.0
frame_0026.jpg,frame_0026,26,D:\visualization2026\visualization\left_downsample2_Q37\frame_0026.jpg,D:\visualization2026\visualization\right_downsample2_Q37\frame_0026.jpg,D:\visualization2026\dowsample2_Q37\stitched_frames\frame_0026.jpg,D:\visualization2026\dowsample2_Q37_hess_matched\stitched_frames\frame_0026.jpg,1668,1297,-0.11785934017088662,-0.002222399351753196,201.6566647933201,-16.662941159843818,248.77215995959813,-0.703981822371702,-47.11549516627804,-15.958959337472116,49.74493208256151,-47.08650094591135,-10.05529915850122,48.148183896137404,0,1,-23.543250472955673,-5.02764957925061,23.543250472955673,5.02764957925061,0,0,49.74493208256151,609.5301551561598,980.0475034512978,360.7579951965617,980.7514852736695,12,12,0.8933541173833432,0.07491102818859026,-23.67476538337915,-0.0848056980547935,0.9522374151499665,131.17835211946903,-3.741694663507287e-05,4.467324381347946e-06,1.0,1.0,0.0,91.54325047295568,0.0,1.0,102.0276495792506,0.0,0.0,1.0
frame_0028.jpg,frame_0028,28,D:\visualization2026\visualization\left_downsample2_Q37\frame_0028.jpg,D:\visualization2026\visualization\right_downsample2_Q37\frame_0028.jpg,D:\visualization2026\dowsample2_Q37\stitched_frames\frame_0028.jpg,D:\visualization2026\dowsample2_Q37_hess_matched\stitched_frames\frame_0028.jpg,1668,1297,-0.11709260238174701,-0.002727745873079626,199.1099794366312,-17.057265787086,144.2117232999624,-5.221023874779661,54.898256136668806,-11.836241912306338,56.15972889405656,-49.323746891797995,-12.867995092071013,50.97467317340756,1,1,-24.661873445898998,-6.433997546035506,24.661873445898998,6.433997546035506,7,1,56.15972889405656,1212.873615720278,121.74910298376624,1068.6618924203156,126.9701268585459,12,12,0.8933959728394266,0.07490603093690969,-24.793388356322474,-0.08475307680796997,0.9522311325374059,129.77200415268413,-3.741694663507287e-05,4.467324381347946e-06,1.0,1.0,0.0,92.661873445899,0.0,1.0,103.4339975460355,0.0,0.0,1.0
frame_0030.jpg,frame_0030,30,D:\visualization2026\visualization\left_downsample2_Q37\frame_0030.jpg,D:\visualization2026\visualization\right_downsample2_Q37\frame_0030.jpg,D:\visualization2026\dowsample2_Q37\stitched_frames\frame_0030.jpg,D:\visualization2026\dowsample2_Q37_hess_matched\stitched_frames\frame_0030.jpg,1668,1297,-0.11652858947509742,-0.0032228860035117823,196.94348136807747,-17.466683523142144,253.28835960042085,1.0645604100212722,-56.344878232343376,-18.531243933163417,59.31401440408505,-51.193051051051334,-14.15422871433751,53.11375214022565,0,1,-25.596525525525667,-7.077114357168755,25.596525525525667,7.077114357168755,0,0,59.31401440408505,612.1652226465412,980.6389863039635,358.8768630461204,979.5744258939422,12,12,0.8934309446664124,0.0749018555428863,-25.728040435949143,-0.08472901334056768,0.9522282595259954,129.12888734155086,-3.741694663507287e-05,4.467324381347946e-06,1.0,1.0,0.0,93.59652552552566,0.0,1.0,104.07711435716875,0.0,0.0,1.0
frame_0032.jpg,frame_0032,32,D:\visualization2026\visualization\left_downsample2_Q37\frame_0032.jpg,D:\visualization2026\visualization\right_downsample2_Q37\frame_0032.jpg,D:\visualization2026\dowsample2_Q37\stitched_frames\frame_0032.jpg,D:\visualization2026\dowsample2_Q37_hess_matched\stitched_frames\frame_0032.jpg,1668,1297,-0.11671987630263433,-0.0033645122377925635,196.9429057187641,-17.627212190485324,150.14628449960605,-40.304010242411195,46.796621219158055,22.67679805192587,52.00154735598916,-51.35145258507313,-14.240241639992103,53.28936258356239,1,1,-25.675726292536567,-7.1201208199960515,25.675726292536567,7.1201208199960515,2,1,52.00154735598916,1214.466656870125,93.33524295925521,1064.320372370519,133.6392532016664,12,12,0.8934339081172851,0.07490150172736881,-25.807241202960043,-0.0847274041700431,0.9522280674021755,129.08588087872357,-3.741694663507287e-05,4.467324381347946e-06,1.0,1.0,0.0,93.67572629253657,0.0,1.0,104.12012081999605,0.0,0.0,1.0
frame_0034.jpg,frame_0034,34,D:\visualization2026\visualization\left_downsample2_Q37\frame_0034.jpg,D:\visualization2026\visualization\right_downsample2_Q37\frame_0034.jpg,D:\visualization2026\dowsample2_Q37\stitched_frames\frame_0034.jpg,D:\visualization2026\dowsample2_Q37_hess_matched\stitched_frames\frame_0034.jpg,1668,1297,-0.11730240044599374,-0.0028103520069359816,199.28210851642748,-17.16299302422853,247.6836125438627,-10.649515224793504,-48.40150402743521,-6.513477799435027,48.837802828972144,-50.30604964150817,-14.840309358740619,52.44934139145132,0,1,-25.153024820754084,-7.4201546793703095,25.153024820754084,7.4201546793703095,0,0,48.837802828972144,616.2674338781146,979.9514722594182,368.5838213342519,990.6009874842117,12,12,0.8934143502242093,0.07490383680439787,-25.28453973117756,-0.08471617781913818,0.9522267270536002,128.78584701934932,-3.741694663507287e-05,4.467324381347946e-06,1.0,1.0,0.0,93.15302482075408,0.0,1.0,104.42015467937031,0.0,0.0,1.0
frame_0036.jpg,frame_0036,36,D:\visualization2026\visualization\left_downsample2_Q37\frame_0036.jpg,D:\visualization2026\visualization\right_downsample2_Q37\frame_0036.jpg,D:\visualization2026\dowsample2_Q37\stitched_frames\frame_0036.jpg,D:\visualization2026\dowsample2_Q37_hess_matched\stitched_frames\frame_0036.jpg,1668,1297,-0.11785693446831677,-0.00225823759491503,201.5673067330169,-16.69730567102454,249.47480956940393,-0.3082817052794553,-47.90750283638704,-16.389023965745086,50.633278923729584,-44.96128847431839,-12.202378220840693,46.58771829050359,0,1,-22.480644237159193,-6.101189110420346,22.480644237159193,6.101189110420346,0,0,50.633278923729584,620.6990058468997,980.1843155874448,371.22419627749576,980.4925972927242,12,12,0.8933143579025243,0.07491577519533521,-22.61215914758267,-0.08476552948344508,0.9522326193006446,130.1048125882993,-3.741694663507287e-05,4.467324381347946e-06,1.0,1.0,0.0,90.4806442371592,0.0,1.0,103.10118911042035,0.0,0.0,1.0
frame_0038.jpg,frame_0038,38,D:\visualization2026\visualization\left_downsample2_Q37\frame_0038.jpg,D:\visualization2026\visualization\right_downsample2_Q37\frame_0038.jpg,D:\visualization2026\dowsample2_Q37\stitched_frames\frame_0038.jpg,D:\visualization2026\dowsample2_Q37_hess_matched\stitched_frames\frame_0038.jpg,1668,1297,-0.11807730382083925,-0.0023784804913622726,201.6685901921387,-16.8407348737596,248.17176217362464,3.4047053553007345,-46.503171981485934,-20.245440229060335,50.71905809858966,-37.03444481060113,-7.785453299234298,37.8439345933271,0,1,-18.517222405300565,-3.892726649617149,18.517222405300565,3.892726649617149,0,0,50.71905809858966,625.5149292695428,981.1724412485341,377.34316709591815,977.7677358932334,12,12,0.8931660587593494,0.07493348108631823,-18.64873731572404,-0.08484816340548651,0.952242485218841,132.3132750491025,-3.741694663507287e-05,4.467324381347946e-06,1.0,1.0,0.0,86.51722240530057,0.0,1.0,100.89272664961715,0.0,0.0,1.0
frame_0040.jpg,frame_0040,40,D:\visualization2026\visualization\left_downsample2_Q37\frame_0040.jpg,D:\visualization2026\visualization\right_downsample2_Q37\frame_0040.jpg,D:\visualization2026\dowsample2_Q37\stitched_frames\frame_0040.jpg,D:\visualization2026\dowsample2_Q37_hess_matched\stitched_frames\frame_0040.jpg,1668,1297,-0.11813891058564296,-0.0029419188667240276,200.43830429154488,-17.393247598039725,147.30879942367028,-34.75567940330383,53.1295048678746,17.362431805264105,55.89452858462944,-37.47468884332542,-10.311026046148621,38.86733283913901,1,1,-18.73734442166271,-5.1555130230743105,18.73734442166271,5.1555130230743105,8,0,55.89452858462944,1212.0856477254401,99.38831192158675,1064.7768483017699,134.14399132489058,12,12,0.8931742950530889,0.07493249772986767,-18.868859332086185,-0.08480091379513938,0.9522368439424864,131.0504886756453,-3.741694663507287e-05,4.467324381347946e-06,1.0,1.0,0.0,86.73734442166271,0.0,1.0,102.1555130230743,0.0,0.0,1.0
frame_0042.jpg,frame_0042,42,D:\visualization2026\visualization\left_downsample2_Q37\frame_0042.jpg,D:\visualization2026\visualization\right_downsample2_Q37\frame_0042.jpg,D:\visualization2026\dowsample2_Q37\stitched_frames\frame_0042.jpg,D:\visualization2026\dowsample2_Q37_hess_matched\stitched_frames\frame_0042.jpg,1668,1297,-0.1181223349888697,-0.0033394563935721933,199.46484611370332,-17.77568262763157,212.20381892500632,-27.337946369364317,-12.738972811303,9.562263741732746,15.928537790819778,-37.58802650399836,-10.888409146749764,39.133325826107686,0,1,-18.79401325199918,-5.444204573374882,18.79401325199918,5.444204573374882,5,3,15.928537790819778,1077.4308589731845,1156.2675941304851,865.2270400481782,1183.6055404998494,12,12,0.8931764154276894,0.07493224457182024,-18.925528162422655,-0.08479011183880777,0.9522355542636851,130.76179712534474,-3.741694663507287e-05,4.467324381347946e-06,1.0,1.0,0.0,86.79401325199917,0.0,1.0,102.44420457337488,0.0,0.0,1.0
frame_0044.jpg,frame_0044,44,D:\visualization2026\visualization\left_downsample2_Q37\frame_0044.jpg,D:\visualization2026\visualization\right_downsample2_Q37\frame_0044.jpg,D:\visualization2026\dowsample2_Q37\stitched_frames\frame_0044.jpg,D:\visualization2026\dowsample2_Q37_hess_matched\stitched_frames\frame_0044.jpg,1668,1297,-0.11800552086916169,-0.003136950401476629,199.7408006017521,-17.565445239735247,250.34352479280875,1.5758962942713879,-50.60272419105664,-19.141341534006635,54.102002285291036,-39.06431204182036,-10.516663474035324,40.455168840666325,0,1,-19.53215602091018,-5.258331737017662,19.53215602091018,5.258331737017662,0,0,54.102002285291036,639.0803775028631,982.2478688914908,388.7368527100544,980.6719725972195,12,12,0.8932040344762828,0.07492894704863177,-19.663670931333655,-0.08479706663280667,0.9522363846179388,130.94766996170196,-3.741694663507287e-05,4.467324381347946e-06,1.0,1.0,0.0,87.53215602091018,0.0,1.0,102.25833173701766,0.0,0.0,1.0
frame_0046.jpg,frame_0046,46,D:\visualization2026\visualization\left_downsample2_Q37\frame_0046.jpg,D:\visualization2026\visualization\right_downsample2_Q37\frame_0046.jpg,D:\visualization2026\dowsample2_Q37\stitched_frames\frame_0046.jpg,D:\visualization2026\dowsample2_Q37_hess_matched\stitched_frames\frame_0046.jpg,1668,1297,-0.11756126283437535,-0.002891078260243929,199.54484981917724,-17.27294407650534,248.01904095892894,2.0029953922454524,-48.474191139751696,-19.275939468750792,52.166167666947956,-45.56102188054365,-16.797541554574416,48.558872691579566,0,1,-22.780510940271824,-8.398770777287208,22.780510940271824,8.398770777287208,0,0,52.166167666947956,643.4921667877767,982.1614320877756,395.47312582884774,980.1584366955301,12,12,0.8933255779989523,0.07491443559350124,-22.9120258506953,-0.0846795609928262,0.9522223552580461,127.80723092143242,-3.741694663507287e-05,4.467324381347946e-06,1.0,1.0,0.0,90.78051094027182,0.0,1.0,105.39877077728721,0.0,0.0,1.0
frame_0048.jpg,frame_0048,48,D:\visualization2026\visualization\left_downsample2_Q37\frame_0048.jpg,D:\visualization2026\visualization\right_downsample2_Q37\frame_0048.jpg,D:\visualization2026\dowsample2_Q37\stitched_frames\frame_0048.jpg,D:\visualization2026\dowsample2_Q37_hess_matched\stitched_frames\frame_0048.jpg,1668,1297,-0.11708695793738472,-0.0026793176360423027,199.21511082117817,-17.009733613885295,253.09971049177415,1.37697825160285,-53.884599670595975,-18.386711865488145,56.93523737444918,-54.335291030274526,-20.515547829816846,58.079355661905666,0,1,-27.167645515137263,-10.257773914908423,27.167645515137263,10.257773914908423,0,0,56.93523737444918,654.7311640263254,984.3388527551771,401.6314535345512,982.9618745035742,12,12,0.8934897311792209,0.07489483684025068,-27.29916042556074,-0.0846100027716314,0.9522140504880043,125.9482277838112,-3.741694663507287e-05,4.467324381347946e-06,1.0,1.0,0.0,95.16764551513727,0.0,1.0,107.25777391490843,0.0,0.0,1.0
frame_0050.jpg,frame_0050,50,D:\visualization2026\visualization\left_downsample2_Q37\frame_0050.jpg,D:\visualization2026\visualization\right_downsample2_Q37\frame_0050.jpg,D:\visualization2026\dowsample2_Q37\stitched_frames\frame_0050.jpg,D:\visualization2026\dowsample2_Q37_hess_matched\stitched_frames\frame_0050.jpg,1668,1297,-0.11691114796659605,-0.002476096878219286,199.3891790436588,-16.791540014558272,261.4938006336697,19.95443863180097,-62.10462159001091,-36.74597864635924,72.16128442258452,-54.83389095080837,-20.621938069324564,58.58344413347684,0,1,-27.416945475404184,-10.310969034662282,27.416945475404184,10.310969034662282,6,0,72.16128442258452,1331.5506770293086,157.0146426687553,1070.056876395639,137.06020403695433,12,12,0.8934990592225304,0.07489372313645991,-27.54846038582766,-0.08460801237267432,0.9522138128481489,125.89503266405735,-3.741694663507287e-05,4.467324381347946e-06,1.0,1.0,0.0,95.41694547540419,0.0,1.0,107.31096903466228,0.0,0.0,1.0
frame_0052.jpg,frame_0052,52,D:\visualization2026\visualization\left_downsample2_Q37\frame_0052.jpg,D:\visualization2026\visualization\right_downsample2_Q37\frame_0052.jpg,D:\visualization2026\dowsample2_Q37\stitched_frames\frame_0052.jpg,D:\visualization2026\dowsample2_Q37_hess_matched\stitched_frames\frame_0052.jpg,1668,1297,-0.11691495838714955,-0.0024028548136017097,199.5698566968303,-16.721173587584726,256.1801752567877,-7.693405953105298,-56.61031855995742,-9.027767634479428,57.32563785883253,-55.60572681670067,-21.412580792959385,59.58603419450364,0,1,-27.802863408350333,-10.706290396479693,27.802863408350333,10.706290396479693,0,0,57.32563785883253,661.741897744826,985.280384583843,405.5617224880383,992.9737905369483,12,12,0.893513499093233,0.07489199911586887,-27.93437831877381,-0.0845932206543755,0.9522120468193908,125.49971130223994,-3.741694663507287e-05,4.467324381347946e-06,1.0,1.0,0.0,95.80286340835033,0.0,1.0,107.70629039647969,0.0,0.0,1.0
frame_0054.jpg,frame_0054,54,D:\visualization2026\visualization\left_downsample2_Q37\frame_0054.jpg,D:\visualization2026\visualization\right_downsample2_Q37\frame_0054.jpg,D:\visualization2026\dowsample2_Q37\stitched_frames\frame_0054.jpg,D:\visualization2026\dowsample2_Q37_hess_matched\stitched_frames\frame_0054.jpg,1668,1297,-0.1170022573897781,-0.0023576670963500884,199.83047916639632,-16.688220805657483,252.92620296012217,2.9850719258877234,-53.09572379372585,-19.673292731545207,56.623266702661155,-55.05955970812095,-22.057425442530718,59.313448158111136,0,1,-27.529779854060475,-11.028712721265359,27.529779854060475,11.028712721265359,0,0,56.623266702661155,666.1050122856842,985.8474088673253,413.17880932556204,982.8623369414375,12,12,0.8935032811404552,0.0748932190686891,-27.66129476448395,-0.08458115659545504,0.9522106064542782,125.17728897745427,-3.741694663507287e-05,4.467324381347946e-06,1.0,1.0,0.0,95.52977985406048,0.0,1.0,108.02871272126536,0.0,0.0,1.0
frame_0056.jpg,frame_0056,56,D:\visualization2026\visualization\left_downsample2_Q37\frame_0056.jpg,D:\visualization2026\visualization\right_downsample2_Q37\frame_0056.jpg,D:\visualization2026\dowsample2_Q37\stitched_frames\frame_0056.jpg,D:\visualization2026\dowsample2_Q37_hess_matched\stitched_frames\frame_0056.jpg,1668,1297,-0.1171310290392264,-0.002208071471937842,200.41194098493872,-16.559397568028942,252.74531145415187,6.669755518895954,-52.33337046921315,-23.229153086924896,57.257097532128746,-52.99610210815925,-18.743700311634612,56.213104700157,0,1,-26.498051054079625,-9.371850155817306,26.498051054079625,9.371850155817306,0,0,57.257097532128746,670.8140718096271,986.4425375643847,418.0687603554752,979.7727820454887,12,12,0.8934646769990044,0.07489782813591218,-26.6295659645031,-0.08464315133364805,0.9522180081968133,126.83415154290233,-3.741694663507287e-05,4.467324381347946e-06,1.0,1.0,0.0,94.49805105407962,0.0,1.0,106.3718501558173,0.0,0.0,1.0
frame_0058.jpg,frame_0058,58,D:\visualization2026\visualization\left_downsample2_Q37\frame_0058.jpg,D:\visualization2026\visualization\right_downsample2_Q37\frame_0058.jpg,D:\visualization2026\dowsample2_Q37\stitched_frames\frame_0058.jpg,D:\visualization2026\dowsample2_Q37_hess_matched\stitched_frames\frame_0058.jpg,1668,1297,-0.11728754224130675,-0.0020463382707299055,201.07094403773138,-16.422251720512143,252.22470816542875,5.188683392832672,-51.15376412769737,-21.610935113344816,55.53143344904126,-52.15821900670927,-20.686900958821248,56.11085172434943,0,1,-26.079109503354633,-10.343450479410624,26.079109503354633,10.343450479410624,0,0,55.53143344904126,675.3171603142189,986.7032373834429,423.09245214879013,981.5145539906102,12,12,0.8934490014853578,0.0748996996837161,-26.21062441377811,-0.08460679701618953,0.9522136677429989,125.86255121930901,-3.741694663507287e-05,4.467324381347946e-06,1.0,1.0,0.0,94.07910950335463,0.0,1.0,107.34345047941062,0.0,0.0,1.0
frame_0060.jpg,frame_0060,60,D:\visualization2026\visualization\left_downsample2_Q37\frame_0060.jpg,D:\visualization2026\visualization\right_downsample2_Q37\frame_0060.jpg,D:\visualization2026\dowsample2_Q37\stitched_frames\frame_0060.jpg,D:\visualization2026\dowsample2_Q37_hess_matched\stitched_frames\frame_0060.jpg,1668,1297,-0.11743265054008187,-0.0019170553496545562,201.63283648768734,-16.315085545515657,185.19830831227137,-29.855300806734704,16.434528175415977,13.540215261219046,21.293922740272418,-52.78868779523988,-20.15567039028612,56.505721905176685,1,1,-26.39434389761994,-10.07783519514306,26.39434389761994,10.07783519514306,3,3,21.293922740272418,1112.360969405967,1181.0475205098796,927.1626610936955,1210.9028213166143,12,12,0.8934607965938655,0.07489829142942075,-26.525858808043417,-0.08461673552910644,0.9522148543326343,126.12816650357658,-3.741694663507287e-05,4.467324381347946e-06,1.0,1.0,0.0,94.39434389761993,0.0,1.0,107.07783519514305,0.0,0.0,1.0
frame_0062.jpg,frame_0062,62,D:\visualization2026\visualization\left_downsample2_Q37\frame_0062.jpg,D:\visualization2026\visualization\right_downsample2_Q37\frame_0062.jpg,D:\visualization2026\dowsample2_Q37\stitched_frames\frame_0062.jpg,D:\visualization2026\dowsample2_Q37_hess_matched\stitched_frames\frame_0062.jpg,1668,1297,-0.11751762249891429,-0.0018304708127592911,201.9877117809608,-16.241809501321857,254.4086148336683,2.5019613690907363,-52.4209030527075,-18.743770870412593,55.671177671250014,-51.980900422462604,-19.88960345680389,55.65617966047326,0,1,-25.990450211231302,-9.944801728401945,25.990450211231302,9.944801728401945,0,0,55.671177671250014,684.903185836436,986.4546971578922,430.4945710027677,983.9527357888014,12,12,0.8934456841253556,0.07490009575353343,-26.121965121654778,-0.08462171323523217,0.9522154486362838,126.26119997031769,-3.741694663507287e-05,4.467324381347946e-06,1.0,1.0,0.0,93.9904502112313,0.0,1.0,106.94480172840194,0.0,0.0,1.0
frame_0064.jpg,frame_0064,64,D:\visualization2026\visualization\left_downsample2_Q37\frame_0064.jpg,D:\visualization2026\visualization\right_downsample2_Q37\frame_0064.jpg,D:\visualization2026\dowsample2_Q37\stitched_frames\frame_0064.jpg,D:\visualization2026\dowsample2_Q37_hess_matched\stitched_frames\frame_0064.jpg,1668,1297,-0.11753234626677503,-0.0018828038384518936,201.8892458923316,-16.294236224763733,258.1373136287105,0.7229036641058428,-56.248067736378914,-17.017139888869576,58.76587593215664,-51.898117844795856,-19.939293806359867,55.59667322177343,0,1,-25.949058922397928,-9.969646903179934,25.949058922397928,9.969646903179934,0,0,58.76587593215664,689.4048315166947,988.0488967556429,431.2675178879842,987.325993091537,12,12,0.8934441353897102,0.07490028066184722,-26.080573832821404,-0.08462078360465336,0.9522153376448288,126.2363547955397,-3.741694663507287e-05,4.467324381347946e-06,1.0,1.0,0.0,93.94905892239792,0.0,1.0,106.96964690317994,0.0,0.0,1.0
frame_0066.jpg,frame_0066,66,D:\visualization2026\visualization\left_downsample2_Q37\frame_0066.jpg,D:\visualization2026\visualization\right_downsample2_Q37\frame_0066.jpg,D:\visualization2026\dowsample2_Q37\stitched_frames\frame_0066.jpg,D:\visualization2026\dowsample2_Q37_hess_matched\stitched_frames\frame_0066.jpg,1668,1297,-0.11758496447044958,-0.0019966461912220568,201.71119848382494,-16.41081778729436,250.00563208915173,5.488000632219382,-48.29443360532679,-21.89881841951374,53.02745105537463,-51.76085652363517,-20.729471770442608,55.75748620536907,0,1,-25.880428261817585,-10.364735885221304,25.880428261817585,10.364735885221304,0,0,53.02745105537463,694.2765490158868,988.0270108863433,444.270916926735,982.5390102541239,12,12,0.8934415674399457,0.07490058725727053,-26.01194317224106,-0.08460600058129622,0.9522135726541865,125.84126581349832,-3.741694663507287e-05,4.467324381347946e-06,1.0,1.0,0.0,93.88042826181758,0.0,1.0,107.36473588522131,0.0,0.0,1.0
frame_0068.jpg,frame_0068,68,D:\visualization2026\visualization\left_downsample2_Q37\frame_0068.jpg,D:\visualization2026\visualization\right_downsample2_Q37\frame_0068.jpg,D:\visualization2026\dowsample2_Q37\stitched_frames\frame_0068.jpg,D:\visualization2026\dowsample2_Q37_hess_matched\stitched_frames\frame_0068.jpg,1668,1297,-0.11782003824220977,-0.002048730231853771,202.00021192616674,-16.490138280420908,252.7400631655304,5.369248580703811,-50.739851239363645,-21.85938686112472,55.248215335312544,-51.60279666697882,-21.833557991386893,56.03171314904457,0,1,-25.80139833348941,-10.916778995693447,25.80139833348941,10.916778995693447,0,0,55.248215335312544,698.83145087573,988.3059922550713,446.09138771019957,982.9367436743674,12,12,0.893438610381335,0.07490094030959621,-25.932913243912886,-0.08458534481369143,0.9522111064985396,125.28922270302618,-3.741694663507287e-05,4.467324381347946e-06,1.0,1.0,0.0,93.8013983334894,0.0,1.0,107.91677899569345,0.0,0.0,1.0
frame_0070.jpg,frame_0070,70,D:\visualization2026\visualization\left_downsample2_Q37\frame_0070.jpg,D:\visualization2026\visualization\right_downsample2_Q37\frame_0070.jpg,D:\visualization2026\dowsample2_Q37\stitched_frames\frame_0070.jpg,D:\visualization2026\dowsample2_Q37_hess_matched\stitched_frames\frame_0070.jpg,1668,1297,-0.11861578354305133,-0.0021715841098386146,203.105531079784,-16.706946235458936,254.20655806418296,7.42129657683347,-51.10102698439897,-24.128242812292406,56.51094637385939,-52.23123830947489,-24.54582785182851,57.71135001256475,0,1,-26.115619154737445,-12.272913925914255,26.115619154737445,12.272913925914255,0,0,56.51094637385939,703.2121906829303,988.7593377706123,449.00563261874737,981.3380411937788,12,12,0.8934503675650352,0.07489953658326032,-26.24713406516092,-0.08453460238537738,0.9522050482039014,123.93308777280538,-3.741694663507287e-05,4.467324381347946e-06,1.0,1.0,0.0,94.11561915473744,0.0,1.0,109.27291392591425,0.0,0.0,1.0
frame_0072.jpg,frame_0072,72,D:\visualization2026\visualization\left_downsample2_Q37\frame_0072.jpg,D:\visualization2026\visualization\right_downsample2_Q37\frame_0072.jpg,D:\visualization2026\dowsample2_Q37\stitched_frames\frame_0072.jpg,D:\visualization2026\dowsample2_Q37_hess_matched\stitched_frames\frame_0072.jpg,1668,1297,-0.11930282505698095,-0.0023008139114554654,204.00484336328506,-16.916534512262597,255.6354471327108,7.347667462871414,-51.63060376942573,-24.26420197513401,57.04796879018162,-53.447817724760796,-26.1025239660942,59.481181704298514,0,1,-26.723908862380398,-13.0512619830471,26.723908862380398,13.0512619830471,0,0,57.04796879018162,714.8190958469272,991.2336451436089,459.1836487142164,983.8859776807375,12,12,0.8934731279085647,0.07489681915581844,-26.855423772803874,-0.08450547897766014,0.9522015710706485,123.15473971567253,-3.741694663507287e-05,4.467324381347946e-06,1.0,1.0,0.0,94.7239088623804,0.0,1.0,110.0512619830471,0.0,0.0,1.0
frame_0074.jpg,frame_0074,74,D:\visualization2026\visualization\left_downsample2_Q37\frame_0074.jpg,D:\visualization2026\visualization\right_downsample2_Q37\frame_0074.jpg,D:\visualization2026\dowsample2_Q37\stitched_frames\frame_0074.jpg,D:\visualization2026\dowsample2_Q37_hess_matched\stitched_frames\frame_0074.jpg,1668,1297,-0.11896590191629922,-0.00224937365101166,203.53547472716758,-16.825294604396376,262.9257506760269,13.753194586681275,-59.39027594885931,-30.57848919107765,66.80006645573424,-53.09479063232099,-27.8772663187144,59.96831471447676,0,1,-26.547395316160497,-13.9386331593572,26.547395316160497,13.9386331593572,0,0,66.80006645573424,721.3785457994286,997.1639885206688,458.4527951234017,983.4107939339875,12,12,0.8934665233106255,0.07489760769908711,-26.678910226583973,-0.08447227625771064,0.9521976068957573,122.26736853936244,-3.741694663507287e-05,4.467324381347946e-06,1.0,1.0,0.0,94.5473953161605,0.0,1.0,110.9386331593572,0.0,0.0,1.0
frame_0076.jpg,frame_0076,76,D:\visualization2026\visualization\left_downsample2_Q37\frame_0076.jpg,D:\visualization2026\visualization\right_downsample2_Q37\frame_0076.jpg,D:\visualization2026\dowsample2_Q37\stitched_frames\frame_0076.jpg,D:\visualization2026\dowsample2_Q37_hess_matched\stitched_frames\frame_0076.jpg,1668,1297,-0.12078567870224483,-0.002119350061175307,207.03948926110584,-16.92363590112002,261.4168199428621,12.758663089722177,-54.37733068175626,-29.682298990842195,61.95105298100124,-52.19229690244651,-29.33615245508564,59.871910749709286,0,1,-26.096148451223254,-14.66807622754282,26.096148451223254,14.66807622754282,0,0,61.95105298100124,726.0116852627274,997.0931748742339,464.5948653198653,984.3345117845117,12,12,0.8934496390307609,0.07489962356520885,-26.22766336164673,-0.08444498272535501,0.952194348236954,121.5379254711768,-3.741694663507287e-05,4.467324381347946e-06,1.0,1.0,0.0,94.09614845122326,0.0,1.0,111.66807622754283,0.0,0.0,1.0
frame_0078.jpg,frame_0078,78,D:\visualization2026\visualization\left_downsample2_Q37\frame_0078.jpg,D:\visualization2026\visualization\right_downsample2_Q37\frame_0078.jpg,D:\visualization2026\dowsample2_Q37\stitched_frames\frame_0078.jpg,D:\visualization2026\dowsample2_Q37_hess_matched\stitched_frames\frame_0078.jpg,1668,1297,-0.12415345885648513,-0.0020338793987168674,213.1556333435364,-17.2556921875712,262.13034912070106,13.477406436654519,-48.97471577716465,-30.73309862422572,57.819081076236806,-51.96158518264755,-31.16683301680809,60.59189562137115,0,1,-25.980792591323777,-15.583416508404046,25.980792591323777,15.583416508404046,0,0,57.819081076236806,730.9686019531399,997.6107546775609,468.83825283243885,984.1333482409063,12,12,0.893445322766707,0.0749001388972543,-26.112307501747253,-0.0844107334869131,0.9521902591150001,120.62258519031559,-3.741694663507287e-05,4.467324381347946e-06,1.0,1.0,0.0,93.98079259132378,0.0,1.0,112.58341650840404,0.0,0.0,1.0
frame_0080.jpg,frame_0080,80,D:\visualization2026\visualization\left_downsample2_Q37\frame_0080.jpg,D:\visualization2026\visualization\right_downsample2_Q37\frame_0080.jpg,D:\visualization2026\dowsample2_Q37\stitched_frames\frame_0080.jpg,D:\visualization2026\dowsample2_Q37_hess_matched\stitched_frames\frame_0080.jpg,1668,1297,-0.12552747804461425,-0.002002744129160988,215.64208175714035,-17.39478081557124,262.2306400921669,14.02789267857736,-46.58855833502653,-31.4226734941486,56.19500135471161,-51.35774636918843,-31.589880888855184,60.29542840625602,0,1,-25.678873184594217,-15.794940444427592,25.678873184594217,15.794940444427592,0,0,56.19500135471161,735.8566605003301,998.432484515312,473.62602040816324,984.4045918367347,12,12,0.8934340258643773,0.0749014876691812,-25.810388095017693,-0.08440281890708687,0.9521893141689635,120.41106125429204,-3.741694663507287e-05,4.467324381347946e-06,1.0,1.0,0.0,93.67887318459421,0.0,1.0,112.7949404444276,0.0,0.0,1.0
frame_0082.jpg,frame_0082,82,D:\visualization2026\visualization\left_downsample2_Q37\frame_0082.jpg,D:\visualization2026\visualization\right_downsample2_Q37\frame_0082.jpg,D:\visualization2026\dowsample2_Q37\stitched_frames\frame_0082.jpg,D:\visualization2026\dowsample2_Q37_hess_matched\stitched_frames\frame_0082.jpg,1668,1297,-0.12356990812301769,-0.002150810093577482,211.8532718396235,-17.296920832029087,262.3303170100545,16.120683951717183,-50.47704517043101,-33.41760478374627,60.53650467792466,-53.40020104644126,-31.968868255002192,62.23817164173473,0,1,-26.70010052322063,-15.984434127501096,26.70010052322063,15.984434127501096,0,0,60.53650467792466,740.3935755304202,998.6596698203788,478.0632585203657,982.5389858686616,12,12,0.8934722370732089,0.07489692551539245,-26.831615433644107,-0.08439572863205962,0.9521884676392129,120.22156757121854,-3.741694663507287e-05,4.467324381347946e-06,1.0,1.0,0.0,94.70010052322063,0.0,1.0,112.98443412750109,0.0,0.0,1.0
frame_0084.jpg,frame_0084,84,D:\visualization2026\visualization\left_downsample2_Q37\frame_0084.jpg,D:\visualization2026\visualization\right_downsample2_Q37\frame_0084.jpg,D:\visualization2026\dowsample2_Q37\stitched_frames\frame_0084.jpg,D:\visualization2026\dowsample2_Q37_hess_matched\stitched_frames\frame_0084.jpg,1668,1297,-0.12053691913547335,-0.002428146720023852,205.8691702328681,-17.191653850717316,262.2402521144318,15.502074700595813,-56.371081881563725,-32.69372855131313,65.16577904916744,-55.66194482247942,-31.863909543241192,64.13704727223262,0,1,-27.83097241123971,-15.931954771620596,27.83097241123971,15.931954771620596,0,0,65.16577904916744,745.0657603428926,999.0605613091792,482.8255082284608,983.5584866085834,12,12,0.893514550846294,0.07489187354383492,-27.962487321663186,-0.08439769224931805,0.952188702081519,120.27404692709904,-3.741694663507287e-05,4.467324381347946e-06,1.0,1.0,0.0,95.83097241123971,0.0,1.0,112.9319547716206,0.0,0.0,1.0
frame_0086.jpg,frame_0086,86,D:\visualization2026\visualization\left_downsample2_Q37\frame_0086.jpg,D:\visualization2026\visualization\right_downsample2_Q37\frame_0086.jpg,D:\visualization2026\dowsample2_Q37\stitched_frames\frame_0086.jpg,D:\visualization2026\dowsample2_Q37_hess_matched\stitched_frames\frame_0086.jpg,1668,1297,-0.11874954520702061,-0.002647764558145263,202.209216080599,-17.18395331803877,266.79882014861937,14.393282503538444,-64.58960406802038,-31.577235821577215,71.89533208627061,-58.234686255350326,-31.464934976604265,66.19154641146423,0,1,-29.117343127675163,-15.732467488302133,29.117343127675163,15.732467488302133,0,0,71.89533208627061,755.0366610485141,999.3777447516569,488.23784089989476,984.9844622481185,12,12,0.8935626829107438,0.07488612690856994,-29.24885803809864,-0.08440515645435234,0.9521895932559236,120.4735342104175,-3.741694663507287e-05,4.467324381347946e-06,1.0,1.0,0.0,97.11734312767516,0.0,1.0,112.73246748830213,0.0,0.0,1.0
frame_0088.jpg,frame_0088,88,D:\visualization2026\visualization\left_downsample2_Q37\frame_0088.jpg,D:\visualization2026\visualization\right_downsample2_Q37\frame_0088.jpg,D:\visualization2026\dowsample2_Q37\stitched_frames\frame_0088.jpg,D:\visualization2026\dowsample2_Q37_hess_matched\stitched_frames\frame_0088.jpg,1668,1297,-0.11870589882265858,-0.0026461545273136766,202.1364069350178,-17.177021436293654,262.41984159237325,13.031283629127074,-60.28343465735546,-30.208305065420728,67.42873414956837,-60.00222510073208,-31.260921983260133,67.65731490594642,0,1,-30.00111255036604,-15.630460991630066,30.00111255036604,15.630460991630066,0,0,67.42873414956837,754.8472792340966,999.7306033570183,492.4274376417234,986.6993197278912,12,12,0.8935957508640704,0.07488217882388046,-30.132627460789518,-0.08440897322599475,0.9521900489520332,120.57554070708957,-3.741694663507287e-05,4.467324381347946e-06,1.0,1.0,0.0,98.00111255036605,0.0,1.0,112.63046099163006,0.0,0.0,1.0
frame_0090.jpg,frame_0090,90,D:\visualization2026\visualization\left_downsample2_Q37\frame_0090.jpg,D:\visualization2026\visualization\right_downsample2_Q37\frame_0090.jpg,D:\visualization2026\dowsample2_Q37\stitched_frames\frame_0090.jpg,D:\visualization2026\dowsample2_Q37_hess_matched\stitched_frames\frame_0090.jpg,1668,1297,-0.11909646430834228,-0.002545927805853096,203.0602468016483,-17.12818315210192,262.51251230102935,12.29961750886207,-59.45226549938104,-29.42780066096399,66.33677204047787,-61.05164004848961,-31.134985204692065,68.53240150692761,0,1,-30.525820024244805,-15.567492602346032,30.525820024244805,15.567492602346032,0,0,66.33677204047787,759.5647151626245,999.593355998733,497.0522028615951,987.293738489871,12,12,0.8936153838156196,0.07487983478538933,-30.65733493466828,-0.08441132931085629,0.9521903302522539,120.6385090963736,-3.741694663507287e-05,4.467324381347946e-06,1.0,1.0,0.0,98.52582002424481,0.0,1.0,112.56749260234604,0.0,0.0,1.0
frame_0092.jpg,frame_0092,92,D:\visualization2026\visualization\left_downsample2_Q37\frame_0092.jpg,D:\visualization2026\visualization\right_downsample2_Q37\frame_0092.jpg,D:\visualization2026\dowsample2_Q37\stitched_frames\frame_0092.jpg,D:\visualization2026\dowsample2_Q37_hess_matched\stitched_frames\frame_0092.jpg,1668,1297,-0.11937863095457052,-0.0025836355373415054,203.46609642871897,-17.199398838875783,262.78083582605876,15.198140978149809,-59.31473939733979,-32.39753981702559,67.58578915696769,-60.81574638594933,-31.3709409182378,68.43019028598178,0,1,-30.407873192974666,-15.6854704591189,30.407873192974666,15.6854704591189,0,0,67.58578915696769,764.1193129320542,1000.4566787975275,501.3384771059954,985.2585378193777,12,12,0.8936109706053281,0.07488036169214436,-30.539388103398142,-0.0844069149396853,0.9521898032068978,120.52053123960073,-3.741694663507287e-05,4.467324381347946e-06,1.0,1.0,0.0,98.40787319297466,0.0,1.0,112.6854704591189,0.0,0.0,1.0
frame_0094.jpg,frame_0094,94,D:\visualization2026\visualization\left_downsample2_Q37\frame_0094.jpg,D:\visualization2026\visualization\right_downsample2_Q37\frame_0094.jpg,D:\visualization2026\dowsample2_Q37\stitched_frames\frame_0094.jpg,D:\visualization2026\dowsample2_Q37_hess_matched\stitched_frames\frame_0094.jpg,1668,1297,-0.11916984521664933,-0.0030082489925485068,202.09083883868058,-17.58435085606211,263.70899545903194,14.47969380241068,-61.61815662035136,-32.06404465847279,69.46150146052622,-62.919494922438176,-32.807538108306275,70.95912483974624,0,1,-31.459747461219088,-16.403769054153138,31.459747461219088,16.403769054153138,0,0,69.46150146052622,769.1905114577893,1001.0113029978129,505.48151599875735,986.5316091954022,12,12,0.8936503285286898,0.07487566262857973,-31.591262371642564,-0.08438003839948686,0.9521865943340712,119.80223264456649,-3.741694663507287e-05,4.467324381347946e-06,1.0,1.0,0.0,99.45974746121908,0.0,1.0,113.40376905415314,0.0,0.0,1.0
frame_0096.jpg,frame_0096,96,D:\visualization2026\visualization\left_downsample2_Q37\frame_0096.jpg,D:\visualization2026\visualization\right_downsample2_Q37\frame_0096.jpg,D:\visualization2026\dowsample2_Q37\stitched_frames\frame_0096.jpg,D:\visualization2026\dowsample2_Q37_hess_matched\stitched_frames\frame_0096.jpg,1668,1297,-0.1186212715488836,-0.0037016367460235705,199.48050930038977,-18.187403908926576,262.8906450557088,14.56961048037931,-63.410135755319004,-32.75701438930589,71.37133393883835,-66.06268844149419,-35.488487031623805,74.99140961411288,0,1,-33.031344220747094,-17.744243515811903,33.031344220747094,17.744243515811903,0,0,71.37133393883835,778.4636298051641,1001.4476061230808,515.5729847494554,986.8779956427015,12,12,0.8937091328807729,0.07486864179605823,-33.16285913117057,-0.0843298819380893,0.952180605999826,118.46175818290773,-3.741694663507287e-05,4.467324381347946e-06,1.0,1.0,0.0,101.03134422074709,0.0,1.0,114.7442435158119,0.0,0.0,1.0
frame_0098.jpg,frame_0098,98,D:\visualization2026\visualization\left_downsample2_Q37\frame_0098.jpg,D:\visualization2026\visualization\right_downsample2_Q37\frame_0098.jpg,D:\visualization2026\dowsample2_Q37\stitched_frames\frame_0098.jpg,D:\visualization2026\dowsample2_Q37_hess_matched\stitched_frames\frame_0098.jpg,1668,1297,-0.11798199031387308,-0.004316815302385285,196.8967033588593,-18.70364736592619,267.69888069865897,18.6876436498369,-70.80217733979967,-37.39129101576309,80.06907617727288,-68.6945998332472,-36.675492646818796,77.87194492971666,0,1,-34.3472999166236,-18.337746323409398,34.3472999166236,18.337746323409398,0,0,80.06907617727288,786.9733177191985,1005.8225112568649,519.2744370205395,987.134867607028,12,12,0.8937583719248197,0.07486276299509327,-34.478814827047074,-0.08430767487520965,0.9521779546302632,117.86825537531024,-3.741694663507287e-05,4.467324381347946e-06,1.0,1.0,0.0,102.3472999166236,0.0,1.0,115.33774632340939,0.0,0.0,1.0
frame_0100.jpg,frame_0100,100,D:\visualization2026\visualization\left_downsample2_Q37\frame_0100.jpg,D:\visualization2026\visualization\right_downsample2_Q37\frame_0100.jpg,D:\visualization2026\dowsample2_Q37\stitched_frames\frame_0100.jpg,D:\visualization2026\dowsample2_Q37_hess_matched\stitched_frames\frame_0100.jpg,1668,1297,-0.11758482064401513,-0.004233972442952941,196.39615183097294,-18.574617667714314,271.56438492563404,24.25792760983734,-75.1682330946611,-42.83254527755165,86.5152599344579,-70.68717189861509,-38.42445258912018,80.45566995431648,0,1,-35.343585949307545,-19.21222629456009,35.343585949307545,19.21222629456009,0,0,86.5152599344579,791.5686719109935,1009.069866459631,520.0042869853595,984.8119388497937,12,12,0.8937956499061378,0.07485831226220867,-35.47510085973102,-0.08427495450479566,0.9521740480445672,116.99377540415955,-3.741694663507287e-05,4.467324381347946e-06,1.0,1.0,0.0,103.34358594930754,0.0,1.0,116.21222629456008,0.0,0.0,1.0
frame_0102.jpg,frame_0102,102,D:\visualization2026\visualization\left_downsample2_Q37\frame_0102.jpg,D:\visualization2026\visualization\right_downsample2_Q37\frame_0102.jpg,D:\visualization2026\dowsample2_Q37\stitched_frames\frame_0102.jpg,D:\visualization2026\dowsample2_Q37_hess_matched\stitched_frames\frame_0102.jpg,1668,1297,-0.11749618552606539,-0.003386778802613122,198.25304555737048,-17.744344269166916,270.72734191347524,20.588223623833642,-72.47429635610476,-38.33256789300056,81.98725140888672,-72.75255095231496,-40.291663631650216,83.16460682450936,0,1,-36.37627547615748,-20.145831815825108,36.37627547615748,20.145831815825108,0,0,81.98725140888672,796.2754233914478,1009.1595168497929,525.5480814779726,988.5712932259593,12,12,0.8938342899950545,0.074853698903107,-36.50779038658096,-0.08424002183682829,0.9521698773258594,116.06016988289453,-3.741694663507287e-05,4.467324381347946e-06,1.0,1.0,0.0,104.37627547615747,0.0,1.0,117.1458318158251,0.0,0.0,1.0
frame_0104.jpg,frame_0104,104,D:\visualization2026\visualization\left_downsample2_Q37\frame_0104.jpg,D:\visualization2026\visualization\right_downsample2_Q37\frame_0104.jpg,D:\visualization2026\dowsample2_Q37\stitched_frames\frame_0104.jpg,D:\visualization2026\dowsample2_Q37_hess_matched\stitched_frames\frame_0104.jpg,1668,1297,-0.11740619232639893,-0.0026066589517701327,199.94822022554487,-16.978773673265728,271.52923717273575,23.83007069671396,-71.58101694719088,-40.80884436997969,82.39662472460415,-73.77072450444419,-41.48886439528409,84.63714115399264,0,1,-36.885362252222095,-20.744432197642045,36.885362252222095,20.744432197642045,0,0,82.39662472460415,806.1506085441072,1010.5781521114619,534.6213713713714,986.748081414748,12,12,0.8938533384677873,0.07485142464734007,-37.01687716264557,-0.0842176240382861,0.952167203183779,115.46156950107759,-3.741694663507287e-05,4.467324381347946e-06,1.0,1.0,0.0,104.8853622522221,0.0,1.0,117.74443219764204,0.0,0.0,1.0
frame_0106.jpg,frame_0106,106,D:\visualization2026\visualization\left_downsample2_Q37\frame_0106.jpg,D:\visualization2026\visualization\right_downsample2_Q37\frame_0106.jpg,D:\visualization2026\dowsample2_Q37\stitched_frames\frame_0106.jpg,D:\visualization2026\dowsample2_Q37_hess_matched\stitched_frames\frame_0106.jpg,1668,1297,-0.11710965176112234,-0.002431481541101649,199.84369384241796,-16.772834905467032,194.16320425076833,-23.740861712705865,5.680489591649632,6.968026807238832,8.990070054634657,-74.34688972092664,-41.85465935295554,85.31865283000884,1,1,-37.17344486046332,-20.92732967647777,37.17344486046332,20.92732967647777,6,1,8.990070054634657,1239.022102523613,103.97682070378961,1044.8588982728447,127.71768241649548,12,12,0.8938641176393662,0.07485013768888044,-37.304959770886796,-0.08421078057308082,0.9521663861214126,115.27867202224186,-3.741694663507287e-05,4.467324381347946e-06,1.0,1.0,0.0,105.17344486046332,0.0,1.0,117.92732967647777,0.0,0.0,1.0
frame_0108.jpg,frame_0108,108,D:\visualization2026\visualization\left_downsample2_Q37\frame_0108.jpg,D:\visualization2026\visualization\right_downsample2_Q37\frame_0108.jpg,D:\visualization2026\dowsample2_Q37\stitched_frames\frame_0108.jpg,D:\visualization2026\dowsample2_Q37_hess_matched\stitched_frames\frame_0108.jpg,1668,1297,-0.11683888957219357,-0.002553936678658622,199.07739929416383,-16.85792422297039,198.25282691592815,18.92022461496518,0.824572378235672,-35.77814883793557,35.787649460064,-75.89304510044585,-43.377294833932474,87.41478136864619,1,1,-37.94652255022292,-21.688647416966237,37.94652255022292,21.688647416966237,3,2,35.787649460064,1327.9380880589415,196.48667252308658,1129.6852611430133,177.5664479081214,12,12,0.8938930438460287,0.0748466841000683,-38.0780374606464,-0.08418229438781263,0.9521629850681085,114.5173542817534,-3.741694663507287e-05,4.467324381347946e-06,1.0,1.0,0.0,105.94652255022292,0.0,1.0,118.68864741696623,0.0,0.0,1.0
frame_0110.jpg,frame_0110,110,D:\visualization2026\visualization\left_downsample2_Q37\frame_0110.jpg,D:\visualization2026\visualization\right_downsample2_Q37\frame_0110.jpg,D:\visualization2026\dowsample2_Q37\stitched_frames\frame_0110.jpg,D:\visualization2026\dowsample2_Q37_hess_matched\stitched_frames\frame_0110.jpg,1668,1297,-0.11672302810243287,-0.002752248258909684,198.40287970172204,-17.035452624327725,235.90564205381725,-32.819508411831805,-37.5027623520952,15.78405578750408,40.68898623879404,-78.04905917707333,-44.66152006590887,89.923895673085,1,1,-39.024529588536666,-22.330760032954434,39.024529588536666,22.330760032954434,3,5,40.68898623879404,1369.9337821504355,170.89377661232277,1134.0281400966182,203.71328502415457,12,12,0.8939333795778536,0.07484186829294277,-39.15604449896014,-0.08415826849432649,0.9521601165427636,113.8752416657652,-3.741694663507287e-05,4.467324381347946e-06,1.0,1.0,0.0,107.02452958853667,0.0,1.0,119.33076003295443,0.0,0.0,1.0
frame_0112.jpg,frame_0112,112,D:\visualization2026\visualization\left_downsample2_Q37\frame_0112.jpg,D:\visualization2026\visualization\right_downsample2_Q37\frame_0112.jpg,D:\visualization2026\dowsample2_Q37\stitched_frames\frame_0112.jpg,D:\visualization2026\dowsample2_Q37_hess_matched\stitched_frames\frame_0112.jpg,1668,1297,-0.11679770110291551,-0.002801626149259037,198.41669190641394,-17.092403637193907,206.40910437233617,-9.2353762956037,-7.992412465922229,-7.857027341590207,11.20765522631407,-80.20507325370082,-45.94574529788527,92.43303136114092,1,1,-40.10253662685041,-22.972872648942634,40.10253662685041,22.972872648942634,7,4,11.20765522631407,1222.1949011390798,107.1823168016506,1015.7857967667436,116.4176930972543,12,12,0.8939737153096784,0.07483705248581725,-40.234051537273885,-0.08413424260084035,0.9521572480174185,113.233129049777,-3.741694663507287e-05,4.467324381347946e-06,1.0,1.0,0.0,108.10253662685041,0.0,1.0,119.97287264894263,0.0,0.0,1.0
frame_0114.jpg,frame_0114,114,D:\visualization2026\visualization\left_downsample2_Q37\frame_0114.jpg,D:\visualization2026\visualization\right_downsample2_Q37\frame_0114.jpg,D:\visualization2026\dowsample2_Q37\stitched_frames\frame_0114.jpg,D:\visualization2026\dowsample2_Q37_hess_matched\stitched_frames\frame_0114.jpg,1668,1297,-0.11688710720347009,-0.0026615791952030177,198.9063531959482,-16.96796774855399,201.4338390340571,-97.87003732266919,-2.5274858381088734,80.9020695741152,80.94154091711387,-82.3610873303283,-47.22997052986166,94.94218673743283,1,1,-41.18054366516415,-23.61498526493083,41.18054366516415,23.61498526493083,0,4,80.94154091711387,821.3713296199886,1003.613167979334,619.9374905859315,1101.4832053020032,12,12,0.8940140510415032,0.07483223667869172,-41.31205857558763,-0.08411021670735422,0.9521543794920736,112.59101643378881,-3.741694663507287e-05,4.467324381347946e-06,1.0,1.0,0.0,109.18054366516415,0.0,1.0,120.61498526493082,0.0,0.0,1.0
frame_0116.jpg,frame_0116,116,D:\visualization2026\visualization\left_downsample2_Q37\frame_0116.jpg,D:\visualization2026\visualization\right_downsample2_Q37\frame_0116.jpg,D:\visualization2026\dowsample2_Q37\stitched_frames\frame_0116.jpg,D:\visualization2026\dowsample2_Q37_hess_matched\stitched_frames\frame_0116.jpg,1668,1297,-0.1169250995215888,-0.0025142822627054195,199.32296519669222,-16.830188833147385,301.4649515369431,49.737526241650926,-102.14198634025087,-66.56771507479831,121.91901436532173,-84.51710140695579,-48.51419576183805,97.45136028117614,1,0,-42.258550703477894,-24.257097880919027,42.258550703477894,24.257097880919027,0,0,121.91901436532173,817.9538210895498,1000.5974348777179,516.4888695526067,950.859908636067,12,12,0.894054386773328,0.0748274208715662,-42.39006561390137,-0.08408619081386808,0.9521515109667286,111.94890381780061,-3.741694663507287e-05,4.467324381347946e-06,1.0,1.0,0.0,110.2585507034779,0.0,1.0,121.25709788091902,0.0,0.0,1.0
frame_0118.jpg,frame_0118,118,D:\visualization2026\visualization\left_downsample2_Q37\frame_0118.jpg,D:\visualization2026\visualization\right_downsample2_Q37\frame_0118.jpg,D:\visualization2026\dowsample2_Q37\stitched_frames\frame_0118.jpg,D:\visualization2026\dowsample2_Q37_hess_matched\stitched_frames\frame_0118.jpg,1668,1297,-0.1168268824478523,-0.0025159900464041818,199.14645999022363,-16.819745755413333,207.9802275078274,1.6243176171730909,-8.833767517603775,-18.444063372586424,20.45040151799117,-86.67311548358329,-49.798420993814446,99.9605506242725,1,1,-43.336557741791644,-24.899210496907223,43.336557741791644,24.899210496907223,5,5,20.45040151799117,1230.2382702903774,113.3300612587429,1022.25804278255,111.70574364156981,12,12,0.8940947225051529,0.07482260506444068,-43.46807265221512,-0.08406216492038195,0.9521486424413836,111.30679120181242,-3.741694663507287e-05,4.467324381347946e-06,1.0,1.0,0.0,111.33655774179164,0.0,1.0,121.89921049690722,0.0,0.0,1.0
frame_0120.jpg,frame_0120,120,D:\visualization2026\visualization\left_downsample2_Q37\frame_0120.jpg,D:\visualization2026\visualization\right_downsample2_Q37\frame_0120.jpg,D:\visualization2026\dowsample2_Q37\stitched_frames\frame_0120.jpg,D:\visualization2026\dowsample2_Q37_hess_matched\stitched_frames\frame_0120.jpg,1668,1297,-0.1165683327183914,-0.0026111666002941736,198.4664085179611,-16.879956622694145,293.4926207112313,39.64895530000592,-95.02621219327023,-56.52891192270007,110.56897795930286,-88.82912956021076,-51.082646225790846,102.46975653261802,1,1,-44.41456478010538,-25.541323112895423,44.41456478010538,25.541323112895423,0,0,110.56897795930286,818.3865306211411,991.6787210657717,524.8939099099098,952.0297657657658,12,12,0.8941350582369777,0.07481778925731515,-44.546079690528856,-0.0840381390268958,0.9521457739160387,110.6646785858242,-3.741694663507287e-05,4.467324381347946e-06,1.0,1.0,0.0,112.41456478010538,0.0,1.0,122.54132311289543,0.0,0.0,1.0
frame_0122.jpg,frame_0122,122,D:\visualization2026\visualization\left_downsample2_Q37\frame_0122.jpg,D:\visualization2026\visualization\right_downsample2_Q37\frame_0122.jpg,D:\visualization2026\dowsample2_Q37\stitched_frames\frame_0122.jpg,D:\visualization2026\dowsample2_Q37_hess_matched\stitched_frames\frame_0122.jpg,1668,1297,-0.11633991669463961,-0.002682411908447327,197.89611438889082,-16.92073327607813,180.36823162954784,-31.20631317091609,17.527882759342987,14.285579894837959,22.612042520680692,-91.12269491002374,-52.39628253061596,105.11287243098914,1,1,-45.56134745501187,-26.19814126530798,45.56134745501187,26.19814126530798,9,2,22.612042520680692,1196.7049636960805,86.43177323930071,1016.3367320665327,117.6380864102168,12,12,0.8941779673431267,0.07481266620711144,-45.692862365435346,-0.08401356289713803,0.9521428396962923,110.00786043341165,-3.741694663507287e-05,4.467324381347946e-06,1.0,1.0,0.0,113.56134745501187,0.0,1.0,123.19814126530798,0.0,0.0,1.0
frame_0124.jpg,frame_0124,124,D:\visualization2026\visualization\left_downsample2_Q37\frame_0124.jpg,D:\visualization2026\visualization\right_downsample2_Q37\frame_0124.jpg,D:\visualization2026\dowsample2_Q37\stitched_frames\frame_0124.jpg,D:\visualization2026\dowsample2_Q37_hess_matched\stitched_frames\frame_0124.jpg,1668,1297,-0.11634315628331693,-0.002630308363540085,198.02557498681008,-16.870740556424682,291.1667327002758,36.780356133318946,-93.14115771346573,-53.651096689743625,107.48821068478588,-91.31739152412062,-53.687638050957815,105.93030007632467,0,1,-45.65869576206031,-26.843819025478908,45.65869576206031,26.843819025478908,0,0,107.48821068478588,828.6460112627053,992.2652709267676,537.4792785624295,955.4849147934486,12,12,0.8941816098195365,0.07481223132064588,-45.79021067248379,-0.08398940360684226,0.9521399552442917,109.36218267324072,-3.741694663507287e-05,4.467324381347946e-06,1.0,1.0,0.0,113.65869576206032,0.0,1.0,123.84381902547891,0.0,0.0,1.0
frame_0126.jpg,frame_0126,126,D:\visualization2026\visualization\left_downsample2_Q37\frame_0126.jpg,D:\visualization2026\visualization\right_downsample2_Q37\frame_0126.jpg,D:\visualization2026\dowsample2_Q37\stitched_frames\frame_0126.jpg,D:\visualization2026\dowsample2_Q37_hess_matched\stitched_frames\frame_0126.jpg,1668,1297,-0.11657709562092827,-0.002478410364857825,198.79715827303255,-16.75264126152266,294.78208642905327,38.32973602444099,-95.98492815602071,-55.082377285963645,110.66695405851604,-89.4132194025014,-54.95671278681639,104.9521990443863,0,1,-44.7066097012507,-27.478356393408195,44.7066097012507,27.478356393408195,0,0,110.66695405851604,837.899344311936,993.7868728487654,543.1172578828828,955.4571368243244,12,12,0.8941459856662072,0.07481648459791847,-44.838124611674175,-0.0839656611560085,0.9521371205600372,108.72764530531144,-3.741694663507287e-05,4.467324381347946e-06,1.0,1.0,0.0,112.7066097012507,0.0,1.0,124.47835639340819,0.0,0.0,1.0
frame_0128.jpg,frame_0128,128,D:\visualization2026\visualization\left_downsample2_Q37\frame_0128.jpg,D:\visualization2026\visualization\right_downsample2_Q37\frame_0128.jpg,D:\visualization2026\dowsample2_Q37\stitched_frames\frame_0128.jpg,D:\visualization2026\dowsample2_Q37_hess_matched\stitched_frames\frame_0128.jpg,1668,1297,-0.11677393315986231,-0.0022801095997633664,199.61382897400034,-16.585094961091897,281.9912042640025,38.681856634252426,-82.37737529000213,-55.266951595344324,99.19913254818303,-83.7636755054073,-53.98158131333828,99.65121401801247,1,1,-41.88183775270365,-26.99079065666914,41.88183775270365,26.99079065666914,0,0,99.19913254818303,824.5698243605824,994.3650609737376,542.5786200965799,955.6832043394852,12,12,0.8940402913249522,0.07482910377051596,-42.01335266312713,-0.08398390437716115,0.9521392986743404,109.2152110420505,-3.741694663507287e-05,4.467324381347946e-06,1.0,1.0,0.0,109.88183775270366,0.0,1.0,123.99079065666913,0.0,0.0,1.0
frame_0130.jpg,frame_0130,130,D:\visualization2026\visualization\left_downsample2_Q37\frame_0130.jpg,D:\visualization2026\visualization\right_downsample2_Q37\frame_0130.jpg,D:\visualization2026\dowsample2_Q37\stitched_frames\frame_0130.jpg,D:\visualization2026\dowsample2_Q37_hess_matched\stitched_frames\frame_0130.jpg,1668,1297,-0.11674714782949311,-0.002127561657707916,199.92917899856937,-16.434260643126663,279.237447950684,40.99375926195705,-79.30826895211462,-57.428019905083715,97.91720479261875,-74.36875983283836,-50.762243630523514,90.0417559662128,0,1,-37.18437991641918,-25.381121815261757,37.18437991641918,25.381121815261757,0,0,97.91720479261875,829.9842527104901,994.5124165265375,550.7468047598061,953.5186572645805,12,12,0.8938645267957714,0.07485008883843836,-37.31589482684266,-0.08404413327030023,0.9521464895872015,110.82487988345787,-3.741694663507287e-05,4.467324381347946e-06,1.0,1.0,0.0,105.18437991641918,0.0,1.0,122.38112181526176,0.0,0.0,1.0
frame_0132.jpg,frame_0132,132,D:\visualization2026\visualization\left_downsample2_Q37\frame_0132.jpg,D:\visualization2026\visualization\right_downsample2_Q37\frame_0132.jpg,D:\visualization2026\dowsample2_Q37\stitched_frames\frame_0132.jpg,D:\visualization2026\dowsample2_Q37_hess_matched\stitched_frames\frame_0132.jpg,1668,1297,-0.1167999211387927,-0.0021549392864337463,199.95680186446276,-16.4672374307785,308.7585650934134,44.73125298499201,-108.80176322895062,-61.19849041577051,124.83220302028553,-61.090921111609084,-45.26928866552335,76.03557811016712,1,0,-30.545460555804542,-22.634644332761674,30.545460555804542,22.634644332761674,0,0,124.83220302028553,829.7827402925031,994.4998821089965,521.0241751990898,949.7686291240045,12,12,0.8936161187043408,0.07487974704476383,-30.67697546622802,-0.08414689807169737,0.9521587589930219,113.57135736595797,-3.741694663507287e-05,4.467324381347946e-06,1.0,1.0,0.0,98.54546055580454,0.0,1.0,119.63464433276167,0.0,0.0,1.0
frame_0134.jpg,frame_0134,134,D:\visualization2026\visualization\left_downsample2_Q37\frame_0134.jpg,D:\visualization2026\visualization\right_downsample2_Q37\frame_0134.jpg,D:\visualization2026\dowsample2_Q37\stitched_frames\frame_0134.jpg,D:\visualization2026\dowsample2_Q37_hess_matched\stitched_frames\frame_0134.jpg,1668,1297,-0.11685236675531499,-0.002072609144333687,200.244461436896,-16.39407060736698,203.67079773063892,-25.542356786759157,-3.426336293742935,9.148286179392176,9.768875084567208,-46.166579350621035,-37.55440827566977,59.51207129543453,1,1,-23.083289675310517,-18.777204137834886,23.083289675310517,18.777204137834886,4,2,9.768875084567208,1188.6979180462208,90.24144772781459,985.0271203155819,115.78380451457375,12,12,0.8933369070547236,0.07491308298267604,-23.214804585733994,-0.08429123170561893,0.9521759914296543,117.42879756088475,-3.741694663507287e-05,4.467324381347946e-06,1.0,1.0,0.0,91.08328967531051,0.0,1.0,115.77720413783489,0.0,0.0,1.0
frame_0136.jpg,frame_0136,136,D:\visualization2026\visualization\left_downsample2_Q37\frame_0136.jpg,D:\visualization2026\visualization\right_downsample2_Q37\frame_0136.jpg,D:\visualization2026\dowsample2_Q37\stitched_frames\frame_0136.jpg,D:\visualization2026\dowsample2_Q37_hess_matched\stitched_frames\frame_0136.jpg,1668,1297,-0.11666230936792304,-0.00167839179494568,200.84722880793134,-15.98940125048243,198.3756357485969,-25.386781613757478,2.4715930593344524,9.397380363275047,9.716971233003507,-31.355302416762523,-28.856296137693256,42.612683750649694,1,1,-15.677651208381262,-14.428148068846628,15.677651208381262,14.428148068846628,9,2,9.716971233003507,1185.8730728408616,91.2976700793149,987.4974370922647,116.68445169307238,12,12,0.8930598106754077,0.0749461663719588,-15.809166118804738,-0.08445396010446521,0.9521954200738671,121.77785362987301,-3.741694663507287e-05,4.467324381347946e-06,1.0,1.0,0.0,83.67765120838126,0.0,1.0,111.42814806884662,0.0,0.0,1.0
frame_0138.jpg,frame_0138,138,D:\visualization2026\visualization\left_downsample2_Q37\frame_0138.jpg,D:\visualization2026\visualization\right_downsample2_Q37\frame_0138.jpg,D:\visualization2026\dowsample2_Q37\stitched_frames\frame_0138.jpg,D:\visualization2026\dowsample2_Q37_hess_matched\stitched_frames\frame_0138.jpg,1668,1297,-0.11579520765737633,-0.0015302769731731225,199.67663059683008,-15.739375267925638,212.70152034595753,1.9414213783301904,-13.024889749127453,-17.68079664625583,21.96038075770037,-18.303593349792287,-21.396877676447186,28.157555004215197,0,1,-9.151796674896143,-10.698438838223593,9.151796674896143,10.698438838223593,8,2,21.96038075770037,1200.1689797060585,116.73371272188812,987.467459360101,114.79229134355793,12,12,0.8928156331245801,0.07497531948102537,-9.28331158531962,-0.08459351443571177,0.9522120818948484,125.50756286049604,-3.741694663507287e-05,4.467324381347946e-06,1.0,1.0,0.0,77.15179667489615,0.0,1.0,107.6984388382236,0.0,0.0,1.0
frame_0140.jpg,frame_0140,140,D:\visualization2026\visualization\left_downsample2_Q37\frame_0140.jpg,D:\visualization2026\visualization\right_downsample2_Q37\frame_0140.jpg,D:\visualization2026\dowsample2_Q37\stitched_frames\frame_0140.jpg,D:\visualization2026\dowsample2_Q37_hess_matched\stitched_frames\frame_0140.jpg,1668,1297,-0.11485665777333703,-0.0012798602765015377,198.62360382432774,-15.381610251430809,311.2233878691452,45.152313600351135,-112.59978404481745,-60.53392385178194,127.84000666392686,-7.01145214971033,-15.176152891931572,16.717538031868227,1,0,-3.505726074855165,-7.588076445965786,3.505726074855165,7.588076445965786,0,0,127.84000666392686,853.9037935661672,996.5813885535952,542.680405697022,951.429074953244,12,12,0.8926043744022405,0.07500054230987575,-3.637240985278641,-0.0847098946993586,0.9522259768925982,128.61792525275385,-3.741694663507287e-05,4.467324381347946e-06,1.0,1.0,0.0,71.50572607485516,0.0,1.0,104.58807644596578,0.0,0.0,1.0
frame_0142.jpg,frame_0142,142,D:\visualization2026\visualization\left_downsample2_Q37\frame_0142.jpg,D:\visualization2026\visualization\right_downsample2_Q37\frame_0142.jpg,D:\visualization2026\dowsample2_Q37\stitched_frames\frame_0142.jpg,D:\visualization2026\dowsample2_Q37_hess_matched\stitched_frames\frame_0142.jpg,1668,1297,-0.11458877764322087,-0.0006181106917953066,199.72525685537667,-14.708615256162803,285.7052815222189,54.52529579935424,-85.98002466684224,-69.23391105551704,110.38975985911938,-0.02485951730636815,-12.183955770516585,12.183981131531068,1,1,-0.012429758653184075,-6.091977885258292,0.012429758653184075,6.091977885258292,0,0,110.38975985911938,839.0548731208187,1003.9249068456396,553.3495915985998,949.3996110462854,12,12,0.8924736659203967,0.07501614799768039,-0.14394466907666037,-0.08476587413936541,0.9522326604501753,130.11402381346133,-3.741694663507287e-05,4.467324381347946e-06,1.0,1.0,0.0,68.01242975865318,0.0,1.0,103.09197788525829,0.0,0.0,1.0
frame_0144.jpg,frame_0144,144,D:\visualization2026\visualization\left_downsample2_Q37\frame_0144.jpg,D:\visualization2026\visualization\right_downsample2_Q37\frame_0144.jpg,D:\visualization2026\dowsample2_Q37\stitched_frames\frame_0144.jpg,D:\visualization2026\dowsample2_Q37_hess_matched\stitched_frames\frame_0144.jpg,1668,1297,-0.11508476932602338,-0.001049856402077734,199.57049615845577,-15.187253643650104,189.27636950866702,-8.736469290558404,10.294126649788751,-6.4507843530917,12.148319317995544,2.4980090364213714,-10.145665190844378,10.448663613628018,0,1,1.2490045182106857,-5.072832595422189,-1.2490045182106857,5.072832595422189,5,2,12.148319317995544,1181.213650492719,104.33769219124092,991.9372809840519,113.07416148179932,12,12,0.8924264669013756,0.07502178323378089,1.1174896077872094,-0.08480400744428859,0.9522372133027768,131.13316910329743,-3.741694663507287e-05,4.467324381347946e-06,1.0,1.0,0.0,66.75099548178932,0.0,1.0,102.07283259542218,0.0,0.0,1.0
frame_0146.jpg,frame_0146,146,D:\visualization2026\visualization\left_downsample2_Q37\frame_0146.jpg,D:\visualization2026\visualization\right_downsample2_Q37\frame_0146.jpg,D:\visualization2026\dowsample2_Q37\stitched_frames\frame_0146.jpg,D:\visualization2026\dowsample2_Q37_hess_matched\stitched_frames\frame_0146.jpg,1668,1297,-0.11572369607045302,-0.0018396613129866846,198.81612537881784,-16.029788448861932,193.47889676667228,-3.3731715949740675,5.337228612145566,-12.656616853887865,13.735936788017904,2.316721378361164,-7.822587476184499,8.158435681398378,0,1,1.158360689180582,-3.9112937380922497,-1.158360689180582,3.9112937380922497,8,3,13.735936788017904,1180.965457332543,106.8276241609941,987.4865605658708,110.20079575596817,12,12,0.8924298585166892,0.07502137829839345,1.0268457787571057,-0.08484746868172788,0.952242402273634,132.2947079606274,-3.741694663507287e-05,4.467324381347946e-06,1.0,1.0,0.0,66.84163931081942,0.0,1.0,100.91129373809225,0.0,0.0,1.0
frame_0148.jpg,frame_0148,148,D:\visualization2026\visualization\left_downsample2_Q37\frame_0148.jpg,D:\visualization2026\visualization\right_downsample2_Q37\frame_0148.jpg,D:\visualization2026\dowsample2_Q37\stitched_frames\frame_0148.jpg,D:\visualization2026\dowsample2_Q37_hess_matched\stitched_frames\frame_0148.jpg,1668,1297,-0.11588585798952972,-0.0017378801214449485,199.34262969509732,-15.951320453043005,284.36959577285074,53.86950305505104,-85.02696607775343,-69.82082350809405,110.02059968813045,-0.5687224914869886,-5.2147226265369495,5.245643653932241,1,1,-0.2843612457434943,-2.6073613132684748,0.2843612457434943,2.6073613132684748,0,0,110.02059968813045,852.2684616930344,1005.2886819238423,567.8988659201837,951.4191788687913,12,12,0.8924838407663376,0.07501493319151806,-0.4158761561669706,-0.08489625785168324,0.9522482273627471,133.59864038545115,-3.741694663507287e-05,4.467324381347946e-06,1.0,1.0,0.0,68.2843612457435,0.0,1.0,99.60736131326847,0.0,0.0,1.0
frame_0150.jpg,frame_0150,150,D:\visualization2026\visualization\left_downsample2_Q37\frame_0150.jpg,D:\visualization2026\visualization\right_downsample2_Q37\frame_0150.jpg,D:\visualization2026\dowsample2_Q37\stitched_frames\frame_0150.jpg,D:\visualization2026\dowsample2_Q37_hess_matched\stitched_frames\frame_0150.jpg,1668,1297,-0.11567870696644109,-0.0014141235484701892,199.74800388690153,-15.61269187998907,291.70582801027035,55.522504656563115,-91.95782412336882,-71.13519653655219,116.26030106531782,-3.861851164848498,-3.7138438700271865,5.357847581854136,1,1,-1.930925582424249,-1.8569219350135933,1.930925582424249,1.8569219350135933,0,0,116.26030106531782,858.5418512059666,1006.0488792810303,566.8360231956963,950.5263746244672,12,12,0.8925454501762544,0.07500757745451134,-2.0624404928477253,-0.08492433700185227,0.9522515798188782,134.34907976370604,-3.741694663507287e-05,4.467324381347946e-06,1.0,1.0,0.0,69.93092558242425,0.0,1.0,98.85692193501359,0.0,0.0,1.0
frame_0152.jpg,frame_0152,152,D:\visualization2026\visualization\left_downsample2_Q37\frame_0152.jpg,D:\visualization2026\visualization\right_downsample2_Q37\frame_0152.jpg,D:\visualization2026\dowsample2_Q37\stitched_frames\frame_0152.jpg,D:\visualization2026\dowsample2_Q37_hess_matched\stitched_frames\frame_0152.jpg,1668,1297,-0.11548341033058862,-0.0012302375641274482,199.8419276834779,-15.410798151268084,211.74802584923532,-18.256000615359426,-11.906098165757413,2.845202464091342,12.241337777968692,-5.016683940933647,-1.3301172202850369,5.190022117767933,0,1,-2.5083419704668235,-0.6650586101425184,2.5083419704668235,0.6650586101425184,4,1,12.241337777968692,1289.468964151685,153.8461577578795,1077.7209383024497,172.10215837323892,12,12,0.8925670553344319,0.07500499794820285,-2.6398568808903,-0.08496893288827527,0.9522569042589687,135.5409430885771,-3.741694663507287e-05,4.467324381347946e-06,1.0,1.0,0.0,70.50834197046683,0.0,1.0,97.66505861014252,0.0,0.0,1.0
frame_0154.jpg,frame_0154,154,D:\visualization2026\visualization\left_downsample2_Q37\frame_0154.jpg,D:\visualization2026\visualization\right_downsample2_Q37\frame_0154.jpg,D:\visualization2026\dowsample2_Q37\stitched_frames\frame_0154.jpg,D:\visualization2026\dowsample2_Q37_hess_matched\stitched_frames\frame_0154.jpg,1668,1297,-0.11556727391690819,-0.001117988668108319,200.25582288864445,-15.312564477066415,319.08479118565924,53.79636696289265,-118.8289682970148,-69.10893143995906,137.46406116256682,-3.875045308744208,-0.3381637986683467,3.889772602550219,1,0,-1.937522654372104,-0.16908189933417336,1.937522654372104,0.16908189933417336,0,0,137.46406116256682,867.6602010217248,1005.5033341760075,548.5754098360655,951.7069672131148,12,12,0.8925456970185434,0.07500754798325099,-2.0690375647955803,-0.08498749082239582,0.9522591199478214,136.03691979938546,-3.741694663507287e-05,4.467324381347946e-06,1.0,1.0,0.0,69.9375226543721,0.0,1.0,97.16908189933417,0.0,0.0,1.0
frame_0156.jpg,frame_0156,156,D:\visualization2026\visualization\left_downsample2_Q37\frame_0156.jpg,D:\visualization2026\visualization\right_downsample2_Q37\frame_0156.jpg,D:\visualization2026\dowsample2_Q37\stitched_frames\frame_0156.jpg,D:\visualization2026\dowsample2_Q37_hess_matched\stitched_frames\frame_0156.jpg,1668,1297,-0.11553845468576962,-0.0011015521318458454,200.2442676122334,-15.293119084430561,306.8129528892837,54.72762411877659,-106.56868527705029,-70.02074320320715,127.51387830510245,-0.43693526828018037,-0.7379836051771163,0.8576317567448672,1,0,-0.21846763414009018,-0.3689918025885581,0.21846763414009018,0.3689918025885581,0,0,127.51387830510245,854.6567553967154,1006.9315791401027,547.8438025074317,952.2039550213261,12,12,0.8924813752285886,0.07501522755965574,-0.3499825445635665,-0.08498001080421393,0.9522582268854366,135.83700989613106,-3.741694663507287e-05,4.467324381347946e-06,1.0,1.0,0.0,68.2184676341401,0.0,1.0,97.36899180258855,0.0,0.0,1.0
frame_0158.jpg,frame_0158,158,D:\visualization2026\visualization\left_downsample2_Q37\frame_0158.jpg,D:\visualization2026\visualization\right_downsample2_Q37\frame_0158.jpg,D:\visualization2026\dowsample2_Q37\stitched_frames\frame_0158.jpg,D:\visualization2026\dowsample2_Q37_hess_matched\stitched_frames\frame_0158.jpg,1668,1297,-0.1154069921975664,-0.0011385771470654033,199.92549402250157,-15.312738927823048,311.22911930128214,57.869275830840365,-111.30362527878057,-73.18201475866341,133.2069978805034,1.1800427495873906,-1.94851143930055,2.2779810622432466,1,0,0.5900213747936953,-0.974255719650275,-0.5900213747936953,0.974255719650275,0,0,133.2069978805034,864.5720095416528,1008.0024209220654,553.3428902403707,950.1331450912251,12,12,0.8924511240384863,0.0750188393423174,0.458506464370219,-0.08495736367652909,0.9522555229751827,135.23174597906936,-3.741694663507287e-05,4.467324381347946e-06,1.0,1.0,0.0,67.4099786252063,0.0,1.0,97.97425571965027,0.0,0.0,1.0
frame_0160.jpg,frame_0160,160,D:\visualization2026\visualization\left_downsample2_Q37\frame_0160.jpg,D:\visualization2026\visualization\right_downsample2_Q37\frame_0160.jpg,D:\visualization2026\dowsample2_Q37\stitched_frames\frame_0160.jpg,D:\visualization2026\dowsample2_Q37_hess_matched\stitched_frames\frame_0160.jpg,1668,1297,-0.1154708340049706,-0.0011447241969090721,200.0229843062961,-15.326545688404213,188.99075667709906,-11.005376013958639,11.032227629197052,-4.321169674445574,11.848314387193094,-1.3205826634160842,-2.5779740729131877,2.8965304920762924,0,1,-0.6602913317080421,-1.2889870364565938,0.6602913317080421,1.2889870364565938,8,2,11.848314387193094,1142.4305804656453,103.36754615931595,953.4398237885463,114.37292217327459,12,12,0.8924979069223026,0.07501325378987934,-0.7918062421315184,-0.08494558739164376,0.9522541169682975,134.91701466226303,-3.741694663507287e-05,4.467324381347946e-06,1.0,1.0,0.0,68.66029133170804,0.0,1.0,98.28898703645659,0.0,0.0,1.0
frame_0162.jpg,frame_0162,162,D:\visualization2026\visualization\left_downsample2_Q37\frame_0162.jpg,D:\visualization2026\visualization\right_downsample2_Q37\frame_0162.jpg,D:\visualization2026\dowsample2_Q37\stitched_frames\frame_0162.jpg,D:\visualization2026\dowsample2_Q37_hess_matched\stitched_frames\frame_0162.jpg,1668,1297,-0.11604856546714346,-0.0010254215355064156,201.32076303793008,-15.282306406863771,337.5585893702324,33.84769908360522,-136.23782633230235,-49.13000549046899,144.82576691750708,-7.938811507290605,-2.62637150601503,8.361970786596746,1,0,-3.9694057536453027,-1.313185753007515,3.9694057536453027,1.313185753007515,0,0,144.82576691750708,875.3611650386641,1008.6003303184877,537.8025756684317,974.7526312348825,12,12,0.8926217238800376,0.07499847090234155,-4.100920664068779,-0.08494468194955794,0.9522540088647812,134.89281594571213,-3.741694663507287e-05,4.467324381347946e-06,1.0,1.0,0.0,71.9694057536453,0.0,1.0,98.31318575300752,0.0,0.0,1.0
frame_0164.jpg,frame_0164,164,D:\visualization2026\visualization\left_downsample2_Q37\frame_0164.jpg,D:\visualization2026\visualization\right_downsample2_Q37\frame_0164.jpg,D:\visualization2026\dowsample2_Q37\stitched_frames\frame_0164.jpg,D:\visualization2026\dowsample2_Q37_hess_matched\stitched_frames\frame_0164.jpg,1668,1297,-0.1167221367841565,-0.0008687784065241205,202.8755189324149,-15.213755513792705,317.76908263316864,24.124402091436764,-114.89356370075373,-39.33815760522947,121.44143289517392,-18.67464378203617,-2.0937037386060773,18.791644838358224,1,0,-9.337321891018085,-1.0468518693030386,9.337321891018085,1.0468518693030386,0,0,121.44143289517392,874.7907991287807,1008.4214421033362,557.021716495612,984.2970400118994,12,12,0.8928225749116913,0.07497449067970403,-9.468836801441562,-0.08495464735027163,0.9522551986646334,135.1591498294166,-3.741694663507287e-05,4.467324381347946e-06,1.0,1.0,0.0,77.33732189101809,0.0,1.0,98.04685186930304,0.0,0.0,1.0
frame_0166.jpg,frame_0166,166,D:\visualization2026\visualization\left_downsample2_Q37\frame_0166.jpg,D:\visualization2026\visualization\right_downsample2_Q37\frame_0166.jpg,D:\visualization2026\dowsample2_Q37\stitched_frames\frame_0166.jpg,D:\visualization2026\dowsample2_Q37_hess_matched\stitched_frames\frame_0166.jpg,1668,1297,-0.11684108094486412,-0.0008228370754087139,203.19349380505668,-15.18397076008904,154.55632614825618,-10.972214028930253,48.6371676568005,-4.211756731158786,48.81918651962753,-33.49636253153654,-3.3276946200965076,33.66125152647691,1,1,-16.74818126576827,-1.6638473100482538,16.74818126576827,1.6638473100482538,5,1,48.81918651962753,1271.1535316971424,114.46862897493796,1116.5972055488862,125.44084300386821,12,12,0.8930998666414363,0.07494138396693248,-16.879696176191747,-0.08493156126479118,0.9522524423458578,134.54215438867138,-3.741694663507287e-05,4.467324381347946e-06,1.0,1.0,0.0,84.74818126576827,0.0,1.0,98.66384731004825,0.0,0.0,1.0
frame_0168.jpg,frame_0168,168,D:\visualization2026\visualization\left_downsample2_Q37\frame_0168.jpg,D:\visualization2026\visualization\right_downsample2_Q37\frame_0168.jpg,D:\visualization2026\dowsample2_Q37\stitched_frames\frame_0168.jpg,D:\visualization2026\dowsample2_Q37_hess_matched\stitched_frames\frame_0168.jpg,1668,1297,-0.11622954956691917,-0.0009511217293083768,201.81503276528312,-15.23273470039543,250.19654795855251,-15.36649689762885,-48.381515193269394,0.13376219723341976,48.38170010160832,-48.28636432492066,-6.909409350997117,48.77820125115949,0,1,-24.14318216246033,-3.4547046754985584,24.14318216246033,3.4547046754985584,2,4,48.38170010160832,1052.689698643484,1165.833586124372,802.4931506849315,1181.2000830220009,12,12,0.8933765649953541,0.0749083480991266,-24.274697072883807,-0.0848645528503171,0.9522444420050856,132.75129702322107,-3.741694663507287e-05,4.467324381347946e-06,1.0,1.0,0.0,92.14318216246033,0.0,1.0,100.45470467549856,0.0,0.0,1.0
frame_0170.jpg,frame_0170,170,D:\visualization2026\visualization\left_downsample2_Q37\frame_0170.jpg,D:\visualization2026\visualization\right_downsample2_Q37\frame_0170.jpg,D:\visualization2026\dowsample2_Q37\stitched_frames\frame_0170.jpg,D:\visualization2026\dowsample2_Q37_hess_matched\stitched_frames\frame_0170.jpg,1668,1297,-0.11533133739367663,-0.0011270255072139551,199.82010128819937,-15.292250459634994,305.7110710569249,18.75288997686073,-105.89096976872551,-34.04514043649572,111.22935343650009,-63.04464916218854,-12.838847931307905,64.3386649238752,1,1,-31.52232458109427,-6.4194239656539525,31.52232458109427,6.4194239656539525,0,0,111.22935343650009,880.5141733671559,1006.7835830461677,574.803102310231,988.030693069307,12,12,0.8936526699734447,0.07487538307628638,-31.653839491517747,-0.08475362210684938,0.9522311976423168,129.78657773306568,-3.741694663507287e-05,4.467324381347946e-06,1.0,1.0,0.0,99.52232458109427,0.0,1.0,103.41942396565395,0.0,0.0,1.0
frame_0172.jpg,frame_0172,172,D:\visualization2026\visualization\left_downsample2_Q37\frame_0172.jpg,D:\visualization2026\visualization\right_downsample2_Q37\frame_0172.jpg,D:\visualization2026\dowsample2_Q37\stitched_frames\frame_0172.jpg,D:\visualization2026\dowsample2_Q37_hess_matched\stitched_frames\frame_0172.jpg,1668,1297,-0.11456582428427536,-0.001203719636304404,198.29383487435643,-15.27215713003526,191.9558796323514,-28.197053212549037,6.337955242005023,12.924896082513776,14.395228910768974,-76.54834502128615,-19.970718727407792,79.1105475394217,1,1,-38.274172510643076,-9.985359363703896,38.274172510643076,9.985359363703896,9,2,14.395228910768974,1122.0630544200135,97.68288271354245,930.1071747876621,125.87993592609149,12,12,0.8939053035071128,0.07484522038141156,-38.40568742106655,-0.08462019569235643,0.9522152674521708,126.22064233501574,-3.741694663507287e-05,4.467324381347946e-06,1.0,1.0,0.0,106.27417251064307,0.0,1.0,106.98535936370389,0.0,0.0,1.0
frame_0174.jpg,frame_0174,174,D:\visualization2026\visualization\left_downsample2_Q37\frame_0174.jpg,D:\visualization2026\visualization\right_downsample2_Q37\frame_0174.jpg,D:\visualization2026\dowsample2_Q37\stitched_frames\frame_0174.jpg,D:\visualization2026\dowsample2_Q37_hess_matched\stitched_frames\frame_0174.jpg,1668,1297,-0.11430305982708755,-0.001171420671718812,197.90920278776605,-15.208561746938456,290.3752707561416,16.53233489322156,-92.46606796837557,-31.740896640160017,97.76225368235724,-85.72027947871295,-27.1329804464009,89.91198441705883,0,1,-42.86013973935648,-13.56649022320045,42.86013973935648,13.56649022320045,0,0,97.76225368235724,874.991619204829,1006.0735706397079,584.6163484486874,989.5412357464863,12,12,0.8940768963981798,0.07482473337819867,-42.99165464977995,-0.08448620071009344,0.9521992693789694,122.63951147551919,-3.741694663507287e-05,4.467324381347946e-06,1.0,1.0,0.0,110.86013973935647,0.0,1.0,110.56649022320045,0.0,0.0,1.0
frame_0176.jpg,frame_0176,176,D:\visualization2026\visualization\left_downsample2_Q37\frame_0176.jpg,D:\visualization2026\visualization\right_downsample2_Q37\frame_0176.jpg,D:\visualization2026\dowsample2_Q37\stitched_frames\frame_0176.jpg,D:\visualization2026\dowsample2_Q37_hess_matched\stitched_frames\frame_0176.jpg,1668,1297,-0.11433751899943834,-0.0011292029320881664,198.06999450841252,-15.171974503786712,299.1165532915534,21.467350247399054,-101.04655878314085,-36.63932475118577,107.48417167256578,-90.59216949058515,-31.977909238877047,96.0704317274611,0,1,-45.296084745292575,-15.988954619438523,45.296084745292575,15.988954619438523,0,0,107.48417167256578,885.1544958982241,1007.2618163798556,586.0379426066708,985.7944661324566,12,12,0.8941680420224728,0.07481385122168202,-45.42759965571605,-0.08439555948905403,0.9521884474447091,120.21704707928112,-3.741694663507287e-05,4.467324381347946e-06,1.0,1.0,0.0,113.29608474529257,0.0,1.0,112.98895461943852,0.0,0.0,1.0
frame_0178.jpg,frame_0178,178,D:\visualization2026\visualization\left_downsample2_Q37\frame_0178.jpg,D:\visualization2026\visualization\right_downsample2_Q37\frame_0178.jpg,D:\visualization2026\dowsample2_Q37\stitched_frames\frame_0178.jpg,D:\visualization2026\dowsample2_Q37_hess_matched\stitched_frames\frame_0178.jpg,1668,1297,-0.11424529231225228,-0.001117312181279459,197.9363106243887,-15.14911735387734,197.45019611058808,-15.955070616727241,0.4861145138006293,0.8059532628499007,0.9412056005071491,-92.10081633969084,-34.453691525258385,98.33421190081874,1,1,-46.05040816984542,-17.226845762629193,46.05040816984542,17.226845762629193,9,2,0.9412056005071491,1123.7340936754833,110.59448743099661,926.2838975648953,126.54955804772385,12,12,0.894196266501795,0.0748104814142561,-46.181923080268895,-0.08434924138220924,0.9521829173834236,118.97915593609044,-3.741694663507287e-05,4.467324381347946e-06,1.0,1.0,0.0,114.05040816984541,0.0,1.0,114.2268457626292,0.0,0.0,1.0
frame_0180.jpg,frame_0180,180,D:\visualization2026\visualization\left_downsample2_Q37\frame_0180.jpg,D:\visualization2026\visualization\right_downsample2_Q37\frame_0180.jpg,D:\visualization2026\dowsample2_Q37\stitched_frames\frame_0180.jpg,D:\visualization2026\dowsample2_Q37_hess_matched\stitched_frames\frame_0180.jpg,1668,1297,-0.11535601361414605,-0.000749858616929347,200.75939176250805,-14.93051431305686,288.1952079401739,19.785253731221587,-87.43581617766583,-34.71576804427845,94.07553614813318,-90.95632494385535,-34.186009240947335,97.16859716551609,0,1,-45.478162471927675,-17.093004620473668,45.478162471927675,17.093004620473668,0,0,94.07553614813318,890.4701191580556,1007.2799268041274,602.2749112178817,987.4946730729058,12,12,0.8941748548150538,0.07481303782141453,-45.60967738235115,-0.08435424930908285,0.9521835152952213,119.11299707824597,-3.741694663507287e-05,4.467324381347946e-06,1.0,1.0,0.0,113.47816247192767,0.0,1.0,114.09300462047366,0.0,0.0,1.0
frame_0182.jpg,frame_0182,182,D:\visualization2026\visualization\left_downsample2_Q37\frame_0182.jpg,D:\visualization2026\visualization\right_downsample2_Q37\frame_0182.jpg,D:\visualization2026\dowsample2_Q37\stitched_frames\frame_0182.jpg,D:\visualization2026\dowsample2_Q37_hess_matched\stitched_frames\frame_0182.jpg,1668,1297,-0.11783990506735509,-6.240324306634737e-05,206.75363635833565,-14.571519686088143,292.06808764720415,18.923402106847448,-85.3144512888685,-33.49492179293559,91.65405274528555,-89.22550907831115,-32.65173637475681,95.01224846602885,0,1,-44.612754539155574,-16.325868187378404,44.612754539155574,16.325868187378404,0,0,91.65405274528555,899.5992422405985,1007.4809236167002,607.5311545933944,988.5575215098528,12,12,0.8941424738926157,0.07481690387937241,-44.74426944957905,-0.0843829532120618,0.9521869423425127,119.88013351134123,-3.741694663507287e-05,4.467324381347946e-06,1.0,1.0,0.0,112.61275453915557,0.0,1.0,113.3258681873784,0.0,0.0,1.0
frame_0184.jpg,frame_0184,184,D:\visualization2026\visualization\left_downsample2_Q37\frame_0184.jpg,D:\visualization2026\visualization\right_downsample2_Q37\frame_0184.jpg,D:\visualization2026\dowsample2_Q37\stitched_frames\frame_0184.jpg,D:\visualization2026\dowsample2_Q37_hess_matched\stitched_frames\frame_0184.jpg,1668,1297,-0.11904913474518586,0.0001921443273622675,209.48146782694587,-14.47424366989518,296.2250788161441,15.928241548709593,-86.74361098919823,-30.402485218604774,91.91716463704064,-89.70248905524018,-31.602656922190146,95.10659528785128,0,1,-44.85124452762009,-15.801328461095073,44.85124452762009,15.801328461095073,0,0,91.91716463704064,903.2677590461309,1007.169580189429,607.0426802299868,991.2413386407194,12,12,0.8941513974597871,0.07481583846723223,-44.982759438043566,-0.08440257988700811,0.9521892856316209,120.40467323762456,-3.741694663507287e-05,4.467324381347946e-06,1.0,1.0,0.0,112.85124452762008,0.0,1.0,112.80132846109507,0.0,0.0,1.0
frame_0186.jpg,frame_0186,186,D:\visualization2026\visualization\left_downsample2_Q37\frame_0186.jpg,D:\visualization2026\visualization\right_downsample2_Q37\frame_0186.jpg,D:\visualization2026\dowsample2_Q37\stitched_frames\frame_0186.jpg,D:\visualization2026\dowsample2_Q37_hess_matched\stitched_frames\frame_0186.jpg,1668,1297,-0.11779067422405792,-0.0002366415436519803,206.25329236308028,-14.733970848803652,298.64577181850007,14.233989571429447,-92.39247945541979,-28.967960420233098,96.8272326921944,-91.36674337142631,-30.43479041161738,96.30243123462228,0,1,-45.683371685713155,-15.21739520580869,45.683371685713155,15.21739520580869,0,0,96.8272326921944,901.5700492346942,1007.0585399248481,602.9242774161942,992.8245503534187,12,12,0.894182533117255,0.0748121210852905,-45.81488659613663,-0.08442442888645961,0.9521918942508892,120.98860649291095,-3.741694663507287e-05,4.467324381347946e-06,1.0,1.0,0.0,113.68337168571315,0.0,1.0,112.21739520580869,0.0,0.0,1.0
frame_0188.jpg,frame_0188,188,D:\visualization2026\visualization\left_downsample2_Q37\frame_0188.jpg,D:\visualization2026\visualization\right_downsample2_Q37\frame_0188.jpg,D:\visualization2026\dowsample2_Q37\stitched_frames\frame_0188.jpg,D:\visualization2026\dowsample2_Q37_hess_matched\stitched_frames\frame_0188.jpg,1668,1297,-0.1156648858489499,-0.0007061756130337521,201.40547536174878,-14.926302012521404,298.03156272679735,15.505847122377418,-96.62608736504856,-30.432149134898822,101.30506631184207,-93.28147074408147,-29.199950422616347,97.74492257330904,0,1,-46.64073537204074,-14.599975211308173,46.64073537204074,14.599975211308173,0,0,101.30506631184207,907.2512929397016,1007.7446737110333,609.2197302129042,992.2388265886559,12,12,0.8942183547432168,0.07480784423115276,-46.77225028246421,-0.08444753085744526,0.9521946524662842,121.60602648741146,-3.741694663507287e-05,4.467324381347946e-06,1.0,1.0,0.0,114.64073537204074,0.0,1.0,111.59997521130818,0.0,0.0,1.0
frame_0190.jpg,frame_0190,190,D:\visualization2026\visualization\left_downsample2_Q37\frame_0190.jpg,D:\visualization2026\visualization\right_downsample2_Q37\frame_0190.jpg,D:\visualization2026\dowsample2_Q37\stitched_frames\frame_0190.jpg,D:\visualization2026\dowsample2_Q37_hess_matched\stitched_frames\frame_0190.jpg,1668,1297,-0.11403605507462095,-0.0009428489102080301,197.98337391820618,-14.954620061293012,192.5490688926477,-2.079494340908724,5.434305025558473,-12.875125720384288,13.974996723667276,-93.78495967804551,-27.666595514545882,97.78066868854044,1,1,-46.892479839022755,-13.833297757272941,46.892479839022755,13.833297757272941,7,2,13.974996723667276,1394.0285731164395,203.21160107523863,1201.4795042237918,205.29109541614736,12,12,0.8942277742525034,0.07480671960695755,-47.02399474944623,-0.08447621758682922,0.9521980774631673,122.37270394144669,-3.741694663507287e-05,4.467324381347946e-06,1.0,1.0,0.0,114.89247983902276,0.0,1.0,110.83329775727294,0.0,0.0,1.0
frame_0192.jpg,frame_0192,192,D:\visualization2026\visualization\left_downsample2_Q37\frame_0192.jpg,D:\visualization2026\visualization\right_downsample2_Q37\frame_0192.jpg,D:\visualization2026\dowsample2_Q37\stitched_frames\frame_0192.jpg,D:\visualization2026\dowsample2_Q37_hess_matched\stitched_frames\frame_0192.jpg,1668,1297,-0.1135444986814727,-0.0008451630739051141,197.35235898791174,-14.799611990760633,292.24044714005606,12.52110985716979,-94.88808815214432,-27.32072184793042,98.74295476367462,-94.47507873445768,-25.839675928527992,97.94503230880741,0,1,-47.23753936722884,-12.919837964263996,47.23753936722884,12.919837964263996,0,0,98.74295476367462,912.2822872732784,1007.7817953969976,620.0418401332223,995.2606855398278,12,12,0.8942406853264563,0.07480517811411418,-47.36905427765232,-0.08451039646315751,0.9522021581843719,123.28616373445564,-3.741694663507287e-05,4.467324381347946e-06,1.0,1.0,0.0,115.23753936722883,0.0,1.0,109.91983796426399,0.0,0.0,1.0
frame_0194.jpg,frame_0194,194,D:\visualization2026\visualization\left_downsample2_Q37\frame_0194.jpg,D:\visualization2026\visualization\right_downsample2_Q37\frame_0194.jpg,D:\visualization2026\dowsample2_Q37\stitched_frames\frame_0194.jpg,D:\visualization2026\dowsample2_Q37_hess_matched\stitched_frames\frame_0194.jpg,1668,1297,-0.11334046640707895,-0.0006683103737203794,197.4142372092612,-14.603444730262163,286.6752928682796,8.132265947990277,-89.26105565901841,-22.73571067825244,92.11106663918069,-92.55696266154983,-23.39410576462457,95.46766741498386,0,1,-46.278481330774916,-11.697052882312285,46.278481330774916,11.697052882312285,0,0,92.11106663918069,907.3190987966912,1007.5080349636501,620.6438059284116,999.3757690156598,12,12,0.8942048003030864,0.07480946253746355,-46.40999624119839,-0.08455614934731506,0.9522076207619817,124.50894881640735,-3.741694663507287e-05,4.467324381347946e-06,1.0,1.0,0.0,114.27848133077492,0.0,1.0,108.69705288231228,0.0,0.0,1.0
frame_0196.jpg,frame_0196,196,D:\visualization2026\visualization\left_downsample2_Q37\frame_0196.jpg,D:\visualization2026\visualization\right_downsample2_Q37\frame_0196.jpg,D:\visualization2026\dowsample2_Q37\stitched_frames\frame_0196.jpg,D:\visualization2026\dowsample2_Q37_hess_matched\stitched_frames\frame_0196.jpg,1668,1297,-0.11319268685428019,-0.0005400069323894668,197.4595539566645,-14.461158746760397,293.30262869414514,5.372203743383238,-95.84307473748063,-19.833362490143635,97.87368003094466,-93.1746667282905,-21.34728187212703,95.58883283760738,0,1,-46.58733336414525,-10.673640936063515,46.58733336414525,10.673640936063515,0,0,97.87368003094466,912.3335123731352,1007.8435743475311,619.0308836789901,1002.4713706041479,12,12,0.894216356603137,0.07480808279524465,-46.71884827456873,-0.08459444229749355,0.9522121926751214,125.53236076265611,-3.741694663507287e-05,4.467324381347946e-06,1.0,1.0,0.0,114.58733336414525,0.0,1.0,107.67364093606352,0.0,0.0,1.0
frame_0198.jpg,frame_0198,198,D:\visualization2026\visualization\left_downsample2_Q37\frame_0198.jpg,D:\visualization2026\visualization\right_downsample2_Q37\frame_0198.jpg,D:\visualization2026\dowsample2_Q37\stitched_frames\frame_0198.jpg,D:\visualization2026\dowsample2_Q37_hess_matched\stitched_frames\frame_0198.jpg,1668,1297,-0.11292255445739158,-0.000539082954493536,196.98745369085142,-14.42700019619428,284.0229606913608,3.777298119187435,-87.0355070005094,-18.204298315381713,88.91892912080716,-95.69007395014363,-19.657805232503595,97.6883798572942,0,1,-47.845036975071814,-9.828902616251797,47.845036975071814,9.828902616251797,0,0,88.91892912080716,906.8686331936458,1007.1757372670465,622.845672502285,1003.3984391478591,12,12,0.8942634160320299,0.07480246422523905,-47.97655188549529,-0.08462604982612655,0.9522159663952133,126.37709908246784,-3.741694663507287e-05,4.467324381347946e-06,1.0,1.0,0.0,115.84503697507182,0.0,1.0,106.8289026162518,0.0,0.0,1.0
frame_0200.jpg,frame_0200,200,D:\visualization2026\visualization\left_downsample2_Q37\frame_0200.jpg,D:\visualization2026\visualization\right_downsample2_Q37\frame_0200.jpg,D:\visualization2026\dowsample2_Q37\stitched_frames\frame_0200.jpg,D:\visualization2026\dowsample2_Q37_hess_matched\stitched_frames\frame_0200.jpg,1668,1297,-0.11244875022289791,-0.0005763913769328971,196.0669273783263,-14.40473712440184,294.91253547062604,4.237578904525094,-98.84560809229973,-18.642316028926935,100.58822091109323,-101.05479090444396,-18.931535350993023,102.81280949126324,0,1,-50.52739545222198,-9.465767675496512,50.52739545222198,9.465767675496512,0,0,100.58822091109323,911.9183027359202,1007.6044937826094,617.0057672652941,1003.3669148780843,12,12,0.8943637816960255,0.07479048125981455,-50.65891036264546,-0.08463963722682612,0.9522175886367878,126.74023402322312,-3.741694663507287e-05,4.467324381347946e-06,1.0,1.0,0.0,118.52739545222198,0.0,1.0,106.46576767549651,0.0,0.0,1.0
frame_0202.jpg,frame_0202,202,D:\visualization2026\visualization\left_downsample2_Q37\frame_0202.jpg,D:\visualization2026\visualization\right_downsample2_Q37\frame_0202.jpg,D:\visualization2026\dowsample2_Q37\stitched_frames\frame_0202.jpg,D:\visualization2026\dowsample2_Q37_hess_matched\stitched_frames\frame_0202.jpg,1668,1297,-0.1118702806608513,-0.0005887452303251217,195.02191081767728,-14.345450571573954,161.35198387236198,-36.90696510067551,33.6699269453153,22.56151452910155,40.53006190902907,-96.99742663705806,-17.171420679810943,98.50562655185996,1,1,-48.49871331852903,-8.585710339905471,48.49871331852903,8.585710339905471,3,4,40.53006190902907,1009.6774362950123,1156.5498358333582,848.3254524226503,1193.4568009340337,12,12,0.8942878746048896,0.0747995440409724,-48.630228228952504,-0.08467256628518773,0.9522215201383801,127.62029135881416,-3.741694663507287e-05,4.467324381347946e-06,1.0,1.0,0.0,116.49871331852903,0.0,1.0,105.58571033990548,0.0,0.0,1.0
frame_0204.jpg,frame_0204,204,D:\visualization2026\visualization\left_downsample2_Q37\frame_0204.jpg,D:\visualization2026\visualization\right_downsample2_Q37\frame_0204.jpg,D:\visualization2026\dowsample2_Q37\stitched_frames\frame_0204.jpg,D:\visualization2026\dowsample2_Q37_hess_matched\stitched_frames\frame_0204.jpg,1668,1297,-0.1116508368643247,-0.0005455185422593156,194.73929955384634,-14.27662114053365,310.82393998436646,4.827740130165921,-116.08464043052012,-19.10436127069957,117.64616595301588,-86.59589851107255,-14.122804416287986,87.73997517392344,0,1,-43.297949255536274,-7.061402208143993,43.297949255536274,7.061402208143993,0,0,117.64616595301588,922.6214654574378,1008.4342175683028,611.7975254730713,1003.6064774381368,12,12,0.894093277893483,0.07482277754107265,-43.42946416595975,-0.08472960124120926,0.9522283297172619,129.14459949057564,-3.741694663507287e-05,4.467324381347946e-06,1.0,1.0,0.0,111.29794925553628,0.0,1.0,104.06140220814399,0.0,0.0,1.0
frame_0206.jpg,frame_0206,206,D:\visualization2026\visualization\left_downsample2_Q37\frame_0206.jpg,D:\visualization2026\visualization\right_downsample2_Q37\frame_0206.jpg,D:\visualization2026\dowsample2_Q37\stitched_frames\frame_0206.jpg,D:\visualization2026\dowsample2_Q37_hess_matched\stitched_frames\frame_0206.jpg,1668,1297,-0.1117923834582144,-0.0005002867155411428,195.09527406869464,-14.250305912877176,301.7480073178799,2.651400293084066,-106.65273324918527,-16.90170620596124,107.98367090534799,-65.72667276073511,-9.372270182762716,66.3915277770851,1,1,-32.863336380367556,-4.686135091381358,32.863336380367556,4.686135091381358,0,0,107.98367090534799,922.4396146021238,1008.5684628425694,620.6916072842439,1005.9170625494853,12,12,0.8937028465403751,0.07486939234157983,-32.99485129079103,-0.0848184764841612,0.9522389408059648,131.5198666073383,-3.741694663507287e-05,4.467324381347946e-06,1.0,1.0,0.0,100.86333638036756,0.0,1.0,101.68613509138136,0.0,0.0,1.0
frame_0208.jpg,frame_0208,208,D:\visualization2026\visualization\left_downsample2_Q37\frame_0208.jpg,D:\visualization2026\visualization\right_downsample2_Q37\frame_0208.jpg,D:\visualization2026\dowsample2_Q37\stitched_frames\frame_0208.jpg,D:\visualization2026\dowsample2_Q37_hess_matched\stitched_frames\frame_0208.jpg,1668,1297,-0.11188598292381186,-0.0004589986284141978,195.35769519871533,-14.221900494752507,156.4531325553894,-19.511861873098127,38.90456264332593,5.28996137834562,39.26256086722898,-35.02786637058186,-2.9612169977669187,35.15281252735268,1,1,-17.51393318529093,-1.4806084988834594,17.51393318529093,1.4806084988834594,4,2,39.26256086722898,1313.9444232822063,176.11169702414495,1157.491290726817,195.62355889724307,12,12,0.8931285187401448,0.07493796310471233,-17.645448095714407,-0.08493841750161,0.9522532609330665,134.72539319983616,-3.741694663507287e-05,4.467324381347946e-06,1.0,1.0,0.0,85.51393318529094,0.0,1.0,98.48060849888346,0.0,0.0,1.0
frame_0210.jpg,frame_0210,210,D:\visualization2026\visualization\left_downsample2_Q37\frame_0210.jpg,D:\visualization2026\visualization\right_downsample2_Q37\frame_0210.jpg,D:\visualization2026\dowsample2_Q37\stitched_frames\frame_0210.jpg,D:\visualization2026\dowsample2_Q37_hess_matched\stitched_frames\frame_0210.jpg,1668,1297,-0.11158235449660386,-0.0004266124753860706,194.90152176636695,-14.153188673445813,303.61233850191127,2.6647961561234297,-108.71081673554431,-16.81798482956924,110.00402851276276,-7.1876003489067015,1.6354342188397857,7.3713122210197985,1,1,-3.5938001744533508,0.8177171094198928,3.5938001744533508,-0.8177171094198928,0,0,110.00402851276276,936.3899976219454,1008.1675015526774,632.7776591200342,1005.502705396554,12,12,0.8926076698661252,0.07500014885430324,-3.725315084876827,-0.08502441382824591,0.9522635282990928,137.02371880813953,-3.741694663507287e-05,4.467324381347946e-06,1.0,1.0,0.0,71.59380017445335,0.0,1.0,96.18228289058011,0.0,0.0,1.0
frame_0212.jpg,frame_0212,212,D:\visualization2026\visualization\left_downsample2_Q37\frame_0212.jpg,D:\visualization2026\visualization\right_downsample2_Q37\frame_0212.jpg,D:\visualization2026\dowsample2_Q37\stitched_frames\frame_0212.jpg,D:\visualization2026\dowsample2_Q37_hess_matched\stitched_frames\frame_0212.jpg,1776,1296,-0.11101730581719116,-0.0004140036099176403,193.93936865308717,-14.071412255040444,147.91046096373077,-27.253339530206176,46.0289076893564,13.181927275165732,47.8792601212994,12.818360212114383,5.117525155079304,13.802152811803909,0,1,6.409180106057192,2.558762577539652,-6.409180106057192,-2.558762577539652,0,0,47.8792601212994,893.050910401933,978.3663768956899,745.1404494382023,1005.6197164258961,12,12,0.8579103321536248,0.0769770336762151,6.375459269376591,-0.05245776458509757,0.9470624821227775,86.39548531667525,-4.3631152393884366e-05,1.0917302921227496e-05,1.0,1.0,0.0,169.5908198939428,0.0,1.0,93.44123742246035,0.0,0.0,1.0
frame_0214.jpg,frame_0214,214,D:\visualization2026\visualization\left_downsample2_Q37\frame_0214.jpg,D:\visualization2026\visualization\right_downsample2_Q37\frame_0214.jpg,D:\visualization2026\dowsample2_Q37\stitched_frames\frame_0214.jpg,D:\visualization2026\dowsample2_Q37_hess_matched\stitched_frames\frame_0214.jpg,1782,1290,-0.11045697702567692,-0.00041171496965280996,192.96098684861136,-14.000198206263182,169.84429717075568,-17.879093018597132,23.116689677855675,3.87889481233395,23.439862768954736,22.321336185019433,7.114994056677384,23.427872065367193,0,1,11.160668092509717,3.557497028338692,-11.160668092509717,-3.557497028338692,0,0,23.439862768954736,912.0325261916181,980.9356773606602,742.1882290208624,998.8147703792573,12,12,0.8603335772025933,0.08085433455763394,10.700157097918911,-0.05766714756104989,0.9416576067839691,95.57983822007722,-4.004744791915349e-05,4.1037012505606175e-06,1.0,1.0,0.0,170.83933190749028,0.0,1.0,86.44250297166131,0.0,0.0,1.0
frame_0216.jpg,frame_0216,216,D:\visualization2026\visualization\left_downsample2_Q37\frame_0216.jpg,D:\visualization2026\visualization\right_downsample2_Q37\frame_0216.jpg,D:\visualization2026\dowsample2_Q37\stitched_frames\frame_0216.jpg,D:\visualization2026\dowsample2_Q37_hess_matched\stitched_frames\frame_0216.jpg,1782,1291,-0.11014435228277974,-0.0003928604370584121,192.45687327504504,-13.943465582240668,167.9833238704906,-20.321131129205014,24.473549404554433,6.377665546964346,25.290892397978023,26.124579636481283,6.332526743485515,26.88111895252524,0,1,13.062289818240641,3.1662633717427573,-13.062289818240641,-3.1662633717427573,0,0,25.290892397978023,912.9945431189361,978.054916451222,745.0112192484455,998.376047580427,12,12,0.8568761731097062,0.08903138545770305,13.168173602908281,-0.05864677975280997,0.9438759809921022,96.24146454966522,-4.303944443773493e-05,1.2061928296358794e-05,1.0,1.0,0.0,168.93771018175937,0.0,1.0,87.83373662825724,0.0,0.0,1.0
frame_0218.jpg,frame_0218,218,D:\visualization2026\visualization\left_downsample2_Q37\frame_0218.jpg,D:\visualization2026\visualization\right_downsample2_Q37\frame_0218.jpg,D:\visualization2026\dowsample2_Q37\stitched_frames\frame_0218.jpg,D:\visualization2026\dowsample2_Q37_hess_matched\stitched_frames\frame_0218.jpg,1770,1297,-0.11010262714697644,-0.00031762474609789426,192.5623360328903,-13.865563642840986,180.07532253894692,-20.89169115306447,12.48701349394338,7.0261275102234855,14.328013602305218,18.75102261772857,4.7956777704185045,19.354569860584725,0,1,9.375511308864285,2.3978388852092523,-9.375511308864285,-2.3978388852092523,0,0,14.328013602305218,913.7058378875239,984.6472222096374,733.630515348577,1005.5389133627019,12,12,0.85608074343293,0.08143935877503065,9.23172571382083,-0.05895412542261961,0.9443979296485622,96.29735374101847,-4.6153764598499515e-05,1.0243644897536186e-05,1.0,1.0,0.0,160.62448869113572,0.0,1.0,94.60216111479075,0.0,0.0,1.0
frame_0220.jpg,frame_0220,220,D:\visualization2026\visualization\left_downsample2_Q37\frame_0220.jpg,D:\visualization2026\visualization\right_downsample2_Q37\frame_0220.jpg,D:\visualization2026\dowsample2_Q37\stitched_frames\frame_0220.jpg,D:\visualization2026\dowsample2_Q37_hess_matched\stitched_frames\frame_0220.jpg,1779,1289,-0.11009877101104615,-0.00027673048696634506,192.6527102569259,-13.825538132080007,168.1359723402294,-15.023556704820066,24.516737916696513,1.1980185727400592,24.54599125267942,16.916760811082316,5.901619879156809,17.91663789714547,0,1,8.458380405541158,2.9508099395784044,-8.458380405541158,-2.9508099395784044,0,0,24.54599125267942,920.9289211888131,982.0850636334721,752.7929488485837,997.1086203382922,12,12,0.8577102983584338,0.08105023341240272,8.662830763596128,-0.05740056393681823,0.942186008509613,94.09019012836939,-4.434440391913582e-05,7.8244671527073e-06,1.0,1.0,0.0,170.54161959445884,0.0,1.0,86.0491900604216,0.0,0.0,1.0
frame_0222.jpg,frame_0222,222,D:\visualization2026\visualization\left_downsample2_Q37\frame_0222.jpg,D:\visualization2026\visualization\right_downsample2_Q37\frame_0222.jpg,D:\visualization2026\dowsample2_Q37\stitched_frames\frame_0222.jpg,D:\visualization2026\dowsample2_Q37_hess_matched\stitched_frames\frame_0222.jpg,1777,1290,-0.10989122871294937,-0.00032439567523348534,192.17508080690962,-13.846079858675088,183.01395821131678,-19.34376226850577,9.161122595592843,5.4976824098306825,10.684132116875167,16.28954155332377,6.632630651478264,17.588091237436505,0,1,8.144770776661884,3.316315325739132,-8.144770776661884,-3.316315325739132,0,0,10.684132116875167,927.203568431627,978.9444661241419,744.1896102203102,998.2882283926476,12,12,0.8538067571844492,0.08492464094704508,8.045194206386695,-0.05847669360186371,0.9422054173528236,96.21154219770081,-4.6814475921618225e-05,1.1850473788150318e-05,1.0,1.0,0.0,168.8552292233381,0.0,1.0,86.68368467426087,0.0,0.0,1.0
frame_0224.jpg,frame_0224,224,D:\visualization2026\visualization\left_downsample2_Q37\frame_0224.jpg,D:\visualization2026\visualization\right_downsample2_Q37\frame_0224.jpg,D:\visualization2026\dowsample2_Q37\stitched_frames\frame_0224.jpg,D:\visualization2026\dowsample2_Q37_hess_matched\stitched_frames\frame_0224.jpg,1776,1290,-0.10958330529106253,-0.000287775556161593,191.72142410980817,-13.77274428195455,177.77604346518376,-23.18134963798002,13.945380644624407,9.40860535602547,16.82246997527106,18.831082765405014,4.417474522514582,19.342279061025852,0,1,9.415541382702507,2.208737261257291,-9.415541382702507,-2.208737261257291,0,0,16.82246997527106,919.6011281132638,974.5276050482817,741.8250846480801,997.7089546862617,12,12,0.8527890499765295,0.08462267981302543,8.929764925279692,-0.058724523749531174,0.9413039866391412,95.5420411244312,-4.729294079585704e-05,1.1738330153143666e-05,1.0,1.0,0.0,166.58445861729749,0.0,1.0,87.7912627387427,0.0,0.0,1.0
frame_0226.jpg,frame_0226,226,D:\visualization2026\visualization\left_downsample2_Q37\frame_0226.jpg,D:\visualization2026\visualization\right_downsample2_Q37\frame_0226.jpg,D:\visualization2026\dowsample2_Q37\stitched_frames\frame_0226.jpg,D:\visualization2026\dowsample2_Q37_hess_matched\stitched_frames\frame_0226.jpg,1776,1290,-0.10926959790166396,-0.00024254717253267832,191.2780610237099,-13.690371014764242,169.94060790794822,-23.72309042333586,21.33745311576169,10.03271940857162,23.578430062208508,17.416946423881672,4.530876361783879,17.99663477815051,0,1,8.708473211940836,2.2654381808919397,-8.708473211940836,-2.2654381808919397,0,0,23.578430062208508,919.6415588103351,974.8194414351284,749.7009509023869,998.5425318584643,12,12,0.852822489309668,0.08461438001339625,8.22269675451802,-0.058727205302766525,0.9413046522132559,95.59874204406583,-4.729294079585704e-05,1.1738330153143666e-05,1.0,1.0,0.0,167.29152678805917,0.0,1.0,87.73456181910807,0.0,0.0,1.0
frame_0228.jpg,frame_0228,228,D:\visualization2026\visualization\left_downsample2_Q37\frame_0228.jpg,D:\visualization2026\visualization\right_downsample2_Q37\frame_0228.jpg,D:\visualization2026\dowsample2_Q37\stitched_frames\frame_0228.jpg,D:\visualization2026\dowsample2_Q37_hess_matched\stitched_frames\frame_0228.jpg,1770,1286,-0.10901709620866407,-0.00030431420092691397,190.68799333079698,-13.719014819741934,165.49327377644738,-9.66936168514701,25.194719554349604,-4.049653134594925,25.518103062979833,22.65365236571377,5.040507116845889,23.20764265283278,0,1,11.326826182856886,2.5202535584229446,-11.326826182856886,-2.5202535584229446,0,0,25.518103062979833,911.6127680387988,983.5193279321139,746.1194942623514,993.1886896172609,12,12,0.8562208537765873,0.04007629822398131,11.7432996514194,-0.056822298356845456,0.9218100513741839,93.23818219770048,-4.000486002471595e-05,-2.4612595726228222e-05,1.0,1.0,0.0,158.67317381714312,0.0,1.0,83.47974644157705,0.0,0.0,1.0
frame_0230.jpg,frame_0230,230,D:\visualization2026\visualization\left_downsample2_Q37\frame_0230.jpg,D:\visualization2026\visualization\right_downsample2_Q37\frame_0230.jpg,D:\visualization2026\dowsample2_Q37\stitched_frames\frame_0230.jpg,D:\visualization2026\dowsample2_Q37_hess_matched\stitched_frames\frame_0230.jpg,1790,1289,-0.108817505041367,-0.0004343589410078508,190.02863081137167,-13.82020859647849,172.58257460229186,-15.585236365565038,17.446056209079813,1.7650277690865472,17.535113352243236,24.490626599517913,4.418424128988493,24.886005364876098,0,1,12.245313299758957,2.2092120644942463,-12.245313299758957,-2.2092120644942463,0,0,17.535113352243236,944.0755753839304,981.136784525503,771.4930007816386,996.722020891068,12,12,0.8667481497708814,0.08146229325285519,11.965667450643034,-0.058229141088558575,0.9474886020705213,95.66260811987831,-4.132353422525196e-05,7.508612731798223e-06,1.0,1.0,0.0,177.75468670024105,0.0,1.0,86.79078793550575,0.0,0.0,1.0
frame_0232.jpg,frame_0232,232,D:\visualization2026\visualization\left_downsample2_Q37\frame_0232.jpg,D:\visualization2026\visualization\right_downsample2_Q37\frame_0232.jpg,D:\visualization2026\dowsample2_Q37\stitched_frames\frame_0232.jpg,D:\visualization2026\dowsample2_Q37_hess_matched\stitched_frames\frame_0232.jpg,1820,1296,-0.10864354075694604,-0.0005780430227270705,189.38186324985222,-13.937749359148935,154.03721094509888,-21.983585544289667,35.34465230475334,8.045836185140733,36.2488610367557,23.765465782577333,2.9498384373714024,23.947837285847918,0,1,11.882732891288667,1.4749192186857012,-11.882732891288667,-1.4749192186857012,0,0,36.2488610367557,964.7336431991719,981.9078009958904,810.696432254073,1003.8913865401801,12,12,0.8764556679631043,0.09643122100599105,11.998073155671788,-0.06068230904673215,0.9564944945011422,98.31060036362248,-3.768082306412199e-05,1.4006715969150277e-05,1.0,1.0,0.0,208.11726710871133,0.0,1.0,94.5250807813143,0.0,0.0,1.0
frame_0234.jpg,frame_0234,234,D:\visualization2026\visualization\left_downsample2_Q37\frame_0234.jpg,D:\visualization2026\visualization\right_downsample2_Q37\frame_0234.jpg,D:\visualization2026\dowsample2_Q37\stitched_frames\frame_0234.jpg,D:\visualization2026\dowsample2_Q37_hess_matched\stitched_frames\frame_0234.jpg,1819,1296,-0.10849283062336418,-0.0006777396152529286,188.88041782846696,-14.01561145460099,165.75016601482184,-20.31380187133948,23.130251813645117,6.298190416738489,23.972395614292072,23.686082495568485,6.387294839113011,24.53218374602301,0,1,11.843041247784242,3.1936474195565054,-11.843041247784242,-3.1936474195565054,0,0,23.972395614292072,963.4858943947632,982.1312549429763,797.7357283799414,1002.4450568143158,12,12,0.8756759256819191,0.09554158732532717,11.723510938432668,-0.060973457101671034,0.9559576498128693,100.45369539581031,-3.793023421073116e-05,1.3355197289103347e-05,1.0,1.0,0.0,207.15695875221576,0.0,1.0,92.8063525804435,0.0,0.0,1.0
frame_0236.jpg,frame_0236,236,D:\visualization2026\visualization\left_downsample2_Q37\frame_0236.jpg,D:\visualization2026\visualization\right_downsample2_Q37\frame_0236.jpg,D:\visualization2026\dowsample2_Q37\stitched_frames\frame_0236.jpg,D:\visualization2026\dowsample2_Q37_hess_matched\stitched_frames\frame_0236.jpg,1815,1295,-0.10851347999112115,-0.0005340400105334903,189.25803379400773,-13.879176010656398,171.54638476294895,-16.568966961142564,17.711649031058784,2.6897909504861666,17.914728207726814,26.10403890825251,9.136327788740635,27.656705024042093,0,1,13.052019454126254,4.568163894370318,-13.052019454126254,-4.568163894370318,0,0,17.914728207726814,975.7562305764039,984.6089352721423,804.209845813455,1001.1779022332848,12,12,0.869316901650755,0.09399997962444659,13.263921633576645,-0.06040567920225324,0.9489174295341624,101.16586475724837,-4.035759597580373e-05,4.149024689920148e-06,1.0,1.0,0.0,201.94798054587375,0.0,1.0,90.43183610562969,0.0,0.0,1.0
frame_0238.jpg,frame_0238,238,D:\visualization2026\visualization\left_downsample2_Q37\frame_0238.jpg,D:\visualization2026\visualization\right_downsample2_Q37\frame_0238.jpg,D:\visualization2026\dowsample2_Q37\stitched_frames\frame_0238.jpg,D:\visualization2026\dowsample2_Q37_hess_matched\stitched_frames\frame_0238.jpg,1802,1296,-0.10853506297808851,-0.00029138330076524527,189.872362732749,-13.64714972384584,165.07455961344363,-26.78477859795896,24.79780311930537,13.13762887411312,28.062935198901805,25.34037694263816,10.925730764853572,27.59540353647787,0,1,12.67018847131908,5.462865382426786,-12.67018847131908,-5.462865382426786,0,0,28.062935198901805,961.4738873214768,975.9806052258731,796.3993277080332,1002.765383823832,12,12,0.8717838870477714,0.0922664316743298,12.17359823144551,-0.059959621038660996,0.9539051288301421,101.31883678508433,-4.2282606083264074e-05,1.4212510421363718e-05,1.0,1.0,0.0,189.32981152868092,0.0,1.0,90.53713461757322,0.0,0.0,1.0
frame_0240.jpg,frame_0240,240,D:\visualization2026\visualization\left_downsample2_Q37\frame_0240.jpg,D:\visualization2026\visualization\right_downsample2_Q37\frame_0240.jpg,D:\visualization2026\dowsample2_Q37\stitched_frames\frame_0240.jpg,D:\visualization2026\dowsample2_Q37_hess_matched\stitched_frames\frame_0240.jpg,1803,1295,-0.10825074255739464,-0.00015496840841493914,189.69721152523363,-13.480204735219832,160.1613732527337,-28.990397252444495,29.535838272499916,15.510192517224663,33.3606327035421,29.70115676569636,12.9510079134445,32.40196474281417,0,1,14.85057838284818,6.47550395672225,-14.85057838284818,-6.47550395672225,0,0,33.3606327035421,962.5021386899775,972.1180975728662,802.3407654372438,1001.1084948253107,12,12,0.873787313526223,0.08779168345339243,14.37751703325561,-0.05927325805751294,0.9526040433038384,101.14392170848876,-4.0709280707433514e-05,1.0082868972364493e-05,1.0,1.0,0.0,188.14942161715183,0.0,1.0,88.52449604327775,0.0,0.0,1.0
frame_0242.jpg,frame_0242,242,D:\visualization2026\visualization\left_downsample2_Q37\frame_0242.jpg,D:\visualization2026\visualization\right_downsample2_Q37\frame_0242.jpg,D:\visualization2026\dowsample2_Q37\stitched_frames\frame_0242.jpg,D:\visualization2026\dowsample2_Q37_hess_matched\stitched_frames\frame_0242.jpg,1835,1302,-0.10741863177848926,5.991405876054623e-05,188.74665727350325,-13.169913687691942,157.22031479682164,-30.16276475339737,31.526342476681606,16.992851065705427,35.81434429524384,36.1026694287355,15.922193917022343,39.45781290203268,0,1,18.05133471436775,7.961096958511171,-18.05133471436775,-7.961096958511171,0,0,35.81434429524384,976.9211043057203,969.7084382440601,819.7007895088987,999.8712029974574,12,12,0.8905199155209443,0.09759120478479784,18.401158519010433,-0.05785140044761205,0.9660026054312916,99.97786204023997,-3.37930077597845e-05,1.520546759844248e-05,1.0,1.0,0.0,216.94866528563225,0.0,1.0,94.03890304148882,0.0,0.0,1.0
frame_0244.jpg,frame_0244,244,D:\visualization2026\visualization\left_downsample2_Q37\frame_0244.jpg,D:\visualization2026\visualization\right_downsample2_Q37\frame_0244.jpg,D:\visualization2026\dowsample2_Q37\stitched_frames\frame_0244.jpg,D:\visualization2026\dowsample2_Q37_hess_matched\stitched_frames\frame_0244.jpg,1835,1302,-0.1064290589542976,0.0003240571245856222,187.6366521886299,-12.79259016883163,142.7025012596938,-29.21716632852474,44.934150928936106,16.42457615969311,47.84187100992152,38.5680377907476,17.990468936511792,42.55761402597814,0,1,19.2840188953738,8.995234468255896,-19.2840188953738,-8.995234468255896,0,0,47.84187100992152,972.6634387596938,967.941054392196,829.9609375,997.1582207207207,12,12,0.8920459050715578,0.09675808543610084,18.716899522494995,-0.057308941405736974,0.9663147729186069,100.56787589340954,-3.297070351399258e-05,1.414373859212015e-05,1.0,1.0,0.0,215.7159811046262,0.0,1.0,93.0047655317441,0.0,0.0,1.0
frame_0246.jpg,frame_0246,246,D:\visualization2026\visualization\left_downsample2_Q37\frame_0246.jpg,D:\visualization2026\visualization\right_downsample2_Q37\frame_0246.jpg,D:\visualization2026\dowsample2_Q37\stitched_frames\frame_0246.jpg,D:\visualization2026\dowsample2_Q37_hess_matched\stitched_frames\frame_0246.jpg,1835,1302,-0.10579040679724955,0.00043880205777219183,186.78789238022162,-12.602969665225668,137.0686800339671,-30.148690633601063,49.71921234625452,17.545720968375395,52.724305596489714,38.763768095741625,18.358773805822334,42.89142446496484,0,1,19.381884047870813,9.179386902911167,-19.381884047870813,-9.179386902911167,0,0,52.724305596489714,966.9988985264446,967.1887252581355,829.9302184924775,997.3374158917366,12,12,0.8907627201097394,0.09958101128928612,18.93165181364776,-0.05795230825834511,0.9669245134542438,101.26466030447644,-3.4002989211381195e-05,1.6456961576177274e-05,1.0,1.0,0.0,215.6181159521292,0.0,1.0,92.82061309708884,0.0,0.0,1.0
frame_0248.jpg,frame_0248,248,D:\visualization2026\visualization\left_downsample2_Q37\frame_0248.jpg,D:\visualization2026\visualization\right_downsample2_Q37\frame_0248.jpg,D:\visualization2026\dowsample2_Q37\stitched_frames\frame_0248.jpg,D:\visualization2026\dowsample2_Q37_hess_matched\stitched_frames\frame_0248.jpg,1836,1302,-0.10486636977087416,0.000522177092674922,185.36353772732852,-12.408545216919832,148.23889279796265,-35.88754918848019,37.12464492936587,23.47900397156036,43.926107141744744,41.07332849039086,20.53084230174659,45.91877392634455,0,1,20.53666424519543,10.265421150873294,-20.53666424519543,-10.265421150873294,0,0,43.926107141744744,985.0855317183813,966.1364765398588,836.8466389204186,1002.024025728339,12,12,0.8902917017022717,0.11337460463749302,20.867821512004642,-0.05810650340144909,0.9714967434371257,102.4589725020301,-3.476935197032184e-05,2.3192755448446638e-05,1.0,1.0,0.0,215.46333575480458,0.0,1.0,91.7345788491267,0.0,0.0,1.0
frame_0250.jpg,frame_0250,250,D:\visualization2026\visualization\left_downsample2_Q37\frame_0250.jpg,D:\visualization2026\visualization\right_downsample2_Q37\frame_0250.jpg,D:\visualization2026\dowsample2_Q37\stitched_frames\frame_0250.jpg,D:\visualization2026\dowsample2_Q37_hess_matched\stitched_frames\frame_0250.jpg,1819,1300,-0.10385441362460707,0.000601013727395433,183.7740347285567,-12.207683427375384,153.25954493108668,-29.55940029115277,30.51448979747002,17.351716863777384,35.1029367107739,40.28842186940204,22.03648948189293,45.92127835124465,0,1,20.14421093470102,11.018244740946464,-20.14421093470102,-11.018244740946464,0,0,35.1029367107739,978.3173051637898,968.0155702746758,825.0577602327031,997.5749705658286,12,12,0.887838895516075,0.09104408068869901,20.339252063250058,-0.05647838248195064,0.9618516800566136,100.84763125798258,-3.6680014434718775e-05,1.2067718812764663e-05,1.0,1.0,0.0,198.85578906529898,0.0,1.0,88.98175525905353,0.0,0.0,1.0
frame_0252.jpg,frame_0252,252,D:\visualization2026\visualization\left_downsample2_Q37\frame_0252.jpg,D:\visualization2026\visualization\right_downsample2_Q37\frame_0252.jpg,D:\visualization2026\dowsample2_Q37\stitched_frames\frame_0252.jpg,D:\visualization2026\dowsample2_Q37_hess_matched\stitched_frames\frame_0252.jpg,1851,1311,-0.103572484810798,0.0005478794197857351,183.15280638091565,-12.224354398886595,140.0786619309879,-40.07754794421328,43.07414444992776,27.853193545326683,51.29505152318955,36.1861913593512,21.88399765259691,42.28888504506178,0,1,18.0930956796756,10.941998826298455,-18.0930956796756,-10.941998826298455,0,0,51.29505152318955,1001.8983251204608,969.7062524239602,861.8196631894729,1009.7838003681735,12,12,0.908962041130495,0.10460315855845921,18.371066911064872,-0.05432855808247931,0.9809018624928261,96.91587871136397,-2.854572211492342e-05,2.005244022611061e-05,1.0,1.0,0.0,232.9069043203244,0.0,1.0,100.05800117370154,0.0,0.0,1.0
frame_0254.jpg,frame_0254,254,D:\visualization2026\visualization\left_downsample2_Q37\frame_0254.jpg,D:\visualization2026\visualization\right_downsample2_Q37\frame_0254.jpg,D:\visualization2026\dowsample2_Q37\stitched_frames\frame_0254.jpg,D:\visualization2026\dowsample2_Q37_hess_matched\stitched_frames\frame_0254.jpg,1844,1312,-0.10408922627181966,0.00036354961126286445,183.6222171999814,-12.466261069726619,142.61259937598936,-36.419073130151446,41.009617823992045,23.952812060424826,47.49237791132298,33.431721006096566,19.64147963639578,38.77457532631955,0,1,16.715860503048283,9.82073981819789,-16.715860503048283,-9.82073981819789,0,0,47.49237791132298,1003.0859887317316,973.0314973419397,860.4733893557423,1009.4505704720912,12,12,0.8988035156614165,0.10703857432523049,16.54746392881001,-0.05527228623917685,0.979001330682837,97.33077557666039,-3.278141632180907e-05,2.0402362647504368e-05,1.0,1.0,0.0,227.28413949695172,0.0,1.0,102.1792601818021,0.0,0.0,1.0
frame_0256.jpg,frame_0256,256,D:\visualization2026\visualization\left_downsample2_Q37\frame_0256.jpg,D:\visualization2026\visualization\right_downsample2_Q37\frame_0256.jpg,D:\visualization2026\dowsample2_Q37\stitched_frames\frame_0256.jpg,D:\visualization2026\dowsample2_Q37_hess_matched\stitched_frames\frame_0256.jpg,1833,1306,-0.10478828897306364,0.00021594222263178475,184.498979970017,-12.695103453009873,155.29092017401672,-29.478365274905173,29.20805979600027,16.7832618218953,33.68662396900312,30.557825444371307,18.515308392934237,35.72950238632114,0,1,15.278912722185654,9.257654196467119,-15.278912722185654,-9.257654196467119,0,0,33.68662396900312,1008.1565623254986,974.2841667411943,852.8656421514819,1003.7625320160995,12,12,0.8999608085772228,0.10268283974128904,14.95508382123498,-0.05469375099896731,0.9767065609815654,96.22055826210257,-3.408927764401074e-05,1.8173047964294947e-05,1.0,1.0,0.0,217.72108727781435,0.0,1.0,96.74234580353288,0.0,0.0,1.0
frame_0258.jpg,frame_0258,258,D:\visualization2026\visualization\left_downsample2_Q37\frame_0258.jpg,D:\visualization2026\visualization\right_downsample2_Q37\frame_0258.jpg,D:\visualization2026\dowsample2_Q37\stitched_frames\frame_0258.jpg,D:\visualization2026\dowsample2_Q37_hess_matched\stitched_frames\frame_0258.jpg,1814,1298,-0.10517079704400811,0.00026128264537561563,185.2782896946349,-12.698355931426663,161.92599653154218,-24.96476982198135,23.352293163092725,12.266413890554686,26.37791700853993,27.316734904730133,16.18655655834972,31.752301004367478,0,1,13.658367452365066,8.09327827917486,-13.658367452365066,-8.09327827917486,0,0,26.37791700853993,999.0040581698228,971.6908803537417,837.0780616382806,996.655650175723,12,12,0.8964100998645056,0.08785892111515337,13.332003451084486,-0.05397570172286486,0.9656617131380585,94.37929831739768,-3.6090040871721984e-05,8.817382970736067e-06,1.0,1.0,0.0,200.34163254763493,0.0,1.0,89.90672172082515,0.0,0.0,1.0
frame_0260.jpg,frame_0260,260,D:\visualization2026\visualization\left_downsample2_Q37\frame_0260.jpg,D:\visualization2026\visualization\right_downsample2_Q37\frame_0260.jpg,D:\visualization2026\dowsample2_Q37\stitched_frames\frame_0260.jpg,D:\visualization2026\dowsample2_Q37_hess_matched\stitched_frames\frame_0260.jpg,1806,1297,-0.10499848275817408,0.0005497150767924119,185.66091690449252,-12.398180807134924,169.51590491564878,-24.11904145360461,16.14501198884375,11.720860646469685,19.950939486998355,27.83417731717,15.914324540371332,32.06255062374056,0,1,13.917088658585,7.957162270185666,-13.917088658585,-7.957162270185666,0,0,19.950939486998355,1000.5490013757093,971.9208980121145,831.0330964600605,996.0399394657192,12,12,0.8900530919222672,0.08927642706848143,14.119233447566542,-0.0555319916189469,0.9644458753443763,96.21139372530156,-4.0440771658631795e-05,1.2230984927429401e-05,1.0,1.0,0.0,192.082911341415,0.0,1.0,89.04283772981434,0.0,0.0,1.0
frame_0262.jpg,frame_0262,262,D:\visualization2026\visualization\left_downsample2_Q37\frame_0262.jpg,D:\visualization2026\visualization\right_downsample2_Q37\frame_0262.jpg,D:\visualization2026\dowsample2_Q37\stitched_frames\frame_0262.jpg,D:\visualization2026\dowsample2_Q37_hess_matched\stitched_frames\frame_0262.jpg,1806,1296,-0.10456248189609452,0.0008970213245283465,185.72042184682795,-12.008595027715813,158.85173009510606,-28.218029400119917,26.868691751721883,16.209434372404104,31.379489465609907,30.058171789645108,17.175687956811057,34.61932911143082,0,1,15.029085894822554,8.587843978405528,-15.029085894822554,-8.587843978405528,0,0,31.379489465609907,985.9845701232948,967.1274251453347,827.1328400281888,995.3454545454546,12,12,0.8901724775021816,0.0887910125898425,15.403220884478525,-0.055436519182935386,0.962702883184246,96.48438041830526,-4.0302313315394694e-05,1.2297668357724828e-05,1.0,1.0,0.0,190.97091410517746,0.0,1.0,87.41215602159447,0.0,0.0,1.0
frame_0264.jpg,frame_0264,264,D:\visualization2026\visualization\left_downsample2_Q37\frame_0264.jpg,D:\visualization2026\visualization\right_downsample2_Q37\frame_0264.jpg,D:\visualization2026\dowsample2_Q37\stitched_frames\frame_0264.jpg,D:\visualization2026\dowsample2_Q37_hess_matched\stitched_frames\frame_0264.jpg,1833,1304,-0.10419483568537397,0.001093734823692058,185.54220825867526,-11.773071585274714,141.9453783724839,-34.364723555807586,43.59682988619136,22.591651970532872,49.102610061820435,33.298979356322064,19.145722693808366,38.41068501915804,0,1,16.649489678161032,9.572861346904183,-16.649489678161032,-9.572861346904183,0,0,49.102610061820435,999.741056172091,970.5661867257902,857.7956777996071,1004.9309102815978,12,12,0.9046010215932274,0.09442194919562988,16.738568100440048,-0.05431597812665501,0.9739577379770887,95.97364079205349,-3.390800497254737e-05,1.3209911527314868e-05,1.0,1.0,0.0,216.35051032183895,0.0,1.0,94.42713865309582,0.0,0.0,1.0
frame_0266.jpg,frame_0266,266,D:\visualization2026\visualization\left_downsample2_Q37\frame_0266.jpg,D:\visualization2026\visualization\right_downsample2_Q37\frame_0266.jpg,D:\visualization2026\dowsample2_Q37\stitched_frames\frame_0266.jpg,D:\visualization2026\dowsample2_Q37_hess_matched\stitched_frames\frame_0266.jpg,1825,1304,-0.10389640287934004,0.0011323472139882218,185.10994773287283,-11.698977898060578,144.78191557449702,-34.789056802154505,40.328032158375805,23.09007890409393,46.47044137475215,34.682004265881005,21.302589639701637,40.70186414964444,0,1,17.341002132940503,10.651294819850818,-17.341002132940503,-10.651294819850818,0,0,46.47044137475215,995.711836612286,969.0572488944049,850.929921037789,1003.8463056965594,12,12,0.8920935148772592,0.0954169512135857,17.16105931399892,-0.05627817730437621,0.9673339257747056,99.65999364000686,-3.9382152682553236e-05,1.4709241947907612e-05,1.0,1.0,0.0,207.6589978670595,0.0,1.0,93.34870518014918,0.0,0.0,1.0
frame_0268.jpg,frame_0268,268,D:\visualization2026\visualization\left_downsample2_Q37\frame_0268.jpg,D:\visualization2026\visualization\right_downsample2_Q37\frame_0268.jpg,D:\visualization2026\dowsample2_Q37\stitched_frames\frame_0268.jpg,D:\visualization2026\dowsample2_Q37_hess_matched\stitched_frames\frame_0268.jpg,1834,1303,-0.10355906282143879,0.0011551257522482566,184.57176082938824,-11.635406674300924,145.01542983291074,-33.75199424984214,39.5563309964775,22.116587575541217,45.31938622586885,35.55602793870374,22.407764473198434,42.02783638809182,0,1,17.77801396935187,11.203882236599217,-17.77801396935187,-11.203882236599217,0,0,45.31938622586885,1014.742741023941,969.3312156789358,869.7273111910303,1003.0832099287779,12,12,0.9058727585916551,0.09403135763981253,18.17849506466892,-0.05399123028060122,0.9731005957552018,97.03477021257473,-3.3369038844728756e-05,1.314605168865031e-05,1.0,1.0,0.0,216.22198603064814,0.0,1.0,91.79611776340079,0.0,0.0,1.0
frame_0270.jpg,frame_0270,270,D:\visualization2026\visualization\left_downsample2_Q37\frame_0270.jpg,D:\visualization2026\visualization\right_downsample2_Q37\frame_0270.jpg,D:\visualization2026\dowsample2_Q37\stitched_frames\frame_0270.jpg,D:\visualization2026\dowsample2_Q37_hess_matched\stitched_frames\frame_0270.jpg,1824,1303,-0.10336734167179346,0.0011686197661719827,184.26719434488183,-11.59874688466096,161.20705780824335,-34.10394226059702,23.06013653663848,22.50519537593606,32.22194463401399,33.97091523374762,22.371617293251525,40.675697192969864,0,1,16.98545761687381,11.185808646625762,-16.98545761687381,-11.185808646625762,0,0,32.22194463401399,1012.0538161579486,970.2128226378967,850.8467583497053,1004.3167648984937,12,12,0.8924135243992795,0.09555992698935287,16.615197888589783,-0.055917764854870614,0.9674742666614482,99.54105067800286,-3.92461865204328e-05,1.4020549115180805e-05,1.0,1.0,0.0,207.01454238312618,0.0,1.0,91.81419135337424,0.0,0.0,1.0
frame_0272.jpg,frame_0272,272,D:\visualization2026\visualization\left_downsample2_Q37\frame_0272.jpg,D:\visualization2026\visualization\right_downsample2_Q37\frame_0272.jpg,D:\visualization2026\dowsample2_Q37\stitched_frames\frame_0272.jpg,D:\visualization2026\dowsample2_Q37_hess_matched\stitched_frames\frame_0272.jpg,1838,1306,-0.10368756698832299,0.00103367276615135,184.50887392803028,-11.76869364823137,153.27006381219473,-33.50400218811944,31.23881011583555,21.735308539888074,38.056364707856176,34.99227738750899,22.452316095460777,41.576026443310575,0,1,17.496138693754496,11.226158047730388,-17.496138693754496,-11.226158047730388,0,0,38.056364707856176,1022.8131253849924,972.010504835643,869.5430615727977,1005.5145070237625,12,12,0.9031428382568131,0.10032813816621056,17.183526054541353,-0.05520911383578741,0.9753215224784626,98.55143417293985,-3.6549419203463424e-05,1.7221809913843504e-05,1.0,1.0,0.0,220.5038613062455,0.0,1.0,94.7738419522696,0.0,0.0,1.0
frame_0274.jpg,frame_0274,274,D:\visualization2026\visualization\left_downsample2_Q37\frame_0274.jpg,D:\visualization2026\visualization\right_downsample2_Q37\frame_0274.jpg,D:\visualization2026\dowsample2_Q37\stitched_frames\frame_0274.jpg,D:\visualization2026\dowsample2_Q37_hess_matched\stitched_frames\frame_0274.jpg,1844,1305,-0.1043952742881894,0.0007434292467667358,185.06198101795326,-12.13655029126992,149.3907146565425,-34.547466362068235,35.671266361410744,22.410916070798315,42.12705072704568,36.16789105374859,23.048561035235398,42.88767315990457,0,1,18.083945526874295,11.524280517617699,-18.083945526874295,-11.524280517617699,0,0,42.12705072704568,1035.2064765513235,968.907225177092,885.815761894781,1003.4546915391602,12,12,0.912957545460046,0.09968359338628202,17.708803781844757,-0.05403517248277056,0.9787531566645272,97.14612814218803,-3.2349553666324564e-05,1.6117090682193195e-05,1.0,1.0,0.0,225.9160544731257,0.0,1.0,93.4757194823823,0.0,0.0,1.0
frame_0276.jpg,frame_0276,276,D:\visualization2026\visualization\left_downsample2_Q37\frame_0276.jpg,D:\visualization2026\visualization\right_downsample2_Q37\frame_0276.jpg,D:\visualization2026\dowsample2_Q37\stitched_frames\frame_0276.jpg,D:\visualization2026\dowsample2_Q37_hess_matched\stitched_frames\frame_0276.jpg,1845,1305,-0.10476694181967,0.0006033842903897663,185.38187196445736,-12.317762266730654,139.94702903727466,-35.811335181870845,45.4348429271827,23.49357291514019,51.14951534605947,39.202271526170335,23.50459491985582,45.708687086352604,0,1,19.601135763085168,11.75229745992791,-19.601135763085168,-11.75229745992791,0,0,51.14951534605947,1026.0667943619762,968.0941877798932,886.1197653247016,1003.9055229617641,12,12,0.9148408609378753,0.09744299516967622,19.510597301066824,-0.05364638559760497,0.9791419980035093,97.09271763526999,-3.12464272806802e-05,1.4216928187055701e-05,1.0,1.0,0.0,225.39886423691485,0.0,1.0,93.24770254007208,0.0,0.0,1.0
frame_0278.jpg,frame_0278,278,D:\visualization2026\visualization\left_downsample2_Q37\frame_0278.jpg,D:\visualization2026\visualization\right_downsample2_Q37\frame_0278.jpg,D:\visualization2026\dowsample2_Q37\stitched_frames\frame_0278.jpg,D:\visualization2026\dowsample2_Q37_hess_matched\stitched_frames\frame_0278.jpg,1837,1306,-0.1041945814209273,0.0007447751896323268,184.71280421860686,-12.110534635942907,139.27840489093137,-37.20834691035725,45.43439932767549,25.097812274414345,51.90553750062148,37.71912011108294,22.24401333248991,43.789589528680104,0,1,18.85956005554147,11.122006666244955,-18.85956005554147,-11.122006666244955,0,0,51.90553750062148,1023.5718475138822,967.019317024069,884.2934426229508,1004.2276639344262,12,12,0.9012424267607392,0.1013275442252985,18.474408018309223,-0.05570649469848658,0.9737568288185279,99.26725871439804,-3.754239597036277e-05,1.7990782631248646e-05,1.0,1.0,0.0,218.14043994445854,0.0,1.0,94.87799333375504,0.0,0.0,1.0
frame_0280.jpg,frame_0280,280,D:\visualization2026\visualization\left_downsample2_Q37\frame_0280.jpg,D:\visualization2026\visualization\right_downsample2_Q37\frame_0280.jpg,D:\visualization2026\dowsample2_Q37\stitched_frames\frame_0280.jpg,D:\visualization2026\dowsample2_Q37_hess_matched\stitched_frames\frame_0280.jpg,1847,1305,-0.10297207944885878,0.0009524484824187524,183.0596803688829,-11.759141934259736,144.82764147013575,-36.54450673329791,38.23203889874716,24.78536479903817,45.563177090461075,39.038777926471916,20.805843511069426,44.236967642453756,0,1,19.519388963235958,10.402921755534713,-19.519388963235958,-10.402921755534713,0,0,45.563177090461075,1043.872482421753,968.4601711603134,899.0448409516172,1005.0046778936113,12,12,0.9184746621760707,0.0987625781391057,19.059470277331105,-0.05242441150475103,0.9820211530165505,94.08258439685704,-2.9771316526752796e-05,1.537117334631664e-05,1.0,1.0,0.0,227.48061103676403,0.0,1.0,94.59707824446528,0.0,0.0,1.0
frame_0282.jpg,frame_0282,282,D:\visualization2026\visualization\left_downsample2_Q37\frame_0282.jpg,D:\visualization2026\visualization\right_downsample2_Q37\frame_0282.jpg,D:\visualization2026\dowsample2_Q37\stitched_frames\frame_0282.jpg,D:\visualization2026\dowsample2_Q37_hess_matched\stitched_frames\frame_0282.jpg,1867,1305,-0.10179602009702643,0.0011582634435397393,181.48368542029766,-11.415265594134361,157.66063237989908,-26.847666197192893,23.823053040398577,15.432400603058532,28.384799533181933,35.34887322959464,18.157661659705674,39.73969697355904,0,1,17.67443661479732,9.078830829852837,-17.67443661479732,-9.078830829852837,0,0,28.384799533181933,1082.3771479891639,975.7153463189918,924.7165156092648,1002.5630125161847,12,12,0.9167321150894248,0.1401019118703877,17.793459950326312,-0.053463281004856186,0.9914800088414112,94.2413451958643,-3.240956829931267e-05,2.0795019681187127e-05,1.0,1.0,0.0,249.32556338520268,0.0,1.0,95.92116917014717,0.0,0.0,1.0
frame_0284.jpg,frame_0284,284,D:\visualization2026\visualization\left_downsample2_Q37\frame_0284.jpg,D:\visualization2026\visualization\right_downsample2_Q37\frame_0284.jpg,D:\visualization2026\dowsample2_Q37\stitched_frames\frame_0284.jpg,D:\visualization2026\dowsample2_Q37_hess_matched\stitched_frames\frame_0284.jpg,1838,1296,-0.10088637225286273,0.0013640174542885464,180.37530777712837,-11.104254930632475,138.10575233877273,-26.324321894328364,42.26955543835564,15.220066963695889,44.926225696530615,31.73683898490838,14.134108695111172,34.74190520623787,0,1,15.86841949245419,7.067054347555586,-15.86841949245419,-7.067054347555586,0,0,44.926225696530615,1044.0823246346877,968.9907972239979,905.9765722959149,995.3151191183263,12,12,0.9066715322304832,0.09476986895372363,15.683227591703481,-0.053434454174535254,0.9719617753989839,92.40580636619075,-3.605582552852797e-05,1.2374133820130392e-05,1.0,1.0,0.0,222.1315805075458,0.0,1.0,88.93294565244442,0.0,0.0,1.0
frame_0286.jpg,frame_0286,286,D:\visualization2026\visualization\left_downsample2_Q37\frame_0286.jpg,D:\visualization2026\visualization\right_downsample2_Q37\frame_0286.jpg,D:\visualization2026\dowsample2_Q37\stitched_frames\frame_0286.jpg,D:\visualization2026\dowsample2_Q37_hess_matched\stitched_frames\frame_0286.jpg,1836,1294,-0.09970813418593033,0.0016412598142234724,178.96516407058837,-10.69102968692964,151.9798446277921,-20.943693345251063,26.985319442796282,10.252663658321422,28.86736180395472,27.03348572054374,11.26280037508159,29.285833136378077,0,1,13.51674286027187,5.631400187540795,-13.51674286027187,-5.631400187540795,0,0,28.86736180395472,1054.1199961429436,973.0093952328374,902.1401515151515,993.9530885780885,12,12,0.9121731161460391,0.10746685535139942,13.75118273674513,-0.05290185856565774,0.9790621576063981,90.15850734329698,-3.586648918495928e-05,1.6375058877962976e-05,1.0,1.0,0.0,222.48325713972812,0.0,1.0,88.36859981245921,0.0,0.0,1.0
frame_0288.jpg,frame_0288,288,D:\visualization2026\visualization\left_downsample2_Q37\frame_0288.jpg,D:\visualization2026\visualization\right_downsample2_Q37\frame_0288.jpg,D:\visualization2026\dowsample2_Q37\stitched_frames\frame_0288.jpg,D:\visualization2026\dowsample2_Q37_hess_matched\stitched_frames\frame_0288.jpg,1819,1288,-0.0986062437236852,0.001937053965933161,177.73314055604294,-10.269263859219764,150.3589124517987,-15.249311310661597,27.374228104244253,4.980047451441832,27.82353746240417,27.148724395644614,9.444187074488267,28.744493486728903,0,1,13.574362197822307,4.722093537244134,-13.574362197822307,-4.722093537244134,0,0,27.82353746240417,1040.3077933386164,972.8187533649015,889.9488808868177,988.068064675563,12,12,0.9017748527614698,0.08425016720792056,13.836118688031387,-0.0529178417286845,0.9643108603817959,89.21044935974334,-3.9427742822566296e-05,6.150846850751236e-06,1.0,1.0,0.0,205.4256378021777,0.0,1.0,83.27790646275587,0.0,0.0,1.0
frame_0290.jpg,frame_0290,290,D:\visualization2026\visualization\left_downsample2_Q37\frame_0290.jpg,D:\visualization2026\visualization\right_downsample2_Q37\frame_0290.jpg,D:\visualization2026\dowsample2_Q37\stitched_frames\frame_0290.jpg,D:\visualization2026\dowsample2_Q37_hess_matched\stitched_frames\frame_0290.jpg,1818,1288,-0.09825415023339029,0.002044877976227738,177.37107624734148,-10.121624599215972,162.65580367041753,-20.550447798106234,14.715272576923951,10.428823198890262,18.036063881204285,22.96863656990881,7.4414182336134,24.14400487094273,0,1,11.484318284954405,3.7207091168067,-11.484318284954405,-3.7207091168067,0,0,18.036063881204285,1044.269632489789,970.6044265807865,881.6138288193715,991.1548743788927,12,12,0.8987787785128143,0.08657900013827294,11.769260416543283,-0.05439791887911555,0.9618080523305131,90.09007254398068,-4.133616703759216e-05,8.303357953479938e-06,1.0,1.0,0.0,206.5156817150456,0.0,1.0,84.2792908831933,0.0,0.0,1.0
frame_0292.jpg,frame_0292,292,D:\visualization2026\visualization\left_downsample2_Q37\frame_0292.jpg,D:\visualization2026\visualization\right_downsample2_Q37\frame_0292.jpg,D:\visualization2026\dowsample2_Q37\stitched_frames\frame_0292.jpg,D:\visualization2026\dowsample2_Q37_hess_matched\stitched_frames\frame_0292.jpg,1817,1288,-0.09893171016395896,0.001752949474102719,177.86724825613467,-10.487398424536213,153.46800184023175,-16.82673252462814,24.399246415902923,6.3393341000919285,25.2093312584158,21.350577428931075,8.149584232818995,22.853071559783665,0,1,10.675288714465538,4.074792116409498,-10.675288714465538,-4.074792116409498,0,0,25.2093312584158,1045.458940206142,973.4990369653741,891.9909383659102,990.3257694900022,12,12,0.8982453561122273,0.084560320291233,10.724255367296038,-0.05384971998769669,0.9629534906147941,89.44035215586139,-4.1225820517697866e-05,6.3406246906927886e-06,1.0,1.0,0.0,206.32471128553448,0.0,1.0,83.9252078835905,0.0,0.0,1.0
frame_0294.jpg,frame_0294,294,D:\visualization2026\visualization\left_downsample2_Q37\frame_0294.jpg,D:\visualization2026\visualization\right_downsample2_Q37\frame_0294.jpg,D:\visualization2026\dowsample2_Q37\stitched_frames\frame_0294.jpg,D:\visualization2026\dowsample2_Q37_hess_matched\stitched_frames\frame_0294.jpg,1818,1288,-0.0994189112484824,0.001480022942405887,178.07432991029052,-10.811353229075076,156.7052136006139,-16.01757598839663,21.369116309676627,5.2062227593215535,21.994178486048654,24.593569718152587,8.284973050627688,25.951578948712523,0,1,12.296784859076293,4.142486525313844,-12.296784859076293,-4.142486525313844,0,0,21.994178486048654,1052.9792086201799,975.1418690489567,896.273995019566,991.1594450373533,12,12,0.8981188636745228,0.08367232963423493,12.137648324128431,-0.05407927087293956,0.96336490982205,90.65167641829198,-4.1215174793057975e-05,6.374577425379334e-06,1.0,1.0,0.0,205.7032151409237,0.0,1.0,83.85751347468616,0.0,0.0,1.0
frame_0296.jpg,frame_0296,296,D:\visualization2026\visualization\left_downsample2_Q37\frame_0296.jpg,D:\visualization2026\visualization\right_downsample2_Q37\frame_0296.jpg,D:\visualization2026\dowsample2_Q37\stitched_frames\frame_0296.jpg,D:\visualization2026\dowsample2_Q37_hess_matched\stitched_frames\frame_0296.jpg,1837,1287,-0.0980539269037311,0.0018598741133323132,176.5800477594847,-10.275893938294521,157.68502402157708,-24.06938759264392,18.89502373790762,13.7934936543494,23.394067394291863,23.777890528880178,9.65683719657261,25.664032860104392,0,1,11.888945264440089,4.828418598286305,-11.888945264440089,-4.828418598286305,0,0,23.394067394291863,1067.4902586668352,973.3101568235169,909.8052346452581,997.3795444161608,12,12,0.9070461845608995,0.09047424497188944,11.434768503243966,-0.0539524927162096,0.9669388109597272,91.1596460054636,-3.720614681561381e-05,8.22152256051815e-06,1.0,1.0,0.0,225.11105473555992,0.0,1.0,82.1715814017137,0.0,0.0,1.0
frame_0298.jpg,frame_0298,298,D:\visualization2026\visualization\left_downsample2_Q37\frame_0298.jpg,D:\visualization2026\visualization\right_downsample2_Q37\frame_0298.jpg,D:\visualization2026\dowsample2_Q37\stitched_frames\frame_0298.jpg,D:\visualization2026\dowsample2_Q37_hess_matched\stitched_frames\frame_0298.jpg,1841,1285,-0.09399671474359972,0.0032528401703181553,172.76545067593037,-8.429077065623419,129.17626112557855,-14.08606860610871,43.58918955035182,5.656991540485292,43.95473807163025,22.460298231363844,10.718346171382537,24.886702097533863,0,1,11.230149115681922,5.3591730856912685,-11.230149115681922,-5.3591730856912685,0,0,43.95473807163025,1038.1047200836124,984.1157524385958,908.9284589580338,998.2018210447045,12,12,0.9187179105500781,0.08025269976541799,11.152657228634535,-0.05157139548778813,0.9820001391490464,87.39745490910495,-3.299481867569044e-05,1.5803125895302464e-05,1.0,1.0,0.0,229.7698508843181,0.0,1.0,79.64082691430873,0.0,0.0,1.0
frame_0300.jpg,frame_0300,300,D:\visualization2026\visualization\left_downsample2_Q37\frame_0300.jpg,D:\visualization2026\visualization\right_downsample2_Q37\frame_0300.jpg,D:\visualization2026\dowsample2_Q37\stitched_frames\frame_0300.jpg,D:\visualization2026\dowsample2_Q37_hess_matched\stitched_frames\frame_0300.jpg,1831,1283,-0.09016213153886454,0.004474948684223462,168.93586876229628,-6.774919322975063,158.2989921317344,-24.063063251589938,10.636876630561886,17.288143928614875,20.29835128650347,22.62398733624018,12.052754079536363,25.634228755555267,0,1,11.31199366812009,6.026377039768182,-11.31199366812009,-6.026377039768182,0,0,20.29835128650347,1037.6686796923786,990.7276088488046,879.3696875606443,1014.7906721003945,12,12,0.9030177832564608,0.0857454174390099,11.105247329557438,-0.05440865768670567,0.9621965834888312,92.32075961899804,-4.0873581782408015e-05,4.91442557867261e-06,1.0,1.0,0.0,219.6880063318799,0.0,1.0,76.97362296023182,0.0,0.0,1.0
frame_0302.jpg,frame_0302,302,D:\visualization2026\visualization\left_downsample2_Q37\frame_0302.jpg,D:\visualization2026\visualization\right_downsample2_Q37\frame_0302.jpg,D:\visualization2026\dowsample2_Q37\stitched_frames\frame_0302.jpg,D:\visualization2026\dowsample2_Q37_hess_matched\stitched_frames\frame_0302.jpg,1832,1283,-0.08949576701808876,0.004456021293251386,167.72091178545804,-6.711166675958481,149.9096268571368,-18.358045650100053,17.811284928321243,11.646878974141572,21.28125138792699,21.699995134671145,11.739233162592404,24.67183382098827,0,1,10.849997567335572,5.869616581296202,-10.849997567335572,-5.869616581296202,0,0,21.28125138792699,1030.395081887828,995.5135849877435,880.4854550306911,1013.8716306378435,12,12,0.904095427929852,0.0864847638373441,10.70234210949729,-0.054340554448474666,0.9613518914038449,92.5590998412124,-4.07693089961542e-05,5.629904971088924e-06,1.0,1.0,0.0,221.15000243266442,0.0,1.0,77.1303834187038,0.0,0.0,1.0
frame_0304.jpg,frame_0304,304,D:\visualization2026\visualization\left_downsample2_Q37\frame_0304.jpg,D:\visualization2026\visualization\right_downsample2_Q37\frame_0304.jpg,D:\visualization2026\dowsample2_Q37\stitched_frames\frame_0304.jpg,D:\visualization2026\dowsample2_Q37_hess_matched\stitched_frames\frame_0304.jpg,1832,1283,-0.09018595090434955,0.003906058967458964,167.62628648041164,-7.328051025595983,145.4387246463533,-19.206313325686665,22.18756183405833,11.878262300090682,25.167062113204977,14.575920093100455,12.761046582011424,19.372706481767462,0,1,7.287960046550228,6.380523291005712,-7.287960046550228,-6.380523291005712,0,0,25.167062113204977,1035.5747882238704,995.5319421380061,890.1360635775171,1014.7382554636928,12,12,0.9042406497381928,0.08646470990459863,7.1403045887119445,-0.054361383761991025,0.9613547677600697,93.07000655092192,-4.07693089961542e-05,5.629904971088924e-06,1.0,1.0,0.0,224.71203995344976,0.0,1.0,76.61947670899428,0.0,0.0,1.0
frame_0306.jpg,frame_0306,306,D:\visualization2026\visualization\left_downsample2_Q37\frame_0306.jpg,D:\visualization2026\visualization\right_downsample2_Q37\frame_0306.jpg,D:\visualization2026\dowsample2_Q37\stitched_frames\frame_0306.jpg,D:\visualization2026\dowsample2_Q37_hess_matched\stitched_frames\frame_0306.jpg,1831,1284,-0.09079759680312471,0.00341195805675662,167.5264645606196,-7.881237911282603,153.25140183055714,-20.1071269809122,14.275062730062444,12.225889069629595,18.794940263009785,16.497937854065686,5.739664245614555,17.46784758031165,0,1,8.248968927032843,2.8698321228072774,-8.248968927032843,-2.8698321228072774,0,0,18.794940263009785,1033.0407966582557,999.8584778656776,879.7893948276985,1019.9656048465898,12,12,0.9027176295648491,0.0830857443420939,8.513817334108035,-0.05451878330683131,0.9631786730163707,90.11121407981045,-4.1234513171037814e-05,4.0770165049311965e-06,1.0,1.0,0.0,222.75103107296715,0.0,1.0,81.13016787719272,0.0,0.0,1.0
frame_0308.jpg,frame_0308,308,D:\visualization2026\visualization\left_downsample2_Q37\frame_0308.jpg,D:\visualization2026\visualization\right_downsample2_Q37\frame_0308.jpg,D:\visualization2026\dowsample2_Q37\stitched_frames\frame_0308.jpg,D:\visualization2026\dowsample2_Q37_hess_matched\stitched_frames\frame_0308.jpg,1831,1284,-0.09035817948794939,0.003358170416373943,166.62716781305676,-7.879147133646143,158.65835347055838,-18.64520577122653,7.968814342498376,10.766058637580386,13.394402585148287,12.041036822586655,1.088107397684848,12.090101135713638,0,1,6.020518411293327,0.544053698842424,-6.020518411293327,-0.544053698842424,0,0,13.394402585148287,1043.8997609038568,1000.3169869352862,885.2414074332984,1018.9621927065127,12,12,0.9028095186369914,0.0830766589125608,6.285366818368519,-0.05442288096577542,0.9631691907793494,87.78543565584559,-4.1234513171037814e-05,4.0770165049311965e-06,1.0,1.0,0.0,224.97948158870668,0.0,1.0,83.45594630115758,0.0,0.0,1.0
frame_0310.jpg,frame_0310,310,D:\visualization2026\visualization\left_downsample2_Q37\frame_0310.jpg,D:\visualization2026\visualization\right_downsample2_Q37\frame_0310.jpg,D:\visualization2026\dowsample2_Q37\stitched_frames\frame_0310.jpg,D:\visualization2026\dowsample2_Q37_hess_matched\stitched_frames\frame_0310.jpg,1847,1261,-0.08934711525304617,0.0034502159621667555,165.0706087409085,-7.665620252210031,144.82364330552048,10.153147501159424,20.246965435388034,-17.818767753369457,26.97124568110114,9.11788915690996,-5.209512241915947,10.501186622299803,0,1,4.55894457845498,-2.6047561209579735,-4.55894457845498,2.6047561209579735,0,0,26.97124568110114,1053.577837882873,1004.1720948695805,908.7541945773525,994.0189473684211,12,12,0.911741853547588,0.07156797907793042,4.179144151535365,-0.05340630632506257,0.9611497256927135,82.5431413082138,-4.090629258375865e-05,-3.145398539840692e-06,1.0,1.0,0.0,242.44105542154503,0.0,1.0,63.60475612095797,0.0,0.0,1.0
frame_0312.jpg,frame_0312,312,D:\visualization2026\visualization\left_downsample2_Q37\frame_0312.jpg,D:\visualization2026\visualization\right_downsample2_Q37\frame_0312.jpg,D:\visualization2026\dowsample2_Q37\stitched_frames\frame_0312.jpg,D:\visualization2026\dowsample2_Q37_hess_matched\stitched_frames\frame_0312.jpg,1849,1254,-0.08836182870205694,0.0035678253768559876,163.62003707672707,-7.4305437606424185,168.093257305801,4.18036150486455,-4.473220229073917,-11.610905265506968,12.442781855452322,9.979528153125825,-11.007817232371384,14.858096189630867,0,1,4.9897640765629125,-5.503908616185692,-4.9897640765629125,5.503908616185692,0,0,12.442781855452322,1078.6661225462472,1000.5759243743714,910.5728652404462,996.3955628695069,12,12,0.9100156918445979,0.07921669685674987,4.693135329325904,-0.053029891918492326,0.9441918994531716,79.73634950638093,-4.136232289645175e-05,-1.503873078482674e-05,1.0,1.0,0.0,244.01023592343708,0.0,1.0,59.50390861618569,0.0,0.0,1.0
frame_0314.jpg,frame_0314,314,D:\visualization2026\visualization\left_downsample2_Q37\frame_0314.jpg,D:\visualization2026\visualization\right_downsample2_Q37\frame_0314.jpg,D:\visualization2026\dowsample2_Q37\stitched_frames\frame_0314.jpg,D:\visualization2026\dowsample2_Q37_hess_matched\stitched_frames\frame_0314.jpg,1849,1254,-0.08787373677801136,0.0036826208712463088,163.03574920792065,-7.2594148051607625,155.46392570224577,12.350421092752526,7.571823505674871,-19.60983589791329,21.02089853322591,11.944946367325798,-17.751609863669675,21.396293989152053,0,1,5.972473183662899,-8.875804931834837,-5.972473183662899,8.875804931834837,0,0,21.02089853322591,1066.3779734607206,1006.6648202078542,910.9140477584748,994.3143991151017,12,12,0.9099750447131967,0.0792019181590484,5.675844436425891,-0.052890422454311095,0.944242608494097,76.3644531907318,-4.136232289645175e-05,-1.503873078482674e-05,1.0,1.0,0.0,243.02752681633712,0.0,1.0,62.875804931834836,0.0,0.0,1.0
frame_0316.jpg,frame_0316,316,D:\visualization2026\visualization\left_downsample2_Q37\frame_0316.jpg,D:\visualization2026\visualization\right_downsample2_Q37\frame_0316.jpg,D:\visualization2026\dowsample2_Q37\stitched_frames\frame_0316.jpg,D:\visualization2026\dowsample2_Q37_hess_matched\stitched_frames\frame_0316.jpg,1849,1258,-0.08777710341030276,0.0038866487505428843,163.35075207601608,-7.050190652150896,144.76749436487432,9.715445230496698,18.583257711141755,-16.765635882647594,25.02846407009887,11.582620287628913,-19.49633484688204,22.67739326265565,0,1,5.7913101438144565,-9.74816742344102,-5.7913101438144565,9.74816742344102,0,0,25.02846407009887,1066.651853290384,1008.2780285797061,921.8843589255097,998.5625833492094,12,12,0.9173457831321602,0.07752748094851337,6.178900769016224,-0.052943374242736214,0.9609956183829849,75.95960809922751,-3.977763365918016e-05,-9.352283751489696e-07,1.0,1.0,0.0,243.20868985618554,0.0,1.0,67.74816742344102,0.0,0.0,1.0
frame_0318.jpg,frame_0318,318,D:\visualization2026\visualization\left_downsample2_Q37\frame_0318.jpg,D:\visualization2026\visualization\right_downsample2_Q37\frame_0318.jpg,D:\visualization2026\dowsample2_Q37\stitched_frames\frame_0318.jpg,D:\visualization2026\dowsample2_Q37_hess_matched\stitched_frames\frame_0318.jpg,1858,1247,-0.08786255658191938,0.004072892587125079,163.94321408417608,-6.880588930755167,146.14730867067783,16.072315588155902,17.795905413498247,-22.95290451891107,29.043589229646262,14.0191001509515,-22.427326708837114,26.44844328778779,0,1,7.00955007547575,-11.213663354418557,-7.00955007547575,11.213663354418557,0,0,29.043589229646262,1070.2634273038177,1004.7547785152997,924.1161186331399,988.6824629271438,12,12,0.918040635582346,0.07188651569104158,6.771071837645684,-0.04898967732894098,0.9570010618864263,68.13543669079272,-3.855736851503778e-05,-5.687510299148634e-06,1.0,1.0,0.0,250.99044992452426,0.0,1.0,58.21366335441856,0.0,0.0,1.0
frame_0320.jpg,frame_0320,320,D:\visualization2026\visualization\left_downsample2_Q37\frame_0320.jpg,D:\visualization2026\visualization\right_downsample2_Q37\frame_0320.jpg,D:\visualization2026\dowsample2_Q37\stitched_frames\frame_0320.jpg,D:\visualization2026\dowsample2_Q37_hess_matched\stitched_frames\frame_0320.jpg,1869,1242,-0.0880052165769542,0.004093796091012111,164.24335128585125,-6.877939812307348,145.80801624894764,19.664452857123933,18.43533503690361,-26.54239266943128,32.31656210894292,14.887654430732528,-23.572795753649277,27.880440349681983,0,1,7.443827215366264,-11.786397876824639,-7.443827215366264,11.786397876824639,0,0,32.31656210894292,1080.3593712624977,1003.3832197947933,934.55135501355,983.7187669376693,12,12,0.9248508200250927,0.07651601099506576,7.469057369206235,-0.04868454448551975,0.9620478117721489,66.58232281976532,-3.589555961964801e-05,-1.9857505438296234e-06,1.0,1.0,0.0,261.55617278463376,0.0,1.0,53.78639787682464,0.0,0.0,1.0
frame_0322.jpg,frame_0322,322,D:\visualization2026\visualization\left_downsample2_Q37\frame_0322.jpg,D:\visualization2026\visualization\right_downsample2_Q37\frame_0322.jpg,D:\visualization2026\dowsample2_Q37\stitched_frames\frame_0322.jpg,D:\visualization2026\dowsample2_Q37_hess_matched\stitched_frames\frame_0322.jpg,1852,1248,-0.08840454716783946,0.003911981349834545,164.51258809453972,-7.102955715745027,156.8034090070007,19.16290885953731,7.709179087539013,-26.265864575282336,27.37383941084663,13.429122260895843,-22.444588343859827,26.155322032493057,0,1,6.714561130447922,-11.222294171929914,-6.714561130447922,11.222294171929914,0,0,27.37383941084663,1079.6635107511868,1009.5508085688397,922.8601017441861,990.3878997093024,12,12,0.9203388997109958,0.06711101358805815,6.252355721894591,-0.04997068778211463,0.9580316291088965,69.18329858025604,-3.909014344504238e-05,-7.791045084545977e-06,1.0,1.0,0.0,245.28543886955208,0.0,1.0,59.22229417192992,0.0,0.0,1.0
frame_0324.jpg,frame_0324,324,D:\visualization2026\visualization\left_downsample2_Q37\frame_0324.jpg,D:\visualization2026\visualization\right_downsample2_Q37\frame_0324.jpg,D:\visualization2026\dowsample2_Q37\stitched_frames\frame_0324.jpg,D:\visualization2026\dowsample2_Q37_hess_matched\stitched_frames\frame_0324.jpg,1852,1248,-0.08876290883682125,0.0036985222052024064,164.6347205244082,-7.353531288797939,152.7201256198282,17.983649833176173,11.914594904580014,-25.337181121974112,27.99875566785005,11.589854547199042,-19.949202017697818,23.07152768171516,0,1,5.794927273599521,-9.974601008848909,-5.794927273599521,9.974601008848909,0,0,27.99875566785005,1086.3606057071167,1009.2630945807059,933.6404800872886,991.2794447475297,12,12,0.920374848330377,0.06711817849689813,5.3327218650461905,-0.05001946028683486,0.9580219082752113,70.43099174333705,-3.909014344504238e-05,-7.791045084545977e-06,1.0,1.0,0.0,246.2050727264005,0.0,1.0,57.97460100884891,0.0,0.0,1.0
frame_0326.jpg,frame_0326,326,D:\visualization2026\visualization\left_downsample2_Q37\frame_0326.jpg,D:\visualization2026\visualization\right_downsample2_Q37\frame_0326.jpg,D:\visualization2026\dowsample2_Q37\stitched_frames\frame_0326.jpg,D:\visualization2026\dowsample2_Q37_hess_matched\stitched_frames\frame_0326.jpg,1872,1256,-0.08864047502239925,0.003636350228025137,164.27206247457232,-7.3985836945683765,152.981465612614,3.7260151391319596,11.290596861958335,-11.124598833700336,15.850371500694559,9.173312314350927,-17.421020287005433,19.68861616916936,0,1,4.586656157175463,-8.710510143502717,-4.586656157175463,8.710510143502717,0,0,15.850371500694559,1089.294287045457,1013.0638933833611,936.312821432843,1009.3378782442292,12,12,0.9259856755400827,0.08415628622198079,4.299941192775515,-0.05908801327996753,0.9625813525266994,85.96480650905698,-3.755909728226917e-05,-2.6988489117172056e-06,1.0,1.0,0.0,267.41334384282453,0.0,1.0,64.71051014350272,0.0,0.0,1.0
frame_0328.jpg,frame_0328,328,D:\visualization2026\visualization\left_downsample2_Q37\frame_0328.jpg,D:\visualization2026\visualization\right_downsample2_Q37\frame_0328.jpg,D:\visualization2026\dowsample2_Q37\stitched_frames\frame_0328.jpg,D:\visualization2026\dowsample2_Q37_hess_matched\stitched_frames\frame_0328.jpg,1872,1256,-0.08799447935093885,0.003687471721845026,163.25927080404847,-7.269591942236567,154.65970395903423,3.2063809458644528,8.599566845014238,-10.475972888101019,13.553544107505452,10.144208795776365,-14.657239617057241,17.825253021602215,0,1,5.072104397888182,-7.328619808528621,-5.072104397888182,7.328619808528621,0,0,13.553544107505452,1095.1110437037871,1013.8635514533343,940.4513397447529,1010.6571705074698,12,12,0.9254202053497587,0.08259616778832338,5.439015001540582,-0.059138645904768555,0.9607933194752754,87.90192745859012,-3.73852790830093e-05,-4.382090774210083e-06,1.0,1.0,0.0,266.9278956021118,0.0,1.0,63.32861980852862,0.0,0.0,1.0
frame_0330.jpg,frame_0330,330,D:\visualization2026\visualization\left_downsample2_Q37\frame_0330.jpg,D:\visualization2026\visualization\right_downsample2_Q37\frame_0330.jpg,D:\visualization2026\dowsample2_Q37\stitched_frames\frame_0330.jpg,D:\visualization2026\dowsample2_Q37_hess_matched\stitched_frames\frame_0330.jpg,1876,1256,-0.0872049681549853,0.003775748255160166,162.08275853806882,-7.086992959788776,155.73013466540579,6.8144910561806,6.352623872663031,-13.901484015969377,15.284210411852499,7.501609974773515,-11.814610178976197,13.994969306675506,0,1,3.7508049873867577,-5.907305089488099,-3.7508049873867577,5.907305089488099,0,0,15.284210411852499,1101.590668603197,1014.0113176523272,945.8605339377912,1007.1968265961466,12,12,0.9299112397341924,0.08298932416392235,4.178368812105774,-0.05875017051710902,0.965775904078938,88.06871645509106,-3.572775887731601e-05,-2.2008542432139183e-06,1.0,1.0,0.0,272.24919501261326,0.0,1.0,60.9073050894881,0.0,0.0,1.0
frame_0332.jpg,frame_0332,332,D:\visualization2026\visualization\left_downsample2_Q37\frame_0332.jpg,D:\visualization2026\visualization\right_downsample2_Q37\frame_0332.jpg,D:\visualization2026\dowsample2_Q37\stitched_frames\frame_0332.jpg,D:\visualization2026\dowsample2_Q37_hess_matched\stitched_frames\frame_0332.jpg,1895,1261,-0.08666288864127697,0.0038653512476026636,161.3438348373921,-6.933580594794749,148.7801733427259,5.51338063074661,12.563661494666206,-12.446961225541358,17.685373445383853,7.217500465900037,-11.75093088305054,13.790456467916433,0,1,3.6087502329500185,-5.87546544152527,-3.6087502329500185,5.87546544152527,0,0,17.685373445383853,1119.265197147945,1011.3137181224598,970.485023805219,1005.8003374917132,12,12,0.942124850606932,0.08914720031983357,3.977963634793372,-0.058659337737812754,0.9704932116163023,87.79977086925031,-2.974258518511815e-05,-2.1135712693507337e-06,1.0,1.0,0.0,291.39124976705,0.0,1.0,59.87546544152527,0.0,0.0,1.0
frame_0334.jpg,frame_0334,334,D:\visualization2026\visualization\left_downsample2_Q37\frame_0334.jpg,D:\visualization2026\visualization\right_downsample2_Q37\frame_0334.jpg,D:\visualization2026\dowsample2_Q37\stitched_frames\frame_0334.jpg,D:\visualization2026\dowsample2_Q37_hess_matched\stitched_frames\frame_0334.jpg,1880,1256,-0.08631357252185284,0.0039763523793633765,160.99419429119223,-6.783210613458685,162.29259349162646,4.3408233181102105,-1.2983992004342326,-11.124033931568896,11.199552285443575,10.575136835455272,-11.834216106232144,15.870796764422613,0,1,5.287568417727636,-5.917108053116072,-5.287568417727636,5.917108053116072,0,0,11.199552285443575,1123.8146223698197,1013.1377503821606,961.5220288781933,1008.7969270640504,12,12,0.9348348939795024,0.08422704349123082,5.71224786688577,-0.05791372289122921,0.966457385386298,86.57539547065731,-3.4641578723255674e-05,-2.5370489277979234e-06,1.0,1.0,0.0,274.71243158227236,0.0,1.0,60.917108053116074,0.0,0.0,1.0
frame_0336.jpg,frame_0336,336,D:\visualization2026\visualization\left_downsample2_Q37\frame_0336.jpg,D:\visualization2026\visualization\right_downsample2_Q37\frame_0336.jpg,D:\visualization2026\dowsample2_Q37\stitched_frames\frame_0336.jpg,D:\visualization2026\dowsample2_Q37_hess_matched\stitched_frames\frame_0336.jpg,1881,1259,-0.08600194109751624,0.004097803221637136,160.73554348248325,-6.627374861693028,150.8654941648923,4.178827492379014,9.87004931759094,-10.806202354072042,14.635295789591323,13.501492364187847,-10.549316624623799,17.13412902095659,0,1,6.750746182093923,-5.2746583123118995,-6.750746182093923,5.2746583123118995,0,0,14.635295789591323,1122.922004581559,1010.606757179879,972.0565104166666,1006.4279296875,12,12,0.9375766952295987,0.08548926559560763,6.44496719235288,-0.0578420824539133,0.9701941894900092,87.70907058487772,-3.353728078878191e-05,-9.1472628400105e-07,1.0,1.0,0.0,274.2492538179061,0.0,1.0,61.2746583123119,0.0,0.0,1.0
frame_0338.jpg,frame_0338,338,D:\visualization2026\visualization\left_downsample2_Q37\frame_0338.jpg,D:\visualization2026\visualization\right_downsample2_Q37\frame_0338.jpg,D:\visualization2026\dowsample2_Q37\stitched_frames\frame_0338.jpg,D:\visualization2026\dowsample2_Q37_hess_matched\stitched_frames\frame_0338.jpg,1895,1265,-0.08568714347689532,0.004192976327450262,160.40891044094997,-6.496563580911044,135.02116174815956,4.395835423097992,25.38774869279041,-10.892399004009036,27.62575138798614,18.889828749112745,-9.110285159214385,20.971955699290618,0,1,9.444914374556372,-4.5551425796071925,-9.444914374556372,4.5551425796071925,0,0,27.62575138798614,1126.4105330148632,1008.4771212165582,991.3893712667036,1004.0812857934602,12,12,0.9472860976322939,0.08409437730165115,9.837780349557459,-0.05613905291138946,0.9724093821595702,85.15538608427927,-2.801416837004489e-05,-5.360481843216373e-06,1.0,1.0,0.0,285.5550856254436,0.0,1.0,58.55514257960719,0.0,0.0,1.0
frame_0340.jpg,frame_0340,340,D:\visualization2026\visualization\left_downsample2_Q37\frame_0340.jpg,D:\visualization2026\visualization\right_downsample2_Q37\frame_0340.jpg,D:\visualization2026\dowsample2_Q37\stitched_frames\frame_0340.jpg,D:\visualization2026\dowsample2_Q37_hess_matched\stitched_frames\frame_0340.jpg,1881,1257,-0.08532305138212265,0.004281023975762521,159.9788001537527,-6.366573374076459,138.9943986374268,1.1104132338512045,20.984401516325903,-7.476986607927664,22.276679189984993,20.118098343707207,-8.213983038206681,21.730333598889406,0,1,10.059049171853603,-4.106991519103341,-10.059049171853603,4.106991519103341,0,0,22.276679189984993,1123.6859051915658,1008.6376772549202,984.691506554139,1007.527264021069,12,12,0.940659904671231,0.08354616242150802,9.818413292046914,-0.05651213405303637,0.9704091684007483,86.18839982881654,-3.347459545545854e-05,-1.4620367647465015e-06,1.0,1.0,0.0,270.9409508281464,0.0,1.0,59.10699151910334,0.0,0.0,1.0
frame_0342.jpg,frame_0342,342,D:\visualization2026\visualization\left_downsample2_Q37\frame_0342.jpg,D:\visualization2026\visualization\right_downsample2_Q37\frame_0342.jpg,D:\visualization2026\dowsample2_Q37\stitched_frames\frame_0342.jpg,D:\visualization2026\dowsample2_Q37_hess_matched\stitched_frames\frame_0342.jpg,1901,1265,-0.08502073130726656,0.004500138843162485,159.96850010927523,-6.117429033829953,120.46315668998454,-0.8656251353356765,39.50534341929068,-5.251803898494276,39.85289955403914,20.522248524215808,-8.211634999074224,22.104154221496437,0,1,10.261124262107904,-4.105817499537112,-10.261124262107904,4.105817499537112,0,0,39.85289955403914,1127.3574366949802,1004.2684450532493,1006.8942800049956,1005.1340701885849,12,12,0.9517791813284121,0.08459185061802985,9.848832601302894,-0.05578489307039696,0.9739887269045708,85.60556696024996,-2.8207820436502257e-05,-4.300520283015366e-06,1.0,1.0,0.0,290.7388757378921,0.0,1.0,59.10581749953711,0.0,0.0,1.0
frame_0344.jpg,frame_0344,344,D:\visualization2026\visualization\left_downsample2_Q37\frame_0344.jpg,D:\visualization2026\visualization\right_downsample2_Q37\frame_0344.jpg,D:\visualization2026\dowsample2_Q37\stitched_frames\frame_0344.jpg,D:\visualization2026\dowsample2_Q37_hess_matched\stitched_frames\frame_0344.jpg,1901,1264,-0.08475313325681488,0.004661816651951811,159.88272218381042,-5.928110400508082,155.03977341127234,0.7144129260223053,4.8429487725380795,-6.642523326530387,8.220539456564175,18.048165195121378,-7.9965205931620265,19.740329493381186,0,1,9.024082597560689,-3.9982602965810132,-9.024082597560689,3.9982602965810132,0,0,8.220539456564175,1150.4144974730825,1006.6507018639668,995.3747240618102,1005.9362889379445,12,12,0.9450090993594626,0.10823548517911748,8.9245293739755,-0.05596100497809516,0.9701286729445913,86.15333084872601,-3.1989768437758895e-05,-6.333740603139101e-06,1.0,1.0,0.0,291.97591740243934,0.0,1.0,58.998260296581016,0.0,0.0,1.0
frame_0346.jpg,frame_0346,346,D:\visualization2026\visualization\left_downsample2_Q37\frame_0346.jpg,D:\visualization2026\visualization\right_downsample2_Q37\frame_0346.jpg,D:\visualization2026\dowsample2_Q37\stitched_frames\frame_0346.jpg,D:\visualization2026\dowsample2_Q37_hess_matched\stitched_frames\frame_0346.jpg,1878,1261,-0.08459695887571361,0.004669296769033396,159.62628220355245,-5.901644255542171,147.73548198341848,4.892817902867591,11.890800220133968,-10.794462158409761,16.05962462713492,14.081809671604162,-9.395626411453465,16.928530925360487,0,1,7.040904835802081,-4.6978132057267326,-7.040904835802081,4.6978132057267326,0,0,16.05962462713492,1125.7196456046277,1006.9033327454654,977.9841636212092,1002.0105148425978,12,12,0.9411558312059872,0.07822557140306907,6.9897669067906065,-0.05648042628294203,0.9673357563226,86.05749641398133,-3.495518602265484e-05,-6.064485833127436e-06,1.0,1.0,0.0,270.95909516419795,0.0,1.0,58.69781320572673,0.0,0.0,1.0
frame_0348.jpg,frame_0348,348,D:\visualization2026\visualization\left_downsample2_Q37\frame_0348.jpg,D:\visualization2026\visualization\right_downsample2_Q37\frame_0348.jpg,D:\visualization2026\dowsample2_Q37\stitched_frames\frame_0348.jpg,D:\visualization2026\dowsample2_Q37_hess_matched\stitched_frames\frame_0348.jpg,1878,1260,-0.08442764676180681,0.004620856408129079,159.21393541574955,-5.927643467967609,146.19660336843128,3.8891835064804354,13.017332047318263,-9.816826974448045,16.304018690997317,10.13533197820454,-10.605141705788801,14.669491637690673,0,1,5.06766598910227,-5.302570852894401,-5.06766598910227,5.302570852894401,0,0,16.304018690997317,1135.3533490299353,1005.9692357550342,989.156745661504,1002.0800522485538,12,12,0.9417976781832557,0.0781001992537494,4.557633180441517,-0.05627717600698825,0.9674682041320458,84.53013839191202,-3.468102763944812e-05,-6.001566222935455e-06,1.0,1.0,0.0,272.9323340108977,0.0,1.0,58.3025708528944,0.0,0.0,1.0
frame_0350.jpg,frame_0350,350,D:\visualization2026\visualization\left_downsample2_Q37\frame_0350.jpg,D:\visualization2026\visualization\right_downsample2_Q37\frame_0350.jpg,D:\visualization2026\dowsample2_Q37\stitched_frames\frame_0350.jpg,D:\visualization2026\dowsample2_Q37_hess_matched\stitched_frames\frame_0350.jpg,1878,1260,-0.08428511397228888,0.004656829581813904,159.0491327586804,-5.875300289764917,157.89650885994058,8.597215409619935,1.1526238987398187,-14.472515699384852,14.51834193428737,13.883735352104349,-11.877348929560346,18.27100229658462,0,1,6.9418676760521745,-5.938674464780173,-6.9418676760521745,5.938674464780173,0,0,14.51834193428737,1140.328966128825,1005.9738005961665,982.4324572688844,997.3765851865465,12,12,0.9417326789427487,0.07808895110821004,6.431834867391421,-0.056255115280042886,0.9674720217499972,83.89403478002625,-3.468102763944812e-05,-6.001566222935455e-06,1.0,1.0,0.0,271.0581323239478,0.0,1.0,58.93867446478017,0.0,0.0,1.0
frame_0352.jpg,frame_0352,352,D:\visualization2026\visualization\left_downsample2_Q37\frame_0352.jpg,D:\visualization2026\visualization\right_downsample2_Q37\frame_0352.jpg,D:\visualization2026\dowsample2_Q37\stitched_frames\frame_0352.jpg,D:\visualization2026\dowsample2_Q37_hess_matched\stitched_frames\frame_0352.jpg,1911,1268,-0.08426759351090768,0.004888654387749811,159.56907302555848,-5.648934699897815,139.79611807326592,5.650445670273143,19.772954952292565,-11.299380370170958,22.773795122798393,13.32160690922836,-11.74188687108887,17.757734031611406,0,1,6.66080345461418,-5.870943435544435,-6.66080345461418,5.870943435544435,0,0,22.773795122798393,1159.7993739175063,1004.2770654527826,1020.0032558442404,998.6266197825095,12,12,0.9624416765453372,0.0820579658582298,7.033097515704495,-0.05267448005150772,0.9782603309001622,78.8431452083887,-2.5292218716199063e-05,-6.112313632799446e-06,1.0,1.0,0.0,304.33919654538585,0.0,1.0,59.87094343554443,0.0,0.0,1.0
frame_0354.jpg,frame_0354,354,D:\visualization2026\visualization\left_downsample2_Q37\frame_0354.jpg,D:\visualization2026\visualization\right_downsample2_Q37\frame_0354.jpg,D:\visualization2026\dowsample2_Q37\stitched_frames\frame_0354.jpg,D:\visualization2026\dowsample2_Q37_hess_matched\stitched_frames\frame_0354.jpg,1911,1268,-0.08439205220010648,0.005197979690804461,160.5224018810268,-5.365098684332486,136.93743623898968,7.638460761055626,23.584965642037133,-13.003559445388113,26.93219565103845,16.520342408796534,-11.474221683401035,20.11416109470419,0,1,8.260171204398267,-5.737110841700518,-8.260171204398267,5.737110841700518,0,0,26.93219565103845,1163.3460747740216,1005.803866812011,1026.408638535032,998.1654060509554,12,12,0.9615796059299713,0.08315483365345662,8.724218033986523,-0.05351758082686649,0.9788880928287564,80.44041605583836,-2.6047601951840593e-05,-4.801314591831473e-06,1.0,1.0,0.0,302.73982879560174,0.0,1.0,60.73711084170052,0.0,0.0,1.0
frame_0356.jpg,frame_0356,356,D:\visualization2026\visualization\left_downsample2_Q37\frame_0356.jpg,D:\visualization2026\visualization\right_downsample2_Q37\frame_0356.jpg,D:\visualization2026\dowsample2_Q37\stitched_frames\frame_0356.jpg,D:\visualization2026\dowsample2_Q37_hess_matched\stitched_frames\frame_0356.jpg,1901,1267,-0.08460489785303194,0.00537153425561511,161.30839455229864,-5.223456821503184,152.22823654654462,4.89369504454919,9.080158005754015,-10.117151866052374,13.594338207144391,21.150970445741557,-10.609921514873841,23.662924277198194,0,1,10.575485222870778,-5.304960757436921,-10.575485222870778,5.304960757436921,0,0,13.594338207144391,1174.0372860977557,1002.2648987824072,1021.809049551211,997.371203737858,12,12,0.9625940671234348,0.08405736923444437,10.673735257383154,-0.051463528969394656,0.9779125025447432,77.65824021628814,-2.6010336684144374e-05,-7.073011099970882e-06,1.0,1.0,0.0,290.4245147771292,0.0,1.0,58.30496075743692,0.0,0.0,1.0
frame_0358.jpg,frame_0358,358,D:\visualization2026\visualization\left_downsample2_Q37\frame_0358.jpg,D:\visualization2026\visualization\right_downsample2_Q37\frame_0358.jpg,D:\visualization2026\dowsample2_Q37\stitched_frames\frame_0358.jpg,D:\visualization2026\dowsample2_Q37_hess_matched\stitched_frames\frame_0358.jpg,1901,1267,-0.08509396025853228,0.00527936833156023,161.94814318406952,-5.3728192224511915,132.93713363891038,3.1056818135576805,29.01100954515914,-8.478501036008872,30.224553837019965,20.00436421004565,-12.204780924576673,23.433549984265422,0,1,10.002182105022825,-6.102390462288336,-10.002182105022825,6.102390462288336,0,0,30.224553837019965,1159.8323118359754,999.4752441825303,1026.895178197065,996.3695623689727,12,12,0.9626089789305521,0.08406142421376056,10.1004321395352,-0.05144278755428953,0.977918142773897,76.86081051143671,-2.6010336684144374e-05,-7.073011099970882e-06,1.0,1.0,0.0,290.9978178949772,0.0,1.0,59.102390462288334,0.0,0.0,1.0
frame_0360.jpg,frame_0360,360,D:\visualization2026\visualization\left_downsample2_Q37\frame_0360.jpg,D:\visualization2026\visualization\right_downsample2_Q37\frame_0360.jpg,D:\visualization2026\dowsample2_Q37\stitched_frames\frame_0360.jpg,D:\visualization2026\dowsample2_Q37_hess_matched\stitched_frames\frame_0360.jpg,1901,1267,-0.08580825511316093,0.005051547903181658,162.66110339005147,-5.6811149332440385,138.35533930658653,4.4698999235048404,24.305764083464936,-10.15101485674888,26.340335425028105,17.28449666275883,-13.886742844594071,22.17195191490379,0,1,8.642248331379415,-6.9433714222970355,-8.642248331379415,6.9433714222970355,0,0,26.340335425028105,1170.5638582751296,999.3268595562845,1032.208518968543,994.8569596327796,12,12,0.9626443512658727,0.08407104304043676,8.74049836589179,-0.05142091335637475,0.9779240910415621,76.01982955142802,-2.6010336684144374e-05,-7.073011099970882e-06,1.0,1.0,0.0,292.3577516686206,0.0,1.0,59.943371422297034,0.0,0.0,1.0
frame_0362.jpg,frame_0362,362,D:\visualization2026\visualization\left_downsample2_Q37\frame_0362.jpg,D:\visualization2026\visualization\right_downsample2_Q37\frame_0362.jpg,D:\visualization2026\dowsample2_Q37\stitched_frames\frame_0362.jpg,D:\visualization2026\dowsample2_Q37_hess_matched\stitched_frames\frame_0362.jpg,1885,1259,-0.08628290237595149,0.004867452594349911,163.05716278314605,-5.9176112005537815,149.01723900933303,13.356066218131332,14.03992377381303,-19.273677418685114,23.84521127635511,17.420024235751917,-16.33460644673601,23.88046507386181,0,1,8.710012117875959,-8.167303223368005,-8.710012117875959,8.167303223368005,0,0,23.84521127635511,1155.9066494486872,1000.676256479741,1006.8894104393542,987.3201902616097,12,12,0.94649112384861,0.07862549472218415,8.862432742929496,-0.05453021405913218,0.9700822943285237,79.38888835570512,-3.522714327771935e-05,-4.737879499886626e-06,1.0,1.0,0.0,276.289987882124,0.0,1.0,61.16730322336801,0.0,0.0,1.0
frame_0364.jpg,frame_0364,364,D:\visualization2026\visualization\left_downsample2_Q37\frame_0364.jpg,D:\visualization2026\visualization\right_downsample2_Q37\frame_0364.jpg,D:\visualization2026\dowsample2_Q37\stitched_frames\frame_0364.jpg,D:\visualization2026\dowsample2_Q37_hess_matched\stitched_frames\frame_0364.jpg,1885,1261,-0.08612761505639743,0.004916186830358493,162.9002799265858,-5.851355600296238,152.91465202098277,15.562013445178877,9.985627905603025,-21.413369045475115,23.627211823380044,18.05656256052779,-20.017545923215092,26.95814526799422,0,1,9.028281280263895,-10.008772961607546,-9.028281280263895,10.008772961607546,0,0,23.627211823380044,1165.2806435821642,1000.5566126012969,1012.3659915611814,984.994599156118,12,12,0.9451693303103822,0.0743641244022605,8.6368992268397,-0.054781059693310596,0.9657085542703283,78.52185827515052,-3.535178487823834e-05,-8.761943408489846e-06,1.0,1.0,0.0,275.9717187197361,0.0,1.0,62.00877296160755,0.0,0.0,1.0
frame_0366.jpg,frame_0366,366,D:\visualization2026\visualization\left_downsample2_Q37\frame_0366.jpg,D:\visualization2026\visualization\right_downsample2_Q37\frame_0366.jpg,D:\visualization2026\dowsample2_Q37\stitched_frames\frame_0366.jpg,D:\visualization2026\dowsample2_Q37_hess_matched\stitched_frames\frame_0366.jpg,1885,1261,-0.08552458166333499,0.005142791731634649,162.37978374672724,-5.557936556815222,152.62198787600778,16.79853331994684,9.757795870719463,-22.356469876762063,24.393161451628185,20.772229991592432,-23.151650278748193,31.104412057665925,0,1,10.386114995796216,-11.575825139374096,-10.386114995796216,11.575825139374096,0,0,24.393161451628185,1171.1015593757586,1001.1443230558712,1018.4795714997508,984.3457897359243,12,12,0.9451213284649703,0.07435222714008688,9.994732942372021,-0.05472566160182922,0.9657222846928281,76.95480609738397,-3.535178487823834e-05,-8.761943408489846e-06,1.0,1.0,0.0,274.6138850042038,0.0,1.0,63.575825139374096,0.0,0.0,1.0
frame_0368.jpg,frame_0368,368,D:\visualization2026\visualization\left_downsample2_Q37\frame_0368.jpg,D:\visualization2026\visualization\right_downsample2_Q37\frame_0368.jpg,D:\visualization2026\dowsample2_Q37\stitched_frames\frame_0368.jpg,D:\visualization2026\dowsample2_Q37_hess_matched\stitched_frames\frame_0368.jpg,1920,1266,-0.08514038346917485,0.00534192647389202,162.17826007750648,-5.318033160712519,129.984558908468,21.575165257691765,32.19370116903849,-26.893198418404282,41.94852221631905,24.067887373697815,-26.691735968766164,35.94039470650438,0,1,12.033943686848907,-13.345867984383082,-12.033943686848907,13.345867984383082,0,0,41.94852221631905,1189.658448217278,999.8995962646624,1059.67388930881,978.3244310069706,12,12,0.9620972925557327,0.07579227426614381,11.759622234167772,-0.05056367801766991,0.9744227387553163,67.68970376810799,-2.788152017244903e-05,-1.0498331635364393e-05,1.0,1.0,0.0,307.9660563131511,0.0,1.0,59.345867984383084,0.0,0.0,1.0
frame_0370.jpg,frame_0370,370,D:\visualization2026\visualization\left_downsample2_Q37\frame_0370.jpg,D:\visualization2026\visualization\right_downsample2_Q37\frame_0370.jpg,D:\visualization2026\dowsample2_Q37\stitched_frames\frame_0370.jpg,D:\visualization2026\dowsample2_Q37_hess_matched\stitched_frames\frame_0370.jpg,1921,1265,-0.08543876118925209,0.005363071368499089,162.7523779984499,-5.334326140050016,124.86827675966174,20.487210494364376,37.88410123878816,-25.821536634414393,45.84710329817093,28.567928465273578,-29.42042506873074,41.00838875183697,0,1,14.283964232636789,-14.71021253436537,-14.283964232636789,14.71021253436537,0,0,45.84710329817093,1195.938626386274,999.1943557761023,1071.0703496266124,978.7071452817379,12,12,0.9633925761114953,0.08008371050640711,13.991512789160891,-0.05091163711036235,0.9779209271948635,67.29133570616293,-2.7645635518527394e-05,-6.200090031675051e-06,1.0,1.0,0.0,306.7160357673632,0.0,1.0,61.71021253436537,0.0,0.0,1.0
frame_0372.jpg,frame_0372,372,D:\visualization2026\visualization\left_downsample2_Q37\frame_0372.jpg,D:\visualization2026\visualization\right_downsample2_Q37\frame_0372.jpg,D:\visualization2026\dowsample2_Q37\stitched_frames\frame_0372.jpg,D:\visualization2026\dowsample2_Q37_hess_matched\stitched_frames\frame_0372.jpg,1922,1267,-0.08603226103388661,0.005282123304887268,163.60214477498312,-5.485699995952854,133.0839340906432,31.488405872822113,30.51821068433992,-36.97410586877497,47.94210767341314,33.16624189386111,-31.877189042973587,46.00168238927337,0,1,16.583120946930556,-15.938594521486793,-16.583120946930556,15.938594521486793,0,0,47.94210767341314,1203.6485703004569,999.9422129794211,1070.5646362098137,968.453807106599,12,12,0.9642968478448701,0.07859251404439029,17.032091159103764,-0.050387417987981936,0.9769644729415513,65.7818184880443,-2.7133707622449415e-05,-8.326482936662653e-06,1.0,1.0,0.0,305.41687905306947,0.0,1.0,62.93859452148679,0.0,0.0,1.0
frame_0374.jpg,frame_0374,374,D:\visualization2026\visualization\left_downsample2_Q37\frame_0374.jpg,D:\visualization2026\visualization\right_downsample2_Q37\frame_0374.jpg,D:\visualization2026\dowsample2_Q37\stitched_frames\frame_0374.jpg,D:\visualization2026\dowsample2_Q37_hess_matched\stitched_frames\frame_0374.jpg,1905,1265,-0.08656137875900671,0.005230202642758475,164.40782513152845,-5.601071951257432,131.9219917680466,29.455742594040544,32.485833363481845,-35.056814545297975,47.79445172175664,35.56114004666421,-32.04738557200272,47.8709682732559,0,1,17.780570023332103,-16.02369278600136,-17.780570023332103,16.02369278600136,0,0,47.79445172175664,1185.2695466582663,994.418067943342,1053.3475548902197,964.9623253493014,12,12,0.958140015244836,0.07156375268780504,18.012404771718963,-0.04955705408382049,0.9707688926824115,63.737026226757635,-3.024106041625701e-05,-1.3735122887197247e-05,1.0,1.0,0.0,287.2194299766679,0.0,1.0,60.02369278600136,0.0,0.0,1.0
frame_0376.jpg,frame_0376,376,D:\visualization2026\visualization\left_downsample2_Q37\frame_0376.jpg,D:\visualization2026\visualization\right_downsample2_Q37\frame_0376.jpg,D:\visualization2026\dowsample2_Q37\stitched_frames\frame_0376.jpg,D:\visualization2026\dowsample2_Q37_hess_matched\stitched_frames\frame_0376.jpg,1905,1265,-0.0868335731235752,0.005335977967660124,165.1370111904842,-5.532290783921065,132.38764817682704,29.10799896405524,32.74936301365716,-34.640289747976304,47.67043582372672,36.32861449641612,-33.5777625198082,49.469529683087266,0,1,18.16430724820806,-16.7888812599041,-18.16430724820806,16.7888812599041,0,0,47.67043582372672,1195.8076347291887,993.9232620334786,1063.4199865523617,964.8152630694234,12,12,0.9581284106242346,0.07155848200986499,18.39614199659492,-0.04953391397295138,0.9707794026401325,62.971837752854896,-3.024106041625701e-05,-1.3735122887197247e-05,1.0,1.0,0.0,286.83569275179195,0.0,1.0,60.7888812599041,0.0,0.0,1.0
frame_0378.jpg,frame_0378,378,D:\visualization2026\visualization\left_downsample2_Q37\frame_0378.jpg,D:\visualization2026\visualization\right_downsample2_Q37\frame_0378.jpg,D:\visualization2026\dowsample2_Q37\stitched_frames\frame_0378.jpg,D:\visualization2026\dowsample2_Q37_hess_matched\stitched_frames\frame_0378.jpg,1896,1264,-0.08698966635923627,0.005563784668103991,165.9522352251835,-5.3311906046066095,121.78404329212958,22.41299045894334,44.16819193305392,-27.744181063549952,52.159071708784595,36.059285704237745,-32.9401513660704,48.83979583822474,0,1,18.029642852118872,-16.4700756830352,-18.029642852118872,16.4700756830352,0,0,52.159071708784595,1181.5972638916685,987.651781132784,1059.813220599539,965.2387906738406,12,12,0.951880321781448,0.0732614189482677,18.395688965023357,-0.053046469252114765,0.9693980343174347,68.82266295925633,-3.433679891123017e-05,-1.044535071113845e-05,1.0,1.0,0.0,277.97035714788115,0.0,1.0,62.470075683035205,0.0,0.0,1.0
frame_0380.jpg,frame_0380,380,D:\visualization2026\visualization\left_downsample2_Q37\frame_0380.jpg,D:\visualization2026\visualization\right_downsample2_Q37\frame_0380.jpg,D:\visualization2026\dowsample2_Q37\stitched_frames\frame_0380.jpg,D:\visualization2026\dowsample2_Q37_hess_matched\stitched_frames\frame_0380.jpg,1896,1262,-0.08700598002937954,0.005755069064625473,166.43527684312573,-5.148199883893039,124.71380335557797,28.325221489548767,41.72147348754777,-33.47342137344181,53.489730681843426,36.03663391579263,-33.24434220005252,49.028820833210425,0,1,18.018316957896314,-16.62217110002626,-18.018316957896314,16.62217110002626,0,0,53.489730681843426,1183.295804830867,984.007132808293,1058.582001475289,955.6819113187443,12,12,0.9513743223918988,0.07336678090959577,18.18004667797258,-0.052601701274032735,0.9677490726028246,68.51588218022351,-3.4960668358483125e-05,-1.0579940490604877e-05,1.0,1.0,0.0,277.98168304210367,0.0,1.0,62.622171100026264,0.0,0.0,1.0
frame_0382.jpg,frame_0382,382,D:\visualization2026\visualization\left_downsample2_Q37\frame_0382.jpg,D:\visualization2026\visualization\right_downsample2_Q37\frame_0382.jpg,D:\visualization2026\dowsample2_Q37\stitched_frames\frame_0382.jpg,D:\visualization2026\dowsample2_Q37_hess_matched\stitched_frames\frame_0382.jpg,1914,1271,-0.0867551348376277,0.0058325070311205235,166.1788006740051,-5.042416341988085,137.00723395055707,28.74363375809787,29.171566723448024,-33.78605010008596,44.637176058372,34.79734800044848,-34.12240930152937,48.735964588847665,0,1,17.39867400022424,-17.061204650764687,-17.39867400022424,17.061204650764687,0,0,44.637176058372,1204.9885666345924,992.0561083948968,1067.9813326840354,963.3124746367989,12,12,0.9623790419678758,0.09120214692723695,17.517951621780263,-0.05218896509996693,0.9836939316450264,67.35444925878704,-3.429375728122698e-05,-4.140377132777758e-06,1.0,1.0,0.0,296.6013259997758,0.0,1.0,79.0612046507647,0.0,0.0,1.0
frame_0384.jpg,frame_0384,384,D:\visualization2026\visualization\left_downsample2_Q37\frame_0384.jpg,D:\visualization2026\visualization\right_downsample2_Q37\frame_0384.jpg,D:\visualization2026\dowsample2_Q37\stitched_frames\frame_0384.jpg,D:\visualization2026\dowsample2_Q37_hess_matched\stitched_frames\frame_0384.jpg,1902,1267,-0.08610366199497027,0.0059375209722938305,165.2844143783836,-4.860628334489015,132.9118399571273,31.71714038071957,32.372574421256274,-36.577768715208585,48.84584668979613,27.62305393722823,-36.08435288838726,45.443521344551215,0,1,13.811526968614116,-18.04217644419363,-13.811526968614116,18.04217644419363,0,0,48.84584668979613,1194.3059340767766,992.2068859342894,1061.3940941196493,960.4897455535698,12,12,0.9516474886895903,0.0756905729109228,13.627998307370232,-0.05410383265300718,0.9730696706213284,69.37582761382602,-3.927546009897331e-05,-8.202971051868732e-06,1.0,1.0,0.0,288.1884730313859,0.0,1.0,79.04217644419363,0.0,0.0,1.0
frame_0386.jpg,frame_0386,386,D:\visualization2026\visualization\left_downsample2_Q37\frame_0386.jpg,D:\visualization2026\visualization\right_downsample2_Q37\frame_0386.jpg,D:\visualization2026\dowsample2_Q37\stitched_frames\frame_0386.jpg,D:\visualization2026\dowsample2_Q37_hess_matched\stitched_frames\frame_0386.jpg,1903,1270,-0.08549595263650345,0.006005412765688639,164.37868339044797,-4.720131974380249,137.8257499535116,34.31049328098027,26.55293343693637,-39.03062525536052,47.206440047209234,28.1896668201575,-32.85142936890673,43.288263155406874,0,1,14.09483341007875,-16.425714684453364,-14.09483341007875,16.425714684453364,0,0,47.206440047209234,1210.9752020201263,994.1982316535749,1073.1494520666147,959.8877383725946,12,12,0.9522534547385654,0.08020238533761787,14.060627547081069,-0.05429078766107214,0.974655022796891,71.15997783167447,-3.918105291960041e-05,-8.580539584238743e-06,1.0,1.0,0.0,288.90516658992124,0.0,1.0,77.42571468445337,0.0,0.0,1.0
frame_0388.jpg,frame_0388,388,D:\visualization2026\visualization\left_downsample2_Q37\frame_0388.jpg,D:\visualization2026\visualization\right_downsample2_Q37\frame_0388.jpg,D:\visualization2026\dowsample2_Q37\stitched_frames\frame_0388.jpg,D:\visualization2026\dowsample2_Q37_hess_matched\stitched_frames\frame_0388.jpg,1889,1262,-0.0852957420298332,0.0060503841024789895,164.13398596109573,-4.651983649959018,155.83726434414302,32.90191534788039,8.29672161695271,-37.55389899783941,38.45947112908775,31.559861040714843,-29.57785432621567,43.25360442150534,0,1,15.779930520357421,-14.788927163107836,-15.779930520357421,14.788927163107836,0,0,38.45947112908775,1210.717710899171,991.3784628776646,1054.880446555028,958.4765475297842,12,12,0.9506485659298466,0.07899853393611066,16.223778820250967,-0.05502882272531854,0.9735587882617063,73.98540908881077,-4.182548469144845e-05,-3.612087234792235e-06,1.0,1.0,0.0,273.2200694796426,0.0,1.0,75.78892716310784,0.0,0.0,1.0
frame_0390.jpg,frame_0390,390,D:\visualization2026\visualization\left_downsample2_Q37\frame_0390.jpg,D:\visualization2026\visualization\right_downsample2_Q37\frame_0390.jpg,D:\visualization2026\dowsample2_Q37\stitched_frames\frame_0390.jpg,D:\visualization2026\dowsample2_Q37_hess_matched\stitched_frames\frame_0390.jpg,1888,1260,-0.08534002646229433,0.006332537140675082,164.8819978028161,-4.384554235158217,120.32745990062199,12.924249540880965,44.55453790219411,-17.30880377603918,47.798551608134325,29.259656567103516,-28.05932114218706,40.53952399060982,0,1,14.629828283551758,-14.02966057109353,-14.629828283551758,14.02966057109353,0,0,47.798551608134325,1179.432243693608,969.7271947230396,1059.104783792986,956.8029451821586,12,12,0.9562427983712044,0.03800919481630788,15.00621971982717,-0.055014231385981105,0.9499087313994214,75.2541464908422,-3.8939354091870436e-05,-8.085716724613467e-06,1.0,1.0,0.0,273.3701717164482,0.0,1.0,74.02966057109353,0.0,0.0,1.0
frame_0392.jpg,frame_0392,392,D:\visualization2026\visualization\left_downsample2_Q37\frame_0392.jpg,D:\visualization2026\visualization\right_downsample2_Q37\frame_0392.jpg,D:\visualization2026\dowsample2_Q37\stitched_frames\frame_0392.jpg,D:\visualization2026\dowsample2_Q37_hess_matched\stitched_frames\frame_0392.jpg,1888,1260,-0.08534830233594842,0.006580206496789295,165.4848698721909,-4.1460413167435926,119.46233204595615,13.272133569887046,46.02253782623475,-17.418174886630638,49.20840176584136,32.43012273646695,-24.033647734362027,40.364948707036845,0,1,16.215061368233474,-12.016823867181014,-16.215061368233474,12.016823867181014,0,0,49.20840176584136,1184.4709127306598,969.4539039927922,1065.0085806847037,956.1817704229052,12,12,0.9561810704188018,0.037996377070642656,16.591452804508886,-0.055092609947123866,0.9498924561720207,77.26698319475472,-3.8939354091870436e-05,-8.085716724613467e-06,1.0,1.0,0.0,271.7849386317665,0.0,1.0,72.01682386718102,0.0,0.0,1.0
frame_0394.jpg,frame_0394,394,D:\visualization2026\visualization\left_downsample2_Q37\frame_0394.jpg,D:\visualization2026\visualization\right_downsample2_Q37\frame_0394.jpg,D:\visualization2026\dowsample2_Q37\stitched_frames\frame_0394.jpg,D:\visualization2026\dowsample2_Q37_hess_matched\stitched_frames\frame_0394.jpg,1909,1277,-0.08516508680222923,0.006543985574628958,165.07713904514893,-4.158510457530089,144.2055869919493,24.82659233753543,20.871552053199622,-28.98510279506552,35.71775285694687,36.16991049407282,-22.15000474208286,42.41326602872658,0,1,18.08495524703641,-11.07500237104143,-18.08495524703641,11.07500237104143,0,0,35.71775285694687,1235.2453469319341,998.4111551449039,1091.0397599399848,973.5845628073685,12,12,0.9516408526054287,0.08257161436904317,18.25091062970551,-0.05797597316804793,0.9776232149896921,82.19375628335017,-4.276296025501797e-05,-4.470753013242866e-06,1.0,1.0,0.0,290.9150447529636,0.0,1.0,88.07500237104144,0.0,0.0,1.0
frame_0396.jpg,frame_0396,396,D:\visualization2026\visualization\left_downsample2_Q37\frame_0396.jpg,D:\visualization2026\visualization\right_downsample2_Q37\frame_0396.jpg,D:\visualization2026\dowsample2_Q37\stitched_frames\frame_0396.jpg,D:\visualization2026\dowsample2_Q37_hess_matched\stitched_frames\frame_0396.jpg,1915,1276,-0.0851912138339675,0.006474741795092859,164.95852317956843,-4.228696554956837,122.5532588958149,14.67356166127854,42.405264283753525,-18.902258216235378,46.42738205680157,36.19655959041878,-22.54178531563422,42.6417988762069,0,1,18.09827979520939,-11.27089265781711,-18.09827979520939,11.27089265781711,0,0,46.42738205680157,1225.1385334002453,986.5485045680109,1102.5852745044303,971.8749429067324,12,12,0.9633723270340124,0.08818829342415829,17.77870255292707,-0.05585386954584515,0.9860644299101667,78.87689902117349,-3.7655793357043375e-05,6.030115470488812e-07,1.0,1.0,0.0,296.9017202047906,0.0,1.0,87.27089265781711,0.0,0.0,1.0
frame_0398.jpg,frame_0398,398,D:\visualization2026\visualization\left_downsample2_Q37\frame_0398.jpg,D:\visualization2026\visualization\right_downsample2_Q37\frame_0398.jpg,D:\visualization2026\dowsample2_Q37\stitched_frames\frame_0398.jpg,D:\visualization2026\dowsample2_Q37_hess_matched\stitched_frames\frame_0398.jpg,1910,1277,-0.0852259281886234,0.006433410133266648,164.9212903865675,-4.272945072833921,137.92562998158542,23.862738963609672,26.99566040498209,-28.135684036443593,38.99208120759527,36.17195018379937,-21.970060591665074,42.321313099910995,0,1,18.085975091899684,-10.985030295832537,-18.085975091899684,10.985030295832537,0,0,38.99208120759527,1224.9294487188563,989.3633329894072,1087.0038187372709,965.5005940257976,12,12,0.9536770195936304,0.08276132122698047,18.110645938748803,-0.05751088065560924,0.9786261254265641,81.8093227155588,-4.182277408610445e-05,-4.578841374064449e-06,1.0,1.0,0.0,291.9140249081003,0.0,1.0,87.98503029583253,0.0,0.0,1.0
frame_0400.jpg,frame_0400,400,D:\visualization2026\visualization\left_downsample2_Q37\frame_0400.jpg,D:\visualization2026\visualization\right_downsample2_Q37\frame_0400.jpg,D:\visualization2026\dowsample2_Q37\stitched_frames\frame_0400.jpg,D:\visualization2026\dowsample2_Q37_hess_matched\stitched_frames\frame_0400.jpg,1935,1284,-0.08497826139346665,0.006406226194659387,164.42186427434257,-4.268737419753096,119.73408089041868,14.998969224042867,44.687783383923886,-19.26770664379596,48.664591882393125,40.00617647471766,-19.07115103678496,44.31932939467966,0,1,20.00308823735883,-9.53557551839248,-20.00308823735883,9.53557551839248,0,0,48.664591882393125,1242.1486185248273,987.3496789014622,1122.4145376344086,972.3507096774193,12,12,0.9709440196397429,0.09204264555288802,20.064405385566197,-0.058424950052736235,0.9885260027156977,84.44906058542013,-3.470734056601944e-05,-5.647106714723437e-07,1.0,1.0,0.0,314.99691176264116,0.0,1.0,93.53557551839248,0.0,0.0,1.0
frame_0402.jpg,frame_0402,402,D:\visualization2026\visualization\left_downsample2_Q37\frame_0402.jpg,D:\visualization2026\visualization\right_downsample2_Q37\frame_0402.jpg,D:\visualization2026\dowsample2_Q37\stitched_frames\frame_0402.jpg,D:\visualization2026\dowsample2_Q37_hess_matched\stitched_frames\frame_0402.jpg,1948,1277,-0.08455721065893429,0.00632983702623921,163.50112515769715,-4.290767300735572,117.60163436455946,10.268783966049341,45.89949079313769,-14.559551266784913,48.15333621006409,39.642040003307315,-18.29089958295993,43.65831356314329,0,1,19.821020001653658,-9.145449791479965,-19.821020001653658,9.145449791479965,0,0,48.15333621006409,1257.6405799427907,975.1005866871377,1140.0389455782313,964.8318027210884,12,12,0.994535817640461,0.1006226799000304,19.300881344782105,-0.0517388443180839,0.9995792328684598,73.52783570080526,-2.4795478409039193e-05,7.084530142299323e-06,1.0,1.0,0.0,328.17897999834634,0.0,1.0,86.14544979147996,0.0,0.0,1.0
frame_0404.jpg,frame_0404,404,D:\visualization2026\visualization\left_downsample2_Q37\frame_0404.jpg,D:\visualization2026\visualization\right_downsample2_Q37\frame_0404.jpg,D:\visualization2026\dowsample2_Q37\stitched_frames\frame_0404.jpg,D:\visualization2026\dowsample2_Q37_hess_matched\stitched_frames\frame_0404.jpg,1948,1277,-0.08418997354356428,0.0062871235830478656,162.75486841164852,-4.286854665942438,122.7121849038574,10.203700354722514,40.04268350779111,-14.490555020664953,42.58394870502317,40.61396788421541,-16.089557610653515,43.68487440071929,0,1,20.306983942107706,-8.044778805326757,-20.306983942107706,8.044778805326757,0,0,42.58394870502317,1263.0001965997637,975.2932256385202,1140.2880116959063,965.0895252837977,12,12,0.9945237679320679,0.10062612272621461,19.786845285236154,-0.051766135981756514,0.999587030605238,74.62850668695846,-2.4795478409039193e-05,7.084530142299323e-06,1.0,1.0,0.0,327.6930160578923,0.0,1.0,85.04477880532676,0.0,0.0,1.0
frame_0406.jpg,frame_0406,406,D:\visualization2026\visualization\left_downsample2_Q37\frame_0406.jpg,D:\visualization2026\visualization\right_downsample2_Q37\frame_0406.jpg,D:\visualization2026\dowsample2_Q37\stitched_frames\frame_0406.jpg,D:\visualization2026\dowsample2_Q37_hess_matched\stitched_frames\frame_0406.jpg,1948,1277,-0.08407464467856651,0.0063633056199813715,162.73334669024422,-4.198973684730148,122.14876476354243,10.80202726238008,40.58458192670179,-15.001000947110228,43.26821373225813,37.24507780657673,-16.37026425418316,40.68392031957763,0,1,18.622538903288365,-8.18513212709158,-18.622538903288365,8.18513212709158,0,0,43.26821373225813,1273.9522392477986,975.1265908638165,1151.8034744842562,964.3245636014365,12,12,0.9945655345526592,0.10061418922456405,18.102400246416813,-0.05176265585399706,0.9995860362678993,74.48815336519364,-2.4795478409039193e-05,7.084530142299323e-06,1.0,1.0,0.0,329.3774610967116,0.0,1.0,85.18513212709158,0.0,0.0,1.0
frame_0408.jpg,frame_0408,408,D:\visualization2026\visualization\left_downsample2_Q37\frame_0408.jpg,D:\visualization2026\visualization\right_downsample2_Q37\frame_0408.jpg,D:\visualization2026\dowsample2_Q37\stitched_frames\frame_0408.jpg,D:\visualization2026\dowsample2_Q37_hess_matched\stitched_frames\frame_0408.jpg,1948,1277,-0.08422632835989563,0.006413983699115042,163.120057415223,-4.1686394564478855,131.26475760570042,12.960334718463628,31.855299809522563,-17.128974174911512,36.16852059788116,40.95156884297788,-18.34490076380022,44.87277988641705,0,1,20.47578442148894,-9.17245038190011,-20.47578442148894,9.17245038190011,0,0,36.16852059788116,1279.8033307410476,974.9422428939201,1148.5385731353472,961.9819081754565,12,12,0.994519582443426,0.10062731859829882,19.955645764617387,-0.0517381748255271,0.9995790415819631,73.50083511038511,-2.4795478409039193e-05,7.084530142299323e-06,1.0,1.0,0.0,327.5242155785111,0.0,1.0,86.1724503819001,0.0,0.0,1.0
frame_0410.jpg,frame_0410,410,D:\visualization2026\visualization\left_downsample2_Q37\frame_0410.jpg,D:\visualization2026\visualization\right_downsample2_Q37\frame_0410.jpg,D:\visualization2026\dowsample2_Q37\stitched_frames\frame_0410.jpg,D:\visualization2026\dowsample2_Q37_hess_matched\stitched_frames\frame_0410.jpg,1954,1290,-0.08441261479912077,0.006447357436418166,163.52641658068055,-4.159302115305192,135.68308358495005,16.511937746138983,27.843332995730492,-20.671239861444175,34.67782215942191,39.47887018547324,-19.875289489871648,44.199641666281074,0,1,19.73943509273662,-9.937644744935824,-19.73943509273662,9.937644744935824,0,0,34.67782215942191,1288.6954292639625,986.283832683582,1153.0123456790125,969.771894937443,12,12,0.9871285481974262,0.10093010678137568,19.601211440332953,-0.05918168680960841,0.9985222709963792,84.84199138999176,-2.9008243553426597e-05,1.8227753005575477e-06,1.0,1.0,0.0,334.26056490726336,0.0,1.0,94.93764474493582,0.0,0.0,1.0
frame_0412.jpg,frame_0412,412,D:\visualization2026\visualization\left_downsample2_Q37\frame_0412.jpg,D:\visualization2026\visualization\right_downsample2_Q37\frame_0412.jpg,D:\visualization2026\dowsample2_Q37\stitched_frames\frame_0412.jpg,D:\visualization2026\dowsample2_Q37_hess_matched\stitched_frames\frame_0412.jpg,1954,1290,-0.08444479636331437,0.006546157344868034,163.8176208943398,-4.067711271879172,99.38567491919639,20.365022542991028,64.4319459751434,-24.4327338148702,68.90888290933252,37.97242652976013,-21.12130118418021,43.451289282032626,0,1,18.986213264880064,-10.560650592090106,-18.986213264880064,10.560650592090106,0,0,68.90888290933252,1258.2817571642645,989.0786466978487,1158.896082245068,968.7136241548577,12,12,0.9871503978396584,0.10092873382723203,18.847989612476397,-0.05916361450425895,0.998521135396709,84.21898554283749,-2.9008243553426597e-05,1.8227753005575477e-06,1.0,1.0,0.0,335.01378673511994,0.0,1.0,95.5606505920901,0.0,0.0,1.0
frame_0414.jpg,frame_0414,414,D:\visualization2026\visualization\left_downsample2_Q37\frame_0414.jpg,D:\visualization2026\visualization\right_downsample2_Q37\frame_0414.jpg,D:\visualization2026\dowsample2_Q37\stitched_frames\frame_0414.jpg,D:\visualization2026\dowsample2_Q37_hess_matched\stitched_frames\frame_0414.jpg,1912,1298,-0.08426696679074608,0.0067593055064978785,164.01172578590567,-3.8396677394455065,131.33253556563773,18.30283091157662,32.67919022026794,-22.142498651022127,39.474291886783384,38.375241881027826,-21.462776056772093,43.96942057260411,0,1,19.187620940513913,-10.731388028386046,-19.187620940513913,10.731388028386046,0,0,39.474291886783384,1248.3880213803502,1000.5824358994416,1117.0554858147125,982.279604987865,12,12,0.9544703419715063,0.09757024251240669,19.00470671758666,-0.06677498204148534,0.9850895536365074,96.91380246501933,-4.842486393961896e-05,4.175822228389801e-06,1.0,1.0,0.0,292.8123790594861,0.0,1.0,108.73138802838605,0.0,0.0,1.0
frame_0416.jpg,frame_0416,416,D:\visualization2026\visualization\left_downsample2_Q37\frame_0416.jpg,D:\visualization2026\visualization\right_downsample2_Q37\frame_0416.jpg,D:\visualization2026\dowsample2_Q37\stitched_frames\frame_0416.jpg,D:\visualization2026\dowsample2_Q37_hess_matched\stitched_frames\frame_0416.jpg,1927,1292,-0.08405111730379633,0.006984528222161432,164.16775901430154,-3.595264480825042,131.11539536616533,17.635794937827995,33.05236364813621,-21.231059418653036,39.2837959821478,38.180798134053575,-21.812712580575877,43.972352407804635,0,1,19.090399067026787,-10.906356290287938,-19.090399067026787,10.906356290287938,0,0,39.2837959821478,1267.8153343958666,992.4871145092939,1136.6999390297012,974.8513195714659,12,12,0.9871910516044317,0.09978120469104484,19.06629216425636,-0.059405625777627216,1.0020987074773713,84.92121646732312,-3.031307285463288e-05,4.0841312847171065e-06,1.0,1.0,0.0,307.9096009329732,0.0,1.0,102.90635629028793,0.0,0.0,1.0
frame_0418.jpg,frame_0418,418,D:\visualization2026\visualization\left_downsample2_Q37\frame_0418.jpg,D:\visualization2026\visualization\right_downsample2_Q37\frame_0418.jpg,D:\visualization2026\dowsample2_Q37\stitched_frames\frame_0418.jpg,D:\visualization2026\dowsample2_Q37_hess_matched\stitched_frames\frame_0418.jpg,1929,1292,-0.0840198779886474,0.007105606370966341,164.40053193228272,-3.474317520358035,130.53115536642167,15.36203101751289,33.869376565861046,-18.836348537870926,38.754905434025375,32.23403290332747,-20.91350265420272,38.42404807513313,0,1,16.117016451663734,-10.45675132710136,-16.117016451663734,10.45675132710136,0,0,38.754905434025375,1274.2032520558594,990.5990252371661,1143.6720966894377,975.2369942196532,12,12,0.990217063708018,0.10236223210270387,16.464778184057867,-0.0592130055878185,1.0057007925482355,84.60885788362448,-2.9329829306380044e-05,7.162857685306253e-06,1.0,1.0,0.0,312.88298354833626,0.0,1.0,102.45675132710136,0.0,0.0,1.0
frame_0420.jpg,frame_0420,420,D:\visualization2026\visualization\left_downsample2_Q37\frame_0420.jpg,D:\visualization2026\visualization\right_downsample2_Q37\frame_0420.jpg,D:\visualization2026\dowsample2_Q37\stitched_frames\frame_0420.jpg,D:\visualization2026\dowsample2_Q37_hess_matched\stitched_frames\frame_0420.jpg,1914,1297,-0.08428503656057751,0.007181682449680482,165.04681373254604,-3.433393404088951,138.1756994716868,18.98752907637413,26.87111426085923,-22.42092248046308,34.99649334569232,32.96001360054153,-20.26447086319787,38.69122996123641,0,1,16.480006800270765,-10.132235431598936,-16.480006800270765,10.132235431598936,0,0,34.99649334569232,1272.5699219245496,998.740512989192,1134.3942224528628,979.7529839128179,12,12,0.9587033962646028,0.0982337718990665,16.448864571332884,-0.06570403284941631,0.9870798295988342,95.85792473473504,-4.616225138319225e-05,4.333256426228535e-06,1.0,1.0,0.0,297.51999319972924,0.0,1.0,107.13223543159893,0.0,0.0,1.0
frame_0422.jpg,frame_0422,422,D:\visualization2026\visualization\left_downsample2_Q37\frame_0422.jpg,D:\visualization2026\visualization\right_downsample2_Q37\frame_0422.jpg,D:\visualization2026\dowsample2_Q37\stitched_frames\frame_0422.jpg,D:\visualization2026\dowsample2_Q37_hess_matched\stitched_frames\frame_0422.jpg,1930,1296,-0.08461330900839581,0.007260619001018015,165.8107051960172,-3.3974748336271237,131.1125853745043,16.539209349377302,34.698119821512904,-19.936684183004424,40.01788219485041,31.827530322608382,-20.513009394727522,37.865224690535456,0,1,15.913765161304191,-10.256504697363761,-15.913765161304191,10.256504697363761,0,0,40.01788219485041,1291.93024256658,988.9245667998509,1160.8176571920758,972.3853574504736,12,12,0.9948220156189296,0.09711639882562043,16.20727227363887,-0.05855666570066565,1.003460925202588,83.63820858152386,-2.5659114923311366e-05,1.6045416008119054e-06,1.0,1.0,0.0,314.0862348386958,0.0,1.0,100.25650469736377,0.0,0.0,1.0
frame_0424.jpg,frame_0424,424,D:\visualization2026\visualization\left_downsample2_Q37\frame_0424.jpg,D:\visualization2026\visualization\right_downsample2_Q37\frame_0424.jpg,D:\visualization2026\dowsample2_Q37\stitched_frames\frame_0424.jpg,D:\visualization2026\dowsample2_Q37_hess_matched\stitched_frames\frame_0424.jpg,1947,1297,-0.08473680165458797,0.007343442488560878,166.2242802291262,-3.3325798227062142,129.91518652278796,15.564759873291678,36.309093706338246,-18.897339695997893,40.932380010959406,33.340065274014805,-20.577566557639148,39.1790275263391,0,1,16.670032637007402,-10.288783278819574,-16.670032637007402,10.288783278819574,0,0,40.932380010959406,1297.8605594337384,991.540980044573,1167.9453729109505,975.9762201712813,12,12,0.995183089293253,0.1077255092597769,16.442435849812618,-0.0611130293352298,1.0088173216119876,88.05121078592303,-2.779608874160572e-05,7.873056880932994e-06,1.0,1.0,0.0,330.3299673629926,0.0,1.0,105.28878327881958,0.0,0.0,1.0
frame_0426.jpg,frame_0426,426,D:\visualization2026\visualization\left_downsample2_Q37\frame_0426.jpg,D:\visualization2026\visualization\right_downsample2_Q37\frame_0426.jpg,D:\visualization2026\dowsample2_Q37\stitched_frames\frame_0426.jpg,D:\visualization2026\dowsample2_Q37_hess_matched\stitched_frames\frame_0426.jpg,1937,1298,-0.08466210108994843,0.0074658720484602065,166.38395470494143,-3.2049739012037697,138.99400744647096,19.26877817509751,27.38994725847047,-22.473752076301277,35.42991311319928,33.079722048606214,-19.100413959790973,38.19808665690498,0,1,16.539861024303107,-9.550206979895487,-16.539861024303107,9.550206979895487,0,0,35.42991311319928,1301.7852488317976,998.5430519254246,1162.7912413853267,979.2742737503271,12,12,0.9746853026071044,0.09878792749588086,16.330469621026637,-0.0656886887288482,0.9926197730529719,96.55806436907223,-3.828890327981003e-05,-6.073840044435647e-08,1.0,1.0,0.0,320.4601389756969,0.0,1.0,107.55020697989549,0.0,0.0,1.0
frame_0428.jpg,frame_0428,428,D:\visualization2026\visualization\left_downsample2_Q37\frame_0428.jpg,D:\visualization2026\visualization\right_downsample2_Q37\frame_0428.jpg,D:\visualization2026\dowsample2_Q37\stitched_frames\frame_0428.jpg,D:\visualization2026\dowsample2_Q37_hess_matched\stitched_frames\frame_0428.jpg,1934,1299,-0.08448844513192844,0.0076048743508600886,166.40925324087658,-3.049154074186143,124.9772019179834,16.109980278242915,41.43205132289319,-19.159134352429056,45.64742386988868,33.839652525108406,-17.478460980801373,38.08698834611988,0,1,16.919826262554203,-8.739230490400686,-16.919826262554203,8.739230490400686,0,0,45.64742386988868,1295.7815024316076,994.9916726261145,1170.8043005136242,978.8816923478715,12,12,0.9677755125504333,0.10138484918247952,16.960046223401683,-0.06756222369398661,0.9942753016672133,99.50269746130381,-4.337258279926889e-05,1.0895061604624503e-05,1.0,1.0,0.0,317.0801737374458,0.0,1.0,107.73923049040069,0.0,0.0,1.0
frame_0430.jpg,frame_0430,430,D:\visualization2026\visualization\left_downsample2_Q37\frame_0430.jpg,D:\visualization2026\visualization\right_downsample2_Q37\frame_0430.jpg,D:\visualization2026\dowsample2_Q37\stitched_frames\frame_0430.jpg,D:\visualization2026\dowsample2_Q37_hess_matched\stitched_frames\frame_0430.jpg,1934,1299,-0.08424622164070128,0.007707475306876252,166.22768991863626,-2.920095990072593,140.65829178482,12.11506350114962,25.569398133816264,-15.035159491222213,29.66226798227162,34.24841554774004,-15.944066308298469,37.77786677373538,0,1,17.12420777387002,-7.972033154149234,-17.12420777387002,7.972033154149234,0,0,29.66226798227162,1300.820319276229,995.3563006145516,1160.162027491409,983.241237113402,12,12,0.967766647996411,0.10138707593163615,17.1644277347175,-0.06759549902397655,0.9942836603294547,100.26989479755527,-4.337258279926889e-05,1.0895061604624503e-05,1.0,1.0,0.0,316.87579222613,0.0,1.0,106.97203315414923,0.0,0.0,1.0
frame_0432.jpg,frame_0432,432,D:\visualization2026\visualization\left_downsample2_Q37\frame_0432.jpg,D:\visualization2026\visualization\right_downsample2_Q37\frame_0432.jpg,D:\visualization2026\dowsample2_Q37\stitched_frames\frame_0432.jpg,D:\visualization2026\dowsample2_Q37_hess_matched\stitched_frames\frame_0432.jpg,1934,1299,-0.08393085182857984,0.007710188188622735,165.6804119094417,-2.8786366373066534,127.18263970541784,8.948282650749775,38.497772204023846,-11.826919288056429,40.27349605533535,35.55018867309922,-14.220339233689034,38.28882294631356,0,1,17.77509433654961,-7.110169616844517,-17.77509433654961,7.110169616844517,0,0,40.27349605533535,1287.0518704746487,992.3809086454447,1159.8692307692309,983.432625994695,12,12,0.9677384173650783,0.10139416738083416,17.81531429739709,-0.06763288027160996,0.9942930503857884,101.13175833485998,-4.337258279926889e-05,1.0895061604624503e-05,1.0,1.0,0.0,316.2249056634504,0.0,1.0,106.11016961684452,0.0,0.0,1.0
frame_0434.jpg,frame_0434,434,D:\visualization2026\visualization\left_downsample2_Q37\frame_0434.jpg,D:\visualization2026\visualization\right_downsample2_Q37\frame_0434.jpg,D:\visualization2026\dowsample2_Q37\stitched_frames\frame_0434.jpg,D:\visualization2026\dowsample2_Q37_hess_matched\stitched_frames\frame_0434.jpg,1934,1299,-0.08356264854038664,0.007719904018994819,165.0570051084353,-2.8238983458597384,126.7040962889389,8.401467987623619,38.352908819496406,-11.225366333483358,39.961912669909914,30.28199247828516,-13.552707441821244,33.176421558970404,0,1,15.14099623914258,-6.776353720910622,-15.14099623914258,6.776353720910622,0,0,39.961912669909914,1291.927786412063,992.2037507233115,1165.223690123124,983.8022827356879,12,12,0.9678526650029095,0.1013654687197903,15.181216199990061,-0.06764735872919607,0.9942966873305392,101.46557423079388,-4.337258279926889e-05,1.0895061604624503e-05,1.0,1.0,0.0,318.85900376085743,0.0,1.0,105.77635372091062,0.0,0.0,1.0
frame_0436.jpg,frame_0436,436,D:\visualization2026\visualization\left_downsample2_Q37\frame_0436.jpg,D:\visualization2026\visualization\right_downsample2_Q37\frame_0436.jpg,D:\visualization2026\dowsample2_Q37\stitched_frames\frame_0436.jpg,D:\visualization2026\dowsample2_Q37_hess_matched\stitched_frames\frame_0436.jpg,1954,1302,-0.08318239860910781,0.007912581873661007,164.84707534089904,-2.590725893717936,130.94826245563263,11.264390809536167,33.89881288526641,-13.855116703254103,36.620947200899856,29.603111132826935,-13.625340380464495,32.58825078499947,0,1,14.801555566413468,-6.8126701902322475,-14.801555566413468,6.8126701902322475,0,0,36.620947200899856,1326.9718000118805,991.1445396499653,1196.023537556248,979.8801488404291,12,12,0.9943840772747995,0.11292905326620599,15.082219983158948,-0.06703567747370828,1.006116334313708,100.25938883936247,-3.1842703046495245e-05,8.13569667648736e-06,1.0,1.0,0.0,339.19844443358653,0.0,1.0,103.81267019023225,0.0,0.0,1.0
frame_0438.jpg,frame_0438,438,D:\visualization2026\visualization\left_downsample2_Q37\frame_0438.jpg,D:\visualization2026\visualization\right_downsample2_Q37\frame_0438.jpg,D:\visualization2026\dowsample2_Q37\stitched_frames\frame_0438.jpg,D:\visualization2026\dowsample2_Q37_hess_matched\stitched_frames\frame_0438.jpg,1953,1320,-0.08273011909772421,0.008621927523710132,165.73802717310025,-1.8489911251753552,150.64695682427737,13.971984267914763,15.091070348822882,-15.82097539309012,21.864209719582462,27.882668653913502,-14.698519344582586,31.51967135277586,0,1,13.941334326956751,-7.349259672291293,-13.941334326956751,7.349259672291293,0,0,21.864209719582462,1340.13780583292,995.1496660167709,1189.4908490086427,981.1776817488561,12,12,0.9957260212935541,0.11661398420103096,13.833478921632848,-0.06739168603190214,1.002694756274953,100.78471556823519,-2.6356471875889467e-05,-5.7017732196142434e-06,1.0,1.0,0.0,339.05866567304327,0.0,1.0,103.3492596722913,0.0,0.0,1.0
frame_0440.jpg,frame_0440,440,D:\visualization2026\visualization\left_downsample2_Q37\frame_0440.jpg,D:\visualization2026\visualization\right_downsample2_Q37\frame_0440.jpg,D:\visualization2026\dowsample2_Q37\stitched_frames\frame_0440.jpg,D:\visualization2026\dowsample2_Q37_hess_matched\stitched_frames\frame_0440.jpg,1918,1308,-0.08222269435366147,0.00962169140808368,167.22204751502568,-0.8195892301265347,145.04705610850056,14.578734954311926,22.174991406525123,-15.398324184438462,26.99701153032545,27.237814574281913,-15.791941696024665,31.484662382080685,0,1,13.618907287140956,-7.8959708480123325,-13.618907287140956,7.8959708480123325,0,0,26.99701153032545,1309.6947823659827,1003.2545144593596,1164.6477262574822,988.6757795050477,12,12,0.9705476426966836,0.1090896417719007,13.91938639045324,-0.07661940578582005,0.9939650443836324,115.41665977421289,-4.502691908535642e-05,5.402997797666716e-06,1.0,1.0,0.0,304.3810927128591,0.0,1.0,111.89597084801233,0.0,0.0,1.0
frame_0442.jpg,frame_0442,442,D:\visualization2026\visualization\left_downsample2_Q37\frame_0442.jpg,D:\visualization2026\visualization\right_downsample2_Q37\frame_0442.jpg,D:\visualization2026\dowsample2_Q37\stitched_frames\frame_0442.jpg,D:\visualization2026\dowsample2_Q37_hess_matched\stitched_frames\frame_0442.jpg,1916,1308,-0.08181556449761518,0.010302695828144026,168.12494764813297,-0.11082439072403842,138.2293878386763,17.081989717922852,29.89555980945667,-17.19281410864689,34.48677069972323,26.198683279773135,-16.154356475662947,30.778795277539015,0,1,13.099341639886568,-8.077178237831474,-13.099341639886568,8.077178237831474,0,0,34.48677069972323,1306.7453306399907,1003.1434516594807,1168.5159428013144,986.0614619415578,12,12,0.9685683933965978,0.10520252835164944,13.248972763764577,-0.07550563794655576,0.9900513230816324,113.12688161668352,-4.473655512349498e-05,1.1026336509065e-06,1.0,1.0,0.0,302.9006583601134,0.0,1.0,110.07717823783148,0.0,0.0,1.0
frame_0444.jpg,frame_0444,444,D:\visualization2026\visualization\left_downsample2_Q37\frame_0444.jpg,D:\visualization2026\visualization\right_downsample2_Q37\frame_0444.jpg,D:\visualization2026\dowsample2_Q37\stitched_frames\frame_0444.jpg,D:\visualization2026\dowsample2_Q37_hess_matched\stitched_frames\frame_0444.jpg,1925,1312,-0.08155765167533846,0.01047093948613477,168.0717721787652,0.08365169833697997,132.94313375742672,16.776129789030733,35.12863842133848,-16.692478090693754,38.892930747700525,28.429805879238717,-15.787605456170793,32.51926119042236,0,1,14.214902939619359,-7.893802728085396,-14.214902939619359,7.893802728085396,0,0,38.892930747700525,1310.2314702093556,1007.0315873315773,1177.288336451929,990.2554575425465,12,12,0.9618166961905824,0.10490873759534658,14.011243959554898,-0.08014808763213684,0.9836977682903507,121.28818004155018,-4.887840781036293e-05,-1.8259894065506924e-06,1.0,1.0,0.0,310.7850970603806,0.0,1.0,113.89380272808539,0.0,0.0,1.0
frame_0446.jpg,frame_0446,446,D:\visualization2026\visualization\left_downsample2_Q37\frame_0446.jpg,D:\visualization2026\visualization\right_downsample2_Q37\frame_0446.jpg,D:\visualization2026\dowsample2_Q37\stitched_frames\frame_0446.jpg,D:\visualization2026\dowsample2_Q37_hess_matched\stitched_frames\frame_0446.jpg,1928,1314,-0.08137852119305355,0.01047233724578095,167.76057744477603,0.10706220986348847,139.05742103205353,15.774252811308997,28.703156412722507,-15.667190601445508,32.70064295079281,27.739708059920204,-15.380427651612557,31.718274826920997,0,1,13.869854029960102,-7.690213825806278,-13.869854029960102,7.690213825806278,0,0,32.70064295079281,1323.4968750170822,1003.6381894031188,1184.4394539850286,987.8639365918098,12,12,0.966739950996347,0.10760869138282196,13.369849371448943,-0.08034574027500807,0.9860450644428534,120.95816643559967,-4.5913999481245006e-05,-1.0484409464357738e-06,1.0,1.0,0.0,314.1301459700399,0.0,1.0,109.69021382580628,0.0,0.0,1.0
frame_0448.jpg,frame_0448,448,D:\visualization2026\visualization\left_downsample2_Q37\frame_0448.jpg,D:\visualization2026\visualization\right_downsample2_Q37\frame_0448.jpg,D:\visualization2026\dowsample2_Q37\stitched_frames\frame_0448.jpg,D:\visualization2026\dowsample2_Q37_hess_matched\stitched_frames\frame_0448.jpg,1928,1314,-0.08129520053630979,0.010439391294386438,167.53602056159775,0.08545907773573037,141.28933721544695,14.072679373365077,26.246683346150803,-13.987220295629346,29.741061149050743,27.973076951015546,-16.539347094311907,32.49681578883631,0,1,13.986538475507773,-8.269673547155953,-13.986538475507773,8.269673547155953,0,0,29.741061149050743,1323.9382817033281,1003.3200948889588,1182.6489444878812,989.2474155155937,12,12,0.9667345935467747,0.10760856904607143,13.486533816996614,-0.08031913496166262,0.9860456719721521,120.37870671425,-4.5913999481245006e-05,-1.0484409464357738e-06,1.0,1.0,0.0,314.01346152449224,0.0,1.0,110.26967354715595,0.0,0.0,1.0
frame_0450.jpg,frame_0450,450,D:\visualization2026\visualization\left_downsample2_Q37\frame_0450.jpg,D:\visualization2026\visualization\right_downsample2_Q37\frame_0450.jpg,D:\visualization2026\dowsample2_Q37\stitched_frames\frame_0450.jpg,D:\visualization2026\dowsample2_Q37_hess_matched\stitched_frames\frame_0450.jpg,1928,1314,-0.08134147792990343,0.010436406961145561,167.6101845301686,0.07687405655627517,148.88568222023605,13.439309218203562,18.724502309932546,-13.362435161647287,23.00351408380678,23.68437229445597,-17.804387384126628,29.63014851644252,0,1,11.842186147227984,-8.902193692063314,-11.842186147227984,8.902193692063314,0,0,23.00351408380678,1335.1564185540867,1002.6839203580553,1186.2707363338507,989.2446111398517,12,12,0.9668330493384629,0.10761081727285599,11.342181488716825,-0.08029009343205747,0.9860463351321714,119.74618656934263,-4.5913999481245006e-05,-1.0484409464357738e-06,1.0,1.0,0.0,316.157813852772,0.0,1.0,110.90219369206332,0.0,0.0,1.0
frame_0452.jpg,frame_0452,452,D:\visualization2026\visualization\left_downsample2_Q37\frame_0452.jpg,D:\visualization2026\visualization\right_downsample2_Q37\frame_0452.jpg,D:\visualization2026\dowsample2_Q37\stitched_frames\frame_0452.jpg,D:\visualization2026\dowsample2_Q37_hess_matched\stitched_frames\frame_0452.jpg,1947,1327,-0.08146724153246976,0.010423947521332078,167.80140119618937,0.049337063800766495,136.738996931256,23.036748385944406,31.062404264933377,-22.98741132214364,38.64316288829848,19.020886183763302,-18.486343050963043,26.52430942764707,0,1,9.510443091881651,-9.243171525481522,-9.510443091881651,9.243171525481522,0,0,38.64316288829848,1352.4902850283654,1003.7746752045629,1215.7512880971094,980.7379268186185,12,12,0.9768596889932595,0.1089911195610769,9.000041173599467,-0.08311055982949986,0.9867547235618221,124.24389736532817,-4.110291724839158e-05,-5.799252417416282e-06,1.0,1.0,0.0,337.48955690811835,0.0,1.0,103.24317152548153,0.0,0.0,1.0
frame_0454.jpg,frame_0454,454,D:\visualization2026\visualization\left_downsample2_Q37\frame_0454.jpg,D:\visualization2026\visualization\right_downsample2_Q37\frame_0454.jpg,D:\visualization2026\dowsample2_Q37\stitched_frames\frame_0454.jpg,D:\visualization2026\dowsample2_Q37_hess_matched\stitched_frames\frame_0454.jpg,1943,1323,-0.08156066572725384,0.010421198519734637,167.95890397943572,0.03517384084323754,154.27378884089512,23.0528533806106,13.685115138540596,-23.01767953976736,26.778647235260745,19.074363214403554,-18.863077454467366,26.82623758726196,0,1,9.537181607201777,-9.431538727233683,-9.537181607201777,9.431538727233683,0,0,26.778647235260745,1363.0617974062056,1006.4902195476342,1208.7880085653105,983.4373661670236,12,12,0.9728155764669787,0.11991093367932819,9.74874112332714,-0.08330964245709736,0.9908157821276915,124.75225883465046,-4.4707169143059555e-05,5.114614041981132e-08,1.0,1.0,0.0,333.4628183927982,0.0,1.0,101.43153872723369,0.0,0.0,1.0
frame_0456.jpg,frame_0456,456,D:\visualization2026\visualization\left_downsample2_Q37\frame_0456.jpg,D:\visualization2026\visualization\right_downsample2_Q37\frame_0456.jpg,D:\visualization2026\dowsample2_Q37\stitched_frames\frame_0456.jpg,D:\visualization2026\dowsample2_Q37_hess_matched\stitched_frames\frame_0456.jpg,1935,1323,-0.0815304701798718,0.010411806152041514,167.88357532661973,0.029808437037609055,162.49784946736054,19.106777372665192,5.385725859259196,-19.076968935627583,19.82263319546606,19.029098140430552,-20.074449866800222,27.660262354012712,0,1,9.514549070215276,-10.037224933400111,-9.514549070215276,10.037224933400111,0,0,19.82263319546606,1359.9818785213554,1002.4441362595121,1197.4840290539948,983.3373588868469,12,12,0.9706178929946463,0.10506580710794079,9.91742900290924,-0.08285021240476224,0.9812407549008573,123.59956239848442,-4.419061266599098e-05,-7.847083784147727e-06,1.0,1.0,0.0,325.48545092978475,0.0,1.0,97.03722493340011,0.0,0.0,1.0
frame_0458.jpg,frame_0458,458,D:\visualization2026\visualization\left_downsample2_Q37\frame_0458.jpg,D:\visualization2026\visualization\right_downsample2_Q37\frame_0458.jpg,D:\visualization2026\dowsample2_Q37\stitched_frames\frame_0458.jpg,D:\visualization2026\dowsample2_Q37_hess_matched\stitched_frames\frame_0458.jpg,1937,1321,-0.08139014371403686,0.010390956502041554,167.58766323773438,0.02692404514498189,141.07359473838233,15.897816358295927,26.51406849935205,-15.870892313150945,30.901149674469497,12.58971995033885,-18.907724386561036,22.71570139586526,0,1,6.294859975169425,-9.453862193280518,-6.294859975169425,9.453862193280518,0,0,30.901149674469497,1340.99382265861,999.1500421417717,1199.9202279202277,983.2522257834758,12,12,0.9743444063298238,0.10788555869078317,6.360759827816958,-0.08393831328249174,0.9830745526683917,125.51791418083397,-4.348454763827057e-05,-4.245621291888976e-06,1.0,1.0,0.0,330.7051400248306,0.0,1.0,96.45386219328051,0.0,0.0,1.0
frame_0460.jpg,frame_0460,460,D:\visualization2026\visualization\left_downsample2_Q37\frame_0460.jpg,D:\visualization2026\visualization\right_downsample2_Q37\frame_0460.jpg,D:\visualization2026\dowsample2_Q37\stitched_frames\frame_0460.jpg,D:\visualization2026\dowsample2_Q37_hess_matched\stitched_frames\frame_0460.jpg,1937,1327,-0.08126032587022824,0.010473920884891033,167.55681348344672,0.12314875155514123,149.05863654337918,19.542445974866723,18.498176940067538,-19.41929722331158,26.819613247647013,10.98116323818182,-17.65923603301401,20.795061032208977,0,1,5.49058161909091,-8.829618016507006,-5.49058161909091,8.829618016507006,0,0,26.819613247647013,1354.795198592441,1001.8188709387916,1205.7365620490618,982.2764249639249,12,12,0.9758464569801486,0.10958106484262253,5.006592369412096,-0.08151898864351757,0.9877310391126494,121.73380484653018,-4.13401639873853e-05,-7.065359424203126e-06,1.0,1.0,0.0,331.5094183809091,0.0,1.0,95.829618016507,0.0,0.0,1.0
frame_0462.jpg,frame_0462,462,D:\visualization2026\visualization\left_downsample2_Q37\frame_0462.jpg,D:\visualization2026\visualization\right_downsample2_Q37\frame_0462.jpg,D:\visualization2026\dowsample2_Q37\stitched_frames\frame_0462.jpg,D:\visualization2026\dowsample2_Q37_hess_matched\stitched_frames\frame_0462.jpg,1920,1316,-0.08098947800679279,0.010805039307807615,167.86783769439768,0.47674112063467083,169.0023243799228,17.63052504158236,-1.1344866855251325,-17.15378392094769,17.19125832643432,15.131886658171437,-20.352737310797142,25.361543917475938,0,1,7.5659433290857185,-10.176368655398571,-7.5659433290857185,10.176368655398571,0,0,17.19125832643432,1363.074072080317,1000.6921106745214,1194.071747700394,983.061585632939,12,12,0.9633912007972416,0.11489323012825153,7.979428826645296,-0.0842421589098482,0.9762061104509762,125.46906852584554,-4.946446854168143e-05,-5.369818564289803e-06,1.0,1.0,0.0,312.4340566709143,0.0,1.0,98.17636865539858,0.0,0.0,1.0
frame_0464.jpg,frame_0464,464,D:\visualization2026\visualization\left_downsample2_Q37\frame_0464.jpg,D:\visualization2026\visualization\right_downsample2_Q37\frame_0464.jpg,D:\visualization2026\dowsample2_Q37\stitched_frames\frame_0464.jpg,D:\visualization2026\dowsample2_Q37_hess_matched\stitched_frames\frame_0464.jpg,1910,1313,-0.08033890047168324,0.011342616783882598,168.0025829981028,1.0767702846659386,162.36025142034737,17.852008056698196,5.642331577755442,-16.775237772032256,17.698714866948784,13.345298767004675,-22.985427007647427,26.578691726729218,0,1,6.672649383502337,-11.492713503823714,-6.672649383502337,11.492713503823714,0,0,17.698714866948784,1351.1636186085623,1004.8833009471731,1188.803367188215,987.0312928904749,12,12,0.9579885138352908,0.10670849201325018,6.343444503058825,-0.0868776118842518,0.9789823753538676,128.45261171167323,-5.504017415450236e-05,1.2374312800048897e-06,1.0,1.0,0.0,303.32735061649765,0.0,1.0,103.49271350382371,0.0,0.0,1.0
frame_0466.jpg,frame_0466,466,D:\visualization2026\visualization\left_downsample2_Q37\frame_0466.jpg,D:\visualization2026\visualization\right_downsample2_Q37\frame_0466.jpg,D:\visualization2026\dowsample2_Q37\stitched_frames\frame_0466.jpg,D:\visualization2026\dowsample2_Q37_hess_matched\stitched_frames\frame_0466.jpg,1914,1335,-0.07999931505991309,0.011777222809776083,168.43875464104974,1.5389146632912638,142.29941168184246,34.083389987834494,26.139342959207283,-32.54447532454323,41.74216243187291,15.281824283805731,-24.50480147476955,28.87939488214707,0,1,7.640912141902866,-12.252400737384775,-7.640912141902866,12.252400737384775,0,0,41.74216243187291,1344.840036961785,1015.8438486459013,1202.5406252799426,981.7604586580668,12,12,0.956292152096397,0.08265971371182528,7.430958443663562,-0.08832367092664292,0.9773283011024634,130.38366087697307,-5.383917516310843e-05,-1.2466361557828851e-05,1.0,1.0,0.0,306.35908785809715,0.0,1.0,100.25240073738478,0.0,0.0,1.0
frame_0468.jpg,frame_0468,468,D:\visualization2026\visualization\left_downsample2_Q37\frame_0468.jpg,D:\visualization2026\visualization\right_downsample2_Q37\frame_0468.jpg,D:\visualization2026\dowsample2_Q37\stitched_frames\frame_0468.jpg,D:\visualization2026\dowsample2_Q37_hess_matched\stitched_frames\frame_0468.jpg,1931,1328,-0.08093153688504384,0.01186721847892909,170.2893241565711,1.511156822170144,152.70819511305285,30.54549761957253,17.581129043518246,-29.034340797402386,33.942437213384444,20.95117297261597,-26.216825441221516,33.559999778664384,0,1,10.475586486307986,-13.108412720610758,-10.475586486307986,13.108412720610758,0,0,33.942437213384444,1372.326083466896,1005.0436249603965,1219.6178883538432,974.498127340824,12,12,0.9643236603655445,0.10089665036075866,10.876909263459435,-0.08736645994484916,0.97253443565293,127.47096457032829,-5.0107951032563526e-05,-1.272148060518722e-05,1.0,1.0,0.0,320.524413513692,0.0,1.0,94.10841272061076,0.0,0.0,1.0
frame_0470.jpg,frame_0470,470,D:\visualization2026\visualization\left_downsample2_Q37\frame_0470.jpg,D:\visualization2026\visualization\right_downsample2_Q37\frame_0470.jpg,D:\visualization2026\dowsample2_Q37\stitched_frames\frame_0470.jpg,D:\visualization2026\dowsample2_Q37_hess_matched\stitched_frames\frame_0470.jpg,1950,1335,-0.08331144048006123,0.011763733586461378,174.22210047486834,1.1180033702557275,146.04129595079553,28.134172929177907,28.180804524072812,-27.01616955892218,39.03884169977941,21.98539805224427,-27.691476512044172,35.3578223160409,0,1,10.992699026122136,-13.845738256022086,-10.992699026122136,13.845738256022086,0,0,39.03884169977941,1391.3105795083031,999.2811214148581,1245.2692835575076,971.1469484856802,12,12,0.9819516405106501,0.10513753094447346,11.038592321916735,-0.08574819379504219,0.981216474005599,124.42442040766645,-4.014301993919444e-05,-1.2118330405776091e-05,1.0,1.0,0.0,339.0073009738779,0.0,1.0,89.84573825602209,0.0,0.0,1.0
frame_0472.jpg,frame_0472,472,D:\visualization2026\visualization\left_downsample2_Q37\frame_0472.jpg,D:\visualization2026\visualization\right_downsample2_Q37\frame_0472.jpg,D:\visualization2026\dowsample2_Q37\stitched_frames\frame_0472.jpg,D:\visualization2026\dowsample2_Q37_hess_matched\stitched_frames\frame_0472.jpg,1950,1335,-0.08534205024916985,0.01166675847231656,177.55705498332958,0.7741589253638727,150.34479822480353,26.488062678571396,27.212256758526053,-25.71390375320752,37.439441290184426,19.049274975286895,-26.706983640671027,32.80454011668448,0,1,9.524637487643448,-13.353491820335513,-9.524637487643448,13.353491820335513,0,0,37.439441290184426,1396.7679524645696,999.3622403101504,1246.423154239766,972.874177631579,12,12,0.9820105729342612,0.10515532139925277,9.570530783438047,-0.08576795405352496,0.9812105088006502,124.91666684335303,-4.014301993919444e-05,-1.2118330405776091e-05,1.0,1.0,0.0,340.4753625123565,0.0,1.0,89.3534918203355,0.0,0.0,1.0
frame_0474.jpg,frame_0474,474,D:\visualization2026\visualization\left_downsample2_Q37\frame_0474.jpg,D:\visualization2026\visualization\right_downsample2_Q37\frame_0474.jpg,D:\visualization2026\dowsample2_Q37\stitched_frames\frame_0474.jpg,D:\visualization2026\dowsample2_Q37_hess_matched\stitched_frames\frame_0474.jpg,1938,1340,-0.08517818596909033,0.011778222512229722,177.53412817082605,0.9021394983808859,166.72067119492908,25.05063262452643,10.813456975896969,-24.148493126145542,26.459035735133533,21.882420053230593,-27.557654948793925,35.18898483421786,0,1,10.941210026615297,-13.778827474396962,-10.941210026615297,13.778827474396962,0,0,26.459035735133533,1393.6934677128834,1005.1232659215884,1226.9727965179543,980.072633297062,12,12,0.9752433427204913,0.10557892493784615,10.906599516664018,-0.09010045809607532,0.9801304690370024,131.72175667522856,-4.638177606684424e-05,-1.1463452657837054e-05,1.0,1.0,0.0,327.0587899733847,0.0,1.0,96.77882747439696,0.0,0.0,1.0
frame_0476.jpg,frame_0476,476,D:\visualization2026\visualization\left_downsample2_Q37\frame_0476.jpg,D:\visualization2026\visualization\right_downsample2_Q37\frame_0476.jpg,D:\visualization2026\dowsample2_Q37\stitched_frames\frame_0476.jpg,D:\visualization2026\dowsample2_Q37_hess_matched\stitched_frames\frame_0476.jpg,1936,1347,-0.08240978095051654,0.012044699679784665,173.3064157808046,1.500771273930036,161.8476882063842,29.122782241607524,11.458727574420408,-27.62201096767749,29.904480057731785,21.45817270713076,-28.1253946937106,35.37641873630026,0,1,10.72908635356538,-14.0626973468553,-10.72908635356538,14.0626973468553,0,0,29.904480057731785,1392.1927893920843,1008.7685877154419,1230.3451011857,979.6458054738343,12,12,0.9725618353453704,0.09532104521837526,10.59745959631198,-0.0908012329091346,0.9771744393261509,132.51985293767234,-4.706493330298044e-05,-1.7159386386199524e-05,1.0,1.0,0.0,325.2709136464346,0.0,1.0,97.0626973468553,0.0,0.0,1.0
frame_0478.jpg,frame_0478,478,D:\visualization2026\visualization\left_downsample2_Q37\frame_0478.jpg,D:\visualization2026\visualization\right_downsample2_Q37\frame_0478.jpg,D:\visualization2026\dowsample2_Q37\stitched_frames\frame_0478.jpg,D:\visualization2026\dowsample2_Q37_hess_matched\stitched_frames\frame_0478.jpg,1949,1346,-0.07965324004947827,0.012310579087632972,169.0981142794197,2.0973639457551916,137.35125984618298,35.385061283772075,31.746854433236706,-33.28769733801688,45.999277825554366,20.741485811945427,-29.582024257054414,36.129010404826886,0,1,10.370742905972714,-14.791012128527207,-10.370742905972714,14.791012128527207,0,0,45.999277825554366,1387.054801683568,1009.5686176891259,1249.703541837385,974.1835564053538,12,12,0.9771032712958309,0.10029987785654852,10.076077446422937,-0.09048243561575646,0.9760637289905958,131.06997820905502,-4.515001449857005e-05,-1.8324191366063196e-05,1.0,1.0,0.0,338.6292570940273,0.0,1.0,92.7910121285272,0.0,0.0,1.0
frame_0480.jpg,frame_0480,480,D:\visualization2026\visualization\left_downsample2_Q37\frame_0480.jpg,D:\visualization2026\visualization\right_downsample2_Q37\frame_0480.jpg,D:\visualization2026\dowsample2_Q37\stitched_frames\frame_0480.jpg,D:\visualization2026\dowsample2_Q37_hess_matched\stitched_frames\frame_0480.jpg,1952,1342,-0.07910205271173432,0.012444477102414545,168.44842250443543,2.2947375596113364,142.38885471086178,32.14960584311689,26.05956779357365,-29.854868283505553,39.62845232674785,20.03567491483332,-30.12396375595489,36.17846682300073,0,1,10.01783745741666,-15.061981877977445,-10.01783745741666,15.061981877977445,0,0,39.62845232674785,1387.933519386398,1005.0221734962981,1245.5446646755363,972.8725676531812,12,12,0.9819994981514661,0.1042316622405745,10.152893159888675,-0.08990182120729164,0.9793596411943982,129.46739400940422,-4.294150738661252e-05,-1.4219435882617224e-05,1.0,1.0,0.0,341.98216254258335,0.0,1.0,92.06198187797744,0.0,0.0,1.0
frame_0482.jpg,frame_0482,482,D:\visualization2026\visualization\left_downsample2_Q37\frame_0482.jpg,D:\visualization2026\visualization\right_downsample2_Q37\frame_0482.jpg,D:\visualization2026\dowsample2_Q37\stitched_frames\frame_0482.jpg,D:\visualization2026\dowsample2_Q37_hess_matched\stitched_frames\frame_0482.jpg,1951,1346,-0.07924908455214363,0.012514132249215604,168.87204582504722,2.343998194859431,145.24322354244782,35.34104976478602,23.6288222825994,-32.99705156992659,40.58480817708839,20.03351330786054,-31.02161054617601,36.92806488749233,0,1,10.01675665393027,-15.510805273088005,-10.01675665393027,15.510805273088005,0,0,40.58480817708839,1395.1184693980251,1008.8837115611707,1249.8752458555773,973.5426617963847,12,12,0.9797979640676969,0.10464677137657492,10.063326123490027,-0.09033909221381381,0.9798035843505156,130.03043508507378,-4.4354288928941274e-05,-1.549263247495244e-05,1.0,1.0,0.0,340.98324334606974,0.0,1.0,93.51080527308801,0.0,0.0,1.0
frame_0484.jpg,frame_0484,484,D:\visualization2026\visualization\left_downsample2_Q37\frame_0484.jpg,D:\visualization2026\visualization\right_downsample2_Q37\frame_0484.jpg,D:\visualization2026\dowsample2_Q37\stitched_frames\frame_0484.jpg,D:\visualization2026\dowsample2_Q37_hess_matched\stitched_frames\frame_0484.jpg,1933,1339,-0.07937266782968477,0.01259792052370276,169.2880718500106,2.409815133464537,162.00366935967418,29.268005754112437,7.284402490336419,-26.8581906206479,27.828491210561133,13.991054532603272,-31.01410353064412,34.02387727381744,0,1,6.995527266301636,-15.50705176532206,-6.995527266301636,15.50705176532206,0,0,27.828491210561133,1394.2107615582556,1008.9854525626231,1232.2070921985814,979.7174468085107,12,12,0.9759400143934546,0.10486717141771919,7.396393296322017,-0.09052518141796707,0.981975848750285,130.5664805257452,-4.8383926974480154e-05,-8.961614610838302e-06,1.0,1.0,0.0,326.0044727336984,0.0,1.0,99.50705176532206,0.0,0.0,1.0
frame_0486.jpg,frame_0486,486,D:\visualization2026\visualization\left_downsample2_Q37\frame_0486.jpg,D:\visualization2026\visualization\right_downsample2_Q37\frame_0486.jpg,D:\visualization2026\dowsample2_Q37\stitched_frames\frame_0486.jpg,D:\visualization2026\dowsample2_Q37_hess_matched\stitched_frames\frame_0486.jpg,1943,1346,-0.07913013143254777,0.012750513949091297,169.22471681468252,2.5872616873770147,157.776797275126,34.69750660616012,11.447919539556523,-32.1102449187831,34.08992065887505,14.803554684243721,-33.07830788816696,36.23975281419236,0,1,7.401777342121861,-16.53915394408348,-7.401777342121861,16.53915394408348,0,0,34.08992065887505,1405.031774095415,1009.9181229137686,1247.254976820289,975.2206163076085,12,12,0.9785331891369052,0.10132192363603232,7.550788366514993,-0.09118220783771853,0.9788717229965552,130.3456453652393,-4.6690523835399023e-05,-1.5182749781147513e-05,1.0,1.0,0.0,335.5982226578781,0.0,1.0,96.53915394408348,0.0,0.0,1.0
frame_0488.jpg,frame_0488,488,D:\visualization2026\visualization\left_downsample2_Q37\frame_0488.jpg,D:\visualization2026\visualization\right_downsample2_Q37\frame_0488.jpg,D:\visualization2026\dowsample2_Q37\stitched_frames\frame_0488.jpg,D:\visualization2026\dowsample2_Q37_hess_matched\stitched_frames\frame_0488.jpg,1941,1344,-0.07867926852746321,0.01293208871847644,168.86443013804464,2.8183913503990157,167.32986958109427,36.06855361075645,1.5345605569503675,-33.250162260357435,33.28555492166303,17.381689743404323,-35.43464866310035,39.46818293528759,0,1,8.690844871702161,-17.717324331550174,-8.690844871702161,17.717324331550174,0,0,33.28555492166303,1415.4663460078934,1012.1952882858782,1248.1364764267992,976.1267346751217,12,12,0.9736343123709775,0.10042157415799563,8.499509480725756,-0.0924488784237615,0.9759130004204633,131.12201891960336,-5.0486283798946865e-05,-1.5069374091308382e-05,1.0,1.0,0.0,332.30915512829785,0.0,1.0,98.71732433155017,0.0,0.0,1.0
frame_0490.jpg,frame_0490,490,D:\visualization2026\visualization\left_downsample2_Q37\frame_0490.jpg,D:\visualization2026\visualization\right_downsample2_Q37\frame_0490.jpg,D:\visualization2026\dowsample2_Q37\stitched_frames\frame_0490.jpg,D:\visualization2026\dowsample2_Q37_hess_matched\stitched_frames\frame_0490.jpg,1960,1347,-0.07822671875089049,0.01316912019448252,168.63291971436126,3.103363384092278,138.51085116258537,43.27925345521203,30.122068551775897,-40.17589007111975,50.213953806134256,21.749255902317742,-39.036025056580954,44.68603120128839,0,1,10.874627951158871,-19.518012528290477,-10.874627951158871,19.518012528290477,0,0,50.213953806134256,1405.91517744427,1016.5394021115872,1267.4043262816847,973.2601486563751,12,12,0.9840917651383658,0.10493868615830329,10.898053953623062,-0.09215594715023279,0.9803590851925665,129.61149910850577,-4.5492206592290215e-05,-1.364770663043444e-05,1.0,1.0,0.0,349.12537204884114,0.0,1.0,97.51801252829048,0.0,0.0,1.0
frame_0492.jpg,frame_0492,492,D:\visualization2026\visualization\left_downsample2_Q37\frame_0492.jpg,D:\visualization2026\visualization\right_downsample2_Q37\frame_0492.jpg,D:\visualization2026\dowsample2_Q37\stitched_frames\frame_0492.jpg,D:\visualization2026\dowsample2_Q37_hess_matched\stitched_frames\frame_0492.jpg,1959,1354,-0.077880063168413,0.013474723910991443,168.7502311745624,3.4416145419853756,132.23073359616,48.22036998657893,36.519497578402394,-44.77875544459356,57.78244233801177,22.10673292614115,-42.2011758985274,47.640811158986196,0,1,11.053366463070574,-21.1005879492637,-11.053366463070574,21.1005879492637,0,0,57.78244233801177,1409.0023943283795,1019.565572214279,1276.7716607322195,971.3452022277,12,12,0.9838994066255593,0.09936340588282407,10.59074901702786,-0.09168372676792814,0.9791649130604714,127.23346717442026,-4.5011009087144306e-05,-1.920703038210821e-05,1.0,1.0,0.0,347.9466335369294,0.0,1.0,99.1005879492637,0.0,0.0,1.0
frame_0494.jpg,frame_0494,494,D:\visualization2026\visualization\left_downsample2_Q37\frame_0494.jpg,D:\visualization2026\visualization\right_downsample2_Q37\frame_0494.jpg,D:\visualization2026\dowsample2_Q37\stitched_frames\frame_0494.jpg,D:\visualization2026\dowsample2_Q37_hess_matched\stitched_frames\frame_0494.jpg,1978,1356,-0.07734151718653992,0.013634516580257744,168.18424798705604,3.6624753310666365,139.0620147021525,48.527547919117524,29.12223328490353,-44.865072588050886,53.48812213782998,25.638723680100785,-44.7347126854218,51.56101890955801,0,1,12.819361840050393,-22.3673563427109,-12.819361840050393,22.3673563427109,0,0,53.48812213782998,1430.6875450471073,1013.8501821194495,1291.6255303449548,965.322634200332,12,12,0.9960295217483328,0.10566131328119313,13.166281624939105,-0.09191365587897246,0.9836473817313098,125.6907601268081,-3.9474242271689766e-05,-1.7359849445661686e-05,1.0,1.0,0.0,365.1806381599496,0.0,1.0,93.3673563427109,0.0,0.0,1.0
frame_0496.jpg,frame_0496,496,D:\visualization2026\visualization\left_downsample2_Q37\frame_0496.jpg,D:\visualization2026\visualization\right_downsample2_Q37\frame_0496.jpg,D:\visualization2026\dowsample2_Q37\stitched_frames\frame_0496.jpg,D:\visualization2026\dowsample2_Q37_hess_matched\stitched_frames\frame_0496.jpg,1956,1355,-0.0768529222789186,0.01363996669720069,167.33932578986415,3.7279134542471044,154.10402113119062,51.663912582762464,13.235304658673527,-47.93599912851536,49.72960186706637,23.143951047858916,-45.95764732990913,51.45627093179211,0,1,11.571975523929458,-22.978823664954565,-11.571975523929458,22.978823664954565,0,0,49.72960186706637,1422.855826100717,1021.8886664505543,1268.7518049695263,970.2247538677918,12,12,0.9823549108630505,0.09647734337647612,11.486215493052802,-0.09268064749410979,0.9763391090379596,127.20528776968258,-4.7721724159981356e-05,-2.0629395632282894e-05,1.0,1.0,0.0,344.42802447607056,0.0,1.0,97.97882366495456,0.0,0.0,1.0
frame_0498.jpg,frame_0498,498,D:\visualization2026\visualization\left_downsample2_Q37\frame_0498.jpg,D:\visualization2026\visualization\right_downsample2_Q37\frame_0498.jpg,D:\visualization2026\dowsample2_Q37\stitched_frames\frame_0498.jpg,D:\visualization2026\dowsample2_Q37_hess_matched\stitched_frames\frame_0498.jpg,1980,1354,-0.07681321483075443,0.013520387588182761,166.98554639158266,3.617152883414484,147.7910320648341,49.534999078243914,19.19451432674856,-45.91784619482943,49.76824267956191,18.63266535255711,-46.372498440164165,49.97584246136737,0,1,9.316332676278556,-23.186249220082082,-9.316332676278556,23.186249220082082,0,0,49.76824267956191,1444.6864731870194,1017.5095284248663,1296.8954411221853,967.9745293466224,12,12,0.9954700053408643,0.10002975362412894,9.040509142511688,-0.08966277113116823,0.9811401001816645,122.01777594575165,-4.3473709622435976e-05,-1.9476003909440847e-05,1.0,1.0,0.0,370.68366732372147,0.0,1.0,95.18624922008209,0.0,0.0,1.0
frame_0500.jpg,frame_0500,500,D:\visualization2026\visualization\left_downsample2_Q37\frame_0500.jpg,D:\visualization2026\visualization\right_downsample2_Q37\frame_0500.jpg,D:\visualization2026\dowsample2_Q37\stitched_frames\frame_0500.jpg,D:\visualization2026\dowsample2_Q37_hess_matched\stitched_frames\frame_0500.jpg,1980,1354,-0.07733174738327553,0.013073188873236302,166.8336538908168,3.1207934570346643,149.18544850025023,49.41135675059104,17.648205390566574,-46.290563293556374,49.54064395566908,14.74608092095083,-47.164426650529066,49.41588857645248,0,1,7.373040460475415,-23.582213325264533,-7.373040460475415,23.582213325264533,0,0,49.54064395566908,1444.7604392306914,1017.8448940142173,1295.5749907304412,968.4335372636262,12,12,0.9955544874623656,0.1000676011909211,7.097216926708547,-0.08964555710263862,0.981147811980125,121.62181184056921,-4.3473709622435976e-05,-1.9476003909440847e-05,1.0,1.0,0.0,372.6269595395246,0.0,1.0,95.58221332526453,0.0,0.0,1.0
frame_0502.jpg,frame_0502,502,D:\visualization2026\visualization\left_downsample2_Q37\frame_0502.jpg,D:\visualization2026\visualization\right_downsample2_Q37\frame_0502.jpg,D:\visualization2026\dowsample2_Q37\stitched_frames\frame_0502.jpg,D:\visualization2026\dowsample2_Q37_hess_matched\stitched_frames\frame_0502.jpg,1980,1354,-0.07792843067511601,0.012594245972702464,166.74356883394378,2.5841090974774,152.78049973205043,49.43712009334615,13.963069101893353,-46.85301099586875,48.889384718190584,14.412618144561266,-46.81482289121577,48.983172662832246,0,1,7.206309072280633,-23.407411445607885,-7.206309072280633,23.407411445607885,0,0,48.889384718190584,1455.6937001119172,1017.2915360477621,1302.9132003798668,967.8544159544159,12,12,0.995561735894321,0.10007084845208941,6.930485538513765,-0.08965315638879627,0.9811444075380334,121.79661372022585,-4.3473709622435976e-05,-1.9476003909440847e-05,1.0,1.0,0.0,372.79369092771935,0.0,1.0,95.40741144560789,0.0,0.0,1.0
frame_0504.jpg,frame_0504,504,D:\visualization2026\visualization\left_downsample2_Q37\frame_0504.jpg,D:\visualization2026\visualization\right_downsample2_Q37\frame_0504.jpg,D:\visualization2026\dowsample2_Q37\stitched_frames\frame_0504.jpg,D:\visualization2026\dowsample2_Q37_hess_matched\stitched_frames\frame_0504.jpg,1978,1355,-0.07814267596547453,0.012527650422699863,166.96153962463998,2.4933187620687236,157.27222849776786,51.31803240194415,9.689311126872127,-48.82471363987543,49.77685618969086,11.27292367318687,-46.17188072900207,47.52811145201006,0,1,5.636461836593435,-23.085940364501035,-5.636461836593435,23.085940364501035,0,0,49.77685618969086,1453.838699921268,1020.5704285680783,1296.5664714235002,969.2523961661342,12,12,0.9918267722662439,0.09856373589751949,5.366890862378932,-0.09018577917405154,0.9804319710973142,123.05257841136367,-4.529034197446013e-05,-2.030177922277311e-05,1.0,1.0,0.0,372.3635381634066,0.0,1.0,96.08594036450103,0.0,0.0,1.0
frame_0506.jpg,frame_0506,506,D:\visualization2026\visualization\left_downsample2_Q37\frame_0506.jpg,D:\visualization2026\visualization\right_downsample2_Q37\frame_0506.jpg,D:\visualization2026\dowsample2_Q37\stitched_frames\frame_0506.jpg,D:\visualization2026\dowsample2_Q37_hess_matched\stitched_frames\frame_0506.jpg,1980,1353,-0.07805084876162205,0.012936491092032612,167.77151622438777,2.900034615600863,156.20352544766206,49.08801494754971,11.567990776725708,-46.18798033194884,47.61457694608767,7.524078271185102,-44.808087863707975,45.435410109656694,0,1,3.762039135592551,-22.404043931853987,-3.762039135592551,22.404043931853987,0,0,47.61457694608767,1460.089899799383,1015.5145118829574,1303.8863743517209,966.4264969354077,12,12,0.9972560295927329,0.10020512198591412,3.2665408407976377,-0.08912465964223011,0.9827101118337871,121.26442739526566,-4.2197009268679956e-05,-1.8970740469218818e-05,1.0,1.0,0.0,376.23796086440746,0.0,1.0,93.40404393185399,0.0,0.0,1.0
frame_0508.jpg,frame_0508,508,D:\visualization2026\visualization\left_downsample2_Q37\frame_0508.jpg,D:\visualization2026\visualization\right_downsample2_Q37\frame_0508.jpg,D:\visualization2026\dowsample2_Q37\stitched_frames\frame_0508.jpg,D:\visualization2026\dowsample2_Q37_hess_matched\stitched_frames\frame_0508.jpg,1984,1348,-0.07790080454767945,0.013470345791341029,168.77624836334482,3.4348261110585243,165.28020639346823,46.13796149481948,3.496041969876586,-42.70313538376095,42.846004260128566,4.388390969987416,-43.72853504419234,43.948182583772734,0,1,2.194195484993708,-21.86426752209617,-2.194195484993708,21.86426752209617,0,0,42.846004260128566,1473.9193313080104,1011.0317987836172,1308.6391249145422,964.8938372887977,12,12,1.003276852340403,0.1114468785442921,1.929781783548714,-0.08844349435523566,0.9897728718240144,121.05648284583133,-4.026063951029514e-05,-1.0954468376501272e-05,1.0,1.0,0.0,381.8058045150063,0.0,1.0,92.86426752209617,0.0,0.0,1.0
frame_0510.jpg,frame_0510,510,D:\visualization2026\visualization\left_downsample2_Q37\frame_0510.jpg,D:\visualization2026\visualization\right_downsample2_Q37\frame_0510.jpg,D:\visualization2026\dowsample2_Q37\stitched_frames\frame_0510.jpg,D:\visualization2026\dowsample2_Q37_hess_matched\stitched_frames\frame_0510.jpg,1950,1352,-0.07784649831436286,0.013783543116650351,169.42490196938533,3.7444205912670854,170.5209235888276,43.21601955835297,-1.0960216194422685,-39.47159896708588,39.486812841868364,2.082488898041913,-42.295049709495856,42.346286613340645,0,1,1.0412444490209565,-21.147524854747928,-1.0412444490209565,21.147524854747928,0,0,39.486812841868364,1444.318799858449,1023.8748376562291,1273.7978762696214,980.6588180978762,12,12,0.9779096403604969,0.09895697131872039,1.3473344763273245,-0.09521794553478906,0.9758786775432851,132.7315630132567,-5.548644419198467e-05,-1.71003600359639e-05,1.0,1.0,0.0,348.95875555097905,0.0,1.0,107.14752485474793,0.0,0.0,1.0
frame_0512.jpg,frame_0512,512,D:\visualization2026\visualization\left_downsample2_Q37\frame_0512.jpg,D:\visualization2026\visualization\right_downsample2_Q37\frame_0512.jpg,D:\visualization2026\dowsample2_Q37\stitched_frames\frame_0512.jpg,D:\visualization2026\dowsample2_Q37_hess_matched\stitched_frames\frame_0512.jpg,1947,1356,-0.07785505290251726,0.01391339793098234,169.74839360954164,3.8689555116892778,171.4637610136367,45.324202409979875,-1.7153674040950762,-41.455246898290596,41.490721622180345,-1.96570142989695,-41.32437805041252,41.371103482562745,0,1,-0.982850714948475,-20.66218902520626,0.982850714948475,20.66218902520626,0,0,41.490721622180345,1447.519803898627,1025.912701435321,1276.0560428849903,980.5884990253411,12,12,0.9739401570046955,0.09453071605392709,-0.8928668109230585,-0.09573723897143754,0.9724887637917627,134.17769103541917,-5.6785132713427066e-05,-2.1047739753050222e-05,1.0,1.0,0.0,347.9828507149485,0.0,1.0,107.66218902520626,0.0,0.0,1.0
frame_0514.jpg,frame_0514,514,D:\visualization2026\visualization\left_downsample2_Q37\frame_0514.jpg,D:\visualization2026\visualization\right_downsample2_Q37\frame_0514.jpg,D:\visualization2026\dowsample2_Q37\stitched_frames\frame_0514.jpg,D:\visualization2026\dowsample2_Q37_hess_matched\stitched_frames\frame_0514.jpg,1947,1356,-0.07783508200743383,0.01395457704745763,169.81115041680144,3.9112409414254916,171.65134964965682,45.56852790781852,-1.8401992328553831,-41.65728696639303,41.697912305258406,-0.6324741128849038,-39.558124455167146,39.563180280583644,0,1,-0.3162370564424519,-19.779062227583573,0.3162370564424519,19.779062227583573,0,0,41.697912305258406,1453.0356034686934,1025.9536630429536,1281.3842538190365,980.3851351351351,12,12,0.9739023032596287,0.09451668534312703,-0.22625315241703547,-0.09578738744384334,0.9724701759687575,135.06081783304185,-5.6785132713427066e-05,-2.1047739753050222e-05,1.0,1.0,0.0,347.31623705644245,0.0,1.0,106.77906222758358,0.0,0.0,1.0
frame_0516.jpg,frame_0516,516,D:\visualization2026\visualization\left_downsample2_Q37\frame_0516.jpg,D:\visualization2026\visualization\right_downsample2_Q37\frame_0516.jpg,D:\visualization2026\dowsample2_Q37\stitched_frames\frame_0516.jpg,D:\visualization2026\dowsample2_Q37_hess_matched\stitched_frames\frame_0516.jpg,1947,1356,-0.0777427873258335,0.013880121350734617,169.47223017439464,3.850596979783591,178.14519103736325,45.18521901631573,-8.672960862968608,-41.33462203653214,42.234715922254686,5.128710433744379,-38.861302297262625,39.198271479140864,0,1,2.5643552168721895,-19.430651148631313,-2.5643552168721895,19.430651148631313,0,0,42.234715922254686,1464.1087611648677,1025.1328750416249,1285.9635701275045,979.9476560253091,12,12,0.9737387284450952,0.09445605538662365,2.654339120897606,-0.09580717201320046,0.9724628427030406,135.40922891199412,-5.6785132713427066e-05,-2.1047739753050222e-05,1.0,1.0,0.0,344.4356447831278,0.0,1.0,106.43065114863131,0.0,0.0,1.0
frame_0518.jpg,frame_0518,518,D:\visualization2026\visualization\left_downsample2_Q37\frame_0518.jpg,D:\visualization2026\visualization\right_downsample2_Q37\frame_0518.jpg,D:\visualization2026\dowsample2_Q37\stitched_frames\frame_0518.jpg,D:\visualization2026\dowsample2_Q37_hess_matched\stitched_frames\frame_0518.jpg,1980,1351,-0.077518727069538,0.013629465726387624,168.48339258896334,3.6357682583365727,158.32121403402653,37.50763566587068,10.162178554936816,-33.871867407534104,35.363445457929984,8.908872982809982,-38.41496585692326,39.4344724779275,0,1,4.454436491404991,-19.20748292846163,-4.454436491404991,19.20748292846163,0,0,35.363445457929984,1483.1445658696482,1007.911375075745,1324.8233518356217,970.4037394098743,12,12,1.0113018976033026,0.11027015141715035,4.255355440761562,-0.0885376406210399,0.9951237084029275,123.75618621688697,-3.9412750681518515e-05,-8.604208416487218e-06,1.0,1.0,0.0,375.545563508595,0.0,1.0,98.20748292846163,0.0,0.0,1.0
frame_0520.jpg,frame_0520,520,D:\visualization2026\visualization\left_downsample2_Q37\frame_0520.jpg,D:\visualization2026\visualization\right_downsample2_Q37\frame_0520.jpg,D:\visualization2026\dowsample2_Q37\stitched_frames\frame_0520.jpg,D:\visualization2026\dowsample2_Q37_hess_matched\stitched_frames\frame_0520.jpg,2003,1353,-0.07721272216274078,0.013326676384571412,167.22683333744916,3.3806096183207024,139.51693222374502,39.368097795883955,27.70990111370415,-35.98748817756325,45.41957645180673,12.92300793681916,-37.392444931671115,39.56259688270157,0,1,6.46150396840958,-18.696222465835557,-6.46150396840958,18.696222465835557,0,0,45.41957645180673,1495.8974131289785,1010.2530577204477,1356.3804809052335,970.8849599245638,12,12,1.0179262546226466,0.10876696003799301,6.6004263813478365,-0.08500745063498807,1.0001127418367215,118.0545380090097,-3.825122436902327e-05,-9.760466058490594e-06,1.0,1.0,0.0,396.5384960315904,0.0,1.0,97.69622246583556,0.0,0.0,1.0
frame_0522.jpg,frame_0522,522,D:\visualization2026\visualization\left_downsample2_Q37\frame_0522.jpg,D:\visualization2026\visualization\right_downsample2_Q37\frame_0522.jpg,D:\visualization2026\dowsample2_Q37\stitched_frames\frame_0522.jpg,D:\visualization2026\dowsample2_Q37_hess_matched\stitched_frames\frame_0522.jpg,2000,1350,-0.07693494266031908,0.01318094927921988,166.39293504936472,3.273877080580805,149.2074897081318,42.49744177717457,17.185445341232935,-39.22356469659377,42.82321285336239,17.270289075116196,-36.498994107754996,40.37870051916,0,1,8.635144537558098,-18.249497053877498,-8.635144537558098,18.249497053877498,0,0,42.82321285336239,1493.7047400699264,1014.3901576478933,1344.4972503617946,971.8927158707187,12,12,1.0105679091158453,0.10991849662865408,8.263857947349585,-0.08728060802154101,0.997475570149003,122.90924545912509,-4.308932857425021e-05,-7.660626147646285e-06,1.0,1.0,0.0,391.3648554624419,0.0,1.0,100.24949705387749,0.0,0.0,1.0
frame_0524.jpg,frame_0524,524,D:\visualization2026\visualization\left_downsample2_Q37\frame_0524.jpg,D:\visualization2026\visualization\right_downsample2_Q37\frame_0524.jpg,D:\visualization2026\dowsample2_Q37\stitched_frames\frame_0524.jpg,D:\visualization2026\dowsample2_Q37_hess_matched\stitched_frames\frame_0524.jpg,2007,1351,-0.07668616885699964,0.013260496951477352,166.14510742911955,3.38144593551958,147.91463189192905,39.92612827565188,18.2304755371905,-36.5446823401323,40.83949125115638,13.143779154349149,-35.73734696141262,38.07777433488847,0,1,6.5718895771745744,-17.86867348070631,-6.5718895771745744,17.86867348070631,0,0,40.83949125115638,1504.5825855598825,1007.7263460758696,1356.6679536679535,967.8002178002178,12,12,1.02562737222449,0.11236286954617712,6.177586035074143,-0.08322321509185257,1.0051092627132363,116.20782030768281,-3.509893569118116e-05,-7.060733407062585e-06,1.0,1.0,0.0,400.4281104228254,0.0,1.0,95.8686734807063,0.0,0.0,1.0
frame_0526.jpg,frame_0526,526,D:\visualization2026\visualization\left_downsample2_Q37\frame_0526.jpg,D:\visualization2026\visualization\right_downsample2_Q37\frame_0526.jpg,D:\visualization2026\dowsample2_Q37\stitched_frames\frame_0526.jpg,D:\visualization2026\dowsample2_Q37_hess_matched\stitched_frames\frame_0526.jpg,2007,1351,-0.0764404993113883,0.013418484717571871,166.08906556780582,3.564495421421981,153.02562073928925,40.431863338373546,13.063444828516566,-36.867367916951565,39.113378886406196,8.513013106431039,-35.76932214057386,36.768407615049284,0,1,4.2565065532155195,-17.88466107028693,-4.2565065532155195,17.88466107028693,0,0,39.113378886406196,1515.40563270817,1006.7501358298955,1362.3800119688808,966.318272491522,12,12,1.0257086397043482,0.11237921784844453,3.8622030111150885,-0.08322265394447402,1.0051093755973441,116.19183271810218,-3.509893569118116e-05,-7.060733407062585e-06,1.0,1.0,0.0,402.7434934467845,0.0,1.0,95.88466107028694,0.0,0.0,1.0
frame_0528.jpg,frame_0528,528,D:\visualization2026\visualization\left_downsample2_Q37\frame_0528.jpg,D:\visualization2026\visualization\right_downsample2_Q37\frame_0528.jpg,D:\visualization2026\dowsample2_Q37\stitched_frames\frame_0528.jpg,D:\visualization2026\dowsample2_Q37_hess_matched\stitched_frames\frame_0528.jpg,1978,1356,-0.07624863050555153,0.013520669353574363,165.99492541843756,3.686950033812976,176.46529646733597,33.750581709635185,-10.470371048898414,-30.063631675822208,31.834739192289774,5.935768637336224,-35.24878250968289,35.745069838103696,0,1,2.967884318668112,-17.624391254841445,-2.967884318668112,17.624391254841445,0,0,31.834739192289774,1518.0202875014065,1016.8955309027016,1341.5549910340706,983.1449491930664,12,12,1.0116791063045931,0.11502033070892673,2.652671991990431,-0.09087441039839242,1.0025355081232743,129.23059461978585,-4.434916774565579e-05,-3.5102750856303706e-06,1.0,1.0,0.0,375.0321156813319,0.0,1.0,113.62439125484144,0.0,0.0,1.0
frame_0530.jpg,frame_0530,530,D:\visualization2026\visualization\left_downsample2_Q37\frame_0530.jpg,D:\visualization2026\visualization\right_downsample2_Q37\frame_0530.jpg,D:\visualization2026\dowsample2_Q37\stitched_frames\frame_0530.jpg,D:\visualization2026\dowsample2_Q37_hess_matched\stitched_frames\frame_0530.jpg,1979,1352,-0.07618948009451998,0.013563676688110815,165.99323425975805,3.7358283000009616,161.43716338564445,39.883192373370434,4.556070874113601,-36.147364073369474,36.433359867883006,3.540561617888824,-35.23425522252848,35.41169746928751,0,1,1.770280808944412,-17.61712761126424,-1.770280808944412,17.61712761126424,0,0,36.433359867883006,1497.5681264371333,1020.733605678818,1336.1309630514888,980.8504133054475,12,12,1.0120183674817518,0.11772584242349271,2.062245340621209,-0.09102341298208295,1.0038170694630424,129.23848585862942,-4.510445602313409e-05,-3.327237066018839e-07,1.0,1.0,0.0,377.2297191910556,0.0,1.0,113.61712761126424,0.0,0.0,1.0
frame_0532.jpg,frame_0532,532,D:\visualization2026\visualization\left_downsample2_Q37\frame_0532.jpg,D:\visualization2026\visualization\right_downsample2_Q37\frame_0532.jpg,D:\visualization2026\dowsample2_Q37\stitched_frames\frame_0532.jpg,D:\visualization2026\dowsample2_Q37_hess_matched\stitched_frames\frame_0532.jpg,1980,1355,-0.07622852468080199,0.013633196135344527,166.22693251353016,3.798255575302454,161.9277095177713,40.41912211744136,4.299222995758868,-36.620866542138906,36.87236342661548,3.059281106639139,-35.15680978377043,35.289665272734666,0,1,1.5296405533195696,-17.578404891885214,-1.5296405533195696,17.578404891885214,0,0,36.87236342661548,1504.3302139900431,1020.6256416960539,1342.4025044722719,980.2065195786125,12,12,1.0143017621822135,0.11670674701138209,1.9760556924512287,-0.09077704770546367,1.0040999102378305,129.29511044220197,-4.351700226195648e-05,-1.839865659713548e-06,1.0,1.0,0.0,378.47035944668045,0.0,1.0,113.57840489188521,0.0,0.0,1.0
frame_0534.jpg,frame_0534,534,D:\visualization2026\visualization\left_downsample2_Q37\frame_0534.jpg,D:\visualization2026\visualization\right_downsample2_Q37\frame_0534.jpg,D:\visualization2026\dowsample2_Q37\stitched_frames\frame_0534.jpg,D:\visualization2026\dowsample2_Q37_hess_matched\stitched_frames\frame_0534.jpg,1982,1353,-0.07623926106915258,0.01371636357412813,166.44334853690935,3.877368387597693,160.18890809695586,40.34941429195794,6.254440439953498,-36.47204590436025,37.00443429734722,7.1209465729773065,-36.55309171030426,37.24025233100752,0,1,3.5604732864886532,-18.27654585515213,-3.5604732864886532,18.27654585515213,0,0,37.00443429734722,1509.346586429333,1018.0197145405714,1349.1576783323771,977.6703002486134,12,12,1.0150506030192543,0.11606229979198689,4.07619256456085,-0.09019033444531575,1.0046285583535175,126.9084939839835,-4.328682646009719e-05,-1.4602010349769127e-06,1.0,1.0,0.0,378.4395267135113,0.0,1.0,112.27654585515214,0.0,0.0,1.0
frame_0536.jpg,frame_0536,536,D:\visualization2026\visualization\left_downsample2_Q37\frame_0536.jpg,D:\visualization2026\visualization\right_downsample2_Q37\frame_0536.jpg,D:\visualization2026\dowsample2_Q37\stitched_frames\frame_0536.jpg,D:\visualization2026\dowsample2_Q37_hess_matched\stitched_frames\frame_0536.jpg,1999,1359,-0.07613295657598762,0.013793214916619834,166.43926164112366,3.964785395163057,155.78221936885552,40.44492611832436,10.657042272268143,-36.480140723161306,38.00491043502881,8.693828599348109,-36.80630087774627,37.819127964801474,0,1,4.346914299674054,-18.403150438873134,-4.346914299674054,18.403150438873134,0,0,38.00491043502881,1522.8044739849877,1016.611592784991,1367.0222546161322,976.1666666666666,12,12,1.026957591849429,0.11557488045455831,4.180690519996475,-0.0871918439985653,1.0090486999880353,122.24796633255434,-3.74919112569809e-05,-4.5137950939173195e-06,1.0,1.0,0.0,394.65308570032596,0.0,1.0,111.40315043887313,0.0,0.0,1.0
frame_0538.jpg,frame_0538,538,D:\visualization2026\visualization\left_downsample2_Q37\frame_0538.jpg,D:\visualization2026\visualization\right_downsample2_Q37\frame_0538.jpg,D:\visualization2026\dowsample2_Q37\stitched_frames\frame_0538.jpg,D:\visualization2026\dowsample2_Q37_hess_matched\stitched_frames\frame_0538.jpg,1997,1359,-0.07597186667234046,0.013872726919019696,166.345303614205,4.061522088302821,156.50734733141257,41.10656339679417,9.837956282792419,-37.04504130849135,38.329107338548404,6.112351052747892,-36.62125439128399,37.127848154494025,0,1,3.056175526373946,-18.310627195641995,-3.056175526373946,18.310627195641995,0,0,38.329107338548404,1525.8982160433222,1019.8236380791617,1369.3908687119097,978.7170746823675,12,12,1.0206807533420212,0.11648024105482965,3.4386818155524823,-0.0899241908788961,1.0074303361428325,127.05993971117793,-4.135088921585702e-05,-2.85996287094253e-06,1.0,1.0,0.0,393.9438244736261,0.0,1.0,114.310627195642,0.0,0.0,1.0
frame_0540.jpg,frame_0540,540,D:\visualization2026\visualization\left_downsample2_Q37\frame_0540.jpg,D:\visualization2026\visualization\right_downsample2_Q37\frame_0540.jpg,D:\visualization2026\dowsample2_Q37\stitched_frames\frame_0540.jpg,D:\visualization2026\dowsample2_Q37_hess_matched\stitched_frames\frame_0540.jpg,1994,1354,-0.07585451062482362,0.01399393962086258,166.4271934503307,4.193203859104033,154.00671244436307,41.60661376968358,12.420481005967616,-37.413409910579546,39.4212073579267,7.067301857134277,-36.70151112033698,37.37576319028245,0,1,3.5336509285671385,-18.35075556016849,-3.5336509285671385,18.35075556016849,0,0,39.4212073579267,1529.7909324084994,1020.4348664096516,1375.7842199641364,978.828252639968,12,12,1.0125466711697009,0.11560794013208832,3.793644818120552,-0.09153815718893786,1.0052621593508448,129.49442595735724,-4.57716360078115e-05,6.790580350257466e-08,1.0,1.0,0.0,390.4663490714329,0.0,1.0,115.3507555601685,0.0,0.0,1.0
frame_0542.jpg,frame_0542,542,D:\visualization2026\visualization\left_downsample2_Q37\frame_0542.jpg,D:\visualization2026\visualization\right_downsample2_Q37\frame_0542.jpg,D:\visualization2026\dowsample2_Q37\stitched_frames\frame_0542.jpg,D:\visualization2026\dowsample2_Q37_hess_matched\stitched_frames\frame_0542.jpg,2000,1373,-0.07583537226786174,0.01418611071639532,166.85009519274976,4.38141781698772,175.45825992999198,40.077051926815216,-8.60816473724222,-35.695634109827495,36.71891603310452,7.589373779027023,-36.77512172895421,37.55007553304232,0,1,3.7946868895135113,-18.387560864477106,-3.7946868895135113,18.387560864477106,0,0,36.71891603310452,1545.6313214807512,1027.7811886174627,1370.1730615507593,987.7041366906475,12,12,1.0195418413817723,0.11792979791053093,3.7399748629517235,-0.09574907323030753,1.0092116887150056,136.37327846167062,-4.4554918954204806e-05,-4.399800903429985e-06,1.0,1.0,0.0,396.2053131104865,0.0,1.0,126.38756086447711,0.0,0.0,1.0
frame_0544.jpg,frame_0544,544,D:\visualization2026\visualization\left_downsample2_Q37\frame_0544.jpg,D:\visualization2026\visualization\right_downsample2_Q37\frame_0544.jpg,D:\visualization2026\dowsample2_Q37\stitched_frames\frame_0544.jpg,D:\visualization2026\dowsample2_Q37_hess_matched\stitched_frames\frame_0544.jpg,2000,1373,-0.07585810057086373,0.014425039804473475,167.45758005549345,4.609697917571403,156.42838559360803,41.48302746719662,11.029194461885425,-36.87332954962522,38.487472800293716,9.301533998353728,-36.770654885033295,37.928875482892366,0,1,4.650766999176864,-18.385327442516648,-4.650766999176864,18.385327442516648,0,0,38.487472800293716,1537.570070667764,1028.8425520280464,1381.141685074156,987.3595245608498,12,12,1.019503698801868,0.11792603132849103,4.596054972615076,-0.09574917274024197,1.0092116788883936,136.37551188363108,-4.4554918954204806e-05,-4.399800903429985e-06,1.0,1.0,0.0,395.3492330008231,0.0,1.0,126.38532744251665,0.0,0.0,1.0
frame_0546.jpg,frame_0546,546,D:\visualization2026\visualization\left_downsample2_Q37\frame_0546.jpg,D:\visualization2026\visualization\right_downsample2_Q37\frame_0546.jpg,D:\visualization2026\dowsample2_Q37\stitched_frames\frame_0546.jpg,D:\visualization2026\dowsample2_Q37_hess_matched\stitched_frames\frame_0546.jpg,2000,1373,-0.07576662826914693,0.014428208232349166,167.30450073434474,4.624026424222922,154.03709885261287,41.47222019047035,13.267401881731871,-36.848193766247434,39.16392902309852,7.4466507791858705,-36.11264214321316,36.872422355887124,0,1,3.7233253895929352,-18.05632107160658,-3.7233253895929352,18.05632107160658,0,0,39.16392902309852,1534.793382330157,1028.1848283486904,1380.7562834775442,986.7126081582201,12,12,1.0195450208876176,0.11793011188692276,3.6686133630311475,-0.09576383159243329,1.0092102313258655,136.70451825454114,-4.4554918954204806e-05,-4.399800903429985e-06,1.0,1.0,0.0,396.27667461040704,0.0,1.0,126.05632107160658,0.0,0.0,1.0
frame_0548.jpg,frame_0548,548,D:\visualization2026\visualization\left_downsample2_Q37\frame_0548.jpg,D:\visualization2026\visualization\right_downsample2_Q37\frame_0548.jpg,D:\visualization2026\dowsample2_Q37\stitched_frames\frame_0548.jpg,D:\visualization2026\dowsample2_Q37_hess_matched\stitched_frames\frame_0548.jpg,2000,1373,-0.07571857827895956,0.0144240514467001,167.21026065250004,4.625923235114611,148.8115032730741,41.648630324001374,18.398757379425945,-37.02270708888676,41.34241300766668,8.658865773198029,-35.863635683753074,36.894123121917765,0,1,4.329432886599014,-17.931817841876537,-4.329432886599014,17.931817841876537,0,0,41.34241300766668,1539.305819709326,1027.241871491436,1390.494316436252,985.5932411674347,12,12,1.019518015817211,0.11792744513460986,4.274720860037227,-0.09576937882374345,1.009209683536443,136.8290214842712,-4.4554918954204806e-05,-4.399800903429985e-06,1.0,1.0,0.0,395.670567113401,0.0,1.0,125.93181784187654,0.0,0.0,1.0
frame_0550.jpg,frame_0550,550,D:\visualization2026\visualization\left_downsample2_Q37\frame_0550.jpg,D:\visualization2026\visualization\right_downsample2_Q37\frame_0550.jpg,D:\visualization2026\dowsample2_Q37\stitched_frames\frame_0550.jpg,D:\visualization2026\dowsample2_Q37_hess_matched\stitched_frames\frame_0550.jpg,1979,1365,-0.07590527630852895,0.014439943791173623,167.575815234496,4.618302860298932,164.42975032436766,38.74164906177782,3.146064910128331,-34.12334620147889,34.26806794093773,3.22525202526744,-36.07227747156371,36.21617667026676,0,1,1.61262601263372,-18.036138735781854,-1.61262601263372,18.036138735781854,0,0,34.26806794093773,1538.4834324338328,1029.6405880259547,1374.0536821094652,990.8989389641769,12,12,1.012382454985845,0.11568368610281146,1.103728769170354,-0.0953954531377491,1.0071260106751483,135.6633043746753,-5.041839034062629e-05,-1.8113833964117205e-06,1.0,1.0,0.0,377.3873739873663,0.0,1.0,132.03613873578186,0.0,0.0,1.0
frame_0552.jpg,frame_0552,552,D:\visualization2026\visualization\left_downsample2_Q37\frame_0552.jpg,D:\visualization2026\visualization\right_downsample2_Q37\frame_0552.jpg,D:\visualization2026\dowsample2_Q37\stitched_frames\frame_0552.jpg,D:\visualization2026\dowsample2_Q37_hess_matched\stitched_frames\frame_0552.jpg,1979,1365,-0.07605396106314477,0.014447397933787867,167.85458152429283,4.607202596747174,170.40167129147426,39.05780440927424,-2.5470897671814328,-34.45060181252707,34.544632456104864,3.9185189118387886,-35.64803131426716,35.86275124757455,0,1,1.9592594559193943,-17.82401565713358,-1.9592594559193943,17.82401565713358,0,0,34.544632456104864,1548.5287454355614,1029.5489827331558,1378.1270741440871,990.4911783238815,12,12,1.0123649782855961,0.11568305821674765,1.4503622124560283,-0.09540614804192864,1.0071256264389257,135.8754274533236,-5.041839034062629e-05,-1.8113833964117205e-06,1.0,1.0,0.0,377.0407405440806,0.0,1.0,131.82401565713357,0.0,0.0,1.0
frame_0554.jpg,frame_0554,554,D:\visualization2026\visualization\left_downsample2_Q37\frame_0554.jpg,D:\visualization2026\visualization\right_downsample2_Q37\frame_0554.jpg,D:\visualization2026\dowsample2_Q37\stitched_frames\frame_0554.jpg,D:\visualization2026\dowsample2_Q37_hess_matched\stitched_frames\frame_0554.jpg,1979,1365,-0.07608508718623708,0.014515669707781606,168.07141277437847,4.669398295645012,184.210287052146,42.585936784323394,-16.138874277767513,-37.916538488678384,41.20833840276765,3.2813480908567842,-35.133933511741404,35.28683223669752,0,1,1.6406740454283921,-17.566966755870702,-1.6406740454283921,17.566966755870702,0,0,41.20833840276765,1552.2224158685408,1028.0607381226755,1368.0121288163948,985.4748013383521,12,12,1.0123810408491791,0.11568363529707056,1.131776801965026,-0.09541910803376914,1.007125160824814,136.13247635458646,-5.041839034062629e-05,-1.8113833964117205e-06,1.0,1.0,0.0,377.3593259545716,0.0,1.0,131.5669667558707,0.0,0.0,1.0
frame_0556.jpg,frame_0556,556,D:\visualization2026\visualization\left_downsample2_Q37\frame_0556.jpg,D:\visualization2026\visualization\right_downsample2_Q37\frame_0556.jpg,D:\visualization2026\dowsample2_Q37\stitched_frames\frame_0556.jpg,D:\visualization2026\dowsample2_Q37_hess_matched\stitched_frames\frame_0556.jpg,1979,1365,-0.07603084345623834,0.014717768279522092,168.45625976201285,4.871536539839353,151.72252344742424,39.59849951960405,16.73373631458861,-34.72696297976469,38.54840967983153,6.083065114623077,-35.40439987863599,35.92318488045157,0,1,3.0415325573115384,-17.702199939317996,-3.0415325573115384,17.702199939317996,0,0,38.54840967983153,1524.3008070853423,1025.4335962386378,1372.578283637918,985.8350967190338,12,12,1.0123104118179151,0.11568109780522141,2.5326353138481723,-0.09541228979433909,1.007125405783957,135.99724317113916,-5.041839034062629e-05,-1.8113833964117205e-06,1.0,1.0,0.0,375.95846744268846,0.0,1.0,131.702199939318,0.0,0.0,1.0
frame_0558.jpg,frame_0558,558,D:\visualization2026\visualization\left_downsample2_Q37\frame_0558.jpg,D:\visualization2026\visualization\right_downsample2_Q37\frame_0558.jpg,D:\visualization2026\dowsample2_Q37\stitched_frames\frame_0558.jpg,D:\visualization2026\dowsample2_Q37_hess_matched\stitched_frames\frame_0558.jpg,1979,1365,-0.07600429963080846,0.014878232346962006,168.79083866450046,5.029997154610632,153.57793538998453,39.48221523086863,15.212903274515924,-34.452218076258,37.66148903606727,8.811386454950618,-35.62886293708058,36.70226703417326,0,1,4.405693227475309,-17.81443146854029,-4.405693227475309,17.81443146854029,0,0,37.66148903606727,1531.7861635044626,1024.469483749387,1378.208228114478,984.9872685185185,12,12,1.0122416330327595,0.11567862678723344,3.896795984011943,-0.09540663126129025,1.0071256090782856,135.8850116419169,-5.041839034062629e-05,-1.8113833964117205e-06,1.0,1.0,0.0,374.5943067725247,0.0,1.0,131.81443146854028,0.0,0.0,1.0
frame_0560.jpg,frame_0560,560,D:\visualization2026\visualization\left_downsample2_Q37\frame_0560.jpg,D:\visualization2026\visualization\right_downsample2_Q37\frame_0560.jpg,D:\visualization2026\dowsample2_Q37\stitched_frames\frame_0560.jpg,D:\visualization2026\dowsample2_Q37_hess_matched\stitched_frames\frame_0560.jpg,1979,1365,-0.07607172227702763,0.014837315388963823,168.81201982678175,4.982121916048711,151.65736979782196,40.45779995200053,17.154650028959793,-35.475678035951816,39.40565631640469,13.198098879555245,-35.089521161946536,37.4895226617946,0,1,6.599049439777622,-17.544760580973268,-6.599049439777622,17.544760580973268,0,0,39.40565631640469,1533.862821176037,1024.309629032849,1382.205451378215,983.8518290808485,12,12,1.0121310475430916,0.11567465377820806,6.090152196314256,-0.0954202276333631,1.0071251206009173,136.1546825294839,-5.041839034062629e-05,-1.8113833964117205e-06,1.0,1.0,0.0,372.4009505602224,0.0,1.0,131.54476058097327,0.0,0.0,1.0
frame_0562.jpg,frame_0562,562,D:\visualization2026\visualization\left_downsample2_Q37\frame_0562.jpg,D:\visualization2026\visualization\right_downsample2_Q37\frame_0562.jpg,D:\visualization2026\dowsample2_Q37\stitched_frames\frame_0562.jpg,D:\visualization2026\dowsample2_Q37_hess_matched\stitched_frames\frame_0562.jpg,1979,1365,-0.07617034496089936,0.014630627036347432,168.4941897910475,4.770079730639402,157.39967285659122,40.342996835389386,11.094516934456266,-35.57291710474998,37.2628600264439,10.000544847154742,-35.17383765070049,36.56787869589633,0,1,5.000272423577371,-17.586918825350246,-5.000272423577371,17.586918825350246,0,0,37.2628600264439,1543.5626289481188,1023.8082617292257,1386.1629560915276,983.4652648938363,12,12,1.012211655306762,0.11567754977634977,4.491375180114005,-0.09541810208254202,1.0071251969656612,136.11252428510693,-5.041839034062629e-05,-1.8113833964117205e-06,1.0,1.0,0.0,373.99972757642263,0.0,1.0,131.58691882535024,0.0,0.0,1.0
frame_0564.jpg,frame_0564,564,D:\visualization2026\visualization\left_downsample2_Q37\frame_0564.jpg,D:\visualization2026\visualization\right_downsample2_Q37\frame_0564.jpg,D:\visualization2026\dowsample2_Q37\stitched_frames\frame_0564.jpg,D:\visualization2026\dowsample2_Q37_hess_matched\stitched_frames\frame_0564.jpg,1979,1365,-0.07623510387885168,0.014388907089085273,168.03368421173633,4.528327021903593,162.2389963664807,39.748156634911766,5.794687845255623,-35.21982961300817,35.6933439900674,6.133032372078874,-35.066929906203356,35.59920868676081,0,1,3.066516186039437,-17.533464953101678,-3.066516186039437,17.533464953101678,0,0,35.6933439900674,1544.1102084876927,1023.3996717864269,1381.871212121212,983.6515151515151,12,12,1.0123091521835696,0.11568105255029115,2.557618942576071,-0.09542079714073827,1.0071251001402046,136.16597815735548,-5.041839034062629e-05,-1.8113833964117205e-06,1.0,1.0,0.0,375.93348381396055,0.0,1.0,131.53346495310169,0.0,0.0,1.0
frame_0566.jpg,frame_0566,566,D:\visualization2026\visualization\left_downsample2_Q37\frame_0566.jpg,D:\visualization2026\visualization\right_downsample2_Q37\frame_0566.jpg,D:\visualization2026\dowsample2_Q37\stitched_frames\frame_0566.jpg,D:\visualization2026\dowsample2_Q37_hess_matched\stitched_frames\frame_0566.jpg,1979,1365,-0.07620707847927366,0.014218700418420396,167.58014966038263,4.367163724283208,166.83418350779652,39.51570914781769,0.7459661525861065,-35.14854542353448,35.156460443154266,5.354880737954642,-33.6242087278529,34.047939148969604,0,1,2.677440368977321,-16.81210436392645,-2.677440368977321,16.81210436392645,0,0,35.156460443154266,1553.984139820597,1021.7775046917234,1387.1499563128004,982.2617955439057,12,12,1.0123287687599865,0.11568175731576612,2.168543125513955,-0.09545716698049965,1.0071237934796105,136.8873387465307,-5.041839034062629e-05,-1.8113833964117205e-06,1.0,1.0,0.0,376.32255963102267,0.0,1.0,130.81210436392644,0.0,0.0,1.0
frame_0568.jpg,frame_0568,568,D:\visualization2026\visualization\left_downsample2_Q37\frame_0568.jpg,D:\visualization2026\visualization\right_downsample2_Q37\frame_0568.jpg,D:\visualization2026\dowsample2_Q37\stitched_frames\frame_0568.jpg,D:\visualization2026\dowsample2_Q37_hess_matched\stitched_frames\frame_0568.jpg,1979,1365,-0.07614493446270643,0.014128229559627309,167.25612338908724,4.287317942856131,171.38078248995066,38.20499729662845,-4.1246591008634255,-33.917679353772314,34.16755457219097,7.21635990833787,-32.43030327808947,33.223492005439866,0,1,3.608179954168935,-16.215151639044734,-3.608179954168935,16.215151639044734,0,0,34.16755457219097,1555.3559006001867,1020.2399579265497,1383.975118110236,982.0349606299212,12,12,1.012281842368275,0.11568007138953512,3.099282710705569,-0.09548726437599764,1.0071227121693562,137.48429147141243,-5.041839034062629e-05,-1.8113833964117205e-06,1.0,1.0,0.0,375.3918200458311,0.0,1.0,130.21515163904473,0.0,0.0,1.0
frame_0570.jpg,frame_0570,570,D:\visualization2026\visualization\left_downsample2_Q37\frame_0570.jpg,D:\visualization2026\visualization\right_downsample2_Q37\frame_0570.jpg,D:\visualization2026\dowsample2_Q37\stitched_frames\frame_0570.jpg,D:\visualization2026\dowsample2_Q37_hess_matched\stitched_frames\frame_0570.jpg,1979,1365,-0.07613383676301844,0.01407382965631189,167.10741058948292,4.236071984842087,153.8435187311443,32.498144129041634,13.263891858338638,-28.262072144199546,31.21979418756059,9.565713426709483,-31.202303972470837,32.63566525371284,0,1,4.782856713354741,-15.601151986235418,-4.782856713354741,15.601151986235418,0,0,31.21979418756059,1537.9431469026229,1015.435370725717,1384.0996281714786,982.9372265966754,12,12,1.0122226170569062,0.11567794359955738,4.273959469891375,-0.09551822125016199,1.0071215999805798,138.09829112422176,-5.041839034062629e-05,-1.8113833964117205e-06,1.0,1.0,0.0,374.21714328664524,0.0,1.0,129.6011519862354,0.0,0.0,1.0
frame_0572.jpg,frame_0572,572,D:\visualization2026\visualization\left_downsample2_Q37\frame_0572.jpg,D:\visualization2026\visualization\right_downsample2_Q37\frame_0572.jpg,D:\visualization2026\dowsample2_Q37\stitched_frames\frame_0572.jpg,D:\visualization2026\dowsample2_Q37_hess_matched\stitched_frames\frame_0572.jpg,1979,1365,-0.07622964874287219,0.014170560784570088,167.50542200412343,4.317826374835405,147.10350921775103,33.92121623076821,20.401912786372407,-29.603389855932804,35.9527291913297,14.499011095560803,-30.00570894382871,33.32512403534243,0,1,7.249505547780402,-15.002854471914356,-7.249505547780402,15.002854471914356,0,0,35.9527291913297,1540.8412799520352,1014.8037307579737,1393.7377707342841,980.8825145272054,12,12,1.0120982525931388,0.11567347555281392,6.7406083043170355,-0.09554838644777885,1.0071205162343961,138.6965886385428,-5.041839034062629e-05,-1.8113833964117205e-06,1.0,1.0,0.0,371.7504944522196,0.0,1.0,129.00285447191436,0.0,0.0,1.0
frame_0574.jpg,frame_0574,574,D:\visualization2026\visualization\left_downsample2_Q37\frame_0574.jpg,D:\visualization2026\visualization\right_downsample2_Q37\frame_0574.jpg,D:\visualization2026\dowsample2_Q37\stitched_frames\frame_0574.jpg,D:\visualization2026\dowsample2_Q37_hess_matched\stitched_frames\frame_0574.jpg,1979,1365,-0.0763415583733833,0.014936806462155838,169.52213695513504,5.045115708802707,151.98068151802136,34.12494879371775,17.541455437113683,-29.07983308491504,33.960850270550715,19.037230831461542,-28.953923055223846,34.651779435090674,0,1,9.518615415730771,-14.476961527611923,-9.518615415730771,14.476961527611923,0,0,33.960850270550715,1546.054839794518,1014.4234223240848,1394.0741582764967,980.298473530367,12,12,1.0119838477260907,0.11566936532487448,9.009718172267405,-0.09557490112352207,1.0071195636406487,139.22248158284523,-5.041839034062629e-05,-1.8113833964117205e-06,1.0,1.0,0.0,369.4813845842692,0.0,1.0,128.47696152761193,0.0,0.0,1.0
frame_0576.jpg,frame_0576,576,D:\visualization2026\visualization\left_downsample2_Q37\frame_0576.jpg,D:\visualization2026\visualization\right_downsample2_Q37\frame_0576.jpg,D:\visualization2026\dowsample2_Q37\stitched_frames\frame_0576.jpg,D:\visualization2026\dowsample2_Q37_hess_matched\stitched_frames\frame_0576.jpg,1979,1365,-0.0764857195497447,0.015432500488977471,170.9527802354599,5.506770970320694,145.54032573861718,34.672341250644536,25.412454496842713,-29.16557028032384,38.683631335884314,18.684576115956176,-23.285365662404203,29.855010277419645,0,1,9.342288057978088,-11.642682831202102,-9.342288057978088,11.642682831202102,0,0,38.683631335884314,1548.5274886296636,1013.9069690823598,1402.9871628910464,979.2346278317152,12,12,1.0119927378676417,0.11566968472132265,8.833390814514722,-0.09571780089317178,1.0071144296752772,142.05676027925506,-5.041839034062629e-05,-1.8113833964117205e-06,1.0,1.0,0.0,369.65771194202193,0.0,1.0,125.64268283120211,0.0,0.0,1.0
frame_0578.jpg,frame_0578,578,D:\visualization2026\visualization\left_downsample2_Q37\frame_0578.jpg,D:\visualization2026\visualization\right_downsample2_Q37\frame_0578.jpg,D:\visualization2026\dowsample2_Q37\stitched_frames\frame_0578.jpg,D:\visualization2026\dowsample2_Q37_hess_matched\stitched_frames\frame_0578.jpg,1979,1365,-0.07672598086519988,0.01472466607685416,169.69315938951854,4.792606356949995,151.12671981087828,33.451356267697975,18.566439578640257,-28.65874991074798,34.14727844315117,15.959008927584488,-23.899659717799967,28.73819236795091,0,1,7.979504463792244,-11.949829858899983,-7.979504463792244,11.949829858899983,0,0,34.14727844315117,1558.2449400122423,1012.8335149772356,1407.118220201364,979.3821587095376,12,12,1.012061447222843,0.11567215324489806,7.470607220328878,-0.09570231503443735,1.0071149860363033,141.74961325155718,-5.041839034062629e-05,-1.8113833964117205e-06,1.0,1.0,0.0,371.02049553620776,0.0,1.0,125.94982985889999,0.0,0.0,1.0
frame_0580.jpg,frame_0580,580,D:\visualization2026\visualization\left_downsample2_Q37\frame_0580.jpg,D:\visualization2026\visualization\right_downsample2_Q37\frame_0580.jpg,D:\visualization2026\dowsample2_Q37\stitched_frames\frame_0580.jpg,D:\visualization2026\dowsample2_Q37_hess_matched\stitched_frames\frame_0580.jpg,1979,1365,-0.07716198239772376,0.013922451659469315,168.55301605950154,3.963058598796726,157.05239777868974,3.8823437788980755,11.500618280811807,0.0807148198986507,11.50090151784172,14.035094420866125,-23.748894610549684,27.586117353219958,0,1,7.0175472104330625,-11.874447305274842,-7.0175472104330625,11.874447305274842,1,1,11.50090151784172,1256.0728248910386,1217.2335508355368,1099.020427112349,1213.3512070566387,12,12,1.012109947559134,0.11567389571829485,6.508649966969696,-0.09570611570145089,1.0071148494895974,141.8249958051823,-5.041839034062629e-05,-1.8113833964117205e-06,1.0,1.0,0.0,371.98245278956693,0.0,1.0,125.87444730527484,0.0,0.0,1.0
frame_0582.jpg,frame_0582,582,D:\visualization2026\visualization\left_downsample2_Q37\frame_0582.jpg,D:\visualization2026\visualization\right_downsample2_Q37\frame_0582.jpg,D:\visualization2026\dowsample2_Q37\stitched_frames\frame_0582.jpg,D:\visualization2026\dowsample2_Q37_hess_matched\stitched_frames\frame_0582.jpg,1979,1365,-0.07759733132708002,0.013533824726761248,168.3942087014032,3.5335900306237757,161.6201318568892,36.20845016353542,6.774076844513985,-32.67486013291164,33.36966589285423,21.73172728089942,-24.233910983744217,32.550735969858295,0,1,10.86586364044971,-12.116955491872108,-10.86586364044971,12.116955491872108,0,0,33.36966589285423,1561.8544289655633,1008.8237154787009,1400.2342971086741,972.6152653151655,12,12,1.011915921639211,0.11566692494180938,10.356966396986344,-0.09569388882903823,1.0071152887649,141.58248761858505,-5.041839034062629e-05,-1.8113833964117205e-06,1.0,1.0,0.0,368.13413635955027,0.0,1.0,126.1169554918721,0.0,0.0,1.0
frame_0584.jpg,frame_0584,584,D:\visualization2026\visualization\left_downsample2_Q37\frame_0584.jpg,D:\visualization2026\visualization\right_downsample2_Q37\frame_0584.jpg,D:\visualization2026\dowsample2_Q37\stitched_frames\frame_0584.jpg,D:\visualization2026\dowsample2_Q37_hess_matched\stitched_frames\frame_0584.jpg,1979,1365,-0.07776763302228162,0.013698459687779205,169.08431458681883,3.6718443416745012,161.16243168329697,31.997851890338097,7.921882903521862,-28.326007548663597,29.412904181397305,27.752840840022373,-23.38364134127562,36.29069931909591,0,1,13.876420420011186,-11.69182067063781,-13.876420420011186,11.69182067063781,0,0,29.412904181397305,1561.509630228586,999.7205476512199,1400.347198545289,967.7226957608818,12,12,1.0117641342123567,0.11566147166924493,13.36752317654782,-0.09571532344240262,1.0071145186827437,142.00762243981936,-5.041839034062629e-05,-1.8113833964117205e-06,1.0,1.0,0.0,365.1235795799888,0.0,1.0,125.69182067063781,0.0,0.0,1.0
frame_0586.jpg,frame_0586,586,D:\visualization2026\visualization\left_downsample2_Q37\frame_0586.jpg,D:\visualization2026\visualization\right_downsample2_Q37\frame_0586.jpg,D:\visualization2026\dowsample2_Q37\stitched_frames\frame_0586.jpg,D:\visualization2026\dowsample2_Q37_hess_matched\stitched_frames\frame_0586.jpg,1979,1365,-0.0774300148861583,0.014087535037496837,169.41578170598845,4.0897117247221635,105.52016290897927,35.6803638710187,63.89561879700918,-31.590652146296534,71.27846381959296,34.281558099014596,-27.62622223289343,44.02764336819913,0,1,17.140779049507298,-13.813111116446715,-17.140779049507298,13.813111116446715,0,0,71.27846381959296,1496.9466186477878,1004.5218313903724,1391.4264557388085,968.8414675193537,12,12,1.0115995505047628,0.11565555866422353,16.631881806043932,-0.09560837139267998,1.007118361153036,139.88633199401045,-5.041839034062629e-05,-1.8113833964117205e-06,1.0,1.0,0.0,361.8592209504927,0.0,1.0,127.81311111644672,0.0,0.0,1.0
frame_0588.jpg,frame_0588,588,D:\visualization2026\visualization\left_downsample2_Q37\frame_0588.jpg,D:\visualization2026\visualization\right_downsample2_Q37\frame_0588.jpg,D:\visualization2026\dowsample2_Q37\stitched_frames\frame_0588.jpg,D:\visualization2026\dowsample2_Q37_hess_matched\stitched_frames\frame_0588.jpg,1979,1365,-0.07691125518280828,0.014583459387426487,169.6830236818031,4.633223848951876,121.01101630754806,29.040625547356854,48.67200737425503,-24.40740169840498,54.448926155681335,41.807810872414564,-25.34846467361092,48.89210274934886,0,1,20.903905436207282,-12.67423233680546,-20.903905436207282,12.67423233680546,0,0,54.448926155681335,1508.8067728681287,994.0960135987247,1387.7957565605807,965.0553880513678,12,12,1.011409819729697,0.11564874219956806,20.395008192743916,-0.09566579182754259,1.0071162982069242,141.0252107736517,-5.041839034062629e-05,-1.8113833964117205e-06,1.0,1.0,0.0,358.0960945637927,0.0,1.0,126.67423233680546,0.0,0.0,1.0
frame_0590.jpg,frame_0590,590,D:\visualization2026\visualization\left_downsample2_Q37\frame_0590.jpg,D:\visualization2026\visualization\right_downsample2_Q37\frame_0590.jpg,D:\visualization2026\dowsample2_Q37\stitched_frames\frame_0590.jpg,D:\visualization2026\dowsample2_Q37_hess_matched\stitched_frames\frame_0590.jpg,1979,1365,-0.07663035847130617,0.01513216950795665,170.49329581590095,5.19849625931719,126.34909124012802,26.33068589750758,44.14420457577293,-21.13218963819039,48.941600265338,48.89996359784612,-24.051097809715028,54.49460290453683,0,1,24.44998179892306,-12.025548904857514,-24.44998179892306,12.025548904857514,0,0,48.941600265338,1507.9745909700036,993.2755805490473,1381.6254997298756,966.9448946515397,12,12,1.011231032267464,0.11564231889572223,23.941084555459692,-0.09569849740202205,1.007115123192526,141.67389420559965,-5.041839034062629e-05,-1.8113833964117205e-06,1.0,1.0,0.0,354.55001820107697,0.0,1.0,126.02554890485752,0.0,0.0,1.0
frame_0592.jpg,frame_0592,592,D:\visualization2026\visualization\left_downsample2_Q37\frame_0592.jpg,D:\visualization2026\visualization\right_downsample2_Q37\frame_0592.jpg,D:\visualization2026\dowsample2_Q37\stitched_frames\frame_0592.jpg,D:\visualization2026\dowsample2_Q37_hess_matched\stitched_frames\frame_0592.jpg,1979,1365,-0.07655483336731772,0.015051214076622424,170.16837920047962,5.129501058503188,125.76303848896578,26.415573395002298,44.405340711513844,-21.28607233649911,49.243590031803144,44.155802959795686,-21.828296813282602,49.25656785437923,0,1,22.077901479897843,-10.914148406641301,-22.077901479897843,10.914148406641301,0,0,49.243590031803144,1507.912015717835,989.5137336934712,1382.1489772288692,963.0981602984689,12,12,1.011350628738908,0.11564661564262707,21.569004236434477,-0.09575453242616587,1.0071131100201167,142.78529470381588,-5.041839034062629e-05,-1.8113833964117205e-06,1.0,1.0,0.0,356.92209852010217,0.0,1.0,124.9141484066413,0.0,0.0,1.0
frame_0594.jpg,frame_0594,594,D:\visualization2026\visualization\left_downsample2_Q37\frame_0594.jpg,D:\visualization2026\visualization\right_downsample2_Q37\frame_0594.jpg,D:\visualization2026\dowsample2_Q37\stitched_frames\frame_0594.jpg,D:\visualization2026\dowsample2_Q37_hess_matched\stitched_frames\frame_0594.jpg,1979,1365,-0.07656462728554803,0.014608774166450608,169.1345541715992,4.70039171678294,125.75190764091963,26.539564945967072,43.38264653067958,-21.839173229184134,48.569573884688324,41.359199350600434,-21.867785956346687,46.78443580460601,0,1,20.679599675300217,-10.933892978173343,-20.679599675300217,10.933892978173343,0,0,48.569573884688324,1507.753173143324,984.4076995954229,1382.0012655024043,957.8681346494558,12,12,1.0114211288651063,0.11564914850329909,20.17070243183685,-0.09575353693665126,1.0071131457851057,142.76555013228383,-5.041839034062629e-05,-1.8113833964117205e-06,1.0,1.0,0.0,358.3204003246998,0.0,1.0,124.93389297817335,0.0,0.0,1.0
frame_0596.jpg,frame_0596,596,D:\visualization2026\visualization\left_downsample2_Q37\frame_0596.jpg,D:\visualization2026\visualization\right_downsample2_Q37\frame_0596.jpg,D:\visualization2026\dowsample2_Q37\stitched_frames\frame_0596.jpg,D:\visualization2026\dowsample2_Q37_hess_matched\stitched_frames\frame_0596.jpg,1979,1365,-0.07662469885292122,0.01442234339834142,168.79715867703098,4.5126888436459645,128.62234307027393,24.989336007780366,40.17481560675705,-20.476647164134402,45.09222647110457,39.59913615078085,-22.834740539765992,45.71123449882437,0,1,19.799568075390425,-11.417370269882996,-19.799568075390425,11.417370269882996,0,0,45.09222647110457,1507.7422790387507,974.2891759289723,1379.1199359684767,949.299839921192,12,12,1.0114654986418226,0.11565074257792748,19.29067083192706,-0.09572916078983702,1.0071140215478445,142.28207284057416,-5.041839034062629e-05,-1.8113833964117205e-06,1.0,1.0,0.0,359.2004319246096,0.0,1.0,125.417370269883,0.0,0.0,1.0
frame_0598.jpg,frame_0598,598,D:\visualization2026\visualization\left_downsample2_Q37\frame_0598.jpg,D:\visualization2026\visualization\right_downsample2_Q37\frame_0598.jpg,D:\visualization2026\dowsample2_Q37\stitched_frames\frame_0598.jpg,D:\visualization2026\dowsample2_Q37_hess_matched\stitched_frames\frame_0598.jpg,1979,1365,-0.07672028164522104,0.014470169464511545,169.07859315208347,4.547173198772563,134.3896038238047,29.15202061249795,34.68898932827878,-24.604847413725388,42.52910176420551,37.924340095748725,-23.105997323543807,44.40881313448523,0,1,18.962170047874363,-11.552998661771904,-18.962170047874363,11.552998661771904,0,1,42.52910176420551,1508.0136959850868,972.9318853758338,1373.624092161282,943.7798647633358,12,12,1.0115077189024442,0.11565225942681072,18.453272804410997,-0.0957223226246335,1.0071142672228617,142.14644444868526,-5.041839034062629e-05,-1.8113833964117205e-06,1.0,1.0,0.0,360.03782995212566,0.0,1.0,125.55299866177191,0.0,0.0,1.0
frame_0600.jpg,frame_0600,600,D:\visualization2026\visualization\left_downsample2_Q37\frame_0600.jpg,D:\visualization2026\visualization\right_downsample2_Q37\frame_0600.jpg,D:\visualization2026\dowsample2_Q37\stitched_frames\frame_0600.jpg,D:\visualization2026\dowsample2_Q37_hess_matched\stitched_frames\frame_0600.jpg,1979,1365,-0.07684690120480464,0.014574564470479112,169.54890177076823,4.632545925597849,134.20501319409323,30.599508480884765,35.343888576675,-25.966962555286916,43.857423591315644,33.4304733861685,-22.74375774036117,40.43358835146294,0,1,16.71523669308425,-11.371878870180584,-16.71523669308425,11.371878870180584,0,0,43.857423591315644,1507.557992136055,968.9641720658873,1373.3529789419617,938.3646635850025,12,12,1.0116210056653954,0.11565632948458242,16.206339449620884,-0.09573145439298435,1.0071139391454784,142.3275642402766,-5.041839034062629e-05,-1.8113833964117205e-06,1.0,1.0,0.0,362.28476330691575,0.0,1.0,125.37187887018058,0.0,0.0,1.0
frame_0602.jpg,frame_0602,602,D:\visualization2026\visualization\left_downsample2_Q37\frame_0602.jpg,D:\visualization2026\visualization\right_downsample2_Q37\frame_0602.jpg,D:\visualization2026\dowsample2_Q37\stitched_frames\frame_0602.jpg,D:\visualization2026\dowsample2_Q37_hess_matched\stitched_frames\frame_0602.jpg,1979,1365,-0.07699748075005097,0.014720697663249543,170.1604285822302,4.755335000732675,134.129068145877,27.39769125612088,36.0313604363532,-22.642356255388204,42.55508467492828,29.51346146851351,-22.045149445871424,36.83792912127712,0,1,14.756730734256754,-11.022574722935712,-14.756730734256754,11.022574722935712,0,0,42.55508467492828,1506.920701926461,962.0501511351,1372.791633780584,934.6524598789791,12,12,1.011719750383312,0.11565987708975801,14.247833490793388,-0.09574906574582774,1.007113306421746,142.67686838752147,-5.041839034062629e-05,-1.8113833964117205e-06,1.0,1.0,0.0,364.24326926574327,0.0,1.0,125.02257472293572,0.0,0.0,1.0
frame_0604.jpg,frame_0604,604,D:\visualization2026\visualization\left_downsample2_Q37\frame_0604.jpg,D:\visualization2026\visualization\right_downsample2_Q37\frame_0604.jpg,D:\visualization2026\dowsample2_Q37\stitched_frames\frame_0604.jpg,D:\visualization2026\dowsample2_Q37_hess_matched\stitched_frames\frame_0604.jpg,1979,1365,-0.07720057320259421,0.014857925921901174,170.84300314642425,4.863045118357551,149.92969016364577,24.891020431628476,20.91331298277848,-20.027975313270925,28.956630588945263,26.74461684060592,-21.27285218266153,34.17321714349103,0,1,13.37230842030296,-10.636426091330765,-13.37230842030296,10.636426091330765,0,0,28.956630588945263,1507.6802961082815,953.7311786150701,1357.7506059446357,928.8401581834416,12,12,1.0117895507279333,0.11566238480935113,12.863411176839595,-0.0957685347382655,1.007112606958526,143.0630170191264,-5.041839034062629e-05,-1.8113833964117205e-06,1.0,1.0,0.0,365.62769157969706,0.0,1.0,124.63642609133076,0.0,0.0,1.0
frame_0606.jpg,frame_0606,606,D:\visualization2026\visualization\left_downsample2_Q37\frame_0606.jpg,D:\visualization2026\visualization\right_downsample2_Q37\frame_0606.jpg,D:\visualization2026\dowsample2_Q37\stitched_frames\frame_0606.jpg,D:\visualization2026\dowsample2_Q37_hess_matched\stitched_frames\frame_0606.jpg,1979,1365,-0.07741322233200543,0.014973122202664044,171.490019992246,4.948270293136549,150.9002639737639,21.931875984822227,20.589756018482092,-16.98360569168568,26.690464874019668,23.947547994721884,-20.914741774217195,31.794834147101536,0,1,11.973773997360942,-10.457370887108597,-11.973773997360942,10.457370887108597,0,0,26.690464874019668,1507.0367089689448,950.3697115899441,1356.136444995181,928.4378356051219,12,12,1.011860062582374,0.11566491809138416,11.464876753897576,-0.0957775624134445,1.007112282620902,143.24207222334857,-5.041839034062629e-05,-1.8113833964117205e-06,1.0,1.0,0.0,367.0262260026391,0.0,1.0,124.4573708871086,0.0,0.0,1.0
frame_0608.jpg,frame_0608,608,D:\visualization2026\visualization\left_downsample2_Q37\frame_0608.jpg,D:\visualization2026\visualization\right_downsample2_Q37\frame_0608.jpg,D:\visualization2026\dowsample2_Q37\stitched_frames\frame_0608.jpg,D:\visualization2026\dowsample2_Q37_hess_matched\stitched_frames\frame_0608.jpg,1979,1365,-0.07754920970472912,0.015083382300043871,171.99070909540916,5.038161829177393,151.14594290666832,25.781522926853313,20.844766188740834,-20.74336109767592,29.407334239809085,20.78763846349599,-21.01355093092114,29.55833614423239,0,1,10.393819231747996,-10.50677546546057,-10.393819231747996,10.50677546546057,0,0,29.407334239809085,1506.8216918561059,946.924941660756,1355.6757489494375,921.1434187339026,12,12,1.011939721358467,0.11566777999521367,9.88492198828463,-0.09577507151412853,1.007112372111535,143.1926676449966,-5.041839034062629e-05,-1.8113833964117205e-06,1.0,1.0,0.0,368.606180768252,0.0,1.0,124.50677546546058,0.0,0.0,1.0
frame_0610.jpg,frame_0610,610,D:\visualization2026\visualization\left_downsample2_Q37\frame_0610.jpg,D:\visualization2026\visualization\right_downsample2_Q37\frame_0610.jpg,D:\visualization2026\dowsample2_Q37\stitched_frames\frame_0610.jpg,D:\visualization2026\dowsample2_Q37_hess_matched\stitched_frames\frame_0610.jpg,1979,1365,-0.07745789892820443,0.01515665638408091,172.00445016702204,5.120272739024789,150.64590581976722,29.29668325209002,21.35854434725482,-24.176410513065232,32.25966896807687,20.73700897420037,-20.695153295412013,29.29697784954396,0,1,10.368504487100186,-10.347576647706006,-10.368504487100186,10.347576647706006,0,0,32.25966896807687,1507.2608797307003,943.5449540930074,1356.614973910933,914.2482708409174,12,12,1.0119409976871443,0.11566782584992182,9.85960724363682,-0.09578309806226384,1.0071120837414398,143.35186646275116,-5.041839034062629e-05,-1.8113833964117205e-06,1.0,1.0,0.0,368.6314955128998,0.0,1.0,124.347576647706,0.0,0.0,1.0
frame_0612.jpg,frame_0612,612,D:\visualization2026\visualization\left_downsample2_Q37\frame_0612.jpg,D:\visualization2026\visualization\right_downsample2_Q37\frame_0612.jpg,D:\visualization2026\dowsample2_Q37\stitched_frames\frame_0612.jpg,D:\visualization2026\dowsample2_Q37_hess_matched\stitched_frames\frame_0612.jpg,1979,1365,-0.07724277803011437,0.015184145567593427,171.69204437360037,5.173349395460705,151.46023159337665,28.30975143436865,20.23181278022372,-23.136402038907946,30.734660363830404,18.93409637497484,-20.559167152994554,27.94958603560356,0,1,9.46704818748742,-10.279583576497277,-9.46704818748742,10.279583576497277,0,0,30.734660363830404,1507.2654246330721,938.0900668231669,1355.8051930396955,909.7803153887983,12,12,1.0119864476627332,0.11566945873289552,8.958150944024053,-0.09578652616346851,1.0071119605799195,143.41985953395988,-5.041839034062629e-05,-1.8113833964117205e-06,1.0,1.0,0.0,369.5329518125126,0.0,1.0,124.27958357649727,0.0,0.0,1.0
frame_0614.jpg,frame_0614,614,D:\visualization2026\visualization\left_downsample2_Q37\frame_0614.jpg,D:\visualization2026\visualization\right_downsample2_Q37\frame_0614.jpg,D:\visualization2026\dowsample2_Q37\stitched_frames\frame_0614.jpg,D:\visualization2026\dowsample2_Q37_hess_matched\stitched_frames\frame_0614.jpg,1979,1365,-0.07715725895191528,0.015198004994076184,171.57481423967715,5.1972845435461235,150.91464870337677,23.633271679271388,20.660165536300383,-18.435987135725263,27.68985485075647,16.290293084989393,-19.238346748119653,25.208880070239918,0,1,8.145146542494697,-9.619173374059827,-8.145146542494697,9.619173374059827,0,0,27.68985485075647,1506.9337430841733,932.7191963928557,1356.0190943807966,909.0859247135843,12,12,1.0120530958158622,0.11567185320358696,7.636249299031331,-0.09581982298283993,1.007110764323844,144.08026973639733,-5.041839034062629e-05,-1.8113833964117205e-06,1.0,1.0,0.0,370.8548534575053,0.0,1.0,123.61917337405983,0.0,0.0,1.0
frame_0616.jpg,frame_0616,616,D:\visualization2026\visualization\left_downsample2_Q37\frame_0616.jpg,D:\visualization2026\visualization\right_downsample2_Q37\frame_0616.jpg,D:\visualization2026\dowsample2_Q37\stitched_frames\frame_0616.jpg,D:\visualization2026\dowsample2_Q37_hess_matched\stitched_frames\frame_0616.jpg,1979,1365,-0.07710957997154644,0.01509648493084774,171.24993799185637,5.104971316895918,159.67474496950194,21.40864629649434,11.575193022354426,-16.30367497959842,19.994872126251423,9.37650513733762,-15.818899000365521,18.389029723568452,0,1,4.68825256866881,-7.9094495001827605,-4.68825256866881,7.9094495001827605,0,0,19.994872126251423,1506.8914418842025,922.6794266957684,1347.2166969147006,901.270780399274,12,12,1.0122273868456007,0.11567811496393429,4.179355325205444,-0.09590602450848776,1.0071076673584063,145.7899936102744,-5.041839034062629e-05,-1.8113833964117205e-06,1.0,1.0,0.0,374.3117474313312,0.0,1.0,121.90944950018276,0.0,0.0,1.0
frame_0618.jpg,frame_0618,618,D:\visualization2026\visualization\left_downsample2_Q37\frame_0618.jpg,D:\visualization2026\visualization\right_downsample2_Q37\frame_0618.jpg,D:\visualization2026\dowsample2_Q37\stitched_frames\frame_0618.jpg,D:\visualization2026\dowsample2_Q37_hess_matched\stitched_frames\frame_0618.jpg,1979,1365,-0.07698246245452511,0.014881594636623433,170.5162722433264,4.912795009016981,162.89052250451277,19.052054082318364,7.625749738813624,-14.139259073301382,16.06457924195189,4.708768052470958,-12.254850587088317,13.128360883363543,0,1,2.354384026235479,-6.127425293544158,-2.354384026235479,6.127425293544158,0,0,16.06457924195189,1506.8356468629809,917.9652005489587,1343.945124358468,898.9131464666403,12,12,1.0123450567407768,0.11568234249466147,1.845486782772113,-0.0959958713005345,1.0071044394293465,147.57201781691302,-5.041839034062629e-05,-1.8113833964117205e-06,1.0,1.0,0.0,376.6456159737645,0.0,1.0,120.12742529354416,0.0,0.0,1.0
frame_0620.jpg,frame_0620,620,D:\visualization2026\visualization\left_downsample2_Q37\frame_0620.jpg,D:\visualization2026\visualization\right_downsample2_Q37\frame_0620.jpg,D:\visualization2026\dowsample2_Q37\stitched_frames\frame_0620.jpg,D:\visualization2026\dowsample2_Q37_hess_matched\stitched_frames\frame_0620.jpg,1979,1365,-0.07697021129964854,0.01470900944329119,170.08478371165967,4.747388847686406,183.29517910266372,11.826560621981002,-13.210395391004056,-7.079171774294596,14.987635550567358,3.9783425687507985,-8.388382122036017,9.283973514591054,0,1,1.9891712843753993,-4.194191061018008,-1.9891712843753993,4.194191061018008,0,0,14.987635550567358,1500.2517393863516,907.096950692903,1316.9565602836878,895.270390070922,12,12,1.0123634701793534,0.11568300403495824,1.4802740409120332,-0.09609334185868987,1.0071009376009563,149.50525204943915,-5.041839034062629e-05,-1.8113833964117205e-06,1.0,1.0,0.0,377.0108287156246,0.0,1.0,118.194191061018,0.0,0.0,1.0
frame_0622.jpg,frame_0622,622,D:\visualization2026\visualization\left_downsample2_Q37\frame_0622.jpg,D:\visualization2026\visualization\right_downsample2_Q37\frame_0622.jpg,D:\visualization2026\dowsample2_Q37\stitched_frames\frame_0622.jpg,D:\visualization2026\dowsample2_Q37_hess_matched\stitched_frames\frame_0622.jpg,1979,1365,-0.07712890679750817,0.014606794203034568,170.12060586850166,4.6289896992835144,173.22747851261124,9.945149671805439,-3.106872644109586,-5.316159972521924,6.157451947044394,5.381712932253658,-3.727129135405928,6.546321537869798,0,1,2.690856466126829,-1.863564567702964,-2.690856466126829,1.863564567702964,0,0,6.157451947044394,1489.6621065908037,900.8204987451743,1316.4346280781924,890.8753490733689,12,12,1.0123280923419635,0.1156817330140705,2.1819592226634628,-0.09621084829496802,1.007096715942823,151.83587854275422,-5.041839034062629e-05,-1.8113833964117205e-06,1.0,1.0,0.0,376.30914353387317,0.0,1.0,115.86356456770297,0.0,0.0,1.0
frame_0624.jpg,frame_0624,624,D:\visualization2026\visualization\left_downsample2_Q37\frame_0624.jpg,D:\visualization2026\visualization\right_downsample2_Q37\frame_0624.jpg,D:\visualization2026\dowsample2_Q37\stitched_frames\frame_0624.jpg,D:\visualization2026\dowsample2_Q37_hess_matched\stitched_frames\frame_0624.jpg,1979,1365,-0.07731942284121274,0.014526856775202879,170.2652193522248,4.5282179333227734,153.2571812345252,3.6318627437865416,17.008038117699584,0.8963551895362318,17.031641530954392,7.681063279430589,-0.5704326882321841,7.70221569124241,0,1,3.8405316397152944,-0.28521634411609204,-3.8405316397152944,0.28521634411609204,0,0,17.031641530954392,1469.175578465622,888.630265299697,1315.9183972310968,884.9984025559105,12,12,1.0122701275702966,0.1156796505115498,3.3316343962519284,-0.09629042607179827,1.007093856949057,153.41422676634107,-5.041839034062629e-05,-1.8113833964117205e-06,1.0,1.0,0.0,375.1594683602847,0.0,1.0,114.2852163441161,0.0,0.0,1.0
frame_0626.jpg,frame_0626,626,D:\visualization2026\visualization\left_downsample2_Q37\frame_0626.jpg,D:\visualization2026\visualization\right_downsample2_Q37\frame_0626.jpg,D:\visualization2026\dowsample2_Q37\stitched_frames\frame_0626.jpg,D:\visualization2026\dowsample2_Q37_hess_matched\stitched_frames\frame_0626.jpg,1979,1365,-0.07745666775388338,0.01451464238564415,170.47717688294955,4.499504095870615,151.88513204308083,-2.5030858576814126,18.59204483986872,7.002589953552028,19.86706816279838,14.041169117179123,1.3906631292240432,14.109867969481783,0,1,7.020584558589562,0.6953315646120216,-7.020584558589562,-0.6953315646120216,0,0,19.86706816279838,1468.2522222754,883.2728094060844,1316.3670902323192,885.7758952637658,12,12,1.012109794420929,0.11567389021649284,6.511687315126196,-0.09633986371900821,1.0070920808008559,154.3947746750692,-5.041839034062629e-05,-1.8113833964117205e-06,1.0,1.0,0.0,371.9794154414104,0.0,1.0,113.30466843538798,0.0,0.0,1.0
frame_0628.jpg,frame_0628,628,D:\visualization2026\visualization\left_downsample2_Q37\frame_0628.jpg,D:\visualization2026\visualization\right_downsample2_Q37\frame_0628.jpg,D:\visualization2026\dowsample2_Q37\stitched_frames\frame_0628.jpg,D:\visualization2026\dowsample2_Q37_hess_matched\stitched_frames\frame_0628.jpg,1979,1365,-0.07747450214270668,0.014605048554028041,170.7232511744987,4.584743735566957,151.60074969980042,2.940520572999617,19.122501474698282,1.6442231625673402,19.193059486651965,18.55109983289587,3.798501228215709,18.935995262748282,0,1,9.275549916447934,1.8992506141078545,-9.275549916447934,-1.8992506141078545,0,0,19.193059486651965,1468.2239381055974,882.5637089787966,1316.623188405797,879.623188405797,12,12,1.0119961026973119,0.11566980560968412,8.766652672984568,-0.0964005633795842,1.007089900041879,155.598693724565,-5.041839034062629e-05,-1.8113833964117205e-06,1.0,1.0,0.0,369.7244500835521,0.0,1.0,112.10074938589214,0.0,0.0,1.0
frame_0630.jpg,frame_0630,630,D:\visualization2026\visualization\left_downsample2_Q37\frame_0630.jpg,D:\visualization2026\visualization\right_downsample2_Q37\frame_0630.jpg,D:\visualization2026\dowsample2_Q37\stitched_frames\frame_0630.jpg,D:\visualization2026\dowsample2_Q37_hess_matched\stitched_frames\frame_0630.jpg,1979,1365,-0.07748872869969947,0.014732139198104593,171.0501352706569,4.705906840550658,152.4600014729183,1.979599527564119,18.590133797738616,2.726307312986539,18.788981509987906,19.293342579382006,4.734084083755888,19.865664348253386,0,1,9.646671289691003,2.367042041877944,-9.646671289691003,-2.367042041877944,0,0,18.788981509987906,1468.0787664863421,878.1223153676093,1315.6187650134239,876.1427158400452,12,12,1.011977391355052,0.11566913336659058,9.137774046227637,-0.09642414867038751,1.0070890526922538,156.0664851523351,-5.041839034062629e-05,-1.8113833964117205e-06,1.0,1.0,0.0,369.353328710309,0.0,1.0,111.63295795812206,0.0,0.0,1.0
frame_0632.jpg,frame_0632,632,D:\visualization2026\visualization\left_downsample2_Q37\frame_0632.jpg,D:\visualization2026\visualization\right_downsample2_Q37\frame_0632.jpg,D:\visualization2026\dowsample2_Q37\stitched_frames\frame_0632.jpg,D:\visualization2026\dowsample2_Q37_hess_matched\stitched_frames\frame_0632.jpg,1979,1365,-0.07770824425150558,0.014780294151594126,171.549950657199,4.725447817721744,152.10716972272485,-1.9975827047146595,19.442780934474143,6.723030522436403,20.572332630782604,19.841241447642744,3.019276874812476,20.069651093888844,0,1,9.920620723821372,1.509638437406238,-9.920620723821372,-1.509638437406238,0,0,20.572332630782604,1467.9801787627594,868.4138106085296,1315.8730090400345,870.4113933132443,12,12,1.0119635792655484,0.11566863713913414,9.411723480358006,-0.0963809197607778,1.0070906057789069,155.2090815478634,-5.041839034062629e-05,-1.8113833964117205e-06,1.0,1.0,0.0,369.07937927617866,0.0,1.0,112.49036156259376,0.0,0.0,1.0
frame_0634.jpg,frame_0634,634,D:\visualization2026\visualization\left_downsample2_Q37\frame_0634.jpg,D:\visualization2026\visualization\right_downsample2_Q37\frame_0634.jpg,D:\visualization2026\dowsample2_Q37\stitched_frames\frame_0634.jpg,D:\visualization2026\dowsample2_Q37_hess_matched\stitched_frames\frame_0634.jpg,1979,1365,-0.07822872409442705,0.014756462892517128,172.40719142347336,4.638306066997254,151.6879395733431,-0.9359634002398707,20.719251850130263,5.574269467237125,21.455998632608512,16.125647210017906,11.489512841317644,19.800136445811713,0,1,8.062823605008953,5.744756420658822,-8.062823605008953,-5.744756420658822,0,0,21.455998632608512,1467.9848016707833,863.7194178273957,1316.2968620974402,864.6553812276355,12,12,1.0120572464058584,0.11567200232198906,7.553926361545587,-0.09659444759239603,1.0070829343565102,159.444199531116,-5.041839034062629e-05,-1.8113833964117205e-06,1.0,1.0,0.0,370.93717639499107,0.0,1.0,108.25524357934118,0.0,0.0,1.0
frame_0636.jpg,frame_0636,636,D:\visualization2026\visualization\left_downsample2_Q37\frame_0636.jpg,D:\visualization2026\visualization\right_downsample2_Q37\frame_0636.jpg,D:\visualization2026\dowsample2_Q37\stitched_frames\frame_0636.jpg,D:\visualization2026\dowsample2_Q37_hess_matched\stitched_frames\frame_0636.jpg,1979,1365,-0.07884569910304873,0.014826908872641764,173.6578138922645,4.630461311569917,152.32627471109208,6.201907402734946,21.331539181172417,-1.5714460911650292,21.38934329649538,8.359124728865329,28.85670179499061,30.043039205741852,0,1,4.179562364432664,14.428350897495305,-4.179562364432664,-14.428350897495305,0,0,21.38934329649538,1467.7314184764439,862.4307760633332,1315.4051437653518,856.2288686605982,12,12,1.0122530341868803,0.11567903639692417,3.670665120969298,-0.09703226044828889,1.0070672050376537,168.12779400795247,-5.041839034062629e-05,-1.8113833964117205e-06,1.0,1.0,0.0,374.8204376355673,0.0,1.0,99.5716491025047,0.0,0.0,1.0
frame_0638.jpg,frame_0638,638,D:\visualization2026\visualization\left_downsample2_Q37\frame_0638.jpg,D:\visualization2026\visualization\right_downsample2_Q37\frame_0638.jpg,D:\visualization2026\dowsample2_Q37\stitched_frames\frame_0638.jpg,D:\visualization2026\dowsample2_Q37_hess_matched\stitched_frames\frame_0638.jpg,2083,1463,-0.07943837605727078,0.014927245040019632,174.93677861387053,4.6545168206645,197.82670601736027,-82.2300738288551,-22.889927403489736,86.8845906495196,89.8492118433524,0.3326834303456039,44.802321140942254,44.80355630841092,1,1,0.16634171517280194,22.401160570471127,-0.16634171517280194,-22.401160570471127,0,0,89.8492118433524,1583.3874790568107,878.7878146873563,1385.5607730394504,961.0178885162114,12,12,1.0542392018949094,0.1861074805161662,0.40058026973390426,-0.15831277743852107,1.006174221498545,273.8013382090997,-5.028822364908953e-05,-2.1938224405536065e-06,1.0,1.0,0.0,450.8336582848272,0.0,1.0,194.59883942952888,0.0,0.0,1.0
frame_0640.jpg,frame_0640,640,D:\visualization2026\visualization\left_downsample2_Q37\frame_0640.jpg,D:\visualization2026\visualization\right_downsample2_Q37\frame_0640.jpg,D:\visualization2026\dowsample2_Q37\stitched_frames\frame_0640.jpg,D:\visualization2026\dowsample2_Q37_hess_matched\stitched_frames\frame_0640.jpg,2083,1463,-0.07954032216713047,0.014962140216332229,175.1986682478199,4.675711539459577,195.44114685584418,-84.8865405418918,-20.24247860802427,89.56225208135137,91.82132071626854,-6.848348308842785,61.367779176369694,61.74871816968271,0,1,-3.4241741544213924,30.683889588184847,3.4241741544213924,-30.683889588184847,0,0,91.82132071626854,1582.3171016373901,870.1557753762261,1386.875954781546,955.0423159181179,12,12,1.0544197625599752,0.18611535747045407,-3.18993559986029,-0.15872930116778866,1.0061560506617568,282.0840672268134,-5.028822364908953e-05,-2.1938224405536065e-06,1.0,1.0,0.0,454.4241741544214,0.0,1.0,186.31611041181515,0.0,0.0,1.0
frame_0642.jpg,frame_0642,642,D:\visualization2026\visualization\left_downsample2_Q37\frame_0642.jpg,D:\visualization2026\visualization\right_downsample2_Q37\frame_0642.jpg,D:\visualization2026\dowsample2_Q37\stitched_frames\frame_0642.jpg,D:\visualization2026\dowsample2_Q37_hess_matched\stitched_frames\frame_0642.jpg,2083,1463,-0.07871169418133517,0.014883383355170532,173.55668545590737,4.701582068392526,194.24611101403184,-81.74954518380207,-20.68942555812447,86.4511272521946,88.89234912578425,-13.927120039496254,79.2453262384525,80.45984342038771,0,1,-6.963560019748127,39.62266311922625,6.963560019748127,-39.62266311922625,0,1,88.89234912578425,1580.1219401055016,862.2464443272268,1385.8758290914698,943.9959895110288,12,12,1.054597751987951,0.1861231222545912,-6.729321465187025,-0.15917881621026622,1.0061364405797935,291.0228407578548,-5.028822364908953e-05,-2.1938224405536065e-06,1.0,1.0,0.0,457.9635600197481,0.0,1.0,177.37733688077375,0.0,0.0,1.0
frame_0644.jpg,frame_0644,644,D:\visualization2026\visualization\left_downsample2_Q37\frame_0644.jpg,D:\visualization2026\visualization\right_downsample2_Q37\frame_0644.jpg,D:\visualization2026\dowsample2_Q37\stitched_frames\frame_0644.jpg,D:\visualization2026\dowsample2_Q37_hess_matched\stitched_frames\frame_0644.jpg,2083,1463,-0.07801055551435199,0.014784699952674868,172.09121113652182,4.69248132904632,187.2771179823335,-83.70907831532804,-15.185906845811672,88.40155964437436,89.69641862575978,-16.623772516486707,87.89244939825859,89.45072651412814,0,1,-8.311886258243353,43.946224699129296,8.311886258243353,-43.946224699129296,0,0,89.69641862575978,1572.3538506556008,861.0429018826918,1385.0767326732673,944.7519801980199,12,12,1.0546655569193844,0.1861260802429504,-8.077647703682251,-0.159396240441957,1.0061269554533765,295.34640233775787,-5.028822364908953e-05,-2.1938224405536065e-06,1.0,1.0,0.0,459.31188625824336,0.0,1.0,173.0537753008707,0.0,0.0,1.0
frame_0646.jpg,frame_0646,646,D:\visualization2026\visualization\left_downsample2_Q37\frame_0646.jpg,D:\visualization2026\visualization\right_downsample2_Q37\frame_0646.jpg,D:\visualization2026\dowsample2_Q37\stitched_frames\frame_0646.jpg,D:\visualization2026\dowsample2_Q37_hess_matched\stitched_frames\frame_0646.jpg,2083,1463,-0.07805817808492543,0.014781615019531,172.16749797429617,4.683633364020162,167.6878442578061,0.8232494309681897,4.479653716490077,3.8603839330519722,5.913532068927095,-15.097196538665848,87.39883309955323,88.69318671967235,1,1,-7.548598269332924,43.699416549776615,7.548598269332924,-43.699416549776615,1,6,5.913532068927095,1452.2129407829027,1316.8657204734393,1284.5250965250966,1316.042471042471,12,12,1.0546271725222895,0.18612440572463174,-7.314359714771822,-0.15938382889854394,1.006127496906633,295.09959418840515,-5.028822364908953e-05,-2.1938224405536065e-06,1.0,1.0,0.0,458.5485982693329,0.0,1.0,173.30058345022337,0.0,0.0,1.0
frame_0648.jpg,frame_0648,648,D:\visualization2026\visualization\left_downsample2_Q37\frame_0648.jpg,D:\visualization2026\visualization\right_downsample2_Q37\frame_0648.jpg,D:\visualization2026\dowsample2_Q37\stitched_frames\frame_0648.jpg,D:\visualization2026\dowsample2_Q37_hess_matched\stitched_frames\frame_0648.jpg,2083,1463,-0.07787879445057089,0.014968343990983415,172.29611517431147,4.88631709611932,185.23484727268965,-82.34470169800431,-12.938732098378182,87.23101879412363,88.18538103435485,-11.071747806586105,85.19028381243136,85.90674045460723,0,1,-5.535873903293052,42.59514190621568,5.535873903293052,-42.59514190621568,0,0,88.18538103435485,1571.1966080552597,851.0187190816014,1385.96176078257,933.3634207796057,12,12,1.0545259561892262,0.18611999016475086,-5.30163534873195,-0.15932829688829853,1.0061299194891264,293.9953195448442,-5.028822364908953e-05,-2.1938224405536065e-06,1.0,1.0,0.0,456.53587390329307,0.0,1.0,174.40485809378433,0.0,0.0,1.0
frame_0650.jpg,frame_0650,650,D:\visualization2026\visualization\left_downsample2_Q37\frame_0650.jpg,D:\visualization2026\visualization\right_downsample2_Q37\frame_0650.jpg,D:\visualization2026\dowsample2_Q37\stitched_frames\frame_0650.jpg,D:\visualization2026\dowsample2_Q37_hess_matched\stitched_frames\frame_0650.jpg,2083,1463,-0.07763582364091315,0.015312211374390497,172.68637087974696,5.248806685387726,185.29596959866694,-81.84536390243682,-12.609598718919983,87.09417058782454,88.00225298384848,-5.737519452730071,80.25449009262569,80.45932083666759,0,1,-2.8687597263650355,40.127245046312844,2.8687597263650355,-40.127245046312844,0,0,88.00225298384848,1571.1795448904402,845.865566925915,1385.8835752917732,927.7109308283518,12,12,1.054391831754999,0.186114138989818,-2.634521171803933,-0.15920419073906483,1.0061353336166388,291.52742268494137,-5.028822364908953e-05,-2.1938224405536065e-06,1.0,1.0,0.0,453.86875972636506,0.0,1.0,176.87275495368715,0.0,0.0,1.0
frame_0652.jpg,frame_0652,652,D:\visualization2026\visualization\left_downsample2_Q37\frame_0652.jpg,D:\visualization2026\visualization\right_downsample2_Q37\frame_0652.jpg,D:\visualization2026\dowsample2_Q37\stitched_frames\frame_0652.jpg,D:\visualization2026\dowsample2_Q37_hess_matched\stitched_frames\frame_0652.jpg,2083,1463,-0.07757724763489815,0.016002083170295153,174.2223221877837,5.9232255694533595,145.21106088983743,9.504982700594383,29.011261297946277,-3.581757131141023,29.231528633381373,-2.6099933048784374,74.29753715422748,74.3433661615838,1,1,-1.3049966524392187,37.14876857711374,1.3049966524392187,-37.14876857711374,1,3,29.231528633381373,1451.2820803629188,1353.983791406207,1306.0710194730814,1344.4788087056127,12,12,1.0543131928878033,0.1861107083712947,-1.0707580978781164,-0.1590544084482482,1.0061418678651555,288.54894621574226,-5.028822364908953e-05,-2.1938224405536065e-06,1.0,1.0,0.0,452.30499665243923,0.0,1.0,179.85123142288626,0.0,0.0,1.0
frame_0654.jpg,frame_0654,654,D:\visualization2026\visualization\left_downsample2_Q37\frame_0654.jpg,D:\visualization2026\visualization\right_downsample2_Q37\frame_0654.jpg,D:\visualization2026\dowsample2_Q37\stitched_frames\frame_0654.jpg,D:\visualization2026\dowsample2_Q37_hess_matched\stitched_frames\frame_0654.jpg,2083,1463,-0.07763440331289817,0.017594376653979893,178.1051868331891,7.456164995998624,166.6199519097206,-56.26642604934739,11.485234923468482,63.722591045346014,64.74935699124488,-0.01664553426044485,70.06117807450083,70.06118005187128,0,1,-0.008322767130222425,35.030589037250415,0.008322767130222425,-35.030589037250415,0,0,64.74935699124488,1530.5454853902208,872.828643854994,1363.9255334805002,929.0950699043414,12,12,1.054247985461459,0.18610786369902704,0.2259157874308799,-0.15894788896181863,1.0061465147749633,286.43076667587894,-5.028822364908953e-05,-2.1938224405536065e-06,1.0,1.0,0.0,451.0083227671302,0.0,1.0,181.96941096274958,0.0,0.0,1.0
frame_0656.jpg,frame_0656,656,D:\visualization2026\visualization\left_downsample2_Q37\frame_0656.jpg,D:\visualization2026\visualization\right_downsample2_Q37\frame_0656.jpg,D:\visualization2026\dowsample2_Q37\stitched_frames\frame_0656.jpg,D:\visualization2026\dowsample2_Q37_hess_matched\stitched_frames\frame_0656.jpg,2083,1463,-0.07768659539141498,0.019150658101703633,181.89378944713283,8.95488681588611,180.3184781799696,-49.07663771137186,1.5753112671632437,58.03152452725797,58.05290211993019,3.1755151806241972,68.96812738602742,69.04119416549572,0,1,1.5877575903120986,34.48406369301371,-1.5877575903120986,-34.48406369301371,0,0,58.05290211993019,1543.1152942671083,887.7187819227574,1362.7968160871387,936.7954196341293,12,12,1.0541677214154819,0.18610436218212195,1.821996144873201,-0.15892040517307776,1.0061477137545278,285.8842413316423,-5.028822364908953e-05,-2.1938224405536065e-06,1.0,1.0,0.0,449.4122424096879,0.0,1.0,182.5159363069863,0.0,0.0,1.0
frame_0658.jpg,frame_0658,658,D:\visualization2026\visualization\left_downsample2_Q37\frame_0658.jpg,D:\visualization2026\visualization\right_downsample2_Q37\frame_0658.jpg,D:\visualization2026\dowsample2_Q37\stitched_frames\frame_0658.jpg,D:\visualization2026\dowsample2_Q37_hess_matched\stitched_frames\frame_0658.jpg,2083,1463,-0.07765633552018458,0.01954360573715333,182.77411113878236,9.33865022058188,182.74610438407058,-56.710573174908404,0.028006754711782378,66.04922339549029,66.04922933332145,3.5025051562568823,69.84572475735978,69.93348846761805,0,1,1.7512525781284412,34.92286237867989,-1.7512525781284412,-34.92286237867989,0,1,66.04922933332145,1542.786197432784,882.6863890582607,1360.0400930487135,939.3969622331691,12,12,1.054159499542969,0.18610400350314876,1.9854911326895435,-0.15894247157951946,1.0061467511081243,286.3230400173084,-5.028822364908953e-05,-2.1938224405536065e-06,1.0,1.0,0.0,449.24874742187154,0.0,1.0,182.0771376213201,0.0,0.0,1.0
frame_0660.jpg,frame_0660,660,D:\visualization2026\visualization\left_downsample2_Q37\frame_0660.jpg,D:\visualization2026\visualization\right_downsample2_Q37\frame_0660.jpg,D:\visualization2026\dowsample2_Q37\stitched_frames\frame_0660.jpg,D:\visualization2026\dowsample2_Q37_hess_matched\stitched_frames\frame_0660.jpg,2083,1463,-0.07767998307903434,0.01870889021381772,180.83275495417882,8.528447730240874,177.4815500986756,-73.1004694152166,3.3512048555032266,81.62891714545746,81.69767859813098,1.4019423255942969,73.09471705516408,73.10816030826372,0,1,0.7009711627971484,36.54735852758204,-0.7009711627971484,-36.54735852758204,0,0,81.69767859813098,1541.8869195829925,883.1019495108865,1364.405369484317,956.2024189261031,12,12,1.0542123163296777,0.18610630763408662,0.9352097173582508,-0.15902416460517255,1.0061431872520181,287.94753616621057,-5.028822364908953e-05,-2.1938224405536065e-06,1.0,1.0,0.0,450.29902883720285,0.0,1.0,180.45264147241795,0.0,0.0,1.0
frame_0662.jpg,frame_0662,662,D:\visualization2026\visualization\left_downsample2_Q37\frame_0662.jpg,D:\visualization2026\visualization\right_downsample2_Q37\frame_0662.jpg,D:\visualization2026\dowsample2_Q37\stitched_frames\frame_0662.jpg,D:\visualization2026\dowsample2_Q37_hess_matched\stitched_frames\frame_0662.jpg,2083,1463,-0.07774126294334527,0.01782977418577794,178.85199920781588,7.670669382372098,177.7792312273782,-72.125698290875,1.0727679804376749,79.79636767324709,79.80357839711127,2.465495912880391,79.10053775819947,79.1389521268305,0,1,1.2327479564401955,39.55026887909973,-1.2327479564401955,-39.55026887909973,0,0,79.80357839711127,1541.9700162564282,877.3917993445796,1364.19078502905,949.5174976354546,12,12,1.0541855742193478,0.18610514101022335,1.4669865110012978,-0.15917517563252784,1.006136599399902,290.95044651772827,-5.028822364908953e-05,-2.1938224405536065e-06,1.0,1.0,0.0,449.7672520435598,0.0,1.0,177.44973112090025,0.0,0.0,1.0
frame_0664.jpg,frame_0664,664,D:\visualization2026\visualization\left_downsample2_Q37\frame_0664.jpg,D:\visualization2026\visualization\right_downsample2_Q37\frame_0664.jpg,D:\visualization2026\dowsample2_Q37\stitched_frames\frame_0664.jpg,D:\visualization2026\dowsample2_Q37_hess_matched\stitched_frames\frame_0664.jpg,2083,1463,-0.077770243383803,0.01807083542396043,179.47552644465094,7.900241672673288,178.49310567449538,-72.0673108616943,0.9824207701555565,79.96755253436758,79.97358694535636,-6.7357491589701795,72.40091549773614,72.7135673835557,0,1,-3.3678745794850897,36.20045774886807,3.3678745794850897,-36.20045774886807,0,1,79.97358694535636,1541.29412063176,872.5958835827502,1362.8010149572647,944.6631944444445,12,12,1.0544169313543594,0.1861152339591832,-3.1336360249239874,-0.15900671958122853,1.0061439482907313,287.6006353874966,-5.028822364908953e-05,-2.1938224405536065e-06,1.0,1.0,0.0,454.3678745794851,0.0,1.0,180.79954225113192,0.0,0.0,1.0
frame_0666.jpg,frame_0666,666,D:\visualization2026\visualization\left_downsample2_Q37\frame_0666.jpg,D:\visualization2026\visualization\right_downsample2_Q37\frame_0666.jpg,D:\visualization2026\dowsample2_Q37\stitched_frames\frame_0666.jpg,D:\visualization2026\dowsample2_Q37_hess_matched\stitched_frames\frame_0666.jpg,2083,1463,-0.07770722746028025,0.019306819091362115,182.30097720207138,9.103376348931493,175.40789799847767,-78.9572516935034,6.8930792035937145,88.06062804243489,88.3299991629972,-16.438504538771195,62.61725210178328,64.7390507518413,0,1,-8.219252269385597,31.30862605089164,8.219252269385597,-31.30862605089164,0,1,88.3299991629972,1540.1058192722503,861.8078964710256,1364.6979212737726,940.765148164529,12,12,1.0546608985206352,0.1861258770204269,-7.985013714824495,-0.158760718054747,1.0061546801008856,282.7088036895202,-5.028822364908953e-05,-2.1938224405536065e-06,1.0,1.0,0.0,459.2192522693856,0.0,1.0,185.69137394910837,0.0,0.0,1.0
frame_0668.jpg,frame_0668,668,D:\visualization2026\visualization\left_downsample2_Q37\frame_0668.jpg,D:\visualization2026\visualization\right_downsample2_Q37\frame_0668.jpg,D:\visualization2026\dowsample2_Q37\stitched_frames\frame_0668.jpg,D:\visualization2026\dowsample2_Q37_hess_matched\stitched_frames\frame_0668.jpg,2083,1463,-0.07763755107612402,0.02060647994921047,185.26599949838922,10.368916253888303,231.2442181029303,-22.182195839285328,-45.97821860454107,32.55111209317363,56.33446089694408,-25.5796108729138,53.72426792419774,59.503054177081296,0,1,-12.7898054364569,26.86213396209887,12.7898054364569,-26.86213396209887,0,0,56.33446089694408,1594.738078540187,909.6984570508015,1363.4938604372567,931.8806528900868,12,12,1.054890743520501,0.18613590400253055,-12.555566881895798,-0.15853711186613187,1.0061644349150118,278.2623116007274,-5.028822364908953e-05,-2.1938224405536065e-06,1.0,1.0,0.0,463.7898054364569,0.0,1.0,190.13786603790112,0.0,0.0,1.0
frame_0670.jpg,frame_0670,670,D:\visualization2026\visualization\left_downsample2_Q37\frame_0670.jpg,D:\visualization2026\visualization\right_downsample2_Q37\frame_0670.jpg,D:\visualization2026\dowsample2_Q37\stitched_frames\frame_0670.jpg,D:\visualization2026\dowsample2_Q37_hess_matched\stitched_frames\frame_0670.jpg,2083,1463,-0.07765020921643906,0.021157532090496978,186.59725517774874,10.900304493227564,231.7598272212506,-21.8102956724656,-45.162572043501854,32.710600165693165,55.764157635387456,-34.86293726463907,45.72283997115507,57.49784769664005,0,1,-17.431468632319536,22.861419985577534,17.431468632319536,-22.861419985577534,0,0,55.764157635387456,1594.336329953491,908.7521144512042,1362.5765027322404,930.5624101236698,12,12,1.0551241645173983,0.18614608698741114,-17.197230077758434,-0.15833592306692454,1.0061732117711117,274.2615976242061,-5.028822364908953e-05,-2.1938224405536065e-06,1.0,1.0,0.0,468.43146863231954,0.0,1.0,194.13858001442247,0.0,0.0,1.0
frame_0672.jpg,frame_0672,672,D:\visualization2026\visualization\left_downsample2_Q37\frame_0672.jpg,D:\visualization2026\visualization\right_downsample2_Q37\frame_0672.jpg,D:\visualization2026\dowsample2_Q37\stitched_frames\frame_0672.jpg,D:\visualization2026\dowsample2_Q37_hess_matched\stitched_frames\frame_0672.jpg,2083,1463,-0.07767376001573678,0.021413862792302424,187.24752190213673,11.145313182648643,231.88028559241206,-24.186133602670793,-44.63276369027534,35.331446785319436,56.92446509696705,-45.480917516196094,36.32537861168038,58.20693248571822,0,1,-22.740458758098047,18.16268930584019,22.740458758098047,-18.16268930584019,0,0,56.92446509696705,1593.836289142558,901.1214611735431,1361.9560035501459,925.3075947762139,12,12,1.0553911442001942,0.18615773396908575,-22.506220203536945,-0.15809963224763507,1.0061835199519191,269.56286694446874,-5.028822364908953e-05,-2.1938224405536065e-06,1.0,1.0,0.0,473.74045875809804,0.0,1.0,198.8373106941598,0.0,0.0,1.0
frame_0674.jpg,frame_0674,674,D:\visualization2026\visualization\left_downsample2_Q37\frame_0674.jpg,D:\visualization2026\visualization\right_downsample2_Q37\frame_0674.jpg,D:\visualization2026\dowsample2_Q37\stitched_frames\frame_0674.jpg,D:\visualization2026\dowsample2_Q37_hess_matched\stitched_frames\frame_0674.jpg,2083,1463,-0.07771162152586042,0.021626710965800516,187.8196219552241,11.346505722862906,233.25383314369492,-28.613907046291274,-45.43421118847081,39.96041276915418,60.5070420281784,-45.849572885612005,38.47671037446449,59.85516331139253,0,1,-22.924786442806003,19.238355187232244,22.924786442806003,-19.238355187232244,0,0,60.5070420281784,1593.2446129530401,892.9185198954183,1359.9907798093452,921.5324269417096,12,12,1.0554004137120276,0.18615813835129688,-22.6905478882449,-0.1581537255740502,1.00618116013197,270.6385328258608,-5.028822364908953e-05,-2.1938224405536065e-06,1.0,1.0,0.0,473.924786442806,0.0,1.0,197.76164481276777,0.0,0.0,1.0
frame_0676.jpg,frame_0676,676,D:\visualization2026\visualization\left_downsample2_Q37\frame_0676.jpg,D:\visualization2026\visualization\right_downsample2_Q37\frame_0676.jpg,D:\visualization2026\dowsample2_Q37\stitched_frames\frame_0676.jpg,D:\visualization2026\dowsample2_Q37_hess_matched\stitched_frames\frame_0676.jpg,2083,1463,-0.0778057436086882,0.02182604906531907,188.45841030404887,11.52770397127128,234.65523235824026,-29.545617273790185,-46.19682205419139,41.073321245061464,61.81556507876184,-46.85705376063566,40.2287134479525,61.7570471509493,0,1,-23.42852688031783,20.11435672397625,23.42852688031783,-20.11435672397625,0,0,61.81556507876184,1593.608953916281,893.1501019703286,1358.9537215580408,922.6957192441188,12,12,1.0554257459238103,0.1861592434683729,-23.194288325756727,-0.15819777813524694,1.0061792383401407,271.5145343626048,-5.028822364908953e-05,-2.1938224405536065e-06,1.0,1.0,0.0,474.4285268803178,0.0,1.0,196.88564327602376,0.0,0.0,1.0
frame_0678.jpg,frame_0678,678,D:\visualization2026\visualization\left_downsample2_Q37\frame_0678.jpg,D:\visualization2026\visualization\right_downsample2_Q37\frame_0678.jpg,D:\visualization2026\dowsample2_Q37\stitched_frames\frame_0678.jpg,D:\visualization2026\dowsample2_Q37_hess_matched\stitched_frames\frame_0678.jpg,2083,1463,-0.0779762224773024,0.022072570548895915,189.34334964017785,11.74513255770283,237.1648450917985,-31.562638349391364,-47.82149545162065,43.307770907094195,64.51711748188018,-41.873439400810085,35.734844484368686,55.048742379597826,0,1,-20.936719700405042,17.867422242184343,20.936719700405042,-17.867422242184343,0,0,64.51711748188018,1595.2358448307698,884.595675406808,1358.0709997389713,916.1583137561994,12,12,1.0553004373670565,0.18615377688586407,-20.70248114584394,-0.15808478379150173,1.0061841677154293,269.2675998808129,-5.028822364908953e-05,-2.1938224405536065e-06,1.0,1.0,0.0,471.93671970040504,0.0,1.0,199.13257775781565,0.0,0.0,1.0
frame_0680.jpg,frame_0680,680,D:\visualization2026\visualization\left_downsample2_Q37\frame_0680.jpg,D:\visualization2026\visualization\right_downsample2_Q37\frame_0680.jpg,D:\visualization2026\dowsample2_Q37\stitched_frames\frame_0680.jpg,D:\visualization2026\dowsample2_Q37_hess_matched\stitched_frames\frame_0680.jpg,2083,1463,-0.078150946372337,0.022343741105137815,190.2942964965068,11.985877611575894,240.49427291512688,-29.484737921557326,-50.19997641862008,41.47061553313322,65.1141273851302,-45.12974033382298,37.70349278383013,58.80686040504644,0,1,-22.56487016691149,18.851746391915064,22.56487016691149,-18.851746391915064,0,0,65.1141273851302,1599.5004951373492,882.0269657821464,1359.0062222222223,911.5117037037037,12,12,1.0553823141618504,0.1861573487588941,-22.330631612350388,-0.1581342837044866,1.0061820082830208,270.2519240305436,-5.028822364908953e-05,-2.1938224405536065e-06,1.0,1.0,0.0,473.5648701669115,0.0,1.0,198.14825360808493,0.0,0.0,1.0
frame_0682.jpg,frame_0682,682,D:\visualization2026\visualization\left_downsample2_Q37\frame_0682.jpg,D:\visualization2026\visualization\right_downsample2_Q37\frame_0682.jpg,D:\visualization2026\dowsample2_Q37\stitched_frames\frame_0682.jpg,D:\visualization2026\dowsample2_Q37_hess_matched\stitched_frames\frame_0682.jpg,2083,1463,-0.07823886195269025,0.022594083672433374,191.04334924067766,12.217168833916748,210.75804113182517,-0.6449331334836188,-19.71469189114751,12.862101967400367,23.53938706471946,-36.98289521689864,31.685584513515565,48.70021359898991,0,1,-18.49144760844932,15.842792256757782,18.49144760844932,-15.842792256757782,3,3,23.53938706471946,1359.4659958584314,1363.7096021765751,1148.7079547266062,1364.3545353100587,12,12,1.0551774689772133,0.18614841239307547,-18.257209053888218,-0.15798296874598794,1.006188609394125,267.24296989538635,-5.028822364908953e-05,-2.1938224405536065e-06,1.0,1.0,0.0,469.49144760844933,0.0,1.0,201.15720774324222,0.0,0.0,1.0
frame_0684.jpg,frame_0684,684,D:\visualization2026\visualization\left_downsample2_Q37\frame_0684.jpg,D:\visualization2026\visualization\right_downsample2_Q37\frame_0684.jpg,D:\visualization2026\dowsample2_Q37\stitched_frames\frame_0684.jpg,D:\visualization2026\dowsample2_Q37_hess_matched\stitched_frames\frame_0684.jpg,2083,1463,-0.07815386038101657,0.022847316228444575,191.49566134799932,12.472548640283074,253.21137720153456,-37.33110562617833,-61.715715853535244,49.8036542664614,79.30468814393963,-30.038401643022095,28.382192232953965,41.32619519403964,0,1,-15.019200821511047,14.191096116476983,15.019200821511047,-14.191096116476983,0,0,79.30468814393963,1604.6189090508974,873.724753256644,1351.4075318493628,911.0558588828223,12,12,1.0550028558542268,0.18614079490015517,-14.784962266949945,-0.15789990788108516,1.0061922329221826,265.59127375510553,-5.028822364908953e-05,-2.1938224405536065e-06,1.0,1.0,0.0,466.01920082151105,0.0,1.0,202.80890388352302,0.0,0.0,1.0
frame_0686.jpg,frame_0686,686,D:\visualization2026\visualization\left_downsample2_Q37\frame_0686.jpg,D:\visualization2026\visualization\right_downsample2_Q37\frame_0686.jpg,D:\visualization2026\dowsample2_Q37\stitched_frames\frame_0686.jpg,D:\visualization2026\dowsample2_Q37_hess_matched\stitched_frames\frame_0686.jpg,2110,1494,-0.07796458017128194,0.023105435423526055,191.77649055451684,12.745495723134335,197.23908702408653,1.7617158296457092,-5.462596469569689,10.983779893488625,12.267166785283399,-22.444961427707852,24.76759104787432,33.42468937486237,0,1,-11.222480713853926,12.38379552393716,11.222480713853926,-12.38379552393716,0,0,12.267166785283399,1606.514211212088,876.7205745737547,1409.2751241880014,874.958858744109,12,12,1.1095478764856277,0.17914726627221517,-10.930545990352115,-0.14861431877846065,1.0655820214251503,249.87095703567607,-2.5609084082661256e-05,1.2161342044248762e-05,1.0,1.0,0.0,521.2224807138539,0.0,1.0,173.61620447606285,0.0,0.0,1.0
frame_0688.jpg,frame_0688,688,D:\visualization2026\visualization\left_downsample2_Q37\frame_0688.jpg,D:\visualization2026\visualization\right_downsample2_Q37\frame_0688.jpg,D:\visualization2026\dowsample2_Q37\stitched_frames\frame_0688.jpg,D:\visualization2026\dowsample2_Q37_hess_matched\stitched_frames\frame_0688.jpg,2110,1494,-0.07778118030895509,0.02334322539382666,192.01935209748908,12.998057385766945,205.118379679727,-13.792752118519275,-13.099027582237937,26.79080950428622,29.821669931363385,-21.883150356796257,25.081570556722397,33.28599481959336,0,1,-10.941575178398129,12.540785278361199,10.941575178398129,-12.540785278361199,0,0,29.821669931363385,1614.2028382447256,878.2358420038,1409.0844585649986,892.0285941223193,12,12,1.109540682752151,0.17915068246051397,-10.649640454896318,-0.1486183391422818,1.0655839306312513,250.02794679010012,-2.5609084082661256e-05,1.2161342044248762e-05,1.0,1.0,0.0,520.9415751783981,0.0,1.0,173.4592147216388,0.0,0.0,1.0
frame_0690.jpg,frame_0690,690,D:\visualization2026\visualization\left_downsample2_Q37\frame_0690.jpg,D:\visualization2026\visualization\right_downsample2_Q37\frame_0690.jpg,D:\visualization2026\dowsample2_Q37\stitched_frames\frame_0690.jpg,D:\visualization2026\dowsample2_Q37_hess_matched\stitched_frames\frame_0690.jpg,2110,1494,-0.07762634741870222,0.023533293958959284,192.1990084392289,13.200947733442874,204.43178378127777,-10.19666187429209,-12.232775342048882,23.397609607734964,26.402441703846456,-13.012718527697428,18.261656849656916,22.423624916050066,0,1,-6.506359263848714,9.130828424828458,6.506359263848714,-9.130828424828458,0,0,26.402441703846456,1613.7854423178633,870.5515859530137,1409.3536585365855,880.7482478273058,12,12,1.1094271009348706,0.1792046206382909,-6.214424540346903,-0.14853101327050144,1.0655424609795994,246.61798993656737,-2.5609084082661256e-05,1.2161342044248762e-05,1.0,1.0,0.0,516.5063592638487,0.0,1.0,176.86917157517155,0.0,0.0,1.0
frame_0692.jpg,frame_0692,692,D:\visualization2026\visualization\left_downsample2_Q37\frame_0692.jpg,D:\visualization2026\visualization\right_downsample2_Q37\frame_0692.jpg,D:\visualization2026\dowsample2_Q37\stitched_frames\frame_0692.jpg,D:\visualization2026\dowsample2_Q37_hess_matched\stitched_frames\frame_0692.jpg,2110,1494,-0.07746291815920414,0.02371201744535814,192.33662101570602,13.393924334800843,209.24225755229554,-1.038075176839925,-16.905636536589526,14.431999511640768,22.22798138858475,-10.158824757237193,9.183327263874947,13.694349932862247,0,1,-5.0794123786185965,4.5916636319374735,5.0794123786185965,-4.5916636319374735,0,0,22.22798138858475,1616.9369077580568,879.7539687189076,1407.6946502057613,880.7920438957475,12,12,1.109390558132105,0.17922197422744116,-4.787477655116786,-0.14841476941765525,1.0654872586439579,242.0788251436764,-2.5609084082661256e-05,1.2161342044248762e-05,1.0,1.0,0.0,515.0794123786186,0.0,1.0,181.40833636806252,0.0,0.0,1.0
frame_0694.jpg,frame_0694,694,D:\visualization2026\visualization\left_downsample2_Q37\frame_0694.jpg,D:\visualization2026\visualization\right_downsample2_Q37\frame_0694.jpg,D:\visualization2026\dowsample2_Q37\stitched_frames\frame_0694.jpg,D:\visualization2026\dowsample2_Q37_hess_matched\stitched_frames\frame_0694.jpg,2110,1494,-0.07727013927708071,0.023938766434620368,192.5367870126273,13.636962735488966,209.9003437206684,-2.067122995645036,-17.363556708041102,15.704085731134002,23.41177930453313,-5.790518387281003,-5.721346096200242,8.140264390420322,0,1,-2.8952591936405017,-2.860673048100121,2.8952591936405017,2.860673048100121,0,0,23.41177930453313,1616.5215015839926,869.2806836292431,1406.6211578633242,871.3478066248881,12,12,1.1093346239695416,0.1792485364614007,-2.603324470138691,-0.14822392190100386,1.065396628228563,234.6264884636388,-2.5609084082661256e-05,1.2161342044248762e-05,1.0,1.0,0.0,512.8952591936405,0.0,1.0,188.86067304810013,0.0,0.0,1.0
frame_0696.jpg,frame_0696,696,D:\visualization2026\visualization\left_downsample2_Q37\frame_0696.jpg,D:\visualization2026\visualization\right_downsample2_Q37\frame_0696.jpg,D:\visualization2026\dowsample2_Q37\stitched_frames\frame_0696.jpg,D:\visualization2026\dowsample2_Q37_hess_matched\stitched_frames\frame_0696.jpg,2110,1494,-0.07709885542057826,0.024221251759628026,192.90709601844864,13.931259258801294,184.10022363571716,48.33912729422252,8.806872382731484,-34.40786803542123,35.51707172485762,-1.8174790021159493,-17.26206732184712,17.357482482984523,0,1,-0.9087395010579746,-8.63103366092356,0.9087395010579746,8.63103366092356,0,0,35.51707172485762,1590.7745038129042,912.3668127870242,1406.674280177187,864.0276854928017,12,12,1.1092837510197024,0.17927269520685984,-0.6168047775561638,-0.14807614825088278,1.0653264528994317,228.85612785081537,-2.5609084082661256e-05,1.2161342044248762e-05,1.0,1.0,0.0,510.908739501058,0.0,1.0,194.63103366092355,0.0,0.0,1.0
frame_0698.jpg,frame_0698,698,D:\visualization2026\visualization\left_downsample2_Q37\frame_0698.jpg,D:\visualization2026\visualization\right_downsample2_Q37\frame_0698.jpg,D:\visualization2026\dowsample2_Q37\stitched_frames\frame_0698.jpg,D:\visualization2026\dowsample2_Q37_hess_matched\stitched_frames\frame_0698.jpg,2110,1494,-0.07701122548817851,0.02453411803409225,193.49645386276674,14.244637147376423,184.75394959522373,61.977194443466146,8.742504267543012,-47.73255729608972,48.526574234047224,3.3522820292021946,-26.373485925456038,26.585683264936783,0,1,1.6761410146010973,-13.186742962728019,-1.6761410146010973,13.186742962728019,0,0,48.526574234047224,1591.2592680093692,921.5245076082679,1406.5053184141454,859.5473131648017,12,12,1.1092175545972334,0.17930413082295427,1.9680757381029081,-0.14795948070831672,1.0652710493603583,224.30041854901089,-2.5609084082661256e-05,1.2161342044248762e-05,1.0,1.0,0.0,508.3238589853989,0.0,1.0,199.18674296272803,0.0,0.0,1.0
frame_0700.jpg,frame_0700,700,D:\visualization2026\visualization\left_downsample2_Q37\frame_0700.jpg,D:\visualization2026\visualization\right_downsample2_Q37\frame_0700.jpg,D:\visualization2026\dowsample2_Q37\stitched_frames\frame_0700.jpg,D:\visualization2026\dowsample2_Q37_hess_matched\stitched_frames\frame_0700.jpg,2110,1494,-0.07703284357527374,0.02486986344367126,194.33197770197685,14.566689328085896,186.69955611820046,48.87268584858532,7.632421583776392,-34.30599652049942,35.14477566434326,10.591341418271536,-31.384417152860117,33.12337774236097,0,1,5.295670709135768,-15.692208576430058,-5.295670709135768,15.692208576430058,0,0,35.14477566434326,1591.9101565760275,921.5571373365233,1405.210600457827,872.684451487938,12,12,1.1091248617569462,0.17934814916160882,5.587605432637579,-0.1478953180287492,1.06524057953605,221.79495293530886,-2.5609084082661256e-05,1.2161342044248762e-05,1.0,1.0,0.0,504.7043292908642,0.0,1.0,201.69220857643006,0.0,0.0,1.0
frame_0702.jpg,frame_0702,702,D:\visualization2026\visualization\left_downsample2_Q37\frame_0702.jpg,D:\visualization2026\visualization\right_downsample2_Q37\frame_0702.jpg,D:\visualization2026\dowsample2_Q37\stitched_frames\frame_0702.jpg,D:\visualization2026\dowsample2_Q37_hess_matched\stitched_frames\frame_0702.jpg,2110,1494,-0.07762037408790956,0.02529137864698347,196.36487084062446,14.902005096970111,187.42170222062327,46.02709860337393,8.943168620001188,-31.125093506403818,32.3844362425557,12.074473086359035,-30.707612693941517,32.996217626787576,0,1,6.037236543179517,-15.353806346970758,-6.037236543179517,15.353806346970758,0,0,32.3844362425557,1591.4998595705197,914.2798936344299,1404.0781573498964,868.2527950310559,12,12,1.1091058709351493,0.17935716759736497,6.329171266681328,-0.1479039841998972,1.065244694961311,222.13335516476815,-2.5609084082661256e-05,1.2161342044248762e-05,1.0,1.0,0.0,503.9627634568205,0.0,1.0,201.35380634697077,0.0,0.0,1.0
frame_0704.jpg,frame_0704,704,D:\visualization2026\visualization\left_downsample2_Q37\frame_0704.jpg,D:\visualization2026\visualization\right_downsample2_Q37\frame_0704.jpg,D:\visualization2026\dowsample2_Q37\stitched_frames\frame_0704.jpg,D:\visualization2026\dowsample2_Q37_hess_matched\stitched_frames\frame_0704.jpg,2116,1502,-0.078614079208714,0.025764148381057422,199.23267615418644,15.23687381412288,180.40093591688083,24.587444220009274,18.83174023730561,-9.350570405886394,21.025403855355396,12.544416054298598,-26.82953263059479,29.61732930767889,0,1,6.272208027149299,-13.414766315297395,-6.272208027149299,13.414766315297395,0,0,21.025403855355396,1590.4917164884248,911.7427506927952,1410.090780571544,887.1553064727859,12,12,1.1007676097321601,0.18059943371988676,6.699567961313045,-0.15258175297367335,1.0634480496500782,231.4436954935986,-2.894504496995432e-05,1.0588024132524793e-05,1.0,1.0,0.0,509.7277919728507,0.0,1.0,222.41476631529738,0.0,0.0,1.0
frame_0706.jpg,frame_0706,706,D:\visualization2026\visualization\left_downsample2_Q37\frame_0706.jpg,D:\visualization2026\visualization\right_downsample2_Q37\frame_0706.jpg,D:\visualization2026\dowsample2_Q37\stitched_frames\frame_0706.jpg,D:\visualization2026\dowsample2_Q37_hess_matched\stitched_frames\frame_0706.jpg,2116,1486,-0.07919043557611738,0.026143741432232137,201.14636331183982,15.533020826110313,184.92383258867085,46.55686656693854,16.222530723168973,-31.023845740828225,35.00927745062538,16.683499103412846,-11.580471448735922,20.308777937349284,0,1,8.341749551706423,-5.790235724367961,-8.341749551706423,5.790235724367961,0,0,35.00927745062538,1591.6273102598905,897.3792050344382,1406.7034776712196,850.8223384674997,12,12,1.1188748715806887,0.18195887373002992,8.817258752391192,-0.1456758491876401,1.0748684324838542,227.11296051986923,-2.3868087319742405e-05,2.0714401616072428e-05,1.0,1.0,0.0,507.6582504482936,0.0,1.0,185.79023572436796,0.0,0.0,1.0
frame_0708.jpg,frame_0708,708,D:\visualization2026\visualization\left_downsample2_Q37\frame_0708.jpg,D:\visualization2026\visualization\right_downsample2_Q37\frame_0708.jpg,D:\visualization2026\dowsample2_Q37\stitched_frames\frame_0708.jpg,D:\visualization2026\dowsample2_Q37_hess_matched\stitched_frames\frame_0708.jpg,2116,1486,-0.07880860909712151,0.026250443265246448,200.72942843724778,15.683236189895084,189.63720933000695,44.025393169251174,11.092219107240822,-28.34215697935609,30.43542651196959,21.699598021167645,3.834655540137506,22.03581487923172,0,1,10.849799010583823,1.917327770068753,-10.849799010583823,-1.917327770068753,0,0,30.43542651196959,1591.541043961523,897.7234159373758,1401.903834631516,853.6980227681246,12,12,1.118815009237202,0.18201082647379407,11.325308211268592,-0.14585981398614778,1.0750280900495592,234.82052401430596,-2.3868087319742405e-05,2.0714401616072428e-05,1.0,1.0,0.0,505.1502009894162,0.0,1.0,178.08267222993123,0.0,0.0,1.0
frame_0710.jpg,frame_0710,710,D:\visualization2026\visualization\left_downsample2_Q37\frame_0710.jpg,D:\visualization2026\visualization\right_downsample2_Q37\frame_0710.jpg,D:\visualization2026\dowsample2_Q37\stitched_frames\frame_0710.jpg,D:\visualization2026\dowsample2_Q37_hess_matched\stitched_frames\frame_0710.jpg,2157,1509,-0.07800016321914394,0.026169868874698382,199.1185635835779,15.704863618876,170.79072675423026,-26.23444576991892,28.327836829347632,41.939309388794925,50.609999125066246,24.971748360088707,14.82000628639431,29.038264453791996,0,1,12.485874180044354,7.410003143197155,-12.485874180044354,-7.410003143197155,0,0,50.609999125066246,1613.7156149807577,910.6406660035535,1442.9248882265274,936.8751117734724,12,12,1.1222883981123204,0.2225849385318182,13.019503389644361,-0.16562067432452715,1.1004702575781593,271.5235086811674,-2.977841707255665e-05,4.1344927205761405e-05,1.0,1.0,0.0,544.5141258199557,0.0,1.0,255.58999685680286,0.0,0.0,1.0
frame_0712.jpg,frame_0712,712,D:\visualization2026\visualization\left_downsample2_Q37\frame_0712.jpg,D:\visualization2026\visualization\right_downsample2_Q37\frame_0712.jpg,D:\visualization2026\dowsample2_Q37\stitched_frames\frame_0712.jpg,D:\visualization2026\dowsample2_Q37_hess_matched\stitched_frames\frame_0712.jpg,2166,1514,-0.0775390547679482,0.026184577874659914,198.3438963557881,15.775871652660133,164.3202331470129,-30.174669785303195,34.02366320877519,45.950541437963324,57.17571089707715,28.39854728236224,30.15382519317236,41.42137928086123,0,1,14.19927364118112,15.07691259658618,-14.19927364118112,-15.07691259658618,0,0,57.17571089707715,1615.9903021953469,900.5582432538241,1451.670069048334,930.7329130391273,12,12,1.1447001495617635,0.22007175293952108,14.4079095040029,-0.15675522110170395,1.1151347456073264,265.1091285233966,-1.791992801722143e-05,4.0585411833791786e-05,1.0,1.0,0.0,551.8007263588189,0.0,1.0,244.92308740341383,0.0,0.0,1.0
frame_0714.jpg,frame_0714,714,D:\visualization2026\visualization\left_downsample2_Q37\frame_0714.jpg,D:\visualization2026\visualization\right_downsample2_Q37\frame_0714.jpg,D:\visualization2026\dowsample2_Q37\stitched_frames\frame_0714.jpg,D:\visualization2026\dowsample2_Q37_hess_matched\stitched_frames\frame_0714.jpg,2166,1514,-0.07786827607349922,0.026475967629238484,199.61413882864383,16.01714630710019,164.4216468967329,-29.55903701829743,35.19249193191092,45.57618332539762,57.58211506090991,30.79530452127871,45.99172494070798,55.3497022898952,0,1,15.397652260639354,22.99586247035399,-15.397652260639354,-22.99586247035399,0,0,57.58211506090991,1615.9559764211003,894.4565895077304,1451.5343295243674,924.0156265260279,12,12,1.1446786747031654,0.2201203896293246,15.606288123461134,-0.15689712811341386,1.1154561394492444,273.0280783971644,-1.791992801722143e-05,4.0585411833791786e-05,1.0,1.0,0.0,550.6023477393607,0.0,1.0,237.00413752964602,0.0,0.0,1.0
frame_0716.jpg,frame_0716,716,D:\visualization2026\visualization\left_downsample2_Q37\frame_0716.jpg,D:\visualization2026\visualization\right_downsample2_Q37\frame_0716.jpg,D:\visualization2026\dowsample2_Q37\stitched_frames\frame_0716.jpg,D:\visualization2026\dowsample2_Q37_hess_matched\stitched_frames\frame_0716.jpg,2166,1514,-0.07750314803197123,0.026541990674269406,199.12988994146417,16.125963111507076,165.77336460692754,-29.519285681554948,33.35652533453663,45.645248793062024,56.534471959806204,27.50069238169038,46.55299587237747,54.06911786006831,0,1,13.75034619084519,23.276497936188736,-13.75034619084519,-23.276497936188736,0,0,56.534471959806204,1615.9113893728593,884.3486293491508,1450.1380247659317,913.8679150307057,12,12,1.1447081943093584,0.2200535330340657,13.95898205366697,-0.1569021570807607,1.1154675291552005,273.3087138629991,-1.791992801722143e-05,4.0585411833791786e-05,1.0,1.0,0.0,552.2496538091548,0.0,1.0,236.72350206381125,0.0,0.0,1.0
frame_0718.jpg,frame_0718,718,D:\visualization2026\visualization\left_downsample2_Q37\frame_0718.jpg,D:\visualization2026\visualization\right_downsample2_Q37\frame_0718.jpg,D:\visualization2026\dowsample2_Q37\stitched_frames\frame_0718.jpg,D:\visualization2026\dowsample2_Q37_hess_matched\stitched_frames\frame_0718.jpg,2170,1507,-0.07695511205063466,0.026516584117345365,198.10730144601274,16.16887813068063,175.03129614418958,-34.67846362764135,23.07600530182316,50.847341758321974,55.838644186417746,23.542008498513503,46.71630491451076,52.312898113272446,0,1,11.771004249256752,23.35815245725538,-11.771004249256752,-23.35815245725538,0,0,55.838644186417746,1621.6642461097847,872.3311697155219,1446.6329499655951,907.0096333431633,12,12,1.1587384981653996,0.212867955744413,11.929915792439491,-0.14827500481479547,1.1135942059108883,259.7393611451986,-8.299756891973555e-06,3.573780184231858e-05,1.0,1.0,0.0,558.2289957507433,0.0,1.0,209.6418475427446,0.0,0.0,1.0
frame_0720.jpg,frame_0720,720,D:\visualization2026\visualization\left_downsample2_Q37\frame_0720.jpg,D:\visualization2026\visualization\right_downsample2_Q37\frame_0720.jpg,D:\visualization2026\dowsample2_Q37\stitched_frames\frame_0720.jpg,D:\visualization2026\dowsample2_Q37_hess_matched\stitched_frames\frame_0720.jpg,2162,1512,-0.07656934431330209,0.026421622039163706,197.20439162812207,16.124540707416795,185.34961549671607,-28.621123339725614,11.854776131405998,44.74566404714241,46.28941745307978,17.836213142337968,46.05773769212553,49.390745090305636,0,1,8.918106571168984,23.028868846062764,-8.918106571168984,-23.028868846062764,0,0,46.28941745307978,1624.2837206583176,884.7806132738779,1438.9341051616016,913.4017366136035,12,12,1.1398601416550862,0.20840107564006002,9.349538809979869,-0.15470394122490227,1.1055407806588053,269.3615032562694,-1.7541679641889524e-05,3.298968295765796e-05,1.0,1.0,0.0,553.081893428831,0.0,1.0,216.97113115393722,0.0,0.0,1.0
frame_0722.jpg,frame_0722,722,D:\visualization2026\visualization\left_downsample2_Q37\frame_0722.jpg,D:\visualization2026\visualization\right_downsample2_Q37\frame_0722.jpg,D:\visualization2026\dowsample2_Q37\stitched_frames\frame_0722.jpg,D:\visualization2026\dowsample2_Q37_hess_matched\stitched_frames\frame_0722.jpg,2169,1509,-0.0764203106113035,0.02633738381897277,196.74261120542718,16.06142264953404,182.51236741253638,-30.70566399909569,14.230243792890803,46.76708664862973,48.88415113311827,10.31392069884673,44.10280190591458,45.29275986440263,0,1,5.156960349423365,22.05140095295729,-5.156960349423365,-22.05140095295729,0,0,48.88415113311827,1627.876603836179,865.1875253198363,1445.3642364236425,895.893189318932,12,12,1.1592896435495421,0.2093873364389165,5.3054494186575525,-0.14769761478696772,1.1108061213469829,258.1194131196183,-6.993978308332623e-06,3.298513471648613e-05,1.0,1.0,0.0,563.8430396505767,0.0,1.0,209.9485990470427,0.0,0.0,1.0
frame_0724.jpg,frame_0724,724,D:\visualization2026\visualization\left_downsample2_Q37\frame_0724.jpg,D:\visualization2026\visualization\right_downsample2_Q37\frame_0724.jpg,D:\visualization2026\dowsample2_Q37\stitched_frames\frame_0724.jpg,D:\visualization2026\dowsample2_Q37_hess_matched\stitched_frames\frame_0724.jpg,2169,1509,-0.07648798811105917,0.026323481296951445,196.82841293838382,16.039642888439904,190.16489778735058,-26.24370432503156,6.663515151033238,42.28334721347146,42.80518526700981,5.352138222265313,41.2066837331397,41.5528117921427,0,1,2.6760691111326564,20.60334186656985,-2.6760691111326564,-20.60334186656985,0,0,42.80518526700981,1634.9042305266832,863.9273678460406,1444.7393327393327,890.1710721710722,12,12,1.159306994849048,0.20930550390720454,2.8245581803668443,-0.14768748709312832,1.110758356922941,256.67135403323084,-6.993978308332623e-06,3.298513471648613e-05,1.0,1.0,0.0,566.3239308888674,0.0,1.0,211.39665813343015,0.0,0.0,1.0
frame_0726.jpg,frame_0726,726,D:\visualization2026\visualization\left_downsample2_Q37\frame_0726.jpg,D:\visualization2026\visualization\right_downsample2_Q37\frame_0726.jpg,D:\visualization2026\dowsample2_Q37\stitched_frames\frame_0726.jpg,D:\visualization2026\dowsample2_Q37_hess_matched\stitched_frames\frame_0726.jpg,2167,1511,-0.07682738693343882,0.026400877431331293,197.60818067723446,16.072701517409786,201.86311756015402,-19.797868344597532,-4.254936882919566,35.870569862007315,36.122046870336355,2.8728792949978184,39.63330772959262,39.73729378093347,0,1,1.4364396474989092,19.81665386479631,-1.4364396474989092,-19.81665386479631,0,0,36.122046870336355,1644.2092976088156,879.4583846967649,1442.3461800486616,899.2562530413625,12,12,1.1485436994679799,0.2145542385225545,1.9028423666802694,-0.15336231454274085,1.1142172707750875,265.16275744831984,-1.5109009789798411e-05,3.880733631300488e-05,1.0,1.0,0.0,565.5635603525011,0.0,1.0,221.1833461352037,0.0,0.0,1.0
frame_0728.jpg,frame_0728,728,D:\visualization2026\visualization\left_downsample2_Q37\frame_0728.jpg,D:\visualization2026\visualization\right_downsample2_Q37\frame_0728.jpg,D:\visualization2026\dowsample2_Q37\stitched_frames\frame_0728.jpg,D:\visualization2026\dowsample2_Q37_hess_matched\stitched_frames\frame_0728.jpg,2168,1510,-0.07740542593995225,0.026490433732770602,198.83583657285874,16.088133901056686,200.56874365394265,-20.27861699339087,-1.7329070810839085,36.366750894447556,36.408014743603815,-0.22524235871521803,37.52965766958282,37.530333583865676,0,1,-0.11262117935760901,18.76482883479141,0.11262117935760901,-18.76482883479141,0,0,36.408014743603815,1643.8142285381202,871.7859687938096,1443.2454848841776,892.0645857872005,12,12,1.1524895143167446,0.21589649893141982,-0.48407958169960924,-0.15235985831544185,1.1164158908827972,261.56382467115253,-1.2933132455250123e-05,3.9257865796254176e-05,1.0,1.0,0.0,568.1126211793576,0.0,1.0,220.23517116520858,0.0,0.0,1.0
frame_0730.jpg,frame_0730,730,D:\visualization2026\visualization\left_downsample2_Q37\frame_0730.jpg,D:\visualization2026\visualization\right_downsample2_Q37\frame_0730.jpg,D:\visualization2026\dowsample2_Q37\stitched_frames\frame_0730.jpg,D:\visualization2026\dowsample2_Q37_hess_matched\stitched_frames\frame_0730.jpg,2168,1510,-0.07781601341074396,0.026558212857008323,199.71775115941838,16.10312510422034,200.25926966434986,-20.77565892518669,-0.5415185049314744,36.87878402940703,36.88275957380129,-3.3404040876949126,36.08772170364992,36.24199162889885,0,1,-1.6702020438474563,18.04386085182496,1.6702020438474563,-18.04386085182496,0,0,36.88275957380129,1643.0271624502068,866.213125410903,1442.767892785857,886.9887843360897,12,12,1.152509658716375,0.21583535163087486,-2.0416604461894563,-0.15235053394102216,1.1163875872184785,260.8428566881861,-1.2933132455250123e-05,3.9257865796254176e-05,1.0,1.0,0.0,569.6702020438474,0.0,1.0,220.95613914817505,0.0,0.0,1.0
frame_0732.jpg,frame_0732,732,D:\visualization2026\visualization\left_downsample2_Q37\frame_0732.jpg,D:\visualization2026\visualization\right_downsample2_Q37\frame_0732.jpg,D:\visualization2026\dowsample2_Q37\stitched_frames\frame_0732.jpg,D:\visualization2026\dowsample2_Q37_hess_matched\stitched_frames\frame_0732.jpg,2168,1510,-0.07754186938190699,0.026539559398539858,199.19210089468126,16.118843451164338,200.45246537035564,-20.1299928974164,-1.260364475674379,36.24883634858074,36.27074103513368,-8.234774266823127,36.42253773695124,37.34183662362056,0,1,-4.1173871334115635,18.21126886847562,4.1173871334115635,-18.21126886847562,0,0,36.27074103513368,1643.0648752671023,860.3102954329946,1442.6124098967466,880.440288330411,12,12,1.1525413084852807,0.21573928036705017,-4.488845535753564,-0.15235269905107557,1.1163941592999296,261.01026470483674,-1.2933132455250123e-05,3.9257865796254176e-05,1.0,1.0,0.0,572.1173871334115,0.0,1.0,220.78873113152437,0.0,0.0,1.0
frame_0734.jpg,frame_0734,734,D:\visualization2026\visualization\left_downsample2_Q37\frame_0734.jpg,D:\visualization2026\visualization\right_downsample2_Q37\frame_0734.jpg,D:\visualization2026\dowsample2_Q37\stitched_frames\frame_0734.jpg,D:\visualization2026\dowsample2_Q37_hess_matched\stitched_frames\frame_0734.jpg,2168,1510,-0.07643335869775292,0.026369497390116237,196.84180703323912,16.0908743292318,205.75410052710436,-18.982793054575154,-8.912293493865235,35.07366738380695,36.18827322587686,-14.494815577233988,37.838825078594546,40.52007356788115,0,1,-7.247407788616994,18.919412539297273,7.247407788616994,-18.919412539297273,0,0,36.18827322587686,1648.3072635092078,851.7259829048468,1442.5531629821035,870.7087759594219,12,12,1.1525817894570023,0.2156164024362286,-7.618866190958994,-0.15236185756696766,1.1164219595091232,261.7184083756584,-1.2933132455250123e-05,3.9257865796254176e-05,1.0,1.0,0.0,575.247407788617,0.0,1.0,220.08058746070273,0.0,0.0,1.0
frame_0736.jpg,frame_0736,736,D:\visualization2026\visualization\left_downsample2_Q37\frame_0736.jpg,D:\visualization2026\visualization\right_downsample2_Q37\frame_0736.jpg,D:\visualization2026\dowsample2_Q37\stitched_frames\frame_0736.jpg,D:\visualization2026\dowsample2_Q37_hess_matched\stitched_frames\frame_0736.jpg,2168,1510,-0.07526292481095909,0.02616096573812665,194.2914040850047,16.03332491911313,223.01819186356533,-21.511325109400786,-28.726787778560634,37.544650028513914,47.2739789084656,-18.655096322766724,39.04122788385871,43.269274242712825,0,1,-9.327548161383362,19.520613941929355,9.327548161383362,-19.520613941929355,0,0,47.2739789084656,1661.8420347808164,854.4977445493181,1438.823842917251,876.0090696587189,12,12,1.1526086921879688,0.21553474056463717,-9.699006563725362,-0.15236963298434017,1.1164455613931041,262.31960977829044,-1.2933132455250123e-05,3.9257865796254176e-05,1.0,1.0,0.0,577.3275481613833,0.0,1.0,219.47938605807065,0.0,0.0,1.0
frame_0738.jpg,frame_0738,738,D:\visualization2026\visualization\left_downsample2_Q37\frame_0738.jpg,D:\visualization2026\visualization\right_downsample2_Q37\frame_0738.jpg,D:\visualization2026\dowsample2_Q37\stitched_frames\frame_0738.jpg,D:\visualization2026\dowsample2_Q37_hess_matched\stitched_frames\frame_0738.jpg,2168,1510,-0.07463332822380864,0.02602825956283661,192.87072099534942,15.982509334260365,225.90383462848763,-27.465678268403735,-33.033113633138214,43.4481876026641,54.579589612382726,-23.306403760720354,42.117331793366034,48.13582962461747,0,1,-11.653201880360177,21.058665896683017,11.653201880360177,-21.058665896683017,0,0,54.579589612382726,1666.2679517200834,851.8619893425499,1440.3641170915957,879.3276676109537,12,12,1.1526387701755614,0.21544344036304902,-12.024660282702177,-0.15238952481399407,1.1165059420303316,263.85766173304415,-1.2933132455250123e-05,3.9257865796254176e-05,1.0,1.0,0.0,579.6532018803601,0.0,1.0,217.941334103317,0.0,0.0,1.0
frame_0740.jpg,frame_0740,740,D:\visualization2026\visualization\left_downsample2_Q37\frame_0740.jpg,D:\visualization2026\visualization\right_downsample2_Q37\frame_0740.jpg,D:\visualization2026\dowsample2_Q37\stitched_frames\frame_0740.jpg,D:\visualization2026\dowsample2_Q37_hess_matched\stitched_frames\frame_0740.jpg,2168,1510,-0.07416287445273628,0.025978825744362943,191.92727336876757,15.992632810658762,213.27019560136273,-26.898165245069094,-21.342922232595157,42.890798055727856,47.90762869610469,-28.215486223965623,44.27211821840049,52.49889631600671,0,1,-14.107743111982812,22.136059109200247,14.107743111982812,-22.136059109200247,0,0,47.90762869610469,1652.2647865411868,855.2022887296242,1438.994590939824,882.1004539746933,12,12,1.1526705150824268,0.2153470803127866,-14.479201514324812,-0.15240345888311793,1.1165482381884784,264.9350549455614,-1.2933132455250123e-05,3.9257865796254176e-05,1.0,1.0,0.0,582.1077431119828,0.0,1.0,216.86394089079977,0.0,0.0,1.0
frame_0742.jpg,frame_0742,742,D:\visualization2026\visualization\left_downsample2_Q37\frame_0742.jpg,D:\visualization2026\visualization\right_downsample2_Q37\frame_0742.jpg,D:\visualization2026\dowsample2_Q37\stitched_frames\frame_0742.jpg,D:\visualization2026\dowsample2_Q37_hess_matched\stitched_frames\frame_0742.jpg,2168,1510,-0.07379727993700524,0.025925029950928435,191.15757442936652,15.985624937546296,215.67447609480905,-35.64373095857104,-24.516901665442532,51.62935589611734,57.15477983091987,-31.808107376802543,43.753733331774086,54.09385247292153,0,1,-15.904053688401271,21.876866665887043,15.904053688401271,-21.876866665887043,0,0,57.15477983091987,1653.5921209082453,850.142221899526,1437.9176448134363,885.7859528580971,12,12,1.1526937470050422,0.21527656099324918,-16.27551209074327,-0.15240010671291718,1.1165380628463233,264.67586250224815,-1.2933132455250123e-05,3.9257865796254176e-05,1.0,1.0,0.0,583.9040536884013,0.0,1.0,217.12313333411296,0.0,0.0,1.0
frame_0744.jpg,frame_0744,744,D:\visualization2026\visualization\left_downsample2_Q37\frame_0744.jpg,D:\visualization2026\visualization\right_downsample2_Q37\frame_0744.jpg,D:\visualization2026\dowsample2_Q37\stitched_frames\frame_0744.jpg,D:\visualization2026\dowsample2_Q37_hess_matched\stitched_frames\frame_0744.jpg,2168,1510,-0.07354990257639993,0.02582446181756165,190.4843315080547,15.918823834568958,223.94203731814628,-29.928775674410304,-33.45770581009157,45.84759950897926,56.75755860509145,-34.4125122876949,42.57533028394652,54.743764491838576,0,1,-17.20625614384745,21.28766514197326,17.20625614384745,-21.28766514197326,0,0,56.75755860509145,1662.3904157769382,856.06864572795,1438.448378458792,885.9974214023603,12,12,1.1527105885618822,0.21522543930401372,-17.57771454618945,-0.15239248649156556,1.1165149320519705,264.08666097833435,-1.2933132455250123e-05,3.9257865796254176e-05,1.0,1.0,0.0,585.2062561438474,0.0,1.0,217.71233485802674,0.0,0.0,1.0
frame_0746.jpg,frame_0746,746,D:\visualization2026\visualization\left_downsample2_Q37\frame_0746.jpg,D:\visualization2026\visualization\right_downsample2_Q37\frame_0746.jpg,D:\visualization2026\dowsample2_Q37\stitched_frames\frame_0746.jpg,D:\visualization2026\dowsample2_Q37_hess_matched\stitched_frames\frame_0746.jpg,2140,1510,-0.07338657813348348,0.025827726040339283,190.20532263080534,15.942093081404927,236.89521617355058,-19.01063251397693,-46.68989354274524,34.95272559538186,58.32357315510552,-39.53716248332182,40.42179060573306,56.54297810521055,0,1,-19.76858124166091,20.21089530286653,19.76858124166091,-20.21089530286653,0,0,58.32357315510552,1646.034414497839,854.5508261168904,1409.1391983242884,873.5614586308674,12,12,1.1231752017847285,0.19890244870257065,-19.71545921082992,-0.1635200116199844,1.0951828181959073,280.42686694652105,-2.671243188717756e-05,3.500399052617625e-05,1.0,1.0,0.0,559.768581241661,0.0,1.0,211.78910469713347,0.0,0.0,1.0
frame_0748.jpg,frame_0748,748,D:\visualization2026\visualization\left_downsample2_Q37\frame_0748.jpg,D:\visualization2026\visualization\right_downsample2_Q37\frame_0748.jpg,D:\visualization2026\dowsample2_Q37\stitched_frames\frame_0748.jpg,D:\visualization2026\dowsample2_Q37_hess_matched\stitched_frames\frame_0748.jpg,2140,1510,-0.07323724049578917,0.025868462714420226,190.03988785357166,15.99988122225845,236.09502604117165,-21.55629114126782,-46.055138187599994,37.55617236352627,59.42677709650613,-43.99969564826628,36.51798290488009,57.17985915146327,0,1,-21.99984782413314,18.258991452440046,21.99984782413314,-18.258991452440046,0,0,59.42677709650613,1645.5756261940767,846.8663006018514,1409.480600152905,868.4225917431193,12,12,1.123234804341335,0.19882434546825642,-21.94672579330215,-0.16346787152132955,1.0951144937720192,278.4749630960946,-2.671243188717756e-05,3.500399052617625e-05,1.0,1.0,0.0,561.9998478241331,0.0,1.0,213.74100854755994,0.0,0.0,1.0
frame_0750.jpg,frame_0750,750,D:\visualization2026\visualization\left_downsample2_Q37\frame_0750.jpg,D:\visualization2026\visualization\right_downsample2_Q37\frame_0750.jpg,D:\visualization2026\dowsample2_Q37\stitched_frames\frame_0750.jpg,D:\visualization2026\dowsample2_Q37_hess_matched\stitched_frames\frame_0750.jpg,2140,1510,-0.07307201654752682,0.025840854456253115,189.68420591596026,15.993526232438144,236.65037912669004,-16.1295734322224,-46.96617321072978,32.12309966466054,56.90092229591701,-47.67439194768038,35.47992860313401,59.427880504562324,0,1,-23.83719597384019,17.739964301567007,23.83719597384019,-17.739964301567007,0,0,56.90092229591701,1645.8658955382791,847.0988412371394,1409.215516411589,863.2284146693618,12,12,1.123283884378637,0.19876003095103079,-23.784073943009197,-0.16345400704391425,1.095096325750547,277.95593594522154,-2.671243188717756e-05,3.500399052617625e-05,1.0,1.0,0.0,563.8371959738402,0.0,1.0,214.260035698433,0.0,0.0,1.0
frame_0752.jpg,frame_0752,752,D:\visualization2026\visualization\left_downsample2_Q37\frame_0752.jpg,D:\visualization2026\visualization\right_downsample2_Q37\frame_0752.jpg,D:\visualization2026\dowsample2_Q37\stitched_frames\frame_0752.jpg,D:\visualization2026\dowsample2_Q37_hess_matched\stitched_frames\frame_0752.jpg,2140,1510,-0.0730459884197262,0.025689913558446797,189.27994421414957,15.850749769299926,236.1095117043144,-16.259567622552595,-46.829567490164834,32.11031739185252,56.78099043096562,-47.36913705057757,34.492722559269694,58.596783652920344,0,1,-23.684568525288785,17.246361279634847,23.684568525288785,-17.246361279634847,0,0,56.78099043096562,1645.303305832891,841.4236356476071,1409.1937941285767,857.6832032701597,12,12,1.1232798073283137,0.1987653735207939,-23.631446494457794,-0.1634408217068116,1.0950790476750436,277.4623329232894,-2.671243188717756e-05,3.500399052617625e-05,1.0,1.0,0.0,563.6845685252888,0.0,1.0,214.75363872036516,0.0,0.0,1.0
frame_0754.jpg,frame_0754,754,D:\visualization2026\visualization\left_downsample2_Q37\frame_0754.jpg,D:\visualization2026\visualization\right_downsample2_Q37\frame_0754.jpg,D:\visualization2026\dowsample2_Q37\stitched_frames\frame_0754.jpg,D:\visualization2026\dowsample2_Q37_hess_matched\stitched_frames\frame_0754.jpg,2140,1510,-0.07302025183302385,0.0255180338324299,188.82645397053878,15.68768653411189,240.6576412777008,-24.969641466136977,-51.831187307162025,40.65732800024887,65.87480776283097,-48.815340660285905,32.110187499716965,58.42945853802465,0,1,-24.407670330142953,16.055093749858482,24.407670330142953,-16.055093749858482,0,0,65.87480776283097,1644.8345440105836,830.1259604537375,1404.1769027328828,855.0956019198745,12,12,1.1232991231360232,0.19874006207206735,-24.35454829931196,-0.16340900005406303,1.0950373485577172,276.271065393513,-2.671243188717756e-05,3.500399052617625e-05,1.0,1.0,0.0,564.407670330143,0.0,1.0,215.9449062501415,0.0,0.0,1.0
frame_0756.jpg,frame_0756,756,D:\visualization2026\visualization\left_downsample2_Q37\frame_0756.jpg,D:\visualization2026\visualization\right_downsample2_Q37\frame_0756.jpg,D:\visualization2026\dowsample2_Q37\stitched_frames\frame_0756.jpg,D:\visualization2026\dowsample2_Q37_hess_matched\stitched_frames\frame_0756.jpg,2145,1514,-0.07279450017305422,0.025435154039400942,188.23320004706446,15.635329555730086,233.39681910429567,-14.381365820330188,-45.163619057231216,30.016695376060277,54.22872382461067,-51.68912216054498,29.491084782138355,59.51041447809799,0,1,-25.84456108027249,14.745542391069177,25.84456108027249,-14.745542391069177,0,0,54.22872382461067,1641.3201610508934,815.4322048562896,1407.9233419465977,829.8135706766197,12,12,1.1274538344482197,0.1835731234870582,-26.179283038617804,-0.15554032337927007,1.0815874918912072,263.5296065228962,-1.8478123021486537e-05,1.7580187863747485e-05,1.0,1.0,0.0,570.8445610802725,0.0,1.0,197.25445760893084,0.0,0.0,1.0
frame_0758.jpg,frame_0758,758,D:\visualization2026\visualization\left_downsample2_Q37\frame_0758.jpg,D:\visualization2026\visualization\right_downsample2_Q37\frame_0758.jpg,D:\visualization2026\dowsample2_Q37\stitched_frames\frame_0758.jpg,D:\visualization2026\dowsample2_Q37_hess_matched\stitched_frames\frame_0758.jpg,2145,1514,-0.07224632166622458,0.02540251858605841,187.1931889808817,15.671270739122614,240.47934521702336,-9.972226326639998,-53.286156236141665,25.64349706576261,59.135466415546894,-56.94558505217003,26.47974538009855,62.80108734989213,0,1,-28.472792526085016,13.239872690049275,28.472792526085016,-13.239872690049275,0,0,59.135466415546894,1647.719966553483,814.4833227159547,1407.2406213364595,824.4555490425947,12,12,1.1275023992322044,0.1835269186844914,-28.807514484430328,-0.1555125014293049,1.0815610219350025,262.0239368218763,-1.8478123021486537e-05,1.7580187863747485e-05,1.0,1.0,0.0,573.472792526085,0.0,1.0,198.76012730995072,0.0,0.0,1.0
frame_0760.jpg,frame_0760,760,D:\visualization2026\visualization\left_downsample2_Q37\frame_0760.jpg,D:\visualization2026\visualization\right_downsample2_Q37\frame_0760.jpg,D:\visualization2026\dowsample2_Q37\stitched_frames\frame_0760.jpg,D:\visualization2026\dowsample2_Q37_hess_matched\stitched_frames\frame_0760.jpg,2148,1524,-0.07169348485648974,0.02537720266630733,186.16238655880227,15.714864606241083,247.49746727082743,-3.3127214705264123,-61.33508071202516,19.027586076767495,64.21869788355598,-59.501752867683024,18.753676333912722,62.387169917892436,0,1,-29.750876433841512,9.376838166956361,29.750876433841512,-9.376838166956361,0,0,64.21869788355598,1657.3633092347707,820.2699405931482,1409.8658419639432,823.5826620636747,12,12,1.1260143862320906,0.17746370518303278,-29.31714041206689,-0.15908556964869824,1.0837232299895911,263.1504886093053,-2.0685400933960683e-05,1.6451632049974003e-05,1.0,1.0,0.0,577.7508764338415,0.0,1.0,207.62316183304364,0.0,0.0,1.0
frame_0762.jpg,frame_0762,762,D:\visualization2026\visualization\left_downsample2_Q37\frame_0762.jpg,D:\visualization2026\visualization\right_downsample2_Q37\frame_0762.jpg,D:\visualization2026\dowsample2_Q37\stitched_frames\frame_0762.jpg,D:\visualization2026\dowsample2_Q37_hess_matched\stitched_frames\frame_0762.jpg,2126,1524,-0.07150989393896312,0.025341245426173498,185.75462301709703,15.702696709965661,258.8665049653871,-1.3509236716878377,-73.11188194829006,17.0536203816535,75.07445138089422,-61.78128227539541,14.567375867518528,63.47546990182624,0,1,-30.890641137697706,7.283687933759264,30.890641137697706,-7.283687933759264,0,0,75.07445138089422,1649.4899096200418,815.9608255775613,1390.6234046546547,817.3117492492491,12,12,1.0954405602121418,0.1432567060853316,-30.513460336783872,-0.15934667891287768,1.0435885699689755,261.4041625893396,-3.359895774142932e-05,-9.496024917091931e-06,1.0,1.0,0.0,556.8906411376977,0.0,1.0,186.71631206624073,0.0,0.0,1.0
frame_0764.jpg,frame_0764,764,D:\visualization2026\visualization\left_downsample2_Q37\frame_0764.jpg,D:\visualization2026\visualization\right_downsample2_Q37\frame_0764.jpg,D:\visualization2026\dowsample2_Q37\stitched_frames\frame_0764.jpg,D:\visualization2026\dowsample2_Q37_hess_matched\stitched_frames\frame_0764.jpg,2141,1503,-0.07180363594639283,0.025347079363371383,186.28423025539584,15.672166679512785,250.89625664012283,13.645183910193055,-64.61202638472699,2.02698276931973,64.64381341387416,-62.571818480153595,11.734082882384318,63.662557041042234,0,1,-31.285909240076798,5.867041441192159,31.285909240076798,-5.867041441192159,0,0,64.64381341387416,1656.9912528778955,797.3070537371306,1406.0949962377726,783.6618698269375,12,12,1.13935512663277,0.153781159946407,-31.500973854194548,-0.14423928482653697,1.0681673345115883,236.47011827505688,-1.2210651943955593e-05,5.446883772555966e-06,1.0,1.0,0.0,572.2859092400768,0.0,1.0,154.13295855880784,0.0,0.0,1.0
frame_0766.jpg,frame_0766,766,D:\visualization2026\visualization\left_downsample2_Q37\frame_0766.jpg,D:\visualization2026\visualization\right_downsample2_Q37\frame_0766.jpg,D:\visualization2026\dowsample2_Q37\stitched_frames\frame_0766.jpg,D:\visualization2026\dowsample2_Q37_hess_matched\stitched_frames\frame_0766.jpg,2141,1486,-0.07215585635817534,0.025363526193965924,186.94172421650407,15.644699639874554,243.50299031229724,6.559506595785251,-56.56126609579317,9.085193044089303,57.28627719626657,-63.57430535587577,9.283594339760874,64.2485597141864,0,1,-31.787152677937886,4.641797169880437,31.787152677937886,-4.641797169880437,0,0,57.28627719626657,1648.9177986914842,788.2491484531073,1405.414808379187,781.689641857322,12,12,1.1302209100693743,0.1598415306560358,-31.459544785960222,-0.1471490408430518,1.0647643803901137,239.59314528109334,-1.7152099545472188e-05,1.4980044989103362e-05,1.0,1.0,0.0,572.7871526779379,0.0,1.0,158.35820283011955,0.0,0.0,1.0
frame_0768.jpg,frame_0768,768,D:\visualization2026\visualization\left_downsample2_Q37\frame_0768.jpg,D:\visualization2026\visualization\right_downsample2_Q37\frame_0768.jpg,D:\visualization2026\dowsample2_Q37\stitched_frames\frame_0768.jpg,D:\visualization2026\dowsample2_Q37_hess_matched\stitched_frames\frame_0768.jpg,2141,1505,-0.07209366919215165,0.025328316022759756,186.74889457990955,15.618304237440418,243.98773183984213,4.14127209734886,-57.23883725993258,11.477032140091557,58.37813595528501,-56.38074716195453,4.3831343711318755,56.55086663752945,0,1,-28.190373580977266,2.1915671855659378,28.190373580977266,-2.1915671855659378,0,0,58.37813595528501,1648.9146659372632,792.2537840362218,1404.926934097421,788.1125119388729,12,12,1.132603177767876,0.15492372292530004,-28.259954702262903,-0.14506299914537368,1.0706522797461961,234.116970409204,-1.3079352535706156e-05,6.679228312146071e-06,1.0,1.0,0.0,569.1903735809773,0.0,1.0,172.80843281443407,0.0,0.0,1.0
frame_0770.jpg,frame_0770,770,D:\visualization2026\visualization\left_downsample2_Q37\frame_0770.jpg,D:\visualization2026\visualization\right_downsample2_Q37\frame_0770.jpg,D:\visualization2026\dowsample2_Q37\stitched_frames\frame_0770.jpg,D:\visualization2026\dowsample2_Q37_hess_matched\stitched_frames\frame_0770.jpg,2153,1503,-0.07151601952790865,0.025252597448007785,185.55479396488275,15.616206989093147,251.9023090555188,8.841063625442871,-66.34751509063605,6.775143363650276,66.69254325859971,-49.89614318272599,4.093584808374155,50.0637847260317,0,1,-24.948071591362996,2.0467924041870775,24.948071591362996,-2.0467924041870775,0,1,66.69254325859971,1668.4181393173087,786.6199125055109,1416.51583026179,777.778848880068,12,12,1.1511234222091746,0.16554669638099828,-25.025341475231436,-0.14280237547543984,1.0862106782435854,230.5662308322121,-9.412542435578375e-06,1.5801366806592214e-05,1.0,1.0,0.0,577.948071591363,0.0,1.0,173.95320759581293,0.0,0.0,1.0
frame_0772.jpg,frame_0772,772,D:\visualization2026\visualization\left_downsample2_Q37\frame_0772.jpg,D:\visualization2026\visualization\right_downsample2_Q37\frame_0772.jpg,D:\visualization2026\dowsample2_Q37\stitched_frames\frame_0772.jpg,D:\visualization2026\dowsample2_Q37_hess_matched\stitched_frames\frame_0772.jpg,2141,1503,-0.07075257233773335,0.025169350668638346,184.01658897120498,15.629708555944674,221.16067994988884,23.07838801743617,-37.14409097868386,-7.448679461491494,37.883589063772575,-44.46159594401736,7.168621742506398,45.035793004855556,0,1,-22.23079797200868,3.584310871253199,22.23079797200868,-3.584310871253199,0,0,37.883589063772575,1626.014953698223,803.5010036656372,1404.8542737483342,780.422615648201,12,12,1.1304765329888062,0.1572849794180214,-22.172807742954923,-0.1461100985290233,1.0744896521696499,237.4146340811831,-1.6446767925054483e-05,1.1278720409638526e-05,1.0,1.0,0.0,563.2307979720086,0.0,1.0,174.4156891287468,0.0,0.0,1.0
frame_0774.jpg,frame_0774,774,D:\visualization2026\visualization\left_downsample2_Q37\frame_0774.jpg,D:\visualization2026\visualization\right_downsample2_Q37\frame_0774.jpg,D:\visualization2026\dowsample2_Q37\stitched_frames\frame_0774.jpg,D:\visualization2026\dowsample2_Q37_hess_matched\stitched_frames\frame_0774.jpg,2164,1498,-0.07013417977678504,0.025089586224832816,182.74134146408022,15.62871557298926,214.93034795266453,15.04948061745813,-32.18900648858431,0.5792349555311294,32.194217677338145,-38.11547462039986,12.901382138284877,40.23972001165517,0,1,-19.05773731019993,6.450691069142438,19.05773731019993,-6.450691069142438,0,0,32.194217677338145,1641.9705569273822,792.5825527323942,1427.0402089747176,777.5330721149361,12,12,1.163396078567737,0.17105283568372734,-18.568687247618715,-0.13714192760965907,1.0981505895504073,225.4831684889099,-4.096883505395278e-06,2.1404925646340905e-05,1.0,1.0,0.0,583.0577373102,0.0,1.0,178.54930893085756,0.0,0.0,1.0
frame_0776.jpg,frame_0776,776,D:\visualization2026\visualization\left_downsample2_Q37\frame_0776.jpg,D:\visualization2026\visualization\right_downsample2_Q37\frame_0776.jpg,D:\visualization2026\dowsample2_Q37\stitched_frames\frame_0776.jpg,D:\visualization2026\dowsample2_Q37_hess_matched\stitched_frames\frame_0776.jpg,2160,1502,-0.0697577146672439,0.02496791352006933,181.79131368799807,15.557399562301736,211.17984359024808,-8.902978152448782,-29.388529902250013,24.460377714750518,38.23605324512072,-27.099314035317057,22.51678908100834,35.23320325635108,0,1,-13.549657017658529,11.25839454050417,13.549657017658529,-11.25839454050417,0,0,38.23605324512072,1634.033202943468,799.2112305642132,1422.85335935322,808.114208716662,12,12,1.1490512862398026,0.16889992317032276,-13.929712892350818,-0.1410236271768343,1.0953324097063717,236.74092184336155,-1.0106501406737866e-05,2.058901335208061e-05,1.0,1.0,0.0,573.5496570176585,0.0,1.0,194.74160545949582,0.0,0.0,1.0
frame_0778.jpg,frame_0778,778,D:\visualization2026\visualization\left_downsample2_Q37\frame_0778.jpg,D:\visualization2026\visualization\right_downsample2_Q37\frame_0778.jpg,D:\visualization2026\dowsample2_Q37\stitched_frames\frame_0778.jpg,D:\visualization2026\dowsample2_Q37_hess_matched\stitched_frames\frame_0778.jpg,2173,1505,-0.06963989097551071,0.024856739749567258,181.32034571463973,15.464387641107752,206.82857635648475,-24.676446477876198,-25.508230641845017,40.140834118983946,47.56002937599332,-20.88834321382021,31.788546454831,38.037278660930745,0,1,-10.444171606910105,15.8942732274155,10.444171606910105,-15.8942732274155,0,0,47.56002937599332,1642.0158474187558,801.2701652437355,1435.187271062271,825.9466117216117,12,12,1.1487625991898225,0.18063841767292213,-10.228029790086099,-0.14635647022158824,1.105770350964608,249.27517635675488,-1.4901845790598583e-05,3.0071328438212913e-05,1.0,1.0,0.0,583.4441716069101,0.0,1.0,212.1057267725845,0.0,0.0,1.0
frame_0780.jpg,frame_0780,780,D:\visualization2026\visualization\left_downsample2_Q37\frame_0780.jpg,D:\visualization2026\visualization\right_downsample2_Q37\frame_0780.jpg,D:\visualization2026\dowsample2_Q37\stitched_frames\frame_0780.jpg,D:\visualization2026\dowsample2_Q37_hess_matched\stitched_frames\frame_0780.jpg,2203,1506,-0.0698645759075408,0.02486036063801872,181.7234462549482,15.440221172635699,192.99015842017025,-39.41195690463189,-11.26671216522206,54.852178077267595,55.99732353277466,-16.008471884926625,39.62733769540943,42.738706869961604,0,1,-8.004235942463312,19.813668847704715,8.004235942463312,-19.813668847704715,0,0,55.99732353277466,1657.7352072346753,788.5476897713327,1464.745048814505,827.9596466759646,12,12,1.1832855815760421,0.1901923680373666,-7.831874047942167,-0.13807908228487173,1.123916087676266,240.22874011145447,-7.332112716234051e-07,3.476430595842461e-05,1.0,1.0,0.0,611.0042359424633,0.0,1.0,216.18633115229528,0.0,0.0,1.0
frame_0782.jpg,frame_0782,782,D:\visualization2026\visualization\left_downsample2_Q37\frame_0782.jpg,D:\visualization2026\visualization\right_downsample2_Q37\frame_0782.jpg,D:\visualization2026\dowsample2_Q37\stitched_frames\frame_0782.jpg,D:\visualization2026\dowsample2_Q37_hess_matched\stitched_frames\frame_0782.jpg,2206,1498,-0.07079676898735143,0.025252636917732885,184.29203635071477,15.704815875940298,190.3812732219144,-23.205291531681496,-6.089236871199631,38.910107407621794,39.38369287086016,-6.638985376263323,34.09162856187741,34.73204953392837,0,1,-3.3194926881316613,17.045814280938703,3.3194926881316613,-17.045814280938703,0,0,39.38369287086016,1656.9436034644918,768.8418190799134,1466.5623302425774,792.0471106115949,12,12,1.1962713697585599,0.17909590109889026,-3.4416802487494786,-0.12794009123809436,1.1195132942241306,222.23597325315217,8.153103353453466e-06,2.7957634496495417e-05,1.0,1.0,0.0,609.3194926881316,0.0,1.0,192.9541857190613,0.0,0.0,1.0
frame_0784.jpg,frame_0784,784,D:\visualization2026\visualization\left_downsample2_Q37\frame_0784.jpg,D:\visualization2026\visualization\right_downsample2_Q37\frame_0784.jpg,D:\visualization2026\dowsample2_Q37\stitched_frames\frame_0784.jpg,D:\visualization2026\dowsample2_Q37_hess_matched\stitched_frames\frame_0784.jpg,2207,1499,-0.07194294365772014,0.02590887896240368,187.8633864242543,16.198353246621743,195.65303626837067,-23.574837911801524,-7.789649844116383,39.773191158423266,40.52882159178109,1.013715078197964,24.949458777853156,24.97004428445332,0,1,0.506857539098982,12.474729388926578,-0.506857539098982,-12.474729388926578,0,0,40.52882159178109,1663.668406105066,770.6827989758066,1468.0153698366953,794.2576368876081,12,12,1.2019357563802822,0.17562560478384137,0.44097255736142804,-0.12501873903535726,1.1186660818022385,212.33879975075718,1.2771763199608478e-05,2.3910759473314343e-05,1.0,1.0,0.0,606.493142460901,0.0,1.0,193.5252706110734,0.0,0.0,1.0
frame_0786.jpg,frame_0786,786,D:\visualization2026\visualization\left_downsample2_Q37\frame_0786.jpg,D:\visualization2026\visualization\right_downsample2_Q37\frame_0786.jpg,D:\visualization2026\dowsample2_Q37\stitched_frames\frame_0786.jpg,D:\visualization2026\dowsample2_Q37_hess_matched\stitched_frames\frame_0786.jpg,2203,1501,-0.07234678909204095,0.026467835834994624,189.90026178922582,16.689214501497162,172.44135914815934,19.90738245440673,17.458902641066487,-3.2181679529095675,17.753024711394183,5.288696013053363,18.40137005565162,19.146297956616014,0,1,2.6443480065266813,9.20068502782581,-2.6443480065266813,-9.20068502782581,0,0,17.753024711394183,1635.3919116343473,816.5041596183108,1462.950552486188,796.5967771639041,12,12,1.1860494458108226,0.18189833989671542,2.654346499349228,-0.13339885920004577,1.1203380975748938,222.5719123902161,1.367087151260096e-06,3.150055848819272e-05,1.0,1.0,0.0,600.3556519934733,0.0,1.0,207.7993149721742,0.0,0.0,1.0
frame_0788.jpg,frame_0788,788,D:\visualization2026\visualization\left_downsample2_Q37\frame_0788.jpg,D:\visualization2026\visualization\right_downsample2_Q37\frame_0788.jpg,D:\visualization2026\dowsample2_Q37\stitched_frames\frame_0788.jpg,D:\visualization2026\dowsample2_Q37_hess_matched\stitched_frames\frame_0788.jpg,2207,1500,-0.07092141202825597,0.026063692554320173,186.43755503984258,16.473874880401667,173.68228340938117,22.043889681538985,12.755271630461408,-5.570014801137319,13.91840577263583,8.347379454223786,18.307181651242562,20.12042851840859,0,1,4.173689727111893,9.153590825621281,-4.173689727111893,-9.153590825621281,0,0,13.91840577263583,1640.4647644699871,811.3252343785086,1466.782481060606,789.2813446969697,12,12,1.1982625655168333,0.18289347400910522,3.839551033592458,-0.12956691092843672,1.1266008384684914,216.87368237329463,7.27228472478538e-06,3.286459284388856e-05,1.0,1.0,0.0,602.8263102728881,0.0,1.0,204.84640917437872,0.0,0.0,1.0
frame_0790.jpg,frame_0790,790,D:\visualization2026\visualization\left_downsample2_Q37\frame_0790.jpg,D:\visualization2026\visualization\right_downsample2_Q37\frame_0790.jpg,D:\visualization2026\dowsample2_Q37\stitched_frames\frame_0790.jpg,D:\visualization2026\dowsample2_Q37_hess_matched\stitched_frames\frame_0790.jpg,2219,1502,-0.06844188279869678,0.02487474554804031,179.2596704694503,15.629328243777195,169.15147796039537,-6.482406222482723,10.10819250905493,22.111734466259918,24.312637802313862,8.092529590923062,13.993823888317271,16.165275815686055,0,1,4.046264795461531,6.996911944158636,-4.046264795461531,-6.996911944158636,0,0,24.312637802313862,1647.1824664661424,814.9583294097012,1478.030988505747,821.4407356321839,12,12,1.196395434175702,0.19306686081833288,4.454886096077877,-0.13178586241173712,1.1383625313804235,217.47332021985733,2.1418078423049906e-06,4.1277176815210346e-05,1.0,1.0,0.0,614.9537352045385,0.0,1.0,230.00308805584137,0.0,0.0,1.0
frame_0792.jpg,frame_0792,792,D:\visualization2026\visualization\left_downsample2_Q37\frame_0792.jpg,D:\visualization2026\visualization\right_downsample2_Q37\frame_0792.jpg,D:\visualization2026\dowsample2_Q37\stitched_frames\frame_0792.jpg,D:\visualization2026\dowsample2_Q37_hess_matched\stitched_frames\frame_0792.jpg,2221,1498,-0.06660333730119716,0.0239359194536638,173.80138245062594,14.947751951012469,164.59720211597346,-23.491413434564038,9.204180334652477,38.43916538557651,39.52576844506007,3.490983150481889,22.352932976203576,22.623893917617227,0,1,1.7454915752409446,11.176466488101788,-1.7454915752409446,-11.176466488101788,0,0,39.52576844506007,1647.4481902212465,802.2041939457862,1482.850988105273,825.6956073803502,12,12,1.2052090212182704,0.18930240539224963,2.166594341054488,-0.1266888105606694,1.136321238967588,213.7538159565135,8.194831426516805e-06,3.745435751220828e-05,1.0,1.0,0.0,619.254508424759,0.0,1.0,218.8235335118982,0.0,0.0,1.0
frame_0794.jpg,frame_0794,794,D:\visualization2026\visualization\left_downsample2_Q37\frame_0794.jpg,D:\visualization2026\visualization\right_downsample2_Q37\frame_0794.jpg,D:\visualization2026\dowsample2_Q37\stitched_frames\frame_0794.jpg,D:\visualization2026\dowsample2_Q37_hess_matched\stitched_frames\frame_0794.jpg,2221,1501,-0.06505257411649368,0.023481533919367137,169.99917322234813,14.69926124573198,179.06307238296813,-3.507141098064835,-9.063899160619997,18.206402343796817,20.337830619269553,-2.0868089675030888,30.51569390065171,30.586963659459943,0,1,-1.0434044837515444,15.257846950325854,1.0434044837515444,-15.257846950325854,0,0,20.337830619269553,1658.550437974366,808.094471805161,1479.487365591398,811.6016129032258,12,12,1.210574778759985,0.18492366740704008,-1.3954671729924826,-0.12683836457298997,1.1422885855328597,218.86227562961872,9.038967229210743e-06,4.006683464546927e-05,1.0,1.0,0.0,622.0434044837516,0.0,1.0,198.74215304967416,0.0,0.0,1.0
frame_0796.jpg,frame_0796,796,D:\visualization2026\visualization\left_downsample2_Q37\frame_0796.jpg,D:\visualization2026\visualization\right_downsample2_Q37\frame_0796.jpg,D:\visualization2026\dowsample2_Q37\stitched_frames\frame_0796.jpg,D:\visualization2026\dowsample2_Q37_hess_matched\stitched_frames\frame_0796.jpg,2219,1499,-0.06304246294103366,0.02307128588479823,165.49529549946152,14.550023394973524,171.0441250606009,-24.027354091548432,-5.548829561139371,38.577377486521954,38.974396252362716,-12.676842158121259,28.94727228258482,31.601374965403384,0,1,-6.3384210790606295,14.47363614129241,6.3384210790606295,-14.47363614129241,0,0,38.974396252362716,1654.396056391073,797.2380727086422,1483.351931330472,821.2654268001907,12,12,1.2106880045576514,0.1789631839475688,-6.53329564733034,-0.12315575894919605,1.1369764873980837,211.4509418587621,1.2256561329447731e-05,3.4445223462870624e-05,1.0,1.0,0.0,625.3384210790606,0.0,1.0,193.52636385870758,0.0,0.0,1.0
frame_0798.jpg,frame_0798,798,D:\visualization2026\visualization\left_downsample2_Q37\frame_0798.jpg,D:\visualization2026\visualization\right_downsample2_Q37\frame_0798.jpg,D:\visualization2026\dowsample2_Q37\stitched_frames\frame_0798.jpg,D:\visualization2026\dowsample2_Q37_hess_matched\stitched_frames\frame_0798.jpg,2215,1499,-0.06199203091350458,0.0228399517276614,163.10142274813722,14.455643272927816,178.2351117076007,-20.78814654817552,-15.133688959463484,35.243789821103334,38.35561578798982,-11.050136745540039,24.350292540007228,26.74027428578596,0,1,-5.525068372770019,12.175146270003614,5.525068372770019,-12.175146270003614,0,0,38.35561578798982,1657.5045749462113,797.1967880481257,1479.2694632386106,817.9849345963012,12,12,1.2034690913944783,0.17087448878219366,-4.969438905344814,-0.12265751826397675,1.1246055695367771,208.83234224037795,1.128512915502895e-05,2.609521401991684e-05,1.0,1.0,0.0,620.52506837277,0.0,1.0,192.8248537299964,0.0,0.0,1.0
frame_0800.jpg,frame_0800,800,D:\visualization2026\visualization\left_downsample2_Q37\frame_0800.jpg,D:\visualization2026\visualization\right_downsample2_Q37\frame_0800.jpg,D:\visualization2026\dowsample2_Q37\stitched_frames\frame_0800.jpg,D:\visualization2026\dowsample2_Q37_hess_matched\stitched_frames\frame_0800.jpg,2215,1499,-0.0626579012954569,0.02296632965888401,164.57076211049358,14.495871665703275,207.4127355545295,0.22624528977780756,-42.841973444035915,14.269626375925467,45.1559179453589,-4.499157478739443,22.42561113767216,22.872482438873632,0,1,-2.2495787393697215,11.21280556883608,2.2495787393697215,-11.21280556883608,0,0,45.1559179453589,1685.5079211480613,815.5350472008398,1478.0951855935318,815.308801911062,12,12,1.1995085809134427,0.17822245092565733,-1.793486049997509,-0.12774752923398824,1.1327679605260492,215.86836867295713,5.382008955193947e-06,3.5780324938601525e-05,1.0,1.0,0.0,617.2495787393697,0.0,1.0,201.78719443116393,0.0,0.0,1.0
frame_0802.jpg,frame_0802,802,D:\visualization2026\visualization\left_downsample2_Q37\frame_0802.jpg,D:\visualization2026\visualization\right_downsample2_Q37\frame_0802.jpg,D:\visualization2026\dowsample2_Q37\stitched_frames\frame_0802.jpg,D:\visualization2026\dowsample2_Q37_hess_matched\stitched_frames\frame_0802.jpg,2232,1506,-0.06401262826249465,0.023350444510630675,167.86184451475367,14.700540972840772,150.5241371171951,-0.7537256998477915,17.337707397558574,15.454266672688563,23.225642212733963,1.2963053912628242,15.857002057490558,15.909900122837882,0,1,0.6481526956314121,7.928501028745279,-0.6481526956314121,-7.928501028745279,0,0,23.225642212733963,1646.2987541850289,833.0888162403418,1495.7746170678338,833.8425419401896,12,12,1.2099647959300313,0.1808221679457459,0.5923247730174546,-0.1257771711599401,1.1399745246962274,208.8100052472626,1.0153926822277756e-05,3.449344278146009e-05,1.0,1.0,0.0,631.3518473043686,0.0,1.0,223.07149897125473,0.0,0.0,1.0
frame_0804.jpg,frame_0804,804,D:\visualization2026\visualization\left_downsample2_Q37\frame_0804.jpg,D:\visualization2026\visualization\right_downsample2_Q37\frame_0804.jpg,D:\visualization2026\dowsample2_Q37\stitched_frames\frame_0804.jpg,D:\visualization2026\dowsample2_Q37_hess_matched\stitched_frames\frame_0804.jpg,2233,1507,-0.06499780610290096,0.02363646513351836,170.2710530812771,14.855846405292647,146.58005590789412,6.272851073171182,23.690997173382982,8.582995332121465,25.197840303098584,8.607821761972144,9.789965569284815,13.036027820377777,0,1,4.303910880986072,4.894982784642408,-4.303910880986072,-4.894982784642408,0,0,25.197840303098584,1642.8416242093626,835.7677249994665,1496.2615683014685,829.4948739262953,12,12,1.2020013974607366,0.1865350870028137,4.321499073586287,-0.13023636775094274,1.1453974965915035,213.37730892922914,4.91236742146525e-06,4.186224492896248e-05,1.0,1.0,0.0,628.6960891190139,0.0,1.0,227.1050172153576,0.0,0.0,1.0
frame_0806.jpg,frame_0806,806,D:\visualization2026\visualization\left_downsample2_Q37\frame_0806.jpg,D:\visualization2026\visualization\right_downsample2_Q37\frame_0806.jpg,D:\visualization2026\dowsample2_Q37\stitched_frames\frame_0806.jpg,D:\visualization2026\dowsample2_Q37_hess_matched\stitched_frames\frame_0806.jpg,2240,1506,-0.06489518523821869,0.023675478402065187,170.18354907787023,14.906214917630606,146.75506428899826,9.17188283201665,23.42848478887197,5.734332085613957,24.12004278542032,21.40334022387612,11.010850357835666,24.069520110331307,0,1,10.70167011193806,5.505425178917833,-10.70167011193806,-5.505425178917833,0,0,24.12004278542032,1649.514673528476,836.4894214059233,1502.7596092394776,827.3175385739066,12,12,1.2110910737582834,0.19785735880328983,10.413527967777927,-0.12923131595513462,1.1594306732151514,212.78457766295892,5.356931291457787e-06,5.1138558275065754e-05,1.0,1.0,0.0,629.298329888062,0.0,1.0,229.49457482108215,0.0,0.0,1.0
frame_0808.jpg,frame_0808,808,D:\visualization2026\visualization\left_downsample2_Q37\frame_0808.jpg,D:\visualization2026\visualization\right_downsample2_Q37\frame_0808.jpg,D:\visualization2026\dowsample2_Q37\stitched_frames\frame_0808.jpg,D:\visualization2026\dowsample2_Q37_hess_matched\stitched_frames\frame_0808.jpg,2242,1504,-0.06413909285056663,0.023656781964508655,168.81159763320852,14.981240294229005,147.3877047391254,10.072632914154383,21.42389289408311,4.908607380074622,21.979026665183966,22.236592234307818,12.026104265848586,25.28029307598985,0,1,11.118296117153909,6.013052132924293,-11.118296117153909,-6.013052132924293,0,0,21.979026665183966,1652.0438460534217,817.3892172084982,1504.6561413142963,807.3165842943438,12,12,1.2183636760482501,0.18872850678815029,11.321719598949562,-0.12570862146988823,1.1466431254432474,207.27202898196992,1.1240017390477414e-05,4.064940840381297e-05,1.0,1.0,0.0,630.8817038828461,0.0,1.0,219.9869478670757,0.0,0.0,1.0
frame_0810.jpg,frame_0810,810,D:\visualization2026\visualization\left_downsample2_Q37\frame_0810.jpg,D:\visualization2026\visualization\right_downsample2_Q37\frame_0810.jpg,D:\visualization2026\dowsample2_Q37\stitched_frames\frame_0810.jpg,D:\visualization2026\dowsample2_Q37_hess_matched\stitched_frames\frame_0810.jpg,2245,1504,-0.0632359470646805,0.023523616335595965,166.90952874109112,14.963666037315686,145.77390987560716,-5.410384281364031,21.135618865483963,20.374050318679718,29.356708112714113,21.972521131688286,13.068891676346237,25.565359659714552,0,1,10.986260565844143,6.534445838173118,-10.986260565844143,-6.534445838173118,0,0,29.356708112714113,1653.6480760915797,818.1738053707,1507.8741662159725,823.5841896520641,12,12,1.224491022472108,0.19294412970052055,11.253729429533971,-0.1252246539019579,1.1536577331001745,207.39147776857104,1.33945794280606e-05,4.4681134481728855e-05,1.0,1.0,0.0,634.0137394341558,0.0,1.0,220.46555416182687,0.0,0.0,1.0
frame_0812.jpg,frame_0812,812,D:\visualization2026\visualization\left_downsample2_Q37\frame_0812.jpg,D:\visualization2026\visualization\right_downsample2_Q37\frame_0812.jpg,D:\visualization2026\dowsample2_Q37\stitched_frames\frame_0812.jpg,D:\visualization2026\dowsample2_Q37_hess_matched\stitched_frames\frame_0812.jpg,2243,1508,-0.06266518637049179,0.023920913373978392,166.85117770026116,15.418194869134565,145.3472102505441,-5.112341343618596,21.503967449717067,20.530536212753162,29.730851539464187,19.601057264421474,13.015961859951883,23.529060946473233,0,1,9.800528632210737,6.5079809299759415,-9.800528632210737,-6.5079809299759415,0,0,29.730851539464187,1650.4708735354359,805.9238527885449,1505.1236632848918,811.0361941321635,12,12,1.2266870550473834,0.1852248926475125,9.687283154981467,-0.12311283260704933,1.1531457397749723,203.85730725738313,1.593223357945452e-05,4.015774210267957e-05,1.0,1.0,0.0,633.1994713677892,0.0,1.0,218.49201907002407,0.0,0.0,1.0
frame_0814.jpg,frame_0814,814,D:\visualization2026\visualization\left_downsample2_Q37\frame_0814.jpg,D:\visualization2026\visualization\right_downsample2_Q37\frame_0814.jpg,D:\visualization2026\dowsample2_Q37\stitched_frames\frame_0814.jpg,D:\visualization2026\dowsample2_Q37_hess_matched\stitched_frames\frame_0814.jpg,2235,1503,-0.06248792701160932,0.025571945073772584,170.461992572058,17.036809218834392,148.09135091177268,3.239876834224674,22.370641660285315,13.796932384609718,26.28309250294541,17.81588889100355,12.962635356672742,22.03260793384764,0,1,8.907944445501775,6.481317678336371,-8.907944445501775,-6.481317678336371,0,0,26.28309250294541,1639.3285287300491,801.6898464601901,1491.2371778182765,798.4499696259654,12,12,1.2102845205730337,0.17635516015979716,8.592962443849123,-0.12668894142231235,1.1418426247702484,209.5128909358248,8.943411577693334e-06,3.900848777431463e-05,1.0,1.0,0.0,626.0920555544982,0.0,1.0,192.51868232166362,0.0,0.0,1.0
frame_0816.jpg,frame_0816,816,D:\visualization2026\visualization\left_downsample2_Q37\frame_0816.jpg,D:\visualization2026\visualization\right_downsample2_Q37\frame_0816.jpg,D:\visualization2026\dowsample2_Q37\stitched_frames\frame_0816.jpg,D:\visualization2026\dowsample2_Q37_hess_matched\stitched_frames\frame_0816.jpg,2230,1503,-0.062448130699569226,0.02683289027527075,173.38750845168568,18.261225969357692,161.81634299914776,12.791542965715507,11.571165452537912,5.469683003642185,12.798800806729476,15.194610827007812,10.763011025707524,18.62038142798704,0,1,7.597305413503906,5.381505512853762,-7.597305413503906,-5.381505512853762,0,0,12.798800806729476,1647.4560825274827,809.4318104771551,1485.639739528335,796.6402675114396,12,12,1.2013702379617601,0.1694604428424102,7.296212504435718,-0.12664319943906624,1.1319417352858254,207.62764867974,7.178605796692341e-06,3.202294392255535e-05,1.0,1.0,0.0,622.4026945864961,0.0,1.0,191.61849448714625,0.0,0.0,1.0
frame_0818.jpg,frame_0818,818,D:\visualization2026\visualization\left_downsample2_Q37\frame_0818.jpg,D:\visualization2026\visualization\right_downsample2_Q37\frame_0818.jpg,D:\visualization2026\dowsample2_Q37\stitched_frames\frame_0818.jpg,D:\visualization2026\dowsample2_Q37_hess_matched\stitched_frames\frame_0818.jpg,2233,1501,-0.062365409156291185,0.02633841318500857,172.06763098062436,17.793181796690888,159.56957995363086,13.151206933011963,12.498051026993494,4.641974863678925,13.33226200268957,13.205699619014531,8.057267895670678,15.469649911043428,0,1,6.602849809507266,4.028633947835339,-6.602849809507266,-4.028633947835339,0,0,13.33226200268957,1648.2684317281612,801.1041470861087,1488.6988517745303,787.9529401530967,12,12,1.2097932635844015,0.17136026805714671,6.209046102383159,-0.12299184711063,1.137294908427548,200.60420159254016,1.162006959990332e-05,3.3657173085948616e-05,1.0,1.0,0.0,626.3971501904928,0.0,1.0,189.97136605216465,0.0,0.0,1.0
frame_0820.jpg,frame_0820,820,D:\visualization2026\visualization\left_downsample2_Q37\frame_0820.jpg,D:\visualization2026\visualization\right_downsample2_Q37\frame_0820.jpg,D:\visualization2026\dowsample2_Q37\stitched_frames\frame_0820.jpg,D:\visualization2026\dowsample2_Q37_hess_matched\stitched_frames\frame_0820.jpg,2231,1502,-0.062303394819420155,0.024847870814863393,168.41794649597753,16.359248701581333,160.38871795047226,6.983320037727708,8.029228545505276,9.375928663853625,12.344089652365168,11.618041260962658,10.1300800721843,15.414194919303968,0,1,5.809020630481329,5.06504003609215,-5.809020630481329,-5.06504003609215,0,0,12.344089652365168,1647.0553846171388,793.5401962483281,1486.6666666666665,786.5568762106004,12,12,1.204101402416187,0.17048123625979328,5.539107588711333,-0.12523328186429733,1.1355247692742474,205.33144305768243,8.309949443662607e-06,3.350702315245017e-05,1.0,1.0,0.0,625.1909793695187,0.0,1.0,191.93495996390786,0.0,0.0,1.0
frame_0822.jpg,frame_0822,822,D:\visualization2026\visualization\left_downsample2_Q37\frame_0822.jpg,D:\visualization2026\visualization\right_downsample2_Q37\frame_0822.jpg,D:\visualization2026\dowsample2_Q37\stitched_frames\frame_0822.jpg,D:\visualization2026\dowsample2_Q37_hess_matched\stitched_frames\frame_0822.jpg,2247,1491,-0.06218207853507596,0.02362843443214424,165.30815574804265,15.194816871813044,153.748744338292,8.192996309244108,11.559411409750652,7.001820562568936,13.514639593059325,12.822746825267098,17.917009397234914,22.032749757701637,0,1,6.411373412633549,8.958504698617457,-6.411373412633549,-8.958504698617457,0,0,13.514639593059325,1655.6863179543107,790.9014315724496,1501.9375736160187,782.7084352632055,12,12,1.233335734634029,0.18033262285353618,6.526074474289527,-0.12094738445674265,1.1599723227502856,202.9938936200688,1.5159074496961734e-05,5.2779340881466437e-05,1.0,1.0,0.0,640.5886265873664,0.0,1.0,190.04149530138255,0.0,0.0,1.0
frame_0824.jpg,frame_0824,824,D:\visualization2026\visualization\left_downsample2_Q37\frame_0824.jpg,D:\visualization2026\visualization\right_downsample2_Q37\frame_0824.jpg,D:\visualization2026\dowsample2_Q37\stitched_frames\frame_0824.jpg,D:\visualization2026\dowsample2_Q37_hess_matched\stitched_frames\frame_0824.jpg,2274,1501,-0.061947298191529554,0.02348028858328921,164.54400910867,15.080450011711307,150.11165923864405,-9.080543255466523,14.432349870025945,24.16099326717783,28.143317473735223,10.609716290634607,26.47149076342788,28.51851859767623,0,1,5.304858145317303,13.23574538171394,-5.304858145317303,-13.23574538171394,0,0,28.143317473735223,1679.0546239951682,788.0494002473583,1528.9429647565241,797.1299435028249,12,12,1.2576970650943833,0.1970095939981995,5.864850550722031,-0.11446859888548878,1.1795387869377518,196.77724907155684,2.3129101511270864e-05,5.4100977414684325e-05,1.0,1.0,0.0,668.6951418546827,0.0,1.0,206.76425461828606,0.0,0.0,1.0
frame_0826.jpg,frame_0826,826,D:\visualization2026\visualization\left_downsample2_Q37\frame_0826.jpg,D:\visualization2026\visualization\right_downsample2_Q37\frame_0826.jpg,D:\visualization2026\dowsample2_Q37\stitched_frames\frame_0826.jpg,D:\visualization2026\dowsample2_Q37_hess_matched\stitched_frames\frame_0826.jpg,2273,1500,-0.061692353234633845,0.023438974418940217,163.99823757533048,15.071887950988343,146.40354430127036,-29.3324416779069,17.59469327406012,44.40432962889524,47.76314186901695,9.55142765020156,34.02559467712304,35.34078187149937,0,1,4.77571382510078,17.01279733856152,-4.77571382510078,-17.01279733856152,0,0,47.76314186901695,1674.0196947437482,785.8115479976093,1527.6161504424779,815.1439896755162,12,12,1.2454334545787125,0.20011732279106992,5.198557077140009,-0.11893934702414613,1.1845718919238424,207.4948647216128,1.662485776303374e-05,6.133182293844685e-05,1.0,1.0,0.0,668.2242861748992,0.0,1.0,230.9872026614385,0.0,0.0,1.0
frame_0828.jpg,frame_0828,828,D:\visualization2026\visualization\left_downsample2_Q37\frame_0828.jpg,D:\visualization2026\visualization\right_downsample2_Q37\frame_0828.jpg,D:\visualization2026\dowsample2_Q37\stitched_frames\frame_0828.jpg,D:\visualization2026\dowsample2_Q37_hess_matched\stitched_frames\frame_0828.jpg,2280,1513,-0.06142715164286927,0.023393562755190556,163.42472391016128,15.060626050023275,161.99182555633024,-32.35375564462049,1.4328983538310354,47.414381694643765,47.436028387479716,7.839486077138031,44.222420217091795,44.911913695707625,0,1,3.9197430385690155,22.111210108545897,-3.9197430385690155,-22.111210108545897,0,0,47.436028387479716,1696.7860949992914,797.1924269501473,1534.7942694429612,829.5461825947677,12,12,1.2525781633054038,0.21208739069786672,3.950245952404009,-0.12274684689763417,1.192342731612589,218.68272281020603,1.8133637522779455e-05,6.180285012731399e-05,1.0,1.0,0.0,676.080256961431,0.0,1.0,239.8887898914541,0.0,0.0,1.0
frame_0830.jpg,frame_0830,830,D:\visualization2026\visualization\left_downsample2_Q37\frame_0830.jpg,D:\visualization2026\visualization\right_downsample2_Q37\frame_0830.jpg,D:\visualization2026\dowsample2_Q37\stitched_frames\frame_0830.jpg,D:\visualization2026\dowsample2_Q37_hess_matched\stitched_frames\frame_0830.jpg,2269,1508,-0.06113323079294386,0.02334970290164845,162.80447166277722,15.05440155102433,160.06668631943717,-32.09204668130508,2.7377853433400503,47.146448232329405,47.22587267070799,4.863051456817289,50.96823300250573,51.19970746859172,0,1,2.4315257284086447,25.484116501252863,-2.4315257284086447,-25.484116501252863,0,0,47.22587267070799,1683.0697581116085,783.0137985003695,1523.0030717921713,815.1058451816746,12,12,1.2349423216373703,0.20261993717271926,2.5488124258106954,-0.12270369443274715,1.175889726947181,222.85011631434412,1.4892332018709146e-05,5.480350679616863e-05,1.0,1.0,0.0,666.5684742715913,0.0,1.0,232.51588349874714,0.0,0.0,1.0
frame_0832.jpg,frame_0832,832,D:\visualization2026\visualization\left_downsample2_Q37\frame_0832.jpg,D:\visualization2026\visualization\right_downsample2_Q37\frame_0832.jpg,D:\visualization2026\dowsample2_Q37\stitched_frames\frame_0832.jpg,D:\visualization2026\dowsample2_Q37_hess_matched\stitched_frames\frame_0832.jpg,2277,1512,-0.060773787520972955,0.0232703403166013,161.98483879639136,15.021909415170922,158.98513525195835,-42.964038847241795,2.999703544433004,57.98594826241272,58.06348609277339,-2.2465503155767808,52.08901942781603,52.137442718950204,0,1,-1.1232751577883904,26.044509713908013,1.1232751577883904,-26.044509713908013,0,0,58.06348609277339,1690.9227935943397,788.2444302081328,1531.9376583423814,831.2084690553746,12,12,1.2495902880177945,0.2125028449681088,-1.1252647629608021,-0.12180153129442277,1.1969164726754866,221.90815711087413,1.785560950999885e-05,6.483714915377478e-05,1.0,1.0,0.0,678.1232751577884,0.0,1.0,236.955490286092,0.0,0.0,1.0
frame_0834.jpg,frame_0834,834,D:\visualization2026\visualization\left_downsample2_Q37\frame_0834.jpg,D:\visualization2026\visualization\right_downsample2_Q37\frame_0834.jpg,D:\visualization2026\dowsample2_Q37\stitched_frames\frame_0834.jpg,D:\visualization2026\dowsample2_Q37_hess_matched\stitched_frames\frame_0834.jpg,2282,1510,-0.0604456671875907,0.023201927161238256,161.24621286121234,14.99614975652817,161.6960360927901,-42.89390743771935,-0.44982323157776705,57.89005719424752,57.891804799063884,-8.512860114204182,48.4313630176567,49.173831567939196,0,1,-4.256430057102091,24.21568150882835,4.256430057102091,-24.21568150882835,0,0,57.891804799063884,1698.1898796573219,773.2123021468319,1536.4938435645317,816.1062095845513,12,12,1.2564259583366895,0.21228461126745157,-4.444950957419462,-0.12092917021900575,1.1906488457636764,218.62672584145284,2.005423102108409e-05,6.154604202612882e-05,1.0,1.0,0.0,686.2564300571021,0.0,1.0,234.78431849117166,0.0,0.0,1.0
frame_0836.jpg,frame_0836,836,D:\visualization2026\visualization\left_downsample2_Q37\frame_0836.jpg,D:\visualization2026\visualization\right_downsample2_Q37\frame_0836.jpg,D:\visualization2026\dowsample2_Q37\stitched_frames\frame_0836.jpg,D:\visualization2026\dowsample2_Q37_hess_matched\stitched_frames\frame_0836.jpg,2269,1514,-0.06025118948275143,0.023190716452962112,160.87812010012394,15.009255962685211,178.83143568803416,-34.99900579276152,-17.953315587910225,50.00826175544673,53.13330202801607,-7.918132402408874,39.55815768970745,40.342839024365134,0,1,-3.959066201204437,19.779078844853725,3.959066201204437,-19.779078844853725,0,0,53.13330202801607,1699.972158093608,784.3821823260504,1521.1407224055738,819.3811881188119,12,12,1.2323164390102608,0.20457602995759266,-3.7168689877852197,-0.12649430968997438,1.1801686030899456,222.70075561638785,1.2418079534509086e-05,5.7378814977018446e-05,1.0,1.0,0.0,672.9590662012045,0.0,1.0,244.22092115514627,0.0,0.0,1.0
frame_0838.jpg,frame_0838,838,D:\visualization2026\visualization\left_downsample2_Q37\frame_0838.jpg,D:\visualization2026\visualization\right_downsample2_Q37\frame_0838.jpg,D:\visualization2026\dowsample2_Q37\stitched_frames\frame_0838.jpg,D:\visualization2026\dowsample2_Q37_hess_matched\stitched_frames\frame_0838.jpg,2282,1507,-0.060180416659425195,0.023190615543376703,160.75361832349222,15.017873550715247,190.6522689627982,-14.108226093131861,-29.89865063930597,29.12609964384711,41.740376022678355,-5.944049126174184,30.44954711902842,31.024291124348096,0,1,-2.972024563087092,15.22477355951421,2.972024563087092,-15.22477355951421,0,0,41.740376022678355,1723.2857202741693,775.9846135474888,1532.6334513113711,790.0928396406207,12,12,1.2616340631393097,0.20088851167123706,-2.4999580098626835,-0.11725012354909668,1.1815097998198087,202.96286642094609,2.584301378908196e-05,5.3722250893391435e-05,1.0,1.0,0.0,684.9720245630871,0.0,1.0,222.7752264404858,0.0,0.0,1.0
frame_0840.jpg,frame_0840,840,D:\visualization2026\visualization\left_downsample2_Q37\frame_0840.jpg,D:\visualization2026\visualization\right_downsample2_Q37\frame_0840.jpg,D:\visualization2026\dowsample2_Q37\stitched_frames\frame_0840.jpg,D:\visualization2026\dowsample2_Q37_hess_matched\stitched_frames\frame_0840.jpg,2265,1497,-0.060164554032865025,0.02315421556468189,160.63929835008332,14.984622886975929,154.92787444776673,12.20420129439276,5.7114239023165965,2.780421592583169,6.352252137978786,-4.818629530724872,23.546504306452423,24.034497198987882,0,1,-2.409314765362436,11.773252153226212,2.409314765362436,-11.773252153226212,0,0,6.352252137978786,1669.8652695912544,778.7029209411918,1514.9373951434877,766.498719646799,12,12,1.2522349450095478,0.17095244281010558,-2.162051333529374,-0.11369458599187517,1.1587895694083041,194.00167515758895,2.516467259239917e-05,4.1886962260671086e-05,1.0,1.0,0.0,667.4093147653624,0.0,1.0,202.22674784677378,0.0,0.0,1.0
frame_0842.jpg,frame_0842,842,D:\visualization2026\visualization\left_downsample2_Q37\frame_0842.jpg,D:\visualization2026\visualization\right_downsample2_Q37\frame_0842.jpg,D:\visualization2026\dowsample2_Q37\stitched_frames\frame_0842.jpg,D:\visualization2026\dowsample2_Q37_hess_matched\stitched_frames\frame_0842.jpg,2273,1498,-0.06014688961032266,0.023045607569138093,160.35028383447377,14.881758521608418,147.48016390886733,2.438863112590866,12.870119925606446,12.442895409017552,17.901553928618657,0.43692085704413497,18.504349806720555,18.509507330147912,0,1,0.21846042852206748,9.252174903360277,-0.21846042852206748,-9.252174903360277,0,0,17.901553928618657,1670.2215357997356,770.7404381190458,1522.7413718908683,768.301575006455,12,12,1.2533759310648263,0.1715354371393842,0.7710458309613304,-0.11234237552670305,1.163197595820732,189.00152943489863,2.526616157159386e-05,4.279490814168787e-05,1.0,1.0,0.0,672.7815395714779,0.0,1.0,212.74782509663973,0.0,0.0,1.0
frame_0844.jpg,frame_0844,844,D:\visualization2026\visualization\left_downsample2_Q37\frame_0844.jpg,D:\visualization2026\visualization\right_downsample2_Q37\frame_0844.jpg,D:\visualization2026\dowsample2_Q37\stitched_frames\frame_0844.jpg,D:\visualization2026\dowsample2_Q37_hess_matched\stitched_frames\frame_0844.jpg,2263,1500,-0.06013859860609083,0.022882795312790194,159.94896421096234,14.725316536635972,154.77168946529355,-8.649526594731583,5.177274745668797,23.374843131367555,23.941333822662862,7.586876710643038,19.08038585300401,20.533431825245707,0,1,3.793438355321519,9.540192926502005,-3.793438355321519,-9.540192926502005,0,0,23.941333822662862,1667.8341456056444,774.6656488438649,1513.0624561403508,783.3151754385965,12,12,1.2381583881033087,0.17574806979759966,3.511188923409896,-0.12241090730357787,1.157341874057953,205.09739708396773,1.629492865035538e-05,4.6341815983442553e-05,1.0,1.0,0.0,659.2065616446785,0.0,1.0,232.45980707349798,0.0,0.0,1.0
frame_0846.jpg,frame_0846,846,D:\visualization2026\visualization\left_downsample2_Q37\frame_0846.jpg,D:\visualization2026\visualization\right_downsample2_Q37\frame_0846.jpg,D:\visualization2026\dowsample2_Q37\stitched_frames\frame_0846.jpg,D:\visualization2026\dowsample2_Q37_hess_matched\stitched_frames\frame_0846.jpg,2274,1504,-0.060111623009770465,0.022726081507900675,159.52932534855202,14.577073512821508,151.20488899761722,-10.220415743965873,8.324436350934803,24.79748925678738,26.157440891670774,9.529758048866064,26.835268786053575,28.47714766772945,0,1,4.764879024433032,13.417634393026788,-4.764879024433032,-13.417634393026788,0,0,26.157440891670774,1674.5236070817868,765.9731922856168,1523.3187180841696,776.1936080295827,12,12,1.2435792171163509,0.1821616432544298,5.30143156289974,-0.11813800911672746,1.1650696950949144,202.47334008016276,1.898294975930092e-05,4.563930430230026e-05,1.0,1.0,0.0,669.2351209755669,0.0,1.0,232.5823656069732,0.0,0.0,1.0
frame_0848.jpg,frame_0848,848,D:\visualization2026\visualization\left_downsample2_Q37\frame_0848.jpg,D:\visualization2026\visualization\right_downsample2_Q37\frame_0848.jpg,D:\visualization2026\dowsample2_Q37\stitched_frames\frame_0848.jpg,D:\visualization2026\dowsample2_Q37_hess_matched\stitched_frames\frame_0848.jpg,2275,1504,-0.06002026474407551,0.022638379035561318,159.1605813867064,14.503502692987293,153.30945275801787,-17.5027771822771,5.851128628688542,32.0062798752644,32.536712459669516,9.74955032636517,30.2370823649013,31.77003118519326,0,1,4.874775163182585,15.11854118245065,-4.874775163182585,-15.11854118245065,0,0,32.536712459669516,1675.0884524961693,761.1800368178974,1521.7789997381515,778.6828140001745,12,12,1.2482479178440193,0.182780458155732,4.513853034152726,-0.1172402236495786,1.1667661434903314,203.1508054088145,2.0864123240430934e-05,4.633805564859612e-05,1.0,1.0,0.0,670.1252248368174,0.0,1.0,229.88145881754934,0.0,0.0,1.0
frame_0850.jpg,frame_0850,850,D:\visualization2026\visualization\left_downsample2_Q37\frame_0850.jpg,D:\visualization2026\visualization\right_downsample2_Q37\frame_0850.jpg,D:\visualization2026\dowsample2_Q37\stitched_frames\frame_0850.jpg,D:\visualization2026\dowsample2_Q37_hess_matched\stitched_frames\frame_0850.jpg,2269,1502,-0.05983292983943689,0.022662377681789747,158.88867009227778,14.549781843464414,143.46283949884605,-27.005054414366555,15.425830593431726,41.55483625783097,44.32562087452806,11.613452790085967,31.558057432247963,33.62712111681011,0,1,5.8067263950429835,15.779028716123982,-5.8067263950429835,-15.779028716123982,0,0,44.32562087452806,1667.1474921325055,754.4133663782019,1523.6846526336594,781.4184207925684,12,12,1.2429423682738012,0.17216526770803842,5.525422298453646,-0.11487269932035173,1.155305328272806,200.19536747997097,2.2517550450903806e-05,3.75018927376204e-05,1.0,1.0,0.0,663.193273604957,0.0,1.0,224.22097128387603,0.0,0.0,1.0
frame_0852.jpg,frame_0852,852,D:\visualization2026\visualization\left_downsample2_Q37\frame_0852.jpg,D:\visualization2026\visualization\right_downsample2_Q37\frame_0852.jpg,D:\visualization2026\dowsample2_Q37\stitched_frames\frame_0852.jpg,D:\visualization2026\dowsample2_Q37_hess_matched\stitched_frames\frame_0852.jpg,2270,1499,-0.059642875502167514,0.02271565791133734,158.6815427874149,14.624715393008158,144.71246147431293,-14.827247910248047,13.96908131310198,29.451963303256207,32.59683075313312,12.687863386191793,33.09433074465441,35.443146089804785,0,1,6.343931693095897,16.547165372327203,-6.343931693095897,-16.547165372327203,0,0,32.59683075313312,1670.196309431105,750.1716311277627,1525.483847956792,764.9988790380107,12,12,1.2445754743772028,0.17133529021251415,6.798125698896683,-0.11512187532178686,1.158132967519704,200.75166308485922,2.0423565697837258e-05,4.125555569733432e-05,1.0,1.0,0.0,663.6560683069041,0.0,1.0,208.4528346276728,0.0,0.0,1.0
frame_0854.jpg,frame_0854,854,D:\visualization2026\visualization\left_downsample2_Q37\frame_0854.jpg,D:\visualization2026\visualization\right_downsample2_Q37\frame_0854.jpg,D:\visualization2026\dowsample2_Q37\stitched_frames\frame_0854.jpg,D:\visualization2026\dowsample2_Q37_hess_matched\stitched_frames\frame_0854.jpg,2266,1500,-0.05955973206728726,0.022706102232356806,158.51286092812882,14.625712208596761,144.01607386385604,-15.354006259504104,14.49678706427278,29.979718468100863,33.300756066693964,14.370436464273007,28.613798820201637,32.01966469369534,0,1,7.185218232136504,14.306899410100819,-7.185218232136504,-14.306899410100819,0,0,33.300756066693964,1665.2789588897786,743.8576436337561,1521.2628850259225,759.2116498932602,12,12,1.2391288927799153,0.1659617986367764,7.5576270464499204,-0.11527367063362763,1.1509713835116449,199.00519498576728,2.009249464892837e-05,3.621945983574658e-05,1.0,1.0,0.0,658.8147817678635,0.0,1.0,209.6931005898992,0.0,0.0,1.0
frame_0856.jpg,frame_0856,856,D:\visualization2026\visualization\left_downsample2_Q37\frame_0856.jpg,D:\visualization2026\visualization\right_downsample2_Q37\frame_0856.jpg,D:\visualization2026\dowsample2_Q37\stitched_frames\frame_0856.jpg,D:\visualization2026\dowsample2_Q37_hess_matched\stitched_frames\frame_0856.jpg,2265,1499,-0.05953978686718997,0.02274508427500399,158.57044367630263,14.665869586488805,144.8739543448387,-17.812986232330786,13.696489331463937,32.47885581881959,35.24868643377476,13.946568950231223,22.50207256030296,26.47357276592438,0,1,6.973284475115611,11.25103628015148,-6.973284475115611,-11.25103628015148,0,0,35.24868643377476,1664.5608513258535,736.6742012352488,1519.6868969810148,754.4871874675796,12,12,1.240380284553069,0.16405242206813125,6.836077403125933,-0.11355689958056614,1.150746876636998,192.9724481178697,2.1160049892742516e-05,3.5358213081823334e-05,1.0,1.0,0.0,658.0267155248844,0.0,1.0,210.74896371984852,0.0,0.0,1.0
frame_0858.jpg,frame_0858,858,D:\visualization2026\visualization\left_downsample2_Q37\frame_0858.jpg,D:\visualization2026\visualization\right_downsample2_Q37\frame_0858.jpg,D:\visualization2026\dowsample2_Q37\stitched_frames\frame_0858.jpg,D:\visualization2026\dowsample2_Q37_hess_matched\stitched_frames\frame_0858.jpg,2260,1493,-0.0594743253790424,0.022817602451786212,158.62777494857127,14.744066264333748,144.36378092947666,5.140446011333211,14.26399401909461,9.603620253000537,17.195669435663415,13.334749490018527,18.84141197877915,23.08277169916195,0,1,6.667374745009264,9.420705989389575,-6.667374745009264,-9.420705989389575,0,0,17.195669435663415,1658.3517645168156,724.5319075197349,1513.987983587339,719.3914615084017,12,12,1.2408299909364378,0.1503132168083283,7.199812912837027,-0.10969507320186656,1.138725318596336,185.7095139020751,2.4070108634733284e-05,2.777571714209491e-05,1.0,1.0,0.0,653.3326252549907,0.0,1.0,185.57929401061043,0.0,0.0,1.0
frame_0860.jpg,frame_0860,860,D:\visualization2026\visualization\left_downsample2_Q37\frame_0860.jpg,D:\visualization2026\visualization\right_downsample2_Q37\frame_0860.jpg,D:\visualization2026\dowsample2_Q37\stitched_frames\frame_0860.jpg,D:\visualization2026\dowsample2_Q37_hess_matched\stitched_frames\frame_0860.jpg,2261,1495,-0.059276144906145634,0.022832041904834177,158.31411316411157,14.782435850987358,145.00762014088878,3.786230892649769,13.3064930232228,10.99620495833759,17.262076354333658,12.330204798753238,14.925039440512137,19.359513234584185,0,1,6.165102399376619,7.4625197202560685,-6.165102399376619,-7.4625197202560685,0,0,17.262076354333658,1659.7987222836773,721.7259829825892,1514.7911021427885,717.9397520899395,12,12,1.2402862518519575,0.15363617550386452,6.344095935841719,-0.11134111220637374,1.1424296286940776,186.18730595246183,2.256940766049065e-05,3.02604381307408e-05,1.0,1.0,0.0,654.8348976006234,0.0,1.0,190.53748027974393,0.0,0.0,1.0
frame_0862.jpg,frame_0862,862,D:\visualization2026\visualization\left_downsample2_Q37\frame_0862.jpg,D:\visualization2026\visualization\right_downsample2_Q37\frame_0862.jpg,D:\visualization2026\dowsample2_Q37\stitched_frames\frame_0862.jpg,D:\visualization2026\dowsample2_Q37_hess_matched\stitched_frames\frame_0862.jpg,2265,1499,-0.0589501262640616,0.022766084498961836,157.5850110140503,14.758792448050322,146.6750270020118,3.610132052413178,10.909984012038507,11.148660395637144,15.598730068828807,9.668865753256961,9.17515830601945,13.329309618094367,0,1,4.8344328766284805,4.587579153009725,-4.8344328766284805,-4.587579153009725,0,0,15.598730068828807,1665.0521344568158,722.0220759890371,1518.377107454804,718.411943936624,12,12,1.245265915743409,0.1613569530436108,4.605246215930461,-0.11280301237504232,1.1554324929338986,185.3298218041352,2.1487140849776245e-05,3.797932063284589e-05,1.0,1.0,0.0,660.1655671233715,0.0,1.0,199.41242084699027,0.0,0.0,1.0
frame_0864.jpg,frame_0864,864,D:\visualization2026\visualization\left_downsample2_Q37\frame_0864.jpg,D:\visualization2026\visualization\right_downsample2_Q37\frame_0864.jpg,D:\visualization2026\dowsample2_Q37\stitched_frames\frame_0864.jpg,D:\visualization2026\dowsample2_Q37_hess_matched\stitched_frames\frame_0864.jpg,2254,1497,-0.058591539285166805,0.02267187782923158,156.73161932355964,14.711838492030214,147.2575557156133,4.3139827152643875,9.474063607946334,10.397855776765827,14.06674397299658,6.887728291300993,10.20133769105172,12.308862323613036,0,1,3.4438641456504966,5.10066884552586,-3.4438641456504966,-5.10066884552586,0,0,14.06674397299658,1654.0606711646915,711.4485582846225,1506.8031154490782,707.1345755693582,12,12,1.223844001444178,0.15419486312772715,3.742424962939441,-0.11651379366482431,1.1406421594182417,191.30628519281927,1.556417786350799e-05,3.19327456796597e-05,1.0,1.0,0.0,650.5561358543495,0.0,1.0,198.89933115447414,0.0,0.0,1.0
frame_0866.jpg,frame_0866,866,D:\visualization2026\visualization\left_downsample2_Q37\frame_0866.jpg,D:\visualization2026\visualization\right_downsample2_Q37\frame_0866.jpg,D:\visualization2026\dowsample2_Q37\stitched_frames\frame_0866.jpg,D:\visualization2026\dowsample2_Q37_hess_matched\stitched_frames\frame_0866.jpg,2266,1496,-0.058291529499189365,0.0226006591102062,156.03568489794847,14.679903829274602,155.64589079396592,10.950453682918464,0.38979410398255254,3.729450146356138,3.749765037659744,5.244991164884726,16.264393591266604,17.089190478526273,0,1,2.622495582442363,8.132196795633302,-2.622495582442363,-8.132196795633302,0,0,3.749765037659744,1674.194211961849,709.0092371379063,1518.5483211678832,698.0587834549879,12,12,1.2498519059160267,0.15900897785140233,2.848094979507502,-0.10944796766427198,1.1539542388064017,183.2862886685613,2.5372698265793968e-05,3.559165226306785e-05,1.0,1.0,0.0,663.3775044175576,0.0,1.0,190.8678032043667,0.0,0.0,1.0
frame_0868.jpg,frame_0868,868,D:\visualization2026\visualization\left_downsample2_Q37\frame_0868.jpg,D:\visualization2026\visualization\right_downsample2_Q37\frame_0868.jpg,D:\visualization2026\dowsample2_Q37\stitched_frames\frame_0868.jpg,D:\visualization2026\dowsample2_Q37_hess_matched\stitched_frames\frame_0868.jpg,2254,1492,-0.05814662523315328,0.0226408610510353,155.87676391593618,14.73662886688837,155.5184572066214,0.0021116887264724937,0.3583067093147747,14.734517178161898,14.738873097068447,3.646173739902014,16.235390600981585,16.63978638408535,0,1,1.823086869951007,8.117695300490793,-1.823086869951007,-8.117695300490793,0,0,14.738873097068447,1661.9737872056407,713.772240157884,1506.4553299990193,713.7701284691575,12,12,1.2248535483890128,0.14712106506302186,1.5767588638948469,-0.11944282563037951,1.13716612003776,199.49197463164268,1.2652501235219307e-05,3.545622271683376e-05,1.0,1.0,0.0,652.176913130049,0.0,1.0,200.8823046995092,0.0,0.0,1.0
frame_0870.jpg,frame_0870,870,D:\visualization2026\visualization\left_downsample2_Q37\frame_0870.jpg,D:\visualization2026\visualization\right_downsample2_Q37\frame_0870.jpg,D:\visualization2026\dowsample2_Q37\stitched_frames\frame_0870.jpg,D:\visualization2026\dowsample2_Q37_hess_matched\stitched_frames\frame_0870.jpg,2271,1500,-0.05805681232039983,0.02273062307074719,155.93230219854158,14.83450154012759,150.83949480740011,-26.47698291928441,5.092807391141463,41.311484459412,41.62421693393768,-0.5181010101168111,18.339973809198973,18.347290480580188,0,1,-0.25905050505840554,9.169986904599487,0.25905050505840554,-9.169986904599487,0,0,41.62421693393768,1674.2672387098391,704.07941951974,1523.427743902439,730.5564024390244,12,12,1.239018482883072,0.16153301962582906,0.3837269021608223,-0.11589930097572691,1.1483620776815344,195.30972230227385,1.9616325844847567e-05,3.569428930833013e-05,1.0,1.0,0.0,671.2590505050584,0.0,1.0,221.83001309540052,0.0,0.0,1.0
frame_0872.jpg,frame_0872,872,D:\visualization2026\visualization\left_downsample2_Q37\frame_0872.jpg,D:\visualization2026\visualization\right_downsample2_Q37\frame_0872.jpg,D:\visualization2026\dowsample2_Q37\stitched_frames\frame_0872.jpg,D:\visualization2026\dowsample2_Q37_hess_matched\stitched_frames\frame_0872.jpg,2260,1487,-0.05782951266048919,0.02276035397517423,155.60383831653368,14.89124599445092,152.68794142940874,3.887600550238858,2.915896887124944,11.003645444212061,11.383438308273726,-4.637448878501237,28.347798661701802,28.724616987265378,0,1,-2.3187244392506186,14.173899330850901,2.3187244392506186,-14.173899330850901,0,0,11.383438308273726,1664.830346805434,686.8752475509307,1512.1424053760252,682.9876470006918,12,12,1.2506008087888218,0.1235602634403822,-1.886083563351522,-0.10475565467768952,1.134481720481906,182.42086119440026,2.9220356080570457e-05,2.387905486115671e-05,1.0,1.0,0.0,662.3187244392507,0.0,1.0,174.8261006691491,0.0,0.0,1.0
frame_0874.jpg,frame_0874,874,D:\visualization2026\visualization\left_downsample2_Q37\frame_0874.jpg,D:\visualization2026\visualization\right_downsample2_Q37\frame_0874.jpg,D:\visualization2026\dowsample2_Q37\stitched_frames\frame_0874.jpg,D:\visualization2026\dowsample2_Q37_hess_matched\stitched_frames\frame_0874.jpg,2284,1489,-0.056819274197905445,0.02271436155513129,153.7208183572911,14.971168539869215,165.0681284994389,-5.949603277983556,-11.34731014214779,20.92077181785277,23.8000029604358,-6.027364468381688,31.947269381604595,32.510877308610425,0,1,-3.013682234190844,15.973634690802298,3.013682234190844,-15.973634690802298,0,0,23.8000029604358,1700.7725869762853,706.1433932776996,1535.7044584768464,712.0929965556832,12,12,1.260482698715621,0.1493910525303876,-2.9482204742975338,-0.10557972337433526,1.1588626942702225,185.97319745399764,2.6714609649606194e-05,3.961161084343048e-05,1.0,1.0,0.0,687.0136822341908,0.0,1.0,207.0263653091977,0.0,0.0,1.0
frame_0876.jpg,frame_0876,876,D:\visualization2026\visualization\left_downsample2_Q37\frame_0876.jpg,D:\visualization2026\visualization\right_downsample2_Q37\frame_0876.jpg,D:\visualization2026\dowsample2_Q37\stitched_frames\frame_0876.jpg,D:\visualization2026\dowsample2_Q37_hess_matched\stitched_frames\frame_0876.jpg,2285,1530,-0.05652439027456746,0.023184629627988507,154.32019193224534,15.462298589924524,174.52713717018491,-38.30627581894578,-20.20694523793958,53.7685744088703,57.44023180499284,-7.887069378531054,33.32433668910326,34.244959908729285,0,1,-3.943534689265527,16.66216834455163,3.943534689265527,-16.66216834455163,0,0,57.44023180499284,1713.7455895511373,746.1937241810542,1539.2184523809524,784.5,12,12,1.2550173800523983,0.18299967455012123,-4.015214941748547,-0.12247076636390658,1.2126262554759166,212.58937286117379,1.4363291699611702e-05,6.528163742970303e-05,1.0,1.0,0.0,688.9435346892656,0.0,1.0,264.3378316554484,0.0,0.0,1.0
frame_0878.jpg,frame_0878,878,D:\visualization2026\visualization\left_downsample2_Q37\frame_0878.jpg,D:\visualization2026\visualization\right_downsample2_Q37\frame_0878.jpg,D:\visualization2026\dowsample2_Q37\stitched_frames\frame_0878.jpg,D:\visualization2026\dowsample2_Q37_hess_matched\stitched_frames\frame_0878.jpg,2287,1509,-0.05635581591597871,0.023526515642388945,154.83636525931686,15.813710502433697,161.42763649940434,-16.918160275242144,-6.5912712400874796,32.73187077767584,33.3889236299536,-9.346082694366363,40.96689229241608,42.01946603454587,0,1,-4.673041347183181,20.48344614620804,4.673041347183181,-20.48344614620804,0,0,33.3889236299536,1703.2252766173983,732.115369714925,1541.797640117994,749.0335299901672,12,12,1.2664156053927604,0.17354834657078802,-4.561082984817,-0.11320830367556367,1.1882927869372526,202.25064966928664,2.3545637467074663e-05,5.402086956339879e-05,1.0,1.0,0.0,691.6730413471831,0.0,1.0,222.51655385379195,0.0,0.0,1.0
frame_0880.jpg,frame_0880,880,D:\visualization2026\visualization\left_downsample2_Q37\frame_0880.jpg,D:\visualization2026\visualization\right_downsample2_Q37\frame_0880.jpg,D:\visualization2026\dowsample2_Q37\stitched_frames\frame_0880.jpg,D:\visualization2026\dowsample2_Q37_hess_matched\stitched_frames\frame_0880.jpg,2278,1515,-0.056302032747845954,0.02364235284367444,155.01710602284365,15.932364828857676,159.22282318244902,-32.26445616804767,-4.205717159605371,48.196820996905345,48.379971176452095,-10.958014113638724,45.13578182410876,46.446925346983434,0,1,-5.479007056819362,22.56789091205438,5.479007056819362,-22.56789091205438,0,0,48.379971176452095,1695.8395381582943,742.0273312715658,1536.6167149758453,774.2917874396135,12,12,1.247147317819672,0.1741788377119671,-5.764285485126513,-0.1196015110581629,1.1906315803214405,214.85503031547154,1.406155788870907e-05,5.7562372143627934e-05,1.0,1.0,0.0,683.4790070568193,0.0,1.0,231.4321090879456,0.0,0.0,1.0
frame_0882.jpg,frame_0882,882,D:\visualization2026\visualization\left_downsample2_Q37\frame_0882.jpg,D:\visualization2026\visualization\right_downsample2_Q37\frame_0882.jpg,D:\visualization2026\dowsample2_Q37\stitched_frames\frame_0882.jpg,D:\visualization2026\dowsample2_Q37_hess_matched\stitched_frames\frame_0882.jpg,2279,1509,-0.056201630492781485,0.02371171984082665,155.00560305708794,16.011816573946348,159.38477274913953,-33.204606886829765,-4.37916969205159,49.21642346077611,49.410863840477596,-10.022292451100288,42.55368566968538,43.717988403513814,0,1,-5.011146225550144,21.27684283484269,5.011146225550144,-21.27684283484269,0,0,49.410863840477596,1695.1934022396529,726.1058043623275,1535.8086294905133,759.3104112491573,12,12,1.2501429524895045,0.17143230662469136,-4.574063906120566,-0.11604317563178232,1.1849153661673435,207.5154635701893,1.737918622977498e-05,5.394945053149561e-05,1.0,1.0,0.0,684.0111462255502,0.0,1.0,225.72315716515732,0.0,0.0,1.0
frame_0884.jpg,frame_0884,884,D:\visualization2026\visualization\left_downsample2_Q37\frame_0884.jpg,D:\visualization2026\visualization\right_downsample2_Q37\frame_0884.jpg,D:\visualization2026\dowsample2_Q37\stitched_frames\frame_0884.jpg,D:\visualization2026\dowsample2_Q37_hess_matched\stitched_frames\frame_0884.jpg,2278,1510,-0.055854791234289825,0.023793692677469558,154.59135430589873,16.133806993507115,173.99832154440833,-25.631412482809083,-19.406967238509594,41.7652194763162,46.053924211748196,-11.71147937698251,46.74202528716048,48.1868828328108,0,1,-5.855739688491255,23.37101264358024,5.855739688491255,-23.37101264358024,0,0,46.053924211748196,1708.6532066018797,732.0777829194898,1534.6548850574713,757.7091954022989,12,12,1.249085702040535,0.16594258569079287,-5.8514687382618575,-0.11761297134253312,1.1748328102511894,211.86736613559216,1.7280688665395106e-05,4.8065522071248796e-05,1.0,1.0,0.0,683.8557396884912,0.0,1.0,221.62898735641977,0.0,0.0,1.0
frame_0886.jpg,frame_0886,886,D:\visualization2026\visualization\left_downsample2_Q37\frame_0886.jpg,D:\visualization2026\visualization\right_downsample2_Q37\frame_0886.jpg,D:\visualization2026\dowsample2_Q37\stitched_frames\frame_0886.jpg,D:\visualization2026\dowsample2_Q37_hess_matched\stitched_frames\frame_0886.jpg,2287,1502,-0.05546464597614609,0.02383262072292447,153.9988160115525,16.219499717023545,169.5271529367999,-24.63859391972983,-15.528336925247402,40.858093636753374,43.709416185688276,-14.149533013276496,48.14438689410453,50.1805866237435,0,1,-7.074766506638248,24.072193447052264,7.074766506638248,-24.072193447052264,0,0,43.709416185688276,1712.5408897283464,712.8454598746986,1543.0137367915465,737.4840537944284,12,12,1.2676797522067806,0.16948240880922177,-6.8019668484447,-0.1094809299804813,1.1795861644532422,199.82738799358168,2.6486889655895635e-05,4.8868711704766844e-05,1.0,1.0,0.0,694.0747665066383,0.0,1.0,210.92780655294774,0.0,0.0,1.0
frame_0888.jpg,frame_0888,888,D:\visualization2026\visualization\left_downsample2_Q37\frame_0888.jpg,D:\visualization2026\visualization\right_downsample2_Q37\frame_0888.jpg,D:\visualization2026\dowsample2_Q37\stitched_frames\frame_0888.jpg,D:\visualization2026\dowsample2_Q37_hess_matched\stitched_frames\frame_0888.jpg,2297,1508,-0.05543804273823916,0.02380393439446371,153.88396166745704,16.195031898806043,168.92116753695564,-37.478536966245315,-15.037205869498592,53.67356886505136,55.74019694146311,-18.140009705483433,48.050051582419634,51.360173375760915,0,1,-9.070004852741716,24.025025791209817,9.070004852741716,-24.025025791209817,0,0,55.74019694146311,1723.1929848353034,718.7647089035312,1554.2718172983477,756.2432458697765,12,12,1.2853882107368495,0.18010065209488485,-8.379677163488749,-0.10650545604188877,1.204535845815468,195.34323470279224,3.0850800101291716e-05,5.886695643764166e-05,1.0,1.0,0.0,706.0700048527417,0.0,1.0,216.97497420879017,0.0,0.0,1.0
frame_0890.jpg,frame_0890,890,D:\visualization2026\visualization\left_downsample2_Q37\frame_0890.jpg,D:\visualization2026\visualization\right_downsample2_Q37\frame_0890.jpg,D:\visualization2026\dowsample2_Q37\stitched_frames\frame_0890.jpg,D:\visualization2026\dowsample2_Q37_hess_matched\stitched_frames\frame_0890.jpg,2289,1508,-0.05569633797279461,0.02387649820879012,154.50984947894506,16.23340432056419,170.90583482002035,-38.9752247110614,-16.39598534107529,55.20862903162559,57.5918488577716,-17.805880929102255,45.64308586477692,48.99327181277819,0,1,-8.902940464551127,22.82154293238846,8.902940464551127,-22.82154293238846,0,0,57.5918488577716,1716.5230088579294,707.2114496140391,1545.617174037909,746.1866743251005,12,12,1.2715796311354988,0.17306142319372775,-8.65542176815625,-0.11030445884981621,1.1908100474430372,200.163819682109,2.606736856177154e-05,5.3714782669735135e-05,1.0,1.0,0.0,697.9029404645511,0.0,1.0,218.17845706761153,0.0,0.0,1.0
frame_0892.jpg,frame_0892,892,D:\visualization2026\visualization\left_downsample2_Q37\frame_0892.jpg,D:\visualization2026\visualization\right_downsample2_Q37\frame_0892.jpg,D:\visualization2026\dowsample2_Q37\stitched_frames\frame_0892.jpg,D:\visualization2026\dowsample2_Q37_hess_matched\stitched_frames\frame_0892.jpg,2281,1514,-0.056801177522348145,0.024585589480815795,158.13416779333747,16.783144659730098,182.46572094642374,-31.961602242621552,-24.331553153086276,48.74474690235165,54.480040651744964,-13.682682674098965,42.66550078070056,44.80581169924331,0,1,-6.841341337049482,21.33275039035028,6.841341337049482,-21.33275039035028,0,0,54.480040651744964,1719.7802800221525,719.1487867816586,1537.3145590757288,751.1103890242802,12,12,1.258838581291605,0.16696906117142518,-7.10275901135152,-0.11558625608325342,1.1840954376704147,207.06561934008226,2.122081708003386e-05,5.041203063447373e-05,1.0,1.0,0.0,687.8413413370495,0.0,1.0,224.66724960964973,0.0,0.0,1.0
frame_0894.jpg,frame_0894,894,D:\visualization2026\visualization\left_downsample2_Q37\frame_0894.jpg,D:\visualization2026\visualization\right_downsample2_Q37\frame_0894.jpg,D:\visualization2026\dowsample2_Q37\stitched_frames\frame_0894.jpg,D:\visualization2026\dowsample2_Q37_hess_matched\stitched_frames\frame_0894.jpg,2264,1505,-0.05883177161978903,0.025985126270162473,165.02407594465095,17.886645275979713,182.76039930125467,-11.843745612122916,-17.73632335660372,29.73039088810263,34.618973245452885,-9.879064154857213,37.07394111499822,38.36760376116992,0,1,-4.9395320774286064,18.53697055749911,4.9395320774286064,-18.53697055749911,0,0,34.618973245452885,1702.580919316219,705.4706950912066,1519.8205200149644,717.3144407033295,12,12,1.2355834868253237,0.15323876569272374,-5.0242612127313295,-0.11663958338463444,1.1653414278640093,205.22365682892786,1.425805913319188e-05,4.4049763974953555e-05,1.0,1.0,0.0,668.9395320774286,0.0,1.0,204.4630294425009,0.0,0.0,1.0
frame_0896.jpg,frame_0896,896,D:\visualization2026\visualization\left_downsample2_Q37\frame_0896.jpg,D:\visualization2026\visualization\right_downsample2_Q37\frame_0896.jpg,D:\visualization2026\dowsample2_Q37\stitched_frames\frame_0896.jpg,D:\visualization2026\dowsample2_Q37_hess_matched\stitched_frames\frame_0896.jpg,2266,1506,-0.06009657641108834,0.026969165943942053,169.58240236620597,18.682601816968262,164.49474801643692,-7.2875663994033175,5.087654349769053,25.97016821637158,26.463821794468018,-8.890098046123178,35.57275420022391,36.666806305693314,0,1,-4.445049023061589,17.786377100111956,4.445049023061589,-17.786377100111956,0,0,26.463821794468018,1685.5666378549934,725.3572579120877,1521.0718898385564,732.644824311491,12,12,1.237956899688241,0.1545676423118814,-4.15775977185621,-0.11551509485859322,1.1684603488175362,203.4068726024918,1.5122661305638283e-05,4.47786759302041e-05,1.0,1.0,0.0,670.4450490230616,0.0,1.0,206.21362289988804,0.0,0.0,1.0
frame_0898.jpg,frame_0898,898,D:\visualization2026\visualization\left_downsample2_Q37\frame_0898.jpg,D:\visualization2026\visualization\right_downsample2_Q37\frame_0898.jpg,D:\visualization2026\dowsample2_Q37\stitched_frames\frame_0898.jpg,D:\visualization2026\dowsample2_Q37_hess_matched\stitched_frames\frame_0898.jpg,2269,1505,-0.05938141298943822,0.0266825849491098,167.64595067102184,18.493504021604316,163.66506394431167,-7.222266514935313,3.9808867267101675,25.71577053653963,26.02207358030595,-5.897437252100957,31.51853233544638,32.065521151589714,0,1,-2.9487186260504785,15.75926616772319,2.9487186260504785,-15.75926616772319,0,0,26.02207358030595,1687.8085298534027,719.4318054547616,1524.143465909091,726.6540719696969,12,12,1.248446427777971,0.1567850307451247,-2.775866456619198,-0.11315602011450923,1.1784785374962805,196.7772119494833,1.8601225162040563e-05,4.961131856491103e-05,1.0,1.0,0.0,671.9487186260504,0.0,1.0,207.24073383227682,0.0,0.0,1.0
frame_0900.jpg,frame_0900,900,D:\visualization2026\visualization\left_downsample2_Q37\frame_0900.jpg,D:\visualization2026\visualization\right_downsample2_Q37\frame_0900.jpg,D:\visualization2026\dowsample2_Q37\stitched_frames\frame_0900.jpg,D:\visualization2026\dowsample2_Q37_hess_matched\stitched_frames\frame_0900.jpg,2269,1532,-0.05758410177024598,0.02563960058915593,162.0126321456036,17.706113928591286,173.4637869430087,-29.99658052916277,-11.45115479740511,47.702694457754056,49.05788422592207,-4.723505288057993,31.35250488294855,31.706325309654297,0,1,-2.3617526440289964,15.676252441474276,2.3617526440289964,-15.676252441474276,0,0,49.05788422592207,1697.4508364925582,733.2042452966631,1523.9870495495495,763.2008258258259,12,12,1.247784030494809,0.16247113842637567,-2.1060696001963777,-0.12329414840032137,1.2021189260085883,213.0599390626777,1.1465867053080371e-05,5.7905441432438395e-05,1.0,1.0,0.0,671.361752644029,0.0,1.0,249.32374755852572,0.0,0.0,1.0
frame_0902.jpg,frame_0902,902,D:\visualization2026\visualization\left_downsample2_Q37\frame_0902.jpg,D:\visualization2026\visualization\right_downsample2_Q37\frame_0902.jpg,D:\visualization2026\dowsample2_Q37\stitched_frames\frame_0902.jpg,D:\visualization2026\dowsample2_Q37_hess_matched\stitched_frames\frame_0902.jpg,2261,1500,-0.05587305424334088,0.02471498633485636,156.8119639058623,17.022582047101135,166.1802130888375,-11.45105553136284,-9.368249182975177,28.473637578463975,29.975191904373705,-7.9514734447157025,34.98744382822622,35.87962033766946,0,1,-3.9757367223578512,17.49372191411311,3.9757367223578512,-17.49372191411311,0,0,29.975191904373705,1681.6164917237136,704.5028481619518,1515.436278634876,715.9539036933146,12,12,1.2359202148184332,0.1485219212943092,-3.760603294493535,-0.11387557212270488,1.1606319751631844,199.71842096375406,1.5532950390320946e-05,4.1177185154520245e-05,1.0,1.0,0.0,664.9757367223579,0.0,1.0,205.5062780858869,0.0,0.0,1.0
frame_0904.jpg,frame_0904,904,D:\visualization2026\visualization\left_downsample2_Q37\frame_0904.jpg,D:\visualization2026\visualization\right_downsample2_Q37\frame_0904.jpg,D:\visualization2026\dowsample2_Q37\stitched_frames\frame_0904.jpg,D:\visualization2026\dowsample2_Q37_hess_matched\stitched_frames\frame_0904.jpg,2265,1507,-0.05509803654305834,0.024534276260451016,155.02191837775462,16.943247360414986,166.88858191414351,-11.957006265198515,-11.866663536388899,28.9002536256135,31.24167670133356,-11.92483968874858,38.26888437153261,40.08377867222707,0,1,-5.96241984437429,19.134442185766304,5.96241984437429,-19.134442185766304,0,0,31.24167670133356,1686.8961063686204,706.2946867370588,1520.0075244544769,718.2516930022573,12,12,1.2401430621300207,0.1563366608664381,-6.230310423639844,-0.11580029411158439,1.174563267207554,205.26655462069516,1.4168046678575953e-05,4.8590184715982365e-05,1.0,1.0,0.0,670.9624198443743,0.0,1.0,211.86555781423368,0.0,0.0,1.0
frame_0906.jpg,frame_0906,906,D:\visualization2026\visualization\left_downsample2_Q37\frame_0906.jpg,D:\visualization2026\visualization\right_downsample2_Q37\frame_0906.jpg,D:\visualization2026\dowsample2_Q37\stitched_frames\frame_0906.jpg,D:\visualization2026\dowsample2_Q37_hess_matched\stitched_frames\frame_0906.jpg,2267,1493,-0.05489368106468795,0.0247651401333171,155.21153328051255,17.191691025313624,166.26371971403205,-26.953171917446298,-11.052186433519495,44.14486294275992,45.507359286123496,-12.760709288276724,37.95080387571743,40.03872146251777,0,1,-6.380354644138362,18.975401937858717,6.380354644138362,-18.975401937858717,0,0,45.507359286123496,1687.9226919591542,683.9780362899367,1521.6589722451222,710.931208207383,12,12,1.2626187560725899,0.1363603571552157,-6.597176041738732,-0.10695180939718889,1.1675379612438543,191.0913568506154,2.5183186080707262e-05,4.392778567233632e-05,1.0,1.0,0.0,673.3803546441384,0.0,1.0,205.02459806214128,0.0,0.0,1.0
frame_0908.jpg,frame_0908,908,D:\visualization2026\visualization\left_downsample2_Q37\frame_0908.jpg,D:\visualization2026\visualization\right_downsample2_Q37\frame_0908.jpg,D:\visualization2026\dowsample2_Q37\stitched_frames\frame_0908.jpg,D:\visualization2026\dowsample2_Q37_hess_matched\stitched_frames\frame_0908.jpg,2290,1500,-0.054991572502509634,0.02517361808918739,156.35375394013474,17.574693548088046,172.23969843358896,-24.548279704983543,-15.885944493454218,42.12297325307159,45.018974978647535,-15.738680142736241,42.63908832569124,45.45104955753452,0,1,-7.8693400713681205,21.31954416284562,7.8693400713681205,-21.31954416284562,0,0,45.018974978647535,1715.2856144250204,703.078431666908,1543.0459159914315,727.6267113718916,12,12,1.2672905702201256,0.15331576993131646,-7.218468993664138,-0.10700895593298776,1.1816242718661505,193.58797810821054,2.3755163391962804e-05,4.9347274636416236e-05,1.0,1.0,0.0,697.8693400713681,0.0,1.0,216.68045583715437,0.0,0.0,1.0
frame_0910.jpg,frame_0910,910,D:\visualization2026\visualization\left_downsample2_Q37\frame_0910.jpg,D:\visualization2026\visualization\right_downsample2_Q37\frame_0910.jpg,D:\visualization2026\dowsample2_Q37\stitched_frames\frame_0910.jpg,D:\visualization2026\dowsample2_Q37_hess_matched\stitched_frames\frame_0910.jpg,2277,1496,-0.05508517307261385,0.025638104793880734,157.62149017028818,18.01239301013619,173.251992965334,-28.099898968541993,-15.630502795045828,46.112291978678186,48.68938374176453,-19.622804106788465,40.14395782846744,44.683238369070416,0,1,-9.811402053394232,20.07197891423372,9.811402053394232,-20.07197891423372,0,0,48.68938374176453,1701.9547715227295,688.8921489311679,1528.7027785573955,716.9920478997099,12,12,1.2454225666142784,0.142293303580554,-9.210844043772028,-0.10957060982884749,1.1608453106424044,195.89472048585512,1.8292182613464762e-05,4.0231585833713126e-05,1.0,1.0,0.0,686.8114020533942,0.0,1.0,214.9280210857663,0.0,0.0,1.0
frame_0912.jpg,frame_0912,912,D:\visualization2026\visualization\left_downsample2_Q37\frame_0912.jpg,D:\visualization2026\visualization\right_downsample2_Q37\frame_0912.jpg,D:\visualization2026\dowsample2_Q37\stitched_frames\frame_0912.jpg,D:\visualization2026\dowsample2_Q37_hess_matched\stitched_frames\frame_0912.jpg,2282,1494,-0.05494631306168796,0.02622431938731451,158.7702409251596,18.596446827825897,183.02834438043237,-33.31861300050707,-24.25810345527276,51.91505982833297,57.302958215314746,-19.129961578879417,31.320399751004928,36.70044782522622,0,1,-9.564980789439709,15.660199875502464,9.564980789439709,-15.660199875502464,0,0,57.302958215314746,1717.3549446386874,697.03169137138,1534.326600258255,730.3503043718871,12,12,1.2559651130081766,0.14863930049863233,-9.10247582663012,-0.1037538538595674,1.174200998555887,182.43590729850231,2.3622155570252042e-05,4.5186987321815725e-05,1.0,1.0,0.0,691.5649807894397,0.0,1.0,217.33980012449754,0.0,0.0,1.0
frame_0914.jpg,frame_0914,914,D:\visualization2026\visualization\left_downsample2_Q37\frame_0914.jpg,D:\visualization2026\visualization\right_downsample2_Q37\frame_0914.jpg,D:\visualization2026\dowsample2_Q37\stitched_frames\frame_0914.jpg,D:\visualization2026\dowsample2_Q37_hess_matched\stitched_frames\frame_0914.jpg,2287,1493,-0.05485715862744189,0.02667668253187061,159.68829847950613,19.04492606721743,190.97558183615615,2.6203249277228906,-31.287283356650022,16.424601139494538,35.33640647308091,-17.645200644133354,25.75774221868215,31.222017711477342,0,1,-8.822600322066677,12.878871109341075,8.822600322066677,-12.878871109341075,0,0,35.33640647308091,1728.6594115049566,727.2008982647671,1537.6838296688004,724.5805733370443,12,12,1.266610660624393,0.14789322795358986,-8.889584346001214,-0.10422086938652098,1.1714046078688551,180.07529688776185,2.6393454649933037e-05,4.3945856458831014e-05,1.0,1.0,0.0,695.8226003220667,0.0,1.0,217.12112889065892,0.0,0.0,1.0
frame_0916.jpg,frame_0916,916,D:\visualization2026\visualization\left_downsample2_Q37\frame_0916.jpg,D:\visualization2026\visualization\right_downsample2_Q37\frame_0916.jpg,D:\visualization2026\dowsample2_Q37\stitched_frames\frame_0916.jpg,D:\visualization2026\dowsample2_Q37_hess_matched\stitched_frames\frame_0916.jpg,2286,1494,-0.05506306020336549,0.026809422351592005,160.3651429303952,19.147949292138687,168.95311672436947,19.120876736691343,-8.587973793974271,0.02707255544734366,8.588016465357253,-16.522355518921923,20.122790935869386,26.036799859859062,0,1,-8.261177759460962,10.061395467934693,8.261177759460962,-10.061395467934693,0,0,8.588016465357253,1704.6917819401838,738.7420229100682,1535.7386652158143,719.6211461733768,12,12,1.265913332723758,0.1469120463150175,-8.309019091129299,-0.10348844866534039,1.1718651585654978,176.0065210966238,2.6473101215957066e-05,4.346019413436002e-05,1.0,1.0,0.0,694.2611777594609,0.0,1.0,219.9386045320653,0.0,0.0,1.0
frame_0918.jpg,frame_0918,918,D:\visualization2026\visualization\left_downsample2_Q37\frame_0918.jpg,D:\visualization2026\visualization\right_downsample2_Q37\frame_0918.jpg,D:\visualization2026\dowsample2_Q37\stitched_frames\frame_0918.jpg,D:\visualization2026\dowsample2_Q37_hess_matched\stitched_frames\frame_0918.jpg,2287,1489,-0.05544679044942724,0.02686792493038792,161.17786538764315,19.157276017066962,169.64000520736704,4.847590425609269,-8.462139819723888,14.309685591457693,16.624527423506766,-13.444723341531791,13.056425290861558,18.741153302456578,0,1,-6.7223616707658955,6.528212645430779,6.7223616707658955,-6.528212645430779,0,0,16.624527423506766,1705.016215040894,734.9649926710603,1535.376209833527,730.117402245451,12,12,1.2691945419741104,0.14530618331291595,-6.489757601348561,-0.10081203857369425,1.1678691595783035,168.33526004073516,2.899718943651908e-05,4.153694874600498e-05,1.0,1.0,0.0,693.7223616707658,0.0,1.0,218.47178735456922,0.0,0.0,1.0
frame_0920.jpg,frame_0920,920,D:\visualization2026\visualization\left_downsample2_Q37\frame_0920.jpg,D:\visualization2026\visualization\right_downsample2_Q37\frame_0920.jpg,D:\visualization2026\dowsample2_Q37\stitched_frames\frame_0920.jpg,D:\visualization2026\dowsample2_Q37_hess_matched\stitched_frames\frame_0920.jpg,2286,1497,-0.055772139814512234,0.026910644259505845,161.85059011190532,19.15852726064603,171.86686728089398,1.2209916960316605,-10.016277168988665,17.937535564614368,20.544609766501015,-9.035123758039521,13.285488418045801,16.0666631205462,0,1,-4.517561879019761,6.642744209022901,4.517561879019761,-6.642744209022901,0,0,20.544609766501015,1705.6817763375334,735.6758027411735,1533.8149090566394,734.4548110451418,12,12,1.263370479207801,0.14754537259206466,-3.905663547400488,-0.10610826563901245,1.1720736779724066,176.95656830614155,2.4703842880538457e-05,4.3937029489160384e-05,1.0,1.0,0.0,690.5175618790198,0.0,1.0,227.3572557909771,0.0,0.0,1.0
frame_0922.jpg,frame_0922,922,D:\visualization2026\visualization\left_downsample2_Q37\frame_0922.jpg,D:\visualization2026\visualization\right_downsample2_Q37\frame_0922.jpg,D:\visualization2026\dowsample2_Q37\stitched_frames\frame_0922.jpg,D:\visualization2026\dowsample2_Q37_hess_matched\stitched_frames\frame_0922.jpg,2285,1491,-0.055752461910172246,0.026960384390898096,161.93419813770132,19.209056348379157,170.80414070602342,2.6258247450853105,-8.869942568322102,16.583231603293846,18.806367314657457,-8.961583552874089,16.790501279176638,19.032364881463778,0,1,-4.480791776437044,8.395250639588319,4.480791776437044,-8.395250639588319,0,0,18.806367314657457,1703.595168847567,724.9481057890158,1532.7910281415436,722.3222810439305,12,12,1.2666997410985346,0.14415210445747428,-4.724253318031501,-0.10214844858109823,1.168176858459777,171.70392376832092,2.7567573939654326e-05,4.117466609993402e-05,1.0,1.0,0.0,689.4807917764371,0.0,1.0,218.6047493604117,0.0,0.0,1.0
frame_0924.jpg,frame_0924,924,D:\visualization2026\visualization\left_downsample2_Q37\frame_0924.jpg,D:\visualization2026\visualization\right_downsample2_Q37\frame_0924.jpg,D:\visualization2026\dowsample2_Q37\stitched_frames\frame_0924.jpg,D:\visualization2026\dowsample2_Q37_hess_matched\stitched_frames\frame_0924.jpg,2284,1494,-0.055166623058733766,0.027034280152966605,161.08112961704597,19.35266621206254,170.32041505623465,1.7827494366467818,-9.239285439188677,17.56991677541576,19.851105030245545,-9.654384550644103,17.302385113019135,19.81362338521003,0,1,-4.8271922753220515,8.651192556509567,4.8271922753220515,-8.651192556509567,0,0,19.851105030245545,1701.9519989539021,722.3898788572637,1531.6315838976675,720.607129420617,12,12,1.2629477132599976,0.1453836728954077,-4.868906062277535,-0.10425966805674886,1.1687735401260502,175.73944841015393,2.5782616577292293e-05,4.211511565922736e-05,1.0,1.0,0.0,688.8271922753221,0.0,1.0,221.34880744349044,0.0,0.0,1.0
frame_0926.jpg,frame_0926,926,D:\visualization2026\visualization\left_downsample2_Q37\frame_0926.jpg,D:\visualization2026\visualization\right_downsample2_Q37\frame_0926.jpg,D:\visualization2026\dowsample2_Q37\stitched_frames\frame_0926.jpg,D:\visualization2026\dowsample2_Q37_hess_matched\stitched_frames\frame_0926.jpg,2283,1491,-0.05453872635792589,0.027113535663652155,160.1669485788078,19.50663885904657,168.3872213469549,1.9545019979450444,-8.220272768147112,17.552136861101527,19.38170252515449,-9.84548607038504,14.310984307974957,17.37060355385648,0,1,-4.92274303519252,7.1554921539874785,4.92274303519252,-7.1554921539874785,0,0,19.38170252515449,1699.2632849799552,711.5678945247671,1530.8760636330003,709.613392526822,12,12,1.2636961820652848,0.14193661853579698,-5.178304137627032,-0.10246200020689993,1.1627379282540755,171.01293025456698,2.8423767567815946e-05,3.8051631295500886e-05,1.0,1.0,0.0,687.9227430351925,0.0,1.0,217.84450784601253,0.0,0.0,1.0
frame_0928.jpg,frame_0928,928,D:\visualization2026\visualization\left_downsample2_Q37\frame_0928.jpg,D:\visualization2026\visualization\right_downsample2_Q37\frame_0928.jpg,D:\visualization2026\dowsample2_Q37\stitched_frames\frame_0928.jpg,D:\visualization2026\dowsample2_Q37_hess_matched\stitched_frames\frame_0928.jpg,2282,1501,-0.05442622717582002,0.027182418097406513,160.1330548893837,19.5871116139876,172.05919969795764,2.7180068533174335,-11.926144808573952,16.869104760670165,20.659129348100326,-7.151403199057581,10.752307390446942,12.91335285408677,0,1,-3.5757015995287906,5.376153695223471,3.5757015995287906,-5.376153695223471,0,0,20.659129348100326,1701.2644628558523,715.5927067609813,1529.2052631578947,712.8746999076639,12,12,1.259607649340675,0.1398864761225052,-3.7001832976620994,-0.1070809582186405,1.1701473530319668,177.118183950251,2.2894428759964376e-05,4.138082423673816e-05,1.0,1.0,0.0,685.5757015995288,0.0,1.0,227.62384630477652,0.0,0.0,1.0
frame_0930.jpg,frame_0930,930,D:\visualization2026\visualization\left_downsample2_Q37\frame_0930.jpg,D:\visualization2026\visualization\right_downsample2_Q37\frame_0930.jpg,D:\visualization2026\dowsample2_Q37\stitched_frames\frame_0930.jpg,D:\visualization2026\dowsample2_Q37_hess_matched\stitched_frames\frame_0930.jpg,2281,1498,-0.05472862799609535,0.02727160913586779,160.87588091458207,19.636133665847517,171.84766568227542,16.655602126454028,-10.97178476769335,2.980531539393489,11.369416398650687,-3.9328651151472567,8.702845734307083,9.550233080354072,0,1,-1.9664325575736283,4.351422867153541,1.9664325575736283,-4.351422867153541,0,0,11.369416398650687,1700.1423463375304,709.1725356806597,1528.294680655255,692.5169335542057,12,12,1.254120641400357,0.13549271223239004,-1.7687440198144513,-0.1082510069049398,1.162169124426082,177.2841852638777,2.037165965953694e-05,3.861516149776131e-05,1.0,1.0,0.0,682.9664325575736,0.0,1.0,213.64857713284647,0.0,0.0,1.0
frame_0932.jpg,frame_0932,932,D:\visualization2026\visualization\left_downsample2_Q37\frame_0932.jpg,D:\visualization2026\visualization\right_downsample2_Q37\frame_0932.jpg,D:\visualization2026\dowsample2_Q37\stitched_frames\frame_0932.jpg,D:\visualization2026\dowsample2_Q37_hess_matched\stitched_frames\frame_0932.jpg,2244,1489,-0.055049564175394305,0.02738598257732716,161.71107218494217,19.70722823728852,157.11060039662698,20.91738122163474,4.60047178831519,-1.210152984346223,4.7569749758229785,-0.4167689512069841,5.0722332004107695,5.089326674329272,0,1,-0.20838447560349205,2.5361166002053848,0.20838447560349205,-2.5361166002053848,0,0,4.7569749758229785,1647.6996440363669,673.7425437100285,1490.5890436397399,652.8251624883937,12,12,1.1936168541328671,0.06878587590580863,-0.1681936654640992,-0.10284278352909969,1.067477309008689,166.67214133097474,1.840316892919969e-05,-2.4463240002378878e-05,1.0,1.0,0.0,644.2083844756035,0.0,1.0,183.4638833997946,0.0,0.0,1.0
frame_0934.jpg,frame_0934,934,D:\visualization2026\visualization\left_downsample2_Q37\frame_0934.jpg,D:\visualization2026\visualization\right_downsample2_Q37\frame_0934.jpg,D:\visualization2026\dowsample2_Q37\stitched_frames\frame_0934.jpg,D:\visualization2026\dowsample2_Q37_hess_matched\stitched_frames\frame_0934.jpg,2245,1492,-0.055032724224976404,0.027532421589338774,162.02937235374225,19.85092963313257,155.1759673733793,12.528321138416118,6.853404980362939,7.322608494716452,10.029444400950487,4.986586299322671,4.525758872955711,6.734132185867004,0,1,2.4932931496613353,2.2628794364778555,-2.4932931496613353,-2.2628794364778555,0,0,10.029444400950487,1646.8683379455863,674.668375634329,1491.692370572207,662.1400544959129,12,12,1.1875366139041146,0.06867271610868479,2.160674917990727,-0.11107068885350359,1.0676955403946133,179.97080032409906,1.1869248045653549e-05,-1.8314278420849856e-05,1.0,1.0,0.0,642.5067068503387,0.0,1.0,195.73712056352215,0.0,0.0,1.0
frame_0936.jpg,frame_0936,936,D:\visualization2026\visualization\left_downsample2_Q37\frame_0936.jpg,D:\visualization2026\visualization\right_downsample2_Q37\frame_0936.jpg,D:\visualization2026\dowsample2_Q37\stitched_frames\frame_0936.jpg,D:\visualization2026\dowsample2_Q37_hess_matched\stitched_frames\frame_0936.jpg,2292,1494,-0.054714792552610136,0.02777538370893262,162.04831107630997,20.125060170101243,152.68810302475572,20.725985978481276,9.360208051554253,-0.6009258083800333,9.379477948988326,11.655089931425687,8.585531456130749,14.475927317233637,0,1,5.8275449657128435,4.292765728065374,-5.8275449657128435,-4.292765728065374,0,0,9.379477948988326,1690.8487680909955,683.1436973681853,1538.1606650662397,662.417711389704,12,12,1.2679393992689896,0.11185189637453495,5.733791322003765,-0.10194793977937398,1.1580222411805938,168.00727501999708,2.8547790209815574e-05,3.305020372255973e-05,1.0,1.0,0.0,686.1724550342872,0.0,1.0,204.70723427193462,0.0,0.0,1.0
frame_0938.jpg,frame_0938,938,D:\visualization2026\visualization\left_downsample2_Q37\frame_0938.jpg,D:\visualization2026\visualization\right_downsample2_Q37\frame_0938.jpg,D:\visualization2026\dowsample2_Q37\stitched_frames\frame_0938.jpg,D:\visualization2026\dowsample2_Q37_hess_matched\stitched_frames\frame_0938.jpg,2298,1485,-0.05437241960177508,0.028034067583756705,162.0616833081368,20.417405688724482,146.97105186406247,6.28067256532961,15.090631444074319,14.136733123394873,20.67787176628616,13.164312300502651,13.560849186369815,18.899622985674405,0,1,6.5821561502513255,6.780424593184907,-6.5821561502513255,-6.780424593184907,0,0,20.67787176628616,1691.0861515791623,677.3188492035063,1544.1150997150999,671.0381766381767,12,12,1.2690600731423611,0.11949073495436249,6.626122939494639,-0.09874478858192794,1.16278631028422,165.4900705176476,2.894215042527033e-05,3.849527934092609e-05,1.0,1.0,0.0,691.4178438497487,0.0,1.0,201.2195754068151,0.0,0.0,1.0
frame_0940.jpg,frame_0940,940,D:\visualization2026\visualization\left_downsample2_Q37\frame_0940.jpg,D:\visualization2026\visualization\right_downsample2_Q37\frame_0940.jpg,D:\visualization2026\dowsample2_Q37\stitched_frames\frame_0940.jpg,D:\visualization2026\dowsample2_Q37_hess_matched\stitched_frames\frame_0940.jpg,2306,1484,-0.0542808795046813,0.028183074883411208,162.25492686217748,20.57278979441655,139.88419346935575,-2.706604660852122,22.370733392821734,23.279394455268672,32.28590898111285,14.254666931258795,18.325099467665485,23.21647690371984,0,1,7.127333465629397,9.162549733832742,-7.127333465629397,-9.162549733832742,0,0,32.28590898111285,1691.7959663610898,656.4611288951363,1551.911772891734,659.1677335559884,12,12,1.2720190887056795,0.11261157331284005,7.269652765801118,-0.09418927059461878,1.142630030366821,160.5875429004605,3.582608539697282e-05,2.15625538370751e-05,1.0,1.0,0.0,698.8726665343706,0.0,1.0,190.83745026616725,0.0,0.0,1.0
frame_0942.jpg,frame_0942,942,D:\visualization2026\visualization\left_downsample2_Q37\frame_0942.jpg,D:\visualization2026\visualization\right_downsample2_Q37\frame_0942.jpg,D:\visualization2026\dowsample2_Q37\stitched_frames\frame_0942.jpg,D:\visualization2026\dowsample2_Q37_hess_matched\stitched_frames\frame_0942.jpg,2315,1490,-0.054544609307255465,0.028120613121417226,162.56960181993742,20.479903754641548,150.4230181862374,-3.186531912207556,12.146583633700004,23.666435666849104,26.601497535732385,14.194741982049552,24.211632775590203,28.065884300997784,0,1,7.097370991024776,12.105816387795102,-7.097370991024776,-12.105816387795102,0,0,26.601497535732385,1709.5024296643626,669.1374474310644,1559.0794114781252,672.323979343272,12,12,1.2904108869207294,0.12238585714716543,7.084272586270971,-0.09075154204436019,1.167722118083494,157.5338546483835,4.0562672345869086e-05,3.1621722609493436e-05,1.0,1.0,0.0,707.9026290089752,0.0,1.0,192.8941836122049,0.0,0.0,1.0
frame_0944.jpg,frame_0944,944,D:\visualization2026\visualization\left_downsample2_Q37\frame_0944.jpg,D:\visualization2026\visualization\right_downsample2_Q37\frame_0944.jpg,D:\visualization2026\dowsample2_Q37\stitched_frames\frame_0944.jpg,D:\visualization2026\dowsample2_Q37_hess_matched\stitched_frames\frame_0944.jpg,2314,1491,-0.05485910230587476,0.028011622306249095,162.86287588309568,20.335766265497814,150.55769774895202,-10.808093635696991,12.30517813414366,31.143859901194805,33.48667523744716,12.00283278477416,25.410542065327718,28.102733726686427,0,1,6.00141639238708,12.705271032663859,-6.00141639238708,-12.705271032663859,0,0,33.48667523744716,1709.4073875402662,662.0433822056265,1558.8496897913142,672.8514758413235,12,12,1.2821987829308734,0.1235493202935711,6.56756866102395,-0.09469052685621906,1.1625881315629751,165.25539208468226,3.625876806956083e-05,3.149428614942917e-05,1.0,1.0,0.0,707.9985836076129,0.0,1.0,195.29472896733614,0.0,0.0,1.0
frame_0946.jpg,frame_0946,946,D:\visualization2026\visualization\left_downsample2_Q37\frame_0946.jpg,D:\visualization2026\visualization\right_downsample2_Q37\frame_0946.jpg,D:\visualization2026\dowsample2_Q37\stitched_frames\frame_0946.jpg,D:\visualization2026\dowsample2_Q37_hess_matched\stitched_frames\frame_0946.jpg,2324,1503,-0.05487357757421385,0.028075704127629497,163.04051848397233,20.39596011236093,153.9799351784643,-8.435780618882632,9.060583305508032,28.831740731243563,30.22190337205286,4.699918233767671,25.134040629286194,25.569693579679655,0,1,2.3499591168838356,12.567020314643097,-2.3499591168838356,-12.567020314643097,0,0,30.22190337205286,1722.7038788404361,673.5063790055304,1568.7239436619718,681.9421596244131,12,12,1.2955140054954268,0.13956421053365528,2.38975455446757,-0.09710634571894403,1.1934653547754561,168.64640022816255,3.532893614510261e-05,4.6925629246108624e-05,1.0,1.0,0.0,721.6500408831162,0.0,1.0,209.4329796853569,0.0,0.0,1.0
frame_0948.jpg,frame_0948,948,D:\visualization2026\visualization\left_downsample2_Q37\frame_0948.jpg,D:\visualization2026\visualization\right_downsample2_Q37\frame_0948.jpg,D:\visualization2026\dowsample2_Q37\stitched_frames\frame_0948.jpg,D:\visualization2026\dowsample2_Q37_hess_matched\stitched_frames\frame_0948.jpg,2295,1485,-0.05449898879143511,0.02845721668682888,163.28910749472456,20.81106586342171,159.1580220370272,0.6797862913392692,4.131085457697367,20.13127957208244,20.550773325306825,2.379598170884322,18.759032479121647,18.909357128353594,0,1,1.189799085442161,9.379516239560823,-1.189799085442161,-9.379516239560823,0,0,20.550773325306825,1698.6299046776141,660.0209979186145,1539.471882640587,659.3412116272752,12,12,1.2429770194626484,0.11651049641725457,0.855840278889133,-0.10339600975898082,1.137323842304761,175.16144523843715,2.2688493060545145e-05,2.516104371441387e-05,1.0,1.0,0.0,693.8102009145579,0.0,1.0,199.62048376043919,0.0,0.0,1.0
frame_0950.jpg,frame_0950,950,D:\visualization2026\visualization\left_downsample2_Q37\frame_0950.jpg,D:\visualization2026\visualization\right_downsample2_Q37\frame_0950.jpg,D:\visualization2026\dowsample2_Q37\stitched_frames\frame_0950.jpg,D:\visualization2026\dowsample2_Q37_hess_matched\stitched_frames\frame_0950.jpg,2284,1501,-0.05402288008950784,0.028920737069664137,163.55425958670452,21.317986496899,177.69809894891523,-0.5789007781620512,-14.143839362210713,21.89688727506105,26.067640173992576,-1.0649269101096082,11.615327959860085,11.66404359298194,0,1,-0.5324634550548041,5.807663979930043,0.5324634550548041,-5.807663979930043,0,0,26.067640173992576,1702.2630045694993,661.4136121396909,1524.564905620584,661.992512917853,12,12,1.2581053792754262,0.08687962282143688,-0.3436168335901272,-0.09455888228472381,1.1423660021102482,157.58733980679924,3.403384043207801e-05,1.2014880562782295e-05,1.0,1.0,0.0,684.5324634550548,0.0,1.0,191.19233602006994,0.0,0.0,1.0
frame_0952.jpg,frame_0952,952,D:\visualization2026\visualization\left_downsample2_Q37\frame_0952.jpg,D:\visualization2026\visualization\right_downsample2_Q37\frame_0952.jpg,D:\visualization2026\dowsample2_Q37\stitched_frames\frame_0952.jpg,D:\visualization2026\dowsample2_Q37_hess_matched\stitched_frames\frame_0952.jpg,2314,1496,-0.05376228692534646,0.029142582168678044,163.6237088423526,21.564632985854413,163.07872552306935,29.77323806982804,0.5449833192832614,-8.208605083973627,8.22667637888684,-2.908758330740062,4.355600173916162,5.237568892307596,0,1,-1.454379165370031,2.177800086958081,1.454379165370031,-2.177800086958081,0,0,8.22667637888684,1714.380935717025,688.8608564730757,1551.3022101939557,659.0876184032477,12,12,1.2866334551272944,0.11606532918198462,-0.8950277517615206,-0.09301446062318605,1.1681844368663832,150.9901546759339,3.7647903584218435e-05,3.049998497895791e-05,1.0,1.0,0.0,715.45437916537,0.0,1.0,191.8221999130419,0.0,0.0,1.0
frame_0954.jpg,frame_0954,954,D:\visualization2026\visualization\left_downsample2_Q37\frame_0954.jpg,D:\visualization2026\visualization\right_downsample2_Q37\frame_0954.jpg,D:\visualization2026\dowsample2_Q37\stitched_frames\frame_0954.jpg,D:\visualization2026\dowsample2_Q37_hess_matched\stitched_frames\frame_0954.jpg,2323,1508,-0.05359540278114239,0.02896033265328901,162.89775987596337,21.408922009204872,167.81520714678936,25.983584704317877,-4.917447270825988,-4.574662695113005,6.7163104778898175,-3.9514282113570007,-1.0844045732443621,4.097525861783092,0,1,-1.9757141056785004,-0.5422022866221811,1.9757141056785004,0.5422022866221811,0,0,6.7163104778898175,1728.1949134513052,696.0713621140562,1560.3797063045158,670.0877774097384,12,12,1.2950036527294246,0.12868107058939388,-1.3998136844912297,-0.09880049347049293,1.1898076315177901,157.15729672172185,3.3735529989151186e-05,4.2938270471607575e-05,1.0,1.0,0.0,724.9757141056785,0.0,1.0,208.54220228662217,0.0,0.0,1.0
frame_0956.jpg,frame_0956,956,D:\visualization2026\visualization\left_downsample2_Q37\frame_0956.jpg,D:\visualization2026\visualization\right_downsample2_Q37\frame_0956.jpg,D:\visualization2026\dowsample2_Q37\stitched_frames\frame_0956.jpg,D:\visualization2026\dowsample2_Q37_hess_matched\stitched_frames\frame_0956.jpg,2325,1497,-0.053421899396519645,0.02863128679625826,161.81147253742466,21.112052883946866,161.9700463350689,28.57895108242292,-0.1585737976442374,-7.466898198476052,7.468581816898321,-1.5803144235176434,-6.7664460430901965,6.948538388123712,0,1,-0.7901572117588217,-3.3832230215450982,0.7901572117588217,3.3832230215450982,0,0,7.468581816898321,1724.517019853354,680.3263239281564,1562.546973518285,651.7473728457335,12,12,1.309039415110448,0.1258901599447066,-0.7390198759890269,-0.08850795433666699,1.1887743764684422,138.43758585013637,4.407224003794612e-05,3.978006257378335e-05,1.0,1.0,0.0,725.7901572117588,0.0,1.0,198.3832230215451,0.0,0.0,1.0
frame_0958.jpg,frame_0958,958,D:\visualization2026\visualization\left_downsample2_Q37\frame_0958.jpg,D:\visualization2026\visualization\right_downsample2_Q37\frame_0958.jpg,D:\visualization2026\dowsample2_Q37\stitched_frames\frame_0958.jpg,D:\visualization2026\dowsample2_Q37_hess_matched\stitched_frames\frame_0958.jpg,2314,1492,-0.053342758964861514,0.02847725211773433,161.30660758521472,20.972824699790458,162.38887153060205,28.041568863510633,-1.082263945387325,-7.068744163720176,7.151114549468033,-2.567508923171829,-6.177028470831694,6.689378356770702,0,1,-1.2837544615859144,-3.088514235415847,1.2837544615859144,3.088514235415847,0,0,7.151114549468033,1713.7910477857195,670.5715193052257,1551.4021762551174,642.5299504417151,12,12,1.2896258826725369,0.11419113587873521,-0.8056039505544561,-0.09166120166647543,1.1657741193556306,143.08431824459979,3.9329300235617776e-05,2.9574684730896036e-05,1.0,1.0,0.0,715.2837544615859,0.0,1.0,193.08851423541586,0.0,0.0,1.0
frame_0960.jpg,frame_0960,960,D:\visualization2026\visualization\left_downsample2_Q37\frame_0960.jpg,D:\visualization2026\visualization\right_downsample2_Q37\frame_0960.jpg,D:\visualization2026\dowsample2_Q37\stitched_frames\frame_0960.jpg,D:\visualization2026\dowsample2_Q37_hess_matched\stitched_frames\frame_0960.jpg,2304,1492,-0.053565658489888146,0.02862309929904394,162.04443351646935,21.08643145678269,164.33270393948328,27.59975153095081,-2.288270423013927,-6.513320074168121,6.903587467208752,-1.6686635524206852,-5.779849340233783,6.01590362680272,0,1,-0.8343317762103426,-2.8899246701168915,0.8343317762103426,2.8899246701168915,0,0,6.903587467208752,1705.2318503195022,665.7619393273466,1540.899146380019,638.1621877963958,12,12,1.2687029038194642,0.10875733126686132,-1.0091921240628154,-0.09873046340402211,1.1482072423548078,154.98692064868058,3.115933681988151e-05,2.449911018941707e-05,1.0,1.0,0.0,704.8343317762103,0.0,1.0,194.8899246701169,0.0,0.0,1.0
frame_0962.jpg,frame_0962,962,D:\visualization2026\visualization\left_downsample2_Q37\frame_0962.jpg,D:\visualization2026\visualization\right_downsample2_Q37\frame_0962.jpg,D:\visualization2026\dowsample2_Q37\stitched_frames\frame_0962.jpg,D:\visualization2026\dowsample2_Q37_hess_matched\stitched_frames\frame_0962.jpg,2313,1500,-0.05393632326878517,0.028865943012883033,163.27212026159984,21.27565160278294,167.6631094405875,26.53716882546405,-4.390989178987667,-5.26151722268111,6.853054023904724,-2.8890750078071683,0.09731281535012037,2.8907134387149753,0,1,-1.4445375039035842,0.04865640767506019,1.4445375039035842,-0.04865640767506019,0,0,6.853054023904724,1717.3229605468055,669.7909173837108,1549.659851106218,643.2537485582468,12,12,1.281026253810377,0.12096529801336495,-1.456737944879487,-0.10019374382608791,1.1722331893694151,159.8414811409267,3.088475149215677e-05,3.671089555543993e-05,1.0,1.0,0.0,714.4445375039036,0.0,1.0,201.95134359232495,0.0,0.0,1.0
frame_0964.jpg,frame_0964,964,D:\visualization2026\visualization\left_downsample2_Q37\frame_0964.jpg,D:\visualization2026\visualization\right_downsample2_Q37\frame_0964.jpg,D:\visualization2026\dowsample2_Q37\stitched_frames\frame_0964.jpg,D:\visualization2026\dowsample2_Q37_hess_matched\stitched_frames\frame_0964.jpg,2306,1495,-0.05409110282270735,0.02899617830389356,163.85325574971924,21.382547909072045,164.2764761667895,23.971314951195495,-0.4232204170702687,-2.5887670421234503,2.6231336831754746,-2.788248744043932,7.022605137512674,7.555879431018071,0,1,-1.394124372021966,3.511302568756337,1.394124372021966,-3.511302568756337,0,0,2.6231336831754746,1706.977840051132,667.3742609413756,1542.7013638843425,643.4029459901801,12,12,1.2635681460738273,0.11671312781989215,-1.7154458895516342,-0.1004065351399023,1.1675047910832907,163.91638478487494,2.3913050326359182e-05,3.7124692297602944e-05,1.0,1.0,0.0,707.394124372022,0.0,1.0,203.48869743124365,0.0,0.0,1.0
frame_0966.jpg,frame_0966,966,D:\visualization2026\visualization\left_downsample2_Q37\frame_0966.jpg,D:\visualization2026\visualization\right_downsample2_Q37\frame_0966.jpg,D:\visualization2026\dowsample2_Q37\stitched_frames\frame_0966.jpg,D:\visualization2026\dowsample2_Q37_hess_matched\stitched_frames\frame_0966.jpg,2291,1459,-0.05383789943136752,0.028907623406412952,163.19832113368713,21.328082775366944,169.45895220826378,-0.5908298040765203,-6.260631074576651,21.918912579443464,22.795487055933677,-2.2015158814743527,13.360733273150121,13.54089604762715,0,1,-1.1007579407371764,6.6803666365750605,1.1007579407371764,-6.6803666365750605,0,0,22.795487055933677,1696.9367929980137,633.7007055876479,1527.47784078975,634.2915353917244,12,12,1.278061767423781,0.09791880713551067,-0.9636979965957067,-0.09394809228006726,1.1303180669510287,157.22930913394362,3.671455730688769e-05,2.7279938092195786e-05,1.0,1.0,0.0,692.1007579407371,0.0,1.0,196.31963336342494,0.0,0.0,1.0
frame_0968.jpg,frame_0968,968,D:\visualization2026\visualization\left_downsample2_Q37\frame_0968.jpg,D:\visualization2026\visualization\right_downsample2_Q37\frame_0968.jpg,D:\visualization2026\dowsample2_Q37\stitched_frames\frame_0968.jpg,D:\visualization2026\dowsample2_Q37_hess_matched\stitched_frames\frame_0968.jpg,2310,1494,-0.05342776671388405,0.02874469600373053,162.0911791727568,21.221013446276714,162.66931179932794,-6.336704000815871,-0.5781326265711471,27.557717447092585,27.56378109453957,0.26429727864635866,17.05769275154618,17.059740181422782,0,1,0.13214863932317933,8.52884637577309,-0.13214863932317933,-8.52884637577309,0,0,27.56378109453957,1709.318501102339,655.6939340282429,1546.649189303011,662.0306380290588,12,12,1.268116839869734,0.11651725847162035,0.1821866609303583,-0.0982403208066839,1.1680702911958372,166.40413900112654,2.595272424487453e-05,3.619921747370737e-05,1.0,1.0,0.0,709.8678513606768,0.0,1.0,227.4711536242269,0.0,0.0,1.0
frame_0970.jpg,frame_0970,970,D:\visualization2026\visualization\left_downsample2_Q37\frame_0970.jpg,D:\visualization2026\visualization\right_downsample2_Q37\frame_0970.jpg,D:\visualization2026\dowsample2_Q37\stitched_frames\frame_0970.jpg,D:\visualization2026\dowsample2_Q37_hess_matched\stitched_frames\frame_0970.jpg,2331,1498,-0.05316286767681355,0.02867487310471406,161.46020756061083,21.186105097918606,160.81481367077686,-3.9912155061005024,0.6453938898339686,25.17732060401911,25.185591239250275,1.7594843861012635,21.106813999558792,21.180023194437375,0,1,0.8797421930506317,10.553406999779396,-0.8797421930506317,-10.553406999779396,0,0,25.185591239250275,1728.0243815720114,656.9725705021299,1567.2095679012345,660.9637860082304,12,12,1.2880728625257554,0.13579659962299123,1.3119240422094691,-0.09518977606685196,1.1952503351551458,163.63037359808192,2.850865448538514e-05,4.9339611577769536e-05,1.0,1.0,0.0,730.1202578069493,0.0,1.0,224.44659300022062,0.0,0.0,1.0
frame_0972.jpg,frame_0972,972,D:\visualization2026\visualization\left_downsample2_Q37\frame_0972.jpg,D:\visualization2026\visualization\right_downsample2_Q37\frame_0972.jpg,D:\visualization2026\dowsample2_Q37\stitched_frames\frame_0972.jpg,D:\visualization2026\dowsample2_Q37_hess_matched\stitched_frames\frame_0972.jpg,2360,1497,-0.05303040861575392,0.02889812393288982,161.75797244599767,21.418332304178655,153.81989582438177,8.195052134879461,7.938076621615892,13.223280169299194,15.422976330346426,4.208822868993519,21.16917491373238,21.583515850545737,0,1,2.1044114344967597,10.58458745686619,-2.1044114344967597,-10.58458745686619,0,0,15.422976330346426,1749.9447474484239,645.0123608647812,1596.124851624042,636.8173087299017,12,12,1.3602356461392777,0.15031975350629131,2.8125028199584308,-0.07227020960133801,1.2453044977230132,127.77876293925114,5.78111068308718e-05,6.304650324424838e-05,1.0,1.0,0.0,757.8955885655032,0.0,1.0,214.4154125431338,0.0,0.0,1.0
frame_0974.jpg,frame_0974,974,D:\visualization2026\visualization\left_downsample2_Q37\frame_0974.jpg,D:\visualization2026\visualization\right_downsample2_Q37\frame_0974.jpg,D:\visualization2026\dowsample2_Q37\stitched_frames\frame_0974.jpg,D:\visualization2026\dowsample2_Q37_hess_matched\stitched_frames\frame_0974.jpg,2376,1495,-0.05271968604880839,0.029354758461961894,162.29715008328088,21.89822716756079,155.24443496307663,4.241387969621201,7.052715120204255,17.65683919793959,19.013278544970976,3.129682159815809,22.442818257283854,22.65998679944326,0,1,1.5648410799079044,11.221409128641927,-1.5648410799079044,-11.221409128641927,0,0,19.013278544970976,1766.9427393468648,636.182248184675,1611.6983043837881,631.9408602150538,12,12,1.390265215989445,0.15503447104856705,2.290611110998765,-0.060835814020429355,1.261599621016395,109.54893937376325,6.720959835387383e-05,6.500095313615019e-05,1.0,1.0,0.0,774.4351589200921,0.0,1.0,209.77859087135806,0.0,0.0,1.0
frame_0976.jpg,frame_0976,976,D:\visualization2026\visualization\left_downsample2_Q37\frame_0976.jpg,D:\visualization2026\visualization\right_downsample2_Q37\frame_0976.jpg,D:\visualization2026\dowsample2_Q37\stitched_frames\frame_0976.jpg,D:\visualization2026\dowsample2_Q37_hess_matched\stitched_frames\frame_0976.jpg,2349,1496,-0.052173258069940776,0.029780967786953272,162.35020359669832,22.3777219508621,156.3641422568137,0.14700480055068965,5.986061339884628,22.23071715031141,23.022547977624267,0.8311431653363965,24.016825676458303,24.031202935655806,0,1,0.41557158266819827,12.008412838229152,-0.41557158266819827,-12.008412838229152,0,0,23.022547977624267,1739.6704796108247,628.9100720033077,1583.306337354011,628.763067202757,12,12,1.330585038546686,0.14433957496202685,0.3771105752169517,-0.08071431436417681,1.220614057166672,142.298038276905,4.7092282423365655e-05,5.497541006493087e-05,1.0,1.0,0.0,748.5844284173318,0.0,1.0,213.99158716177084,0.0,0.0,1.0
frame_0978.jpg,frame_0978,978,D:\visualization2026\visualization\left_downsample2_Q37\frame_0978.jpg,D:\visualization2026\visualization\right_downsample2_Q37\frame_0978.jpg,D:\visualization2026\dowsample2_Q37\stitched_frames\frame_0978.jpg,D:\visualization2026\dowsample2_Q37_hess_matched\stitched_frames\frame_0978.jpg,2354,1496,-0.05115396290458929,0.029461124113542625,159.80074520113538,22.193906055818697,165.77458137359508,-11.732028109031262,-5.9738361724596984,33.92593416484996,34.447869710232034,-11.865791133283409,23.43636001820424,26.26899256008097,0,1,-5.9328955666417045,11.71818000910212,5.9328955666417045,-11.71818000910212,0,0,34.447869710232034,1738.915151138619,641.1214757379223,1573.1405697650239,652.8535038469536,12,12,1.3617959810167708,0.12588552969837,-6.24279751144239,-0.0669463363167508,1.2293786885121405,119.75176264483434,6.23320858490783e-05,4.825230763749159e-05,1.0,1.0,0.0,759.9328955666417,0.0,1.0,196.28181999089787,0.0,0.0,1.0
frame_0980.jpg,frame_0980,980,D:\visualization2026\visualization\left_downsample2_Q37\frame_0980.jpg,D:\visualization2026\visualization\right_downsample2_Q37\frame_0980.jpg,D:\visualization2026\dowsample2_Q37\stitched_frames\frame_0980.jpg,D:\visualization2026\dowsample2_Q37_hess_matched\stitched_frames\frame_0980.jpg,2348,1490,-0.049835501073356325,0.0285289623159819,155.2714448885601,21.454730405337408,166.1187459711232,-11.59262729455395,-10.847301082563092,33.04735769989136,34.78206134949944,-13.758510412699446,20.538092427216124,24.720636102763038,0,1,-6.879255206349723,10.269046213608062,6.879255206349723,-10.269046213608062,0,0,34.78206134949944,1732.1075582775861,637.9730504599161,1565.988812306463,649.56567775447,12,12,1.3352413296299543,0.12814137012959292,-6.830378870997589,-0.07610726587241404,1.2103772268649644,133.27776472126757,5.1175013936807367e-05,4.750915822925598e-05,1.0,1.0,0.0,754.8792552063497,0.0,1.0,195.73095378639195,0.0,0.0,1.0
frame_0982.jpg,frame_0982,982,D:\visualization2026\visualization\left_downsample2_Q37\frame_0982.jpg,D:\visualization2026\visualization\right_downsample2_Q37\frame_0982.jpg,D:\visualization2026\dowsample2_Q37\stitched_frames\frame_0982.jpg,D:\visualization2026\dowsample2_Q37_hess_matched\stitched_frames\frame_0982.jpg,2323,1494,-0.049024720772592234,0.028607087200752224,154.0334732290026,21.630130420272316,209.58006810048573,11.309178542243444,-55.54659487148314,10.320951878028872,56.497311878400595,-15.91704897630247,22.94689809394648,27.926914979065913,0,1,-7.958524488151235,11.47344904697324,7.958524488151235,-11.47344904697324,0,0,56.497311878400595,1748.8338209279584,657.9783128214949,1539.2537528274727,646.6691342792515,12,12,1.311224912893562,0.10454348694270542,-8.126386448956119,-0.08925033463986173,1.1795470974811655,154.73311407395414,4.386437738662575e-05,3.5770457120185805e-05,1.0,1.0,0.0,730.9585244881513,0.0,1.0,190.52655095302677,0.0,0.0,1.0
frame_0984.jpg,frame_0984,984,D:\visualization2026\visualization\left_downsample2_Q37\frame_0984.jpg,D:\visualization2026\visualization\right_downsample2_Q37\frame_0984.jpg,D:\visualization2026\dowsample2_Q37\stitched_frames\frame_0984.jpg,D:\visualization2026\dowsample2_Q37_hess_matched\stitched_frames\frame_0984.jpg,2355,1461,-0.04940918529227167,0.030057222046964815,158.15332329776922,22.985276101377213,160.56420457464515,19.819774858378196,-2.4108812768759265,3.1655012429990173,3.9790384077838734,-11.097599501738648,27.313185886557044,29.481635605485135,0,1,-5.548799750869324,13.656592943278522,5.548799750869324,-13.656592943278522,0,0,3.9790384077838734,1731.209762521156,651.1322044105864,1570.645557946511,631.3124295522082,12,12,1.3327574403204636,0.11736308180387602,-5.779864421737346,-0.06987561275762529,1.1769896458367597,126.41693366174465,5.509432437033249e-05,3.601685578389244e-05,1.0,1.0,0.0,760.5487997508693,0.0,1.0,178.34340705672147,0.0,0.0,1.0
frame_0986.jpg,frame_0986,986,D:\visualization2026\visualization\left_downsample2_Q37\frame_0986.jpg,D:\visualization2026\visualization\right_downsample2_Q37\frame_0986.jpg,D:\visualization2026\dowsample2_Q37\stitched_frames\frame_0986.jpg,D:\visualization2026\dowsample2_Q37_hess_matched\stitched_frames\frame_0986.jpg,2378,1492,-0.05060279798374501,0.03104287646875392,162.5904873463577,23.791561150050917,167.3971188244882,-10.483184333912277,-4.806631478130498,34.274745483963194,34.61014134841131,-9.599132608754632,35.23146225248328,36.515740158027896,0,1,-4.799566304377316,17.61573112624164,4.799566304377316,-17.61573112624164,0,0,34.61014134841131,1759.9834321493072,673.9217752233461,1592.586313324819,684.4049595572584,12,12,1.3740095457408374,0.1416416000783335,-4.731057628875072,-0.07304180970528806,1.2441117266144743,136.37975258519825,5.8594052999993285e-05,6.608891003362781e-05,1.0,1.0,0.0,782.7995663043773,0.0,1.0,219.38426887375834,0.0,0.0,1.0
frame_0988.jpg,frame_0988,988,D:\visualization2026\visualization\left_downsample2_Q37\frame_0988.jpg,D:\visualization2026\visualization\right_downsample2_Q37\frame_0988.jpg,D:\visualization2026\dowsample2_Q37\stitched_frames\frame_0988.jpg,D:\visualization2026\dowsample2_Q37_hess_matched\stitched_frames\frame_0988.jpg,2242,1408,-0.05161888689175975,0.03154360687843061,165.5640147469903,24.150715470390246,147.44060354663088,-31.606657657512528,18.123411200359413,55.757373127902774,58.628855452426215,1.5379292506863007,47.06735703673675,47.092476307832534,0,1,0.7689646253431504,23.533678518368376,-0.7689646253431504,-23.533678518368376,0,0,58.628855452426215,1603.5649801674167,602.9966736810073,1456.1243766207858,634.6033313385199,12,12,1.0401593335388755,0.06548181525910798,1.202355919601436,-0.1615503598112144,0.8740196241714817,280.6711219088392,-3.661150242466904e-05,-5.915996030286031e-05,1.0,1.0,0.0,641.2310353746568,0.0,1.0,166.4663214816316,0.0,0.0,1.0
frame_0990.jpg,frame_0990,990,D:\visualization2026\visualization\left_downsample2_Q37\frame_0990.jpg,D:\visualization2026\visualization\right_downsample2_Q37\frame_0990.jpg,D:\visualization2026\dowsample2_Q37\stitched_frames\frame_0990.jpg,D:\visualization2026\dowsample2_Q37_hess_matched\stitched_frames\frame_0990.jpg,2355,1494,-0.05180635113461707,0.031566665886542444,165.947939128501,24.149931940444933,169.302905746144,-48.488807589077624,-3.354966617643015,72.63873952952255,72.7161762020207,1.2750316802231905,61.01608112147833,61.02940161273415,0,1,0.6375158401115952,30.508040560739165,-0.6375158401115952,-30.508040560739165,0,0,72.7161762020207,1738.4931801609946,666.389219045305,1569.1902744148506,714.8780266343826,12,12,1.3065388940057772,0.14007725389176404,0.3718633750902056,-0.09609535113916692,1.197070853627229,186.25473687191595,3.5100191869596416e-05,5.3649077279439386e-05,1.0,1.0,0.0,754.3624841598884,0.0,1.0,244.49195943926082,0.0,0.0,1.0
frame_0992.jpg,frame_0992,992,D:\visualization2026\visualization\left_downsample2_Q37\frame_0992.jpg,D:\visualization2026\visualization\right_downsample2_Q37\frame_0992.jpg,D:\visualization2026\dowsample2_Q37\stitched_frames\frame_0992.jpg,D:\visualization2026\dowsample2_Q37_hess_matched\stitched_frames\frame_0992.jpg,2390,1499,-0.051673962397672746,0.03128902647179066,165.05595698179567,23.89771728518636,164.91724255607414,-45.60270851410985,0.13871442572153114,69.50042579929621,69.50056422774841,1.2070407594562422,69.02152194604821,69.03207543703002,0,1,0.6035203797281211,34.510760973024105,-0.6035203797281211,-34.510760973024105,0,0,69.50056422774841,1769.1162687277115,666.4197098263243,1604.1990261716373,712.0224183404341,12,12,1.377471581130352,0.1663504840923457,0.8648674889057985,-0.07133906873507222,1.2670365309110287,151.9229883315906,5.836789348699269e-05,7.548706460458113e-05,1.0,1.0,0.0,789.3964796202719,0.0,1.0,242.4892390269759,0.0,0.0,1.0
frame_0994.jpg,frame_0994,994,D:\visualization2026\visualization\left_downsample2_Q37\frame_0994.jpg,D:\visualization2026\visualization\right_downsample2_Q37\frame_0994.jpg,D:\visualization2026\dowsample2_Q37\stitched_frames\frame_0994.jpg,D:\visualization2026\dowsample2_Q37_hess_matched\stitched_frames\frame_0994.jpg,2393,1508,-0.051505378546752634,0.031200741990775493,164.55023870584816,23.833093373941963,168.27560783503964,-49.07602829276493,-3.7253691291914777,72.9091216667069,73.00423547548047,-2.5562548951624082,73.30406545025576,73.34862269071193,0,1,-1.2781274475812041,36.65203272512788,1.2781274475812041,-36.65203272512788,0,0,73.00423547548047,1775.3899161510683,670.0824805572302,1607.1143083160287,719.1585088499951,12,12,1.3773271097198625,0.17444434637700146,-1.5293094634847137,-0.07583270751010879,1.2816309540960322,160.6200173560967,5.360974439513366e-05,8.310226198448553e-05,1.0,1.0,0.0,794.2781274475813,0.0,1.0,251.34796727487213,0.0,0.0,1.0
frame_0996.jpg,frame_0996,996,D:\visualization2026\visualization\left_downsample2_Q37\frame_0996.jpg,D:\visualization2026\visualization\right_downsample2_Q37\frame_0996.jpg,D:\visualization2026\dowsample2_Q37\stitched_frames\frame_0996.jpg,D:\visualization2026\dowsample2_Q37_hess_matched\stitched_frames\frame_0996.jpg,2381,1507,-0.051414608679756,0.03157040286227464,165.26899970653412,24.201786501072277,170.41558578849936,-50.10016310574031,-5.146586081965239,74.30194960681258,74.47997760252345,-2.947169534435341,73.84827524284648,73.90706031637247,0,1,-1.4735847672176705,36.92413762142324,1.4735847672176705,-36.92413762142324,0,0,74.47997760252345,1765.8273728969446,662.5177555841577,1595.4117871084452,712.617918689898,12,12,1.3521866065260288,0.1638779631154677,-1.2929022442818168,-0.08351662166947899,1.2573646472907423,173.14815665706993,4.5429156419452845e-05,7.471289729768036e-05,1.0,1.0,0.0,782.4735847672176,0.0,1.0,251.07586237857674,0.0,0.0,1.0
frame_0998.jpg,frame_0998,998,D:\visualization2026\visualization\left_downsample2_Q37\frame_0998.jpg,D:\visualization2026\visualization\right_downsample2_Q37\frame_0998.jpg,D:\visualization2026\dowsample2_Q37\stitched_frames\frame_0998.jpg,D:\visualization2026\dowsample2_Q37_hess_matched\stitched_frames\frame_0998.jpg,2392,1504,-0.051173138108248195,0.031894528558442437,165.6149929078742,24.5449982838407,166.30805998060805,-52.62509236509982,-0.6930670727338395,77.17009064894052,77.17320281505106,-0.9181077872752557,73.29882014979006,73.30456982521844,0,1,-0.45905389363762783,36.64941007489503,0.45905389363762783,-36.64941007489503,0,0,77.17320281505106,1772.1199340864734,648.0831643281354,1605.8118741058654,700.7082566932352,12,12,1.3827626646925888,0.16485353027464097,-0.6230723823937696,-0.07458165291637285,1.265741329227245,159.26647712951058,5.9590815618090465e-05,7.451354069100797e-05,1.0,1.0,0.0,792.4590538936376,0.0,1.0,241.35058992510497,0.0,0.0,1.0
frame_1000.jpg,frame_1000,1000,D:\visualization2026\visualization\left_downsample2_Q37\frame_1000.jpg,D:\visualization2026\visualization\right_downsample2_Q37\frame_1000.jpg,D:\visualization2026\dowsample2_Q37\stitched_frames\frame_1000.jpg,D:\visualization2026\dowsample2_Q37_hess_matched\stitched_frames\frame_1000.jpg,2359,1499,-0.050942527422025874,0.032083187201444985,165.65825022843768,24.755856543029925,170.96779004244536,-50.60393194944629,-5.309539814007678,75.35978849247621,75.54660107951437,-0.8023058294105343,69.61649694849967,69.62111994233051,0,1,-0.40115291470526715,34.80824847424984,0.40115291470526715,-34.80824847424984,0,0,75.54660107951437,1742.7244858417123,644.4891983954461,1571.756695799267,695.0931303448924,12,12,1.3131880975858543,0.1433973661460349,0.09098453554595365,-0.09623412977397111,1.2079577494526494,191.12934784091837,3.5807335551914865e-05,5.780210862748678e-05,1.0,1.0,0.0,759.4011529147052,0.0,1.0,245.19175152575016,0.0,0.0,1.0
frame_1002.jpg,frame_1002,1002,D:\visualization2026\visualization\left_downsample2_Q37\frame_1002.jpg,D:\visualization2026\visualization\right_downsample2_Q37\frame_1002.jpg,D:\visualization2026\dowsample2_Q37\stitched_frames\frame_1002.jpg,D:\visualization2026\dowsample2_Q37_hess_matched\stitched_frames\frame_1002.jpg,2325,1462,-0.050896653974387696,0.03204466390178218,165.48619364612918,24.72424794567379,155.20217048460722,-42.02890238834027,10.284023161521958,66.75315033401407,67.54068560432447,-1.3894393136007923,66.11735942114838,66.13195716468324,0,1,-0.6947196568003962,33.05867971057419,0.6947196568003962,-33.05867971057419,0,0,67.54068560432447,1693.231093325003,597.9952159935181,1538.0289228403958,640.0241183818583,12,12,1.2873750626737113,0.08863816349602487,-0.354849442333,-0.07689380909951474,1.1286526608797232,158.67399971306392,5.0121103646765605e-05,1.0149922894941232e-05,1.0,1.0,0.0,725.6947196568004,0.0,1.0,197.94132028942582,0.0,0.0,1.0
frame_1004.jpg,frame_1004,1004,D:\visualization2026\visualization\left_downsample2_Q37\frame_1004.jpg,D:\visualization2026\visualization\right_downsample2_Q37\frame_1004.jpg,D:\visualization2026\dowsample2_Q37\stitched_frames\frame_1004.jpg,D:\visualization2026\dowsample2_Q37_hess_matched\stitched_frames\frame_1004.jpg,2403,1497,-0.05099813900164207,0.03171986471885757,164.89281564864442,24.39762305250685,168.0391749885123,-30.0998826077481,-3.146359339867871,54.49750566025495,54.588256065614466,-1.935145786528,62.273704741374885,62.303764664994794,0,1,-0.967572893264,31.136852370687443,0.967572893264,-31.136852370687443,0,0,54.588256065614466,1784.2783592843004,626.6941901957586,1616.2391842957882,656.7940728035067,12,12,1.4246682699292197,0.15517091019100354,-1.1439666861392739,-0.05428282239449507,1.2828431590339384,122.34381085158398,7.701169243396302e-05,7.270060743319994e-05,1.0,1.0,0.0,803.967572893264,0.0,1.0,219.86314762931255,0.0,0.0,1.0
frame_1006.jpg,frame_1006,1006,D:\visualization2026\visualization\left_downsample2_Q37\frame_1006.jpg,D:\visualization2026\visualization\right_downsample2_Q37\frame_1006.jpg,D:\visualization2026\dowsample2_Q37\stitched_frames\frame_1006.jpg,D:\visualization2026\dowsample2_Q37_hess_matched\stitched_frames\frame_1006.jpg,2409,1511,-0.05107530742029043,0.03143386061000242,164.34890098730008,24.11151302024509,172.4311544902166,-32.694748949811014,-8.08225350291653,56.806261970056106,57.378342784504056,-1.0868949780058643,58.47428119391302,58.48438169150824,0,1,-0.5434474890029322,29.23714059695651,0.5434474890029322,-29.23714059695651,0,0,57.378342784504056,1794.4509642381818,635.8958169028907,1622.0198097479652,668.5905658527017,12,12,1.4155225534402516,0.17024522081722163,0.23744654030722923,-0.06705557399742162,1.295124431026361,139.7557961321152,6.579570747687243e-05,8.343766806408896e-05,1.0,1.0,0.0,809.5434474890029,0.0,1.0,238.76285940304348,0.0,0.0,1.0
frame_1008.jpg,frame_1008,1008,D:\visualization2026\visualization\left_downsample2_Q37\frame_1008.jpg,D:\visualization2026\visualization\right_downsample2_Q37\frame_1008.jpg,D:\visualization2026\dowsample2_Q37\stitched_frames\frame_1008.jpg,D:\visualization2026\dowsample2_Q37_hess_matched\stitched_frames\frame_1008.jpg,2370,1498,-0.05095959352312829,0.031481215351604974,164.2582236610151,24.171561257782724,167.679823098385,-33.780255992290336,-3.4215994373698777,57.95181725007306,58.05273865456888,-1.338393656514268,54.36088897473293,54.377362456292765,0,1,-0.669196828257134,27.180444487366465,0.669196828257134,-27.180444487366465,0,0,58.05273865456888,1750.640079141186,617.9455489183813,1582.9602560428011,651.7258049106716,12,12,1.3507311362102592,0.139335875753122,-0.6737189828340094,-0.07986729060257423,1.2304470762472186,157.30809541774838,5.150562332252602e-05,5.9311011724425116e-05,1.0,1.0,0.0,770.6691968282571,0.0,1.0,229.81955551263354,0.0,0.0,1.0
frame_1010.jpg,frame_1010,1010,D:\visualization2026\visualization\left_downsample2_Q37\frame_1010.jpg,D:\visualization2026\visualization\right_downsample2_Q37\frame_1010.jpg,D:\visualization2026\dowsample2_Q37\stitched_frames\frame_1010.jpg,D:\visualization2026\dowsample2_Q37_hess_matched\stitched_frames\frame_1010.jpg,2390,1492,-0.050662149203647755,0.031720735548385726,164.30495750223199,24.4398400829546,165.373243273629,-31.922830672212285,-1.0682857713970009,56.36267075516689,56.37279387386006,-1.4130784693154057,54.289132611932246,54.307519833964136,0,1,-0.7065392346577029,27.144566305966123,0.7065392346577029,-27.144566305966123,0,0,56.37279387386006,1768.2276615216642,607.6647675643221,1602.8544182480352,639.5875982365344,12,12,1.392609398270212,0.14766580786201958,-0.5141876783962744,-0.06316335508672839,1.2555242497389403,130.9390665638215,6.673289994478828e-05,6.515766291757206e-05,1.0,1.0,0.0,790.7065392346577,0.0,1.0,221.85543369403388,0.0,0.0,1.0
frame_1012.jpg,frame_1012,1012,D:\visualization2026\visualization\left_downsample2_Q37\frame_1012.jpg,D:\visualization2026\visualization\right_downsample2_Q37\frame_1012.jpg,D:\visualization2026\dowsample2_Q37\stitched_frames\frame_1012.jpg,D:\visualization2026\dowsample2_Q37_hess_matched\stitched_frames\frame_1012.jpg,2353,1459,-0.05035611592211353,0.03201052698075724,164.45603084371137,24.75779612401195,155.42950107473143,-21.42839311410171,9.026529768979941,46.186189238113656,47.05998635793605,-0.6152767201829078,50.31610521725715,50.319866948119916,0,1,-0.3076383600914539,25.158052608628577,0.3076383600914539,-25.158052608628577,0,0,47.05998635793605,1721.6008397739633,577.7437782245975,1566.171338699232,599.1721713386992,12,12,1.3518188227463566,0.10403169442385217,-0.10119229895178133,-0.0579184424625711,1.183839177522952,120.05738009572752,6.867090644503361e-05,3.1614200428912426e-05,1.0,1.0,0.0,753.3076383600915,0.0,1.0,188.84194739137143,0.0,0.0,1.0
frame_1014.jpg,frame_1014,1014,D:\visualization2026\visualization\left_downsample2_Q37\frame_1014.jpg,D:\visualization2026\visualization\right_downsample2_Q37\frame_1014.jpg,D:\visualization2026\dowsample2_Q37\stitched_frames\frame_1014.jpg,D:\visualization2026\dowsample2_Q37_hess_matched\stitched_frames\frame_1014.jpg,2386,1493,-0.05013279672051252,0.032244797972223016,164.62044312048036,25.011870215585613,168.14022652435392,-29.12685363066589,-3.5197834038735607,54.13872384625151,54.253021067133815,1.4512169316156647,48.177414536291444,48.1992666125147,0,1,0.7256084658078323,24.088707268145722,-0.7256084658078323,-24.088707268145722,0,0,54.253021067133815,1766.7076913666192,602.4034580379011,1598.5674648422653,631.530311668567,12,12,1.3866745112821586,0.14345597502245278,1.3372873370636087,-0.06431051390515187,1.252706595327923,129.56940641820066,6.391594041514033e-05,6.38474902381785e-05,1.0,1.0,0.0,785.2743915341922,0.0,1.0,226.91129273185427,0.0,0.0,1.0
frame_1016.jpg,frame_1016,1016,D:\visualization2026\visualization\left_downsample2_Q37\frame_1016.jpg,D:\visualization2026\visualization\right_downsample2_Q37\frame_1016.jpg,D:\visualization2026\dowsample2_Q37\stitched_frames\frame_1016.jpg,D:\visualization2026\dowsample2_Q37_hess_matched\stitched_frames\frame_1016.jpg,2381,1487,-0.04958698777169468,0.032359445347384,163.93446454073322,25.18996336954275,168.02770929798726,-11.75116162713789,-4.093244757254041,36.94112499668064,37.16720824413869,-2.2175781552883054,47.522886078005726,47.57459778135725,0,1,-1.1087890776441527,23.761443039002863,1.1087890776441527,-23.761443039002863,0,0,37.16720824413869,1761.1613064338455,584.1347437808138,1593.1335971358583,595.8859054079517,12,12,1.3989974680234174,0.13054340613022825,-0.4900185961481811,-0.05444386022075957,1.2530106985459375,113.80389101962732,7.314299054500057e-05,5.8942021631142785e-05,1.0,1.0,0.0,782.1087890776441,0.0,1.0,200.23855696099713,0.0,0.0,1.0
frame_1018.jpg,frame_1018,1018,D:\visualization2026\visualization\left_downsample2_Q37\frame_1018.jpg,D:\visualization2026\visualization\right_downsample2_Q37\frame_1018.jpg,D:\visualization2026\dowsample2_Q37\stitched_frames\frame_1018.jpg,D:\visualization2026\dowsample2_Q37_hess_matched\stitched_frames\frame_1018.jpg,2347,1450,-0.04865881165391417,0.03227005661789373,162.09244022122206,25.21781000817853,155.18157139959908,-22.040553837066,6.910868821622984,47.25836384524453,47.76099937395779,-4.093504082811995,48.682713340173905,48.854512113391785,0,1,-2.0467520414059974,24.341356670086952,2.0467520414059974,-24.341356670086952,0,0,47.76099937395779,1714.914541426847,565.6450047460403,1559.732970027248,587.6855585831063,12,12,1.3240144687231774,0.09034018583765212,-2.160758427984123,-0.06333484672575185,1.1634631492589158,127.68215810688197,5.657230874209451e-05,2.7789701909337986e-05,1.0,1.0,0.0,749.046752041406,0.0,1.0,185.65864332991305,0.0,0.0,1.0
frame_1020.jpg,frame_1020,1020,D:\visualization2026\visualization\left_downsample2_Q37\frame_1020.jpg,D:\visualization2026\visualization\right_downsample2_Q37\frame_1020.jpg,D:\visualization2026\dowsample2_Q37\stitched_frames\frame_1020.jpg,D:\visualization2026\dowsample2_Q37_hess_matched\stitched_frames\frame_1020.jpg,2359,1487,-0.04801836090685263,0.03208823162958452,160.53601722660594,25.1208260520695,179.94827843252278,-27.96920241166879,-19.41226120591685,53.09002846373829,56.52775431066837,-3.812903170329543,48.89092269831366,49.03937757434112,0,1,-1.9064515851647714,24.44546134915683,1.9064515851647714,-24.44546134915683,0,0,56.52775431066837,1751.4379780422878,599.7386658159381,1571.489699609765,627.7078682276069,12,12,1.3171832914381063,0.1194392196938688,-1.24794952363973,-0.08418238786067887,1.2081219658940126,160.83859798798025,3.604287080612153e-05,5.482435207725658e-05,1.0,1.0,0.0,760.9064515851647,0.0,1.0,229.55453865084317,0.0,0.0,1.0
frame_1022.jpg,frame_1022,1022,D:\visualization2026\visualization\left_downsample2_Q37\frame_1022.jpg,D:\visualization2026\visualization\right_downsample2_Q37\frame_1022.jpg,D:\visualization2026\dowsample2_Q37\stitched_frames\frame_1022.jpg,D:\visualization2026\dowsample2_Q37_hess_matched\stitched_frames\frame_1022.jpg,2379,1458,-0.04832059883245943,0.03158945049364492,159.88182261186196,24.601214157906963,160.23492248050047,-27.384111391047554,-0.35309986863850895,51.98532554895452,51.9865247150453,4.091218657517476,47.403783369228975,47.58000365511134,0,1,2.045609328758738,23.701891684614488,-2.045609328758738,-23.701891684614488,0,0,51.9865247150453,1752.6596193239698,564.8062061133494,1592.4246968434693,592.190317504397,12,12,1.4049194661567723,0.10304356070433675,1.7448393415803962,-0.03874302295283743,1.2250597342252838,88.39540680012209,8.581494764807507e-05,4.294091008675738e-05,1.0,1.0,0.0,776.9543906712413,0.0,1.0,184.29810831538552,0.0,0.0,1.0
frame_1024.jpg,frame_1024,1024,D:\visualization2026\visualization\left_downsample2_Q37\frame_1024.jpg,D:\visualization2026\visualization\right_downsample2_Q37\frame_1024.jpg,D:\visualization2026\dowsample2_Q37\stitched_frames\frame_1024.jpg,D:\visualization2026\dowsample2_Q37_hess_matched\stitched_frames\frame_1024.jpg,2379,1458,-0.048815948107348905,0.03110335874780834,159.5968343533012,24.07009441366667,161.7136131947625,-31.1096762232836,-2.116778841461297,55.179770636950266,55.22035711773419,1.684759578119855,46.72154068248588,46.75190668391237,0,1,0.8423797890599275,23.36077034124294,-0.8423797890599275,-23.36077034124294,0,0,55.22035711773419,1752.9282414921247,555.2504971764581,1591.2146282973622,586.3601733997417,12,12,1.4048162110768145,0.10299189293285882,0.5416098018815859,-0.0387722962630605,1.2250450861643494,88.05428545675055,8.581494764807507e-05,4.294091008675738e-05,1.0,1.0,0.0,778.1576202109401,0.0,1.0,184.63922965875707,0.0,0.0,1.0
frame_1026.jpg,frame_1026,1026,D:\visualization2026\visualization\left_downsample2_Q37\frame_1026.jpg,D:\visualization2026\visualization\right_downsample2_Q37\frame_1026.jpg,D:\visualization2026\dowsample2_Q37\stitched_frames\frame_1026.jpg,D:\visualization2026\dowsample2_Q37_hess_matched\stitched_frames\frame_1026.jpg,2439,1469,-0.048691618122182034,0.03108939459048987,159.34536525783412,24.07189943196295,123.91800087585307,-5.433528919294304,35.42736438198105,29.505428351257255,46.10497206641421,4.9153746196216845,44.139930848107,44.41277297047426,0,1,2.4576873098108423,22.0699654240535,-2.4576873098108423,-22.0699654240535,8,8,46.10497206641421,1576.7603501803353,437.3802268766872,1452.8423493044822,442.8137557959815,12,12,1.5051007225926947,0.15135877552762944,3.1002765939098595,-0.01003748015440226,1.3170331511304814,42.71650191474274,0.00011396459440220387,7.397047092757683e-05,1.0,1.0,0.0,836.5423126901892,0.0,1.0,193.9300345759465,0.0,0.0,1.0
frame_1028.jpg,frame_1028,1028,D:\visualization2026\visualization\left_downsample2_Q37\frame_1028.jpg,D:\visualization2026\visualization\right_downsample2_Q37\frame_1028.jpg,D:\visualization2026\dowsample2_Q37\stitched_frames\frame_1028.jpg,D:\visualization2026\dowsample2_Q37_hess_matched\stitched_frames\frame_1028.jpg,2375,1487,-0.04838609125722282,0.03136115282576346,159.4544896932412,24.372352405452556,164.5759162686063,-19.474798006076526,-5.1214265753651205,43.847150411529086,44.145233144452995,3.681443173458439,44.89503242178904,45.04572077337527,0,1,1.8407215867292195,22.44751621089452,-1.8407215867292195,-22.44751621089452,0,0,44.145233144452995,1752.4418218588935,600.4119465803146,1587.8659055902872,619.8867445863912,12,12,1.3634986823967556,0.12324699139330013,1.8936979225971442,-0.06658889052275856,1.2368512318996767,131.07624864791532,5.755776316927887e-05,5.8356764253160006e-05,1.0,1.0,0.0,773.1592784132707,0.0,1.0,223.55248378910548,0.0,0.0,1.0
frame_1030.jpg,frame_1030,1030,D:\visualization2026\visualization\left_downsample2_Q37\frame_1030.jpg,D:\visualization2026\visualization\right_downsample2_Q37\frame_1030.jpg,D:\visualization2026\dowsample2_Q37\stitched_frames\frame_1030.jpg,D:\visualization2026\dowsample2_Q37_hess_matched\stitched_frames\frame_1030.jpg,2398,1481,-0.04797537562027321,0.031703515711557606,159.54664711427745,24.75404353992592,162.80583311268515,-15.427935751917971,-3.259185998407702,40.18197929184389,40.31393993623531,0.6728236673409689,42.921932834174484,42.92720594108962,0,1,0.33641183367048444,21.460966417087242,-0.33641183367048444,-21.460966417087242,0,0,40.31393993623531,1770.8217711819018,585.1614995850583,1608.0159380692166,600.5894353369763,12,12,1.413160844388187,0.13285027335032937,0.7589105356730836,-0.051992979708598556,1.2595736050368382,107.6939904290611,7.621845767776208e-05,6.471641604003446e-05,1.0,1.0,0.0,797.6635881663295,0.0,1.0,212.53903358291277,0.0,0.0,1.0
frame_1032.jpg,frame_1032,1032,D:\visualization2026\visualization\left_downsample2_Q37\frame_1032.jpg,D:\visualization2026\visualization\right_downsample2_Q37\frame_1032.jpg,D:\visualization2026\dowsample2_Q37\stitched_frames\frame_1032.jpg,D:\visualization2026\dowsample2_Q37_hess_matched\stitched_frames\frame_1032.jpg,2353,1474,-0.04723251468590561,0.03198938682824748,158.92143100663662,25.122000364306306,165.44418810609136,-30.63883305305842,-6.522757099454736,55.76083341736472,56.14104473179659,-11.100644518448469,42.22209447170564,43.656953286991936,0,1,-5.5503222592242345,21.11104723585282,5.5503222592242345,-21.11104723585282,0,0,56.14104473179659,1724.6315637102996,586.5216256712331,1559.1873756042082,617.1604587242915,12,12,1.309535705601868,0.10998080759630038,-5.247684410078708,-0.079517599886451,1.1848842215872464,149.87342748648112,4.015758921399325e-05,4.266904959400216e-05,1.0,1.0,0.0,758.5503222592242,0.0,1.0,217.88895276414718,0.0,0.0,1.0
frame_1034.jpg,frame_1034,1034,D:\visualization2026\visualization\left_downsample2_Q37\frame_1034.jpg,D:\visualization2026\visualization\right_downsample2_Q37\frame_1034.jpg,D:\visualization2026\dowsample2_Q37\stitched_frames\frame_1034.jpg,D:\visualization2026\dowsample2_Q37_hess_matched\stitched_frames\frame_1034.jpg,2353,1474,-0.046004533023813354,0.03170359511546461,156.08645421366361,24.996815927056407,173.24633058571226,-20.31745677182107,-17.159876372048643,45.314272698877474,48.4545629155008,-16.695258748314252,40.47513979404346,43.783200043173224,0,1,-8.347629374157126,20.23756989702173,8.347629374157126,-20.23756989702173,0,0,48.4545629155008,1726.701765368321,596.8358040977441,1553.4554347826088,617.1532608695652,12,12,1.3094233724918412,0.10986144916028366,-8.0449915250116,-0.07955267663061151,1.1848469511393565,148.99995014765003,4.015758921399325e-05,4.266904959400216e-05,1.0,1.0,0.0,761.3476293741571,0.0,1.0,218.76243010297827,0.0,0.0,1.0
frame_1036.jpg,frame_1036,1036,D:\visualization2026\visualization\left_downsample2_Q37\frame_1036.jpg,D:\visualization2026\visualization\right_downsample2_Q37\frame_1036.jpg,D:\visualization2026\dowsample2_Q37\stitched_frames\frame_1036.jpg,D:\visualization2026\dowsample2_Q37_hess_matched\stitched_frames\frame_1036.jpg,2398,1464,-0.044834593267986445,0.03123281979662751,152.91395602179682,24.68557817005404,176.35393256876296,-1.3206583688589717,-23.439976546966136,26.00623653891301,35.010810322530624,-21.86072119723083,37.99544832992618,43.83543344208139,0,1,-10.930360598615415,18.99772416496309,10.930360598615415,-18.99772416496309,0,0,35.010810322530624,1766.283306259987,595.5765432302272,1589.929373691224,596.8972015990862,12,12,1.44209345968166,0.11218931097580598,-11.180874126652647,-0.028583671147415765,1.254940061833133,67.90968177904831,9.726344207765674e-05,5.0853427248950556e-05,1.0,1.0,0.0,808.9303605986154,0.0,1.0,178.00227583503693,0.0,0.0,1.0
frame_1038.jpg,frame_1038,1038,D:\visualization2026\visualization\left_downsample2_Q37\frame_1038.jpg,D:\visualization2026\visualization\right_downsample2_Q37\frame_1038.jpg,D:\visualization2026\dowsample2_Q37\stitched_frames\frame_1038.jpg,D:\visualization2026\dowsample2_Q37_hess_matched\stitched_frames\frame_1038.jpg,2380,1489,-0.04442354108016111,0.031283724089741116,152.31315930732515,24.785428197959376,185.4076570320192,-10.326948825258796,-33.09449772469404,35.11237702321817,48.25064559019287,-31.281819740347252,37.949633245884215,49.18055418317996,0,1,-15.640909870173626,18.974816622942107,15.640909870173626,-18.974816622942107,0,0,48.25064559019287,1747.2922647580247,618.5096700516826,1561.8846077260055,628.8366188769414,12,12,1.3786737075117061,0.1202712556582194,-15.804156430371957,-0.06075915164167202,1.2450526000745068,118.54502750155609,6.344550935734519e-05,5.792470323020506e-05,1.0,1.0,0.0,795.6409098701736,0.0,1.0,212.02518337705789,0.0,0.0,1.0
frame_1040.jpg,frame_1040,1040,D:\visualization2026\visualization\left_downsample2_Q37\frame_1040.jpg,D:\visualization2026\visualization\right_downsample2_Q37\frame_1040.jpg,D:\visualization2026\dowsample2_Q37\stitched_frames\frame_1040.jpg,D:\visualization2026\dowsample2_Q37_hess_matched\stitched_frames\frame_1040.jpg,2326,1436,-0.04481186871424481,0.03140071556128943,153.27289483701853,24.850755992486327,182.3593930800091,-2.932765978771158,-29.086498242990587,27.783521971257485,40.22373022441904,-40.547847384122896,41.7264346826995,58.18267163697203,0,1,-20.273923692061448,20.86321734134975,20.273923692061448,-20.86321734134975,0,0,40.22373022441904,1690.632965457167,584.2845552126536,1508.273572377158,587.2173211914247,12,12,1.305643456535789,0.0508194721030375,-20.227377203770647,-0.06382999410968464,1.1246007835126108,124.76223398254677,5.366246318428681e-05,1.024294641640039e-05,1.0,1.0,0.0,746.2739236920614,0.0,1.0,169.13678265865025,0.0,0.0,1.0
frame_1042.jpg,frame_1042,1042,D:\visualization2026\visualization\left_downsample2_Q37\frame_1042.jpg,D:\visualization2026\visualization\right_downsample2_Q37\frame_1042.jpg,D:\visualization2026\dowsample2_Q37\stitched_frames\frame_1042.jpg,D:\visualization2026\dowsample2_Q37_hess_matched\stitched_frames\frame_1042.jpg,2425,1480,-0.04537060294774742,0.03128135839403701,153.9703793098064,24.6665161302728,207.59862912484323,-30.865241866882116,-53.62824981503684,55.53175799715491,77.19951634873485,-49.22239442782404,51.10558872535091,70.95509363092263,0,1,-24.61119721391202,25.552794362675456,24.61119721391202,-25.552794362675456,0,0,77.19951634873485,1809.6949008563274,624.4951239255006,1602.0962717314842,655.3603657923827,12,12,1.5048098034287132,0.1739688761179044,-24.077302585558925,-0.018568945837235375,1.3453715018589083,59.9438791176031,0.00010666672351321565,9.330803432337194e-05,1.0,1.0,0.0,849.611197213912,0.0,1.0,233.44720563732454,0.0,0.0,1.0
frame_1044.jpg,frame_1044,1044,D:\visualization2026\visualization\left_downsample2_Q37\frame_1044.jpg,D:\visualization2026\visualization\right_downsample2_Q37\frame_1044.jpg,D:\visualization2026\dowsample2_Q37\stitched_frames\frame_1044.jpg,D:\visualization2026\dowsample2_Q37_hess_matched\stitched_frames\frame_1044.jpg,2314,1479,-0.04552817255852837,0.03113041858220278,153.88847887018528,24.50113192971776,217.37849346111216,-39.69714795323614,-63.490014590926876,64.1982798829539,90.2906478694565,-55.84166791900381,56.72543796033975,79.59941700646213,0,1,-27.920833959501905,28.362718980169873,27.920833959501905,-28.362718980169873,0,0,90.2906478694565,1703.7575201238142,631.3296138665677,1486.379026662702,671.0267618198038,12,12,1.2512783148392301,0.11147700289473508,-27.50304572757112,-0.11080154035306507,1.1407226990009982,206.0906559850257,1.559335955994829e-05,3.733639905858496e-05,1.0,1.0,0.0,741.9208339595019,0.0,1.0,246.63728101983014,0.0,0.0,1.0
frame_1046.jpg,frame_1046,1046,D:\visualization2026\visualization\left_downsample2_Q37\frame_1046.jpg,D:\visualization2026\visualization\right_downsample2_Q37\frame_1046.jpg,D:\visualization2026\dowsample2_Q37\stitched_frames\frame_1046.jpg,D:\visualization2026\dowsample2_Q37_hess_matched\stitched_frames\frame_1046.jpg,2301,1494,-0.04517767322570487,0.031004223602073888,152.97329877300973,24.42224472040922,219.7860105384816,-48.479762031760856,-66.81271176547187,72.90200675217008,98.88701149266002,-60.815196026948065,63.73497867673558,88.09446960348906,0,1,-30.407598013474033,31.86748933836779,30.407598013474033,-31.86748933836779,0,0,98.88701149266002,1688.6265603666602,637.2388437610716,1468.8405498281786,685.7186057928325,12,12,1.2296319997191503,0.10807145717584551,-30.650039282195255,-0.1215541498373065,1.139755084612596,226.2015756020923,6.434582730494981e-06,3.699957110554007e-05,1.0,1.0,0.0,731.4075980134741,0.0,1.0,258.1325106616322,0.0,0.0,1.0
frame_1048.jpg,frame_1048,1048,D:\visualization2026\visualization\left_downsample2_Q37\frame_1048.jpg,D:\visualization2026\visualization\right_downsample2_Q37\frame_1048.jpg,D:\visualization2026\dowsample2_Q37\stitched_frames\frame_1048.jpg,D:\visualization2026\dowsample2_Q37_hess_matched\stitched_frames\frame_1048.jpg,2324,1479,-0.04464727209832531,0.030885133159842204,151.7591261981821,24.372382283102183,217.94999137877494,-38.839240915060145,-66.19086518059285,63.21162319816233,91.52562450320605,-60.67919729651363,62.81272792871705,87.33500887041953,0,1,-30.339598648256814,31.406363964358526,30.339598648256814,-31.406363964358526,0,0,91.52562450320605,1704.622386756967,623.7586812133018,1486.672395378192,662.5979221283619,12,12,1.299616984876227,0.10972362793813524,-30.576542885108328,-0.09137709663044837,1.176848421922172,179.58688424957458,3.663545288768971e-05,4.4667683966578745e-05,1.0,1.0,0.0,754.3395986482568,0.0,1.0,236.59363603564148,0.0,0.0,1.0
frame_1050.jpg,frame_1050,1050,D:\visualization2026\visualization\left_downsample2_Q37\frame_1050.jpg,D:\visualization2026\visualization\right_downsample2_Q37\frame_1050.jpg,D:\visualization2026\dowsample2_Q37\stitched_frames\frame_1050.jpg,D:\visualization2026\dowsample2_Q37_hess_matched\stitched_frames\frame_1050.jpg,2296,1450,-0.044167011656458866,0.030813501287002443,150.74572840569772,24.362244658639018,204.6998671884096,-38.46898089459762,-53.95413878271188,62.831225553236635,82.81794489303529,-58.369669086931744,57.77502854430387,82.12777966445363,0,1,-29.184834543465872,28.887514272151936,29.184834543465872,-28.887514272151936,0,0,82.81794489303529,1658.8233024140284,594.787884704626,1454.1234352256188,633.2568655992236,12,12,1.2555450851925816,0.08132501731365445,-29.335882544510486,-0.09281796632567892,1.106465711689507,178.50575487804926,3.156572247744058e-05,1.5495668800282777e-05,1.0,1.0,0.0,725.1848345434659,0.0,1.0,210.11248572784805,0.0,0.0,1.0
frame_1052.jpg,frame_1052,1052,D:\visualization2026\visualization\left_downsample2_Q37\frame_1052.jpg,D:\visualization2026\visualization\right_downsample2_Q37\frame_1052.jpg,D:\visualization2026\dowsample2_Q37\stitched_frames\frame_1052.jpg,D:\visualization2026\dowsample2_Q37_hess_matched\stitched_frames\frame_1052.jpg,2364,1505,-0.043808994325687856,0.03078717510741602,150.0545877779132,24.38087079141828,102.32192223573088,-58.62508657961348,47.73266554218233,83.00595737103176,95.75174316347135,-55.19442491847142,48.61443952681259,73.5512628891367,1,1,-27.59721245923571,24.307219763406295,27.59721245923571,-24.307219763406295,1,9,95.75174316347135,1736.8152252430596,293.66477948053307,1634.4933030073287,352.28986606014655,12,12,1.3534767960657006,0.15480957772186962,-27.641532429527604,-0.0831015147796036,1.2678688234647975,158.55002996728885,4.188144984830447e-05,8.213107584719366e-05,1.0,1.0,0.0,791.5972124592357,0.0,1.0,274.6927802365937,0.0,0.0,1.0
frame_1054.jpg,frame_1054,1054,D:\visualization2026\visualization\left_downsample2_Q37\frame_1054.jpg,D:\visualization2026\visualization\right_downsample2_Q37\frame_1054.jpg,D:\visualization2026\dowsample2_Q37\stitched_frames\frame_1054.jpg,D:\visualization2026\dowsample2_Q37_hess_matched\stitched_frames\frame_1054.jpg,2343,1478,-0.04349172938249024,0.030781340665760437,149.48367805596982,24.41429702032584,-23.858765398329524,-330.1361686039464,173.34244345429934,354.5504656242722,394.6563509904474,-48.90051808007214,39.93609138536455,63.135980737133174,1,0,-24.45025904003607,19.968045692682274,24.45025904003607,-19.968045692682274,5,0,394.6563509904474,1463.8706509516655,342.27482233437576,1487.729416349995,672.4109909383221,12,12,1.3347804838655537,0.12274467599222204,-24.383055262893247,-0.07801332427815401,1.2060998928475288,146.77569930817947,4.949940141142689e-05,5.361852296187443e-05,1.0,1.0,0.0,767.450259040036,0.0,1.0,245.03195430731773,0.0,0.0,1.0
frame_1056.jpg,frame_1056,1056,D:\visualization2026\visualization\left_downsample2_Q37\frame_1056.jpg,D:\visualization2026\visualization\right_downsample2_Q37\frame_1056.jpg,D:\visualization2026\dowsample2_Q37\stitched_frames\frame_1056.jpg,D:\visualization2026\dowsample2_Q37_hess_matched\stitched_frames\frame_1056.jpg,2316,1442,-0.04320178780768813,0.030795451716546296,149.00812311846894,24.463648737628223,199.94461404163917,-2.63541292708544,-50.936490923170226,27.099061664713663,57.696492533551435,-44.132994807222936,29.247093351570946,52.944439747435915,0,1,-22.066497403611468,14.623546675785473,22.066497403611468,-14.623546675785473,0,0,57.696492533551435,1656.0198126795506,629.0466718250901,1456.0751986379114,631.6820847521756,12,12,1.301600774957406,0.0852656234162032,-21.495762464243487,-0.07280431759607345,1.1290968588312065,132.64909234586355,5.364289841269992e-05,1.7462488030160002e-05,1.0,1.0,0.0,738.0664974036115,0.0,1.0,210.37645332421454,0.0,0.0,1.0
frame_1058.jpg,frame_1058,1058,D:\visualization2026\visualization\left_downsample2_Q37\frame_1058.jpg,D:\visualization2026\visualization\right_downsample2_Q37\frame_1058.jpg,D:\visualization2026\dowsample2_Q37\stitched_frames\frame_1058.jpg,D:\visualization2026\dowsample2_Q37_hess_matched\stitched_frames\frame_1058.jpg,2318,1485,-0.04304554314365705,0.030811396492111953,148.77166762942855,24.498310084637488,183.492998618025,4.678427593715355,-34.72133098859646,19.819882490922133,39.97997708320542,-40.41518864566584,20.73448294436322,45.423631033140076,0,1,-20.20759432283292,10.36724147218161,20.20759432283292,-10.36724147218161,0,0,39.97997708320542,1641.4140156327194,687.1060184676519,1457.9210170146944,682.4275908739365,12,12,1.274761513087763,0.10981100030621034,-20.19336159511848,-0.10221828728641372,1.160646635818998,174.70649268532617,2.6127866140754536e-05,4.021303616339458e-05,1.0,1.0,0.0,738.207594322833,0.0,1.0,265.6327585278184,0.0,0.0,1.0
frame_1060.jpg,frame_1060,1060,D:\visualization2026\visualization\left_downsample2_Q37\frame_1060.jpg,D:\visualization2026\visualization\right_downsample2_Q37\frame_1060.jpg,D:\visualization2026\dowsample2_Q37\stitched_frames\frame_1060.jpg,D:\visualization2026\dowsample2_Q37_hess_matched\stitched_frames\frame_1060.jpg,2337,1462,-0.04299588960106926,0.030817900129715747,148.69993600720835,24.510714530705524,178.81645842567423,15.124479146436897,-30.116522418465877,9.386235384268627,31.54530610520136,-36.15279320093686,14.072884262376938,38.79523846674954,0,1,-18.07639660046843,7.036442131188469,18.07639660046843,-7.036442131188469,0,0,31.54530610520136,1650.6975605520593,666.9762311680003,1471.881102126385,651.8517520215634,12,12,1.3321385284765281,0.10917229789098708,-17.810498202337588,-0.07258960175288046,1.1801355674864786,123.2812501624604,5.512370467697191e-05,4.021315269618415e-05,1.0,1.0,0.0,755.0763966004685,0.0,1.0,238.96355786881153,0.0,0.0,1.0
frame_1062.jpg,frame_1062,1062,D:\visualization2026\visualization\left_downsample2_Q37\frame_1062.jpg,D:\visualization2026\visualization\right_downsample2_Q37\frame_1062.jpg,D:\visualization2026\dowsample2_Q37\stitched_frames\frame_1062.jpg,D:\visualization2026\dowsample2_Q37_hess_matched\stitched_frames\frame_1062.jpg,2337,1487,-0.04281940652217031,0.03082759497134424,148.41309936520744,24.541823509382887,182.77232472028663,16.184371288359216,-34.35922535507919,8.35745222102367,35.36104317787882,-33.991610283018524,11.481254889851064,35.87824944835435,0,1,-16.995805141509262,5.740627444925532,16.995805141509262,-5.740627444925532,0,0,35.36104317787882,1646.4837287546384,695.1417309847841,1463.7114040343517,678.9573596964249,12,12,1.3068070015903575,0.12730338606141559,-16.785060850706767,-0.09098775311622949,1.199543385285397,151.777609420838,3.462009181364867e-05,5.482185960129307e-05,1.0,1.0,0.0,753.9958051415092,0.0,1.0,260.2593725550745,0.0,0.0,1.0
frame_1064.jpg,frame_1064,1064,D:\visualization2026\visualization\left_downsample2_Q37\frame_1064.jpg,D:\visualization2026\visualization\right_downsample2_Q37\frame_1064.jpg,D:\visualization2026\dowsample2_Q37\stitched_frames\frame_1064.jpg,D:\visualization2026\dowsample2_Q37_hess_matched\stitched_frames\frame_1064.jpg,2333,1461,-0.04229858967459499,0.03088556763104744,147.63637017829154,24.662026424870287,178.2667664976641,18.960236873913686,-30.63039631937255,5.701789550956601,31.156565644583317,-32.43093717650886,8.835263784054321,33.61290782244949,0,1,-16.21546858825443,4.417631892027161,16.21546858825443,-4.417631892027161,0,0,31.156565644583317,1637.507523496981,666.1587540917461,1459.240756999317,647.1985172178324,12,12,1.3328682920969408,0.10401411031514585,-16.38854690429921,-0.07068798437899823,1.1797917450601765,118.01865843494984,5.595813002251953e-05,3.879171312960962e-05,1.0,1.0,0.0,749.2154685882545,0.0,1.0,227.58236810797283,0.0,0.0,1.0
frame_1066.jpg,frame_1066,1066,D:\visualization2026\visualization\left_downsample2_Q37\frame_1066.jpg,D:\visualization2026\visualization\right_downsample2_Q37\frame_1066.jpg,D:\visualization2026\dowsample2_Q37\stitched_frames\frame_1066.jpg,D:\visualization2026\dowsample2_Q37_hess_matched\stitched_frames\frame_1066.jpg,2306,1486,-0.04159262886014048,0.030980260039782714,146.6217956442327,24.84054183559526,186.7523719778112,10.699627033510978,-40.13057633357852,14.140914802084282,42.54913193362443,-33.310223674004106,11.494525893270577,35.23769468514153,0,1,-16.655111837002053,5.7472629466352885,16.655111837002053,-5.7472629466352885,0,0,42.54913193362443,1613.7757333061247,693.5102265122251,1427.0233613283135,682.8105994787142,12,12,1.2443346433890223,0.10762401926702635,-16.240184779986592,-0.11327197987685024,1.1444119844230587,186.5855414316226,1.2900810523038087e-05,3.792458931464806e-05,1.0,1.0,0.0,722.6551118370021,0.0,1.0,262.25273705336474,0.0,0.0,1.0
frame_1068.jpg,frame_1068,1068,D:\visualization2026\visualization\left_downsample2_Q37\frame_1068.jpg,D:\visualization2026\visualization\right_downsample2_Q37\frame_1068.jpg,D:\visualization2026\dowsample2_Q37\stitched_frames\frame_1068.jpg,D:\visualization2026\dowsample2_Q37_hess_matched\stitched_frames\frame_1068.jpg,2325,1460,-0.041081393950495926,0.031006404031500234,145.78628094253335,24.928781883387384,172.70424639858152,18.338854921448956,-26.917965456048165,6.589926961938428,27.712885119681882,-32.99882161027126,11.902117704106875,35.0796612513422,0,1,-16.49941080513563,5.951058852053437,16.49941080513563,-5.951058852053437,0,0,27.712885119681882,1608.6026525783018,671.2702130910002,1435.8984061797203,652.9313581695512,12,12,1.2984524971968485,0.10982450405362773,-16.151927686325937,-0.07503042695772755,1.1713332208229776,126.06181194985899,4.390922362750485e-05,3.7565858420529006e-05,1.0,1.0,0.0,741.4994108051357,0.0,1.0,232.04894114794655,0.0,0.0,1.0
frame_1070.jpg,frame_1070,1070,D:\visualization2026\visualization\left_downsample2_Q37\frame_1070.jpg,D:\visualization2026\visualization\right_downsample2_Q37\frame_1070.jpg,D:\visualization2026\dowsample2_Q37\stitched_frames\frame_1070.jpg,D:\visualization2026\dowsample2_Q37_hess_matched\stitched_frames\frame_1070.jpg,2345,1490,-0.041006567119234116,0.030895593246202613,145.39166861076836,24.830826256251413,179.90462351671044,2.14828032590151,-34.51295490594208,22.682545930349903,41.29941823103595,-33.140176943720576,11.664325603698414,35.133001859365834,0,1,-16.570088471860288,5.832162801849207,16.570088471860288,-5.832162801849207,0,0,41.29941823103595,1637.5447363462017,698.5957076189663,1457.6401128294913,696.4474272930648,12,12,1.3159405682204306,0.13587973523880104,-16.125424532330214,-0.08501822250179152,1.2187938108130718,142.59545642284013,3.628170614142086e-05,6.084397153909401e-05,1.0,1.0,0.0,761.5700884718603,0.0,1.0,265.1678371981508,0.0,0.0,1.0
frame_1072.jpg,frame_1072,1072,D:\visualization2026\visualization\left_downsample2_Q37\frame_1072.jpg,D:\visualization2026\visualization\right_downsample2_Q37\frame_1072.jpg,D:\visualization2026\dowsample2_Q37\stitched_frames\frame_1072.jpg,D:\visualization2026\dowsample2_Q37_hess_matched\stitched_frames\frame_1072.jpg,2283,1463,-0.041151457656258716,0.030724105211722086,145.23869386910224,24.647130296866465,178.0409089055172,14.251719021661302,-32.802215036414964,10.395411275205163,34.410025964475395,-30.87368551769233,12.819508373364018,33.429392043232184,0,1,-15.436842758846165,6.409754186682009,15.436842758846165,-6.409754186682009,0,0,34.410025964475395,1568.8993279353292,665.2680273212354,1390.858419029812,651.0163082995741,12,12,1.254937560878298,0.0720675286787697,-15.246758463918791,-0.08616764721355144,1.1261468166742272,144.29530030535008,3.398139580848748e-05,1.4731139488290957e-05,1.0,1.0,0.0,698.4368427588462,0.0,1.0,219.59024581331798,0.0,0.0,1.0
frame_1074.jpg,frame_1074,1074,D:\visualization2026\visualization\left_downsample2_Q37\frame_1074.jpg,D:\visualization2026\visualization\right_downsample2_Q37\frame_1074.jpg,D:\visualization2026\dowsample2_Q37\stitched_frames\frame_1074.jpg,D:\visualization2026\dowsample2_Q37_hess_matched\stitched_frames\frame_1074.jpg,2386,1468,-0.04128699612807207,0.030595083079983154,145.17017712289118,24.505656640144547,176.5073501095103,19.992827591230252,-31.337172986619123,4.512829048914295,31.66044909375128,-29.502524442841978,14.269392390899009,32.772160559016164,0,1,-14.751262221420989,7.1346961954495045,14.751262221420989,-7.1346961954495045,0,0,31.66044909375128,1665.348409060401,686.6373507680829,1488.8410589508908,666.6445231768527,12,12,1.4540584425512206,0.1478469109977376,-14.652721444370245,-0.02317361181020795,1.331219757962528,45.2706063622699,8.763349921167321e-05,9.472361938068217e-05,1.0,1.0,0.0,800.751262221421,0.0,1.0,234.8653038045505,0.0,0.0,1.0
frame_1076.jpg,frame_1076,1076,D:\visualization2026\visualization\left_downsample2_Q37\frame_1076.jpg,D:\visualization2026\visualization\right_downsample2_Q37\frame_1076.jpg,D:\visualization2026\dowsample2_Q37\stitched_frames\frame_1076.jpg,D:\visualization2026\dowsample2_Q37_hess_matched\stitched_frames\frame_1076.jpg,2347,1488,-0.04125771193332062,0.030591583540875322,145.11044709373581,24.50587822584748,173.90856629717314,4.589049575435183,-28.798119203437324,19.916828650412295,35.014450347610335,-26.42222916568996,12.426524676221188,29.19850526333448,0,1,-13.21111458284498,6.213262338110594,13.21111458284498,-6.213262338110594,0,0,35.014450347610335,1618.0552684562977,692.0735216251246,1444.1467021591245,687.4844720496894,12,12,1.3210530939407252,0.12577109608201323,-12.971594947476897,-0.08686735657712608,1.2107366679587024,145.36927928179827,3.9243313352614266e-05,5.820507176056611e-05,1.0,1.0,0.0,760.211114582845,0.0,1.0,256.7867376618894,0.0,0.0,1.0
frame_1078.jpg,frame_1078,1078,D:\visualization2026\visualization\left_downsample2_Q37\frame_1078.jpg,D:\visualization2026\visualization\right_downsample2_Q37\frame_1078.jpg,D:\visualization2026\dowsample2_Q37\stitched_frames\frame_1078.jpg,D:\visualization2026\dowsample2_Q37_hess_matched\stitched_frames\frame_1078.jpg,2324,1450,-0.04115127452356848,0.030672309037619416,145.11532992239685,24.597058467821192,165.17749000419326,10.757711418207805,-20.062160081796407,13.839347049613387,24.37248025760341,-25.781748369826126,14.790858101940403,29.723190145015863,0,1,-12.890874184913063,7.395429050970201,12.890874184913063,-7.395429050970201,0,0,24.37248025760341,1581.691453165215,650.3256456626126,1416.5139631610218,639.5679342444048,12,12,1.3117150026486757,0.08146870186452791,-13.120226168981507,-0.0705652107286072,1.1419301322831652,120.58398692704964,5.5451377722982464e-05,1.9221003106020308e-05,1.0,1.0,0.0,736.8908741849131,0.0,1.0,208.6045709490298,0.0,0.0,1.0
frame_1080.jpg,frame_1080,1080,D:\visualization2026\visualization\left_downsample2_Q37\frame_1080.jpg,D:\visualization2026\visualization\right_downsample2_Q37\frame_1080.jpg,D:\visualization2026\dowsample2_Q37\stitched_frames\frame_1080.jpg,D:\visualization2026\dowsample2_Q37_hess_matched\stitched_frames\frame_1080.jpg,2324,1450,-0.041019177691954845,0.030749382945458592,145.06648585814233,24.687866875752807,164.1779643783243,11.219659518792014,-19.111478520181976,13.468207356960793,23.380359720018635,-20.639065671270703,18.12553575707055,27.468274031396074,0,1,-10.319532835635352,9.062767878535276,10.319532835635352,-9.062767878535276,0,0,23.380359720018635,1576.3149213235804,649.9406803643014,1412.136956945256,638.7210208455094,12,12,1.3118575870690892,0.08151812562458902,-10.548884819703796,-0.0704727544934877,1.1419621802079487,122.2513257546147,5.5451377722982464e-05,1.9221003106020308e-05,1.0,1.0,0.0,734.3195328356353,0.0,1.0,206.93723212146472,0.0,0.0,1.0
frame_1082.jpg,frame_1082,1082,D:\visualization2026\visualization\left_downsample2_Q37\frame_1082.jpg,D:\visualization2026\visualization\right_downsample2_Q37\frame_1082.jpg,D:\visualization2026\dowsample2_Q37\stitched_frames\frame_1082.jpg,D:\visualization2026\dowsample2_Q37_hess_matched\stitched_frames\frame_1082.jpg,2361,1498,-0.040878395083372765,0.030763111859581693,144.8519146542879,24.71848111988767,174.4517257113837,2.5014027160864316,-29.599811057095792,22.21707840380124,37.0100984518607,-19.919192395544307,16.71159173539323,26.000990827681424,0,1,-9.959596197772154,8.355795867696616,9.959596197772154,-8.355795867696616,0,0,37.0100984518607,1618.1896131624821,691.6693232698029,1443.7378874510985,689.1679205537165,12,12,1.3623589714649018,0.12757459739935847,-9.387592259213985,-0.07461094271303442,1.2451997982977312,128.6044908146194,5.436345738735913e-05,6.431219006301607e-05,1.0,1.0,0.0,770.9595961977722,0.0,1.0,258.6442041323034,0.0,0.0,1.0
frame_1084.jpg,frame_1084,1084,D:\visualization2026\visualization\left_downsample2_Q37\frame_1084.jpg,D:\visualization2026\visualization\right_downsample2_Q37\frame_1084.jpg,D:\visualization2026\dowsample2_Q37\stitched_frames\frame_1084.jpg,D:\visualization2026\dowsample2_Q37_hess_matched\stitched_frames\frame_1084.jpg,2412,1493,-0.04068035799150793,0.030764062376686607,144.5064614947494,24.743787301083756,150.13022098859142,3.557569976518721,-5.623759493842016,21.186217324565035,21.919910478108203,-24.051646155567454,19.404007137490467,30.903028585955838,0,1,-12.025823077783727,9.702003568745234,12.025823077783727,-9.702003568745234,0,0,21.919910478108203,1636.472552981699,678.6154868825114,1486.3423319931076,675.0579169059927,12,12,1.4261945492952808,0.15123623479598008,-12.145504919609422,-0.045529424130787456,1.2821110047726223,83.95393759080136,8.360844269384696e-05,6.637720502684525e-05,1.0,1.0,0.0,824.0258230777837,0.0,1.0,233.29799643125477,0.0,0.0,1.0
frame_1086.jpg,frame_1086,1086,D:\visualization2026\visualization\left_downsample2_Q37\frame_1086.jpg,D:\visualization2026\visualization\right_downsample2_Q37\frame_1086.jpg,D:\visualization2026\dowsample2_Q37\stitched_frames\frame_1086.jpg,D:\visualization2026\dowsample2_Q37_hess_matched\stitched_frames\frame_1086.jpg,2295,1432,-0.04046110310855422,0.03078186391710258,144.16378419376628,24.788003679146865,169.36253701857163,11.940895137121174,-25.198752824805354,12.84710854202569,28.28471922816674,-28.06036997485902,22.390068151835052,35.89846117829827,0,1,-14.03018498742951,11.195034075917526,14.03018498742951,-11.195034075917526,0,0,28.28471922816674,1539.054292233054,646.3895374039453,1369.6917552144823,634.4486422668241,12,12,1.2962645705796974,0.06070641152606056,-13.989702883304194,-0.06216815258076571,1.1346726133497282,111.6927173459795,5.255149089077516e-05,1.707387334702541e-05,1.0,1.0,0.0,709.0301849874295,0.0,1.0,182.80496592408247,0.0,0.0,1.0
frame_1088.jpg,frame_1088,1088,D:\visualization2026\visualization\left_downsample2_Q37\frame_1088.jpg,D:\visualization2026\visualization\right_downsample2_Q37\frame_1088.jpg,D:\visualization2026\dowsample2_Q37\stitched_frames\frame_1088.jpg,D:\visualization2026\dowsample2_Q37_hess_matched\stitched_frames\frame_1088.jpg,2359,1505,-0.040197019193245365,0.030859002985211603,143.8833535978657,24.895128400102788,184.60778247977782,-2.406295659996772,-40.72442888191213,27.30142406009956,49.029041021289636,-30.180523274809445,23.358360375659494,38.1638177411602,0,1,-15.090261637404723,11.679180187829747,15.090261637404723,-11.679180187829747,0,0,49.029041021289636,1613.0473753550957,709.02668143924,1428.4395928753179,711.4329770992367,12,12,1.3801101383179728,0.1342537010684736,-15.022954713239159,-0.0700284154914364,1.2937028792601128,124.38554242655432,5.090419469812519e-05,8.805014720210258e-05,1.0,1.0,0.0,774.0902616374048,0.0,1.0,260.32081981217027,0.0,0.0,1.0
frame_1090.jpg,frame_1090,1090,D:\visualization2026\visualization\left_downsample2_Q37\frame_1090.jpg,D:\visualization2026\visualization\right_downsample2_Q37\frame_1090.jpg,D:\visualization2026\dowsample2_Q37\stitched_frames\frame_1090.jpg,D:\visualization2026\dowsample2_Q37_hess_matched\stitched_frames\frame_1090.jpg,2359,1505,-0.039751431463585285,0.031034250527871787,143.5172986107329,25.119489119873062,182.6723962273727,-3.279023308810679,-39.15509761663981,28.39851242868374,48.36938264574706,-38.381799671407784,23.291392031890382,44.89600749286383,0,1,-19.190899835703892,11.645696015945191,19.190899835703892,-11.645696015945191,0,0,48.36938264574706,1606.0637089500924,707.83260146245,1423.3913127227197,711.1116247712607,12,12,1.37990139863274,0.13389263927149078,-19.123592911538328,-0.07003011997624131,1.2936999309738495,124.35205825466977,5.090419469812519e-05,8.805014720210258e-05,1.0,1.0,0.0,778.1908998357039,0.0,1.0,260.3543039840548,0.0,0.0,1.0
frame_1092.jpg,frame_1092,1092,D:\visualization2026\visualization\left_downsample2_Q37\frame_1092.jpg,D:\visualization2026\visualization\right_downsample2_Q37\frame_1092.jpg,D:\visualization2026\dowsample2_Q37\stitched_frames\frame_1092.jpg,D:\visualization2026\dowsample2_Q37_hess_matched\stitched_frames\frame_1092.jpg,2359,1505,-0.039321009047297184,0.031203816314228083,143.1643736197255,25.336487257634552,183.3649511765734,-1.7220522652888803,-40.20057755684792,27.058539522923432,48.45875562803644,-33.444761193551855,19.690547242273038,38.810690563218515,0,1,-16.722380596775928,9.845273621136519,16.722380596775928,-9.845273621136519,0,0,48.45875562803644,1596.4798802025157,708.420581116992,1413.1149290259423,710.1426333822809,12,12,1.3800270566166943,0.1341099927538496,-16.655073672610364,-0.07012176902836552,1.2935414035169608,122.5516358598611,5.090419469812519e-05,8.805014720210258e-05,1.0,1.0,0.0,775.7223805967759,0.0,1.0,262.1547263788635,0.0,0.0,1.0
frame_1094.jpg,frame_1094,1094,D:\visualization2026\visualization\left_downsample2_Q37\frame_1094.jpg,D:\visualization2026\visualization\right_downsample2_Q37\frame_1094.jpg,D:\visualization2026\dowsample2_Q37\stitched_frames\frame_1094.jpg,D:\visualization2026\dowsample2_Q37_hess_matched\stitched_frames\frame_1094.jpg,2359,1505,-0.03908867373872538,0.03124555682052932,142.85559715361765,25.40546683654705,189.48573863045135,4.5540912308275665,-46.6301414768337,20.851375605719483,51.07983906396261,-24.70327949284633,11.630474128937994,27.304211143440458,0,1,-12.351639746423166,5.815237064468997,12.351639746423166,-5.815237064468997,0,0,51.07983906396261,1602.6967395321647,714.8378303351257,1413.2110009017133,710.2837391042981,12,12,1.3802495456599158,0.13449483712910543,-12.284332822257602,-0.07032691479388668,1.2931865582049162,118.52159930319358,5.090419469812519e-05,8.805014720210258e-05,1.0,1.0,0.0,771.3516397464232,0.0,1.0,266.184762935531,0.0,0.0,1.0
frame_1096.jpg,frame_1096,1096,D:\visualization2026\visualization\left_downsample2_Q37\frame_1096.jpg,D:\visualization2026\visualization\right_downsample2_Q37\frame_1096.jpg,D:\visualization2026\dowsample2_Q37\stitched_frames\frame_1096.jpg,D:\visualization2026\dowsample2_Q37_hess_matched\stitched_frames\frame_1096.jpg,2376,1495,-0.038976903389742246,0.03111773920748573,142.35571992753785,25.295612488812722,142.86928036306358,30.45272789487376,-0.5135604355257328,-5.157115406061038,5.182623238512471,-16.15227770958169,3.3386186438145233,16.493709396502517,0,1,-8.076138854790845,1.6693093219072617,8.076138854790845,-1.6693093219072617,0,0,5.182623238512471,1567.8465981969168,678.3029310892788,1424.9773178338532,647.850203194405,12,12,1.350495537763348,0.09910801202974635,-8.017301236151827,-0.0766138183849536,1.201109924189771,124.40061712062212,6.194206620201938e-05,3.8403788488829565e-05,1.0,1.0,0.0,784.0761388547909,0.0,1.0,208.33069067809274,0.0,0.0,1.0
frame_1098.jpg,frame_1098,1098,D:\visualization2026\visualization\left_downsample2_Q37\frame_1098.jpg,D:\visualization2026\visualization\right_downsample2_Q37\frame_1098.jpg,D:\visualization2026\dowsample2_Q37\stitched_frames\frame_1098.jpg,D:\visualization2026\dowsample2_Q37_hess_matched\stitched_frames\frame_1098.jpg,2312,1452,-0.03894575607540807,0.030965948793857945,141.94045198554554,25.15264481349606,138.95747236393004,38.151586320071715,2.982979621615499,-12.998941506575655,13.336815501248742,-10.651611737364657,-3.7361080236351794,11.287840172851302,0,1,-5.325805868682329,-1.8680540118175897,5.325805868682329,1.8680540118175897,0,0,13.336815501248742,1494.4594092223458,649.5520317975073,1355.5019368584158,611.4004454774356,12,12,1.2525649206674734,0.04840443387203246,-5.1486055447750285,-0.09010422942690506,1.0855334361571352,141.64234727183788,4.0933586326074155e-05,-3.356188497261904e-06,1.0,1.0,0.0,717.3258058686823,0.0,1.0,175.86805401181758,0.0,0.0,1.0
frame_1100.jpg,frame_1100,1100,D:\visualization2026\visualization\left_downsample2_Q37\frame_1100.jpg,D:\visualization2026\visualization\right_downsample2_Q37\frame_1100.jpg,D:\visualization2026\dowsample2_Q37\stitched_frames\frame_1100.jpg,D:\visualization2026\dowsample2_Q37_hess_matched\stitched_frames\frame_1100.jpg,2312,1452,-0.03903628403834203,0.03093851725757324,142.03423595632137,25.11496666579567,138.43432465663795,38.17573166272928,3.599911299683413,-13.060764996933607,13.54780217122742,-3.3209267053072384,-9.488846389417247,10.053196505787575,0,1,-1.6604633526536192,-4.744423194708624,1.6604633526536192,4.744423194708624,0,0,13.54780217122742,1489.0566587798608,649.194491536347,1350.6223341232228,611.0187598736177,12,12,1.2527149562817679,0.04839213229164163,-1.483263028746319,-0.09022196953315859,1.0855430897943006,138.76597808894684,4.0933586326074155e-05,-3.356188497261904e-06,1.0,1.0,0.0,713.6604633526537,0.0,1.0,178.74442319470862,0.0,0.0,1.0
frame_1102.jpg,frame_1102,1102,D:\visualization2026\visualization\left_downsample2_Q37\frame_1102.jpg,D:\visualization2026\visualization\right_downsample2_Q37\frame_1102.jpg,D:\visualization2026\dowsample2_Q37\stitched_frames\frame_1102.jpg,D:\visualization2026\dowsample2_Q37_hess_matched\stitched_frames\frame_1102.jpg,2347,1480,-0.03945694712275216,0.031018728021617314,142.96337268573876,25.140740318069934,155.66062038150153,33.45583413239501,-12.69724769576277,-8.315093814325078,15.177644223942664,-6.35327446263325,-8.980731604448497,11.000801632094268,0,1,-3.176637231316625,-4.4903658022242485,3.176637231316625,4.4903658022242485,0,0,15.177644223942664,1536.0652119140002,681.4610020910513,1380.4045915324987,648.0051679586563,12,12,1.3230596191662594,0.10146512026839394,-3.027570571281138,-0.07669714393298976,1.1983461460898417,117.58846492470913,5.1990517175411656e-05,4.517023502574962e-05,1.0,1.0,0.0,750.1766372313166,0.0,1.0,216.49036580222426,0.0,0.0,1.0
frame_1104.jpg,frame_1104,1104,D:\visualization2026\visualization\left_downsample2_Q37\frame_1104.jpg,D:\visualization2026\visualization\right_downsample2_Q37\frame_1104.jpg,D:\visualization2026\dowsample2_Q37\stitched_frames\frame_1104.jpg,D:\visualization2026\dowsample2_Q37_hess_matched\stitched_frames\frame_1104.jpg,2347,1480,-0.03990302631583387,0.0311050502251079,143.95165250484635,25.1692947974336,153.92836882139295,33.08161102062445,-9.9767163165466,-7.9123162231908495,12.733405533344813,-10.245758988892112,-7.835257524229279,12.898326935283313,0,1,-5.122879494446056,-3.9176287621146395,5.122879494446056,3.9176287621146395,0,0,12.733405533344813,1529.0876889020612,680.820687175431,1375.1593200806683,647.7390761548065,12,12,1.3229584330244506,0.10137720804795133,-4.973812834410569,-0.07666736703806895,1.1983720167565515,118.16120196481873,5.1990517175411656e-05,4.517023502574962e-05,1.0,1.0,0.0,752.122879494446,0.0,1.0,215.91762876211465,0.0,0.0,1.0
frame_1106.jpg,frame_1106,1106,D:\visualization2026\visualization\left_downsample2_Q37\frame_1106.jpg,D:\visualization2026\visualization\right_downsample2_Q37\frame_1106.jpg,D:\visualization2026\dowsample2_Q37\stitched_frames\frame_1106.jpg,D:\visualization2026\dowsample2_Q37_hess_matched\stitched_frames\frame_1106.jpg,2372,1512,-0.040028280947657424,0.031103677690607734,144.16831259670641,25.152543119460887,159.8436118188622,27.769084600678184,-15.675299222155786,-2.616541481217297,15.89217716447462,-17.53825651335538,-5.915152557188193,18.508902487804683,0,1,-8.76912825667769,-2.9575762785940967,8.76912825667769,2.9575762785940967,0,0,15.89217716447462,1554.8487537154308,706.817141557071,1395.0051418965686,679.0480569563928,12,12,1.3549842500319689,0.13099300252920845,-8.812706023294439,-0.08154988222173593,1.2604147956560545,127.02693544851812,5.087504108284968e-05,7.215373567278061e-05,1.0,1.0,0.0,780.7691282566777,0.0,1.0,246.9575762785941,0.0,0.0,1.0
frame_1108.jpg,frame_1108,1108,D:\visualization2026\visualization\left_downsample2_Q37\frame_1108.jpg,D:\visualization2026\visualization\right_downsample2_Q37\frame_1108.jpg,D:\visualization2026\dowsample2_Q37\stitched_frames\frame_1108.jpg,D:\visualization2026\dowsample2_Q37_hess_matched\stitched_frames\frame_1108.jpg,2357,1482,-0.03993341660513161,0.0310027887884039,143.76208819258542,25.066650866649855,160.24153120226424,32.33822197212942,-16.479443009678818,-7.271571105479563,18.01243426778561,-22.761440578380515,-6.610448988182107,23.70192424737926,0,1,-11.380720289190258,-3.3052244940910533,11.380720289190258,3.3052244940910533,0,0,18.01243426778561,1529.7412436807,687.5090097812151,1369.4997124784359,655.1707878090857,12,12,1.3426757591292644,0.11888826484567792,-11.452230636502627,-0.07221657179842095,1.2275360997035065,111.69243595878352,5.3945644301280804e-05,5.9622148656578996e-05,1.0,1.0,0.0,768.3807202891902,0.0,1.0,225.30522449409105,0.0,0.0,1.0
frame_1110.jpg,frame_1110,1110,D:\visualization2026\visualization\left_downsample2_Q37\frame_1110.jpg,D:\visualization2026\visualization\right_downsample2_Q37\frame_1110.jpg,D:\visualization2026\dowsample2_Q37\stitched_frames\frame_1110.jpg,D:\visualization2026\dowsample2_Q37_hess_matched\stitched_frames\frame_1110.jpg,2343,1508,-0.039773005526585026,0.03089879794343886,143.2334089238685,24.985830212996788,176.0959852465014,28.446070374724968,-32.86257632263292,-3.46024016172818,33.04424586123445,-26.654353306727778,-5.424024299513074,27.200635834509058,0,1,-13.327176653363889,-2.712012149756537,13.327176653363889,2.712012149756537,0,0,33.04424586123445,1531.7071284335684,719.4083490506296,1355.611143187067,690.9622786759046,12,12,1.3146787823647994,0.12620704468485944,-13.645143259525124,-0.09130511598878342,1.242783426128519,143.17060889171742,3.407117273480912e-05,7.173703061859796e-05,1.0,1.0,0.0,756.3271766533638,0.0,1.0,259.71201214975656,0.0,0.0,1.0
frame_1112.jpg,frame_1112,1112,D:\visualization2026\visualization\left_downsample2_Q37\frame_1112.jpg,D:\visualization2026\visualization\right_downsample2_Q37\frame_1112.jpg,D:\visualization2026\dowsample2_Q37\stitched_frames\frame_1112.jpg,D:\visualization2026\dowsample2_Q37_hess_matched\stitched_frames\frame_1112.jpg,2253,1461,-0.03964968194717322,0.030891879322249016,143.00044361515057,24.994325350332907,181.813611636039,36.785901319627555,-38.81316802088844,-11.791575969294648,40.56480340957372,-30.671310831231878,-4.958193590176535,31.069486506598555,0,1,-15.335655415615939,-2.4790967950882674,15.335655415615939,2.4790967950882674,0,0,40.56480340957372,1436.8993259217534,678.8054251291513,1255.0857142857144,642.0195238095238,12,12,1.2365486442956335,0.03245762443906165,-15.107556364582216,-0.08593473569296772,1.1244080150347853,134.8781790049104,2.9970161227941347e-05,1.469398928102806e-05,1.0,1.0,0.0,668.335655415616,0.0,1.0,211.47909679508825,0.0,0.0,1.0
frame_1114.jpg,frame_1114,1114,D:\visualization2026\visualization\left_downsample2_Q37\frame_1114.jpg,D:\visualization2026\visualization\right_downsample2_Q37\frame_1114.jpg,D:\visualization2026\dowsample2_Q37\stitched_frames\frame_1114.jpg,D:\visualization2026\dowsample2_Q37_hess_matched\stitched_frames\frame_1114.jpg,2272,1467,-0.039509447623203076,0.030969524370971446,142.93866859222695,25.086688209706576,172.37994855050988,27.06688098955226,-29.441279958282934,-1.9801927798456838,29.507797766477683,-32.13685657252445,-3.7724998349585834,32.357523164911285,0,1,-16.068428286262225,-1.8862499174792917,16.068428286262225,1.8862499174792917,0,0,29.507797766477683,1449.3074257659453,692.0844299521274,1276.9274772154354,665.0175489625751,12,12,1.2039812282851452,0.06023799784911393,-16.247142645309488,-0.10541834659324925,1.1067154560438572,166.33354073340905,8.329440877287153e-06,1.6686425793805067e-05,1.0,1.0,0.0,688.0684282862622,0.0,1.0,221.8862499174793,0.0,0.0,1.0
frame_1116.jpg,frame_1116,1116,D:\visualization2026\visualization\left_downsample2_Q37\frame_1116.jpg,D:\visualization2026\visualization\right_downsample2_Q37\frame_1116.jpg,D:\visualization2026\dowsample2_Q37\stitched_frames\frame_1116.jpg,D:\visualization2026\dowsample2_Q37_hess_matched\stitched_frames\frame_1116.jpg,2293,1469,-0.03936805326601822,0.031058291381390046,142.9012771443903,25.189950462274332,178.66136398906656,25.477338396808932,-35.760086844676266,-0.28738793453459976,35.76124163062162,-33.447915111556306,0.22427205542047401,33.44866698785946,0,1,-16.723957555778153,0.11213602771023701,16.723957555778153,-0.11213602771023701,0,0,35.76124163062162,1466.3130868141188,693.8811076715091,1287.6517228250523,668.4037692747002,12,12,1.2612438058821815,0.08554791412390618,-16.196307042913755,-0.08843436354437,1.1662853608809858,141.63249180127403,2.8662452436230635e-05,4.0628179188899116e-05,1.0,1.0,0.0,709.7239575557782,0.0,1.0,223.88786397228975,0.0,0.0,1.0
frame_1118.jpg,frame_1118,1118,D:\visualization2026\visualization\left_downsample2_Q37\frame_1118.jpg,D:\visualization2026\visualization\right_downsample2_Q37\frame_1118.jpg,D:\visualization2026\dowsample2_Q37\stitched_frames\frame_1118.jpg,D:\visualization2026\dowsample2_Q37_hess_matched\stitched_frames\frame_1118.jpg,2272,1461,-0.03928339847107021,0.031093956771561126,142.83736482489468,25.234868695895447,166.64453654103636,26.57797102528525,-23.80717171614168,-1.3431023293898043,23.845027762388302,-32.71279525403473,8.712602045403553,33.85315949411469,0,1,-16.356397627017365,4.356301022701777,16.356397627017365,-4.356301022701777,0,0,23.845027762388302,1437.1876466257168,694.4587446973408,1270.5431100846804,667.8807736720555,12,12,1.192960697086509,0.05720636950122515,-15.995719844670923,-0.10743182108878488,1.0959621143110998,176.27741415219992,3.800800232046306e-06,1.5074828825062002e-05,1.0,1.0,0.0,688.3563976270174,0.0,1.0,211.64369897729821,0.0,0.0,1.0
frame_1120.jpg,frame_1120,1120,D:\visualization2026\visualization\left_downsample2_Q37\frame_1120.jpg,D:\visualization2026\visualization\right_downsample2_Q37\frame_1120.jpg,D:\visualization2026\dowsample2_Q37\stitched_frames\frame_1120.jpg,D:\visualization2026\dowsample2_Q37_hess_matched\stitched_frames\frame_1120.jpg,2320,1446,-0.03929641146477003,0.03106628693828417,142.79448287567484,25.206505511253383,182.21235189346703,8.682886221086278,-39.417869017792185,16.523619290167105,42.74106213409072,-33.921351001163785,16.22096136931798,37.6002345935376,0,1,-16.960675500581893,8.11048068465899,16.960675500581893,-8.11048068465899,0,0,42.74106213409072,1496.6037244424867,660.7664156328509,1314.3913725490197,652.0835294117646,12,12,1.304639717804215,0.08014412430325897,-16.476052321186508,-0.0654034613449533,1.176480102173926,113.00869609594653,5.0043881684389684e-05,4.041612553354914e-05,1.0,1.0,0.0,736.9606755005819,0.0,1.0,184.889519315341,0.0,0.0,1.0
frame_1122.jpg,frame_1122,1122,D:\visualization2026\visualization\left_downsample2_Q37\frame_1122.jpg,D:\visualization2026\visualization\right_downsample2_Q37\frame_1122.jpg,D:\visualization2026\dowsample2_Q37\stitched_frames\frame_1122.jpg,D:\visualization2026\dowsample2_Q37_hess_matched\stitched_frames\frame_1122.jpg,2323,1462,-0.03935710908438117,0.031027637018507193,142.8092416930568,25.161650966417152,177.94681042633738,-5.48842301420359,-35.137568733280574,30.650073980620743,46.62698544301938,-33.7028601666883,24.352210401149023,41.58019883114048,0,1,-16.85143008334415,12.176105200574511,16.85143008334415,-12.176105200574511,0,0,46.62698544301938,1495.5890437694834,660.6692651420126,1317.642233343146,666.1576881562162,12,12,1.2988372206306564,0.08523098745076133,-16.288439902364242,-0.07209352584148682,1.1829958791259616,128.44776607740044,4.468877811406698e-05,4.1829693646474246e-05,1.0,1.0,0.0,739.8514300833441,0.0,1.0,194.8238947994255,0.0,0.0,1.0
frame_1124.jpg,frame_1124,1124,D:\visualization2026\visualization\left_downsample2_Q37\frame_1124.jpg,D:\visualization2026\visualization\right_downsample2_Q37\frame_1124.jpg,D:\visualization2026\dowsample2_Q37\stitched_frames\frame_1124.jpg,D:\visualization2026\dowsample2_Q37_hess_matched\stitched_frames\frame_1124.jpg,2348,1477,-0.03939805233177396,0.03103267732607462,142.89310265853587,25.16148379488413,178.3771613524641,-10.40012004484231,-35.48405869392823,35.561603839726445,50.23689967591343,-35.67164499463112,34.9412674490962,49.933540106548236,0,1,-17.83582249731556,17.4706337245481,17.83582249731556,-17.4706337245481,0,0,50.23689967591343,1510.0295698303062,674.5490129031346,1331.652408477842,684.9491329479769,12,12,1.3218748584885147,0.11836089756502814,-17.529413844760242,-0.07386445334268509,1.230005209942585,137.0597513309665,4.2835281684952936e-05,6.584470373560363e-05,1.0,1.0,0.0,765.8358224973156,0.0,1.0,209.5293662754519,0.0,0.0,1.0
frame_1126.jpg,frame_1126,1126,D:\visualization2026\visualization\left_downsample2_Q37\frame_1126.jpg,D:\visualization2026\visualization\right_downsample2_Q37\frame_1126.jpg,D:\visualization2026\dowsample2_Q37\stitched_frames\frame_1126.jpg,D:\visualization2026\dowsample2_Q37_hess_matched\stitched_frames\frame_1126.jpg,2367,1442,-0.03939696928008918,0.031128153102135236,143.11800484857375,25.25395602888722,177.78563752087257,-15.11490119573341,-34.66763267229882,40.368857224620626,53.21174107960804,-29.96353706282931,41.87122908386656,51.487992564375425,0,1,-14.981768531414655,20.93561454193328,14.981768531414655,-20.93561454193328,0,0,53.21174107960804,1527.14155210893,636.6982129388093,1349.3559145880574,651.8131141345427,12,12,1.427219520535296,0.12678887809376713,-14.499610107914219,-0.015593699027210698,1.278990376746953,48.75031509459781,0.00010010565814398089,6.842991126921837e-05,1.0,1.0,0.0,781.9817685314147,0.0,1.0,167.0643854580667,0.0,0.0,1.0
frame_1128.jpg,frame_1128,1128,D:\visualization2026\visualization\left_downsample2_Q37\frame_1128.jpg,D:\visualization2026\visualization\right_downsample2_Q37\frame_1128.jpg,D:\visualization2026\dowsample2_Q37\stitched_frames\frame_1128.jpg,D:\visualization2026\dowsample2_Q37_hess_matched\stitched_frames\frame_1128.jpg,2304,1439,-0.039377447469555515,0.03125362489268291,143.38178836528962,25.37770934603511,177.03288422114542,-26.224473564310983,-33.6510958558558,51.602182910346095,61.60504470749786,-25.30307540384661,46.383280686931485,52.83610841248075,0,1,-12.651537701923305,23.191640343465743,12.651537701923305,-23.191640343465743,0,0,61.60504470749786,1463.5480614458813,635.1552398595201,1286.515177224736,661.379713423831,12,12,1.3075612978668938,0.0927993767243696,-12.636297096730347,-0.05528706413557811,1.1746714925586856,113.9621219225848,6.132308279895012e-05,3.498515630938247e-05,1.0,1.0,0.0,716.6515377019233,0.0,1.0,168.80835965653426,0.0,0.0,1.0
frame_1130.jpg,frame_1130,1130,D:\visualization2026\visualization\left_downsample2_Q37\frame_1130.jpg,D:\visualization2026\visualization\right_downsample2_Q37\frame_1130.jpg,D:\visualization2026\dowsample2_Q37\stitched_frames\frame_1130.jpg,D:\visualization2026\dowsample2_Q37_hess_matched\stitched_frames\frame_1130.jpg,2321,1437,-0.039371711933314124,0.031320190609291254,143.52984560218098,25.442794298660345,154.40717496096408,-25.73063316535854,-10.8773293587831,51.173427464018886,52.3166892338826,-20.88482575800693,49.97160344301315,54.16029078215952,0,1,-10.442412879003465,24.985801721506576,10.442412879003465,-24.985801721506576,0,0,52.3166892338826,1466.3755563664552,635.7169830503219,1311.968381405491,661.4476162156805,12,12,1.316899177850471,0.08660283216995537,-10.172104635180213,-0.05126992123986245,1.1806810845187432,109.99650948518999,6.286358462715198e-05,3.707725951075155e-05,1.0,1.0,0.0,731.4424128790034,0.0,1.0,162.01419827849344,0.0,0.0,1.0
frame_1132.jpg,frame_1132,1132,D:\visualization2026\visualization\left_downsample2_Q37\frame_1132.jpg,D:\visualization2026\visualization\right_downsample2_Q37\frame_1132.jpg,D:\visualization2026\dowsample2_Q37\stitched_frames\frame_1132.jpg,D:\visualization2026\dowsample2_Q37_hess_matched\stitched_frames\frame_1132.jpg,2278,1438,-0.039302600809017374,0.031323877461900684,143.4172592890062,25.454870573040484,155.25251972737328,-27.755461422904887,-11.835260438367072,53.21033199594537,54.51066703648657,-16.431870057846734,52.157822553851496,54.68495960643127,0,1,-8.215935028923367,26.078911276925748,8.215935028923367,-26.078911276925748,0,0,54.51066703648657,1418.8509827437035,643.2595241678732,1263.5984630163302,671.0149855907781,12,12,1.2260263611499962,0.06993756510372466,-8.451674104454595,-0.08650026966785422,1.1149429870515117,165.46568803050033,2.760133316522497e-05,2.2222190422018406e-05,1.0,1.0,0.0,686.2159350289234,0.0,1.0,170.92108872307426,0.0,0.0,1.0
frame_1134.jpg,frame_1134,1134,D:\visualization2026\visualization\left_downsample2_Q37\frame_1134.jpg,D:\visualization2026\visualization\right_downsample2_Q37\frame_1134.jpg,D:\visualization2026\dowsample2_Q37\stitched_frames\frame_1134.jpg,D:\visualization2026\dowsample2_Q37_hess_matched\stitched_frames\frame_1134.jpg,2351,1450,-0.03923561481028326,0.03129870790403155,143.23985551207437,25.43877683668487,156.63266597680422,-28.064440783449868,-13.392810464729848,53.503217620134734,55.153981432455744,-10.554216516299006,52.35915761701612,53.41229140035519,0,1,-5.277108258149503,26.17957880850806,5.277108258149503,-26.17957880850806,0,0,55.153981432455744,1488.126832402414,645.4492994537501,1331.4941664256098,673.5137402372,12,12,1.3677555634870022,0.11336026846864382,-5.311944457374131,-0.04201911484174076,1.2391446697136703,95.9784150318142,7.380834380691719e-05,6.0097928659403815e-05,1.0,1.0,0.0,756.2771082581495,0.0,1.0,173.82042119149193,0.0,0.0,1.0
frame_1136.jpg,frame_1136,1136,D:\visualization2026\visualization\left_downsample2_Q37\frame_1136.jpg,D:\visualization2026\visualization\right_downsample2_Q37\frame_1136.jpg,D:\visualization2026\dowsample2_Q37\stitched_frames\frame_1136.jpg,D:\visualization2026\dowsample2_Q37_hess_matched\stitched_frames\frame_1136.jpg,2264,1436,-0.039344565705938916,0.03124972131663306,143.31478197397638,25.3779831853115,155.71763614547422,-25.921969593500876,-12.402854171497836,51.299952778812376,52.777987330968024,-10.354594420448354,53.31206334127549,54.30832093994575,0,1,-5.177297210224177,26.656031670637745,5.177297210224177,-26.656031670637745,0,0,52.777987330968024,1388.992828863966,640.9740088591785,1233.2751927184918,666.8959784526794,12,12,1.202219581429781,0.060923759790848936,-4.796193923679633,-0.09593528392970317,1.0906388144323151,181.07848634939063,1.95446237643206e-05,1.5599581288083986e-05,1.0,1.0,0.0,669.1772972102242,0.0,1.0,168.34396832936227,0.0,0.0,1.0
frame_1138.jpg,frame_1138,1138,D:\visualization2026\visualization\left_downsample2_Q37\frame_1138.jpg,D:\visualization2026\visualization\right_downsample2_Q37\frame_1138.jpg,D:\visualization2026\dowsample2_Q37\stitched_frames\frame_1138.jpg,D:\visualization2026\dowsample2_Q37_hess_matched\stitched_frames\frame_1138.jpg,2319,1440,-0.039691407069017415,0.03119937832597086,143.80417148160276,25.286583135511936,148.06699962971993,-27.322275090657286,-4.2628281481171655,52.60885822616922,52.78128141378866,-7.101608531451029,53.74108135576655,54.208271223320686,0,1,-3.5508042657255143,26.870540677883277,3.5508042657255143,-26.870540677883277,0,0,52.78128141378866,1443.839435527156,637.5884669450847,1295.772435897436,664.910742035742,12,12,1.303108338609404,0.09069597864006398,-3.888345054970341,-0.061879547097581096,1.170884621499301,127.97078556144751,5.4537213507823024e-05,3.764924973128811e-05,1.0,1.0,0.0,722.5508042657256,0.0,1.0,165.12945932211673,0.0,0.0,1.0
frame_1140.jpg,frame_1140,1140,D:\visualization2026\visualization\left_downsample2_Q37\frame_1140.jpg,D:\visualization2026\visualization\right_downsample2_Q37\frame_1140.jpg,D:\visualization2026\dowsample2_Q37\stitched_frames\frame_1140.jpg,D:\visualization2026\dowsample2_Q37_hess_matched\stitched_frames\frame_1140.jpg,2302,1439,-0.04014359788090627,0.031170760667276975,144.5301410484176,25.203221565507782,154.40935992794743,-30.734734519807944,-9.879218879529844,55.937956085315726,56.80364333977504,-1.1061091729253287,52.74751810164366,52.75911431578106,0,1,-0.5530545864626644,26.37375905082183,0.5530545864626644,-26.37375905082183,0,0,56.80364333977504,1428.1640154214297,640.7953399680878,1273.7546554934822,671.5300744878957,12,12,1.283955115621477,0.0910398582677956,-0.2768449432032154,-0.07066402904951422,1.1614902747193605,140.98242365004526,4.603233971486707e-05,3.93634490793394e-05,1.0,1.0,0.0,702.5530545864626,0.0,1.0,172.62624094917817,0.0,0.0,1.0
frame_1142.jpg,frame_1142,1142,D:\visualization2026\visualization\left_downsample2_Q37\frame_1142.jpg,D:\visualization2026\visualization\right_downsample2_Q37\frame_1142.jpg,D:\visualization2026\dowsample2_Q37\stitched_frames\frame_1142.jpg,D:\visualization2026\dowsample2_Q37_hess_matched\stitched_frames\frame_1142.jpg,2303,1435,-0.040565735871958886,0.031174811762285315,145.28094923534937,25.155156194612022,140.85128022872982,-30.20026587378868,4.429669006619548,55.3554220684007,55.532375420820856,4.70778158088591,51.121160943065405,51.337474651370655,0,1,2.353890790442955,25.560580471532703,-2.353890790442955,-25.560580471532703,0,0,55.532375420820856,1404.6880567036972,632.7421312972516,1263.8367764749673,662.9423971710403,12,12,1.2763241608209246,0.07145621490026556,2.1033148187141193,-0.06808297694249388,1.1443596725507346,136.84866837361216,4.833775251006507e-05,2.819783812689584e-05,1.0,1.0,0.0,700.646109209557,0.0,1.0,166.43941952846728,0.0,0.0,1.0
frame_1144.jpg,frame_1144,1144,D:\visualization2026\visualization\left_downsample2_Q37\frame_1144.jpg,D:\visualization2026\visualization\right_downsample2_Q37\frame_1144.jpg,D:\visualization2026\dowsample2_Q37\stitched_frames\frame_1144.jpg,D:\visualization2026\dowsample2_Q37_hess_matched\stitched_frames\frame_1144.jpg,2285,1437,-0.04093552941770684,0.03125680670606468,146.12500818519308,25.188919637109166,129.54032185729443,-23.346481712411105,16.584686327898652,48.53540134952027,51.290710706265344,7.513381442441108,49.03924142966681,49.611471462724914,0,1,3.756690721220554,24.519620714833405,-3.756690721220554,-24.519620714833405,0,0,51.290710706265344,1383.9984062317287,641.9125260732126,1254.4580843744343,665.2590077856237,12,12,1.225725656332277,0.06811602956935725,4.106175477420567,-0.08780025161040331,1.1124546552474928,166.166707739531,2.5956898738820223e-05,2.228117001066072e-05,1.0,1.0,0.0,681.2433092787794,0.0,1.0,177.4803792851666,0.0,0.0,1.0
frame_1146.jpg,frame_1146,1146,D:\visualization2026\visualization\left_downsample2_Q37\frame_1146.jpg,D:\visualization2026\visualization\right_downsample2_Q37\frame_1146.jpg,D:\visualization2026\dowsample2_Q37\stitched_frames\frame_1146.jpg,D:\visualization2026\dowsample2_Q37_hess_matched\stitched_frames\frame_1146.jpg,2286,1433,-0.04130393270655608,0.0314096044359512,147.13481896779282,25.291330799334915,130.46821937023446,-17.87683618658616,16.66659959755836,43.168166985921076,46.27381746808555,10.963839951295212,46.12584798624573,47.410965387005845,0,1,5.481919975647606,23.062923993122865,-5.481919975647606,-23.062923993122865,0,0,46.27381746808555,1381.2549417472076,642.0025510000434,1250.786722376973,659.8793871866295,12,12,1.2327965948541721,0.06998811300719296,5.916671863666074,-0.08154133990461972,1.1190721307478666,154.6118094537713,3.1568037543553295e-05,2.37752692435632e-05,1.0,1.0,0.0,680.5180800243523,0.0,1.0,173.93707600687713,0.0,0.0,1.0
frame_1148.jpg,frame_1148,1148,D:\visualization2026\visualization\left_downsample2_Q37\frame_1148.jpg,D:\visualization2026\visualization\right_downsample2_Q37\frame_1148.jpg,D:\visualization2026\dowsample2_Q37\stitched_frames\frame_1148.jpg,D:\visualization2026\dowsample2_Q37_hess_matched\stitched_frames\frame_1148.jpg,2261,1434,-0.04163302746822817,0.031560828379042616,148.07187376661952,25.397060454849484,138.3067026069607,-16.802200204326823,9.76517115965882,42.1992606591763,43.31438753992185,11.662537885877487,42.087850166746065,43.67381276689722,0,1,5.831268942938744,21.043925083373033,-5.831268942938744,-21.043925083373033,0,0,43.31438753992185,1363.701827171654,649.6225698644292,1225.3951245646933,666.4247700687561,12,12,1.1803602718640909,0.06706692996351375,6.342466012222724,-0.10298770657773985,1.0777362983031686,186.40357942218745,1.1371147050127351e-05,1.4245530197933697e-05,1.0,1.0,0.0,655.1687310570612,0.0,1.0,181.95607491662696,0.0,0.0,1.0
frame_1150.jpg,frame_1150,1150,D:\visualization2026\visualization\left_downsample2_Q37\frame_1150.jpg,D:\visualization2026\visualization\right_downsample2_Q37\frame_1150.jpg,D:\visualization2026\dowsample2_Q37\stitched_frames\frame_1150.jpg,D:\visualization2026\dowsample2_Q37_hess_matched\stitched_frames\frame_1150.jpg,2268,1437,-0.041758157693607134,0.031642932651591904,148.4866155379508,25.46105822448993,141.11354187321012,-15.909930643720372,7.373073664740673,41.370988868210304,42.022862053878164,12.948819378333152,38.3174497634139,40.44624679329893,0,1,6.474409689166576,19.15872488170695,-6.474409689166576,-19.15872488170695,0,0,42.022862053878164,1362.616376029363,649.8153390582361,1221.5028341561529,665.7252697019564,12,12,1.1898290458613408,0.08107700957630996,6.759610610056596,-0.0998934668665656,1.0883052184678528,179.79517434413452,1.7090232946129106e-05,1.6855369251104547e-05,1.0,1.0,0.0,661.5255903108334,0.0,1.0,184.84127511829305,0.0,0.0,1.0
frame_1152.jpg,frame_1152,1152,D:\visualization2026\visualization\left_downsample2_Q37\frame_1152.jpg,D:\visualization2026\visualization\right_downsample2_Q37\frame_1152.jpg,D:\visualization2026\dowsample2_Q37\stitched_frames\frame_1152.jpg,D:\visualization2026\dowsample2_Q37_hess_matched\stitched_frames\frame_1152.jpg,2308,1440,-0.04166458260724981,0.031688380643791425,148.43027976210837,25.516536119037298,140.50712108257744,-9.64889685186506,7.923158679530928,35.16543297090236,36.04697101688369,10.438624161824618,34.51741584783122,36.0612932547342,0,1,5.219312080912309,17.25870792391561,-5.219312080912309,-17.25870792391561,0,0,36.04697101688369,1404.5365434979315,649.5513566335595,1264.029422415354,659.2002534854246,12,12,1.2952776251048508,0.08557574495616391,5.5419726827945714,-0.06136354434513468,1.1732982939735566,116.76008297494936,5.689901433127135e-05,3.86086305021613e-05,1.0,1.0,0.0,702.7806879190877,0.0,1.0,185.7412920760844,0.0,0.0,1.0
frame_1154.jpg,frame_1154,1154,D:\visualization2026\visualization\left_downsample2_Q37\frame_1154.jpg,D:\visualization2026\visualization\right_downsample2_Q37\frame_1154.jpg,D:\visualization2026\dowsample2_Q37\stitched_frames\frame_1154.jpg,D:\visualization2026\dowsample2_Q37_hess_matched\stitched_frames\frame_1154.jpg,2354,1439,-0.04164552428842527,0.031785256614333623,148.6269473741541,25.612576072751086,125.61085358397713,-4.070823260108341,23.016093790176967,29.683399332859427,37.561213629384,13.547535418702887,31.14798650548127,33.9666421547178,0,1,6.773767709351444,15.573993252740635,-6.773767709351444,-15.573993252740635,0,0,37.561213629384,1443.162094718729,647.02403489592,1317.5512411347518,651.0948581560283,12,12,1.308960915333511,0.13999519875305697,6.659387159815094,-0.057216615690414654,1.188209323740858,108.8908776091114,6.0191587189838555e-05,4.5757726253662775e-05,1.0,1.0,0.0,747.2262322906486,0.0,1.0,188.42600674725935,0.0,0.0,1.0
frame_1156.jpg,frame_1156,1156,D:\visualization2026\visualization\left_downsample2_Q37\frame_1156.jpg,D:\visualization2026\visualization\right_downsample2_Q37\frame_1156.jpg,D:\visualization2026\dowsample2_Q37\stitched_frames\frame_1156.jpg,D:\visualization2026\dowsample2_Q37_hess_matched\stitched_frames\frame_1156.jpg,2296,1437,-0.042023784174581635,0.032063542647552845,149.95216315192064,25.835138775273812,145.83653963690494,1.6671413672661402,4.115623515015699,24.167997408007672,24.515922491940128,13.079916222955438,26.93923741169037,29.94673138629575,0,1,6.539958111477719,13.469618705845186,-6.539958111477719,-13.469618705845186,0,0,24.515922491940128,1402.1274978015472,645.1453240033435,1256.2909581646422,643.4781826360773,12,12,1.283765461211192,0.08939443916932736,7.056200170521012,-0.06815402133482723,1.1633400102187768,123.05233684078706,5.1932091787435213e-05,3.9611672076606475e-05,1.0,1.0,0.0,689.4600418885223,0.0,1.0,187.5303812941548,0.0,0.0,1.0
frame_1158.jpg,frame_1158,1158,D:\visualization2026\visualization\left_downsample2_Q37\frame_1158.jpg,D:\visualization2026\visualization\right_downsample2_Q37\frame_1158.jpg,D:\visualization2026\dowsample2_Q37\stitched_frames\frame_1158.jpg,D:\visualization2026\dowsample2_Q37_hess_matched\stitched_frames\frame_1158.jpg,2281,1434,-0.04273948594747745,0.03251624064502323,152.28417291918458,26.18482940795934,126.97444547513442,0.8327154605327678,25.309727444050168,25.352113947426574,35.82334413333584,6.392353752447416,25.5492683204128,26.33680501133115,0,1,3.196176876223708,12.7746341602064,-3.196176876223708,-12.7746341602064,0,0,35.82334413333584,1368.9233472304877,652.8243522586212,1241.9489017553533,651.9916367980884,12,12,1.215261048523021,0.08685931037274124,3.49373574773289,-0.08846053008703217,1.118895799125546,155.05188922202763,2.7286635734417016e-05,2.94290279360584e-05,1.0,1.0,0.0,677.8038231237763,0.0,1.0,203.2253658397936,0.0,0.0,1.0
frame_1160.jpg,frame_1160,1160,D:\visualization2026\visualization\left_downsample2_Q37\frame_1160.jpg,D:\visualization2026\visualization\right_downsample2_Q37\frame_1160.jpg,D:\visualization2026\dowsample2_Q37\stitched_frames\frame_1160.jpg,D:\visualization2026\dowsample2_Q37_hess_matched\stitched_frames\frame_1160.jpg,2292,1439,-0.04340236520110474,0.032935152885571806,154.44317909547746,26.508349061256098,149.40820140947403,6.181105662000277,5.03497768600343,20.32724339925582,20.94153348041021,-2.4900263784373067,23.99747723432474,24.12631644029498,0,1,-1.2450131892186533,11.99873861716237,1.2450131892186533,-11.99873861716237,0,0,20.94153348041021,1396.7171147183874,663.4090840328357,1247.3089133089134,657.2279783708354,12,12,1.252071593130651,0.0938212965414303,-1.0414588868003563,-0.0787397524946614,1.1589090158076736,138.93900404957512,3.52348969781639e-05,4.5176172203652904e-05,1.0,1.0,0.0,693.2450131892186,0.0,1.0,210.00126138283764,0.0,0.0,1.0
frame_1162.jpg,frame_1162,1162,D:\visualization2026\visualization\left_downsample2_Q37\frame_1162.jpg,D:\visualization2026\visualization\right_downsample2_Q37\frame_1162.jpg,D:\visualization2026\dowsample2_Q37\stitched_frames\frame_1162.jpg,D:\visualization2026\dowsample2_Q37_hess_matched\stitched_frames\frame_1162.jpg,2306,1452,-0.04380804880987221,0.03318864669683386,155.75765090568487,26.70355706357271,181.27230457869405,-1.5120304509417792,-25.514653673009178,28.21558751451449,38.04099014014786,-8.92538106284158,23.31964452047598,24.969346160408296,0,1,-4.46269053142079,11.65982226023799,4.46269053142079,-11.65982226023799,0,0,38.04099014014786,1442.448492559127,664.8588640284432,1261.176187980433,666.370894479385,12,12,1.2790800185169084,0.10501117850317873,-4.256944243996841,-0.07391936140382863,1.1929984593406784,130.25203232805063,4.332088926589932e-05,5.5909354830422575e-05,1.0,1.0,0.0,710.4626905314208,0.0,1.0,219.340177739762,0.0,0.0,1.0
frame_1164.jpg,frame_1164,1164,D:\visualization2026\visualization\left_downsample2_Q37\frame_1164.jpg,D:\visualization2026\visualization\right_downsample2_Q37\frame_1164.jpg,D:\visualization2026\dowsample2_Q37\stitched_frames\frame_1164.jpg,D:\visualization2026\dowsample2_Q37_hess_matched\stitched_frames\frame_1164.jpg,2264,1430,-0.04417818880244717,0.03337093566676275,156.84056774996043,26.834276650918543,178.23637461420708,4.9098327484994115,-21.39580686424665,21.92444390241913,30.634323752981192,-16.90300213635085,22.015950513042405,27.756324652486207,0,1,-8.451501068175425,11.007975256521203,8.451501068175425,-11.007975256521203,0,0,30.634323752981192,1391.8554602069769,655.611321318409,1213.6190855927698,650.7014885699095,12,12,1.1942650135581958,0.07818295899621142,-8.280658778194187,-0.09819949440830339,1.102453388228995,168.14089031215298,1.6893537945637707e-05,2.8683331423676446e-05,1.0,1.0,0.0,672.4515010681754,0.0,1.0,204.9920247434788,0.0,0.0,1.0
frame_1166.jpg,frame_1166,1166,D:\visualization2026\visualization\left_downsample2_Q37\frame_1166.jpg,D:\visualization2026\visualization\right_downsample2_Q37\frame_1166.jpg,D:\visualization2026\dowsample2_Q37\stitched_frames\frame_1166.jpg,D:\visualization2026\dowsample2_Q37_hess_matched\stitched_frames\frame_1166.jpg,2257,1424,-0.04443501464337918,0.03347678793815645,157.5429527288007,26.905024763684356,185.60410263580638,6.126190924920479,-28.06114990700567,20.778833838763877,34.9168737117515,-22.98114972267444,21.29731989733895,31.332237031300032,0,1,-11.49057486133722,10.648659948669476,11.49057486133722,-10.648659948669476,0,0,34.9168737117515,1381.3006109056935,648.0888232868703,1195.696508269887,641.9626323619498,12,12,1.21119180744586,0.07371261472905996,-11.246496299934618,-0.0891654497519992,1.1123357529790703,153.33706677272443,2.590109980876828e-05,3.1292712261383064e-05,1.0,1.0,0.0,668.4905748613372,0.0,1.0,198.3513400513305,0.0,0.0,1.0
frame_1168.jpg,frame_1168,1168,D:\visualization2026\visualization\left_downsample2_Q37\frame_1168.jpg,D:\visualization2026\visualization\right_downsample2_Q37\frame_1168.jpg,D:\visualization2026\dowsample2_Q37\stitched_frames\frame_1168.jpg,D:\visualization2026\dowsample2_Q37_hess_matched\stitched_frames\frame_1168.jpg,2339,1424,-0.044536841294955276,0.033505381490451014,157.7896630393482,26.920139612456033,172.36804096284436,8.08649570219734,-14.578377923496163,18.833643910258694,23.816700985205838,-23.53544561233336,20.140614759125487,30.976790715737565,0,1,-11.76772280616668,10.070307379562744,11.76772280616668,-10.070307379562744,0,0,23.816700985205838,1456.0582244654277,634.3535543161292,1283.6901835025833,626.2670586139319,12,12,1.3648750957220206,0.11061531423071075,-11.482332243487653,-0.029920938431604926,1.2238427383680053,59.60113276576772,8.670454525318322e-05,5.452763194224425e-05,1.0,1.0,0.0,750.7677228061667,0.0,1.0,187.92969262043727,0.0,0.0,1.0
frame_1170.jpg,frame_1170,1170,D:\visualization2026\visualization\left_downsample2_Q37\frame_1170.jpg,D:\visualization2026\visualization\right_downsample2_Q37\frame_1170.jpg,D:\visualization2026\dowsample2_Q37\stitched_frames\frame_1170.jpg,D:\visualization2026\dowsample2_Q37_hess_matched\stitched_frames\frame_1170.jpg,2258,1421,-0.04458682803816272,0.033489417202373306,157.83950580766748,26.89854431976367,183.195266053282,10.164453999025113,-25.355760245614533,16.734090320738556,30.379999283998053,-24.1163292533157,19.19898222916764,30.825285972561964,0,1,-12.05816462665785,9.59949111458382,12.05816462665785,-9.59949111458382,0,0,30.379999283998053,1379.2640821392588,640.8050329555166,1196.0688160859768,630.6405789564915,12,12,1.2291436137373197,0.0737832690876957,-12.376119600247472,-0.07828989111695972,1.1203583170496516,135.8400220674538,3.7625721023512244e-05,2.860130894750774e-05,1.0,1.0,0.0,670.0581646266578,0.0,1.0,193.40050888541617,0.0,0.0,1.0
frame_1172.jpg,frame_1172,1172,D:\visualization2026\visualization\left_downsample2_Q37\frame_1172.jpg,D:\visualization2026\visualization\right_downsample2_Q37\frame_1172.jpg,D:\visualization2026\dowsample2_Q37\stitched_frames\frame_1172.jpg,D:\visualization2026\dowsample2_Q37_hess_matched\stitched_frames\frame_1172.jpg,2318,1455,-0.04460563008673002,0.033453147921032045,157.7863601234414,26.86115134500097,186.07249324474515,4.429089521553806,-28.28613312130375,22.432061823447164,36.10128425149267,-20.425702612343315,20.199678467990026,28.726927044465935,0,1,-10.212851306171657,10.099839233995013,10.212851306171657,-10.099839233995013,0,0,36.10128425149267,1437.2768593678384,665.7253371105421,1251.2043661230932,661.2962475889883,12,12,1.3194213873921201,0.12649808615756622,-9.607980420977512,-0.06294522327142163,1.233926977491165,112.0774798003372,5.684909989406058e-05,7.240731963193894e-05,1.0,1.0,0.0,728.2128513061716,0.0,1.0,223.900160766005,0.0,0.0,1.0
frame_1174.jpg,frame_1174,1174,D:\visualization2026\visualization\left_downsample2_Q37\frame_1174.jpg,D:\visualization2026\visualization\right_downsample2_Q37\frame_1174.jpg,D:\visualization2026\dowsample2_Q37\stitched_frames\frame_1174.jpg,D:\visualization2026\dowsample2_Q37_hess_matched\stitched_frames\frame_1174.jpg,2257,1420,-0.044584463596634816,0.03341157806007977,157.650446576283,26.823553792500014,181.9506716454414,9.60727253987011,-24.300225069158387,17.216281252629905,29.780887807139155,-17.7309812973111,20.443575092214566,27.061549481073914,0,1,-8.86549064865555,10.221787546107283,8.86549064865555,-10.221787546107283,0,0,29.780887807139155,1366.6199222914363,638.9997789998184,1184.669250645995,629.3925064599483,12,12,1.2350209967149046,0.06914373409307148,-9.167252739595751,-0.07819487174140824,1.1227670128715652,136.36496007607346,3.950737172825035e-05,3.1299106771354785e-05,1.0,1.0,0.0,665.8654906486555,0.0,1.0,192.7782124538927,0.0,0.0,1.0
frame_1176.jpg,frame_1176,1176,D:\visualization2026\visualization\left_downsample2_Q37\frame_1176.jpg,D:\visualization2026\visualization\right_downsample2_Q37\frame_1176.jpg,D:\visualization2026\dowsample2_Q37\stitched_frames\frame_1176.jpg,D:\visualization2026\dowsample2_Q37_hess_matched\stitched_frames\frame_1176.jpg,2308,1447,-0.04449222336103664,0.03335433129048426,157.3525019329074,26.77954664399138,166.96051863505113,0.9972316111155806,-9.608016702143743,25.7823150328758,27.514391750557134,-14.31253365044334,21.41228106354853,25.75527906739649,0,1,-7.15626682522167,10.706140531774265,7.15626682522167,-10.706140531774265,0,0,27.514391750557134,1391.7289289956402,659.2819785215607,1224.768410360589,658.2847469104452,12,12,1.2708132196086124,0.10287369879398699,-6.656371578516988,-0.0769031505184377,1.1826100063374523,134.76436366271233,4.2201644553635106e-05,5.5211026745247995e-05,1.0,1.0,0.0,715.1562668252217,0.0,1.0,222.29385946822575,0.0,0.0,1.0
frame_1178.jpg,frame_1178,1178,D:\visualization2026\visualization\left_downsample2_Q37\frame_1178.jpg,D:\visualization2026\visualization\right_downsample2_Q37\frame_1178.jpg,D:\visualization2026\dowsample2_Q37\stitched_frames\frame_1178.jpg,D:\visualization2026\dowsample2_Q37_hess_matched\stitched_frames\frame_1178.jpg,2302,1439,-0.044419340335951185,0.033431770801475524,157.40849324639368,26.863416873520418,158.51326459472875,6.810289842139014,-1.1047713483350776,20.053127031381404,20.08353612959684,-11.989031866060207,20.481517647877077,23.732455630332637,0,1,-5.994515933030104,10.240758823938538,5.994515933030104,-10.240758823938538,0,0,20.08353612959684,1387.7780613008533,652.725026503659,1229.2647967061246,645.91473666152,12,12,1.2637365396503801,0.11277493722474058,-5.914823173575971,-0.07651389152282895,1.1716516376330641,132.94819639167244,4.40850943636135e-05,5.155820501571525e-05,1.0,1.0,0.0,707.9945159330301,0.0,1.0,213.75924117606147,0.0,0.0,1.0
frame_1180.jpg,frame_1180,1180,D:\visualization2026\visualization\left_downsample2_Q37\frame_1180.jpg,D:\visualization2026\visualization\right_downsample2_Q37\frame_1180.jpg,D:\visualization2026\dowsample2_Q37\stitched_frames\frame_1180.jpg,D:\visualization2026\dowsample2_Q37_hess_matched\stitched_frames\frame_1180.jpg,2299,1447,-0.04451231265965272,0.03352079512335615,157.7832112204275,26.938067352712363,166.04673323170323,5.360447175303989,-8.26352201127574,21.577620177408374,23.105832349243332,-5.991547210853736,22.116052484530147,22.91328032993926,0,1,-2.995773605426868,11.058026242265074,2.995773605426868,-11.058026242265074,0,0,23.105832349243332,1387.0712430356248,659.1778913943709,1221.0245098039215,653.8174442190669,12,12,1.2754395640557936,0.11129669076232385,-3.369935517090218,-0.07592503401616744,1.188976880344962,133.77252172229427,4.538944977702508e-05,5.8607172916974504e-05,1.0,1.0,0.0,701.9957736054268,0.0,1.0,220.94197375773493,0.0,0.0,1.0
frame_1182.jpg,frame_1182,1182,D:\visualization2026\visualization\left_downsample2_Q37\frame_1182.jpg,D:\visualization2026\visualization\right_downsample2_Q37\frame_1182.jpg,D:\visualization2026\dowsample2_Q37\stitched_frames\frame_1182.jpg,D:\visualization2026\dowsample2_Q37_hess_matched\stitched_frames\frame_1182.jpg,2273,1416,-0.04478519932040437,0.03358895988505306,158.42426848116168,26.970388422382165,175.09289268054977,9.192143677292279,-16.66862419938809,17.778244745089886,24.37024864289945,-3.1613556977595745,21.42624485028025,21.658211796727766,0,1,-1.5806778488797872,10.713122425140124,1.5806778488797872,-10.713122425140124,0,0,24.37024864289945,1364.1806744124594,628.2526418979328,1189.0877817319097,619.0604982206405,12,12,1.296051772522156,0.07873551203588705,-1.75857098318707,-0.054523475867417986,1.1672857581554907,99.19222803668455,6.840717881565167e-05,4.286401607380826e-05,1.0,1.0,0.0,674.5806778488798,0.0,1.0,187.2868775748599,0.0,0.0,1.0
frame_1184.jpg,frame_1184,1184,D:\visualization2026\visualization\left_downsample2_Q37\frame_1184.jpg,D:\visualization2026\visualization\right_downsample2_Q37\frame_1184.jpg,D:\visualization2026\dowsample2_Q37\stitched_frames\frame_1184.jpg,D:\visualization2026\dowsample2_Q37_hess_matched\stitched_frames\frame_1184.jpg,2273,1444,-0.0450455183071643,0.03364665428159941,159.01838710005995,26.994130758718498,153.33118889318598,1.6051753228232428,5.687198206873973,25.388955435895255,26.018133706516032,-1.3796345720323815,22.403861615357442,22.44630051550664,0,1,-0.6898172860161907,11.201930807678721,0.6898172860161907,-11.201930807678721,0,0,26.018133706516032,1338.183770414925,648.6041185595382,1184.852581521739,646.9989432367149,12,12,1.2297780933812112,0.08461718504669213,-0.0910231338844455,-0.08940541034629856,1.1369993613183862,155.38235022249268,3.85715207582161e-05,3.719670242521577e-05,1.0,1.0,0.0,673.6898172860161,0.0,1.0,215.7980691923213,0.0,0.0,1.0
frame_1186.jpg,frame_1186,1186,D:\visualization2026\visualization\left_downsample2_Q37\frame_1186.jpg,D:\visualization2026\visualization\right_downsample2_Q37\frame_1186.jpg,D:\visualization2026\dowsample2_Q37\stitched_frames\frame_1186.jpg,D:\visualization2026\dowsample2_Q37_hess_matched\stitched_frames\frame_1186.jpg,2292,1437,-0.045142999906228054,0.03375839454422003,159.45498438236186,27.09019554718096,154.9120435190348,4.756918685554638,4.542940863327061,22.333276861626324,22.79064648196142,-3.7700416326493666,22.99459956974751,23.301605594570987,0,1,-1.8850208163246833,11.497299784873755,1.8850208163246833,-11.497299784873755,0,0,22.79064648196142,1352.8237302568973,647.7749448917199,1197.9116867378625,643.0180262061652,12,12,1.254348965566447,0.09938120974257275,-1.3682772510109515,-0.07936099296680964,1.1583876752711266,139.34922338734447,4.449765674580195e-05,4.647530068003899e-05,1.0,1.0,0.0,693.8850208163246,0.0,1.0,212.50270021512625,0.0,0.0,1.0
frame_1188.jpg,frame_1188,1188,D:\visualization2026\visualization\left_downsample2_Q37\frame_1188.jpg,D:\visualization2026\visualization\right_downsample2_Q37\frame_1188.jpg,D:\visualization2026\dowsample2_Q37\stitched_frames\frame_1188.jpg,D:\visualization2026\dowsample2_Q37_hess_matched\stitched_frames\frame_1188.jpg,2355,1477,-0.04520332432213159,0.03399103963089378,160.11355232683948,27.30776841043209,152.3097180465386,2.366557553664734,7.80383428030089,24.941210856767356,26.133576649133374,-4.461873029534849,24.294272616589534,24.700607136280325,0,1,-2.2309365147674245,12.147136308294767,2.2309365147674245,-12.147136308294767,0,0,26.133576649133374,1411.8178921197598,684.7516216414688,1259.5081740732212,682.385064087804,12,12,1.3348932841671237,0.16812042206598013,-2.2437859012675037,-0.06997568073769983,1.2797692009694495,124.99096639235296,5.6306167207993734e-05,9.589786354316115e-05,1.0,1.0,0.0,757.2309365147674,0.0,1.0,252.85286369170524,0.0,0.0,1.0
frame_1190.jpg,frame_1190,1190,D:\visualization2026\visualization\left_downsample2_Q37\frame_1190.jpg,D:\visualization2026\visualization\right_downsample2_Q37\frame_1190.jpg,D:\visualization2026\dowsample2_Q37\stitched_frames\frame_1190.jpg,D:\visualization2026\dowsample2_Q37_hess_matched\stitched_frames\frame_1190.jpg,2266,1435,-0.04523564086789955,0.03421014296509739,160.69077580463457,27.51569341828486,180.90633311899524,2.9843834689261257,-20.215557314360666,24.531309949358736,31.78763793303472,-12.141863306535864,24.310338963299817,27.17383714283162,0,1,-6.070931653267932,12.155169481649908,6.070931653267932,-12.155169481649908,0,0,31.78763793303472,1352.1592195249543,642.5221860760024,1171.252886405959,639.5378026070763,12,12,1.235680202171882,0.08609229921232098,-6.111947515075228,-0.08362761932829312,1.1388167078844433,146.17583049601092,4.218565905768791e-05,3.763591200191168e-05,1.0,1.0,0.0,672.070931653268,0.0,1.0,209.84483051835008,0.0,0.0,1.0
frame_1192.jpg,frame_1192,1192,D:\visualization2026\visualization\left_downsample2_Q37\frame_1192.jpg,D:\visualization2026\visualization\right_downsample2_Q37\frame_1192.jpg,D:\visualization2026\dowsample2_Q37\stitched_frames\frame_1192.jpg,D:\visualization2026\dowsample2_Q37_hess_matched\stitched_frames\frame_1192.jpg,2249,1437,-0.045178388965590344,0.03424249094843024,160.66709661372818,27.5540287642983,180.79487779754368,3.2774187849983036,-20.1277811838155,24.276609979299998,31.535398641377686,-18.78708327505916,24.97487518241091,31.252182137588598,0,1,-9.39354163752958,12.487437591205454,9.39354163752958,-12.487437591205454,0,0,31.535398641377686,1329.4216828516953,646.8693261255518,1148.6268050541516,643.5919073405535,12,12,1.2017407467702876,0.08111401577365839,-9.44541965350632,-0.09644538780923535,1.1177583298393874,166.9094407364752,2.897647718067118e-05,3.397023485218566e-05,1.0,1.0,0.0,658.3935416375296,0.0,1.0,214.51256240879454,0.0,0.0,1.0
frame_1194.jpg,frame_1194,1194,D:\visualization2026\visualization\left_downsample2_Q37\frame_1194.jpg,D:\visualization2026\visualization\right_downsample2_Q37\frame_1194.jpg,D:\visualization2026\dowsample2_Q37\stitched_frames\frame_1194.jpg,D:\visualization2026\dowsample2_Q37_hess_matched\stitched_frames\frame_1194.jpg,2266,1441,-0.04491162618862132,0.03408510912133478,159.8248554336388,27.43466779419538,192.53760861176988,1.9653806247487182,-32.712753178131095,25.469287169446662,41.45851914158375,-21.164240305267615,26.248182146997042,33.71783109455661,0,1,-10.582120152633808,13.124091073498521,10.582120152633808,-13.124091073498521,0,0,41.45851914158375,1351.819858353772,652.3539992300856,1159.282249742002,650.3886186053369,12,12,1.2419169833688664,0.10945727539074328,-10.503501377974873,-0.08385254441386719,1.1659732307704969,147.66164752653165,4.0221511498051596e-05,5.332841078452422e-05,1.0,1.0,0.0,676.5821201526338,0.0,1.0,220.87590892650147,0.0,0.0,1.0
frame_1196.jpg,frame_1196,1196,D:\visualization2026\visualization\left_downsample2_Q37\frame_1196.jpg,D:\visualization2026\visualization\right_downsample2_Q37\frame_1196.jpg,D:\visualization2026\dowsample2_Q37\stitched_frames\frame_1196.jpg,D:\visualization2026\dowsample2_Q37_hess_matched\stitched_frames\frame_1196.jpg,2284,1432,-0.04468617780385198,0.0339410494514536,159.08680049922617,27.32310369329348,187.7699594785156,1.6671457361117064,-28.68315897928943,25.655957957181773,38.48313640715724,-15.440452149266717,28.75467728307781,32.63799975837591,0,1,-7.720226074633358,14.377338641538906,7.720226074633358,-14.377338641538906,0,0,38.48313640715724,1359.583415136008,641.8753951580554,1171.8134556574923,640.2082494219437,12,12,1.2788441938847543,0.10911480425296975,-7.789391503764334,-0.0685646857904365,1.1813034931948792,125.05840747711215,5.6607963155163564e-05,5.559757891225469e-05,1.0,1.0,0.0,691.7202260746334,0.0,1.0,210.6226613584611,0.0,0.0,1.0
frame_1198.jpg,frame_1198,1198,D:\visualization2026\visualization\left_downsample2_Q37\frame_1198.jpg,D:\visualization2026\visualization\right_downsample2_Q37\frame_1198.jpg,D:\visualization2026\dowsample2_Q37\stitched_frames\frame_1198.jpg,D:\visualization2026\dowsample2_Q37_hess_matched\stitched_frames\frame_1198.jpg,2286,1445,-0.044806654659112266,0.03402215540826525,159.49100042928262,27.386708977687757,163.572951300024,-3.9210367020102694,-4.081950870741366,31.307745679698026,31.57272972765891,-12.204462963768448,29.918399848533987,32.31191058620264,0,1,-6.102231481884224,14.959199924266994,6.102231481884224,-14.959199924266994,0,0,31.57272972765891,1332.6569714465443,655.3997813688078,1169.0840201465203,659.3208180708181,12,12,1.2209698512541636,0.10799855732295213,-6.4449168092552105,-0.09616191002097174,1.146678716875749,169.70199043221336,3.121433746637224e-05,4.9179198774219806e-05,1.0,1.0,0.0,692.1022314818842,0.0,1.0,229.04080007573302,0.0,0.0,1.0
frame_1200.jpg,frame_1200,1200,D:\visualization2026\visualization\left_downsample2_Q37\frame_1200.jpg,D:\visualization2026\visualization\right_downsample2_Q37\frame_1200.jpg,D:\visualization2026\dowsample2_Q37\stitched_frames\frame_1200.jpg,D:\visualization2026\dowsample2_Q37_hess_matched\stitched_frames\frame_1200.jpg,2412,1478,-0.04529629042033645,0.03438714095851381,161.2177243128069,27.679407467704404,152.81434084716307,-9.38437816205817,8.403383465643827,37.06378562976258,38.00448735188584,-12.024622646200854,31.63743566378995,33.84551499333368,0,1,-6.012311323100427,15.818717831894975,6.012311323100427,-15.818717831894975,0,0,38.00448735188584,1435.9438554549386,677.4011444205659,1283.1295146077755,686.785522582624,12,12,1.362391777538471,0.2340702771481227,-5.876782244917514,-0.06413835827187613,1.3074372199025788,120.02677049165372,6.775121267256884e-05,0.00010887850348455554,1.0,1.0,0.0,818.0123113231004,0.0,1.0,257.18128216810504,0.0,0.0,1.0
frame_1202.jpg,frame_1202,1202,D:\visualization2026\visualization\left_downsample2_Q37\frame_1202.jpg,D:\visualization2026\visualization\right_downsample2_Q37\frame_1202.jpg,D:\visualization2026\dowsample2_Q37\stitched_frames\frame_1202.jpg,D:\visualization2026\dowsample2_Q37_hess_matched\stitched_frames\frame_1202.jpg,2287,1434,-0.04589134103443315,0.03487864223278092,163.43007386714592,28.081483826005982,167.3779091234701,-2.0137389805748853,-3.9478352563241685,30.095222806580868,30.35305320703045,-11.54676354227762,33.08871421875699,35.045552598751286,0,1,-5.77338177113881,16.544357109378495,5.77338177113881,-16.544357109378495,0,0,30.35305320703045,1327.4805486408154,644.0165777615065,1160.1026395173453,646.0303167420814,12,12,1.249801197126476,0.11055825562290918,-5.153865027156593,-0.08097607359244005,1.1574460511946536,147.56747601597635,4.7574410126132046e-05,4.959879101375851e-05,1.0,1.0,0.0,692.7733817711388,0.0,1.0,214.4556428906215,0.0,0.0,1.0
frame_1204.jpg,frame_1204,1204,D:\visualization2026\visualization\left_downsample2_Q37\frame_1204.jpg,D:\visualization2026\visualization\right_downsample2_Q37\frame_1204.jpg,D:\visualization2026\dowsample2_Q37\stitched_frames\frame_1204.jpg,D:\visualization2026\dowsample2_Q37_hess_matched\stitched_frames\frame_1204.jpg,2311,1459,-0.046346390353800726,0.03529794167181355,165.22509456017298,28.430970770638474,197.0386461504661,-5.6334954750880115,-31.813551590293116,34.064466245726486,46.60997667232286,-16.412877502298556,33.734858990151594,37.51564019167033,0,1,-8.206438751149278,16.867429495075797,8.206438751149278,-16.867429495075797,0,0,46.60997667232286,1375.1272038006196,666.5358746841988,1178.0885576501535,672.1693701592868,12,12,1.299946554426869,0.14849759791450193,-7.97744823366196,-0.07538099020733253,1.2333013187892563,138.50880227293868,5.653751875445873e-05,8.036967396635403e-05,1.0,1.0,0.0,719.2064387511493,0.0,1.0,240.13257050492422,0.0,0.0,1.0
frame_1206.jpg,frame_1206,1206,D:\visualization2026\visualization\left_downsample2_Q37\frame_1206.jpg,D:\visualization2026\visualization\right_downsample2_Q37\frame_1206.jpg,D:\visualization2026\dowsample2_Q37\stitched_frames\frame_1206.jpg,D:\visualization2026\dowsample2_Q37_hess_matched\stitched_frames\frame_1206.jpg,2274,1446,-0.0467283179403617,0.035175146064091556,165.60397601214004,28.26517795181394,191.8978394718133,-4.64717278020305,-26.293863459673275,32.91235073201699,42.12588380489175,-23.4363429802118,32.99712243975448,40.47310541075729,0,1,-11.7181714901059,16.49856121987724,11.7181714901059,-16.49856121987724,0,0,42.12588380489175,1337.3752708006923,658.2232800780004,1145.477431328879,662.8704528582034,12,12,1.237246078424855,0.12111510898480016,-11.511496762375513,-0.09024100881551232,1.1659469895873102,162.0898060111107,3.89985655212345e-05,5.7804025623384766e-05,1.0,1.0,0.0,685.7181714901059,0.0,1.0,229.50143878012275,0.0,0.0,1.0
frame_1208.jpg,frame_1208,1208,D:\visualization2026\visualization\left_downsample2_Q37\frame_1208.jpg,D:\visualization2026\visualization\right_downsample2_Q37\frame_1208.jpg,D:\visualization2026\dowsample2_Q37\stitched_frames\frame_1208.jpg,D:\visualization2026\dowsample2_Q37_hess_matched\stitched_frames\frame_1208.jpg,2271,1455,-0.04700387865096889,0.034834884452916604,165.2795068127087,27.90216244483223,193.69202748355474,-6.63630709183883,-28.41252067084605,34.53846953667106,44.723340760801946,-28.318719793989985,35.053309193524164,45.06311547360353,0,1,-14.159359896994992,17.526654596762082,14.159359896994992,-17.526654596762082,0,0,44.723340760801946,1329.9832595319297,664.6679257123939,1136.291232048375,671.3042328042327,12,12,1.2337542382836795,0.12016462838220839,-13.952267453305744,-0.0962494753507398,1.1706178578397406,172.47380035810446,3.548713418887598e-05,6.0474434214637706e-05,1.0,1.0,0.0,685.1593598969949,0.0,1.0,237.47334540323791,0.0,0.0,1.0
frame_1210.jpg,frame_1210,1210,D:\visualization2026\visualization\left_downsample2_Q37\frame_1210.jpg,D:\visualization2026\visualization\right_downsample2_Q37\frame_1210.jpg,D:\visualization2026\dowsample2_Q37\stitched_frames\frame_1210.jpg,D:\visualization2026\dowsample2_Q37_hess_matched\stitched_frames\frame_1210.jpg,2313,1448,-0.047044788843768615,0.034828526549128824,165.3362331597719,27.890975627275807,192.05017708369428,-5.48412725050116,-26.713943923922386,33.37510287777697,42.7496466894484,-28.872256210395996,34.916204202391214,45.30726756914206,0,1,-14.436128105197998,17.458102101195607,14.436128105197998,-17.458102101195607,0,0,42.7496466894484,1358.938716409537,653.2486068318958,1166.8885393258427,658.732734082397,12,12,1.3106618184329593,0.13924887165292218,-13.91696580231211,-0.06733482647932941,1.2208569344589781,126.98170395981333,6.529125947203297e-05,7.225839904732934e-05,1.0,1.0,0.0,727.436128105198,0.0,1.0,226.5418978988044,0.0,0.0,1.0
frame_1212.jpg,frame_1212,1212,D:\visualization2026\visualization\left_downsample2_Q37\frame_1212.jpg,D:\visualization2026\visualization\right_downsample2_Q37\frame_1212.jpg,D:\visualization2026\dowsample2_Q37\stitched_frames\frame_1212.jpg,D:\visualization2026\dowsample2_Q37_hess_matched\stitched_frames\frame_1212.jpg,2215,1467,-0.04676975267148609,0.035027958917297375,165.32708185824097,28.117724324986458,193.68680118345605,-12.258432250442866,-28.35971932521508,40.37615657542932,49.34073063918452,-31.254243970718406,35.44342348957588,47.25530694898306,0,1,-15.627121985359203,17.72171174478794,15.627121985359203,-17.72171174478794,0,0,49.34073063918452,1267.2518372939467,672.9980639151443,1073.5650361104906,685.2564961655871,12,12,1.1438969142604043,0.09924964819573524,-15.842972821267075,-0.12972096367159094,1.1003935836188905,225.16773028234905,1.5680721308100138e-06,4.264037167396682e-05,1.0,1.0,0.0,630.6271219853592,0.0,1.0,249.27828825521206,0.0,0.0,1.0
frame_1214.jpg,frame_1214,1214,D:\visualization2026\visualization\left_downsample2_Q37\frame_1214.jpg,D:\visualization2026\visualization\right_downsample2_Q37\frame_1214.jpg,D:\visualization2026\dowsample2_Q37\stitched_frames\frame_1214.jpg,D:\visualization2026\dowsample2_Q37_hess_matched\stitched_frames\frame_1214.jpg,2245,1459,-0.04633743655888234,0.03516801064902819,164.90072096356923,28.306411305179434,199.4819546358924,-5.072529984882294,-34.58123367232318,33.37894129006173,48.062620027888684,-34.94424854067945,35.482179125520325,49.80045724256242,0,1,-17.472124270339727,17.741089562760163,17.472124270339727,-17.741089562760163,0,0,48.062620027888684,1296.9205197918052,671.767836168277,1097.4385651559128,676.8403661531593,12,12,1.1973377164371952,0.11667456674799505,-17.10430683617782,-0.10683920637129082,1.144977218648356,189.01592591730042,2.2434527274656055e-05,5.682400820843554e-05,1.0,1.0,0.0,662.4721242703397,0.0,1.0,241.25891043723985,0.0,0.0,1.0
frame_1216.jpg,frame_1216,1216,D:\visualization2026\visualization\left_downsample2_Q37\frame_1216.jpg,D:\visualization2026\visualization\right_downsample2_Q37\frame_1216.jpg,D:\visualization2026\dowsample2_Q37\stitched_frames\frame_1216.jpg,D:\visualization2026\dowsample2_Q37_hess_matched\stitched_frames\frame_1216.jpg,2359,1453,-0.04595933108081929,0.03516624666938872,164.23265759759352,28.351266348455553,202.43645985887883,-7.197180819484743,-38.20380226128532,35.548447167940296,52.18450539452522,-39.371258801476486,36.759985500783976,53.86457605542522,0,1,-19.685629400738243,18.379992750391988,19.685629400738243,-18.379992750391988,0,0,52.18450539452522,1413.907671980091,655.0323646350607,1211.4712121212121,662.2295454545455,12,12,1.3757629709532808,0.16057578215613702,-19.77507291027363,-0.04677803074867481,1.2746694429696475,96.09966447432977,8.802008345777097e-05,8.736561497154857e-05,1.0,1.0,0.0,778.6856294007382,0.0,1.0,225.62000724960802,0.0,0.0,1.0
frame_1218.jpg,frame_1218,1218,D:\visualization2026\visualization\left_downsample2_Q37\frame_1218.jpg,D:\visualization2026\visualization\right_downsample2_Q37\frame_1218.jpg,D:\visualization2026\dowsample2_Q37\stitched_frames\frame_1218.jpg,D:\visualization2026\dowsample2_Q37_hess_matched\stitched_frames\frame_1218.jpg,2308,1451,-0.04577178870600995,0.03517420823726469,163.92228576633516,28.38206087666354,210.78482928698645,-6.3501868397297585,-46.862543520651286,34.7322477163933,58.33032673196545,-41.33063370261384,37.38196917601569,55.72820562099793,0,1,-20.66531685130692,18.690984588007844,20.66531685130692,-18.690984588007844,0,0,58.33032673196545,1359.626106231866,661.4094163526324,1148.8412769448796,667.7596031923622,12,12,1.283214217047468,0.15307172122751075,-20.46299524086978,-0.07877965035377113,1.212177655373936,146.47499547890013,5.5604376759946597e-05,7.697442351880755e-05,1.0,1.0,0.0,728.6653168513069,0.0,1.0,232.30901541199216,0.0,0.0,1.0
frame_1220.jpg,frame_1220,1220,D:\visualization2026\visualization\left_downsample2_Q37\frame_1220.jpg,D:\visualization2026\visualization\right_downsample2_Q37\frame_1220.jpg,D:\visualization2026\dowsample2_Q37\stitched_frames\frame_1220.jpg,D:\visualization2026\dowsample2_Q37_hess_matched\stitched_frames\frame_1220.jpg,2264,1440,-0.045644367374386596,0.03525789026522075,163.8973485532402,28.478684535682703,212.74634378114774,-11.285450218412507,-48.84899522790755,39.76413475409521,62.98738562218611,-44.42291066388778,40.3414784758071,60.00691524704267,0,1,-22.21145533194389,20.17073923790355,22.21145533194389,-20.17073923790355,0,0,62.98738562218611,1321.7139240935555,649.5916496931702,1108.9675803124078,660.8770999115827,12,12,1.239252891039236,0.11422505715786878,-21.61942218401513,-0.08549318492351872,1.1593554226504403,158.27245108030445,4.8103982632368455e-05,5.3905027665358956e-05,1.0,1.0,0.0,686.2114553319439,0.0,1.0,219.82926076209645,0.0,0.0,1.0
frame_1222.jpg,frame_1222,1222,D:\visualization2026\visualization\left_downsample2_Q37\frame_1222.jpg,D:\visualization2026\visualization\right_downsample2_Q37\frame_1222.jpg,D:\visualization2026\dowsample2_Q37\stitched_frames\frame_1222.jpg,D:\visualization2026\dowsample2_Q37_hess_matched\stitched_frames\frame_1222.jpg,2300,1481,-0.0453870165503234,0.03535007627874809,163.66448402837992,28.599532692408435,201.8210778592818,-14.886542259179464,-38.15659383090187,43.486074951587895,57.852954699578994,-48.15502814612867,44.43699703109084,65.5252122537243,0,1,-24.077514073064336,22.21849851554542,24.077514073064336,-22.21849851554542,0,0,57.852954699578994,1336.136527213054,686.0297486936308,1134.3154493537722,700.9162909528103,12,12,1.206980445253256,0.18464151463197903,-23.5909645809585,-0.11240956955206002,1.1855262431190838,202.74030201941804,1.831502077118155e-05,8.022507355855836e-05,1.0,1.0,0.0,724.0775140730643,0.0,1.0,258.78150148445457,0.0,0.0,1.0
frame_1224.jpg,frame_1224,1224,D:\visualization2026\visualization\left_downsample2_Q37\frame_1224.jpg,D:\visualization2026\visualization\right_downsample2_Q37\frame_1224.jpg,D:\visualization2026\dowsample2_Q37\stitched_frames\frame_1224.jpg,D:\visualization2026\dowsample2_Q37_hess_matched\stitched_frames\frame_1224.jpg,2285,1462,-0.04504468370116299,0.03600018625426893,164.60776385353472,29.27043884044442,214.65038233222754,-18.90604894857438,-50.042618478692816,48.1764877890188,69.46393049554196,-49.71704827899954,48.61160302340219,69.5332498742955,0,1,-24.85852413949977,24.305801511701095,24.85852413949977,-24.305801511701095,0,0,69.46393049554196,1331.2072258453795,665.5354728228626,1116.556843513152,684.441521771437,12,12,1.2594308465040187,0.15191700682403947,-24.460138437797703,-0.08836663117725868,1.202117992458167,167.41999828515168,4.7871801916682793e-05,7.439942569493567e-05,1.0,1.0,0.0,709.8585241394998,0.0,1.0,237.6941984882989,0.0,0.0,1.0
frame_1226.jpg,frame_1226,1226,D:\visualization2026\visualization\left_downsample2_Q37\frame_1226.jpg,D:\visualization2026\visualization\right_downsample2_Q37\frame_1226.jpg,D:\visualization2026\dowsample2_Q37\stitched_frames\frame_1226.jpg,D:\visualization2026\dowsample2_Q37_hess_matched\stitched_frames\frame_1226.jpg,2222,1468,-0.04476558345522552,0.03704299288243118,166.59492211043172,30.31335270697467,223.45931178292153,-25.71268723738433,-56.86438967248981,56.026039944359,79.82778942618714,-44.591612151990034,51.09140485073101,67.81403633418974,0,1,-22.295806075995017,25.545702425365505,22.295806075995017,-25.545702425365505,0,0,79.82778942618714,1282.325930556868,669.8649787907127,1058.8666187739464,695.577666028097,12,12,1.1812757534869924,0.12160456818207883,-22.60741137956012,-0.11324816938893305,1.1407365543924908,207.6250981514411,2.0661628409774088e-05,5.720262423206811e-05,1.0,1.0,0.0,644.295806075995,0.0,1.0,242.4542975746345,0.0,0.0,1.0
frame_1228.jpg,frame_1228,1228,D:\visualization2026\visualization\left_downsample2_Q37\frame_1228.jpg,D:\visualization2026\visualization\right_downsample2_Q37\frame_1228.jpg,D:\visualization2026\dowsample2_Q37\stitched_frames\frame_1228.jpg,D:\visualization2026\dowsample2_Q37_hess_matched\stitched_frames\frame_1228.jpg,2219,1464,-0.044589123525138885,0.0376274655453569,167.67351740744573,30.90035199547716,222.34616159245138,-24.70492568247289,-54.67264418500565,55.60527767795005,77.98105492888746,-42.06164614097367,51.71326510070002,66.65916188689867,0,1,-21.030823070486836,25.85663255035001,21.030823070486836,-25.85663255035001,0,0,77.98105492888746,1266.7306287630456,666.3226421254418,1044.3844671705942,691.0275678079147,12,12,1.1771350855293818,0.11790757882708167,-20.865863677783327,-0.10847094342297851,1.137380706685137,200.36168255197526,2.081022836478071e-05,5.4564687624592914e-05,1.0,1.0,0.0,640.0308230704868,0.0,1.0,238.14336744965,0.0,0.0,1.0
frame_1230.jpg,frame_1230,1230,D:\visualization2026\visualization\left_downsample2_Q37\frame_1230.jpg,D:\visualization2026\visualization\right_downsample2_Q37\frame_1230.jpg,D:\visualization2026\dowsample2_Q37\stitched_frames\frame_1230.jpg,D:\visualization2026\dowsample2_Q37_hess_matched\stitched_frames\frame_1230.jpg,2242,1444,-0.04464913508160662,0.037320372632800636,167.04938224097012,30.59595879301445,190.27119683383012,-21.56718509772486,-23.22181459286,52.163143890739306,57.098566125176376,-40.77891158508742,51.80382222043659,65.92841289391833,0,1,-20.38945579254371,25.901911110218293,20.38945579254371,-25.901911110218293,0,0,57.098566125176376,1267.7216690499513,653.5948326195312,1077.4504722161212,675.162017717256,12,12,1.2009414935582199,0.10477294803123607,-20.423310049734052,-0.09942553288277996,1.1375698945075927,186.37913671344273,3.732436097249774e-05,4.7037593820278117e-05,1.0,1.0,0.0,662.3894557925437,0.0,1.0,218.0980888897817,0.0,0.0,1.0
frame_1232.jpg,frame_1232,1232,D:\visualization2026\visualization\left_downsample2_Q37\frame_1232.jpg,D:\visualization2026\visualization\right_downsample2_Q37\frame_1232.jpg,D:\visualization2026\dowsample2_Q37\stitched_frames\frame_1232.jpg,D:\visualization2026\dowsample2_Q37_hess_matched\stitched_frames\frame_1232.jpg,2263,1433,-0.04499544469605743,0.0366983103922931,166.1797124876936,29.951689144229704,191.68647626351367,-16.643687057203238,-25.506763775820076,46.59537620143294,53.11990287706248,-36.08281661213056,50.67305082538546,62.207135721046846,0,1,-18.04140830606528,25.33652541269273,18.04140830606528,-25.33652541269273,0,0,53.11990287706248,1278.8900080724338,646.600143597087,1087.2035318089202,663.2438306542903,12,12,1.233142969408761,0.11206049302650868,-18.246100543325525,-0.08324464948842185,1.1493675015123308,160.75751153850737,5.000710084109784e-05,4.782916827972205e-05,1.0,1.0,0.0,681.0414083060653,0.0,1.0,207.66347458730726,0.0,0.0,1.0
frame_1234.jpg,frame_1234,1234,D:\visualization2026\visualization\left_downsample2_Q37\frame_1234.jpg,D:\visualization2026\visualization\right_downsample2_Q37\frame_1234.jpg,D:\visualization2026\dowsample2_Q37\stitched_frames\frame_1234.jpg,D:\visualization2026\dowsample2_Q37_hess_matched\stitched_frames\frame_1234.jpg,2246,1452,-0.045539132350534084,0.036425958931579294,166.48733866392237,29.62133458719403,210.11628436318392,-19.007938800507645,-43.62894569926155,48.62927338770167,65.33216002127087,-31.010430708384472,49.881196945518745,58.73483311832207,0,1,-15.505215354192236,24.940598472759373,15.505215354192236,-24.940598472759373,0,0,65.33216002127087,1274.811327544837,662.9350178726907,1064.695043181653,681.9429566731983,12,12,1.1907929630563894,0.11368978131934088,-15.53972046083796,-0.1062241671047939,1.1363725008346246,196.1334597685872,2.7877593752326342e-05,5.133049271592225e-05,1.0,1.0,0.0,661.5052153541923,0.0,1.0,227.05940152724062,0.0,0.0,1.0
frame_1236.jpg,frame_1236,1236,D:\visualization2026\visualization\left_downsample2_Q37\frame_1236.jpg,D:\visualization2026\visualization\right_downsample2_Q37\frame_1236.jpg,D:\visualization2026\dowsample2_Q37\stitched_frames\frame_1236.jpg,D:\visualization2026\dowsample2_Q37_hess_matched\stitched_frames\frame_1236.jpg,2258,1442,-0.046375033860663106,0.036700878314684826,168.6080785382034,29.784285861974638,201.9919933459089,-20.587897107128697,-33.38391480770551,50.372182969103335,60.43047728556314,-31.85672928902732,49.67333568191026,59.01094372031437,0,1,-15.92836464451366,24.83666784095513,15.92836464451366,-24.83666784095513,0,0,60.43047728556314,1286.803339586341,653.356647392346,1084.8113462404322,673.9445444994747,12,12,1.2233978626326134,0.11485750790895913,-16.074584385011033,-0.09127906258204171,1.1539721913859817,172.16494000565862,4.4479445192064256e-05,5.2225278217989244e-05,1.0,1.0,0.0,673.9283646445136,0.0,1.0,217.16333215904487,0.0,0.0,1.0
frame_1238.jpg,frame_1238,1238,D:\visualization2026\visualization\left_downsample2_Q37\frame_1238.jpg,D:\visualization2026\visualization\right_downsample2_Q37\frame_1238.jpg,D:\visualization2026\dowsample2_Q37\stitched_frames\frame_1238.jpg,D:\visualization2026\dowsample2_Q37_hess_matched\stitched_frames\frame_1238.jpg,2227,1453,-0.047485898803363735,0.03707089914784423,171.43751045555595,30.005354134120196,200.74822512183118,-21.64065414449624,-29.31071466627523,51.646008278616435,59.38373653924717,-28.469059656615645,47.29841306510766,55.205318912306694,0,1,-14.234529828307823,23.64920653255383,14.234529828307823,-23.64920653255383,0,0,59.38373653924717,1249.009285727892,663.0385882797461,1048.2610606060607,684.6792424242424,12,12,1.1493998824755935,0.10103530987174288,-13.805721996724865,-0.11937039315357661,1.0973630716960927,214.7554145632751,1.250449482633458e-05,3.7534469787910176e-05,1.0,1.0,0.0,641.2345298283078,0.0,1.0,229.35079346744618,0.0,0.0,1.0
frame_1240.jpg,frame_1240,1240,D:\visualization2026\visualization\left_downsample2_Q37\frame_1240.jpg,D:\visualization2026\visualization\right_downsample2_Q37\frame_1240.jpg,D:\visualization2026\dowsample2_Q37\stitched_frames\frame_1240.jpg,D:\visualization2026\dowsample2_Q37_hess_matched\stitched_frames\frame_1240.jpg,2227,1453,-0.048515278369907766,0.037355073473413936,173.91994197627113,30.153430794527175,201.37324947234538,-20.970406778169718,-27.453307496074245,51.12383757269689,58.0287072114613,-17.521862157550597,42.81285986192937,46.25966518496871,0,1,-8.760931078775299,21.406429930964684,8.760931078775299,-21.406429930964684,0,0,58.0287072114613,1243.7540551073882,663.1283532188953,1042.3808056350429,684.098759997065,12,12,1.1494683270628385,0.10124075849863834,-8.33212324719234,-0.1193984379419878,1.0972788902654993,212.51263796168598,1.250449482633458e-05,3.7534469787910176e-05,1.0,1.0,0.0,635.7609310787753,0.0,1.0,231.5935700690353,0.0,0.0,1.0
frame_1242.jpg,frame_1242,1242,D:\visualization2026\visualization\left_downsample2_Q37\frame_1242.jpg,D:\visualization2026\visualization\right_downsample2_Q37\frame_1242.jpg,D:\visualization2026\dowsample2_Q37\stitched_frames\frame_1242.jpg,D:\visualization2026\dowsample2_Q37_hess_matched\stitched_frames\frame_1242.jpg,2267,1437,-0.04938537007392296,0.037354295219062306,175.4457896842708,30.045532353506978,184.0142052980325,-4.675230763912964,-8.568415613761687,34.72076311741994,35.76239837575417,-14.088324026108154,38.76210488767948,41.2429587831436,0,1,-7.044162013054077,19.38105244383974,7.044162013054077,-19.38105244383974,0,0,35.76239837575417,1255.0318970216467,649.8164169202176,1071.0176917236142,654.4916476841306,12,12,1.2082483576232055,0.11230348368376754,-6.881044852495236,-0.09351280872427456,1.1387122374275203,169.843381272351,4.186705591823684e-05,4.570454464333089e-05,1.0,1.0,0.0,674.0441620130541,0.0,1.0,204.61894755616026,0.0,0.0,1.0
frame_1244.jpg,frame_1244,1244,D:\visualization2026\visualization\left_downsample2_Q37\frame_1244.jpg,D:\visualization2026\visualization\right_downsample2_Q37\frame_1244.jpg,D:\visualization2026\dowsample2_Q37\stitched_frames\frame_1244.jpg,D:\visualization2026\dowsample2_Q37_hess_matched\stitched_frames\frame_1244.jpg,2265,1398,-0.05021231330510445,0.03712808428564163,176.36035991713248,29.724921390755444,165.2533181210688,3.523414018945232,11.107041796063697,26.201507371810212,28.45848495641556,-11.914316540354958,34.42243452353489,36.426020056421514,0,1,-5.957158270177479,17.211217261767445,5.957158270177479,-17.211217261767445,0,0,28.45848495641556,1240.727136488267,600.6346950618408,1075.4738183671982,597.1112810428956,12,12,1.2264395749157257,0.07954138244048918,-6.254402892846406,-0.06656339295083764,1.0772383159034729,125.97383031263468,7.32384909210075e-05,2.0884103331360855e-06,1.0,1.0,0.0,670.9571582701775,0.0,1.0,148.78878273823256,0.0,0.0,1.0
frame_1246.jpg,frame_1246,1246,D:\visualization2026\visualization\left_downsample2_Q37\frame_1246.jpg,D:\visualization2026\visualization\right_downsample2_Q37\frame_1246.jpg,D:\visualization2026\dowsample2_Q37\stitched_frames\frame_1246.jpg,D:\visualization2026\dowsample2_Q37_hess_matched\stitched_frames\frame_1246.jpg,2279,1442,-0.05068783136662247,0.03696324499453285,176.80369113861627,29.506941240643606,193.01991528910958,-0.6114668572103028,-16.216224150493304,30.11840809785391,34.20649692745391,-9.198819025202203,30.089320993807696,31.464035172349057,0,1,-4.599409512601102,15.044660496903848,4.599409512601102,-15.044660496903848,0,0,34.20649692745391,1282.4637065656898,648.1930182287902,1089.4437912765802,648.8044850860005,12,12,1.2542397541338886,0.1269802105991116,-4.104745176124044,-0.0833051147116223,1.1708417753630056,149.86473181209064,6.08044930875282e-05,5.578950258599007e-05,1.0,1.0,0.0,683.5994095126011,0.0,1.0,202.95533950309616,0.0,0.0,1.0
frame_1248.jpg,frame_1248,1248,D:\visualization2026\visualization\left_downsample2_Q37\frame_1248.jpg,D:\visualization2026\visualization\right_downsample2_Q37\frame_1248.jpg,D:\visualization2026\dowsample2_Q37\stitched_frames\frame_1248.jpg,D:\visualization2026\dowsample2_Q37_hess_matched\stitched_frames\frame_1248.jpg,2273,1441,-0.05047452027008492,0.03705765583961729,176.65343614599908,29.62451794388885,195.09411338350833,-0.3231385140046541,-18.44067723750925,29.947656457893505,35.16988348428244,-9.495664510460557,29.32946306977786,30.828315692828294,0,1,-4.7478322552302785,14.66473153488893,4.7478322552302785,-14.66473153488893,0,0,35.16988348428244,1266.408682680038,646.1839251678036,1071.3145692965297,646.5070636818083,12,12,1.248448133692931,0.12065561797929894,-5.039134760483208,-0.08247368337320271,1.1633185589184116,148.1940540825126,6.0675349427060885e-05,5.085453736702765e-05,1.0,1.0,0.0,677.7478322552303,0.0,1.0,201.33526846511108,0.0,0.0,1.0
frame_1250.jpg,frame_1250,1250,D:\visualization2026\visualization\left_downsample2_Q37\frame_1250.jpg,D:\visualization2026\visualization\right_downsample2_Q37\frame_1250.jpg,D:\visualization2026\dowsample2_Q37\stitched_frames\frame_1250.jpg,D:\visualization2026\dowsample2_Q37_hess_matched\stitched_frames\frame_1250.jpg,2241,1452,-0.049741551516027105,0.037268300231788176,175.8668866632602,29.918501508326003,189.74270658357068,0.46023158426510236,-13.875819920310477,29.4582699240609,32.56267871935164,-14.653675366415724,29.644529432899525,33.068539838377276,0,1,-7.326837683207862,14.822264716449762,7.326837683207862,-14.822264716449762,0,0,32.56267871935164,1235.621695742221,672.4780969072151,1045.8789891586503,672.01786532295,12,12,1.1617621705732195,0.11856643421819013,-7.26621157754679,-0.12153245657675903,1.1209251637940625,209.68204045537868,1.6367514195654382e-05,5.0110350844805193e-05,1.0,1.0,0.0,648.3268376832078,0.0,1.0,228.17773528355025,0.0,0.0,1.0
frame_1252.jpg,frame_1252,1252,D:\visualization2026\visualization\left_downsample2_Q37\frame_1252.jpg,D:\visualization2026\visualization\right_downsample2_Q37\frame_1252.jpg,D:\visualization2026\dowsample2_Q37\stitched_frames\frame_1252.jpg,D:\visualization2026\dowsample2_Q37_hess_matched\stitched_frames\frame_1252.jpg,2281,1454,-0.04913929521618088,0.03741287190520992,175.15288402235137,30.13248687990414,185.20552706240483,-0.7889866173666178,-10.052643040053454,30.921473497270757,32.51450684437876,-19.29761307349424,28.835506193665363,34.697035720349504,0,1,-9.64880653674712,14.417753096832682,9.64880653674712,-14.417753096832682,0,0,32.51450684437876,1265.949861543185,663.647688655152,1080.7443344807803,664.4366752725186,12,12,1.2423672546455522,0.14221568629598477,-9.464710738787208,-0.09355972513869179,1.1864988358867143,164.90870499269468,4.9595945059099244e-05,6.807103255044035e-05,1.0,1.0,0.0,690.6488065367471,0.0,1.0,221.58224690316732,0.0,0.0,1.0
frame_1254.jpg,frame_1254,1254,D:\visualization2026\visualization\left_downsample2_Q37\frame_1254.jpg,D:\visualization2026\visualization\right_downsample2_Q37\frame_1254.jpg,D:\visualization2026\dowsample2_Q37\stitched_frames\frame_1254.jpg,D:\visualization2026\dowsample2_Q37_hess_matched\stitched_frames\frame_1254.jpg,2262,1448,-0.04879945860490309,0.03743571940312984,174.61047751519172,30.19643223084108,189.29348999890385,2.4195930434225374,-14.683012483712133,27.776839187418542,31.418842289946916,-21.266461111624622,27.701257185730494,34.92308717570982,0,1,-10.633230555812311,13.850628592865247,10.633230555812311,-13.850628592865247,0,0,31.418842289946916,1239.1651651859825,660.3807696011761,1049.8716751870786,657.9611765577536,12,12,1.2123650973339388,0.12637890052609566,-10.756148131864343,-0.09958836202746474,1.1545193617006875,173.9681378751118,4.155438249714642e-05,5.572904059137452e-05,1.0,1.0,0.0,672.6332305558124,0.0,1.0,217.14937140713477,0.0,0.0,1.0
frame_1256.jpg,frame_1256,1256,D:\visualization2026\visualization\left_downsample2_Q37\frame_1256.jpg,D:\visualization2026\visualization\right_downsample2_Q37\frame_1256.jpg,D:\visualization2026\dowsample2_Q37\stitched_frames\frame_1256.jpg,D:\visualization2026\dowsample2_Q37_hess_matched\stitched_frames\frame_1256.jpg,2239,1449,-0.04803728630219051,0.037556608101014355,173.55943711663932,30.407205291127433,212.9953498025252,4.333913389444319,-39.43591268588588,26.073291901683113,47.27586868540005,-20.090500782857376,24.829763609092428,31.939714816970476,0,1,-10.045250391428688,12.414881804546214,10.045250391428688,-12.414881804546214,0,0,47.27586868540005,1233.3805080574439,664.7917833637813,1020.3851582549187,660.457869974337,12,12,1.1882615268062902,0.12503029069903707,-10.06239472467167,-0.1097874224351385,1.1380184804007811,189.1820948853175,3.2739310847807644e-05,5.324244933362989e-05,1.0,1.0,0.0,649.0452503914287,0.0,1.0,220.5851181954538,0.0,0.0,1.0
frame_1258.jpg,frame_1258,1258,D:\visualization2026\visualization\left_downsample2_Q37\frame_1258.jpg,D:\visualization2026\visualization\right_downsample2_Q37\frame_1258.jpg,D:\visualization2026\dowsample2_Q37\stitched_frames\frame_1258.jpg,D:\visualization2026\dowsample2_Q37_hess_matched\stitched_frames\frame_1258.jpg,2210,1446,-0.047501146185165766,0.03775245984583864,173.08333686424797,30.6626441482248,201.36825429240912,6.386232730005645,-28.28491742816115,24.276411418219155,37.27439745005324,-17.138498982564517,21.19162960739402,27.254601681043585,0,1,-8.569249491282259,10.59581480369701,8.569249491282259,-10.59581480369701,0,0,37.27439745005324,1204.0522844500513,671.5269683937023,1002.6840301576422,665.1407356636967,12,12,1.1282694173874332,0.10868856221652105,-8.052697984200032,-0.1287146988714019,1.091895846066505,216.99747183532466,7.378386916035399e-06,4.0274189265314935e-05,1.0,1.0,0.0,618.5692494912822,0.0,1.0,228.404185196303,0.0,0.0,1.0
frame_1260.jpg,frame_1260,1260,D:\visualization2026\visualization\left_downsample2_Q37\frame_1260.jpg,D:\visualization2026\visualization\right_downsample2_Q37\frame_1260.jpg,D:\visualization2026\dowsample2_Q37\stitched_frames\frame_1260.jpg,D:\visualization2026\dowsample2_Q37_hess_matched\stitched_frames\frame_1260.jpg,2271,1458,-0.04779334575086769,0.037956690946922333,174.08153063615342,30.8241827680174,182.07754891262766,15.723380727146832,-7.996018276474246,15.100802040870569,17.087145184473354,-14.432760440921232,18.148993320122212,23.188155003769953,0,1,-7.216380220460616,9.074496660061106,7.216380220460616,-9.074496660061106,0,0,17.087145184473354,1234.781236421737,667.7588711804335,1052.7036875091094,652.0354904532867,12,12,1.2099527522056364,0.1307230997080008,-6.7379031181470115,-0.1060753892825829,1.1600473469743469,179.31371750174455,3.933389663696195e-05,5.935856838286054e-05,1.0,1.0,0.0,678.2163802204606,0.0,1.0,216.9255033399389,0.0,0.0,1.0
frame_1262.jpg,frame_1262,1262,D:\visualization2026\visualization\left_downsample2_Q37\frame_1262.jpg,D:\visualization2026\visualization\right_downsample2_Q37\frame_1262.jpg,D:\visualization2026\dowsample2_Q37\stitched_frames\frame_1262.jpg,D:\visualization2026\dowsample2_Q37_hess_matched\stitched_frames\frame_1262.jpg,2253,1448,-0.04872790504505309,0.038123744910525614,176.11925711212703,30.87066358300135,171.4118911507162,18.139860094222627,4.707365961410829,12.730803488778722,13.573232914989331,-8.362095724128597,15.315705387792995,17.44979875027678,0,1,-4.181047862064299,7.657852693896498,4.181047862064299,-7.657852693896498,0,0,13.573232914989331,1216.9785223186254,661.4916527814786,1045.5666311679092,643.351792687256,12,12,1.1833747169219357,0.11448207166339017,-3.793883771947714,-0.1112612399939037,1.1261535020042421,185.88056535342352,3.1996868016156975e-05,4.674968938105778e-05,1.0,1.0,0.0,657.1810478620642,0.0,1.0,210.3421473061035,0.0,0.0,1.0
frame_1264.jpg,frame_1264,1264,D:\visualization2026\visualization\left_downsample2_Q37\frame_1264.jpg,D:\visualization2026\visualization\right_downsample2_Q37\frame_1264.jpg,D:\visualization2026\dowsample2_Q37\stitched_frames\frame_1264.jpg,D:\visualization2026\dowsample2_Q37_hess_matched\stitched_frames\frame_1264.jpg,2257,1447,-0.049694940560144785,0.038344993594152665,178.34274512069072,30.96555929756026,179.49706489618643,18.401901546500767,-1.1543197754957077,12.563657751059495,12.616574425328684,-8.985090162576114,12.444792086848,15.34942003186103,0,1,-4.492545081288057,6.222396043424,4.492545081288057,-6.222396043424,0,0,12.616574425328684,1216.6797468223363,659.3536038426212,1037.1826819261498,640.9517022961204,12,12,1.203220082872683,0.12416939794803176,-4.0553864561458965,-0.10413827145497127,1.1423568072840822,173.40464789090697,4.118189310349382e-05,5.199735286084373e-05,1.0,1.0,0.0,661.4925450812881,0.0,1.0,209.777603956576,0.0,0.0,1.0
frame_1266.jpg,frame_1266,1266,D:\visualization2026\visualization\left_downsample2_Q37\frame_1266.jpg,D:\visualization2026\visualization\right_downsample2_Q37\frame_1266.jpg,D:\visualization2026\dowsample2_Q37\stitched_frames\frame_1266.jpg,D:\visualization2026\dowsample2_Q37_hess_matched\stitched_frames\frame_1266.jpg,2341,1436,-0.05023912651877205,0.0387301368666334,180.21313247907838,31.271035737735748,189.2957215810011,19.36418349769872,-9.082589101922707,11.90685224003703,14.975531879049903,-10.32435273279553,11.220696954534672,15.247829337210138,0,1,-5.162176366397765,5.610348477267336,5.162176366397765,-5.610348477267336,0,0,14.975531879049903,1308.674620105267,618.2817249551762,1119.3788985242659,598.9175414574775,12,12,1.372182089458057,0.13723401333020913,-5.015126785226292,-0.040393080041459486,1.2068789151459864,71.0889561740704,0.00011626942082103634,4.508027071876502e-05,1.0,1.0,0.0,746.1621763663977,0.0,1.0,168.38965152273266,0.0,0.0,1.0
frame_1268.jpg,frame_1268,1268,D:\visualization2026\visualization\left_downsample2_Q37\frame_1268.jpg,D:\visualization2026\visualization\right_downsample2_Q37\frame_1268.jpg,D:\visualization2026\dowsample2_Q37\stitched_frames\frame_1268.jpg,D:\visualization2026\dowsample2_Q37_hess_matched\stitched_frames\frame_1268.jpg,2225,1440,-0.050675668302285204,0.039255310769313434,182.2271638655965,31.725197653341766,213.62705348599525,21.803352739847583,-31.39988962039874,9.921844913494184,32.930169672515426,-13.902956613717278,10.264965300849695,17.281831940814413,0,1,-6.951478306858639,5.132482650424848,6.951478306858639,-5.132482650424848,0,0,32.930169672515426,1212.3688113348117,635.9686248559887,998.7417578488164,614.1652721161411,12,12,1.2530110633014435,0.0703711994452382,-7.017200820993316,-0.07186138322093698,1.159115617809032,120.34724638033396,7.472681782800233e-05,3.8208408452448104e-05,1.0,1.0,0.0,631.9514783068587,0.0,1.0,183.86751734957517,0.0,0.0,1.0
frame_1270.jpg,frame_1270,1270,D:\visualization2026\visualization\left_downsample2_Q37\frame_1270.jpg,D:\visualization2026\visualization\right_downsample2_Q37\frame_1270.jpg,D:\visualization2026\dowsample2_Q37\stitched_frames\frame_1270.jpg,D:\visualization2026\dowsample2_Q37_hess_matched\stitched_frames\frame_1270.jpg,2237,1441,-0.05097895665985264,0.039701727020008404,183.82014079922152,32.119598780490456,198.51247192679284,23.13927240118653,-14.692331127571322,8.980326379303925,17.21949058018335,-18.19083143186613,9.466519745811283,20.50661708523382,0,1,-9.095415715933065,4.733259872905641,9.095415715933065,-4.733259872905641,0,0,17.21949058018335,1208.240774084035,656.631066280639,1009.7283021572421,633.4917938794524,12,12,1.172549924157835,0.12090881297464065,-8.934002330600585,-0.11205924785814945,1.121874128199973,184.26367311389478,3.127389881626704e-05,4.866527205746938e-05,1.0,1.0,0.0,646.0954157159331,0.0,1.0,204.26674012709435,0.0,0.0,1.0
frame_1272.jpg,frame_1272,1272,D:\visualization2026\visualization\left_downsample2_Q37\frame_1272.jpg,D:\visualization2026\visualization\right_downsample2_Q37\frame_1272.jpg,D:\visualization2026\dowsample2_Q37\stitched_frames\frame_1272.jpg,D:\visualization2026\dowsample2_Q37_hess_matched\stitched_frames\frame_1272.jpg,2236,1435,-0.05105554963384695,0.039889976986145936,184.40181176359124,32.29223179074917,197.58746520678915,24.34008657039533,-13.185653443197907,7.952145220353842,15.397989165138195,-22.127421425843565,8.661066442051984,23.762088520803886,0,1,-11.063710712921782,4.330533221025992,11.063710712921782,-4.330533221025992,0,0,15.397989165138195,1206.6204138968246,649.6831448474836,1009.0329486900355,625.3430582770883,12,12,1.1751736741281666,0.11640600498327751,-11.104440984865299,-0.10755403714900903,1.1153447662153286,176.34910559843638,3.513000910225445e-05,4.388715225477575e-05,1.0,1.0,0.0,647.0637107129218,0.0,1.0,196.669466778974,0.0,0.0,1.0
frame_1274.jpg,frame_1274,1274,D:\visualization2026\visualization\left_downsample2_Q37\frame_1274.jpg,D:\visualization2026\visualization\right_downsample2_Q37\frame_1274.jpg,D:\visualization2026\dowsample2_Q37\stitched_frames\frame_1274.jpg,D:\visualization2026\dowsample2_Q37_hess_matched\stitched_frames\frame_1274.jpg,2241,1441,-0.05090447212935423,0.03998410608148972,184.36015645728878,32.40187236622114,206.95385032352874,23.83044239035371,-22.59369386623996,8.571429975867431,24.164941844593127,-13.011325526185994,7.7855027051928385,15.162738681417162,0,1,-6.505662763092997,3.8927513525964192,6.505662763092997,-3.8927513525964192,0,0,24.164941844593127,1215.4707627895937,644.7848777854671,1008.5169124660649,620.9544353951134,12,12,1.2085447241734826,0.1161064295694161,-5.86234111317182,-0.09687487569778931,1.1364796565232191,159.29770425753028,5.1715189725844006e-05,4.523098613389229e-05,1.0,1.0,0.0,647.505662763093,0.0,1.0,193.1072486474036,0.0,0.0,1.0
frame_1276.jpg,frame_1276,1276,D:\visualization2026\visualization\left_downsample2_Q37\frame_1276.jpg,D:\visualization2026\visualization\right_downsample2_Q37\frame_1276.jpg,D:\visualization2026\dowsample2_Q37\stitched_frames\frame_1276.jpg,D:\visualization2026\dowsample2_Q37_hess_matched\stitched_frames\frame_1276.jpg,2239,1445,-0.05068407213243442,0.04008506316464111,184.21300552283543,32.526653175959574,212.9785445946453,24.647067454719036,-28.765539071809883,7.879585721240538,29.825226054972305,-7.490542395079355,6.990100520507701,10.245473666906923,0,1,-3.7452711975396773,3.4950502602538505,3.7452711975396773,-3.4950502602538505,0,0,29.825226054972305,1207.705040321141,651.4445468115205,994.7264957264957,626.7974793568014,12,12,1.2086615922527093,0.12709938486842975,-3.398205261845232,-0.10017144467730425,1.1494785186557395,163.75259737830524,4.8752986563648534e-05,5.461314310736187e-05,1.0,1.0,0.0,642.7452711975396,0.0,1.0,200.50494973974614,0.0,0.0,1.0
frame_1278.jpg,frame_1278,1278,D:\visualization2026\visualization\left_downsample2_Q37\frame_1278.jpg,D:\visualization2026\visualization\right_downsample2_Q37\frame_1278.jpg,D:\visualization2026\dowsample2_Q37\stitched_frames\frame_1278.jpg,D:\visualization2026\dowsample2_Q37_hess_matched\stitched_frames\frame_1278.jpg,2259,1445,-0.05057938801936823,0.04020631246630202,184.31723153105187,32.656809883260465,170.13664165316277,27.112783654062014,14.180589877889105,5.544026229198451,15.225812166020285,-4.8968001964214,6.792811013002147,8.373824312823617,0,1,-2.4484000982107,3.3964055065010736,2.4484000982107,-3.3964055065010736,0,0,15.225812166020285,1200.571493424674,656.8279680358407,1030.4348517715111,629.7151843817787,12,12,1.1903039127235366,0.12595850184553292,-2.252164230354938,-0.10785066230828612,1.1382505882147564,176.56697515306735,3.876386758735633e-05,5.432089478950077e-05,1.0,1.0,0.0,661.4484000982108,0.0,1.0,205.60359449349892,0.0,0.0,1.0
frame_1280.jpg,frame_1280,1280,D:\visualization2026\visualization\left_downsample2_Q37\frame_1280.jpg,D:\visualization2026\visualization\right_downsample2_Q37\frame_1280.jpg,D:\visualization2026\dowsample2_Q37\stitched_frames\frame_1280.jpg,D:\visualization2026\dowsample2_Q37_hess_matched\stitched_frames\frame_1280.jpg,2255,1441,-0.050761912496544714,0.0401009210869846,184.3873473660448,32.53240457622189,171.47576283808291,27.529089120343656,12.911584527961878,5.003315455878237,13.847100078129522,0.5093675082649326,6.238406474708751,6.259166925571173,0,1,0.2546837541324663,3.1192032373543754,-0.2546837541324663,-3.1192032373543754,0,0,13.847100078129522,1186.3673074835035,649.2803093328042,1014.8915446454206,621.7512202124606,12,12,1.194215256234532,0.11688130067804503,0.06945757228360488,-0.10209802043716419,1.133436930991588,166.64949676491523,4.419181622562521e-05,4.774035976025721e-05,1.0,1.0,0.0,654.7453162458676,0.0,1.0,198.88079676264562,0.0,0.0,1.0
frame_1282.jpg,frame_1282,1282,D:\visualization2026\visualization\left_downsample2_Q37\frame_1282.jpg,D:\visualization2026\visualization\right_downsample2_Q37\frame_1282.jpg,D:\visualization2026\dowsample2_Q37\stitched_frames\frame_1282.jpg,D:\visualization2026\dowsample2_Q37_hess_matched\stitched_frames\frame_1282.jpg,2253,1437,-0.05107346176413097,0.03994433981538037,184.56240118787653,32.34260274292329,184.77934363778468,25.376905060097215,-0.21694244990814582,6.965697682826075,6.969075134843985,6.291905689558764,6.230567268861817,8.854831771305095,0,1,3.145952844779382,3.1152836344309085,-3.145952844779382,-3.1152836344309085,0,0,6.969075134843985,1198.3236500995822,642.9699030254378,1013.5443064617975,617.5929979653406,12,12,1.192854758558134,0.11468283220691292,2.808766814581796,-0.10271837698355413,1.1276768191434496,167.11916650025418,4.413428955362057e-05,4.633637174012026e-05,1.0,1.0,0.0,649.8540471552207,0.0,1.0,194.8847163655691,0.0,0.0,1.0
frame_1284.jpg,frame_1284,1284,D:\visualization2026\visualization\left_downsample2_Q37\frame_1284.jpg,D:\visualization2026\visualization\right_downsample2_Q37\frame_1284.jpg,D:\visualization2026\dowsample2_Q37\stitched_frames\frame_1284.jpg,D:\visualization2026\dowsample2_Q37_hess_matched\stitched_frames\frame_1284.jpg,2245,1438,-0.051321412815428125,0.03999804075869118,185.12531784182778,32.364005858705134,180.68817318463607,26.564598574304682,4.437144657191709,5.799407284400452,7.302148831624973,-0.36071681413445145,6.082020629500266,6.092708064372206,0,1,-0.18035840706722572,3.041010314750133,0.18035840706722572,-3.041010314750133,0,0,7.302148831624973,1180.1545254565126,649.5143702638024,999.4663522718765,622.9497716894978,12,12,1.1660182793492109,0.11547465464721428,0.16894448667908657,-0.11269053076248034,1.112380332658398,183.63888307391105,3.1842753718491975e-05,4.482624820378746e-05,1.0,1.0,0.0,645.1803584070673,0.0,1.0,200.95898968524986,0.0,0.0,1.0
frame_1286.jpg,frame_1286,1286,D:\visualization2026\visualization\left_downsample2_Q37\frame_1286.jpg,D:\visualization2026\visualization\right_downsample2_Q37\frame_1286.jpg,D:\visualization2026\dowsample2_Q37\stitched_frames\frame_1286.jpg,D:\visualization2026\dowsample2_Q37_hess_matched\stitched_frames\frame_1286.jpg,2252,1443,-0.05147018369387024,0.04032969857641955,186.17438488854697,32.666446763709736,186.0272330538877,24.82605707170387,0.14715183465926884,7.840389692005864,7.841770475151348,-6.777735549442866,6.064288717695554,9.094685086892849,0,1,-3.388867774721433,3.032144358847777,3.388867774721433,-3.032144358847777,0,0,7.841770475151348,1186.439858471948,653.9757923002435,1000.4126254180602,629.1497352285396,12,12,1.1753745227943555,0.12235304732426451,-3.210080488336274,-0.11084815629682448,1.1277306364061004,180.65671532168287,3.3017468732321484e-05,5.0774697030643076e-05,1.0,1.0,0.0,655.3888677747215,0.0,1.0,206.96785564115223,0.0,0.0,1.0
frame_1288.jpg,frame_1288,1288,D:\visualization2026\visualization\left_downsample2_Q37\frame_1288.jpg,D:\visualization2026\visualization\right_downsample2_Q37\frame_1288.jpg,D:\visualization2026\dowsample2_Q37\stitched_frames\frame_1288.jpg,D:\visualization2026\dowsample2_Q37_hess_matched\stitched_frames\frame_1288.jpg,2244,1439,-0.051692365465527135,0.04073159835696061,187.51920647793358,33.027781748657695,206.60172911851055,28.226488716267,-19.08252264057697,4.801293032390696,19.677273314944223,-9.975798537028096,5.793735605564301,11.536200792225983,0,1,-4.987899268514048,2.8968678027821504,4.987899268514048,-2.8968678027821504,0,0,19.677273314944223,1192.7972705197844,641.5191992612068,986.1955414012739,613.2927105449398,12,12,1.2125321181349855,0.12715978634866637,-4.982456997164355,-0.09495535950660926,1.1473451367991416,155.07170452763492,5.513051997599992e-05,5.198762409960382e-05,1.0,1.0,0.0,648.9878992685141,0.0,1.0,192.10313219721786,0.0,0.0,1.0
frame_1290.jpg,frame_1290,1290,D:\visualization2026\visualization\left_downsample2_Q37\frame_1290.jpg,D:\visualization2026\visualization\right_downsample2_Q37\frame_1290.jpg,D:\visualization2026\dowsample2_Q37\stitched_frames\frame_1290.jpg,D:\visualization2026\dowsample2_Q37_hess_matched\stitched_frames\frame_1290.jpg,2234,1446,-0.05219057467109245,0.04101428511062444,189.06548177758765,33.23982965690673,208.23899092616784,28.325173760052053,-19.173509148580195,4.914655896854676,19.79336494018076,-13.628435698828975,5.131188031717995,14.56239507134599,0,1,-6.814217849414487,2.5655940158589976,6.814217849414487,-2.5655940158589976,0,0,19.79336494018076,1178.7744489253237,653.7111312667356,970.5354579991558,625.3859575066836,12,12,1.187716854564712,0.12925457259391865,-6.988060447384439,-0.10774912225849702,1.1427020008744349,174.99177870788964,4.0676362938038206e-05,5.599540409177018e-05,1.0,1.0,0.0,640.8142178494145,0.0,1.0,205.434405984141,0.0,0.0,1.0
frame_1292.jpg,frame_1292,1292,D:\visualization2026\visualization\left_downsample2_Q37\frame_1292.jpg,D:\visualization2026\visualization\right_downsample2_Q37\frame_1292.jpg,D:\visualization2026\dowsample2_Q37\stitched_frames\frame_1292.jpg,D:\visualization2026\dowsample2_Q37_hess_matched\stitched_frames\frame_1292.jpg,2224,1445,-0.053220665016043056,0.041531796529583054,192.10345621102167,33.61348945685484,208.31071359885595,28.000557334685027,-16.20725738783429,5.612932122169816,17.151682105367826,-22.443659615229013,4.9940829547748375,22.992579704840306,0,1,-11.221829807614506,2.4970414773874188,11.221829807614506,-2.4970414773874188,0,0,17.151682105367826,1156.387130783787,654.2103650407398,948.076417184931,626.2098077060548,12,12,1.170119621741198,0.12499919538058764,-11.106046428203593,-0.11038453084477058,1.1329265510012119,179.17231983169575,3.611122188190337e-05,5.223338964233493e-05,1.0,1.0,0.0,635.2218298076145,0.0,1.0,206.50295852261257,0.0,0.0,1.0
frame_1294.jpg,frame_1294,1294,D:\visualization2026\visualization\left_downsample2_Q37\frame_1294.jpg,D:\visualization2026\visualization\right_downsample2_Q37\frame_1294.jpg,D:\visualization2026\dowsample2_Q37\stitched_frames\frame_1294.jpg,D:\visualization2026\dowsample2_Q37_hess_matched\stitched_frames\frame_1294.jpg,2217,1434,-0.054273497444544794,0.042129592019817697,195.37207664932143,34.061995018244644,209.19811780113412,31.575325603075726,-13.826041151812689,2.486669415168919,14.047880221298673,-23.378040504166947,6.082505502461462,24.156358396950985,0,1,-11.689020252083473,3.041252751230731,11.689020252083473,-3.041252751230731,0,0,14.047880221298673,1155.6528535415841,640.8658989752817,946.45473574045,609.2905733722059,12,12,1.1649280402719653,0.11154759467215435,-11.542341853183466,-0.10983991234264665,1.1091565378923787,178.3538723283806,3.673545397240829e-05,4.189940928148151e-05,1.0,1.0,0.0,628.6890202520834,0.0,1.0,192.95874724876927,0.0,0.0,1.0
frame_1296.jpg,frame_1296,1296,D:\visualization2026\visualization\left_downsample2_Q37\frame_1296.jpg,D:\visualization2026\visualization\right_downsample2_Q37\frame_1296.jpg,D:\visualization2026\dowsample2_Q37\stitched_frames\frame_1296.jpg,D:\visualization2026\dowsample2_Q37_hess_matched\stitched_frames\frame_1296.jpg,2132,1412,-0.05471787640347259,0.04246017999056084,196.93762734441432,34.32699914252275,240.86659509175524,27.17213483523267,-43.92896774734092,7.154864307290083,44.50782280231928,-22.28941589309447,6.219205433444071,23.140798972349955,0,1,-11.144707946547236,3.1096027167220357,11.144707946547236,-3.1096027167220357,0,0,44.50782280231928,1101.3364727675962,617.4095201563335,860.469877675841,590.2373853211009,12,12,1.108060264773989,0.022180006424845477,-11.376018230284693,-0.11115056133007689,1.04377373125164,181.2146090247804,2.6483626961532326e-05,1.1234579606679639e-05,1.0,1.0,0.0,543.1447079465472,0.0,1.0,173.89039728327796,0.0,0.0,1.0
frame_1298.jpg,frame_1298,1298,D:\visualization2026\visualization\left_downsample2_Q37\frame_1298.jpg,D:\visualization2026\visualization\right_downsample2_Q37\frame_1298.jpg,D:\visualization2026\dowsample2_Q37\stitched_frames\frame_1298.jpg,D:\visualization2026\dowsample2_Q37_hess_matched\stitched_frames\frame_1298.jpg,2252,1438,-0.054531501485993616,0.04251968691830821,196.75175191304737,34.407501713442514,220.506178998314,24.1640959426187,-23.754427085266627,10.243405770823813,25.868903493093697,-21.51142789057286,6.397164792194415,22.44248754638861,0,1,-10.75571394528643,3.1985823960972075,10.75571394528643,-3.1985823960972075,0,0,25.868903493093697,1189.3086370318872,632.8641109306283,968.8024580335732,608.7000149880096,12,12,1.2174487295246563,0.12657256676133447,-10.218539241374884,-0.09044203705378584,1.1591225862919263,148.67760529341285,5.7255057937850847e-05,5.704895958644967e-05,1.0,1.0,0.0,662.7557139452864,0.0,1.0,192.8014176039028,0.0,0.0,1.0
frame_1300.jpg,frame_1300,1300,D:\visualization2026\visualization\left_downsample2_Q37\frame_1300.jpg,D:\visualization2026\visualization\right_downsample2_Q37\frame_1300.jpg,D:\visualization2026\dowsample2_Q37\stitched_frames\frame_1300.jpg,D:\visualization2026\dowsample2_Q37_hess_matched\stitched_frames\frame_1300.jpg,2243,1437,-0.054208120738417964,0.042509793718948696,196.16046251056798,34.43775565637771,209.8908486037858,28.839600104609985,-13.730386093217817,5.598155551767725,14.82777285537572,-21.128764602296858,6.8836760760190545,22.22182913125807,0,1,-10.564382301148429,3.4418380380095273,10.564382301148429,-3.4418380380095273,0,0,14.82777285537572,1180.3602287935842,636.150246605203,970.4693801897984,607.3106465005931,12,12,1.1962113365591784,0.12377721167838826,-10.389840959946513,-0.10025703052738885,1.1423128041570907,164.2859763118207,4.718421357021035e-05,5.4687173841918345e-05,1.0,1.0,0.0,653.5643823011484,0.0,1.0,194.55816196199046,0.0,0.0,1.0
frame_1302.jpg,frame_1302,1302,D:\visualization2026\visualization\left_downsample2_Q37\frame_1302.jpg,D:\visualization2026\visualization\right_downsample2_Q37\frame_1302.jpg,D:\visualization2026\dowsample2_Q37\stitched_frames\frame_1302.jpg,D:\visualization2026\dowsample2_Q37_hess_matched\stitched_frames\frame_1302.jpg,2232,1441,-0.05420697662797558,0.0425889430614228,196.3464738644883,34.51444539026302,208.66379123971456,28.011716474341483,-12.317317375226253,6.502728915921537,13.928452558558421,-18.156953268503184,5.1427888136444455,18.871227537612782,0,1,-9.078476634251592,2.5713944068222228,9.078476634251592,-2.5713944068222228,0,0,13.928452558558421,1162.230090799186,642.406283287851,953.5662995594714,614.3945668135095,12,12,1.1722350321689934,0.12363421317351887,-8.614248846132204,-0.10625515895059875,1.1368739661093987,173.0186438429361,3.820437619501443e-05,5.4030265506514035e-05,1.0,1.0,0.0,641.0784766342516,0.0,1.0,203.42860559317776,0.0,0.0,1.0
frame_1304.jpg,frame_1304,1304,D:\visualization2026\visualization\left_downsample2_Q37\frame_1304.jpg,D:\visualization2026\visualization\right_downsample2_Q37\frame_1304.jpg,D:\visualization2026\dowsample2_Q37\stitched_frames\frame_1304.jpg,D:\visualization2026\dowsample2_Q37_hess_matched\stitched_frames\frame_1304.jpg,2259,1461,-0.054596679621398136,0.04281004105119657,197.55593045929385,34.68028985662456,209.4686551697265,29.761064022332448,-11.912724710432656,4.919225834292114,12.88843639994083,-19.148102378474412,2.438883027073365,19.302797080119866,0,1,-9.574051189237206,1.2194415135366825,9.574051189237206,-1.2194415135366825,0,0,12.88843639994083,1183.3120277542675,670.5921328629122,973.843372584541,640.8310688405797,12,12,1.1846898310737322,0.16958029917741563,-9.156537031548009,-0.1200612331748853,1.1855595833240955,193.22993220367778,2.7310732712656893e-05,8.786134896349371e-05,1.0,1.0,0.0,668.5740511892373,0.0,1.0,231.78055848646332,0.0,0.0,1.0
frame_1306.jpg,frame_1306,1306,D:\visualization2026\visualization\left_downsample2_Q37\frame_1306.jpg,D:\visualization2026\visualization\right_downsample2_Q37\frame_1306.jpg,D:\visualization2026\dowsample2_Q37\stitched_frames\frame_1306.jpg,D:\visualization2026\dowsample2_Q37_hess_matched\stitched_frames\frame_1306.jpg,2210,1448,-0.05506522333836672,0.04306353242012817,198.98076548323434,34.8677547106522,228.0506765616069,36.41732671523516,-29.06991107837257,-1.5495720045829628,29.111181760654713,-18.610912706384827,0.6972048261075297,18.623967523978983,0,1,-9.305456353192413,0.3486024130537648,9.305456353192413,-0.3486024130537648,0,0,29.111181760654713,1147.293980635431,653.9216406172533,919.243304073824,617.5043139020181,12,12,1.1571827331967017,0.13123773544313375,-9.430752486265293,-0.11710679327076362,1.1393089415149338,187.89000616349898,2.7896742896334698e-05,6.154844478895118e-05,1.0,1.0,0.0,619.3054563531924,0.0,1.0,209.65139758694625,0.0,0.0,1.0
frame_1308.jpg,frame_1308,1308,D:\visualization2026\visualization\left_downsample2_Q37\frame_1308.jpg,D:\visualization2026\visualization\right_downsample2_Q37\frame_1308.jpg,D:\visualization2026\dowsample2_Q37\stitched_frames\frame_1308.jpg,D:\visualization2026\dowsample2_Q37_hess_matched\stitched_frames\frame_1308.jpg,2211,1443,-0.055342789369469125,0.04323371951919086,199.87239395604723,34.998169882242784,228.58256659117,38.27429304427437,-28.710172635122774,-3.2761231620315883,28.896487601633392,-15.952093646466727,-2.070416694278171,16.085891861926395,0,1,-7.9760468232333634,-1.0352083471390856,7.9760468232333634,1.0352083471390856,0,0,28.896487601633392,1142.0765032962868,647.2863456914201,913.4939367051168,609.0120526471458,12,12,1.1624817276643138,0.1265394186316771,-7.833468433749121,-0.11493099618796254,1.1316961160175176,182.94198366884692,3.2557910624639e-05,5.712265929040255e-05,1.0,1.0,0.0,618.9760468232333,0.0,1.0,203.03520834713908,0.0,0.0,1.0
frame_1310.jpg,frame_1310,1310,D:\visualization2026\visualization\left_downsample2_Q37\frame_1310.jpg,D:\visualization2026\visualization\right_downsample2_Q37\frame_1310.jpg,D:\visualization2026\dowsample2_Q37\stitched_frames\frame_1310.jpg,D:\visualization2026\dowsample2_Q37_hess_matched\stitched_frames\frame_1310.jpg,2210,1438,-0.0553819634442565,0.04339160066110381,200.3162237814513,35.14603973155093,211.3606615142212,38.25627518461238,-11.044437732769893,-3.110235453061449,11.474021501047996,-18.410858482711664,-2.5951257232028913,18.592858510451407,0,1,-9.205429241355832,-1.2975628616014456,9.205429241355832,1.2975628616014456,0,0,11.474021501047996,1112.8530342675817,648.0088050139432,901.4923727533605,609.7525298293308,12,12,1.134405690584445,0.11272473726239009,-8.72981372475539,-0.11842483634167247,1.1118714661640887,188.21422493095372,2.1814789739462104e-05,5.008440249617155e-05,1.0,1.0,0.0,619.2054292413559,0.0,1.0,205.29756286160145,0.0,0.0,1.0
frame_1312.jpg,frame_1312,1312,D:\visualization2026\visualization\left_downsample2_Q37\frame_1312.jpg,D:\visualization2026\visualization\right_downsample2_Q37\frame_1312.jpg,D:\visualization2026\dowsample2_Q37\stitched_frames\frame_1312.jpg,D:\visualization2026\dowsample2_Q37_hess_matched\stitched_frames\frame_1312.jpg,2210,1424,-0.05536597845522917,0.04359412811417218,200.76926381492765,35.343881467414555,199.7924858905634,42.679260153421524,0.9767779243642565,-7.335378686006969,7.40012672733722,-15.084127889019301,-2.685900873084979,15.32138954769862,0,1,-7.542063944509651,-1.3429504365424896,7.542063944509651,1.3429504365424896,0,0,7.40012672733722,1106.9466165022045,627.3160473733018,907.1541306116411,584.6367872198803,12,12,1.1543124862828522,0.10064254676651908,-7.744633014691417,-0.10150535640723775,1.1052198970437446,161.137185184472,4.052545506053976e-05,3.8111051121123795e-05,1.0,1.0,0.0,617.5420639445097,0.0,1.0,183.34295043654248,0.0,0.0,1.0
frame_1314.jpg,frame_1314,1314,D:\visualization2026\visualization\left_downsample2_Q37\frame_1314.jpg,D:\visualization2026\visualization\right_downsample2_Q37\frame_1314.jpg,D:\visualization2026\dowsample2_Q37\stitched_frames\frame_1314.jpg,D:\visualization2026\dowsample2_Q37_hess_matched\stitched_frames\frame_1314.jpg,2212,1436,-0.055433653408006434,0.043778394733879566,201.32581414076913,35.51376019885525,225.53236303242647,33.21807950918674,-24.20654889165735,2.295680689668515,24.315163151274856,-10.566138636326214,-2.0127240245682447,10.756130516181912,0,1,-5.283069318163107,-1.0063620122841224,5.283069318163107,1.0063620122841224,0,0,24.315163151274856,1128.4753970396353,636.606341537082,902.9430340072088,603.3882620278953,12,12,1.137663715921054,0.11512287101869077,-5.206442224093812,-0.1167588561901274,1.1152067435644402,185.38343694722417,2.2823284005518472e-05,5.155649381808096e-05,1.0,1.0,0.0,617.2830693181631,0.0,1.0,204.00636201228411,0.0,0.0,1.0
frame_1316.jpg,frame_1316,1316,D:\visualization2026\visualization\left_downsample2_Q37\frame_1316.jpg,D:\visualization2026\visualization\right_downsample2_Q37\frame_1316.jpg,D:\visualization2026\dowsample2_Q37\stitched_frames\frame_1316.jpg,D:\visualization2026\dowsample2_Q37_hess_matched\stitched_frames\frame_1316.jpg,2192,1434,-0.0556766174612523,0.043939710207977156,202.1356142338987,35.639856221403114,214.57187234380945,37.64330397539652,-12.436258109910739,-2.003447753993406,12.596599488723209,-3.181707988009765,-1.8231175451780417,3.667018312539652,0,1,-1.5908539940048825,-0.9115587725890208,1.5908539940048825,0.9115587725890208,0,0,12.596599488723209,1109.2276569944395,636.1053314668054,894.65578465063,598.4620274914089,12,12,1.1104492152820524,0.10166500772907755,-1.9983880118325117,-0.1250265729891818,1.0896545380119018,198.68299255178576,1.4408904315064645e-05,4.248743845088117e-05,1.0,1.0,0.0,593.5908539940049,0.0,1.0,202.91155877258902,0.0,0.0,1.0
frame_1318.jpg,frame_1318,1318,D:\visualization2026\visualization\left_downsample2_Q37\frame_1318.jpg,D:\visualization2026\visualization\right_downsample2_Q37\frame_1318.jpg,D:\visualization2026\dowsample2_Q37\stitched_frames\frame_1318.jpg,D:\visualization2026\dowsample2_Q37_hess_matched\stitched_frames\frame_1318.jpg,2219,1426,-0.05604574538030671,0.044086173978417964,203.1316509202481,35.736052296936016,209.25187729190543,35.64629121638393,-6.120226371657338,0.08976108055208698,6.120884567765661,1.8304673874492492,-1.1397725867584159,2.156314542463889,0,1,0.9152336937246246,-0.5698862933792079,-0.9152336937246246,0.5698862933792079,0,0,6.120884567765661,1118.0583090695602,620.8621185545134,908.8064317776548,585.2158273381294,12,12,1.1731259109227004,0.09073347512773457,1.0508065110770786,-0.09610906182102037,1.1285446308637508,153.37988967476127,4.3328502062278425e-05,4.819428577124797e-05,1.0,1.0,0.0,618.0847663062754,0.0,1.0,190.5698862933792,0.0,0.0,1.0
frame_1320.jpg,frame_1320,1320,D:\visualization2026\visualization\left_downsample2_Q37\frame_1320.jpg,D:\visualization2026\visualization\right_downsample2_Q37\frame_1320.jpg,D:\visualization2026\dowsample2_Q37\stitched_frames\frame_1320.jpg,D:\visualization2026\dowsample2_Q37_hess_matched\stitched_frames\frame_1320.jpg,2230,1428,-0.05647198407987919,0.044178602471196204,204.09960060161598,35.77295565901081,178.22188509280363,37.93515871512125,25.877715508812344,-2.1622030561104353,25.967889440824415,9.713232587667523,-4.04930822284049,10.523487273033114,0,1,4.856616293833762,-2.024654111420245,-4.856616293833762,2.024654111420245,0,0,25.967889440824415,1115.402889350254,630.939103117826,937.1810042574505,593.0039444027047,12,12,1.1490138590360612,0.1069709912950941,5.321773298612905,-0.10818122726314011,1.1212456803310866,171.11714217433402,2.9834843505802684e-05,5.268666601036064e-05,1.0,1.0,0.0,625.1433837061662,0.0,1.0,204.02465411142023,0.0,0.0,1.0
frame_1322.jpg,frame_1322,1322,D:\visualization2026\visualization\left_downsample2_Q37\frame_1322.jpg,D:\visualization2026\visualization\right_downsample2_Q37\frame_1322.jpg,D:\visualization2026\dowsample2_Q37\stitched_frames\frame_1322.jpg,D:\visualization2026\dowsample2_Q37_hess_matched\stitched_frames\frame_1322.jpg,2227,1425,-0.05709490575163756,0.04425831064757879,205.3826666026578,35.77333649466894,179.34501180099846,39.69199038857778,26.03765480165933,-3.9186538939088393,26.330881411578687,11.585567083343337,-8.16763089871765,14.175174042682366,0,1,5.792783541671668,-4.083815449358825,-5.792783541671668,4.083815449358825,0,0,26.330881411578687,1107.5311330131196,629.3950206916081,928.1861212121212,589.7030303030303,12,12,1.143739218797069,0.10337032957582959,6.010889079476159,-0.10961877560440948,1.1125737286960777,170.9030400157332,2.7002453661450674e-05,5.0037450149059896e-05,1.0,1.0,0.0,621.2072164583283,0.0,1.0,204.08381544935884,0.0,0.0,1.0
frame_1324.jpg,frame_1324,1324,D:\visualization2026\visualization\left_downsample2_Q37\frame_1324.jpg,D:\visualization2026\visualization\right_downsample2_Q37\frame_1324.jpg,D:\visualization2026\dowsample2_Q37\stitched_frames\frame_1324.jpg,D:\visualization2026\dowsample2_Q37_hess_matched\stitched_frames\frame_1324.jpg,2237,1438,-0.05786222525091311,0.04437575034843877,207.00889622612965,35.792427572911905,191.80161911669563,48.04442506365376,15.207277109434017,-12.251997490741857,19.528766463764693,12.319739476691177,-13.062576480875652,17.955692275494943,0,1,6.159869738345589,-6.531288240437826,-6.159869738345589,6.531288240437826,0,0,19.528766463764693,1123.908825169536,630.8641822178424,932.1072060528403,582.8197571541887,12,12,1.1762841630586458,0.1204740568831386,6.157808415824758,-0.10178270079722895,1.1461468715495924,155.66642285120574,4.1043572726229174e-05,5.8180475007103945e-05,1.0,1.0,0.0,630.8401302616544,0.0,1.0,200.53128824043782,0.0,0.0,1.0
frame_1326.jpg,frame_1326,1326,D:\visualization2026\visualization\left_downsample2_Q37\frame_1326.jpg,D:\visualization2026\visualization\right_downsample2_Q37\frame_1326.jpg,D:\visualization2026\dowsample2_Q37\stitched_frames\frame_1326.jpg,D:\visualization2026\dowsample2_Q37_hess_matched\stitched_frames\frame_1326.jpg,2186,1424,-0.05835167644839612,0.044488290469733904,208.13560904837405,35.84099760365756,211.21019467990573,58.436058737036774,-3.0745856315316757,-22.59506113337921,22.80328626375516,6.40044413461086,-16.40251986087914,17.607053782697694,0,1,3.20022206730543,-8.20125993043957,-3.20022206730543,8.20125993043957,0,0,22.80328626375516,1080.184902733394,617.3098410326742,868.9747080534883,558.8737822956374,12,12,1.1429163668475826,0.09721500828123479,2.9029161205868776,-0.10306553948924284,1.1037669024804588,155.7607175654246,3.974572199418811e-05,3.819593469803534e-05,1.0,1.0,0.0,582.7997779326946,0.0,1.0,177.20125993043956,0.0,0.0,1.0
frame_1328.jpg,frame_1328,1328,D:\visualization2026\visualization\left_downsample2_Q37\frame_1328.jpg,D:\visualization2026\visualization\right_downsample2_Q37\frame_1328.jpg,D:\visualization2026\dowsample2_Q37\stitched_frames\frame_1328.jpg,D:\visualization2026\dowsample2_Q37_hess_matched\stitched_frames\frame_1328.jpg,2193,1420,-0.05843889898410293,0.04463162538879584,208.62924705974672,35.96888232015519,211.07861146466485,60.3538491503931,-2.4493644049181285,-24.384966830237914,24.507672131393534,0.910222855420284,-19.473022181101932,19.49428373939954,0,1,0.455111427710142,-9.736511090550966,-0.455111427710142,9.736511090550966,0,0,24.507672131393534,1086.9575968330118,613.9425016326626,875.878985368347,553.5886524822695,12,12,1.1528115187593335,0.1007446162330042,0.7969683965363061,-0.09877781290581486,1.108822929354946,147.10077066562275,4.3955572299989105e-05,3.956567089722448e-05,1.0,1.0,0.0,592.5448885722899,0.0,1.0,174.73651109055098,0.0,0.0,1.0
frame_1330.jpg,frame_1330,1330,D:\visualization2026\visualization\left_downsample2_Q37\frame_1330.jpg,D:\visualization2026\visualization\right_downsample2_Q37\frame_1330.jpg,D:\visualization2026\dowsample2_Q37\stitched_frames\frame_1330.jpg,D:\visualization2026\dowsample2_Q37_hess_matched\stitched_frames\frame_1330.jpg,2220,1416,-0.05845772572300212,0.04484625445956858,209.17215663426452,36.17414124523791,212.89091783585377,55.03606120136578,-3.7187612015892455,-18.86191995612787,19.225015196504273,-1.234578475541241,-20.484098891909014,20.52126924499988,0,1,-0.6172892377706205,-10.242049445954507,0.6172892377706205,10.242049445954507,0,0,19.225015196504273,1109.752074860647,597.1987792913566,896.8611570247933,542.1627180899908,12,12,1.1749313878691507,0.09240812530521457,-0.6060661002832433,-0.08868162258948607,1.1173579217890977,130.19964330073924,5.2991594987749e-05,3.87977157897003e-05,1.0,1.0,0.0,620.6172892377706,0.0,1.0,164.2420494459545,0.0,0.0,1.0
frame_1332.jpg,frame_1332,1332,D:\visualization2026\visualization\left_downsample2_Q37\frame_1332.jpg,D:\visualization2026\visualization\right_downsample2_Q37\frame_1332.jpg,D:\visualization2026\dowsample2_Q37\stitched_frames\frame_1332.jpg,D:\visualization2026\dowsample2_Q37_hess_matched\stitched_frames\frame_1332.jpg,2219,1410,-0.058480104336114946,0.045032684058748274,209.6543143788442,36.3516898201622,211.06776597313774,55.62285531518501,-1.413451594293548,-19.271165495022807,19.32293106508349,2.1110600656365026,-19.974185317867903,20.08543386918129,0,1,1.0555300328182513,-9.987092658933951,-1.0555300328182513,9.987092658933951,0,0,19.32293106508349,1100.458967206388,590.1284286580049,889.3912012332503,534.5055733428198,12,12,1.1770396856263405,0.08527538281422535,1.550433878135391,-0.08287328644704693,1.1110242941513075,121.3859178273885,5.8229105932476984e-05,3.2564214329834434e-05,1.0,1.0,0.0,617.9444699671817,0.0,1.0,156.98709265893396,0.0,0.0,1.0
frame_1334.jpg,frame_1334,1334,D:\visualization2026\visualization\left_downsample2_Q37\frame_1334.jpg,D:\visualization2026\visualization\right_downsample2_Q37\frame_1334.jpg,D:\visualization2026\dowsample2_Q37\stitched_frames\frame_1334.jpg,D:\visualization2026\dowsample2_Q37_hess_matched\stitched_frames\frame_1334.jpg,2231,1420,-0.05854274744302135,0.045101028306031354,209.9266549279535,36.410074513304686,205.44338447332711,53.71745555808195,4.483270454626393,-17.307381044777266,17.87862278248639,5.211547178247736,-19.470939708876692,20.156331936585413,0,1,2.605773589123868,-9.735469854438346,-2.605773589123868,9.735469854438346,0,0,17.87862278248639,1095.0168352234903,601.5210432945463,889.5734507501631,547.8035877364644,12,12,1.1841184472147999,0.10398070506502494,2.2755350621356856,-0.08774015764264827,1.1329843115487108,129.47312417155672,5.477579133776e-05,4.622338742980192e-05,1.0,1.0,0.0,628.3942264108762,0.0,1.0,169.73546985443835,0.0,0.0,1.0
frame_1336.jpg,frame_1336,1336,D:\visualization2026\visualization\left_downsample2_Q37\frame_1336.jpg,D:\visualization2026\visualization\right_downsample2_Q37\frame_1336.jpg,D:\visualization2026\dowsample2_Q37\stitched_frames\frame_1336.jpg,D:\visualization2026\dowsample2_Q37_hess_matched\stitched_frames\frame_1336.jpg,2234,1417,-0.05861362463186581,0.04510096467820257,210.05094908778514,36.401284941943764,196.3973420134281,56.446778205117425,13.65360707435704,-20.04549326317366,24.25371695853799,5.380028651118062,-19.16838774838675,19.9090883055793,0,1,2.690014325559031,-9.584193874193375,-2.690014325559031,9.584193874193375,0,0,24.25371695853799,1099.84964342397,595.0058601155356,903.452301410542,538.5590819104182,12,12,1.199505284189418,0.09857731209535865,2.7636444231863324,-0.079522569569812,1.1374107004489895,116.4849514583652,6.306041619344789e-05,4.3712973689638775e-05,1.0,1.0,0.0,631.309985674441,0.0,1.0,163.58419387419337,0.0,0.0,1.0
frame_1338.jpg,frame_1338,1338,D:\visualization2026\visualization\left_downsample2_Q37\frame_1338.jpg,D:\visualization2026\visualization\right_downsample2_Q37\frame_1338.jpg,D:\visualization2026\dowsample2_Q37\stitched_frames\frame_1338.jpg,D:\visualization2026\dowsample2_Q37_hess_matched\stitched_frames\frame_1338.jpg,2231,1420,-0.058681229036668725,0.04516327565851663,210.3176685288086,36.45322364521097,197.26459737067057,58.32196243049282,13.053071158138039,-21.86873878528185,25.46810559736051,-0.33910028516073076,-20.023180581887118,20.026051773084415,0,1,-0.16955014258036538,-10.011590290943559,0.16955014258036538,10.011590290943559,0,0,25.46810559736051,1085.3908913665298,599.010756426352,888.1262939958592,540.6887939958592,12,12,1.1890618251048908,0.09950787022310367,0.16182004917464798,-0.08447306556818122,1.133870251494555,124.10639894343873,5.8167113767466484e-05,4.393309933517205e-05,1.0,1.0,0.0,631.1695501425804,0.0,1.0,168.01159029094356,0.0,0.0,1.0
frame_1340.jpg,frame_1340,1340,D:\visualization2026\visualization\left_downsample2_Q37\frame_1340.jpg,D:\visualization2026\visualization\right_downsample2_Q37\frame_1340.jpg,D:\visualization2026\dowsample2_Q37\stitched_frames\frame_1340.jpg,D:\visualization2026\dowsample2_Q37_hess_matched\stitched_frames\frame_1340.jpg,2222,1420,-0.05869519969589232,0.04541492255396107,210.93998812382563,36.69488214524659,213.81634196106324,54.04404229892475,-2.876353837237616,-17.349160153678163,17.58598218567748,-4.22227205437423,-22.429847960590887,22.823795933989,0,1,-2.111136027187115,-11.214923980295444,2.111136027187115,11.214923980295444,0,0,17.58598218567748,1093.6736716328298,592.1376084032794,879.8573296717666,538.0935661043546,12,12,1.1743018757755086,0.10325049863592392,-2.211768778212843,-0.09032572864429714,1.12495863521054,132.61030313775638,5.2849256067175014e-05,4.3632677536663084e-05,1.0,1.0,0.0,624.1111360271871,0.0,1.0,166.21492398029545,0.0,0.0,1.0
frame_1342.jpg,frame_1342,1342,D:\visualization2026\visualization\left_downsample2_Q37\frame_1342.jpg,D:\visualization2026\visualization\right_downsample2_Q37\frame_1342.jpg,D:\visualization2026\dowsample2_Q37\stitched_frames\frame_1342.jpg,D:\visualization2026\dowsample2_Q37_hess_matched\stitched_frames\frame_1342.jpg,2200,1429,-0.058596987912140075,0.04583910861810425,211.77520791667519,37.11722542840305,241.7843041923627,60.66235509092769,-30.00909627568751,-23.545129662524637,38.14340034801013,-8.526860196195504,-23.13797976612251,24.659145412259484,0,1,-4.263430098097752,-11.568989883061255,4.263430098097752,11.568989883061255,0,0,38.14340034801013,1087.7809597107573,598.9954916900489,845.9966555183946,538.3331365991212,12,12,1.177548080228176,0.11401067401033077,-4.3659561075985724,-0.09194095529327509,1.1421146812691647,134.81288041121726,5.192643306301268e-05,5.167762105819128e-05,1.0,1.0,0.0,604.2634300980977,0.0,1.0,167.56898988306125,0.0,0.0,1.0
frame_1344.jpg,frame_1344,1344,D:\visualization2026\visualization\left_downsample2_Q37\frame_1344.jpg,D:\visualization2026\visualization\right_downsample2_Q37\frame_1344.jpg,D:\visualization2026\dowsample2_Q37\stitched_frames\frame_1344.jpg,D:\visualization2026\dowsample2_Q37_hess_matched\stitched_frames\frame_1344.jpg,2177,1424,-0.05846726764419863,0.046299724842384316,212.64164575762956,37.57868198874092,227.57423414907066,66.91939992703703,-14.9325883914411,-29.340717938296116,32.922027963095665,-13.159744988375069,-23.757912474250805,27.159110686714776,0,1,-6.579872494187534,-11.878956237125402,6.579872494187534,11.878956237125402,0,0,32.922027963095665,1061.1801938011158,595.7562189781814,833.6059596520452,528.8368190511444,12,12,1.1460845570284133,0.0970153160904746,-6.095660763080027,-0.09936616117903276,1.1113967411083687,145.857829967726,4.511227961579292e-05,3.97134148859992e-05,1.0,1.0,0.0,583.5798724941875,0.0,1.0,161.8789562371254,0.0,0.0,1.0
frame_1346.jpg,frame_1346,1346,D:\visualization2026\visualization\left_downsample2_Q37\frame_1346.jpg,D:\visualization2026\visualization\right_downsample2_Q37\frame_1346.jpg,D:\visualization2026\dowsample2_Q37\stitched_frames\frame_1346.jpg,D:\visualization2026\dowsample2_Q37_hess_matched\stitched_frames\frame_1346.jpg,2210,1409,-0.05829203314104947,0.04651858586569457,212.85387800892792,37.81193111865507,220.72321164367725,61.398083409486844,-7.869333634749324,-23.586152290831777,24.8642914988806,-13.665375737999529,-25.6643045214598,29.07574626094622,0,1,-6.8326878689997645,-12.8321522607299,6.8326878689997645,12.8321522607299,0,0,24.8642914988806,1088.4860595401174,576.9768536360241,867.7628478964401,515.5787702265372,12,12,1.1768996906456657,0.08987282286933056,-6.508552175255554,-0.08167219995968121,1.118949879108559,116.3120169765454,5.9367289050449255e-05,3.7404494636896786e-05,1.0,1.0,0.0,616.8326878689998,0.0,1.0,148.8321522607299,0.0,0.0,1.0
frame_1348.jpg,frame_1348,1348,D:\visualization2026\visualization\left_downsample2_Q37\frame_1348.jpg,D:\visualization2026\visualization\right_downsample2_Q37\frame_1348.jpg,D:\visualization2026\dowsample2_Q37\stitched_frames\frame_1348.jpg,D:\visualization2026\dowsample2_Q37_hess_matched\stitched_frames\frame_1348.jpg,2213,1414,-0.05796521555808448,0.04632708222201509,211.8251365629807,37.666964756870556,221.9364893657405,62.63536708279389,-10.111352802759797,-24.968402325923336,26.93808772372405,-6.779845713734847,-25.98884021550311,26.858632199890607,0,1,-3.3899228568674236,-12.994420107751555,3.3899228568674236,12.994420107751555,0,0,26.93808772372405,1079.9967682681247,579.2510730142892,858.0602789023842,516.6157059314953,12,12,1.182001333609796,0.09237206991100184,-3.3151662964969493,-0.08115932403086358,1.124910687602914,115.60758146406582,6.140312760602305e-05,3.8582781415349335e-05,1.0,1.0,0.0,616.3899228568674,0.0,1.0,150.99442010775155,0.0,0.0,1.0
frame_1350.jpg,frame_1350,1350,D:\visualization2026\visualization\left_downsample2_Q37\frame_1350.jpg,D:\visualization2026\visualization\right_downsample2_Q37\frame_1350.jpg,D:\visualization2026\dowsample2_Q37\stitched_frames\frame_1350.jpg,D:\visualization2026\dowsample2_Q37_hess_matched\stitched_frames\frame_1350.jpg,2182,1403,-0.057736832680153005,0.046379326869638415,211.5482524346133,37.74561664299854,216.9527600199732,64.62673703272168,-5.404507585359909,-26.881120389723137,27.41903236160973,-3.7057848427714766,-25.674902226004484,25.940960768942325,0,1,-1.8528924213857383,-12.837451113002242,1.8528924213857383,12.837451113002242,0,0,27.41903236160973,1047.7654171867796,574.9205341827636,830.8126571668064,510.29379715004194,12,12,1.1442632390668919,0.07083062193720246,-1.6817293584265574,-0.08688148607373096,1.0884709713091496,125.20952154985177,5.264349437037726e-05,2.4663373251056972e-05,1.0,1.0,0.0,583.8528924213857,0.0,1.0,142.83745111300223,0.0,0.0,1.0
frame_1352.jpg,frame_1352,1352,D:\visualization2026\visualization\left_downsample2_Q37\frame_1352.jpg,D:\visualization2026\visualization\right_downsample2_Q37\frame_1352.jpg,D:\visualization2026\dowsample2_Q37\stitched_frames\frame_1352.jpg,D:\visualization2026\dowsample2_Q37_hess_matched\stitched_frames\frame_1352.jpg,2226,1412,-0.057841076314201934,0.047026730431294905,213.26919671511385,38.358912502409616,208.85064286947795,63.52672063515081,4.418553845635898,-25.167808132741193,25.55273340160026,0.041093722078949124,-26.229891998669892,26.22992418890838,0,1,0.020546861039474562,-13.114945999334946,-0.020546861039474562,13.114945999334946,0,0,25.55273340160026,1096.9276383640647,576.9106894334831,888.0769954945868,513.3839687983323,12,12,1.2161151267172965,0.08735439236049275,0.24574388753792387,-0.06604689397613654,1.1368062595958663,91.1407288910913,7.846625618652069e-05,3.3720238665688547e-05,1.0,1.0,0.0,625.9794531389605,0.0,1.0,142.11494599933494,0.0,0.0,1.0
frame_1354.jpg,frame_1354,1354,D:\visualization2026\visualization\left_downsample2_Q37\frame_1354.jpg,D:\visualization2026\visualization\right_downsample2_Q37\frame_1354.jpg,D:\visualization2026\dowsample2_Q37\stitched_frames\frame_1354.jpg,D:\visualization2026\dowsample2_Q37_hess_matched\stitched_frames\frame_1354.jpg,2192,1409,-0.05823010424707309,0.04734240448113447,214.7021345601948,38.616308806196216,214.26441859681904,66.3873367969992,0.43771596337575147,-27.771027990802978,27.774477329565656,5.20837196670214,-25.954464877162206,26.4718980355277,0,1,2.60418598335107,-12.977232438581103,-2.60418598335107,12.977232438581103,0,0,27.774477329565656,1062.7916249032985,590.3097235175017,848.5272063064795,523.9223867205025,12,12,1.1492129793414674,0.08411450724950988,2.7382911299065684,-0.08864082004386893,1.1030996005001257,128.13968333428699,5.0206406416829654e-05,3.353987942879073e-05,1.0,1.0,0.0,589.395814016649,0.0,1.0,151.9772324385811,0.0,0.0,1.0
frame_1356.jpg,frame_1356,1356,D:\visualization2026\visualization\left_downsample2_Q37\frame_1356.jpg,D:\visualization2026\visualization\right_downsample2_Q37\frame_1356.jpg,D:\visualization2026\dowsample2_Q37\stitched_frames\frame_1356.jpg,D:\visualization2026\dowsample2_Q37_hess_matched\stitched_frames\frame_1356.jpg,2214,1410,-0.058752125845809744,0.0473005790327774,215.5193369199945,38.51157421925294,204.65427773049169,64.87267537341177,10.865059189502801,-26.361101154158824,28.51240370875793,8.784230423150172,-25.496539763678765,26.967318072953592,0,1,4.392115211575086,-12.748269881839382,-4.392115211575086,12.748269881839382,0,0,28.51240370875793,1069.8338942794321,586.9666545190559,865.1796165489404,522.0939791456441,12,12,1.1841778189978334,0.09097933619191886,4.001107095687442,-0.07923718012251836,1.1272867676438134,112.34233787836406,6.250341480775961e-05,4.0606707439737606e-05,1.0,1.0,0.0,609.6078847884249,0.0,1.0,150.74826988183938,0.0,0.0,1.0
frame_1358.jpg,frame_1358,1358,D:\visualization2026\visualization\left_downsample2_Q37\frame_1358.jpg,D:\visualization2026\visualization\right_downsample2_Q37\frame_1358.jpg,D:\visualization2026\dowsample2_Q37\stitched_frames\frame_1358.jpg,D:\visualization2026\dowsample2_Q37_hess_matched\stitched_frames\frame_1358.jpg,2218,1417,-0.0593568037900159,0.04695674216158041,215.7642346961722,38.104572415595804,200.03919627581604,61.69583913398071,15.725038420356157,-23.591266718384908,28.351802388907352,9.807856113613662,-24.704079259497302,26.579796342426587,0,1,4.903928056806831,-12.352039629748651,-4.903928056806831,12.352039629748651,0,0,28.351802388907352,1062.4093575661386,594.6360273060237,862.3701612903226,532.940188172043,12,12,1.1713400271551546,0.09954859890950522,5.138596007974866,-0.0859530115063684,1.1295086016331302,124.2994402192316,5.686068330634857e-05,4.4739440934079796e-05,1.0,1.0,0.0,613.0960719431931,0.0,1.0,161.35203962974865,0.0,0.0,1.0
frame_1360.jpg,frame_1360,1360,D:\visualization2026\visualization\left_downsample2_Q37\frame_1360.jpg,D:\visualization2026\visualization\right_downsample2_Q37\frame_1360.jpg,D:\visualization2026\dowsample2_Q37\stitched_frames\frame_1360.jpg,D:\visualization2026\dowsample2_Q37_hess_matched\stitched_frames\frame_1360.jpg,2193,1414,-0.060218685731512456,0.0463259040293571,215.77895334984333,37.38832605709612,203.30416865296309,61.97982087940204,12.47478469688025,-24.59149482230592,27.574659940405727,12.891549486841125,-23.908574805872487,27.1626949587053,0,1,6.445774743420563,-11.954287402936243,-6.445774743420563,11.954287402936243,0,0,27.574659940405727,1034.459167974629,596.0850983180128,831.154999321666,534.1052774386108,12,12,1.1361812820191537,0.08734361152397246,6.717701776042551,-0.09370724303228244,1.106582924508111,137.28674794499622,4.632960106971938e-05,3.744150432514322e-05,1.0,1.0,0.0,586.5542252565795,0.0,1.0,161.95428740293625,0.0,0.0,1.0
frame_1362.jpg,frame_1362,1362,D:\visualization2026\visualization\left_downsample2_Q37\frame_1362.jpg,D:\visualization2026\visualization\right_downsample2_Q37\frame_1362.jpg,D:\visualization2026\dowsample2_Q37\stitched_frames\frame_1362.jpg,D:\visualization2026\dowsample2_Q37_hess_matched\stitched_frames\frame_1362.jpg,2217,1418,-0.06093160141611215,0.04586890423017154,215.94507380679454,36.85855063273248,206.4083915088412,58.06405624456636,9.536682297953348,-21.20550561183388,23.25127475012101,13.649765670766577,-23.185105963854788,26.90474384605831,0,1,6.824882835383288,-11.592552981927394,-6.824882835383288,11.592552981927394,0,0,23.25127475012101,1055.8267170771032,596.5562205817116,849.418325568262,538.4921643371453,12,12,1.1828158692452913,0.1048790208895422,7.345756584017533,-0.08488118037984466,1.1415789728771364,122.95679417778545,5.911198585946966e-05,5.105563945177305e-05,1.0,1.0,0.0,610.1751171646167,0.0,1.0,165.59255298192738,0.0,0.0,1.0
frame_1364.jpg,frame_1364,1364,D:\visualization2026\visualization\left_downsample2_Q37\frame_1364.jpg,D:\visualization2026\visualization\right_downsample2_Q37\frame_1364.jpg,D:\visualization2026\dowsample2_Q37\stitched_frames\frame_1364.jpg,D:\visualization2026\dowsample2_Q37_hess_matched\stitched_frames\frame_1364.jpg,2221,1402,-0.061099304904148,0.04604860958823709,216.66641769229764,37.01170014532431,200.81023486278457,60.80520586800321,15.856182829513074,-23.7935057226789,28.592821625332796,12.877944094898254,-22.79168436831738,26.178279554934996,0,1,6.438972047449127,-11.39584218415869,-6.438972047449127,11.39584218415869,0,0,28.592821625332796,1048.4819832489952,580.3085021185183,847.6717483862107,519.5032962505151,10,12,1.1912640032763129,0.08581586534168224,6.22227476804342,-0.07238689194945545,1.126245940638097,102.70626449472208,6.868178505506184e-05,3.7911131288064286e-05,1.0,1.0,0.0,614.5610279525508,0.0,1.0,147.39584218415868,0.0,0.0,1.0
frame_1366.jpg,frame_1366,1366,D:\visualization2026\visualization\left_downsample2_Q37\frame_1366.jpg,D:\visualization2026\visualization\right_downsample2_Q37\frame_1366.jpg,D:\visualization2026\dowsample2_Q37\stitched_frames\frame_1366.jpg,D:\visualization2026\dowsample2_Q37_hess_matched\stitched_frames\frame_1366.jpg,2215,1403,-0.060922202666267966,0.0467461240175262,218.01241724318967,37.708106242714436,203.3562771340596,60.45186318678475,14.656140109130064,-22.743756944070313,27.05699397252765,14.124667684512234,-21.24173608825811,25.509166768852158,0,1,7.062333842256117,-10.620868044129056,-7.062333842256117,10.620868044129056,0,0,27.05699397252765,1032.333329025728,582.9425943562424,828.9770518916685,522.4907311694576,11,12,1.1793685096520752,0.08519162833095167,7.379192108422722,-0.075170679210972,1.121968537792864,108.7881855297082,6.43871987407873e-05,3.746102174728534e-05,1.0,1.0,0.0,607.9376661577439,0.0,1.0,149.62086804412905,0.0,0.0,1.0
frame_1368.jpg,frame_1368,1368,D:\visualization2026\visualization\left_downsample2_Q37\frame_1368.jpg,D:\visualization2026\visualization\right_downsample2_Q37\frame_1368.jpg,D:\visualization2026\dowsample2_Q37\stitched_frames\frame_1368.jpg,D:\visualization2026\dowsample2_Q37_hess_matched\stitched_frames\frame_1368.jpg,2203,1383,-0.06059605124035089,0.047615437013379,219.50482749926115,38.58902073787934,207.63889695824662,60.21317947857722,11.865930541014535,-21.62415874069788,24.66585795886861,18.984860503096904,-20.1434317975267,27.680006735975674,0,1,9.492430251548452,-10.07171589876335,-9.492430251548452,10.07171589876335,0,0,24.66585795886861,1025.0120643164762,560.5992099073462,817.3731673582296,500.386030428769,12,12,1.1685553340110215,0.05350508886319565,9.672273753770863,-0.0670470880927767,1.0913605764571823,96.29872779371824,6.868404980225723e-05,2.000636907784662e-05,1.0,1.0,0.0,593.5075697484516,0.0,1.0,127.07171589876334,0.0,0.0,1.0
frame_1370.jpg,frame_1370,1370,D:\visualization2026\visualization\left_downsample2_Q37\frame_1370.jpg,D:\visualization2026\visualization\right_downsample2_Q37\frame_1370.jpg,D:\visualization2026\dowsample2_Q37\stitched_frames\frame_1370.jpg,D:\visualization2026\dowsample2_Q37_hess_matched\stitched_frames\frame_1370.jpg,2238,1409,-0.060221417246965336,0.04833364882917035,220.5531700683825,39.32976886227456,201.84476742343236,56.17152228428415,18.708402644950155,-16.84175342200959,25.17238542238994,22.604514069886562,-18.733829740587687,29.358481450596646,0,1,11.302257034943281,-9.366914870293844,-11.302257034943281,9.366914870293844,0,0,25.17238542238994,1042.6441581980189,584.9909304653112,840.7993907745865,528.819408181027,12,12,1.1896199916183476,0.0983912181296436,11.07642317435078,-0.07451096184721913,1.1457899455920486,108.56825051303439,6.363919625570923e-05,5.0143497268204604e-05,1.0,1.0,0.0,626.6977429650567,0.0,1.0,155.36691487029384,0.0,0.0,1.0
frame_1372.jpg,frame_1372,1372,D:\visualization2026\visualization\left_downsample2_Q37\frame_1372.jpg,D:\visualization2026\visualization\right_downsample2_Q37\frame_1372.jpg,D:\visualization2026\dowsample2_Q37\stitched_frames\frame_1372.jpg,D:\visualization2026\dowsample2_Q37_hess_matched\stitched_frames\frame_1372.jpg,2245,1397,-0.05964616474387008,0.048745092240701005,220.52053723532075,39.798532414996416,186.68289084444405,55.51251657317323,33.8376463908767,-15.713984158176814,37.30838526923194,25.54847839110196,-16.41284439807728,30.366201760116468,0,1,12.77423919555098,-8.20642219903864,-12.77423919555098,8.20642219903864,0,0,37.30838526923194,1049.8633903845275,568.4212408355379,863.1804995400835,512.9087242623647,12,12,1.2140053335359628,0.08333198275984023,13.16010203209213,-0.06155759859458536,1.136014014213509,88.79267361745137,7.766126105933779e-05,3.811431259899455e-05,1.0,1.0,0.0,632.225760804449,0.0,1.0,136.20642219903863,0.0,0.0,1.0
frame_1374.jpg,frame_1374,1374,D:\visualization2026\visualization\left_downsample2_Q37\frame_1374.jpg,D:\visualization2026\visualization\right_downsample2_Q37\frame_1374.jpg,D:\visualization2026\dowsample2_Q37\stitched_frames\frame_1374.jpg,D:\visualization2026\dowsample2_Q37_hess_matched\stitched_frames\frame_1374.jpg,2238,1400,-0.059033975729749055,0.049135333503177,220.37268577641797,40.25133890271598,186.4182351129566,56.99683434069982,33.95445066346136,-16.74549543798384,37.85916450901907,26.206009475265578,-14.972982031033041,30.181867462424314,0,1,13.103004737632789,-7.4864910155165205,-13.103004737632789,7.4864910155165205,0,0,37.85916450901907,1030.1562101515206,580.277019447978,843.737975038564,523.2801851072782,12,12,1.1835105408644824,0.10173353077260677,13.520824552902484,-0.07417259922725836,1.1335912222119413,110.03465121863005,6.358846619861765e-05,4.652664824278612e-05,1.0,1.0,0.0,624.8969952623672,0.0,1.0,146.48649101551652,0.0,0.0,1.0
frame_1376.jpg,frame_1376,1376,D:\visualization2026\visualization\left_downsample2_Q37\frame_1376.jpg,D:\visualization2026\visualization\right_downsample2_Q37\frame_1376.jpg,D:\visualization2026\dowsample2_Q37\stitched_frames\frame_1376.jpg,D:\visualization2026\dowsample2_Q37_hess_matched\stitched_frames\frame_1376.jpg,2220,1407,-0.05867986462871688,0.04952999851156148,220.68847304600638,40.676643287132556,191.31251133079934,51.81547351865083,29.37596171520704,-11.138830231518277,31.41688504005283,25.363765191476755,-14.770271427183658,29.351005139876314,0,1,12.681882595738378,-7.385135713591829,-12.681882595738378,7.385135713591829,0,0,31.41688504005283,1027.3981985069179,583.2061749273071,836.0856871761185,531.3907014086562,12,12,1.1885721843649948,0.10494388329895094,12.782329445859707,-0.07452684473255188,1.1404314288076485,111.28470761484294,6.65337134981724e-05,4.789858164735817e-05,1.0,1.0,0.0,607.3181174042617,0.0,1.0,150.38513571359184,0.0,0.0,1.0
frame_1378.jpg,frame_1378,1378,D:\visualization2026\visualization\left_downsample2_Q37\frame_1378.jpg,D:\visualization2026\visualization\right_downsample2_Q37\frame_1378.jpg,D:\visualization2026\dowsample2_Q37\stitched_frames\frame_1378.jpg,D:\visualization2026\dowsample2_Q37_hess_matched\stitched_frames\frame_1378.jpg,2195,1398,-0.05858817258524829,0.04985187685671211,221.29210696206792,40.999237370345995,206.1385210002353,55.42408427582268,15.153585961832619,-14.424846905476684,20.921457304621274,23.49951576131801,-14.062696030168539,27.385884332140005,0,1,11.749757880659004,-7.031348015084269,-11.749757880659004,7.031348015084269,0,0,20.921457304621274,1015.8047634887471,582.3067283196544,809.6662424885118,526.8826440438318,10,12,1.157636283910535,0.08855711843153974,11.57056086943932,-0.07957860930945673,1.1116456639143724,119.429848651237,5.8783022785580297e-05,3.725536855377383e-05,1.0,1.0,0.0,583.250242119341,0.0,1.0,145.03134801508426,0.0,0.0,1.0
frame_1380.jpg,frame_1380,1380,D:\visualization2026\visualization\left_downsample2_Q37\frame_1380.jpg,D:\visualization2026\visualization\right_downsample2_Q37\frame_1380.jpg,D:\visualization2026\dowsample2_Q37\stitched_frames\frame_1380.jpg,D:\visualization2026\dowsample2_Q37_hess_matched\stitched_frames\frame_1380.jpg,2193,1392,-0.058545403023742726,0.05013274469933804,221.88421746031415,41.276143910805374,207.38703623430808,57.10434431356805,14.497181226006063,-15.828200402762675,21.46392768087144,21.720166974102607,-13.338555929561183,25.48887458615875,0,1,10.860083487051304,-6.6692779647805915,-10.860083487051304,6.6692779647805915,0,0,21.46392768087144,1009.8354335319939,576.5985228387945,802.4483972976858,519.4941785252264,10,12,1.1637575205895143,0.07653451582419632,11.235428533797096,-0.07617073028603479,1.1055425744599927,114.11319018403948,6.331240337773674e-05,3.3343181086074733e-05,1.0,1.0,0.0,582.1399165129487,0.0,1.0,137.6692779647806,0.0,0.0,1.0
frame_1382.jpg,frame_1382,1382,D:\visualization2026\visualization\left_downsample2_Q37\frame_1382.jpg,D:\visualization2026\visualization\right_downsample2_Q37\frame_1382.jpg,D:\visualization2026\dowsample2_Q37\stitched_frames\frame_1382.jpg,D:\visualization2026\dowsample2_Q37_hess_matched\stitched_frames\frame_1382.jpg,2216,1398,-0.05834253959564212,0.05047003995215027,222.32928104833812,41.627338354891734,197.81288180825516,53.80344552799295,24.51639924008296,-12.176107173101215,27.37355325108502,21.973338348357494,-11.808016458081989,24.94507668550516,0,1,10.986669174178747,-5.904008229040994,-10.986669174178747,5.904008229040994,0,0,27.37355325108502,1017.6736157404325,581.1085078495584,819.8607339321774,527.3050623215654,9,12,1.1794915780584991,0.09061295475031242,11.215400532539707,-0.07178454895458554,1.1279106033203445,108.68829547870881,6.598471668597365e-05,4.2070922236414855e-05,1.0,1.0,0.0,605.0133308258213,0.0,1.0,144.90400822904098,0.0,0.0,1.0
frame_1384.jpg,frame_1384,1384,D:\visualization2026\visualization\left_downsample2_Q37\frame_1384.jpg,D:\visualization2026\visualization\right_downsample2_Q37\frame_1384.jpg,D:\visualization2026\dowsample2_Q37\stitched_frames\frame_1384.jpg,D:\visualization2026\dowsample2_Q37_hess_matched\stitched_frames\frame_1384.jpg,2215,1398,-0.05789307727082027,0.05090983640135005,222.58486205008694,42.10803320195398,197.52715532270258,55.23282813690105,25.057706727384357,-13.124794934947069,28.286903480586478,23.728185473263444,-10.336395432569336,25.881805508735873,0,1,11.864092736631722,-5.168197716284668,-11.864092736631722,5.168197716284668,0,0,28.286903480586478,1005.2263069433247,585.0143523193389,807.6991516206222,529.7815241824378,12,12,1.1743467073638811,0.09453895416656728,11.816324284828386,-0.07444276703822345,1.1288800083249764,113.88155468685139,6.252439392367322e-05,4.518145044919797e-05,1.0,1.0,0.0,603.1359072633683,0.0,1.0,147.16819771628468,0.0,0.0,1.0
frame_1386.jpg,frame_1386,1386,D:\visualization2026\visualization\left_downsample2_Q37\frame_1386.jpg,D:\visualization2026\visualization\right_downsample2_Q37\frame_1386.jpg,D:\visualization2026\dowsample2_Q37\stitched_frames\frame_1386.jpg,D:\visualization2026\dowsample2_Q37_hess_matched\stitched_frames\frame_1386.jpg,2214,1406,-0.057422388175854544,0.05133086019825195,222.75857869584252,42.57318611264077,192.11676010936105,46.05931898676306,30.641818586481463,-3.4861328741222906,30.839490409260605,25.1053780318494,-9.089878588762637,26.700297730184808,0,1,12.5526890159247,-4.544939294381319,-12.5526890159247,4.544939294381319,0,0,30.839490409260605,1004.3744216925128,589.8577213106556,812.2576615831517,543.7984023238926,11,12,1.1753115577163011,0.10512813387055715,12.917074839969048,-0.07809097526442611,1.1357786861498123,120.0552009626065,6.231347186564465e-05,4.861666067873699e-05,1.0,1.0,0.0,601.4473109840753,0.0,1.0,154.54493929438132,0.0,0.0,1.0
frame_1388.jpg,frame_1388,1388,D:\visualization2026\visualization\left_downsample2_Q37\frame_1388.jpg,D:\visualization2026\visualization\right_downsample2_Q37\frame_1388.jpg,D:\visualization2026\dowsample2_Q37\stitched_frames\frame_1388.jpg,D:\visualization2026\dowsample2_Q37_hess_matched\stitched_frames\frame_1388.jpg,2201,1395,-0.05719802723163736,0.05158933122649201,222.97864935796383,42.85079341802884,199.05082777160146,49.917535195942264,23.92782158636237,-7.066741777913421,24.949538777790984,27.152058064107905,-8.983841651021468,28.599714472828488,0,1,13.576029032053953,-4.491920825510734,-13.576029032053953,4.491920825510734,0,0,24.949538777790984,998.6891918685975,584.1802206827319,799.638364096996,534.2626854867897,12,12,1.169302306868092,0.09109880223096911,13.842982323175534,-0.07477770772833983,1.1186751250494582,114.26050363909597,6.440291805905133e-05,3.9703199733729585e-05,1.0,1.0,0.0,587.423970967946,0.0,1.0,144.49192082551073,0.0,0.0,1.0
frame_1390.jpg,frame_1390,1390,D:\visualization2026\visualization\left_downsample2_Q37\frame_1390.jpg,D:\visualization2026\visualization\right_downsample2_Q37\frame_1390.jpg,D:\visualization2026\dowsample2_Q37\stitched_frames\frame_1390.jpg,D:\visualization2026\dowsample2_Q37_hess_matched\stitched_frames\frame_1390.jpg,2179,1404,-0.057252413123180246,0.051700169856286005,223.3374378806289,42.95129313472154,201.95429386169303,52.54690931845073,21.383144018935866,-9.595616183729192,23.437463559011633,28.23647371987455,-8.780239648377348,29.570104098837792,0,1,14.118236859937275,-4.390119824188674,-14.118236859937275,4.390119824188674,0,0,23.437463559011633,972.7225865446198,587.0288424711156,770.7682926829268,534.4819331526649,11,12,1.160581579301771,0.04772320448478848,14.304773533276949,-0.07081972463126145,1.1239267807334052,108.82251256535073,6.594555110020241e-05,3.430058610497129e-05,1.0,1.0,0.0,564.8817631400627,0.0,1.0,145.39011982418867,0.0,0.0,1.0
frame_1392.jpg,frame_1392,1392,D:\visualization2026\visualization\left_downsample2_Q37\frame_1392.jpg,D:\visualization2026\visualization\right_downsample2_Q37\frame_1392.jpg,D:\visualization2026\dowsample2_Q37\stitched_frames\frame_1392.jpg,D:\visualization2026\dowsample2_Q37_hess_matched\stitched_frames\frame_1392.jpg,2230,1394,-0.0573877217309105,0.05176852622267303,223.73739242375774,43.00074129651315,188.98759302238227,54.64666378090851,34.74979940137547,-11.645922484395363,36.64936655589535,27.85104284847092,-10.502058065669837,29.76531221677448,0,1,13.92552142423546,-5.251029032834919,-13.92552142423546,5.251029032834919,0,0,36.64936655589535,1005.3300834524656,583.3922916425013,816.3424904300833,528.7456278615928,12,12,1.1869741493995265,0.10178391483905104,14.204964304516414,-0.06922384692564917,1.130725741026884,104.50186017441217,7.202854060833099e-05,4.374419141953389e-05,1.0,1.0,0.0,616.0744785757645,0.0,1.0,140.2510290328349,0.0,0.0,1.0
frame_1394.jpg,frame_1394,1394,D:\visualization2026\visualization\left_downsample2_Q37\frame_1394.jpg,D:\visualization2026\visualization\right_downsample2_Q37\frame_1394.jpg,D:\visualization2026\dowsample2_Q37\stitched_frames\frame_1394.jpg,D:\visualization2026\dowsample2_Q37_hess_matched\stitched_frames\frame_1394.jpg,2216,1399,-0.05742398777014324,0.05186542360910629,224.03124874631732,43.08998915163099,193.55146374009973,55.19677407335746,30.479785006217583,-12.106784921726472,32.79621220760394,27.002792829627385,-12.491114899806163,29.751954087755912,0,1,13.501396414813692,-6.245557449903082,-13.501396414813692,6.245557449903082,0,0,32.79621220760394,983.8551641011106,588.8535881527798,790.3037003610109,533.6568140794224,12,12,1.1712180719762084,0.09626934574084914,13.749516796918764,-0.07675010812056128,1.124875806542461,115.46616559412544,6.634233381987125e-05,4.339265008683793e-05,1.0,1.0,0.0,602.4986035851863,0.0,1.0,146.2455574499031,0.0,0.0,1.0
frame_1396.jpg,frame_1396,1396,D:\visualization2026\visualization\left_downsample2_Q37\frame_1396.jpg,D:\visualization2026\visualization\right_downsample2_Q37\frame_1396.jpg,D:\visualization2026\dowsample2_Q37\stitched_frames\frame_1396.jpg,D:\visualization2026\dowsample2_Q37_hess_matched\stitched_frames\frame_1396.jpg,2216,1395,-0.05729435770538299,0.05192628891341655,223.9482320781425,43.16481773394111,195.23356784867917,55.26004269452585,28.714664229463324,-12.095224960584737,31.15808737162749,21.22213206743305,-15.122499669813305,26.058950204317014,0,1,10.611066033716526,-7.561249834906652,-10.611066033716526,7.561249834906652,0,0,31.15808737162749,984.8420395583962,586.3130100991999,789.608471709717,531.0529674046741,11,12,1.1741200023722054,0.09310528599411874,10.595138975419133,-0.07241249699271667,1.1234330284340892,107.94801529537915,6.817882819572086e-05,4.110449418627277e-05,1.0,1.0,0.0,605.3889339662835,0.0,1.0,145.56124983490665,0.0,0.0,1.0
frame_1398.jpg,frame_1398,1398,D:\visualization2026\visualization\left_downsample2_Q37\frame_1398.jpg,D:\visualization2026\visualization\right_downsample2_Q37\frame_1398.jpg,D:\visualization2026\dowsample2_Q37\stitched_frames\frame_1398.jpg,D:\visualization2026\dowsample2_Q37_hess_matched\stitched_frames\frame_1398.jpg,2216,1395,-0.057136728117589575,0.051956499379777754,223.74323326855867,43.21344660789971,204.056661776414,60.225472556494765,19.68657149214468,-17.012025948595053,26.018649542030328,14.987839725069046,-15.06008819149779,21.247155008613483,0,1,7.493919862534523,-7.530044095748895,-7.493919862534523,7.530044095748895,0,0,26.018649542030328,987.7361224367986,590.7224464322321,783.6794606603846,530.4969738757374,12,12,1.1739074789989394,0.09297715727744764,7.47799280423713,-0.07241036942198792,1.123434311130213,107.9792210345369,6.817882819572086e-05,4.110449418627277e-05,1.0,1.0,0.0,608.5060801374655,0.0,1.0,145.5300440957489,0.0,0.0,1.0
frame_1400.jpg,frame_1400,1400,D:\visualization2026\visualization\left_downsample2_Q37\frame_1400.jpg,D:\visualization2026\visualization\right_downsample2_Q37\frame_1400.jpg,D:\visualization2026\dowsample2_Q37\stitched_frames\frame_1400.jpg,D:\visualization2026\dowsample2_Q37_hess_matched\stitched_frames\frame_1400.jpg,2167,1381,-0.05710304628931534,0.05206178813422213,223.93420976455874,43.31942372232054,231.45436955659454,66.07196375608544,-7.520159792035798,-22.752540033764895,23.963115016329287,7.745044605364416,-16.39512170612041,18.13244968826841,0,1,3.872522302682208,-8.197560853060205,-3.872522302682208,8.197560853060205,0,0,23.963115016329287,954.7539043727015,587.4835061314307,723.299534816107,521.4115423753452,12,12,1.1355562610633585,0.09150734060735712,4.165338880222615,-0.07806439567402336,1.0987784862106487,115.5109668424754,5.9645005778590506e-05,3.7081026122623216e-05,1.0,1.0,0.0,563.1274776973178,0.0,1.0,136.1975608530602,0.0,0.0,1.0
frame_1402.jpg,frame_1402,1402,D:\visualization2026\visualization\left_downsample2_Q37\frame_1402.jpg,D:\visualization2026\visualization\right_downsample2_Q37\frame_1402.jpg,D:\visualization2026\dowsample2_Q37\stitched_frames\frame_1402.jpg,D:\visualization2026\dowsample2_Q37_hess_matched\stitched_frames\frame_1402.jpg,2181,1395,-0.05705526478109163,0.0524467018348419,224.76468247434246,43.69757481983613,221.18634478478702,55.03143991265392,3.5783376895554397,-11.333865092817796,11.885327028007547,4.863084038182848,-15.787243066627928,16.51928055355984,0,1,2.431542019091424,-7.893621533313964,-2.431542019091424,7.893621533313964,0,0,11.885327028007547,964.4443878289405,601.217298946749,743.2580430441535,546.1858590340951,12,12,1.148079674970713,0.11002143782018718,2.7417383676908713,-0.080650310081806,1.1290515225711688,120.38768104311336,5.735226531257863e-05,5.3169659779818926e-05,1.0,1.0,0.0,578.5684579809085,0.0,1.0,151.89362153331396,0.0,0.0,1.0
frame_1404.jpg,frame_1404,1404,D:\visualization2026\visualization\left_downsample2_Q37\frame_1404.jpg,D:\visualization2026\visualization\right_downsample2_Q37\frame_1404.jpg,D:\visualization2026\dowsample2_Q37\stitched_frames\frame_1404.jpg,D:\visualization2026\dowsample2_Q37_hess_matched\stitched_frames\frame_1404.jpg,2163,1403,-0.056933931782728264,0.05303399959495769,225.94678002013043,44.2805178861392,231.680970612436,63.062470380978766,-5.734190592305566,-18.781952494839565,19.6377870766361,4.030513284313969,-14.233801410968017,14.793449223960803,0,1,2.0152566421569844,-7.116900705484008,-2.0152566421569844,7.116900705484008,0,0,19.6377870766361,950.1911463756182,616.3772252375929,718.5101757631822,553.3147548566142,12,12,1.117568291244192,0.10527442077285393,2.0574356816754715,-0.09620198686721917,1.1147367725951371,146.19912387144078,4.423864642228252e-05,5.255261980009884e-05,1.0,1.0,0.0,560.9847433578431,0.0,1.0,159.116900705484,0.0,0.0,1.0
frame_1406.jpg,frame_1406,1406,D:\visualization2026\visualization\left_downsample2_Q37\frame_1406.jpg,D:\visualization2026\visualization\right_downsample2_Q37\frame_1406.jpg,D:\visualization2026\dowsample2_Q37\stitched_frames\frame_1406.jpg,D:\visualization2026\dowsample2_Q37_hess_matched\stitched_frames\frame_1406.jpg,2178,1390,-0.05693396778318671,0.05355500332814256,227.1844935619872,44.78439930431751,212.87963216843173,53.840231067439845,14.304861393555484,-9.055831763122335,16.930361733017094,8.962148064361964,-11.43824910281839,14.531126606897091,0,1,4.481074032180982,-5.719124551409195,-4.481074032180982,5.719124551409195,0,0,16.930361733017094,964.3212006146223,598.4549756942021,751.4415684461906,544.6147446267622,12,12,1.1519060533043326,0.09862939458439854,4.798069512273696,-0.07843025732548708,1.1162600175212392,118.67570068850902,6.235324134306855e-05,4.4388323377251235e-05,1.0,1.0,0.0,573.518925967819,0.0,1.0,139.7191245514092,0.0,0.0,1.0
frame_1408.jpg,frame_1408,1408,D:\visualization2026\visualization\left_downsample2_Q37\frame_1408.jpg,D:\visualization2026\visualization\right_downsample2_Q37\frame_1408.jpg,D:\visualization2026\dowsample2_Q37\stitched_frames\frame_1408.jpg,D:\visualization2026\dowsample2_Q37_hess_matched\stitched_frames\frame_1408.jpg,2178,1390,-0.057139506319353106,0.05405972132564629,228.74433901184298,45.24722385266791,213.2206212890427,54.492041522963405,15.523717722800285,-9.244817670295497,18.067995619165718,9.246918117352834,-11.551832137906917,14.796969973998298,0,1,4.623459058676417,-5.7759160689534585,-4.623459058676417,5.7759160689534585,0,0,18.067995619165718,958.6979847021796,598.8457094173772,745.4773634131369,544.3536678944138,12,12,1.1519149314722534,0.09863571481699869,4.940454538769131,-0.07843379846068677,1.1162574966409933,118.61890917096476,6.235324134306855e-05,4.4388323377251235e-05,1.0,1.0,0.0,573.3765409413236,0.0,1.0,139.77591606895345,0.0,0.0,1.0
frame_1410.jpg,frame_1410,1410,D:\visualization2026\visualization\left_downsample2_Q37\frame_1410.jpg,D:\visualization2026\visualization\right_downsample2_Q37\frame_1410.jpg,D:\visualization2026\dowsample2_Q37\stitched_frames\frame_1410.jpg,D:\visualization2026\dowsample2_Q37_hess_matched\stitched_frames\frame_1410.jpg,2176,1385,-0.057424755284463,0.054649988680284256,230.64736254323986,45.782971197787845,213.5093484350357,54.5577496908046,17.138014108204175,-8.774778493016754,19.25378573617445,10.056012028535184,-9.15251433735472,13.597495968505672,0,1,5.028006014267592,-4.57625716867736,-5.028006014267592,4.57625716867736,0,0,19.25378573617445,945.7082203002693,597.5046206413343,732.1988718652336,542.9468709505297,12,12,1.145263461032244,0.10069527628612161,4.99750600998357,-0.07579570645821358,1.113363628114861,115.75253449465265,6.099655311424467e-05,4.2980800702309874e-05,1.0,1.0,0.0,570.9719939857324,0.0,1.0,137.57625716867736,0.0,0.0,1.0
frame_1412.jpg,frame_1412,1412,D:\visualization2026\visualization\left_downsample2_Q37\frame_1412.jpg,D:\visualization2026\visualization\right_downsample2_Q37\frame_1412.jpg,D:\visualization2026\dowsample2_Q37\stitched_frames\frame_1412.jpg,D:\visualization2026\dowsample2_Q37_hess_matched\stitched_frames\frame_1412.jpg,2173,1389,-0.057678118163981995,0.0550917431697977,232.14160686102406,46.17901170487966,227.13941890651427,58.080791973140094,5.002187954509793,-11.901780268260431,12.910238490678482,10.758057976920423,-10.008664088028771,14.693847973277046,0,1,5.379028988460211,-5.004332044014386,-5.379028988460211,5.004332044014386,0,0,12.910238490678482,949.8678223953273,606.7419220451916,722.728403488813,548.6611300720515,12,12,1.1417636777864035,0.10057547181793686,5.038253230975036,-0.07810579579264876,1.1155487201190388,119.20277956569738,5.897735943060986e-05,4.4376659769747526e-05,1.0,1.0,0.0,567.6209710115398,0.0,1.0,142.00433204401438,0.0,0.0,1.0
frame_1414.jpg,frame_1414,1414,D:\visualization2026\visualization\left_downsample2_Q37\frame_1414.jpg,D:\visualization2026\visualization\right_downsample2_Q37\frame_1414.jpg,D:\visualization2026\dowsample2_Q37\stitched_frames\frame_1414.jpg,D:\visualization2026\dowsample2_Q37_hess_matched\stitched_frames\frame_1414.jpg,2146,1414,-0.057850440385760926,0.05519946676497456,232.7000667614131,46.26197569240749,234.3887877978069,53.04733918448608,-1.6887210363938152,-6.785363492078588,6.992348422267867,11.001664695510044,-10.567723600012148,15.254947006092346,0,1,5.500832347755022,-5.283861800006074,-5.500832347755022,5.283861800006074,0,0,6.992348422267867,944.7655037629188,632.656971342241,710.3767159651119,579.609632157755,12,12,1.0992213192212028,0.10058818502466499,5.092801261483828,-0.10528864402531168,1.1218285109510424,162.49466331538264,3.426357000137134e-05,5.91381799204883e-05,1.0,1.0,0.0,540.499167652245,0.0,1.0,172.28386180000606,0.0,0.0,1.0
frame_1416.jpg,frame_1416,1416,D:\visualization2026\visualization\left_downsample2_Q37\frame_1416.jpg,D:\visualization2026\visualization\right_downsample2_Q37\frame_1416.jpg,D:\visualization2026\dowsample2_Q37\stitched_frames\frame_1416.jpg,D:\visualization2026\dowsample2_Q37_hess_matched\stitched_frames\frame_1416.jpg,2189,1383,-0.05796573621471934,0.05522829750034641,232.97098952134934,46.275661295722266,215.15589838586766,59.61224181221485,17.81509113548168,-13.336580516492582,22.25403001791827,11.690816711988607,-11.171119088754617,16.17000609426137,0,1,5.845408355994303,-5.5855595443773085,-5.845408355994303,5.5855595443773085,0,0,22.25403001791827,962.9985862561514,595.557127998682,747.8426878702837,535.9448861864671,12,12,1.1506588042784334,0.09038058499401178,6.0051411828336345,-0.07206772641739731,1.1118460321623627,109.03996151338659,6.505245325386413e-05,3.997170059647842e-05,1.0,1.0,0.0,583.1545916440057,0.0,1.0,129.5855595443773,0.0,0.0,1.0
frame_1418.jpg,frame_1418,1418,D:\visualization2026\visualization\left_downsample2_Q37\frame_1418.jpg,D:\visualization2026\visualization\right_downsample2_Q37\frame_1418.jpg,D:\visualization2026\dowsample2_Q37\stitched_frames\frame_1418.jpg,D:\visualization2026\dowsample2_Q37_hess_matched\stitched_frames\frame_1418.jpg,2188,1377,-0.057990751977526234,0.05562717153972552,233.96244174115543,46.6583495780563,217.22069042540704,58.69846480826868,16.741751315748388,-12.040115230212379,20.621605463085434,13.930762679428115,-11.134975911289295,17.83406396129441,0,1,6.965381339714058,-5.567487955644648,-6.965381339714058,5.567487955644648,0,0,20.621605463085434,957.3335608167212,584.1415018285506,740.1128703913141,525.443037020282,12,12,1.1610566582653918,0.07753737288027827,6.715515872146924,-0.06355882151881417,1.1028169106362227,95.54556506325734,7.436113885070306e-05,2.8778392800208133e-05,1.0,1.0,0.0,581.0346186602859,0.0,1.0,118.56748795564465,0.0,0.0,1.0
frame_1420.jpg,frame_1420,1420,D:\visualization2026\visualization\left_downsample2_Q37\frame_1420.jpg,D:\visualization2026\visualization\right_downsample2_Q37\frame_1420.jpg,D:\visualization2026\dowsample2_Q37\stitched_frames\frame_1420.jpg,D:\visualization2026\dowsample2_Q37_hess_matched\stitched_frames\frame_1420.jpg,2194,1390,-0.05772213504783075,0.056598917491263556,235.79920102672136,47.631246560313734,215.21542683612438,59.42300249704283,20.583774190596984,-11.791755936729096,23.722083972553346,12.91817884362364,-12.313881008635779,17.846876761234338,0,1,6.45908942181182,-6.156940504317889,-6.45908942181182,6.156940504317889,0,0,23.722083972553346,955.7470815123834,606.7096531764993,740.531654676259,547.2866506794564,9,12,1.1429451422760224,0.10757923965513586,6.542211837165775,-0.0791942235053829,1.12145423604653,119.93680219073647,5.776912485590569e-05,4.908819095175026e-05,1.0,1.0,0.0,587.5409105781882,0.0,1.0,141.1569405043179,0.0,0.0,1.0
frame_1422.jpg,frame_1422,1422,D:\visualization2026\visualization\left_downsample2_Q37\frame_1422.jpg,D:\visualization2026\visualization\right_downsample2_Q37\frame_1422.jpg,D:\visualization2026\dowsample2_Q37\stitched_frames\frame_1422.jpg,D:\visualization2026\dowsample2_Q37_hess_matched\stitched_frames\frame_1422.jpg,2178,1376,-0.05706365022649962,0.057725012828244715,237.3180937291898,48.80143121480993,221.11617593748247,60.52249559574375,16.20191779170733,-11.721064380933818,19.997137053869437,7.924658684849351,-11.92596828405437,14.318831474098332,0,1,3.9623293424246757,-5.962984142027185,-3.9623293424246757,5.962984142027185,0,0,19.997137053869437,933.8587046731146,591.8303830313363,712.7425287356322,531.3078874355925,12,12,1.137596282443318,0.08706352715373154,3.8009116914079986,-0.07372591110355459,1.0964919919630414,110.802523877129,6.287453393835881e-05,3.45764280890262e-05,1.0,1.0,0.0,574.0376706575753,0.0,1.0,124.96298414202718,0.0,0.0,1.0
frame_1424.jpg,frame_1424,1424,D:\visualization2026\visualization\left_downsample2_Q37\frame_1424.jpg,D:\visualization2026\visualization\right_downsample2_Q37\frame_1424.jpg,D:\visualization2026\dowsample2_Q37\stitched_frames\frame_1424.jpg,D:\visualization2026\dowsample2_Q37_hess_matched\stitched_frames\frame_1424.jpg,2116,1370,-0.056407914636212975,0.058697745309005955,238.47749827751406,49.82295329052685,245.22913849293025,62.50284226933786,-6.751640215416188,-12.679888978811015,14.365383047917593,2.7906940913414706,-11.890066091412614,12.213175065052011,0,1,1.3953470456707353,-5.945033045706307,-1.3953470456707353,5.945033045706307,0,0,14.365383047917593,911.1272667286929,594.693125025212,665.8981282357627,532.1902827558741,12,12,1.1018712755923046,0.07880418658373947,1.051870232728891,-0.08249080682532169,1.0747920880414752,125.9607013069946,5.154058203110037e-05,3.135084381695079e-05,1.0,1.0,0.0,514.6046529543293,0.0,1.0,123.94503304570631,0.0,0.0,1.0
frame_1426.jpg,frame_1426,1426,D:\visualization2026\visualization\left_downsample2_Q37\frame_1426.jpg,D:\visualization2026\visualization\right_downsample2_Q37\frame_1426.jpg,D:\visualization2026\dowsample2_Q37\stitched_frames\frame_1426.jpg,D:\visualization2026\dowsample2_Q37_hess_matched\stitched_frames\frame_1426.jpg,2115,1377,-0.05592553853806409,0.05886811766728839,238.03526966291264,50.04712923529048,245.1877793213024,61.444146128876014,-7.152509658389761,-11.397016893585537,13.455496590094063,-5.431506473233589,-12.929088528619172,14.023644061001058,0,1,-2.7157532366167945,-6.464544264309586,2.7157532366167945,6.464544264309586,0,0,13.455496590094063,899.08973113588,603.2912031584582,653.9019518145776,541.8470570295822,12,12,1.0920002760343006,0.08474121380137155,-2.632471101970029,-0.08843274246827294,1.0789889503680374,134.79396481403376,4.5335529940813195e-05,3.5736038971711e-05,1.0,1.0,0.0,517.7157532366168,0.0,1.0,133.46454426430958,0.0,0.0,1.0
frame_1428.jpg,frame_1428,1428,D:\visualization2026\visualization\left_downsample2_Q37\frame_1428.jpg,D:\visualization2026\visualization\right_downsample2_Q37\frame_1428.jpg,D:\visualization2026\dowsample2_Q37\stitched_frames\frame_1428.jpg,D:\visualization2026\dowsample2_Q37_hess_matched\stitched_frames\frame_1428.jpg,2115,1376,-0.05538459350527569,0.058009836416094585,235.04662799783364,49.28366094336448,243.97469964962465,61.144265210368076,-8.928071651791015,-11.860604267003595,14.845349339034708,-4.963027640976282,-12.49592682594755,13.445439026098411,0,1,-2.481513820488141,-6.247963412973775,2.481513820488141,6.247963412973775,0,0,14.845349339034708,896.6270018470002,601.3609745822137,652.6523021973755,540.2167093718456,12,12,1.0961283574497231,0.08065298637737232,-2.568485710761644,-0.08375962346491232,1.0786588555251309,127.32317172493202,4.9227742731109486e-05,3.149459561720089e-05,1.0,1.0,0.0,517.4815138204881,0.0,1.0,130.24796341297377,0.0,0.0,1.0
frame_1430.jpg,frame_1430,1430,D:\visualization2026\visualization\left_downsample2_Q37\frame_1430.jpg,D:\visualization2026\visualization\right_downsample2_Q37\frame_1430.jpg,D:\visualization2026\dowsample2_Q37\stitched_frames\frame_1430.jpg,D:\visualization2026\dowsample2_Q37_hess_matched\stitched_frames\frame_1430.jpg,2115,1376,-0.05496868722824516,0.05744495736745081,232.97450815451333,48.78855729808943,253.50173678679164,65.77542542085132,-20.52722863227831,-16.98686812276189,26.64433905995663,0.5701705900199783,-12.08988464022805,12.103322069404989,0,1,0.28508529500998914,-6.044942320114025,-0.28508529500998914,6.044942320114025,0,0,26.64433905995663,900.0513010569441,605.9686249228743,646.5495642701525,540.1931995020229,10,12,1.096264550879221,0.08074011929774984,0.1981134047364861,-0.08374962919478404,1.078665249592352,127.52619281779178,4.9227742731109486e-05,3.149459561720089e-05,1.0,1.0,0.0,514.7149147049901,0.0,1.0,130.04494232011402,0.0,0.0,1.0
frame_1432.jpg,frame_1432,1432,D:\visualization2026\visualization\left_downsample2_Q37\frame_1432.jpg,D:\visualization2026\visualization\right_downsample2_Q37\frame_1432.jpg,D:\visualization2026\dowsample2_Q37\stitched_frames\frame_1432.jpg,D:\visualization2026\dowsample2_Q37_hess_matched\stitched_frames\frame_1432.jpg,2136,1376,-0.05482033556898591,0.05786979038066853,233.72322979705288,49.21770065223009,215.17891784405901,58.7729565198058,18.544311952993866,-9.55525586757571,20.86131396879859,5.074944511265295,-13.035161067079159,13.988226686650385,0,1,2.5374722556326477,-6.517580533539579,-2.5374722556326477,6.517580533539579,0,0,20.86131396879859,906.3641385734256,605.4695336151353,691.1852207293666,546.6965770953295,9,12,1.1103316569980595,0.08189321757816904,2.626604032340052,-0.07900002492093217,1.0906406757066345,119.60175053011628,5.382254624801861e-05,3.608612127821072e-05,1.0,1.0,0.0,533.4625277443673,0.0,1.0,126.51758053353959,0.0,0.0,1.0
frame_1434.jpg,frame_1434,1434,D:\visualization2026\visualization\left_downsample2_Q37\frame_1434.jpg,D:\visualization2026\visualization\right_downsample2_Q37\frame_1434.jpg,D:\visualization2026\dowsample2_Q37\stitched_frames\frame_1434.jpg,D:\visualization2026\dowsample2_Q37_hess_matched\stitched_frames\frame_1434.jpg,2140,1382,-0.054845519743815574,0.05811799016142849,234.35704928636062,49.454644427898785,213.4426983467955,60.104322478112294,20.91435093956511,-10.64967805021351,23.469676559264453,9.115132780407793,-13.749454140045614,16.496458248778197,0,1,4.557566390203896,-6.874727070022807,-4.557566390203896,6.874727070022807,0,0,23.469676559264453,898.7338763953891,617.2499498253952,685.2911780485936,557.1456273472829,12,12,1.103437482350178,0.09757749057930322,4.398719142435788,-0.08593213773148406,1.1028020060731147,129.81921889704154,4.623628483346391e-05,4.728480795428439e-05,1.0,1.0,0.0,535.4424336097961,0.0,1.0,137.8747270700228,0.0,0.0,1.0
frame_1436.jpg,frame_1436,1436,D:\visualization2026\visualization\left_downsample2_Q37\frame_1436.jpg,D:\visualization2026\visualization\right_downsample2_Q37\frame_1436.jpg,D:\visualization2026\dowsample2_Q37\stitched_frames\frame_1436.jpg,D:\visualization2026\dowsample2_Q37_hess_matched\stitched_frames\frame_1436.jpg,2135,1373,-0.054988298986119566,0.058296862904210434,235.03265359638863,49.61005792920614,219.6612936485518,65.73345695704722,15.371359947836822,-16.12339902784108,22.276505624916776,14.877782547959255,-13.997623631546952,20.427478573597934,0,1,7.438891273979627,-6.998811815773476,-7.438891273979627,6.998811815773476,0,0,22.276505624916776,898.3811776520004,612.3697137169814,678.7198840034486,546.6362567599342,11,12,1.1036872029417875,0.08595322203438972,7.565637014449542,-0.082910455099327,1.0869018752588662,125.18793763047421,4.959765628648992e-05,3.861219813699639e-05,1.0,1.0,0.0,527.5611087260204,0.0,1.0,126.99881181577348,0.0,0.0,1.0
frame_1438.jpg,frame_1438,1438,D:\visualization2026\visualization\left_downsample2_Q37\frame_1438.jpg,D:\visualization2026\visualization\right_downsample2_Q37\frame_1438.jpg,D:\visualization2026\dowsample2_Q37\stitched_frames\frame_1438.jpg,D:\visualization2026\dowsample2_Q37_hess_matched\stitched_frames\frame_1438.jpg,2135,1370,-0.05524802727126976,0.05854150641009437,236.06983481801078,49.814679793562554,224.7969651240893,65.24674942539843,11.272869693921479,-15.43206963183588,19.110896479704046,14.527210181532327,-16.913045890152297,22.29553670447998,0,1,7.263605090766164,-8.456522945076149,-7.263605090766164,8.456522945076149,0,0,19.110896479704046,898.4809385712207,607.1725436406663,673.6839734471314,541.9257942152678,12,12,1.109275959834718,0.08124779857252785,7.327477229150163,-0.07619595221156844,1.086949718958906,112.24309720237589,5.4795020003187806e-05,3.3999337478865895e-05,1.0,1.0,0.0,527.7363949092338,0.0,1.0,124.45652294507614,0.0,0.0,1.0
frame_1440.jpg,frame_1440,1440,D:\visualization2026\visualization\left_downsample2_Q37\frame_1440.jpg,D:\visualization2026\visualization\right_downsample2_Q37\frame_1440.jpg,D:\visualization2026\dowsample2_Q37\stitched_frames\frame_1440.jpg,D:\visualization2026\dowsample2_Q37_hess_matched\stitched_frames\frame_1440.jpg,2135,1370,-0.05566740181364316,0.05871575926481265,237.22010720395022,49.93156440373497,228.93408699847123,68.15927998400355,8.28602020547899,-18.22771558026858,20.02268079256052,13.062641366042966,-19.32068603678736,23.322124868672812,0,1,6.531320683021483,-9.66034301839368,-6.531320683021483,9.66034301839368,0,0,20.02268079256052,891.2707904298437,610.5348927291016,662.3367034313725,542.375612745098,12,12,1.1092358342959476,0.08122290138781843,6.595192821405482,-0.07626191555656611,1.0869087898739693,111.03927712905836,5.4795020003187806e-05,3.3999337478865895e-05,1.0,1.0,0.0,528.4686793169785,0.0,1.0,125.66034301839368,0.0,0.0,1.0
frame_1442.jpg,frame_1442,1442,D:\visualization2026\visualization\left_downsample2_Q37\frame_1442.jpg,D:\visualization2026\visualization\right_downsample2_Q37\frame_1442.jpg,D:\visualization2026\dowsample2_Q37\stitched_frames\frame_1442.jpg,D:\visualization2026\dowsample2_Q37_hess_matched\stitched_frames\frame_1442.jpg,2168,1378,-0.05602291429006889,0.05889590575167736,238.27225173974927,50.062013177676754,221.48080161889004,74.19438033827919,16.791450120859224,-24.132367160602435,29.399386761213677,13.176594551446012,-21.17542921123763,24.94035778118134,0,1,6.588297275723006,-10.587714605618816,-6.588297275723006,10.587714605618816,0,0,29.399386761213677,915.8258390720736,616.2653073045713,694.3450374531835,542.0709269662921,10,12,1.136736474306839,0.08725187002872871,6.965228740154783,-0.07211220695579362,1.112092405834986,103.50900833103907,6.304615634634362e-05,4.274273757939906e-05,1.0,1.0,0.0,561.411702724277,0.0,1.0,126.58771460561881,0.0,0.0,1.0
frame_1444.jpg,frame_1444,1444,D:\visualization2026\visualization\left_downsample2_Q37\frame_1444.jpg,D:\visualization2026\visualization\right_downsample2_Q37\frame_1444.jpg,D:\visualization2026\dowsample2_Q37\stitched_frames\frame_1444.jpg,D:\visualization2026\dowsample2_Q37_hess_matched\stitched_frames\frame_1444.jpg,2163,1372,-0.0561532608216298,0.059275252495624486,239.40225513187352,50.412844991880505,225.8107482697552,73.10072377526933,13.591506862118308,-22.687878783388825,26.447474406316264,10.5218020019893,-22.311668089828196,24.66817484776131,0,1,5.26090100099465,-11.155834044914098,-5.26090100099465,11.155834044914098,0,0,26.447474406316264,909.9519265016588,608.3133893939533,684.1411782319036,535.212665618684,9,12,1.1353046673284002,0.07710012790593189,5.431417751523227,-0.06785338547944997,1.1002004686916629,95.8553312522106,6.616698742821027e-05,3.4074451302102716e-05,1.0,1.0,0.0,557.7390989990054,0.0,1.0,119.1558340449141,0.0,0.0,1.0
frame_1446.jpg,frame_1446,1446,D:\visualization2026\visualization\left_downsample2_Q37\frame_1446.jpg,D:\visualization2026\visualization\right_downsample2_Q37\frame_1446.jpg,D:\visualization2026\dowsample2_Q37\stitched_frames\frame_1446.jpg,D:\visualization2026\dowsample2_Q37_hess_matched\stitched_frames\frame_1446.jpg,2151,1356,-0.05627663158930246,0.060112361839552486,241.6074308591464,51.20725836554004,225.66630498429436,76.60437326563249,15.941125874852048,-25.397114900092447,29.985545507900557,7.6120063262302144,-21.763007918994106,23.05582689891579,0,1,3.8060031631151072,-10.881503959497053,-3.8060031631151072,10.881503959497053,0,0,29.985545507900557,886.4974321403313,594.4637394910636,660.8311271560369,517.8593662254311,10,12,1.1292978686623185,0.058383886776508395,3.653182784900465,-0.06188275138358922,1.0733715498552945,87.19813705501304,7.061495124524239e-05,1.8858167169484894e-05,1.0,1.0,0.0,547.1939968368849,0.0,1.0,101.88150395949705,0.0,0.0,1.0
frame_1448.jpg,frame_1448,1448,D:\visualization2026\visualization\left_downsample2_Q37\frame_1448.jpg,D:\visualization2026\visualization\right_downsample2_Q37\frame_1448.jpg,D:\visualization2026\dowsample2_Q37\stitched_frames\frame_1448.jpg,D:\visualization2026\dowsample2_Q37_hess_matched\stitched_frames\frame_1448.jpg,2151,1356,-0.056350092512241934,0.06089517435832992,243.59599275667767,51.955304919041495,245.59708581003974,73.0685689438302,-2.0010930533620694,-21.113264024788705,21.20788276063056,-0.3019179278061186,-22.50465437755279,22.50667952160506,0,1,-0.1509589639030593,-11.252327188776395,0.1509589639030593,11.252327188776395,0,0,21.20788276063056,900.1657036563945,590.4663973379849,654.5686178463548,517.3978283941547,12,12,1.1290184479746397,0.058309265723233764,-0.3037793421177013,-0.061908937047845385,1.0733645568088463,86.8273138257337,7.061495124524239e-05,1.8858167169484894e-05,1.0,1.0,0.0,551.150958963903,0.0,1.0,102.25232718877639,0.0,0.0,1.0
frame_1450.jpg,frame_1450,1450,D:\visualization2026\visualization\left_downsample2_Q37\frame_1450.jpg,D:\visualization2026\visualization\right_downsample2_Q37\frame_1450.jpg,D:\visualization2026\dowsample2_Q37\stitched_frames\frame_1450.jpg,D:\visualization2026\dowsample2_Q37_hess_matched\stitched_frames\frame_1450.jpg,2124,1381,-0.056310847209160686,0.061118219360185244,244.05693228490495,52.17585443394528,250.31989045822138,67.66026916004341,-6.262958173316434,-15.48441472609813,16.70304596444959,-7.510387430670125,-23.648998868581387,24.812921368612194,0,1,-3.7551937153350625,-11.824499434290694,3.7551937153350625,11.824499434290694,0,0,16.70304596444959,890.1414212994875,594.2016359273215,639.8215308412662,526.5413667672781,12,12,1.129599223352875,0.03118074071538518,-3.6453234532041368,-0.06551683420864789,1.073788303761441,91.23699884949028,7.431454276652665e-05,6.520858846576163e-06,1.0,1.0,0.0,527.755193715335,0.0,1.0,108.82449943429069,0.0,0.0,1.0
frame_1452.jpg,frame_1452,1452,D:\visualization2026\visualization\left_downsample2_Q37\frame_1452.jpg,D:\visualization2026\visualization\right_downsample2_Q37\frame_1452.jpg,D:\visualization2026\dowsample2_Q37\stitched_frames\frame_1452.jpg,D:\visualization2026\dowsample2_Q37_hess_matched\stitched_frames\frame_1452.jpg,2094,1375,-0.05626550921641765,0.061022673466019306,243.75035802176345,52.08903081516111,266.5285291710859,79.92963026855693,-22.778171149322446,-27.840599453395825,35.97143392794134,-11.974608578052067,-25.50655577770454,28.177573320616364,0,1,-5.987304289026033,-12.75327788885227,5.987304289026033,12.75327788885227,0,0,35.97143392794134,870.4694016441061,621.8081072407412,603.9408724730202,541.8784769721842,11,12,1.058573238536574,0.08356347691567104,-5.654541763005957,-0.09468133492883284,1.0647903775400496,138.1246921345312,3.733746816391886e-05,3.276455942085426e-05,1.0,1.0,0.0,499.98730428902604,0.0,1.0,125.75327788885227,0.0,0.0,1.0
frame_1454.jpg,frame_1454,1454,D:\visualization2026\visualization\left_downsample2_Q37\frame_1454.jpg,D:\visualization2026\visualization\right_downsample2_Q37\frame_1454.jpg,D:\visualization2026\dowsample2_Q37\stitched_frames\frame_1454.jpg,D:\visualization2026\dowsample2_Q37_hess_matched\stitched_frames\frame_1454.jpg,2094,1375,-0.056215638002148016,0.06083023532670251,243.20565574566237,51.90905663728284,265.6564963978641,80.31865787581467,-22.45084065220172,-28.409601238531828,36.20974576716802,-12.916778021184259,-28.27113373597468,31.082151746073087,0,1,-6.458389010592129,-14.13556686798734,6.458389010592129,14.13556686798734,0,0,36.20974576716802,865.0107030517348,622.0268312603315,599.3542066538707,541.7081733845168,7,12,1.0585556494257802,0.08354804203231903,-6.125626484572053,-0.09473294609958462,1.0647450874506559,136.74240315539612,3.733746816391886e-05,3.276455942085426e-05,1.0,1.0,0.0,500.45838901059216,0.0,1.0,127.13556686798734,0.0,0.0,1.0
frame_1456.jpg,frame_1456,1456,D:\visualization2026\visualization\left_downsample2_Q37\frame_1456.jpg,D:\visualization2026\visualization\right_downsample2_Q37\frame_1456.jpg,D:\visualization2026\dowsample2_Q37\stitched_frames\frame_1456.jpg,D:\visualization2026\dowsample2_Q37_hess_matched\stitched_frames\frame_1456.jpg,2119,1369,-0.05614977171763613,0.060700165497152736,242.7810261530932,51.79137130387232,249.16100601515086,86.47627074958052,-6.379979862057667,-34.684899445708204,35.266788804754405,-11.602993966248373,-32.64771154880045,34.64826890848192,0,1,-5.801496983124187,-16.323855774400226,5.801496983124187,16.323855774400226,0,0,35.266788804754405,867.6787782587551,612.2743991927169,618.5177722436042,525.7981284431364,9,12,1.07577219745714,0.07969283012991703,-5.537293532657307,-0.08431084167437507,1.0695406785314872,116.88484543964223,4.7328901903301905e-05,2.9617843163264134e-05,1.0,1.0,0.0,524.8014969831241,0.0,1.0,114.32385577440023,0.0,0.0,1.0
frame_1458.jpg,frame_1458,1458,D:\visualization2026\visualization\left_downsample2_Q37\frame_1458.jpg,D:\visualization2026\visualization\right_downsample2_Q37\frame_1458.jpg,D:\visualization2026\dowsample2_Q37\stitched_frames\frame_1458.jpg,D:\visualization2026\dowsample2_Q37_hess_matched\stitched_frames\frame_1458.jpg,2140,1376,-0.056144996124182,0.06072850860360979,242.83997059789576,51.81937126222178,249.55191086691877,86.75552507836119,-6.711940269023017,-34.93615381613941,35.575061287928726,-6.370599340408791,-34.461650001847445,35.045539756235016,0,1,-3.1852996702043956,-17.230825000923723,3.1852996702043956,17.230825000923723,0,0,35.575061287928726,881.3953992390118,611.212579341927,631.843488372093,524.4570542635659,8,12,1.1177883056495816,0.08229542110398601,-3.4957252940446697,-0.07717062537833572,1.0928039136098708,104.53824680675734,6.213735449726484e-05,3.4702863619969274e-05,1.0,1.0,0.0,543.1852996702044,0.0,1.0,113.23082500092372,0.0,0.0,1.0
frame_1460.jpg,frame_1460,1460,D:\visualization2026\visualization\left_downsample2_Q37\frame_1460.jpg,D:\visualization2026\visualization\right_downsample2_Q37\frame_1460.jpg,D:\visualization2026\dowsample2_Q37\stitched_frames\frame_1460.jpg,D:\visualization2026\dowsample2_Q37_hess_matched\stitched_frames\frame_1460.jpg,2121,1379,-0.05614794552200564,0.06086358698146721,243.16602934781213,51.94964836324095,242.86006724644915,89.31695215346792,0.3059621013629794,-37.36730379022698,37.368556372418,-1.702765919740938,-36.02539831416955,36.06561708153628,0,1,-0.851382959870469,-18.012699157084775,0.851382959870469,18.012699157084775,0,0,37.368556372418,853.6917575566199,624.89233085027,610.8316903101708,535.5753786968021,7,12,1.0770047018123996,0.08783591014476186,-0.8596955732127101,-0.09107251253075692,1.083542256690439,126.27773834526829,4.3093925785032784e-05,3.99137078230037e-05,1.0,1.0,0.0,521.8513829598704,0.0,1.0,127.01269915708477,0.0,0.0,1.0
frame_1462.jpg,frame_1462,1462,D:\visualization2026\visualization\left_downsample2_Q37\frame_1462.jpg,D:\visualization2026\visualization\right_downsample2_Q37\frame_1462.jpg,D:\visualization2026\dowsample2_Q37\stitched_frames\frame_1462.jpg,D:\visualization2026\dowsample2_Q37_hess_matched\stitched_frames\frame_1462.jpg,2121,1379,-0.056066974444782314,0.06105104731630995,243.46917548404852,52.14092060573305,240.08537350417305,89.05121232436386,3.3838019798754715,-36.91029171863081,37.065074539159305,0.889508891561883,-36.83487303768061,36.84561164874614,0,1,0.4447544457809415,-18.417436518840304,-0.4447544457809415,18.417436518840304,0,0,37.065074539159305,853.4478600073352,625.0241415238086,613.3624865031621,535.9729291994447,8,12,1.077060557461566,0.0878876437944695,0.4364418324387004,-0.09108995425258684,1.0835261021216367,125.87300098351275,4.3093925785032784e-05,3.99137078230037e-05,1.0,1.0,0.0,520.555245554219,0.0,1.0,127.4174365188403,0.0,0.0,1.0
frame_1464.jpg,frame_1464,1464,D:\visualization2026\visualization\left_downsample2_Q37\frame_1464.jpg,D:\visualization2026\visualization\right_downsample2_Q37\frame_1464.jpg,D:\visualization2026\dowsample2_Q37\stitched_frames\frame_1464.jpg,D:\visualization2026\dowsample2_Q37_hess_matched\stitched_frames\frame_1464.jpg,2105,1428,-0.05581386364510649,0.06132642504066599,243.6789295488505,52.438419473100375,242.79060309771296,88.66676227324274,0.8883264511375444,-36.228342800142364,36.23923213767667,10.551405984700938,-37.34669441508106,38.808604097383224,0,1,5.275702992350469,-18.67334720754053,-5.275702992350469,18.67334720754053,0,0,36.23923213767667,828.6178403277711,686.7614311711629,585.8272372300581,598.0946688979202,9,12,1.0209160866781801,0.11672864921035661,5.5865465957422575,-0.13553443961167208,1.1154945500473634,198.22320456541263,-1.8061531599018724e-07,7.553323624865224e-05,1.0,1.0,0.0,499.7242970076495,0.0,1.0,190.67334720754053,0.0,0.0,1.0
frame_1466.jpg,frame_1466,1466,D:\visualization2026\visualization\left_downsample2_Q37\frame_1466.jpg,D:\visualization2026\visualization\right_downsample2_Q37\frame_1466.jpg,D:\visualization2026\dowsample2_Q37\stitched_frames\frame_1466.jpg,D:\visualization2026\dowsample2_Q37_hess_matched\stitched_frames\frame_1466.jpg,2169,1375,-0.05552687506860571,0.06157780075704922,243.77218437930713,52.71687674565109,237.1907901848507,91.44914980891457,6.581394194456436,-38.73227306326348,39.28744998329658,18.556661039179914,-37.06833406903609,41.45372190258288,0,1,9.278330519589957,-18.534167034518045,-9.278330519589957,18.534167034518045,0,0,39.28744998329658,881.4561025886672,602.9455333115308,644.2653124038166,511.4963835026162,8,12,1.1462954503149567,0.07909434144083549,9.535297095410414,-0.0670051962106105,1.106943139318897,86.33252864083059,7.407855860283355e-05,3.581315104608743e-05,1.0,1.0,0.0,559.72166948041,0.0,1.0,103.53416703451805,0.0,0.0,1.0
frame_1468.jpg,frame_1468,1468,D:\visualization2026\visualization\left_downsample2_Q37\frame_1468.jpg,D:\visualization2026\visualization\right_downsample2_Q37\frame_1468.jpg,D:\visualization2026\dowsample2_Q37\stitched_frames\frame_1468.jpg,D:\visualization2026\dowsample2_Q37_hess_matched\stitched_frames\frame_1468.jpg,2181,1365,-0.05538326970623281,0.061674232330846346,243.7491181334302,52.82782400784223,202.15157293675793,90.32308471098389,41.59754519667226,-37.49526070314166,56.00223514812378,21.374858514437204,-37.01091183639301,42.73981950679559,0,1,10.687429257218602,-18.505455918196503,-10.687429257218602,18.505455918196503,0,0,56.00223514812378,892.5241593491536,581.1354804201615,690.3725864123957,490.81239570917757,9,12,1.1848156791919349,0.061073810682681834,10.511114294244086,-0.04887958187687011,1.10176608450449,56.50025678895224,9.62833456220912e-05,1.9982270454947435e-05,1.0,1.0,0.0,570.3125707427814,0.0,1.0,82.5054559181965,0.0,0.0,1.0
frame_1470.jpg,frame_1470,1470,D:\visualization2026\visualization\left_downsample2_Q37\frame_1470.jpg,D:\visualization2026\visualization\right_downsample2_Q37\frame_1470.jpg,D:\visualization2026\dowsample2_Q37\stitched_frames\frame_1470.jpg,D:\visualization2026\dowsample2_Q37_hess_matched\stitched_frames\frame_1470.jpg,2176,1362,-0.05541411428954768,0.06177256975852108,244.03687636390364,52.91913220548823,203.70463899014578,88.89463426549037,40.33223737375786,-35.975502060002135,54.04559297521278,21.69577142988153,-35.971974282864196,42.00820671898179,0,1,10.847885714940764,-17.985987141432098,-10.847885714940764,17.985987141432098,0,0,54.04559297521278,883.6256852483197,585.4126773752022,679.9210462581739,496.5180431097118,12,12,1.1694345143462568,0.0692891008878715,11.255229842442906,-0.051476526694335216,1.1012675265516352,61.36482610010095,8.880749803693853e-05,2.4177524271842887e-05,1.0,1.0,0.0,565.1521142850593,0.0,1.0,87.9859871414321,0.0,0.0,1.0
frame_1472.jpg,frame_1472,1472,D:\visualization2026\visualization\left_downsample2_Q37\frame_1472.jpg,D:\visualization2026\visualization\right_downsample2_Q37\frame_1472.jpg,D:\visualization2026\dowsample2_Q37\stitched_frames\frame_1472.jpg,D:\visualization2026\dowsample2_Q37_hess_matched\stitched_frames\frame_1472.jpg,2113,1367,-0.055539337274784606,0.06198439228287167,244.75992819405116,53.10857483530855,227.28513883788924,89.73175539072395,17.47478935616192,-36.623180555415395,40.57863498242377,19.065688071801798,-33.23196225324575,38.31271038248789,0,1,9.532844035900899,-16.615981126622874,-9.532844035900899,16.615981126622874,0,0,40.57863498242377,837.1479945788117,612.8998123092715,609.8628557409224,523.1680569185476,12,12,1.0762146205193635,0.08702474136956877,9.1776753975031,-0.08545000987495768,1.0723985926001596,118.61545046713317,4.794705297907528e-05,3.402366382890356e-05,1.0,1.0,0.0,503.4671559640991,0.0,1.0,112.61598112662287,0.0,0.0,1.0
frame_1474.jpg,frame_1474,1474,D:\visualization2026\visualization\left_downsample2_Q37\frame_1474.jpg,D:\visualization2026\visualization\right_downsample2_Q37\frame_1474.jpg,D:\visualization2026\dowsample2_Q37\stitched_frames\frame_1474.jpg,D:\visualization2026\dowsample2_Q37_hess_matched\stitched_frames\frame_1474.jpg,2085,1348,-0.055691694410281656,0.06234885789186406,245.89322723114276,53.44230398976808,243.4003362027836,84.47595902226635,2.4928910283591676,-31.033655032498274,31.1336192941871,21.178821107638704,-29.70782173943811,36.48420392459721,0,1,10.589410553819352,-14.853910869719055,-10.589410553819352,14.853910869719055,0,0,31.1336192941871,819.4959167271281,598.6734871121539,576.0955805243445,514.1975280898876,9,12,1.0594860890745013,0.06558199263188078,10.878069656954398,-0.08091493624863136,1.040879245142613,113.83210358828963,4.783336573857676e-05,1.8596558953801903e-05,1.0,1.0,0.0,474.41058944618067,0.0,1.0,101.85391086971906,0.0,0.0,1.0
frame_1476.jpg,frame_1476,1476,D:\visualization2026\visualization\left_downsample2_Q37\frame_1476.jpg,D:\visualization2026\visualization\right_downsample2_Q37\frame_1476.jpg,D:\visualization2026\dowsample2_Q37\stitched_frames\frame_1476.jpg,D:\visualization2026\dowsample2_Q37_hess_matched\stitched_frames\frame_1476.jpg,2068,1361,-0.055924612208698044,0.06298781020891187,247.8200200203661,54.03158094454274,254.3890426163083,79.063793859714,-6.569022595942215,-25.032212915171257,25.87979407368741,21.454683662694357,-28.634797175105824,35.780652038856594,0,1,10.727341831347179,-14.317398587552912,-10.727341831347179,14.317398587552912,0,0,25.87979407368741,807.6035670769586,593.9968689128893,553.2145244606503,514.9330750531753,11,12,1.0862601314517342,0.028771126769560038,11.12364176863763,-0.06630597785408794,1.0639680768419901,90.63950290350901,6.374533807917195e-05,1.2865494755917492e-05,1.0,1.0,0.0,457.2726581686528,0.0,1.0,102.31739858755292,0.0,0.0,1.0
frame_1478.jpg,frame_1478,1478,D:\visualization2026\visualization\left_downsample2_Q37\frame_1478.jpg,D:\visualization2026\visualization\right_downsample2_Q37\frame_1478.jpg,D:\visualization2026\dowsample2_Q37\stitched_frames\frame_1478.jpg,D:\visualization2026\dowsample2_Q37_hess_matched\stitched_frames\frame_1478.jpg,2156,1358,-0.05618663087051878,0.06386336924078084,250.3599697123328,54.84610719297235,198.19675933647602,74.72066532707584,52.16321037585678,-19.874558134103488,55.8211302083875,23.176165606703854,-25.91465478680036,34.76642036431702,0,1,11.588082803351927,-12.95732739340018,-11.588082803351927,12.95732739340018,0,0,55.8211302083875,828.5127410716358,611.6133593910027,630.3159817351598,536.8926940639269,8,12,1.1064111796808518,0.08684106316347096,11.887061120300292,-0.06406340172711754,1.12109776792189,88.03162600862451,5.7337000446980205e-05,5.483322389608521e-05,1.0,1.0,0.0,544.4119171966481,0.0,1.0,122.95732739340018,0.0,0.0,1.0
frame_1480.jpg,frame_1480,1480,D:\visualization2026\visualization\left_downsample2_Q37\frame_1480.jpg,D:\visualization2026\visualization\right_downsample2_Q37\frame_1480.jpg,D:\visualization2026\dowsample2_Q37\stitched_frames\frame_1480.jpg,D:\visualization2026\dowsample2_Q37_hess_matched\stitched_frames\frame_1480.jpg,2143,1326,-0.05635761081062074,0.06486060594777943,253.02912143121077,55.78952411243819,211.31757128217464,86.39990335077886,41.71155014903613,-30.61037923834067,51.738271453060676,22.96453984614844,-30.191794353418416,37.933026990005,0,1,11.48226992307422,-15.095897176709208,-11.48226992307422,15.095897176709208,0,0,51.738271453060676,828.3950417657586,571.6070034639924,617.077470483584,485.2071001132136,11,12,1.1182846647534717,0.042042151101296756,11.129661958218428,-0.04634338764910276,1.066960940193078,57.17144080307312,7.684910033936165e-05,1.7144664208255844e-05,1.0,1.0,0.0,531.5177300769258,0.0,1.0,74.0958971767092,0.0,0.0,1.0
frame_1482.jpg,frame_1482,1482,D:\visualization2026\visualization\left_downsample2_Q37\frame_1482.jpg,D:\visualization2026\visualization\right_downsample2_Q37\frame_1482.jpg,D:\visualization2026\dowsample2_Q37\stitched_frames\frame_1482.jpg,D:\visualization2026\dowsample2_Q37_hess_matched\stitched_frames\frame_1482.jpg,2166,1329,-0.056417966862393254,0.06567164769130607,255.06173280146578,56.566486176993216,228.97953372525637,79.5889547908813,26.082199076209406,-23.022468613888087,34.78958421321647,26.424629559603893,-36.37621238474428,44.96098169326727,0,1,13.212314779801947,-18.18810619237214,-13.212314779801947,18.18810619237214,0,0,34.78958421321647,858.4154193694658,563.9312557029683,629.4358856442094,484.342300912087,9,12,1.159186930046301,0.04673860629206038,13.414820482995825,-0.03423298411541212,1.0920864327810764,33.281060690801624,9.223111728936596e-05,2.103804257767319e-05,1.0,1.0,0.0,552.787685220198,0.0,1.0,75.18810619237215,0.0,0.0,1.0
frame_1484.jpg,frame_1484,1484,D:\visualization2026\visualization\left_downsample2_Q37\frame_1484.jpg,D:\visualization2026\visualization\right_downsample2_Q37\frame_1484.jpg,D:\visualization2026\dowsample2_Q37\stitched_frames\frame_1484.jpg,D:\visualization2026\dowsample2_Q37_hess_matched\stitched_frames\frame_1484.jpg,2151,1357,-0.056389095309450354,0.06599699102783818,255.78389729950473,56.884695499712684,254.34913507392264,109.30404836530124,1.4347622255820909,-52.41935286558856,52.43898452002141,19.976268564204766,-44.06078841820853,48.37772609149147,0,1,9.988134282102383,-22.030394209104266,-9.988134282102383,22.030394209104266,0,0,52.43898452002141,864.1892763854704,633.7120854595826,609.8401413115478,524.4080370942813,11,12,1.1020693381084394,0.07617057109988408,10.37428394356019,-0.06799806912580499,1.1046693976819542,85.02051472577637,5.648268180143566e-05,4.69552760237967e-05,1.0,1.0,0.0,541.0118657178976,0.0,1.0,119.03039420910426,0.0,0.0,1.0
frame_1486.jpg,frame_1486,1486,D:\visualization2026\visualization\left_downsample2_Q37\frame_1486.jpg,D:\visualization2026\visualization\right_downsample2_Q37\frame_1486.jpg,D:\visualization2026\dowsample2_Q37\stitched_frames\frame_1486.jpg,D:\visualization2026\dowsample2_Q37_hess_matched\stitched_frames\frame_1486.jpg,2158,1340,-0.05625797901648538,0.06562545590649393,254.6710989685655,56.54151344346733,243.93967299723045,112.4958165152679,10.731425971335057,-55.954303071800574,56.974095303296885,14.617419540640903,-49.75078851936087,51.853735760553256,0,1,7.308709770320451,-24.875394259680434,-7.308709770320451,24.875394259680434,0,0,56.974095303296885,866.100050355721,611.2858149812903,622.1603773584906,498.7899984660224,12,12,1.1267283753648754,0.06548107239613295,7.061041771915161,-0.0516004070541768,1.0970385410238328,55.096898373344544,7.316697588859239e-05,3.5630455450652015e-05,1.0,1.0,0.0,550.6912902296796,0.0,1.0,100.87539425968043,0.0,0.0,1.0
frame_1488.jpg,frame_1488,1488,D:\visualization2026\visualization\left_downsample2_Q37\frame_1488.jpg,D:\visualization2026\visualization\right_downsample2_Q37\frame_1488.jpg,D:\visualization2026\dowsample2_Q37\stitched_frames\frame_1488.jpg,D:\visualization2026\dowsample2_Q37_hess_matched\stitched_frames\frame_1488.jpg,2167,1339,-0.05582690415923519,0.06486688418399067,252.11222715191482,55.86094891561905,232.19082175305368,114.15838721704381,19.92140539886114,-58.29743830142476,61.60725367661019,12.735349583028517,-56.806254738421615,58.216318214126126,0,1,6.367674791514259,-28.403127369210807,-6.367674791514259,28.403127369210807,0,0,61.60725367661019,874.6278621593914,606.4291020984023,642.4370404063377,492.27071488135846,12,12,1.1432524974905853,0.06488158642411233,6.912031018219904,-0.04568901840854587,1.1034339125573622,40.858754720410815,8.065556097741034e-05,3.460778680145611e-05,1.0,1.0,0.0,560.6323252084858,0.0,1.0,100.40312736921081,0.0,0.0,1.0
frame_1490.jpg,frame_1490,1490,D:\visualization2026\visualization\left_downsample2_Q37\frame_1490.jpg,D:\visualization2026\visualization\right_downsample2_Q37\frame_1490.jpg,D:\visualization2026\dowsample2_Q37\stitched_frames\frame_1490.jpg,D:\visualization2026\dowsample2_Q37_hess_matched\stitched_frames\frame_1490.jpg,2169,1337,-0.05523467769188434,0.06427199333143618,249.65923307333975,55.358532129902535,234.74192804212294,114.41891187400483,14.917305031216813,-59.0603797441023,60.9151413436096,15.671996418680141,-58.30550674820147,60.37502454584752,0,1,7.835998209340071,-29.152753374100737,-7.835998209340071,29.152753374100737,0,0,60.9151413436096,872.2310083716022,604.2068662305377,637.4890803294793,489.78795435653285,11,12,1.1505074876959949,0.0641045186818104,7.579463973526979,-0.04212187822172666,1.1062712151396041,34.321077227354024,8.395877084233863e-05,3.441872898407816e-05,1.0,1.0,0.0,561.1640017906599,0.0,1.0,99.15275337410074,0.0,0.0,1.0
frame_1492.jpg,frame_1492,1492,D:\visualization2026\visualization\left_downsample2_Q37\frame_1492.jpg,D:\visualization2026\visualization\right_downsample2_Q37\frame_1492.jpg,D:\visualization2026\dowsample2_Q37\stitched_frames\frame_1492.jpg,D:\visualization2026\dowsample2_Q37_hess_matched\stitched_frames\frame_1492.jpg,2160,1381,-0.05488388425203233,0.06411447112058966,248.66911839140363,55.24938318156952,231.99726910325614,113.54918289076136,16.671849288147484,-58.29979970919184,60.63676446528615,18.39221317194083,-59.127317694871536,61.921831393720765,0,1,9.196106585970416,-29.563658847435768,-9.196106585970416,29.563658847435768,0,0,60.63676446528615,855.9683344596748,666.0983951821356,623.9710653564186,552.5492122913743,12,12,1.0841262630888868,0.11260976559678118,9.417980716862008,-0.08697865266723254,1.1388677455952754,108.28830134520464,3.538905968122113e-05,7.601982057319161e-05,1.0,1.0,0.0,550.8038934140296,0.0,1.0,161.56365884743576,0.0,0.0,1.0
frame_1494.jpg,frame_1494,1494,D:\visualization2026\visualization\left_downsample2_Q37\frame_1494.jpg,D:\visualization2026\visualization\right_downsample2_Q37\frame_1494.jpg,D:\visualization2026\dowsample2_Q37\stitched_frames\frame_1494.jpg,D:\visualization2026\dowsample2_Q37_hess_matched\stitched_frames\frame_1494.jpg,2159,1351,-0.05503780701755706,0.06446473156242372,249.77142180550055,55.569181091454645,233.65342540166034,115.48479400594255,16.11799640384021,-59.9156129144879,62.045712817187905,19.011809238291217,-59.73819653929377,62.690517754126624,0,1,9.505904619145609,-29.869098269646884,-9.505904619145609,29.869098269646884,0,0,62.045712817187905,851.8373847130845,626.3082681843463,618.1839593114241,510.8234741784037,11,12,1.1161968494067367,0.07853926454873615,9.548497996185743,-0.06118744444380605,1.1086375550856655,64.81709649341681,6.355862340165761e-05,4.6953327359064365e-05,1.0,1.0,0.0,549.4940953808544,0.0,1.0,119.86909826964688,0.0,0.0,1.0
frame_1496.jpg,frame_1496,1496,D:\visualization2026\visualization\left_downsample2_Q37\frame_1496.jpg,D:\visualization2026\visualization\right_downsample2_Q37\frame_1496.jpg,D:\visualization2026\dowsample2_Q37\stitched_frames\frame_1496.jpg,D:\visualization2026\dowsample2_Q37_hess_matched\stitched_frames\frame_1496.jpg,2200,1330,-0.055411359979337105,0.06504128319984459,251.7969065798982,56.080789332715014,227.4643968422597,116.1441471378659,24.332509737638503,-60.063357805150886,64.80492250563881,16.925750098462643,-58.587735771927015,60.98363550393453,0,1,8.462875049231322,-29.293867885963508,-8.462875049231322,29.293867885963508,0,0,64.80492250563881,881.1038688524378,609.0585078248888,653.6394720101781,492.9143606870229,12,12,1.1631094760714613,0.10758411392203139,8.35675789497234,-0.04339019989220296,1.1199969074857345,36.436087900294254,8.334644993842754e-05,5.0783440309080684e-05,1.0,1.0,0.0,591.5371249507687,0.0,1.0,101.29386788596351,0.0,0.0,1.0
frame_1498.jpg,frame_1498,1498,D:\visualization2026\visualization\left_downsample2_Q37\frame_1498.jpg,D:\visualization2026\visualization\right_downsample2_Q37\frame_1498.jpg,D:\visualization2026\dowsample2_Q37\stitched_frames\frame_1498.jpg,D:\visualization2026\dowsample2_Q37_hess_matched\stitched_frames\frame_1498.jpg,2200,1330,-0.05558458667407107,0.0655663928147141,253.3484598109917,56.567314499032086,230.32907408037863,117.91914702256798,23.019385730613067,-61.3518325235359,65.52815786675794,14.02249917849249,-58.00380023303926,59.674712606640576,0,1,7.011249589246245,-29.00190011651963,-7.011249589246245,29.00190011651963,0,0,65.52815786675794,871.5310221806092,610.3268353265311,641.2019481002305,492.4076883039631,11,12,1.1629884882427313,0.10751039538713308,6.905132434987263,-0.04336586541512337,1.1200117346135263,36.72805566973813,8.334644993842754e-05,5.0783440309080684e-05,1.0,1.0,0.0,592.9887504107537,0.0,1.0,101.00190011651964,0.0,0.0,1.0
frame_1500.jpg,frame_1500,1500,D:\visualization2026\visualization\left_downsample2_Q37\frame_1500.jpg,D:\visualization2026\visualization\right_downsample2_Q37\frame_1500.jpg,D:\visualization2026\dowsample2_Q37\stitched_frames\frame_1500.jpg,D:\visualization2026\dowsample2_Q37_hess_matched\stitched_frames\frame_1500.jpg,2138,1368,-0.055350747781680976,0.06610913415685382,254.22717659170027,57.121019394767984,249.74016725962633,110.42909530203656,4.487009332073939,-53.308075907268574,53.49658128966025,18.091637138886416,-54.71784649572513,57.63115528509621,0,1,9.045818569443208,-27.358923247862563,-9.045818569443208,27.358923247862563,0,0,53.49658128966025,839.9823107234515,651.4486304730658,590.2421434638252,541.0195351710292,12,12,1.0971801724189434,0.10916040712173977,8.8998814022467,-0.07933227024090143,1.1250889689395587,96.86945127778573,4.8577340052553444e-05,6.59540660451339e-05,1.0,1.0,0.0,528.9541814305568,0.0,1.0,150.35892324786255,0.0,0.0,1.0
frame_1502.jpg,frame_1502,1502,D:\visualization2026\visualization\left_downsample2_Q37\frame_1502.jpg,D:\visualization2026\visualization\right_downsample2_Q37\frame_1502.jpg,D:\visualization2026\dowsample2_Q37\stitched_frames\frame_1502.jpg,D:\visualization2026\dowsample2_Q37_hess_matched\stitched_frames\frame_1502.jpg,2118,1348,-0.05497581696469356,0.0667908893766227,255.1883949403313,57.826545277652514,253.03280025203458,113.20666729240554,2.1555946882967305,-55.38012201475303,55.42205790864451,20.268550292277514,-51.75901909347098,55.5860610987042,0,1,10.134275146138757,-25.87950954673549,-10.134275146138757,25.87950954673549,0,0,55.42205790864451,812.3807450531563,631.9846172591976,559.3479448011217,518.7779499667921,12,12,1.0831846663107747,0.08109150537450018,9.96802287464005,-0.07376156672171193,1.0837788541453488,89.94238409211286,5.3028524146486076e-05,4.297704505421897e-05,1.0,1.0,0.0,507.86572485386125,0.0,1.0,125.87950954673549,0.0,0.0,1.0
frame_1504.jpg,frame_1504,1504,D:\visualization2026\visualization\left_downsample2_Q37\frame_1504.jpg,D:\visualization2026\visualization\right_downsample2_Q37\frame_1504.jpg,D:\visualization2026\dowsample2_Q37\stitched_frames\frame_1504.jpg,D:\visualization2026\dowsample2_Q37_hess_matched\stitched_frames\frame_1504.jpg,2154,1338,-0.05469500599305699,0.06724309725762556,255.76957544067977,58.29847552763568,219.30588923486994,101.78431975555293,36.463686205809836,-43.48584422791725,56.75049832319053,22.31700163926995,-48.84814196507923,53.704650968121115,0,1,11.158500819634975,-24.424070982539615,-11.158500819634975,24.424070982539615,0,0,56.75049832319053,846.3135669239615,605.603247919749,627.0076776890916,503.8189281641961,12,12,1.1636786472943528,0.07637137589445207,11.151274357541917,-0.04048811037835182,1.1128958677305898,36.92952190201203,9.130005907842506e-05,3.7386253169041345e-05,1.0,1.0,0.0,542.8414991803651,0.0,1.0,102.42407098253962,0.0,0.0,1.0
frame_1506.jpg,frame_1506,1506,D:\visualization2026\visualization\left_downsample2_Q37\frame_1506.jpg,D:\visualization2026\visualization\right_downsample2_Q37\frame_1506.jpg,D:\visualization2026\dowsample2_Q37\stitched_frames\frame_1506.jpg,D:\visualization2026\dowsample2_Q37_hess_matched\stitched_frames\frame_1506.jpg,2141,1343,-0.05464986364007468,0.06727542762176386,255.76711619500026,58.33530262635971,220.55004069040626,103.60452342023984,35.21707550459399,-45.26922079388013,57.35455307454974,28.21240215781197,-48.00898588098659,55.68484857512754,0,1,14.106201078905984,-24.004492940493297,-14.106201078905984,24.004492940493297,0,0,57.35455307454974,828.821816621462,616.7064778677621,608.2717759310557,513.1019544475223,12,12,1.1326496914176316,0.0781162437943463,13.998067474920378,-0.0536116419353981,1.100839978901423,59.345111482221554,7.606265626511387e-05,3.9022710430999836e-05,1.0,1.0,0.0,526.893798921094,0.0,1.0,111.0044929404933,0.0,0.0,1.0
frame_1508.jpg,frame_1508,1508,D:\visualization2026\visualization\left_downsample2_Q37\frame_1508.jpg,D:\visualization2026\visualization\right_downsample2_Q37\frame_1508.jpg,D:\visualization2026\dowsample2_Q37\stitched_frames\frame_1508.jpg,D:\visualization2026\dowsample2_Q37_hess_matched\stitched_frames\frame_1508.jpg,2118,1333,-0.05474672942471742,0.06714887960688976,255.63657570667223,58.2009840710634,222.37493324109698,104.99843095264055,33.26164246557525,-46.797446881577144,57.4137430772615,34.51343961297993,-46.35525724420717,57.792623993857845,0,1,17.256719806489965,-23.177628622103587,-17.256719806489965,23.177628622103587,0,0,57.4137430772615,803.6364988048225,609.994065143817,581.2615655637255,504.99563419117646,12,12,1.1046998686866718,0.05831070728185002,17.250715199858742,-0.0580603702824609,1.0676716388025314,66.54706798751431,7.010840739577239e-05,2.4368692280837854e-05,1.0,1.0,0.0,500.74328019351003,0.0,1.0,100.17762862210358,0.0,0.0,1.0
frame_1510.jpg,frame_1510,1510,D:\visualization2026\visualization\left_downsample2_Q37\frame_1510.jpg,D:\visualization2026\visualization\right_downsample2_Q37\frame_1510.jpg,D:\visualization2026\dowsample2_Q37\stitched_frames\frame_1510.jpg,D:\visualization2026\dowsample2_Q37_hess_matched\stitched_frames\frame_1510.jpg,2113,1350,-0.05492092989061337,0.06709338670855192,255.81061075643527,58.12586284551998,221.84659883165125,107.23815833232538,33.96401192478402,-49.1122954868054,59.712408040625505,33.748586345165904,-48.110912459761884,58.76756739910195,0,1,16.874293172582952,-24.055456229880942,-16.874293172582952,24.055456229880942,0,0,59.712408040625505,792.318827600604,637.7416542864459,570.4722287689527,530.5034959541205,12,12,1.0703106975192391,0.08018151444170568,17.02293420840124,-0.08014359693254126,1.0748184764289563,102.55692511403046,4.604126613936492e-05,4.202524300884995e-05,1.0,1.0,0.0,496.12570682741705,0.0,1.0,127.05545622988095,0.0,0.0,1.0
frame_1512.jpg,frame_1512,1512,D:\visualization2026\visualization\left_downsample2_Q37\frame_1512.jpg,D:\visualization2026\visualization\right_downsample2_Q37\frame_1512.jpg,D:\visualization2026\dowsample2_Q37\stitched_frames\frame_1512.jpg,D:\visualization2026\dowsample2_Q37_hess_matched\stitched_frames\frame_1512.jpg,2137,1322,-0.055187356716687785,0.06723415680812961,256.6128007291275,58.229199246132,222.95201876499095,105.3406780769879,33.66078196413656,-47.1114788308559,57.90111985158253,34.028235389420615,-50.47823536206702,60.87670366393084,0,1,17.014117694710308,-25.23911768103351,-17.014117694710308,25.23911768103351,0,0,57.90111985158253,811.1155149459969,590.5794732924368,588.1634961810059,485.2387952154489,8,12,1.1510233458088777,0.05095561599868829,16.78838245744032,-0.037851316615559356,1.0746832318895514,31.781000609951658,9.495146402151031e-05,1.5714069366422724e-05,1.0,1.0,0.0,519.9858823052897,0.0,1.0,83.2391176810335,0.0,0.0,1.0
frame_1514.jpg,frame_1514,1514,D:\visualization2026\visualization\left_downsample2_Q37\frame_1514.jpg,D:\visualization2026\visualization\right_downsample2_Q37\frame_1514.jpg,D:\visualization2026\dowsample2_Q37\stitched_frames\frame_1514.jpg,D:\visualization2026\dowsample2_Q37_hess_matched\stitched_frames\frame_1514.jpg,2131,1320,-0.05557867222110319,0.06747609388467035,257.8745920403584,58.41499954935836,225.2351721736187,110.67911985504918,32.63941986673967,-52.26412030569082,61.618747151861534,35.88931842031447,-52.83510253372812,63.87167788953322,0,1,17.944659210157234,-26.41755126686406,-17.944659210157234,26.41755126686406,0,0,61.618747151861534,802.7945004766221,576.1325893031924,577.5593283030034,465.4534694481432,12,12,1.1633580430766586,0.027402047123616866,18.36042603412563,-0.030292077387206847,1.0604693269838696,16.99035661230397,0.0001087359555867139,-2.36638923018453e-06,1.0,1.0,0.0,513.0553407898427,0.0,1.0,64.41755126686405,0.0,0.0,1.0
frame_1516.jpg,frame_1516,1516,D:\visualization2026\visualization\left_downsample2_Q37\frame_1516.jpg,D:\visualization2026\visualization\right_downsample2_Q37\frame_1516.jpg,D:\visualization2026\dowsample2_Q37\stitched_frames\frame_1516.jpg,D:\visualization2026\dowsample2_Q37_hess_matched\stitched_frames\frame_1516.jpg,2131,1310,-0.055904002551094456,0.06784826554947787,259.32990113807097,58.734881123853455,222.71458041220342,115.84071642925926,36.61532072586755,-57.105835305405805,67.8362597567575,36.92887492418325,-55.40654729200002,66.58548855408816,0,1,18.464437462091624,-27.70327364600001,-18.464437462091624,27.70327364600001,0,0,67.8362597567575,794.5737498352097,576.7942629195202,571.8591694230063,460.9535464902609,9,12,1.1487957375379352,0.033765694333519294,18.088017180309762,-0.03514890265986386,1.0476971887614506,24.254244785499356,0.00010188326215840277,-6.691958829400663e-07,1.0,1.0,0.0,512.5355625379084,0.0,1.0,60.703273646000014,0.0,0.0,1.0
frame_1518.jpg,frame_1518,1518,D:\visualization2026\visualization\left_downsample2_Q37\frame_1518.jpg,D:\visualization2026\visualization\right_downsample2_Q37\frame_1518.jpg,D:\visualization2026\dowsample2_Q37\stitched_frames\frame_1518.jpg,D:\visualization2026\dowsample2_Q37_hess_matched\stitched_frames\frame_1518.jpg,2153,1351,-0.05604469646177912,0.06839740713439357,260.88142192150286,59.248654862455545,218.31436430145834,117.83043760233818,42.56705762004452,-58.581782739882634,72.41394660844692,38.74408510773492,-58.17698563709661,69.89753778678009,0,1,19.37204255386746,-29.088492818548303,-19.37204255386746,29.088492818548303,0,0,72.41394660844692,807.2980945537573,620.8129102895974,588.983730252299,502.98247268725925,12,12,1.1439720147573031,0.09177273195073218,19.137375547839042,-0.054643520269175974,1.1123235050058964,53.96108137277854,8.379174192077545e-05,4.2369279665734514e-05,1.0,1.0,0.0,533.6279574461325,0.0,1.0,104.0884928185483,0.0,0.0,1.0
frame_1520.jpg,frame_1520,1520,D:\visualization2026\visualization\left_downsample2_Q37\frame_1520.jpg,D:\visualization2026\visualization\right_downsample2_Q37\frame_1520.jpg,D:\visualization2026\dowsample2_Q37\stitched_frames\frame_1520.jpg,D:\visualization2026\dowsample2_Q37_hess_matched\stitched_frames\frame_1520.jpg,2120,1335,-0.05612964536699194,0.06903982507880235,262.5566453603008,59.85950492197374,223.3948509161729,121.82902420013869,39.161794444127906,-61.96951927816495,73.30666725237879,40.45045481205457,-57.609742826309976,70.39262577156532,0,1,20.225227406027287,-28.804871413154988,-20.225227406027287,28.804871413154988,0,0,73.30666725237879,773.4873796518051,611.2183920162306,550.0925287356322,489.3893678160919,12,12,1.1012423827397377,0.06475642556533145,20.296275161638235,-0.06038622994836007,1.0641235989970579,63.85741715778802,7.372779272784945e-05,2.241123164511596e-05,1.0,1.0,0.0,499.7747725939727,0.0,1.0,90.80487141315498,0.0,0.0,1.0
frame_1522.jpg,frame_1522,1522,D:\visualization2026\visualization\left_downsample2_Q37\frame_1522.jpg,D:\visualization2026\visualization\right_downsample2_Q37\frame_1522.jpg,D:\visualization2026\dowsample2_Q37\stitched_frames\frame_1522.jpg,D:\visualization2026\dowsample2_Q37_hess_matched\stitched_frames\frame_1522.jpg,2133,1357,-0.05619766622817246,0.06952316589556085,263.8242572068502,60.31858899691109,221.08742432495524,121.2822595532499,42.73683288189494,-60.96367055633881,74.45136676030083,44.92033265412852,-55.68778714143865,71.54694907868361,0,1,22.46016632706426,-27.843893570719324,-22.46016632706426,27.843893570719324,0,0,74.45136676030083,775.8226681895094,642.1639774780713,554.7352438645541,520.8817179248214,12,12,1.0969442129872369,0.10270591960673595,22.5394977938239,-0.07381792807388071,1.1059652772650046,87.56678215708104,5.939326001333675e-05,5.3920071348141214e-05,1.0,1.0,0.0,510.53983367293574,0.0,1.0,120.84389357071933,0.0,0.0,1.0
frame_1524.jpg,frame_1524,1524,D:\visualization2026\visualization\left_downsample2_Q37\frame_1524.jpg,D:\visualization2026\visualization\right_downsample2_Q37\frame_1524.jpg,D:\visualization2026\dowsample2_Q37\stitched_frames\frame_1524.jpg,D:\visualization2026\dowsample2_Q37_hess_matched\stitched_frames\frame_1524.jpg,2163,1338,-0.056232923893079934,0.06968540173637294,264.27155528437925,60.47115274764863,223.10028689604133,109.8990589994063,41.17126838833792,-49.42790625175766,64.32877472124817,40.64666666861813,-54.789492691049986,68.22052492184719,0,1,20.323333334309066,-27.394746345524993,-20.323333334309066,27.394746345524993,0,0,64.32877472124817,806.2465888728648,589.7891407989973,583.1463019768235,479.89008179959103,12,12,1.186623889617631,0.07134885331224251,20.229717306042314,-0.03443298208012415,1.1057601266152353,23.12782733746905,0.00010954509533724027,2.514373357332997e-05,1.0,1.0,0.0,542.676666665691,0.0,1.0,79.394746345525,0.0,0.0,1.0
frame_1526.jpg,frame_1526,1526,D:\visualization2026\visualization\left_downsample2_Q37\frame_1526.jpg,D:\visualization2026\visualization\right_downsample2_Q37\frame_1526.jpg,D:\visualization2026\dowsample2_Q37\stitched_frames\frame_1526.jpg,D:\visualization2026\dowsample2_Q37_hess_matched\stitched_frames\frame_1526.jpg,2169,1340,-0.05615608548035561,0.06975323561235336,264.2977834802915,60.546220019457905,205.33307354405417,108.04227690050703,58.96470993623734,-47.49605688104913,75.71467781819098,40.865566991921604,-55.40779561698837,68.84779140034333,0,1,20.432783495960802,-27.703897808494187,-20.432783495960802,27.703897808494187,0,0,75.71467781819098,813.188039892697,591.8493177998488,607.8549663486428,483.80704089934176,12,12,1.1952707329125163,0.0808146704628356,20.78017085540939,-0.03206859829696596,1.1208828850795904,18.102605322764934,0.00011118038219909283,3.214474712207949e-05,1.0,1.0,0.0,548.5672165040392,0.0,1.0,84.70389780849419,0.0,0.0,1.0
frame_1528.jpg,frame_1528,1528,D:\visualization2026\visualization\left_downsample2_Q37\frame_1528.jpg,D:\visualization2026\visualization\right_downsample2_Q37\frame_1528.jpg,D:\visualization2026\dowsample2_Q37\stitched_frames\frame_1528.jpg,D:\visualization2026\dowsample2_Q37_hess_matched\stitched_frames\frame_1528.jpg,2093,1318,-0.05608864964490551,0.06979699712893406,264.2833364419961,60.59684798113183,243.08460874950356,114.68715846907116,21.198727692492525,-54.090310487939334,58.096021761064925,41.75632279047599,-55.03757970214677,69.08491638883689,0,1,20.878161395237996,-27.518789851073386,-20.878161395237996,27.518789851073386,0,0,58.096021761064925,769.6808528809589,578.5140996030545,526.5962441314554,463.8269411339834,12,12,1.133818026100903,0.051238983944745,21.04969084022632,-0.04069949849198412,1.055456727338363,33.396383651880285,0.00010015665487208524,5.834865468827942e-06,1.0,1.0,0.0,472.121838604762,0.0,1.0,64.5187898510734,0.0,0.0,1.0
frame_1530.jpg,frame_1530,1530,D:\visualization2026\visualization\left_downsample2_Q37\frame_1530.jpg,D:\visualization2026\visualization\right_downsample2_Q37\frame_1530.jpg,D:\visualization2026\dowsample2_Q37\stitched_frames\frame_1530.jpg,D:\visualization2026\dowsample2_Q37_hess_matched\stitched_frames\frame_1530.jpg,2093,1327,-0.056099302776467797,0.06994919861169357,264.6635974458904,60.742736936084036,224.4073013852451,125.80377084394092,40.2562960606453,-65.06103390785688,76.50821854991547,43.155891106101876,-57.329843223643635,71.75752128668661,0,1,21.577945553050938,-28.664921611821818,-21.577945553050938,28.664921611821818,0,0,76.50821854991547,746.2760409827637,601.711094190892,521.8687395975186,475.9073233469511,12,12,1.0828687142672841,0.062055915928867944,22.028265056537975,-0.061933320975635704,1.0503257888777828,66.8551742440182,7.175033576979915e-05,1.8382780451532344e-05,1.0,1.0,0.0,471.42205444694906,0.0,1.0,77.66492161182182,0.0,0.0,1.0
frame_1532.jpg,frame_1532,1532,D:\visualization2026\visualization\left_downsample2_Q37\frame_1532.jpg,D:\visualization2026\visualization\right_downsample2_Q37\frame_1532.jpg,D:\visualization2026\dowsample2_Q37\stitched_frames\frame_1532.jpg,D:\visualization2026\dowsample2_Q37_hess_matched\stitched_frames\frame_1532.jpg,2141,1323,-0.05601170303315245,0.070475686715321,265.76046939658,61.26271426634302,218.56985752191315,120.37530524847386,47.19061187466684,-59.11259098213085,75.63895994608959,38.817717790220016,-59.2492824545598,70.83285032964135,0,1,19.408858895110008,-29.6246412272799,-19.408858895110008,29.6246412272799,0,0,75.63895994608959,779.5638659607317,572.8590183286426,560.9940084388186,452.48371308016874,12,12,1.1885971064604184,0.057526249276620714,19.119916506774622,-0.02260225698246347,1.0918786518843715,0.9844411215668565,0.00012205803757820521,1.1282528946546548e-05,1.0,1.0,0.0,521.59114110489,0.0,1.0,55.624641227279895,0.0,0.0,1.0
frame_1534.jpg,frame_1534,1534,D:\visualization2026\visualization\left_downsample2_Q37\frame_1534.jpg,D:\visualization2026\visualization\right_downsample2_Q37\frame_1534.jpg,D:\visualization2026\dowsample2_Q37\stitched_frames\frame_1534.jpg,D:\visualization2026\dowsample2_Q37_hess_matched\stitched_frames\frame_1534.jpg,2136,1314,-0.05590479871983611,0.07109633009780125,267.0471135602317,61.87613057266401,218.87800359376433,122.76535443190602,48.169109966467374,-60.88922385924201,77.63865491585047,43.724531864274326,-59.484798150011194,73.82598389251251,0,1,21.862265932137163,-29.742399075005597,-21.862265932137163,29.742399075005597,0,0,77.63865491585047,775.4796905665853,564.2751951066952,556.601686972821,441.50984067478913,12,12,1.1869961957443134,0.04547861625105728,21.893612667679506,-0.019983329328722033,1.0757775290060516,-3.660272607890956,0.00012429234315057536,2.1102462577206583e-06,1.0,1.0,0.0,514.1377340678629,0.0,1.0,45.74239907500559,0.0,0.0,1.0
frame_1536.jpg,frame_1536,1536,D:\visualization2026\visualization\left_downsample2_Q37\frame_1536.jpg,D:\visualization2026\visualization\right_downsample2_Q37\frame_1536.jpg,D:\visualization2026\dowsample2_Q37\stitched_frames\frame_1536.jpg,D:\visualization2026\dowsample2_Q37_hess_matched\stitched_frames\frame_1536.jpg,2103,1321,-0.05582453816205657,0.07155789004636393,268.00263398820334,62.332409230516355,230.72879063137532,119.42566226614622,37.273843356828024,-57.093253035629864,68.18342130444769,51.32068927004646,-54.014539872641876,74.5076081001523,0,1,25.66034463502323,-27.007269936320938,-25.66034463502323,27.007269936320938,0,0,68.18342130444769,751.5152110753223,579.2119894439115,520.786420443947,459.7863271777653,12,12,1.1164656380301126,0.05054926649001078,25.77702034424167,-0.046663372511552635,1.0519522753821124,43.890899303483934,9.197960295212869e-05,7.721883373789441e-06,1.0,1.0,0.0,477.33965536497675,0.0,1.0,60.00726993632094,0.0,0.0,1.0
frame_1538.jpg,frame_1538,1538,D:\visualization2026\visualization\left_downsample2_Q37\frame_1538.jpg,D:\visualization2026\visualization\right_downsample2_Q37\frame_1538.jpg,D:\visualization2026\dowsample2_Q37\stitched_frames\frame_1538.jpg,D:\visualization2026\dowsample2_Q37_hess_matched\stitched_frames\frame_1538.jpg,2124,1312,-0.05554467738809937,0.07207799254646752,268.74676727905063,62.86988637200313,223.01396921628657,118.13777533719946,45.73279806276406,-55.26788896519633,71.73582347278678,55.79496861356728,-49.72462910714756,74.7369872448197,0,1,27.89748430678364,-24.86231455357378,-27.89748430678364,24.86231455357378,0,0,71.73582347278678,760.220551039143,558.8183255364538,537.2065818228564,440.68055019925436,12,12,1.1690529290084584,0.03919129467212329,28.027673823757908,-0.024029899914412005,1.0615024159900637,9.365124671794806,0.00011856852835910904,-2.4558307414481053e-06,1.0,1.0,0.0,496.10251569321633,0.0,1.0,39.86231455357378,0.0,0.0,1.0
frame_1540.jpg,frame_1540,1540,D:\visualization2026\visualization\left_downsample2_Q37\frame_1540.jpg,D:\visualization2026\visualization\right_downsample2_Q37\frame_1540.jpg,D:\visualization2026\dowsample2_Q37\stitched_frames\frame_1540.jpg,D:\visualization2026\dowsample2_Q37_hess_matched\stitched_frames\frame_1540.jpg,2124,1312,-0.05526072760182177,0.07257879126652667,269.43786478117613,63.38919750390554,191.20078169167016,101.09894002491586,78.23708308950597,-37.70974252101032,86.85082527734066,62.493295456183304,-44.358803446558625,76.6362539545367,0,1,31.246647728091652,-22.179401723279312,-31.246647728091652,22.179401723279312,0,0,86.85082527734066,755.598701164803,559.154620312298,564.3979194731328,458.05568028738213,12,12,1.169450034386557,0.03918306969363511,31.37683724506592,-0.02371179088840822,1.0614958272102584,12.048037502089272,0.00011856852835910904,-2.4558307414481053e-06,1.0,1.0,0.0,492.75335227190834,0.0,1.0,37.17940172327931,0.0,0.0,1.0
frame_1542.jpg,frame_1542,1542,D:\visualization2026\visualization\left_downsample2_Q37\frame_1542.jpg,D:\visualization2026\visualization\right_downsample2_Q37\frame_1542.jpg,D:\visualization2026\dowsample2_Q37\stitched_frames\frame_1542.jpg,D:\visualization2026\dowsample2_Q37_hess_matched\stitched_frames\frame_1542.jpg,2124,1312,-0.05526607451735621,0.07292857250313922,270.2781621625231,63.72682803824632,200.71615357025212,101.38986519290557,69.56200859227096,-37.66303715465926,79.1035865628381,71.15920101992809,-40.45068694757912,81.85285556610461,0,1,35.579600509964045,-20.22534347378956,-35.579600509964045,20.22534347378956,0,0,79.1035865628381,765.2939077324909,556.8670880055163,564.5777541622388,455.4772228126107,12,12,1.169963786221353,0.03917242869499214,35.709790026938315,-0.023480101077438243,1.0614910283739387,14.002095751579024,0.00011856852835910904,-2.4558307414481053e-06,1.0,1.0,0.0,488.42039949003595,0.0,1.0,35.225343473789565,0.0,0.0,1.0
frame_1544.jpg,frame_1544,1544,D:\visualization2026\visualization\left_downsample2_Q37\frame_1544.jpg,D:\visualization2026\visualization\right_downsample2_Q37\frame_1544.jpg,D:\visualization2026\dowsample2_Q37\stitched_frames\frame_1544.jpg,D:\visualization2026\dowsample2_Q37_hess_matched\stitched_frames\frame_1544.jpg,2144,1326,-0.05577351008330733,0.0731862452054588,271.78121582849946,63.913547584141256,190.12047164895193,97.97364314043858,81.66074417954752,-34.06009555629733,88.47919105225596,74.3512949892154,-35.94184481874489,82.58287519545482,0,1,37.1756474946077,-17.970922409372445,-37.1756474946077,17.970922409372445,0,0,88.47919105225596,770.6210766742206,570.9137100491154,580.5006050252687,472.9400669086768,12,12,1.175789325876577,0.058369288894789366,36.89505081106246,-0.02792315073344988,1.0899961820348918,22.834784755465126,0.0001139078747387761,1.4810943597182748e-05,1.0,1.0,0.0,506.8243525053923,0.0,1.0,47.97092240937245,0.0,0.0,1.0
frame_1546.jpg,frame_1546,1546,D:\visualization2026\visualization\left_downsample2_Q37\frame_1546.jpg,D:\visualization2026\visualization\right_downsample2_Q37\frame_1546.jpg,D:\visualization2026\dowsample2_Q37\stitched_frames\frame_1546.jpg,D:\visualization2026\dowsample2_Q37_hess_matched\stitched_frames\frame_1546.jpg,2117,1330,-0.056458640756622824,0.07341039330559196,273.51662633234395,64.04596207859863,192.91325515679205,101.598632619331,80.6033711755519,-37.552670540732365,88.92191242660371,72.18024423129508,-33.47918545360852,79.56659799140918,0,1,36.09012211564754,-16.73959272680426,-36.09012211564754,16.73959272680426,0,0,88.92191242660371,735.5973714878883,602.5743969742899,542.6841163310962,500.9757643549589,12,12,1.0924489406875049,0.0846816519293208,35.7446664084947,-0.060008438730200314,1.074376144352082,76.75814314421228,7.065707853607441e-05,3.332421959476166e-05,1.0,1.0,0.0,480.90987788435245,0.0,1.0,73.73959272680426,0.0,0.0,1.0
frame_1548.jpg,frame_1548,1548,D:\visualization2026\visualization\left_downsample2_Q37\frame_1548.jpg,D:\visualization2026\visualization\right_downsample2_Q37\frame_1548.jpg,D:\visualization2026\dowsample2_Q37\stitched_frames\frame_1548.jpg,D:\visualization2026\dowsample2_Q37_hess_matched\stitched_frames\frame_1548.jpg,2088,1319,-0.056674859242263786,0.07367697111547322,274.5295187659924,64.27715551252935,212.8362508567917,97.00083383355451,61.6932679092007,-32.72367832102516,69.83479382209376,71.00206092291394,-30.785581942230017,77.38891852728621,0,1,35.50103046145697,-15.392790971115009,-35.50103046145697,15.392790971115009,0,0,69.83479382209376,725.4779121343659,593.0500542115095,512.6416612775741,496.049220377955,12,12,1.0670772076348196,0.0666465101631167,35.38073089378006,-0.06354133874584705,1.0465365050788058,84.09149236237279,6.506616488948903e-05,2.2876197222406452e-05,1.0,1.0,0.0,452.498969538543,0.0,1.0,68.392790971115,0.0,0.0,1.0
frame_1550.jpg,frame_1550,1550,D:\visualization2026\visualization\left_downsample2_Q37\frame_1550.jpg,D:\visualization2026\visualization\right_downsample2_Q37\frame_1550.jpg,D:\visualization2026\dowsample2_Q37\stitched_frames\frame_1550.jpg,D:\visualization2026\dowsample2_Q37_hess_matched\stitched_frames\frame_1550.jpg,2120,1318,-0.05653098745412477,0.07387102152530756,274.73787939554444,64.48254709539744,207.35605009564017,89.87899279072593,67.38182929990427,-25.396445695328495,72.00896037131217,71.71271503246739,-29.386627996434292,77.50024130497071,0,1,35.85635751623369,-14.693313998217146,-35.85635751623369,14.693313998217146,0,0,72.00896037131217,750.6918237553672,566.4870153637451,543.335773659727,476.6080225730191,12,12,1.1468022987096758,0.053575394032886504,35.57532090639274,-0.033692359544016996,1.0706338639432427,36.74558823837016,0.00010493133654393235,1.1481002476505868e-05,1.0,1.0,0.0,484.1436424837663,0.0,1.0,47.69331399821715,0.0,0.0,1.0
frame_1552.jpg,frame_1552,1552,D:\visualization2026\visualization\left_downsample2_Q37\frame_1552.jpg,D:\visualization2026\visualization\right_downsample2_Q37\frame_1552.jpg,D:\visualization2026\dowsample2_Q37\stitched_frames\frame_1552.jpg,D:\visualization2026\dowsample2_Q37_hess_matched\stitched_frames\frame_1552.jpg,2116,1321,-0.056285846224676694,0.07401478749562673,274.64898110666496,64.65177699245689,210.97788905629966,88.84679659022362,63.6710920503653,-24.19501959776673,68.11319208657312,63.733013790586924,-28.532504676412575,69.82836722951961,0,1,31.866506895293462,-14.266252338206288,-31.866506895293462,14.266252338206288,0,0,68.11319208657312,746.3122697842389,572.2599937622582,535.3343807279392,483.4131971720346,12,12,1.1335009087310746,0.05809535159775527,32.333702104550404,-0.037575489778252674,1.0734039787254266,42.996038970092556,9.761648219037089e-05,1.5834408191155767e-05,1.0,1.0,0.0,484.13349310470653,0.0,1.0,54.266252338206286,0.0,0.0,1.0
frame_1554.jpg,frame_1554,1554,D:\visualization2026\visualization\left_downsample2_Q37\frame_1554.jpg,D:\visualization2026\visualization\right_downsample2_Q37\frame_1554.jpg,D:\visualization2026\dowsample2_Q37\stitched_frames\frame_1554.jpg,D:\visualization2026\dowsample2_Q37_hess_matched\stitched_frames\frame_1554.jpg,2159,1302,-0.05611232789884257,0.07417261347911053,274.719237165433,64.82578508907892,189.50522243811827,91.89111091639762,85.21401472731475,-27.065325827318702,89.408949038035,57.717468314637046,-27.71263249462786,64.02574598107729,0,1,28.858734157318523,-13.85631624731393,-28.858734157318523,13.85631624731393,0,0,89.408949038035,765.1345786105932,568.972426135929,575.6293561724749,477.0813152195314,12,12,1.155796533269709,0.09578652180389416,28.661145222879227,-0.031152173435983324,1.0876406621214207,33.569138470355455,0.00010142596395055687,3.2428636510668976e-05,1.0,1.0,0.0,530.1412658426815,0.0,1.0,47.85631624731393,0.0,0.0,1.0
frame_1556.jpg,frame_1556,1556,D:\visualization2026\visualization\left_downsample2_Q37\frame_1556.jpg,D:\visualization2026\visualization\right_downsample2_Q37\frame_1556.jpg,D:\visualization2026\dowsample2_Q37\stitched_frames\frame_1556.jpg,D:\visualization2026\dowsample2_Q37_hess_matched\stitched_frames\frame_1556.jpg,2032,1315,-0.055892974784355176,0.07427143615671716,274.56885402964986,64.94837270410447,233.86398906350024,98.23042664472825,40.704864966149614,-33.28205394062378,52.57928438481324,51.626115614640774,-28.412696332134065,58.928237088159364,0,1,25.813057807320387,-14.206348166067032,-25.813057807320387,14.206348166067032,0,0,52.57928438481324,678.2793105021861,600.6059576557733,444.4153214386859,502.37553101104504,12,12,1.0060618165219308,0.0649869251808978,26.268192661516036,-0.08111535165554538,1.0114204168709693,114.67902064550832,4.6070175838428966e-05,1.7707861507699128e-05,1.0,1.0,0.0,406.1869421926796,0.0,1.0,73.20634816606703,0.0,0.0,1.0
frame_1558.jpg,frame_1558,1558,D:\visualization2026\visualization\left_downsample2_Q37\frame_1558.jpg,D:\visualization2026\visualization\right_downsample2_Q37\frame_1558.jpg,D:\visualization2026\dowsample2_Q37\stitched_frames\frame_1558.jpg,D:\visualization2026\dowsample2_Q37_hess_matched\stitched_frames\frame_1558.jpg,2036,1317,-0.055731263015706634,0.0743472453204509,274.4650080040628,65.04160479586452,242.84946747461152,93.6659222079661,31.615540529451266,-28.62431741210159,42.64849294263653,46.74415439229082,-29.39812672370553,55.22015777515825,0,1,23.37207719614541,-14.699063361852765,-23.37207719614541,14.699063361852765,0,0,42.64849294263653,691.139008290938,601.7200605299615,448.2895408163265,508.0541383219954,12,12,1.010921762348266,0.0709989464125669,23.0489241202644,-0.08023362327919666,1.021560508199657,111.99494939905934,4.63207389611435e-05,2.2655091144423778e-05,1.0,1.0,0.0,412.6279228038546,0.0,1.0,77.69906336185277,0.0,0.0,1.0
frame_1560.jpg,frame_1560,1560,D:\visualization2026\visualization\left_downsample2_Q37\frame_1560.jpg,D:\visualization2026\visualization\right_downsample2_Q37\frame_1560.jpg,D:\visualization2026\dowsample2_Q37\stitched_frames\frame_1560.jpg,D:\visualization2026\dowsample2_Q37_hess_matched\stitched_frames\frame_1560.jpg,2032,1292,-0.05585409527200813,0.07447796873243406,274.9912103514835,65.152907273679,238.06614455156057,94.04967215653852,36.92506579992295,-28.896764882859515,46.88798892065965,38.049992212555416,-30.712789196546673,48.89864341274758,0,1,19.024996106277708,-15.356394598273337,-19.024996106277708,15.356394598273337,0,0,46.88798892065965,680.6370160334188,566.8438396709502,442.57087148185826,472.79416751441164,12,12,1.0289121558926084,0.027664507806126396,19.06314951834602,-0.059809087451510166,0.9820800265870957,78.50651029000062,6.47724521633037e-05,-1.2762740817944787e-05,1.0,1.0,0.0,412.9750038937223,0.0,1.0,46.35639459827334,0.0,0.0,1.0
frame_1562.jpg,frame_1562,1562,D:\visualization2026\visualization\left_downsample2_Q37\frame_1562.jpg,D:\visualization2026\visualization\right_downsample2_Q37\frame_1562.jpg,D:\visualization2026\dowsample2_Q37\stitched_frames\frame_1562.jpg,D:\visualization2026\dowsample2_Q37_hess_matched\stitched_frames\frame_1562.jpg,2052,1308,-0.05658843813941594,0.07451327357909698,276.36442771827853,65.09662292973063,237.10314177966302,94.21879448535469,39.261285938615515,-29.122171555624064,48.88301800900726,38.75404356305748,-31.687399373906878,50.059636150983266,0,1,19.37702178152874,-15.843699686953439,-19.37702178152874,15.843699686953439,0,0,48.88301800900726,696.2912760497645,572.984342234509,459.1881342701015,478.7655477491543,12,12,1.0630454215164915,0.04646659159691327,19.24989612199481,-0.053927229985689655,1.020033932110591,68.63662884901152,7.924281663974809e-05,4.077843381159417e-07,1.0,1.0,0.0,432.62297821847125,0.0,1.0,52.84369968695344,0.0,0.0,1.0
frame_1564.jpg,frame_1564,1564,D:\visualization2026\visualization\left_downsample2_Q37\frame_1564.jpg,D:\visualization2026\visualization\right_downsample2_Q37\frame_1564.jpg,D:\visualization2026\dowsample2_Q37\stitched_frames\frame_1564.jpg,D:\visualization2026\dowsample2_Q37_hess_matched\stitched_frames\frame_1564.jpg,2037,1317,-0.05762576108881162,0.07456155742433612,278.30044559772995,65.01558125675682,739.7564448197149,-130.94720293295404,-461.455999221985,195.96278418971087,501.34125304561144,43.6891370556011,-33.404953565688864,54.996650983391035,1,0,21.84456852780055,-16.702476782844432,-21.84456852780055,16.702476782844432,5,4,501.34125304561144,1506.871556658231,1096.280292975393,767.115111838516,1227.227495908347,12,12,1.009874570485771,0.07364805921318988,21.996676231890934,-0.0815197306320455,1.0209077316379136,112.32525439693819,4.563728071091702e-05,2.4002460803838878e-05,1.0,1.0,0.0,415.15543147219944,0.0,1.0,79.70247678284443,0.0,0.0,1.0
frame_1566.jpg,frame_1566,1566,D:\visualization2026\visualization\left_downsample2_Q37\frame_1566.jpg,D:\visualization2026\visualization\right_downsample2_Q37\frame_1566.jpg,D:\visualization2026\dowsample2_Q37\stitched_frames\frame_1566.jpg,D:\visualization2026\dowsample2_Q37_hess_matched\stitched_frames\frame_1566.jpg,2033,1306,-0.05847608872151466,0.07484628511361568,280.46981442664753,65.1862421031795,236.2446927079876,103.34134693060429,44.22512171865992,-38.15510482742479,58.40953188840037,48.990381285239344,-34.84276468825415,60.117183147534284,0,1,24.495190642619672,-17.421382344127075,-24.495190642619672,17.421382344127075,0,0,58.40953188840037,674.7959248740058,578.7892500866786,438.55123216601817,475.44790315607435,12,12,1.0328301071235118,0.041176273722654894,24.903257581198442,-0.06460175602961507,1.000624250639781,84.02886182259957,6.739814328167463e-05,-2.5476696084132026e-06,1.0,1.0,0.0,408.50480935738034,0.0,1.0,55.421382344127075,0.0,0.0,1.0
frame_1568.jpg,frame_1568,1568,D:\visualization2026\visualization\left_downsample2_Q37\frame_1568.jpg,D:\visualization2026\visualization\right_downsample2_Q37\frame_1568.jpg,D:\visualization2026\dowsample2_Q37\stitched_frames\frame_1568.jpg,D:\visualization2026\dowsample2_Q37_hess_matched\stitched_frames\frame_1568.jpg,2056,1301,-0.05922526855241744,0.07558283012169487,283.53488638530047,65.80633119666564,227.24387839313107,103.01841956767714,56.2910079921694,-37.212088371011504,67.47901230535646,54.4912725833793,-37.099901849577684,65.92193493067722,0,1,27.24563629168965,-18.549950924788842,-27.24563629168965,18.549950924788842,0,0,67.47901230535646,689.9472307017965,561.5589002760895,462.7033523086654,458.54048070841236,12,12,1.083489567290018,0.03305215373426334,27.403105216905814,-0.04617485528230566,1.0121797869555689,52.52642018543693,9.214913318416807e-05,-1.0047318855563915e-05,1.0,1.0,0.0,428.75436370831034,0.0,1.0,40.549950924788845,0.0,0.0,1.0
frame_1570.jpg,frame_1570,1570,D:\visualization2026\visualization\left_downsample2_Q37\frame_1570.jpg,D:\visualization2026\visualization\right_downsample2_Q37\frame_1570.jpg,D:\visualization2026\dowsample2_Q37\stitched_frames\frame_1570.jpg,D:\visualization2026\dowsample2_Q37_hess_matched\stitched_frames\frame_1570.jpg,2065,1320,-0.05971052773838875,0.0760139663487076,285.41106762103504,66.16354588922243,221.97978067292087,102.2493663849084,63.43128694811418,-36.085820495685965,72.97749382337591,59.87977945796639,-39.06079635700911,71.49359271975658,0,1,29.939889728983196,-19.530398178504555,-29.939889728983196,19.530398178504555,0,0,72.97749382337591,698.986292864349,593.7146094562396,477.00651219142816,491.4652430713312,12,12,1.0524322766041334,0.06752778248631772,29.849798035932004,-0.06584062471620016,1.0438230594216247,83.62569063488196,6.577129645115158e-05,2.261021947774745e-05,1.0,1.0,0.0,435.0601102710168,0.0,1.0,76.53039817850456,0.0,0.0,1.0
frame_1572.jpg,frame_1572,1572,D:\visualization2026\visualization\left_downsample2_Q37\frame_1572.jpg,D:\visualization2026\visualization\right_downsample2_Q37\frame_1572.jpg,D:\visualization2026\dowsample2_Q37\stitched_frames\frame_1572.jpg,D:\visualization2026\dowsample2_Q37_hess_matched\stitched_frames\frame_1572.jpg,2057,1311,-0.05980755487155737,0.07622662090982768,286.08659002899407,66.35726534231837,219.3208475996788,106.7651227045601,66.76574242931525,-40.40785736224173,78.04139477703444,62.82869507325491,-40.470434484253225,74.73487132491952,0,1,31.414347536627456,-20.235217242126613,-31.414347536627456,20.235217242126613,0,0,78.04139477703444,686.7141989024641,595.1726698743714,467.3933513027853,488.4075471698113,12,12,1.0310629469189891,0.0681446300842207,31.820434256304207,-0.07171513864089216,1.0286622089085526,92.52234939165278,5.629035421204135e-05,2.3253686116185845e-05,1.0,1.0,0.0,425.5856524633725,0.0,1.0,76.23521724212661,0.0,0.0,1.0
frame_1574.jpg,frame_1574,1574,D:\visualization2026\visualization\left_downsample2_Q37\frame_1574.jpg,D:\visualization2026\visualization\right_downsample2_Q37\frame_1574.jpg,D:\visualization2026\dowsample2_Q37\stitched_frames\frame_1574.jpg,D:\visualization2026\dowsample2_Q37_hess_matched\stitched_frames\frame_1574.jpg,2047,1302,-0.05957709916306325,0.07614403859378371,285.4857834541617,66.30577533808075,216.80004525258852,109.74888606676228,68.6857382015732,-43.44311072868153,81.27136335807059,61.4212257525474,-42.420712849772784,74.64639208714826,0,1,30.7106128762737,-21.210356424886392,-30.7106128762737,21.210356424886392,0,0,81.27136335807059,669.2313333760187,582.9272140179643,452.4312881234302,473.178327951202,12,12,1.0303932267459395,0.04564865665128545,30.641288486134187,-0.06610095405501962,1.0063834948356818,82.91532942804645,6.175335625405653e-05,6.164918731626076e-06,1.0,1.0,0.0,416.2893871237263,0.0,1.0,64.21035642488638,0.0,0.0,1.0
frame_1576.jpg,frame_1576,1576,D:\visualization2026\visualization\left_downsample2_Q37\frame_1576.jpg,D:\visualization2026\visualization\right_downsample2_Q37\frame_1576.jpg,D:\visualization2026\dowsample2_Q37\stitched_frames\frame_1576.jpg,D:\visualization2026\dowsample2_Q37_hess_matched\stitched_frames\frame_1576.jpg,2062,1319,-0.05921922642352334,0.07592501781406291,284.3371484692988,66.13802015889533,218.68803587693753,422.90122301846264,65.64911259236129,-356.7632028595673,362.7530687654913,56.64249295935679,-44.94828173735022,72.30988894882218,1,0,28.321246479678393,-22.47414086867511,-28.321246479678393,22.47414086867511,0,10,362.7530687654913,689.7956747658264,599.0678896851293,471.1076388888889,176.16666666666669,12,12,1.0393693851152892,0.07830571039725454,28.285139632351786,-0.0728204271476024,1.045585267506879,91.50171201995782,5.720966080725363e-05,3.207020051462351e-05,1.0,1.0,0.0,433.6787535203216,0.0,1.0,87.47414086867511,0.0,0.0,1.0
frame_1578.jpg,frame_1578,1578,D:\visualization2026\visualization\left_downsample2_Q37\frame_1578.jpg,D:\visualization2026\visualization\right_downsample2_Q37\frame_1578.jpg,D:\visualization2026\dowsample2_Q37\stitched_frames\frame_1578.jpg,D:\visualization2026\dowsample2_Q37_hess_matched\stitched_frames\frame_1578.jpg,2035,1287,-0.05882944105570198,0.07571631454997307,283.15699105528137,65.98417332610542,676.2084980847317,-108.80470587207788,-393.0515070294503,174.78887919818328,430.1635031816148,49.25366138863183,-46.96348019860928,68.0550632396383,1,0,24.626830694315917,-23.48174009930464,-24.626830694315917,23.48174009930464,6,4,430.1635031816148,1471.7843479071569,1058.558561504888,795.5758498224252,1167.363267376966,12,12,1.042507761270752,0.028428918114407006,24.82878288787396,-0.05074901104647649,0.9955598697606184,54.98760201427295,7.438919499277382e-05,-8.958547909845752e-06,1.0,1.0,0.0,410.3731693056841,0.0,1.0,54.481740099304645,0.0,0.0,1.0
frame_1580.jpg,frame_1580,1580,D:\visualization2026\visualization\left_downsample2_Q37\frame_1580.jpg,D:\visualization2026\visualization\right_downsample2_Q37\frame_1580.jpg,D:\visualization2026\dowsample2_Q37\stitched_frames\frame_1580.jpg,D:\visualization2026\dowsample2_Q37_hess_matched\stitched_frames\frame_1580.jpg,2035,1287,-0.0583270296052652,0.07551563060727207,281.79813612127253,65.85195145589512,224.36062083442408,-521.059735166826,57.43751528684845,586.9116866227212,589.7155212953566,39.53762298216114,-48.72366493357315,62.747264128714185,1,0,19.76881149108057,-24.361832466786574,-19.76881149108057,24.361832466786574,0,1,589.7155212953566,665.2485030541296,560.2113105107882,440.88788221970555,1081.2710456776142,12,12,1.042146377132964,0.028472438912186142,19.970763684638612,-0.05081448040921276,0.9955677541102576,54.10750964679102,7.438919499277382e-05,-8.958547909845752e-06,1.0,1.0,0.0,415.23118850891944,0.0,1.0,55.36183246678657,0.0,0.0,1.0
frame_1582.jpg,frame_1582,1582,D:\visualization2026\visualization\left_downsample2_Q37\frame_1582.jpg,D:\visualization2026\visualization\right_downsample2_Q37\frame_1582.jpg,D:\visualization2026\dowsample2_Q37\stitched_frames\frame_1582.jpg,D:\visualization2026\dowsample2_Q37_hess_matched\stitched_frames\frame_1582.jpg,1961,1293,-0.057768881399040906,0.0753106839128651,280.3312930520337,65.7224704839493,-390.24798298685664,-142.60732003073895,670.5792760388904,208.32979051468823,702.1950349217348,29.821584575690455,-50.483849668537026,58.63400023843252,1,0,14.910792287845227,-25.241924834268513,-14.910792287845227,25.241924834268513,4,0,702.1950349217348,1508.1906506998334,1063.3062253167286,1898.43863368669,1205.9135453474676,12,12,1.0015642403918112,0.0551424437697765,14.420198082930911,-0.07000659183565207,0.99519461780964,84.78524019580807,5.2187485936587105e-05,7.3453270886019116e-06,1.0,1.0,0.0,346.08920771215475,0.0,1.0,55.24192483426852,0.0,0.0,1.0
frame_1584.jpg,frame_1584,1584,D:\visualization2026\visualization\left_downsample2_Q37\frame_1584.jpg,D:\visualization2026\visualization\right_downsample2_Q37\frame_1584.jpg,D:\visualization2026\dowsample2_Q37\stitched_frames\frame_1584.jpg,D:\visualization2026\dowsample2_Q37_hess_matched\stitched_frames\frame_1584.jpg,1969,1280,-0.05742547130261194,0.0752125692134924,279.49526517853315,65.66986797110329,-156.78598680232741,142.88714264020473,436.2812519808606,-77.21727466910144,443.06188996268975,20.105546169219767,-52.2440344035009,55.97921147637588,1,0,10.052773084609884,-26.12201720175045,-10.052773084609884,26.12201720175045,8,1,443.06188996268975,217.4494741905804,1203.8509724274388,374.2354609929078,1060.963829787234,12,12,1.0233428318438593,0.04384496581652092,9.916902793593453,-0.055128969397528586,0.992381759298949,58.97432082851296,6.537916573855302e-05,-2.982969547918909e-06,1.0,1.0,0.0,358.9472269153901,0.0,1.0,42.12201720175045,0.0,0.0,1.0
frame_1586.jpg,frame_1586,1586,D:\visualization2026\visualization\left_downsample2_Q37\frame_1586.jpg,D:\visualization2026\visualization\right_downsample2_Q37\frame_1586.jpg,D:\visualization2026\dowsample2_Q37\stitched_frames\frame_1586.jpg,D:\visualization2026\dowsample2_Q37_hess_matched\stitched_frames\frame_1586.jpg,1988,1308,-0.05764518776549138,0.07533915732090524,280.18175217735694,65.76524039433389,334.2572740222065,731.163050168353,-54.07552184484956,-665.3978097740192,667.5914973356495,10.389507762749076,-54.00421913846476,54.99452296645137,1,0,5.194753881374538,-27.00210956923238,-5.194753881374538,27.00210956923238,9,7,667.5914973356495,1508.5316577306737,1079.3409708543122,1174.2743837084672,348.17792068595924,12,12,1.0400102501035573,0.06784531085047686,5.716747058654505,-0.0645054960579039,1.0308647102187527,73.33836035390127,6.385328104584361e-05,1.9078510765520725e-05,1.0,1.0,0.0,382.80524611862546,0.0,1.0,65.00210956923237,0.0,0.0,1.0
frame_1588.jpg,frame_1588,1588,D:\visualization2026\visualization\left_downsample2_Q37\frame_1588.jpg,D:\visualization2026\visualization\right_downsample2_Q37\frame_1588.jpg,D:\visualization2026\dowsample2_Q37\stitched_frames\frame_1588.jpg,D:\visualization2026\dowsample2_Q37_hess_matched\stitched_frames\frame_1588.jpg,1943,1281,-0.058250776665865034,0.0756095811194395,281.8874326523942,65.95220518958551,307.3282437406335,-491.4402702502564,-25.440811088239343,557.3924754398419,557.9727650573836,0.6734693562783889,-55.76440387342864,55.76847048586423,1,0,0.33673467813919444,-27.88220193671432,-0.33673467813919444,27.88220193671432,0,1,557.9727650573836,660.8878842635094,577.4693158063885,353.55964052287584,1068.909586056645,12,12,0.9940947196749619,0.023241866111586,0.024835840936262343,-0.06517388437951513,0.9603649303442041,73.60913543389663,5.7883602399546886e-05,-1.825666643377086e-05,1.0,1.0,0.0,342.6632653218608,0.0,1.0,38.882201936714324,0.0,0.0,1.0
frame_1590.jpg,frame_1590,1590,D:\visualization2026\visualization\left_downsample2_Q37\frame_1590.jpg,D:\visualization2026\visualization\right_downsample2_Q37\frame_1590.jpg,D:\visualization2026\dowsample2_Q37\stitched_frames\frame_1590.jpg,D:\visualization2026\dowsample2_Q37_hess_matched\stitched_frames\frame_1590.jpg,1925,1287,-0.05863277079831719,0.07580150874511604,283.01405958875415,66.09078699393558,-142.80097875168056,68.55311516817846,425.81503834043474,-2.4623281742428844,425.8221576396695,-9.042569050192299,-57.524588608392506,58.230974142566915,1,0,-4.521284525096149,-28.762294304196253,4.521284525096149,28.762294304196253,8,1,425.8221576396695,189.22079418766626,1157.2908030893811,332.0217729393468,1088.7376879212027,12,12,0.9480380349643912,0.039696832809628164,-4.742796164631017,-0.08657142542390629,0.9550424217834689,107.77075739226822,3.088153509524589e-05,-2.9848843049871947e-06,1.0,1.0,0.0,329.5212845250961,0.0,1.0,58.76229430419625,0.0,0.0,1.0
frame_1592.jpg,frame_1592,1592,D:\visualization2026\visualization\left_downsample2_Q37\frame_1592.jpg,D:\visualization2026\visualization\right_downsample2_Q37\frame_1592.jpg,D:\visualization2026\dowsample2_Q37\stitched_frames\frame_1592.jpg,D:\visualization2026\dowsample2_Q37_hess_matched\stitched_frames\frame_1592.jpg,1931,1290,-0.05835881093354062,0.07581063604916982,282.5547261964492,66.13335067170529,-389.5785170908357,265.3744053600492,672.1332432872849,-199.24105468834392,701.0421489505521,-17.075536304719435,-58.13606691483868,60.59188243007797,1,0,-8.537768152359718,-29.06803345741934,8.537768152359718,29.06803345741934,0,4,701.0421489505521,650.4025255631927,610.4486549651044,1039.9810426540284,345.07424960505523,12,12,0.9609025433965159,0.036044110858168665,-8.246140006240807,-0.08139764444893997,0.9602791724847679,98.99630739530912,3.841383306505494e-05,-6.60566306415889e-06,1.0,1.0,0.0,339.5377681523597,0.0,1.0,57.06803345741934,0.0,0.0,1.0
frame_1594.jpg,frame_1594,1594,D:\visualization2026\visualization\left_downsample2_Q37\frame_1594.jpg,D:\visualization2026\visualization\right_downsample2_Q37\frame_1594.jpg,D:\visualization2026\dowsample2_Q37\stitched_frames\frame_1594.jpg,D:\visualization2026\dowsample2_Q37_hess_matched\stitched_frames\frame_1594.jpg,1951,1290,-0.05777056139162495,0.07578313813460968,281.45656317509724,66.17919506700314,309.9312090382309,127.22415314532338,-28.474645863133674,-61.04495807832025,67.35942668858422,-25.23340137203266,-59.26833193955548,64.41630007769332,0,1,-12.61670068601633,-29.63416596977774,12.61670068601633,29.63416596977774,0,0,67.35942668858422,666.742573425413,600.0120619659378,356.81136438718204,472.78790882061446,12,12,0.9982061546149588,0.033961995326073906,-12.688508038383773,-0.06832759069986735,0.9752527157950404,76.56472090474132,5.57608034511908e-05,-8.647864244201949e-06,1.0,1.0,0.0,363.6167006860163,0.0,1.0,49.63416596977774,0.0,0.0,1.0
frame_1596.jpg,frame_1596,1596,D:\visualization2026\visualization\left_downsample2_Q37\frame_1596.jpg,D:\visualization2026\visualization\right_downsample2_Q37\frame_1596.jpg,D:\visualization2026\dowsample2_Q37\stitched_frames\frame_1596.jpg,D:\visualization2026\dowsample2_Q37_hess_matched\stitched_frames\frame_1596.jpg,1950,1286,-0.057362549586683326,0.07577983351045914,280.73233082446376,66.22624284120853,310.50765933435036,123.28785351190413,-29.775328509886606,-57.0616106706956,64.36301422560715,-32.942498439669386,-59.279445232001514,67.81785038219279,0,1,-16.471249219834693,-29.639722616000757,16.471249219834693,29.639722616000757,0,0,64.36301422560715,665.9458059830233,604.6126398366904,355.43814664867296,481.32478632478626,12,12,0.9988226939742553,0.029809258730867625,-16.125801037992677,-0.06502836951051488,0.9704800295734303,71.86488551421797,5.8248011693689727e-05,-1.3126408150814752e-05,1.0,1.0,0.0,366.4712492198347,0.0,1.0,45.63972261600075,0.0,0.0,1.0
frame_1598.jpg,frame_1598,1598,D:\visualization2026\visualization\left_downsample2_Q37\frame_1598.jpg,D:\visualization2026\visualization\right_downsample2_Q37\frame_1598.jpg,D:\visualization2026\dowsample2_Q37\stitched_frames\frame_1598.jpg,D:\visualization2026\dowsample2_Q37_hess_matched\stitched_frames\frame_1598.jpg,1951,1301,-0.05738575157547557,0.07578023635738695,280.7740255624452,66.22377528842055,320.88988154273295,127.64950428543318,-40.11585598028773,-61.42572899701263,73.36485591784137,-40.202827507629614,-58.1694067921768,70.71030495028263,0,1,-20.101413753814807,-29.0847033960884,20.101413753814807,29.0847033960884,0,1,73.36485591784137,677.6627428996651,632.9402754611601,356.77286135693214,505.29077117572695,12,12,0.9775887845461622,0.05788304956196464,-20.17342648752064,-0.0821619007750642,0.9901990527164493,100.83461109383762,3.899834216763655e-05,1.1180906958300875e-05,1.0,1.0,0.0,371.1014137538148,0.0,1.0,70.0847033960884,0.0,0.0,1.0
frame_1600.jpg,frame_1600,1600,D:\visualization2026\visualization\left_downsample2_Q37\frame_1600.jpg,D:\visualization2026\visualization\right_downsample2_Q37\frame_1600.jpg,D:\visualization2026\dowsample2_Q37\stitched_frames\frame_1600.jpg,D:\visualization2026\dowsample2_Q37_hess_matched\stitched_frames\frame_1600.jpg,1961,1279,-0.05757726280279199,0.07576674503113234,281.0782298524615,66.18714394862315,263.5896691038761,-516.4941248024641,17.488560748585428,582.6812687510871,582.943659979619,-41.48499692093762,-56.22802578954127,69.87557408508013,1,0,-20.74249846046881,-28.114012894770635,20.74249846046881,28.114012894770635,0,7,582.943659979619,688.3059225474022,601.4094564647535,424.71625344352617,1117.9035812672175,12,12,1.0279941625640223,0.024445755829038213,-21.021775566520077,-0.05395984384785096,0.9717031284421963,54.208567481329894,7.471171084867239e-05,-2.070823560090411e-05,1.0,1.0,0.0,381.7424984604688,0.0,1.0,34.11401289477064,0.0,0.0,1.0
frame_1602.jpg,frame_1602,1602,D:\visualization2026\visualization\left_downsample2_Q37\frame_1602.jpg,D:\visualization2026\visualization\right_downsample2_Q37\frame_1602.jpg,D:\visualization2026\dowsample2_Q37\stitched_frames\frame_1602.jpg,D:\visualization2026\dowsample2_Q37_hess_matched\stitched_frames\frame_1602.jpg,1925,1279,-0.05786656713173122,0.07592220220406953,281.9554771780956,66.30186766447144,337.0157299745597,120.03644880870422,-55.06025279646411,-53.73458114423278,76.93527571118902,-43.20518561758476,-57.33065666110713,71.78782805910554,0,1,-21.60259280879238,-28.665328330553564,21.60259280879238,28.665328330553564,0,2,76.93527571118902,668.0777920366218,623.2351475074029,331.06206206206207,503.19869869869865,12,12,0.9590894006147918,0.030523878852353574,-21.682369219932625,-0.08148476993984011,0.9331967862788833,99.85485634017647,4.592271358361766e-05,-2.0595199238241416e-05,1.0,1.0,0.0,346.6025928087924,0.0,1.0,51.665328330553564,0.0,0.0,1.0
frame_1604.jpg,frame_1604,1604,D:\visualization2026\visualization\left_downsample2_Q37\frame_1604.jpg,D:\visualization2026\visualization\right_downsample2_Q37\frame_1604.jpg,D:\visualization2026\dowsample2_Q37\stitched_frames\frame_1604.jpg,D:\visualization2026\dowsample2_Q37_hess_matched\stitched_frames\frame_1604.jpg,2005,1320,-0.058398475917123355,0.07616449989360252,283.46497710702886,66.47070364542094,318.3504700367026,117.80875671056356,-34.88549292967372,-51.33805306514262,62.069262195274355,-42.74229702145337,-59.363807864051154,73.15029486468337,0,1,-21.371148510726684,-29.681903932025577,21.371148510726684,29.681903932025577,0,0,62.069262195274355,734.3530500160628,631.1183542337833,416.0025799793602,513.3095975232197,12,12,1.0764603381226505,0.05828014969708075,-21.63794617341283,-0.060389112999400904,1.0246131713523177,62.9979208873235,8.802184449804418e-05,1.2516172146909665e-06,1.0,1.0,0.0,426.3711485107267,0.0,1.0,71.68190393202558,0.0,0.0,1.0
frame_1606.jpg,frame_1606,1606,D:\visualization2026\visualization\left_downsample2_Q37\frame_1606.jpg,D:\visualization2026\visualization\right_downsample2_Q37\frame_1606.jpg,D:\visualization2026\dowsample2_Q37\stitched_frames\frame_1606.jpg,D:\visualization2026\dowsample2_Q37_hess_matched\stitched_frames\frame_1606.jpg,1960,1312,-0.059384738524488584,0.0760745681403534,284.98301112076405,66.2622752549986,323.35928311388636,128.8370402835235,-38.376271993122316,-62.574765028524894,73.40530955227426,-40.05938335505746,-61.255536298832936,73.19149487505426,0,1,-20.02969167752873,-30.627768149416468,20.02969167752873,30.627768149416468,0,0,73.40530955227426,695.9512954026728,651.1032461206971,372.59201228878646,522.2662058371736,12,12,0.9935640485406515,0.06080107077023369,-20.504875751338787,-0.07685042153639046,1.000090949322063,90.02759616489368,5.082972115905995e-05,5.739844084711135e-06,1.0,1.0,0.0,380.0296916775287,0.0,1.0,80.62776814941647,0.0,0.0,1.0
frame_1608.jpg,frame_1608,1608,D:\visualization2026\visualization\left_downsample2_Q37\frame_1608.jpg,D:\visualization2026\visualization\right_downsample2_Q37\frame_1608.jpg,D:\visualization2026\dowsample2_Q37\stitched_frames\frame_1608.jpg,D:\visualization2026\dowsample2_Q37_hess_matched\stitched_frames\frame_1608.jpg,1959,1304,-0.06031766159211227,0.07595762295162356,286.34322149236647,66.03428936553833,324.14463449199724,137.6257743772711,-37.80141299963077,-71.59148501173279,80.95855452608954,-38.43035596276842,-64.62569804783178,75.18891612195655,0,1,-19.21517798138421,-32.31284902391589,19.21517798138421,32.31284902391589,0,0,80.95855452608954,694.4202086047321,656.6323853723999,370.2755741127349,519.0066109951288,12,12,0.9869459315744457,0.0633489990189795,-19.310184133564512,-0.08077771343652675,0.9907662499771882,93.96658118995106,4.671369499397227e-05,7.617888035182746e-06,1.0,1.0,0.0,378.2151779813842,0.0,1.0,74.31284902391589,0.0,0.0,1.0
frame_1610.jpg,frame_1610,1610,D:\visualization2026\visualization\left_downsample2_Q37\frame_1610.jpg,D:\visualization2026\visualization\right_downsample2_Q37\frame_1610.jpg,D:\visualization2026\dowsample2_Q37\stitched_frames\frame_1610.jpg,D:\visualization2026\dowsample2_Q37_hess_matched\stitched_frames\frame_1610.jpg,1968,1302,-0.06048838734008999,0.07612861104679813,287.04916386742326,66.17863585565688,321.22264992381963,133.2174331001885,-34.17348605639637,-67.03879724453161,75.2464450006785,-34.17295992695597,-66.85003926696405,75.07808561866754,0,1,-17.086479963477984,-33.42501963348202,17.086479963477984,33.42501963348202,0,0,75.2464450006785,699.6819441236798,643.4338901232493,378.4592941998602,510.2164570230608,12,12,1.0154604565957757,0.04343979543317795,-16.919187603579076,-0.06382591221852556,0.9925674001375002,65.54900568473018,6.454276521327093e-05,-7.616265253763533e-06,1.0,1.0,0.0,385.086479963478,0.0,1.0,56.42501963348202,0.0,0.0,1.0
frame_1612.jpg,frame_1612,1612,D:\visualization2026\visualization\left_downsample2_Q37\frame_1612.jpg,D:\visualization2026\visualization\right_downsample2_Q37\frame_1612.jpg,D:\visualization2026\dowsample2_Q37\stitched_frames\frame_1612.jpg,D:\visualization2026\dowsample2_Q37_hess_matched\stitched_frames\frame_1612.jpg,1973,1300,-0.05958929417336109,0.07653561966367295,286.437400619708,66.68298905241627,333.3525164547269,137.26837894164328,-46.91511583501892,-70.585389889227,84.7545005272725,-29.35806385684208,-66.55444786286375,72.74194418458353,0,1,-14.67903192842104,-33.27722393143188,14.67903192842104,33.27722393143188,0,0,84.7545005272725,718.5415735345125,655.1523272229425,385.1890570797856,517.8839482812992,12,12,1.0116960875878256,0.05713264232266074,-14.576874288037942,-0.06777534189665439,0.9976764814181271,72.37627539292738,5.975918360454308e-05,1.6925149839076004e-06,1.0,1.0,0.0,387.67903192842107,0.0,1.0,56.27722393143188,0.0,0.0,1.0
frame_1614.jpg,frame_1614,1614,D:\visualization2026\visualization\left_downsample2_Q37\frame_1614.jpg,D:\visualization2026\visualization\right_downsample2_Q37\frame_1614.jpg,D:\visualization2026\dowsample2_Q37\stitched_frames\frame_1614.jpg,D:\visualization2026\dowsample2_Q37_hess_matched\stitched_frames\frame_1614.jpg,1973,1300,-0.05868609238853573,0.07685591689605054,285.61243962361993,67.10398576564862,299.2109523742314,129.5637449264526,-13.598512750611462,-62.459759160804,63.92293065445436,-24.488020614117943,-48.761135537887455,54.564745876267914,0,1,-12.244010307058971,-24.380567768943727,12.244010307058971,24.380567768943727,0,0,63.92293065445436,718.3567276759956,655.0563168855984,419.14577530176416,525.4925719591458,12,12,1.0118416024919776,0.057136763633241036,-12.141852666675874,-0.06724368498757377,0.9976915391419888,81.27293155541554,5.975918360454308e-05,1.6925149839076004e-06,1.0,1.0,0.0,385.24401030705894,0.0,1.0,47.38056776894373,0.0,0.0,1.0
frame_1616.jpg,frame_1616,1616,D:\visualization2026\visualization\left_downsample2_Q37\frame_1616.jpg,D:\visualization2026\visualization\right_downsample2_Q37\frame_1616.jpg,D:\visualization2026\dowsample2_Q37\stitched_frames\frame_1616.jpg,D:\visualization2026\dowsample2_Q37_hess_matched\stitched_frames\frame_1616.jpg,1973,1300,-0.058628679173695575,0.07686748250244557,285.5391084277937,67.12224141636965,299.84090007034655,128.219049424393,-14.301791642552871,-61.09680800802336,62.74839593930878,-20.291626240819177,-31.847886998446086,37.76291834277235,0,1,-10.145813120409588,-15.923943499223043,10.145813120409588,15.923943499223043,0,0,62.74839593930878,718.391752997963,659.4780627946097,418.5508529276164,531.2590133702167,12,12,1.011966989042893,0.05714031486341863,-10.04365548002649,-0.0667383240251649,0.9977058521052785,89.72955582513622,5.975918360454308e-05,1.6925149839076004e-06,1.0,1.0,0.0,383.14581312040957,0.0,1.0,38.92394349922304,0.0,0.0,1.0
frame_1618.jpg,frame_1618,1618,D:\visualization2026\visualization\left_downsample2_Q37\frame_1618.jpg,D:\visualization2026\visualization\right_downsample2_Q37\frame_1618.jpg,D:\visualization2026\dowsample2_Q37\stitched_frames\frame_1618.jpg,D:\visualization2026\dowsample2_Q37_hess_matched\stitched_frames\frame_1618.jpg,1985,1335,-0.05880416970009536,0.07685174614274004,285.8098506627998,67.08541164317249,299.2610474488099,49.71033503002377,-13.451196786010087,17.37507661314872,21.973347088888296,-13.915561217391815,-13.948672523800264,19.70300254202896,0,1,-6.9577806086959075,-6.974336261900132,6.9577806086959075,6.974336261900132,0,0,21.973347088888296,729.6883227536015,696.9998161754731,430.4272753047916,647.2894811454494,12,12,0.9921642140828907,0.11435560517855813,-6.706110079483404,-0.08209231721165282,1.044384012956892,124.1642315869789,3.649289859257731e-05,5.021083852841639e-05,1.0,1.0,0.0,391.9577806086959,0.0,1.0,141.97433626190013,0.0,0.0,1.0
frame_1620.jpg,frame_1620,1620,D:\visualization2026\visualization\left_downsample2_Q37\frame_1620.jpg,D:\visualization2026\visualization\right_downsample2_Q37\frame_1620.jpg,D:\visualization2026\dowsample2_Q37\stitched_frames\frame_1620.jpg,D:\visualization2026\dowsample2_Q37_hess_matched\stitched_frames\frame_1620.jpg,1967,1328,-0.05896629424062466,0.07690678551957497,286.22525363433766,67.11867815680202,299.4167678242402,49.59123270412681,-13.191514189902534,17.52744545267521,21.936895649086377,-14.477703197630285,0.9874360529106059,14.511337630875447,0,1,-7.238851598815143,0.49371802645530294,7.238851598815143,-0.49371802645530294,0,0,21.936895649086377,714.0778225186995,695.4363244554185,414.66105469445927,645.8450917512916,12,12,0.9737047511055607,0.09713367493386706,-6.852433779655155,-0.08400283381125163,1.0203156173719705,135.1636030347488,3.283352728382273e-05,3.8047928546381424e-05,1.0,1.0,0.0,374.23885159881513,0.0,1.0,127.5062819735447,0.0,0.0,1.0
frame_1622.jpg,frame_1622,1622,D:\visualization2026\visualization\left_downsample2_Q37\frame_1622.jpg,D:\visualization2026\visualization\right_downsample2_Q37\frame_1622.jpg,D:\visualization2026\dowsample2_Q37\stitched_frames\frame_1622.jpg,D:\visualization2026\dowsample2_Q37_hess_matched\stitched_frames\frame_1622.jpg,1957,1319,-0.059040811238137536,0.07708416917170013,286.7774665710467,67.28105751423927,301.81225728892883,48.37037503023714,-15.034790717882117,18.910682484002123,24.159032346955847,-15.790114370612013,16.688953751259657,22.974962223009026,0,1,-7.8950571853060065,8.344476875629828,7.8950571853060065,-8.344476875629828,0,0,24.159032346955847,704.61692820188,690.4440480663305,402.80467091295117,642.0736730360934,12,12,0.9654817901642276,0.08460231382548442,-8.202066198716102,-0.08095552449584947,1.00143039116473,138.5208018099317,3.35213047911935e-05,2.6339308288971096e-05,1.0,1.0,0.0,364.89505718530603,0.0,1.0,110.65552312437018,0.0,0.0,1.0
frame_1624.jpg,frame_1624,1624,D:\visualization2026\visualization\left_downsample2_Q37\frame_1624.jpg,D:\visualization2026\visualization\right_downsample2_Q37\frame_1624.jpg,D:\visualization2026\dowsample2_Q37\stitched_frames\frame_1624.jpg,D:\visualization2026\dowsample2_Q37_hess_matched\stitched_frames\frame_1624.jpg,1963,1317,-0.05924369257934606,0.07733372665242189,287.72650982150475,67.49743220866496,304.13573247330856,55.27664848591462,-16.409222651803816,12.22078372275034,20.45996438986909,-17.296125173935593,16.944557601232546,24.213095182853763,0,1,-8.648062586967797,8.472278800616273,8.648062586967797,-8.472278800616273,0,0,20.45996438986909,710.9022515320912,704.7363168023164,406.76651905878265,649.4596683164018,12,12,0.9742914743902138,0.0900419415202599,-9.10550016116548,-0.08165331050814445,1.0126369874537018,139.6988606260773,3.4722934779049675e-05,3.222932389816705e-05,1.0,1.0,0.0,371.6480625869678,0.0,1.0,108.52772119938373,0.0,0.0,1.0
frame_1626.jpg,frame_1626,1626,D:\visualization2026\visualization\left_downsample2_Q37\frame_1626.jpg,D:\visualization2026\visualization\right_downsample2_Q37\frame_1626.jpg,D:\visualization2026\dowsample2_Q37\stitched_frames\frame_1626.jpg,D:\visualization2026\dowsample2_Q37_hess_matched\stitched_frames\frame_1626.jpg,1971,1318,-0.05939404102235757,0.07755685436267057,288.52053222417726,67.69471456009607,309.3843797316388,50.28393407637418,-20.863847507461514,17.410780483721894,27.174168062094544,-21.141921514574587,17.117981473257583,27.20305378164778,0,1,-10.570960757287294,8.558990736628791,10.570960757287294,-8.558990736628791,0,0,27.174168062094544,725.6736449326687,702.6345975740965,416.28926520102993,652.3506634977223,12,12,0.9820160338874562,0.09554079068513667,-10.406161320558324,-0.07941972663362322,1.0203792396582005,136.26778322611992,3.696477768757626e-05,3.5505166216836674e-05,1.0,1.0,0.0,381.5709607572873,0.0,1.0,109.44100926337121,0.0,0.0,1.0
frame_1628.jpg,frame_1628,1628,D:\visualization2026\visualization\left_downsample2_Q37\frame_1628.jpg,D:\visualization2026\visualization\right_downsample2_Q37\frame_1628.jpg,D:\visualization2026\dowsample2_Q37\stitched_frames\frame_1628.jpg,D:\visualization2026\dowsample2_Q37_hess_matched\stitched_frames\frame_1628.jpg,1975,1320,-0.05924945735874548,0.07761314728933633,288.40039847307867,67.76696242484923,309.38164927570665,49.11386656183606,-20.981250802627983,18.653095863013164,28.074024836448658,-25.699558334243136,17.5620450062289,31.127041674016745,0,1,-12.849779167121568,8.78102250311445,12.849779167121568,-8.78102250311445,0,0,28.074024836448658,729.0669012405702,713.6838157065424,419.6852519648636,664.5699491447064,12,12,0.9854339543898396,0.09947496115019713,-12.866132160106275,-0.07972590268354732,1.026156289134866,136.43005506970545,3.7382633971100215e-05,3.809499022501896e-05,1.0,1.0,0.0,387.8497791671216,0.0,1.0,111.21897749688554,0.0,0.0,1.0
frame_1630.jpg,frame_1630,1630,D:\visualization2026\visualization\left_downsample2_Q37\frame_1630.jpg,D:\visualization2026\visualization\right_downsample2_Q37\frame_1630.jpg,D:\visualization2026\dowsample2_Q37\stitched_frames\frame_1630.jpg,D:\visualization2026\dowsample2_Q37_hess_matched\stitched_frames\frame_1630.jpg,1966,1324,-0.058755732524332555,0.0772848957783917,286.75375717534985,67.51029459682425,319.17425306844734,49.11572978402387,-32.420495893097495,18.394564812800382,37.275307760052975,-30.131742053473968,18.495358890648234,35.35534160025854,0,1,-15.065871026736984,9.247679445324117,15.065871026736984,-9.247679445324117,0,0,37.275307760052975,729.2473234557115,716.4775936602424,410.0730703872641,667.3618638762185,12,12,0.9675943742277302,0.10359106054797293,-15.02460659721872,-0.08592963172256765,1.021348742614441,147.02287645017313,2.861755870613203e-05,4.236246223487423e-05,1.0,1.0,0.0,381.065871026737,0.0,1.0,114.75232055467589,0.0,0.0,1.0
frame_1632.jpg,frame_1632,1632,D:\visualization2026\visualization\left_downsample2_Q37\frame_1632.jpg,D:\visualization2026\visualization\right_downsample2_Q37\frame_1632.jpg,D:\visualization2026\dowsample2_Q37\stitched_frames\frame_1632.jpg,D:\visualization2026\dowsample2_Q37_hess_matched\stitched_frames\frame_1632.jpg,1972,1325,-0.05831104127423989,0.07695629982472407,285.19239022258535,67.24725549722805,323.0153650388102,46.11625534836935,-37.82297481622487,21.131000148858703,43.32547277572222,-34.943778520589284,19.633771721326358,40.08182442580616,0,1,-17.471889260294642,9.816885860663179,17.471889260294642,-9.816885860663179,0,0,43.32547277572222,738.7464384851379,719.1948805837742,415.7310734463277,673.0786252354048,12,12,0.978633015497394,0.10247586391667729,-17.514376126797412,-0.0828460680965658,1.0284897639952908,143.1730317146355,3.3846412631606876e-05,4.1033911074806545e-05,1.0,1.0,0.0,389.47188926029463,0.0,1.0,115.18311413933682,0.0,0.0,1.0
frame_1634.jpg,frame_1634,1634,D:\visualization2026\visualization\left_downsample2_Q37\frame_1634.jpg,D:\visualization2026\visualization\right_downsample2_Q37\frame_1634.jpg,D:\visualization2026\dowsample2_Q37\stitched_frames\frame_1634.jpg,D:\visualization2026\dowsample2_Q37_hess_matched\stitched_frames\frame_1634.jpg,1958,1312,-0.05831105146453919,0.07702945945634576,285.366199657046,67.31801017157979,323.936340905004,50.430657026732774,-38.57014124795796,16.887353144847012,42.105088672584486,-39.53224321865654,20.58757917905942,44.571814752745446,0,1,-19.76612160932827,10.29378958952971,19.76612160932827,-10.29378958952971,0,0,42.105088672584486,726.6371787097672,721.0835799298675,402.70083780476324,670.6529229031347,12,12,0.9643446530605961,0.08932523873457707,-20.11442700188572,-0.0838790662825181,1.0063779940168622,144.91608018480372,3.094626582849697e-05,3.110602901530156e-05,1.0,1.0,0.0,377.76612160932825,0.0,1.0,101.70621041047029,0.0,0.0,1.0
frame_1636.jpg,frame_1636,1636,D:\visualization2026\visualization\left_downsample2_Q37\frame_1636.jpg,D:\visualization2026\visualization\right_downsample2_Q37\frame_1636.jpg,D:\visualization2026\dowsample2_Q37\stitched_frames\frame_1636.jpg,D:\visualization2026\dowsample2_Q37_hess_matched\stitched_frames\frame_1636.jpg,1968,1307,-0.058594052039605965,0.07716846131957134,286.19328915149015,67.41759549007723,331.11731899452826,44.31475085296472,-44.92402984303811,23.10284463711251,50.51643185800772,-41.35146567670104,21.36393229557607,46.54418671264267,0,1,-20.67573283835052,10.681966147788035,20.67573283835052,-10.681966147788035,0,0,50.51643185800772,742.0678275401925,710.981102955303,410.95050854566426,666.6663521023382,12,12,0.98259060770823,0.0877972439210244,-20.758913162770604,-0.07620599206725712,1.0123419738336228,133.27216401857564,3.9799005143313174e-05,2.9061720711554555e-05,1.0,1.0,0.0,388.67573283835054,0.0,1.0,96.31803385221197,0.0,0.0,1.0
frame_1638.jpg,frame_1638,1638,D:\visualization2026\visualization\left_downsample2_Q37\frame_1638.jpg,D:\visualization2026\visualization\right_downsample2_Q37\frame_1638.jpg,D:\visualization2026\dowsample2_Q37\stitched_frames\frame_1638.jpg,D:\visualization2026\dowsample2_Q37_hess_matched\stitched_frames\frame_1638.jpg,1984,1322,-0.05891094522769966,0.07729349425782572,287.04670354359916,67.49949720064009,330.9702778365634,44.07736404896161,-43.92357429296425,23.42213315167848,49.77827538238449,-34.94475343808297,18.833650382754918,39.6968787134235,0,1,-17.472376719041485,9.416825191377459,17.472376719041485,-9.416825191377459,0,0,49.77827538238449,757.7612336244922,730.8016348249661,426.7909557879288,686.7242707760045,12,12,0.9915689318354319,0.11220805565681305,-17.509046545526964,-0.08189061779564598,1.040976606404558,141.17576418086685,3.681304475905508e-05,4.7605982011049086e-05,1.0,1.0,0.0,401.4723767190415,0.0,1.0,112.58317480862254,0.0,0.0,1.0
frame_1640.jpg,frame_1640,1640,D:\visualization2026\visualization\left_downsample2_Q37\frame_1640.jpg,D:\visualization2026\visualization\right_downsample2_Q37\frame_1640.jpg,D:\visualization2026\dowsample2_Q37\stitched_frames\frame_1640.jpg,D:\visualization2026\dowsample2_Q37_hess_matched\stitched_frames\frame_1640.jpg,1971,1319,-0.05908999383365174,0.07746315128872128,287.7640971333022,67.64153145715784,329.2807053166222,45.3652010617742,-41.51660818331999,22.27633039538364,47.11542901143537,-28.520687125227383,18.508592181000658,33.99996439141826,0,1,-14.260343562613691,9.254296090500329,14.260343562613691,-9.254296090500329,0,0,47.11542901143537,746.3631725991472,737.0993234636218,417.08246728252504,691.7341224018476,12,12,0.9778371599563433,0.10138194404354414,-14.223724742225393,-0.08262517628327282,1.0265244856139308,142.2480027569644,3.366346930668584e-05,4.017324015152749e-05,1.0,1.0,0.0,385.2603435626137,0.0,1.0,109.74570390949967,0.0,0.0,1.0
frame_1642.jpg,frame_1642,1642,D:\visualization2026\visualization\left_downsample2_Q37\frame_1642.jpg,D:\visualization2026\visualization\right_downsample2_Q37\frame_1642.jpg,D:\visualization2026\dowsample2_Q37\stitched_frames\frame_1642.jpg,D:\visualization2026\dowsample2_Q37_hess_matched\stitched_frames\frame_1642.jpg,1972,1304,-0.059226144710119416,0.07761880790328513,288.37291326063075,67.77530784695783,294.1623268837653,59.2957172622049,-5.7894136231345215,8.479590584752927,10.267461545326872,-21.758074191548918,20.42423766093167,29.842306823621506,0,1,-10.879037095774459,10.212118830465835,10.879037095774459,-10.212118830465835,0,0,10.267461545326872,745.2107279209304,734.4290121820167,451.0484010371651,675.1332949198118,12,12,0.975686493707321,0.09909930150818044,-11.245628168624274,-0.08285609256606057,1.0201628445305955,143.1795891916705,3.518774101202704e-05,3.386872923609286e-05,1.0,1.0,0.0,382.87903709577444,0.0,1.0,90.78788116953416,0.0,0.0,1.0
frame_1644.jpg,frame_1644,1644,D:\visualization2026\visualization\left_downsample2_Q37\frame_1644.jpg,D:\visualization2026\visualization\right_downsample2_Q37\frame_1644.jpg,D:\visualization2026\dowsample2_Q37\stitched_frames\frame_1644.jpg,D:\visualization2026\dowsample2_Q37_hess_matched\stitched_frames\frame_1644.jpg,1978,1296,-0.05936119926791597,0.07774110002823598,288.9005467578984,67.87695096096635,295.3503564415784,52.61488882489061,-6.44980968368003,15.262062136075741,16.56896453014278,-15.314314217260199,17.966879419178454,23.607985428839033,0,1,-7.657157108630099,8.983439709589227,7.657157108630099,-8.983439709589227,0,0,16.56896453014278,751.4216340012281,723.618311758546,456.0712775596497,671.0034229336554,12,12,0.9955170258878624,0.09244013565435591,-7.9438238540783574,-0.0687613543728011,1.0177799323204126,119.78059474489314,4.4184488901510146e-05,3.084968198894967e-05,1.0,1.0,0.0,385.6571571086301,0.0,1.0,87.01656029041078,0.0,0.0,1.0
frame_1646.jpg,frame_1646,1646,D:\visualization2026\visualization\left_downsample2_Q37\frame_1646.jpg,D:\visualization2026\visualization\right_downsample2_Q37\frame_1646.jpg,D:\visualization2026\dowsample2_Q37\stitched_frames\frame_1646.jpg,D:\visualization2026\dowsample2_Q37_hess_matched\stitched_frames\frame_1646.jpg,1939,1326,-0.05947542005548195,0.0778395388722708,289.33493683220763,67.95809004178774,300.44590200685343,35.27701800502018,-11.110965174645798,32.68107203676756,34.51819833920337,-10.3066445815924,12.672627914647846,16.334699899122107,0,1,-5.1533222907962,6.336313957323923,5.1533222907962,-6.336313957323923,0,0,34.51819833920337,718.1826599332811,746.0019215707366,417.7367579264277,710.7249035657164,12,12,0.9428036374194616,0.07701161739547516,-5.551615777890265,-0.07684634515048128,1.0055293103796188,129.65684160973623,2.5922885179392743e-05,2.067631391536577e-05,1.0,1.0,0.0,344.1533222907962,0.0,1.0,119.66368604267608,0.0,0.0,1.0
frame_1648.jpg,frame_1648,1648,D:\visualization2026\visualization\left_downsample2_Q37\frame_1648.jpg,D:\visualization2026\visualization\right_downsample2_Q37\frame_1648.jpg,D:\visualization2026\dowsample2_Q37\stitched_frames\frame_1648.jpg,D:\visualization2026\dowsample2_Q37_hess_matched\stitched_frames\frame_1648.jpg,1948,1281,-0.05955904878440754,0.07787780750237028,289.57267870898426,67.9848030359526,301.2774531305049,56.84946109304019,-11.704774421520654,11.135341942912405,16.155419661657458,-12.274468244292201,10.860815882740916,16.389627583289837,0,1,-6.137234122146101,5.430407941370458,6.137234122146101,-5.430407941370458,0,0,16.155419661657458,727.5196578549144,723.6478862898906,426.2422047244095,666.7984251968504,12,12,0.971542638621546,0.06443931412532763,-5.645630303181594,-0.06589669279963489,0.9910117296535566,111.5051121707922,3.9447599487610897e-05,1.387599586115017e-05,1.0,1.0,0.0,354.1372341221461,0.0,1.0,75.56959205862954,0.0,0.0,1.0
frame_1650.jpg,frame_1650,1650,D:\visualization2026\visualization\left_downsample2_Q37\frame_1650.jpg,D:\visualization2026\visualization\right_downsample2_Q37\frame_1650.jpg,D:\visualization2026\dowsample2_Q37\stitched_frames\frame_1650.jpg,D:\visualization2026\dowsample2_Q37_hess_matched\stitched_frames\frame_1650.jpg,1939,1273,-0.05962105627906225,0.07788394414236244,289.6961283745326,67.98310226029554,306.1743883795136,72.17802938756495,-16.478260004980996,-4.194927127269409,17.00383681393282,-13.60397518354979,3.8113777669432576,14.127800298595247,0,1,-6.801987591774895,1.9056888834716288,6.801987591774895,-1.9056888834716288,0,0,17.00383681393282,724.1534338886062,733.5827187626226,417.9790455090926,661.4046893750576,12,12,0.9479949421243085,0.07214506864299029,-6.84928790028568,-0.07489227738447297,0.9853154374479904,121.29146896767638,2.7620319657564297e-05,1.8605455045210838e-05,1.0,1.0,0.0,345.8019875917749,0.0,1.0,69.09431111652837,0.0,0.0,1.0
frame_1652.jpg,frame_1652,1652,D:\visualization2026\visualization\left_downsample2_Q37\frame_1652.jpg,D:\visualization2026\visualization\right_downsample2_Q37\frame_1652.jpg,D:\visualization2026\dowsample2_Q37\stitched_frames\frame_1652.jpg,D:\visualization2026\dowsample2_Q37_hess_matched\stitched_frames\frame_1652.jpg,1938,1266,-0.05966995836546962,0.0779146521531493,289.8549372958611,68.00677938880229,305.4834692324946,68.58624896358401,-15.628531936633522,-0.5794695747817258,15.639270938329307,-14.173102535739826,-6.218563877294029,15.477317990678515,0,1,-7.086551267869913,-3.1092819386470145,7.086551267869913,3.1092819386470145,0,0,15.639270938329307,722.0347811858474,722.0334792842838,416.55131195335275,653.4472303206998,12,12,0.9583175373713892,0.054740421446025804,-7.032546613670354,-0.06527248030093105,0.972677844237609,100.54053326661399,3.761911362348082e-05,3.061643777717244e-06,1.0,1.0,0.0,345.08655126786994,0.0,1.0,61.109281938647015,0.0,0.0,1.0
frame_1654.jpg,frame_1654,1654,D:\visualization2026\visualization\left_downsample2_Q37\frame_1654.jpg,D:\visualization2026\visualization\right_downsample2_Q37\frame_1654.jpg,D:\visualization2026\dowsample2_Q37\stitched_frames\frame_1654.jpg,D:\visualization2026\dowsample2_Q37_hess_matched\stitched_frames\frame_1654.jpg,1949,1277,-0.05965372031574401,0.07799499597770942,290.01728440013994,68.08648307326864,303.1146287801079,88.07161151618118,-13.097344379967979,-19.98512844291254,23.89447192735572,-16.54339740887083,-10.421323536105653,19.552186120023094,0,1,-8.271698704435416,-5.210661768052827,8.271698704435416,5.210661768052827,0,0,23.89447192735572,729.7961082421217,738.2347340170899,426.6814794620138,650.1631225009087,12,12,0.9642887594954116,0.06418262029624652,-8.21386796433243,-0.06920374340393891,0.9832357552783336,105.50886108048289,3.7626239123678725e-05,8.846794186918111e-06,1.0,1.0,0.0,357.27169870443544,0.0,1.0,54.21066176805283,0.0,0.0,1.0
frame_1656.jpg,frame_1656,1656,D:\visualization2026\visualization\left_downsample2_Q37\frame_1656.jpg,D:\visualization2026\visualization\right_downsample2_Q37\frame_1656.jpg,D:\visualization2026\dowsample2_Q37\stitched_frames\frame_1656.jpg,D:\visualization2026\dowsample2_Q37_hess_matched\stitched_frames\frame_1656.jpg,1948,1278,-0.059602943520239454,0.07809863277087958,290.1743215071119,68.19296762917713,304.1309234427079,85.661603813596,-13.956601935595984,-17.46863618441887,22.35933781962851,-17.712741408563115,-11.716050236099623,21.236926362857606,0,1,-8.856370704281558,-5.858025118049811,8.856370704281558,5.858025118049811,0,0,22.35933781962851,729.8054116620976,746.9566018823483,425.67448821938973,661.2949980687523,12,12,0.9610532799085469,0.06652749474637222,-8.774730868295576,-0.07071008776818444,0.984375017140455,107.15206606143776,3.587458142181046e-05,1.0499680624837466e-05,1.0,1.0,0.0,356.8563707042816,0.0,1.0,56.85802511804981,0.0,0.0,1.0
frame_1658.jpg,frame_1658,1658,D:\visualization2026\visualization\left_downsample2_Q37\frame_1658.jpg,D:\visualization2026\visualization\right_downsample2_Q37\frame_1658.jpg,D:\visualization2026\dowsample2_Q37\stitched_frames\frame_1658.jpg,D:\visualization2026\dowsample2_Q37_hess_matched\stitched_frames\frame_1658.jpg,1946,1274,-0.059595835562411104,0.07819683918797804,290.3951319090682,68.2888227128036,313.95138069624386,78.16727906394931,-23.55624878717566,-9.878456351145715,25.543702879668913,-19.123244968739414,-13.677441577433655,23.511080499171623,0,1,-9.561622484369707,-6.838720788716827,9.561622484369707,6.838720788716827,0,0,25.543702879668913,735.2359034902918,736.3282116769718,421.2845227940479,658.1609326130225,12,12,0.9629378480719911,0.05877236354139721,-9.468629966776177,-0.06794612300575997,0.977817657521338,101.3801608509925,3.840271168746996e-05,4.784237035502491e-06,1.0,1.0,0.0,355.5616224843697,0.0,1.0,52.83872078871683,0.0,0.0,1.0
frame_1660.jpg,frame_1660,1660,D:\visualization2026\visualization\left_downsample2_Q37\frame_1660.jpg,D:\visualization2026\visualization\right_downsample2_Q37\frame_1660.jpg,D:\visualization2026\dowsample2_Q37\stitched_frames\frame_1660.jpg,D:\visualization2026\dowsample2_Q37_hess_matched\stitched_frames\frame_1660.jpg,1948,1273,-0.05974433044211977,0.07828961224169273,290.87624086886547,68.36026153949896,313.2012208723079,79.02882216673822,-22.32498000344242,-10.668560627239259,24.74313880677194,-21.06568844725002,-11.580714018167908,24.03905503398987,0,1,-10.53284422362501,-5.790357009083954,10.53284422362501,5.790357009083954,0,0,24.74313880677194,737.7163279418297,745.3401549133891,424.51510706952183,666.3113327466509,12,12,0.9578103376907469,0.07082246242993713,-10.730827240316477,-0.07177657948104847,0.9810818231465599,108.97212409369787,3.375716937972706e-05,1.2783504512675063e-05,1.0,1.0,0.0,358.53284422362503,0.0,1.0,55.790357009083955,0.0,0.0,1.0
frame_1662.jpg,frame_1662,1662,D:\visualization2026\visualization\left_downsample2_Q37\frame_1662.jpg,D:\visualization2026\visualization\right_downsample2_Q37\frame_1662.jpg,D:\visualization2026\dowsample2_Q37\stitched_frames\frame_1662.jpg,D:\visualization2026\dowsample2_Q37_hess_matched\stitched_frames\frame_1662.jpg,1954,1281,-0.059959605167679925,0.07837848687294979,291.4653403248241,68.41970655398305,314.14639006233915,78.80613283543494,-22.681049737515025,-10.38642628145189,24.94609925610946,-24.353975281184923,-8.6222099028506,25.8352204481669,0,1,-12.176987640592461,-4.3111049514253,12.176987640592461,4.3111049514253,0,0,24.94609925610946,743.6458955024974,758.5195848631301,429.49950544015826,679.7134520276952,12,12,0.9589117744917919,0.0826955321881279,-12.220977144104086,-0.07391896404473476,0.9957476200476947,113.49400019616681,3.196372632259977e-05,2.0580368794400498e-05,1.0,1.0,0.0,366.1769876405925,0.0,1.0,61.3111049514253,0.0,0.0,1.0
frame_1664.jpg,frame_1664,1664,D:\visualization2026\visualization\left_downsample2_Q37\frame_1664.jpg,D:\visualization2026\visualization\right_downsample2_Q37\frame_1664.jpg,D:\visualization2026\dowsample2_Q37\stitched_frames\frame_1664.jpg,D:\visualization2026\dowsample2_Q37_hess_matched\stitched_frames\frame_1664.jpg,1946,1280,-0.06006504527186979,0.07844864350910785,291.81712867317793,68.47457393561531,314.62669044569896,77.97606458219911,-22.809561772521022,-9.501490646583804,24.709399684362463,-25.471901885263904,-4.782977484854541,25.917072737350882,0,1,-12.735950942631952,-2.3914887424272706,12.735950942631952,2.3914887424272706,0,0,24.709399684362463,736.7023169104547,765.7051974468105,422.0756264647557,687.7291328646114,12,12,0.9508001395762382,0.07421161326475859,-12.573070545026305,-0.07502852563115256,0.9852769018098894,117.23467159161358,3.0307394836478223e-05,1.4212177125554374e-05,1.0,1.0,0.0,358.735950942632,0.0,1.0,57.39148874242727,0.0,0.0,1.0
frame_1666.jpg,frame_1666,1666,D:\visualization2026\visualization\left_downsample2_Q37\frame_1666.jpg,D:\visualization2026\visualization\right_downsample2_Q37\frame_1666.jpg,D:\visualization2026\dowsample2_Q37\stitched_frames\frame_1666.jpg,D:\visualization2026\dowsample2_Q37_hess_matched\stitched_frames\frame_1666.jpg,1957,1278,-0.05995564878440607,0.07848160702045492,291.7033568459901,68.51992582999436,322.10139295126055,71.1960414378267,-30.398036105270478,-2.6761156078323296,30.51560574204306,-27.40244114361253,-0.7380380955314052,27.412378241582843,0,1,-13.701220571806266,-0.3690190477657026,13.701220571806266,0.3690190477657026,0,0,30.51560574204306,755.2681082797277,753.0481095643473,433.16671532846715,681.8520681265206,12,12,0.9766721771550694,0.06468274520846659,-14.023504340505985,-0.06437425271454748,0.9848949438529161,102.30228848788178,4.4572160146238636e-05,4.519418151020834e-06,1.0,1.0,0.0,370.7012205718063,0.0,1.0,45.369019047765704,0.0,0.0,1.0
frame_1668.jpg,frame_1668,1668,D:\visualization2026\visualization\left_downsample2_Q37\frame_1668.jpg,D:\visualization2026\visualization\right_downsample2_Q37\frame_1668.jpg,D:\visualization2026\dowsample2_Q37\stitched_frames\frame_1668.jpg,D:\visualization2026\dowsample2_Q37_hess_matched\stitched_frames\frame_1668.jpg,1965,1284,-0.05973806006485802,0.07849847168409807,291.3613794130056,68.56303093645434,320.50726122057614,59.24532519761976,-29.14588180757056,9.317705738834576,30.599053360788524,-21.323053188998724,1.7055715688633373,21.391156389437754,0,1,-10.661526594499362,0.8527857844316686,10.661526594499362,-0.8527857844316686,0,0,30.599053360788524,763.3740223159491,761.2270060285923,442.86676109537296,701.9816808309726,12,12,0.9835821123204351,0.07698328839623957,-10.595663632902967,-0.06558208620568633,1.0032596862827932,105.52517506417117,4.435130239475367e-05,1.594920150131919e-05,1.0,1.0,0.0,375.6615265944994,0.0,1.0,65.14721421556833,0.0,0.0,1.0
frame_1670.jpg,frame_1670,1670,D:\visualization2026\visualization\left_downsample2_Q37\frame_1670.jpg,D:\visualization2026\visualization\right_downsample2_Q37\frame_1670.jpg,D:\visualization2026\dowsample2_Q37\stitched_frames\frame_1670.jpg,D:\visualization2026\dowsample2_Q37_hess_matched\stitched_frames\frame_1670.jpg,1959,1284,-0.05956111375621004,0.07853870824415576,291.14628163960356,68.6237352111023,323.12395793478913,59.06759889172588,-31.977676295185574,9.55613631937642,33.37501344710109,-17.36986569093896,8.199389572472267,19.207868790743685,0,1,-8.68493284546948,4.0996947862361335,8.68493284546948,-4.0996947862361335,0,0,33.37501344710109,759.3336989257801,778.4713151079421,436.209740990991,719.4037162162163,12,12,0.9681876417048423,0.08739332193351171,-8.897022196918062,-0.07207932572690003,1.0064757997418434,119.91498032014444,3.4956085239168685e-05,2.5530464307802307e-05,1.0,1.0,0.0,367.68493284546946,0.0,1.0,69.90030521376387,0.0,0.0,1.0
frame_1672.jpg,frame_1672,1672,D:\visualization2026\visualization\left_downsample2_Q37\frame_1672.jpg,D:\visualization2026\visualization\right_downsample2_Q37\frame_1672.jpg,D:\visualization2026\dowsample2_Q37\stitched_frames\frame_1672.jpg,D:\visualization2026\dowsample2_Q37_hess_matched\stitched_frames\frame_1672.jpg,1972,1286,-0.059519275787350445,0.07861642852160533,291.25744845018573,68.70405399905955,283.5415584146317,66.87243195853773,7.715890035554025,1.8316220405218218,7.930308842667303,-12.049298098304234,13.280390518987552,17.931936788830495,0,1,-6.024649049152117,6.640195259493776,6.024649049152117,-6.640195259493776,0,0,7.930308842667303,769.370042610034,772.0760059527905,485.8284841954023,705.2035739942528,12,12,0.9944869139197376,0.07833774479176021,-6.011350734595851,-0.06262187683050319,1.0090288364408755,107.60441141739203,4.844253049218305e-05,1.661209774779268e-05,1.0,1.0,0.0,378.0246490491521,0.0,1.0,59.35980474050622,0.0,0.0,1.0
frame_1674.jpg,frame_1674,1674,D:\visualization2026\visualization\left_downsample2_Q37\frame_1674.jpg,D:\visualization2026\visualization\right_downsample2_Q37\frame_1674.jpg,D:\visualization2026\dowsample2_Q37\stitched_frames\frame_1674.jpg,D:\visualization2026\dowsample2_Q37_hess_matched\stitched_frames\frame_1674.jpg,1968,1285,-0.05957138368369039,0.0787209208564762,291.5971616002615,68.79869645135814,294.64078588248367,45.83109707989729,-3.043624282222197,22.96759937146085,23.168389448972523,-6.955429859820981,17.75303083651308,19.06693757311524,0,1,-3.4777149299104906,8.87651541825654,3.4777149299104906,-8.87651541825654,0,0,23.168389448972523,780.4440040307295,779.0446730932622,485.80321814824583,733.2135760133649,12,12,0.9863057776944004,0.08187761596420566,-3.8736846540341787,-0.06477571707102753,1.0091279380417446,113.46092747344865,4.408359378986918e-05,1.9612276840126972e-05,1.0,1.0,0.0,371.47771492991046,0.0,1.0,60.12348458174346,0.0,0.0,1.0
frame_1676.jpg,frame_1676,1676,D:\visualization2026\visualization\left_downsample2_Q37\frame_1676.jpg,D:\visualization2026\visualization\right_downsample2_Q37\frame_1676.jpg,D:\visualization2026\dowsample2_Q37\stitched_frames\frame_1676.jpg,D:\visualization2026\dowsample2_Q37_hess_matched\stitched_frames\frame_1676.jpg,1966,1284,-0.059668179042683483,0.07885638395309846,292.0889078543236,68.91778915196605,295.8841059964205,46.18890002722196,-3.795198142096865,22.728889124744086,23.043565908571647,1.2119441840162497,20.664554265273395,20.700063084145413,0,1,0.6059720920081249,10.332277132636698,-0.6059720920081249,-10.332277132636698,0,0,23.043565908571647,779.0665322379451,779.9416029775609,483.18242624152464,733.752702950339,12,12,0.9831163942528396,0.08330504718574673,0.12933103695569925,-0.06623247421333064,1.0081124519529574,116.85559778673633,4.255346540913263e-05,2.082689147469704e-05,1.0,1.0,0.0,365.39402790799187,0.0,1.0,58.6677228673633,0.0,0.0,1.0
frame_1678.jpg,frame_1678,1678,D:\visualization2026\visualization\left_downsample2_Q37\frame_1678.jpg,D:\visualization2026\visualization\right_downsample2_Q37\frame_1678.jpg,D:\visualization2026\dowsample2_Q37\stitched_frames\frame_1678.jpg,D:\visualization2026\dowsample2_Q37_hess_matched\stitched_frames\frame_1678.jpg,1976,1288,-0.05997830034160842,0.07911063949720931,293.2374020251364,69.12550169540164,296.9139426402907,37.44459436893942,-3.6765406151542948,31.68090732646222,31.89352347927031,2.6985308236772085,25.53298249055613,25.67518770076242,0,1,1.3492654118386043,12.766491245278065,-1.3492654118386043,-12.766491245278065,0,0,31.89352347927031,788.817004713847,793.649204120978,491.9030620735563,756.2046097520386,12,12,0.9910589694860262,0.09591478539071668,1.443974814037989,-0.06602697726350373,1.0239602563734727,118.84386082240707,4.248008725391449e-05,3.0346125559135446e-05,1.0,1.0,0.0,374.6507345881614,0.0,1.0,74.23350875472194,0.0,0.0,1.0
frame_1680.jpg,frame_1680,1680,D:\visualization2026\visualization\left_downsample2_Q37\frame_1680.jpg,D:\visualization2026\visualization\right_downsample2_Q37\frame_1680.jpg,D:\visualization2026\dowsample2_Q37\stitched_frames\frame_1680.jpg,D:\visualization2026\dowsample2_Q37_hess_matched\stitched_frames\frame_1680.jpg,1949,1289,-0.06061472837839224,0.07949759111651256,295.2740426540789,69.42136809615793,286.41484873007835,45.30761463297995,8.859193924000579,24.113753463177986,25.689655954605097,6.408473475442588,23.640656029093464,24.493859429893124,0,1,3.204236737721294,11.820328014546732,-3.204236737721294,-11.820328014546732,0,0,25.689655954605097,766.8223454640749,803.0933648088416,480.4074967339966,757.7857501758616,12,12,0.9475514081828538,0.08949638167676904,3.259154438293399,-0.07789512829765968,0.9949678354366244,137.04423763222712,2.8280830874096484e-05,1.963842418773406e-05,1.0,1.0,0.0,345.7957632622787,0.0,1.0,69.17967198545327,0.0,0.0,1.0
frame_1682.jpg,frame_1682,1682,D:\visualization2026\visualization\left_downsample2_Q37\frame_1682.jpg,D:\visualization2026\visualization\right_downsample2_Q37\frame_1682.jpg,D:\visualization2026\dowsample2_Q37\stitched_frames\frame_1682.jpg,D:\visualization2026\dowsample2_Q37_hess_matched\stitched_frames\frame_1682.jpg,1965,1286,-0.06128043361702867,0.0798367238253257,297.2484934696107,69.66738142036003,282.0996702357519,43.49361825342453,15.14882323385882,26.1737631669355,30.241572771427254,14.07218040003247,18.672372122901656,23.381269039707252,0,1,7.036090200016235,9.336186061450828,-7.036090200016235,-9.336186061450828,0,0,30.241572771427254,781.1574467965405,800.3009384432747,499.0577765607886,756.8073201898502,12,12,0.9707357538756547,0.09530353886526804,7.338569895136788,-0.07344099411625403,1.0062374490780304,127.23317092739197,3.4997682713771926e-05,2.5518786381229328e-05,1.0,1.0,0.0,357.96390979998375,0.0,1.0,72.66381393854917,0.0,0.0,1.0
frame_1684.jpg,frame_1684,1684,D:\visualization2026\visualization\left_downsample2_Q37\frame_1684.jpg,D:\visualization2026\visualization\right_downsample2_Q37\frame_1684.jpg,D:\visualization2026\dowsample2_Q37\stitched_frames\frame_1684.jpg,D:\visualization2026\dowsample2_Q37_hess_matched\stitched_frames\frame_1684.jpg,1971,1309,-0.06258404650582391,0.08052496711745138,301.17229098709754,70.17248119453406,285.66620201049284,56.66651413038653,15.506088976604701,13.505967064147526,20.563315435216655,21.320408068668964,11.844963937539882,24.38981285078229,0,1,10.660204034334482,5.922481968769941,-10.660204034334482,-5.922481968769941,0,0,20.563315435216655,789.9701963547841,825.4909220483787,504.30399434429125,768.8244079179922,12,12,0.9612585260508142,0.11464481513730904,10.74260254589491,-0.07862217078985419,1.0209611129803724,132.44493938970007,3.017479694305145e-05,2.704470700043376e-05,1.0,1.0,0.0,360.33979596566553,0.0,1.0,83.07751803123006,0.0,0.0,1.0
frame_1686.jpg,frame_1686,1686,D:\visualization2026\visualization\left_downsample2_Q37\frame_1686.jpg,D:\visualization2026\visualization\right_downsample2_Q37\frame_1686.jpg,D:\visualization2026\dowsample2_Q37\stitched_frames\frame_1686.jpg,D:\visualization2026\dowsample2_Q37_hess_matched\stitched_frames\frame_1686.jpg,1973,1293,-0.0650956744762751,0.08179674297049688,308.6032950111314,71.09318255057033,274.0799585302789,73.2057129567853,34.52333648085255,-2.1125304062149723,34.587910409380726,25.669741078909603,6.462265886008627,26.470672213597638,0,1,12.834870539454801,3.2311329430043134,-12.834870539454801,-3.2311329430043134,0,3,34.587910409380726,792.6753833668802,811.4370855058049,518.5954248366013,738.2313725490196,12,12,0.9936746951345818,0.09179721253931736,12.551620437072689,-0.06645184773116093,1.0108994799893531,110.21178399813627,4.6532161077823234e-05,1.7420716857944718e-05,1.0,1.0,0.0,360.1651294605452,0.0,1.0,57.76886705699569,0.0,0.0,1.0
frame_1688.jpg,frame_1688,1688,D:\visualization2026\visualization\left_downsample2_Q37\frame_1688.jpg,D:\visualization2026\visualization\right_downsample2_Q37\frame_1688.jpg,D:\visualization2026\dowsample2_Q37\stitched_frames\frame_1688.jpg,D:\visualization2026\dowsample2_Q37_hess_matched\stitched_frames\frame_1688.jpg,1964,1285,-0.06699150151209918,0.08260210326551176,313.84510772583405,71.6386243166983,223.9902140298865,35.0946480099592,89.85489369594757,36.5439763067391,97.00187691698314,28.369400476613716,0.5988452548995358,28.37572023829186,1,1,14.184700238306858,0.2994226274497679,-14.184700238306858,-0.2994226274497679,0,0,97.00187691698314,784.3955042694748,812.3717021987355,560.4052902395883,777.2770541887763,12,12,0.976815608806737,0.0901027228320344,14.64209239623615,-0.07052868992348404,0.9989910099659832,113.1323067754749,3.9024952415745457e-05,1.6992187874683966e-05,1.0,1.0,0.0,349.81529976169315,0.0,1.0,59.700577372550235,0.0,0.0,1.0
frame_1690.jpg,frame_1690,1690,D:\visualization2026\visualization\left_downsample2_Q37\frame_1690.jpg,D:\visualization2026\visualization\right_downsample2_Q37\frame_1690.jpg,D:\visualization2026\dowsample2_Q37\stitched_frames\frame_1690.jpg,D:\visualization2026\dowsample2_Q37_hess_matched\stitched_frames\frame_1690.jpg,1960,1287,-0.06661439196972105,0.08239931543457801,312.70125855156107,71.48893762209619,221.75468823724532,29.650794578575642,90.94657031431575,41.838143043520546,100.10848548083656,30.605858975203773,-2.7997367944782923,30.73364816822788,1,1,15.302929487601887,-1.3998683972391461,-15.302929487601887,1.3998683972391461,0,0,100.10848548083656,779.7407401874666,807.666162489709,557.9860519502213,778.0153679111334,12,12,0.9832040091252154,0.07392213778944844,15.165960526399203,-0.06602263776457527,0.9896913972542151,103.54435007625356,4.6596929231548396e-05,3.7224624982469042e-06,1.0,1.0,0.0,344.6970705123981,0.0,1.0,53.399868397239146,0.0,0.0,1.0
frame_1692.jpg,frame_1692,1692,D:\visualization2026\visualization\left_downsample2_Q37\frame_1692.jpg,D:\visualization2026\visualization\right_downsample2_Q37\frame_1692.jpg,D:\visualization2026\dowsample2_Q37\stitched_frames\frame_1692.jpg,D:\visualization2026\dowsample2_Q37_hess_matched\stitched_frames\frame_1692.jpg,1968,1291,-0.06477749013564485,0.08151116794180124,307.3662440553131,70.85617245014413,223.08673093644188,34.34561182289747,84.2795131188712,36.51056062724666,91.84801232944476,29.045492889743617,-2.2696202611886975,29.134032219007125,1,1,14.522746444871808,-1.1348101305943488,-14.522746444871808,1.1348101305943488,0,0,91.84801232944476,788.84217656692,825.8381918801742,565.7554456304781,791.4925800572768,12,12,0.9802372941154651,0.09811167857828051,14.620540994177981,-0.07261357823450502,1.0099402185410853,114.74517386555065,3.856582608856208e-05,2.378449394506908e-05,1.0,1.0,0.0,353.4772535551282,0.0,1.0,66.13481013059435,0.0,0.0,1.0
frame_1694.jpg,frame_1694,1694,D:\visualization2026\visualization\left_downsample2_Q37\frame_1694.jpg,D:\visualization2026\visualization\right_downsample2_Q37\frame_1694.jpg,D:\visualization2026\dowsample2_Q37\stitched_frames\frame_1694.jpg,D:\visualization2026\dowsample2_Q37_hess_matched\stitched_frames\frame_1694.jpg,1962,1293,-0.06327161854282948,0.08070287772638007,302.80215031800844,70.25987672055223,276.11376884845345,73.74681990329384,26.688381469554997,-3.486943182741612,26.915209050352086,27.395660978115778,-2.9438232048889574,27.553372488490375,0,1,13.697830489057889,-1.4719116024444787,-13.697830489057889,1.4719116024444787,0,1,26.915209050352086,783.6820167583044,837.423937315144,507.5682479098509,763.6771174118502,12,12,0.9716994425151325,0.09682718258712651,13.31060080959396,-0.07577915648501543,1.005610722343946,119.17681598437905,3.602163137881825e-05,2.205346254477099e-05,1.0,1.0,0.0,348.3021695109421,0.0,1.0,67.47191160244448,0.0,0.0,1.0
frame_1696.jpg,frame_1696,1696,D:\visualization2026\visualization\left_downsample2_Q37\frame_1696.jpg,D:\visualization2026\visualization\right_downsample2_Q37\frame_1696.jpg,D:\visualization2026\dowsample2_Q37\stitched_frames\frame_1696.jpg,D:\visualization2026\dowsample2_Q37_hess_matched\stitched_frames\frame_1696.jpg,1959,1291,-0.06321546327710043,0.08067225078322537,302.63079892949276,70.2371711748643,275.909292875941,69.6991189146313,26.721506053551764,0.5380522602330018,26.726922494083475,26.747566169139212,-3.3495353391328084,26.956477569604306,0,1,13.373783084569606,-1.6747676695664042,-13.373783084569606,1.6747676695664042,0,0,26.726922494083475,780.3689122877593,834.1361579749973,504.45961941181827,764.437039060366,12,12,0.9707450586482791,0.09025684569437256,13.076968349534763,-0.07401618465591099,0.9991428066326646,116.68150490774326,3.7154398980587165e-05,1.7065960737508087e-05,1.0,1.0,0.0,345.6262169154304,0.0,1.0,64.6747676695664,0.0,0.0,1.0
frame_1698.jpg,frame_1698,1698,D:\visualization2026\visualization\left_downsample2_Q37\frame_1698.jpg,D:\visualization2026\visualization\right_downsample2_Q37\frame_1698.jpg,D:\visualization2026\dowsample2_Q37\stitched_frames\frame_1698.jpg,D:\visualization2026\dowsample2_Q37_hess_matched\stitched_frames\frame_1698.jpg,1963,1293,-0.06344105586629697,0.08091702043857263,303.6083447797032,70.44611861809365,279.2929066098142,76.27326693694158,24.315438169888978,-5.827148318847932,25.003923510592212,25.630065811424437,-3.5658910287097205,25.876936687455498,0,1,12.815032905712219,-1.7829455143548603,-12.815032905712219,1.7829455143548603,0,0,25.003923510592212,785.83342347359,850.0326186671211,506.54051686377574,773.7593517301796,12,12,0.9672723899212544,0.10337158581162907,13.134639230296575,-0.07659852707652709,1.0091722285191251,121.00744998592137,3.294507059339784e-05,2.6261180945074965e-05,1.0,1.0,0.0,350.1849670942878,0.0,1.0,71.78294551435486,0.0,0.0,1.0
frame_1700.jpg,frame_1700,1700,D:\visualization2026\visualization\left_downsample2_Q37\frame_1700.jpg,D:\visualization2026\visualization\right_downsample2_Q37\frame_1700.jpg,D:\visualization2026\dowsample2_Q37\stitched_frames\frame_1700.jpg,D:\visualization2026\dowsample2_Q37_hess_matched\stitched_frames\frame_1700.jpg,1964,1293,-0.06331007950347714,0.08097105913376534,303.50674760961476,70.5145106707794,276.1413626792938,75.34280813647695,27.365384930320943,-4.8282974656975455,27.788068461156094,24.817745570254182,-4.252695439274672,25.179474055053227,0,1,12.408872785127091,-2.126347719637336,-12.408872785127091,2.126347719637336,0,0,27.788068461156094,785.3055417837714,844.4636693476624,509.1641791044776,769.1208612111855,12,12,0.9787565499312145,0.09098901441486776,12.379179070477239,-0.07195218455205739,1.0046592096543046,112.76051762353033,4.04907111321069e-05,1.7589971326053176e-05,1.0,1.0,0.0,351.5911272148729,0.0,1.0,65.12634771963734,0.0,0.0,1.0
frame_1702.jpg,frame_1702,1702,D:\visualization2026\visualization\left_downsample2_Q37\frame_1702.jpg,D:\visualization2026\visualization\right_downsample2_Q37\frame_1702.jpg,D:\visualization2026\dowsample2_Q37\stitched_frames\frame_1702.jpg,D:\visualization2026\dowsample2_Q37_hess_matched\stitched_frames\frame_1702.jpg,1965,1293,-0.06270519063226371,0.08051606345679496,301.3638436270619,70.1489520101708,278.3042251932564,74.37407044666531,23.059618433805497,-4.225118436494512,23.443498632139104,22.96726030958049,-4.50264085792515,23.40446155807666,0,1,11.483630154790244,-2.251320428962575,-11.483630154790244,2.251320428962575,0,0,23.443498632139104,785.875510081363,848.3541224121334,507.5712848881066,773.9800519654681,12,12,0.981604934405133,0.08919061619864081,11.004244849976981,-0.07053787211977915,1.0041141876051403,110.60665888853283,4.202933055272275e-05,1.5910460108970464e-05,1.0,1.0,0.0,353.51636984520974,0.0,1.0,64.25132042896257,0.0,0.0,1.0
frame_1704.jpg,frame_1704,1704,D:\visualization2026\visualization\left_downsample2_Q37\frame_1704.jpg,D:\visualization2026\visualization\right_downsample2_Q37\frame_1704.jpg,D:\visualization2026\dowsample2_Q37\stitched_frames\frame_1704.jpg,D:\visualization2026\dowsample2_Q37_hess_matched\stitched_frames\frame_1704.jpg,1967,1293,-0.06277522951948708,0.07997089535744695,300.19176399456575,69.61307092394628,277.564983730862,76.53403615951265,22.626780263703722,-6.920965235566371,23.66159218847816,19.897463729068363,-2.7708785304575683,20.089470642108562,0,1,9.948731864534182,-1.3854392652287841,-9.948731864534182,1.3854392652287841,0,0,23.66159218847816,788.3501262220564,856.3138952693429,510.78514249119434,779.7798591098302,12,12,0.9823332026050413,0.09342138751352143,9.529337067640938,-0.07124200233575972,1.0079696006142675,111.92257053950946,4.1341621489092275e-05,1.9285519336311026e-05,1.0,1.0,0.0,357.0512681354658,0.0,1.0,64.38543926522878,0.0,0.0,1.0
frame_1706.jpg,frame_1706,1706,D:\visualization2026\visualization\left_downsample2_Q37\frame_1706.jpg,D:\visualization2026\visualization\right_downsample2_Q37\frame_1706.jpg,D:\visualization2026\dowsample2_Q37\stitched_frames\frame_1706.jpg,D:\visualization2026\dowsample2_Q37_hess_matched\stitched_frames\frame_1706.jpg,1963,1291,-0.06318752763157229,0.07989943791037624,300.74592403522064,69.493189601027,283.2768442850373,70.20486443404639,17.46907975018331,-0.7116748330193872,17.483570241407154,8.94016324408234,-0.3430655756797134,8.946743140386747,0,1,4.47008162204117,-0.1715327878398567,-4.47008162204117,0.1715327878398567,0,0,17.483570241407154,789.4865671596264,857.8645638234311,506.20972287458903,787.6596993893847,12,12,0.9784881706609462,0.08645941050861161,4.666766013534761,-0.07059945430163105,0.9991627838890527,112.79876488204485,4.1577617576418694e-05,1.3701128880399349e-05,1.0,1.0,0.0,358.52991837795884,0.0,1.0,60.17153278783986,0.0,0.0,1.0
frame_1708.jpg,frame_1708,1708,D:\visualization2026\visualization\left_downsample2_Q37\frame_1708.jpg,D:\visualization2026\visualization\right_downsample2_Q37\frame_1708.jpg,D:\visualization2026\dowsample2_Q37\stitched_frames\frame_1708.jpg,D:\visualization2026\dowsample2_Q37_hess_matched\stitched_frames\frame_1708.jpg,1970,1293,-0.061514481923119285,0.0795652573547091,297.0145609378251,69.37601271403707,288.04810567049674,66.5443493955471,8.966455267328342,2.831663318489973,9.402958960363584,-1.6571827350492336,2.2284402625500492,2.7770849142760095,0,1,-0.8285913675246168,1.1142201312750246,0.8285913675246168,-1.1142201312750246,0,0,9.402958960363584,801.5647680973601,866.8369806174584,513.5166624268634,800.2926312219113,12,12,0.9812447040293205,0.10131215397558203,-1.116524873597435,-0.07192579104931877,1.0140540055831586,116.35006386505081,3.9164226511568996e-05,2.5338223552962814e-05,1.0,1.0,0.0,370.8285913675246,0.0,1.0,65.88577986872498,0.0,0.0,1.0
frame_1710.jpg,frame_1710,1710,D:\visualization2026\visualization\left_downsample2_Q37\frame_1710.jpg,D:\visualization2026\visualization\right_downsample2_Q37\frame_1710.jpg,D:\visualization2026\dowsample2_Q37\stitched_frames\frame_1710.jpg,D:\visualization2026\dowsample2_Q37_hess_matched\stitched_frames\frame_1710.jpg,1963,1292,-0.05184311578289119,0.07486164086517477,268.8601987593648,66.017897930507,296.28131625397396,58.707130622315276,-27.421117494609177,7.310767308191728,28.37895352700107,-12.66915987360909,5.603444149886698,13.853021267722292,0,1,-6.334579936804545,2.801722074943349,6.334579936804545,-2.801722074943349,0,0,28.37895352700107,801.9159138487936,854.097201544301,505.63459759481964,795.3900709219857,12,12,0.9766837527435405,0.08900670387528423,-6.587262123256863,-0.0715926243282147,1.0016121453575253,117.58131967045003,4.020481606549518e-05,1.5942799292256223e-05,1.0,1.0,0.0,369.3345799368045,0.0,1.0,59.19827792505665,0.0,0.0,1.0
frame_1712.jpg,frame_1712,1712,D:\visualization2026\visualization\left_downsample2_Q37\frame_1712.jpg,D:\visualization2026\visualization\right_downsample2_Q37\frame_1712.jpg,D:\visualization2026\dowsample2_Q37\stitched_frames\frame_1712.jpg,D:\visualization2026\dowsample2_Q37_hess_matched\stitched_frames\frame_1712.jpg,1967,1293,-0.04223054878106727,0.0700497228801985,240.55180395263994,62.54779925444368,297.3274155034804,59.88713032214332,-56.77561155084044,2.6606689323003607,56.837920670440035,-23.150795702913502,8.000918646006467,24.494367533334113,1,1,-11.575397851456751,4.000459323003233,11.575397851456751,-4.000459323003233,0,0,56.837920670440035,806.3535999463891,859.8543421780904,509.0261844429087,799.9672118559471,12,12,0.9831503274112833,0.09048059236225271,-12.010364510833847,-0.06993387361120863,1.0070114998958026,115.82287043102689,4.266932487231513e-05,1.7455021474319794e-05,1.0,1.0,0.0,378.5753978514567,0.0,1.0,57.999540676996766,0.0,0.0,1.0
frame_1714.jpg,frame_1714,1714,D:\visualization2026\visualization\left_downsample2_Q37\frame_1714.jpg,D:\visualization2026\visualization\right_downsample2_Q37\frame_1714.jpg,D:\visualization2026\dowsample2_Q37\stitched_frames\frame_1714.jpg,D:\visualization2026\dowsample2_Q37_hess_matched\stitched_frames\frame_1714.jpg,1964,1293,-0.04203275848813881,0.07012980198500796,240.39475498564522,62.64960381582569,297.04490061923417,56.259180009201714,-56.65014563358895,6.3904238066239785,57.009442347168275,-26.95042098042338,12.77638417338239,29.825512293469508,1,1,-13.47521049021169,6.388192086691195,13.47521049021169,-6.388192086691195,0,0,57.009442347168275,804.4279795286288,866.194548734044,507.38307890939467,809.9353687248423,12,12,0.9757800407474,0.09242606148194114,-13.254759017971377,-0.07225897283478949,1.005326003968831,122.38878116989332,3.93469744989163e-05,1.882885454830191e-05,1.0,1.0,0.0,377.4752104902117,0.0,1.0,57.61180791330881,0.0,0.0,1.0
frame_1716.jpg,frame_1716,1716,D:\visualization2026\visualization\left_downsample2_Q37\frame_1716.jpg,D:\visualization2026\visualization\right_downsample2_Q37\frame_1716.jpg,D:\visualization2026\dowsample2_Q37\stitched_frames\frame_1716.jpg,D:\visualization2026\dowsample2_Q37_hess_matched\stitched_frames\frame_1716.jpg,1967,1294,-0.051908827950498865,0.07409728678545113,267.15984351940097,65.27056515274816,302.0989429157397,53.99486750516871,-34.93909939633875,11.275697647579449,36.71351282657201,-20.09376071880502,17.77695574426906,26.828704317545643,0,1,-10.04688035940251,8.88847787213453,10.04688035940251,-8.88847787213453,0,0,36.71351282657201,810.7868498924839,876.4965729315252,508.6879069767442,822.5017054263565,12,12,0.9753697352429374,0.10049791692024783,-10.326068063177674,-0.07332649734121607,1.0115623923396972,127.01219171609702,3.7305504366951134e-05,2.411530579371145e-05,1.0,1.0,0.0,377.0468803594025,0.0,1.0,59.11152212786547,0.0,0.0,1.0
frame_1718.jpg,frame_1718,1718,D:\visualization2026\visualization\left_downsample2_Q37\frame_1718.jpg,D:\visualization2026\visualization\right_downsample2_Q37\frame_1718.jpg,D:\visualization2026\dowsample2_Q37\stitched_frames\frame_1718.jpg,D:\visualization2026\dowsample2_Q37_hess_matched\stitched_frames\frame_1718.jpg,1966,1292,-0.062364860860325805,0.07872020745031993,296.50022023898975,68.45400915136702,306.5318913592108,41.74501819599743,-10.031671120221063,26.708990955369586,28.530766258870294,-12.817975589520946,20.303585775584384,24.011166018335455,0,1,-6.408987794760473,10.151792887792192,6.408987794760473,-10.151792887792192,0,0,28.530766258870294,815.5943259337585,867.2712631488911,509.06243457454764,825.5262449528936,12,12,0.9759113485556314,0.09869963883986901,-6.8726922281165725,-0.07296481542516911,1.0100407978914892,126.97598536521463,3.7475197713461606e-05,2.3799221120897597e-05,1.0,1.0,0.0,372.4089877947605,0.0,1.0,55.84820711220781,0.0,0.0,1.0
frame_1720.jpg,frame_1720,1720,D:\visualization2026\visualization\left_downsample2_Q37\frame_1720.jpg,D:\visualization2026\visualization\right_downsample2_Q37\frame_1720.jpg,D:\visualization2026\dowsample2_Q37\stitched_frames\frame_1720.jpg,D:\visualization2026\dowsample2_Q37_hess_matched\stitched_frames\frame_1720.jpg,1967,1292,-0.06474997135453156,0.08135224218970205,306.9403969697127,70.70585704337547,300.07821315623005,38.39223188075039,6.862183813482659,32.31362516262509,33.0342237360084,-5.788977980318192,21.57150871760163,22.334776793381483,0,1,-2.894488990159096,10.785754358800816,2.894488990159096,-10.785754358800816,0,0,33.0342237360084,816.3272139555905,853.075924926314,516.2490007993605,814.6836930455636,12,12,0.9836291940553973,0.08847984234730008,-2.833059938242264,-0.0691844481091874,1.0039363207810346,121.79631780896027,4.336410597813963e-05,1.529196999798758e-05,1.0,1.0,0.0,369.8944889901591,0.0,1.0,49.214245641199184,0.0,0.0,1.0
frame_1722.jpg,frame_1722,1722,D:\visualization2026\visualization\left_downsample2_Q37\frame_1722.jpg,D:\visualization2026\visualization\right_downsample2_Q37\frame_1722.jpg,D:\visualization2026\dowsample2_Q37\stitched_frames\frame_1722.jpg,D:\visualization2026\dowsample2_Q37_hess_matched\stitched_frames\frame_1722.jpg,1956,1288,-0.06519218999023757,0.081038193043528,306.97081174438324,70.34767000834864,300.51899755981526,49.08210909711772,6.451814184567979,21.26556091123092,22.22273581585906,2.046287899099866,21.609114167793404,21.705785157020514,0,1,1.023143949549933,10.804557083896702,-1.023143949549933,-10.804557083896702,0,0,22.22273581585906,806.6861404169581,854.7979821129907,506.16714285714284,805.715873015873,12,12,0.9620316518499761,0.0943205948654546,0.609870334578261,-0.0765208646075148,0.9986543609138637,133.1821062187925,3.2263773178324736e-05,2.1008820409897084e-05,1.0,1.0,0.0,354.97685605045007,0.0,1.0,54.195442916103296,0.0,0.0,1.0
frame_1724.jpg,frame_1724,1724,D:\visualization2026\visualization\left_downsample2_Q37\frame_1724.jpg,D:\visualization2026\visualization\right_downsample2_Q37\frame_1724.jpg,D:\visualization2026\dowsample2_Q37\stitched_frames\frame_1724.jpg,D:\visualization2026\dowsample2_Q37_hess_matched\stitched_frames\frame_1724.jpg,1959,1292,-0.06617143186553834,0.07876469642118267,303.2894354976897,68.02828360174681,300.57755288077146,51.73461469054371,2.711882616918217,16.2936689112031,16.51780717637331,9.425607682371833,17.808322326011186,20.14890627922755,0,1,4.7128038411859166,8.904161163005593,-4.7128038411859166,-8.904161163005593,0,0,16.51780717637331,808.3584029926283,853.2343909768971,507.7808501118568,801.4997762863534,12,12,0.9700303366366246,0.0894014618710637,4.553986366727145,-0.07297014673538928,0.9986775349721827,126.42031597110399,3.750800850152213e-05,1.5642920650023804e-05,1.0,1.0,0.0,354.2871961588141,0.0,1.0,54.0958388369944,0.0,0.0,1.0
frame_1726.jpg,frame_1726,1726,D:\visualization2026\visualization\left_downsample2_Q37\frame_1726.jpg,D:\visualization2026\visualization\right_downsample2_Q37\frame_1726.jpg,D:\visualization2026\dowsample2_Q37\stitched_frames\frame_1726.jpg,D:\visualization2026\dowsample2_Q37_hess_matched\stitched_frames\frame_1726.jpg,1953,1287,-0.06787865627245446,0.07797344969934761,304.4073437575545,67.0528009118424,300.17011375680295,55.589076013304066,4.237230000751538,11.46372489853833,12.22174728214573,19.309320983308638,14.307488365542874,24.03235527713811,0,1,9.654660491654319,7.153744182771437,-9.654660491654319,-7.153744182771437,0,0,12.22174728214573,799.6166828471397,841.8310495732663,499.44656909033677,786.2419735599623,12,12,0.959289387066241,0.0865239776124868,9.44315202893089,-0.07583776476343158,0.9870093492650358,128.69288727047925,3.340925745061842e-05,1.1951889514337838e-05,1.0,1.0,0.0,343.34533950834566,0.0,1.0,39.84625581722857,0.0,0.0,1.0
frame_1728.jpg,frame_1728,1728,D:\visualization2026\visualization\left_downsample2_Q37\frame_1728.jpg,D:\visualization2026\visualization\right_downsample2_Q37\frame_1728.jpg,D:\visualization2026\dowsample2_Q37\stitched_frames\frame_1728.jpg,D:\visualization2026\dowsample2_Q37_hess_matched\stitched_frames\frame_1728.jpg,1956,1291,-0.07456473556435891,0.08327671774715528,328.7446546393579,71.35848271514757,301.87972684321915,63.65345096868907,26.864927796138772,7.705031746458502,27.94802067599212,29.89633786494686,16.03479976103354,33.92500289036828,0,1,14.94816893247343,8.01739988051677,-14.94816893247343,-8.01739988051677,0,0,27.94802067599212,802.9338133816807,843.8056945584326,501.05408653846155,780.1522435897435,12,12,0.9638373520961796,0.08826917532416702,15.127284090005782,-0.07544361994663944,0.9912004130498604,129.61560933647365,3.551587451386649e-05,1.2651846571650878e-05,1.0,1.0,0.0,341.05183106752656,0.0,1.0,39.98260011948323,0.0,0.0,1.0
frame_1730.jpg,frame_1730,1730,D:\visualization2026\visualization\left_downsample2_Q37\frame_1730.jpg,D:\visualization2026\visualization\right_downsample2_Q37\frame_1730.jpg,D:\visualization2026\dowsample2_Q37\stitched_frames\frame_1730.jpg,D:\visualization2026\dowsample2_Q37_hess_matched\stitched_frames\frame_1730.jpg,1963,1293,-0.0822830353759994,0.09025125845675197,358.86445313037444,77.15341574582176,302.5837028122078,62.34396038553825,56.28075031816667,14.809455360283508,58.196587738836094,37.412914778776134,15.388961827084902,40.45424994187189,0,1,18.706457389388067,7.694480913542451,-18.706457389388067,-7.694480913542451,0,0,58.196587738836094,809.5869375262117,855.4835264604889,507.00323471400395,793.1395660749506,12,12,0.9714081380464797,0.0947312827231895,18.48762942867366,-0.07469875296020942,1.0009218293991302,127.92785567719429,3.620650991442457e-05,1.8420360522746375e-05,1.0,1.0,0.0,344.29354261061195,0.0,1.0,43.30551908645755,0.0,0.0,1.0
frame_1732.jpg,frame_1732,1732,D:\visualization2026\visualization\left_downsample2_Q37\frame_1732.jpg,D:\visualization2026\visualization\right_downsample2_Q37\frame_1732.jpg,D:\visualization2026\dowsample2_Q37\stitched_frames\frame_1732.jpg,D:\visualization2026\dowsample2_Q37_hess_matched\stitched_frames\frame_1732.jpg,1951,1292,-0.08467871757114265,0.09235572528230773,368.0699479064241,78.89372744416647,308.683049313665,48.99160955548223,59.38689859275911,29.902117888684245,66.49015249415078,38.02245067425119,14.605711226123924,40.731235626933625,0,1,19.011225337125595,7.302855613061962,-19.011225337125595,-7.302855613061962,0,0,66.49015249415078,802.286691100024,849.7494778546737,493.603641786359,800.7578682991915,12,12,0.9521375704673741,0.09545257346823131,18.55755563984529,-0.0795734154253009,0.9928535754968423,135.19575906656695,2.935762200800112e-05,1.7732318232517306e-05,1.0,1.0,0.0,331.9887746628744,0.0,1.0,45.697144386938035,0.0,0.0,1.0
frame_1734.jpg,frame_1734,1734,D:\visualization2026\visualization\left_downsample2_Q37\frame_1734.jpg,D:\visualization2026\visualization\right_downsample2_Q37\frame_1734.jpg,D:\visualization2026\dowsample2_Q37\stitched_frames\frame_1734.jpg,D:\visualization2026\dowsample2_Q37_hess_matched\stitched_frames\frame_1734.jpg,1961,1295,-0.0791849016313046,0.08701540278515119,345.7379752879737,74.40538967717076,305.44320810190914,61.34091043571084,40.294767186064576,13.064479241459921,42.35975543401642,31.574845471429185,14.744186348160516,34.84769572889885,0,1,15.787422735714593,7.372093174080258,-15.787422735714593,-7.372093174080258,0,0,42.35975543401642,810.8152454492877,852.0655932223998,505.3720373473785,790.724682786689,12,12,0.9696697116739164,0.09201809681429766,16.04930586240159,-0.07530515615877971,0.9984068558762105,128.31271392670203,3.693331470866264e-05,1.5627823140445387e-05,1.0,1.0,0.0,345.2125772642854,0.0,1.0,42.627906825919744,0.0,0.0,1.0
frame_1736.jpg,frame_1736,1736,D:\visualization2026\visualization\left_downsample2_Q37\frame_1736.jpg,D:\visualization2026\visualization\right_downsample2_Q37\frame_1736.jpg,D:\visualization2026\dowsample2_Q37\stitched_frames\frame_1736.jpg,D:\visualization2026\dowsample2_Q37_hess_matched\stitched_frames\frame_1736.jpg,1968,1296,-0.07146601832724367,0.07960098520394432,314.5722197637742,68.18510403933314,307.28731028564744,60.637632145599696,7.284909478126792,7.547471893733444,10.489720591664865,19.1270735014142,13.675247022362782,23.51291819088272,0,1,9.5635367507071,6.837623511181391,-9.5635367507071,-6.837623511181391,0,0,10.489720591664865,819.5290891514165,864.4787582165911,512.2417788657691,803.8411260709914,12,12,0.9713407157928604,0.11084178874316825,9.174339458464088,-0.07653375518587317,1.0167518559484476,129.29645079029922,3.413005908289147e-05,2.9526761510399618e-05,1.0,1.0,0.0,358.4364632492929,0.0,1.0,51.16237648881861,0.0,0.0,1.0
frame_1738.jpg,frame_1738,1738,D:\visualization2026\visualization\left_downsample2_Q37\frame_1738.jpg,D:\visualization2026\visualization\right_downsample2_Q37\frame_1738.jpg,D:\visualization2026\dowsample2_Q37\stitched_frames\frame_1738.jpg,D:\visualization2026\dowsample2_Q37_hess_matched\stitched_frames\frame_1738.jpg,1963,1295,-0.06808207654360993,0.07624294869107007,300.65368164613193,65.3541067293387,306.02677986410316,56.956699372697244,-5.373098217971233,8.397407356641452,9.96928456677517,5.797085950886959,6.752903963843593,8.899883002987481,0,1,2.8985429754434797,3.3764519819217966,-2.8985429754434797,-3.3764519819217966,0,0,9.96928456677517,812.9743966267391,855.1810275876685,506.94761676263596,798.2243282149713,12,12,0.9740041202317509,0.08922222612423511,3.3725572737059686,-0.07308193533711606,0.998622083634166,120.32730290204873,3.986583101840904e-05,1.309361667167639e-05,1.0,1.0,0.0,360.1014570245565,0.0,1.0,44.6235480180782,0.0,0.0,1.0
frame_1740.jpg,frame_1740,1740,D:\visualization2026\visualization\left_downsample2_Q37\frame_1740.jpg,D:\visualization2026\visualization\right_downsample2_Q37\frame_1740.jpg,D:\visualization2026\dowsample2_Q37\stitched_frames\frame_1740.jpg,D:\visualization2026\dowsample2_Q37_hess_matched\stitched_frames\frame_1740.jpg,1964,1293,-0.0684819172156135,0.07569357649051855,300.05067709648,64.77354686847283,306.00878662838824,55.308788137178,-5.958109531908235,9.464758731294836,11.18394952759702,-3.3692065721355675,3.094671443274831,4.574772591893747,0,1,-1.6846032860677838,1.5473357216374155,1.6846032860677838,-1.5473357216374155,0,0,11.18394952759702,813.4900350552697,867.3429352971746,507.48124842688145,812.0341471599966,12,12,0.9722054338086944,0.09385560623016875,-1.4298185645872081,-0.07470659529754649,1.0012135663003168,120.80020969191206,3.7182042937571586e-05,1.7857824367405128e-05,1.0,1.0,0.0,365.6846032860678,0.0,1.0,48.45266427836258,0.0,0.0,1.0
frame_1742.jpg,frame_1742,1742,D:\visualization2026\visualization\left_downsample2_Q37\frame_1742.jpg,D:\visualization2026\visualization\right_downsample2_Q37\frame_1742.jpg,D:\visualization2026\dowsample2_Q37\stitched_frames\frame_1742.jpg,D:\visualization2026\dowsample2_Q37_hess_matched\stitched_frames\frame_1742.jpg,1963,1293,-0.06928370340364004,0.07551689047312371,301.0387239030989,64.50393156704541,308.301763062976,69.2135289709571,-7.26303915987711,-4.709597403911687,8.656329796446071,-7.194369670230776,1.906451849663637,7.442681882696746,0,1,-3.597184835115388,0.9532259248318184,3.597184835115388,-0.9532259248318184,0,0,8.656329796446071,813.1992051673898,874.3217352164182,504.89744210441376,805.1082062454611,12,12,0.9690629764654399,0.0960048632782604,-3.4262274227434544,-0.07583388070177684,1.002122153712336,122.32211108089665,3.526666390661394e-05,1.9761399229252694e-05,1.0,1.0,0.0,366.5971848351154,0.0,1.0,51.04677407516818,0.0,0.0,1.0
frame_1744.jpg,frame_1744,1744,D:\visualization2026\visualization\left_downsample2_Q37\frame_1744.jpg,D:\visualization2026\visualization\right_downsample2_Q37\frame_1744.jpg,D:\visualization2026\dowsample2_Q37\stitched_frames\frame_1744.jpg,D:\visualization2026\dowsample2_Q37_hess_matched\stitched_frames\frame_1744.jpg,1969,1294,-0.06876356799174393,0.07549293617943076,300.06857275698184,64.54481537294083,305.6052681860299,69.77149873432472,-5.536695429048052,-5.226683361383891,7.61401439676921,-9.059141360653303,-0.8615609463487887,9.10001810199149,0,1,-4.5295706803266516,-0.43078047317439433,4.5295706803266516,0.43078047317439433,0,0,7.61401439676921,818.0915217155291,871.9081460816275,512.4862535294992,802.1366473473028,12,12,0.9864538885426609,0.0865735264483799,-4.869746573508701,-0.06894218153174597,1.0003067725753279,109.85958980094782,4.580220397502637e-05,1.0792171958989438e-05,1.0,1.0,0.0,373.52957068032663,0.0,1.0,44.430780473174394,0.0,0.0,1.0
frame_1746.jpg,frame_1746,1746,D:\visualization2026\visualization\left_downsample2_Q37\frame_1746.jpg,D:\visualization2026\visualization\right_downsample2_Q37\frame_1746.jpg,D:\visualization2026\dowsample2_Q37\stitched_frames\frame_1746.jpg,D:\visualization2026\dowsample2_Q37_hess_matched\stitched_frames\frame_1746.jpg,1966,1292,-0.06693460992608347,0.07563223829969146,297.1882241510905,64.9047641372295,309.02913016343973,63.29839021155203,-11.84090601234925,1.6063739256774738,11.94937204970977,-11.583100524517853,-1.2444293381227967,11.649756312415574,0,1,-5.7915502622589266,-0.6222146690613983,5.7915502622589266,0.6222146690613983,0,0,11.94937204970977,816.0885258423044,878.3172054870045,507.0593956788647,815.0188152754524,12,12,0.9736382841497214,0.09654357173996747,-5.662784398498179,-0.07414257815642261,1.004443593748873,117.58527738124783,3.703260649384743e-05,2.014198847142388e-05,1.0,1.0,0.0,371.7915502622589,0.0,1.0,51.6222146690614,0.0,0.0,1.0
frame_1748.jpg,frame_1748,1748,D:\visualization2026\visualization\left_downsample2_Q37\frame_1748.jpg,D:\visualization2026\visualization\right_downsample2_Q37\frame_1748.jpg,D:\visualization2026\dowsample2_Q37\stitched_frames\frame_1748.jpg,D:\visualization2026\dowsample2_Q37_hess_matched\stitched_frames\frame_1748.jpg,1963,1293,-0.06526719809414788,0.07580589037291707,294.67311516940634,65.27804096884748,309.3700718394902,70.72069759226815,-14.696956670083864,-5.442656623420675,15.672365695158708,-14.215379660078316,1.1966439219952008,14.26565720730091,0,1,-7.107689830039158,0.5983219609976004,7.107689830039158,-0.5983219609976004,0,0,15.672365695158708,811.8595544128051,879.8842167078831,502.4894825733149,809.1635191156149,12,12,0.9808464159607928,0.07966224033689959,-7.376043243495326,-0.06880337686510096,0.9934825080514369,110.20361860686836,4.4963703251886625e-05,5.935682426272609e-06,1.0,1.0,0.0,370.10768983003913,0.0,1.0,41.4016780390024,0.0,0.0,1.0
frame_1750.jpg,frame_1750,1750,D:\visualization2026\visualization\left_downsample2_Q37\frame_1750.jpg,D:\visualization2026\visualization\right_downsample2_Q37\frame_1750.jpg,D:\visualization2026\dowsample2_Q37\stitched_frames\frame_1750.jpg,D:\visualization2026\dowsample2_Q37_hess_matched\stitched_frames\frame_1750.jpg,1967,1295,-0.0648908831279213,0.07571530849366415,293.7972076250663,65.236775787341,312.37511297629726,57.686359014916206,-18.57790535123098,7.550416772424796,20.0536121603219,-17.071076832553754,2.7446669624448248,17.290311187416194,0,1,-8.535538416276877,1.3723334812224124,8.535538416276877,-1.3723334812224124,0,0,20.0536121603219,818.8348142481103,872.2396716443158,506.45970127181306,814.5533126293996,12,12,0.9816162330506638,0.0885373153938453,-8.498171902609142,-0.07020115439125116,1.0028231576215045,113.40587859204939,4.326417723029544e-05,1.290807765413927e-05,1.0,1.0,0.0,375.5355384162769,0.0,1.0,45.62766651877759,0.0,0.0,1.0
frame_1752.jpg,frame_1752,1752,D:\visualization2026\visualization\left_downsample2_Q37\frame_1752.jpg,D:\visualization2026\visualization\right_downsample2_Q37\frame_1752.jpg,D:\visualization2026\dowsample2_Q37\stitched_frames\frame_1752.jpg,D:\visualization2026\dowsample2_Q37_hess_matched\stitched_frames\frame_1752.jpg,1963,1293,-0.06774327831620922,0.0737730686669037,294.1915955550546,63.007096706335545,314.61603039273405,55.511327809657246,-20.424434837679428,7.4957688966783,21.756472365505925,-18.51644326345046,2.270051299171232,18.655074484693138,0,1,-9.25822163172523,1.135025649585616,9.25822163172523,-1.135025649585616,0,0,21.756472365505925,817.5430010869826,880.8087733511084,502.92697069424855,825.2974455414511,12,12,0.9742272110226015,0.09043846126875466,-9.530190858276848,-0.07268290367135942,0.9993522086971446,117.80807387039481,3.95666880012663e-05,1.4909823566446394e-05,1.0,1.0,0.0,372.25822163172523,0.0,1.0,46.864974350414386,0.0,0.0,1.0
frame_1754.jpg,frame_1754,1754,D:\visualization2026\visualization\left_downsample2_Q37\frame_1754.jpg,D:\visualization2026\visualization\right_downsample2_Q37\frame_1754.jpg,D:\visualization2026\dowsample2_Q37\stitched_frames\frame_1754.jpg,D:\visualization2026\dowsample2_Q37_hess_matched\stitched_frames\frame_1754.jpg,1957,1291,-0.07228778747934433,0.07057476871067425,294.5731914604942,59.35425398851683,314.3883727519194,56.8408221476526,-19.815181291425233,2.5134318408642287,19.97395176800822,-19.715681297577863,3.991746443204332,20.11571844838001,0,1,-9.857840648788931,1.995873221602166,9.857840648788931,-1.995873221602166,0,0,19.97395176800822,808.4439864199808,867.1966450207349,494.05561366806137,810.3558228730823,12,12,0.9593977379810931,0.09434887231510444,-9.721698870409535,-0.07740381564809172,0.9965729880334704,125.51050885274563,3.173380586915444e-05,1.8472946848554066e-05,1.0,1.0,0.0,366.8578406487889,0.0,1.0,50.00412677839783,0.0,0.0,1.0
frame_1756.jpg,frame_1756,1756,D:\visualization2026\visualization\left_downsample2_Q37\frame_1756.jpg,D:\visualization2026\visualization\right_downsample2_Q37\frame_1756.jpg,D:\visualization2026\dowsample2_Q37\stitched_frames\frame_1756.jpg,D:\visualization2026\dowsample2_Q37_hess_matched\stitched_frames\frame_1756.jpg,1971,1295,-0.07498439548013361,0.0685879912776498,294.5882505427436,57.10068472159277,313.6559887095764,57.86738911228326,-19.067738166832783,-0.7667043906904922,19.083146344919008,-20.29136153294468,3.617461255976991,20.611292506758563,0,1,-10.14568076647234,1.8087306279884956,10.14568076647234,-1.8087306279884956,0,0,19.083146344919008,819.6560672703431,858.488490534233,506.0000785607667,800.6211014219498,12,12,0.9835121244319016,0.09592146048850368,-10.239502055323358,-0.07092399319393648,1.008009621003097,115.12658664372711,4.255843316184715e-05,1.820953700471197e-05,1.0,1.0,0.0,381.14568076647237,0.0,1.0,47.191269372011504,0.0,0.0,1.0
frame_1758.jpg,frame_1758,1758,D:\visualization2026\visualization\left_downsample2_Q37\frame_1758.jpg,D:\visualization2026\visualization\right_downsample2_Q37\frame_1758.jpg,D:\visualization2026\dowsample2_Q37\stitched_frames\frame_1758.jpg,D:\visualization2026\dowsample2_Q37_hess_matched\stitched_frames\frame_1758.jpg,1953,1292,-0.0752898628357481,0.06809729607522619,293.95893434967155,56.5884954109805,314.65208119039244,53.42267631423567,-20.693146840720885,3.1658190967448263,20.933913554922093,-20.7994248971923,6.852849683608541,21.89926082862334,0,1,-10.39971244859615,3.4264248418042706,10.39971244859615,-3.4264248418042706,0,0,20.933913554922093,803.7742607391202,851.6180675768377,489.1221795487278,798.195391262602,12,12,0.961042663586358,0.08490407290569825,-10.468842825509258,-0.07545752566165656,0.9910104950456516,123.9208636735847,3.515532074684781e-05,1.1302827232548332e-05,1.0,1.0,0.0,363.3997124485962,0.0,1.0,44.57357515819573,0.0,0.0,1.0
frame_1760.jpg,frame_1760,1760,D:\visualization2026\visualization\left_downsample2_Q37\frame_1760.jpg,D:\visualization2026\visualization\right_downsample2_Q37\frame_1760.jpg,D:\visualization2026\dowsample2_Q37\stitched_frames\frame_1760.jpg,D:\visualization2026\dowsample2_Q37_hess_matched\stitched_frames\frame_1760.jpg,1956,1290,-0.07529818122484394,0.06765186644278176,292.915416485149,56.15667627723393,314.3717230132141,50.477685440945834,-21.456306528065056,5.678990836288094,22.19513520447513,-21.652851523218036,10.174762984961253,23.924292693550278,0,1,-10.826425761609018,5.087381492480627,10.826425761609018,-5.087381492480627,0,0,22.19513520447513,806.4645907695291,861.0010468409788,492.092867756315,810.523361400033,12,12,0.9592446292623363,0.09224144797808125,-10.673085036494287,-0.07718846587637586,0.9947081221689328,128.30047624183842,3.216345272517222e-05,1.6999572931524893e-05,1.0,1.0,0.0,366.826425761609,0.0,1.0,45.912618507519376,0.0,0.0,1.0
frame_1762.jpg,frame_1762,1762,D:\visualization2026\visualization\left_downsample2_Q37\frame_1762.jpg,D:\visualization2026\visualization\right_downsample2_Q37\frame_1762.jpg,D:\visualization2026\dowsample2_Q37\stitched_frames\frame_1762.jpg,D:\visualization2026\dowsample2_Q37_hess_matched\stitched_frames\frame_1762.jpg,1958,1294,-0.07531043274719582,0.06726168443112801,292.0100457239595,55.77780523337261,314.974797382877,32.10509419853656,-22.96475165891752,23.67271103483605,32.9814654994984,-22.651985247428414,13.311775027663405,26.27386134615233,0,1,-11.325992623714207,6.655887513831702,11.325992623714207,-6.655887513831702,0,0,32.9814654994984,809.0691024406229,850.0482244255378,494.09430505774594,817.9431302270012,12,12,0.9628643456497525,0.09296562371754886,-11.431830152285706,-0.07637515863905299,0.9973974068812177,129.5676317790213,3.418354005908208e-05,1.6462115536888246e-05,1.0,1.0,0.0,369.3259926237142,0.0,1.0,45.3441124861683,0.0,0.0,1.0
frame_1764.jpg,frame_1764,1764,D:\visualization2026\visualization\left_downsample2_Q37\frame_1764.jpg,D:\visualization2026\visualization\right_downsample2_Q37\frame_1764.jpg,D:\visualization2026\dowsample2_Q37\stitched_frames\frame_1764.jpg,D:\visualization2026\dowsample2_Q37_hess_matched\stitched_frames\frame_1764.jpg,1970,1298,-0.07539206015265698,0.06688280913725175,291.25334353435863,55.40132625979935,315.33565795591255,36.27832791217156,-24.082314421553917,19.122998347627785,30.75137287507598,-23.10223852714173,13.458201156946835,26.736428395464433,0,1,-11.551119263570865,6.7291005784734175,11.551119263570865,-6.7291005784734175,0,0,30.75137287507598,821.2637968979138,860.5664094927961,505.9281389420013,824.2880815806245,12,12,0.9787179087432308,0.09994579822994684,-11.468370231856351,-0.0733245875133411,1.0115194031058259,124.22154413770579,3.9733987548617365e-05,2.1105308112743122e-05,1.0,1.0,0.0,381.55111926357085,0.0,1.0,46.27089942152658,0.0,0.0,1.0
frame_1766.jpg,frame_1766,1766,D:\visualization2026\visualization\left_downsample2_Q37\frame_1766.jpg,D:\visualization2026\visualization\right_downsample2_Q37\frame_1766.jpg,D:\visualization2026\dowsample2_Q37\stitched_frames\frame_1766.jpg,D:\visualization2026\dowsample2_Q37_hess_matched\stitched_frames\frame_1766.jpg,1963,1295,-0.07547495381969871,0.06648738066514581,290.4595423670945,55.008682041002025,314.5229491549792,40.09032621818176,-24.063406787884674,14.918355822820267,28.31262768969863,-23.25833758189331,14.35288255556191,27.33048672685988,0,1,-11.629168790946656,7.176441277780955,11.629168790946656,-7.176441277780955,0,0,28.31262768969863,814.8664103806759,859.3914277188841,500.34346122569673,819.3011015007023,12,12,0.9685948862032323,0.09762598094060876,-11.955906297799393,-0.07559769750303927,1.0034896193472334,128.00921771666088,3.5950138667422156e-05,1.9244142045362855e-05,1.0,1.0,0.0,374.62916879094666,0.0,1.0,44.82355872221905,0.0,0.0,1.0
frame_1768.jpg,frame_1768,1768,D:\visualization2026\visualization\left_downsample2_Q37\frame_1768.jpg,D:\visualization2026\visualization\right_downsample2_Q37\frame_1768.jpg,D:\visualization2026\dowsample2_Q37\stitched_frames\frame_1768.jpg,D:\visualization2026\dowsample2_Q37_hess_matched\stitched_frames\frame_1768.jpg,1961,1293,-0.07577521255474232,0.0661406844643786,290.1631522181533,54.63640196627051,313.1075654574408,50.73845222310854,-22.944413239287485,3.8979497431619734,23.273162894102025,-23.002520421292605,14.444080516444416,27.161505990970245,0,1,-11.501260210646302,7.222040258222208,11.501260210646302,-7.222040258222208,0,0,23.273162894102025,811.8097844982425,863.0870563748623,498.7022190408017,812.3486041517538,12,12,0.9733958236345209,0.08494384545044269,-11.793742489299683,-0.07200238928466468,0.995339328267949,122.27829929703196,4.0413971810168823e-05,1.0330205780859622e-05,1.0,1.0,0.0,372.5012602106463,0.0,1.0,38.77795974177779,0.0,0.0,1.0
frame_1770.jpg,frame_1770,1770,D:\visualization2026\visualization\left_downsample2_Q37\frame_1770.jpg,D:\visualization2026\visualization\right_downsample2_Q37\frame_1770.jpg,D:\visualization2026\dowsample2_Q37\stitched_frames\frame_1770.jpg,D:\visualization2026\dowsample2_Q37_hess_matched\stitched_frames\frame_1770.jpg,1965,1294,-0.07713187678306582,0.06600458438223511,292.22185951134725,54.33770974456976,314.4586613131702,44.185311915206285,-22.236801801822935,10.152397829363473,24.444765003149854,-21.50344686642586,14.471502857574372,25.91954131719895,0,1,-10.75172343321293,7.235751428787186,10.75172343321293,-7.235751428787186,0,0,24.444765003149854,816.9259995305084,871.8935689359632,502.46733821733824,827.708257020757,12,12,0.9745748322236896,0.09392070508302054,-11.118494509672985,-0.07330884456377385,1.0016409426934065,124.96949890719245,3.9225072981143865e-05,1.6536893062901194e-05,1.0,1.0,0.0,375.75172343321293,0.0,1.0,41.76424857121282,0.0,0.0,1.0
frame_1772.jpg,frame_1772,1772,D:\visualization2026\visualization\left_downsample2_Q37\frame_1772.jpg,D:\visualization2026\visualization\right_downsample2_Q37\frame_1772.jpg,D:\visualization2026\dowsample2_Q37\stitched_frames\frame_1772.jpg,D:\visualization2026\dowsample2_Q37_hess_matched\stitched_frames\frame_1772.jpg,1960,1294,-0.07960648883085195,0.0659924887392268,296.53801999057345,54.0212802061005,318.22368584648746,29.89257936685192,-21.68566585591401,24.12870083924858,32.441675477760235,-20.94017072151893,13.2937137752583,24.80349926491927,0,1,-10.470085360759464,6.64685688762915,10.470085360759464,-6.64685688762915,0,0,32.441675477760235,815.3505034865351,861.5116496886636,497.12681764004765,831.6190703218117,12,12,0.9674397332019318,0.09284317568944776,-10.756246684681054,-0.07592442471929678,0.99830336525679,128.31821595910083,3.624777261259027e-05,1.6720943586581397e-05,1.0,1.0,0.0,370.47008536075947,0.0,1.0,43.35314311237085,0.0,0.0,1.0
frame_1774.jpg,frame_1774,1774,D:\visualization2026\visualization\left_downsample2_Q37\frame_1774.jpg,D:\visualization2026\visualization\right_downsample2_Q37\frame_1774.jpg,D:\visualization2026\dowsample2_Q37\stitched_frames\frame_1774.jpg,D:\visualization2026\dowsample2_Q37_hess_matched\stitched_frames\frame_1774.jpg,1968,1294,-0.08127671856446383,0.06561490558680272,298.5736359965797,53.450425564898964,315.1605826437999,34.19031551162141,-16.586946647220202,19.260110053277558,25.418076999295064,-21.42670492362201,16.59954362619218,27.104400611004575,0,1,-10.713352461811006,8.29977181309609,10.713352461811006,-8.29977181309609,0,0,25.418076999295064,822.3256070945699,861.8982200441372,507.16502445077003,827.7079045325158,12,12,0.9776829599979617,0.09652054242189785,-11.050736001460699,-0.0727069150799381,1.0065649574749234,125.25494827194287,3.898238966687886e-05,1.9941745496095365e-05,1.0,1.0,0.0,378.713352461811,0.0,1.0,42.700228186903914,0.0,0.0,1.0
frame_1776.jpg,frame_1776,1776,D:\visualization2026\visualization\left_downsample2_Q37\frame_1776.jpg,D:\visualization2026\visualization\right_downsample2_Q37\frame_1776.jpg,D:\visualization2026\dowsample2_Q37\stitched_frames\frame_1776.jpg,D:\visualization2026\dowsample2_Q37_hess_matched\stitched_frames\frame_1776.jpg,1961,1294,-0.0809209525313902,0.06475201161998478,295.8991718142969,52.65969260176697,317.1461978776469,43.630282190527055,-21.247026063350006,9.029410411239915,23.08606438766214,-22.492874316423627,18.72293035397084,29.26563712024859,0,1,-11.246437158211814,9.36146517698542,11.246437158211814,-9.36146517698542,0,0,23.08606438766214,817.467713029162,873.3961155238603,500.32151515151514,829.7658333333333,12,12,0.9675615399689427,0.09592521689497634,-11.716810326003463,-0.0753694426857891,1.002644785301036,130.22753103228794,3.549283980044685e-05,1.9331478872530136e-05,1.0,1.0,0.0,372.2464371582118,0.0,1.0,42.63853482301458,0.0,0.0,1.0
frame_1778.jpg,frame_1778,1778,D:\visualization2026\visualization\left_downsample2_Q37\frame_1778.jpg,D:\visualization2026\visualization\right_downsample2_Q37\frame_1778.jpg,D:\visualization2026\dowsample2_Q37\stitched_frames\frame_1778.jpg,D:\visualization2026\dowsample2_Q37_hess_matched\stitched_frames\frame_1778.jpg,1966,1296,-0.07970899548113519,0.06398634122347469,291.95237353351916,52.06842285531292,317.3294577833221,31.641323857481552,-25.37708424980292,20.427098997831365,32.57702838640748,-24.864613632779015,21.864912294859487,33.110774692979895,0,1,-12.432306816389508,10.932456147429743,12.432306816389508,-10.932456147429743,0,0,32.57702838640748,823.5953506675581,862.232053640519,506.26589288423605,830.5907297830374,12,12,0.9725529886562964,0.10089613353416554,-12.58902395543438,-0.07478028830577577,1.0091444866835195,131.56111446233473,3.690031173973705e-05,2.2583714618512877e-05,1.0,1.0,0.0,378.4323068163895,0.0,1.0,43.06754385257025,0.0,0.0,1.0
frame_1780.jpg,frame_1780,1780,D:\visualization2026\visualization\left_downsample2_Q37\frame_1780.jpg,D:\visualization2026\visualization\right_downsample2_Q37\frame_1780.jpg,D:\visualization2026\dowsample2_Q37\stitched_frames\frame_1780.jpg,D:\visualization2026\dowsample2_Q37_hess_matched\stitched_frames\frame_1780.jpg,1962,1292,-0.07858852217716938,0.06332217005657703,288.40731388674146,51.56405193338724,315.97496265257246,30.794720465130467,-27.567648765830995,20.769331468256773,34.51579910873489,-26.86100231572566,25.359849541998752,36.94097202562804,0,1,-13.43050115786283,12.679924770999376,13.43050115786283,-12.679924770999376,0,0,34.51579910873489,819.0862832755209,859.929017552916,503.1113206229485,829.1342970877855,12,12,0.9706308918058245,0.09167598860220315,-13.837738455181489,-0.07365048546827145,0.997358095485364,131.08139875458744,3.805859475447659e-05,1.4800337888541616e-05,1.0,1.0,0.0,375.4305011578628,0.0,1.0,35.32007522900062,0.0,0.0,1.0
frame_1782.jpg,frame_1782,1782,D:\visualization2026\visualization\left_downsample2_Q37\frame_1782.jpg,D:\visualization2026\visualization\right_downsample2_Q37\frame_1782.jpg,D:\visualization2026\dowsample2_Q37\stitched_frames\frame_1782.jpg,D:\visualization2026\dowsample2_Q37_hess_matched\stitched_frames\frame_1782.jpg,1945,1286,-0.07812637994699625,0.06300114013810332,286.8332799180435,51.31047924960418,320.37764235573445,11.471868705912357,-33.54436243769095,39.83861054369182,52.08012232515516,-28.06135009727958,32.01436378673394,42.5718082532494,0,1,-14.03067504863979,16.00718189336697,14.03067504863979,-16.00718189336697,0,0,52.08012232515516,807.5784812940435,843.6182489763976,487.20083893830906,832.1463802704852,12,12,0.9484698498239534,0.0825549565105961,-14.331839010123456,-0.0777537183539247,0.9794685799231605,140.66353944470404,3.0403762679480284e-05,9.272237612893432e-06,1.0,1.0,0.0,359.0306750486398,0.0,1.0,29.99281810663303,0.0,0.0,1.0
frame_1784.jpg,frame_1784,1784,D:\visualization2026\visualization\left_downsample2_Q37\frame_1784.jpg,D:\visualization2026\visualization\right_downsample2_Q37\frame_1784.jpg,D:\visualization2026\dowsample2_Q37\stitched_frames\frame_1784.jpg,D:\visualization2026\dowsample2_Q37_hess_matched\stitched_frames\frame_1784.jpg,1968,1297,-0.07782985980417295,0.06332702179216854,287.08678904788,51.662168270022846,313.65567910983344,14.927371981048964,-26.568890061953425,36.73479628897388,45.335981047249625,-28.567024866349424,35.14404675388398,45.289942944916696,0,1,-14.283512433174712,17.57202337694199,14.283512433174712,-17.57202337694199,0,0,45.335981047249625,823.3605409646203,856.0085456799138,509.7048618547869,841.0811736988649,12,12,0.973797013233394,0.10266890301802896,-14.29683108451727,-0.07397622700158324,1.0123954757132048,136.63928232868528,3.713348067185131e-05,2.339389235535973e-05,1.0,1.0,0.0,382.28351243317474,0.0,1.0,37.427976623058015,0.0,0.0,1.0
frame_1786.jpg,frame_1786,1786,D:\visualization2026\visualization\left_downsample2_Q37\frame_1786.jpg,D:\visualization2026\visualization\right_downsample2_Q37\frame_1786.jpg,D:\visualization2026\dowsample2_Q37\stitched_frames\frame_1786.jpg,D:\visualization2026\dowsample2_Q37_hess_matched\stitched_frames\frame_1786.jpg,1962,1290,-0.07768121959881716,0.06349981772699831,287.2362870996245,51.84759090356741,314.48505207074413,9.54560926865156,-27.248764971119613,42.30198163491585,50.318513915775306,-29.09713045886955,38.41708370923571,48.192482003554225,0,1,-14.548565229434775,19.208541854617856,14.548565229434775,-19.208541854617856,0,0,50.318513915775306,817.310311029761,856.169105376224,502.8252589590169,846.6234961075725,12,12,0.9690076870042521,0.09471046403062511,-14.987325389703944,-0.07402315178980877,1.000799788455818,138.12521141622258,3.5745026700744416e-05,1.899119280574466e-05,1.0,1.0,0.0,376.54856522943476,0.0,1.0,30.791458145382144,0.0,0.0,1.0
frame_1788.jpg,frame_1788,1788,D:\visualization2026\visualization\left_downsample2_Q37\frame_1788.jpg,D:\visualization2026\visualization\right_downsample2_Q37\frame_1788.jpg,D:\visualization2026\dowsample2_Q37\stitched_frames\frame_1788.jpg,D:\visualization2026\dowsample2_Q37_hess_matched\stitched_frames\frame_1788.jpg,1968,1296,-0.07791182486836881,0.06275982383099221,285.88331706328,51.103512499990174,313.78877515843214,15.027998666408621,-27.90545809515214,36.07551383358155,45.60874137549979,-28.374557426836954,34.41639234630579,44.60497249526922,0,1,-14.187278713418477,17.208196173152896,14.187278713418477,-17.208196173152896,0,0,45.60874137549979,822.6658777280406,861.157695896385,508.8771025696085,846.1296972299764,12,12,0.9797455863073303,0.0927904077271506,-14.329102567775278,-0.07174077494853145,1.004746188918755,132.87214854370214,4.1343807123946515e-05,1.628081831027133e-05,1.0,1.0,0.0,382.1872787134185,0.0,1.0,31.791803826847104,0.0,0.0,1.0
frame_1790.jpg,frame_1790,1790,D:\visualization2026\visualization\left_downsample2_Q37\frame_1790.jpg,D:\visualization2026\visualization\right_downsample2_Q37\frame_1790.jpg,D:\visualization2026\dowsample2_Q37\stitched_frames\frame_1790.jpg,D:\visualization2026\dowsample2_Q37_hess_matched\stitched_frames\frame_1790.jpg,1959,1290,-0.07892962436685058,0.06128633709015041,284.1700724557949,49.55310307943104,314.38824918422654,12.418586834415578,-30.218176728431615,37.13451624501546,47.87599086746972,-29.32553073696297,29.025964447571074,41.26128167078939,0,1,-14.662765368481486,14.512982223785537,14.662765368481486,-14.512982223785537,0,0,47.87599086746972,815.4396887235739,871.6045113385742,501.05143953934737,859.1859245041586,12,12,0.964240922380933,0.09311684545678414,-14.653528724917875,-0.07495186697001395,0.9976333678958728,134.59275849051795,3.438731874101187e-05,1.7503580166836947e-05,1.0,1.0,0.0,373.6627653684815,0.0,1.0,35.487017776214465,0.0,0.0,1.0
frame_1792.jpg,frame_1792,1792,D:\visualization2026\visualization\left_downsample2_Q37\frame_1792.jpg,D:\visualization2026\visualization\right_downsample2_Q37\frame_1792.jpg,D:\visualization2026\dowsample2_Q37\stitched_frames\frame_1792.jpg,D:\visualization2026\dowsample2_Q37_hess_matched\stitched_frames\frame_1792.jpg,1963,1290,-0.08008192215649404,0.059776809503094386,282.60736287375136,47.95127442428964,312.5388601512793,28.116120695247446,-29.931497277527967,19.835153729042197,35.90721170920127,-31.110958804480834,19.31865565474485,36.621062437355754,0,1,-15.555479402240417,9.659327827372424,15.555479402240417,-9.659327827372424,0,0,35.90721170920127,818.5240038904266,873.8597698045148,505.98514373914725,845.7436491092674,12,12,0.9727238205441423,0.08944222045292857,-15.290814997463793,-0.07244064812170058,0.9967717505975993,126.49035303397802,3.860838511358251e-05,1.47130666306993e-05,1.0,1.0,0.0,378.5554794022404,0.0,1.0,37.34067217262758,0.0,0.0,1.0
frame_1794.jpg,frame_1794,1794,D:\visualization2026\visualization\left_downsample2_Q37\frame_1794.jpg,D:\visualization2026\visualization\right_downsample2_Q37\frame_1794.jpg,D:\visualization2026\dowsample2_Q37\stitched_frames\frame_1794.jpg,D:\visualization2026\dowsample2_Q37_hess_matched\stitched_frames\frame_1794.jpg,1964,1294,-0.08084258667799968,0.05874877430462022,281.50081903108594,46.86334536404963,312.82457564366945,37.08068856874934,-31.32375661258351,9.78265679530029,32.815820914598554,-33.01129165449528,12.650363071876919,35.35218610706355,0,1,-16.50564582724764,6.3251815359384596,16.50564582724764,-6.3251815359384596,0,0,32.815820914598554,820.7736870608115,885.8872332602045,507.9491114171421,848.8065446914552,12,12,0.9688922461634926,0.0990682191589902,-16.786278328662384,-0.0755569417814027,1.005930283860773,127.78002325422212,3.461366694686664e-05,2.2448449251999353e-05,1.0,1.0,0.0,380.50564582724763,0.0,1.0,47.67481846406154,0.0,0.0,1.0
frame_1796.jpg,frame_1796,1796,D:\visualization2026\visualization\left_downsample2_Q37\frame_1796.jpg,D:\visualization2026\visualization\right_downsample2_Q37\frame_1796.jpg,D:\visualization2026\dowsample2_Q37\stitched_frames\frame_1796.jpg,D:\visualization2026\dowsample2_Q37_hess_matched\stitched_frames\frame_1796.jpg,1958,1294,-0.08165509152498221,0.05785084300237875,280.7943590980394,45.89486178416562,316.97026440674836,52.12942411338088,-36.175905308708934,-6.234562329215258,36.70920718759185,-34.44908077785383,5.770270006722205,34.92900202395677,0,1,-17.224540388926915,2.8851350033611025,17.224540388926915,-2.8851350033611025,0,0,36.70920718759185,815.6216703421987,888.3867784870415,498.6514059354504,836.2573543736606,12,12,0.9627772154107719,0.09281401611788057,-17.502296281705117,-0.07613312417293393,0.9969795927132619,124.72115421441492,3.456638082005017e-05,1.582423158021991e-05,1.0,1.0,0.0,375.2245403889269,0.0,1.0,48.1148649966389,0.0,0.0,1.0
frame_1798.jpg,frame_1798,1798,D:\visualization2026\visualization\left_downsample2_Q37\frame_1798.jpg,D:\visualization2026\visualization\right_downsample2_Q37\frame_1798.jpg,D:\visualization2026\dowsample2_Q37\stitched_frames\frame_1798.jpg,D:\visualization2026\dowsample2_Q37_hess_matched\stitched_frames\frame_1798.jpg,1962,1293,-0.08239776631416376,0.05713496929739359,280.3977723030082,45.11105328003896,317.80489464823256,42.377002360797064,-37.407122345224366,2.734050919241895,37.506903852218876,-35.94420579139311,2.3500494447621434,36.02094754954185,0,1,-17.972102895696555,1.1750247223810717,17.972102895696555,-1.1750247223810717,0,0,37.506903852218876,820.3132894066273,878.6713649051595,502.50839475839473,836.2943625443625,12,12,0.9703051223117607,0.0915591240969151,-17.992840669638912,-0.07448659655731989,0.9991562761479844,119.8664095286057,3.756991690182436e-05,1.5888716237283036e-05,1.0,1.0,0.0,379.97210289569654,0.0,1.0,47.824975277618925,0.0,0.0,1.0
