frame,stem,frame_index,left_path,right_path,base_stitched_path,output_path,output_width,output_height,hess_residual_x,hess_residual_y,target_dx,target_dy,measured_dx,measured_dy,raw_correction_dx,raw_correction_dy,raw_correction_norm,correction_dx,correction_dy,correction_norm,correction_interpolated,correction_norm_reliable,left_translation_x,left_translation_y,right_translation_x,right_translation_y,selected_left_rank,selected_right_rank,selected_pair_error_to_target,selected_left_x,selected_left_y,selected_right_x,selected_right_y,left_candidate_count,right_candidate_count,canvas_left_h_11,canvas_left_h_12,canvas_left_h_13,canvas_left_h_21,canvas_left_h_22,canvas_left_h_23,canvas_left_h_31,canvas_left_h_32,canvas_left_h_33,canvas_right_h_11,canvas_right_h_12,canvas_right_h_13,canvas_right_h_21,canvas_right_h_22,canvas_right_h_23,canvas_right_h_31,canvas_right_h_32,canvas_right_h_33
frame_0000.jpg,frame_0000,0,D:\visualization2026\visualization\left_downsample2_Q44\frame_0000.jpg,D:\visualization2026\visualization\right_downsample2_Q44\frame_0000.jpg,D:\visualization2026\dowsample2_Q44\stitched_frames\frame_0000.jpg,D:\visualization2026\dowsample2_Q44_hess_matched\stitched_frames\frame_0000.jpg,1668,1297,-0.028988825111934013,0.007250342926072725,99.6015583391538,1.3202927453242201,160.72977500601115,-23.482116996114883,-61.128216666857355,24.802409741439103,65.96831361989247,-68.91283544924453,-42.01312056062441,80.70985806514724,1,1,-34.45641772462226,-21.006560280312204,34.45641772462226,21.006560280312204,0,8,65.96831361989247,568.9879585007092,997.1614975728107,408.258183494698,1020.6436145689256,12,12,0.8937624547800185,0.07486227553044916,-34.58793263504574,-0.08420781600580528,0.9521660321726043,115.19944141840743,-3.741694663507287e-05,4.467324381347946e-06,1.0,1.0,0.0,102.45641772462227,0.0,1.0,118.0065602803122,0.0,0.0,1.0
frame_0002.jpg,frame_0002,2,D:\visualization2026\visualization\left_downsample2_Q44\frame_0002.jpg,D:\visualization2026\visualization\right_downsample2_Q44\frame_0002.jpg,D:\visualization2026\dowsample2_Q44\stitched_frames\frame_0002.jpg,D:\visualization2026\dowsample2_Q44_hess_matched\stitched_frames\frame_0002.jpg,1668,1297,-0.028803486991938243,0.006740266112995094,103.46905601403182,0.2466627728971589,172.8349205994736,42.562404753590386,-69.36586458544178,-42.315741980693225,81.25420105485284,-68.40907248061318,-41.50949667553697,80.01774498143648,0,1,-34.20453624030659,-20.754748337768486,34.20453624030659,20.754748337768486,0,0,81.25420105485284,566.2509060672302,994.5437853167148,393.41598546775657,951.9813805631244,12,12,0.8937530301439615,0.07486340076674525,-34.336051150730064,-0.08421723803982152,0.9521671570982347,115.45125336095114,-3.741694663507287e-05,4.467324381347946e-06,1.0,1.0,0.0,102.2045362403066,0.0,1.0,117.75474833776849,0.0,0.0,1.0
frame_0004.jpg,frame_0004,4,D:\visualization2026\visualization\left_downsample2_Q44\frame_0004.jpg,D:\visualization2026\visualization\right_downsample2_Q44\frame_0004.jpg,D:\visualization2026\dowsample2_Q44\stitched_frames\frame_0004.jpg,D:\visualization2026\dowsample2_Q44_hess_matched\stitched_frames\frame_0004.jpg,1668,1297,-0.02861717087622223,0.006377413226917705,105.90078083383385,-0.48827054349859994,173.00149973828934,40.31436433685053,-67.10071890445549,-40.80263488034913,78.53255051680057,-71.58737338574001,-39.58930801563977,81.80504469423971,0,1,-35.793686692870004,-19.794654007819886,35.793686692870004,19.794654007819886,0,1,78.53255051680057,566.5641702566652,994.5615156769243,393.56267051837585,954.2471513400737,12,12,0.8938124913016401,0.07485630151618289,-35.92520160329348,-0.08425316183812984,0.9521714461510433,116.41134769089975,-3.741694663507287e-05,4.467324381347946e-06,1.0,1.0,0.0,103.79368669287001,0.0,1.0,116.79465400781989,0.0,0.0,1.0
frame_0006.jpg,frame_0006,6,D:\visualization2026\visualization\left_downsample2_Q44\frame_0006.jpg,D:\visualization2026\visualization\right_downsample2_Q44\frame_0006.jpg,D:\visualization2026\dowsample2_Q44\stitched_frames\frame_0006.jpg,D:\visualization2026\dowsample2_Q44_hess_matched\stitched_frames\frame_0006.jpg,1668,1297,-0.02841886082817069,0.006322153064616892,105.27440429188168,-0.5103065414628155,172.12145403416667,39.2873160137932,-66.847049742285,-39.79762255525602,77.7970360637097,-76.31832622648325,-38.02502765815014,85.2665798916258,0,1,-38.159163113241625,-19.01251382907507,38.159163113241625,19.01251382907507,0,0,77.7970360637097,566.0722521125798,994.9069502924233,393.95079807841313,955.6196342786301,12,12,0.8939010002066277,0.07484573416569666,-38.2906780236651,-0.08428242713545908,0.9521749402249334,117.19348786964457,-3.741694663507287e-05,4.467324381347946e-06,1.0,1.0,0.0,106.15916311324162,0.0,1.0,116.01251382907506,0.0,0.0,1.0
frame_0008.jpg,frame_0008,8,D:\visualization2026\visualization\left_downsample2_Q44\frame_0008.jpg,D:\visualization2026\visualization\right_downsample2_Q44\frame_0008.jpg,D:\visualization2026\dowsample2_Q44\stitched_frames\frame_0008.jpg,D:\visualization2026\dowsample2_Q44_hess_matched\stitched_frames\frame_0008.jpg,1668,1297,-0.02812183574827934,0.00668837004668299,99.97508710628627,0.48802423439057113,185.23245621736226,33.202822915597835,-85.25736911107599,-32.71479868120726,91.31854707831359,-81.4504353510362,-35.9380935517691,89.02651283190326,0,1,-40.7252176755181,-17.96904677588455,40.7252176755181,17.96904677588455,0,0,91.31854707831359,568.8289260895473,997.7357910632951,383.596469872185,964.5329681476973,12,12,0.8939970141332471,0.07483427076758672,-40.85673258594158,-0.08432147048650376,0.9521796017307413,118.23695492283508,-3.741694663507287e-05,4.467324381347946e-06,1.0,1.0,0.0,108.72521767551811,0.0,1.0,114.96904677588455,0.0,0.0,1.0
frame_0010.jpg,frame_0010,10,D:\visualization2026\visualization\left_downsample2_Q44\frame_0010.jpg,D:\visualization2026\visualization\right_downsample2_Q44\frame_0010.jpg,D:\visualization2026\dowsample2_Q44\stitched_frames\frame_0010.jpg,D:\visualization2026\dowsample2_Q44_hess_matched\stitched_frames\frame_0010.jpg,1668,1297,-0.02778146844871454,0.007271915296450604,92.31057281987417,2.0084933210866462,185.33120160903212,36.502833514331655,-93.02062878915795,-34.49434019324501,99.21036682573873,-79.85568731708693,-30.889819336399782,85.62191153857624,0,1,-39.927843658543466,-15.444909668199891,39.927843658543466,15.444909668199891,0,0,99.21036682573873,572.2431690275785,1000.7012984266123,386.91196741854634,964.1984649122807,12,12,0.8939671788322058,0.07483783289597382,-40.05935856896694,-0.0844159159899616,0.9521908778699844,120.76109203051973,-3.741694663507287e-05,4.467324381347946e-06,1.0,1.0,0.0,107.92784365854347,0.0,1.0,112.4449096681999,0.0,0.0,1.0
frame_0012.jpg,frame_0012,12,D:\visualization2026\visualization\left_downsample2_Q44\frame_0012.jpg,D:\visualization2026\visualization\right_downsample2_Q44\frame_0012.jpg,D:\visualization2026\dowsample2_Q44\stitched_frames\frame_0012.jpg,D:\visualization2026\dowsample2_Q44_hess_matched\stitched_frames\frame_0012.jpg,1668,1297,-0.027617018617600048,0.007702261080699047,87.16593715730752,3.084003049503359,182.19234736551408,34.965074498291415,-95.02641020820656,-31.881071448788056,100.2318380245572,-71.13178682087229,-22.778586056991987,74.68999316565647,0,1,-35.565893410436146,-11.389293028495993,35.565893410436146,11.389293028495993,0,0,100.2318380245572,571.5900901589869,1000.4886889041572,389.3977427934728,965.5236144058658,12,12,0.8938039679725475,0.07485731914266741,-35.69740832085962,-0.08456766478134173,0.9522089956250803,124.81670867022363,-3.741694663507287e-05,4.467324381347946e-06,1.0,1.0,0.0,103.56589341043615,0.0,1.0,108.389293028496,0.0,0.0,1.0
frame_0014.jpg,frame_0014,14,D:\visualization2026\visualization\left_downsample2_Q44\frame_0014.jpg,D:\visualization2026\visualization\right_downsample2_Q44\frame_0014.jpg,D:\visualization2026\dowsample2_Q44\stitched_frames\frame_0014.jpg,D:\visualization2026\dowsample2_Q44_hess_matched\stitched_frames\frame_0014.jpg,1668,1297,-0.027677504334742642,0.007839499757843038,86.18765435916619,3.3672511026237806,84.74786309451974,19.07538627753354,1.4397912646464448,-15.708135174909758,15.773982045095316,-51.545936156199964,-12.819956023336838,53.11623863433228,1,1,-25.772968078099982,-6.409978011668419,25.772968078099982,6.409978011668419,9,1,15.773982045095316,1174.5357894389433,148.44146704756912,1089.7879263444236,129.36608077003558,12,12,0.8934375466079862,0.07490106731676928,-25.90448298852346,-0.08475397554560558,0.9522312398404573,129.79602368705122,-3.741694663507287e-05,4.467324381347946e-06,1.0,1.0,0.0,93.77296807809998,0.0,1.0,103.40997801166841,0.0,0.0,1.0
frame_0016.jpg,frame_0016,16,D:\visualization2026\visualization\left_downsample2_Q44\frame_0016.jpg,D:\visualization2026\visualization\right_downsample2_Q44\frame_0016.jpg,D:\visualization2026\dowsample2_Q44\stitched_frames\frame_0016.jpg,D:\visualization2026\dowsample2_Q44_hess_matched\stitched_frames\frame_0016.jpg,1668,1297,-0.02778731377146687,0.007958440531242506,85.67640122050864,3.58237766664478,181.53769545154512,27.43589060009117,-95.86129423103648,-23.85351293344639,98.78450187613157,-24.741921534317797,-4.6187889332548595,25.169344298576718,1,1,-12.370960767158898,-2.3093944666274298,12.370960767158898,2.3093944666274298,0,0,98.78450187613157,571.8786426705411,1000.4888651774559,390.340947218996,973.0529745773647,12,12,0.8929360844156299,0.07496093843078845,-12.502475677582375,-0.08490740686128304,0.9522495584773059,133.8966072320922,-3.741694663507287e-05,4.467324381347946e-06,1.0,1.0,0.0,80.37096076715889,0.0,1.0,99.30939446662742,0.0,0.0,1.0
frame_0018.jpg,frame_0018,18,D:\visualization2026\visualization\left_downsample2_Q44\frame_0018.jpg,D:\visualization2026\visualization\right_downsample2_Q44\frame_0018.jpg,D:\visualization2026\dowsample2_Q44\stitched_frames\frame_0018.jpg,D:\visualization2026\dowsample2_Q44_hess_matched\stitched_frames\frame_0018.jpg,1668,1297,-0.027889215728552214,0.00803588307777299,85.52185531523553,3.706363890847476,72.8499711029499,-13.371987596221004,12.671884212285633,17.07835148706848,21.266093647057705,-0.01913113574783587,1.3427755454846932,1.34291182357842,0,1,-0.009565567873917935,0.6713877727423466,0.009565567873917935,-0.6713877727423466,5,1,21.266093647057705,1155.5588312348355,108.61279102443446,1082.7088601318856,121.98477862065546,12,12,0.8924735587511232,0.07501616079294969,-0.14108047829739423,-0.08501893863126431,0.9522628745984792,136.87738947146198,-3.741694663507287e-05,4.467324381347946e-06,1.0,1.0,0.0,68.00956556787392,0.0,1.0,96.32861222725765,0.0,0.0,1.0
frame_0020.jpg,frame_0020,20,D:\visualization2026\visualization\left_downsample2_Q44\frame_0020.jpg,D:\visualization2026\visualization\right_downsample2_Q44\frame_0020.jpg,D:\visualization2026\dowsample2_Q44\stitched_frames\frame_0020.jpg,D:\visualization2026\dowsample2_Q44_hess_matched\stitched_frames\frame_0020.jpg,1668,1297,-0.02793448119384978,0.008114197184328459,85.02665660510223,3.862310777575383,44.027212284849384,-2.6491844795894792,40.99944432025285,6.511495257164862,41.513299134778414,12.108763281330605,8.974284611171262,15.07182578474173,0,1,6.054381640665302,4.487142305585631,-6.054381640665302,-4.487142305585631,2,6,41.513299134778414,1457.3960786131063,222.61308286389612,1413.368866328257,225.2622673434856,12,12,0.8922466643620234,0.0750432504121616,5.922866730241826,-0.08516171251499224,0.9522799208117371,140.69314400430525,-3.741694663507287e-05,4.467324381347946e-06,1.0,1.0,0.0,61.945618359334695,0.0,1.0,92.51285769441436,0.0,0.0,1.0
frame_0022.jpg,frame_0022,22,D:\visualization2026\visualization\left_downsample2_Q44\frame_0022.jpg,D:\visualization2026\visualization\right_downsample2_Q44\frame_0022.jpg,D:\visualization2026\dowsample2_Q44\stitched_frames\frame_0022.jpg,D:\visualization2026\dowsample2_Q44_hess_matched\stitched_frames\frame_0022.jpg,1668,1297,-0.02792909115336009,0.00823738032144744,83.79852248086608,4.148118576116349,55.210980696222805,6.221367631206647,28.587541784643278,-2.073249055090298,28.662622122429035,16.867612023192507,10.319861960221814,19.77412163012511,0,1,8.433806011596253,5.159930980110907,-8.433806011596253,-5.159930980110907,3,2,28.662622122429035,1516.6759105559422,279.9705326278666,1461.4649298597194,273.74916499665994,12,12,0.892157633567314,0.07505388007266743,8.302291101172777,-0.08518688621292364,0.9522829263769863,141.36593267883055,-3.741694663507287e-05,4.467324381347946e-06,1.0,1.0,0.0,59.56619398840375,0.0,1.0,91.84006901988909,0.0,0.0,1.0
frame_0024.jpg,frame_0024,24,D:\visualization2026\visualization\left_downsample2_Q44\frame_0024.jpg,D:\visualization2026\visualization\right_downsample2_Q44\frame_0024.jpg,D:\visualization2026\dowsample2_Q44\stitched_frames\frame_0024.jpg,D:\visualization2026\dowsample2_Q44_hess_matched\stitched_frames\frame_0024.jpg,1668,1297,-0.02790650635193423,0.008231910385007257,83.71918840560136,4.147500452591126,82.20669505491833,-18.448781072339173,1.5124933506830303,22.596281524930298,22.646844700526533,14.257415089837867,5.379507592636353,15.238536248051146,0,1,7.128707544918933,2.6897537963181763,-7.128707544918933,-2.6897537963181763,5,1,22.646844700526533,1167.311946325387,115.58468401329982,1085.1052512704687,134.033465085639,12,12,0.8922064663669952,0.07504804977446719,6.997192634495457,-0.08509445972505848,0.952271891294227,138.8957554950378,-3.741694663507287e-05,4.467324381347946e-06,1.0,1.0,0.0,60.87129245508107,0.0,1.0,94.31024620368183,0.0,0.0,1.0
frame_0026.jpg,frame_0026,26,D:\visualization2026\visualization\left_downsample2_Q44\frame_0026.jpg,D:\visualization2026\visualization\right_downsample2_Q44\frame_0026.jpg,D:\visualization2026\dowsample2_Q44\stitched_frames\frame_0026.jpg,D:\visualization2026\dowsample2_Q44_hess_matched\stitched_frames\frame_0026.jpg,1668,1297,-0.027658808759800674,0.007944784718776951,85.05533112682738,3.618984210557564,83.02186433352267,-50.81744736907061,2.0334667933047115,54.43643157962817,54.47439830161515,6.163302945186425,2.8676070294418414,6.797755016874904,1,1,3.0816514725932125,1.4338035147209207,-3.0816514725932125,-1.4338035147209207,2,5,54.47439830161515,1291.2479879290283,128.8833953275586,1208.2261235955057,179.7008426966292,12,12,0.8923578948480826,0.07502997026220261,2.950136562169736,-0.08504746590039566,0.9522662805569122,137.63980521344055,-3.741694663507287e-05,4.467324381347946e-06,1.0,1.0,0.0,64.91834852740679,0.0,1.0,95.56619648527908,0.0,0.0,1.0
frame_0028.jpg,frame_0028,28,D:\visualization2026\visualization\left_downsample2_Q44\frame_0028.jpg,D:\visualization2026\visualization\right_downsample2_Q44\frame_0028.jpg,D:\visualization2026\dowsample2_Q44\stitched_frames\frame_0028.jpg,D:\visualization2026\dowsample2_Q44_hess_matched\stitched_frames\frame_0028.jpg,1668,1297,-0.026914054384290315,0.007460730271553584,85.38894980751367,2.901039615101715,85.76805026200122,10.524459965960546,-0.37910045448755625,-7.623420350858831,7.632840559089471,0.733168117953532,2.387737887108587,2.4977645418888677,0,1,0.366584058976766,1.1938689435542935,-0.366584058976766,-1.1938689435542935,2,5,7.632840559089471,1523.9819513877965,285.4216699512763,1438.2139011257952,274.8972099853157,12,12,0.8924594843806085,0.07501784117534875,0.2350691485532897,-0.08503848828135041,0.9522652086913524,137.39987064227392,-3.741694663507287e-05,4.467324381347946e-06,1.0,1.0,0.0,67.63341594102323,0.0,1.0,95.80613105644571,0.0,0.0,1.0
frame_0030.jpg,frame_0030,30,D:\visualization2026\visualization\left_downsample2_Q44\frame_0030.jpg,D:\visualization2026\visualization\right_downsample2_Q44\frame_0030.jpg,D:\visualization2026\dowsample2_Q44\stitched_frames\frame_0030.jpg,D:\visualization2026\dowsample2_Q44_hess_matched\stitched_frames\frame_0030.jpg,1668,1297,-0.026369797311883547,0.006989214675525018,86.77674061914357,2.105841454489994,192.81924491210168,30.12577169545966,-106.04250429295811,-28.019930240969668,109.6819456767195,0.899639787809327,-2.7109548128185597,2.856331168641641,1,1,0.4498198939046635,-1.3554774064092798,-0.4498198939046635,1.3554774064092798,0,0,109.6819456767195,576.1457688000753,1001.2170402292323,383.3265238879736,971.0912685337727,12,12,0.8924563699498149,0.07501821301682353,0.3183049834811872,-0.08494309952501951,0.9522538199342467,134.85052429231035,-3.741694663507287e-05,4.467324381347946e-06,1.0,1.0,0.0,67.55018010609534,0.0,1.0,98.35547740640928,0.0,0.0,1.0
frame_0032.jpg,frame_0032,32,D:\visualization2026\visualization\left_downsample2_Q44\frame_0032.jpg,D:\visualization2026\visualization\right_downsample2_Q44\frame_0032.jpg,D:\visualization2026\dowsample2_Q44\stitched_frames\frame_0032.jpg,D:\visualization2026\dowsample2_Q44_hess_matched\stitched_frames\frame_0032.jpg,1668,1297,-0.026617002909458648,0.006937626119958712,88.72776002837281,1.8565776381670387,192.622297090821,40.5788355751248,-103.8945370624482,-38.72225793695776,110.87600322502931,1.4368676484788179,-4.4725947667565675,4.697732707047441,1,1,0.7184338242394089,-2.2362973833782838,-0.7184338242394089,2.2362973833782838,0,0,110.87600322502931,582.7441186916712,1001.9108607570396,390.12182160085024,961.3320251819148,12,12,0.8924463192367181,0.07501941300238368,0.5869189138159326,-0.08491014193094615,0.9522498850256881,133.96970431534135,-3.741694663507287e-05,4.467324381347946e-06,1.0,1.0,0.0,67.28156617576059,0.0,1.0,99.23629738337829,0.0,0.0,1.0
frame_0034.jpg,frame_0034,34,D:\visualization2026\visualization\left_downsample2_Q44\frame_0034.jpg,D:\visualization2026\visualization\right_downsample2_Q44\frame_0034.jpg,D:\visualization2026\dowsample2_Q44\stitched_frames\frame_0034.jpg,D:\visualization2026\dowsample2_Q44_hess_matched\stitched_frames\frame_0034.jpg,1668,1297,-0.027317899086155506,0.007683874859961304,85.5901187598769,3.1999925581141433,60.06354716552346,19.751478804812507,25.52657159435344,-16.551486246698364,30.42297740748425,2.344851699962005,-2.8971819747054344,3.727196384599661,1,1,1.1724258499810025,-1.4485909873527172,-1.1724258499810025,1.4485909873527172,3,2,30.42297740748425,1508.6260398989266,288.6963689338673,1448.5624927334031,268.9448901290548,12,12,0.8924293322413182,0.07502144113202922,1.0409109395575262,-0.08493961549913034,0.9522534039656764,134.7574107113669,-3.741694663507287e-05,4.467324381347946e-06,1.0,1.0,0.0,66.827574150019,0.0,1.0,98.44859098735272,0.0,0.0,1.0
frame_0036.jpg,frame_0036,36,D:\visualization2026\visualization\left_downsample2_Q44\frame_0036.jpg,D:\visualization2026\visualization\right_downsample2_Q44\frame_0036.jpg,D:\visualization2026\dowsample2_Q44\stitched_frames\frame_0036.jpg,D:\visualization2026\dowsample2_Q44_hess_matched\stitched_frames\frame_0036.jpg,1668,1297,-0.02797008412955468,0.008395094656750174,82.50702281830547,4.488711000801051,194.38798453577505,39.48070885688526,-111.88096171746957,-34.991997856084204,117.22537911555712,3.2528357514451924,-1.3217691826543023,3.5111271976524336,1,1,1.6264178757225962,-0.6608845913271512,-1.6264178757225962,0.6608845913271512,0,0,117.22537911555712,592.259878475169,1002.7053300690064,397.87189393939394,963.2246212121212,12,12,0.8924123452459183,0.07502346926167475,1.49490296529912,-0.08496908906731454,0.9522569229056647,135.54511710739249,-3.741694663507287e-05,4.467324381347946e-06,1.0,1.0,0.0,66.3735821242774,0.0,1.0,97.66088459132715,0.0,0.0,1.0
frame_0038.jpg,frame_0038,38,D:\visualization2026\visualization\left_downsample2_Q44\frame_0038.jpg,D:\visualization2026\visualization\right_downsample2_Q44\frame_0038.jpg,D:\visualization2026\dowsample2_Q44\stitched_frames\frame_0038.jpg,D:\visualization2026\dowsample2_Q44_hess_matched\stitched_frames\frame_0038.jpg,1668,1297,-0.028161895345655802,0.008227965065888396,85.25543030729602,4.0033463624851375,187.56058329728927,39.91104363551983,-102.30515298999325,-35.90769727303469,108.42373841441655,4.160819802928379,0.2536436093968304,4.168543692109848,1,1,2.0804099014641895,0.1268218046984152,-2.0804099014641895,-0.1268218046984152,0,0,108.42373841441655,593.2017785527637,1002.7471141951305,405.64119525547443,962.8360705596107,12,12,0.8923953582505183,0.07502549739132028,1.9488949910407132,-0.08499856263549874,0.9522604418456531,136.33282350341804,-3.741694663507287e-05,4.467324381347946e-06,1.0,1.0,0.0,65.9195900985358,0.0,1.0,96.87317819530159,0.0,0.0,1.0
frame_0040.jpg,frame_0040,40,D:\visualization2026\visualization\left_downsample2_Q44\frame_0040.jpg,D:\visualization2026\visualization\right_downsample2_Q44\frame_0040.jpg,D:\visualization2026\dowsample2_Q44\stitched_frames\frame_0040.jpg,D:\visualization2026\dowsample2_Q44_hess_matched\stitched_frames\frame_0040.jpg,1668,1297,-0.02802797391183537,0.0073378101190754025,93.11632928452387,2.0294639353574992,81.5958339211345,-10.266277049337958,11.520495363389372,12.295740984695458,16.849541827022943,6.214546050087925,-1.321284266487921,6.353453763232401,1,1,3.1072730250439626,-0.6606421332439605,-3.1072730250439626,0.6606421332439605,7,0,16.849541827022943,1167.023673933453,116.29067717940285,1085.4278400123185,126.5569542287408,12,12,0.8923569361678219,0.07503008472198856,2.9757581146204863,-0.0849690981393557,0.9522569239888036,135.54535956547568,-3.741694663507287e-05,4.467324381347946e-06,1.0,1.0,0.0,64.89272697495603,0.0,1.0,97.66064213324395,0.0,0.0,1.0
frame_0042.jpg,frame_0042,42,D:\visualization2026\visualization\left_downsample2_Q44\frame_0042.jpg,D:\visualization2026\visualization\right_downsample2_Q44\frame_0042.jpg,D:\visualization2026\dowsample2_Q44\stitched_frames\frame_0042.jpg,D:\visualization2026\dowsample2_Q44_hess_matched\stitched_frames\frame_0042.jpg,1668,1297,-0.027823681006672457,0.006623431085838655,98.85711022521104,0.4965698719073673,92.88032231931629,-2.907899321591728,5.976787905894753,3.404469193499095,6.8784012794786955,9.41401449292383,-6.0465528103085555,11.188586584588341,0,1,4.707007246461915,-3.0232764051542778,-4.707007246461915,3.0232764051542778,9,1,6.8784012794786955,1178.5067039763912,122.80416791144016,1085.626381657075,125.71206723303189,12,12,0.8922970789978287,0.07503723125367957,4.5754923360384385,-0.08488069557888543,0.9522463693351165,133.18272529356534,-3.741694663507287e-05,4.467324381347946e-06,1.0,1.0,0.0,63.29299275353809,0.0,1.0,100.02327640515428,0.0,0.0,1.0
frame_0044.jpg,frame_0044,44,D:\visualization2026\visualization\left_downsample2_Q44\frame_0044.jpg,D:\visualization2026\visualization\right_downsample2_Q44\frame_0044.jpg,D:\visualization2026\dowsample2_Q44\stitched_frames\frame_0044.jpg,D:\visualization2026\dowsample2_Q44_hess_matched\stitched_frames\frame_0044.jpg,1668,1297,-0.02768496904565418,0.006769744694832117,96.62233580527909,0.9060317719426846,191.3458112393037,37.67892058080042,-94.72347543402462,-36.772888808857736,101.61093518735511,8.992228316425772,-7.159526075995775,11.494302228825939,1,1,4.496114158212886,-3.5797630379978873,-4.496114158212886,3.5797630379978873,0,0,101.61093518735511,606.135047897714,1004.0515843952567,414.7892366584103,966.3726638144562,12,12,0.8923049699732575,0.07503628912584458,4.3645992477894096,-0.08485987354824119,0.9522438833288137,132.62623866072175,-3.741694663507287e-05,4.467324381347946e-06,1.0,1.0,0.0,63.50388584178712,0.0,1.0,100.57976303799789,0.0,0.0,1.0
frame_0046.jpg,frame_0046,46,D:\visualization2026\visualization\left_downsample2_Q44\frame_0046.jpg,D:\visualization2026\visualization\right_downsample2_Q44\frame_0046.jpg,D:\visualization2026\dowsample2_Q44\stitched_frames\frame_0046.jpg,D:\visualization2026\dowsample2_Q44_hess_matched\stitched_frames\frame_0046.jpg,1668,1297,-0.02729788868600852,0.007031010438356702,91.81424961192212,1.7109212788616008,72.5640716462974,26.659033180619076,19.250177965624715,-24.948111901757475,31.511547711447566,7.999726711338391,-3.7172701598057953,8.821208811556586,0,1,3.9998633556691954,-1.8586350799028977,-3.9998633556691954,1.8586350799028977,4,3,31.511547711447566,1516.3875458247012,284.34917402568954,1443.8234741784038,257.69014084507046,12,12,0.8923235381630539,0.07503407221253512,3.868348445245719,-0.08492427290120136,0.9522515721657043,134.34736661881672,-3.741694663507287e-05,4.467324381347946e-06,1.0,1.0,0.0,64.00013664433081,0.0,1.0,98.8586350799029,0.0,0.0,1.0
frame_0048.jpg,frame_0048,48,D:\visualization2026\visualization\left_downsample2_Q44\frame_0048.jpg,D:\visualization2026\visualization\right_downsample2_Q44\frame_0048.jpg,D:\visualization2026\dowsample2_Q44\stitched_frames\frame_0048.jpg,D:\visualization2026\dowsample2_Q44_hess_matched\stitched_frames\frame_0048.jpg,1668,1297,-0.026894558247870515,0.007270293130556271,87.12438162885489,2.4739105284935348,85.0724927084168,7.785133247532798,2.0518889204380883,-5.311222719039263,5.693797933985311,9.255452043546585,-1.3470633119988507,9.352965951874516,0,1,4.6277260217732925,-0.6735316559994253,-4.6277260217732925,0.6735316559994253,3,3,5.693797933985311,1002.4578889101194,116.68984837523418,917.3853962017026,108.90471512770138,12,12,0.8923000454591821,0.07503687707873154,4.496211111349816,-0.0849686158527706,0.9522568664071244,135.5324700427202,-3.741694663507287e-05,4.467324381347946e-06,1.0,1.0,0.0,63.37227397822671,0.0,1.0,97.67353165599943,0.0,0.0,1.0
frame_0050.jpg,frame_0050,50,D:\visualization2026\visualization\left_downsample2_Q44\frame_0050.jpg,D:\visualization2026\visualization\right_downsample2_Q44\frame_0050.jpg,D:\visualization2026\dowsample2_Q44\stitched_frames\frame_0050.jpg,D:\visualization2026\dowsample2_Q44_hess_matched\stitched_frames\frame_0050.jpg,1668,1297,-0.026762377464640663,0.007502288116242345,84.0956614852564,3.0767312694081212,83.98936565628173,-15.963604712989735,0.10629582897466605,19.040335982397856,19.040632687120773,1.4655865036175575,-6.148396381755264,6.320658341246358,0,1,0.7327932518087787,-3.074198190877632,-0.7327932518087787,3.074198190877632,4,2,19.040632687120773,1274.7492038892883,187.4999199409222,1190.7598382330066,203.46352465391195,12,12,0.8924457819507831,0.07501947715060457,0.6012783413853025,-0.08487879024114646,0.9522461418509816,133.131803507842,-3.741694663507287e-05,4.467324381347946e-06,1.0,1.0,0.0,67.26720674819123,0.0,1.0,100.07419819087764,0.0,0.0,1.0
frame_0052.jpg,frame_0052,52,D:\visualization2026\visualization\left_downsample2_Q44\frame_0052.jpg,D:\visualization2026\visualization\right_downsample2_Q44\frame_0052.jpg,D:\visualization2026\dowsample2_Q44\stitched_frames\frame_0052.jpg,D:\visualization2026\dowsample2_Q44_hess_matched\stitched_frames\frame_0052.jpg,1668,1297,-0.026787136329931238,0.007603647059511359,83.25634406093168,3.2964603297846113,71.00092949399595,-11.959043102749206,12.255414566935727,15.255503432533818,19.568484131059094,-3.097067802144508,2.8213078910446026,4.189463830509909,0,1,-1.548533901072254,1.4106539455223013,1.548533901072254,-1.4106539455223013,1,2,19.568484131059094,1350.748486078358,279.69437767914377,1279.747556584362,291.653420781893,12,12,0.8925311422471195,0.07500928572219268,-1.6800488114957304,-0.08504659971420032,0.9522661771402773,137.61665564424194,-3.741694663507287e-05,4.467324381347946e-06,1.0,1.0,0.0,69.54853390107226,0.0,1.0,95.5893460544777,0.0,0.0,1.0
frame_0054.jpg,frame_0054,54,D:\visualization2026\visualization\left_downsample2_Q44\frame_0054.jpg,D:\visualization2026\visualization\right_downsample2_Q44\frame_0054.jpg,D:\visualization2026\dowsample2_Q44\stitched_frames\frame_0054.jpg,D:\visualization2026\dowsample2_Q44_hess_matched\stitched_frames\frame_0054.jpg,1668,1297,-0.026881874438159065,0.007675615236816882,83.11295484120257,3.4116611225374114,109.44879960508797,38.19014782544866,-26.335844763885405,-34.77848670291125,43.62476196808465,-6.267498397338626,4.593952029769768,7.770838526984589,0,1,-3.133749198669313,2.296976014884884,3.133749198669313,-2.296976014884884,4,1,43.62476196808465,1195.373998296065,171.62129825519656,1085.9251986909771,133.4311504297479,12,12,0.8925904561633148,0.07500220405124403,-3.265264109092789,-0.08507976317977116,0.9522701366284675,138.5029777136045,-3.741694663507287e-05,4.467324381347946e-06,1.0,1.0,0.0,71.1337491986693,0.0,1.0,94.70302398511511,0.0,0.0,1.0
frame_0056.jpg,frame_0056,56,D:\visualization2026\visualization\left_downsample2_Q44\frame_0056.jpg,D:\visualization2026\visualization\right_downsample2_Q44\frame_0056.jpg,D:\visualization2026\dowsample2_Q44\stitched_frames\frame_0056.jpg,D:\visualization2026\dowsample2_Q44_hess_matched\stitched_frames\frame_0056.jpg,1668,1297,-0.02700660964986301,0.007845896806896707,82.19055424066127,3.736824384288173,85.75364780384689,-16.163585077953684,-3.5630935631856175,19.900409462241857,20.216872470906573,-5.917101388343025,-0.44847695779623054,5.934072835886421,0,1,-2.9585506941715125,-0.22423847889811527,2.9585506941715125,0.22423847889811527,5,6,20.216872470906573,1517.916971586082,191.8048962974045,1432.163323782235,207.96848137535818,12,12,0.8925839007702214,0.07500298671979475,-3.090065604594989,-0.08498542703160171,0.9522588735454888,135.98176321982152,-3.741694663507287e-05,4.467324381347946e-06,1.0,1.0,0.0,70.9585506941715,0.0,1.0,97.22423847889812,0.0,0.0,1.0
frame_0058.jpg,frame_0058,58,D:\visualization2026\visualization\left_downsample2_Q44\frame_0058.jpg,D:\visualization2026\visualization\right_downsample2_Q44\frame_0058.jpg,D:\visualization2026\dowsample2_Q44\stitched_frames\frame_0058.jpg,D:\visualization2026\dowsample2_Q44_hess_matched\stitched_frames\frame_0058.jpg,1668,1297,-0.027126563357022154,0.007989787978986584,81.4964479500787,4.003897074269134,95.2967120056112,0.4518990996825778,-13.800264055532494,3.5519979745865564,14.250051846007057,-3.596569548394559,-1.018039243705486,3.7378759233237635,0,1,-1.7982847741972794,-0.509019621852743,1.7982847741972794,0.509019621852743,10,2,14.250051846007057,1000.2240877460181,118.15024230510794,904.9273757404069,117.69834320542536,12,12,0.8925404871622113,0.0750081700040279,-1.9297996846207557,-0.0849747713907731,0.9522576013357456,135.6969820768669,-3.741694663507287e-05,4.467324381347946e-06,1.0,1.0,0.0,69.79828477419728,0.0,1.0,97.50901962185274,0.0,0.0,1.0
frame_0060.jpg,frame_0060,60,D:\visualization2026\visualization\left_downsample2_Q44\frame_0060.jpg,D:\visualization2026\visualization\right_downsample2_Q44\frame_0060.jpg,D:\visualization2026\dowsample2_Q44\stitched_frames\frame_0060.jpg,D:\visualization2026\dowsample2_Q44_hess_matched\stitched_frames\frame_0060.jpg,1668,1297,-0.027212518601725577,0.008065487074580352,81.26530536865762,4.132313754502104,79.40702449470496,10.304122709934234,1.8582808739526655,-6.171808955432129,6.44549715606566,-0.9469135562709092,0.1431414740202417,0.9576715327471669,0,1,-0.4734567781354546,0.07157073701012084,0.4734567781354546,-0.07157073701012084,1,11,6.44549715606566,1340.86720967989,281.918937524749,1261.460185185185,271.6148148148148,12,12,0.892490916143782,0.07501408844043579,-0.6049716885589309,-0.08499649530924751,0.9522601950212112,136.27757243572975,-3.741694663507287e-05,4.467324381347946e-06,1.0,1.0,0.0,68.47345677813546,0.0,1.0,96.92842926298988,0.0,0.0,1.0
frame_0062.jpg,frame_0062,62,D:\visualization2026\visualization\left_downsample2_Q44\frame_0062.jpg,D:\visualization2026\visualization\right_downsample2_Q44\frame_0062.jpg,D:\visualization2026\dowsample2_Q44\stitched_frames\frame_0062.jpg,D:\visualization2026\dowsample2_Q44_hess_matched\stitched_frames\frame_0062.jpg,1668,1297,-0.027221484961003906,0.008056853287672763,81.40175822852014,4.107738716332758,57.543684461842076,-8.299953286654784,23.85807376667806,12.407692002987542,26.89160658453215,-3.161085442043402,-4.592133524164287,5.574957531286874,0,1,-1.580542721021701,-2.2960667620821433,1.580542721021701,2.2960667620821433,3,4,26.89160658453215,1238.1068560487665,197.91212679478397,1180.5631715869245,206.21208008143876,12,12,0.8925323399194274,0.07500914272841089,-1.7120576314451772,-0.08490790554329278,0.9522496180164853,133.90993493663748,-3.741694663507287e-05,4.467324381347946e-06,1.0,1.0,0.0,69.5805427210217,0.0,1.0,99.29606676208215,0.0,0.0,1.0
frame_0064.jpg,frame_0064,64,D:\visualization2026\visualization\left_downsample2_Q44\frame_0064.jpg,D:\visualization2026\visualization\right_downsample2_Q44\frame_0064.jpg,D:\visualization2026\dowsample2_Q44\stitched_frames\frame_0064.jpg,D:\visualization2026\dowsample2_Q44_hess_matched\stitched_frames\frame_0064.jpg,1668,1297,-0.02700540002088883,0.007659972694775155,83.98940435168501,3.3103890076261115,97.07696915495217,32.28297212190873,-13.087564803267156,-28.972583114282617,31.791428479917847,-3.6371008671027036,-1.0184027076973878,3.7769891173426235,0,1,-1.8185504335513518,-0.5092013538486939,1.8185504335513518,0.5092013538486939,7,2,31.791428479917847,1010.128295457285,162.2457717383996,913.0513263023329,129.96279961649088,12,12,0.8925412454413059,0.07500807947075376,-1.9500653439748281,-0.0849747645909167,0.9522576005238897,135.69680034487095,-3.741694663507287e-05,4.467324381347946e-06,1.0,1.0,0.0,69.81855043355135,0.0,1.0,97.5092013538487,0.0,0.0,1.0
frame_0066.jpg,frame_0066,66,D:\visualization2026\visualization\left_downsample2_Q44\frame_0066.jpg,D:\visualization2026\visualization\right_downsample2_Q44\frame_0066.jpg,D:\visualization2026\dowsample2_Q44\stitched_frames\frame_0066.jpg,D:\visualization2026\dowsample2_Q44_hess_matched\stitched_frames\frame_0066.jpg,1668,1297,-0.026786812498035967,0.0071390083430041,87.76764045939625,2.22933764763744,208.58337289769895,23.67166933918486,-120.8157324383027,-21.44233169154742,122.70376845465623,-4.656617328848541,1.5680974575176254,4.913554170211799,1,0,-2.3283086644242705,0.7840487287588127,2.3283086644242705,-0.7840487287588127,0,0,122.70376845465623,677.0653756040589,991.7498831416206,468.48200270635994,968.0782138024357,12,12,0.8925603190378273,0.07500580221538039,-2.459823574847747,-0.08502315406024342,0.9522633778915149,136.99005042747845,-3.741694663507287e-05,4.467324381347946e-06,1.0,1.0,0.0,70.32830866442427,0.0,1.0,96.21595127124118,0.0,0.0,1.0
frame_0068.jpg,frame_0068,68,D:\visualization2026\visualization\left_downsample2_Q44\frame_0068.jpg,D:\visualization2026\visualization\right_downsample2_Q44\frame_0068.jpg,D:\visualization2026\dowsample2_Q44\stitched_frames\frame_0068.jpg,D:\visualization2026\dowsample2_Q44_hess_matched\stitched_frames\frame_0068.jpg,1668,1297,-0.026901383324723166,0.00691727830347677,90.59336689465673,1.6594109338883989,106.77370807548573,-19.761241123032647,-16.180341180829004,21.420652056921046,26.844883595793572,-5.860040613816201,-4.759180079738825,7.549163597840374,0,1,-2.9300203069081006,-2.3795900398694125,2.9300203069081006,2.3795900398694125,2,2,26.844883595793572,1278.439300988713,183.90314381757537,1171.6655929132273,203.66438494060802,12,12,0.8925828332502438,0.07500311417428938,-3.061535217331577,-0.08490478035726502,0.9522492448909101,133.82641165885022,-3.741694663507287e-05,4.467324381347946e-06,1.0,1.0,0.0,70.9300203069081,0.0,1.0,99.37959003986941,0.0,0.0,1.0
frame_0070.jpg,frame_0070,70,D:\visualization2026\visualization\left_downsample2_Q44\frame_0070.jpg,D:\visualization2026\visualization\right_downsample2_Q44\frame_0070.jpg,D:\visualization2026\dowsample2_Q44\stitched_frames\frame_0070.jpg,D:\visualization2026\dowsample2_Q44_hess_matched\stitched_frames\frame_0070.jpg,1668,1297,-0.027643424857944632,0.00675441571403787,96.52756452750371,0.8927958526297979,99.76686596228024,-5.867896018013141,-3.2393014347765217,6.760691870642939,7.4966678167785155,-1.7668952962940876,-2.4356493002709754,3.0090374710157173,0,1,-0.8834476481470438,-1.2178246501354877,0.8834476481470438,1.2178246501354877,8,1,7.4966678167785155,1008.4077080675434,117.76571801707458,908.6408421052631,123.63361403508772,12,12,0.892506256750286,0.07501225687822606,-1.0149625585705202,-0.08494825007085517,0.952254434873761,134.98817704858413,-3.741694663507287e-05,4.467324381347946e-06,1.0,1.0,0.0,68.88344764814704,0.0,1.0,98.21782465013548,0.0,0.0,1.0
frame_0072.jpg,frame_0072,72,D:\visualization2026\visualization\left_downsample2_Q44\frame_0072.jpg,D:\visualization2026\visualization\right_downsample2_Q44\frame_0072.jpg,D:\visualization2026\dowsample2_Q44\stitched_frames\frame_0072.jpg,D:\visualization2026\dowsample2_Q44_hess_matched\stitched_frames\frame_0072.jpg,1668,1297,-0.028271735480533855,0.006592420073510005,101.78628124689672,0.1883317226131933,83.94532390505697,19.417027405907902,17.840957341839754,-19.22869568329471,26.230564167667122,0.5429685474849419,-4.7766887446532245,4.807449449225099,0,1,0.27148427374247097,-2.3883443723266122,-0.27148427374247097,2.3883443723266122,1,6,26.230564167667122,1366.2449872047202,273.3909331298136,1282.2996632996633,253.97390572390572,12,12,0.8924630427241976,0.07501741633375952,0.13996936331899468,-0.08490445279687464,0.9522492057824672,133.81765732639303,-3.741694663507287e-05,4.467324381347946e-06,1.0,1.0,0.0,67.72851572625753,0.0,1.0,99.38834437232661,0.0,0.0,1.0
frame_0074.jpg,frame_0074,74,D:\visualization2026\visualization\left_downsample2_Q44\frame_0074.jpg,D:\visualization2026\visualization\right_downsample2_Q44\frame_0074.jpg,D:\visualization2026\dowsample2_Q44\stitched_frames\frame_0074.jpg,D:\visualization2026\dowsample2_Q44_hess_matched\stitched_frames\frame_0074.jpg,1668,1297,-0.027888200565317572,0.0066217607657926,99.25175779929032,0.4586045682319775,193.98201497201939,34.545464174065614,-94.73025717272907,-34.08685960583364,100.67639058785927,7.885017524372957,-9.129636409381932,12.063323021754034,1,1,3.9425087621864785,-4.564818204690966,-3.9425087621864785,4.564818204690966,0,0,100.67639058785927,696.9207219409531,993.3643838494085,502.9387069689337,958.8189196753428,12,12,0.8923256841968175,0.07503381599096128,3.810993851763002,-0.08482301579163644,0.9522394827678505,131.64118349402867,-3.741694663507287e-05,4.467324381347946e-06,1.0,1.0,0.0,64.05749123781352,0.0,1.0,101.56481820469097,0.0,0.0,1.0
frame_0076.jpg,frame_0076,76,D:\visualization2026\visualization\left_downsample2_Q44\frame_0076.jpg,D:\visualization2026\visualization\right_downsample2_Q44\frame_0076.jpg,D:\visualization2026\dowsample2_Q44\stitched_frames\frame_0076.jpg,D:\visualization2026\dowsample2_Q44_hess_matched\stitched_frames\frame_0076.jpg,1668,1297,-0.02967240424585968,0.00674110716471811,108.55730134868195,-0.2110310679030023,111.64193512183488,15.270131682689026,-3.0846337731529303,-15.481162750592029,15.785479581716668,11.541692933197549,-14.029270197852519,18.16675805003675,0,1,5.770846466598774,-7.014635098926259,-5.770846466598774,7.014635098926259,1,6,15.785479581716668,1255.96701019691,192.39175330431064,1144.3250750750751,177.1216216216216,12,12,0.8922572733825006,0.07504198376856552,5.639331556175298,-0.08473135112363914,0.9522285386411091,129.19136659979338,-3.741694663507287e-05,4.467324381347946e-06,1.0,1.0,0.0,62.229153533401224,0.0,1.0,104.01463509892626,0.0,0.0,1.0
frame_0078.jpg,frame_0078,78,D:\visualization2026\visualization\left_downsample2_Q44\frame_0078.jpg,D:\visualization2026\visualization\right_downsample2_Q44\frame_0078.jpg,D:\visualization2026\dowsample2_Q44\stitched_frames\frame_0078.jpg,D:\visualization2026\dowsample2_Q44_hess_matched\stitched_frames\frame_0078.jpg,1668,1297,-0.03301844770482179,0.006824145967974149,127.37608994011129,-1.7902234248722049,106.84618623650022,-1.4461371581497104,20.52990370361107,-0.3440862667224944,20.532786986634097,9.88515096784596,-17.209704636533072,19.846665798914785,0,1,4.94257548392298,-8.604852318266536,-4.94257548392298,8.604852318266536,5,3,20.532786986634097,1004.466020947244,120.39243033496324,897.6198347107438,121.83856749311295,12,12,0.8922882647536587,0.07503828361341025,4.811060573499503,-0.08467185005080491,0.9522214346249535,127.6011493804531,-3.741694663507287e-05,4.467324381347946e-06,1.0,1.0,0.0,63.05742451607702,0.0,1.0,105.60485231826654,0.0,0.0,1.0
frame_0080.jpg,frame_0080,80,D:\visualization2026\visualization\left_downsample2_Q44\frame_0080.jpg,D:\visualization2026\visualization\right_downsample2_Q44\frame_0080.jpg,D:\visualization2026\dowsample2_Q44\stitched_frames\frame_0080.jpg,D:\visualization2026\dowsample2_Q44_hess_matched\stitched_frames\frame_0080.jpg,1668,1297,-0.03439743339164328,0.006860509138101878,135.11097431994213,-2.4361292543955746,231.4335201690564,23.68415224815101,-96.32254584911428,-26.120281502546582,99.80131233920223,6.7923608833226785,-18.41582907628851,19.628523299941982,1,1,3.3961804416613393,-9.207914538144255,-3.3961804416613393,9.207914538144255,0,0,99.80131233920223,706.2072272649949,994.0054585669594,474.7737070959385,970.3213063188084,12,12,0.8923461261344318,0.07503137536513477,3.264665531237863,-0.08464928530390611,0.9522187405503951,126.99808716057538,-3.741694663507287e-05,4.467324381347946e-06,1.0,1.0,0.0,64.60381955833866,0.0,1.0,106.20791453814425,0.0,0.0,1.0
frame_0082.jpg,frame_0082,82,D:\visualization2026\visualization\left_downsample2_Q44\frame_0082.jpg,D:\visualization2026\visualization\right_downsample2_Q44\frame_0082.jpg,D:\visualization2026\dowsample2_Q44\stitched_frames\frame_0082.jpg,D:\visualization2026\dowsample2_Q44_hess_matched\stitched_frames\frame_0082.jpg,1668,1297,-0.03245753548562125,0.006704005337217753,125.25316823477078,-1.7694890688328149,115.69492071968898,33.36137880786467,9.558247515081803,-35.13086787669748,36.407938328468184,7.026440387180274,-19.178466007731366,20.42509297223162,0,1,3.513220193590137,-9.589233003865683,-3.513220193590137,9.589233003865683,4,1,36.407938328468184,1177.7893109168936,163.6038065313952,1062.0943901972046,130.24242772353054,12,12,0.8923417468642797,0.07503189821967214,3.3817052831666605,-0.08463501753122324,0.9522170370771162,126.61676869485395,-3.741694663507287e-05,4.467324381347946e-06,1.0,1.0,0.0,64.48677980640986,0.0,1.0,106.58923300386569,0.0,0.0,1.0
frame_0084.jpg,frame_0084,84,D:\visualization2026\visualization\left_downsample2_Q44\frame_0084.jpg,D:\visualization2026\visualization\right_downsample2_Q44\frame_0084.jpg,D:\visualization2026\dowsample2_Q44\stitched_frames\frame_0084.jpg,D:\visualization2026\dowsample2_Q44_hess_matched\stitched_frames\frame_0084.jpg,1668,1297,-0.02943942920559589,0.006406540148524972,110.44060963909456,-0.8563097119677366,118.52639827736755,22.529241703752817,-8.085788638272987,-23.385551415720553,24.743968819090725,1.6784884333878127,-14.02865505751124,14.128711411294818,0,1,0.8392442166939064,-7.01432752875562,-0.8392442166939064,7.01432752875562,4,4,24.743968819090725,1004.7784643930701,131.61257503708615,886.2520661157025,109.08333333333333,12,12,0.8924417988807106,0.07501995270159542,0.7077293062704301,-0.0847313626319758,0.9522285400151248,129.19167416996402,-3.741694663507287e-05,4.467324381347946e-06,1.0,1.0,0.0,67.16075578330609,0.0,1.0,104.01432752875562,0.0,0.0,1.0
frame_0086.jpg,frame_0086,86,D:\visualization2026\visualization\left_downsample2_Q44\frame_0086.jpg,D:\visualization2026\visualization\right_downsample2_Q44\frame_0086.jpg,D:\visualization2026\dowsample2_Q44\stitched_frames\frame_0086.jpg,D:\visualization2026\dowsample2_Q44_hess_matched\stitched_frames\frame_0086.jpg,1668,1297,-0.027664407549539,0.00617922724326303,102.23763676723227,-0.4395344785378228,104.15187302109723,18.854812929268505,-1.9142362538649564,-19.294347407806328,19.389072755774933,-1.3315708732786222,-12.323770433961872,12.395499130715018,0,1,-0.6657854366393111,-6.161885216980936,0.6657854366393111,6.161885216980936,7,3,19.389072755774933,1005.8939963994397,125.57443167430425,901.7421233783425,106.71961874503575,12,12,0.8924981124949336,0.07501322924593043,-0.7973003470627874,-0.08476325842046495,0.9522323481514479,130.04411648173868,-3.741694663507287e-05,4.467324381347946e-06,1.0,1.0,0.0,68.66578543663931,0.0,1.0,103.16188521698093,0.0,0.0,1.0
frame_0088.jpg,frame_0088,88,D:\visualization2026\visualization\left_downsample2_Q44\frame_0088.jpg,D:\visualization2026\visualization\right_downsample2_Q44\frame_0088.jpg,D:\visualization2026\dowsample2_Q44\stitched_frames\frame_0088.jpg,D:\visualization2026\dowsample2_Q44_hess_matched\stitched_frames\frame_0088.jpg,1668,1297,-0.027661478907888254,0.0062618985489797385,101.41744471642528,-0.2480859907599755,107.62730078177651,-25.653054475138106,-6.209856065351232,25.40496848437813,26.152910661045468,-13.975358824891469,-9.91348838711483,17.134407088835392,0,1,-6.987679412445734,-4.956744193557415,6.987679412445734,4.956744193557415,2,3,26.152910661045468,1272.2399285764063,191.0507990244687,1164.6126277946298,216.7038534996068,12,12,0.892734658464459,0.07498498729483602,-7.119194322869211,-0.08480835111782611,0.9522377319073249,131.2492575051622,-3.741694663507287e-05,4.467324381347946e-06,1.0,1.0,0.0,74.98767941244573,0.0,1.0,101.95674419355741,0.0,0.0,1.0
frame_0090.jpg,frame_0090,90,D:\visualization2026\visualization\left_downsample2_Q44\frame_0090.jpg,D:\visualization2026\visualization\right_downsample2_Q44\frame_0090.jpg,D:\visualization2026\dowsample2_Q44\stitched_frames\frame_0090.jpg,D:\visualization2026\dowsample2_Q44_hess_matched\stitched_frames\frame_0090.jpg,1668,1297,-0.02812156830759363,0.006517423095871264,101.63398506282878,0.09549362123324359,101.64020598681452,9.308547575196371,-0.006220923985736704,-9.213053953963128,9.213056054237967,-12.098135465598364,-0.7993057983534833,12.124511186157175,0,1,-6.049067732799182,-0.3996528991767416,6.049067732799182,0.3996528991767416,7,4,9.213056054237967,1003.7985445910734,115.73992012421598,902.1583386042589,106.43137254901961,12,12,0.8926995384813305,0.07498918037767711,-6.1805826432226585,-0.08497886355959912,0.9522580899123723,135.8063487995429,-3.741694663507287e-05,4.467324381347946e-06,1.0,1.0,0.0,74.04906773279919,0.0,1.0,97.39965289917674,0.0,0.0,1.0
frame_0092.jpg,frame_0092,92,D:\visualization2026\visualization\left_downsample2_Q44\frame_0092.jpg,D:\visualization2026\visualization\right_downsample2_Q44\frame_0092.jpg,D:\visualization2026\dowsample2_Q44\stitched_frames\frame_0092.jpg,D:\visualization2026\dowsample2_Q44_hess_matched\stitched_frames\frame_0092.jpg,1668,1297,-0.028461552113355992,0.006608390505655981,102.74447647636104,0.12461032600311013,156.40516871934346,23.20406796846538,-53.66069224298242,-23.07945764246227,58.41345099432394,-14.3255881926843,-5.426080922633233,15.318773816638855,0,1,-7.16279409634215,-2.7130404613166164,7.16279409634215,2.7130404613166164,7,1,58.41345099432394,1526.574436842826,215.3244287038105,1370.1692681234824,192.12036073534512,12,12,0.8927412107212414,0.07498420500073912,-7.294309006765626,-0.0848923036606403,0.9522477552597124,133.49296123740302,-3.741694663507287e-05,4.467324381347946e-06,1.0,1.0,0.0,75.16279409634215,0.0,1.0,99.71304046131661,0.0,0.0,1.0
frame_0094.jpg,frame_0094,94,D:\visualization2026\visualization\left_downsample2_Q44\frame_0094.jpg,D:\visualization2026\visualization\right_downsample2_Q44\frame_0094.jpg,D:\visualization2026\dowsample2_Q44\stitched_frames\frame_0094.jpg,D:\visualization2026\dowsample2_Q44_hess_matched\stitched_frames\frame_0094.jpg,1668,1297,-0.028271418484063338,0.006192328672625896,105.67064744706975,-0.7305267732100432,104.37031928887723,-22.91588830129622,1.300328158192528,22.185361528086176,22.22343626559301,-13.340347015453975,-11.868129545710898,17.85545735640809,0,1,-6.670173507726988,-5.934064772855449,6.670173507726988,5.934064772855449,1,1,22.22343626559301,1167.7668829648526,102.22106951213219,1063.3965636759754,125.13695781342841,12,12,0.8927227783629658,0.07498640569670538,-6.801688418150464,-0.08477178276586517,0.9522333658992725,130.2719369258642,-3.741694663507287e-05,4.467324381347946e-06,1.0,1.0,0.0,74.67017350772699,0.0,1.0,102.93406477285545,0.0,0.0,1.0
frame_0096.jpg,frame_0096,96,D:\visualization2026\visualization\left_downsample2_Q44\frame_0096.jpg,D:\visualization2026\visualization\right_downsample2_Q44\frame_0096.jpg,D:\visualization2026\dowsample2_Q44\stitched_frames\frame_0096.jpg,D:\visualization2026\dowsample2_Q44_hess_matched\stitched_frames\frame_0096.jpg,1668,1297,-0.027750706956257587,0.005457476593919083,109.75441658553802,-2.143074256119863,122.80591647483266,40.28514877308521,-13.051499889294632,-42.42822302920507,44.390266486880044,-7.209569519952828,-9.212805485771863,11.69844765692017,0,1,-3.604784759976414,-4.6064027428859315,3.604784759976414,4.6064027428859315,9,1,44.390266486880044,1190.5331000755457,169.73791169643636,1067.727183600713,129.45276292335114,12,12,0.8926080808757755,0.07500009978259652,-3.73629967039989,-0.08482145982518995,0.9522392969962292,131.5995989558337,-3.741694663507287e-05,4.467324381347946e-06,1.0,1.0,0.0,71.60478475997641,0.0,1.0,101.60640274288593,0.0,0.0,1.0
frame_0098.jpg,frame_0098,98,D:\visualization2026\visualization\left_downsample2_Q44\frame_0098.jpg,D:\visualization2026\visualization\right_downsample2_Q44\frame_0098.jpg,D:\visualization2026\dowsample2_Q44\stitched_frames\frame_0098.jpg,D:\visualization2026\dowsample2_Q44_hess_matched\stitched_frames\frame_0098.jpg,1668,1297,-0.027222421877719477,0.004911108224521746,111.96295784174609,-3.1186608797145996,113.2466080209457,3.686613751295596,-1.2836501791996113,-6.805274631010196,6.925281264037595,7.991459083411286,-3.8590981072451784,8.874460912257154,0,1,3.995729541705643,-1.9295490536225892,-3.995729541705643,1.9295490536225892,10,2,6.925281264037595,1010.8276452980932,129.6806710176381,897.5810372771475,125.99405726634251,12,12,0.8923236928377504,0.07503405374544721,3.8642146312821666,-0.08492161951683101,0.9522512553699806,134.27645264509704,-3.741694663507287e-05,4.467324381347946e-06,1.0,1.0,0.0,64.00427045829436,0.0,1.0,98.9295490536226,0.0,0.0,1.0
frame_0100.jpg,frame_0100,100,D:\visualization2026\visualization\left_downsample2_Q44\frame_0100.jpg,D:\visualization2026\visualization\right_downsample2_Q44\frame_0100.jpg,D:\visualization2026\dowsample2_Q44\stitched_frames\frame_0100.jpg,D:\visualization2026\dowsample2_Q44_hess_matched\stitched_frames\frame_0100.jpg,1668,1297,-0.02709802670264219,0.005409820238774579,106.38918793137995,-1.9072986110355967,75.74152137785995,-5.970864956767642,30.647666553519997,4.0635663457320454,30.91588647640424,0.5664913707653287,-9.506675559676248,9.523538873239154,0,1,0.28324568538266437,-4.753337779838124,-0.28324568538266437,4.753337779838124,8,1,30.91588647640424,1140.2288142913824,121.49829975829871,1064.4872929135224,127.46916471506636,12,12,0.892462602648086,0.07501746887580049,0.15173077495918808,-0.08481596196475348,0.9522386405897562,131.4526639188815,-3.741694663507287e-05,4.467324381347946e-06,1.0,1.0,0.0,67.71675431461733,0.0,1.0,101.75333777983812,0.0,0.0,1.0
frame_0102.jpg,frame_0102,102,D:\visualization2026\visualization\left_downsample2_Q44\frame_0102.jpg,D:\visualization2026\visualization\right_downsample2_Q44\frame_0102.jpg,D:\visualization2026\dowsample2_Q44\stitched_frames\frame_0102.jpg,D:\visualization2026\dowsample2_Q44_hess_matched\stitched_frames\frame_0102.jpg,1668,1297,-0.02742689218394484,0.007015793918447338,92.71869035134522,1.6077301352353413,70.37423957750707,-2.0813491149358185,22.344450773838147,3.68907925017116,22.646937675953446,0.7037734133015592,0.6830835038408758,0.980765053664564,0,1,0.3518867066507796,0.3415417519204379,-0.3518867066507796,-0.3415417519204379,4,1,22.646937675953446,1130.6177386740583,127.40969495765432,1060.2434990965512,129.49104407259014,12,12,0.8924600343106561,0.07501777551750836,0.2203717962273033,-0.08500659680030542,0.9522614010693083,136.54754345064006,-3.741694663507287e-05,4.467324381347946e-06,1.0,1.0,0.0,67.64811329334923,0.0,1.0,96.65845824807957,0.0,0.0,1.0
frame_0104.jpg,frame_0104,104,D:\visualization2026\visualization\left_downsample2_Q44\frame_0104.jpg,D:\visualization2026\visualization\right_downsample2_Q44\frame_0104.jpg,D:\visualization2026\dowsample2_Q44\stitched_frames\frame_0104.jpg,D:\visualization2026\dowsample2_Q44_hess_matched\stitched_frames\frame_0104.jpg,1668,1297,-0.027777942662940702,0.008562585896839225,79.7531655049156,4.975081052625998,115.57767590995286,11.027606786695173,-35.82451040503726,-6.052525734069175,36.33219802767502,-2.9616578233169704,4.049626071327695,5.017059734544885,0,1,-1.4808289116584852,2.0248130356638474,1.4808289116584852,-2.0248130356638474,5,6,36.33219802767502,1009.5407560787291,122.4099907529399,893.9630801687763,111.38238396624473,12,12,0.8925286089331437,0.07500958818234262,-1.6123438220819615,-0.0850695796721016,0.9522689207881547,138.23081473438347,-3.741694663507287e-05,4.467324381347946e-06,1.0,1.0,0.0,69.48082891165849,0.0,1.0,94.97518696433615,0.0,0.0,1.0
frame_0106.jpg,frame_0106,106,D:\visualization2026\visualization\left_downsample2_Q44\frame_0106.jpg,D:\visualization2026\visualization\right_downsample2_Q44\frame_0106.jpg,D:\visualization2026\dowsample2_Q44\stitched_frames\frame_0106.jpg,D:\visualization2026\dowsample2_Q44_hess_matched\stitched_frames\frame_0106.jpg,1668,1297,-0.027882604310150133,0.009358162946157988,72.63931830323031,6.7471915809959,85.00440797984379,-1.7733807073846464,-12.36508967661348,8.520572288380546,15.016510740921532,-14.462495743615179,5.543773627074735,15.488615469509744,0,1,-7.231247871807589,2.7718868135373675,7.231247871807589,-2.7718868135373675,3,1,15.016510740921532,1170.1436851222973,124.79509310314761,1085.1392771424535,126.56847381053225,12,12,0.8927437720525049,0.07498389919551898,-7.362762782231066,-0.08509753289178075,0.9522722582090573,138.977888512257,-3.741694663507287e-05,4.467324381347946e-06,1.0,1.0,0.0,75.2312478718076,0.0,1.0,94.22811318646264,0.0,0.0,1.0
frame_0108.jpg,frame_0108,108,D:\visualization2026\visualization\left_downsample2_Q44\frame_0108.jpg,D:\visualization2026\visualization\right_downsample2_Q44\frame_0108.jpg,D:\visualization2026\dowsample2_Q44\stitched_frames\frame_0108.jpg,D:\visualization2026\dowsample2_Q44_hess_matched\stitched_frames\frame_0108.jpg,1668,1297,-0.028013146007002554,0.009858320623951547,68.54677401853745,7.827022221455618,235.13287458503225,59.93531168001505,-166.5861005664948,-52.108289458559426,174.5457038492994,-26.397722686532784,7.195566640913322,27.360846885995915,1,0,-13.198861343266392,3.597783320456661,13.198861343266392,-3.597783320456661,0,0,174.5457038492994,764.1923741486052,1009.6421781333173,529.0594995635729,949.7068664533023,12,12,0.8929670619273052,0.07495723993035946,-13.330376253689868,-0.08512843541730625,0.952275947756659,139.8037850191763,-3.741694663507287e-05,4.467324381347946e-06,1.0,1.0,0.0,81.19886134326639,0.0,1.0,93.40221667954334,0.0,0.0,1.0
frame_0110.jpg,frame_0110,110,D:\visualization2026\visualization\left_downsample2_Q44\frame_0110.jpg,D:\visualization2026\visualization\right_downsample2_Q44\frame_0110.jpg,D:\visualization2026\dowsample2_Q44\stitched_frames\frame_0110.jpg,D:\visualization2026\dowsample2_Q44_hess_matched\stitched_frames\frame_0110.jpg,1668,1297,-0.028135943374669015,0.010052007716957412,67.38566158420095,8.206973968033985,94.24218463217198,-3.3273301564332627,-26.856523047971038,11.534304124467248,29.22863325340242,-21.528640514789885,10.381398673356887,23.900958157158232,0,1,-10.764320257394942,5.190699336678444,10.764320257394942,-5.190699336678444,1,1,29.22863325340242,1141.095996381506,112.59462572074649,1046.853811749334,115.92195587717976,12,12,0.8928759688334142,0.07496811581510977,-10.895835167818419,-0.08518803747087937,0.9522830638292158,141.39670103539808,-3.741694663507287e-05,4.467324381347946e-06,1.0,1.0,0.0,78.76432025739494,0.0,1.0,91.80930066332155,0.0,0.0,1.0
frame_0112.jpg,frame_0112,112,D:\visualization2026\visualization\left_downsample2_Q44\frame_0112.jpg,D:\visualization2026\visualization\right_downsample2_Q44\frame_0112.jpg,D:\visualization2026\dowsample2_Q44\stitched_frames\frame_0112.jpg,D:\visualization2026\dowsample2_Q44_hess_matched\stitched_frames\frame_0112.jpg,1668,1297,-0.02820684339687793,0.010042127613808932,67.89747660486859,8.146775425345448,105.22916054561847,-3.801268894018648,-37.33168394074988,11.948044319364096,39.1970711776981,-16.180925609846312,10.23832912306742,19.14799563462533,0,1,-8.090462804923156,5.11916456153371,8.090462804923156,-5.11916456153371,1,1,39.1970711776981,1152.42826288892,112.19930518875364,1047.1991023433015,116.00057408277229,12,12,0.8927759212518054,0.07498006080369946,-8.221977715346632,-0.08518536085801523,0.9522827442601707,141.32516626025335,-3.741694663507287e-05,4.467324381347946e-06,1.0,1.0,0.0,76.09046280492316,0.0,1.0,91.88083543846629,0.0,0.0,1.0
frame_0114.jpg,frame_0114,114,D:\visualization2026\visualization\left_downsample2_Q44\frame_0114.jpg,D:\visualization2026\visualization\right_downsample2_Q44\frame_0114.jpg,D:\visualization2026\dowsample2_Q44\stitched_frames\frame_0114.jpg,D:\visualization2026\dowsample2_Q44_hess_matched\stitched_frames\frame_0114.jpg,1668,1297,-0.028219232501742353,0.010106964394165294,67.34035981100016,8.28915475163242,123.57610040898521,57.94350087894739,-56.23574059798506,-49.654346127314966,75.0200813778222,-10.523597647370233,2.7579618031435693,10.878991715748993,1,1,-5.261798823685116,1.3789809015717847,5.261798823685116,-1.3789809015717847,6,1,75.0200813778222,1168.9371713594535,173.62971239166492,1045.3610709504683,115.68621151271753,12,12,0.8926700812825709,0.07499269736326948,-5.393313734108593,-0.08504541460560507,0.9522660356465158,137.58498260029143,-3.741694663507287e-05,4.467324381347946e-06,1.0,1.0,0.0,73.26179882368511,0.0,1.0,95.62101909842822,0.0,0.0,1.0
frame_0116.jpg,frame_0116,116,D:\visualization2026\visualization\left_downsample2_Q44\frame_0116.jpg,D:\visualization2026\visualization\right_downsample2_Q44\frame_0116.jpg,D:\visualization2026\dowsample2_Q44\stitched_frames\frame_0116.jpg,D:\visualization2026\dowsample2_Q44_hess_matched\stitched_frames\frame_0116.jpg,1668,1297,-0.02816485557317161,0.010142856102067319,66.67279715562238,8.400362887102386,52.299312307517994,0.5951383501691794,14.373484848104383,7.805224536933206,16.35599574317108,-1.1528864383032267,-2.099828150561642,2.3955010752480628,0,1,-0.5764432191516133,-1.049914075280821,0.5764432191516133,1.049914075280821,5,1,16.35599574317108,1101.6875851569803,115.80873602042007,1049.3882728494623,115.21359767025089,12,12,0.8924947695819496,0.07501362836659689,-0.7079581295750896,-0.08495453277187397,0.952255184984766,135.15608762343882,-3.741694663507287e-05,4.467324381347946e-06,1.0,1.0,0.0,68.57644321915161,0.0,1.0,98.04991407528082,0.0,0.0,1.0
frame_0118.jpg,frame_0118,118,D:\visualization2026\visualization\left_downsample2_Q44\frame_0118.jpg,D:\visualization2026\visualization\right_downsample2_Q44\frame_0118.jpg,D:\visualization2026\dowsample2_Q44\stitched_frames\frame_0118.jpg,D:\visualization2026\dowsample2_Q44_hess_matched\stitched_frames\frame_0118.jpg,1668,1297,-0.027995754021640895,0.010028172484915429,66.79493614190517,8.226378565887034,58.119102691817034,35.60077695908238,8.675833450088135,-27.37439839319535,28.716332868997117,-0.6001885375375862,-2.9201009211801106,2.981143349533604,0,1,-0.3000942687687931,-1.4600504605900553,0.3000942687687931,1.4600504605900553,7,1,28.716332868997117,1105.0166512805463,151.99451658209244,1046.8975485887293,116.39373962301006,12,12,0.8924844294480205,0.0750148629070007,-0.4316091791922694,-0.08493918672063175,0.9522533527724922,134.74595123812958,-3.741694663507287e-05,4.467324381347946e-06,1.0,1.0,0.0,68.30009426876879,0.0,1.0,98.46005046059005,0.0,0.0,1.0
frame_0120.jpg,frame_0120,120,D:\visualization2026\visualization\left_downsample2_Q44\frame_0120.jpg,D:\visualization2026\visualization\right_downsample2_Q44\frame_0120.jpg,D:\visualization2026\dowsample2_Q44\stitched_frames\frame_0120.jpg,D:\visualization2026\dowsample2_Q44_hess_matched\stitched_frames\frame_0120.jpg,1668,1297,-0.027680662440422776,0.0097910220967809,67.25036936202883,7.848306545053329,47.25333636466485,20.602952189112145,19.997032997363988,-12.754645644058815,23.718396113632405,1.4926956413906205,-2.003632836463198,2.4985365358905836,0,1,0.7463478206953102,-1.001816418231599,-0.7463478206953102,1.001816418231599,9,1,23.718396113632405,1091.881983900686,134.16252356579213,1044.6286475360212,113.55957137667998,12,12,0.8924452747802023,0.07501953770326063,0.614832910271834,-0.08495633243934106,0.952255399852602,135.20418528048802,-3.741694663507287e-05,4.467324381347946e-06,1.0,1.0,0.0,67.2536521793047,0.0,1.0,98.0018164182316,0.0,0.0,1.0
frame_0122.jpg,frame_0122,122,D:\visualization2026\visualization\left_downsample2_Q44\frame_0122.jpg,D:\visualization2026\visualization\right_downsample2_Q44\frame_0122.jpg,D:\visualization2026\dowsample2_Q44\stitched_frames\frame_0122.jpg,D:\visualization2026\dowsample2_Q44_hess_matched\stitched_frames\frame_0122.jpg,1668,1297,-0.02742332004612269,0.009625354228023464,67.35018154642577,7.603885541309955,101.91837598334746,-0.24279492496179955,-34.56819443692169,7.846680466271755,35.447573414390355,-6.6922878947138855,2.811739312688828,7.258966539959656,0,1,-3.3461439473569428,1.405869656344414,3.3461439473569428,-1.405869656344414,1,1,35.447573414390355,1150.7152945379062,115.83008531425568,1048.7969185545587,116.07288023921748,12,12,0.892598403326292,0.07500125521500475,-3.477658857780419,-0.08504642070070748,0.9522661557673056,137.61187135506404,-3.741694663507287e-05,4.467324381347946e-06,1.0,1.0,0.0,71.34614394735695,0.0,1.0,95.59413034365559,0.0,0.0,1.0
frame_0124.jpg,frame_0124,124,D:\visualization2026\visualization\left_downsample2_Q44\frame_0124.jpg,D:\visualization2026\visualization\right_downsample2_Q44\frame_0124.jpg,D:\visualization2026\dowsample2_Q44\stitched_frames\frame_0124.jpg,D:\visualization2026\dowsample2_Q44_hess_matched\stitched_frames\frame_0124.jpg,1668,1297,-0.02743963944943753,0.009722247784200902,66.50473843029101,7.817821596280806,67.51941708197273,-6.641153255452409,-1.0146786516817201,14.458974851733215,14.494534367451482,-11.411903997239195,11.78464785764028,16.404556622194626,0,1,-5.7059519986195975,5.89232392882014,5.7059519986195975,-5.89232392882014,1,2,14.494534367451482,1108.6813662439217,109.36195474765559,1041.161949161949,116.003108003108,12,12,0.8926867001382152,0.07499071318696204,-5.837466909043074,-0.0852142901208014,0.9522861982138628,142.09832562753977,-3.741694663507287e-05,4.467324381347946e-06,1.0,1.0,0.0,73.7059519986196,0.0,1.0,91.10767607117987,0.0,0.0,1.0
frame_0126.jpg,frame_0126,126,D:\visualization2026\visualization\left_downsample2_Q44\frame_0126.jpg,D:\visualization2026\visualization\right_downsample2_Q44\frame_0126.jpg,D:\visualization2026\dowsample2_Q44\stitched_frames\frame_0126.jpg,D:\visualization2026\dowsample2_Q44_hess_matched\stitched_frames\frame_0126.jpg,1668,1297,-0.027727130457912835,0.010069867586292483,64.81439358528114,8.4642460453804,91.36582641769928,-23.417839237312933,-26.551432832418143,31.882085282693332,41.4903114886758,-29.108999083400136,17.459462382258202,33.943580458090736,0,1,-14.554499541700068,8.729731191129101,14.554499541700068,-8.729731191129101,1,7,41.4903114886758,1249.1985680350563,194.3024763445411,1157.832741617357,217.72031558185404,12,12,0.8930177857694325,0.07495118385478332,-14.686014452123544,-0.08532045723691717,0.9522988738325056,144.93573288984874,-3.741694663507287e-05,4.467324381347946e-06,1.0,1.0,0.0,82.55449954170007,0.0,1.0,88.2702688088709,0.0,0.0,1.0
frame_0128.jpg,frame_0128,128,D:\visualization2026\visualization\left_downsample2_Q44\frame_0128.jpg,D:\visualization2026\visualization\right_downsample2_Q44\frame_0128.jpg,D:\visualization2026\dowsample2_Q44\stitched_frames\frame_0128.jpg,D:\visualization2026\dowsample2_Q44_hess_matched\stitched_frames\frame_0128.jpg,1668,1297,-0.027990311866867845,0.010472657202766938,62.44558352916921,9.25025669388556,77.36783059170762,-8.239887637676347,-14.922247062538403,17.490144331561908,22.99083743873422,-29.386367212467952,18.240255417669825,34.58707122101906,0,1,-14.693183606233976,9.120127708834913,14.693183606233976,-9.120127708834913,9,1,22.99083743873422,1090.0038702570314,107.46969814891595,1012.6360396653238,115.7095857865923,12,12,0.8930229749036743,0.07495056430808053,-14.824698516657453,-0.0853350646825867,0.9523006178603874,145.32612940755453,-3.741694663507287e-05,4.467324381347946e-06,1.0,1.0,0.0,82.69318360623397,0.0,1.0,87.87987229116509,0.0,0.0,1.0
frame_0130.jpg,frame_0130,130,D:\visualization2026\visualization\left_downsample2_Q44\frame_0130.jpg,D:\visualization2026\visualization\right_downsample2_Q44\frame_0130.jpg,D:\visualization2026\dowsample2_Q44\stitched_frames\frame_0130.jpg,D:\visualization2026\dowsample2_Q44_hess_matched\stitched_frames\frame_0130.jpg,1668,1297,-0.02800664097770189,0.01069512927287547,60.38041002804592,9.752646553876287,128.86885246148665,-5.866780425154502,-68.48844243344072,15.61942697903079,70.24694474574676,-29.86775702834777,16.924833308848985,34.329766856719864,0,1,-14.933878514173886,8.462416654424493,14.933878514173886,-8.462416654424493,2,1,70.24694474574676,1141.8166290084087,109.31594890965586,1012.947776546922,115.18272933481036,12,12,0.8930319809722,0.07494948904584982,-15.065393424597362,-0.08531045514316252,0.9522976796517583,144.66841835314412,-3.741694663507287e-05,4.467324381347946e-06,1.0,1.0,0.0,82.93387851417388,0.0,1.0,88.53758334557551,0.0,0.0,1.0
frame_0132.jpg,frame_0132,132,D:\visualization2026\visualization\left_downsample2_Q44\frame_0132.jpg,D:\visualization2026\visualization\right_downsample2_Q44\frame_0132.jpg,D:\visualization2026\dowsample2_Q44\stitched_frames\frame_0132.jpg,D:\visualization2026\dowsample2_Q44_hess_matched\stitched_frames\frame_0132.jpg,1668,1297,-0.028072537742142356,0.010619303161019583,61.50343598056666,9.54361389665747,42.35471252620573,41.675868272437526,19.148723454360926,-32.13225437578006,37.40528547146016,-32.80723428201617,15.955758414032521,36.48151378166847,1,1,-16.403617141008084,7.977879207016261,16.403617141008084,-7.977879207016261,3,4,37.40528547146016,1319.8252048639952,281.11136441416124,1277.4704923377894,239.43549614172372,12,12,0.8930869741039678,0.07494292324664795,-16.53513205143156,-0.08529232523135015,0.9522955150658058,144.1838809057359,-3.741694663507287e-05,4.467324381347946e-06,1.0,1.0,0.0,84.40361714100808,0.0,1.0,89.02212079298374,0.0,0.0,1.0
frame_0134.jpg,frame_0134,134,D:\visualization2026\visualization\left_downsample2_Q44\frame_0134.jpg,D:\visualization2026\visualization\right_downsample2_Q44\frame_0134.jpg,D:\visualization2026\dowsample2_Q44\stitched_frames\frame_0134.jpg,D:\visualization2026\dowsample2_Q44_hess_matched\stitched_frames\frame_0134.jpg,1668,1297,-0.028143471898009503,0.010661132846240678,61.51317623391728,9.602176779725898,64.93480396499808,1.7203124720969072,-3.421627731080804,7.881864307628991,8.592515422969981,-36.35498404189744,16.470271685794057,39.91183676668473,0,1,-18.17749202094872,8.235135842897028,18.17749202094872,-8.235135842897028,5,3,8.592515422969981,1315.986996031804,274.9610918736279,1251.052192066806,273.240779401531,12,12,0.8931533470856878,0.07493499877214733,-18.309006931372195,-0.08530195098916642,0.9522966643146474,144.44113754161665,-3.741694663507287e-05,4.467324381347946e-06,1.0,1.0,0.0,86.17749202094872,0.0,1.0,88.76486415710298,0.0,0.0,1.0
frame_0136.jpg,frame_0136,136,D:\visualization2026\visualization\left_downsample2_Q44\frame_0136.jpg,D:\visualization2026\visualization\right_downsample2_Q44\frame_0136.jpg,D:\visualization2026\dowsample2_Q44\stitched_frames\frame_0136.jpg,D:\visualization2026\dowsample2_Q44_hess_matched\stitched_frames\frame_0136.jpg,1668,1297,-0.02801493625511961,0.011143155941511995,56.07722666836273,10.777394082183578,97.32604576912286,-16.259316726427457,-41.24881910076013,27.036710808611033,49.31986221144275,-27.471930079835182,15.964128404413518,31.773579244774353,0,1,-13.735965039917591,7.982064202206759,13.735965039917591,-7.982064202206759,9,1,49.31986221144275,1112.7535855421586,99.0873738312095,1015.4275397730357,115.34669055763696,12,12,0.8929871587076603,0.07495484051392011,-13.867479950341068,-0.08529248182109186,0.9522955337615367,144.1880659009264,-3.741694663507287e-05,4.467324381347946e-06,1.0,1.0,0.0,81.73596503991759,0.0,1.0,89.01793579779324,0.0,0.0,1.0
frame_0138.jpg,frame_0138,138,D:\visualization2026\visualization\left_downsample2_Q44\frame_0138.jpg,D:\visualization2026\visualization\right_downsample2_Q44\frame_0138.jpg,D:\visualization2026\dowsample2_Q44\stitched_frames\frame_0138.jpg,D:\visualization2026\dowsample2_Q44_hess_matched\stitched_frames\frame_0138.jpg,1668,1297,-0.027276588010335612,0.011508902100527879,48.19401315533657,12.008087335810046,12.512049282410544,-43.85837917673234,35.681963872926026,55.86646651254239,66.28924970480371,-23.37799294024585,14.836941366524869,27.688723029924684,1,1,-11.688996470122925,7.418470683262434,11.688996470122925,-7.418470683262434,2,7,66.28924970480371,1577.7709930643525,1075.709479994193,1565.258943781942,1119.5678591709254,12,12,0.8929105673939206,0.07496398498651981,-11.820511380546401,-0.08527139387246965,0.9522930160064684,143.62447238198206,-3.741694663507287e-05,4.467324381347946e-06,1.0,1.0,0.0,79.68899647012293,0.0,1.0,89.58152931673757,0.0,0.0,1.0
frame_0140.jpg,frame_0140,140,D:\visualization2026\visualization\left_downsample2_Q44\frame_0140.jpg,D:\visualization2026\visualization\right_downsample2_Q44\frame_0140.jpg,D:\visualization2026\dowsample2_Q44\stitched_frames\frame_0140.jpg,D:\visualization2026\dowsample2_Q44_hess_matched\stitched_frames\frame_0140.jpg,1668,1297,-0.02649713132200554,0.012026562173439961,38.59409632135406,13.609477889687588,121.65603798734548,-9.299173034732874,-83.06194166599143,22.908650924420463,86.16317334280065,-27.348686694531022,16.65025021806727,32.01845555675457,1,1,-13.674343347265511,8.325125109033635,13.674343347265511,-8.325125109033635,5,1,86.16317334280065,1136.8088554010324,105.98458277076206,1015.1528174136869,115.28375580549493,12,12,0.8929848530120748,0.07495511579801012,-13.805858257688987,-0.08530531811273519,0.9522970663258902,144.53112680775325,-3.741694663507287e-05,4.467324381347946e-06,1.0,1.0,0.0,81.6743433472655,0.0,1.0,88.67487489096636,0.0,0.0,1.0
frame_0142.jpg,frame_0142,142,D:\visualization2026\visualization\left_downsample2_Q44\frame_0142.jpg,D:\visualization2026\visualization\right_downsample2_Q44\frame_0142.jpg,D:\visualization2026\dowsample2_Q44\stitched_frames\frame_0142.jpg,D:\visualization2026\dowsample2_Q44_hess_matched\stitched_frames\frame_0142.jpg,1668,1297,-0.02637609386469819,0.012931196789777694,29.097154329849428,15.751484728373734,44.58250371416352,9.636774274487095,-15.485349384314095,6.114710453886639,16.64889574383681,-25.311891598518844,16.799329391704138,30.379422711864414,0,1,-12.655945799259422,8.399664695852069,12.655945799259422,-8.399664695852069,5,7,16.64889574383681,1221.9732321909846,186.92669333261807,1177.390728476821,177.28991905813098,12,12,0.8929467476853677,0.07495966531020623,-12.787460709682898,-0.08530810715647737,0.9522973993184037,144.6056663945717,-3.741694663507287e-05,4.467324381347946e-06,1.0,1.0,0.0,80.65594579925943,0.0,1.0,88.60033530414793,0.0,0.0,1.0
frame_0144.jpg,frame_0144,144,D:\visualization2026\visualization\left_downsample2_Q44\frame_0144.jpg,D:\visualization2026\visualization\right_downsample2_Q44\frame_0144.jpg,D:\visualization2026\dowsample2_Q44\stitched_frames\frame_0144.jpg,D:\visualization2026\dowsample2_Q44_hess_matched\stitched_frames\frame_0144.jpg,1668,1297,-0.027020359373566727,0.012736965913628648,34.76256234317253,14.964535397436938,-11.661698303131743,-9.742404123313634,46.424260646304276,24.706939520750574,52.589398523257735,-22.150555749816434,8.342215518324847,23.669382750293803,1,1,-11.075277874908217,4.171107759162424,11.075277874908217,-4.171107759162424,5,8,52.589398523257735,1243.6716350302015,284.47048650168637,1255.3333333333333,294.212890625,12,12,0.8928876039179946,0.0749667266665635,-11.206792785331693,-0.08514988746723388,0.9522785089829026,140.37710945788206,-3.741694663507287e-05,4.467324381347946e-06,1.0,1.0,0.0,79.07527787490821,0.0,1.0,92.82889224083758,0.0,0.0,1.0
frame_0146.jpg,frame_0146,146,D:\visualization2026\visualization\left_downsample2_Q44\frame_0146.jpg,D:\visualization2026\visualization\right_downsample2_Q44\frame_0146.jpg,D:\visualization2026\dowsample2_Q44\stitched_frames\frame_0146.jpg,D:\visualization2026\dowsample2_Q44_hess_matched\stitched_frames\frame_0146.jpg,1668,1297,-0.027800582266306162,0.012174127903322382,44.805802008955965,13.258963994559977,75.8706456296552,-14.523142682235388,-31.064843620699236,27.782106676795365,41.675771865429624,-21.315221826995163,4.303485464869503,21.745313717680737,0,1,-10.657610913497582,2.1517427324347516,10.657610913497582,-2.1517427324347516,2,1,41.675771865429624,1088.917425402345,100.40053820504293,1013.0467797726899,114.92368088727832,12,12,0.8928719760955882,0.07496859252036349,-10.789125823921058,-0.08507432899379208,0.9522694878242838,138.35774443115437,-3.741694663507287e-05,4.467324381347946e-06,1.0,1.0,0.0,78.65761091349758,0.0,1.0,94.84825726756524,0.0,0.0,1.0
frame_0148.jpg,frame_0148,148,D:\visualization2026\visualization\left_downsample2_Q44\frame_0148.jpg,D:\visualization2026\visualization\right_downsample2_Q44\frame_0148.jpg,D:\visualization2026\dowsample2_Q44\stitched_frames\frame_0148.jpg,D:\visualization2026\dowsample2_Q44_hess_matched\stitched_frames\frame_0148.jpg,1668,1297,-0.028081243014552837,0.012474579852367662,43.53355358598055,13.800654932482296,60.387870204413275,36.02351360900917,-16.854316618432726,-22.222858676526876,27.891278859730747,-22.80588983005503,4.683139231338105,23.28176118769165,0,1,-11.402944915027515,2.3415696156690524,11.402944915027515,-2.3415696156690524,6,5,27.891278859730747,1323.7757391748955,189.16534226271688,1263.3878689704823,153.1418286537077,12,12,0.8928998642181487,0.07496526287160621,-11.534459825450991,-0.08508143173615196,0.9522703358425475,138.54757131438868,-3.741694663507287e-05,4.467324381347946e-06,1.0,1.0,0.0,79.40294491502752,0.0,1.0,94.65843038433094,0.0,0.0,1.0
frame_0150.jpg,frame_0150,150,D:\visualization2026\visualization\left_downsample2_Q44\frame_0150.jpg,D:\visualization2026\visualization\right_downsample2_Q44\frame_0150.jpg,D:\visualization2026\dowsample2_Q44\stitched_frames\frame_0150.jpg,D:\visualization2026\dowsample2_Q44_hess_matched\stitched_frames\frame_0150.jpg,1668,1297,-0.027990595555946185,0.012990388366161454,37.9916582020184,15.033437233762672,174.71288494234932,101.0012086061127,-136.7212267403309,-85.96777137235003,161.50279117126618,-23.347045687594456,5.919637171791482,24.085818370657,1,0,-11.673522843797228,2.959818585895741,11.673522843797228,-2.959818585895741,3,1,161.50279117126618,1324.6042250806438,207.23060164749126,1149.8913401382945,106.22939304137856,12,12,0.8929099884180701,0.07496405411222795,-11.805037754220704,-0.08510456472487812,0.9522730977612459,139.16582028461536,-3.741694663507287e-05,4.467324381347946e-06,1.0,1.0,0.0,79.67352284379723,0.0,1.0,94.04018141410425,0.0,0.0,1.0
frame_0152.jpg,frame_0152,152,D:\visualization2026\visualization\left_downsample2_Q44\frame_0152.jpg,D:\visualization2026\visualization\right_downsample2_Q44\frame_0152.jpg,D:\visualization2026\dowsample2_Q44\stitched_frames\frame_0152.jpg,D:\visualization2026\dowsample2_Q44_hess_matched\stitched_frames\frame_0152.jpg,1668,1297,-0.027879243896099026,0.013317095820406716,34.165131221309814,15.842798504269702,267.3262788144091,49.67244185480945,-233.16114759309926,-33.82964335053975,235.6025583820255,-22.938689399613438,8.01297928622964,24.297969224062392,1,0,-11.469344699806719,4.00648964311482,11.469344699806719,-4.00648964311482,0,0,235.6025583820255,827.661497808152,989.536588593474,560.335218993743,939.8641467386645,12,12,0.8929023486953525,0.07496496624222874,-11.600859610230195,-0.08514372795997056,0.9522777735803791,140.21249134183446,-3.741694663507287e-05,4.467324381347946e-06,1.0,1.0,0.0,79.46934469980673,0.0,1.0,92.99351035688518,0.0,0.0,1.0
frame_0154.jpg,frame_0154,154,D:\visualization2026\visualization\left_downsample2_Q44\frame_0154.jpg,D:\visualization2026\visualization\right_downsample2_Q44\frame_0154.jpg,D:\visualization2026\dowsample2_Q44\stitched_frames\frame_0154.jpg,D:\visualization2026\dowsample2_Q44_hess_matched\stitched_frames\frame_0154.jpg,1668,1297,-0.027962168671456233,0.013457921168264358,33.28362048652912,16.12241583603906,-54.320733857917816,149.59361172175272,87.60435434444693,-133.47119588571366,159.65300821240407,-24.435264869111947,19.035898177912962,30.974950987265927,1,0,-12.217632434555973,9.517949088956481,12.217632434555973,-9.517949088956481,3,6,159.65300821240407,106.53871314669047,1149.873949663381,160.85944700460828,1000.2803379416282,12,12,0.8929303473375912,0.07496162339818703,-12.34914734497945,-0.08534994994393699,0.9523023950575383,145.7239507876761,-3.741694663507287e-05,4.467324381347946e-06,1.0,1.0,0.0,80.21763243455598,0.0,1.0,87.48205091104352,0.0,0.0,1.0
frame_0156.jpg,frame_0156,156,D:\visualization2026\visualization\left_downsample2_Q44\frame_0156.jpg,D:\visualization2026\visualization\right_downsample2_Q44\frame_0156.jpg,D:\visualization2026\dowsample2_Q44\stitched_frames\frame_0156.jpg,D:\visualization2026\dowsample2_Q44_hess_matched\stitched_frames\frame_0156.jpg,1668,1297,-0.027788330162519748,0.013331340219486565,33.49353892157657,15.923608540504942,62.516601102370714,-22.325208708481213,-29.023062180794142,38.24881724898616,48.013645553077765,-24.386229417518614,25.96381697990134,35.620330955364004,0,1,-12.193114708759307,12.98190848995067,12.193114708759307,-12.98190848995067,4,4,48.013645553077765,1097.7651109602339,113.14246666978563,1035.2485098578632,135.46767537826685,12,12,0.8929294299591535,0.07496173292682126,-12.324629619182783,-0.08547956072799005,0.9523178696878264,149.1879101886703,-3.741694663507287e-05,4.467324381347946e-06,1.0,1.0,0.0,80.19311470875931,0.0,1.0,84.01809151004933,0.0,0.0,1.0
frame_0158.jpg,frame_0158,158,D:\visualization2026\visualization\left_downsample2_Q44\frame_0158.jpg,D:\visualization2026\visualization\right_downsample2_Q44\frame_0158.jpg,D:\visualization2026\dowsample2_Q44\stitched_frames\frame_0158.jpg,D:\visualization2026\dowsample2_Q44_hess_matched\stitched_frames\frame_0158.jpg,1668,1297,-0.027475781399256716,0.013106042235928247,33.84875991388181,15.571416915071646,-28.189249828503534,40.951042107002024,62.03800974238534,-25.37962519193038,67.02865079709694,-22.79158304483344,28.796735692194776,36.724763365005686,1,1,-11.39579152241672,14.398367846097388,11.39579152241672,-14.398367846097388,10,9,67.02865079709694,1388.634279583261,185.26149962334188,1416.8235294117646,144.31045751633985,12,12,0.8928995965600391,0.07496529482813143,-11.527306432840197,-0.08553256031212975,0.9523241974712433,150.60436954481702,-3.741694663507287e-05,4.467324381347946e-06,1.0,1.0,0.0,79.39579152241672,0.0,1.0,82.60163215390261,0.0,0.0,1.0
frame_0160.jpg,frame_0160,160,D:\visualization2026\visualization\left_downsample2_Q44\frame_0160.jpg,D:\visualization2026\visualization\right_downsample2_Q44\frame_0160.jpg,D:\visualization2026\dowsample2_Q44\stitched_frames\frame_0160.jpg,D:\visualization2026\dowsample2_Q44_hess_matched\stitched_frames\frame_0160.jpg,1668,1297,-0.027478365060751353,0.013036444573334957,34.539939775908856,15.41018159782695,240.68181996176997,43.76276108357638,-206.1418801858611,-28.35257948574943,208.08254018551787,-19.118839108782012,24.853504579289005,31.356445888209844,1,0,-9.559419554391006,12.426752289644503,9.559419554391006,-12.426752289644503,0,0,208.08254018551787,820.3150448804589,984.101681940886,579.6332249186889,940.3389208573096,12,12,0.8928308851281094,0.07497349849739741,-9.690934464814482,-0.08545878847806906,0.9523153896249973,148.63275398836413,-3.741694663507287e-05,4.467324381347946e-06,1.0,1.0,0.0,77.55941955439101,0.0,1.0,84.5732477103555,0.0,0.0,1.0
frame_0162.jpg,frame_0162,162,D:\visualization2026\visualization\left_downsample2_Q44\frame_0162.jpg,D:\visualization2026\visualization\right_downsample2_Q44\frame_0162.jpg,D:\visualization2026\dowsample2_Q44\stitched_frames\frame_0162.jpg,D:\visualization2026\dowsample2_Q44_hess_matched\stitched_frames\frame_0162.jpg,1668,1297,-0.02820381680066414,0.013299599199282572,36.23878234365093,15.630920739583306,51.2042398798385,-6.546652108113534,-14.965457536187564,22.17757284769684,26.75461935222277,-19.644170037664818,26.102796682264042,32.6687834347149,0,1,-9.822085018832409,13.051398341132021,9.822085018832409,-13.051398341132021,1,1,26.75461935222277,1292.3868121277978,142.93841297020103,1241.1825722479593,149.48506507831456,12,12,0.8928407132677753,0.07497232508556398,-9.953599929255885,-0.08548216082604339,0.9523181801215328,149.25740003985166,-3.741694663507287e-05,4.467324381347946e-06,1.0,1.0,0.0,77.82208501883241,0.0,1.0,83.94860165886797,0.0,0.0,1.0
frame_0164.jpg,frame_0164,164,D:\visualization2026\visualization\left_downsample2_Q44\frame_0164.jpg,D:\visualization2026\visualization\right_downsample2_Q44\frame_0164.jpg,D:\visualization2026\dowsample2_Q44\stitched_frames\frame_0164.jpg,D:\visualization2026\dowsample2_Q44_hess_matched\stitched_frames\frame_0164.jpg,1668,1297,-0.029089957439129233,0.013666322078035559,37.874110992283626,16.004561748683614,45.49126710223027,12.5898190456046,-7.617156109946642,3.414742703079014,8.347546641470704,-20.408391897633162,27.46247966425958,34.21535107458712,0,1,-10.204195948816581,13.73123983212979,10.204195948816581,-13.73123983212979,3,1,8.347546641470704,1196.070352805788,119.27854522602325,1150.5790857035577,106.68872618041866,12,12,0.8928550106920512,0.07497061807209007,-10.335710859240058,-0.08550759841883235,0.952321217194001,149.93724153084943,-3.741694663507287e-05,4.467324381347946e-06,1.0,1.0,0.0,78.20419594881658,0.0,1.0,83.26876016787021,0.0,0.0,1.0
frame_0166.jpg,frame_0166,166,D:\visualization2026\visualization\left_downsample2_Q44\frame_0166.jpg,D:\visualization2026\visualization\right_downsample2_Q44\frame_0166.jpg,D:\visualization2026\dowsample2_Q44\stitched_frames\frame_0166.jpg,D:\visualization2026\dowsample2_Q44_hess_matched\stitched_frames\frame_0166.jpg,1668,1297,-0.02929729728828706,0.013809016460889376,37.704170879127474,16.2226612596897,69.35388770433565,-28.272616504171623,-31.649716825208174,44.495277763861324,54.60342771657323,-21.41150468868704,28.932553525275637,35.99368259190225,0,1,-10.70575234434352,14.466276762637818,10.70575234434352,-14.466276762637818,5,3,54.60342771657323,1284.875072795129,149.00040038018645,1215.5211850907933,177.27301688435807,12,12,0.8928737774009371,0.07496837745697571,-10.837267254766996,-0.08553510125643599,0.9523245008424018,150.67227846135745,-3.741694663507287e-05,4.467324381347946e-06,1.0,1.0,0.0,78.70575234434352,0.0,1.0,82.53372323736218,0.0,0.0,1.0
frame_0168.jpg,frame_0168,168,D:\visualization2026\visualization\left_downsample2_Q44\frame_0168.jpg,D:\visualization2026\visualization\right_downsample2_Q44\frame_0168.jpg,D:\visualization2026\dowsample2_Q44\stitched_frames\frame_0168.jpg,D:\visualization2026\dowsample2_Q44_hess_matched\stitched_frames\frame_0168.jpg,1668,1297,-0.028561258405588985,0.013610444592665194,35.31591754746535,16.155871547148326,-40.88788596703989,-11.335333538618784,76.20380351450524,27.49120508576711,81.01102410872873,-22.653508410826454,30.513018265312198,38.00296997576191,1,1,-11.326754205413227,15.256509132656099,11.326754205413227,-15.256509132656099,4,2,81.01102410872873,1078.0276196143175,107.77262702522054,1118.9155055813574,119.10796056383933,12,12,0.8928970133944331,0.07496560324022089,-11.458269115836703,-0.08556466933885426,0.9523280310667354,151.46251083137574,-3.741694663507287e-05,4.467324381347946e-06,1.0,1.0,0.0,79.32675420541322,0.0,1.0,81.7434908673439,0.0,0.0,1.0
frame_0170.jpg,frame_0170,170,D:\visualization2026\visualization\left_downsample2_Q44\frame_0170.jpg,D:\visualization2026\visualization\right_downsample2_Q44\frame_0170.jpg,D:\visualization2026\dowsample2_Q44\stitched_frames\frame_0170.jpg,D:\visualization2026\dowsample2_Q44_hess_matched\stitched_frames\frame_0170.jpg,1668,1297,-0.027432699170325536,0.01327493420103612,31.955566198921336,15.982157548596843,78.39108740526672,-72.63501028039741,-46.435521206345385,88.61716782899425,100.04628960504775,-24.66688970632582,34.88502361987355,42.72493792556261,1,1,-12.33344485316291,17.442511809936775,12.33344485316291,-17.442511809936775,5,4,100.04628960504775,844.8547837749037,1217.9535485754882,766.463696369637,1290.5885588558856,12,12,0.892934680684678,0.07496110602654572,-12.464959763586386,-0.0856464628843742,0.9523377966497932,153.6485135086564,-3.741694663507287e-05,4.467324381347946e-06,1.0,1.0,0.0,80.33344485316292,0.0,1.0,79.55748819006322,0.0,0.0,1.0
frame_0172.jpg,frame_0172,172,D:\visualization2026\visualization\left_downsample2_Q44\frame_0172.jpg,D:\visualization2026\visualization\right_downsample2_Q44\frame_0172.jpg,D:\visualization2026\dowsample2_Q44\stitched_frames\frame_0172.jpg,D:\visualization2026\dowsample2_Q44_hess_matched\stitched_frames\frame_0172.jpg,1668,1297,-0.026463327826783678,0.013006282580065837,28.87946898786316,15.877816226241217,-36.79351813081627,153.5191692540177,65.67298711867943,-137.6413530277765,152.50601070255306,-21.17547614688464,30.079896547879667,36.78587998646252,1,0,-10.58773807344232,15.039948273939833,10.58773807344232,-15.039948273939833,1,4,152.50601070255306,347.9527555819208,1251.1688982513076,384.7462737127371,1097.64972899729,12,12,0.8928693616672606,0.07496890466500546,-10.719252983865797,-0.08555656629276043,0.9523270636191312,151.24594997265947,-3.741694663507287e-05,4.467324381347946e-06,1.0,1.0,0.0,78.58773807344232,0.0,1.0,81.96005172606017,0.0,0.0,1.0
frame_0174.jpg,frame_0174,174,D:\visualization2026\visualization\left_downsample2_Q44\frame_0174.jpg,D:\visualization2026\visualization\right_downsample2_Q44\frame_0174.jpg,D:\visualization2026\dowsample2_Q44\stitched_frames\frame_0174.jpg,D:\visualization2026\dowsample2_Q44_hess_matched\stitched_frames\frame_0174.jpg,1668,1297,-0.02599998344761406,0.012714988992198875,28.991274385698805,15.453795442639876,65.70592321077379,-51.38519659861373,-36.71464882507499,66.8389920412536,76.25887683043426,-17.684062587443464,25.274769475885776,30.847042672771487,1,1,-8.842031293721732,12.637384737942888,8.842031293721732,-12.637384737942888,1,1,76.25887683043426,1184.4873410727653,64.02558198588541,1118.7814178619915,115.41077858449914,12,12,0.8928040426498434,0.07497670330346519,-8.973546204145208,-0.08546666970114666,0.9523163305884691,148.8433864366625,-3.741694663507287e-05,4.467324381347946e-06,1.0,1.0,0.0,76.84203129372173,0.0,1.0,84.36261526205712,0.0,0.0,1.0
frame_0176.jpg,frame_0176,176,D:\visualization2026\visualization\left_downsample2_Q44\frame_0176.jpg,D:\visualization2026\visualization\right_downsample2_Q44\frame_0176.jpg,D:\visualization2026\dowsample2_Q44\stitched_frames\frame_0176.jpg,D:\visualization2026\dowsample2_Q44_hess_matched\stitched_frames\frame_0176.jpg,1668,1297,-0.025823941094617664,0.012368428513932522,31.325003602820168,14.750851999256579,-22.987693105917742,-81.31659334231847,54.31269670873791,96.06744534157505,110.357705114921,-14.19264902800229,20.469642403891886,24.90858379304739,1,1,-7.096324514001145,10.234821201945943,7.096324514001145,-10.234821201945943,4,1,110.357705114921,1272.5765770465878,29.88282568455154,1295.5642701525055,111.19941902687,12,12,0.892738723632426,0.07498450194192492,-7.227839424424621,-0.08537677310953289,0.952305597557807,146.44082290066558,-3.741694663507287e-05,4.467324381347946e-06,1.0,1.0,0.0,75.09632451400114,0.0,1.0,86.76517879805405,0.0,0.0,1.0
frame_0178.jpg,frame_0178,178,D:\visualization2026\visualization\left_downsample2_Q44\frame_0178.jpg,D:\visualization2026\visualization\right_downsample2_Q44\frame_0178.jpg,D:\visualization2026\dowsample2_Q44\stitched_frames\frame_0178.jpg,D:\visualization2026\dowsample2_Q44_hess_matched\stitched_frames\frame_0178.jpg,1668,1297,-0.02562664776555551,0.012185383579938883,31.945807832273715,14.434751390244008,-63.45548069676806,-28.662687235875495,95.40128852904178,43.097438626119505,104.68426371300329,-10.701235468561114,15.664515331897997,18.970858734829527,1,1,-5.350617734280557,7.832257665948998,5.350617734280557,-7.832257665948998,6,1,104.68426371300329,1240.1705155526458,86.27947169520749,1303.625996249414,114.94215893108299,12,12,0.8926734046150088,0.07499230058038465,-5.482132644704033,-0.08528687651791912,0.9522948645271448,144.03825936466862,-3.741694663507287e-05,4.467324381347946e-06,1.0,1.0,0.0,73.35061773428056,0.0,1.0,89.167742334051,0.0,0.0,1.0
frame_0180.jpg,frame_0180,180,D:\visualization2026\visualization\left_downsample2_Q44\frame_0180.jpg,D:\visualization2026\visualization\right_downsample2_Q44\frame_0180.jpg,D:\visualization2026\dowsample2_Q44\stitched_frames\frame_0180.jpg,D:\visualization2026\dowsample2_Q44_hess_matched\stitched_frames\frame_0180.jpg,1668,1297,-0.02696097584716073,0.012896083783524095,32.868696634220655,15.361447334046767,5.178911223760451,32.82604743786291,27.689785410460203,-17.464600103816146,32.73738646965499,-7.209821909119936,10.859388259904108,13.034870361479204,1,1,-3.604910954559968,5.429694129952054,3.604910954559968,-5.429694129952054,3,2,32.73738646965499,1303.4900460512238,149.6698752571443,1298.3111348274633,116.84382781928139,12,12,0.8926080855975914,0.07500009921884439,-3.736425864983444,-0.08519697992630534,0.9522841314964828,141.6356958286717,-3.741694663507287e-05,4.467324381347946e-06,1.0,1.0,0.0,71.60491095455997,0.0,1.0,91.57030587004795,0.0,0.0,1.0
frame_0182.jpg,frame_0182,182,D:\visualization2026\visualization\left_downsample2_Q44\frame_0182.jpg,D:\visualization2026\visualization\right_downsample2_Q44\frame_0182.jpg,D:\visualization2026\dowsample2_Q44\stitched_frames\frame_0182.jpg,D:\visualization2026\dowsample2_Q44_hess_matched\stitched_frames\frame_0182.jpg,1668,1297,-0.029923762694802347,0.01430092698635295,36.60044932613635,17.021222167797518,2.286680297878263,77.7026356232816,34.313769028258086,-60.681413455484076,69.71132392861327,-3.718408349678758,6.054261187910221,7.1049728490963835,1,1,-1.859204174839379,3.0271305939551105,1.859204174839379,-3.0271305939551105,1,8,69.71132392861327,220.63740902378328,1169.4609807102586,218.35072872590501,1091.758345086977,12,12,0.8925427665801742,0.0750078978573041,-1.9907190852628553,-0.08510708333469158,0.9522733984658207,139.23313229267475,-3.741694663507287e-05,4.467324381347946e-06,1.0,1.0,0.0,69.85920417483938,0.0,1.0,93.9728694060449,0.0,0.0,1.0
frame_0184.jpg,frame_0184,184,D:\visualization2026\visualization\left_downsample2_Q44\frame_0184.jpg,D:\visualization2026\visualization\right_downsample2_Q44\frame_0184.jpg,D:\visualization2026\dowsample2_Q44\stitched_frames\frame_0184.jpg,D:\visualization2026\dowsample2_Q44_hess_matched\stitched_frames\frame_0184.jpg,1668,1297,-0.031642194670390755,0.014939086091853737,40.48081918538461,17.578111212482987,62.36391231226048,133.438314028118,-21.88309312687587,-115.860202815635,117.90867805755265,-0.2269947902375813,1.249134115916334,1.2695915383859036,1,1,-0.11349739511879064,0.624567057958167,0.11349739511879064,-0.624567057958167,2,1,117.90867805755265,1362.0514091599932,248.3469235000502,1299.6874968477327,114.90860947193221,12,12,0.8924774475627569,0.07501569649576384,-0.24501230554226694,-0.08501718674307782,0.9522626654351586,136.8305687566778,-3.741694663507287e-05,4.467324381347946e-06,1.0,1.0,0.0,68.11349739511878,0.0,1.0,96.37543294204184,0.0,0.0,1.0
frame_0186.jpg,frame_0186,186,D:\visualization2026\visualization\left_downsample2_Q44\frame_0186.jpg,D:\visualization2026\visualization\right_downsample2_Q44\frame_0186.jpg,D:\visualization2026\dowsample2_Q44\stitched_frames\frame_0186.jpg,D:\visualization2026\dowsample2_Q44_hess_matched\stitched_frames\frame_0186.jpg,1668,1297,-0.030492367438626933,0.014611847569580866,36.91537825962516,17.43464803355172,70.62873052825421,130.53537771483167,-33.71335226862905,-113.10072968127994,118.01849505745544,3.264418769203596,-3.5559929560775547,4.827164364759285,1,1,1.632209384601798,-1.7779964780387774,-1.632209384601798,1.7779964780387774,3,1,118.01849505745544,1371.7412975056056,247.106002236422,1301.1125669773514,116.57062452159035,12,12,0.8924121285453396,0.07502349513422357,1.5006944741783217,-0.08492729015146404,0.9522519324044965,134.42800522068086,-3.741694663507287e-05,4.467324381347946e-06,1.0,1.0,0.0,66.3677906153982,0.0,1.0,98.77799647803877,0.0,0.0,1.0
frame_0188.jpg,frame_0188,188,D:\visualization2026\visualization\left_downsample2_Q44\frame_0188.jpg,D:\visualization2026\visualization\right_downsample2_Q44\frame_0188.jpg,D:\visualization2026\dowsample2_Q44\stitched_frames\frame_0188.jpg,D:\visualization2026\dowsample2_Q44_hess_matched\stitched_frames\frame_0188.jpg,1668,1297,-0.028339217739647038,0.01424293041563962,27.87004162440372,17.726168610005654,236.28869488800888,0.3030982661022108,-208.41865326360517,17.423070343903444,209.1456392288003,6.7558323286447735,-8.361120028071443,10.749399917045569,1,0,3.3779161643223867,-4.180560014035722,-3.3779161643223867,4.180560014035722,0,0,209.1456392288003,857.3866744665446,989.632376273199,621.0979795785357,989.3292780070968,12,12,0.8923468095279223,0.0750312937726833,3.2464012538989104,-0.08483739355985027,0.9522411993738344,132.0254416846839,-3.741694663507287e-05,4.467324381347946e-06,1.0,1.0,0.0,64.62208383567761,0.0,1.0,101.18056001403572,0.0,0.0,1.0
frame_0190.jpg,frame_0190,190,D:\visualization2026\visualization\left_downsample2_Q44\frame_0190.jpg,D:\visualization2026\visualization\right_downsample2_Q44\frame_0190.jpg,D:\visualization2026\dowsample2_Q44\stitched_frames\frame_0190.jpg,D:\visualization2026\dowsample2_Q44_hess_matched\stitched_frames\frame_0190.jpg,1668,1297,-0.026702503156824542,0.014014988011110702,20.484388512381404,18.06833842334833,-28.434889180993878,-87.17187203213075,48.91927769337528,105.24021045547909,116.05428741220676,10.24724588808595,-13.166247100065334,16.684007641776997,1,1,5.123622944042975,-6.583123550032667,-5.123622944042975,6.583123550032667,7,1,116.05428741220676,1270.9493134708143,29.875076324676765,1299.3842026518082,117.04694835680752,12,12,0.892281490510505,0.07503909241114304,4.992108033619498,-0.0847474969682365,0.9522304663431723,129.62287814868697,-3.741694663507287e-05,4.467324381347946e-06,1.0,1.0,0.0,62.87637705595702,0.0,1.0,103.58312355003267,0.0,0.0,1.0
frame_0192.jpg,frame_0192,192,D:\visualization2026\visualization\left_downsample2_Q44\frame_0192.jpg,D:\visualization2026\visualization\right_downsample2_Q44\frame_0192.jpg,D:\visualization2026\dowsample2_Q44\stitched_frames\frame_0192.jpg,D:\visualization2026\dowsample2_Q44_hess_matched\stitched_frames\frame_0192.jpg,1668,1297,-0.026374174698739095,0.013899126747232968,19.684061169477786,17.975874269062306,61.58775878747565,-50.84698128566991,-41.903697617997864,68.82285555473221,80.57608404959957,13.738659447527127,-17.97137417205922,22.621252243129327,1,1,6.869329723763563,-8.98568708602961,-6.869329723763563,8.98568708602961,6,2,80.57608404959957,1170.7002924359556,73.43993355905467,1109.11253364848,124.28691484472458,12,12,0.8922161714930877,0.07504689104960276,6.737814813340087,-0.08465760037662273,0.9522197333125102,127.22031461269002,-3.741694663507287e-05,4.467324381347946e-06,1.0,1.0,0.0,61.13067027623644,0.0,1.0,105.98568708602961,0.0,0.0,1.0
frame_0194.jpg,frame_0194,194,D:\visualization2026\visualization\left_downsample2_Q44\frame_0194.jpg,D:\visualization2026\visualization\right_downsample2_Q44\frame_0194.jpg,D:\visualization2026\dowsample2_Q44\stitched_frames\frame_0194.jpg,D:\visualization2026\dowsample2_Q44_hess_matched\stitched_frames\frame_0194.jpg,1668,1297,-0.026469580026476203,0.013679835133553697,22.37369194034,17.421686573502313,14.601393510562445,128.04262883025285,7.772298429777553,-110.62094225675054,110.89364945141295,13.954333339666256,-20.439572430639405,24.74872805018221,1,1,6.977166669833128,-10.219786215319703,-6.977166669833128,10.219786215319703,3,3,110.89364945141295,120.00444198632457,1158.4064469212074,105.40304847576212,1030.3638180909545,12,12,0.8922121365638314,0.07504737279222115,6.845651759409652,-0.0846114241553597,0.9522142201913809,125.98621548339993,-3.741694663507287e-05,4.467324381347946e-06,1.0,1.0,0.0,61.022833330166875,0.0,1.0,107.2197862153197,0.0,0.0,1.0
frame_0196.jpg,frame_0196,196,D:\visualization2026\visualization\left_downsample2_Q44\frame_0196.jpg,D:\visualization2026\visualization\right_downsample2_Q44\frame_0196.jpg,D:\visualization2026\dowsample2_Q44\stitched_frames\frame_0196.jpg,D:\visualization2026\dowsample2_Q44_hess_matched\stitched_frames\frame_0196.jpg,1668,1297,-0.026578416763086976,0.013509388913520146,24.667649130672004,16.972593999259285,3.946162564262522,44.554222315306276,20.72148656640948,-27.58162831604699,34.49820612852868,10.894267564503343,-20.570841875805883,23.277555740377863,0,1,5.447133782251671,-10.285420937902941,-5.447133782251671,10.285420937902941,2,1,34.49820612852868,1297.1061601055987,162.0876294085511,1293.1599975413362,117.53340709324482,12,12,0.8922693857227358,0.07504053763899819,5.315618871828195,-0.08460896830444739,0.9522139269797845,125.92058076081669,-3.741694663507287e-05,4.467324381347946e-06,1.0,1.0,0.0,62.55286621774833,0.0,1.0,107.28542093790294,0.0,0.0,1.0
frame_0198.jpg,frame_0198,198,D:\visualization2026\visualization\left_downsample2_Q44\frame_0198.jpg,D:\visualization2026\visualization\right_downsample2_Q44\frame_0198.jpg,D:\visualization2026\dowsample2_Q44\stitched_frames\frame_0198.jpg,D:\visualization2026\dowsample2_Q44_hess_matched\stitched_frames\frame_0198.jpg,1668,1297,-0.026431656391956937,0.013472363098968584,24.16650770809891,16.965175124771168,-76.15045259405088,72.1082201222589,100.31696030214978,-55.143044997487735,114.47378711241299,4.55846212203838,-18.36518250755866,18.922460343570474,1,1,2.27923106101919,-9.18259125377933,-2.27923106101919,9.18259125377933,1,2,114.47378711241299,1514.2147956328993,278.6547626754504,1590.3652482269501,206.5465425531915,12,12,0.8923879189698013,0.0750263855899339,2.1477161505957136,-0.08465023282388581,0.9522188536777209,127.0234104449403,-3.741694663507287e-05,4.467324381347946e-06,1.0,1.0,0.0,65.72076893898081,0.0,1.0,106.18259125377934,0.0,0.0,1.0
frame_0200.jpg,frame_0200,200,D:\visualization2026\visualization\left_downsample2_Q44\frame_0200.jpg,D:\visualization2026\visualization\right_downsample2_Q44\frame_0200.jpg,D:\visualization2026\dowsample2_Q44\stitched_frames\frame_0200.jpg,D:\visualization2026\dowsample2_Q44_hess_matched\stitched_frames\frame_0200.jpg,1668,1297,-0.026238369510593995,0.013403114080587572,23.705471855242624,16.908349083675517,87.07665746939142,31.09792499180577,-63.3711856141488,-14.189575908130251,64.94036672667849,-5.05308298772863,-13.82259432589773,14.717260668317751,1,1,-2.526541493864315,-6.911297162948865,2.526541493864315,6.911297162948865,7,1,64.94036672667849,1370.2869937962093,142.49896390710776,1283.210336326818,111.401038915302,12,12,0.8925677363050277,0.07500491664502824,-2.6580564042877914,-0.08473521771367498,0.95222900028519,129.29470453577076,-3.741694663507287e-05,4.467324381347946e-06,1.0,1.0,0.0,70.52654149386431,0.0,1.0,103.91129716294887,0.0,0.0,1.0
frame_0202.jpg,frame_0202,202,D:\visualization2026\visualization\left_downsample2_Q44\frame_0202.jpg,D:\visualization2026\visualization\right_downsample2_Q44\frame_0202.jpg,D:\visualization2026\dowsample2_Q44\stitched_frames\frame_0202.jpg,D:\visualization2026\dowsample2_Q44_hess_matched\stitched_frames\frame_0202.jpg,1668,1297,-0.026160723778211603,0.013288450115505043,24.363830969696288,16.68603308662111,51.37541020956269,150.02225065260427,-27.0115792398664,-133.33621756598316,136.04474384493793,-17.940367764797685,-6.943077330823102,19.237024675296894,1,0,-8.970183882398842,-3.471538665411551,8.970183882398842,3.471538665411551,6,1,136.04474384493793,1335.4333252674778,259.88879851915215,1284.0579150579151,109.86654786654786,12,12,0.892808837728415,0.07497613080428125,-9.101698792822319,-0.08486392297381487,0.952244366802192,132.7344630333081,-3.741694663507287e-05,4.467324381347946e-06,1.0,1.0,0.0,76.97018388239884,0.0,1.0,100.47153866541156,0.0,0.0,1.0
frame_0204.jpg,frame_0204,204,D:\visualization2026\visualization\left_downsample2_Q44\frame_0204.jpg,D:\visualization2026\visualization\right_downsample2_Q44\frame_0204.jpg,D:\visualization2026\dowsample2_Q44\stitched_frames\frame_0204.jpg,D:\visualization2026\dowsample2_Q44_hess_matched\stitched_frames\frame_0204.jpg,1668,1297,-0.026192501217069564,0.013278671298514538,24.64519852849319,16.646761632619732,86.9043594295265,142.43799345709027,-62.259160901033304,-125.79123182447054,140.35539576381964,-30.82765254186674,-0.06356033574847153,30.827718066025312,1,0,-15.41382627093337,-0.031780167874235765,15.41382627093337,0.031780167874235765,1,1,140.35539576381964,1351.3781825707495,251.91460293062013,1264.473823141223,109.47660947352985,12,12,0.8930499391518023,0.07494734496353428,-15.545341181356847,-0.08499262823395476,0.952259733319194,136.1742215308454,-3.741694663507287e-05,4.467324381347946e-06,1.0,1.0,0.0,83.41382627093337,0.0,1.0,97.03178016787423,0.0,0.0,1.0
frame_0206.jpg,frame_0206,206,D:\visualization2026\visualization\left_downsample2_Q44\frame_0206.jpg,D:\visualization2026\visualization\right_downsample2_Q44\frame_0206.jpg,D:\visualization2026\dowsample2_Q44\stitched_frames\frame_0206.jpg,D:\visualization2026\dowsample2_Q44_hess_matched\stitched_frames\frame_0206.jpg,1668,1297,-0.026306864282952647,0.013364737912952382,24.479971571118217,16.783966215160515,29.052909819322167,72.69066219805708,-4.5729382482039505,-55.906695982896565,56.09340799011868,-43.714937318935796,6.81595665932616,44.24311257111437,1,1,-21.857468659467898,3.40797832966308,21.857468659467898,-3.40797832966308,4,1,56.09340799011868,1275.3925347006136,183.00428992835148,1246.3396248812915,110.3136277302944,12,12,0.8932910405751896,0.07491855912278729,-21.988983569891374,-0.08512133349409465,0.952275099836196,139.6139800283827,-3.741694663507287e-05,4.467324381347946e-06,1.0,1.0,0.0,89.8574686594679,0.0,1.0,93.59202167033692,0.0,0.0,1.0
frame_0208.jpg,frame_0208,208,D:\visualization2026\visualization\left_downsample2_Q44\frame_0208.jpg,D:\visualization2026\visualization\right_downsample2_Q44\frame_0208.jpg,D:\visualization2026\dowsample2_Q44\stitched_frames\frame_0208.jpg,D:\visualization2026\dowsample2_Q44_hess_matched\stitched_frames\frame_0208.jpg,1668,1297,-0.026460820834766863,0.013472100187358407,24.340118134601223,16.949144271705695,-41.57309069217649,7.037563861439736,65.91320882677772,9.911580410265959,66.65426110963632,-56.60222209600485,13.695473654400793,58.23553506943888,1,1,-28.301111048002426,6.8477368272003964,28.301111048002426,-6.8477368272003964,7,1,66.65426110963632,1192.7241164042578,133.5685082961256,1234.2972070964342,126.53094443468586,12,12,0.8935321419985769,0.0748897732820403,-28.432625958425902,-0.08525003875423455,0.952290466353198,143.05373852592004,-3.741694663507287e-05,4.467324381347946e-06,1.0,1.0,0.0,96.30111104800243,0.0,1.0,90.1522631727996,0.0,0.0,1.0
frame_0210.jpg,frame_0210,210,D:\visualization2026\visualization\left_downsample2_Q44\frame_0210.jpg,D:\visualization2026\visualization\right_downsample2_Q44\frame_0210.jpg,D:\visualization2026\dowsample2_Q44\stitched_frames\frame_0210.jpg,D:\visualization2026\dowsample2_Q44_hess_matched\stitched_frames\frame_0210.jpg,1668,1297,-0.02662705253173997,0.01353716711413662,24.68309072954687,17.010675091853216,-2.624671782972655,60.784592000651756,27.307762512519524,-43.77391690879854,51.59331056424433,-66.31535179987685,17.994468669833267,68.71336687320046,1,1,-33.157675899938425,8.997234334916634,33.157675899938425,-8.997234334916634,11,1,51.59331056424433,1257.3792912289164,171.2691068986409,1260.003963011889,110.48451489798914,12,12,0.8937138598264716,0.07486807743146764,-33.2891908103619,-0.08533046638777299,0.9523000688558219,145.20323603363627,-3.741694663507287e-05,4.467324381347946e-06,1.0,1.0,0.0,101.15767589993843,0.0,1.0,88.00276566508336,0.0,0.0,1.0
frame_0212.jpg,frame_0212,212,D:\visualization2026\visualization\left_downsample2_Q44\frame_0212.jpg,D:\visualization2026\visualization\right_downsample2_Q44\frame_0212.jpg,D:\visualization2026\dowsample2_Q44\stitched_frames\frame_0212.jpg,D:\visualization2026\dowsample2_Q44_hess_matched\stitched_frames\frame_0212.jpg,1776,1296,-0.026835408321886023,0.013583876572794903,25.451443962390417,17.007755942843904,107.82823561253338,-10.446751701706148,-82.37679165014296,27.454507644550052,86.83136410638566,-73.58090526549762,21.40682608361799,76.63159806936302,0,1,-36.79045263274881,10.703413041808995,36.79045263274881,-10.703413041808995,0,0,86.83136410638566,859.7564012285345,971.0577233547184,751.9281656160011,981.5044750564246,12,12,0.8597951819130114,0.07650541019951979,-36.82417346942941,-0.052813125070699025,0.9471513997390835,94.5401357809446,-4.3631152393884366e-05,1.0917302921227496e-05,1.0,1.0,0.0,212.7904526327488,0.0,1.0,85.296586958191,0.0,0.0,1.0
frame_0214.jpg,frame_0214,214,D:\visualization2026\visualization\left_downsample2_Q44\frame_0214.jpg,D:\visualization2026\visualization\right_downsample2_Q44\frame_0214.jpg,D:\visualization2026\dowsample2_Q44\stitched_frames\frame_0214.jpg,D:\visualization2026\dowsample2_Q44_hess_matched\stitched_frames\frame_0214.jpg,1782,1290,-0.027084005077325335,0.01365207544487329,26.247086348851887,17.032912834234196,105.64038741007857,-4.398501907179707,-79.39330106122668,21.431414741413903,82.23503992348438,-82.37611646845747,22.584366143812794,85.41591279464657,0,1,-41.188058234228734,11.292183071906397,41.188058234228734,-11.292183071906397,0,0,82.23503992348438,868.7583383669293,973.2934867415869,763.1179509568507,977.6919886487666,12,12,0.8624300100937974,0.08063951102394165,-41.64856922881954,-0.05797690199755067,0.9416893476247588,103.31452426364493,-4.004744791915349e-05,4.1037012505606175e-06,1.0,1.0,0.0,223.18805823422872,0.0,1.0,78.7078169280936,0.0,0.0,1.0
frame_0216.jpg,frame_0216,216,D:\visualization2026\visualization\left_downsample2_Q44\frame_0216.jpg,D:\visualization2026\visualization\right_downsample2_Q44\frame_0216.jpg,D:\visualization2026\dowsample2_Q44\stitched_frames\frame_0216.jpg,D:\visualization2026\dowsample2_Q44_hess_matched\stitched_frames\frame_0216.jpg,1782,1291,-0.027434869605792667,0.013855883634017963,26.325334571550723,17.315473877593345,106.36803921859041,-6.562269850656435,-80.04270464703968,23.87774372824978,83.52832581086011,-86.9286729731172,22.578507442313033,89.81304572939135,0,1,-43.4643364865586,11.289253721156516,43.4643364865586,-11.289253721156516,0,0,83.52832581086011,879.7903980528345,971.4802316672549,773.422358834244,978.0425015179113,12,12,0.8593090477018042,0.08834956534437949,-43.35845270189096,-0.05899638874462182,0.9439739599192489,104.36445489907898,-4.303944443773493e-05,1.2061928296358794e-05,1.0,1.0,0.0,225.4643364865586,0.0,1.0,79.71074627884349,0.0,0.0,1.0
frame_0218.jpg,frame_0218,218,D:\visualization2026\visualization\left_downsample2_Q44\frame_0218.jpg,D:\visualization2026\visualization\right_downsample2_Q44\frame_0218.jpg,D:\visualization2026\dowsample2_Q44\stitched_frames\frame_0218.jpg,D:\visualization2026\dowsample2_Q44_hess_matched\stitched_frames\frame_0218.jpg,1770,1297,-0.028063662816367074,0.014403450813269561,24.694653933778106,18.24064905280214,125.27293204458215,-1.342524902572677,-100.57827811080404,19.583173955374818,102.46702264582842,-86.50088425490867,21.53036716977635,89.14011267295152,0,1,-43.250442127454335,10.765183584888176,43.250442127454335,-10.765183584888176,0,0,102.46702264582842,871.8102978127172,978.4642542631808,746.537365768135,979.8067791657535,12,12,0.8585096292996014,0.08090027719563474,-43.39422772249779,-0.05934030988020309,0.944483641756401,104.66469844069739,-4.6153764598499515e-05,1.0243644897536186e-05,1.0,1.0,0.0,213.25044212745433,0.0,1.0,86.23481641511182,0.0,0.0,1.0
frame_0220.jpg,frame_0220,220,D:\visualization2026\visualization\left_downsample2_Q44\frame_0220.jpg,D:\visualization2026\visualization\right_downsample2_Q44\frame_0220.jpg,D:\visualization2026\dowsample2_Q44\stitched_frames\frame_0220.jpg,D:\visualization2026\dowsample2_Q44_hess_matched\stitched_frames\frame_0220.jpg,1779,1289,-0.028640337695396423,0.014883346495708147,23.41560291850684,19.037948765681143,115.6678923148794,-1.507748376295467,-92.25228939637256,20.54569714197661,94.51248896268629,-88.14641692908714,21.46114411898261,90.72139507487856,0,1,-44.07320846454357,10.730572059491305,44.07320846454357,-10.730572059491305,0,0,94.51248896268629,876.4153670623541,972.4833050147579,760.7474747474747,973.9910533910534,12,12,0.8600397803538028,0.08063920172080921,-43.8687581064886,-0.057745552850658445,0.9422468810027762,101.86995224828229,-4.434440391913582e-05,7.8244671527073e-06,1.0,1.0,0.0,223.07320846454357,0.0,1.0,78.26942794050869,0.0,0.0,1.0
frame_0222.jpg,frame_0222,222,D:\visualization2026\visualization\left_downsample2_Q44\frame_0222.jpg,D:\visualization2026\visualization\right_downsample2_Q44\frame_0222.jpg,D:\visualization2026\dowsample2_Q44\stitched_frames\frame_0222.jpg,D:\visualization2026\dowsample2_Q44_hess_matched\stitched_frames\frame_0222.jpg,1777,1290,-0.028835257840545914,0.014904493900114661,24.35344579778566,18.983419511067304,104.59129385688607,-3.2303867707993277,-80.2378480591004,22.21380628186663,83.25602350991537,-88.33917262354542,20.94072665391954,90.78724278557387,0,1,-44.16958631177271,10.47036332695977,44.16958631177271,-10.47036332695977,0,0,83.25602350991537,866.318379487169,970.258551119682,761.7270856302829,973.4889378904813,12,12,0.8562558263947206,0.08430469102962464,-44.2691628820479,-0.058811606609758954,0.9422901962111412,103.36559019892145,-4.6814475921618225e-05,1.1850473788150318e-05,1.0,1.0,0.0,221.16958631177272,0.0,1.0,79.52963667304023,0.0,0.0,1.0
frame_0224.jpg,frame_0224,224,D:\visualization2026\visualization\left_downsample2_Q44\frame_0224.jpg,D:\visualization2026\visualization\right_downsample2_Q44\frame_0224.jpg,D:\visualization2026\dowsample2_Q44\stitched_frames\frame_0224.jpg,D:\visualization2026\dowsample2_Q44_hess_matched\stitched_frames\frame_0224.jpg,1776,1290,-0.028831526300706123,0.014791977695109704,25.424468013205537,18.726939074015682,113.04543244532454,-2.358360413429523,-87.620964432119,21.085299487445205,90.12226840515012,-83.51241346753149,18.578677702648733,85.55402076086683,0,1,-41.756206733765744,9.289338851324366,41.756206733765744,-9.289338851324366,0,0,90.12226840515012,875.1312723342648,970.6020745703743,762.0858398889403,972.9604349838038,12,12,0.8552091124306221,0.08402200893912082,-42.24198319118856,-0.059059386221329266,0.9413871010782883,102.62264271449826,-4.729294079585704e-05,1.1738330153143666e-05,1.0,1.0,0.0,217.75620673376574,0.0,1.0,80.71066114867563,0.0,0.0,1.0
frame_0226.jpg,frame_0226,226,D:\visualization2026\visualization\left_downsample2_Q44\frame_0226.jpg,D:\visualization2026\visualization\right_downsample2_Q44\frame_0226.jpg,D:\visualization2026\dowsample2_Q44\stitched_frames\frame_0226.jpg,D:\visualization2026\dowsample2_Q44_hess_matched\stitched_frames\frame_0226.jpg,1776,1290,-0.028810847223258995,0.014674962242843231,26.439791462890152,18.46908831737387,107.44627458222124,-2.8065680855605706,-81.00648311933108,21.27565640293444,83.75382894374559,-79.9967891776821,17.452074485185797,81.8783315815301,0,1,-39.99839458884105,8.726037242592898,39.99839458884105,-8.726037242592898,0,0,83.75382894374559,875.1668504302953,970.3862491286211,767.7205758480741,973.1928172141817,12,12,0.8551259803249219,0.08404264271842514,-40.48417104626387,-0.059032746031697315,0.9413804888580292,102.05934110576679,-4.729294079585704e-05,1.1738330153143666e-05,1.0,1.0,0.0,215.99839458884105,0.0,1.0,81.2739627574071,0.0,0.0,1.0
frame_0228.jpg,frame_0228,228,D:\visualization2026\visualization\left_downsample2_Q44\frame_0228.jpg,D:\visualization2026\visualization\right_downsample2_Q44\frame_0228.jpg,D:\visualization2026\dowsample2_Q44\stitched_frames\frame_0228.jpg,D:\visualization2026\dowsample2_Q44_hess_matched\stitched_frames\frame_0228.jpg,1770,1286,-0.0288952084542467,0.014593595624075917,27.724932932162865,18.23756185670577,104.16941526289725,10.464632657685002,-76.44448233073439,7.772929199020769,76.8386446207047,-80.6240346076257,16.129728502805555,82.22167048890363,0,1,-40.31201730381285,8.064864251402778,40.31201730381285,-8.064864251402778,0,0,76.8386446207047,870.8176508214498,979.3795948214671,766.6482355585525,968.9149621637821,12,12,0.8582866584821097,0.04134726420248869,-39.895543835250336,-0.05704410973150966,0.9216735841127383,98.78279289068031,-4.000486002471595e-05,-2.4612595726228222e-05,1.0,1.0,0.0,210.31201730381287,0.0,1.0,77.93513574859722,0.0,0.0,1.0
frame_0230.jpg,frame_0230,230,D:\visualization2026\visualization\left_downsample2_Q44\frame_0230.jpg,D:\visualization2026\visualization\right_downsample2_Q44\frame_0230.jpg,D:\visualization2026\dowsample2_Q44\stitched_frames\frame_0230.jpg,D:\visualization2026\dowsample2_Q44_hess_matched\stitched_frames\frame_0230.jpg,1790,1289,-0.029045042411548372,0.014551346076525619,29.014130572033107,18.061256193234076,103.6882985191587,3.1485751385721414,-74.6741679471256,14.912681054661935,76.14866653352239,-79.19384002342373,15.542782495819274,80.7046614847493,0,1,-39.596920011711866,7.771391247909637,39.596920011711866,-7.771391247909637,0,0,76.14866653352239,898.9699447927961,976.2334842968962,795.2816462736374,973.0849091583241,12,12,0.8688904540734415,0.08107302999976783,-39.87656586082779,-0.05845898999041143,0.9475303663199545,101.2247873032937,-4.132353422525196e-05,7.508612731798223e-06,1.0,1.0,0.0,229.59692001171186,0.0,1.0,81.22860875209037,0.0,0.0,1.0
frame_0232.jpg,frame_0232,232,D:\visualization2026\visualization\left_downsample2_Q44\frame_0232.jpg,D:\visualization2026\visualization\right_downsample2_Q44\frame_0232.jpg,D:\visualization2026\dowsample2_Q44\stitched_frames\frame_0232.jpg,D:\visualization2026\dowsample2_Q44_hess_matched\stitched_frames\frame_0232.jpg,1820,1296,-0.029236039990738538,0.01453625648122659,30.280949079710798,17.92556397591661,113.65502428852926,2.323487605951186,-83.37407520881847,15.602076369965424,84.82134875124275,-77.98230318663181,14.641427003310813,79.34488638207912,0,1,-38.991151593315905,7.320713501655407,38.991151593315905,-7.320713501655407,0,0,84.82134875124275,914.4465197840248,976.7149831014466,800.7914954954955,974.3914954954954,12,12,0.8783726378029533,0.09571864495576785,-38.875811328932784,-0.06090258338677799,0.9565763748812779,104.15639464659219,-3.768082306412199e-05,1.4006715969150277e-05,1.0,1.0,0.0,258.9911515933159,0.0,1.0,88.6792864983446,0.0,0.0,1.0
frame_0234.jpg,frame_0234,234,D:\visualization2026\visualization\left_downsample2_Q44\frame_0234.jpg,D:\visualization2026\visualization\right_downsample2_Q44\frame_0234.jpg,D:\visualization2026\dowsample2_Q44\stitched_frames\frame_0234.jpg,D:\visualization2026\dowsample2_Q44_hess_matched\stitched_frames\frame_0234.jpg,1819,1296,-0.02949574919211101,0.014580102695235492,31.37831446047845,17.888903742375906,111.84830597158759,-0.26166571013789053,-80.46999151110914,18.150569452513796,82.49159172454186,-79.06700126583556,18.592180637428356,81.22351796140332,0,1,-39.53350063291778,9.296090318714178,39.53350063291778,-9.296090318714178,0,0,82.49159172454186,921.136734665012,974.3553994763124,809.2884286934244,974.6170651864503,12,12,0.8776246499483916,0.09485544347247851,-39.65303094226935,-0.0612049241900937,0.9560391491417332,106.55613829496798,-3.793023421073116e-05,1.3355197289103347e-05,1.0,1.0,0.0,258.53350063291776,0.0,1.0,86.70390968128582,0.0,0.0,1.0
frame_0236.jpg,frame_0236,236,D:\visualization2026\visualization\left_downsample2_Q44\frame_0236.jpg,D:\visualization2026\visualization\right_downsample2_Q44\frame_0236.jpg,D:\visualization2026\dowsample2_Q44\stitched_frames\frame_0236.jpg,D:\visualization2026\dowsample2_Q44_hess_matched\stitched_frames\frame_0236.jpg,1815,1295,-0.030057150435643054,0.015041012722903813,30.19409399109118,18.650671836433045,105.14289292646265,1.8817928960409063,-74.94879893537147,16.76887894039214,76.80180833009251,-79.10979394938431,21.557705557473422,81.99447644577508,0,1,-39.554896974692156,10.778852778736711,39.554896974692156,-10.778852778736711,0,0,76.80180833009251,916.2675099607764,974.7251599303546,811.1246170343137,972.8433670343137,12,12,0.8714399903295221,0.09378171222932286,-39.342994795241765,-0.060656327674979915,0.948943197835685,107.37655364161476,-4.035759597580373e-05,4.149024689920148e-06,1.0,1.0,0.0,254.55489697469216,0.0,1.0,84.2211472212633,0.0,0.0,1.0
frame_0238.jpg,frame_0238,238,D:\visualization2026\visualization\left_downsample2_Q44\frame_0238.jpg,D:\visualization2026\visualization\right_downsample2_Q44\frame_0238.jpg,D:\visualization2026\dowsample2_Q44\stitched_frames\frame_0238.jpg,D:\visualization2026\dowsample2_Q44_hess_matched\stitched_frames\frame_0238.jpg,1802,1296,-0.03062513054933569,0.015601801483345758,28.07830372015788,19.638385446591933,109.94627644691104,-7.888311923016545,-81.86797272675317,27.526697369608478,86.3717779512869,-72.7942167128496,26.59692581136986,77.50093192635057,0,1,-36.3971083564248,13.29846290568493,36.3971083564248,-13.29846290568493,0,0,86.3717779512869,912.8407745446575,965.9835786242471,802.8944980977465,973.8718905472637,12,12,0.8738585802311095,0.09156906220681733,-36.89369859629837,-0.060290930522163916,0.954016492341599,109.15443430834247,-4.2282606083264074e-05,1.4212510421363718e-05,1.0,1.0,0.0,238.3971083564248,0.0,1.0,82.70153709431507,0.0,0.0,1.0
frame_0240.jpg,frame_0240,240,D:\visualization2026\visualization\left_downsample2_Q44\frame_0240.jpg,D:\visualization2026\visualization\right_downsample2_Q44\frame_0240.jpg,D:\visualization2026\dowsample2_Q44\stitched_frames\frame_0240.jpg,D:\visualization2026\dowsample2_Q44_hess_matched\stitched_frames\frame_0240.jpg,1803,1295,-0.030756749833790897,0.01573536194106335,27.552964711633503,19.8755573985759,102.44109607650273,-9.864748256311373,-74.88813136486922,29.740305654887273,80.57740377902498,-65.45922326582188,31.20521372938463,72.51672410183247,0,1,-32.72961163291094,15.602606864692316,32.72961163291094,-15.602606864692316,0,0,80.57740377902498,908.4275744867821,963.2465620679079,805.9864784102793,973.1113103242193,12,12,0.8757242688376875,0.08731193863178333,-33.20267298250351,-0.059644815851839124,0.9526960706865567,110.27102461645883,-4.0709280707433514e-05,1.0082868972364493e-05,1.0,1.0,0.0,235.72961163291095,0.0,1.0,79.39739313530768,0.0,0.0,1.0
frame_0242.jpg,frame_0242,242,D:\visualization2026\visualization\left_downsample2_Q44\frame_0242.jpg,D:\visualization2026\visualization\right_downsample2_Q44\frame_0242.jpg,D:\visualization2026\dowsample2_Q44\stitched_frames\frame_0242.jpg,D:\visualization2026\dowsample2_Q44_hess_matched\stitched_frames\frame_0242.jpg,1835,1302,-0.030200470569436644,0.015105370791835125,30.40956997737171,18.722693768831007,82.20575900351673,-22.07548387061661,-51.79618902614502,40.798177639447616,65.93433473033659,-57.029911720846,36.521521485865605,67.72172740361864,0,1,-28.514955860423,18.260760742932803,28.514955860423,-18.260760742932803,0,0,65.93433473033659,929.0257451562977,959.1843053439384,846.819986152781,981.259789214555,12,12,0.8920935305396827,0.0968831425622832,-28.16513205578032,-0.05819945706580218,0.9661592166352405,110.2775258246616,-3.37930077597845e-05,1.520546759844248e-05,1.0,1.0,0.0,263.514955860423,0.0,1.0,83.7392392570672,0.0,0.0,1.0
frame_0244.jpg,frame_0244,244,D:\visualization2026\visualization\left_downsample2_Q44\frame_0244.jpg,D:\visualization2026\visualization\right_downsample2_Q44\frame_0244.jpg,D:\visualization2026\dowsample2_Q44\stitched_frames\frame_0244.jpg,D:\visualization2026\dowsample2_Q44_hess_matched\stitched_frames\frame_0244.jpg,1835,1302,-0.02945811960208372,0.014268483168760122,34.184475301668556,17.19300574167438,77.97949957763899,-23.999003300913273,-43.795024275970434,41.19200904258766,60.12308841283407,-49.987888918342065,40.772888612893354,64.5074994427153,0,1,-24.993944459171033,20.386444306446677,24.993944459171033,-20.386444306446677,0,0,60.12308841283407,930.0240684466199,956.7095446647455,852.044568868981,980.7085479656588,12,12,0.8935057806735239,0.09613182949702269,-25.56106383204984,-0.05768451760797763,0.9664758872128063,111.95908573160031,-3.297070351399258e-05,1.414373859212015e-05,1.0,1.0,0.0,259.993944459171,0.0,1.0,81.61355569355332,0.0,0.0,1.0
frame_0246.jpg,frame_0246,246,D:\visualization2026\visualization\left_downsample2_Q44\frame_0246.jpg,D:\visualization2026\visualization\right_downsample2_Q44\frame_0246.jpg,D:\visualization2026\dowsample2_Q44\stitched_frames\frame_0246.jpg,D:\visualization2026\dowsample2_Q44_hess_matched\stitched_frames\frame_0246.jpg,1835,1302,-0.029136666263919753,0.013974627586720752,35.153392305447404,16.688044729602368,67.95563351593955,-26.662372993194595,-32.80224121049215,43.35041772279696,54.36217200565388,-48.88343131949886,44.027463648867936,65.78759315342484,0,1,-24.44171565974943,22.013731824433968,24.44171565974943,-22.013731824433968,0,0,54.36217200565388,920.4095231485439,953.9060488422955,852.4538896326044,980.5684218354901,12,12,0.8922528534978016,0.09885980799276804,-24.891947893972482,-0.0583887143502468,0.9671357277754726,114.09900522599924,-3.4002989211381195e-05,1.6456961576177274e-05,1.0,1.0,0.0,259.44171565974943,0.0,1.0,79.98626817556604,0.0,0.0,1.0
frame_0248.jpg,frame_0248,248,D:\visualization2026\visualization\left_downsample2_Q44\frame_0248.jpg,D:\visualization2026\visualization\right_downsample2_Q44\frame_0248.jpg,D:\visualization2026\dowsample2_Q44\stitched_frames\frame_0248.jpg,D:\visualization2026\dowsample2_Q44_hess_matched\stitched_frames\frame_0248.jpg,1836,1302,-0.02858158564539609,0.014433071321849705,27.44468532347914,18.034726135736637,74.10254403771262,-30.74880686901065,-46.657858714233484,48.783533004747284,67.50399152807663,-51.571829602241436,46.93230405807678,69.73015683850421,0,1,-25.785914801120718,23.46615202903839,25.785914801120718,-23.46615202903839,0,0,67.50399152807663,934.3337291588199,953.0277213893515,860.2311851211073,983.7765282583622,12,12,0.8919023077573062,0.11230025638993048,-25.454757534311504,-0.05856548425961751,0.9718029047601237,115.6597033801952,-3.476935197032184e-05,2.3192755448446638e-05,1.0,1.0,0.0,261.7859148011207,0.0,1.0,78.5338479709616,0.0,0.0,1.0
frame_0250.jpg,frame_0250,250,D:\visualization2026\visualization\left_downsample2_Q44\frame_0250.jpg,D:\visualization2026\visualization\right_downsample2_Q44\frame_0250.jpg,D:\visualization2026\dowsample2_Q44\stitched_frames\frame_0250.jpg,D:\visualization2026\dowsample2_Q44_hess_matched\stitched_frames\frame_0250.jpg,1819,1300,-0.02794896559971799,0.015055808096931446,17.6853555731795,19.799810868221318,87.05119894383267,-26.213369966538835,-69.36584337065318,46.01318083476015,83.23961218707309,-54.01169772561768,49.52148961282115,73.27783719977171,0,1,-27.00584886280884,24.760744806410575,27.00584886280884,-24.760744806410575,0,0,83.23961218707309,922.1704994713274,954.8179184213504,835.1193005274947,981.0312883878893,12,12,0.8895683603900455,0.09047508702505763,-26.810807734259804,-0.05698245758272099,0.9620175206831879,114.5901313234467,-3.6680014434718775e-05,1.2067718812764663e-05,1.0,1.0,0.0,246.00584886280885,0.0,1.0,75.23925519358943,0.0,0.0,1.0
frame_0252.jpg,frame_0252,252,D:\visualization2026\visualization\left_downsample2_Q44\frame_0252.jpg,D:\visualization2026\visualization\right_downsample2_Q44\frame_0252.jpg,D:\visualization2026\dowsample2_Q44\stitched_frames\frame_0252.jpg,D:\visualization2026\dowsample2_Q44_hess_matched\stitched_frames\frame_0252.jpg,1851,1311,-0.028065429588112145,0.015236568037506323,16.61266218210985,20.153418549695882,81.85084262196779,-35.16896113579594,-65.23818043985793,55.322379685491825,85.53704391179987,-59.03453015541461,50.068237427835584,77.40739079571584,0,1,-29.517265077707304,25.034118713917792,29.517265077707304,-25.034118713917792,0,0,85.53704391179987,950.6620824332076,956.4964900296552,868.8112398112398,991.6654511654511,12,12,0.9103211132584665,0.10364845464522823,-29.23929384631803,-0.05473082782080147,0.9811844438845317,111.0079985989833,-2.854572211492342e-05,2.005244022611061e-05,1.0,1.0,0.0,280.5172650777073,0.0,1.0,85.96588128608221,0.0,0.0,1.0
frame_0254.jpg,frame_0254,254,D:\visualization2026\visualization\left_downsample2_Q44\frame_0254.jpg,D:\visualization2026\visualization\right_downsample2_Q44\frame_0254.jpg,D:\visualization2026\dowsample2_Q44\stitched_frames\frame_0254.jpg,D:\visualization2026\dowsample2_Q44_hess_matched\stitched_frames\frame_0254.jpg,1844,1312,-0.029016334681373546,0.015005396278778012,24.435406759295887,19.11941327400164,80.42977165214756,-35.01852354230789,-55.99436489285168,54.137936816309534,77.88636018251555,-67.10955858029284,46.35058765260109,81.56022209743676,0,1,-33.55477929014642,23.175293826300546,33.55477929014642,-23.175293826300546,0,0,77.88636018251555,946.4979674334296,959.0945217167541,866.068195781282,994.113045259062,12,12,0.9004514584332409,0.10601293450164767,-33.72317586438469,-0.05571006743390854,0.979273795136706,110.68532958476304,-3.278141632180907e-05,2.0402362647504368e-05,1.0,1.0,0.0,277.5547792901464,0.0,1.0,88.82470617369945,0.0,0.0,1.0
frame_0256.jpg,frame_0256,256,D:\visualization2026\visualization\left_downsample2_Q44\frame_0256.jpg,D:\visualization2026\visualization\right_downsample2_Q44\frame_0256.jpg,D:\visualization2026\dowsample2_Q44\stitched_frames\frame_0256.jpg,D:\visualization2026\dowsample2_Q44_hess_matched\stitched_frames\frame_0256.jpg,1833,1306,-0.030156924288747333,0.014745676611862067,33.64799361706919,17.91949605430805,91.56439697654594,-28.164660743561058,-57.916403359476746,46.084156797869106,74.01391278582828,-71.37185335061925,42.98158780504444,83.31481465468819,0,1,-35.685926675309624,21.49079390252222,35.685926675309624,-21.49079390252222,0,0,74.01391278582828,956.9243138581738,959.8258093051635,865.3599168816279,987.9904700487245,12,12,0.9016981631375265,0.10175665327042578,-36.0097555762603,-0.05511076989486499,0.9769288744161975,108.45369796815768,-3.408927764401074e-05,1.8173047964294947e-05,1.0,1.0,0.0,268.68592667530964,0.0,1.0,84.50920609747777,0.0,0.0,1.0
frame_0258.jpg,frame_0258,258,D:\visualization2026\visualization\left_downsample2_Q44\frame_0258.jpg,D:\visualization2026\visualization\right_downsample2_Q44\frame_0258.jpg,D:\visualization2026\dowsample2_Q44\stitched_frames\frame_0258.jpg,D:\visualization2026\dowsample2_Q44_hess_matched\stitched_frames\frame_0258.jpg,1814,1298,-0.03095400153964417,0.014660533195169599,39.15007628503415,17.30229316288307,126.18307712365879,-12.892990965691752,-87.03300083862464,30.195284128574823,92.12219286676475,-75.03023125907303,38.67586687693891,84.41183733027425,0,1,-37.51511562953652,19.337933438469456,37.51511562953652,-19.337933438469456,0,0,92.12219286676475,949.6220318887005,959.896864106772,823.4389547650417,972.7898550724638,12,12,0.8982569529604797,0.08740770491687376,-37.8414796308171,-0.05438152178715222,0.9657608615689718,105.6239534766923,-3.6090040871721984e-05,8.817382970736067e-06,1.0,1.0,0.0,251.51511562953652,0.0,1.0,78.66206656153054,0.0,0.0,1.0
frame_0260.jpg,frame_0260,260,D:\visualization2026\visualization\left_downsample2_Q44\frame_0260.jpg,D:\visualization2026\visualization\right_downsample2_Q44\frame_0260.jpg,D:\visualization2026\dowsample2_Q44\stitched_frames\frame_0260.jpg,D:\visualization2026\dowsample2_Q44_hess_matched\stitched_frames\frame_0260.jpg,1806,1297,-0.031148843919941105,0.014787047982304208,39.06399340498109,17.48983819487324,129.74131062726633,-11.678343402103678,-90.67731722228524,29.16818159697692,95.25312948300002,-77.51964272461868,35.168208101089135,85.1240146444823,0,1,-38.75982136230934,17.584104050544568,38.75982136230934,-17.584104050544568,0,0,95.25312948300002,955.4397667676171,959.6291653698261,825.6984561403508,971.3075087719297,12,12,0.8921833868121045,0.08863213657599232,-38.5576765733278,-0.05592131257325734,0.9645636223241891,105.83833550566047,-4.0440771658631795e-05,1.2230984927429401e-05,1.0,1.0,0.0,244.75982136230934,0.0,1.0,79.41589594945543,0.0,0.0,1.0
frame_0262.jpg,frame_0262,262,D:\visualization2026\visualization\left_downsample2_Q44\frame_0262.jpg,D:\visualization2026\visualization\right_downsample2_Q44\frame_0262.jpg,D:\visualization2026\dowsample2_Q44\stitched_frames\frame_0262.jpg,D:\visualization2026\dowsample2_Q44_hess_matched\stitched_frames\frame_0262.jpg,1806,1296,-0.031061132768771815,0.014950836458696458,36.958611957207275,17.912462992026462,120.48868193933413,-15.881312052937687,-83.53006998212686,33.79377504496415,90.10711305445676,-80.58477847034533,33.72637966533969,87.3577426817181,0,1,-40.292389235172664,16.863189832669846,40.292389235172664,-16.863189832669846,0,0,90.10711305445676,945.7593537739594,955.0357134997467,825.2706718346253,970.9170255526844,12,12,0.8924020609259405,0.08811068743563369,-39.91825424551669,-0.0557700347643472,0.9628046506431073,104.75972627256958,-4.0302313315394694e-05,1.2297668357724828e-05,1.0,1.0,0.0,246.29238923517266,0.0,1.0,79.13681016733015,0.0,0.0,1.0
frame_0264.jpg,frame_0264,264,D:\visualization2026\visualization\left_downsample2_Q44\frame_0264.jpg,D:\visualization2026\visualization\right_downsample2_Q44\frame_0264.jpg,D:\visualization2026\dowsample2_Q44\stitched_frames\frame_0264.jpg,D:\visualization2026\dowsample2_Q44_hess_matched\stitched_frames\frame_0264.jpg,1833,1304,-0.031060363745405606,0.015007394549563964,36.404733244511576,18.042786006257607,104.84615546509144,-18.556856930803065,-68.44142222057987,36.59964293706067,77.61289930608196,-76.50007496181763,35.34584870967939,84.2709350260887,0,1,-38.250037480908816,17.672924354839694,38.250037480908816,-17.672924354839694,0,0,77.61289930608196,963.1092131778979,958.6023481856885,858.2630577128065,977.1592051164915,12,12,0.9064625550331277,0.09369673129896715,-38.1609590586298,-0.054590635103406025,0.9740647390927892,104.073703799989,-3.390800497254737e-05,1.3209911527314868e-05,1.0,1.0,0.0,271.2500374809088,0.0,1.0,86.3270756451603,0.0,0.0,1.0
frame_0266.jpg,frame_0266,266,D:\visualization2026\visualization\left_downsample2_Q44\frame_0266.jpg,D:\visualization2026\visualization\right_downsample2_Q44\frame_0266.jpg,D:\visualization2026\dowsample2_Q44\stitched_frames\frame_0266.jpg,D:\visualization2026\dowsample2_Q44_hess_matched\stitched_frames\frame_0266.jpg,1825,1304,-0.031221990920593856,0.014984786500482968,37.57231639222608,17.905359476103136,110.81439848033608,-20.969655143018713,-73.24208208811001,38.87501461912185,82.91965599445274,-71.45973509687158,37.35128871149272,80.6325772161869,0,1,-35.72986754843579,18.67564435574636,35.72986754843579,-18.67564435574636,0,0,82.91965599445274,965.7525144555825,956.9917628415484,854.9381159752464,977.9614179845671,12,12,0.8941835599700471,0.09463631895105647,-35.909810367377375,-0.05659419346297702,0.9674519578735036,107.6843431759024,-3.9382152682553236e-05,1.4709241947907612e-05,1.0,1.0,0.0,260.7298675484358,0.0,1.0,85.32435564425364,0.0,0.0,1.0
frame_0268.jpg,frame_0268,268,D:\visualization2026\visualization\left_downsample2_Q44\frame_0268.jpg,D:\visualization2026\visualization\right_downsample2_Q44\frame_0268.jpg,D:\visualization2026\dowsample2_Q44\stitched_frames\frame_0268.jpg,D:\visualization2026\dowsample2_Q44_hess_matched\stitched_frames\frame_0268.jpg,1834,1303,-0.03136902478100656,0.01499276443413914,38.35721396071273,17.845909524067046,104.96669725669892,-20.446719826206277,-66.6094832959862,38.29262935027332,76.83195121507508,-65.20505033447262,39.68724659736013,76.33332255051381,0,1,-32.60252516723631,19.843623298680065,32.60252516723631,-19.843623298680065,0,0,76.83195121507508,974.174035895072,957.3251634629183,869.2073386383731,977.7718832891246,12,12,0.9075539087591222,0.09336905246822087,-32.20204407191926,-0.05427953013571019,0.9732141742377804,105.67451127465557,-3.3369038844728756e-05,1.314605168865031e-05,1.0,1.0,0.0,266.6025251672363,0.0,1.0,83.15637670131994,0.0,0.0,1.0
frame_0270.jpg,frame_0270,270,D:\visualization2026\visualization\left_downsample2_Q44\frame_0270.jpg,D:\visualization2026\visualization\right_downsample2_Q44\frame_0270.jpg,D:\visualization2026\dowsample2_Q44\stitched_frames\frame_0270.jpg,D:\visualization2026\dowsample2_Q44_hess_matched\stitched_frames\frame_0270.jpg,1824,1303,-0.031504386118889616,0.015001461533222488,39.066663794218094,17.79428586603512,104.54228169177304,-21.401095740008486,-65.47561789755494,39.19538160604361,76.31077563693084,-64.44580589935369,41.02729480289012,76.39699481563673,0,1,-32.22290294967684,20.51364740144506,32.22290294967684,-20.51364740144506,0,0,76.31077563693084,974.9051328259175,954.831291221085,870.3628511341444,976.2323869610935,12,12,0.894344764896439,0.09486999875315202,-32.59316267796087,-0.05628384695447477,0.9676050480828486,108.86888943282216,-3.92461865204328e-05,1.4020549115180805e-05,1.0,1.0,0.0,256.22290294967684,0.0,1.0,82.48635259855494,0.0,0.0,1.0
frame_0272.jpg,frame_0272,272,D:\visualization2026\visualization\left_downsample2_Q44\frame_0272.jpg,D:\visualization2026\visualization\right_downsample2_Q44\frame_0272.jpg,D:\visualization2026\dowsample2_Q44\stitched_frames\frame_0272.jpg,D:\visualization2026\dowsample2_Q44_hess_matched\stitched_frames\frame_0272.jpg,1838,1306,-0.03193289843627267,0.014916151464043494,42.40864065677712,17.371657674104323,94.66528682690921,-28.101906800196844,-52.256646170132086,45.47356447430117,69.27194334612538,-61.07965557563217,42.19911951650093,74.23941010814796,0,1,-30.539827787816083,21.099559758250464,30.539827787816083,-21.099559758250464,0,0,69.27194334612538,982.2138432573554,953.8089234249722,887.5485564304462,981.9108302251691,12,12,0.9048985249325916,0.0995008718824372,-30.852440427029226,-0.055569980933869396,0.9754915603259242,108.42483588345992,-3.6549419203463424e-05,1.7221809913843504e-05,1.0,1.0,0.0,268.5398277878161,0.0,1.0,84.90044024174954,0.0,0.0,1.0
frame_0274.jpg,frame_0274,274,D:\visualization2026\visualization\left_downsample2_Q44\frame_0274.jpg,D:\visualization2026\visualization\right_downsample2_Q44\frame_0274.jpg,D:\visualization2026\dowsample2_Q44\stitched_frames\frame_0274.jpg,D:\visualization2026\dowsample2_Q44_hess_matched\stitched_frames\frame_0274.jpg,1844,1305,-0.03267702856796301,0.014737556381273768,48.50790355844294,16.56779962457872,113.15310360342812,-26.732084340131905,-64.64520004498519,43.299883964710624,77.80669534309729,-57.07583175887464,43.839038245384074,71.96882550971365,0,1,-28.53791587943732,21.919519122692037,28.53791587943732,-21.919519122692037,0,0,77.80669534309729,992.5999562500662,953.1136238143745,879.446852646638,979.8457081545064,12,12,0.9144657418676335,0.09893218461822385,-28.91305762446686,-0.05437145381189966,0.9789206976677883,107.54136674726237,-3.2349553666324564e-05,1.6117090682193195e-05,1.0,1.0,0.0,272.5379158794373,0.0,1.0,83.08048087730796,0.0,0.0,1.0
frame_0276.jpg,frame_0276,276,D:\visualization2026\visualization\left_downsample2_Q44\frame_0276.jpg,D:\visualization2026\visualization\right_downsample2_Q44\frame_0276.jpg,D:\visualization2026\dowsample2_Q44\stitched_frames\frame_0276.jpg,D:\visualization2026\dowsample2_Q44_hess_matched\stitched_frames\frame_0276.jpg,1845,1305,-0.03311251172538443,0.014624033129451972,52.164810475377564,16.076677285773336,108.57614094487997,-28.6574609014026,-56.4113304695024,44.73413818717594,71.99570351547905,-55.97415777990503,44.97000764638475,71.80116939775846,0,1,-27.987078889952514,22.485003823192375,27.987078889952514,-22.485003823192375,0,0,71.99570351547905,988.6745932234699,950.4683631169407,880.0984522785899,979.1258240183433,12,12,0.9163278226264489,0.0967664369394038,-28.077617351970858,-0.05398174432650961,0.9792945841191286,107.82542399853446,-3.12464272806802e-05,1.4216928187055701e-05,1.0,1.0,0.0,272.9870788899525,0.0,1.0,82.51499617680763,0.0,0.0,1.0
frame_0278.jpg,frame_0278,278,D:\visualization2026\visualization\left_downsample2_Q44\frame_0278.jpg,D:\visualization2026\visualization\right_downsample2_Q44\frame_0278.jpg,D:\visualization2026\dowsample2_Q44\stitched_frames\frame_0278.jpg,D:\visualization2026\dowsample2_Q44_hess_matched\stitched_frames\frame_0278.jpg,1837,1306,-0.03269298811474147,0.014500905056086179,50.90018601239649,16.015759909602096,97.49055022459504,-30.476463085086948,-46.59036421219855,46.492222994689044,65.81936520822124,-59.62658064524334,43.33556790579247,73.71092568379031,0,1,-29.81329032262167,21.667783952896237,29.81329032262167,-21.667783952896237,0,0,65.81936520822124,981.3020816740025,948.829826796408,883.8115314494074,979.306289881495,12,12,0.9030697221826424,0.10045188155410167,-30.198442359853914,-0.0561024084451973,0.9739465556053696,109.81303600104931,-3.754239597036277e-05,1.7990782631248646e-05,1.0,1.0,0.0,266.8132903226217,0.0,1.0,84.33221604710377,0.0,0.0,1.0
frame_0280.jpg,frame_0280,280,D:\visualization2026\visualization\left_downsample2_Q44\frame_0280.jpg,D:\visualization2026\visualization\right_downsample2_Q44\frame_0280.jpg,D:\visualization2026\dowsample2_Q44\stitched_frames\frame_0280.jpg,D:\visualization2026\dowsample2_Q44_hess_matched\stitched_frames\frame_0280.jpg,1847,1305,-0.03169951026487683,0.014141097160800184,48.56813043781761,15.714780396997277,108.53537844052448,-29.13544821404969,-59.967248002706874,44.850228611046965,74.88400256050238,-58.313128146694055,42.14710675443303,71.94997930522521,0,1,-29.156564073347027,21.073553377216516,29.156564073347027,-21.073553377216516,0,0,74.88400256050238,1001.2341709271077,950.3099900685979,892.6987924865832,979.4454382826476,12,12,0.919923809381164,0.09801437162718321,-29.61648275925188,-0.05274209025630049,0.982185173144922,104.75321601853884,-2.9771316526752796e-05,1.537117334631664e-05,1.0,1.0,0.0,276.156564073347,0.0,1.0,83.92644662278349,0.0,0.0,1.0
frame_0282.jpg,frame_0282,282,D:\visualization2026\visualization\left_downsample2_Q44\frame_0282.jpg,D:\visualization2026\visualization\right_downsample2_Q44\frame_0282.jpg,D:\visualization2026\dowsample2_Q44\stitched_frames\frame_0282.jpg,D:\visualization2026\dowsample2_Q44_hess_matched\stitched_frames\frame_0282.jpg,1867,1305,-0.030843195885947527,0.013715935655753311,47.675374671713186,15.191126481515589,118.19413516853683,-22.11023928982422,-70.51876049682365,37.30136577133981,79.77648444507727,-59.19215404728584,39.51766434546167,71.17132074142076,0,1,-29.59607702364292,19.758832172730834,29.59607702364292,-19.758832172730834,0,0,79.77648444507727,1035.8855169349185,957.3289344993495,917.6913817663817,979.4391737891738,12,12,0.9182641320297334,0.13911892060893652,-29.477053688113926,-0.05380941523781494,0.9917020996795314,104.9213465387423,-3.240956829931267e-05,2.0795019681187127e-05,1.0,1.0,0.0,296.5960770236429,0.0,1.0,85.24116782726917,0.0,0.0,1.0
frame_0284.jpg,frame_0284,284,D:\visualization2026\visualization\left_downsample2_Q44\frame_0284.jpg,D:\visualization2026\visualization\right_downsample2_Q44\frame_0284.jpg,D:\visualization2026\dowsample2_Q44\stitched_frames\frame_0284.jpg,D:\visualization2026\dowsample2_Q44_hess_matched\stitched_frames\frame_0284.jpg,1838,1296,-0.030529584598674553,0.013309164722555875,49.78707290906694,14.42264616698031,107.8650104613057,-22.934932040933063,-58.07793755223876,37.35757820791338,69.05530739836084,-61.638894467552326,36.73467662084825,71.75506795774322,0,1,-30.819447233776163,18.367338310424124,30.819447233776163,-18.367338310424124,0,0,69.05530739836084,1005.4394402764002,950.1361522097324,897.5744298150945,973.0710842506654,12,12,0.9083549018074634,0.09419214704307685,-31.004639134526872,-0.05384189524152327,0.9721016066249458,103.7060903290593,-3.605582552852797e-05,1.2374133820130392e-05,1.0,1.0,0.0,268.81944723377615,0.0,1.0,77.63266168957588,0.0,0.0,1.0
frame_0286.jpg,frame_0286,286,D:\visualization2026\visualization\left_downsample2_Q44\frame_0286.jpg,D:\visualization2026\visualization\right_downsample2_Q44\frame_0286.jpg,D:\visualization2026\dowsample2_Q44\stitched_frames\frame_0286.jpg,D:\visualization2026\dowsample2_Q44_hess_matched\stitched_frames\frame_0286.jpg,1836,1294,-0.030390024803795324,0.012891139201716861,53.02894591157707,13.536246669695965,113.83540588403844,-18.050679472623187,-60.80645997246137,31.58692614231915,68.52123377102073,-61.21350229778937,34.81731570079418,70.42256979243398,0,1,-30.606751148894684,17.40865785039709,30.606751148894684,-17.40865785039709,0,0,68.52123377102073,1013.7745641640018,953.0767984169772,899.9391582799634,971.1274778896004,12,12,0.9137556709667215,0.10674433053909788,-30.372311272421424,-0.05332426745025105,0.9792550108940483,101.93576500615328,-3.586648918495928e-05,1.6375058877962976e-05,1.0,1.0,0.0,266.60675114889466,0.0,1.0,76.59134214960291,0.0,0.0,1.0
frame_0288.jpg,frame_0288,288,D:\visualization2026\visualization\left_downsample2_Q44\frame_0288.jpg,D:\visualization2026\visualization\right_downsample2_Q44\frame_0288.jpg,D:\visualization2026\dowsample2_Q44\stitched_frames\frame_0288.jpg,D:\visualization2026\dowsample2_Q44_hess_matched\stitched_frames\frame_0288.jpg,1819,1288,-0.030340996749053717,0.01260956813852547,55.47638087133301,12.915400583104919,114.30044718486397,-19.661883788517002,-58.824066313530956,32.57728437162192,67.24247344267022,-57.970732771393926,34.02736368889594,67.21954580082165,0,1,-28.985366385696963,17.01368184444797,28.985366385696963,-17.01368184444797,0,0,67.24247344267022,992.3270844181237,953.7044885440805,878.0266372332597,973.3663723325975,12,12,0.9034528867946591,0.08398838883539379,-28.723609895487883,-0.0534024713113418,0.964386464059026,101.50203766694717,-3.9427742822566296e-05,6.150846850751236e-06,1.0,1.0,0.0,247.98536638569698,0.0,1.0,70.98631815555203,0.0,0.0,1.0
frame_0290.jpg,frame_0290,290,D:\visualization2026\visualization\left_downsample2_Q44\frame_0290.jpg,D:\visualization2026\visualization\right_downsample2_Q44\frame_0290.jpg,D:\visualization2026\dowsample2_Q44\stitched_frames\frame_0290.jpg,D:\visualization2026\dowsample2_Q44_hess_matched\stitched_frames\frame_0290.jpg,1818,1288,-0.03044929026743287,0.012648634042741386,55.73208858863331,12.947853198823308,113.57237574252542,-22.315570811953307,-57.84028715389211,35.26342401077662,67.74221646070133,-58.352659983612064,33.01268718566516,67.04379495808409,0,1,-29.176329991806032,16.50634359283258,29.176329991806032,-16.50634359283258,0,0,67.74221646070133,990.910680775415,951.7505145483037,877.3383050328896,974.066085360257,12,12,0.9004595338618392,0.08624138022101044,-28.891387860217154,-0.05492642800149815,0.9619142160302299,102.87570702000656,-4.133616703759216e-05,8.303357953479938e-06,1.0,1.0,0.0,247.17632999180603,0.0,1.0,71.49365640716742,0.0,0.0,1.0
frame_0292.jpg,frame_0292,292,D:\visualization2026\visualization\left_downsample2_Q44\frame_0292.jpg,D:\visualization2026\visualization\right_downsample2_Q44\frame_0292.jpg,D:\visualization2026\dowsample2_Q44\stitched_frames\frame_0292.jpg,D:\visualization2026\dowsample2_Q44_hess_matched\stitched_frames\frame_0292.jpg,1817,1288,-0.030870654563189992,0.012967272547505793,55.108449022901354,13.456892310003239,109.41336188774778,-19.894713401845365,-54.30491286484643,33.351605711848606,63.72874676954801,-53.94891380592253,33.34763370355263,63.42357585681509,0,1,-26.974456902961265,16.673816851776316,26.974456902961265,-16.673816851776316,0,0,63.72874676954801,996.7225661415064,953.5861813542969,887.3092042537586,973.4808947561422,12,12,0.8997974977675883,0.08432159738457284,-26.925490250130764,-0.05436912512013496,0.9630333763021097,102.03937689122822,-4.1225820517697866e-05,6.3406246906927886e-06,1.0,1.0,0.0,243.97445690296126,0.0,1.0,71.32618314822369,0.0,0.0,1.0
frame_0294.jpg,frame_0294,294,D:\visualization2026\visualization\left_downsample2_Q44\frame_0294.jpg,D:\visualization2026\visualization\right_downsample2_Q44\frame_0294.jpg,D:\visualization2026\dowsample2_Q44\stitched_frames\frame_0294.jpg,D:\visualization2026\dowsample2_Q44_hess_matched\stitched_frames\frame_0294.jpg,1818,1288,-0.03125713802083524,0.013187396066600195,55.23713466674395,13.758089203948204,115.2247082800734,-18.526106487811262,-59.98757361332945,32.284195691759464,68.12325799224844,-48.32342563641904,34.572994869748285,59.417551611473876,0,1,-24.16171281820952,17.286497434874143,24.16171281820952,-17.286497434874143,0,0,68.12325799224844,1003.1451541496717,955.5857426494615,887.9204458695983,974.1118491372728,12,12,0.8996215070289844,0.08343992211797806,-24.32084935315738,-0.054621003580058954,0.963448697337273,103.79568732785228,-4.1215174793057975e-05,6.374577425379334e-06,1.0,1.0,0.0,242.1617128182095,0.0,1.0,70.71350256512585,0.0,0.0,1.0
frame_0296.jpg,frame_0296,296,D:\visualization2026\visualization\left_downsample2_Q44\frame_0296.jpg,D:\visualization2026\visualization\right_downsample2_Q44\frame_0296.jpg,D:\visualization2026\dowsample2_Q44\stitched_frames\frame_0296.jpg,D:\visualization2026\dowsample2_Q44_hess_matched\stitched_frames\frame_0296.jpg,1837,1287,-0.03115717160502507,0.01303204811430718,56.159755016943436,13.45412727161301,94.94748410095713,-19.807531460143537,-38.78772908401369,33.26165873175655,51.09624124221544,-46.27320364359007,34.923240603017355,57.97277041557871,0,1,-23.136601821795036,17.461620301508677,23.136601821795036,-17.461620301508677,0,0,51.09624124221544,1004.9085864513363,958.513336603234,909.9611023503792,978.3208680633776,12,12,0.908349350208087,0.09018628164632547,-23.59077858299116,-0.05442252547353096,0.9670426751125418,103.79284770868597,-3.720614681561381e-05,8.22152256051815e-06,1.0,1.0,0.0,260.136601821795,0.0,1.0,69.53837969849133,0.0,0.0,1.0
frame_0298.jpg,frame_0298,298,D:\visualization2026\visualization\left_downsample2_Q44\frame_0298.jpg,D:\visualization2026\visualization\right_downsample2_Q44\frame_0298.jpg,D:\visualization2026\dowsample2_Q44\stitched_frames\frame_0298.jpg,D:\visualization2026\dowsample2_Q44_hess_matched\stitched_frames\frame_0298.jpg,1841,1285,-0.030450735345441793,0.012687503184004564,55.36301498343781,13.03637279887968,86.05964044945131,-25.66771740372053,-30.6966254660135,38.70409020260021,49.39928555568109,-47.93331916470477,37.60667158124259,60.9250755729108,0,1,-23.966659582352385,18.803335790621293,23.966659582352385,-18.803335790621293,0,0,49.39928555568109,991.176116052038,964.0032849478373,905.1164756025867,989.6710023515578,12,12,0.9198792228710327,0.07969648016645008,-24.04415146939977,-0.05201498319848377,0.9822125989448294,100.84161761403497,-3.299481867569044e-05,1.5803125895302464e-05,1.0,1.0,0.0,264.9666595823524,0.0,1.0,66.19666420937871,0.0,0.0,1.0
frame_0300.jpg,frame_0300,300,D:\visualization2026\visualization\left_downsample2_Q44\frame_0300.jpg,D:\visualization2026\visualization\right_downsample2_Q44\frame_0300.jpg,D:\visualization2026\dowsample2_Q44\stitched_frames\frame_0300.jpg,D:\visualization2026\dowsample2_Q44_hess_matched\stitched_frames\frame_0300.jpg,1831,1283,-0.02988790107824235,0.012253402825569998,56.278418870869686,12.336945620090418,103.86759606061696,-24.677707057031512,-47.589177189747275,37.01465267712193,60.289421115193434,-44.28580408560643,40.04812520765207,59.708330877328095,0,1,-22.142902042803215,20.024062603826035,22.142902042803215,-20.024062603826035,0,0,60.289421115193434,985.4719372108124,971.6780299613939,881.6043411501954,996.3557370184254,12,12,0.9043852046723232,0.08558100584379633,-22.349648381365867,-0.05498079323237262,0.9622653740728093,106.3184451830559,-4.0873581782408015e-05,4.91442557867261e-06,1.0,1.0,0.0,253.1429020428032,0.0,1.0,62.97593739617396,0.0,0.0,1.0
frame_0302.jpg,frame_0302,302,D:\visualization2026\visualization\left_downsample2_Q44\frame_0302.jpg,D:\visualization2026\visualization\right_downsample2_Q44\frame_0302.jpg,D:\visualization2026\dowsample2_Q44\stitched_frames\frame_0302.jpg,D:\visualization2026\dowsample2_Q44_hess_matched\stitched_frames\frame_0302.jpg,1832,1283,-0.030121393560734844,0.01185249927423232,61.5420242320604,11.292544831750408,124.1475147024803,-35.47621577122436,-62.605490470419895,46.768760602974766,78.14578942835116,-43.28505896870135,41.312205852521174,59.83556369188008,0,1,-21.642529484350675,20.656102926260587,21.642529484350675,-20.656102926260587,0,0,78.14578942835116,986.455217842883,970.4268260538707,862.3077031404027,1005.9030418250951,12,12,0.9054201258052881,0.08630183399777258,-21.790184942188958,-0.05494338927923993,0.9614351379168233,107.34558618617679,-4.07693089961542e-05,5.629904971088924e-06,1.0,1.0,0.0,253.6425294843507,0.0,1.0,62.34389707373941,0.0,0.0,1.0
frame_0304.jpg,frame_0304,304,D:\visualization2026\visualization\left_downsample2_Q44\frame_0304.jpg,D:\visualization2026\visualization\right_downsample2_Q44\frame_0304.jpg,D:\visualization2026\dowsample2_Q44\stitched_frames\frame_0304.jpg,D:\visualization2026\dowsample2_Q44_hess_matched\stitched_frames\frame_0304.jpg,1832,1283,-0.030803052480075088,0.011461613787874567,69.33692775805311,10.034092124460974,111.08692597589084,-34.45737169934591,-41.74999821783773,44.49146382380689,61.012725757620196,-43.62179834555685,41.1334286333793,59.95681981257624,0,1,-21.810899172778424,20.56671431668965,21.810899172778424,-20.56671431668965,0,0,61.012725757620196,978.1673247879401,972.4092666827781,867.0803988120492,1006.866638382124,12,12,0.9054269901211413,0.08630088609242671,-21.958554630616707,-0.0549397449673956,0.961434634667446,107.25619757660586,-4.07693089961542e-05,5.629904971088924e-06,1.0,1.0,0.0,253.81089917277842,0.0,1.0,62.433285683310345,0.0,0.0,1.0
frame_0306.jpg,frame_0306,306,D:\visualization2026\visualization\left_downsample2_Q44\frame_0306.jpg,D:\visualization2026\visualization\right_downsample2_Q44\frame_0306.jpg,D:\visualization2026\dowsample2_Q44\stitched_frames\frame_0306.jpg,D:\visualization2026\dowsample2_Q44_hess_matched\stitched_frames\frame_0306.jpg,1831,1284,-0.03140851016052387,0.01110663711619364,76.33609748292348,8.898431117671523,110.12010098241183,-30.68363083843053,-33.78400349948835,39.58206195610205,52.039393935269295,-35.71722044023785,36.017975439924044,50.724889263235625,0,1,-17.858610220118926,18.008987719962022,17.858610220118926,-18.008987719962022,0,0,52.039393935269295,975.9512717176951,975.9243891014564,865.8311707352833,1006.608019939887,12,12,0.9037941628810563,0.08297930331100717,-17.593761813043734,-0.05514303901770058,0.9632403956036111,105.25036967696519,-4.1234513171037814e-05,4.0770165049311965e-06,1.0,1.0,0.0,248.85861022011892,0.0,1.0,65.99101228003798,0.0,0.0,1.0
frame_0308.jpg,frame_0308,308,D:\visualization2026\visualization\left_downsample2_Q44\frame_0308.jpg,D:\visualization2026\visualization\right_downsample2_Q44\frame_0308.jpg,D:\visualization2026\dowsample2_Q44\stitched_frames\frame_0308.jpg,D:\visualization2026\dowsample2_Q44_hess_matched\stitched_frames\frame_0308.jpg,1831,1284,-0.03152127914129377,0.010773917338333008,80.22933716998168,8.074509584502836,112.60965952027266,-29.73569452238803,-32.38032235029098,37.810204106890865,49.78048623821889,-28.317155076290064,28.208109352935452,39.969472161661386,0,1,-14.158577538145032,14.104054676467726,14.158577538145032,-14.104054676467726,0,0,49.78048623821889,984.9402417196927,975.9349873126926,872.3305821994201,1005.6706818350806,12,12,0.9036415938346982,0.08299438840532036,-13.89372913106984,-0.05498202100468659,0.963224475127142,101.3454366334709,-4.1234513171037814e-05,4.0770165049311965e-06,1.0,1.0,0.0,245.15857753814504,0.0,1.0,69.89594532353227,0.0,0.0,1.0
frame_0310.jpg,frame_0310,310,D:\visualization2026\visualization\left_downsample2_Q44\frame_0310.jpg,D:\visualization2026\visualization\right_downsample2_Q44\frame_0310.jpg,D:\visualization2026\dowsample2_Q44\stitched_frames\frame_0310.jpg,D:\visualization2026\dowsample2_Q44_hess_matched\stitched_frames\frame_0310.jpg,1847,1261,-0.03135910411693715,0.01028428442990717,84.03411345248689,7.0355876512216655,92.10040111563922,-4.401799058623965,-8.066287663152323,11.43738670984563,13.995671167017207,-24.861110170069082,20.868949473514643,32.459018022984296,0,1,-12.430555085034541,10.434474736757322,12.430555085034541,-10.434474736757322,0,0,13.995671167017207,990.9127942780324,979.0764772946524,898.8123931623932,983.4782763532763,12,12,0.9124368309916744,0.07162141782536458,-12.810355511954157,-0.05393969291759544,0.9611087121150129,95.5823721659291,-4.090629258375865e-05,-3.145398539840692e-06,1.0,1.0,0.0,259.43055508503454,0.0,1.0,50.56552526324268,0.0,0.0,1.0
frame_0312.jpg,frame_0312,312,D:\visualization2026\visualization\left_downsample2_Q44\frame_0312.jpg,D:\visualization2026\visualization\right_downsample2_Q44\frame_0312.jpg,D:\visualization2026\dowsample2_Q44\stitched_frames\frame_0312.jpg,D:\visualization2026\dowsample2_Q44_hess_matched\stitched_frames\frame_0312.jpg,1849,1254,-0.03120816623489936,0.009862737264508953,87.24345810315884,6.147117389744006,112.84862175383978,-1.5723127782878237,-25.605163650680936,7.719430168031829,26.7434853318948,-22.17818686820363,14.911834117750228,26.725171084882874,0,1,-11.089093434101814,7.455917058875114,11.089093434101814,-7.455917058875114,0,0,26.7434853318948,1013.2951599099296,974.4390221433785,900.4465381560898,976.0113349216663,12,12,0.9106807507407599,0.07945850246618034,-11.385722181338823,-0.05356594041274592,0.9439970001238261,92.69617518144175,-4.136232289645175e-05,-1.503873078482674e-05,1.0,1.0,0.0,260.0890934341018,0.0,1.0,46.544082941124884,0.0,0.0,1.0
frame_0314.jpg,frame_0314,314,D:\visualization2026\visualization\left_downsample2_Q44\frame_0314.jpg,D:\visualization2026\visualization\right_downsample2_Q44\frame_0314.jpg,D:\visualization2026\dowsample2_Q44\stitched_frames\frame_0314.jpg,D:\visualization2026\dowsample2_Q44_hess_matched\stitched_frames\frame_0314.jpg,1849,1254,-0.03129194265958207,0.009795308283955445,88.38978846228379,5.947915590725754,112.8595621490166,-1.847748835977086,-24.469773686732808,7.79566442670284,25.68155384967353,-20.072600181187514,8.032329924891128,21.620074052974715,0,1,-10.036300090593757,4.016164962445564,10.036300090593757,-4.016164962445564,0,0,25.68155384967353,1023.9280898847159,974.5717130409614,911.0685277356993,976.4194618769385,12,12,0.9106372047625425,0.07944266979051527,-10.332928837830766,-0.05342366427584965,0.9440487296295709,89.25642308501219,-4.136232289645175e-05,-1.503873078482674e-05,1.0,1.0,0.0,259.0363000905938,0.0,1.0,49.983835037554435,0.0,0.0,1.0
frame_0316.jpg,frame_0316,316,D:\visualization2026\visualization\left_downsample2_Q44\frame_0316.jpg,D:\visualization2026\visualization\right_downsample2_Q44\frame_0316.jpg,D:\visualization2026\dowsample2_Q44\stitched_frames\frame_0316.jpg,D:\visualization2026\dowsample2_Q44_hess_matched\stitched_frames\frame_0316.jpg,1849,1258,-0.03156073114535923,0.010129155678942708,86.7235248223937,6.572597219537162,107.0929118125548,-3.223887957742818,-20.369386990161104,9.79648517727998,22.602722141007945,-20.87901598178776,5.750663772231186,21.656487300321835,0,1,-10.43950799089388,2.875331886115593,10.43950799089388,-2.875331886115593,0,0,22.602722141007945,1014.4984870861424,976.7712318293025,907.4055752735876,979.9951197870453,12,12,0.9179914066699114,0.07754266047018483,-10.051917365692113,-0.053445507173768676,0.9609838125282368,88.58310740878412,-3.977763365918016e-05,-9.352283751489696e-07,1.0,1.0,0.0,259.4395079908939,0.0,1.0,55.124668113884404,0.0,0.0,1.0
frame_0318.jpg,frame_0318,318,D:\visualization2026\visualization\left_downsample2_Q44\frame_0318.jpg,D:\visualization2026\visualization\right_downsample2_Q44\frame_0318.jpg,D:\visualization2026\dowsample2_Q44\stitched_frames\frame_0318.jpg,D:\visualization2026\dowsample2_Q44_hess_matched\stitched_frames\frame_0318.jpg,1858,1247,-0.031887846249399776,0.010573800453922616,84.32314815369084,7.420932254600409,106.17553706890124,4.008249112005046,-21.852388915210398,3.4126831425953625,22.117262659139463,-22.756585453884625,4.449600091930432,23.187520835528336,0,1,-11.378292726942313,2.224800045965216,11.378292726942313,-2.224800045965216,0,0,22.117262659139463,1023.178946749429,973.3715283351909,917.0034096805277,969.3632792231858,12,12,0.9187496224134755,0.07199109673635946,-11.616770964772378,-0.049507829114545425,0.9569246304874319,81.57390009117648,-3.855736851503778e-05,-5.687510299148634e-06,1.0,1.0,0.0,269.37829272694233,0.0,1.0,44.77519995403478,0.0,0.0,1.0
frame_0320.jpg,frame_0320,320,D:\visualization2026\visualization\left_downsample2_Q44\frame_0320.jpg,D:\visualization2026\visualization\right_downsample2_Q44\frame_0320.jpg,D:\visualization2026\dowsample2_Q44\stitched_frames\frame_0320.jpg,D:\visualization2026\dowsample2_Q44_hess_matched\stitched_frames\frame_0320.jpg,1869,1242,-0.0321807218430773,0.010841628574053366,83.4394292997614,7.881223723258042,95.53779596591494,7.852167776712122,-12.098366666153538,0.029055946545920364,12.098401557095249,-23.578858998352807,2.9600172872340362,23.7639284211371,0,1,-11.789429499176403,1.4800086436170181,11.789429499176403,-1.4800086436170181,0,0,12.098401557095249,1034.0039740083641,971.1622914597172,938.4661780424492,963.310123683005,12,12,0.9255412085381695,0.07655420344504628,-11.764199345336433,-0.04916074957171276,0.9620214679981862,79.84872934020697,-3.589555961964801e-05,-1.9857505438296234e-06,1.0,1.0,0.0,280.7894294991764,0.0,1.0,40.51999135638298,0.0,0.0,1.0
frame_0322.jpg,frame_0322,322,D:\visualization2026\visualization\left_downsample2_Q44\frame_0322.jpg,D:\visualization2026\visualization\right_downsample2_Q44\frame_0322.jpg,D:\visualization2026\dowsample2_Q44\stitched_frames\frame_0322.jpg,D:\visualization2026\dowsample2_Q44_hess_matched\stitched_frames\frame_0322.jpg,1852,1248,-0.032508179735948384,0.011027737553284012,83.55231032816806,8.135510226429021,118.54532133933333,6.921398459900956,-34.993011011165265,1.214111766528065,35.01406698755738,-22.95085655171033,2.179390415868184,23.05410069905055,0,1,-11.475428275855165,1.089695207934092,11.475428275855165,-1.089695207934092,0,0,35.01406698755738,1028.9349023957996,976.5372090245639,910.3895810564662,969.615810564663,12,12,0.921049949006152,0.06725273261561007,-11.937633684408496,-0.05045196521306735,0.9579357058445576,81.49528796012004,-3.909014344504238e-05,-7.791045084545977e-06,1.0,1.0,0.0,263.47542827585517,0.0,1.0,46.91030479206591,0.0,0.0,1.0
frame_0324.jpg,frame_0324,324,D:\visualization2026\visualization\left_downsample2_Q44\frame_0324.jpg,D:\visualization2026\visualization\right_downsample2_Q44\frame_0324.jpg,D:\visualization2026\dowsample2_Q44\stitched_frames\frame_0324.jpg,D:\visualization2026\dowsample2_Q44_hess_matched\stitched_frames\frame_0324.jpg,1852,1248,-0.032802667946757735,0.011136097739581047,84.22701679295433,8.228644366991597,112.80815820202804,7.880893963770745,-28.58114140907371,0.3477504032208518,28.583256892600748,-24.932266922297956,2.102676197225823,25.020774989498083,0,1,-12.466133461148978,1.0513380986129115,12.466133461148978,-1.0513380986129115,0,0,28.583256892600748,1032.9964922850988,975.7856772896067,920.1883340830708,967.904783325836,12,12,0.9210886758139569,0.06726045124437419,-12.928338869702309,-0.050450465828161845,0.9579360046865256,81.45693085079887,-3.909014344504238e-05,-7.791045084545977e-06,1.0,1.0,0.0,264.46613346114896,0.0,1.0,46.94866190138709,0.0,0.0,1.0
frame_0326.jpg,frame_0326,326,D:\visualization2026\visualization\left_downsample2_Q44\frame_0326.jpg,D:\visualization2026\visualization\right_downsample2_Q44\frame_0326.jpg,D:\visualization2026\dowsample2_Q44\stitched_frames\frame_0326.jpg,D:\visualization2026\dowsample2_Q44_hess_matched\stitched_frames\frame_0326.jpg,1872,1256,-0.03295049107081327,0.011089553303964772,85.54613812394933,8.04353682942319,102.77551288089808,2.1501860089724687,-17.229374756948744,5.893350820450721,18.209418947574626,-29.945892732968705,1.134102865384504,29.96736025885065,0,1,-14.972946366484353,0.567051432692252,14.972946366484353,-0.567051432692252,0,0,18.209418947574626,1042.475074284407,979.3242357165747,939.6995614035088,977.1740497076022,12,12,0.9267203165540713,0.0842090746339654,-15.2596613308843,-0.05943647011775008,0.962556313789736,95.24236808525195,-3.755909728226917e-05,-2.6988489117172056e-06,1.0,1.0,0.0,286.97294636648434,0.0,1.0,55.43294856730775,0.0,0.0,1.0
frame_0328.jpg,frame_0328,328,D:\visualization2026\visualization\left_downsample2_Q44\frame_0328.jpg,D:\visualization2026\visualization\right_downsample2_Q44\frame_0328.jpg,D:\visualization2026\dowsample2_Q44\stitched_frames\frame_0328.jpg,D:\visualization2026\dowsample2_Q44_hess_matched\stitched_frames\frame_0328.jpg,1872,1256,-0.03296426466828023,0.010834928059617846,88.10018630642817,7.451366581167904,119.85962707457668,4.422254531784347,-31.759440768148508,3.0291120493835573,31.903567162830775,-27.53263916994099,0.13301478079581153,27.53296047638319,0,1,-13.766319584970494,0.06650739039790576,13.766319584970494,-0.06650739039790576,0,0,31.903567162830775,1053.4207294012087,979.3946210704486,933.5611023266321,974.9723665386642,12,12,0.9261244850878418,0.08267871947225933,-13.399408981318095,-0.059415114798954775,0.9607609133566029,95.29705465751664,-3.73852790830093e-05,-4.382090774210083e-06,1.0,1.0,0.0,285.7663195849705,0.0,1.0,55.93349260960209,0.0,0.0,1.0
frame_0330.jpg,frame_0330,330,D:\visualization2026\visualization\left_downsample2_Q44\frame_0330.jpg,D:\visualization2026\visualization\right_downsample2_Q44\frame_0330.jpg,D:\visualization2026\dowsample2_Q44\stitched_frames\frame_0330.jpg,D:\visualization2026\dowsample2_Q44_hess_matched\stitched_frames\frame_0330.jpg,1876,1256,-0.03294648851672294,0.010534242319487366,90.91658884867289,6.770082180958334,128.0830845681802,11.583892893619009,-37.16649571950731,-4.813810712660675,37.47694194628855,-27.993288780726985,-0.6782971702919538,28.001505384753894,0,1,-13.996644390363493,-0.3391485851459769,13.996644390363493,0.3391485851459769,0,0,37.47694194628855,1058.8753540564117,979.3010166249945,930.7922694882315,967.7171237313755,12,12,0.9305453163262482,0.08302838371319159,-13.569080565644477,-0.058949108270087314,0.9657636493780686,93.63687295943319,-3.572775887731601e-05,-2.2008542432139183e-06,1.0,1.0,0.0,289.9966443903635,0.0,1.0,55.33914858514598,0.0,0.0,1.0
frame_0332.jpg,frame_0332,332,D:\visualization2026\visualization\left_downsample2_Q44\frame_0332.jpg,D:\visualization2026\visualization\right_downsample2_Q44\frame_0332.jpg,D:\visualization2026\dowsample2_Q44\stitched_frames\frame_0332.jpg,D:\visualization2026\dowsample2_Q44_hess_matched\stitched_frames\frame_0332.jpg,1895,1261,-0.03298556763422522,0.010387649746219793,92.56970165731047,6.41268165597538,115.49644485333715,10.204010312390778,-22.926743196026678,-3.7913286564153985,23.238109358497997,-28.044670638649755,-2.6036724267417792,28.165274032682856,0,1,-14.022335319324878,-1.3018362133708896,14.022335319324878,1.3018362133708896,0,0,23.238109358497997,1071.5220744829667,977.3645288309092,956.0256296296295,967.1605185185184,12,12,0.9426492446708765,0.08918446487570432,-13.653121917481524,-0.05879536929473628,0.970483544924969,92.37340009740468,-2.974258518511815e-05,-2.1135712693507337e-06,1.0,1.0,0.0,309.0223353193249,0.0,1.0,55.30183621337089,0.0,0.0,1.0
frame_0334.jpg,frame_0334,334,D:\visualization2026\visualization\left_downsample2_Q44\frame_0334.jpg,D:\visualization2026\visualization\right_downsample2_Q44\frame_0334.jpg,D:\visualization2026\dowsample2_Q44\stitched_frames\frame_0334.jpg,D:\visualization2026\dowsample2_Q44_hess_matched\stitched_frames\frame_0334.jpg,1880,1256,-0.03300342278890844,0.010344009315170266,93.09832108390606,6.302993085371179,123.98271054690974,10.011802437589154,-30.884389463003686,-3.7088093522179744,31.106281991160444,-24.79244322050484,-3.980408596983097,25.109936149677747,0,1,-12.39622161025242,-1.9902042984915485,12.39622161025242,1.9902042984915485,0,0,31.106281991160444,1076.0164602729672,978.1958918524477,952.0337497260574,968.1840894148586,12,12,0.9354474883838823,0.0842719081317607,-11.971542161094286,-0.05804975703678369,0.9664474226393377,90.50229922528183,-3.4641578723255674e-05,-2.5370489277979234e-06,1.0,1.0,0.0,292.39622161025244,0.0,1.0,56.99020429849155,0.0,0.0,1.0
frame_0336.jpg,frame_0336,336,D:\visualization2026\visualization\left_downsample2_Q44\frame_0336.jpg,D:\visualization2026\visualization\right_downsample2_Q44\frame_0336.jpg,D:\visualization2026\dowsample2_Q44\stitched_frames\frame_0336.jpg,D:\visualization2026\dowsample2_Q44_hess_matched\stitched_frames\frame_0336.jpg,1881,1259,-0.03300967787540149,0.010323017394130565,93.33891046753033,6.251465077005963,110.82519451409291,9.984990538804368,-17.486284046562588,-3.733525461798405,17.880417839943405,-20.928390354993457,-3.7799915222142237,21.267013395373468,0,1,-10.464195177496729,-1.8899957611071119,10.464195177496729,1.8899957611071119,0,0,17.880417839943405,1063.8615422259388,978.0297317985663,953.0363477118459,968.044741259762,12,12,0.9381540375517378,0.08550501255494677,-10.769974167237772,-0.05795559483226833,0.9701910934502112,91.0937331360825,-3.353728078878191e-05,-9.1472628400105e-07,1.0,1.0,0.0,291.4641951774967,0.0,1.0,57.88999576110711,0.0,0.0,1.0
frame_0338.jpg,frame_0338,338,D:\visualization2026\visualization\left_downsample2_Q44\frame_0338.jpg,D:\visualization2026\visualization\right_downsample2_Q44\frame_0338.jpg,D:\visualization2026\dowsample2_Q44\stitched_frames\frame_0338.jpg,D:\visualization2026\dowsample2_Q44_hess_matched\stitched_frames\frame_0338.jpg,1895,1265,-0.03308972361042656,0.01031523494682944,93.8839921043892,6.191247183893414,109.38229578181313,10.045815985716445,-15.498303677423934,-3.8545688018230306,15.97044512609588,-18.70814893281358,-4.6412384704993785,19.275267340101337,0,1,-9.35407446640679,-2.3206192352496893,9.35407446640679,2.3206192352496893,0,0,15.97044512609588,1082.131702662003,976.7313883463332,972.7494068801898,966.6855723606168,12,12,0.9478127356708712,0.08419514894000396,-8.961208491405703,-0.056201651224585085,0.9723974040377545,87.38990942863677,-2.801416837004489e-05,-5.360481843216373e-06,1.0,1.0,0.0,304.3540744664068,0.0,1.0,56.32061923524969,0.0,0.0,1.0
frame_0340.jpg,frame_0340,340,D:\visualization2026\visualization\left_downsample2_Q44\frame_0340.jpg,D:\visualization2026\visualization\right_downsample2_Q44\frame_0340.jpg,D:\visualization2026\dowsample2_Q44\stitched_frames\frame_0340.jpg,D:\visualization2026\dowsample2_Q44_hess_matched\stitched_frames\frame_0340.jpg,1881,1257,-0.03329537255279236,0.010330611255413846,94.94081867458644,6.117786342778622,112.78705006653684,9.929511681594931,-17.846231391950397,-3.8117253388163093,18.248759545613233,-16.647251068994798,-6.013279478476608,17.700014074582437,0,1,-8.323625534497399,-3.006639739238304,8.323625534497399,3.006639739238304,0,0,18.248759545613233,1076.6148758963586,976.9328383615683,963.8278258298218,967.0033266799734,12,12,0.9412752572704154,0.08357303856776307,-8.564261414304088,-0.05654896788372605,0.9704075596459919,87.28875160868158,-3.347459545545854e-05,-1.4620367647465015e-06,1.0,1.0,0.0,289.3236255344974,0.0,1.0,58.0066397392383,0.0,0.0,1.0
frame_0342.jpg,frame_0342,342,D:\visualization2026\visualization\left_downsample2_Q44\frame_0342.jpg,D:\visualization2026\visualization\right_downsample2_Q44\frame_0342.jpg,D:\visualization2026\dowsample2_Q44\stitched_frames\frame_0342.jpg,D:\visualization2026\dowsample2_Q44_hess_matched\stitched_frames\frame_0342.jpg,1901,1265,-0.03356929354910643,0.01040675615523004,95.80781149982977,6.147799975539597,107.63334758495705,14.24536337338077,-11.825536085127283,-8.097563397841173,14.332265580943739,-19.0561482372479,-9.301572693956228,21.2050946760659,0,1,-9.52807411862395,-4.650786346978114,9.52807411862395,4.650786346978114,0,0,14.332265580943739,1096.2028315988855,977.067063278414,988.5694840139284,962.8216999050333,12,12,0.9523373914829182,0.0846769544670508,-9.94036577942896,-0.05576952068700485,0.9739910705541529,85.06059811280896,-2.8207820436502257e-05,-4.300520283015366e-06,1.0,1.0,0.0,310.528074118624,0.0,1.0,59.650786346978116,0.0,0.0,1.0
frame_0344.jpg,frame_0344,344,D:\visualization2026\visualization\left_downsample2_Q44\frame_0344.jpg,D:\visualization2026\visualization\right_downsample2_Q44\frame_0344.jpg,D:\visualization2026\dowsample2_Q44\stitched_frames\frame_0344.jpg,D:\visualization2026\dowsample2_Q44_hess_matched\stitched_frames\frame_0344.jpg,1901,1264,-0.03378239168534547,0.010444155873722424,96.69440847633902,6.120987446367055,117.2743086202488,16.690001838471176,-20.579900143909782,-10.56901439210412,23.135175710458782,-21.484842766460936,-12.609375029008694,24.911740351122337,0,1,-10.742421383230468,-6.304687514504347,10.742421383230468,6.304687514504347,0,0,23.135175710458782,1107.681139101454,977.0227501198812,990.4068304812051,960.33274828141,12,12,0.9456414252446322,0.10836068108796272,-10.841974606815658,-0.05588722290547525,0.9701432812563097,83.84690363080267,-3.1989768437758895e-05,-6.333740603139101e-06,1.0,1.0,0.0,311.74242138323046,0.0,1.0,61.304687514504344,0.0,0.0,1.0
frame_0346.jpg,frame_0346,346,D:\visualization2026\visualization\left_downsample2_Q44\frame_0346.jpg,D:\visualization2026\visualization\right_downsample2_Q44\frame_0346.jpg,D:\visualization2026\dowsample2_Q44\stitched_frames\frame_0346.jpg,D:\visualization2026\dowsample2_Q44_hess_matched\stitched_frames\frame_0346.jpg,1878,1261,-0.03384166241448938,0.010251637887472548,98.91203942578763,5.647413753455356,128.44280931361573,25.822405292651865,-29.5307698878281,-20.17499153919651,35.76446076448666,-22.301246465386487,-16.12302357503195,27.519038557168912,0,1,-11.150623232693244,-8.061511787515975,11.150623232693244,8.061511787515975,0,0,35.76446076448666,1084.7057421909137,977.1771865381983,956.262932877298,951.3547812455464,12,12,0.9417917194536578,0.07833589366732341,-11.201761161704718,-0.05636284757329145,0.9673561554249962,82.69379783219208,-3.495518602265484e-05,-6.064485833127436e-06,1.0,1.0,0.0,289.15062323269325,0.0,1.0,62.061511787515975,0.0,0.0,1.0
frame_0348.jpg,frame_0348,348,D:\visualization2026\visualization\left_downsample2_Q44\frame_0348.jpg,D:\visualization2026\visualization\right_downsample2_Q44\frame_0348.jpg,D:\visualization2026\dowsample2_Q44\stitched_frames\frame_0348.jpg,D:\visualization2026\dowsample2_Q44_hess_matched\stitched_frames\frame_0348.jpg,1878,1260,-0.03384982607714937,0.010008683634083068,101.31981960052543,5.085019697224665,128.96159592401455,25.47860017431003,-27.64177632348911,-20.393580477085365,34.35063206104308,-22.912723996732247,-18.29147078339539,29.318438300329657,0,1,-11.456361998366123,-9.145735391697695,11.456361998366123,9.145735391697695,0,0,34.35063206104308,1084.325976454988,976.1468892598557,955.3643805309734,950.6682890855457,12,12,0.9423707484546041,0.07819936930198583,-11.966394807026877,-0.05614389111139507,0.9674912691385311,80.68697385310873,-3.468102763944812e-05,-6.001566222935455e-06,1.0,1.0,0.0,289.4563619983661,0.0,1.0,62.1457353916977,0.0,0.0,1.0
frame_0350.jpg,frame_0350,350,D:\visualization2026\visualization\left_downsample2_Q44\frame_0350.jpg,D:\visualization2026\visualization\right_downsample2_Q44\frame_0350.jpg,D:\visualization2026\dowsample2_Q44\stitched_frames\frame_0350.jpg,D:\visualization2026\dowsample2_Q44_hess_matched\stitched_frames\frame_0350.jpg,1878,1260,-0.03382887036239446,0.009849250497875203,102.7455380655352,4.729880131235316,124.67378795211334,26.109848200167903,-21.928249886578143,-21.379968068932587,30.625988599827945,-21.166805252441975,-19.91932548615366,29.065669997750543,0,1,-10.583402626220987,-9.95966274307683,10.583402626220987,9.95966274307683,0,0,30.625988599827945,1091.0952295913376,975.941608170896,966.4214416392242,949.8317599707281,12,12,0.9423404733264906,0.07819413017850398,-11.09343543488174,-0.05611566327442539,0.967496153977431,79.87304650172959,-3.468102763944812e-05,-6.001566222935455e-06,1.0,1.0,0.0,288.58340262622096,0.0,1.0,62.959662743076834,0.0,0.0,1.0
frame_0352.jpg,frame_0352,352,D:\visualization2026\visualization\left_downsample2_Q44\frame_0352.jpg,D:\visualization2026\visualization\right_downsample2_Q44\frame_0352.jpg,D:\visualization2026\dowsample2_Q44\stitched_frames\frame_0352.jpg,D:\visualization2026\dowsample2_Q44_hess_matched\stitched_frames\frame_0352.jpg,1911,1268,-0.033760121448496605,0.009925454389218158,101.60211404834727,4.9412892470678536,116.48503779020336,23.88108868672623,-14.88292374185609,-18.939799439658376,24.087702711557764,-17.787633373877725,-18.81119564545956,25.88939904005586,0,1,-8.893816686938862,-9.40559782272978,8.893816686938862,9.40559782272978,0,0,24.087702711557764,1116.3702682016003,974.9306598453248,999.885230411397,951.0495711585986,12,12,0.9628350874000047,0.08215304057497402,-8.521522625848547,-0.05258508079966086,0.9782819358163602,75.30849082120336,-2.5292218716199063e-05,-6.112313632799446e-06,1.0,1.0,0.0,319.89381668693886,0.0,1.0,63.40559782272978,0.0,0.0,1.0
frame_0354.jpg,frame_0354,354,D:\visualization2026\visualization\left_downsample2_Q44\frame_0354.jpg,D:\visualization2026\visualization\right_downsample2_Q44\frame_0354.jpg,D:\visualization2026\dowsample2_Q44\stitched_frames\frame_0354.jpg,D:\visualization2026\dowsample2_Q44_hess_matched\stitched_frames\frame_0354.jpg,1911,1268,-0.033686237470691105,0.010171271978081112,98.78105539604984,5.545024168518091,110.63136181850825,24.253312074413543,-11.850306422458416,-18.708287905895453,22.14564965576836,-15.106265250410946,-17.888609270608406,23.41370520554725,0,1,-7.553132625205473,-8.944304635304203,7.553132625205473,8.944304635304203,0,0,22.14564965576836,1120.6550437813935,974.8295214074362,1010.0236819628852,950.5762093330227,12,12,0.9619915045736683,0.08323075829987876,-7.089085795617217,-0.05343404111954829,0.9789034915751165,77.23322226223466,-2.6047601951840593e-05,-4.801314591831473e-06,1.0,1.0,0.0,318.5531326252055,0.0,1.0,63.944304635304206,0.0,0.0,1.0
frame_0356.jpg,frame_0356,356,D:\visualization2026\visualization\left_downsample2_Q44\frame_0356.jpg,D:\visualization2026\visualization\right_downsample2_Q44\frame_0356.jpg,D:\visualization2026\dowsample2_Q44\stitched_frames\frame_0356.jpg,D:\visualization2026\dowsample2_Q44_hess_matched\stitched_frames\frame_0356.jpg,1901,1267,-0.03369803139849725,0.010359398738901252,97.02288973256776,5.970920407671344,109.65780022757463,20.60526274339736,-12.634910495006864,-14.634342335726018,19.334035761218026,-12.06783316652171,-16.919810607308722,20.7825067862902,0,1,-6.033916583260855,-8.459905303654361,6.033916583260855,8.459905303654361,0,0,19.334035761218026,1109.8070466348652,970.4721397150062,1000.1492464072905,949.8668769716088,12,12,0.9630260832565345,0.08417484771778301,-5.93566654874848,-0.051381467799527736,0.9779348175025384,74.50329567007068,-2.6010336684144374e-05,-7.073011099970882e-06,1.0,1.0,0.0,307.03391658326086,0.0,1.0,61.45990530365436,0.0,0.0,1.0
frame_0358.jpg,frame_0358,358,D:\visualization2026\visualization\left_downsample2_Q44\frame_0358.jpg,D:\visualization2026\visualization\right_downsample2_Q44\frame_0358.jpg,D:\visualization2026\dowsample2_Q44\stitched_frames\frame_0358.jpg,D:\visualization2026\dowsample2_Q44_hess_matched\stitched_frames\frame_0358.jpg,1901,1267,-0.034014044829836276,0.01044240759786115,98.07009311020427,5.994435458691693,112.30502881635948,21.775084061521284,-14.234935706155213,-15.78064860282959,21.25234727940328,-10.52066283000348,-16.387057775586356,19.47357206377459,0,1,-5.26033141500174,-8.193528887793178,5.26033141500174,8.193528887793178,0,0,21.25234727940328,1117.7032696413519,970.1762821203627,1005.3982408249924,948.4011980588414,12,12,0.9630059620458542,0.08416937614130114,-5.162081380489365,-0.051388396339789,0.9779329334191922,74.76967208593187,-2.6010336684144374e-05,-7.073011099970882e-06,1.0,1.0,0.0,306.26033141500176,0.0,1.0,61.19352888779318,0.0,0.0,1.0
frame_0360.jpg,frame_0360,360,D:\visualization2026\visualization\left_downsample2_Q44\frame_0360.jpg,D:\visualization2026\visualization\right_downsample2_Q44\frame_0360.jpg,D:\visualization2026\dowsample2_Q44\stitched_frames\frame_0360.jpg,D:\visualization2026\dowsample2_Q44_hess_matched\stitched_frames\frame_0360.jpg,1901,1267,-0.034566936382270264,0.01051065555743548,100.65002299313355,5.85874417454262,107.38611246026551,22.394718926976793,-6.736089467131961,-16.53597475243417,17.855345483141637,-11.02884560061835,-16.77806993596586,20.07832328802483,0,1,-5.514422800309175,-8.38903496798293,5.514422800309175,8.38903496798293,0,0,17.855345483141637,1118.0581800093298,970.010343451547,1010.6720675490643,947.6156245245702,12,12,0.9630125710483346,0.08417117333248983,-5.4161727657968,-0.05138331116081946,0.9779343162358675,74.57416600574211,-2.6010336684144374e-05,-7.073011099970882e-06,1.0,1.0,0.0,306.51442280030915,0.0,1.0,61.38903496798293,0.0,0.0,1.0
frame_0362.jpg,frame_0362,362,D:\visualization2026\visualization\left_downsample2_Q44\frame_0362.jpg,D:\visualization2026\visualization\right_downsample2_Q44\frame_0362.jpg,D:\visualization2026\dowsample2_Q44\stitched_frames\frame_0362.jpg,D:\visualization2026\dowsample2_Q44_hess_matched\stitched_frames\frame_0362.jpg,1885,1259,-0.03494568307306134,0.010505610554786757,102.92046992490246,5.6468123108197945,110.0675419841674,21.922847591866343,-7.147072059264943,-16.27603528104655,17.77610653349596,-12.482567052830902,-18.193584637982532,22.0640205358827,0,1,-6.241283526415451,-9.096792318991266,6.241283526415451,9.096792318991266,0,0,17.77610653349596,1114.6176553628522,970.9333540166584,1004.5501133786848,949.0105064247921,12,12,0.9470178152824591,0.07869633215931397,-6.088862901361914,-0.05449747081358558,0.9700866981358552,78.45939926008187,-3.522714327771935e-05,-4.737879499886626e-06,1.0,1.0,0.0,291.24128352641543,0.0,1.0,62.09679231899126,0.0,0.0,1.0
frame_0364.jpg,frame_0364,364,D:\visualization2026\visualization\left_downsample2_Q44\frame_0364.jpg,D:\visualization2026\visualization\right_downsample2_Q44\frame_0364.jpg,D:\visualization2026\dowsample2_Q44\stitched_frames\frame_0364.jpg,D:\visualization2026\dowsample2_Q44_hess_matched\stitched_frames\frame_0364.jpg,1885,1261,-0.03483486412305681,0.010367975888167652,103.60738223640453,5.389279111830492,117.99860251193729,26.052627819623467,-14.39122027553276,-20.663348707792977,25.18096902104355,-7.983497849177137,-20.416418850127684,21.921824663372913,0,1,-3.9917489245885687,-10.208209425063842,3.9917489245885687,10.208209425063842,0,0,25.18096902104355,1113.2284825555578,971.06062491159,995.2298800436205,945.0079970919666,12,12,0.9456296116172923,0.07447820517009225,-4.383130978012764,-0.05477400925835761,0.9657103017213348,78.32242181169423,-3.535178487823834e-05,-8.761943408489846e-06,1.0,1.0,0.0,288.9917489245886,0.0,1.0,62.20820942506384,0.0,0.0,1.0
frame_0366.jpg,frame_0366,366,D:\visualization2026\visualization\left_downsample2_Q44\frame_0366.jpg,D:\visualization2026\visualization\right_downsample2_Q44\frame_0366.jpg,D:\visualization2026\dowsample2_Q44\stitched_frames\frame_0366.jpg,D:\visualization2026\dowsample2_Q44_hess_matched\stitched_frames\frame_0366.jpg,1885,1261,-0.03445237651536015,0.01013170030360079,103.65902381197394,5.0488666084050795,123.56254156804357,26.76078245421445,-19.903517756069633,-21.711915845809372,29.454325807284864,-4.208097088142964,-21.723843568615255,22.127662788846536,0,1,-2.104048544071482,-10.861921784307627,2.104048544071482,10.861921784307627,0,0,29.454325807284864,1123.4144702602212,971.0118197986128,999.8519286921776,944.2510373443984,12,12,0.9455628780395258,0.07446166524618598,-2.4954305974956767,-0.05475089935966138,0.9657160295120318,77.66870945245044,-3.535178487823834e-05,-8.761943408489846e-06,1.0,1.0,0.0,287.1040485440715,0.0,1.0,62.861921784307626,0.0,0.0,1.0
frame_0368.jpg,frame_0368,368,D:\visualization2026\visualization\left_downsample2_Q44\frame_0368.jpg,D:\visualization2026\visualization\right_downsample2_Q44\frame_0368.jpg,D:\visualization2026\dowsample2_Q44\stitched_frames\frame_0368.jpg,D:\visualization2026\dowsample2_Q44_hess_matched\stitched_frames\frame_0368.jpg,1920,1266,-0.034209702605783376,0.009969042018774812,103.81563716542695,4.803599643631435,95.55522685331334,31.698419307186782,8.260410312113606,-26.894819663555346,28.134777469524014,2.3272441534530977,-22.60565283791022,22.725131585491425,0,1,1.1636220767265488,-11.30282641895511,-1.1636220767265488,11.30282641895511,0,0,28.134777469524014,1136.9162942395662,969.6643888746854,1041.361067386253,937.9659695674986,12,12,0.9624003736469864,0.07590639450738994,0.8893006240454131,-0.05062064112228954,0.9744012902274175,69.73274533353596,-2.788152017244903e-05,-1.0498331635364393e-05,1.0,1.0,0.0,318.83637792327346,0.0,1.0,57.30282641895511,0.0,0.0,1.0
frame_0370.jpg,frame_0370,370,D:\visualization2026\visualization\left_downsample2_Q44\frame_0370.jpg,D:\visualization2026\visualization\right_downsample2_Q44\frame_0370.jpg,D:\visualization2026\dowsample2_Q44\stitched_frames\frame_0370.jpg,D:\visualization2026\dowsample2_Q44_hess_matched\stitched_frames\frame_0370.jpg,1921,1265,-0.03434518007186527,0.009949089381795242,104.80405286536678,4.6861049522207345,92.66313852732787,27.759203297092768,12.140914338038911,-23.073098344872033,26.072392836019777,8.742108992137434,-23.544783314617277,25.115359662220452,0,1,4.371054496068717,-11.772391657308638,-4.371054496068717,11.772391657308638,0,0,26.072392836019777,1145.260824526156,966.1669361617676,1052.5976859988282,938.4077328646748,12,12,0.9636666248010005,0.08014517143924971,4.078603052592819,-0.05099285503554818,0.9779027124409287,70.22915658321966,-2.7645635518527394e-05,-6.200090031675051e-06,1.0,1.0,0.0,316.6289455039313,0.0,1.0,58.77239165730864,0.0,0.0,1.0
frame_0372.jpg,frame_0372,372,D:\visualization2026\visualization\left_downsample2_Q44\frame_0372.jpg,D:\visualization2026\visualization\right_downsample2_Q44\frame_0372.jpg,D:\visualization2026\dowsample2_Q44\stitched_frames\frame_0372.jpg,D:\visualization2026\dowsample2_Q44_hess_matched\stitched_frames\frame_0372.jpg,1922,1267,-0.03461999940401428,0.009902709683277958,106.86643824145588,4.434199425894633,81.33680409274052,25.11928105341599,25.52963414871536,-20.685081627521356,32.85779696973726,16.765419569082535,-23.688258632324672,29.020904368390728,0,1,8.382709784541268,-11.844129316162336,-8.382709784541268,11.844129316162336,0,0,32.85779696973726,1134.7909250360046,963.38303698773,1053.4541209432641,938.263755934314,12,12,0.9645193554037342,0.07866079462800754,8.831679996714476,-0.050498516009733506,0.9769303804468844,69.87628369336875,-2.7133707622449415e-05,-8.326482936662653e-06,1.0,1.0,0.0,313.61729021545875,0.0,1.0,58.84412931616234,0.0,0.0,1.0
frame_0374.jpg,frame_0374,374,D:\visualization2026\visualization\left_downsample2_Q44\frame_0374.jpg,D:\visualization2026\visualization\right_downsample2_Q44\frame_0374.jpg,D:\visualization2026\dowsample2_Q44\stitched_frames\frame_0374.jpg,D:\visualization2026\dowsample2_Q44_hess_matched\stitched_frames\frame_0374.jpg,1905,1265,-0.034899665627762366,0.009804497585545816,109.46071776743106,4.060668946068985,91.77761384954215,29.41967003739728,17.683103917888914,-25.359001091328295,30.91554787676984,21.264874649418754,-22.678409068114618,31.088665647084884,0,1,10.632437324709377,-11.339204534057309,-10.632437324709377,11.339204534057309,0,0,30.91554787676984,1136.4330661145561,964.1394575539975,1044.655452265014,934.7197875166003,12,12,0.9583561823576385,0.07166193316883462,10.864272073096236,-0.04969871797606678,0.9707045506606075,68.42151447870168,-3.024106041625701e-05,-1.3735122887197247e-05,1.0,1.0,0.0,294.3675626752906,0.0,1.0,55.33920453405731,0.0,0.0,1.0
frame_0376.jpg,frame_0376,376,D:\visualization2026\visualization\left_downsample2_Q44\frame_0376.jpg,D:\visualization2026\visualization\right_downsample2_Q44\frame_0376.jpg,D:\visualization2026\dowsample2_Q44\stitched_frames\frame_0376.jpg,D:\visualization2026\dowsample2_Q44_hess_matched\stitched_frames\frame_0376.jpg,1905,1265,-0.035100414837025196,0.009636861208943387,112.26647138285524,3.569412325542955,92.05343625419937,25.99870475988928,20.213035128655875,-22.429292434346323,30.193375899652256,22.419723365413947,-23.420101079535016,32.42136842203495,0,1,11.209861682706974,-11.710050539767508,-11.209861682706974,11.710050539767508,0,0,30.193375899652256,1144.0062083281214,960.9036404964471,1051.952772073922,934.9049357365578,12,12,0.9583387204327425,0.07165400217431947,11.441696431093833,-0.04968750319960297,0.9707096442760681,68.05066847299149,-3.024106041625701e-05,-1.3735122887197247e-05,1.0,1.0,0.0,293.79013831729304,0.0,1.0,55.71005053976751,0.0,0.0,1.0
frame_0378.jpg,frame_0378,378,D:\visualization2026\visualization\left_downsample2_Q44\frame_0378.jpg,D:\visualization2026\visualization\right_downsample2_Q44\frame_0378.jpg,D:\visualization2026\dowsample2_Q44\stitched_frames\frame_0378.jpg,D:\visualization2026\dowsample2_Q44_hess_matched\stitched_frames\frame_0378.jpg,1896,1264,-0.03527199552056326,0.009406308363589744,115.51227368826633,2.949063118559886,84.75458797447163,24.794634961064958,30.7576857137947,-21.845571842505073,37.72617446276022,21.950302447861898,-22.333881959493443,31.31482174519278,0,1,10.975151223930949,-11.166940979746721,-10.975151223930949,11.166940979746721,0,0,37.72617446276022,1133.4227812421611,960.8708123521038,1048.6681932676895,936.0761773910389,12,12,0.9521225504419061,0.07333510558741291,11.341197336835434,-0.053228561922020745,0.9693426412155904,74.12579766254481,-3.433679891123017e-05,-1.044535071113845e-05,1.0,1.0,0.0,285.02484877606906,0.0,1.0,57.16694097974672,0.0,0.0,1.0
frame_0380.jpg,frame_0380,380,D:\visualization2026\visualization\left_downsample2_Q44\frame_0380.jpg,D:\visualization2026\visualization\right_downsample2_Q44\frame_0380.jpg,D:\visualization2026\dowsample2_Q44\stitched_frames\frame_0380.jpg,D:\visualization2026\dowsample2_Q44_hess_matched\stitched_frames\frame_0380.jpg,1896,1262,-0.03542693747709036,0.009187264728895937,118.54869281763503,2.363952319506813,100.63353489962014,29.145510721480832,17.915157918014884,-26.78155840197402,32.22118485819161,25.799234894105314,-21.09393708726503,33.32498616597937,0,1,12.899617447052657,-10.546968543632515,-12.899617447052657,10.546968543632515,0,0,32.22118485819161,1136.6032656745717,957.3729389529251,1035.9697307749516,928.2274282314443,12,12,0.9515532755479241,0.07342093644580977,13.061347167128924,-0.05281409441581742,0.9676847973213095,74.59108473661726,-3.4960668358483125e-05,-1.0579940490604877e-05,1.0,1.0,0.0,283.10038255294734,0.0,1.0,56.54696854363252,0.0,0.0,1.0
frame_0382.jpg,frame_0382,382,D:\visualization2026\visualization\left_downsample2_Q44\frame_0382.jpg,D:\visualization2026\visualization\right_downsample2_Q44\frame_0382.jpg,D:\visualization2026\dowsample2_Q44\stitched_frames\frame_0382.jpg,D:\visualization2026\dowsample2_Q44_hess_matched\stitched_frames\frame_0382.jpg,1914,1271,-0.03551720878368381,0.008929596746587096,121.58097415898783,1.7243282599875305,98.39844459803271,16.978314287301032,23.182529560955118,-15.253986027313502,27.75092370653693,28.637898056390956,-20.901037370706998,35.45394996696322,0,1,14.318949028195478,-10.450518685353499,-14.318949028195478,10.450518685353499,0,0,27.75092370653693,1152.9818929796863,961.7986855098811,1054.5834483816536,944.8203712225801,12,12,0.9624846573085595,0.09121489815008639,14.4382266497515,-0.05241567035992715,0.9836665609120232,73.96513522419824,-3.429375728122698e-05,-4.140377132777758e-06,1.0,1.0,0.0,299.6810509718045,0.0,1.0,72.4505186853535,0.0,0.0,1.0
frame_0384.jpg,frame_0384,384,D:\visualization2026\visualization\left_downsample2_Q44\frame_0384.jpg,D:\visualization2026\visualization\right_downsample2_Q44\frame_0384.jpg,D:\visualization2026\dowsample2_Q44\stitched_frames\frame_0384.jpg,D:\visualization2026\dowsample2_Q44_hess_matched\stitched_frames\frame_0384.jpg,1902,1267,-0.03542525708786104,0.008401891363175595,126.16743869595348,0.560806708885688,89.23967254684749,19.720083439071914,36.92776614910599,-19.159276730186225,41.6021369353416,24.775084734313843,-20.68435202894684,32.27456029831899,0,1,12.387542367156922,-10.34217601447342,-12.387542367156922,10.34217601447342,0,0,41.6021369353416,1136.888329376208,961.6811882442175,1047.6486568293606,941.9611048051456,12,12,0.9517034163399863,0.07570225381538685,12.204013705913038,-0.054406253712646735,0.9730065077407041,77.07582804354622,-3.927546009897331e-05,-8.202971051868732e-06,1.0,1.0,0.0,289.6124576328431,0.0,1.0,71.34217601447342,0.0,0.0,1.0
frame_0386.jpg,frame_0386,386,D:\visualization2026\visualization\left_downsample2_Q44\frame_0386.jpg,D:\visualization2026\visualization\right_downsample2_Q44\frame_0386.jpg,D:\visualization2026\dowsample2_Q44\stitched_frames\frame_0386.jpg,D:\visualization2026\dowsample2_Q44_hess_matched\stitched_frames\frame_0386.jpg,1903,1270,-0.03527886080409248,0.007915446159063172,130.0337979283926,-0.4791393208427444,95.62744698830852,20.98565453071342,34.40635094008408,-21.464793851556163,40.552858840062406,28.40778607606426,-14.92292709451904,32.088877556121545,0,1,14.20389303803213,-7.46146354725952,-14.20389303803213,7.46146354725952,0,0,40.552858840062406,1153.1667478121785,963.170542825822,1057.53930082387,942.1848882951086,12,12,0.9522491816675112,0.08020144954716317,14.169687175034449,-0.05464201645926312,0.9745781046851651,80.12422896886832,-3.918105291960041e-05,-8.580539584238743e-06,1.0,1.0,0.0,288.7961069619679,0.0,1.0,68.46146354725951,0.0,0.0,1.0
frame_0388.jpg,frame_0388,388,D:\visualization2026\visualization\left_downsample2_Q44\frame_0388.jpg,D:\visualization2026\visualization\right_downsample2_Q44\frame_0388.jpg,D:\visualization2026\dowsample2_Q44\stitched_frames\frame_0388.jpg,D:\visualization2026\dowsample2_Q44_hess_matched\stitched_frames\frame_0388.jpg,1889,1262,-0.035145233039627466,0.007962277080151584,128.79515316290045,-0.3008825458470112,117.35153405949131,20.461262587857277,11.443619103409134,-20.762145133704287,23.707026147049973,28.700810391642335,-11.096278378585964,30.771153878138517,0,1,14.350405195821168,-5.548139189292982,-14.350405195821168,5.548139189292982,0,0,23.707026147049973,1148.5019117202833,960.658943216529,1031.150377660792,940.1976806286717,12,12,0.950708356519424,0.07900369750628723,14.794253495714713,-0.055415323161254255,0.9735254097294267,83.22619706262563,-4.182548469144845e-05,-3.612087234792235e-06,1.0,1.0,0.0,274.64959480417883,0.0,1.0,66.54813918929298,0.0,0.0,1.0
frame_0390.jpg,frame_0390,390,D:\visualization2026\visualization\left_downsample2_Q44\frame_0390.jpg,D:\visualization2026\visualization\right_downsample2_Q44\frame_0390.jpg,D:\visualization2026\dowsample2_Q44\stitched_frames\frame_0390.jpg,D:\visualization2026\dowsample2_Q44_hess_matched\stitched_frames\frame_0390.jpg,1888,1260,-0.03486865102967518,0.008914354149646253,117.92507899718424,2.032378969313997,81.84641437041728,0.0068126991490089495,36.078664626766965,2.025566270164988,36.135480624526856,22.106906619281087,-8.824876535930642,23.803230162060636,0,1,11.053453309640544,-4.412438267965321,-11.053453309640544,4.412438267965321,0,0,36.135480624526856,1121.9951410810186,939.8433597661085,1040.1487267106013,939.8365470669595,12,12,0.9563820601026789,0.03803811237124792,11.429844745915956,-0.05538871981062285,0.9498309692642007,84.87136879397042,-3.8939354091870436e-05,-8.085716724613467e-06,1.0,1.0,0.0,276.94654669035947,0.0,1.0,64.41243826796531,0.0,0.0,1.0
frame_0392.jpg,frame_0392,392,D:\visualization2026\visualization\left_downsample2_Q44\frame_0392.jpg,D:\visualization2026\visualization\right_downsample2_Q44\frame_0392.jpg,D:\visualization2026\dowsample2_Q44\stitched_frames\frame_0392.jpg,D:\visualization2026\dowsample2_Q44_hess_matched\stitched_frames\frame_0392.jpg,1888,1260,-0.03460730789816169,0.009747475865458245,108.29983891250366,4.084334397238764,83.65218777365817,0.20507684488688938,24.64765113884549,3.8792575523518744,24.951059011988058,18.98739300530866,-6.101052509249655,19.94351861780327,0,1,9.49369650265433,-3.0505262546248275,-9.49369650265433,3.0505262546248275,0,0,24.951059011988058,1130.3602409276766,939.2844876678136,1046.7080531540184,939.0794108229267,12,12,0.9564427960252833,0.0380507241229485,9.870087938929743,-0.05544175178475229,0.949819957229457,86.2332808073109,-3.8939354091870436e-05,-8.085716724613467e-06,1.0,1.0,0.0,278.5063034973457,0.0,1.0,63.05052625462483,0.0,0.0,1.0
frame_0394.jpg,frame_0394,394,D:\visualization2026\visualization\left_downsample2_Q44\frame_0394.jpg,D:\visualization2026\visualization\right_downsample2_Q44\frame_0394.jpg,D:\visualization2026\dowsample2_Q44\stitched_frames\frame_0394.jpg,D:\visualization2026\dowsample2_Q44_hess_matched\stitched_frames\frame_0394.jpg,1909,1277,-0.03461169531703967,0.009498805729094915,110.74099082117426,3.510808222234588,106.78274353387451,11.31307573914421,3.9582472872997556,-7.802267516909622,8.748891357928667,23.222658885592182,-3.158830810577026,23.436512065715412,0,1,11.611329442796091,-1.579415405288513,-11.611329442796091,1.579415405288513,0,0,8.748891357928667,1174.5244102005413,967.3353234455662,1067.7416666666668,956.022247706422,12,12,0.9519176840084014,0.08260055635111409,11.777284825465188,-0.05838203257606249,0.9775807625656524,91.68934324910309,-4.276296025501797e-05,-4.470753013242866e-06,1.0,1.0,0.0,297.3886705572039,0.0,1.0,78.57941540528851,0.0,0.0,1.0
frame_0396.jpg,frame_0396,396,D:\visualization2026\visualization\left_downsample2_Q44\frame_0396.jpg,D:\visualization2026\visualization\right_downsample2_Q44\frame_0396.jpg,D:\visualization2026\dowsample2_Q44\stitched_frames\frame_0396.jpg,D:\visualization2026\dowsample2_Q44_hess_matched\stitched_frames\frame_0396.jpg,1915,1276,-0.035104610584976936,0.008635451148030424,122.01812102670699,1.2669133998067859,103.20933815648505,9.112587117958014,18.808782870221947,-7.845673718151229,20.37952180868932,26.068823082379637,-3.302236042580202,26.277144056790593,0,1,13.034411541189819,-1.651118021290101,-13.034411541189819,1.651118021290101,0,0,20.37952180868932,1186.6855715423826,963.2561629984115,1083.4762333858976,954.1435758804535,12,12,0.9635630110105731,0.08818523985312839,12.714834298907498,-0.05621610979169953,0.9860702307453525,88.4966736577005,-3.7655793357043375e-05,6.030115470488812e-07,1.0,1.0,0.0,301.9655884588102,0.0,1.0,77.6511180212901,0.0,0.0,1.0
frame_0398.jpg,frame_0398,398,D:\visualization2026\visualization\left_downsample2_Q44\frame_0398.jpg,D:\visualization2026\visualization\right_downsample2_Q44\frame_0398.jpg,D:\visualization2026\dowsample2_Q44\stitched_frames\frame_0398.jpg,D:\visualization2026\dowsample2_Q44_hess_matched\stitched_frames\frame_0398.jpg,1910,1277,-0.03563636576723905,0.007700532362460946,134.21818468922842,-1.1619122115952971,101.59823618440169,4.889124428745845,32.61994850482674,-6.051036640341142,33.17643870098627,32.0221691425429,-3.3077394141657757,32.19255281312205,0,1,16.01108457127145,-1.6538697070828878,-16.01108457127145,1.6538697070828878,0,0,33.17643870098627,1174.3946928141916,959.1782858845739,1072.7964566297899,954.2891614558281,12,12,0.953763797271128,0.08277082182154298,16.03575541812057,-0.05790113567687368,0.9785833995223924,91.14048330430845,-4.182277408610445e-05,-4.578841374064449e-06,1.0,1.0,0.0,293.98891542872855,0.0,1.0,78.65386970708289,0.0,0.0,1.0
frame_0400.jpg,frame_0400,400,D:\visualization2026\visualization\left_downsample2_Q44\frame_0400.jpg,D:\visualization2026\visualization\right_downsample2_Q44\frame_0400.jpg,D:\visualization2026\dowsample2_Q44\stitched_frames\frame_0400.jpg,D:\visualization2026\dowsample2_Q44_hess_matched\stitched_frames\frame_0400.jpg,1935,1284,-0.03574078864282404,0.007082400267695174,140.8347804585973,-2.6370226254809004,90.52529484789306,-3.9455627356300056,50.30948561070423,1.3085401101491052,50.32650017270747,42.57593877588148,-0.893994542449603,42.58532363255607,0,1,21.28796938794074,-0.4469972712248015,-21.28796938794074,0.4469972712248015,0,0,50.32650017270747,1188.7053300888338,957.2337830086433,1098.1800352409407,961.1793457442733,12,12,0.9708994248320627,0.0920419199667907,21.349286536148107,-0.058740390433221594,0.9885208702985729,93.5376388325878,-3.470734056601944e-05,-5.647106714723437e-07,1.0,1.0,0.0,313.71203061205927,0.0,1.0,84.4469972712248,0.0,0.0,1.0
frame_0402.jpg,frame_0402,402,D:\visualization2026\visualization\left_downsample2_Q44\frame_0402.jpg,D:\visualization2026\visualization\right_downsample2_Q44\frame_0402.jpg,D:\visualization2026\dowsample2_Q44\stitched_frames\frame_0402.jpg,D:\visualization2026\dowsample2_Q44_hess_matched\stitched_frames\frame_0402.jpg,1948,1277,-0.03558309963736361,0.0066584882958971164,144.0274982778071,-3.527353843289275,89.61311683814529,-7.379094537713286,54.41438143966181,3.8517406944240107,54.5505344963557,50.494148812015496,1.2021097827566096,50.50845604628759,0,1,25.247074406007748,0.6010548913783048,-25.247074406007748,-0.6010548913783048,0,0,54.5505344963557,1205.520883431156,946.1522910093854,1115.9077665930108,953.5313855470987,12,12,0.9944012760256316,0.1006611209460118,24.726935749136196,-0.05198051356451131,0.9996482822746676,83.27434038366353,-2.4795478409039193e-05,7.084530142299323e-06,1.0,1.0,0.0,322.75292559399225,0.0,1.0,76.39894510862169,0.0,0.0,1.0
frame_0404.jpg,frame_0404,404,D:\visualization2026\visualization\left_downsample2_Q44\frame_0404.jpg,D:\visualization2026\visualization\right_downsample2_Q44\frame_0404.jpg,D:\visualization2026\dowsample2_Q44\stitched_frames\frame_0404.jpg,D:\visualization2026\dowsample2_Q44_hess_matched\stitched_frames\frame_0404.jpg,1948,1277,-0.03543233131016987,0.006367783907921851,145.96691648469164,-4.1153626264365375,89.23982103069898,-8.381819468107778,56.72709545399266,4.266456841671241,56.88730976789321,53.65548578579618,4.344363805724361,53.83107514982646,0,1,26.82774289289809,2.1721819028621807,-26.82774289289809,-2.1721819028621807,0,0,56.88730976789321,1211.0117550493458,945.7713401462041,1121.7719340186468,954.1531596143119,12,12,0.994362082594293,0.10067231923955215,26.30760423602654,-0.05201947041040242,0.9996594129713379,84.8454673951474,-2.4795478409039193e-05,7.084530142299323e-06,1.0,1.0,0.0,321.1722571071019,0.0,1.0,74.82781809713782,0.0,0.0,1.0
frame_0406.jpg,frame_0406,406,D:\visualization2026\visualization\left_downsample2_Q44\frame_0406.jpg,D:\visualization2026\visualization\right_downsample2_Q44\frame_0406.jpg,D:\visualization2026\dowsample2_Q44\stitched_frames\frame_0406.jpg,D:\visualization2026\dowsample2_Q44_hess_matched\stitched_frames\frame_0406.jpg,1948,1277,-0.03549393951478108,0.0061975999713139995,147.98131899616348,-4.53887054135542,89.58148594527142,-7.173718449235253,58.399833050892056,2.6348479078798324,58.459241560849236,56.93070909436038,5.564157751662934,57.20197102785951,0,1,28.46535454718019,2.782078875831467,-28.46535454718019,-2.782078875831467,0,0,58.459241560849236,1221.8314653131017,945.2626106751354,1132.2499793678303,952.4363291243707,12,12,0.9943214772298768,0.1006839209486783,27.94521589030864,-0.05203459309762742,0.9996637338048265,85.45536436811669,-2.4795478409039193e-05,7.084530142299323e-06,1.0,1.0,0.0,319.5346454528198,0.0,1.0,74.21792112416853,0.0,0.0,1.0
frame_0408.jpg,frame_0408,408,D:\visualization2026\visualization\left_downsample2_Q44\frame_0408.jpg,D:\visualization2026\visualization\right_downsample2_Q44\frame_0408.jpg,D:\visualization2026\dowsample2_Q44\stitched_frames\frame_0408.jpg,D:\visualization2026\dowsample2_Q44_hess_matched\stitched_frames\frame_0408.jpg,1948,1277,-0.035720794465539885,0.006037890020655523,150.86319714391115,-5.025728832162981,102.43656377018101,-14.685962306660599,48.42663337373014,9.660233474497618,49.38075465903167,59.267156929296526,6.415481137237325,59.61337340483349,0,1,29.633578464648263,3.2077405686186626,-29.633578464648263,-3.2077405686186626,0,0,49.38075465903167,1226.6901833818954,944.7886181474362,1124.2536196117144,959.4745804540968,12,12,0.9942925105589544,0.10069219726623456,29.11343980777671,-0.052045147582940474,0.9996667494179194,85.88102606090388,-2.4795478409039193e-05,7.084530142299323e-06,1.0,1.0,0.0,318.3664215353517,0.0,1.0,73.79225943138134,0.0,0.0,1.0
frame_0410.jpg,frame_0410,410,D:\visualization2026\visualization\left_downsample2_Q44\frame_0410.jpg,D:\visualization2026\visualization\right_downsample2_Q44\frame_0410.jpg,D:\visualization2026\dowsample2_Q44\stitched_frames\frame_0410.jpg,D:\visualization2026\dowsample2_Q44_hess_matched\stitched_frames\frame_0410.jpg,1954,1290,-0.03595287745304898,0.005899734492479047,153.56637349795167,-5.465841182460274,86.88077134442642,-12.873351022302245,66.68560215352525,7.407509839841971,67.09575796282212,54.77033505301201,8.08335479666197,55.36361825773235,0,1,27.385167526506006,4.041677398330985,-27.385167526506006,-4.041677398330985,0,0,67.09575796282212,1222.9208780864403,954.3307930794166,1136.040106742014,967.2041441017188,12,12,0.9869067589288432,0.10094404323361063,27.24694387410234,-0.059587202391052106,0.9985477521595005,98.82131353325858,-2.9008243553426597e-05,1.8227753005575477e-06,1.0,1.0,0.0,326.614832473494,0.0,1.0,80.95832260166901,0.0,0.0,1.0
frame_0412.jpg,frame_0412,412,D:\visualization2026\visualization\left_downsample2_Q44\frame_0412.jpg,D:\visualization2026\visualization\right_downsample2_Q44\frame_0412.jpg,D:\visualization2026\dowsample2_Q44\stitched_frames\frame_0412.jpg,D:\visualization2026\dowsample2_Q44_hess_matched\stitched_frames\frame_0412.jpg,1954,1290,-0.03604625603187994,0.00584689040503876,154.62735478177382,-5.636620082362859,88.53073416743132,-13.744977704658822,66.0966206143425,8.108357622295962,66.59210703955365,49.945293012469946,10.32964125731395,51.002291934836435,0,1,24.972646506234973,5.164820628656975,-24.972646506234973,-5.164820628656975,0,0,66.59210703955365,1228.3410052088009,953.4800183327479,1139.8102710413696,967.2249960374068,12,12,0.9869767419261769,0.1009396457498828,24.834422853831306,-0.05961978280342278,0.9985497993972398,99.94445676358455,-2.9008243553426597e-05,1.8227753005575477e-06,1.0,1.0,0.0,329.027353493765,0.0,1.0,79.83517937134303,0.0,0.0,1.0
frame_0414.jpg,frame_0414,414,D:\visualization2026\visualization\left_downsample2_Q44\frame_0414.jpg,D:\visualization2026\visualization\right_downsample2_Q44\frame_0414.jpg,D:\visualization2026\dowsample2_Q44\stitched_frames\frame_0414.jpg,D:\visualization2026\dowsample2_Q44_hess_matched\stitched_frames\frame_0414.jpg,1912,1298,-0.03591616645372586,0.0058502616657686995,153.8316009918569,-5.560063482396896,119.58861491928678,-18.165888621191357,34.24298607257012,12.605825138794462,36.48957279273208,53.701453102977915,9.36589204482449,54.51207204983721,0,1,26.850726551488957,4.682946022412245,-26.850726551488957,-4.682946022412245,0,0,36.48957279273208,1212.711492713874,965.2029128580488,1093.122877794587,983.3688014792401,12,12,0.9540992571249398,0.0976022422791555,26.667812328561705,-0.06752141907061508,0.9851539211552726,112.32813651581762,-4.842486393961896e-05,4.175822228389801e-06,1.0,1.0,0.0,285.14927344851105,0.0,1.0,93.31705397758776,0.0,0.0,1.0
frame_0416.jpg,frame_0416,416,D:\visualization2026\visualization\left_downsample2_Q44\frame_0416.jpg,D:\visualization2026\visualization\right_downsample2_Q44\frame_0416.jpg,D:\visualization2026\dowsample2_Q44\stitched_frames\frame_0416.jpg,D:\visualization2026\dowsample2_Q44_hess_matched\stitched_frames\frame_0416.jpg,1927,1292,-0.0357410474693004,0.00585984815536672,152.711367932071,-5.445411323872339,118.43674508388926,-19.311691535012073,34.274622848181735,13.866280211139735,36.97328086982472,53.4772713984811,8.421106671255867,54.136250274612436,0,1,26.73863569924055,4.210553335627933,-26.73863569924055,-4.210553335627933,0,0,36.97328086982472,1231.8645763200107,956.9426879369839,1113.4278312361214,976.254379471996,12,12,0.9869592100501899,0.09981244109354738,26.714528796470123,-0.0598638657604545,1.002160446920903,100.038126093239,-3.031307285463288e-05,4.0841312847171065e-06,1.0,1.0,0.0,300.26136430075945,0.0,1.0,87.78944666437206,0.0,0.0,1.0
frame_0418.jpg,frame_0418,418,D:\visualization2026\visualization\left_downsample2_Q44\frame_0418.jpg,D:\visualization2026\visualization\right_downsample2_Q44\frame_0418.jpg,D:\visualization2026\dowsample2_Q44\stitched_frames\frame_0418.jpg,D:\visualization2026\dowsample2_Q44_hess_matched\stitched_frames\frame_0418.jpg,1929,1292,-0.03574375157659937,0.005860336376284275,152.72248593288455,-5.445720235489416,85.51505210661458,-10.28720764753973,67.20743382626998,4.841487412050315,67.38159364302317,53.60441996245508,7.832397602715751,54.17361250385912,0,1,26.80220998122754,3.9161988013578757,-26.80220998122754,-3.9161988013578757,0,0,67.38159364302317,1210.9468889755506,966.1005575226625,1125.431836868936,976.3877651702022,12,12,0.9899036688056903,0.10243876862329608,27.149971713621674,-0.05963456176171532,1.0058037439445238,98.98180801208372,-2.9329829306380044e-05,7.162857685306253e-06,1.0,1.0,0.0,302.1977900187725,0.0,1.0,88.08380119864212,0.0,0.0,1.0
frame_0420.jpg,frame_0420,420,D:\visualization2026\visualization\left_downsample2_Q44\frame_0420.jpg,D:\visualization2026\visualization\right_downsample2_Q44\frame_0420.jpg,D:\visualization2026\dowsample2_Q44\stitched_frames\frame_0420.jpg,D:\visualization2026\dowsample2_Q44_hess_matched\stitched_frames\frame_0420.jpg,1914,1297,-0.03600129204422009,0.006033035974508674,152.5555338893492,-5.185251837570448,86.99084025830803,-7.868834809569307,65.56469363104117,2.6835829719988595,65.61959058467139,48.78948405328462,7.091594918759545,49.302175131301155,0,1,24.39474202664231,3.5457974593797723,-24.39474202664231,-3.5457974593797723,0,0,65.61959058467139,1197.3331461182413,973.4354370659269,1110.3423058599333,981.3042718754962,12,12,0.9583380342674517,0.09826806847634807,24.363599797704428,-0.06633544164215724,0.9871391000227572,109.53595762571373,-4.616225138319225e-05,4.333256426228535e-06,1.0,1.0,0.0,289.6052579733577,0.0,1.0,93.45420254062023,0.0,0.0,1.0
frame_0422.jpg,frame_0422,422,D:\visualization2026\visualization\left_downsample2_Q44\frame_0422.jpg,D:\visualization2026\visualization\right_downsample2_Q44\frame_0422.jpg,D:\visualization2026\dowsample2_Q44\stitched_frames\frame_0422.jpg,D:\visualization2026\dowsample2_Q44_hess_matched\stitched_frames\frame_0422.jpg,1930,1296,-0.03634033159143635,0.006252034713128782,152.41687463553512,-4.861542498946715,85.68451120132272,-10.0263547785421,66.7323634342124,5.164812279595385,66.9319327033014,56.070596963332974,5.019622364980175,56.294835042937414,0,1,28.035298481666487,2.5098111824900875,-28.035298481666487,-2.5098111824900875,0,0,66.9319327033014,1222.8995985830768,963.7896625374752,1137.215087381754,973.8160173160173,12,12,0.9945109878024156,0.09713584833009857,28.328805594001167,-0.05888423806697411,1.0034814092875062,96.4045244613777,-2.5659114923311366e-05,1.6045416008119054e-06,1.0,1.0,0.0,301.9647015183335,0.0,1.0,87.49018881750992,0.0,0.0,1.0
frame_0424.jpg,frame_0424,424,D:\visualization2026\visualization\left_downsample2_Q44\frame_0424.jpg,D:\visualization2026\visualization\right_downsample2_Q44\frame_0424.jpg,D:\visualization2026\dowsample2_Q44\stitched_frames\frame_0424.jpg,D:\visualization2026\dowsample2_Q44_hess_matched\stitched_frames\frame_0424.jpg,1947,1297,-0.03656863491679441,0.006268203447580473,153.59887766400382,-4.945166454171013,143.43057113728605,-13.84697817318444,10.168306526717771,8.901811719013427,13.514314984565663,58.709037088277974,5.319190237787007,58.94951077505705,0,1,29.354518544138987,2.6595951188935034,-29.354518544138987,-2.6595951188935034,1,5,13.514314984565663,1252.5789896287704,91.95323810148439,1109.1484184914843,105.80021627466883,12,12,0.9948305101973368,0.10782537493882915,29.126921756944203,-0.061472943610232526,1.0089192649316285,100.99958918363612,-2.779608874160572e-05,7.873056880932994e-06,1.0,1.0,0.0,317.645481455861,0.0,1.0,92.3404048811065,0.0,0.0,1.0
frame_0426.jpg,frame_0426,426,D:\visualization2026\visualization\left_downsample2_Q44\frame_0426.jpg,D:\visualization2026\visualization\right_downsample2_Q44\frame_0426.jpg,D:\visualization2026\dowsample2_Q44\stitched_frames\frame_0426.jpg,D:\visualization2026\dowsample2_Q44_hess_matched\stitched_frames\frame_0426.jpg,1937,1298,-0.03670152715627106,0.00608979050082855,156.1113098908671,-5.425283412972465,85.43112249244359,-8.931700855215354,70.6801873984235,3.5064174422428884,70.7671099731756,60.41967175367545,5.551431914890954,60.67417186190148,0,1,30.209835876837726,2.775715957445477,-30.209835876837726,-2.775715957445477,0,0,70.7671099731756,1225.9911160760175,973.2904678967897,1140.559993583574,982.222168752005,12,12,0.9741618942621383,0.0987870972034742,30.000444473561256,-0.06616063480003044,0.9926190243961287,108.88398730641319,-3.828890327981003e-05,-6.073840044435647e-08,1.0,1.0,0.0,306.7901641231623,0.0,1.0,95.22428404255453,0.0,0.0,1.0
frame_0428.jpg,frame_0428,428,D:\visualization2026\visualization\left_downsample2_Q44\frame_0428.jpg,D:\visualization2026\visualization\right_downsample2_Q44\frame_0428.jpg,D:\visualization2026\dowsample2_Q44\stitched_frames\frame_0428.jpg,D:\visualization2026\dowsample2_Q44_hess_matched\stitched_frames\frame_0428.jpg,1934,1299,-0.03678454749424531,0.005818873085389538,159.22975881019502,-6.091506457887366,78.8301243592,-12.430833233971839,80.39963445099502,6.339326776084473,80.64916790536408,60.489583151537815,5.218365843862467,60.71425707300714,0,1,30.244791575768907,2.6091829219312337,-30.244791575768907,-2.6091829219312337,0,0,80.64916790536408,1225.8383558595392,969.8501409683363,1147.0082315003392,982.2809742023081,12,12,0.9671975743890884,0.10153002550044647,30.285011536616388,-0.06805443369435331,0.9943989433304554,110.85111087363573,-4.337258279926889e-05,1.0895061604624503e-05,1.0,1.0,0.0,303.7552084242311,0.0,1.0,96.39081707806876,0.0,0.0,1.0
frame_0430.jpg,frame_0430,430,D:\visualization2026\visualization\left_downsample2_Q44\frame_0430.jpg,D:\visualization2026\visualization\right_downsample2_Q44\frame_0430.jpg,D:\visualization2026\dowsample2_Q44\stitched_frames\frame_0430.jpg,D:\visualization2026\dowsample2_Q44_hess_matched\stitched_frames\frame_0430.jpg,1934,1299,-0.036791217975932544,0.005489206344040605,162.47104934545314,-6.852292777328561,88.35318238742457,-10.69708413484716,74.11786695802857,3.8447913575185986,74.21752234473254,72.41140217299963,3.7430005298156717,72.50807691303153,0,1,36.205701086499815,1.8715002649078358,-36.205701086499815,-1.8715002649078358,0,0,74.21752234473254,1225.9685897073773,969.937705318124,1137.6154073199527,980.6347894529712,12,12,0.9669390343477753,0.10159496997678548,36.245921047347295,-0.06802243849223197,0.9943909062324625,110.11342821661233,-4.337258279926889e-05,1.0895061604624503e-05,1.0,1.0,0.0,297.7942989135002,0.0,1.0,97.12849973509216,0.0,0.0,1.0
frame_0432.jpg,frame_0432,432,D:\visualization2026\visualization\left_downsample2_Q44\frame_0432.jpg,D:\visualization2026\visualization\right_downsample2_Q44\frame_0432.jpg,D:\visualization2026\dowsample2_Q44\stitched_frames\frame_0432.jpg,D:\visualization2026\dowsample2_Q44_hess_matched\stitched_frames\frame_0432.jpg,1934,1299,-0.03671975347984868,0.005127064700477094,165.56949879795587,-7.64634468974104,98.48757837443168,-11.145826614193993,67.0819204235242,3.4994819244529527,67.17313764778005,71.97054794101932,2.9280627164112425,72.03008622930975,0,1,35.98527397050966,1.4640313582056212,-35.98527397050966,-1.4640313582056212,0,0,67.17313764778005,1231.0038822889658,969.4420710179514,1132.516303914534,980.5878976321454,12,12,0.9669485948411147,0.10159256840977744,36.02549393135714,-0.06800476551333791,0.9943864668336221,109.70595930991011,-4.337258279926889e-05,1.0895061604624503e-05,1.0,1.0,0.0,298.01472602949036,0.0,1.0,97.53596864179438,0.0,0.0,1.0
frame_0434.jpg,frame_0434,434,D:\visualization2026\visualization\left_downsample2_Q44\frame_0434.jpg,D:\visualization2026\visualization\right_downsample2_Q44\frame_0434.jpg,D:\visualization2026\dowsample2_Q44\stitched_frames\frame_0434.jpg,D:\visualization2026\dowsample2_Q44_hess_matched\stitched_frames\frame_0434.jpg,1934,1299,-0.03658930577110042,0.004774918744971282,168.22490555129212,-8.386236117076269,98.4475039172653,-9.911221265855716,69.77740163402683,1.5249851487794466,69.79406392022382,66.68955156657745,0.3856317975098231,66.69066651364675,0,1,33.344775783288725,0.19281589875491156,-33.344775783288725,-0.19281589875491156,0,0,69.79406392022382,1236.323119578005,968.9345922411147,1137.8756156607396,978.8458135069704,12,12,0.9670631200673714,0.10156380001936077,33.384995744136205,-0.06794962961556716,0.9943726168628786,108.43474385045941,-4.337258279926889e-05,1.0895061604624503e-05,1.0,1.0,0.0,300.6552242167113,0.0,1.0,98.80718410124508,0.0,0.0,1.0
frame_0436.jpg,frame_0436,436,D:\visualization2026\visualization\left_downsample2_Q44\frame_0436.jpg,D:\visualization2026\visualization\right_downsample2_Q44\frame_0436.jpg,D:\visualization2026\dowsample2_Q44\stitched_frames\frame_0436.jpg,D:\visualization2026\dowsample2_Q44_hess_matched\stitched_frames\frame_0436.jpg,1954,1302,-0.036412528311207115,0.004483687852207666,170.01688787958673,-8.961696413463713,101.54097164106474,-8.393424788684456,68.47591623852199,-0.568271624779257,68.47827419951972,61.82208070865782,-1.376186847881946,61.83739607541771,0,1,30.91104035432891,-0.688093423940973,-30.91104035432891,0.688093423940973,0,0,68.47827419951972,1270.0283466622475,968.6820708900141,1168.4873750211827,977.0754956786985,12,12,0.9938711077344659,0.11306011514805496,31.19170477107439,-0.06723070055296276,1.0061661620125504,106.38396560565376,-3.1842703046495245e-05,8.13569667648736e-06,1.0,1.0,0.0,323.0889596456711,0.0,1.0,97.68809342394097,0.0,0.0,1.0
frame_0438.jpg,frame_0438,438,D:\visualization2026\visualization\left_downsample2_Q44\frame_0438.jpg,D:\visualization2026\visualization\right_downsample2_Q44\frame_0438.jpg,D:\visualization2026\dowsample2_Q44\stitched_frames\frame_0438.jpg,D:\visualization2026\dowsample2_Q44_hess_matched\stitched_frames\frame_0438.jpg,1953,1320,-0.0361287898786663,0.004332656509543273,169.81971115152524,-9.158534174477868,115.82505857273964,-2.7857063560552433,53.994652578785605,-6.372827818422625,54.36943480952345,59.23686855847595,-3.2338161419568445,59.32507196332877,0,1,29.618434279237974,-1.6169080709784223,-29.618434279237974,1.6169080709784223,0,0,54.36943480952345,1288.723067274212,971.9499027470237,1172.8980087014725,974.7356091030789,12,12,0.9953128282495664,0.11652459693236183,29.51057887391407,-0.06754277059566485,1.0026620717061074,106.51706716954806,-2.6356471875889467e-05,-5.7017732196142434e-06,1.0,1.0,0.0,323.381565720762,0.0,1.0,97.61690807097843,0.0,0.0,1.0
frame_0440.jpg,frame_0440,440,D:\visualization2026\visualization\left_downsample2_Q44\frame_0440.jpg,D:\visualization2026\visualization\right_downsample2_Q44\frame_0440.jpg,D:\visualization2026\dowsample2_Q44\stitched_frames\frame_0440.jpg,D:\visualization2026\dowsample2_Q44_hess_matched\stitched_frames\frame_0440.jpg,1918,1308,-0.035787882579324526,0.004262674243720149,168.49996729451868,-9.13895865774242,118.71945462608824,-4.174656788302173,49.78051266843045,-4.964301869440247,50.027429821875636,56.41959080415805,-4.800513362033172,56.62345057524925,0,1,28.209795402079024,-2.400256681016586,-28.209795402079024,2.400256681016586,0,0,50.027429821875636,1261.1028087667457,979.0488138733707,1142.3833541406575,983.2234706616729,12,12,0.9698906599581487,0.10916847630825172,28.51027450539131,-0.07686686086293361,0.9939947377151732,120.91237394120863,-4.502691908535642e-05,5.402997797666716e-06,1.0,1.0,0.0,289.790204597921,0.0,1.0,106.40025668101659,0.0,0.0,1.0
frame_0442.jpg,frame_0442,442,D:\visualization2026\visualization\left_downsample2_Q44\frame_0442.jpg,D:\visualization2026\visualization\right_downsample2_Q44\frame_0442.jpg,D:\visualization2026\dowsample2_Q44\stitched_frames\frame_0442.jpg,D:\visualization2026\dowsample2_Q44_hess_matched\stitched_frames\frame_0442.jpg,1916,1308,-0.035551068532675534,0.0041321555425921225,168.37876735754517,-9.31349935053462,114.2229076849303,-3.5248348046130786,54.155859672614866,-5.788664545921542,54.46435324232871,53.93305144967454,-5.715843005549992,54.23508919451811,0,1,26.96652572483727,-2.857921502774996,-26.96652572483727,2.857921502774996,0,0,54.46435324232871,1259.9196083030201,976.6286430399068,1145.6967006180898,980.1534778445199,12,12,0.9679480233513739,0.10521781877546482,27.116156848715278,-0.07573912951318729,0.9900570780097412,118.34613835174,-4.473655512349498e-05,1.1026336509065e-06,1.0,1.0,0.0,289.03347427516275,0.0,1.0,104.857921502775,0.0,0.0,1.0
frame_0444.jpg,frame_0444,444,D:\visualization2026\visualization\left_downsample2_Q44\frame_0444.jpg,D:\visualization2026\visualization\right_downsample2_Q44\frame_0444.jpg,D:\visualization2026\dowsample2_Q44\stitched_frames\frame_0444.jpg,D:\visualization2026\dowsample2_Q44_hess_matched\stitched_frames\frame_0444.jpg,1925,1312,-0.03547420608134455,0.0038941551654086415,170.23972962456043,-9.819538416011772,114.54871676212315,-3.5110374644095828,55.691012862437276,-6.3085009516021895,56.04717743027315,53.44076918202654,-5.219887519909319,53.69509322542557,0,1,26.72038459101327,-2.6099437599546595,-26.72038459101327,2.6099437599546595,0,0,56.04717743027315,1269.5643471593598,980.7284271297182,1155.0156303972367,984.2394645941278,12,12,0.9612054481585606,0.10488590271832732,26.51672561094881,-0.08040635424559357,0.9836881200198492,126.5720390096809,-4.887840781036293e-05,-1.8259894065506924e-06,1.0,1.0,0.0,298.27961540898673,0.0,1.0,108.60994375995466,0.0,0.0,1.0
frame_0446.jpg,frame_0446,446,D:\visualization2026\visualization\left_downsample2_Q44\frame_0446.jpg,D:\visualization2026\visualization\right_downsample2_Q44\frame_0446.jpg,D:\visualization2026\dowsample2_Q44\stitched_frames\frame_0446.jpg,D:\visualization2026\dowsample2_Q44_hess_matched\stitched_frames\frame_0446.jpg,1928,1314,-0.0354851454935311,0.0036403301786940012,172.7693814311016,-10.4083712586174,116.72616196499712,-5.263451416254043,56.04321946610449,-5.1449198423633575,56.278882791952235,55.06194726154289,-5.096751718747176,55.29733189147089,0,1,27.530973630771445,-2.548375859373588,-27.530973630771445,2.548375859373588,0,0,56.278882791952235,1277.5008247311275,977.6721897344041,1160.7746627661304,982.9356411506582,12,12,0.9661127143580821,0.1075943685056583,27.030968972260286,-0.0805818226207315,0.9860396735293895,126.10000440203235,-4.5913999481245006e-05,-1.0484409464357738e-06,1.0,1.0,0.0,300.4690263692286,0.0,1.0,104.54837585937359,0.0,0.0,1.0
frame_0448.jpg,frame_0448,448,D:\visualization2026\visualization\left_downsample2_Q44\frame_0448.jpg,D:\visualization2026\visualization\right_downsample2_Q44\frame_0448.jpg,D:\visualization2026\dowsample2_Q44\stitched_frames\frame_0448.jpg,D:\visualization2026\dowsample2_Q44_hess_matched\stitched_frames\frame_0448.jpg,1928,1314,-0.03557198833524944,0.003425360978407968,175.36680601337787,-10.94810095017246,123.83356477283223,-7.055050559953202,51.533241240545635,-3.8930503902192584,51.680081212175544,56.274745543129875,-4.700447807169171,56.47071095295274,0,1,28.137372771564937,-2.3502239035845855,-28.137372771564937,2.3502239035845855,0,0,51.680081212175544,1282.5367056036325,977.0379079000265,1158.7031408308003,984.0929584599797,12,12,0.9660848721482463,0.10759373273196922,27.63736811305378,-0.08059092056952681,0.9860394657787654,126.29815635782136,-4.5913999481245006e-05,-1.0484409464357738e-06,1.0,1.0,0.0,299.8626272284351,0.0,1.0,104.35022390358459,0.0,0.0,1.0
frame_0450.jpg,frame_0450,450,D:\visualization2026\visualization\left_downsample2_Q44\frame_0450.jpg,D:\visualization2026\visualization\right_downsample2_Q44\frame_0450.jpg,D:\visualization2026\dowsample2_Q44\stitched_frames\frame_0450.jpg,D:\visualization2026\dowsample2_Q44_hess_matched\stitched_frames\frame_0450.jpg,1928,1314,-0.03577583177012711,0.0033026390736658057,177.75443830598508,-11.337823940443844,119.86803523997287,-6.989201076814311,57.88640306601221,-4.348622863629533,58.04951490521612,56.97746021813356,-4.964959795912504,57.19337198211013,0,1,28.48873010906678,-2.482479897956252,-28.48873010906678,2.482479897956252,0,0,58.04951490521612,1288.4426924263619,976.562009351491,1168.574657186389,983.5512104283054,12,12,0.9660687399276345,0.10759336435454975,27.98872545055562,-0.08058484816786984,0.9860396044413654,126.1659003634497,-4.5913999481245006e-05,-1.0484409464357738e-06,1.0,1.0,0.0,299.51126989093325,0.0,1.0,104.48247989795625,0.0,0.0,1.0
frame_0452.jpg,frame_0452,452,D:\visualization2026\visualization\left_downsample2_Q44\frame_0452.jpg,D:\visualization2026\visualization\right_downsample2_Q44\frame_0452.jpg,D:\visualization2026\dowsample2_Q44\stitched_frames\frame_0452.jpg,D:\visualization2026\dowsample2_Q44_hess_matched\stitched_frames\frame_0452.jpg,1947,1327,-0.03606975025507475,0.003255175580303027,179.93937221276664,-11.602321747890205,119.71952113221687,-7.795176759858691,60.21985108054977,-3.8071449880315136,60.34007637651352,56.76811752236023,-5.803787041442494,57.06402641818152,0,1,28.384058761180114,-2.901893520721247,-28.384058761180114,2.901893520721247,0,0,60.34007637651352,1299.621622618634,976.4920263838283,1179.9021014864172,984.287203143687,12,12,0.9760839283302263,0.10888166669978135,27.87365684289793,-0.08337120485457857,0.9867179488900235,130.58517537008845,-4.110291724839158e-05,-5.799252417416282e-06,1.0,1.0,0.0,318.6159412388199,0.0,1.0,96.90189352072125,0.0,0.0,1.0
frame_0454.jpg,frame_0454,454,D:\visualization2026\visualization\left_downsample2_Q44\frame_0454.jpg,D:\visualization2026\visualization\right_downsample2_Q44\frame_0454.jpg,D:\visualization2026\dowsample2_Q44\stitched_frames\frame_0454.jpg,D:\visualization2026\dowsample2_Q44_hess_matched\stitched_frames\frame_0454.jpg,1943,1323,-0.036286476013304036,0.0032299831470187362,181.4552252005844,-11.774829869127817,122.25063896312872,-4.14376897380896,59.204586237455686,-7.631060895318857,59.694355863317526,58.56748314632786,-6.685927054247224,58.94787275780283,0,1,29.28374157316393,-3.342963527123612,-29.28374157316393,3.342963527123612,0,0,59.694355863317526,1297.4959300225337,978.6973628765277,1175.245291059405,982.8411318503366,12,12,0.9719327636705868,0.11991194363965701,29.495301089289292,-0.08358184541840892,0.9908160935348137,130.84083403476055,-4.4707169143059555e-05,5.114614041981132e-08,1.0,1.0,0.0,313.7162584268361,0.0,1.0,95.34296352712362,0.0,0.0,1.0
frame_0456.jpg,frame_0456,456,D:\visualization2026\visualization\left_downsample2_Q44\frame_0456.jpg,D:\visualization2026\visualization\right_downsample2_Q44\frame_0456.jpg,D:\visualization2026\dowsample2_Q44\stitched_frames\frame_0456.jpg,D:\visualization2026\dowsample2_Q44_hess_matched\stitched_frames\frame_0456.jpg,1935,1323,-0.036285103088643855,0.0031771688875645715,181.96017573504528,-11.895420137790245,126.96366974780744,-2.55636406777694,54.99650598723784,-9.339056070013305,55.78381162203906,59.44206482964692,-8.246530356825222,60.01136837415047,0,1,29.72103241482346,-4.123265178412611,-29.72103241482346,4.123265178412611,0,0,55.78381162203906,1300.116616902279,975.3827450108138,1173.1529471544716,977.9391090785907,12,12,0.9697249561158229,0.10490724514015268,30.12391234751742,-0.08311155390961716,0.9811943475631638,129.5135221534719,-4.419061266599098e-05,-7.847083784147727e-06,1.0,1.0,0.0,305.27896758517653,0.0,1.0,91.12326517841261,0.0,0.0,1.0
frame_0458.jpg,frame_0458,458,D:\visualization2026\visualization\left_downsample2_Q44\frame_0458.jpg,D:\visualization2026\visualization\right_downsample2_Q44\frame_0458.jpg,D:\visualization2026\dowsample2_Q44\stitched_frames\frame_0458.jpg,D:\visualization2026\dowsample2_Q44_hess_matched\stitched_frames\frame_0458.jpg,1937,1321,-0.036139179382633335,0.0030738913170829385,182.10746766549187,-12.055464548370601,121.57739830510809,-3.751714094127692,60.53006936038378,-8.303750454242909,61.096984936895296,54.600100990095406,-9.370568182667771,55.39836257683653,0,1,27.300050495047703,-4.685284091333886,-27.300050495047703,4.685284091333886,0,0,61.096984936895296,1301.4725378947483,973.0795169855897,1179.8951395896402,976.8312310797174,12,12,0.9734310051220112,0.1077963786066718,27.365950347695236,-0.08414567274413265,0.98305430709167,130.28649228278059,-4.348454763827057e-05,-4.245621291888976e-06,1.0,1.0,0.0,309.6999495049523,0.0,1.0,91.68528409133388,0.0,0.0,1.0
frame_0460.jpg,frame_0460,460,D:\visualization2026\visualization\left_downsample2_Q44\frame_0460.jpg,D:\visualization2026\visualization\right_downsample2_Q44\frame_0460.jpg,D:\visualization2026\dowsample2_Q44\stitched_frames\frame_0460.jpg,D:\visualization2026\dowsample2_Q44_hess_matched\stitched_frames\frame_0460.jpg,1937,1327,-0.03602645462865128,0.0029391881734209535,182.75472707363406,-12.305255818915196,120.49541559102659,-0.1536164423956734,62.25931148260747,-12.151639376519523,63.43409340272247,51.77948960267982,-10.069364574905784,52.7494800586356,0,1,25.88974480133991,-5.034682287452892,-25.88974480133991,5.034682287452892,0,0,63.43409340272247,1311.2673039842741,975.5050908085445,1190.7718883932475,975.6587072509402,12,12,0.975003152228989,0.10943693742278697,25.405755551661095,-0.08167587190887826,0.9877042265277318,125.52874057558428,-4.13401639873853e-05,-7.065359424203126e-06,1.0,1.0,0.0,311.11025519866007,0.0,1.0,92.0346822874529,0.0,0.0,1.0
frame_0462.jpg,frame_0462,462,D:\visualization2026\visualization\left_downsample2_Q44\frame_0462.jpg,D:\visualization2026\visualization\right_downsample2_Q44\frame_0462.jpg,D:\visualization2026\dowsample2_Q44\stitched_frames\frame_0462.jpg,D:\visualization2026\dowsample2_Q44_hess_matched\stitched_frames\frame_0462.jpg,1920,1316,-0.035842344438619556,0.0027372430763102085,183.6364374650491,-12.671744272485812,147.6264055822569,-3.244410155241553,36.01003188279222,-9.427334117244259,37.223608432792616,54.587219850413774,-12.253830565787148,55.94569630036279,0,1,27.293609925206887,-6.126915282893574,-27.293609925206887,6.126915282893574,0,0,37.223608432792616,1321.3976508586431,973.5470477936116,1173.7712452763863,976.7914579488531,12,12,0.962415382253497,0.11478729613793356,27.707095422766464,-0.08444246296880348,0.9761843656210814,129.51852189835054,-4.946446854168143e-05,-5.369818564289803e-06,1.0,1.0,0.0,292.7063900747931,0.0,1.0,94.12691528289358,0.0,0.0,1.0
frame_0464.jpg,frame_0464,464,D:\visualization2026\visualization\left_downsample2_Q44\frame_0464.jpg,D:\visualization2026\visualization\right_downsample2_Q44\frame_0464.jpg,D:\visualization2026\dowsample2_Q44\stitched_frames\frame_0464.jpg,D:\visualization2026\dowsample2_Q44_hess_matched\stitched_frames\frame_0464.jpg,1910,1313,-0.035332548211473136,0.0024118775307015727,183.8067439281868,-13.149458379046806,138.70521462780903,-2.024415522537879,45.10152930037776,-11.125042856508927,46.453358584627594,59.74580267688447,-13.64970761660482,61.28519768691307,0,1,29.872901338442237,-6.82485380830241,-29.872901338442237,6.82485380830241,0,0,46.453358584627594,1312.5338359192576,977.516509433832,1173.8286212914486,979.5409249563698,12,12,0.9567115679272625,0.10673720073072322,29.543696457998724,-0.08713453169482208,0.9789881515094655,133.12047140719454,-5.504017415450236e-05,1.2374312800048897e-06,1.0,1.0,0.0,280.12709866155774,0.0,1.0,98.82485380830241,0.0,0.0,1.0
frame_0466.jpg,frame_0466,466,D:\visualization2026\visualization\left_downsample2_Q44\frame_0466.jpg,D:\visualization2026\visualization\right_downsample2_Q44\frame_0466.jpg,D:\visualization2026\dowsample2_Q44\stitched_frames\frame_0466.jpg,D:\visualization2026\dowsample2_Q44_hess_matched\stitched_frames\frame_0466.jpg,1914,1335,-0.035134744946374696,0.002095143018816123,185.72313013413034,-13.772379633204372,116.68797290822272,6.489006391215753,69.03515722590762,-20.261386024420126,71.94704091786092,68.86464506532121,-14.363124855171138,70.34656136285486,0,1,34.432322532660606,-7.181562427585569,-34.432322532660606,7.181562427585569,0,0,71.94704091786092,1297.359391233487,983.9543999719939,1180.6714183252643,977.4653935807781,12,12,0.9548497246595021,0.08232572230324992,34.2223688344213,-0.088596680678628,0.9772650861986921,135.45449918677227,-5.383917516310843e-05,-1.2466361557828851e-05,1.0,1.0,0.0,279.5676774673394,0.0,1.0,95.18156242758558,0.0,0.0,1.0
frame_0468.jpg,frame_0468,468,D:\visualization2026\visualization\left_downsample2_Q44\frame_0468.jpg,D:\visualization2026\visualization\right_downsample2_Q44\frame_0468.jpg,D:\visualization2026\dowsample2_Q44\stitched_frames\frame_0468.jpg,D:\visualization2026\dowsample2_Q44_hess_matched\stitched_frames\frame_0468.jpg,1931,1328,-0.03621429159733458,0.002011919822443628,192.863313986522,-14.534587787326762,106.54033049378472,0.7485479210045014,86.32298349273728,-15.283135708331264,87.66545337912001,83.33290852009208,-15.91365265773825,84.83877641343712,0,1,41.66645426004604,-7.956826328869125,-41.66645426004604,7.956826328869125,0,0,87.66545337912001,1305.58939941974,975.648291985959,1199.0490689259552,974.8997440649545,12,12,0.9627607498904748,0.1004998563413161,42.06777703719749,-0.08762459538350659,0.9724688998465615,132.62255096206994,-5.0107951032563526e-05,-1.272148060518722e-05,1.0,1.0,0.0,289.33354573995393,0.0,1.0,88.95682632886913,0.0,0.0,1.0
frame_0470.jpg,frame_0470,470,D:\visualization2026\visualization\left_downsample2_Q44\frame_0470.jpg,D:\visualization2026\visualization\right_downsample2_Q44\frame_0470.jpg,D:\visualization2026\dowsample2_Q44\stitched_frames\frame_0470.jpg,D:\visualization2026\dowsample2_Q44_hess_matched\stitched_frames\frame_0470.jpg,1950,1335,-0.038890898354360104,0.0022657902317453904,206.09634445023798,-15.367265235973816,98.2428210254468,0.35146033337730387,107.85352342479118,-15.71872556935112,108.99293944410597,91.16217177254445,-17.76483601842936,92.87696679504874,0,1,45.58108588627223,-8.88241800921468,-45.58108588627223,8.88241800921468,0,0,108.99293944410597,1319.3545336661616,969.8814079143689,1221.1117126407148,969.5299475809916,12,12,0.9805631582072585,0.10471837744429936,45.626979182066826,-0.08594743645867438,0.9811563268509385,129.38774065447384,-4.014301993919444e-05,-1.2118330405776091e-05,1.0,1.0,0.0,304.4189141137278,0.0,1.0,84.88241800921467,0.0,0.0,1.0
frame_0472.jpg,frame_0472,472,D:\visualization2026\visualization\left_downsample2_Q44\frame_0472.jpg,D:\visualization2026\visualization\right_downsample2_Q44\frame_0472.jpg,D:\visualization2026\dowsample2_Q44\stitched_frames\frame_0472.jpg,D:\visualization2026\dowsample2_Q44_hess_matched\stitched_frames\frame_0472.jpg,1950,1335,-0.04129407680138608,0.002403692780688721,218.85208593617983,-16.32169188618501,110.50073677953333,0.858281243894794,108.3513491566465,-17.179973130079805,109.70490572812041,93.97384654188897,-18.938888829053568,95.86326378732235,0,1,46.98692327094449,-9.469444414526784,-46.98692327094449,9.469444414526784,0,0,109.70490572812041,1324.3629978577883,969.9607926007131,1213.862261078255,969.1025113568184,12,12,0.9805067236490943,0.1047013410423751,47.032816566739086,-0.08592387144598111,0.9811634406308749,128.80071424916176,-4.014301993919444e-05,-1.2118330405776091e-05,1.0,1.0,0.0,303.0130767290555,0.0,1.0,85.46944441452678,0.0,0.0,1.0
frame_0474.jpg,frame_0474,474,D:\visualization2026\visualization\left_downsample2_Q44\frame_0474.jpg,D:\visualization2026\visualization\right_downsample2_Q44\frame_0474.jpg,D:\visualization2026\dowsample2_Q44\stitched_frames\frame_0474.jpg,D:\visualization2026\dowsample2_Q44_hess_matched\stitched_frames\frame_0474.jpg,1938,1340,-0.04134426474932695,0.002012514769311538,222.94609731607076,-17.24679125199512,138.69825175343112,3.134168407969355,84.24784556263964,-20.380959659964475,86.67804219413057,94.89247106023029,-21.421730322213772,97.28037620154589,0,1,47.446235530115146,-10.710865161106886,-47.446235530115146,10.710865161106886,0,0,86.67804219413057,1325.926407093237,977.6539454665813,1187.2281553398059,974.5197770586119,12,12,0.9735501748022736,0.10516045130621365,47.41162502016387,-0.09024275563707186,0.980095299596268,134.78971898851864,-4.638177606684424e-05,-1.1463452657837054e-05,1.0,1.0,0.0,290.55376446988487,0.0,1.0,93.71086516110688,0.0,0.0,1.0
frame_0476.jpg,frame_0476,476,D:\visualization2026\visualization\left_downsample2_Q44\frame_0476.jpg,D:\visualization2026\visualization\right_downsample2_Q44\frame_0476.jpg,D:\visualization2026\dowsample2_Q44\stitched_frames\frame_0476.jpg,D:\visualization2026\dowsample2_Q44_hess_matched\stitched_frames\frame_0476.jpg,1936,1347,-0.03871232047993145,0.0011162259636374322,216.21505436042054,-17.913399755294442,133.1215232877903,8.218250322246718,83.09353107263024,-26.13165007754116,87.10567169761808,91.84453980966177,-23.23778798803906,94.7386630865435,0,1,45.922269904830884,-11.61889399401953,-45.922269904830884,11.61889399401953,0,0,87.10567169761808,1326.842355523766,981.2265902397254,1193.7208322359756,973.0083399174787,12,12,0.9709054705088106,0.09471715178365865,45.790643147577484,-0.0909162503509414,0.9771325051601677,134.96365629050808,-4.706493330298044e-05,-1.7159386386199524e-05,1.0,1.0,0.0,290.0777300951691,0.0,1.0,94.61889399401953,0.0,0.0,1.0
frame_0478.jpg,frame_0478,478,D:\visualization2026\visualization\left_downsample2_Q44\frame_0478.jpg,D:\visualization2026\visualization\right_downsample2_Q44\frame_0478.jpg,D:\visualization2026\dowsample2_Q44\stitched_frames\frame_0478.jpg,D:\visualization2026\dowsample2_Q44_hess_matched\stitched_frames\frame_0478.jpg,1949,1346,-0.03605818291838203,0.0002788710965323238,208.78139662658495,-18.43289516324244,117.86529054214111,9.26444801088985,90.91610608444384,-27.69734317413229,95.04147076126031,88.83428307958566,-25.40221958500277,92.39481917352649,0,1,44.41714153979283,-12.701109792501384,-44.41714153979283,12.701109792501384,0,0,95.04147076126031,1331.2532414601226,976.2233003035367,1213.3879509179815,966.9588522926468,12,12,0.9755660759038898,0.09967600513265713,44.122476080243054,-0.09057679473652863,0.976025433220254,133.15988054508085,-4.515001449857005e-05,-1.8324191366063196e-05,1.0,1.0,0.0,304.58285846020715,0.0,1.0,90.70110979250138,0.0,0.0,1.0
frame_0480.jpg,frame_0480,480,D:\visualization2026\visualization\left_downsample2_Q44\frame_0480.jpg,D:\visualization2026\visualization\right_downsample2_Q44\frame_0480.jpg,D:\visualization2026\dowsample2_Q44\stitched_frames\frame_0480.jpg,D:\visualization2026\dowsample2_Q44_hess_matched\stitched_frames\frame_0480.jpg,1952,1342,-0.03559712717794605,1.7465451870229964e-05,208.61631357916528,-18.78947273608818,116.00244640721667,6.009541162389382,92.61386717194861,-24.79901389847756,95.87658464338529,87.11782182518306,-25.879967360536206,90.88062274295199,0,1,43.55891091259153,-12.939983680268103,-43.55891091259153,12.939983680268103,0,0,95.87658464338529,1332.452545667278,972.206166320303,1216.4500992600613,966.1966251579137,12,12,0.9805591938979359,0.10375472709714448,43.693966615063545,-0.08999294300857294,0.979329467577083,131.58939220711355,-4.294150738661252e-05,-1.4219435882617224e-05,1.0,1.0,0.0,308.4410890874085,0.0,1.0,89.9399836802681,0.0,0.0,1.0
frame_0482.jpg,frame_0482,482,D:\visualization2026\visualization\left_downsample2_Q44\frame_0482.jpg,D:\visualization2026\visualization\right_downsample2_Q44\frame_0482.jpg,D:\visualization2026\dowsample2_Q44\stitched_frames\frame_0482.jpg,D:\visualization2026\dowsample2_Q44_hess_matched\stitched_frames\frame_0482.jpg,1951,1346,-0.035797493914637046,0.00019544053265932448,208.06278087505072,-18.486643506890896,114.76271536878471,9.515487608007447,93.30006550626601,-28.002131114898344,97.4116090127326,84.03932439948235,-27.100216222061515,88.30079141663407,0,1,42.01966219974118,-13.550108111030758,-42.01966219974118,13.550108111030758,0,0,97.4116090127326,1340.3951385462199,975.4032050091068,1225.6324231774352,965.8877174010994,12,12,0.9783784979485525,0.10415096212282307,42.06623166930093,-0.09042605754224185,0.9797732079899891,131.99113224713102,-4.4354288928941274e-05,-1.549263247495244e-05,1.0,1.0,0.0,308.98033780025884,0.0,1.0,91.55010811103075,0.0,0.0,1.0
frame_0484.jpg,frame_0484,484,D:\visualization2026\visualization\left_downsample2_Q44\frame_0484.jpg,D:\visualization2026\visualization\right_downsample2_Q44\frame_0484.jpg,D:\visualization2026\dowsample2_Q44\stitched_frames\frame_0484.jpg,D:\visualization2026\dowsample2_Q44_hess_matched\stitched_frames\frame_0484.jpg,1933,1339,-0.035969852868243835,0.0003859795623221973,207.22293763182932,-18.140139274226787,131.55739834120277,4.629559263404872,75.66553929062655,-22.76969853763166,79.01729562340118,79.49084282202111,-28.658249558924513,84.49904946410263,0,1,39.745421411010554,-14.329124779462257,-39.745421411010554,14.329124779462257,0,0,79.01729562340118,1343.5628350613451,975.9541581938862,1212.0054367201424,971.3245989304813,12,12,0.9743554459067351,0.10457367948784856,40.146287441030935,-0.09058217415123218,0.981965292622598,131.74440751160498,-4.8383926974480154e-05,-8.961614610838302e-06,1.0,1.0,0.0,293.25457858898943,0.0,1.0,98.32912477946226,0.0,0.0,1.0
frame_0486.jpg,frame_0486,486,D:\visualization2026\visualization\left_downsample2_Q44\frame_0486.jpg,D:\visualization2026\visualization\right_downsample2_Q44\frame_0486.jpg,D:\visualization2026\dowsample2_Q44\stitched_frames\frame_0486.jpg,D:\visualization2026\dowsample2_Q44_hess_matched\stitched_frames\frame_0486.jpg,1943,1346,-0.03580039991729178,0.00017159921266679534,208.31140424564506,-18.54294515611527,140.6103603015183,13.689949229052445,67.70104394412675,-32.23289438516771,74.98260352621772,78.86813961675139,-31.09004181672585,84.7748438321956,0,1,39.434069808375696,-15.545020908362925,-39.434069808375696,15.545020908362925,0,0,74.98260352621772,1351.086998325149,976.3183058348527,1210.4766380236306,962.6283566058003,12,12,0.9770375846220072,0.10083558535460065,39.58308083276883,-0.0912286244299184,0.9788566293234247,131.3397784009599,-4.6690523835399023e-05,-1.5182749781147513e-05,1.0,1.0,0.0,303.5659301916243,0.0,1.0,95.54502090836293,0.0,0.0,1.0
frame_0488.jpg,frame_0488,488,D:\visualization2026\visualization\left_downsample2_Q44\frame_0488.jpg,D:\visualization2026\visualization\right_downsample2_Q44\frame_0488.jpg,D:\visualization2026\dowsample2_Q44\stitched_frames\frame_0488.jpg,D:\visualization2026\dowsample2_Q44_hess_matched\stitched_frames\frame_0488.jpg,1941,1344,-0.03546535446223231,-0.000538652063248643,213.2451947913237,-19.99719422819485,145.0714965941861,15.49031563025244,68.17369819713761,-35.48750985844729,76.85711731406401,80.28758211948346,-33.75789424536146,87.09587399224954,0,1,40.14379105974173,-16.87894712268073,-40.14379105974173,16.87894712268073,0,0,76.85711731406401,1358.1549870331842,977.6260549246235,1213.083490438998,962.1357392943711,12,12,0.9720463700034152,0.09994759794561427,39.952455668765325,-0.09249120497345904,0.9759003666006731,131.9603961284728,-5.0486283798946865e-05,-1.5069374091308382e-05,1.0,1.0,0.0,300.8562089402583,0.0,1.0,97.87894712268073,0.0,0.0,1.0
frame_0490.jpg,frame_0490,490,D:\visualization2026\visualization\left_downsample2_Q44\frame_0490.jpg,D:\visualization2026\visualization\right_downsample2_Q44\frame_0490.jpg,D:\visualization2026\dowsample2_Q44\stitched_frames\frame_0490.jpg,D:\visualization2026\dowsample2_Q44_hess_matched\stitched_frames\frame_0490.jpg,1960,1347,-0.035135912837248484,-0.0012257320875031508,217.98678284593552,-21.401182218626413,128.48643170033552,15.556792968857849,89.5003511456,-36.957975187484266,96.8308049390503,85.08507835215417,-38.06261566733793,93.2106928932067,0,1,42.542539176077085,-19.031307833668965,-42.542539176077085,19.031307833668965,0,0,96.8308049390503,1370.7670026027297,974.0464798933514,1242.2805709023942,958.4896869244935,12,12,0.9826511219785755,0.10450649179630696,42.565965178541276,-0.09217808842074995,0.9803524427896787,130.0982038031273,-4.5492206592290215e-05,-1.364770663043444e-05,1.0,1.0,0.0,317.45746082392293,0.0,1.0,97.03130783366896,0.0,0.0,1.0
frame_0492.jpg,frame_0492,492,D:\visualization2026\visualization\left_downsample2_Q44\frame_0492.jpg,D:\visualization2026\visualization\right_downsample2_Q44\frame_0492.jpg,D:\visualization2026\dowsample2_Q44\stitched_frames\frame_0492.jpg,D:\visualization2026\dowsample2_Q44_hess_matched\stitched_frames\frame_0492.jpg,1959,1354,-0.0348912875941102,-0.0013977424493558238,218.2227910876302,-21.66689909883754,117.82551306770392,19.67449415923886,100.39727801992629,-41.3413932580764,108.5758915705015,89.19861495826561,-41.34911045138957,98.31653902367667,0,1,44.599307479132804,-20.674555225694785,-44.599307479132804,20.674555225694785,0,0,108.5758915705015,1359.3990247236898,978.2798624140916,1241.5735116559858,958.6053682548527,12,12,0.9823894699696485,0.09871908797453215,44.13669003309009,-0.09170290293072013,0.979156730237006,127.65949989798916,-4.5011009087144306e-05,-1.920703038210821e-05,1.0,1.0,0.0,314.4006925208672,0.0,1.0,98.67455522569479,0.0,0.0,1.0
frame_0494.jpg,frame_0494,494,D:\visualization2026\visualization\left_downsample2_Q44\frame_0494.jpg,D:\visualization2026\visualization\right_downsample2_Q44\frame_0494.jpg,D:\visualization2026\dowsample2_Q44\stitched_frames\frame_0494.jpg,D:\visualization2026\dowsample2_Q44_hess_matched\stitched_frames\frame_0494.jpg,1978,1356,-0.034508029310875044,-0.001377198705631133,215.77533794375816,-21.416979529162596,116.12231748977797,22.876326118351358,99.65302045398019,-44.293305647513954,109.05329619404215,94.69814052869961,-44.0007495505839,104.42128030534077,0,1,47.349070264349805,-22.00037477529195,-47.349070264349805,22.00037477529195,0,0,109.05329619404215,1374.8398847046044,973.0113648375717,1258.7175672148264,950.1350387192203,12,12,0.9946664876724213,0.1050618827415447,47.69599004923852,-0.091928142198274,0.9836410109865501,126.05774169422706,-3.9474242271689766e-05,-1.7359849445661686e-05,1.0,1.0,0.0,330.6509297356502,0.0,1.0,93.00037477529195,0.0,0.0,1.0
frame_0496.jpg,frame_0496,496,D:\visualization2026\visualization\left_downsample2_Q44\frame_0496.jpg,D:\visualization2026\visualization\right_downsample2_Q44\frame_0496.jpg,D:\visualization2026\dowsample2_Q44\stitched_frames\frame_0496.jpg,D:\visualization2026\dowsample2_Q44_hess_matched\stitched_frames\frame_0496.jpg,1956,1355,-0.03422550108752309,-0.001342199677008743,213.77828237593607,-21.187138138814863,125.5095554012521,27.47823016661107,88.26872697468397,-48.66536830542593,100.79526890699809,96.35035024570622,-45.84178028368795,106.69985385204697,0,1,48.17517512285311,-22.920890141843977,-48.17517512285311,22.920890141843977,0,0,100.79526890699809,1367.2578143886415,980.7491693723329,1241.7482589873894,953.2709392057218,12,12,0.9806081430684179,0.09572224149054251,48.089415091976456,-0.09268341218171929,0.976337913904391,127.26322129279316,-4.7721724159981356e-05,-2.0629395632282894e-05,1.0,1.0,0.0,307.8248248771469,0.0,1.0,97.92089014184398,0.0,0.0,1.0
frame_0498.jpg,frame_0498,498,D:\visualization2026\visualization\left_downsample2_Q44\frame_0498.jpg,D:\visualization2026\visualization\right_downsample2_Q44\frame_0498.jpg,D:\visualization2026\dowsample2_Q44\stitched_frames\frame_0498.jpg,D:\visualization2026\dowsample2_Q44_hess_matched\stitched_frames\frame_0498.jpg,1980,1354,-0.03441287209263455,-0.0013366009790913014,214.82287761741773,-21.273390181101767,119.15155156811011,27.472315173317156,95.67132604930762,-48.745705354418924,107.37386282765817,92.1701653820393,-46.52341145297898,103.24614859536238,0,1,46.08508269101965,-23.26170572648949,-46.08508269101965,23.26170572648949,0,0,107.37386282765817,1388.8387395880768,976.4578023243616,1269.6871880199667,948.9854871510445,11,12,0.9938715313795434,0.09931364530509659,45.80925915725278,-0.08965949075691955,0.9811415697728783,121.94231943934425,-4.3473709622435976e-05,-1.9476003909440847e-05,1.0,1.0,0.0,333.91491730898036,0.0,1.0,95.2617057264895,0.0,0.0,1.0
frame_0500.jpg,frame_0500,500,D:\visualization2026\visualization\left_downsample2_Q44\frame_0500.jpg,D:\visualization2026\visualization\right_downsample2_Q44\frame_0500.jpg,D:\visualization2026\dowsample2_Q44\stitched_frames\frame_0500.jpg,D:\visualization2026\dowsample2_Q44_hess_matched\stitched_frames\frame_0500.jpg,1980,1354,-0.03528160707559036,-0.0013813280467517425,220.35267271297562,-21.83565942561984,122.59127298234262,24.3274694273847,97.761399730633,-46.16312885300454,108.11256052277973,88.93755731560103,-46.419961923895194,100.32298822444284,0,1,44.46877865780051,-23.209980961947597,-44.46877865780051,23.209980961947597,0,0,108.11256052277973,1393.7534045016168,975.5874845445426,1271.1621315192742,951.2600151171579,12,12,0.9939417981117452,0.0993451244487664,44.192955124033645,-0.08966173942431353,0.9811405623811619,121.99404420388615,-4.3473709622435976e-05,-1.9476003909440847e-05,1.0,1.0,0.0,335.5312213421995,0.0,1.0,95.2099809619476,0.0,0.0,1.0
frame_0502.jpg,frame_0502,502,D:\visualization2026\visualization\left_downsample2_Q44\frame_0502.jpg,D:\visualization2026\visualization\right_downsample2_Q44\frame_0502.jpg,D:\visualization2026\dowsample2_Q44\stitched_frames\frame_0502.jpg,D:\visualization2026\dowsample2_Q44_hess_matched\stitched_frames\frame_0502.jpg,1980,1354,-0.03625130764045581,-0.0014554566651920897,226.7602433172469,-22.518872362469104,147.26388961565522,22.23067674206243,79.49635370159169,-44.74954910453153,91.22605108688772,91.13888802897877,-43.64794238756664,101.05166889184495,0,1,45.569444014489385,-21.82397119378332,-45.569444014489385,21.82397119378332,0,0,91.22605108688772,1399.642885049445,975.2931711462168,1252.37899543379,953.0624944041543,12,12,0.993893948105637,0.09932368788597655,45.29362048072252,-0.08972199441050856,0.9811135684494986,123.38005397205042,-4.3473709622435976e-05,-1.9476003909440847e-05,1.0,1.0,0.0,334.43055598551064,0.0,1.0,93.82397119378332,0.0,0.0,1.0
frame_0504.jpg,frame_0504,504,D:\visualization2026\visualization\left_downsample2_Q44\frame_0504.jpg,D:\visualization2026\visualization\right_downsample2_Q44\frame_0504.jpg,D:\visualization2026\dowsample2_Q44\stitched_frames\frame_0504.jpg,D:\visualization2026\dowsample2_Q44_hess_matched\stitched_frames\frame_0504.jpg,1978,1355,-0.03663385060578517,-0.0015179257082927888,229.61073580542796,-22.864717668018653,146.12075568363912,20.911340334076385,83.48998012178885,-43.77605800209504,94.27046215511774,91.45287763185847,-39.92979922095836,99.78986768692363,0,1,45.726438815929235,-19.96489961047918,-45.726438815929235,19.96489961047918,0,0,94.27046215511774,1400.259891947165,974.782737442187,1254.1391362635259,953.8713971081106,12,12,0.9900110834991016,0.09774983803583896,45.45686784171473,-0.09032713217711742,0.9803686084169807,126.17361916538552,-4.529034197446013e-05,-2.030177922277311e-05,1.0,1.0,0.0,332.2735611840708,0.0,1.0,92.96489961047918,0.0,0.0,1.0
frame_0506.jpg,frame_0506,506,D:\visualization2026\visualization\left_downsample2_Q44\frame_0506.jpg,D:\visualization2026\visualization\right_downsample2_Q44\frame_0506.jpg,D:\visualization2026\dowsample2_Q44\stitched_frames\frame_0506.jpg,D:\visualization2026\dowsample2_Q44_hess_matched\stitched_frames\frame_0506.jpg,1980,1353,-0.03643243152485631,-0.0016467485703755697,229.68066383474425,-23.054085605235848,130.40528329317158,11.75118501854729,99.27538054157267,-34.80527062378314,105.1998481218906,87.44149828840321,-37.01418452322252,94.95296456056539,0,1,43.720749144201605,-18.50709226161126,-43.720749144201605,18.50709226161126,0,0,105.1998481218906,1392.552834722263,962.9704641010159,1262.1475514290914,951.2192790824686,12,12,0.9955698915361351,0.09944707566885602,43.22525084940669,-0.08928909934797893,0.9826361837750299,125.16137906550838,-4.2197009268679956e-05,-1.8970740469218818e-05,1.0,1.0,0.0,336.2792508557984,0.0,1.0,89.50709226161126,0.0,0.0,1.0
frame_0508.jpg,frame_0508,508,D:\visualization2026\visualization\left_downsample2_Q44\frame_0508.jpg,D:\visualization2026\visualization\right_downsample2_Q44\frame_0508.jpg,D:\visualization2026\dowsample2_Q44\stitched_frames\frame_0508.jpg,D:\visualization2026\dowsample2_Q44_hess_matched\stitched_frames\frame_0508.jpg,1984,1348,-0.03609012770686182,-0.0017857128809158351,229.02277538978058,-23.192225935307018,131.78150132607448,6.962763586070537,97.2412740637061,-30.154989521377555,101.80957113438399,86.65813438441707,-34.42675696640691,93.2460929487758,0,1,43.329067192208534,-17.213378483203456,-43.329067192208534,17.213378483203456,0,0,101.80957113438399,1397.4307098290144,958.378322156853,1265.64920850294,951.4155585707824,12,12,1.0016207360992966,0.11099626789300397,43.06465349076354,-0.0886307421222329,0.9897219238071152,125.70737188472404,-4.026063951029514e-05,-1.0954468376501272e-05,1.0,1.0,0.0,340.6709328077915,0.0,1.0,88.21337848320346,0.0,0.0,1.0
frame_0510.jpg,frame_0510,510,D:\visualization2026\visualization\left_downsample2_Q44\frame_0510.jpg,D:\visualization2026\visualization\right_downsample2_Q44\frame_0510.jpg,D:\visualization2026\dowsample2_Q44\stitched_frames\frame_0510.jpg,D:\visualization2026\dowsample2_Q44_hess_matched\stitched_frames\frame_0510.jpg,1950,1352,-0.03597240942657176,-0.0018184473582897737,228.65028978336267,-23.205149648912656,150.94578677000595,8.379905715412633,77.70450301335671,-31.58505536432529,83.87851638483036,84.71358045391747,-31.754977537213158,90.46971488686842,0,1,42.356790226958736,-15.877488768606579,-42.356790226958736,15.877488768606579,0,0,83.87851638483036,1392.504134545858,972.8057674523661,1241.558347775852,964.4258617369535,12,12,0.975617187635428,0.0982504606108353,42.662880254265104,-0.09551036109797248,0.9757885580288095,138.00159909939805,-5.548644419198467e-05,-1.71003600359639e-05,1.0,1.0,0.0,307.64320977304124,0.0,1.0,101.87748876860658,0.0,0.0,1.0
frame_0512.jpg,frame_0512,512,D:\visualization2026\visualization\left_downsample2_Q44\frame_0512.jpg,D:\visualization2026\visualization\right_downsample2_Q44\frame_0512.jpg,D:\visualization2026\dowsample2_Q44\stitched_frames\frame_0512.jpg,D:\visualization2026\dowsample2_Q44_hess_matched\stitched_frames\frame_0512.jpg,1947,1356,-0.0360162384580206,-0.0018080010596697726,228.80588940745807,-23.2043380482169,153.22635522579708,8.608073272236652,75.57953418166099,-31.812411320453553,82.00180181641488,85.09106986116399,-30.96628142867067,90.55054254744763,0,1,42.545534930581994,-15.483140714335335,-42.545534930581994,15.483140714335335,0,0,82.00180181641488,1395.5284470486713,974.0162051204662,1242.3020918228742,965.4081318482296,12,12,0.9714683918490129,0.09361454192098956,42.63551883460741,-0.0960313319170996,0.972379756530747,139.3567393462901,-5.6785132713427066e-05,-2.1047739753050222e-05,1.0,1.0,0.0,304.454465069418,0.0,1.0,102.48314071433533,0.0,0.0,1.0
frame_0514.jpg,frame_0514,514,D:\visualization2026\visualization\left_downsample2_Q44\frame_0514.jpg,D:\visualization2026\visualization\right_downsample2_Q44\frame_0514.jpg,D:\visualization2026\dowsample2_Q44\stitched_frames\frame_0514.jpg,D:\visualization2026\dowsample2_Q44_hess_matched\stitched_frames\frame_0514.jpg,1947,1356,-0.03607425490320926,-0.0018612109982917013,229.6630166634363,-23.357252034608265,155.8958061941455,7.059908821517979,73.7672104692908,-30.417160856126245,79.79226162334356,86.03884561513445,-30.8195778096166,91.39217324885077,0,1,43.019422807567224,-15.4097889048083,-43.019422807567224,15.4097889048083,0,0,79.79226162334356,1405.1288538131932,972.1457183453274,1249.2330476190477,965.0858095238094,12,12,0.9714414820630269,0.09360456765228264,43.10940671159264,-0.09603549720933836,0.9723782126409497,139.43009115581714,-5.6785132713427066e-05,-2.1047739753050222e-05,1.0,1.0,0.0,303.98057719243275,0.0,1.0,102.4097889048083,0.0,0.0,1.0
frame_0516.jpg,frame_0516,516,D:\visualization2026\visualization\left_downsample2_Q44\frame_0516.jpg,D:\visualization2026\visualization\right_downsample2_Q44\frame_0516.jpg,D:\visualization2026\dowsample2_Q44\stitched_frames\frame_0516.jpg,D:\visualization2026\dowsample2_Q44_hess_matched\stitched_frames\frame_0516.jpg,1947,1356,-0.036127589711785424,-0.002034852156416897,231.66247484177387,-23.784325000588424,130.49964726396865,7.077465080482284,101.16282757780522,-30.86179008107071,105.76562660214717,91.05744063032546,-30.09879729098028,95.90305048594006,0,1,45.52872031516273,-15.04939864549014,-45.52872031516273,15.04939864549014,0,0,105.76562660214717,1380.1175520258735,971.4563222233394,1249.6179047619048,964.3788571428571,12,12,0.9712989912710407,0.0935517526113798,45.618704219188146,-0.09605596201804237,0.9723706272405621,139.7904814151353,-5.6785132713427066e-05,-2.1047739753050222e-05,1.0,1.0,0.0,301.47127968483727,0.0,1.0,102.04939864549014,0.0,0.0,1.0
frame_0518.jpg,frame_0518,518,D:\visualization2026\visualization\left_downsample2_Q44\frame_0518.jpg,D:\visualization2026\visualization\right_downsample2_Q44\frame_0518.jpg,D:\visualization2026\dowsample2_Q44\stitched_frames\frame_0518.jpg,D:\visualization2026\dowsample2_Q44_hess_matched\stitched_frames\frame_0518.jpg,1980,1351,-0.036164328347682906,-0.00239021030924684,235.3296720647004,-24.620030499289225,114.42901444629615,0.8384336686510778,120.90065761840424,-25.458464167940303,123.55202309291785,96.66449446300626,-29.0444818501256,100.93367334904067,1,0,48.33224723150313,-14.5222409250628,-48.33224723150313,14.5222409250628,0,0,123.55202309291785,1401.2236826255362,956.6326291687456,1286.79466817924,955.7941955000945,12,12,1.0095725523881522,0.10989261758868336,48.1331661808597,-0.08872229889600243,0.9950833956042486,128.44142822028581,-3.9412750681518515e-05,-8.604208416487218e-06,1.0,1.0,0.0,331.6677527684969,0.0,1.0,93.5222409250628,0.0,0.0,1.0
frame_0520.jpg,frame_0520,520,D:\visualization2026\visualization\left_downsample2_Q44\frame_0520.jpg,D:\visualization2026\visualization\right_downsample2_Q44\frame_0520.jpg,D:\visualization2026\dowsample2_Q44\stitched_frames\frame_0520.jpg,D:\visualization2026\dowsample2_Q44_hess_matched\stitched_frames\frame_0520.jpg,2003,1353,-0.03618249232700077,-0.002829976071621998,239.7078044886557,-25.63979837978624,98.41120012706142,2.7130730265307648,141.2966043615943,-28.352871406317004,144.11320453414413,102.79747808931178,-27.981152771143677,106.53762908909049,1,0,51.39873904465589,-13.990576385571838,-51.39873904465589,13.990576385571838,0,0,144.11320453414413,1413.5213906821568,958.1163686170673,1315.1101905550954,955.4032955905366,12,12,1.0162073503612217,0.10832835168026889,51.53766145759415,-0.08518744735900546,1.0000668125378718,122.76018408927342,-3.825122436902327e-05,-9.760466058490594e-06,1.0,1.0,0.0,351.6012609553441,0.0,1.0,92.99057638557184,0.0,0.0,1.0
frame_0522.jpg,frame_0522,522,D:\visualization2026\visualization\left_downsample2_Q44\frame_0522.jpg,D:\visualization2026\visualization\right_downsample2_Q44\frame_0522.jpg,D:\visualization2026\dowsample2_Q44\stitched_frames\frame_0522.jpg,D:\visualization2026\dowsample2_Q44_hess_matched\stitched_frames\frame_0522.jpg,2000,1350,-0.0361807765523352,-0.003194298952320526,243.23653456267996,-26.475755230950668,99.80601700725015,3.410382035682005,143.43051755542982,-29.886137266632673,146.51107318881554,103.61480334506506,-26.540834116180164,106.96000817043303,1,0,51.80740167253253,-13.270417058090082,-51.80740167253253,13.270417058090082,0,0,146.51107318881554,1416.220996384828,960.8431716869756,1316.4149793775778,957.4327896512935,12,12,1.0087076455428643,0.10958777010679298,51.436115082324015,-0.08749515323547696,0.9974374272785961,127.88832545491249,-4.308932857425021e-05,-7.660626147646285e-06,1.0,1.0,0.0,348.19259832746746,0.0,1.0,95.27041705809009,0.0,0.0,1.0
frame_0524.jpg,frame_0524,524,D:\visualization2026\visualization\left_downsample2_Q44\frame_0524.jpg,D:\visualization2026\visualization\right_downsample2_Q44\frame_0524.jpg,D:\visualization2026\dowsample2_Q44\stitched_frames\frame_0524.jpg,D:\visualization2026\dowsample2_Q44_hess_matched\stitched_frames\frame_0524.jpg,2007,1351,-0.03616656482634517,-0.003554204218071233,246.64906297506863,-27.2949547355308,99.46722820694959,1.3084051237858603,147.18183476811905,-28.60335985931666,149.93546838874204,104.43212860081834,-25.10051546121665,107.4062631344962,1,0,52.21606430040917,-12.550257730608324,-52.21606430040917,12.550257730608324,0,0,149.93546838874204,1432.4911303748206,954.0027723648457,1333.023902167871,952.6943672410598,12,12,1.024025310271202,0.11204058819687097,51.82176075830874,-0.08340988582424422,1.005071710797477,121.52623605778079,-3.509893569118116e-05,-7.060733407062585e-06,1.0,1.0,0.0,354.7839356995908,0.0,1.0,90.55025773060832,0.0,0.0,1.0
frame_0526.jpg,frame_0526,526,D:\visualization2026\visualization\left_downsample2_Q44\frame_0526.jpg,D:\visualization2026\visualization\right_downsample2_Q44\frame_0526.jpg,D:\visualization2026\dowsample2_Q44\stitched_frames\frame_0526.jpg,D:\visualization2026\dowsample2_Q44_hess_matched\stitched_frames\frame_0526.jpg,2007,1351,-0.03615492179994517,-0.0039552141773005756,250.47592147972284,-28.20993213732267,103.17960114379025,1.3938944731231686,147.2963203359326,-29.60382661044584,150.24178025598275,105.24945385657162,-23.660196806253136,107.87609767699807,1,0,52.62472692828581,-11.830098403126568,-52.62472692828581,11.830098403126568,0,0,150.24178025598275,1431.9837895244116,954.360792755308,1328.8041883806213,952.9668982821848,12,12,1.024010966647907,0.11203770273900211,52.23042338618538,-0.0834351626501669,1.005066625944455,122.24639538526255,-3.509893569118116e-05,-7.060733407062585e-06,1.0,1.0,0.0,354.3752730717142,0.0,1.0,89.83009840312657,0.0,0.0,1.0
frame_0528.jpg,frame_0528,528,D:\visualization2026\visualization\left_downsample2_Q44\frame_0528.jpg,D:\visualization2026\visualization\right_downsample2_Q44\frame_0528.jpg,D:\visualization2026\dowsample2_Q44\stitched_frames\frame_0528.jpg,D:\visualization2026\dowsample2_Q44_hess_matched\stitched_frames\frame_0528.jpg,1978,1356,-0.03615802970953608,-0.004259993828387487,253.45457977558897,-28.911667329348745,133.08483700596844,-7.200687145344091,120.36974276962053,-21.710980184004654,122.31206659596124,103.12009993103425,-21.87858285060489,105.41549884783201,1,0,51.56004996551712,-10.939291425302445,-51.56004996551712,10.939291425302445,0,0,122.31206659596124,1434.420495920697,962.9245066531055,1301.3356589147286,970.1251937984496,12,12,1.0095240841991964,0.11484975884049976,51.24483763883944,-0.0911708890121291,1.0025120415838977,135.91569444932483,-4.434916774565579e-05,-3.5102750856303706e-06,1.0,1.0,0.0,326.4399500344829,0.0,1.0,106.93929142530244,0.0,0.0,1.0
frame_0530.jpg,frame_0530,530,D:\visualization2026\visualization\left_downsample2_Q44\frame_0530.jpg,D:\visualization2026\visualization\right_downsample2_Q44\frame_0530.jpg,D:\visualization2026\dowsample2_Q44\stitched_frames\frame_0530.jpg,D:\visualization2026\dowsample2_Q44_hess_matched\stitched_frames\frame_0530.jpg,1979,1352,-0.03622322510363518,-0.004304940612525426,254.27355048062668,-29.049397918818844,147.3894461125485,-8.26983842249274,106.88410436807817,-20.779559496326105,108.88526924900164,98.04406682420623,-19.75567359427192,100.01462732317123,0,1,49.02203341210311,-9.87783679713596,-49.02203341210311,9.87783679713596,0,0,108.88526924900164,1445.7941675478648,961.043098310274,1298.4047214353163,969.3129367327667,12,12,1.0098871028844465,0.11771012064522315,49.31399794377991,-0.09137248948425905,1.0038144944175162,136.9777766727577,-4.510445602313409e-05,-3.327237066018839e-07,1.0,1.0,0.0,329.9779665878969,0.0,1.0,105.87783679713596,0.0,0.0,1.0
frame_0532.jpg,frame_0532,532,D:\visualization2026\visualization\left_downsample2_Q44\frame_0532.jpg,D:\visualization2026\visualization\right_downsample2_Q44\frame_0532.jpg,D:\visualization2026\dowsample2_Q44\stitched_frames\frame_0532.jpg,D:\visualization2026\dowsample2_Q44_hess_matched\stitched_frames\frame_0532.jpg,1980,1355,-0.03633685413685317,-0.004176321129794339,253.69068758625383,-28.81405939516396,149.7499095642786,-8.792686345382776,103.94077802197523,-20.021373049781182,105.85150312873235,90.0213545360876,-17.29146903725421,91.66700155442143,1,1,45.0106772680438,-8.645734518627105,-45.0106772680438,8.645734518627105,0,0,105.85150312873235,1448.1191849265974,961.1194875676607,1298.3692753623188,969.9121739130435,12,12,1.0124095978091465,0.11662674774508192,45.45709240717546,-0.09116577074230206,1.0040834753243613,138.22778081546008,-4.351700226195648e-05,-1.839865659713548e-06,1.0,1.0,0.0,334.9893227319562,0.0,1.0,104.64573451862711,0.0,0.0,1.0
frame_0534.jpg,frame_0534,534,D:\visualization2026\visualization\left_downsample2_Q44\frame_0534.jpg,D:\visualization2026\visualization\right_downsample2_Q44\frame_0534.jpg,D:\visualization2026\dowsample2_Q44\stitched_frames\frame_0534.jpg,D:\visualization2026\dowsample2_Q44_hess_matched\stitched_frames\frame_0534.jpg,1982,1353,-0.036414148119163214,-0.0041219107089022905,253.615528780744,-28.729962169935938,122.265599321825,-7.983469069521561,131.349929458919,-20.746493100414376,132.97827245391835,79.05196306667827,-14.485969179551777,80.3682534821206,1,0,39.525981533339134,-7.242984589775888,-39.525981533339134,7.242984589775888,0,0,132.97827245391835,1432.9347288093686,958.2450049287734,1310.6691294875436,966.2284739982949,12,12,1.0134937703052236,0.11600978291962136,40.04170081141133,-0.09066794229704694,1.0046124471359383,137.94205524935975,-4.328682646009719e-05,-1.4602010349769127e-06,1.0,1.0,0.0,342.4740184666609,0.0,1.0,101.24298458977589,0.0,0.0,1.0
frame_0536.jpg,frame_0536,536,D:\visualization2026\visualization\left_downsample2_Q44\frame_0536.jpg,D:\visualization2026\visualization\right_downsample2_Q44\frame_0536.jpg,D:\visualization2026\dowsample2_Q44\stitched_frames\frame_0536.jpg,D:\visualization2026\dowsample2_Q44_hess_matched\stitched_frames\frame_0536.jpg,1999,1359,-0.03638240361518674,-0.004315241583582666,255.3072287258823,-29.15725933716232,113.51207817732848,-8.813179064070027,141.79515054855383,-20.344080273092292,143.24715118020697,65.13589241597833,-11.339174021164613,66.11551518598459,1,0,32.567946207989166,-5.6695870105823065,-32.567946207989166,5.6695870105823065,0,0,143.24715118020697,1441.5750868912996,956.8284947844409,1328.0630087139712,965.6416738485109,12,12,1.025899531425542,0.11544749649918527,32.40172242831159,-0.08766924962860391,1.0089912232919045,134.98152976084515,-3.74919112569809e-05,-4.5137950939173195e-06,1.0,1.0,0.0,366.43205379201083,0.0,1.0,98.6695870105823,0.0,0.0,1.0
frame_0538.jpg,frame_0538,538,D:\visualization2026\visualization\left_downsample2_Q44\frame_0538.jpg,D:\visualization2026\visualization\right_downsample2_Q44\frame_0538.jpg,D:\visualization2026\dowsample2_Q44\stitched_frames\frame_0538.jpg,D:\visualization2026\dowsample2_Q44_hess_matched\stitched_frames\frame_0538.jpg,1997,1359,-0.03628939009990817,-0.004635662322225842,257.87403834003555,-29.844077987744022,116.99898316679469,-8.907167534501014,140.87505517324087,-20.93691045324301,142.42238373721588,51.2198217652784,-8.192378862777447,51.870851285651455,1,0,25.6099108826392,-4.096189431388724,-25.6099108826392,4.096189431388724,0,0,142.42238373721588,1448.1721163679651,959.2950414714463,1331.1731332011705,968.2022090059473,12,12,1.0197481363299006,0.11641573820910968,25.992417171817735,-0.09051197052015143,1.0073896833785954,141.2743774754312,-4.135088921585702e-05,-2.85996287094253e-06,1.0,1.0,0.0,371.3900891173608,0.0,1.0,100.09618943138872,0.0,0.0,1.0
frame_0540.jpg,frame_0540,540,D:\visualization2026\visualization\left_downsample2_Q44\frame_0540.jpg,D:\visualization2026\visualization\right_downsample2_Q44\frame_0540.jpg,D:\visualization2026\dowsample2_Q44\stitched_frames\frame_0540.jpg,D:\visualization2026\dowsample2_Q44_hess_matched\stitched_frames\frame_0540.jpg,1994,1354,-0.03624001250668152,-0.004895878490791081,260.1119957295553,-30.41568612202278,287.50471559988785,-40.1022634826635,-27.39271987033254,9.686577360640722,29.05496313641077,38.93050113646701,-5.938674190185539,39.38085537254917,1,1,19.465250568233504,-2.9693370950927696,-19.465250568233504,2.9693370950927696,10,1,29.05496313641077,941.7473672571737,76.18270629011114,654.2426516572858,116.28496977277464,12,12,1.011817455789972,0.11560902198016293,19.725244457786918,-0.09224218987620514,1.0052632038384246,144.87584442243295,-4.57716360078115e-05,6.790580350257466e-08,1.0,1.0,0.0,374.5347494317665,0.0,1.0,99.96933709509277,0.0,0.0,1.0
frame_0542.jpg,frame_0542,542,D:\visualization2026\visualization\left_downsample2_Q44\frame_0542.jpg,D:\visualization2026\visualization\right_downsample2_Q44\frame_0542.jpg,D:\visualization2026\dowsample2_Q44\stitched_frames\frame_0542.jpg,D:\visualization2026\dowsample2_Q44_hess_matched\stitched_frames\frame_0542.jpg,2000,1373,-0.036299742141833735,-0.004992910577195336,261.4048308709207,-30.67016757475983,238.0171504070422,-28.771379028756712,23.387680463878496,-1.898788546003118,23.464632863586775,28.26793052954421,-4.57806000338889,28.636245036976593,0,1,14.133965264772105,-2.289030001694445,-14.133965264772105,2.289030001694445,10,2,23.464632863586775,952.5014862466412,96.65687911660669,714.484335839599,125.4282581453634,12,12,1.0190811756717175,0.11788430714419466,14.079253238210317,-0.09646634196818057,1.0091408583843715,152.4718093244533,-4.4554918954204806e-05,-4.399800903429985e-06,1.0,1.0,0.0,385.8660347352279,0.0,1.0,110.28903000169444,0.0,0.0,1.0
frame_0544.jpg,frame_0544,544,D:\visualization2026\visualization\left_downsample2_Q44\frame_0544.jpg,D:\visualization2026\visualization\right_downsample2_Q44\frame_0544.jpg,D:\visualization2026\dowsample2_Q44\stitched_frames\frame_0544.jpg,D:\visualization2026\dowsample2_Q44_hess_matched\stitched_frames\frame_0544.jpg,2000,1373,-0.036420479554014396,-0.005019224587635485,262.3685827160322,-30.794477644132588,116.95490513369441,-9.792105522179895,145.4136775823378,-21.002372121952693,146.92255532343924,19.23210994450997,-4.110536302387496,19.66648320394281,1,0,9.616054972254984,-2.055268151193748,-9.616054972254984,2.055268151193748,0,0,146.92255532343924,1466.2048564292331,967.2125701061077,1349.2499512955387,977.0046756282876,12,12,1.0192824707986432,0.11790418504998129,9.561342945693196,-0.09647675720848423,1.0091398298787706,152.70557117495397,-4.4554918954204806e-05,-4.399800903429985e-06,1.0,1.0,0.0,390.383945027745,0.0,1.0,110.05526815119374,0.0,0.0,1.0
frame_0546.jpg,frame_0546,546,D:\visualization2026\visualization\left_downsample2_Q44\frame_0546.jpg,D:\visualization2026\visualization\right_downsample2_Q44\frame_0546.jpg,D:\visualization2026\dowsample2_Q44\stitched_frames\frame_0546.jpg,D:\visualization2026\dowsample2_Q44_hess_matched\stitched_frames\frame_0546.jpg,2000,1373,-0.03647679381729374,-0.0050647191652996165,263.1407842976841,-30.92876874086245,117.77433084143786,-10.999617794171513,145.36645345624623,-19.929150946690935,146.72619686989435,11.823039381364298,-4.536103087181359,12.663352298298713,1,0,5.911519690682149,-2.2680515435906794,-5.911519690682149,2.2680515435906794,0,0,146.72619686989435,1471.3412637184106,965.6993744096695,1353.5669328769727,976.698992203841,12,12,1.0194475260678766,0.11792048426765994,5.856807664120361,-0.09646727666168117,1.0091407660833327,152.49278778255706,-4.4554918954204806e-05,-4.399800903429985e-06,1.0,1.0,0.0,394.08848030931784,0.0,1.0,110.26805154359067,0.0,0.0,1.0
frame_0548.jpg,frame_0548,548,D:\visualization2026\visualization\left_downsample2_Q44\frame_0548.jpg,D:\visualization2026\visualization\right_downsample2_Q44\frame_0548.jpg,D:\visualization2026\dowsample2_Q44\stitched_frames\frame_0548.jpg,D:\visualization2026\dowsample2_Q44_hess_matched\stitched_frames\frame_0548.jpg,2000,1373,-0.03655368538406156,-0.005045829784758482,263.4082933144404,-30.926051922795182,103.38384565197862,-10.916442164587579,160.0244476624618,-20.009609758207603,161.2706059154976,6.040718840107196,-5.854760357770479,8.412401735066315,1,0,3.020359420053598,-2.9273801788852394,-3.020359420053598,2.9273801788852394,0,0,161.2706059154976,1454.4383255304904,968.3937324747442,1351.0544798785118,979.3101746393318,12,12,1.0195763414794181,0.11793320479723061,2.9656473934918104,-0.09643790032777144,1.0091436669980578,151.8334591472625,-4.4554918954204806e-05,-4.399800903429985e-06,1.0,1.0,0.0,396.9796405799464,0.0,1.0,110.92738017888524,0.0,0.0,1.0
frame_0550.jpg,frame_0550,550,D:\visualization2026\visualization\left_downsample2_Q44\frame_0550.jpg,D:\visualization2026\visualization\right_downsample2_Q44\frame_0550.jpg,D:\visualization2026\dowsample2_Q44\stitched_frames\frame_0550.jpg,D:\visualization2026\dowsample2_Q44_hess_matched\stitched_frames\frame_0550.jpg,1979,1365,-0.03667263823161804,-0.004816859157438819,261.8819107069539,-30.46301885484437,124.52493769356897,-14.66787715897965,137.3569730133849,-15.795141695864721,138.26215872968348,0.25839829885009635,-7.1734176283596,7.178070085455344,1,0,0.12919914942504818,-3.5867088141798,-0.12919914942504818,3.5867088141798,0,0,138.26215872968348,1454.2591581907504,970.6939193478127,1329.7342204971815,985.3617965067923,12,12,1.012457246980476,0.11568637315760127,-0.3796980940383179,-0.09612397013573595,1.0070998372177007,150.11273429627738,-5.041839034062629e-05,-1.8113833964117205e-06,1.0,1.0,0.0,378.87080085057494,0.0,1.0,117.5867088141798,0.0,0.0,1.0
frame_0552.jpg,frame_0552,552,D:\visualization2026\visualization\left_downsample2_Q44\frame_0552.jpg,D:\visualization2026\visualization\right_downsample2_Q44\frame_0552.jpg,D:\visualization2026\dowsample2_Q44\stitched_frames\frame_0552.jpg,D:\visualization2026\dowsample2_Q44_hess_matched\stitched_frames\frame_0552.jpg,1979,1365,-0.036763582676253015,-0.004659739979605643,260.8891697395735,-30.150216049465133,128.04538984026453,-16.839079983110878,132.84377989930897,-13.311136066354255,133.50901168577738,-5.523922242407004,-8.49207489894872,10.130599835622457,1,0,-2.761961121203502,-4.24603744947436,2.761961121203502,4.24603744947436,0,0,133.50901168577738,1459.6233947064445,970.4225258563051,1331.57800486618,987.261605839416,12,12,1.0126030146275378,0.11569161015731184,-3.270858364666868,-0.09609072784723892,1.0071010315146436,149.4534056609828,-5.041839034062629e-05,-1.8113833964117205e-06,1.0,1.0,0.0,381.7619611212035,0.0,1.0,118.24603744947436,0.0,0.0,1.0
frame_0554.jpg,frame_0554,554,D:\visualization2026\visualization\left_downsample2_Q44\frame_0554.jpg,D:\visualization2026\visualization\right_downsample2_Q44\frame_0554.jpg,D:\visualization2026\dowsample2_Q44\stitched_frames\frame_0554.jpg,D:\visualization2026\dowsample2_Q44_hess_matched\stitched_frames\frame_0554.jpg,1979,1365,-0.036726518436024924,-0.004753296336650836,261.5805238890448,-30.34551315495184,127.53374729805432,-17.347030912200694,134.04677659099048,-12.998482242751145,134.67553176078434,-11.306242783664104,-9.810732169537841,14.969355082486395,1,0,-5.653121391832052,-4.905366084768921,5.653121391832052,4.905366084768921,0,0,134.67553176078434,1459.752301709522,969.8243803536988,1332.2185544114677,987.1714112658995,12,12,1.0127487822745997,0.11569684715702243,-6.162018635295418,-0.09605748555874188,1.0071022258115863,148.79407702568824,-5.041839034062629e-05,-1.8113833964117205e-06,1.0,1.0,0.0,384.65312139183203,0.0,1.0,118.90536608476891,0.0,0.0,1.0
frame_0556.jpg,frame_0556,556,D:\visualization2026\visualization\left_downsample2_Q44\frame_0556.jpg,D:\visualization2026\visualization\right_downsample2_Q44\frame_0556.jpg,D:\visualization2026\dowsample2_Q44\stitched_frames\frame_0556.jpg,D:\visualization2026\dowsample2_Q44_hess_matched\stitched_frames\frame_0556.jpg,1979,1365,-0.036540274715365584,-0.005095930874436702,263.8162855489409,-31.034042399632813,128.8404377604843,-16.614582072646726,134.97584778845663,-14.419460326986087,135.74387766059337,-15.934511040158217,-10.966810872323004,19.34372205130714,1,0,-7.967255520079108,-5.483405436161502,7.967255520079108,5.483405436161502,0,0,135.74387766059337,1465.2868048926437,969.6921372149468,1336.4463671321594,986.3067192875935,12,12,1.0128654571923783,0.1157010389411594,-8.476152763542474,-0.09602834174509113,1.0071032728624698,148.21603767429568,-5.041839034062629e-05,-1.8113833964117205e-06,1.0,1.0,0.0,386.9672555200791,0.0,1.0,119.4834054361615,0.0,0.0,1.0
frame_0558.jpg,frame_0558,558,D:\visualization2026\visualization\left_downsample2_Q44\frame_0558.jpg,D:\visualization2026\visualization\right_downsample2_Q44\frame_0558.jpg,D:\visualization2026\dowsample2_Q44\stitched_frames\frame_0558.jpg,D:\visualization2026\dowsample2_Q44_hess_matched\stitched_frames\frame_0558.jpg,1979,1365,-0.03639368722100944,-0.005393577286800538,265.8476556471053,-31.64020880358441,288.7185395132836,-19.19216209286833,-22.870883866178303,-12.448046710716081,26.03903215813492,-19.40872701188934,-11.960311007304208,22.797976305222466,0,1,-9.70436350594467,-5.980155503652104,9.70436350594467,5.980155503652104,5,6,26.03903215813492,677.0968166668416,1201.9969764839107,388.37827715355803,1221.189138576779,12,12,1.0129530393808734,0.11570418550972278,-10.213260749408036,-0.09600329640628666,1.0071041726672942,147.71928760680507,-5.041839034062629e-05,-1.8113833964117205e-06,1.0,1.0,0.0,388.7043635059447,0.0,1.0,119.9801555036521,0.0,0.0,1.0
frame_0560.jpg,frame_0560,560,D:\visualization2026\visualization\left_downsample2_Q44\frame_0560.jpg,D:\visualization2026\visualization\right_downsample2_Q44\frame_0560.jpg,D:\visualization2026\dowsample2_Q44\stitched_frames\frame_0560.jpg,D:\visualization2026\dowsample2_Q44_hess_matched\stitched_frames\frame_0560.jpg,1979,1365,-0.036400930696309786,-0.005419430665748626,266.1412631893903,-31.703426599842565,121.65320457665007,-13.143440241731696,144.48805861274025,-18.55998635811087,145.67522842024968,-21.72889069885747,-12.791232574481453,25.214288048195414,1,0,-10.864445349428735,-6.395616287240727,10.864445349428735,6.395616287240727,0,0,145.67522842024968,1465.8352979177944,972.1795435504963,1344.1820933411443,985.322983792228,12,12,1.0130115288400852,0.11570628686271255,-11.3733425928921,-0.09598234954232847,1.0071049252260595,147.30382682321644,-5.041839034062629e-05,-1.8113833964117205e-06,1.0,1.0,0.0,389.8644453494287,0.0,1.0,120.39561628724073,0.0,0.0,1.0
frame_0562.jpg,frame_0562,562,D:\visualization2026\visualization\left_downsample2_Q44\frame_0562.jpg,D:\visualization2026\visualization\right_downsample2_Q44\frame_0562.jpg,D:\visualization2026\dowsample2_Q44\stitched_frames\frame_0562.jpg,D:\visualization2026\dowsample2_Q44_hess_matched\stitched_frames\frame_0562.jpg,1979,1365,-0.03641466062486898,-0.005331477145944591,265.36746981278395,-31.508656432626612,124.0219079618289,-12.906599393870124,141.34556185095505,-18.602057038756488,142.56438679079466,-22.895002101062616,-13.45957557385474,26.55826228946406,1,0,-11.447501050531308,-6.72978778692737,11.447501050531308,6.72978778692737,0,0,142.56438679079466,1470.800790676073,971.2637233125741,1346.778882714244,984.1703227064443,12,12,1.0130409255700137,0.1157073430001287,-11.956398293994674,-0.09596550115321656,1.0071055305387655,146.9696553235298,-5.041839034062629e-05,-1.8113833964117205e-06,1.0,1.0,0.0,390.4475010505313,0.0,1.0,120.72978778692737,0.0,0.0,1.0
frame_0564.jpg,frame_0564,564,D:\visualization2026\visualization\left_downsample2_Q44\frame_0564.jpg,D:\visualization2026\visualization\right_downsample2_Q44\frame_0564.jpg,D:\visualization2026\dowsample2_Q44\stitched_frames\frame_0564.jpg,D:\visualization2026\dowsample2_Q44_hess_matched\stitched_frames\frame_0564.jpg,1979,1365,-0.03644227147707868,-0.005285916420151429,265.08686728619244,-31.41860673879218,126.34144313004117,-12.659327432084297,138.74542415615127,-18.759279306707885,140.007868651649,-22.907061218504772,-13.96534000542407,26.828421033214443,1,0,-11.453530609252386,-6.982670002712035,11.453530609252386,6.982670002712035,0,0,140.007868651649,1475.7939346187445,971.1380521201698,1349.4524914887033,983.7973795522541,12,12,1.013041229570659,0.11570735392197126,-11.962427852715752,-0.09595275123895092,1.0071059886054126,146.71677310774513,-5.041839034062629e-05,-1.8113833964117205e-06,1.0,1.0,0.0,390.45353060925237,0.0,1.0,120.98267000271204,0.0,0.0,1.0
frame_0566.jpg,frame_0566,566,D:\visualization2026\visualization\left_downsample2_Q44\frame_0566.jpg,D:\visualization2026\visualization\right_downsample2_Q44\frame_0566.jpg,D:\visualization2026\dowsample2_Q44\stitched_frames\frame_0566.jpg,D:\visualization2026\dowsample2_Q44_hess_matched\stitched_frames\frame_0566.jpg,1979,1365,-0.036524148814372825,-0.0053727635650574895,266.41067434060125,-31.661408300448528,86.14125316427067,-12.609570536056367,180.26942117633058,-19.05183776439216,181.27337568835082,-22.919120335946925,-14.471104436993398,27.10533048313534,1,0,-11.459560167973462,-7.235552218496699,11.459560167973462,7.235552218496699,0,0,181.27337568835082,1428.5680273887976,970.2922829163588,1342.426774224527,982.9018534524151,12,12,1.013041533571304,0.11570736484381382,-11.968457411436829,-0.09594000132468529,1.0071064466720594,146.46389089196046,-5.041839034062629e-05,-1.8113833964117205e-06,1.0,1.0,0.0,390.45956016797345,0.0,1.0,121.2355522184967,0.0,0.0,1.0
frame_0568.jpg,frame_0568,568,D:\visualization2026\visualization\left_downsample2_Q44\frame_0568.jpg,D:\visualization2026\visualization\right_downsample2_Q44\frame_0568.jpg,D:\visualization2026\dowsample2_Q44\stitched_frames\frame_0568.jpg,D:\visualization2026\dowsample2_Q44_hess_matched\stitched_frames\frame_0568.jpg,1979,1365,-0.03666417035491587,-0.005463224826285279,268.11061669388715,-31.94326781246205,90.5334415831228,-12.74439511548178,177.57717511076436,-19.19887269698027,178.6120092075388,-22.93117945338908,-14.976868868562729,27.388785884548753,1,0,-11.46558972669454,-7.4884344342813645,11.46558972669454,7.4884344342813645,0,0,178.6120092075388,1432.8533500954536,969.7324346378992,1342.3199085123308,982.476829753381,12,12,1.0130418375719492,0.11570737576565637,-11.974486970157907,-0.09592725141041965,1.0071069047387065,146.2110086761758,-5.041839034062629e-05,-1.8113833964117205e-06,1.0,1.0,0.0,390.46558972669453,0.0,1.0,121.48843443428136,0.0,0.0,1.0
frame_0570.jpg,frame_0570,570,D:\visualization2026\visualization\left_downsample2_Q44\frame_0570.jpg,D:\visualization2026\visualization\right_downsample2_Q44\frame_0570.jpg,D:\visualization2026\dowsample2_Q44\stitched_frames\frame_0570.jpg,D:\visualization2026\dowsample2_Q44_hess_matched\stitched_frames\frame_0570.jpg,1979,1365,-0.03676938224249682,-0.005595279277043466,270.01040078048544,-32.30225552160522,88.89556160870666,-12.214903624553472,181.11483917177878,-20.087351897051747,182.22537330035925,-22.943238570831237,-15.482633300132061,27.67858612762647,1,0,-11.471619285415619,-7.741316650066031,11.471619285415619,7.741316650066031,0,0,182.22537330035925,1436.1527099487564,969.110465786308,1347.2571483400498,981.3253694108615,12,12,1.0130421415725945,0.11570738668749893,-11.980516528878985,-0.09591450149615402,1.0071073628053533,145.95812646039113,-5.041839034062629e-05,-1.8113833964117205e-06,1.0,1.0,0.0,390.4716192854156,0.0,1.0,121.74131665006603,0.0,0.0,1.0
frame_0572.jpg,frame_0572,572,D:\visualization2026\visualization\left_downsample2_Q44\frame_0572.jpg,D:\visualization2026\visualization\right_downsample2_Q44\frame_0572.jpg,D:\visualization2026\dowsample2_Q44\stitched_frames\frame_0572.jpg,D:\visualization2026\dowsample2_Q44_hess_matched\stitched_frames\frame_0572.jpg,1979,1365,-0.03671856884926028,-0.00568596084020731,270.5931888822253,-32.48367630475157,87.69870019564473,-12.564607790516334,182.8944886865806,-19.919068514235235,183.9759856133418,-22.95529768827339,-15.98839773170139,27.974534026223274,1,0,-11.477648844136695,-7.994198865850695,11.477648844136695,7.994198865850695,0,0,183.9759856133418,1439.474131274106,968.7742351846903,1351.7754310784612,981.3388429752066,12,12,1.0130424455732396,0.11570739760934148,-11.986546087600061,-0.09590175158188839,1.0071078208720001,145.70524424460646,-5.041839034062629e-05,-1.8113833964117205e-06,1.0,1.0,0.0,390.4776488441367,0.0,1.0,121.99419886585069,0.0,0.0,1.0
frame_0574.jpg,frame_0574,574,D:\visualization2026\visualization\left_downsample2_Q44\frame_0574.jpg,D:\visualization2026\visualization\right_downsample2_Q44\frame_0574.jpg,D:\visualization2026\dowsample2_Q44\stitched_frames\frame_0574.jpg,D:\visualization2026\dowsample2_Q44_hess_matched\stitched_frames\frame_0574.jpg,1979,1365,-0.036427239352631924,-0.0052412653413431015,264.5649888611781,-31.30808995008984,86.62470043828898,-11.249249604713668,177.94028842288913,-20.058840345376172,179.06731505225142,-22.967356805715546,-16.49416216327072,28.27643655253115,1,0,-11.483678402857773,-8.24708108163536,11.483678402857773,8.24708108163536,0,0,179.06731505225142,1442.8448397540028,968.5055137634486,1356.2201393157138,979.7547633681622,12,12,1.0130427495738847,0.11570740853118404,-11.99257564632114,-0.09588900166762275,1.0071082789386472,145.4523620288218,-5.041839034062629e-05,-1.8113833964117205e-06,1.0,1.0,0.0,390.4836784028578,0.0,1.0,122.24708108163536,0.0,0.0,1.0
frame_0576.jpg,frame_0576,576,D:\visualization2026\visualization\left_downsample2_Q44\frame_0576.jpg,D:\visualization2026\visualization\right_downsample2_Q44\frame_0576.jpg,D:\visualization2026\dowsample2_Q44\stitched_frames\frame_0576.jpg,D:\visualization2026\dowsample2_Q44_hess_matched\stitched_frames\frame_0576.jpg,1979,1365,-0.03614334066992597,-0.0050971739478217065,261.5002435270898,-30.826934049413733,86.2207811316157,-11.14310850344259,175.27946239547413,-19.683825545971143,176.38124312344172,-22.979415923157703,-16.999926594840048,28.58410503058341,1,0,-11.489707961578851,-8.499963297420024,11.489707961578851,8.499963297420024,0,0,176.38124312344172,1447.6485133305418,968.0326232903383,1361.4277321989262,979.1757317937809,12,12,1.01304305357453,0.1157074194530266,-11.998605205042217,-0.09587625175335712,1.007108737005294,145.19947981303716,-5.041839034062629e-05,-1.8113833964117205e-06,1.0,1.0,0.0,390.48970796157886,0.0,1.0,122.49996329742002,0.0,0.0,1.0
frame_0578.jpg,frame_0578,578,D:\visualization2026\visualization\left_downsample2_Q44\frame_0578.jpg,D:\visualization2026\visualization\right_downsample2_Q44\frame_0578.jpg,D:\visualization2026\dowsample2_Q44\stitched_frames\frame_0578.jpg,D:\visualization2026\dowsample2_Q44_hess_matched\stitched_frames\frame_0578.jpg,1979,1365,-0.03614198855598405,-0.0060992067188051224,271.2254021849988,-33.1279287473411,87.06558075748694,-12.233478738804138,184.15982142751187,-20.894450008536964,185.34135498957676,-22.99147504059986,-17.50569102640938,28.89735529169817,1,0,-11.49573752029993,-8.75284551320469,11.49573752029993,8.75284551320469,0,0,185.34135498957676,1457.6231493150556,967.0953995900741,1370.5575685575686,979.3288783288782,12,12,1.0130433575751752,0.11570743037486915,-12.004634763763296,-0.09586350183909148,1.0071091950719409,144.9465975972525,-5.041839034062629e-05,-1.8113833964117205e-06,1.0,1.0,0.0,390.49573752029994,0.0,1.0,122.75284551320469,0.0,0.0,1.0
frame_0580.jpg,frame_0580,580,D:\visualization2026\visualization\left_downsample2_Q44\frame_0580.jpg,D:\visualization2026\visualization\right_downsample2_Q44\frame_0580.jpg,D:\visualization2026\dowsample2_Q44\stitched_frames\frame_0580.jpg,D:\visualization2026\dowsample2_Q44_hess_matched\stitched_frames\frame_0580.jpg,1979,1365,-0.03644089884702639,-0.007242843637065108,284.0871239796053,-35.91302185712247,91.50613739691448,-10.449110438183538,192.5809865826908,-25.463911418938935,194.25716763587928,-23.003534158042015,-18.011455457978705,29.21600779495646,1,0,-11.501767079021008,-9.005727728989353,11.501767079021008,9.005727728989353,0,0,194.25716763587928,1458.948270567099,964.8116216919275,1367.4421331701844,975.260732130111,12,12,1.0130436615758205,0.1157074412967117,-12.010664322484374,-0.09585075192482585,1.007109653138588,144.69371538146783,-5.041839034062629e-05,-1.8113833964117205e-06,1.0,1.0,0.0,390.501767079021,0.0,1.0,123.00572772898936,0.0,0.0,1.0
frame_0582.jpg,frame_0582,582,D:\visualization2026\visualization\left_downsample2_Q44\frame_0582.jpg,D:\visualization2026\visualization\right_downsample2_Q44\frame_0582.jpg,D:\visualization2026\dowsample2_Q44\stitched_frames\frame_0582.jpg,D:\visualization2026\dowsample2_Q44_hess_matched\stitched_frames\frame_0582.jpg,1979,1365,-0.03678790363686746,-0.00791276378891051,292.6295579379868,-37.635408589310025,92.50390713635625,-10.160362625997777,200.12565080163057,-27.475045963312247,202.00285705767206,-23.015593275484168,-18.517219889548038,29.539887715771457,1,0,-11.507796637742084,-9.258609944774019,11.507796637742084,9.258609944774019,0,0,202.00285705767206,1459.7982387519974,959.9309781843486,1367.294331615641,970.0913408103464,12,12,1.0130439655764656,0.11570745221855426,-12.01669388120545,-0.09583800201056022,1.0071101112052347,144.44083316568316,-5.041839034062629e-05,-1.8113833964117205e-06,1.0,1.0,0.0,390.5077966377421,0.0,1.0,123.25860994477402,0.0,0.0,1.0
frame_0584.jpg,frame_0584,584,D:\visualization2026\visualization\left_downsample2_Q44\frame_0584.jpg,D:\visualization2026\visualization\right_downsample2_Q44\frame_0584.jpg,D:\visualization2026\dowsample2_Q44\stitched_frames\frame_0584.jpg,D:\visualization2026\dowsample2_Q44_hess_matched\stitched_frames\frame_0584.jpg,1979,1365,-0.03688895419159699,-0.007813972849780193,292.2626540630786,-37.4619338803941,406.9196836551407,35.07776869803274,-114.65702959206209,-72.53970257842684,135.67697993779794,-22.04401103250858,-21.70588144951577,30.936769577669104,1,0,-11.02200551625429,-10.852940724757884,11.02200551625429,10.852940724757884,7,0,135.67697993779794,1768.8972049188103,1002.6994778920383,1361.9775212636696,967.6217091940056,12,12,1.0130194727700783,0.11570657226458267,-11.530902759717655,-0.09575761841896292,1.007112999149538,142.8465023856993,-5.041839034062629e-05,-1.8113833964117205e-06,1.0,1.0,0.0,390.0220055162543,0.0,1.0,124.85294072475789,0.0,0.0,1.0
frame_0586.jpg,frame_0586,586,D:\visualization2026\visualization\left_downsample2_Q44\frame_0586.jpg,D:\visualization2026\visualization\right_downsample2_Q44\frame_0586.jpg,D:\visualization2026\dowsample2_Q44\stitched_frames\frame_0586.jpg,D:\visualization2026\dowsample2_Q44_hess_matched\stitched_frames\frame_0586.jpg,1979,1365,-0.03640276428866063,-0.0072729715170585935,284.1560978226136,-35.96205501862444,307.1958093329821,-16.433306265937745,-23.039711510368477,-19.528748752686695,30.20265442517541,-20.088787429115243,-27.5774401378819,34.118537262471236,0,1,-10.044393714557621,-13.78872006894095,10.044393714557621,13.78872006894095,4,4,30.20265442517541,886.9045471970597,1177.5807174665326,579.7087378640776,1194.0140237324704,12,12,1.0129701831566589,0.11570480143479694,-10.553290958020987,-0.09560960115003395,1.0071183169714977,139.9107230415162,-5.041839034062629e-05,-1.8113833964117205e-06,1.0,1.0,0.0,389.0443937145576,0.0,1.0,127.78872006894095,0.0,0.0,1.0
frame_0588.jpg,frame_0588,588,D:\visualization2026\visualization\left_downsample2_Q44\frame_0588.jpg,D:\visualization2026\visualization\right_downsample2_Q44\frame_0588.jpg,D:\visualization2026\dowsample2_Q44\stitched_frames\frame_0588.jpg,D:\visualization2026\dowsample2_Q44_hess_matched\stitched_frames\frame_0588.jpg,1979,1365,-0.03574413153992162,-0.006568736685986051,273.4525784661593,-33.996006167774,108.84577739490032,-14.471106346295414,164.60680107125899,-19.524899821478584,165.76073320286625,-17.149922465304165,-36.13189595464643,39.995421561015455,1,0,-8.574961232652083,-18.065947977323216,8.574961232652083,18.065947977323216,0,0,165.76073320286625,1459.7765990211242,948.2497323084513,1350.9308216262239,962.7208386547467,12,12,1.0128960967362068,0.11570213972919707,-9.083858476115449,-0.09539395020377331,1.0071260646711135,135.63349513313395,-5.041839034062629e-05,-1.8113833964117205e-06,1.0,1.0,0.0,387.5749612326521,0.0,1.0,132.06594797732322,0.0,0.0,1.0
frame_0590.jpg,frame_0590,590,D:\visualization2026\visualization\left_downsample2_Q44\frame_0590.jpg,D:\visualization2026\visualization\right_downsample2_Q44\frame_0590.jpg,D:\visualization2026\dowsample2_Q44\stitched_frames\frame_0590.jpg,D:\visualization2026\dowsample2_Q44_hess_matched\stitched_frames\frame_0590.jpg,1979,1365,-0.03546218044405458,-0.005906124050901115,265.3626809494182,-32.32481614701091,110.34409678804218,-19.330927462863542,155.018584161376,-12.993888684147365,155.562214494824,-13.22741614107534,-47.36924889980936,49.181401760231175,1,0,-6.61370807053767,-23.68462444990468,6.61370807053767,23.68462444990468,0,0,155.562214494824,1459.4824862399325,939.9747279800916,1349.1383894518904,959.3056554429552,12,12,1.0127972135087226,0.11569858714778306,-7.122605314001036,-0.095110665580181,1.0071362422483858,130.0148186605525,-5.041839034062629e-05,-1.8113833964117205e-06,1.0,1.0,0.0,385.61370807053765,0.0,1.0,137.68462444990467,0.0,0.0,1.0
frame_0592.jpg,frame_0592,592,D:\visualization2026\visualization\left_downsample2_Q44\frame_0592.jpg,D:\visualization2026\visualization\right_downsample2_Q44\frame_0592.jpg,D:\visualization2026\dowsample2_Q44\stitched_frames\frame_0592.jpg,D:\visualization2026\dowsample2_Q44_hess_matched\stitched_frames\frame_0592.jpg,1979,1365,-0.03551521050584594,-0.005926395026413095,265.87061434840047,-32.39943038283936,118.29485344300065,-17.187415313423458,147.57576090539982,-15.212015069415905,148.3577116609712,-5.48572490654106,-57.306642751176256,57.568606732846916,1,0,-2.74286245327053,-28.653321375588128,2.74286245327053,28.653321375588128,0,0,148.3577116609712,1459.260503090157,939.2946311788969,1340.9656496471564,956.4820464923204,12,12,1.012602051703443,0.11569157556230186,-3.251759696733896,-0.09486015187909763,1.0071452424634988,125.04612173486905,-5.041839034062629e-05,-1.8113833964117205e-06,1.0,1.0,0.0,381.7428624532705,0.0,1.0,142.65332137558812,0.0,0.0,1.0
frame_0594.jpg,frame_0594,594,D:\visualization2026\visualization\left_downsample2_Q44\frame_0594.jpg,D:\visualization2026\visualization\right_downsample2_Q44\frame_0594.jpg,D:\visualization2026\dowsample2_Q44\stitched_frames\frame_0594.jpg,D:\visualization2026\dowsample2_Q44_hess_matched\stitched_frames\frame_0594.jpg,1979,1365,-0.03566874366611683,-0.0063134262159100785,270.5304914695265,-33.369670206608085,273.9456122413087,41.84007884032394,-3.415120771782199,-75.20974904693202,75.28724594237958,5.091509877880927,-63.261180380348726,63.465742065712725,0,1,2.5457549389404637,-31.630590190174363,-2.5457549389404637,31.630590190174363,3,5,75.28724594237958,663.1018622413087,1294.8921621736572,389.15625,1253.0520833333333,12,12,1.0123354081274003,0.11568199584856764,2.0368576954770976,-0.09471004277785484,1.0071506354387962,122.06885292028281,-5.041839034062629e-05,-1.8113833964117205e-06,1.0,1.0,0.0,376.4542450610595,0.0,1.0,145.63059019017436,0.0,0.0,1.0
frame_0596.jpg,frame_0596,596,D:\visualization2026\visualization\left_downsample2_Q44\frame_0596.jpg,D:\visualization2026\visualization\right_downsample2_Q44\frame_0596.jpg,D:\visualization2026\dowsample2_Q44\stitched_frames\frame_0596.jpg,D:\visualization2026\dowsample2_Q44_hess_matched\stitched_frames\frame_0596.jpg,1979,1365,-0.035782184766252945,-0.0064441828069833895,272.4659353668083,-33.73002963494124,118.67359672396447,-26.368877489609645,153.79233864284384,-7.3611521453315945,153.96840580502834,15.488064142420232,-65.09519994910235,66.91236946404857,1,0,7.744032071210116,-32.547599974551176,-7.744032071210116,32.547599974551176,0,0,153.96840580502834,1459.4624928560809,926.2870329840973,1340.7888961321164,952.655910473707,12,12,1.0120733193618467,0.1156725797756803,7.23513482774675,-0.09466380862059996,1.0071522964950939,121.15184313590599,-5.041839034062629e-05,-1.8113833964117205e-06,1.0,1.0,0.0,371.25596792878986,0.0,1.0,146.5475999745512,0.0,0.0,1.0
frame_0598.jpg,frame_0598,598,D:\visualization2026\visualization\left_downsample2_Q44\frame_0598.jpg,D:\visualization2026\visualization\right_downsample2_Q44\frame_0598.jpg,D:\visualization2026\dowsample2_Q44\stitched_frames\frame_0598.jpg,D:\visualization2026\dowsample2_Q44_hess_matched\stitched_frames\frame_0598.jpg,1979,1365,-0.03582214381875104,-0.006338212983629396,271.67098373760695,-33.507749544747455,236.91837364121892,29.713937427362907,34.752610096388025,-63.22168697211036,72.14378429297344,25.703937887076854,-62.80870145743715,67.8647581714705,0,1,12.851968943538427,-31.404350728718576,-12.851968943538427,31.404350728718576,5,4,72.14378429297344,664.4192153920607,1273.5674727808982,427.50084175084174,1243.8535353535353,12,12,1.0118157854067824,0.11566332734363985,12.343071700075061,-0.09472144940733297,1.007150225632392,122.29509238173858,-5.041839034062629e-05,-1.8113833964117205e-06,1.0,1.0,0.0,366.14803105646155,0.0,1.0,145.40435072871858,0.0,0.0,1.0
frame_0600.jpg,frame_0600,600,D:\visualization2026\visualization\left_downsample2_Q44\frame_0600.jpg,D:\visualization2026\visualization\right_downsample2_Q44\frame_0600.jpg,D:\visualization2026\dowsample2_Q44\stitched_frames\frame_0600.jpg,D:\visualization2026\dowsample2_Q44_hess_matched\stitched_frames\frame_0600.jpg,1979,1365,-0.03584164733653494,-0.006190398954400253,270.3496081625755,-33.1785313791324,133.52161239227962,-28.323581802335866,136.8279957702959,-4.854949576796535,136.91410066866504,35.7391311118508,-56.4016849053531,66.77151752650825,1,0,17.8695655559254,-28.20084245267655,-17.8695655559254,28.20084245267655,0,0,136.91410066866504,1459.4176438780128,914.8272873350862,1325.8960314857331,943.1508691374221,12,12,1.0115628062622073,0.11565423855244628,17.360668312462035,-0.09488296513805389,1.0071444228506905,125.49860065778061,-5.041839034062629e-05,-1.8113833964117205e-06,1.0,1.0,0.0,361.1304344440746,0.0,1.0,142.20084245267654,0.0,0.0,1.0
frame_0602.jpg,frame_0602,602,D:\visualization2026\visualization\left_downsample2_Q44\frame_0602.jpg,D:\visualization2026\visualization\right_downsample2_Q44\frame_0602.jpg,D:\visualization2026\dowsample2_Q44\stitched_frames\frame_0602.jpg,D:\visualization2026\dowsample2_Q44_hess_matched\stitched_frames\frame_0602.jpg,1979,1365,-0.03588388067399917,-0.006038337623891707,269.12029310683494,-32.851580241953,133.35570913499396,-23.196978414591968,135.76458397184098,-9.654601827361034,136.10743402728573,42.758100266854356,-49.857006515044645,65.68086659805559,1,0,21.379050133427178,-24.928503257522323,-21.379050133427178,24.928503257522323,0,0,136.10743402728573,1459.2237988996353,915.0119980495568,1325.8680897646414,938.2089764641488,12,12,1.0113858636988844,0.11564788153035263,20.870152889963812,-0.0950479512129221,1.007138495389805,128.77093985293484,-5.041839034062629e-05,-1.8113833964117205e-06,1.0,1.0,0.0,357.6209498665728,0.0,1.0,138.92850325752232,0.0,0.0,1.0
frame_0604.jpg,frame_0604,604,D:\visualization2026\visualization\left_downsample2_Q44\frame_0604.jpg,D:\visualization2026\visualization\right_downsample2_Q44\frame_0604.jpg,D:\visualization2026\dowsample2_Q44\stitched_frames\frame_0604.jpg,D:\visualization2026\dowsample2_Q44_hess_matched\stitched_frames\frame_0604.jpg,1979,1365,-0.03600295877956783,-0.005996333594693787,269.410716078222,-32.818083290179885,133.0244690024283,-22.458575675447833,136.38624707579368,-10.359507614732053,136.77912044401782,46.760845352087514,-43.174666286511794,63.64454781828136,1,0,23.380422676043757,-21.587333143255897,-23.380422676043757,21.587333143255897,0,0,136.77912044401782,1458.7707006992414,906.6648093374721,1325.746231696813,929.1233850129199,12,12,1.0112849577168137,0.1156442562773589,22.87152543258039,-0.09521640763193763,1.0071324432497355,132.11210996720126,-5.041839034062629e-05,-1.8113833964117205e-06,1.0,1.0,0.0,355.61957732395626,0.0,1.0,135.5873331432559,0.0,0.0,1.0
frame_0606.jpg,frame_0606,606,D:\visualization2026\visualization\left_downsample2_Q44\frame_0606.jpg,D:\visualization2026\visualization\right_downsample2_Q44\frame_0606.jpg,D:\visualization2026\dowsample2_Q44\stitched_frames\frame_0606.jpg,D:\visualization2026\dowsample2_Q44_hess_matched\stitched_frames\frame_0606.jpg,1979,1365,-0.036133378775961345,-0.006054699934108232,270.74259397798374,-33.02114059576344,261.90560842107595,87.17681171495519,8.836985556907791,-120.19795231071863,120.52236329172602,50.76359043732068,-36.492326057978936,62.519052897575826,1,0,25.38179521866034,-18.246163028989468,-25.38179521866034,18.246163028989468,4,1,120.52236329172602,662.9141778509465,1343.017140501244,401.0085694298706,1255.8403287862889,12,12,1.011184051734743,0.11564063102436517,24.872897975196974,-0.09538486405095314,1.007126391109666,135.4532800814677,-5.041839034062629e-05,-1.8113833964117205e-06,1.0,1.0,0.0,353.61820478133967,0.0,1.0,132.24616302898946,0.0,0.0,1.0
frame_0608.jpg,frame_0608,608,D:\visualization2026\visualization\left_downsample2_Q44\frame_0608.jpg,D:\visualization2026\visualization\right_downsample2_Q44\frame_0608.jpg,D:\visualization2026\dowsample2_Q44\stitched_frames\frame_0608.jpg,D:\visualization2026\dowsample2_Q44_hess_matched\stitched_frames\frame_0608.jpg,1979,1365,-0.03616197927175213,-0.006129107825810429,271.6330924232811,-33.20718716785289,102.75812401677786,-17.1827099542694,168.87496840650323,-16.024477213583488,169.6335427451367,54.766335522553845,-29.809985829446074,62.35372291788774,1,0,27.383167761276923,-14.904992914723037,-27.383167761276923,14.904992914723037,0,0,169.6335427451367,1427.8193462754418,906.3582324312121,1325.061222258664,923.5409423854815,12,12,1.0110831457526723,0.11563700577137144,26.874270517813557,-0.09555332046996866,1.0071203389695964,138.79445019573413,-5.041839034062629e-05,-1.8113833964117205e-06,1.0,1.0,0.0,351.6168322387231,0.0,1.0,128.90499291472304,0.0,0.0,1.0
frame_0610.jpg,frame_0610,610,D:\visualization2026\visualization\left_downsample2_Q44\frame_0610.jpg,D:\visualization2026\visualization\right_downsample2_Q44\frame_0610.jpg,D:\visualization2026\dowsample2_Q44\stitched_frames\frame_0610.jpg,D:\visualization2026\dowsample2_Q44_hess_matched\stitched_frames\frame_0610.jpg,1979,1365,-0.03589970578510937,-0.006394808144938757,272.6756321458888,-33.67877839806641,323.95211088003305,79.57069059170749,-51.276478734144234,-113.2494689897739,124.31701210147752,59.78841270542796,-26.416617418455186,65.36430195196465,1,0,29.89420635271398,-13.208308709227593,-29.89420635271398,13.208308709227593,4,1,124.31701210147752,773.7628045216516,1329.7017117863124,449.8106936416185,1250.131021194605,12,12,1.010956543228809,0.11563245731775916,29.385309109250613,-0.09563886455652611,1.0071172656239975,140.49113440122957,-5.041839034062629e-05,-1.8113833964117205e-06,1.0,1.0,0.0,349.105793647286,0.0,1.0,127.2083087092276,0.0,0.0,1.0
frame_0612.jpg,frame_0612,612,D:\visualization2026\visualization\left_downsample2_Q44\frame_0612.jpg,D:\visualization2026\visualization\right_downsample2_Q44\frame_0612.jpg,D:\visualization2026\dowsample2_Q44\stitched_frames\frame_0612.jpg,D:\visualization2026\dowsample2_Q44_hess_matched\stitched_frames\frame_0612.jpg,1979,1365,-0.03549310917368398,-0.006795319098964123,274.181143110356,-34.38369341632421,211.40931741733584,-17.93838804394386,62.77182569302016,-16.445305372380354,64.89029333903298,65.82982198594304,-26.312220825006264,70.893571129157,0,1,32.91491099297152,-13.156110412503132,-32.91491099297152,13.156110412503132,2,4,64.89029333903298,919.9692647164136,1211.3936277663329,708.5599472990777,1229.3320158102767,12,12,1.0108042441631526,0.11562698566352833,32.406013749508155,-0.09564149631062548,1.0071171710728695,140.54333269795404,-5.041839034062629e-05,-1.8113833964117205e-06,1.0,1.0,0.0,346.0850890070285,0.0,1.0,127.15611041250312,0.0,0.0,1.0
frame_0614.jpg,frame_0614,614,D:\visualization2026\visualization\left_downsample2_Q44\frame_0614.jpg,D:\visualization2026\visualization\right_downsample2_Q44\frame_0614.jpg,D:\visualization2026\dowsample2_Q44\stitched_frames\frame_0614.jpg,D:\visualization2026\dowsample2_Q44_hess_matched\stitched_frames\frame_0614.jpg,1979,1365,-0.03527677861237233,-0.007007729478960598,274.9755259435255,-34.757177639190786,117.16054718422424,-15.12346762601635,157.81497875930125,-19.633710013174436,159.03160091529023,72.89056336409908,-29.496796049099316,78.6326599111203,1,0,36.44528168204954,-14.748398024549658,-36.44528168204954,14.748398024549658,0,0,159.03160091529023,1427.3909928413411,889.4389471079536,1310.230445657117,904.56241473397,12,12,1.0106262485557036,0.11562059080867895,35.936384438586174,-0.09556121573226677,1.0071200553162123,138.9510450859075,-5.041839034062629e-05,-1.8113833964117205e-06,1.0,1.0,0.0,342.55471831795046,0.0,1.0,128.74839802454966,0.0,0.0,1.0
frame_0616.jpg,frame_0616,616,D:\visualization2026\visualization\left_downsample2_Q44\frame_0616.jpg,D:\visualization2026\visualization\right_downsample2_Q44\frame_0616.jpg,D:\visualization2026\dowsample2_Q44\stitched_frames\frame_0616.jpg,D:\visualization2026\dowsample2_Q44_hess_matched\stitched_frames\frame_0616.jpg,1979,1365,-0.03509519422342289,-0.006893890967673566,272.804735922343,-34.39963439346747,292.7884516157443,39.98737800133563,-19.98371569340128,-74.3870123948031,77.02451886210832,80.97063683989609,-35.97034309073433,88.60084430931501,1,1,40.485318419948044,-17.985171545367166,-40.485318419948044,17.985171545367166,3,6,77.02451886210832,755.4145481069723,1279.4051411592304,462.62609649122805,1239.4177631578948,12,12,1.010422556406462,0.11561327275321104,39.97642117648468,-0.09539802282144999,1.007125918354026,135.71427156509,-5.041839034062629e-05,-1.8113833964117205e-06,1.0,1.0,0.0,338.51468158005196,0.0,1.0,131.98517154536717,0.0,0.0,1.0
frame_0618.jpg,frame_0618,618,D:\visualization2026\visualization\left_downsample2_Q44\frame_0618.jpg,D:\visualization2026\visualization\right_downsample2_Q44\frame_0618.jpg,D:\visualization2026\dowsample2_Q44\stitched_frames\frame_0618.jpg,D:\visualization2026\dowsample2_Q44_hess_matched\stitched_frames\frame_0618.jpg,1979,1365,-0.03479691516073291,-0.0066751504193933164,268.9305531706801,-33.73939965613933,118.18394537909035,-15.674943300818995,150.74660779158978,-18.06445635532033,151.82511104584995,90.08030839001476,-39.53657458436325,98.37480718916343,1,0,45.04015419500738,-19.768287292181626,-45.04015419500738,19.768287292181626,0,0,151.82511104584995,1426.9345076822842,879.4143504463694,1308.7505623031939,895.0892937471884,12,12,1.0101929089184174,0.1156050221993147,44.531256951544016,-0.09530812099570458,1.0071291482602835,133.93115581827556,-5.041839034062629e-05,-1.8113833964117205e-06,1.0,1.0,0.0,333.9598458049926,0.0,1.0,133.76828729218164,0.0,0.0,1.0
frame_0620.jpg,frame_0620,620,D:\visualization2026\visualization\left_downsample2_Q44\frame_0620.jpg,D:\visualization2026\visualization\right_downsample2_Q44\frame_0620.jpg,D:\visualization2026\dowsample2_Q44\stitched_frames\frame_0620.jpg,D:\visualization2026\dowsample2_Q44_hess_matched\stitched_frames\frame_0620.jpg,1979,1365,-0.034729776001969026,-0.006565012530718256,267.46695817176106,-33.45089427426632,168.29751018498905,22.044486534822,99.16944798677201,-55.49538080908832,113.64117521896193,94.14383664514791,-39.26834230236052,102.00521891277747,0,1,47.07191832257396,-19.63417115118026,-47.07191832257396,19.63417115118026,0,0,113.64117521896193,1427.062868090972,874.6451809792665,1258.765357905983,852.6006944444445,12,12,1.0100904706415537,0.11560134189550861,46.56302107911059,-0.09531488291565257,1.0071289053245325,134.0652719592769,-5.041839034062629e-05,-1.8113833964117205e-06,1.0,1.0,0.0,331.92808167742606,0.0,1.0,133.63417115118025,0.0,0.0,1.0
frame_0622.jpg,frame_0622,622,D:\visualization2026\visualization\left_downsample2_Q44\frame_0622.jpg,D:\visualization2026\visualization\right_downsample2_Q44\frame_0622.jpg,D:\visualization2026\dowsample2_Q44\stitched_frames\frame_0622.jpg,D:\visualization2026\dowsample2_Q44_hess_matched\stitched_frames\frame_0622.jpg,1979,1365,-0.0349924925657773,-0.0066077132161615065,269.4226222959107,-33.68794703203414,161.10243885229715,0.5885158084907971,108.32018344361353,-34.276462840524935,113.61398701795467,93.16122160529555,-35.16564624472614,99.57728599836516,0,1,46.580610802647776,-17.58282312236307,-46.580610802647776,17.58282312236307,0,0,113.61398701795467,1426.6654764867055,869.949402905265,1265.5630376344084,869.3608870967741,12,12,1.0101152415758707,0.11560223184179273,46.07171355918441,-0.09541830858129395,1.0071251895467728,136.1166199880941,-5.041839034062629e-05,-1.8113833964117205e-06,1.0,1.0,0.0,332.41938919735225,0.0,1.0,131.58282312236307,0.0,0.0,1.0
frame_0624.jpg,frame_0624,624,D:\visualization2026\visualization\left_downsample2_Q44\frame_0624.jpg,D:\visualization2026\visualization\right_downsample2_Q44\frame_0624.jpg,D:\visualization2026\dowsample2_Q44\stitched_frames\frame_0624.jpg,D:\visualization2026\dowsample2_Q44_hess_matched\stitched_frames\frame_0624.jpg,1979,1365,-0.035287361432511655,-0.006649035802008346,271.5534816790856,-33.93884164340145,159.9597583511993,-14.035494629335403,111.59372332788632,-19.90334701406605,113.3547630606812,87.13246327045769,-27.22848641146011,91.28776822683709,1,1,43.566231635228846,-13.614243205730055,-43.566231635228846,13.614243205730055,0,0,113.3547630606812,1426.524844261852,869.8781823466096,1266.5650859106527,883.913676975945,12,12,1.0102672217213682,0.11560769203816709,43.05733439176548,-0.09561839799262872,1.0071180009270047,140.08519990472712,-5.041839034062629e-05,-1.8113833964117205e-06,1.0,1.0,0.0,335.43376836477114,0.0,1.0,127.61424320573005,0.0,0.0,1.0
frame_0626.jpg,frame_0626,626,D:\visualization2026\visualization\left_downsample2_Q44\frame_0626.jpg,D:\visualization2026\visualization\right_downsample2_Q44\frame_0626.jpg,D:\visualization2026\dowsample2_Q44\stitched_frames\frame_0626.jpg,D:\visualization2026\dowsample2_Q44_hess_matched\stitched_frames\frame_0626.jpg,1979,1365,-0.035466890758043323,-0.006655917532111866,272.6733102212833,-34.04961377044419,110.41196474133471,-11.992300517210651,162.2613454799486,-22.057313253233538,163.7536848590422,76.05756164063432,-15.456862802562439,77.61228826942371,1,0,38.02878082031716,-7.728431401281219,-38.02878082031716,7.728431401281219,0,0,163.7536848590422,1375.9480838182158,865.9515749436661,1265.536119076881,877.9438754608767,12,12,1.0105464110780464,0.11561772248463166,37.51988357685379,-0.09591515114965689,1.0071073394652277,145.97101170917594,-5.041839034062629e-05,-1.8113833964117205e-06,1.0,1.0,0.0,340.97121917968286,0.0,1.0,121.72843140128121,0.0,0.0,1.0
frame_0628.jpg,frame_0628,628,D:\visualization2026\visualization\left_downsample2_Q44\frame_0628.jpg,D:\visualization2026\visualization\right_downsample2_Q44\frame_0628.jpg,D:\visualization2026\dowsample2_Q44\stitched_frames\frame_0628.jpg,D:\visualization2026\dowsample2_Q44_hess_matched\stitched_frames\frame_0628.jpg,1979,1365,-0.03544956644792652,-0.0065906508369661665,271.937740983901,-33.8905295916109,109.77768063732447,-17.801166720685274,162.16006034657653,-16.089362870925626,162.95629097766573,59.926250739144706,-6.047062783581189,60.23057774884294,1,0,29.963125369572353,-3.0235313917905944,-29.963125369572353,3.0235313917905944,0,0,162.95629097766573,1375.1921706870758,861.7363021847873,1265.4144900497513,879.5374689054726,12,12,1.010953068442915,0.11563233247899632,29.454228126108987,-0.096152364634849,1.0070988170874686,150.67591171866658,-5.041839034062629e-05,-1.8113833964117205e-06,1.0,1.0,0.0,349.03687463042763,0.0,1.0,117.0235313917906,0.0,0.0,1.0
frame_0630.jpg,frame_0630,630,D:\visualization2026\visualization\left_downsample2_Q44\frame_0630.jpg,D:\visualization2026\visualization\right_downsample2_Q44\frame_0630.jpg,D:\visualization2026\dowsample2_Q44\stitched_frames\frame_0630.jpg,D:\visualization2026\dowsample2_Q44_hess_matched\stitched_frames\frame_0630.jpg,1979,1365,-0.035410382136193186,-0.006491314010295041,270.74302251419095,-33.641621789306264,358.24528162724755,-35.33396018703479,-87.5022591130566,1.692338397728527,87.51862292758565,43.79493983765509,3.362737235400061,43.92385180170536,1,1,21.897469918827547,1.6813686177000304,-21.897469918827547,-1.6813686177000304,4,4,87.51862292758565,944.8708208852286,1254.6746679406615,586.625539257981,1290.0086281276963,12,12,1.0113597258077838,0.11564694247336098,21.38857267536418,-0.09638957812004112,1.0070902947097096,155.3808117281572,-5.041839034062629e-05,-1.8113833964117205e-06,1.0,1.0,0.0,357.10253008117246,0.0,1.0,112.31863138229997,0.0,0.0,1.0
frame_0632.jpg,frame_0632,632,D:\visualization2026\visualization\left_downsample2_Q44\frame_0632.jpg,D:\visualization2026\visualization\right_downsample2_Q44\frame_0632.jpg,D:\visualization2026\dowsample2_Q44\stitched_frames\frame_0632.jpg,D:\visualization2026\dowsample2_Q44_hess_matched\stitched_frames\frame_0632.jpg,1979,1365,-0.035572835931086066,-0.0064617811062847585,271.4089909700768,-33.65971568727895,110.5746639154595,-7.996980598060304,160.8343270546173,-25.662735089218643,162.86883290357002,25.709374604045745,8.531092092883751,27.08784736424096,1,0,12.854687302022873,4.265546046441876,-12.854687302022873,-4.265546046441876,0,0,162.86883290357002,1374.8861088367757,856.1921467266893,1264.3114449213163,864.1891273247496,12,12,1.0118156483515233,0.11566332241965042,12.345790058559507,-0.09651986818635286,1.007085613773622,157.96498915689904,-5.041839034062629e-05,-1.8113833964117205e-06,1.0,1.0,0.0,366.14531269797715,0.0,1.0,109.73445395355813,0.0,0.0,1.0
frame_0634.jpg,frame_0634,634,D:\visualization2026\visualization\left_downsample2_Q44\frame_0634.jpg,D:\visualization2026\visualization\right_downsample2_Q44\frame_0634.jpg,D:\visualization2026\dowsample2_Q44\stitched_frames\frame_0634.jpg,D:\visualization2026\dowsample2_Q44_hess_matched\stitched_frames\frame_0634.jpg,1979,1365,-0.03601785560479753,-0.006487712741397866,274.27102439884663,-33.95468100167695,262.73870636417075,-56.13701827503951,11.532318034675882,22.182337273362556,25.001008902884706,5.669555038316645,9.458001788869883,11.0271325452616,0,1,2.8347775191583224,4.729000894434941,-2.8347775191583224,-4.729000894434941,4,7,25.001008902884706,935.9128442952052,1222.5233265525467,673.1741379310345,1278.6603448275862,12,12,1.0123208360741336,0.11568147231786464,2.3258802756949564,-0.09654323483378423,1.0070847742792053,158.4284440048921,-5.041839034062629e-05,-1.8113833964117205e-06,1.0,1.0,0.0,376.1652224808417,0.0,1.0,109.27099910556505,0.0,0.0,1.0
frame_0636.jpg,frame_0636,636,D:\visualization2026\visualization\left_downsample2_Q44\frame_0636.jpg,D:\visualization2026\visualization\right_downsample2_Q44\frame_0636.jpg,D:\visualization2026\dowsample2_Q44\stitched_frames\frame_0636.jpg,D:\visualization2026\dowsample2_Q44_hess_matched\stitched_frames\frame_0636.jpg,1979,1365,-0.0365212712824583,-0.006410085007501745,276.4696570545725,-34.04265561714064,257.00121044954835,15.937368650361577,19.468446605024155,-49.980024267502216,53.63788995656696,-6.724716428364889,6.2352182202054784,9.17059198173722,1,1,-3.3623582141824446,3.1176091101027392,3.3623582141824446,-3.1176091101027392,1,2,53.63788995656696,820.1134967178367,1315.6117032176098,563.1122862682884,1299.6743345672483,12,12,1.012633285682531,0.11569269770663733,-3.8712554576458107,-0.09646199105381009,1.0070876931275285,156.8170522205599,-5.041839034062629e-05,-1.8113833964117205e-06,1.0,1.0,0.0,382.36235821418245,0.0,1.0,110.88239088989727,0.0,0.0,1.0
frame_0638.jpg,frame_0638,638,D:\visualization2026\visualization\left_downsample2_Q44\frame_0638.jpg,D:\visualization2026\visualization\right_downsample2_Q44\frame_0638.jpg,D:\visualization2026\dowsample2_Q44\stitched_frames\frame_0638.jpg,D:\visualization2026\dowsample2_Q44_hess_matched\stitched_frames\frame_0638.jpg,2083,1463,-0.03702303196432244,-0.006301221887744415,278.35518269821074,-34.05800585151626,318.6280297877115,-32.64549154786573,-40.27284708950077,-1.412514303650532,40.29761046702804,-11.473439795998866,-1.137258613109465,11.529665125470999,0,1,-5.736719897999433,-0.5686293065547325,5.736719897999433,0.5686293065547325,3,3,40.29761046702804,907.5907608550938,1373.8873051128378,588.9627310673823,1406.5327966607035,12,12,1.0545360563775268,0.18612043078520116,-5.502481343438331,-0.1571576675080126,1.006224613139032,250.83154833207382,-5.028822364908953e-05,-2.1938224405536065e-06,1.0,1.0,0.0,456.7367198979994,0.0,1.0,217.56862930655473,0.0,0.0,1.0
frame_0640.jpg,frame_0640,640,D:\visualization2026\visualization\left_downsample2_Q44\frame_0640.jpg,D:\visualization2026\visualization\right_downsample2_Q44\frame_0640.jpg,D:\visualization2026\dowsample2_Q44\stitched_frames\frame_0640.jpg,D:\visualization2026\dowsample2_Q44_hess_matched\stitched_frames\frame_0640.jpg,2083,1463,-0.03711659232775155,-0.006246939940173293,278.37667814962566,-33.98280806145259,329.90278023599484,-11.736570850766839,-51.52610208636918,-22.24623721068575,56.12338430858422,-6.711946166063718,-5.317040382266249,8.562776405044538,1,1,-3.355973083031859,-2.6585201911331247,3.355973083031859,2.6585201911331247,5,1,56.12338430858422,797.32447681022,1382.526343776748,467.4216965742251,1394.2629146275149,12,12,1.054416332849244,0.18611520784941318,-3.1217345284707565,-0.15705257060780672,1.006229197988553,248.7416574474954,-5.028822364908953e-05,-2.1938224405536065e-06,1.0,1.0,0.0,454.35597308303187,0.0,1.0,219.65852019113314,0.0,0.0,1.0
frame_0642.jpg,frame_0642,642,D:\visualization2026\visualization\left_downsample2_Q44\frame_0642.jpg,D:\visualization2026\visualization\right_downsample2_Q44\frame_0642.jpg,D:\visualization2026\dowsample2_Q44\stitched_frames\frame_0642.jpg,D:\visualization2026\dowsample2_Q44_hess_matched\stitched_frames\frame_0642.jpg,2083,1463,-0.03635545754242664,-0.006271264583265795,274.1487078750107,-33.636070006458255,270.2286957770151,-9.54622309426486,3.9200120979955955,-24.089846912193394,24.406704388371352,-7.503333962115659,-7.479647713071328,10.594581183732155,0,1,-3.7516669810578294,-3.739823856535664,3.7516669810578294,3.739823856535664,2,3,24.406704388371352,914.6539255180343,1387.6171018848495,644.4252297410192,1397.1633249791143,12,12,1.0544362315924845,0.1861160759315663,-3.517428426496727,-0.15699819376724838,1.0062315701767992,247.6603537820929,-5.028822364908953e-05,-2.1938224405536065e-06,1.0,1.0,0.0,454.75166698105784,0.0,1.0,220.73982385653565,0.0,0.0,1.0
frame_0644.jpg,frame_0644,644,D:\visualization2026\visualization\left_downsample2_Q44\frame_0644.jpg,D:\visualization2026\visualization\right_downsample2_Q44\frame_0644.jpg,D:\visualization2026\dowsample2_Q44\stitched_frames\frame_0644.jpg,D:\visualization2026\dowsample2_Q44_hess_matched\stitched_frames\frame_0644.jpg,2083,1463,-0.03573897824221317,-0.0063129955474404975,270.9382514109983,-33.40583249178351,235.59846522664668,-34.68926091936214,35.339786184351624,1.2834284275786345,35.36308352059259,7.191297945548576,-16.53538796792146,18.031467532936215,0,1,3.595648972774288,-8.26769398396073,-3.595648972774288,8.26769398396073,1,2,35.36308352059259,854.1509815084702,1372.3959966294833,618.5525162818235,1407.0852575488454,12,12,1.0540667481245776,0.18609995722494893,3.8298875273353903,-0.1567704952216264,1.0062415035198926,243.13248365466782,-5.028822364908953e-05,-2.1938224405536065e-06,1.0,1.0,0.0,447.4043510272257,0.0,1.0,225.26769398396073,0.0,0.0,1.0
frame_0646.jpg,frame_0646,646,D:\visualization2026\visualization\left_downsample2_Q44\frame_0646.jpg,D:\visualization2026\visualization\right_downsample2_Q44\frame_0646.jpg,D:\visualization2026\dowsample2_Q44\stitched_frames\frame_0646.jpg,D:\visualization2026\dowsample2_Q44_hess_matched\stitched_frames\frame_0646.jpg,2083,1463,-0.035781580614393294,-0.006410085550708378,272.13119348230083,-33.65138727983554,290.458396989973,-33.223262110666155,-18.327203507672152,-0.4281251691693839,18.3322033474459,15.370859959802502,-19.682558292250235,24.973314494309484,0,1,7.685429979901251,-9.841279146125117,-7.685429979901251,9.841279146125117,4,4,18.3322033474459,749.8689660956641,1364.3732826047808,459.4105691056911,1397.596544715447,12,12,1.0538610803026154,0.18609098497159854,7.919668534462353,-0.1566913624190606,1.0062449556863335,241.55889849250343,-5.028822364908953e-05,-2.1938224405536065e-06,1.0,1.0,0.0,443.31457002009876,0.0,1.0,226.84127914612512,0.0,0.0,1.0
frame_0648.jpg,frame_0648,648,D:\visualization2026\visualization\left_downsample2_Q44\frame_0648.jpg,D:\visualization2026\visualization\right_downsample2_Q44\frame_0648.jpg,D:\visualization2026\dowsample2_Q44\stitched_frames\frame_0648.jpg,D:\visualization2026\dowsample2_Q44_hess_matched\stitched_frames\frame_0648.jpg,2083,1463,-0.035360460911366354,-0.006787159799445983,273.32387413603163,-34.29478504576674,240.12356168721124,12.396430532134445,33.2003124488204,-46.69121557790118,57.29162555593392,15.219569942795435,-8.958831094104637,17.66057654258032,0,1,7.609784971397717,-4.4794155470523185,-7.609784971397717,4.4794155470523185,1,2,57.29162555593392,706.4664370052774,1405.2130653921852,466.34287531806615,1392.8166348600507,12,12,1.053864884355721,0.1860911509233157,7.84402352595882,-0.15696100101490668,1.0062331927096466,246.92076209157622,-5.028822364908953e-05,-2.1938224405536065e-06,1.0,1.0,0.0,443.39021502860226,0.0,1.0,221.47941554705233,0.0,0.0,1.0
frame_0650.jpg,frame_0650,650,D:\visualization2026\visualization\left_downsample2_Q44\frame_0650.jpg,D:\visualization2026\visualization\right_downsample2_Q44\frame_0650.jpg,D:\visualization2026\dowsample2_Q44\stitched_frames\frame_0650.jpg,D:\visualization2026\dowsample2_Q44_hess_matched\stitched_frames\frame_0650.jpg,2083,1463,-0.03471775839216984,-0.007280427550204832,274.34554420067275,-35.0878747106354,251.62415162515572,-6.600842481069549,22.72139257551703,-28.48703222956585,36.43861531149453,10.287197446546532,-12.569607234325817,16.242581609136195,0,1,5.143598723273266,-6.2848036171629085,-5.143598723273266,6.2848036171629085,3,3,36.43861531149453,866.5252544355435,1399.5033908878381,614.9011028103878,1406.1042333689077,12,12,1.0539889044813269,0.18609656129804944,5.377837277834368,-0.15687021125586356,1.0062371534105088,245.11537402146564,-5.028822364908953e-05,-2.1938224405536065e-06,1.0,1.0,0.0,445.85640127672673,0.0,1.0,223.2848036171629,0.0,0.0,1.0
frame_0652.jpg,frame_0652,652,D:\visualization2026\visualization\left_downsample2_Q44\frame_0652.jpg,D:\visualization2026\visualization\right_downsample2_Q44\frame_0652.jpg,D:\visualization2026\dowsample2_Q44\stitched_frames\frame_0652.jpg,D:\visualization2026\dowsample2_Q44_hess_matched\stitched_frames\frame_0652.jpg,2083,1463,-0.034010022148115215,-0.007721249487943088,274.47635114216075,-35.72609372970669,271.3127891292005,-65.25488280824129,3.1635620129602557,29.5287890785346,29.697769428939093,23.133830065094884,-5.839748864376346,23.859521375745842,0,1,11.566915032547442,-2.919874432188173,-11.566915032547442,2.919874432188173,5,5,29.697769428939093,973.561932964817,1336.7005966438135,702.2491438356165,1401.9554794520548,12,12,1.0536658873141973,0.18608246968258738,11.801153587108544,-0.1570394275672809,1.006229771353352,248.48030320644037,-5.028822364908953e-05,-2.1938224405536065e-06,1.0,1.0,0.0,439.43308496745254,0.0,1.0,219.91987443218818,0.0,0.0,1.0
frame_0654.jpg,frame_0654,654,D:\visualization2026\visualization\left_downsample2_Q44\frame_0654.jpg,D:\visualization2026\visualization\right_downsample2_Q44\frame_0654.jpg,D:\visualization2026\dowsample2_Q44\stitched_frames\frame_0654.jpg,D:\visualization2026\dowsample2_Q44_hess_matched\stitched_frames\frame_0654.jpg,2083,1463,-0.032749366623123555,-0.008096651950460582,270.7287077721479,-35.921567277998456,260.0507840690408,-19.151115004471194,10.677923703107126,-16.770452273527262,19.881300864582094,33.493613000029995,2.7218902108145833,33.60402949224254,0,1,16.746806500014998,1.3609451054072916,-16.746806500014998,-1.3609451054072916,3,3,19.881300864582094,905.4280734463301,1391.6392797859235,645.3772893772893,1410.7903947903947,12,12,1.0534053997736033,0.1860711059204464,16.9810450545761,-0.1572547023775889,1.0062203799953864,252.76112274403584,-5.028822364908953e-05,-2.1938224405536065e-06,1.0,1.0,0.0,434.253193499985,0.0,1.0,215.6390548945927,0.0,0.0,1.0
frame_0656.jpg,frame_0656,656,D:\visualization2026\visualization\left_downsample2_Q44\frame_0656.jpg,D:\visualization2026\visualization\right_downsample2_Q44\frame_0656.jpg,D:\visualization2026\dowsample2_Q44\stitched_frames\frame_0656.jpg,D:\visualization2026\dowsample2_Q44_hess_matched\stitched_frames\frame_0656.jpg,2083,1463,-0.03154381658049421,-0.008353067799277608,266.14851376878084,-35.872872553777505,220.24255418371126,-69.09403923435548,45.90595958506958,33.22116668057797,56.665713099234765,42.54929712682671,11.973825778139757,44.20198174010106,0,1,21.274648563413354,5.986912889069878,-21.274648563413354,-5.986912889069878,1,1,56.665713099234765,1025.9921405047262,1335.9263689289098,805.7495863210149,1405.0204081632653,12,12,1.0531777026392715,0.18606117263892044,21.508887117974457,-0.15748733408008722,1.0062102314434533,257.38709052769843,-5.028822364908953e-05,-2.1938224405536065e-06,1.0,1.0,0.0,429.72535143658666,0.0,1.0,211.01308711093012,0.0,0.0,1.0
frame_0658.jpg,frame_0658,658,D:\visualization2026\visualization\left_downsample2_Q44\frame_0658.jpg,D:\visualization2026\visualization\right_downsample2_Q44\frame_0658.jpg,D:\visualization2026\dowsample2_Q44\stitched_frames\frame_0658.jpg,D:\visualization2026\dowsample2_Q44_hess_matched\stitched_frames\frame_0658.jpg,2083,1463,-0.031098418734515132,-0.008495696128990093,264.9215432120857,-35.96489627591276,179.9223160885897,-32.081876073966214,84.99922712349598,-3.883020201946543,85.08787491458686,40.46714349356716,12.546130065083375,42.367382290376916,0,1,20.23357174678358,6.2730650325416875,-20.23357174678358,-6.2730650325416875,0,0,85.08787491458686,1510.0829718262946,902.7797359478917,1330.160655737705,934.8616120218579,12,12,1.053230056543062,0.18606345657660311,20.46781030134468,-0.15750172416307578,1.0062096036764596,257.6732426711702,-5.028822364908953e-05,-2.1938224405536065e-06,1.0,1.0,0.0,430.7664282532164,0.0,1.0,210.7269349674583,0.0,0.0,1.0
frame_0660.jpg,frame_0660,660,D:\visualization2026\visualization\left_downsample2_Q44\frame_0660.jpg,D:\visualization2026\visualization\right_downsample2_Q44\frame_0660.jpg,D:\visualization2026\dowsample2_Q44\stitched_frames\frame_0660.jpg,D:\visualization2026\dowsample2_Q44_hess_matched\stitched_frames\frame_0660.jpg,2083,1463,-0.031245722190731517,-0.008858145329668637,269.3061082600629,-36.87537498640697,201.3062950505623,-54.64802059346698,67.99981320950059,17.772645607060014,70.28400620625662,51.5034526496422,22.822997141369157,56.333780570354776,0,1,25.7517263248211,11.411498570684579,-25.7517263248211,-11.411498570684579,0,0,70.28400620625662,1531.9791505485473,875.8069304715876,1330.672855497985,930.4549510650546,12,12,1.0529525583515114,0.18605135072525936,25.985964879382202,-0.15776012685804788,1.0061983308656544,262.81167620931313,-5.028822364908953e-05,-2.1938224405536065e-06,1.0,1.0,0.0,425.2482736751789,0.0,1.0,205.58850142931541,0.0,0.0,1.0
frame_0662.jpg,frame_0662,662,D:\visualization2026\visualization\left_downsample2_Q44\frame_0662.jpg,D:\visualization2026\visualization\right_downsample2_Q44\frame_0662.jpg,D:\visualization2026\dowsample2_Q44\stitched_frames\frame_0662.jpg,D:\visualization2026\dowsample2_Q44_hess_matched\stitched_frames\frame_0662.jpg,2083,1463,-0.031436014099951004,-0.009247243854146076,274.20166527802087,-37.8698076099276,281.4488714313584,-70.26011812318029,-7.247206153337515,32.39031051325269,33.1911767217419,54.30340294414246,22.181674617206976,58.65906801286178,0,1,27.15170147207123,11.090837308603488,-27.15170147207123,-11.090837308603488,1,4,33.1911767217419,1050.9941095265965,1329.3117866387245,769.5452380952381,1399.5719047619048,12,12,1.0528821560882033,0.1860482794283651,27.385940026632333,-0.15774400137278477,1.0061990343395268,262.49101494723203,-5.028822364908953e-05,-2.1938224405536065e-06,1.0,1.0,0.0,423.84829852792876,0.0,1.0,205.90916269139652,0.0,0.0,1.0
frame_0664.jpg,frame_0664,664,D:\visualization2026\visualization\left_downsample2_Q44\frame_0664.jpg,D:\visualization2026\visualization\right_downsample2_Q44\frame_0664.jpg,D:\visualization2026\dowsample2_Q44\stitched_frames\frame_0664.jpg,D:\visualization2026\dowsample2_Q44_hess_matched\stitched_frames\frame_0664.jpg,2083,1463,-0.03118176174703624,-0.00937207397029366,273.9229301750872,-38.02205715957974,208.06346069160486,-72.63594026748137,65.85946948348231,34.613883107901636,74.40154987937561,44.85392477099759,29.57301004920918,53.72557575990171,0,1,22.426962385498793,14.78650502460459,-22.426962385498793,-14.78650502460459,0,0,74.40154987937561,1537.1266815997667,852.505540240622,1329.0632209081618,925.1414805081034,12,12,1.0531197548240725,0.18605864466699898,22.661200940059896,-0.15792984993741974,1.0061909267007587,266.1866826632331,-5.028822364908953e-05,-2.1938224405536065e-06,1.0,1.0,0.0,428.57303761450123,0.0,1.0,202.2134949753954,0.0,0.0,1.0
frame_0666.jpg,frame_0666,666,D:\visualization2026\visualization\left_downsample2_Q44\frame_0666.jpg,D:\visualization2026\visualization\right_downsample2_Q44\frame_0666.jpg,D:\visualization2026\dowsample2_Q44\stitched_frames\frame_0666.jpg,D:\visualization2026\dowsample2_Q44_hess_matched\stitched_frames\frame_0666.jpg,2083,1463,-0.030577534701395015,-0.009086016624370336,267.6004155567116,-37.045357600675054,207.6947044991407,-67.05991166044214,59.9057110575709,30.014554059767086,67.00423622965829,37.403371629918574,33.85605640475262,50.45041887405483,0,1,18.701685814959287,16.92802820237631,-18.701685814959287,-16.92802820237631,0,0,67.00423622965829,1537.3203494939808,852.7749696605073,1329.62564499484,919.8348813209494,12,12,1.0533070923654064,0.1860668172623367,18.93592436952039,-0.15803754333393324,1.0061862285791543,268.3282058410049,-5.028822364908953e-05,-2.1938224405536065e-06,1.0,1.0,0.0,432.29831418504074,0.0,1.0,200.0719717976237,0.0,0.0,1.0
frame_0668.jpg,frame_0668,668,D:\visualization2026\visualization\left_downsample2_Q44\frame_0668.jpg,D:\visualization2026\visualization\right_downsample2_Q44\frame_0668.jpg,D:\visualization2026\dowsample2_Q44\stitched_frames\frame_0668.jpg,D:\visualization2026\dowsample2_Q44_hess_matched\stitched_frames\frame_0668.jpg,2083,1463,-0.02996953132453095,-0.008739017745547722,260.6638057397661,-35.92667532641507,222.91196948199445,-69.00033228447955,37.75183625777163,33.07365695806448,50.190317048344376,45.740840293813974,33.77029555984644,56.856462543703685,0,1,22.870420146906987,16.88514777992322,-22.870420146906987,-16.88514777992322,0,0,50.190317048344376,1548.3864477673862,849.0167291932418,1325.4744782853918,918.0170614777213,12,12,1.0530974541209879,0.18605767179941057,23.10465870146809,-0.15803538695365876,1.0061863226511873,268.2853254185518,-5.028822364908953e-05,-2.1938224405536065e-06,1.0,1.0,0.0,428.129579853093,0.0,1.0,200.11485222007678,0.0,0.0,1.0
frame_0670.jpg,frame_0670,670,D:\visualization2026\visualization\left_downsample2_Q44\frame_0670.jpg,D:\visualization2026\visualization\right_downsample2_Q44\frame_0670.jpg,D:\visualization2026\dowsample2_Q44\stitched_frames\frame_0670.jpg,D:\visualization2026\dowsample2_Q44_hess_matched\stitched_frames\frame_0670.jpg,2083,1463,-0.029643379410623227,-0.008692027552954673,258.2944121273122,-35.64621439303077,227.5473646232067,-74.834091777808,30.747047504105524,39.18787738477723,49.810346958679744,40.19559176275218,31.794545976799366,51.25015854637564,0,1,20.09779588137609,15.897272988399683,-20.09779588137609,-15.897272988399683,0,0,49.810346958679744,1555.140002327903,847.2172006839595,1327.5926377046962,922.0512924617675,12,12,1.0532368844701476,0.18606375444474352,20.332034435937192,-0.15798570848520532,1.0061884898730735,267.29745062702824,-5.028822364908953e-05,-2.1938224405536065e-06,1.0,1.0,0.0,430.9022041186239,0.0,1.0,201.1027270116003,0.0,0.0,1.0
frame_0672.jpg,frame_0672,672,D:\visualization2026\visualization\left_downsample2_Q44\frame_0672.jpg,D:\visualization2026\visualization\right_downsample2_Q44\frame_0672.jpg,D:\visualization2026\dowsample2_Q44\stitched_frames\frame_0672.jpg,D:\visualization2026\dowsample2_Q44_hess_matched\stitched_frames\frame_0672.jpg,2083,1463,-0.02943817772228219,-0.00873284422554818,257.48731982325376,-35.63142768108995,274.67194496880893,-20.739298990303496,-17.184625145555174,-14.892128690786457,22.739543494454598,29.545427161132938,33.42097891585973,44.60822903711996,1,1,14.772713580566469,16.710489457929864,-14.772713580566469,-16.710489457929864,2,1,22.739543494454598,1107.4660236254595,1384.0581674996065,832.7940786566505,1404.79746648991,12,12,1.0535046733998406,0.18607543672979282,15.006952135127571,-0.15802660369690016,1.0061867058205336,268.1106670965584,-5.028822364908953e-05,-2.1938224405536065e-06,1.0,1.0,0.0,436.22728641943354,0.0,1.0,200.28951054207013,0.0,0.0,1.0
frame_0674.jpg,frame_0674,674,D:\visualization2026\visualization\left_downsample2_Q44\frame_0674.jpg,D:\visualization2026\visualization\right_downsample2_Q44\frame_0674.jpg,D:\visualization2026\dowsample2_Q44\stitched_frames\frame_0674.jpg,D:\visualization2026\dowsample2_Q44_hess_matched\stitched_frames\frame_0674.jpg,2083,1463,-0.029269021449596977,-0.008758308633704304,256.74252097583906,-35.60044291501409,218.60929414766565,-60.33557810768036,38.133226828173406,24.73513519266627,45.45294161358978,21.759347482842678,36.09531058790052,42.14665644290298,0,1,10.879673741421339,18.04765529395026,-10.879673741421339,-18.04765529395026,0,0,45.45294161358978,1545.1140801837016,852.1754016220493,1326.504786036036,912.5109797297297,12,12,1.0537004474579463,0.18608397736795393,11.113912295982441,-0.15809384739151788,1.0061837723161158,269.4478329325788,-5.028822364908953e-05,-2.1938224405536065e-06,1.0,1.0,0.0,440.12032625857864,0.0,1.0,198.95234470604973,0.0,0.0,1.0
frame_0676.jpg,frame_0676,676,D:\visualization2026\visualization\left_downsample2_Q44\frame_0676.jpg,D:\visualization2026\visualization\right_downsample2_Q44\frame_0676.jpg,D:\visualization2026\dowsample2_Q44\stitched_frames\frame_0676.jpg,D:\visualization2026\dowsample2_Q44_hess_matched\stitched_frames\frame_0676.jpg,2083,1463,-0.029135261745906416,-0.008764053258379645,256.0137867233124,-35.5428845100204,249.35889867383776,-73.68960326508932,6.654888049474664,38.14671875506892,38.72285741947987,15.174308383294216,39.081596273263756,41.924107649152134,0,1,7.587154191647108,19.540798136631878,-7.587154191647108,-19.540798136631878,0,0,38.72285741947987,1574.6995149203362,854.1427496760872,1325.3406162464985,927.8323529411765,12,12,1.0538660224174345,0.18609120057122816,7.82139274620821,-0.1581689348927307,1.0061804966258405,270.9409757752604,-5.028822364908953e-05,-2.1938224405536065e-06,1.0,1.0,0.0,443.41284580835287,0.0,1.0,197.45920186336812,0.0,0.0,1.0
frame_0678.jpg,frame_0678,678,D:\visualization2026\visualization\left_downsample2_Q44\frame_0678.jpg,D:\visualization2026\visualization\right_downsample2_Q44\frame_0678.jpg,D:\visualization2026\dowsample2_Q44\stitched_frames\frame_0678.jpg,D:\visualization2026\dowsample2_Q44_hess_matched\stitched_frames\frame_0678.jpg,2083,1463,-0.029070521849382414,-0.00868562174975318,254.87223897201213,-35.328479091991845,256.0508011056918,-81.77379441026028,-1.1785621336796623,46.445315318268435,46.460266074532164,7.455070966003098,42.98562358038973,43.627307018690715,0,1,3.727535483001549,21.492811790194864,-3.727535483001549,-21.492811790194864,0,0,46.460266074532164,1582.0660770820573,840.6347659010238,1326.0152759763655,922.4085603112841,12,12,1.054060115786255,0.1860996678893632,3.9617740375626513,-0.15826709819190715,1.006176214254483,272.8929894288234,-5.028822364908953e-05,-2.1938224405536065e-06,1.0,1.0,0.0,447.27246451699847,0.0,1.0,195.50718820980512,0.0,0.0,1.0
frame_0680.jpg,frame_0680,680,D:\visualization2026\visualization\left_downsample2_Q44\frame_0680.jpg,D:\visualization2026\visualization\right_downsample2_Q44\frame_0680.jpg,D:\visualization2026\dowsample2_Q44\stitched_frames\frame_0680.jpg,D:\visualization2026\dowsample2_Q44_hess_matched\stitched_frames\frame_0680.jpg,2083,1463,-0.029007595373702788,-0.00858836112811967,253.55843372837614,-35.07178167165709,255.73658172201294,-89.1910874832505,-2.1781479936367987,54.11930581159341,54.1631202037969,3.5841271423322842,43.81657008504316,43.96291370450669,0,1,1.7920635711661421,21.90828504252158,-1.7920635711661421,-21.90828504252158,0,0,54.1631202037969,1581.3882228598686,833.1165711600755,1325.6516411378557,922.307658643326,12,12,1.0541574472306239,0.18610391397107642,2.0263021257272444,-0.15828799160374038,1.0061753027799387,273.3084626811501,-5.028822364908953e-05,-2.1938224405536065e-06,1.0,1.0,0.0,449.2079364288339,0.0,1.0,195.09171495747842,0.0,0.0,1.0
frame_0682.jpg,frame_0682,682,D:\visualization2026\visualization\left_downsample2_Q44\frame_0682.jpg,D:\visualization2026\visualization\right_downsample2_Q44\frame_0682.jpg,D:\visualization2026\dowsample2_Q44\stitched_frames\frame_0682.jpg,D:\visualization2026\dowsample2_Q44_hess_matched\stitched_frames\frame_0682.jpg,2083,1463,-0.02884818118897947,-0.008576916715850702,252.51226656364716,-34.961169059896456,256.6683164839633,-86.44281188424804,-4.156049920316121,51.48164282435159,51.649126796435496,10.59576260042831,37.44684485553243,38.9170447839883,0,1,5.297881300214155,18.723422427766216,-5.297881300214155,-18.723422427766216,0,0,51.649126796435496,1580.967041438426,825.0058360070228,1324.2987249544626,911.4486478912709,12,12,1.0539811458845927,0.18609622282946994,5.5321198547752575,-0.15812783052027793,1.006182289803013,270.1236000663948,-5.028822364908953e-05,-2.1938224405536065e-06,1.0,1.0,0.0,445.70211869978584,0.0,1.0,198.27657757223378,0.0,0.0,1.0
frame_0684.jpg,frame_0684,684,D:\visualization2026\visualization\left_downsample2_Q44\frame_0684.jpg,D:\visualization2026\visualization\right_downsample2_Q44\frame_0684.jpg,D:\visualization2026\dowsample2_Q44\stitched_frames\frame_0684.jpg,D:\visualization2026\dowsample2_Q44_hess_matched\stitched_frames\frame_0684.jpg,2083,1463,-0.028503853539403545,-0.008672690391953786,251.42298234976906,-34.999028217219845,261.89262433054864,-83.69380580222526,-10.469641980779585,48.69477758500541,49.807577408049546,19.990758468551363,28.67761994302608,34.957635929001334,1,1,9.995379234275681,14.33880997151304,-9.995379234275681,-14.33880997151304,0,0,49.807577408049546,1586.842024221438,823.4965924520028,1324.9493998908893,907.1903982542281,12,12,1.0537449170578934,0.18608591735308774,10.229617788836784,-0.15790733614846328,1.0061919088642126,265.7389876101416,-5.028822364908953e-05,-2.1938224405536065e-06,1.0,1.0,0.0,441.0046207657243,0.0,1.0,202.66119002848697,0.0,0.0,1.0
frame_0686.jpg,frame_0686,686,D:\visualization2026\visualization\left_downsample2_Q44\frame_0686.jpg,D:\visualization2026\visualization\right_downsample2_Q44\frame_0686.jpg,D:\visualization2026\dowsample2_Q44\stitched_frames\frame_0686.jpg,D:\visualization2026\dowsample2_Q44_hess_matched\stitched_frames\frame_0686.jpg,2110,1494,-0.02806079588341437,-0.008825987688815484,250.31336893608758,-35.11679686541355,208.6003035961328,-41.41488947292885,41.713065339954795,6.298092607515301,42.18584822601267,28.814836283301226,12.727428370286642,31.500511471311544,0,1,14.407418141650613,6.363714185143321,-14.407418141650613,-6.363714185143321,0,0,42.18584822601267,1591.8420097572703,828.275737172674,1383.2417061611375,869.6906266456028,12,12,1.108891518250807,0.17945896023875646,14.699352865152424,-0.148460150009271,1.065508809156855,243.85087569688224,-2.5609084082661256e-05,1.2161342044248762e-05,1.0,1.0,0.0,495.5925818583494,0.0,1.0,179.63628581485668,0.0,0.0,1.0
frame_0688.jpg,frame_0688,688,D:\visualization2026\visualization\left_downsample2_Q44\frame_0688.jpg,D:\visualization2026\visualization\right_downsample2_Q44\frame_0688.jpg,D:\visualization2026\dowsample2_Q44\stitched_frames\frame_0688.jpg,D:\visualization2026\dowsample2_Q44_hess_matched\stitched_frames\frame_0688.jpg,2110,1494,-0.027649107065400802,-0.008993231433510412,249.52320816850565,-35.2831940496183,203.72679096157003,-37.882384805354945,45.796417206935615,2.599190755736643,45.870116869007596,40.886318896212906,-10.52825677569534,42.22008128388423,0,1,20.443159448106453,-5.26412838784767,-20.443159448106453,5.26412838784767,0,0,45.870116869007596,1585.3598290824787,828.7583545092389,1381.6330381209086,866.6407393145938,12,12,1.108736948444189,0.17953236295327485,20.735094171608264,-0.14816237161111934,1.0653673989860883,232.22303312389124,-2.5609084082661256e-05,1.2161342044248762e-05,1.0,1.0,0.0,489.5568405518936,0.0,1.0,191.26412838784768,0.0,0.0,1.0
frame_0690.jpg,frame_0690,690,D:\visualization2026\visualization\left_downsample2_Q44\frame_0690.jpg,D:\visualization2026\visualization\right_downsample2_Q44\frame_0690.jpg,D:\visualization2026\dowsample2_Q44\stitched_frames\frame_0690.jpg,D:\visualization2026\dowsample2_Q44_hess_matched\stitched_frames\frame_0690.jpg,2110,1494,-0.027312519429973703,-0.00919253867465053,249.4849782002438,-35.56296819241838,207.54273712013128,-9.931316140314607,41.942241080112524,-25.631652052103775,49.15417758179252,48.47540418537873,-28.617582220275033,56.292369137122265,0,1,24.237702092689364,-14.308791110137516,-24.237702092689364,14.308791110137516,0,0,49.15417758179252,1590.83320391829,865.8009652535052,1383.2904667981588,875.7322813938198,12,12,1.1086397736825484,0.17957850968427713,24.529636816191175,-0.14793074608296491,1.0652574037490476,223.1783704016014,-2.5609084082661256e-05,1.2161342044248762e-05,1.0,1.0,0.0,485.76229790731065,0.0,1.0,200.30879111013752,0.0,0.0,1.0
frame_0692.jpg,frame_0692,692,D:\visualization2026\visualization\left_downsample2_Q44\frame_0692.jpg,D:\visualization2026\visualization\right_downsample2_Q44\frame_0692.jpg,D:\visualization2026\dowsample2_Q44\stitched_frames\frame_0692.jpg,D:\visualization2026\dowsample2_Q44_hess_matched\stitched_frames\frame_0692.jpg,2110,1494,-0.026981629965293297,-0.009402239903864879,249.58112979688045,-35.869631873443055,193.37976665263818,28.927151032115262,56.201363144242265,-64.79678290555832,85.77421695463647,51.087810624468055,-41.22408196396838,65.64593915981014,0,1,25.543905312234028,-20.61204098198419,-25.543905312234028,20.61204098198419,0,0,85.77421695463647,1575.7287296823947,897.4113710501496,1382.3489630297565,868.4842200180343,12,12,1.10860632301447,0.1795943948684093,25.83584003573584,-0.14776932562700276,1.0651807477713657,216.87512052975472,-2.5609084082661256e-05,1.2161342044248762e-05,1.0,1.0,0.0,484.456094687766,0.0,1.0,206.6120409819842,0.0,0.0,1.0
frame_0694.jpg,frame_0694,694,D:\visualization2026\visualization\left_downsample2_Q44\frame_0694.jpg,D:\visualization2026\visualization\right_downsample2_Q44\frame_0694.jpg,D:\visualization2026\dowsample2_Q44\stitched_frames\frame_0694.jpg,D:\visualization2026\dowsample2_Q44_hess_matched\stitched_frames\frame_0694.jpg,2110,1494,-0.026585437113268884,-0.009563670285791831,248.82538951206575,-36.030872332602826,192.10145535641732,25.525887174362197,56.723934155648436,-61.55675950696502,83.70686559113695,52.676252086698334,-53.118150648768484,74.80859216859153,0,1,26.338126043349167,-26.559075324384242,-26.338126043349167,26.559075324384242,0,0,83.70686559113695,1575.3326472414553,892.0730835677124,1383.231191885038,866.5471963933502,12,12,1.1085859837489869,0.17960405365837903,26.630060766850978,-0.14761702752448577,1.065108423852579,210.92808618735467,-2.5609084082661256e-05,1.2161342044248762e-05,1.0,1.0,0.0,483.6618739566508,0.0,1.0,212.55907532438425,0.0,0.0,1.0
frame_0696.jpg,frame_0696,696,D:\visualization2026\visualization\left_downsample2_Q44\frame_0696.jpg,D:\visualization2026\visualization\right_downsample2_Q44\frame_0696.jpg,D:\visualization2026\dowsample2_Q44\stitched_frames\frame_0696.jpg,D:\visualization2026\dowsample2_Q44_hess_matched\stitched_frames\frame_0696.jpg,2110,1494,-0.026151010988619383,-0.009686074954073781,247.46633143339378,-36.08224512754768,192.69123389799233,20.652160983403746,54.77509753540144,-56.734406110951426,78.86129688747899,54.80795490840634,-57.5855461515778,79.49847197787766,0,1,27.40397745420317,-28.7927730757889,-27.40397745420317,28.7927730757889,0,0,78.86129688747899,1575.1068597653252,886.7742814385799,1382.415625867333,866.1221204551762,12,12,1.1085586882705867,0.17961701584195477,27.69591217770498,-0.1475598245709548,1.0650812590902006,208.69438843595003,-2.5609084082661256e-05,1.2161342044248762e-05,1.0,1.0,0.0,482.5960225457968,0.0,1.0,214.7927730757889,0.0,0.0,1.0
frame_0698.jpg,frame_0698,698,D:\visualization2026\visualization\left_downsample2_Q44\frame_0698.jpg,D:\visualization2026\visualization\right_downsample2_Q44\frame_0698.jpg,D:\visualization2026\dowsample2_Q44\stitched_frames\frame_0698.jpg,D:\visualization2026\dowsample2_Q44_hess_matched\stitched_frames\frame_0698.jpg,2110,1494,-0.025772886381103866,-0.009786126825829633,246.22037528279344,-36.11205410657827,192.48175076470648,20.75909856168562,53.738624518086965,-56.87115266826389,78.24428267236473,54.09495005487476,-53.86628932274346,76.34029569526766,0,1,27.04747502743738,-26.93314466137173,-27.04747502743738,26.93314466137173,0,0,78.24428267236473,1574.4449982996018,875.7808683145348,1381.9632475348953,855.0217697528492,12,12,1.1085678179712093,0.17961268029400326,27.33940975093919,-0.14760744795138211,1.0651038746674235,210.5540168503672,-2.5609084082661256e-05,1.2161342044248762e-05,1.0,1.0,0.0,482.9525249725626,0.0,1.0,212.93314466137173,0.0,0.0,1.0
frame_0700.jpg,frame_0700,700,D:\visualization2026\visualization\left_downsample2_Q44\frame_0700.jpg,D:\visualization2026\visualization\right_downsample2_Q44\frame_0700.jpg,D:\visualization2026\dowsample2_Q44\stitched_frames\frame_0700.jpg,D:\visualization2026\dowsample2_Q44_hess_matched\stitched_frames\frame_0700.jpg,2110,1494,-0.025514125955541478,-0.009842894377670275,245.25408410804948,-36.10557657818056,192.65332891939693,11.863052987969809,52.600755188652556,-47.96862956615037,71.18868497781874,55.3334979308287,-44.922317539395074,71.27279008409356,0,1,27.66674896541435,-22.461158769697537,-27.66674896541435,22.461158769697537,0,0,71.18868497781874,1573.9616521680184,875.9208720010126,1381.3083232486215,864.0578190130428,12,12,1.1085519589328614,0.1796202114961821,27.95868368891616,-0.14772197141409846,1.0651582600174692,215.02600274204138,-2.5609084082661256e-05,1.2161342044248762e-05,1.0,1.0,0.0,482.33325103458566,0.0,1.0,208.46115876969753,0.0,0.0,1.0
frame_0702.jpg,frame_0702,702,D:\visualization2026\visualization\left_downsample2_Q44\frame_0702.jpg,D:\visualization2026\visualization\right_downsample2_Q44\frame_0702.jpg,D:\visualization2026\dowsample2_Q44\stitched_frames\frame_0702.jpg,D:\visualization2026\dowsample2_Q44_hess_matched\stitched_frames\frame_0702.jpg,2110,1494,-0.02584393589403433,-0.009802114932750544,246.79239624617338,-36.186362056851664,194.156057369589,10.014136704534963,52.636338876584375,-46.200498761386626,70.03620675144761,56.77472035581211,-41.48278972130306,70.31493948331686,0,1,28.387360177906054,-20.74139486065153,-28.387360177906054,20.74139486065153,0,0,70.03620675144761,1573.8567322405695,865.0551582739408,1379.7006748709805,855.0410215694059,12,12,1.1085335047397298,0.17962897509561812,28.679294901407864,-0.14776601299264755,1.0651791746546024,216.7457666510874,-2.5609084082661256e-05,1.2161342044248762e-05,1.0,1.0,0.0,481.61263982209397,0.0,1.0,206.74139486065152,0.0,0.0,1.0
frame_0704.jpg,frame_0704,704,D:\visualization2026\visualization\left_downsample2_Q44\frame_0704.jpg,D:\visualization2026\visualization\right_downsample2_Q44\frame_0704.jpg,D:\visualization2026\dowsample2_Q44\stitched_frames\frame_0704.jpg,D:\visualization2026\dowsample2_Q44_hess_matched\stitched_frames\frame_0704.jpg,2116,1502,-0.026586497525338704,-0.009703554753823063,250.1903550686875,-36.3527535489602,187.27368153326938,-19.515852958737128,62.91667353541811,-16.836900590223074,65.13055373822209,57.6890558680821,-37.84320226530561,68.99373250262323,0,1,28.84452793404105,-18.921601132652803,-28.84452793404105,18.921601132652803,0,0,65.13055373822209,1572.6184000658438,870.5762828203056,1385.3447185325745,890.0921357790427,12,12,1.100114252917379,0.180838429987788,29.271887868204796,-0.15242235739224289,1.0633897431501382,225.93686067624319,-2.894504496995432e-05,1.0588024132524793e-05,1.0,1.0,0.0,487.155472065959,0.0,1.0,227.9216011326528,0.0,0.0,1.0
frame_0706.jpg,frame_0706,706,D:\visualization2026\visualization\left_downsample2_Q44\frame_0706.jpg,D:\visualization2026\visualization\right_downsample2_Q44\frame_0706.jpg,D:\visualization2026\dowsample2_Q44\stitched_frames\frame_0706.jpg,D:\visualization2026\dowsample2_Q44_hess_matched\stitched_frames\frame_0706.jpg,2116,1486,-0.026914316054052367,-0.00965927554127588,251.6829926481997,-36.424446535760936,189.7017829878812,3.1123204847303896,61.98120966031851,-39.536767020491325,73.51752374358763,61.70974841649669,-22.970805105598977,65.84641931666997,0,1,30.854874208248344,-11.485402552799489,-30.854874208248344,11.485402552799489,0,0,73.51752374358763,1574.2963103510654,857.9554909958113,1384.5945273631842,854.8431705110809,12,12,1.1183375263555462,0.18242521963579822,31.330383408933113,-0.14553991644847858,1.0747504605108995,221.4177936914377,-2.3868087319742405e-05,2.0714401616072428e-05,1.0,1.0,0.0,485.14512579175164,0.0,1.0,191.48540255279948,0.0,0.0,1.0
frame_0708.jpg,frame_0708,708,D:\visualization2026\visualization\left_downsample2_Q44\frame_0708.jpg,D:\visualization2026\visualization\right_downsample2_Q44\frame_0708.jpg,D:\visualization2026\dowsample2_Q44\stitched_frames\frame_0708.jpg,D:\visualization2026\dowsample2_Q44_hess_matched\stitched_frames\frame_0708.jpg,2116,1486,-0.02630068455257939,-0.009742468401267773,248.89197289129083,-36.29095505990429,190.58167081185388,2.382260328372354,58.31030207943695,-38.673215388276645,69.9693426942345,66.4570790836393,-7.971918723453904,66.93351065395004,0,1,33.22853954181965,-3.985959361726952,-33.22853954181965,3.985959361726952,0,0,69.9693426942345,1574.549338730085,852.8024730943298,1383.9676679182312,850.4202127659574,12,12,1.1182808715040966,0.18247438869281996,33.70404874250442,-0.14571891381341256,1.0749058069890562,228.91723688251025,-2.3868087319742405e-05,2.0714401616072428e-05,1.0,1.0,0.0,482.77146045818034,0.0,1.0,183.98595936172694,0.0,0.0,1.0
frame_0710.jpg,frame_0710,710,D:\visualization2026\visualization\left_downsample2_Q44\frame_0710.jpg,D:\visualization2026\visualization\right_downsample2_Q44\frame_0710.jpg,D:\visualization2026\dowsample2_Q44\stitched_frames\frame_0710.jpg,D:\visualization2026\dowsample2_Q44_hess_matched\stitched_frames\frame_0710.jpg,2157,1509,-0.025272053760315494,-0.009903311337088633,244.42112148642062,-36.116309356707774,171.71690355569513,-62.50966558909056,72.70421793072549,26.393356232382786,77.34670360220845,68.53662177261634,3.0777020589414157,68.60569053632709,0,1,34.26831088630817,1.5388510294707078,-34.26831088630817,-1.5388510294707078,0,0,77.34670360220845,1596.3413001175695,866.0464394385792,1424.6243965618744,928.5561050276698,12,12,1.1216397516272247,0.22348553179180278,34.80194009590818,-0.16544584070818819,1.1002275152214032,265.65235656744096,-2.977841707255665e-05,4.1344927205761405e-05,1.0,1.0,0.0,522.7316891136918,0.0,1.0,261.4611489705293,0.0,0.0,1.0
frame_0712.jpg,frame_0712,712,D:\visualization2026\visualization\left_downsample2_Q44\frame_0712.jpg,D:\visualization2026\visualization\right_downsample2_Q44\frame_0712.jpg,D:\visualization2026\dowsample2_Q44\stitched_frames\frame_0712.jpg,D:\visualization2026\dowsample2_Q44_hess_matched\stitched_frames\frame_0712.jpg,2166,1514,-0.024563910450194792,-0.010072522358981845,241.9112905877841,-36.130411762371175,165.53829837548665,-64.92434491170991,76.37299221229745,28.793933149338734,81.62061336248482,67.17427065824748,20.658698958219027,70.27918953085478,0,1,33.58713532912374,10.329349479109514,-33.58713532912374,-10.329349479109514,0,0,81.62061336248482,1598.898354634277,850.6019993488115,1433.3600562587903,915.5263442605215,12,12,1.1443527204759079,0.22085861729070283,33.79577119194552,-0.15667014511238156,1.1149420638029968,260.3615654059199,-1.791992801722143e-05,4.0585411833791786e-05,1.0,1.0,0.0,532.4128646708763,0.0,1.0,249.6706505208905,0.0,0.0,1.0
frame_0714.jpg,frame_0714,714,D:\visualization2026\visualization\left_downsample2_Q44\frame_0714.jpg,D:\visualization2026\visualization\right_downsample2_Q44\frame_0714.jpg,D:\visualization2026\dowsample2_Q44\stitched_frames\frame_0714.jpg,D:\visualization2026\dowsample2_Q44_hess_matched\stitched_frames\frame_0714.jpg,2166,1514,-0.024474597574345003,-0.009973217496750064,240.42286616383768,-35.85506118802039,167.10847918353443,-74.26626450977392,73.31438698030325,38.411203321753526,82.7672633287023,66.00029615969453,36.90245913648148,75.61633807245015,0,1,33.000148079847264,18.45122956824074,-33.000148079847264,-18.45122956824074,0,0,82.7672633287023,1598.8672280899211,850.4917188673039,1431.7587489063867,924.7579833770778,12,12,1.144363239245162,0.22083479417144974,33.208783942669044,-0.1568156886189433,1.1152716936512788,268.48344549505117,-1.791992801722143e-05,4.0585411833791786e-05,1.0,1.0,0.0,532.9998519201528,0.0,1.0,241.54877043175927,0.0,0.0,1.0
frame_0716.jpg,frame_0716,716,D:\visualization2026\visualization\left_downsample2_Q44\frame_0716.jpg,D:\visualization2026\visualization\right_downsample2_Q44\frame_0716.jpg,D:\visualization2026\dowsample2_Q44\stitched_frames\frame_0716.jpg,D:\visualization2026\dowsample2_Q44_hess_matched\stitched_frames\frame_0716.jpg,2166,1514,-0.024460742114186917,-0.009562742553737402,236.35451607966826,-34.90485455828864,181.18506199119406,-83.27307203418536,55.1694540884742,48.36821747589672,73.36997428250812,58.842079158490506,39.023209513974905,70.60595697577963,0,1,29.421039579245253,19.511604756987452,-29.421039579245253,-19.511604756987452,0,0,73.36997428250812,1605.454732949706,843.6681705572718,1424.269670958512,926.9412425914571,12,12,1.1444273766118584,0.220689534578955,29.629675442067033,-0.15683469046599688,1.1153147294150125,269.5438206837979,-1.791992801722143e-05,4.0585411833791786e-05,1.0,1.0,0.0,536.5789604207547,0.0,1.0,240.48839524301255,0.0,0.0,1.0
frame_0718.jpg,frame_0718,718,D:\visualization2026\visualization\left_downsample2_Q44\frame_0718.jpg,D:\visualization2026\visualization\right_downsample2_Q44\frame_0718.jpg,D:\visualization2026\dowsample2_Q44\stitched_frames\frame_0718.jpg,D:\visualization2026\dowsample2_Q44_hess_matched\stitched_frames\frame_0718.jpg,2170,1507,-0.024302489159662377,-0.009260800036412997,232.49345175200025,-34.12757026539072,180.053022165328,-76.67315576842634,52.44042958667225,42.54558550303562,67.52870131307758,51.280111869060605,41.637810201294485,66.05571218041929,0,1,25.640055934530302,20.818905100647243,-25.640055934530302,-20.818905100647243,0,0,67.52870131307758,1614.539546988023,834.9136418311372,1434.486524822695,911.5867975995635,12,12,1.1586233884080896,0.21336360516528216,25.79896747771304,-0.14825392967904705,1.1135034587920292,257.20011378859044,-8.299756891973555e-06,3.573780184231858e-05,1.0,1.0,0.0,544.3599440654697,0.0,1.0,212.18109489935276,0.0,0.0,1.0
frame_0720.jpg,frame_0720,720,D:\visualization2026\visualization\left_downsample2_Q44\frame_0720.jpg,D:\visualization2026\visualization\right_downsample2_Q44\frame_0720.jpg,D:\visualization2026\dowsample2_Q44\stitched_frames\frame_0720.jpg,D:\visualization2026\dowsample2_Q44_hess_matched\stitched_frames\frame_0720.jpg,2162,1512,-0.024056984811425597,-0.009194721968768693,230.41166897402866,-33.84592335144331,193.49853604932332,-70.84303147129322,36.91313292470534,36.997108119849905,52.262466374529524,44.25866948908782,41.757219157472285,60.84813207247601,0,1,22.12933474454391,20.878609578736143,-22.12933474454391,-20.878609578736143,0,0,52.262466374529524,1619.3460218968091,848.6357120074503,1425.8474858474858,919.4787434787435,12,12,1.1396283945227927,0.20883690986898093,22.560766983354796,-0.15466622206568784,1.1054698442872994,267.2112439889427,-1.7541679641889524e-05,3.298968295765796e-05,1.0,1.0,0.0,539.8706652554561,0.0,1.0,219.12139042126387,0.0,0.0,1.0
frame_0722.jpg,frame_0722,722,D:\visualization2026\visualization\left_downsample2_Q44\frame_0722.jpg,D:\visualization2026\visualization\right_downsample2_Q44\frame_0722.jpg,D:\visualization2026\dowsample2_Q44\stitched_frames\frame_0722.jpg,D:\visualization2026\dowsample2_Q44_hess_matched\stitched_frames\frame_0722.jpg,2169,1509,-0.02400220999495084,-0.009144524121307007,229.6028121508018,-33.701642964852994,191.03965638565387,-75.56857955078965,38.56315576514794,41.86693658593666,56.92062334214115,42.49367399642387,38.563688040060434,57.38353740373149,0,1,21.246836998211936,19.281844020030217,-21.246836998211936,-19.281844020030217,0,0,56.92062334214115,1623.4224051171782,830.4435536943018,1432.3827487315243,906.0121332450915,12,12,1.1591771113012765,0.20991806318774844,21.395326067446124,-0.14767824456585513,1.1107147671384452,255.3498561866912,-6.993978308332623e-06,3.298513471648613e-05,1.0,1.0,0.0,547.753163001788,0.0,1.0,212.7181559799698,0.0,0.0,1.0
frame_0724.jpg,frame_0724,724,D:\visualization2026\visualization\left_downsample2_Q44\frame_0724.jpg,D:\visualization2026\visualization\right_downsample2_Q44\frame_0724.jpg,D:\visualization2026\dowsample2_Q44\stitched_frames\frame_0724.jpg,D:\visualization2026\dowsample2_Q44_hess_matched\stitched_frames\frame_0724.jpg,2169,1509,-0.024130273525009405,-0.009071412524714606,229.64377835344044,-33.60144363332051,191.43660327300108,-72.609691735963,38.207175080439356,39.00824810264249,54.6024875593105,42.71855900755796,35.691198341979,55.666299704297714,0,1,21.35927950377898,17.8455991709895,-21.35927950377898,-17.8455991709895,0,0,54.6024875593105,1623.6048510104342,824.4013212397211,1432.1682477374331,897.0110129756841,12,12,1.1591763248808318,0.20992177211894242,21.507768573013166,-0.14766819950053547,1.1106673924086137,253.91361133765048,-6.993978308332623e-06,3.298513471648613e-05,1.0,1.0,0.0,547.640720496221,0.0,1.0,214.1544008290105,0.0,0.0,1.0
frame_0726.jpg,frame_0726,726,D:\visualization2026\visualization\left_downsample2_Q44\frame_0726.jpg,D:\visualization2026\visualization\right_downsample2_Q44\frame_0726.jpg,D:\visualization2026\dowsample2_Q44\stitched_frames\frame_0726.jpg,D:\visualization2026\dowsample2_Q44_hess_matched\stitched_frames\frame_0726.jpg,2167,1511,-0.024479844488406677,-0.008992589874962098,230.92846705306428,-33.60529519424825,184.58399042790984,-66.00585708308574,46.34447662515444,32.400561888837494,56.547386538830196,46.19098286512822,32.989644103163215,56.76199006465454,0,1,23.09549143256411,16.494822051581608,-23.09549143256411,-16.494822051581608,0,0,56.547386538830196,1614.1850706748235,839.5610520879901,1429.6010802469136,905.5669091710758,12,12,1.1482164526425216,0.21539476862939833,23.56189415174547,-0.15331212495335492,1.114088359330737,261.8409256351051,-1.5109009789798411e-05,3.880733631300488e-05,1.0,1.0,0.0,543.9045085674359,0.0,1.0,224.5051779484184,0.0,0.0,1.0
frame_0728.jpg,frame_0728,728,D:\visualization2026\visualization\left_downsample2_Q44\frame_0728.jpg,D:\visualization2026\visualization\right_downsample2_Q44\frame_0728.jpg,D:\visualization2026\dowsample2_Q44\stitched_frames\frame_0728.jpg,D:\visualization2026\dowsample2_Q44_hess_matched\stitched_frames\frame_0728.jpg,2168,1510,-0.02501466675890507,-0.008972659789505066,233.87174426437974,-33.84241659901224,180.30688962203703,-62.0255536116407,53.56485464234271,28.183137012628464,60.526711993366135,49.04283524259527,29.209972335430805,57.08259080025168,0,1,24.521417621297633,14.604986167715403,-24.521417621297633,-14.604986167715403,0,0,60.526711993366135,1611.0197882207349,835.6139697250028,1430.7128985986978,897.6395233366435,12,12,1.152170919030028,0.21686357872067566,24.149959218955633,-0.15230605851923557,1.1162525843376396,257.4039820040765,-1.2933132455250123e-05,3.9257865796254176e-05,1.0,1.0,0.0,543.4785823787024,0.0,1.0,224.3950138322846,0.0,0.0,1.0
frame_0730.jpg,frame_0730,730,D:\visualization2026\visualization\left_downsample2_Q44\frame_0730.jpg,D:\visualization2026\visualization\right_downsample2_Q44\frame_0730.jpg,D:\visualization2026\dowsample2_Q44\stitched_frames\frame_0730.jpg,D:\visualization2026\dowsample2_Q44_hess_matched\stitched_frames\frame_0730.jpg,2168,1510,-0.025417565414613597,-0.008935459369553533,235.87350412031114,-33.97008452864423,181.5982519077545,-57.45942145441518,54.27525221255664,23.48933692577095,59.140104429642506,50.73787974148184,26.359288973804595,57.17643357070822,0,1,25.36893987074092,13.179644486902298,-25.36893987074092,-13.179644486902298,0,0,59.140104429642506,1611.192826053885,830.1418539454984,1429.5945741461305,887.6012753999136,12,12,1.1521599579125172,0.21689685063540365,24.99748146839892,-0.1522876243864836,1.1161966284652205,255.97864032326342,-1.2933132455250123e-05,3.9257865796254176e-05,1.0,1.0,0.0,542.631060129259,0.0,1.0,225.8203555130977,0.0,0.0,1.0
frame_0732.jpg,frame_0732,732,D:\visualization2026\visualization\left_downsample2_Q44\frame_0732.jpg,D:\visualization2026\visualization\right_downsample2_Q44\frame_0732.jpg,D:\visualization2026\dowsample2_Q44\stitched_frames\frame_0732.jpg,D:\visualization2026\dowsample2_Q44_hess_matched\stitched_frames\frame_0732.jpg,2168,1510,-0.025297700695516734,-0.00880756533833399,233.92818913688984,-33.612902654518265,181.10577148440666,-56.581480401792874,52.82241765248318,22.968577747274608,57.60002925681518,48.693141881773,25.58311615261073,55.00470796574097,0,1,24.3465709408865,12.791558076305366,-24.3465709408865,-12.791558076305366,0,0,57.60002925681518,1610.6863468014496,824.6359646956398,1429.580575317043,881.2174450974327,12,12,1.1521731803453052,0.21685671461316117,23.9751125385445,-0.1522826052135313,1.116181393020996,255.59055391266648,-1.2933132455250123e-05,3.9257865796254176e-05,1.0,1.0,0.0,543.6534290591135,0.0,1.0,226.20844192369464,0.0,0.0,1.0
frame_0734.jpg,frame_0734,734,D:\visualization2026\visualization\left_downsample2_Q44\frame_0734.jpg,D:\visualization2026\visualization\right_downsample2_Q44\frame_0734.jpg,D:\visualization2026\dowsample2_Q44\stitched_frames\frame_0734.jpg,D:\visualization2026\dowsample2_Q44_hess_matched\stitched_frames\frame_0734.jpg,2168,1510,-0.024575508238564914,-0.008600690787672893,227.68290792371465,-32.75568975598248,181.00051034884245,-57.510521050493935,46.6823975748722,24.754831294511455,52.83983266209458,41.786142447843076,27.077409103926563,49.79224622823154,0,1,20.893071223921538,13.538704551963281,-20.893071223921538,-13.538704551963281,0,0,52.83983266209458,1609.8671352705705,819.5469826021881,1428.866624921728,877.057503652682,12,12,1.1522178449145788,0.21672113758474515,20.521612821579538,-0.15229226815786445,1.1162107243970676,256.3377003883244,-1.2933132455250123e-05,3.9257865796254176e-05,1.0,1.0,0.0,547.1069287760785,0.0,1.0,225.4612954480367,0.0,0.0,1.0
frame_0736.jpg,frame_0736,736,D:\visualization2026\visualization\left_downsample2_Q44\frame_0736.jpg,D:\visualization2026\visualization\right_downsample2_Q44\frame_0736.jpg,D:\visualization2026\dowsample2_Q44\stitched_frames\frame_0736.jpg,D:\visualization2026\dowsample2_Q44_hess_matched\stitched_frames\frame_0736.jpg,2168,1510,-0.02385512937852108,-0.00837207225137343,221.23705708987765,-31.84948936761081,185.11626976326738,-60.36918715047898,36.12078732661027,28.519697782868167,46.02265136560848,31.622086898220523,29.874343363567515,43.50210076769788,0,1,15.811043449110262,14.937171681783758,-15.811043449110262,-14.937171681783758,0,0,46.02265136560848,1613.2821678748176,810.8076903198768,1428.1658981115502,871.1768774703557,12,12,1.1522835714529318,0.21652162802038877,15.439585046768261,-0.15231035471848872,1.1162656252319705,257.7361675181449,-1.2933132455250123e-05,3.9257865796254176e-05,1.0,1.0,0.0,552.1889565508898,0.0,1.0,224.06282831821625,0.0,0.0,1.0
frame_0738.jpg,frame_0738,738,D:\visualization2026\visualization\left_downsample2_Q44\frame_0738.jpg,D:\visualization2026\visualization\right_downsample2_Q44\frame_0738.jpg,D:\visualization2026\dowsample2_Q44\stitched_frames\frame_0738.jpg,D:\visualization2026\dowsample2_Q44_hess_matched\stitched_frames\frame_0738.jpg,2168,1510,-0.02362304972337481,-0.008124901166557896,217.47499466307798,-31.158965624757673,198.4451371903849,-66.81356739396529,19.029857472693067,35.654601769207616,40.4151716902427,20.437713639791898,33.53544684836998,39.27246279700299,0,1,10.218856819895949,16.76772342418499,-10.218856819895949,-16.76772342418499,0,0,40.4151716902427,1623.4456971007992,812.402931299577,1425.0005599104143,879.2164986935422,12,12,1.1523558959433218,0.21630209070819148,9.847398417553949,-0.15233402948663938,1.1163374887866067,259.5667192605461,-1.2933132455250123e-05,3.9257865796254176e-05,1.0,1.0,0.0,557.7811431801041,0.0,1.0,222.232276575815,0.0,0.0,1.0
frame_0740.jpg,frame_0740,740,D:\visualization2026\visualization\left_downsample2_Q44\frame_0740.jpg,D:\visualization2026\visualization\right_downsample2_Q44\frame_0740.jpg,D:\visualization2026\dowsample2_Q44\stitched_frames\frame_0740.jpg,D:\visualization2026\dowsample2_Q44_hess_matched\stitched_frames\frame_0740.jpg,2168,1510,-0.02358305007246453,-0.0077657374793480005,213.75170631491272,-30.312793700347918,210.29673185046886,-67.78680192432364,3.4549744644438647,37.47400822397572,37.6329395732058,8.509664664070506,35.660807132514186,36.662072473297314,0,1,4.254832332035253,17.830403566257093,-4.254832332035253,-17.830403566257093,0,0,37.6329395732058,1625.8230276184195,819.4071115326426,1415.5262957679506,887.1939134569662,12,12,1.1524330294619898,0.21606795583524147,3.883373929693253,-0.15234777326967436,1.1163792073410086,260.6293994026182,-1.2933132455250123e-05,3.9257865796254176e-05,1.0,1.0,0.0,563.7451676679648,0.0,1.0,221.1695964337429,0.0,0.0,1.0
frame_0742.jpg,frame_0742,742,D:\visualization2026\visualization\left_downsample2_Q44\frame_0742.jpg,D:\visualization2026\visualization\right_downsample2_Q44\frame_0742.jpg,D:\visualization2026\dowsample2_Q44\stitched_frames\frame_0742.jpg,D:\visualization2026\dowsample2_Q44_hess_matched\stitched_frames\frame_0742.jpg,2168,1510,-0.023569918326215578,-0.007486305514863678,210.9604665390938,-29.66398092583803,214.05991517875373,-70.93807609712496,-3.0994486396599257,41.27409517128693,41.39030700633109,-3.974707303557858,35.414729234265735,35.637078231601876,0,1,-1.987353651778929,17.707364617132868,1.987353651778929,-17.707364617132868,0,0,41.39030700633109,1628.8347357529165,816.7257995009612,1414.7748205741627,887.6638755980862,12,12,1.1525137604801288,0.21582290093561363,-2.3588120541209294,-0.1523461819906482,1.116374377094456,260.506360453494,-1.2933132455250123e-05,3.9257865796254176e-05,1.0,1.0,0.0,569.9873536517789,0.0,1.0,221.29263538286713,0.0,0.0,1.0
frame_0744.jpg,frame_0744,744,D:\visualization2026\visualization\left_downsample2_Q44\frame_0744.jpg,D:\visualization2026\visualization\right_downsample2_Q44\frame_0744.jpg,D:\visualization2026\dowsample2_Q44\stitched_frames\frame_0744.jpg,D:\visualization2026\dowsample2_Q44_hess_matched\stitched_frames\frame_0744.jpg,2168,1510,-0.023473438705293503,-0.007453385498092768,210.07482623088617,-29.537328085378377,223.03267353462093,-64.91896080061088,-12.957847303734752,35.3816327152325,37.679778931709734,-13.178660707078212,32.70441516306493,35.25983365233589,0,1,-6.589330353539106,16.352207581532465,6.589330353539106,-16.352207581532465,0,0,37.679778931709734,1637.3089997420636,823.8501405453906,1414.2763262074427,888.7691013460014,12,12,1.1525732784543685,0.21564223715185843,-6.960788755881106,-0.1523286555652091,1.1163211765214196,259.15120341789356,-1.2933132455250123e-05,3.9257865796254176e-05,1.0,1.0,0.0,574.5893303535391,0.0,1.0,222.64779241846753,0.0,0.0,1.0
frame_0746.jpg,frame_0746,746,D:\visualization2026\visualization\left_downsample2_Q44\frame_0746.jpg,D:\visualization2026\visualization\right_downsample2_Q44\frame_0746.jpg,D:\visualization2026\dowsample2_Q44\stitched_frames\frame_0746.jpg,D:\visualization2026\dowsample2_Q44_hess_matched\stitched_frames\frame_0746.jpg,2140,1510,-0.023303363274196798,-0.007494039934368146,209.47218226245658,-29.540749228473548,235.77325477398813,-56.830057520099444,-26.301072511531544,27.289308291625897,37.900564142137014,-19.629951519011442,28.760294169411104,34.82082017055029,0,1,-9.814975759505721,14.380147084705552,9.814975759505721,-14.380147084705552,0,0,37.900564142137014,1621.4750843909121,819.0174744029041,1385.701829616924,875.8475319230035,12,12,1.1229093167762547,0.1992508646145693,-9.76185372867473,-0.16336425815535546,1.0949787187405184,274.59611872836007,-2.671243188717756e-05,3.500399052617625e-05,1.0,1.0,0.0,549.8149757595057,0.0,1.0,217.61985291529444,0.0,0.0,1.0
frame_0748.jpg,frame_0748,748,D:\visualization2026\visualization\left_downsample2_Q44\frame_0748.jpg,D:\visualization2026\visualization\right_downsample2_Q44\frame_0748.jpg,D:\visualization2026\dowsample2_Q44\stitched_frames\frame_0748.jpg,D:\visualization2026\dowsample2_Q44_hess_matched\stitched_frames\frame_0748.jpg,2140,1510,-0.023134843624001533,-0.007501453056275753,208.5557790080731,-29.468636675977415,235.5456885529818,-51.571668089181,-26.9899095449087,22.10303141320359,34.88551583243995,-24.721642012477133,26.181936897091575,36.009073904730734,0,1,-12.360821006238567,13.090968448545787,12.360821006238567,-13.090968448545787,0,0,34.88551583243995,1621.211118184726,819.2207003569127,1385.6654296317442,870.7923684460937,12,12,1.1229773224940034,0.19916174987167157,-12.307698975407575,-0.16332982105884666,1.0949335923437518,273.3069400922003,-2.671243188717756e-05,3.500399052617625e-05,1.0,1.0,0.0,552.3608210062386,0.0,1.0,218.9090315514542,0.0,0.0,1.0
frame_0750.jpg,frame_0750,750,D:\visualization2026\visualization\left_downsample2_Q44\frame_0750.jpg,D:\visualization2026\visualization\right_downsample2_Q44\frame_0750.jpg,D:\visualization2026\dowsample2_Q44\stitched_frames\frame_0750.jpg,D:\visualization2026\dowsample2_Q44_hess_matched\stitched_frames\frame_0750.jpg,2140,1510,-0.02307075534024905,-0.007409761851639773,207.28925713646927,-29.224117877970052,236.09073673169155,-46.977521133676646,-28.801479595222276,17.753403255706594,33.833541848788734,-28.070323564219855,23.836889717321597,36.82581127953257,0,1,-14.035161782109927,11.918444858660799,14.035161782109927,-11.918444858660799,0,0,33.833541848788734,1621.007403398358,813.5786151419717,1384.9166666666665,860.5561362756483,12,12,1.1230220482079347,0.19910314126301537,-13.982039751278936,-0.16329850010231575,1.0948925493391197,272.13441650231533,-2.671243188717756e-05,3.500399052617625e-05,1.0,1.0,0.0,554.03516178211,0.0,1.0,220.0815551413392,0.0,0.0,1.0
frame_0752.jpg,frame_0752,752,D:\visualization2026\visualization\left_downsample2_Q44\frame_0752.jpg,D:\visualization2026\visualization\right_downsample2_Q44\frame_0752.jpg,D:\visualization2026\dowsample2_Q44\stitched_frames\frame_0752.jpg,D:\visualization2026\dowsample2_Q44_hess_matched\stitched_frames\frame_0752.jpg,2140,1510,-0.023263907389852623,-0.007263070318366982,206.9972763697273,-28.989331917991255,235.5551774767157,-57.37164072768053,-28.557901106988396,28.382308809689274,40.263000000063265,-26.32327609720306,19.075301599427657,32.50818351736543,0,1,-13.16163804860153,9.537650799713829,13.16163804860153,-9.537650799713829,0,0,40.263000000063265,1620.4105817073735,803.1644357718848,1384.8554042306578,860.5360764995653,12,12,1.1229987142647015,0.1991337180795075,-13.108516017770539,-0.16323490330317872,1.0948092120464354,269.7536224433684,-2.671243188717756e-05,3.500399052617625e-05,1.0,1.0,0.0,553.1616380486015,0.0,1.0,222.46234920028618,0.0,0.0,1.0
frame_0754.jpg,frame_0754,754,D:\visualization2026\visualization\left_downsample2_Q44\frame_0754.jpg,D:\visualization2026\visualization\right_downsample2_Q44\frame_0754.jpg,D:\visualization2026\dowsample2_Q44\stitched_frames\frame_0754.jpg,D:\visualization2026\dowsample2_Q44_hess_matched\stitched_frames\frame_0754.jpg,2140,1510,-0.023498155059805237,-0.00710646640112772,206.8500491912048,-28.75351490541471,236.55130425365314,-52.40991172179736,-29.701255062448354,23.656396816382646,37.970905475360645,-25.823526646030377,16.949128249576155,30.888953961874808,0,1,-12.911763323015188,8.474564124788078,12.911763323015188,-8.474564124788078,0,0,37.970905475360645,1620.5906478677298,797.1760906506819,1384.0393436140766,849.5860023724792,12,12,1.122992039503114,0.19914246469203464,-12.858641292184197,-0.1632065056727846,1.0947719997705379,268.6905357684426,-2.671243188717756e-05,3.500399052617625e-05,1.0,1.0,0.0,552.9117633230152,0.0,1.0,223.5254358752119,0.0,0.0,1.0
frame_0756.jpg,frame_0756,756,D:\visualization2026\visualization\left_downsample2_Q44\frame_0756.jpg,D:\visualization2026\visualization\right_downsample2_Q44\frame_0756.jpg,D:\visualization2026\dowsample2_Q44\stitched_frames\frame_0756.jpg,D:\visualization2026\dowsample2_Q44_hess_matched\stitched_frames\frame_0756.jpg,2145,1514,-0.02350410126779967,-0.006970883235083214,205.56795922189755,-28.44522020254087,223.13379439834512,-31.926587904697044,-17.565835176447564,3.4813677021561737,17.907498053154683,-25.504689764899997,16.286828849753043,30.261361403362912,0,1,-12.752344882449998,8.143414424876521,12.752344882449998,-8.143414424876521,0,0,17.907498053154683,1610.8090570535503,794.3617597552837,1387.6752626552052,826.2883476599808,12,12,1.1272119148666924,0.1838032871073687,-13.08706684079531,-0.15541832844650716,1.081471425241261,256.92747855670353,-1.8478123021486537e-05,1.7580187863747485e-05,1.0,1.0,0.0,557.75234488245,0.0,1.0,203.8565855751235,0.0,0.0,1.0
frame_0758.jpg,frame_0758,758,D:\visualization2026\visualization\left_downsample2_Q44\frame_0758.jpg,D:\visualization2026\visualization\right_downsample2_Q44\frame_0758.jpg,D:\visualization2026\dowsample2_Q44\stitched_frames\frame_0758.jpg,D:\visualization2026\dowsample2_Q44_hess_matched\stitched_frames\frame_0758.jpg,2145,1514,-0.023240925949044033,-0.006845015805904908,202.80177718380594,-28.01688739642324,227.29293947285123,-39.48905206036932,-24.491162289045292,11.472164663946078,27.04491805025571,-26.44677414273812,12.703283610711514,29.33948324444678,0,1,-13.22338707136906,6.351641805355757,13.22338707136906,-6.351641805355757,0,0,27.04491805025571,1610.2226299220774,794.7747267240776,1382.9296904492262,834.2637787844469,12,12,1.1272206188422076,0.18379500609719576,-13.558109029714373,-0.15538521985161713,1.0814399255420009,255.1357059371828,-1.8478123021486537e-05,1.7580187863747485e-05,1.0,1.0,0.0,558.2233870713691,0.0,1.0,205.64835819464423,0.0,0.0,1.0
frame_0760.jpg,frame_0760,760,D:\visualization2026\visualization\left_downsample2_Q44\frame_0760.jpg,D:\visualization2026\visualization\right_downsample2_Q44\frame_0760.jpg,D:\visualization2026\dowsample2_Q44\stitched_frames\frame_0760.jpg,D:\visualization2026\dowsample2_Q44_hess_matched\stitched_frames\frame_0760.jpg,2148,1524,-0.022972749925409763,-0.00672790492268438,200.09132011821643,-27.606023539689936,227.2986153077868,-42.04792979628098,-27.207295189570374,14.441906256591047,30.802687672613615,-24.81879224707956,8.318340894736242,26.175699491030567,0,1,-12.40939612353978,4.159170447368121,12.40939612353978,-4.159170447368121,0,0,30.802687672613615,1610.1199728766592,788.12465375006,1382.8213575688724,830.172583546341,12,12,1.1256556707590835,0.17774900083629971,-11.97566010176516,-0.1589776400999784,1.0836373908401096,257.93282088971705,-2.0685400933960683e-05,1.6451632049974003e-05,1.0,1.0,0.0,560.4093961235398,0.0,1.0,212.84082955263187,0.0,0.0,1.0
frame_0762.jpg,frame_0762,762,D:\visualization2026\visualization\left_downsample2_Q44\frame_0762.jpg,D:\visualization2026\visualization\right_downsample2_Q44\frame_0762.jpg,D:\visualization2026\dowsample2_Q44\stitched_frames\frame_0762.jpg,D:\visualization2026\dowsample2_Q44_hess_matched\stitched_frames\frame_0762.jpg,2126,1524,-0.022979424202035026,-0.006632497715939267,199.203743370331,-27.39039976680602,232.47206636651003,-37.85498238128764,-33.26832299617902,10.464582614481621,34.87533231774867,-23.78763689541745,8.178294993028427,25.15424771407842,0,1,-11.893818447708725,4.089147496514213,11.893818447708725,-4.089147496514213,0,0,34.87533231774867,1601.0746341268525,788.0748321693543,1368.6025677603425,825.9298145506419,12,12,1.0948022867693594,0.14307631178372188,-11.51663764679489,-0.1592393456837234,1.0436189054045661,258.20962215209454,-3.359895774142932e-05,-9.496024917091931e-06,1.0,1.0,0.0,537.8938184477088,0.0,1.0,189.91085250348578,0.0,0.0,1.0
frame_0764.jpg,frame_0764,764,D:\visualization2026\visualization\left_downsample2_Q44\frame_0764.jpg,D:\visualization2026\visualization\right_downsample2_Q44\frame_0764.jpg,D:\visualization2026\dowsample2_Q44\stitched_frames\frame_0764.jpg,D:\visualization2026\dowsample2_Q44_hess_matched\stitched_frames\frame_0764.jpg,2141,1503,-0.023266402285026522,-0.006623320813944178,200.79780244967358,-27.521121067411226,222.35914803382911,-29.252804303917515,-21.561345584155532,1.7316832365062886,21.630773223141613,-21.302412326145358,8.305661608050276,22.8643124904413,0,1,-10.651206163072679,4.152830804025138,10.651206163072679,-4.152830804025138,0,0,21.630773223141613,1605.254441021341,762.937109240751,1382.895292987512,792.1899135446686,12,12,1.1391031634555298,0.15389355477574865,-10.86627077719043,-0.14421835319708792,1.068157997405486,234.75590763788986,-1.2210651943955593e-05,5.446883772555966e-06,1.0,1.0,0.0,551.6512061630726,0.0,1.0,155.84716919597486,0.0,0.0,1.0
frame_0766.jpg,frame_0766,766,D:\visualization2026\visualization\left_downsample2_Q44\frame_0766.jpg,D:\visualization2026\visualization\right_downsample2_Q44\frame_0766.jpg,D:\visualization2026\dowsample2_Q44\stitched_frames\frame_0766.jpg,D:\visualization2026\dowsample2_Q44_hess_matched\stitched_frames\frame_0766.jpg,2141,1486,-0.023566578131890004,-0.006639488025906415,202.7154457814044,-27.717039965031915,215.1255041995414,-30.49817815864901,-12.410058418136998,2.781138193617096,12.717872447605721,-20.224363837287285,7.562040449200998,21.591881538632194,0,1,-10.112181918643643,3.781020224600499,10.112181918643643,-3.781020224600499,0,0,12.717872447605721,1597.4252074636365,758.6163619006982,1382.2997032640951,789.1145400593472,12,12,1.1298491388132659,0.16016622269314754,-9.784574026665979,-0.1471342767111999,1.0647514859127478,238.7323683358134,-1.7152099545472188e-05,1.4980044989103362e-05,1.0,1.0,0.0,551.1121819186436,0.0,1.0,159.2189797753995,0.0,0.0,1.0
frame_0768.jpg,frame_0768,768,D:\visualization2026\visualization\left_downsample2_Q44\frame_0768.jpg,D:\visualization2026\visualization\right_downsample2_Q44\frame_0768.jpg,D:\visualization2026\dowsample2_Q44\stitched_frames\frame_0768.jpg,D:\visualization2026\dowsample2_Q44_hess_matched\stitched_frames\frame_0768.jpg,2141,1505,-0.023617636802506947,-0.006575620495859025,202.3945502235628,-27.597341846382047,214.45958966624767,-39.70633958543738,-12.065039442684878,12.10899773905533,17.09365388084095,-18.009921623042302,3.9703008542014118,18.44235792248375,0,1,-9.004960811521151,1.9851504271007059,9.004960811521151,-1.9851504271007059,0,0,17.09365388084095,1597.1490643897864,757.000413969065,1382.6894747235388,796.7067535545024,12,12,1.1323522449907213,0.15505186667745,-9.074541932806788,-0.14506029934782044,1.0706509010415388,233.91055365073876,-1.3079352535706156e-05,6.679228312146071e-06,1.0,1.0,0.0,550.0049608115212,0.0,1.0,173.0148495728993,0.0,0.0,1.0
frame_0770.jpg,frame_0770,770,D:\visualization2026\visualization\left_downsample2_Q44\frame_0770.jpg,D:\visualization2026\visualization\right_downsample2_Q44\frame_0770.jpg,D:\visualization2026\dowsample2_Q44\stitched_frames\frame_0770.jpg,D:\visualization2026\dowsample2_Q44_hess_matched\stitched_frames\frame_0770.jpg,2153,1503,-0.023441495675438406,-0.006249838012819531,198.1970015452342,-26.755833989604106,220.0140542905142,-37.479634451948755,-21.817052745279994,10.723800462344649,24.310156043236592,-17.330891013862683,6.653934546427665,18.56433753955497,0,1,-8.665445506931341,3.3269672732138327,8.665445506931341,-3.3269672732138327,0,0,24.310156043236592,1613.5469919759742,749.3957364679326,1393.53293768546,786.8753709198813,12,12,1.1509701613001924,0.165803984128333,-8.74271539079978,-0.14281442517571952,1.0862309067562677,231.84640570123887,-9.412542435578375e-06,1.5801366806592214e-05,1.0,1.0,0.0,561.6654455069313,0.0,1.0,172.67303272678618,0.0,0.0,1.0
frame_0772.jpg,frame_0772,772,D:\visualization2026\visualization\left_downsample2_Q44\frame_0772.jpg,D:\visualization2026\visualization\right_downsample2_Q44\frame_0772.jpg,D:\visualization2026\dowsample2_Q44\stitched_frames\frame_0772.jpg,D:\visualization2026\dowsample2_Q44_hess_matched\stitched_frames\frame_0772.jpg,2141,1503,-0.023167199441701092,-0.0058335764683974944,192.54489461160114,-25.654571561003106,214.74100653655523,-18.160456200486806,-22.196111924954096,-7.4941153605163,23.427102885799084,-18.15352026462449,10.963300946387918,21.207174862277206,0,1,-9.076760132312245,5.481650473193959,9.076760132312245,-5.481650473193959,0,0,23.427102885799084,1596.0382127022585,766.020275976777,1381.2972061657033,784.1807321772638,12,12,1.1302601915811794,0.15743334013307314,-9.018769903258487,-0.14614130363313144,1.0745110517325422,239.31197368312385,-1.6446767925054483e-05,1.1278720409638526e-05,1.0,1.0,0.0,550.0767601323123,0.0,1.0,172.51834952680605,0.0,0.0,1.0
frame_0774.jpg,frame_0774,774,D:\visualization2026\visualization\left_downsample2_Q44\frame_0774.jpg,D:\visualization2026\visualization\right_downsample2_Q44\frame_0774.jpg,D:\visualization2026\dowsample2_Q44\stitched_frames\frame_0774.jpg,D:\visualization2026\dowsample2_Q44_hess_matched\stitched_frames\frame_0774.jpg,2164,1498,-0.022874125207933416,-0.005605147309880765,188.60713066437833,-24.974834859067446,206.77332320263577,-40.124686556705,-18.166192538257434,15.149851697637555,23.654356000480156,-17.93035454710854,16.46956596650915,24.346338889250113,0,1,-8.96517727355427,8.234782983254576,8.96517727355427,-8.234782983254576,0,0,23.654356000480156,1611.5471327264452,751.1668372528187,1404.7738095238094,791.2915238095237,12,12,1.1633547305249958,0.171268866180893,-8.476127210973056,-0.1371492368263941,1.098188777905175,227.26726040302205,-4.096883505395278e-06,2.1404925646340905e-05,1.0,1.0,0.0,572.9651772735542,0.0,1.0,176.76521701674542,0.0,0.0,1.0
frame_0776.jpg,frame_0776,776,D:\visualization2026\visualization\left_downsample2_Q44\frame_0776.jpg,D:\visualization2026\visualization\right_downsample2_Q44\frame_0776.jpg,D:\visualization2026\dowsample2_Q44\stitched_frames\frame_0776.jpg,D:\visualization2026\dowsample2_Q44_hess_matched\stitched_frames\frame_0776.jpg,2160,1502,-0.02263454213879834,-0.0056375869062814665,187.51701362832623,-24.922619157575877,204.04021830027227,-49.25058935099423,-16.523204671946047,24.327970193418356,29.408611432076686,-13.086990963508157,25.097805365960863,28.304931843525043,0,1,-6.5434954817540785,12.548902682980431,6.5434954817540785,-12.548902682980431,0,0,29.408611432076686,1604.1710513950331,756.6958750062918,1400.1308330947609,805.946464357286,12,12,1.1489804784583841,0.16904417312373232,-6.923551356446367,-0.14103666969919165,1.0953589799957482,238.03142998583783,-1.0106501406737866e-05,2.058901335208061e-05,1.0,1.0,0.0,566.5434954817541,0.0,1.0,193.45109731701956,0.0,0.0,1.0
frame_0778.jpg,frame_0778,778,D:\visualization2026\visualization\left_downsample2_Q44\frame_0778.jpg,D:\visualization2026\visualization\right_downsample2_Q44\frame_0778.jpg,D:\visualization2026\dowsample2_Q44\stitched_frames\frame_0778.jpg,D:\visualization2026\dowsample2_Q44_hess_matched\stitched_frames\frame_0778.jpg,2173,1505,-0.022604494017189003,-0.005715037759771946,188.09308075152987,-25.08463254091181,199.042291606635,-64.7249553805733,-10.949210855105122,39.64032283966149,41.12469347219673,-8.470879148295307,33.41892574622375,34.47579428492752,0,1,-4.235439574147653,16.709462873111875,4.235439574147653,-16.709462873111875,0,0,41.12469347219673,1611.8855956421703,758.3967722444148,1412.8433040355353,823.1217276249881,12,12,1.1486700776225152,0.18082512249306418,-4.019297757323647,-0.1463686180519785,1.1057948648001832,250.09036600245125,-1.4901845790598583e-05,3.0071328438212913e-05,1.0,1.0,0.0,577.2354395741477,0.0,1.0,211.29053712688813,0.0,0.0,1.0
frame_0780.jpg,frame_0780,780,D:\visualization2026\visualization\left_downsample2_Q44\frame_0780.jpg,D:\visualization2026\visualization\right_downsample2_Q44\frame_0780.jpg,D:\visualization2026\dowsample2_Q44\stitched_frames\frame_0780.jpg,D:\visualization2026\dowsample2_Q44_hess_matched\stitched_frames\frame_0780.jpg,2203,1506,-0.022972950901461453,-0.005608731045804616,189.22157787753588,-25.035342060021964,186.82181270481396,-78.90033951962516,2.3997651727219136,53.8649974596032,53.918427501247365,-4.030620677703599,36.517299106764895,36.73906690568589,0,1,-2.0153103388517994,18.258649553382448,2.0153103388517994,-18.258649553382448,0,0,53.918427501247365,1628.9571503464736,741.4658682166303,1442.1353376416596,820.3662077362554,12,12,1.1832811904282845,0.1904005688794128,-1.8429484443306539,-0.13807794212719754,1.123862028509747,238.6737208171322,-7.332112716234051e-07,3.476430595842461e-05,1.0,1.0,0.0,605.0153103388518,0.0,1.0,217.74135044661756,0.0,0.0,1.0
frame_0782.jpg,frame_0782,782,D:\visualization2026\visualization\left_downsample2_Q44\frame_0782.jpg,D:\visualization2026\visualization\right_downsample2_Q44\frame_0782.jpg,D:\visualization2026\dowsample2_Q44\stitched_frames\frame_0782.jpg,D:\visualization2026\dowsample2_Q44_hess_matched\stitched_frames\frame_0782.jpg,2206,1498,-0.024134508908788432,-0.005010561447168105,190.22417592339727,-24.27574436535265,189.33972877228712,-58.38723090615076,0.8844471511101517,34.11148654079811,34.122950645953196,-3.751543187614101,38.18594431719599,38.369785244180434,0,1,-1.8757715938070505,19.092972158597995,1.8757715938070505,-19.092972158597995,0,0,34.122950645953196,1634.336541290398,736.4747414690062,1444.9968125181108,794.8619723751569,12,12,1.1962831405658554,0.17913626412556027,-1.9979591544248678,-0.12792340054833698,1.1195705279158308,224.28313113081146,8.153103353453466e-06,2.7957634496495417e-05,1.0,1.0,0.0,607.875771593807,0.0,1.0,190.907027841402,0.0,0.0,1.0
frame_0784.jpg,frame_0784,784,D:\visualization2026\visualization\left_downsample2_Q44\frame_0784.jpg,D:\visualization2026\visualization\right_downsample2_Q44\frame_0784.jpg,D:\visualization2026\dowsample2_Q44\stitched_frames\frame_0784.jpg,D:\visualization2026\dowsample2_Q44_hess_matched\stitched_frames\frame_0784.jpg,2207,1499,-0.025580021004736664,-0.0040746887636592954,189.61200870094117,-22.890630420698084,185.57690888624006,-53.532348921041375,4.035099814701113,30.64171850034329,30.906260582103446,-3.6925878666121434,38.689294679774385,38.8651093909572,0,1,-1.8462939333060717,19.344647339887192,1.8462939333060717,-19.344647339887192,0,0,30.906260582103446,1629.1995031895501,730.3407265216068,1443.62259430331,783.8730754426482,12,12,1.2019057024869038,0.17556933914498044,-1.9121789150436257,-0.12493099807008684,1.1188303467579652,219.20871770171777,1.2771763199608478e-05,2.3910759473314343e-05,1.0,1.0,0.0,608.846293933306,0.0,1.0,186.6553526601128,0.0,0.0,1.0
frame_0786.jpg,frame_0786,786,D:\visualization2026\visualization\left_downsample2_Q44\frame_0786.jpg,D:\visualization2026\visualization\right_downsample2_Q44\frame_0786.jpg,D:\visualization2026\dowsample2_Q44\stitched_frames\frame_0786.jpg,D:\visualization2026\dowsample2_Q44_hess_matched\stitched_frames\frame_0786.jpg,2203,1501,-0.026361931525172078,-0.0031663946773460294,185.37553439581626,-21.21784442269025,200.50335161731482,-53.8890406682641,-15.12781722149856,32.67119624557385,36.003582016292036,-7.76019088601401,38.23001198276609,39.00967032403393,0,1,-3.880095443007005,19.115005991383043,3.880095443007005,-19.115005991383043,0,0,36.003582016292036,1635.234080931401,740.9336784561816,1434.7307293140861,794.8227191244457,12,12,1.1860405263280136,0.18169281628423048,-3.8700969501844584,-0.13338530545924304,1.120650404222277,232.48623335377334,1.367087151260096e-06,3.150055848819272e-05,1.0,1.0,0.0,606.880095443007,0.0,1.0,197.88499400861696,0.0,0.0,1.0
frame_0788.jpg,frame_0788,788,D:\visualization2026\visualization\left_downsample2_Q44\frame_0788.jpg,D:\visualization2026\visualization\right_downsample2_Q44\frame_0788.jpg,D:\visualization2026\dowsample2_Q44\stitched_frames\frame_0788.jpg,D:\visualization2026\dowsample2_Q44_hess_matched\stitched_frames\frame_0788.jpg,2207,1500,-0.025632570810701027,-0.002957705908283703,179.07058745040905,-20.35267244218049,189.72502170050439,-62.50974709473394,-10.654434250095335,42.15707465255345,43.482593212118445,-12.650406490508953,41.91134850656999,43.77892093250218,0,1,-6.325203245254476,20.955674253284997,6.325203245254476,-20.955674253284997,0,0,43.482593212118445,1631.746395746306,749.8028228798207,1442.0213740458016,812.3125699745547,12,12,1.1981862145778432,0.18254843216625685,-6.6593419387739115,-0.12948108281740509,1.1269887091350512,228.67576580095835,7.27228472478538e-06,3.286459284388856e-05,1.0,1.0,0.0,613.3252032452544,0.0,1.0,193.044325746715,0.0,0.0,1.0
frame_0790.jpg,frame_0790,790,D:\visualization2026\visualization\left_downsample2_Q44\frame_0790.jpg,D:\visualization2026\visualization\right_downsample2_Q44\frame_0790.jpg,D:\visualization2026\dowsample2_Q44\stitched_frames\frame_0790.jpg,D:\visualization2026\dowsample2_Q44_hess_matched\stitched_frames\frame_0790.jpg,2219,1502,-0.024047666400663692,-0.003364973953240702,173.73066548329533,-20.449826604091015,191.66891540758274,-72.01841057865272,-17.93824992428742,51.568583974561705,54.5994474650396,-17.607490007244344,40.53994843228545,44.19854209414122,0,1,-8.803745003622172,20.269974216142725,8.803745003622172,-20.269974216142725,0,0,54.5994474650396,1645.3761765286679,763.6394789086802,1453.7072611210851,835.6578894873329,12,12,1.1963679119239405,0.1925364486917789,-8.395123703005826,-0.13175743406287158,1.1389104059187034,230.74638249184142,2.1418078423049906e-06,4.1277176815210346e-05,1.0,1.0,0.0,627.8037450036222,0.0,1.0,216.7300257838573,0.0,0.0,1.0
frame_0792.jpg,frame_0792,792,D:\visualization2026\visualization\left_downsample2_Q44\frame_0792.jpg,D:\visualization2026\visualization\right_downsample2_Q44\frame_0792.jpg,D:\visualization2026\dowsample2_Q44\stitched_frames\frame_0792.jpg,D:\visualization2026\dowsample2_Q44_hess_matched\stitched_frames\frame_0792.jpg,2221,1498,-0.02284922988656579,-0.0037349532509410865,170.2952749457882,-20.665754527140887,193.86190581715277,-73.18392368695856,-23.566630871364566,52.518169159817674,57.56339272946286,-21.167471751502422,38.00868220856424,43.50542246182975,0,1,-10.583735875751211,19.00434110428212,10.583735875751211,-19.00434110428212,0,0,57.56339272946286,1649.1150541839374,748.607300240629,1455.2531483667847,821.7912239275876,12,12,1.2051079852776903,0.18884062209945082,-10.162633109937667,-0.1266246624477619,1.136614426982023,221.58169057269384,8.194831426516805e-06,3.745435751220828e-05,1.0,1.0,0.0,631.5837358757512,0.0,1.0,210.9956588957179,0.0,0.0,1.0
frame_0794.jpg,frame_0794,794,D:\visualization2026\visualization\left_downsample2_Q44\frame_0794.jpg,D:\visualization2026\visualization\right_downsample2_Q44\frame_0794.jpg,D:\visualization2026\dowsample2_Q44\stitched_frames\frame_0794.jpg,D:\visualization2026\dowsample2_Q44_hess_matched\stitched_frames\frame_0794.jpg,2221,1501,-0.021597267913271545,-0.003913686185674392,164.68830260364155,-20.414068767348105,185.43862037261738,-44.19878689626864,-20.750317768975833,23.784718128920538,31.564038144471876,-26.577883506572466,36.28747526368299,44.97960374104402,0,1,-13.288941753286233,18.143737631841496,13.288941753286233,-18.143737631841496,0,0,31.564038144471876,1641.5028214157658,767.4282401307584,1456.0642010431484,811.627027027027,12,12,1.2104640917499014,0.1844330274901167,-13.641004442527171,-0.12681227910169268,1.1424042140376007,221.74816631113438,9.038967229210743e-06,4.006683464546927e-05,1.0,1.0,0.0,634.2889417532863,0.0,1.0,195.8562623681585,0.0,0.0,1.0
frame_0796.jpg,frame_0796,796,D:\visualization2026\visualization\left_downsample2_Q44\frame_0796.jpg,D:\visualization2026\visualization\right_downsample2_Q44\frame_0796.jpg,D:\visualization2026\dowsample2_Q44\stitched_frames\frame_0796.jpg,D:\visualization2026\dowsample2_Q44_hess_matched\stitched_frames\frame_0796.jpg,2219,1499,-0.019810974929511227,-0.004115640122755282,156.17290022014376,-19.933080831140515,189.1006261629327,-39.947945958108335,-32.92772594278895,20.01486512696782,38.53349143036651,-30.556702375674853,32.647136438424035,44.71630102887142,0,1,-15.278351187837426,16.323568219212017,15.278351187837426,-16.323568219212017,0,0,38.53349143036651,1642.118503033476,754.5084164000316,1453.0178768705432,794.4563623581399,12,12,1.2105784317559922,0.17865524605722952,-15.473225756107137,-0.12313308514322771,1.1370402087218987,213.30087393668168,1.2256561329447731e-05,3.4445223462870624e-05,1.0,1.0,0.0,634.2783511878374,0.0,1.0,191.676431780788,0.0,0.0,1.0
frame_0798.jpg,frame_0798,798,D:\visualization2026\visualization\left_downsample2_Q44\frame_0798.jpg,D:\visualization2026\visualization\right_downsample2_Q44\frame_0798.jpg,D:\visualization2026\dowsample2_Q44\stitched_frames\frame_0798.jpg,D:\visualization2026\dowsample2_Q44_hess_matched\stitched_frames\frame_0798.jpg,2215,1499,-0.01894620988395168,-0.0041736590180265765,151.6643966866272,-19.608923184000723,189.37088971207277,-53.15996311214792,-37.70649302544555,33.5510399281472,50.47228840203406,-31.882672819058556,31.75011061115515,44.99527030597463,0,1,-15.941336409529278,15.875055305577575,15.941336409529278,-15.875055305577575,0,0,50.47228840203406,1639.323298992263,752.3657160470826,1449.9524092801903,805.5256791592305,12,12,1.2033515424643701,0.17060267403848559,-15.385706942104072,-0.12261576431264844,1.1247021194549147,212.53225127595192,1.128512915502895e-05,2.609521401991684e-05,1.0,1.0,0.0,630.9413364095293,0.0,1.0,189.12494469442242,0.0,0.0,1.0
frame_0800.jpg,frame_0800,800,D:\visualization2026\visualization\left_downsample2_Q44\frame_0800.jpg,D:\visualization2026\visualization\right_downsample2_Q44\frame_0800.jpg,D:\visualization2026\dowsample2_Q44\stitched_frames\frame_0800.jpg,D:\visualization2026\dowsample2_Q44_hess_matched\stitched_frames\frame_0800.jpg,2215,1499,-0.01975366080344021,-0.003918518790179848,153.92203134495472,-19.44996803720043,191.75437561475405,-52.81685788546736,-37.832344269799336,33.36688984826692,50.44438136299222,-29.594906743165158,31.640764679508013,43.32431759001686,0,1,-14.797453371582579,15.820382339754007,14.797453371582579,-15.820382339754007,0,0,50.44438136299222,1640.8197127467577,749.6832370812942,1449.0653371320036,802.5000949667616,12,12,1.1994410481398035,0.17777348389402792,-14.341360682210366,-0.12772273121454542,1.1329328211200924,220.47594544387508,5.382008955193947e-06,3.5780324938601525e-05,1.0,1.0,0.0,629.7974533715826,0.0,1.0,197.17961766024598,0.0,0.0,1.0
frame_0802.jpg,frame_0802,802,D:\visualization2026\visualization\left_downsample2_Q44\frame_0802.jpg,D:\visualization2026\visualization\right_downsample2_Q44\frame_0802.jpg,D:\visualization2026\dowsample2_Q44\stitched_frames\frame_0802.jpg,D:\visualization2026\dowsample2_Q44_hess_matched\stitched_frames\frame_0802.jpg,2232,1506,-0.02121576639165923,-0.0034420952708503205,157.86997690671743,-19.129004814549862,188.0664599950005,-67.16204483802312,-30.196483088283088,48.03304002347326,56.73623643490596,-25.40817110597524,33.172469681356034,41.78502008747872,0,1,-12.70408555298762,16.586234840678017,12.70408555298762,-16.586234840678017,0,0,56.73623643490596,1653.9980178415067,754.1768249596096,1465.9315578465062,821.3388697976327,12,12,1.209829218279941,0.18036160327971273,-12.759913475601577,-0.12568926116436696,1.1402731597420865,217.46773905919537,1.0153926822277756e-05,3.449344278146009e-05,1.0,1.0,0.0,644.7040855529876,0.0,1.0,214.413765159322,0.0,0.0,1.0
frame_0804.jpg,frame_0804,804,D:\visualization2026\visualization\left_downsample2_Q44\frame_0804.jpg,D:\visualization2026\visualization\right_downsample2_Q44\frame_0804.jpg,D:\visualization2026\dowsample2_Q44\stitched_frames\frame_0804.jpg,D:\visualization2026\dowsample2_Q44_hess_matched\stitched_frames\frame_0804.jpg,2233,1507,-0.022367159950502757,-0.0030094785970046223,160.42103047776112,-18.74431227765409,169.73251786726996,-41.98230074833896,-9.31148738950884,23.23798847068487,25.034134807671407,-22.460633055611503,36.576748845649554,42.92247189266427,0,1,-11.230316527805751,18.288374422824777,11.230316527805751,-18.288374422824777,0,0,25.034134807671407,1635.5112618286225,769.5642692999702,1465.7787439613526,811.5465700483091,12,12,1.2019250876280962,0.18588478937024466,-11.212728335205536,-0.13017057449019642,1.1459581740326907,226.77070056741152,4.91236742146525e-06,4.186224492896248e-05,1.0,1.0,0.0,644.2303165278057,0.0,1.0,213.71162557717523,0.0,0.0,1.0
frame_0806.jpg,frame_0806,806,D:\visualization2026\visualization\left_downsample2_Q44\frame_0806.jpg,D:\visualization2026\visualization\right_downsample2_Q44\frame_0806.jpg,D:\visualization2026\dowsample2_Q44\stitched_frames\frame_0806.jpg,D:\visualization2026\dowsample2_Q44_hess_matched\stitched_frames\frame_0806.jpg,2240,1506,-0.022665295541369535,-0.002589132664467031,158.0867048103573,-17.936463555887833,170.08075256719667,-45.609853692095726,-11.994047756839365,27.673390136207892,30.160797456700507,-24.79249187982517,35.04408533107452,42.927328944424545,0,1,-12.396245939912585,17.52204266553726,12.396245939912585,-17.52204266553726,0,0,30.160797456700507,1643.3761617488335,763.3808316039788,1473.2954091816368,808.9906852960745,12,12,1.2109673398090177,0.1966761646772397,-12.684388084072719,-0.12916694376090307,1.16004518570876,224.80119514957835,5.356931291457787e-06,5.1138558275065754e-05,1.0,1.0,0.0,652.3962459399125,0.0,1.0,217.47795733446273,0.0,0.0,1.0
frame_0808.jpg,frame_0808,808,D:\visualization2026\visualization\left_downsample2_Q44\frame_0808.jpg,D:\visualization2026\visualization\right_downsample2_Q44\frame_0808.jpg,D:\visualization2026\dowsample2_Q44\stitched_frames\frame_0808.jpg,D:\visualization2026\dowsample2_Q44_hess_matched\stitched_frames\frame_0808.jpg,2242,1504,-0.022533840985966558,-0.001994371158500541,151.53856811994535,-16.50073755236095,174.50737089357222,-67.07317330197577,-22.968802773626862,50.572435749614826,55.544011004812106,-26.73432545893688,28.12779468800775,38.805888622154725,0,1,-13.36716272946844,14.063897344003875,13.36716272946844,-14.063897344003875,0,0,55.544011004812106,1648.3325409615993,751.0744457456433,1473.825170068027,818.1476190476191,12,12,1.2180884590650003,0.18773318737153918,-13.163739247672787,-0.12561812982970766,1.1469703875382284,215.3228741930495,1.1240017390477414e-05,4.064940840381297e-05,1.0,1.0,0.0,655.3671627294684,0.0,1.0,211.93610265599614,0.0,0.0,1.0
frame_0810.jpg,frame_0810,810,D:\visualization2026\visualization\left_downsample2_Q44\frame_0810.jpg,D:\visualization2026\visualization\right_downsample2_Q44\frame_0810.jpg,D:\visualization2026\dowsample2_Q44\stitched_frames\frame_0810.jpg,D:\visualization2026\dowsample2_Q44_hess_matched\stitched_frames\frame_0810.jpg,2245,1504,-0.02212412832515087,-0.001643336878130397,145.72578518748665,-15.477674407326115,195.21742357835433,-41.18124668271787,-49.49163839086768,25.703572275391757,55.768233774512666,-36.22573326238428,21.539418185901884,42.14558442096367,0,1,-18.11286663119214,10.769709092950942,18.11286663119214,-10.769709092950942,0,0,55.768233774512666,1669.657593309613,774.321629319168,1474.4401697312587,815.5028760018859,12,12,1.22410125190158,0.19164394768492884,-17.845397767502313,-0.125167924331893,1.1538469694672266,211.62674102334884,1.33945794280606e-05,4.4681134481728855e-05,1.0,1.0,0.0,663.1128666311921,0.0,1.0,216.23029090704907,0.0,0.0,1.0
frame_0812.jpg,frame_0812,812,D:\visualization2026\visualization\left_downsample2_Q44\frame_0812.jpg,D:\visualization2026\visualization\right_downsample2_Q44\frame_0812.jpg,D:\visualization2026\dowsample2_Q44\stitched_frames\frame_0812.jpg,D:\visualization2026\dowsample2_Q44_hess_matched\stitched_frames\frame_0812.jpg,2243,1508,-0.021671549134445356,-0.0011149745476531914,137.93913107156877,-14.024606696340681,177.8447820554104,-27.47619350448008,-39.90565098384164,13.451586808139398,42.111829313164385,-47.81798594269495,14.379029460586132,49.933117946350755,0,1,-23.908992971347477,7.189514730293066,23.908992971347477,-7.189514730293066,0,0,42.111829313164385,1650.465394160622,785.9266616827693,1472.6206121052116,813.4028551872494,12,12,1.2261499870753438,0.1838711943725521,-24.022238448576747,-0.12310197425135039,1.1531731086335597,204.53884105770027,1.593223357945452e-05,4.015774210267957e-05,1.0,1.0,0.0,666.9089929713475,0.0,1.0,217.81048526970693,0.0,0.0,1.0
frame_0814.jpg,frame_0814,814,D:\visualization2026\visualization\left_downsample2_Q44\frame_0814.jpg,D:\visualization2026\visualization\right_downsample2_Q44\frame_0814.jpg,D:\visualization2026\dowsample2_Q44\stitched_frames\frame_0814.jpg,D:\visualization2026\dowsample2_Q44_hess_matched\stitched_frames\frame_0814.jpg,2235,1503,-0.021431293469148183,0.0005388401631433171,120.46590070470874,-10.098640677965676,177.23442711145458,-0.39474663812120525,-56.768526406745835,-9.70389403984447,57.59193650095409,-56.25041476569003,5.868243309618569,56.555684425644095,0,1,-28.125207382845016,2.9341216548092843,28.125207382845016,-2.9341216548092843,0,0,57.59193650095409,1641.824943067315,782.3480707393517,1464.5905159558604,782.7428173774729,12,12,1.2099533178542137,0.17491055290945676,-28.440189384497668,-0.1267206654562975,1.1417042540175317,205.9656949122977,8.943411577693334e-06,3.900848777431463e-05,1.0,1.0,0.0,663.125207382845,0.0,1.0,196.06587834519073,0.0,0.0,1.0
frame_0816.jpg,frame_0816,816,D:\visualization2026\visualization\left_downsample2_Q44\frame_0816.jpg,D:\visualization2026\visualization\right_downsample2_Q44\frame_0816.jpg,D:\visualization2026\dowsample2_Q44\stitched_frames\frame_0816.jpg,D:\visualization2026\dowsample2_Q44_hess_matched\stitched_frames\frame_0816.jpg,2230,1503,-0.02135167563161433,0.001816821687229131,107.58544803758289,-7.12095032866974,177.54075919597562,1.0076031617011267,-69.95531115839273,-8.128553490370866,70.42598200318805,-57.05268563470983,2.7100205176564227,57.11701278375073,0,1,-28.526342817354916,1.3550102588282114,28.526342817354916,-1.3550102588282114,0,0,70.42598200318805,1636.3194531586332,770.3019828413524,1458.7786939626576,769.2943796796512,12,12,1.2011109205311723,0.1683036572808353,-28.827435726423104,-0.12667210406123716,1.1318127950541013,203.60115342571444,7.178605796692341e-06,3.202294392255535e-05,1.0,1.0,0.0,658.5263428173549,0.0,1.0,195.6449897411718,0.0,0.0,1.0
frame_0818.jpg,frame_0818,818,D:\visualization2026\visualization\left_downsample2_Q44\frame_0818.jpg,D:\visualization2026\visualization\right_downsample2_Q44\frame_0818.jpg,D:\visualization2026\dowsample2_Q44\stitched_frames\frame_0818.jpg,D:\visualization2026\dowsample2_Q44_hess_matched\stitched_frames\frame_0818.jpg,2233,1501,-0.021382829000205494,0.0014397196668555212,111.43109195366651,-8.003647968839667,176.56203884226875,-16.02215296361669,-65.13094688860224,8.018504994777023,65.62268407309465,-55.96216960021033,2.087568072726068,56.00109255024379,0,1,-27.981084800105165,1.043784036363034,27.981084800105165,-1.043784036363034,0,0,65.62268407309465,1637.7142213819513,767.6154462427324,1461.1521825396826,783.6375992063491,12,12,1.2093913958571993,0.17019627058399786,-28.374888507229272,-0.12302653127434658,1.137194446817442,197.61935168106785,1.162006959990332e-05,3.3657173085948616e-05,1.0,1.0,0.0,660.9810848001051,0.0,1.0,192.95621596363696,0.0,0.0,1.0
frame_0820.jpg,frame_0820,820,D:\visualization2026\visualization\left_downsample2_Q44\frame_0820.jpg,D:\visualization2026\visualization\right_downsample2_Q44\frame_0820.jpg,D:\visualization2026\dowsample2_Q44\stitched_frames\frame_0820.jpg,D:\visualization2026\dowsample2_Q44_hess_matched\stitched_frames\frame_0820.jpg,2231,1502,-0.021470602544292117,8.877357346248615e-05,125.06810982980778,-11.153254966779633,178.57110256577448,-21.06571328236066,-53.5029927359667,9.912458315581029,54.41348235100412,-50.939257734581375,9.978693856452736,51.90743982928571,0,1,-25.469628867290687,4.989346928226368,25.469628867290687,-4.989346928226368,0,0,54.41348235100412,1637.1032626975023,765.0200127647731,1458.5321601317278,786.0857260471338,12,12,1.2038414784201945,0.16943318182689407,-25.739541909060684,-0.12523391087019692,1.1355222330235297,205.25574994981667,8.309949443662607e-06,3.350702315245017e-05,1.0,1.0,0.0,656.4696288672907,0.0,1.0,192.01065307177362,0.0,0.0,1.0
frame_0822.jpg,frame_0822,822,D:\visualization2026\visualization\left_downsample2_Q44\frame_0822.jpg,D:\visualization2026\visualization\right_downsample2_Q44\frame_0822.jpg,D:\visualization2026\dowsample2_Q44\stitched_frames\frame_0822.jpg,D:\visualization2026\dowsample2_Q44_hess_matched\stitched_frames\frame_0822.jpg,2247,1491,-0.0215022528868416,-0.0009950129199997604,135.78093810435365,-13.659498385886748,170.2340089156978,-23.998822969374373,-34.45307081134416,10.339324583487626,35.97104003464741,-42.22176871708413,21.76510947642621,47.501555175802004,0,1,-21.110884358542066,10.882554738213106,21.110884358542066,-10.882554738213106,0,0,35.97104003464741,1645.0487679518424,758.4599119703846,1474.8147590361446,782.458734939759,12,12,1.2329185226781512,0.1788800162288037,-20.996183296886088,-0.12091821763885653,1.1600738728431985,204.91794365966447,1.5159074496961734e-05,5.2779340881466437e-05,1.0,1.0,0.0,668.1108843585421,0.0,1.0,188.11744526178688,0.0,0.0,1.0
frame_0824.jpg,frame_0824,824,D:\visualization2026\visualization\left_downsample2_Q44\frame_0824.jpg,D:\visualization2026\visualization\right_downsample2_Q44\frame_0824.jpg,D:\visualization2026\dowsample2_Q44\stitched_frames\frame_0824.jpg,D:\visualization2026\dowsample2_Q44_hess_matched\stitched_frames\frame_0824.jpg,2274,1501,-0.0214032143630436,-0.0010298478760928376,135.53841656582856,-13.6871278992438,167.19238364442958,-43.43886277803267,-31.653967078601028,29.751734878788874,43.44121729545456,-35.933794779750805,32.56621669715892,48.4953201581303,0,1,-17.966897389875403,16.28310834857946,17.966897389875403,-16.28310834857946,0,0,43.44121729545456,1668.3045039964024,754.5898059701933,1501.1121203519729,798.028668748226,12,12,1.2571588102982643,0.19575056927759,-17.406904984470675,-0.11439811611808645,1.1797036522527966,199.82461203842234,2.3129101511270864e-05,5.4100977414684325e-05,1.0,1.0,0.0,691.9668973898754,0.0,1.0,203.71689165142055,0.0,0.0,1.0
frame_0826.jpg,frame_0826,826,D:\visualization2026\visualization\left_downsample2_Q44\frame_0826.jpg,D:\visualization2026\visualization\right_downsample2_Q44\frame_0826.jpg,D:\visualization2026\dowsample2_Q44\stitched_frames\frame_0826.jpg,D:\visualization2026\dowsample2_Q44_hess_matched\stitched_frames\frame_0826.jpg,2273,1500,-0.02127138889385083,-0.0009765838231065582,134.2478554841923,-13.49504730830396,160.61572155509884,-64.29857191780047,-26.36786607090653,50.80352460949651,57.23864493400399,-31.581760565513054,42.99189901566235,53.345205795744235,0,1,-15.790880282756527,21.495949507831174,15.790880282756527,-21.495949507831174,0,0,57.23864493400399,1660.6736801967227,756.413437188631,1500.0579586416238,820.7120091064314,12,12,1.245091537876999,0.19885593608279992,-15.368037030717298,-0.11886481525700199,1.1848468518188942,211.97801689088246,1.662485776303374e-05,6.133182293844685e-05,1.0,1.0,0.0,688.7908802827566,0.0,1.0,226.50405049216883,0.0,0.0,1.0
frame_0828.jpg,frame_0828,828,D:\visualization2026\visualization\left_downsample2_Q44\frame_0828.jpg,D:\visualization2026\visualization\right_downsample2_Q44\frame_0828.jpg,D:\visualization2026\dowsample2_Q44\stitched_frames\frame_0828.jpg,D:\visualization2026\dowsample2_Q44_hess_matched\stitched_frames\frame_0828.jpg,2280,1513,-0.021134416428996272,-0.0009235330681358067,132.92917783609815,-13.300734097183936,166.62025503803375,-75.32477519562451,-33.6910772019356,62.02404109844058,70.58378253683938,-31.602052820696294,53.4528118153573,62.0958358785038,0,1,-15.801026410348147,26.72640590767865,15.801026410348147,-26.72640590767865,0,0,70.58378253683938,1672.8141133837494,754.0496675978376,1506.1938583457156,829.3744427934621,12,12,1.2522205540205469,0.21086859093922,-15.770523496513153,-0.12266315660991604,1.1926279638668709,223.29791860933878,1.8133637522779455e-05,6.180285012731399e-05,1.0,1.0,0.0,695.8010264103482,0.0,1.0,235.27359409232136,0.0,0.0,1.0
frame_0830.jpg,frame_0830,830,D:\visualization2026\visualization\left_downsample2_Q44\frame_0830.jpg,D:\visualization2026\visualization\right_downsample2_Q44\frame_0830.jpg,D:\visualization2026\dowsample2_Q44\stitched_frames\frame_0830.jpg,D:\visualization2026\dowsample2_Q44_hess_matched\stitched_frames\frame_0830.jpg,2269,1508,-0.02099648331165671,-0.0008420652488975722,131.32884099882332,-13.040637586462527,163.07166266360127,-75.0815074945607,-31.74282166477795,62.04086990809817,69.6898576996356,-32.708997344384436,60.15569836192502,68.47325428724602,0,1,-16.354498672192218,30.07784918096251,16.354498672192218,-30.07784918096251,0,0,69.6898576996356,1658.8141941101421,745.0412322853135,1495.7425314465409,820.1227397798742,12,12,1.234662553924685,0.20159039715680796,-16.237211974790167,-0.12263528304047572,1.1761414796073133,227.44384899405378,1.4892332018709146e-05,5.480350679616863e-05,1.0,1.0,0.0,685.3544986721922,0.0,1.0,227.92215081903748,0.0,0.0,1.0
frame_0832.jpg,frame_0832,832,D:\visualization2026\visualization\left_downsample2_Q44\frame_0832.jpg,D:\visualization2026\visualization\right_downsample2_Q44\frame_0832.jpg,D:\visualization2026\dowsample2_Q44\stitched_frames\frame_0832.jpg,D:\visualization2026\dowsample2_Q44_hess_matched\stitched_frames\frame_0832.jpg,2277,1512,-0.020833706294212107,-0.000767976179840979,129.65446087814584,-12.784348840434442,164.2089929654062,-75.42823742239682,-34.554532087260355,62.64388858196238,71.54210273984698,-37.69485421173622,61.29213048523912,71.95573148445943,0,1,-18.84742710586811,30.64606524261956,18.84742710586811,-30.64606524261956,0,0,71.54210273984698,1666.8287085313518,744.7662881961498,1502.6197155659456,820.1945256185467,12,12,1.2492738124817135,0.211353661484627,-18.849416711040522,-0.12171936771576351,1.197214824417641,226.50971263958567,1.785560950999885e-05,6.483714915377478e-05,1.0,1.0,0.0,695.8474271058681,0.0,1.0,232.35393475738044,0.0,0.0,1.0
frame_0834.jpg,frame_0834,834,D:\visualization2026\visualization\left_downsample2_Q44\frame_0834.jpg,D:\visualization2026\visualization\right_downsample2_Q44\frame_0834.jpg,D:\visualization2026\dowsample2_Q44\stitched_frames\frame_0834.jpg,D:\visualization2026\dowsample2_Q44_hess_matched\stitched_frames\frame_0834.jpg,2282,1510,-0.020693718651224824,-0.0006815273390350374,127.99369136279309,-12.51172395145293,165.18238105983482,-75.7778915630804,-37.18868969704174,63.26616761162747,73.38669229257712,-41.34899626563856,59.42566345748238,72.3957800533826,0,1,-20.67449813281928,29.71283172874119,20.67449813281928,-29.71283172874119,0,0,73.38669229257712,1672.716487340028,729.5575673741176,1507.534106280193,805.335458937198,12,12,1.2560967066065791,0.21127414415967566,-20.863019033136652,-0.12081892909853802,1.1909871736021351,224.12387606136568,2.005423102108409e-05,6.154604202612882e-05,1.0,1.0,0.0,702.6744981328193,0.0,1.0,229.28716827125882,0.0,0.0,1.0
frame_0836.jpg,frame_0836,836,D:\visualization2026\visualization\left_downsample2_Q44\frame_0836.jpg,D:\visualization2026\visualization\right_downsample2_Q44\frame_0836.jpg,D:\visualization2026\dowsample2_Q44\stitched_frames\frame_0836.jpg,D:\visualization2026\dowsample2_Q44_hess_matched\stitched_frames\frame_0836.jpg,2269,1514,-0.02064396312748462,-0.0005483393295606653,126.40816193018482,-12.179466820798282,177.70531233785027,-68.66515204686527,-51.297150407665455,56.48568522606699,76.30222981935046,-46.31495394980755,54.89014935107338,71.81924153843408,0,1,-23.157476974903776,27.44507467553669,23.157476974903776,-27.44507467553669,0,0,76.30222981935046,1671.4796258389945,736.7288220187335,1493.7743135011442,805.3939740655987,12,12,1.2320780316183368,0.2034744478979558,-22.91527976148456,-0.12639911274403776,1.180608468846329,230.3667514470708,1.2418079534509086e-05,5.7378814977018446e-05,1.0,1.0,0.0,692.1574769749038,0.0,1.0,236.5549253244633,0.0,0.0,1.0
frame_0838.jpg,frame_0838,838,D:\visualization2026\visualization\left_downsample2_Q44\frame_0838.jpg,D:\visualization2026\visualization\right_downsample2_Q44\frame_0838.jpg,D:\visualization2026\dowsample2_Q44\stitched_frames\frame_0838.jpg,D:\visualization2026\dowsample2_Q44_hess_matched\stitched_frames\frame_0838.jpg,2282,1507,-0.020749425008338873,-0.0003592239860618074,125.18977955126654,-11.800846723323863,177.15156702271383,-64.49255268298077,-51.961787471447295,52.69170595965691,74.00299476485259,-46.30740259053239,48.290361834413496,66.90541518278043,0,1,-23.153701295266195,24.145180917206748,23.153701295266195,-24.145180917206748,0,0,74.00299476485259,1681.7810409036595,724.9621711746026,1504.6294738809456,789.4547238575834,12,12,1.2611125077892331,0.19980430657038162,-22.681634742041787,-0.1170195933387476,1.18198902418195,211.88327377863862,2.584301378908196e-05,5.3722250893391435e-05,1.0,1.0,0.0,705.1537012952662,0.0,1.0,213.85481908279326,0.0,0.0,1.0
frame_0840.jpg,frame_0840,840,D:\visualization2026\visualization\left_downsample2_Q44\frame_0840.jpg,D:\visualization2026\visualization\right_downsample2_Q44\frame_0840.jpg,D:\visualization2026\dowsample2_Q44\stitched_frames\frame_0840.jpg,D:\visualization2026\dowsample2_Q44_hess_matched\stitched_frames\frame_0840.jpg,2265,1497,-0.02091736120872023,-0.00021959618949962678,124.81851409323694,-11.568948181700874,181.39112417885985,-50.93224755775407,-56.57261008562291,39.36329937605319,68.91973265813436,-47.44286712809112,44.21863267591699,64.85455355687358,0,1,-23.72143356404556,22.109316337958496,23.72143356404556,-22.109316337958496,0,0,68.91973265813436,1668.5796213604783,708.727444808731,1487.1884971816185,759.659692366485,12,12,1.2516986325177286,0.17005974289429018,-23.4741701322125,-0.11343448232077236,1.159222515738734,204.3377393423212,2.516467259239917e-05,4.1886962260671086e-05,1.0,1.0,0.0,688.7214335640456,0.0,1.0,191.8906836620415,0.0,0.0,1.0
frame_0842.jpg,frame_0842,842,D:\visualization2026\visualization\left_downsample2_Q44\frame_0842.jpg,D:\visualization2026\visualization\right_downsample2_Q44\frame_0842.jpg,D:\visualization2026\dowsample2_Q44\stitched_frames\frame_0842.jpg,D:\visualization2026\dowsample2_Q44_hess_matched\stitched_frames\frame_0842.jpg,2273,1498,-0.02105686467957535,-0.00022769812221085095,125.71543333882494,-11.661350935519664,160.23220862970948,-41.30630193418256,-34.51677529088454,29.644950998662893,45.49979006758758,-44.51865617819843,41.82234499983674,61.08207011225155,0,1,-22.259328089099213,20.91117249991837,22.259328089099213,-20.91117249991837,0,0,45.49979006758758,1655.106973224813,727.2381425102618,1494.8747645951034,768.5444444444444,12,12,1.2528080036283678,0.17057350224454432,-21.70674268665995,-0.11204779740966558,1.1636965415519007,200.66052703145672,2.526616157159386e-05,4.279490814168787e-05,1.0,1.0,0.0,695.2593280890992,0.0,1.0,201.08882750008163,0.0,0.0,1.0
frame_0844.jpg,frame_0844,844,D:\visualization2026\visualization\left_downsample2_Q44\frame_0844.jpg,D:\visualization2026\visualization\right_downsample2_Q44\frame_0844.jpg,D:\visualization2026\dowsample2_Q44\stitched_frames\frame_0844.jpg,D:\visualization2026\dowsample2_Q44_hess_matched\stitched_frames\frame_0844.jpg,2263,1500,-0.0212449476309029,-0.0002872750073288355,127.39727718841226,-11.897690529325562,170.26328957324768,-54.80521234847049,-42.866012384835415,42.90752181914493,60.65105478421015,-41.354435347792915,40.18352751528241,57.66199100366065,0,1,-20.677217673896457,20.091763757641203,20.677217673896457,-20.091763757641203,0,0,60.65105478421015,1655.0122572909654,728.7446187326105,1484.7489677177177,783.549831081081,12,12,1.2377596405092852,0.17461405515889952,-20.95946710580808,-0.12223897020973529,1.157830853011746,215.64896791510694,1.629492865035538e-05,4.6341815983442553e-05,1.0,1.0,0.0,683.6772176738965,0.0,1.0,221.90823624235878,0.0,0.0,1.0
frame_0846.jpg,frame_0846,846,D:\visualization2026\visualization\left_downsample2_Q44\frame_0846.jpg,D:\visualization2026\visualization\right_downsample2_Q44\frame_0846.jpg,D:\visualization2026\dowsample2_Q44\stitched_frames\frame_0846.jpg,D:\visualization2026\dowsample2_Q44_hess_matched\stitched_frames\frame_0846.jpg,2274,1504,-0.021401297357167448,-0.00035314115018797443,128.9540875435367,-12.131691076004394,165.63018320173865,-56.63593792167012,-36.676095658201945,44.504246845665726,57.66943713987095,-37.13215181130165,41.34494640052246,55.57158708368538,0,1,-18.566075905650823,20.67247320026123,18.566075905650823,-20.67247320026123,0,0,57.66943713987095,1660.8876444420487,725.0144496752291,1495.25746124031,781.6503875968992,12,12,1.2431363267710764,0.18109683470271246,-18.029523367184115,-0.1180002908761379,1.1654008008909018,209.7281788873972,1.898294975930092e-05,4.563930430230026e-05,1.0,1.0,0.0,692.5660759056508,0.0,1.0,225.32752679973876,0.0,0.0,1.0
frame_0848.jpg,frame_0848,848,D:\visualization2026\visualization\left_downsample2_Q44\frame_0848.jpg,D:\visualization2026\visualization\right_downsample2_Q44\frame_0848.jpg,D:\visualization2026\dowsample2_Q44\stitched_frames\frame_0848.jpg,D:\visualization2026\dowsample2_Q44_hess_matched\stitched_frames\frame_0848.jpg,2275,1504,-0.021392344891189907,-0.0004127733611256068,129.48080730122965,-12.26393315279768,165.6214906206494,-56.76155168968296,-36.140683319419765,44.497618536885284,57.325274061697634,-37.797597274907595,42.11910419014501,56.59220173784011,0,1,-18.898798637453798,21.059552095072505,18.898798637453798,-21.059552095072505,0,0,57.325274061697634,1661.562171051007,718.8400766906601,1495.9406804303576,775.6016283803431,12,12,1.2477519030703774,0.1816788369699921,-19.259720766483657,-0.11711626966572491,1.1670414383846093,209.09181632143634,2.0864123240430934e-05,4.633805564859612e-05,1.0,1.0,0.0,693.8987986374538,0.0,1.0,223.9404479049275,0.0,0.0,1.0
frame_0850.jpg,frame_0850,850,D:\visualization2026\visualization\left_downsample2_Q44\frame_0850.jpg,D:\visualization2026\visualization\right_downsample2_Q44\frame_0850.jpg,D:\visualization2026\dowsample2_Q44\stitched_frames\frame_0850.jpg,D:\visualization2026\dowsample2_Q44_hess_matched\stitched_frames\frame_0850.jpg,2269,1502,-0.02111944147239142,-0.00046593089790641917,128.39649865201673,-12.241682141969589,163.8576910551833,-57.412075944223034,-35.461192403166564,45.17039380225344,57.42700273307892,-36.917427711010525,39.32791003569777,53.94053185289913,0,1,-18.458713855505263,19.663955017848885,18.458713855505263,-19.663955017848885,0,0,57.42700273307892,1653.417241202676,708.3740597489923,1489.5595501474927,765.7861356932153,12,12,1.2423959699987461,0.1712552677705312,-18.7400179520946,-0.1147852202963546,1.155451020362267,204.08029378169587,2.2517550450903806e-05,3.75018927376204e-05,1.0,1.0,0.0,687.4587138555053,0.0,1.0,220.33604498215112,0.0,0.0,1.0
frame_0852.jpg,frame_0852,852,D:\visualization2026\visualization\left_downsample2_Q44\frame_0852.jpg,D:\visualization2026\visualization\right_downsample2_Q44\frame_0852.jpg,D:\visualization2026\dowsample2_Q44\stitched_frames\frame_0852.jpg,D:\visualization2026\dowsample2_Q44_hess_matched\stitched_frames\frame_0852.jpg,2270,1499,-0.020800591664610457,-0.0005104957099619778,126.95923896692804,-12.175389317510596,164.80324157584232,-45.691129264286246,-37.84400260891428,33.51573994677565,50.55168995833279,-37.51028242205369,37.40988465936061,52.97660575772002,0,1,-18.755141211026846,18.704942329680303,18.755141211026846,-18.704942329680303,0,0,50.55168995833279,1656.0413776536009,698.836219697025,1491.2381360777586,744.5273489613112,12,12,1.2440628618127907,0.17029981401236666,-18.30094720522606,-0.11507780582233708,1.1582219878071507,202.9094400422123,2.0423565697837258e-05,4.125555569733432e-05,1.0,1.0,0.0,688.7551412110269,0.0,1.0,206.2950576703197,0.0,0.0,1.0
frame_0854.jpg,frame_0854,854,D:\visualization2026\visualization\left_downsample2_Q44\frame_0854.jpg,D:\visualization2026\visualization\right_downsample2_Q44\frame_0854.jpg,D:\visualization2026\dowsample2_Q44\stitched_frames\frame_0854.jpg,D:\visualization2026\dowsample2_Q44_hess_matched\stitched_frames\frame_0854.jpg,2266,1500,-0.020699218485103144,-0.0005276528947489312,126.53131381855178,-12.161177324818775,164.99647838390183,-41.112728371727485,-38.46516456535005,28.951551046908712,48.143132356144235,-38.532828279488854,30.542884384229204,49.16957028208573,0,1,-19.266414139744427,15.271442192114602,19.266414139744427,-15.271442192114602,0,0,48.143132356144235,1651.737764867325,696.9870165985191,1486.7412864834232,738.0997449702465,12,12,1.238597413498028,0.16500373480049313,-18.89400532543101,-0.11525429056294136,1.1510063187301978,199.96973776778106,2.009249464892837e-05,3.621945983574658e-05,1.0,1.0,0.0,685.2664141397445,0.0,1.0,208.7285578078854,0.0,0.0,1.0
frame_0856.jpg,frame_0856,856,D:\visualization2026\visualization\left_downsample2_Q44\frame_0856.jpg,D:\visualization2026\visualization\right_downsample2_Q44\frame_0856.jpg,D:\visualization2026\dowsample2_Q44\stitched_frames\frame_0856.jpg,D:\visualization2026\dowsample2_Q44_hess_matched\stitched_frames\frame_0856.jpg,2265,1499,-0.02078067173005016,-0.0003105884147334148,124.90063526636287,-11.705657227920051,164.54100447978067,-46.61977719189997,-39.6403692134178,34.91411996397992,52.82380755147496,-40.29863023663757,26.93582798333818,48.471831284749534,0,1,-20.149315118318786,13.46791399166909,20.149315118318786,-13.46791399166909,0,0,52.82380755147496,1649.8214262789595,684.546982793169,1485.2804217991788,731.166759985069,12,12,1.239806368992451,0.16309341541237363,-20.286522190308464,-0.11350999033758431,1.1508252614714982,195.18932582938731,2.1160049892742516e-05,3.5358213081823334e-05,1.0,1.0,0.0,685.1493151183188,0.0,1.0,208.5320860083309,0.0,0.0,1.0
frame_0858.jpg,frame_0858,858,D:\visualization2026\visualization\left_downsample2_Q44\frame_0858.jpg,D:\visualization2026\visualization\right_downsample2_Q44\frame_0858.jpg,D:\visualization2026\dowsample2_Q44\stitched_frames\frame_0858.jpg,D:\visualization2026\dowsample2_Q44_hess_matched\stitched_frames\frame_0858.jpg,2260,1493,-0.020881268613790582,3.7942449990446825e-05,122.10526065684522,-10.958279804971044,163.35867326344078,-21.120896966199325,-41.25341260659556,10.162617161228281,42.486737215932564,-42.299947861927905,26.11301197079525,49.710914126665536,0,1,-21.149973930963952,13.056505985397624,21.149973930963952,-13.056505985397624,0,0,42.486737215932564,1643.3387098934772,672.6655499202475,1479.9800366300365,693.7864468864468,12,12,1.2401604243318767,0.14954056999986143,-20.61753576313619,-0.10960755910098847,1.1388263055486103,189.34531389808313,2.4070108634733284e-05,2.777571714209491e-05,1.0,1.0,0.0,681.1499739309639,0.0,1.0,181.94349401460238,0.0,0.0,1.0
frame_0860.jpg,frame_0860,860,D:\visualization2026\visualization\left_downsample2_Q44\frame_0860.jpg,D:\visualization2026\visualization\right_downsample2_Q44\frame_0860.jpg,D:\visualization2026\dowsample2_Q44\stitched_frames\frame_0860.jpg,D:\visualization2026\dowsample2_Q44_hess_matched\stitched_frames\frame_0860.jpg,2261,1495,-0.020882560437238906,0.0003006711952840968,119.56086280346062,-10.355464548629062,163.85106499237077,-37.49057634642736,-44.29020218891014,27.1351117977983,51.941662489889104,-49.11796721913027,22.224739121984708,53.91209263959092,0,1,-24.558983609565136,11.112369560992354,24.558983609565136,-11.112369560992354,0,0,51.941662489889104,1645.3349359601127,676.2875186197921,1481.483870967742,713.7780949662194,12,12,1.2395928274298256,0.15270645120006737,-24.379990073100036,-0.1112587372574186,1.1425400747493697,189.83715579319812,2.256940766049065e-05,3.02604381307408e-05,1.0,1.0,0.0,685.5589836095652,0.0,1.0,186.88763043900764,0.0,0.0,1.0
frame_0862.jpg,frame_0862,862,D:\visualization2026\visualization\left_downsample2_Q44\frame_0862.jpg,D:\visualization2026\visualization\right_downsample2_Q44\frame_0862.jpg,D:\visualization2026\dowsample2_Q44\stitched_frames\frame_0862.jpg,D:\visualization2026\dowsample2_Q44_hess_matched\stitched_frames\frame_0862.jpg,2265,1499,-0.020798616103495315,0.00045804016566153294,117.53992954332108,-9.949578127217707,165.39052027868706,-39.351238011278724,-47.850590735365984,29.40165988406102,56.16170080812631,-51.851793769636366,15.115586387263741,54.01008673349575,0,1,-25.925896884818183,7.557793193631871,25.925896884818183,-7.557793193631871,0,0,56.16170080812631,1649.799188433449,670.0186466613403,1484.408668154762,709.369884672619,12,12,1.244604964205239,0.16018869661682875,-26.155083545516202,-0.11273919096759749,1.1555452996452957,188.30003584475736,2.1487140849776245e-05,3.797932063284589e-05,1.0,1.0,0.0,690.9258968848181,0.0,1.0,196.44220680636812,0.0,0.0,1.0
frame_0864.jpg,frame_0864,864,D:\visualization2026\visualization\left_downsample2_Q44\frame_0864.jpg,D:\visualization2026\visualization\right_downsample2_Q44\frame_0864.jpg,D:\visualization2026\dowsample2_Q44\stitched_frames\frame_0864.jpg,D:\visualization2026\dowsample2_Q44_hess_matched\stitched_frames\frame_0864.jpg,2254,1497,-0.02069688616281684,0.00058387262461157,115.72100428476894,-9.606724409478675,188.2762656361308,-19.116911212334685,-72.55526135136186,9.51018680285601,73.17588129151326,-54.68383287796743,16.387694620577502,57.08658435396863,0,1,-27.341916438983716,8.193847310288751,27.341916438983716,-8.193847310288751,0,0,73.17588129151326,1662.161045020632,684.2469189693487,1473.8847793845011,703.3638301816834,12,12,1.223364846079492,0.15321178862576823,-27.043355621694772,-0.11646565088503516,1.1407409330994986,194.39946365758217,1.556417786350799e-05,3.19327456796597e-05,1.0,1.0,0.0,681.3419164389837,0.0,1.0,195.80615268971124,0.0,0.0,1.0
frame_0866.jpg,frame_0866,866,D:\visualization2026\visualization\left_downsample2_Q44\frame_0866.jpg,D:\visualization2026\visualization\right_downsample2_Q44\frame_0866.jpg,D:\visualization2026\dowsample2_Q44\stitched_frames\frame_0866.jpg,D:\visualization2026\dowsample2_Q44_hess_matched\stitched_frames\frame_0866.jpg,2266,1496,-0.020613934324352434,0.0007111971083730295,113.997724693006,-9.27037638649656,167.30722665895428,-8.638732676871655,-53.30950196594827,-0.631643709624905,53.313243885861525,-56.14748255704312,18.822637800186595,59.21850632404092,0,1,-28.07374127852156,9.411318900093297,28.07374127852156,-9.411318900093297,0,0,53.313243885861525,1652.4596368010552,684.8936347420937,1485.152410142101,693.5323674189654,12,12,1.2490730595602582,0.15791644806326213,-27.84814188145642,-0.10941551288507041,1.1539997648755456,184.5654107730213,2.5372698265793968e-05,3.559165226306785e-05,1.0,1.0,0.0,694.0737412785215,0.0,1.0,189.5886810999067,0.0,0.0,1.0
frame_0868.jpg,frame_0868,868,D:\visualization2026\visualization\left_downsample2_Q44\frame_0868.jpg,D:\visualization2026\visualization\right_downsample2_Q44\frame_0868.jpg,D:\visualization2026\dowsample2_Q44\stitched_frames\frame_0868.jpg,D:\visualization2026\dowsample2_Q44_hess_matched\stitched_frames\frame_0868.jpg,2254,1492,-0.020502064618312832,0.0008234871626582874,112.25086923787102,-8.953266552754965,167.66447738612192,-25.47642488055203,-55.4136081482509,16.523158327797066,57.824585853539396,-56.33049566782269,15.385110839872539,58.393718649678014,0,1,-28.165247833911344,7.692555419936269,28.165247833911344,-7.692555419936269,0,0,57.824585853539396,1641.323200708928,689.8666701524655,1473.658723322806,715.3430950330176,12,12,1.2244741209471302,0.14605779198885474,-28.411575839967504,-0.11944820471324337,1.1371510461834693,199.06683475108815,1.2652501235219307e-05,3.545622271683376e-05,1.0,1.0,0.0,682.1652478339114,0.0,1.0,201.30744458006373,0.0,0.0,1.0
frame_0870.jpg,frame_0870,870,D:\visualization2026\visualization\left_downsample2_Q44\frame_0870.jpg,D:\visualization2026\visualization\right_downsample2_Q44\frame_0870.jpg,D:\visualization2026\dowsample2_Q44\stitched_frames\frame_0870.jpg,D:\visualization2026\dowsample2_Q44_hess_matched\stitched_frames\frame_0870.jpg,2271,1500,-0.020369771616132515,0.0009336713025170362,110.40468156745929,-8.630190905573814,162.01313215174787,-47.94001860141759,-51.608450584288576,39.30982769584378,64.87445356369395,-50.948668957626985,23.55573507233131,56.13055783930642,0,1,-25.474334478813493,11.777867536165655,25.474334478813493,-11.777867536165655,0,0,64.87445356369395,1652.8519176377413,684.0518971722241,1490.8387854859934,731.9919157736417,12,12,1.2385238516563724,0.16063297798467813,-24.831557071594265,-0.11584814393949365,1.148455164127279,197.91760293384002,1.9616325844847567e-05,3.569428930833013e-05,1.0,1.0,0.0,696.4743344788135,0.0,1.0,219.22213246383436,0.0,0.0,1.0
frame_0872.jpg,frame_0872,872,D:\visualization2026\visualization\left_downsample2_Q44\frame_0872.jpg,D:\visualization2026\visualization\right_downsample2_Q44\frame_0872.jpg,D:\visualization2026\dowsample2_Q44\stitched_frames\frame_0872.jpg,D:\visualization2026\dowsample2_Q44_hess_matched\stitched_frames\frame_0872.jpg,2260,1487,-0.02025172176584633,0.001058064899539024,108.50401216079864,-8.282009670675581,157.26966845006245,-20.496034753166327,-48.765656289263816,12.214025082490746,50.271976707091284,-53.17764123071735,39.62204333573987,66.3156681709695,0,1,-26.588820615358674,19.811021667869934,26.588820615358674,-19.811021667869934,0,0,50.271976707091284,1636.848158195833,663.9571360246429,1479.5784897457706,684.4531707778092,12,12,1.2498916279364463,0.12298071648230738,-26.156179739459578,-0.10459093595573209,1.1346163296354506,188.0579835314193,2.9220356080570457e-05,2.387905486115671e-05,1.0,1.0,0.0,686.5888206153587,0.0,1.0,169.18897833213006,0.0,0.0,1.0
frame_0874.jpg,frame_0874,874,D:\visualization2026\visualization\left_downsample2_Q44\frame_0874.jpg,D:\visualization2026\visualization\right_downsample2_Q44\frame_0874.jpg,D:\visualization2026\dowsample2_Q44\stitched_frames\frame_0874.jpg,D:\visualization2026\dowsample2_Q44_hess_matched\stitched_frames\frame_0874.jpg,2284,1489,-0.019821016291730498,0.001157560886791531,105.01137918703142,-7.825635749036313,150.65750698741476,-58.188943714186166,-45.64612780038334,50.36330796514985,67.97081559288115,-56.110104434775984,46.447689500883065,72.84045359312304,0,1,-28.055052217387992,23.223844750441533,28.055052217387992,-23.223844750441533,0,0,67.97081559288115,1653.991416025987,663.7391890818222,1503.3339090385723,721.9281327960084,12,12,1.2598137282914286,0.14839912352762683,-27.989590457494682,-0.10538603684271435,1.1591498867696381,193.2234075136369,2.6714609649606194e-05,3.961161084343048e-05,1.0,1.0,0.0,712.055052217388,0.0,1.0,199.77615524955846,0.0,0.0,1.0
frame_0876.jpg,frame_0876,876,D:\visualization2026\visualization\left_downsample2_Q44\frame_0876.jpg,D:\visualization2026\visualization\right_downsample2_Q44\frame_0876.jpg,D:\visualization2026\dowsample2_Q44\stitched_frames\frame_0876.jpg,D:\visualization2026\dowsample2_Q44_hess_matched\stitched_frames\frame_0876.jpg,2285,1530,-0.019250305436221304,0.000981704786318871,103.37216958557913,-7.927698962870231,167.8265329169792,-87.62759657028812,-64.45436333140007,79.69989760741788,102.50092014752369,-59.933399282328416,50.30994343096779,78.25025723639625,0,1,-29.966699641164208,25.154971715483896,29.966699641164208,-25.154971715483896,0,0,102.50092014752369,1668.2634960646656,691.421909294679,1500.4369631476864,779.0495058649672,12,12,1.2546436017432472,0.181300839730958,-30.038379893647228,-0.12234878175174244,1.2131806795863396,221.08217623210606,1.4363291699611702e-05,6.528163742970303e-05,1.0,1.0,0.0,714.9666996411642,0.0,1.0,255.8450282845161,0.0,0.0,1.0
frame_0878.jpg,frame_0878,878,D:\visualization2026\visualization\left_downsample2_Q44\frame_0878.jpg,D:\visualization2026\visualization\right_downsample2_Q44\frame_0878.jpg,D:\visualization2026\dowsample2_Q44\stitched_frames\frame_0878.jpg,D:\visualization2026\dowsample2_Q44_hess_matched\stitched_frames\frame_0878.jpg,2287,1509,-0.018866135417908825,0.0008513545081392238,102.38505445274707,-8.023906806900067,172.46097862129113,-58.67529596041311,-70.07592416854406,50.651389153513044,86.4650124111259,-66.10305284534442,57.64332136003915,87.70613486462132,0,1,-33.05152642267221,28.821660680019576,33.05152642267221,-28.821660680019576,0,0,86.4650124111259,1675.7005560595103,688.7548115664687,1503.2395774382192,747.4301075268818,12,12,1.2657474158713082,0.17201531613011817,-32.93956806030603,-0.11301197509902784,1.1887432245369753,210.58886420309818,2.3545637467074663e-05,5.402086956339879e-05,1.0,1.0,0.0,720.0515264226722,0.0,1.0,214.1783393199804,0.0,0.0,1.0
frame_0880.jpg,frame_0880,880,D:\visualization2026\visualization\left_downsample2_Q44\frame_0880.jpg,D:\visualization2026\visualization\right_downsample2_Q44\frame_0880.jpg,D:\visualization2026\dowsample2_Q44\stitched_frames\frame_0880.jpg,D:\visualization2026\dowsample2_Q44_hess_matched\stitched_frames\frame_0880.jpg,2278,1515,-0.018800198771204868,0.0007965807907261979,102.53035566676635,-8.114846158348582,173.2552804888171,-66.73594350461599,-70.72492482205075,58.621097346267405,91.86102571365774,-73.14563552992762,60.12464328582192,94.68503961727185,0,1,-36.57281776496381,30.06232164291096,36.57281776496381,-30.06232164291096,0,0,91.86102571365774,1667.7671427220314,694.7736287221862,1494.5118622332143,761.5095722268022,12,12,1.246710090400419,0.17238900420862138,-36.85809619327096,-0.11949612768659804,1.1910629775321746,222.34946104632814,1.406155788870907e-05,5.7562372143627934e-05,1.0,1.0,0.0,714.5728177649638,0.0,1.0,223.93767835708906,0.0,0.0,1.0
frame_0882.jpg,frame_0882,882,D:\visualization2026\visualization\left_downsample2_Q44\frame_0882.jpg,D:\visualization2026\visualization\right_downsample2_Q44\frame_0882.jpg,D:\visualization2026\dowsample2_Q44\stitched_frames\frame_0882.jpg,D:\visualization2026\dowsample2_Q44_hess_matched\stitched_frames\frame_0882.jpg,2279,1509,-0.018744533825697407,0.0007422344164803585,102.73175201939873,-8.210237243285189,182.34567612374258,-57.09115197113272,-79.61392410434385,48.880914727847525,93.42227109165846,-75.53699541913701,53.99447151845588,92.85063613949056,0,1,-37.76849770956851,26.99723575922794,37.76849770956851,-26.99723575922794,0,0,93.42227109165846,1677.3832491824678,692.5161399854495,1495.0375730587252,749.6072919565822,12,12,1.2495736563776694,0.16966506551126148,-37.33141539013893,-0.11594375985784194,1.1852239782224383,213.23585649457456,1.737918622977498e-05,5.394945053149561e-05,1.0,1.0,0.0,716.7684977095685,0.0,1.0,220.00276424077205,0.0,0.0,1.0
frame_0884.jpg,frame_0884,884,D:\visualization2026\visualization\left_downsample2_Q44\frame_0884.jpg,D:\visualization2026\visualization\right_downsample2_Q44\frame_0884.jpg,D:\visualization2026\dowsample2_Q44\stitched_frames\frame_0884.jpg,D:\visualization2026\dowsample2_Q44_hess_matched\stitched_frames\frame_0884.jpg,2278,1510,-0.018406294605580298,0.0007096562634613113,101.06433808762469,-8.10615427965322,181.92337931092402,-70.87607187371691,-80.85904122329933,62.76991759406369,102.36330935602251,-77.53278592509746,54.08016351688112,94.5304024074773,0,1,-38.76639296254873,27.04008175844056,38.76639296254873,-27.04008175844056,0,0,102.36330935602251,1678.1165750511934,683.8579776974827,1496.1931957402694,754.7340495711996,12,12,1.2485169832875314,0.16436071795946944,-38.76212201231933,-0.1175495673014674,1.1750091659737107,215.53643525045248,1.7280688665395106e-05,4.8065522071248796e-05,1.0,1.0,0.0,716.7663929625487,0.0,1.0,217.95991824155945,0.0,0.0,1.0
frame_0886.jpg,frame_0886,886,D:\visualization2026\visualization\left_downsample2_Q44\frame_0886.jpg,D:\visualization2026\visualization\right_downsample2_Q44\frame_0886.jpg,D:\visualization2026\dowsample2_Q44\stitched_frames\frame_0886.jpg,D:\visualization2026\dowsample2_Q44_hess_matched\stitched_frames\frame_0886.jpg,2287,1502,-0.01796172906624305,0.0006329889344013351,99.201547316447,-8.047103168003309,175.61271009389407,-57.09614193859102,-76.41116277744706,49.04903877058771,90.79908590575197,-80.12751908453643,52.9780759517658,96.05777348134723,0,1,-40.063759542268215,26.4890379758829,40.063759542268215,-26.4890379758829,0,0,90.79908590575197,1678.2367674091277,686.1648874731736,1502.6240573152336,743.2610294117646,12,12,1.2668059763883868,0.167870279219133,-39.79095988407467,-0.1094169152861307,1.1797042725317568,202.24423252241232,2.6486889655895635e-05,4.8868711704766844e-05,1.0,1.0,0.0,727.0637595422683,0.0,1.0,208.5109620241171,0.0,0.0,1.0
frame_0888.jpg,frame_0888,888,D:\visualization2026\visualization\left_downsample2_Q44\frame_0888.jpg,D:\visualization2026\visualization\right_downsample2_Q44\frame_0888.jpg,D:\visualization2026\dowsample2_Q44\stitched_frames\frame_0888.jpg,D:\visualization2026\dowsample2_Q44_hess_matched\stitched_frames\frame_0888.jpg,2297,1508,-0.0178666166392647,0.0004905419319687354,100.0273261468683,-8.323998679616057,124.06307349778422,10.964458119840629,-24.035747350915912,-19.288456799456686,30.818204302352985,-81.3667129925665,56.769592041615496,99.21355030330355,1,1,-40.68335649628325,28.384796020807748,40.68335649628325,-28.384796020807748,1,4,30.818204302352985,1979.1625606772714,531.7377914531739,1855.0994871794871,520.7733333333333,12,12,1.2844129135447626,0.17823967030083665,-39.993028807030285,-0.10637095364204788,1.204792492219652,199.70300493239017,3.0850800101291716e-05,5.886695643764166e-05,1.0,1.0,0.0,737.6833564962833,0.0,1.0,212.61520397919224,0.0,0.0,1.0
frame_0890.jpg,frame_0890,890,D:\visualization2026\visualization\left_downsample2_Q44\frame_0890.jpg,D:\visualization2026\visualization\right_downsample2_Q44\frame_0890.jpg,D:\visualization2026\dowsample2_Q44\stitched_frames\frame_0890.jpg,D:\visualization2026\dowsample2_Q44_hess_matched\stitched_frames\frame_0890.jpg,2289,1508,-0.018033272432072422,0.0004213724234096716,101.67667086097006,-8.571038727392047,185.3752614802156,-61.68169824808285,-83.69859061924555,53.1106595206908,99.12717198816279,-82.80565400332208,54.51040551218586,99.13708006604205,0,1,-41.40282700166104,27.25520275609293,41.40282700166104,-27.25520275609293,0,0,99.12717198816279,1684.7442379836007,684.253785622885,1499.368976503385,745.9354838709678,12,12,1.2707324446149202,0.17131569885159584,-41.15530830526616,-0.11018888500511419,1.191048200516899,204.59747950581345,2.606736856177154e-05,5.3714782669735135e-05,1.0,1.0,0.0,730.4028270016611,0.0,1.0,213.74479724390707,0.0,0.0,1.0
frame_0892.jpg,frame_0892,892,D:\visualization2026\visualization\left_downsample2_Q44\frame_0892.jpg,D:\visualization2026\visualization\right_downsample2_Q44\frame_0892.jpg,D:\visualization2026\dowsample2_Q44\stitched_frames\frame_0892.jpg,D:\visualization2026\dowsample2_Q44_hess_matched\stitched_frames\frame_0892.jpg,2281,1514,-0.019003412830394195,0.0009060603536752421,102.65884375044739,-7.970860042320854,188.46873739494163,-75.80935521941683,-85.80989364449424,67.83849517709598,109.38646751391273,-85.31870013167917,54.88364393260109,101.44700569006426,0,1,-42.65935006583958,27.441821966300544,42.65935006583958,-27.441821966300544,0,0,109.38646751391273,1677.7475944203295,687.1755353140398,1489.2788570253879,762.9848905334567,12,12,1.2580784938802,0.16516340261812357,-42.92076774014162,-0.11545661659281135,1.1844034083738497,213.17469091603255,2.122081708003386e-05,5.041203063447373e-05,1.0,1.0,0.0,723.6593500658396,0.0,1.0,218.55817803369945,0.0,0.0,1.0
frame_0894.jpg,frame_0894,894,D:\visualization2026\visualization\left_downsample2_Q44\frame_0894.jpg,D:\visualization2026\visualization\right_downsample2_Q44\frame_0894.jpg,D:\visualization2026\dowsample2_Q44\stitched_frames\frame_0894.jpg,D:\visualization2026\dowsample2_Q44_hess_matched\stitched_frames\frame_0894.jpg,2264,1505,-0.020868545147570194,0.002012272366858636,102.85328845630984,-6.416433654373875,190.90703473338704,-57.89041860128941,-88.0537462770772,51.473984946915536,101.99526145730091,-89.90204386597188,52.55032335660673,104.13411533288722,0,1,-44.95102193298594,26.275161678303366,44.95102193298594,-26.275161678303366,0,0,101.99526145730091,1661.770405280968,679.300862632097,1470.8633705475809,737.1912812333865,12,12,1.235013000636956,0.1514762690083002,-45.03575106828866,-0.11652925179805007,1.1656822933564739,212.96184794973212,1.425805913319188e-05,4.4049763974953555e-05,1.0,1.0,0.0,708.9510219329859,0.0,1.0,196.72483832169664,0.0,0.0,1.0
frame_0896.jpg,frame_0896,896,D:\visualization2026\visualization\left_downsample2_Q44\frame_0896.jpg,D:\visualization2026\visualization\right_downsample2_Q44\frame_0896.jpg,D:\visualization2026\dowsample2_Q44\stitched_frames\frame_0896.jpg,D:\visualization2026\dowsample2_Q44_hess_matched\stitched_frames\frame_0896.jpg,2266,1506,-0.02199548592006617,0.0027526834950130086,102.27120692505368,-5.311790133096118,191.24760034428618,-56.22702100575998,-88.97639341923251,50.91523087266386,102.51419082600567,-93.46467481637887,51.766869257421945,106.8431288911293,0,1,-46.73233740818944,25.883434628710972,46.73233740818944,-25.883434628710972,0,0,102.51419082600567,1663.6000941714465,670.1672505991783,1472.3524938271603,726.3942716049382,12,12,1.237317403348459,0.15267407352931667,-46.44504815698406,-0.11539264580001594,1.1688229243325976,211.5039301310908,1.5122661305638283e-05,4.47786759302041e-05,1.0,1.0,0.0,712.7323374081894,0.0,1.0,198.11656537128903,0.0,0.0,1.0
frame_0898.jpg,frame_0898,898,D:\visualization2026\visualization\left_downsample2_Q44\frame_0898.jpg,D:\visualization2026\visualization\right_downsample2_Q44\frame_0898.jpg,D:\visualization2026\dowsample2_Q44\stitched_frames\frame_0898.jpg,D:\visualization2026\dowsample2_Q44_hess_matched\stitched_frames\frame_0898.jpg,2269,1505,-0.02120614149421829,0.0023595480763478616,101.46016611108918,-5.7973035099146655,204.431761480899,-45.21054977558208,-102.97159536980983,39.41324626566742,110.25676139902708,-95.906412545958,43.900309445925636,105.47642929528624,0,1,-47.953206272979,21.950154722962818,47.953206272979,-21.950154722962818,0,0,110.25676139902708,1679.2377301503418,674.7205428280269,1474.8059686694428,719.9310926036089,12,12,1.2476092891699482,0.15455229877162233,-47.78035410354772,-0.11304086200254013,1.1787856756405943,202.96810050472294,1.8601225162040563e-05,4.961131856491103e-05,1.0,1.0,0.0,716.9532062729791,0.0,1.0,201.04984527703718,0.0,0.0,1.0
frame_0900.jpg,frame_0900,900,D:\visualization2026\visualization\left_downsample2_Q44\frame_0900.jpg,D:\visualization2026\visualization\right_downsample2_Q44\frame_0900.jpg,D:\visualization2026\dowsample2_Q44\stitched_frames\frame_0900.jpg,D:\visualization2026\dowsample2_Q44_hess_matched\stitched_frames\frame_0900.jpg,2269,1532,-0.01936405944465469,0.0012890316165099502,101.05419373613675,-7.281928521120135,202.5659391074173,-56.47531754588704,-101.51174537128055,49.1933890247669,112.80347499995625,-98.5115278139338,39.9752347224756,106.31340697838853,0,1,-49.2557639069669,19.9876173612378,49.2557639069669,-19.9876173612378,0,0,112.80347499995625,1677.85439681886,705.448762056103,1475.2884577114428,761.92407960199,12,12,1.2472463499960824,0.15975572000365754,-49.00008086313428,-0.12324471486333405,1.2023685774974435,217.37130398244122,1.1465867053080371e-05,5.7905441432438395e-05,1.0,1.0,0.0,718.2557639069669,0.0,1.0,245.0123826387622,0.0,0.0,1.0
frame_0902.jpg,frame_0902,902,D:\visualization2026\visualization\left_downsample2_Q44\frame_0902.jpg,D:\visualization2026\visualization\right_downsample2_Q44\frame_0902.jpg,D:\visualization2026\dowsample2_Q44\stitched_frames\frame_0902.jpg,D:\visualization2026\dowsample2_Q44_hess_matched\stitched_frames\frame_0902.jpg,2261,1500,-0.017610473498547274,0.0003322562175730459,100.06246684456806,-8.552096937101151,198.08104913695797,-37.05779305671558,-98.01858229238991,28.50569611961443,102.07946505479843,-100.5653644782255,37.13014213765517,107.20093277486356,0,1,-50.28268223911275,18.565071068827585,50.28268223911275,-18.565071068827585,0,0,102.07946505479843,1664.5025434246943,678.0308734077471,1466.4214942877363,715.0886664644627,12,12,1.2352009313309942,0.1466151316248255,-50.067548811248436,-0.113858930909434,1.1606760903056932,200.78977011846854,1.5532950390320946e-05,4.1177185154520245e-05,1.0,1.0,0.0,711.2826822391128,0.0,1.0,204.4349289311724,0.0,0.0,1.0
frame_0904.jpg,frame_0904,904,D:\visualization2026\visualization\left_downsample2_Q44\frame_0904.jpg,D:\visualization2026\visualization\right_downsample2_Q44\frame_0904.jpg,D:\visualization2026\dowsample2_Q44\stitched_frames\frame_0904.jpg,D:\visualization2026\dowsample2_Q44_hess_matched\stitched_frames\frame_0904.jpg,2265,1507,-0.0167843395965539,4.808872921724383e-05,97.97720364030612,-8.76784625724986,199.05652625726225,-40.6164575869152,-101.07932261695613,31.848611329665346,105.97812748077213,-100.45694162194056,35.68029583683057,106.60525611356,0,1,-50.22847081097028,17.840147918415283,50.22847081097028,-17.840147918415283,0,0,105.97812748077213,1669.464837794606,677.2023935222585,1470.4083115373437,717.8188511091737,12,12,1.2395158986536496,0.15418576527332412,-50.49636139023583,-0.11581863173318004,1.1745003772100266,203.97226035334415,1.4168046678575953e-05,4.8590184715982365e-05,1.0,1.0,0.0,715.2284708109703,0.0,1.0,213.15985208158472,0.0,0.0,1.0
frame_0906.jpg,frame_0906,906,D:\visualization2026\visualization\left_downsample2_Q44\frame_0906.jpg,D:\visualization2026\visualization\right_downsample2_Q44\frame_0906.jpg,D:\visualization2026\dowsample2_Q44\stitched_frames\frame_0906.jpg,D:\visualization2026\dowsample2_Q44_hess_matched\stitched_frames\frame_0906.jpg,2267,1493,-0.0165337178649545,0.00010788577280607115,95.92641589049398,-8.497920199776358,195.17199263118505,-45.18768814833811,-99.24557674069106,36.68976794856175,105.81031884798244,-101.27726963490028,31.369270346782578,106.02413153046729,0,1,-50.63863481745014,15.684635173391289,50.63863481745014,-15.684635173391289,0,0,105.81031884798244,1667.628443936693,660.4350486536439,1472.456451305508,705.622736801982,12,12,1.2615041915673735,0.13441618890953624,-50.85545621505051,-0.10703468138896667,1.167393405146727,187.80059008614796,2.5183186080707262e-05,4.392778567233632e-05,1.0,1.0,0.0,717.6386348174501,0.0,1.0,208.31536482660871,0.0,0.0,1.0
frame_0908.jpg,frame_0908,908,D:\visualization2026\visualization\left_downsample2_Q44\frame_0908.jpg,D:\visualization2026\visualization\right_downsample2_Q44\frame_0908.jpg,D:\visualization2026\dowsample2_Q44\stitched_frames\frame_0908.jpg,D:\visualization2026\dowsample2_Q44_hess_matched\stitched_frames\frame_0908.jpg,2290,1500,-0.016559009327354768,0.0002829668077364289,94.37413423325451,-8.109130229286285,211.75538439891648,-47.104250131274625,-117.38125016566197,38.99511990198834,123.68903454479772,-96.95996295856297,29.272626836112867,101.28238296373273,1,0,-48.479981479281484,14.636313418056433,48.479981479281484,-14.636313418056433,0,0,123.68903454479772,1702.8772448640327,673.9652072330665,1491.1218604651162,721.0694573643411,12,12,1.2663258577980283,0.15131174545659914,-47.8291104015775,-0.10716771717131642,1.181294472643129,186.90474736342134,2.3755163391962804e-05,4.9347274636416236e-05,1.0,1.0,0.0,738.4799814792815,0.0,1.0,223.36368658194357,0.0,0.0,1.0
frame_0910.jpg,frame_0910,910,D:\visualization2026\visualization\left_downsample2_Q44\frame_0910.jpg,D:\visualization2026\visualization\right_downsample2_Q44\frame_0910.jpg,D:\visualization2026\dowsample2_Q44\stitched_frames\frame_0910.jpg,D:\visualization2026\dowsample2_Q44_hess_matched\stitched_frames\frame_0910.jpg,2277,1496,-0.01646289069210627,0.00036063678485531714,93.05593943040502,-7.879875863208291,198.6693248664842,-35.51813743773528,-105.61338543607918,27.638261574526986,109.16987078004534,-86.19424091223722,24.58424368178075,89.63164733419757,0,1,-43.09712045611861,12.292121840890376,43.09712045611861,-12.292121840890376,0,0,109.16987078004534,1676.7259267891836,678.7080740592237,1478.0566019226994,714.226211496959,12,12,1.2448136981748354,0.14095416634359798,-42.496562446496405,-0.10971292039513975,1.1605323146547841,188.1148634125118,1.8292182613464762e-05,4.0231585833713126e-05,1.0,1.0,0.0,720.0971204561187,0.0,1.0,222.7078781591096,0.0,0.0,1.0
frame_0912.jpg,frame_0912,912,D:\visualization2026\visualization\left_downsample2_Q44\frame_0912.jpg,D:\visualization2026\visualization\right_downsample2_Q44\frame_0912.jpg,D:\visualization2026\dowsample2_Q44\stitched_frames\frame_0912.jpg,D:\visualization2026\dowsample2_Q44_hess_matched\stitched_frames\frame_0912.jpg,2282,1494,-0.015902627024089178,0.00025955958660273115,90.75165195794125,-7.815695089594734,115.30827092807908,19.655126024483195,-24.556618970137833,-27.47082111407793,36.84662193371602,-69.95900073608934,17.004472602017135,71.99592955483595,1,1,-34.97950036804467,8.502236301008567,34.97950036804467,-8.502236301008567,2,3,36.84662193371602,1942.7374823976131,477.6215238739456,1827.429211469534,457.9663978494624,12,12,1.2553647672729475,0.14749089492464387,-34.51699540523508,-0.10392294038869028,1.1738775517465962,175.27794372400842,2.3622155570252042e-05,4.5186987321815725e-05,1.0,1.0,0.0,716.9795003680447,0.0,1.0,224.49776369899143,0.0,0.0,1.0
frame_0914.jpg,frame_0914,914,D:\visualization2026\visualization\left_downsample2_Q44\frame_0914.jpg,D:\visualization2026\visualization\right_downsample2_Q44\frame_0914.jpg,D:\visualization2026\dowsample2_Q44\stitched_frames\frame_0914.jpg,D:\visualization2026\dowsample2_Q44_hess_matched\stitched_frames\frame_0914.jpg,2287,1493,-0.015366447910833525,9.521835810222257e-05,89.20313165758233,-7.909574216998636,64.3693486763948,3.9167153695583465,24.83378298118754,-11.826289586556982,27.505961218285503,-47.250712385327446,8.406695558004776,47.99273227402159,1,1,-23.625356192663723,4.203347779002388,23.625356192663723,-4.203347779002388,2,6,27.505961218285503,1670.6569303757412,378.1520094872054,1606.2875816993464,374.2352941176471,12,12,1.2662199647586285,0.14724270816890547,-23.69234021659826,-0.1044498464181047,1.1710233545658748,171.39977355742317,2.6393454649933037e-05,4.3945856458831014e-05,1.0,1.0,0.0,710.6253561926637,0.0,1.0,225.7966522209976,0.0,0.0,1.0
frame_0916.jpg,frame_0916,916,D:\visualization2026\visualization\left_downsample2_Q44\frame_0916.jpg,D:\visualization2026\visualization\right_downsample2_Q44\frame_0916.jpg,D:\visualization2026\dowsample2_Q44\stitched_frames\frame_0916.jpg,D:\visualization2026\dowsample2_Q44_hess_matched\stitched_frames\frame_0916.jpg,2286,1494,-0.01527184655949132,-2.6756873807598502e-05,89.83305872092984,-8.139715581898031,208.6256364929684,-36.2872883851544,-118.79257777203856,28.147572803256367,122.08178565388224,-18.06937585995157,-1.2090874502563316,18.10978289297163,1,0,-9.034687929975785,-0.6045437251281658,9.034687929975785,0.6045437251281658,0,0,122.08178565388224,1693.3814049313696,692.0761232341287,1484.7557684384012,728.363411619283,12,12,1.2658928555107223,0.14687842941284202,-9.082529261644122,-0.10377080915316159,1.171401614777542,165.34058190356095,2.6473101215957066e-05,4.346019413436002e-05,1.0,1.0,0.0,695.0346879299758,0.0,1.0,230.60454372512817,0.0,0.0,1.0
frame_0918.jpg,frame_0918,918,D:\visualization2026\visualization\left_downsample2_Q44\frame_0918.jpg,D:\visualization2026\visualization\right_downsample2_Q44\frame_0918.jpg,D:\visualization2026\dowsample2_Q44\stitched_frames\frame_0918.jpg,D:\visualization2026\dowsample2_Q44_hess_matched\stitched_frames\frame_0918.jpg,2287,1489,-0.01533168254734385,-0.00011703110410943296,91.0608762652566,-8.378730221798426,208.12522438624524,-36.06152826418975,-117.06434812098864,27.68279804239132,120.2929711514677,0.37917097991751225,-7.663025467167534,7.672400533240546,1,0,0.18958548995875613,-3.831512733583767,-0.18958548995875613,3.831512733583767,0,0,120.2929711514677,1693.6177878158164,682.580094657945,1485.4925634295712,718.6416229221347,12,12,1.2693949690153052,0.14559328450786604,0.4221895593760905,-0.10111244149301986,1.1674388481962126,157.97553466172062,2.899718943651908e-05,4.153694874600498e-05,1.0,1.0,0.0,686.8104145100413,0.0,1.0,228.83151273358376,0.0,0.0,1.0
frame_0920.jpg,frame_0920,920,D:\visualization2026\visualization\left_downsample2_Q44\frame_0920.jpg,D:\visualization2026\visualization\right_downsample2_Q44\frame_0920.jpg,D:\visualization2026\dowsample2_Q44\stitched_frames\frame_0920.jpg,D:\visualization2026\dowsample2_Q44_hess_matched\stitched_frames\frame_0920.jpg,2286,1497,-0.015401310351108144,-0.00016226072927971735,91.90859148232705,-8.519455092842291,51.61529429152688,11.92119837393625,40.293297190800175,-20.440653466778542,45.181524018729945,8.094928134279803,-10.955118492728833,13.621397971165953,0,1,4.047464067139901,-5.477559246364416,-4.047464067139901,5.477559246364416,6,3,45.181524018729945,1889.2051001167697,465.22999017544646,1837.5898058252428,453.3087918015102,12,12,1.2635820682630428,0.14792169438963648,4.659362398759174,-0.10640768371123878,1.1715411478420696,164.83626485075422,2.4703842880538457e-05,4.3937029489160384e-05,1.0,1.0,0.0,681.9525359328601,0.0,1.0,239.47755924636442,0.0,0.0,1.0
frame_0922.jpg,frame_0922,922,D:\visualization2026\visualization\left_downsample2_Q44\frame_0922.jpg,D:\visualization2026\visualization\right_downsample2_Q44\frame_0922.jpg,D:\visualization2026\dowsample2_Q44\stitched_frames\frame_0922.jpg,D:\visualization2026\dowsample2_Q44_hess_matched\stitched_frames\frame_0922.jpg,2285,1491,-0.015352064258285836,-0.0001499625634268087,91.50029464187149,-8.465156306773848,208.28317989294442,-41.63400265275027,-116.78288525107293,33.16884634597642,121.40187253699285,5.077895603135301,-11.085366526940227,12.193046165456263,1,0,2.5389478015676503,-5.5426832634701135,-2.5389478015676503,5.5426832634701135,0,0,121.40187253699285,1691.757189670456,672.3758746295006,1483.4740097775116,714.0098772822508,12,12,1.2668932582883883,0.14444113989070712,2.295486259973194,-0.1025326836045368,1.1676029686851954,157.7659898652625,2.7567573939654326e-05,4.117466609993402e-05,1.0,1.0,0.0,682.4610521984323,0.0,1.0,232.5426832634701,0.0,0.0,1.0
frame_0924.jpg,frame_0924,924,D:\visualization2026\visualization\left_downsample2_Q44\frame_0924.jpg,D:\visualization2026\visualization\right_downsample2_Q44\frame_0924.jpg,D:\visualization2026\dowsample2_Q44\stitched_frames\frame_0924.jpg,D:\visualization2026\dowsample2_Q44_hess_matched\stitched_frames\frame_0924.jpg,2284,1494,-0.015041168264593896,-0.0001236755064996098,89.42147745889922,-8.240321145228448,208.1006883486259,-38.93989574124589,-118.67921088972669,30.69957459601744,122.58555778632596,-8.671926613515993,-8.053769569801716,11.83492777644507,1,0,-4.335963306757996,-4.026884784900858,4.335963306757996,4.026884784900858,0,0,122.58555778632596,1690.5187170757183,669.5323182260647,1482.4180287270924,708.4722139673106,12,12,1.2629603784281456,0.14540436106023394,-4.37767709371348,-0.10458654206377971,1.16823960143248,163.0613710687435,2.5782616577292293e-05,4.211511565922736e-05,1.0,1.0,0.0,688.335963306758,0.0,1.0,234.02688478490086,0.0,0.0,1.0
frame_0926.jpg,frame_0926,926,D:\visualization2026\visualization\left_downsample2_Q44\frame_0926.jpg,D:\visualization2026\visualization\right_downsample2_Q44\frame_0926.jpg,D:\visualization2026\dowsample2_Q44\stitched_frames\frame_0926.jpg,D:\visualization2026\dowsample2_Q44_hess_matched\stitched_frames\frame_0926.jpg,2283,1491,-0.014703068517564755,-0.00010103088637236635,87.21848377155273,-8.009463008066067,51.76033934459883,7.190574493031647,35.45814442695389,-15.200037501097714,38.578765483585634,-33.154538515674076,-1.8603276213133038,33.20668973333441,1,1,-16.577269257837038,-0.9301638106566519,16.577269257837038,0.9301638106566519,5,4,38.578765483585634,1942.4884717323055,496.87277645182934,1890.7281323877066,489.6822019587977,12,12,1.2633649165208192,0.14149314480104916,-16.83283036027155,-0.1026918250126723,1.1624302558545268,162.92727428992285,2.8423767567815946e-05,3.8051631295500886e-05,1.0,1.0,0.0,699.5772692578371,0.0,1.0,225.93016381065667,0.0,0.0,1.0
frame_0928.jpg,frame_0928,928,D:\visualization2026\visualization\left_downsample2_Q44\frame_0928.jpg,D:\visualization2026\visualization\right_downsample2_Q44\frame_0928.jpg,D:\visualization2026\dowsample2_Q44\stitched_frames\frame_0928.jpg,D:\visualization2026\dowsample2_Q44_hess_matched\stitched_frames\frame_0928.jpg,2282,1501,-0.014592121038630057,-9.070388216780856e-05,86.46743960131202,-7.927054260718384,121.70922417667043,24.24597766318567,-35.24178457535841,-32.173031923904055,47.718836566208516,-57.63715041783216,4.333114327175111,57.79980093443385,1,1,-28.81857520891608,2.1665571635875556,28.81857520891608,-2.1665571635875556,1,7,47.718836566208516,1946.471635524188,500.83019752134163,1824.7624113475176,476.58421985815596,12,12,1.259029728169128,0.13884190520644496,-28.94305690704939,-0.10715444009778226,1.1700145372820203,173.90858741861507,2.2894428759964376e-05,4.138082423673816e-05,1.0,1.0,0.0,710.8185752089161,0.0,1.0,230.83344283641244,0.0,0.0,1.0
frame_0930.jpg,frame_0930,930,D:\visualization2026\visualization\left_downsample2_Q44\frame_0930.jpg,D:\visualization2026\visualization\right_downsample2_Q44\frame_0930.jpg,D:\visualization2026\dowsample2_Q44\stitched_frames\frame_0930.jpg,D:\visualization2026\dowsample2_Q44_hess_matched\stitched_frames\frame_0930.jpg,2281,1498,-0.014636371203117227,-8.951865827100391e-05,86.71546528077398,-7.9477384884210585,49.16480681151302,31.882822894423327,37.550658469260966,-39.83056138284439,54.740529514680574,-76.29307056275597,13.978271256184831,77.56303683588688,1,1,-38.146535281377986,6.9891356280924155,38.146535281377986,-6.9891356280924155,1,7,54.740529514680574,1952.5155465852292,507.0960517891143,1903.3507397737162,475.213228894691,12,12,1.2533835926612205,0.13409561172270473,-37.94884674361881,-0.10819727231829435,1.1622709801303301,179.92189802481658,2.037165965953694e-05,3.861516149776131e-05,1.0,1.0,0.0,719.146535281378,0.0,1.0,211.0108643719076,0.0,0.0,1.0
frame_0932.jpg,frame_0932,932,D:\visualization2026\visualization\left_downsample2_Q44\frame_0932.jpg,D:\visualization2026\visualization\right_downsample2_Q44\frame_0932.jpg,D:\visualization2026\dowsample2_Q44\stitched_frames\frame_0932.jpg,D:\visualization2026\dowsample2_Q44_hess_matched\stitched_frames\frame_0932.jpg,2244,1489,-0.014658898665518727,-0.00010188527013876847,86.9677155803953,-7.988061309538918,193.57008980254363,-24.708059533690857,-106.60237422214833,16.71999822415194,107.90562789036815,-90.32295519461468,19.23086391825467,92.34750869477098,0,1,-45.16147759730734,9.615431959127335,45.16147759730734,-9.615431959127335,0,0,107.90562789036815,1633.5283610395034,616.0499136406758,1439.9582712369597,640.7579731743666,12,12,1.1927895747662582,0.06988557421169417,-45.121286787167946,-0.10271250169264637,1.0673041260180114,173.75145668989668,1.840316892919969e-05,-2.4463240002378878e-05,1.0,1.0,0.0,689.1614775973073,0.0,1.0,176.38456804087267,0.0,0.0,1.0
frame_0934.jpg,frame_0934,934,D:\visualization2026\visualization\left_downsample2_Q44\frame_0934.jpg,D:\visualization2026\visualization\right_downsample2_Q44\frame_0934.jpg,D:\visualization2026\dowsample2_Q44\stitched_frames\frame_0934.jpg,D:\visualization2026\dowsample2_Q44_hess_matched\stitched_frames\frame_0934.jpg,2245,1492,-0.014500616153413137,-0.00013727516256833994,86.38310367461017,-7.985627609109352,188.33463101274515,-48.15764268435623,-101.95152733813498,40.17201507524688,109.58058551488192,-100.7896530786705,22.814929431432606,103.33961085992149,0,1,-50.39482653933525,11.407464715716303,50.39482653933525,-11.407464715716303,0,0,109.58058551488192,1633.8101332677677,616.845637348444,1445.4755022550225,665.0032800328003,12,12,1.1869088716928577,0.06964132385782432,-50.72744477100586,-0.11096214950254968,1.0675280639137663,189.11538560333753,1.1869248045653549e-05,-1.8314278420849856e-05,1.0,1.0,0.0,695.3948265393352,0.0,1.0,186.59253528428368,0.0,0.0,1.0
frame_0936.jpg,frame_0936,936,D:\visualization2026\visualization\left_downsample2_Q44\frame_0936.jpg,D:\visualization2026\visualization\right_downsample2_Q44\frame_0936.jpg,D:\visualization2026\dowsample2_Q44\stitched_frames\frame_0936.jpg,D:\visualization2026\dowsample2_Q44_hess_matched\stitched_frames\frame_0936.jpg,2292,1494,-0.014122854014548825,-0.0002137722972282985,84.91047822490101,-7.961522134448321,188.2144398998687,-32.36415782348422,-103.30396167496768,24.402635689035897,106.14705425170781,-103.5459703965224,22.979511448553268,106.06519660931046,0,1,-51.7729851982612,11.489755724276634,51.7729851982612,-11.489755724276634,0,0,106.14705425170781,1679.9790232332018,644.2828213431824,1491.7645833333331,676.6469791666666,12,12,1.2662950314178942,0.10994818711808817,-51.86673884197028,-0.10174248161882,1.158260103166158,175.20426501620835,2.8547790209815574e-05,3.305020372255973e-05,1.0,1.0,0.0,743.7729851982612,0.0,1.0,197.51024427572338,0.0,0.0,1.0
frame_0938.jpg,frame_0938,938,D:\visualization2026\visualization\left_downsample2_Q44\frame_0938.jpg,D:\visualization2026\visualization\right_downsample2_Q44\frame_0938.jpg,D:\visualization2026\dowsample2_Q44\stitched_frames\frame_0938.jpg,D:\visualization2026\dowsample2_Q44_hess_matched\stitched_frames\frame_0938.jpg,2298,1485,-0.013728275028599968,-0.0003001109177688255,83.43481154388729,-7.951127448721158,193.40545138199855,-30.20456934178594,-109.97063983811125,22.25344189306478,112.1996314721737,-101.15837042315565,22.687224050489675,103.67124018639637,0,1,-50.57918521157782,11.343612025244838,50.57918521157782,-11.343612025244838,0,0,112.1996314721737,1690.7376045844446,642.3699398310496,1497.332153202446,672.5745091728355,12,12,1.2674057010021569,0.11729029315113684,-50.53521842233451,-0.09861272012485056,1.1629619714591022,170.05325794970753,2.894215042527033e-05,3.849527934092609e-05,1.0,1.0,0.0,748.5791852115779,0.0,1.0,196.65638797475515,0.0,0.0,1.0
frame_0940.jpg,frame_0940,940,D:\visualization2026\visualization\left_downsample2_Q44\frame_0940.jpg,D:\visualization2026\visualization\right_downsample2_Q44\frame_0940.jpg,D:\visualization2026\dowsample2_Q44\stitched_frames\frame_0940.jpg,D:\visualization2026\dowsample2_Q44_hess_matched\stitched_frames\frame_0940.jpg,2306,1484,-0.013553493683945206,-0.00035519963367824925,82.94477135313286,-7.985215459679632,178.84612026238256,-19.334681820946457,-95.90134890924969,11.349466361266824,96.570591327273,-99.45354491580454,18.486352256720533,101.15707002518167,0,1,-49.72677245790227,9.243176128360266,49.72677245790227,-9.243176128360266,0,0,96.570591327273,1684.333491730886,644.9771880003574,1505.4873714685034,664.3118698213038,12,12,1.2699822286516946,0.11138565359300513,-49.58445315773055,-0.09418638206652317,1.1426317688777938,160.66816929498802,3.582608539697282e-05,2.15625538370751e-05,1.0,1.0,0.0,755.7267724579023,0.0,1.0,190.75682387163974,0.0,0.0,1.0
frame_0942.jpg,frame_0942,942,D:\visualization2026\visualization\left_downsample2_Q44\frame_0942.jpg,D:\visualization2026\visualization\right_downsample2_Q44\frame_0942.jpg,D:\visualization2026\dowsample2_Q44\stitched_frames\frame_0942.jpg,D:\visualization2026\dowsample2_Q44_hess_matched\stitched_frames\frame_0942.jpg,2315,1490,-0.01374159895914362,-0.00036958924308150287,84.18782657812986,-8.117769856898935,72.87588650938937,-45.53213924727106,11.311940068740483,37.41436939037213,39.0870186250882,-98.46964092925431,18.073959117417726,100.11462521986667,1,1,-49.234820464627155,9.036979558708863,49.234820464627155,-9.036979558708863,2,2,39.0870186250882,1149.3370552906274,217.36597686191772,1076.461168781238,262.8981161091888,12,12,1.2881259026961889,0.12060453621496993,-49.24791886938096,-0.09087602226714135,1.167625076176551,154.46501781929726,4.0562672345869086e-05,3.1621722609493436e-05,1.0,1.0,0.0,764.2348204646272,0.0,1.0,195.96302044129115,0.0,0.0,1.0
frame_0944.jpg,frame_0944,944,D:\visualization2026\visualization\left_downsample2_Q44\frame_0944.jpg,D:\visualization2026\visualization\right_downsample2_Q44\frame_0944.jpg,D:\visualization2026\dowsample2_Q44\stitched_frames\frame_0944.jpg,D:\visualization2026\dowsample2_Q44_hess_matched\stitched_frames\frame_0944.jpg,2314,1491,-0.013994525877927377,-0.00037788339727795606,85.75186953262995,-8.27061104905638,179.1792693340094,-27.438267155457538,-93.42739980137945,19.16765610640116,95.37336144993556,-95.8165285136261,17.699325164418408,97.43753510674588,0,1,-47.90826425681305,8.849662582209204,47.90826425681305,-8.849662582209204,0,0,95.37336144993556,1693.6626989478737,641.4608916567447,1514.4834296138642,668.8991588122022,12,12,1.2802440843235101,0.12185147338498084,-47.34211198817618,-0.09483032646879115,1.1624667019271562,161.3997836342276,3.625876806956083e-05,3.149428614942917e-05,1.0,1.0,0.0,761.908264256813,0.0,1.0,199.1503374177908,0.0,0.0,1.0
frame_0946.jpg,frame_0946,946,D:\visualization2026\visualization\left_downsample2_Q44\frame_0946.jpg,D:\visualization2026\visualization\right_downsample2_Q44\frame_0946.jpg,D:\visualization2026\dowsample2_Q44\stitched_frames\frame_0946.jpg,D:\visualization2026\dowsample2_Q44_hess_matched\stitched_frames\frame_0946.jpg,2324,1503,-0.013932659644667611,-0.00041931072343703857,85.79140663773224,-8.333046299821468,184.17584837994877,-30.67371629234333,-98.38444174221654,22.34066999252186,100.8890673593644,-96.45781083204992,20.683505755496885,98.65047734729518,0,1,-48.22890541602496,10.341752877748442,48.22890541602496,-10.341752877748442,0,0,100.8890673593644,1706.6844628439949,647.7299770946369,1522.508614464046,678.4036933869802,12,12,1.2937271080200519,0.13719076548889486,-48.18910997844122,-0.09718496205012785,1.193360932700739,166.4211327912679,3.532893614510261e-05,4.6925629246108624e-05,1.0,1.0,0.0,772.228905416025,0.0,1.0,211.65824712225157,0.0,0.0,1.0
frame_0948.jpg,frame_0948,948,D:\visualization2026\visualization\left_downsample2_Q44\frame_0948.jpg,D:\visualization2026\visualization\right_downsample2_Q44\frame_0948.jpg,D:\visualization2026\dowsample2_Q44\stitched_frames\frame_0948.jpg,D:\visualization2026\dowsample2_Q44_hess_matched\stitched_frames\frame_0948.jpg,2295,1485,-0.013379138529885148,-0.000517587995543356,83.49946926261902,-8.266000548852064,180.20454702258917,-28.646272676920262,-96.70507775997015,20.3802721280682,98.82928491381483,-97.33345343284131,19.383137988963046,99.24468346194809,0,1,-48.666726716420655,9.691568994481523,48.666726716420655,-9.691568994481523,0,0,98.82928491381483,1673.950421610048,626.4689294682942,1493.7458745874587,655.1152021452144,12,12,1.2418458500229699,0.11525605419210509,-49.00068552297368,-0.10338892975221628,1.1373316938777687,175.47349799335785,2.2688493060545145e-05,2.516104371441387e-05,1.0,1.0,0.0,743.6667267164206,0.0,1.0,199.3084310055185,0.0,0.0,1.0
frame_0950.jpg,frame_0950,950,D:\visualization2026\visualization\left_downsample2_Q44\frame_0950.jpg,D:\visualization2026\visualization\right_downsample2_Q44\frame_0950.jpg,D:\visualization2026\dowsample2_Q44\stitched_frames\frame_0950.jpg,D:\visualization2026\dowsample2_Q44_hess_matched\stitched_frames\frame_0950.jpg,2284,1501,-0.012732168981780423,-0.0006093734660234107,80.59637659343802,-8.13461202803988,179.7041370948068,-34.40498134469908,-99.10776050136879,26.2703693166592,102.53038815702564,-99.05474082301271,17.668218386127585,100.61812769304603,0,1,-49.527370411506354,8.834109193063792,49.527370411506354,-8.834109193063792,0,0,102.53038815702564,1664.879243867229,617.6834872337024,1485.1751067724222,652.0884685784015,12,12,1.2564378944300858,0.08629095486617049,-49.33852379004168,-0.09445588073126358,1.1424023644880137,160.61378501993298,3.403384043207801e-05,1.2014880562782295e-05,1.0,1.0,0.0,733.5273704115064,0.0,1.0,188.1658908069362,0.0,0.0,1.0
frame_0952.jpg,frame_0952,952,D:\visualization2026\visualization\left_downsample2_Q44\frame_0952.jpg,D:\visualization2026\visualization\right_downsample2_Q44\frame_0952.jpg,D:\visualization2026\dowsample2_Q44\stitched_frames\frame_0952.jpg,D:\visualization2026\dowsample2_Q44_hess_matched\stitched_frames\frame_0952.jpg,2314,1496,-0.012466181846484847,-0.0006228152542069321,79.16686092504197,-8.024790795408046,178.20944828431357,-16.78151319657286,-99.0425873592716,8.756722401164813,99.42894094794536,-98.26350000135099,14.64732380137437,99.34917980062953,0,1,-49.131750000675495,7.323661900687185,49.131750000675495,-7.323661900687185,0,0,99.42894094794536,1693.511524857967,642.0841584452182,1515.3020765736535,658.8656716417911,12,12,1.2848385020669377,0.11461117008767159,-48.572398587066985,-0.09282072971376508,1.1683413855744056,156.136016489663,3.7647903584218435e-05,3.049998497895791e-05,1.0,1.0,0.0,763.1317500006755,0.0,1.0,186.67633809931283,0.0,0.0,1.0
frame_0954.jpg,frame_0954,954,D:\visualization2026\visualization\left_downsample2_Q44\frame_0954.jpg,D:\visualization2026\visualization\right_downsample2_Q44\frame_0954.jpg,D:\visualization2026\dowsample2_Q44\stitched_frames\frame_0954.jpg,D:\visualization2026\dowsample2_Q44_hess_matched\stitched_frames\frame_0954.jpg,2323,1508,-0.01241203422995174,-0.0007939043640096122,80.5111191535886,-8.389147291084189,182.54495590582496,-18.98220538330804,-102.03383675223637,10.593058092223853,102.5822436980555,-97.48974766686894,11.962812968117685,98.22097430925811,0,1,-48.74487383343447,5.981406484058843,48.74487383343447,-5.981406484058843,0,0,102.5822436980555,1707.7313756589112,648.3416629294492,1525.1864197530863,667.3238683127572,12,12,1.2934258703388615,0.12667288375927369,-48.1689734122472,-0.09858041607117213,1.1900877439956365,163.68090549240287,3.3735529989151186e-05,4.2938270471607575e-05,1.0,1.0,0.0,771.7448738334344,0.0,1.0,202.01859351594115,0.0,0.0,1.0
frame_0956.jpg,frame_0956,956,D:\visualization2026\visualization\left_downsample2_Q44\frame_0956.jpg,D:\visualization2026\visualization\right_downsample2_Q44\frame_0956.jpg,D:\visualization2026\dowsample2_Q44\stitched_frames\frame_0956.jpg,D:\visualization2026\dowsample2_Q44_hess_matched\stitched_frames\frame_0956.jpg,2325,1497,-0.012354853673036015,-0.0010851229286970021,83.0044471723623,-9.027841701400158,177.43268480627034,-16.264038770155935,-94.42823763390804,7.236197068755777,94.70509284438549,-96.59960929621855,8.293399752445163,96.9549637493405,0,1,-48.29980464810927,4.1466998762225815,48.29980464810927,-4.1466998762225815,0,0,94.70509284438549,1703.9196110119647,633.3938151907195,1526.4869262056943,649.6578539608754,12,12,1.306945558524515,0.1240002231968302,-48.24866731233948,-0.08817609376724934,1.1890739172724911,145.96750874790405,4.407224003794612e-05,3.978006257378335e-05,1.0,1.0,0.0,773.2998046481093,0.0,1.0,190.85330012377742,0.0,0.0,1.0
frame_0958.jpg,frame_0958,958,D:\visualization2026\visualization\left_downsample2_Q44\frame_0958.jpg,D:\visualization2026\visualization\right_downsample2_Q44\frame_0958.jpg,D:\visualization2026\dowsample2_Q44\stitched_frames\frame_0958.jpg,D:\visualization2026\dowsample2_Q44_hess_matched\stitched_frames\frame_0958.jpg,2314,1492,-0.012341599342974963,-0.0012382271745656759,84.41386147489878,-9.372517303278485,177.2501775624587,-16.330235265063266,-92.83631608755992,6.95771796178478,93.0966778351681,-96.21875903155471,8.596950745664419,96.60205562872754,0,1,-48.109379515777356,4.298475372832209,48.109379515777356,-4.298475372832209,0,0,93.0966778351681,1693.0129412432902,623.3859575403987,1515.7627636808315,639.716192805462,12,12,1.2877842636060601,0.11280628278043035,-47.6312290047459,-0.09137067653433525,1.165992587244405,150.47130785284784,3.9329300235617776e-05,2.9574684730896036e-05,1.0,1.0,0.0,762.1093795157774,0.0,1.0,185.7015246271678,0.0,0.0,1.0
frame_0960.jpg,frame_0960,960,D:\visualization2026\visualization\left_downsample2_Q44\frame_0960.jpg,D:\visualization2026\visualization\right_downsample2_Q44\frame_0960.jpg,D:\visualization2026\dowsample2_Q44\stitched_frames\frame_0960.jpg,D:\visualization2026\dowsample2_Q44_hess_matched\stitched_frames\frame_0960.jpg,2304,1492,-0.012550735689577985,-0.0011372935554686547,84.66009493369104,-9.251294242543882,179.3171635818078,-17.174597480840475,-94.65706864811675,7.923303238296594,94.98810125094768,-94.73488410798345,9.10284458071371,95.17121437921071,0,1,-47.367442053991724,4.551422290356855,47.367442053991724,-4.551422290356855,0,0,94.98810125094768,1684.9550823995019,619.3773814643969,1505.637918817694,636.5519789452374,12,12,1.267252962963042,0.10761731147070966,-47.542302401844196,-0.0984985959676871,1.1483895487339502,162.42826760915435,3.115933681988151e-05,2.449911018941707e-05,1.0,1.0,0.0,751.3674420539917,0.0,1.0,187.44857770964313,0.0,0.0,1.0
frame_0962.jpg,frame_0962,962,D:\visualization2026\visualization\left_downsample2_Q44\frame_0962.jpg,D:\visualization2026\visualization\right_downsample2_Q44\frame_0962.jpg,D:\visualization2026\dowsample2_Q44\stitched_frames\frame_0962.jpg,D:\visualization2026\dowsample2_Q44_hess_matched\stitched_frames\frame_0962.jpg,2313,1500,-0.01287945315287875,-0.0009473688163648131,84.74329986563188,-8.988909051335746,181.88163590158433,-19.263386418596838,-97.13833603595245,10.274477367261092,97.68019867406075,-95.72558203287997,14.873116778070642,96.87412790950822,0,1,-47.862791016439985,7.436558389035321,47.862791016439985,-7.436558389035321,0,0,97.68019867406075,1696.9022544582854,622.0514508565193,1515.020618556701,641.3148372751161,12,12,1.2795926375859423,0.11926124235680029,-47.87499145741589,-0.09996557030934519,1.1725044058674265,167.22938312228698,3.088475149215677e-05,3.671089555543993e-05,1.0,1.0,0.0,760.86279101644,0.0,1.0,194.56344161096467,0.0,0.0,1.0
frame_0964.jpg,frame_0964,964,D:\visualization2026\visualization\left_downsample2_Q44\frame_0964.jpg,D:\visualization2026\visualization\right_downsample2_Q44\frame_0964.jpg,D:\visualization2026\dowsample2_Q44\stitched_frames\frame_0964.jpg,D:\visualization2026\dowsample2_Q44_hess_matched\stitched_frames\frame_0964.jpg,2306,1495,-0.013032402971102863,-0.0008558998356573699,84.75191871859329,-8.85970600942258,179.3663808529734,-21.982233276892885,-94.61446213438012,13.122527267470305,95.52014011120141,-96.10877277322828,21.980989177961348,98.59036509323657,0,1,-48.05438638661414,10.990494588980674,48.05438638661414,-10.990494588980674,0,0,95.52014011120141,1686.9073760896206,619.359613282345,1507.5409952366472,641.3418465592379,12,12,1.2624523568800312,0.11498087995007489,-48.37570790414381,-0.10022768484472218,1.1677824537856762,171.39557680509927,2.3913050326359182e-05,3.7124692297602944e-05,1.0,1.0,0.0,754.0543863866142,0.0,1.0,196.00950541101932,0.0,0.0,1.0
frame_0966.jpg,frame_0966,966,D:\visualization2026\visualization\left_downsample2_Q44\frame_0966.jpg,D:\visualization2026\visualization\right_downsample2_Q44\frame_0966.jpg,D:\visualization2026\dowsample2_Q44\stitched_frames\frame_0966.jpg,D:\visualization2026\dowsample2_Q44_hess_matched\stitched_frames\frame_0966.jpg,2291,1459,-0.01288713433764388,-0.000865396511386507,83.99212670751015,-8.804678410681692,183.3738539659007,-44.89223646622213,-99.38172725839055,36.08755805554044,105.73097729271743,-95.92631822213042,27.43005627067012,99.7710705298162,0,1,-47.96315911106521,13.71502813533506,47.96315911106521,-13.71502813533506,0,0,105.73097729271743,1676.034922518248,587.8677321057676,1492.6610685523474,632.7599685719897,12,12,1.2763412351104746,0.09664040373273247,-47.82609916692374,-0.09368981779733648,1.1305099720812144,164.2639706327036,3.671455730688769e-05,2.7279938092195786e-05,1.0,1.0,0.0,738.9631591110652,0.0,1.0,189.28497186466495,0.0,0.0,1.0
frame_0968.jpg,frame_0968,968,D:\visualization2026\visualization\left_downsample2_Q44\frame_0968.jpg,D:\visualization2026\visualization\right_downsample2_Q44\frame_0968.jpg,D:\visualization2026\dowsample2_Q44\stitched_frames\frame_0968.jpg,D:\visualization2026\dowsample2_Q44_hess_matched\stitched_frames\frame_0968.jpg,2310,1494,-0.01265286342278693,-0.0008527844548472663,82.4955645621736,-8.651787172400686,177.24783435147515,-51.14886713363899,-94.75226978930155,42.4970799612383,103.84601309369786,-94.43944796440195,31.86458962998416,99.67026338937947,0,1,-47.219723982200975,15.93229481499208,47.219723982200975,-15.93229481499208,0,0,103.84601309369786,1688.3010072405011,608.5912336582976,1511.053172889026,659.7401007919366,12,12,1.266887929777109,0.11480315773680651,-47.169685960593796,-0.09804818115087971,1.1683382902359438,173.80758744034551,2.595272424487453e-05,3.619921747370737e-05,1.0,1.0,0.0,757.219723982201,0.0,1.0,220.06770518500792,0.0,0.0,1.0
frame_0970.jpg,frame_0970,970,D:\visualization2026\visualization\left_downsample2_Q44\frame_0970.jpg,D:\visualization2026\visualization\right_downsample2_Q44\frame_0970.jpg,D:\visualization2026\dowsample2_Q44\stitched_frames\frame_0970.jpg,D:\visualization2026\dowsample2_Q44_hess_matched\stitched_frames\frame_0970.jpg,2331,1498,-0.012530778690475586,-0.0008065790587318267,81.33069847660076,-8.481073099766698,175.07549436922818,-43.64971180160717,-93.74479589262742,35.16863870184047,100.12452199681638,-94.18438119677032,35.09585881924982,100.51078035553827,0,1,-47.09219059838516,17.54792940962491,47.09219059838516,-17.54792940962491,0,0,100.12452199681638,1707.001833430629,609.912342263311,1531.9263390614008,653.5620540649181,12,12,1.2867052472688083,0.13342968309242692,-46.66000874922632,-0.0949903716441794,1.1955954421740196,170.62489600792745,2.850865448538514e-05,4.9339611577769536e-05,1.0,1.0,0.0,778.0921905983852,0.0,1.0,217.4520705903751,0.0,0.0,1.0
frame_0972.jpg,frame_0972,972,D:\visualization2026\visualization\left_downsample2_Q44\frame_0972.jpg,D:\visualization2026\visualization\right_downsample2_Q44\frame_0972.jpg,D:\visualization2026\dowsample2_Q44\stitched_frames\frame_0972.jpg,D:\visualization2026\dowsample2_Q44_hess_matched\stitched_frames\frame_0972.jpg,2360,1497,-0.012400528654331389,-0.0007400431483322034,79.92046358133955,-8.259339861092545,169.62444832864958,-40.70648402492384,-89.70398474731003,32.4471441638313,95.39193909306006,-93.69512804929619,35.759630411900424,100.28722843597646,0,1,-46.84756402464809,17.879815205950212,46.84756402464809,-17.879815205950212,0,0,95.39193909306006,1730.197600229827,597.5404760213993,1560.5731519011774,638.2469600463231,12,12,1.3574056782564268,0.147233502626694,-46.13947263918642,-0.07184846441058017,1.2457644363229634,135.07399068833516,5.78111068308718e-05,6.304650324424838e-05,1.0,1.0,0.0,806.8475640246481,0.0,1.0,207.12018479404978,0.0,0.0,1.0
frame_0974.jpg,frame_0974,974,D:\visualization2026\visualization\left_downsample2_Q44\frame_0974.jpg,D:\visualization2026\visualization\right_downsample2_Q44\frame_0974.jpg,D:\visualization2026\dowsample2_Q44\stitched_frames\frame_0974.jpg,D:\visualization2026\dowsample2_Q44_hess_matched\stitched_frames\frame_0974.jpg,2376,1495,-0.011965531397261864,-0.000709599548184614,77.07338783770464,-7.959311875577043,170.4125161339266,-37.238185089375634,-93.33912829622196,29.27887321379859,97.82354158262865,-93.97664556481244,33.37258947845083,99.72632370699117,0,1,-46.98832278240622,16.686294739225414,46.98832278240622,-16.686294739225414,0,0,97.82354158262865,1747.2644786762658,589.3398184969961,1576.8519625423392,626.5780035863718,12,12,1.3870019773474491,0.15187846911974093,-46.26255275131536,-0.060468521253492176,1.261954843789863,115.01382498434674,6.720959835387383e-05,6.500095313615019e-05,1.0,1.0,0.0,822.9883227824063,0.0,1.0,204.31370526077458,0.0,0.0,1.0
frame_0976.jpg,frame_0976,976,D:\visualization2026\visualization\left_downsample2_Q44\frame_0976.jpg,D:\visualization2026\visualization\right_downsample2_Q44\frame_0976.jpg,D:\visualization2026\dowsample2_Q44\stitched_frames\frame_0976.jpg,D:\visualization2026\dowsample2_Q44_hess_matched\stitched_frames\frame_0976.jpg,2349,1496,-0.011244613430281047,-0.0007702847224994036,73.4344815094763,-7.717368676550139,170.3699430304962,-47.1237846953436,-96.93546152101989,39.406416018793465,104.63913858465841,-94.30453702883612,30.68232865192015,99.17031307668421,0,1,-47.15226851441806,15.341164325960076,47.15226851441806,-15.341164325960076,0,0,104.63913858465841,1719.7556383444783,582.6735023469632,1549.385695313982,629.7972870423068,12,12,1.3283449603865645,0.1417245134467865,-47.19072952186931,-0.08055736748986969,1.2207972765463544,145.63078976463592,4.7092282423365655e-05,5.497541006493087e-05,1.0,1.0,0.0,796.1522685144181,0.0,1.0,210.65883567403992,0.0,0.0,1.0
frame_0978.jpg,frame_0978,978,D:\visualization2026\visualization\left_downsample2_Q44\frame_0978.jpg,D:\visualization2026\visualization\right_downsample2_Q44\frame_0978.jpg,D:\visualization2026\dowsample2_Q44\stitched_frames\frame_0978.jpg,D:\visualization2026\dowsample2_Q44_hess_matched\stitched_frames\frame_0978.jpg,2354,1496,-0.009891326233595898,-0.0017517146527191718,75.03008380786883,-9.255913097673004,117.42142538952089,1.0437773241930586,-42.39134158165206,-10.299690421866062,43.624642851014634,-92.40026137736146,26.63872914229709,96.16355958948995,1,1,-46.20013068868073,13.319364571148546,46.20013068868073,-13.319364571148546,4,1,43.624642851014634,1938.4953271983063,457.1290486420225,1821.0739018087854,456.08527131782944,12,12,1.359286040260239,0.12394254268155017,-46.510032633481416,-0.0668465311431691,1.2294559493622128,121.35294720688077,6.23320858490783e-05,4.825230763749159e-05,1.0,1.0,0.0,800.2001306886807,0.0,1.0,194.68063542885145,0.0,0.0,1.0
frame_0980.jpg,frame_0980,980,D:\visualization2026\visualization\left_downsample2_Q44\frame_0980.jpg,D:\visualization2026\visualization\right_downsample2_Q44\frame_0980.jpg,D:\visualization2026\dowsample2_Q44\stitched_frames\frame_0980.jpg,D:\visualization2026\dowsample2_Q44_hess_matched\stitched_frames\frame_0980.jpg,2348,1490,-0.008030232580582441,-0.0035945464391519133,82.01436822241534,-12.504521289099289,177.3986214351612,-34.2218558582864,-95.38425321274586,21.717334569187116,97.82534631547811,-86.72862767154255,21.33114623198634,89.31333975033877,0,1,-43.36431383577128,10.66557311599317,43.36431383577128,-10.66557311599317,0,0,97.82534631547811,1723.9779913538603,600.1500953612258,1546.579369918699,634.3719512195122,12,12,1.3333742062461085,0.12640799570616407,-43.315437500419144,-0.07608697360265816,1.210396065524312,133.6742916236527,5.1175013936807367e-05,4.750915822925598e-05,1.0,1.0,0.0,791.3643138357713,0.0,1.0,195.33442688400683,0.0,0.0,1.0
frame_0982.jpg,frame_0982,982,D:\visualization2026\visualization\left_downsample2_Q44\frame_0982.jpg,D:\visualization2026\visualization\right_downsample2_Q44\frame_0982.jpg,D:\visualization2026\dowsample2_Q44\stitched_frames\frame_0982.jpg,D:\visualization2026\dowsample2_Q44_hess_matched\stitched_frames\frame_0982.jpg,2323,1494,-0.0068264227954110135,-0.00408467509246313,79.71451415898056,-12.99359488935339,93.58765489339225,-56.30364672840216,-13.873140734411692,43.31005183904877,45.4777376761189,-77.29739797620223,12.100417169982395,78.2387872450679,1,1,-38.64869898810112,6.050208584991197,38.64869898810112,-6.050208584991197,2,6,45.4777376761189,1730.172511290259,444.2733767702924,1636.5848563968668,500.57702349869453,12,12,1.309878707497235,0.10344568537174394,-38.816560948906,-0.08948822170614452,1.1793531056907678,149.3098736119721,4.386437738662575e-05,3.5770457120185805e-05,1.0,1.0,0.0,761.6486989881012,0.0,1.0,195.9497914150088,0.0,0.0,1.0
frame_0984.jpg,frame_0984,984,D:\visualization2026\visualization\left_downsample2_Q44\frame_0984.jpg,D:\visualization2026\visualization\right_downsample2_Q44\frame_0984.jpg,D:\visualization2026\dowsample2_Q44\stitched_frames\frame_0984.jpg,D:\visualization2026\dowsample2_Q44_hess_matched\stitched_frames\frame_0984.jpg,2355,1461,-0.007126578146303464,-0.0026813043117729363,67.84357623897775,-9.928766599968883,61.09805078420095,-1.9451385342009644,6.745525454776796,-7.983628065767919,10.4518147110231,-64.98095976712749,2.7409586622448545,65.03874219759463,1,1,-32.490479883563744,1.3704793311224273,32.490479883563744,-1.3704793311224273,4,4,10.4518147110231,1951.7568361342242,536.5161502928737,1890.6587853500232,538.4612888270747,12,12,1.3312731066561512,0.116392727195961,-32.721544554431766,-0.07055250788622416,1.176547138654646,114.13082004958855,5.509432437033249e-05,3.601685578389244e-05,1.0,1.0,0.0,787.4904798835637,0.0,1.0,190.62952066887757,0.0,0.0,1.0
frame_0986.jpg,frame_0986,986,D:\visualization2026\visualization\left_downsample2_Q44\frame_0986.jpg,D:\visualization2026\visualization\right_downsample2_Q44\frame_0986.jpg,D:\visualization2026\dowsample2_Q44\stitched_frames\frame_0986.jpg,D:\visualization2026\dowsample2_Q44_hess_matched\stitched_frames\frame_0986.jpg,2378,1492,-0.008249117186698407,-0.0017588223013838,65.46716032305517,-8.403570520499567,179.7076341389461,-58.66820695890192,-114.24047381589094,50.26463643840235,124.80953302518213,-49.77931304431831,-6.747229291226278,50.234501194623405,1,0,-24.889656522159154,-3.373614645613139,24.889656522159154,3.373614645613139,0,0,124.80953302518213,1746.1808132728042,622.7477215187884,1566.4731791338581,681.4159284776903,12,12,1.3728323859298421,0.14031386791336306,-24.82114784665691,-0.0742716605438793,1.2427245636300934,115.39040681334346,5.8594052999993285e-05,6.608891003362781e-05,1.0,1.0,0.0,802.8896565221592,0.0,1.0,240.37361464561315,0.0,0.0,1.0
frame_0988.jpg,frame_0988,988,D:\visualization2026\visualization\left_downsample2_Q44\frame_0988.jpg,D:\visualization2026\visualization\right_downsample2_Q44\frame_0988.jpg,D:\visualization2026\dowsample2_Q44\stitched_frames\frame_0988.jpg,D:\visualization2026\dowsample2_Q44_hess_matched\stitched_frames\frame_0988.jpg,2242,1408,-0.009233528935539304,-0.0013103741834038507,66.88504798380174,-7.894185181902177,152.16587362064297,-70.33331189194087,-85.28082563684123,62.43912671003869,105.6951454212235,-34.57766632150912,-16.23541724469741,38.19952593097255,1,1,-17.28883316075456,-8.117708622348704,17.28883316075456,8.117708622348704,0,0,105.6951454212235,1581.8759658089011,556.2890397173103,1429.7100921882582,626.6223516092512,12,12,1.0408204566463053,0.0665501138592906,-16.855441866496275,-0.1603915549741679,0.8758921189782569,249.0197347681221,-3.661150242466904e-05,-5.915996030286031e-05,1.0,1.0,0.0,659.2888331607545,0.0,1.0,198.11770862234872,0.0,0.0,1.0
frame_0990.jpg,frame_0990,990,D:\visualization2026\visualization\left_downsample2_Q44\frame_0990.jpg,D:\visualization2026\visualization\right_downsample2_Q44\frame_0990.jpg,D:\visualization2026\dowsample2_Q44\stitched_frames\frame_0990.jpg,D:\visualization2026\dowsample2_Q44_hess_matched\stitched_frames\frame_0990.jpg,2355,1494,-0.00948263984226172,-0.0012704101245508692,67.95796045229046,-7.934156769106008,-15.217855744745066,6.957720042428946,83.17581619703553,-14.891876811534953,84.4984283582421,-19.376019598699926,-25.723605198168542,32.20456489195976,1,1,-9.688009799349963,-12.861802599084271,9.688009799349963,12.861802599084271,0,6,84.4984283582421,1722.1339229113814,615.4280757736542,1737.3517786561265,608.4703557312253,12,12,1.3061764660746775,0.13952329896878174,-9.953662264371353,-0.09761764095543103,1.1947441015599505,142.8848937120925,3.5100191869596416e-05,5.3649077279439386e-05,1.0,1.0,0.0,764.68800979935,0.0,1.0,287.8618025990843,0.0,0.0,1.0
frame_0992.jpg,frame_0992,992,D:\visualization2026\visualization\left_downsample2_Q44\frame_0992.jpg,D:\visualization2026\visualization\right_downsample2_Q44\frame_0992.jpg,D:\visualization2026\dowsample2_Q44\stitched_frames\frame_0992.jpg,D:\visualization2026\dowsample2_Q44_hess_matched\stitched_frames\frame_0992.jpg,2390,1499,-0.009503660499038502,-0.0014597075286018057,69.91996263683295,-8.38009975052999,176.60400220231486,-93.42154241435935,-106.68403956548191,85.04144266382936,136.43141598750154,-9.198956172722312,-33.69142825842408,34.924677990787586,1,0,-4.599478086361156,-16.84571412921204,4.599478086361156,16.84571412921204,0,0,136.43141598750154,1754.3585809568935,613.5108141179973,1577.7545787545787,706.9323565323566,12,12,1.3771678930700701,0.1659577250109985,-4.338130977183479,-0.07433663800370692,1.2631597813571227,100.56651322935446,5.836789348699269e-05,7.548706460458113e-05,1.0,1.0,0.0,794.5994780863612,0.0,1.0,293.84571412921207,0.0,0.0,1.0
frame_0994.jpg,frame_0994,994,D:\visualization2026\visualization\left_downsample2_Q44\frame_0994.jpg,D:\visualization2026\visualization\right_downsample2_Q44\frame_0994.jpg,D:\visualization2026\dowsample2_Q44\stitched_frames\frame_0994.jpg,D:\visualization2026\dowsample2_Q44_hess_matched\stitched_frames\frame_0994.jpg,2393,1508,-0.009463305687582024,-0.0014814425052417368,69.89439098735126,-8.408679639106671,58.86711714043281,36.29130146600414,11.027273846918447,-44.699981105110815,46.04008122595132,3.1842161954409995,-38.39045339007772,38.52228114059496,0,1,1.5921080977204998,-19.19522669503886,-1.5921080977204998,19.19522669503886,0,5,46.04008122595132,1761.5128087504102,615.2000316247343,1702.6456916099773,578.9087301587301,12,12,1.3774809823138001,0.1746828694432443,1.3409260818169901,-0.07882666481279264,1.2769899205125819,104.77275793592995,5.360974439513366e-05,8.310226198448553e-05,1.0,1.0,0.0,791.4078919022795,0.0,1.0,307.19522669503885,0.0,0.0,1.0
frame_0996.jpg,frame_0996,996,D:\visualization2026\visualization\left_downsample2_Q44\frame_0996.jpg,D:\visualization2026\visualization\right_downsample2_Q44\frame_0996.jpg,D:\visualization2026\dowsample2_Q44\stitched_frames\frame_0996.jpg,D:\visualization2026\dowsample2_Q44_hess_matched\stitched_frames\frame_0996.jpg,2381,1507,-0.009360072237378114,-0.0012110683301405079,66.66266384221011,-7.733012434668431,65.55665975664033,38.85333215783555,1.1060040855697792,-46.586344592503984,46.59947153701233,17.773497505790004,-39.82068059312944,43.60715327200755,0,1,8.886748752895002,-19.91034029656472,-8.886748752895002,19.91034029656472,0,9,46.59947153701233,1752.9982551982357,606.420283724787,1687.4415954415954,567.5669515669515,12,12,1.3526572677380717,0.1646520136497256,9.067431275830856,-0.08609856405683321,1.2531183787790883,116.31367873908198,4.5429156419452845e-05,7.471289729768036e-05,1.0,1.0,0.0,772.113251247105,0.0,1.0,307.9103402965647,0.0,0.0,1.0
frame_0998.jpg,frame_0998,998,D:\visualization2026\visualization\left_downsample2_Q44\frame_0998.jpg,D:\visualization2026\visualization\right_downsample2_Q44\frame_0998.jpg,D:\visualization2026\dowsample2_Q44\stitched_frames\frame_0998.jpg,D:\visualization2026\dowsample2_Q44_hess_matched\stitched_frames\frame_0998.jpg,2392,1504,-0.008988763603894445,-0.001224973315855582,64.61991071590305,-7.568543925868585,48.62876016135897,-30.823318368553373,15.991150554544078,23.254774442684788,28.22235692564037,16.867398832694263,-40.086837141640075,43.490960617139166,1,1,8.433699416347132,-20.043418570820037,-8.433699416347132,20.043418570820037,6,3,28.22235692564037,2008.094055791179,594.7645136794329,1959.46529562982,625.5878320479862,12,12,1.3832925911154212,0.1655161608102596,8.26968092759099,-0.07796002481506766,1.2615169458330642,102.57364848379551,5.9590815618090465e-05,7.451354069100797e-05,1.0,1.0,0.0,783.5663005836528,0.0,1.0,298.04341857082005,0.0,0.0,1.0
frame_1000.jpg,frame_1000,1000,D:\visualization2026\visualization\left_downsample2_Q44\frame_1000.jpg,D:\visualization2026\visualization\right_downsample2_Q44\frame_1000.jpg,D:\visualization2026\dowsample2_Q44\stitched_frames\frame_1000.jpg,D:\visualization2026\dowsample2_Q44_hess_matched\stitched_frames\frame_1000.jpg,2359,1499,-0.008648471301194283,-0.0013406027754910843,63.747160868792484,-7.654147175723015,10.17677391574739,25.22059403770413,53.570386953045094,-32.87474121342714,62.853281283866075,11.29026894237501,-38.37145033553485,39.99797961952048,0,1,5.645134471187505,-19.185725167767426,-5.645134471187505,19.185725167767426,0,3,62.853281283866075,1715.4072903476722,615.0731761973285,1705.2305164319248,589.8525821596244,12,12,1.3134045990271244,0.1437468543063073,6.1372719214387255,-0.09816751010595208,1.204836783922964,137.1353741989011,3.5807335551914865e-05,5.780210862748678e-05,1.0,1.0,0.0,753.3548655288125,0.0,1.0,299.18572516776743,0.0,0.0,1.0
frame_1002.jpg,frame_1002,1002,D:\visualization2026\visualization\left_downsample2_Q44\frame_1002.jpg,D:\visualization2026\visualization\right_downsample2_Q44\frame_1002.jpg,D:\visualization2026\dowsample2_Q44\stitched_frames\frame_1002.jpg,D:\visualization2026\dowsample2_Q44_hess_matched\stitched_frames\frame_1002.jpg,2325,1462,-0.008639474012045012,-0.0013634264844657462,63.91608408076539,-7.701814920724682,72.62095032213483,28.84076097346815,-8.704866241369444,-36.54257589419283,37.565070867269455,6.066691131663811,-36.19488506802937,36.69978809713843,0,1,3.0333455658319055,-18.097442534014686,-3.0333455658319055,18.097442534014686,0,7,37.565070867269455,1669.0864996703656,575.3230700982353,1596.4655493482308,546.4823091247672,12,12,1.2875619174171367,0.08867600307058189,3.3732157802993017,-0.07945781040470239,1.1281334301833363,107.51787746847504,5.0121103646765605e-05,1.0149922894941232e-05,1.0,1.0,0.0,721.966654434168,0.0,1.0,249.09744253401468,0.0,0.0,1.0
frame_1004.jpg,frame_1004,1004,D:\visualization2026\visualization\left_downsample2_Q44\frame_1004.jpg,D:\visualization2026\visualization\right_downsample2_Q44\frame_1004.jpg,D:\visualization2026\dowsample2_Q44\stitched_frames\frame_1004.jpg,D:\visualization2026\dowsample2_Q44_hess_matched\stitched_frames\frame_1004.jpg,2403,1497,-0.008928394157883601,-0.0013568727173846051,65.54701325152128,-7.839588949560618,173.85007916399945,-61.425097356443416,-108.30306591247817,53.585508406882795,120.83443547791622,2.383301525401584,-38.5976675778302,38.67117878484785,1,0,1.191650762700792,-19.2988337889151,-1.191650762700792,19.2988337889151,0,0,120.83443547791622,1761.2654684035547,600.5705443628232,1587.4153892395552,661.9956417192666,12,12,1.424834555397309,0.1553278870623763,1.015256969825518,-0.05816695994471427,1.279176454013825,71.90812469198143,7.701169243396302e-05,7.270060743319994e-05,1.0,1.0,0.0,801.8083492372992,0.0,1.0,270.2988337889151,0.0,0.0,1.0
frame_1006.jpg,frame_1006,1006,D:\visualization2026\visualization\left_downsample2_Q44\frame_1006.jpg,D:\visualization2026\visualization\right_downsample2_Q44\frame_1006.jpg,D:\visualization2026\dowsample2_Q44\stitched_frames\frame_1006.jpg,D:\visualization2026\dowsample2_Q44_hess_matched\stitched_frames\frame_1006.jpg,2409,1511,-0.00919011624235011,-0.0013307893319951525,66.82872115706543,-7.918115863184165,91.84060612505164,27.785402391792445,-25.011884967986205,-35.70351825497661,43.59283892378681,-7.821121893841846,-41.49386120175578,42.22452445095037,0,1,-3.910560946920923,-20.74693060087789,3.910560946920923,20.74693060087789,0,7,43.59283892378681,1772.8751484393865,611.3018099911015,1681.0345423143349,583.5164075993091,12,12,1.415301011828133,0.16996427672218573,-3.1296669176107614,-0.0703443113244575,1.2909538766852644,89.77172493428078,6.579570747687243e-05,8.343766806408896e-05,1.0,1.0,0.0,812.9105609469209,0.0,1.0,288.7469306008779,0.0,0.0,1.0
frame_1008.jpg,frame_1008,1008,D:\visualization2026\visualization\left_downsample2_Q44\frame_1008.jpg,D:\visualization2026\visualization\right_downsample2_Q44\frame_1008.jpg,D:\visualization2026\dowsample2_Q44\stitched_frames\frame_1008.jpg,D:\visualization2026\dowsample2_Q44_hess_matched\stitched_frames\frame_1008.jpg,2370,1498,-0.00911998865189989,-0.0012930231837220418,66.05056988693887,-7.794270532227111,57.12932239894258,43.95018491974258,8.921247487996297,-51.74445545196969,52.50787871132251,-6.8450902004360366,-42.77873866574528,43.32292397431452,0,1,-3.4225451002180183,-21.38936933287264,3.4225451002180183,21.38936933287264,0,8,52.50787871132251,1730.4376924429955,593.3833714101978,1673.308370044053,549.4331864904552,12,12,1.3505893232912878,0.13917257188148233,-3.4270672547948937,-0.08236890913804469,1.2275663514502733,108.73828159750929,5.150562332252602e-05,5.9311011724425116e-05,1.0,1.0,0.0,773.422545100218,0.0,1.0,278.38936933287266,0.0,0.0,1.0
frame_1010.jpg,frame_1010,1010,D:\visualization2026\visualization\left_downsample2_Q44\frame_1010.jpg,D:\visualization2026\visualization\right_downsample2_Q44\frame_1010.jpg,D:\visualization2026\dowsample2_Q44\stitched_frames\frame_1010.jpg,D:\visualization2026\dowsample2_Q44_hess_matched\stitched_frames\frame_1010.jpg,2390,1492,-0.00880778321995146,-0.0012923457168323438,64.21282728572866,-7.627568992285813,176.26531109453526,-62.36886874730055,-112.0524838088066,54.74129975501474,124.70913770286138,-5.51295216060222,-43.269772669873475,43.619558324536236,1,0,-2.75647608030111,-21.634886334936738,2.75647608030111,21.634886334936738,0,0,124.70913770286138,1749.5289188318272,582.5790994638255,1573.263607737292,644.9479682111261,12,12,1.3924726000397984,0.14753223876802882,-2.5641245240396815,-0.0664185494191753,1.2523458946064607,82.15961392291865,6.673289994478828e-05,6.515766291757206e-05,1.0,1.0,0.0,792.7564760803011,0.0,1.0,270.6348863349367,0.0,0.0,1.0
frame_1012.jpg,frame_1012,1012,D:\visualization2026\visualization\left_downsample2_Q44\frame_1012.jpg,D:\visualization2026\visualization\right_downsample2_Q44\frame_1012.jpg,D:\visualization2026\dowsample2_Q44\stitched_frames\frame_1012.jpg,D:\visualization2026\dowsample2_Q44_hess_matched\stitched_frames\frame_1012.jpg,2353,1459,-0.008446647045008637,-0.0013253186263362249,62.414951452276746,-7.51228114012514,166.36626867917107,-56.44072468809463,-103.95131722689433,48.92844354796949,114.89068256927216,-3.803739443465576,-41.747237028296354,41.920164995507044,1,1,-1.901869721732788,-20.873618514148177,1.901869721732788,20.873618514148177,0,0,114.89068256927216,1702.682069452035,546.0322966372238,1536.315800772864,602.4730213253184,12,12,1.3517093454336695,0.10398129407405518,-1.6954236605931154,-0.06107947904375186,1.1823839230459987,74.02570897295077,6.867090644503361e-05,3.1614200428912426e-05,1.0,1.0,0.0,754.9018697217327,0.0,1.0,234.87361851414818,0.0,0.0,1.0
frame_1014.jpg,frame_1014,1014,D:\visualization2026\visualization\left_downsample2_Q44\frame_1014.jpg,D:\visualization2026\visualization\right_downsample2_Q44\frame_1014.jpg,D:\visualization2026\dowsample2_Q44\stitched_frames\frame_1014.jpg,D:\visualization2026\dowsample2_Q44_hess_matched\stitched_frames\frame_1014.jpg,2386,1493,-0.008082108250417774,-0.001393882829648696,60.942828897442745,-7.476948070808596,71.14051430295149,31.101269024417093,-10.197685405508743,-38.57821709522569,39.903278334944986,-10.134780412884282,-34.919038537693666,36.36004711787814,0,1,-5.067390206442141,-17.459519268846833,5.067390206442141,17.459519268846833,0,8,39.903278334944986,1745.8080248514746,570.5021129062736,1674.667510548523,539.4008438818565,12,12,1.3863042463241981,0.14308610659627652,-4.455711335186365,-0.06696610787684504,1.2500538453396888,88.0211798812081,6.391594041514033e-05,6.38474902381785e-05,1.0,1.0,0.0,791.0673902064422,0.0,1.0,268.45951926884686,0.0,0.0,1.0
frame_1016.jpg,frame_1016,1016,D:\visualization2026\visualization\left_downsample2_Q44\frame_1016.jpg,D:\visualization2026\visualization\right_downsample2_Q44\frame_1016.jpg,D:\visualization2026\dowsample2_Q44\stitched_frames\frame_1016.jpg,D:\visualization2026\dowsample2_Q44_hess_matched\stitched_frames\frame_1016.jpg,2381,1487,-0.007160457950052379,-0.0017308651844353262,58.810347348696446,-7.763490564464846,71.35934533356499,28.251760857166346,-12.548997984868542,-36.01525142163119,38.13889989744778,-16.44485305142817,-26.87111386124698,31.503808532099193,1,1,-8.222426525714084,-13.43555693062349,8.222426525714084,13.43555693062349,0,3,38.13889989744778,1739.6868677847008,560.4171068687881,1668.3275224511358,532.1653460116218,12,12,1.3984771553068127,0.130124113957888,-7.603656044218113,-0.05716456003784033,1.2508182321691141,76.60689105000095,7.314299054500057e-05,5.8942021631142785e-05,1.0,1.0,0.0,789.2224265257141,0.0,1.0,237.43555693062348,0.0,0.0,1.0
frame_1018.jpg,frame_1018,1018,D:\visualization2026\visualization\left_downsample2_Q44\frame_1018.jpg,D:\visualization2026\visualization\right_downsample2_Q44\frame_1018.jpg,D:\visualization2026\dowsample2_Q44\stitched_frames\frame_1018.jpg,D:\visualization2026\dowsample2_Q44_hess_matched\stitched_frames\frame_1018.jpg,2347,1450,-0.006190539327258104,-0.002091769417120193,56.627121574461604,-8.079450386769585,158.69049700975415,-45.58959605842449,-102.06337543529256,37.510145671654904,108.73795856808353,-20.413180234464917,-19.628062103586608,28.31887619993071,1,1,-10.206590117232459,-9.814031051793304,10.206590117232459,9.814031051793304,0,0,108.73795856808353,1687.8643396534576,534.9504054135708,1529.1738426437034,580.5400014719953,12,12,1.3235528478442662,0.09011342636989644,-10.320596503810584,-0.06526709586516,1.162513981215527,93.52677038500171,5.657230874209451e-05,2.7789701909337986e-05,1.0,1.0,0.0,757.2065901172325,0.0,1.0,219.8140310517933,0.0,0.0,1.0
frame_1020.jpg,frame_1020,1020,D:\visualization2026\visualization\left_downsample2_Q44\frame_1020.jpg,D:\visualization2026\visualization\right_downsample2_Q44\frame_1020.jpg,D:\visualization2026\dowsample2_Q44\stitched_frames\frame_1020.jpg,D:\visualization2026\dowsample2_Q44_hess_matched\stitched_frames\frame_1020.jpg,2359,1487,-0.005820636865850659,-0.0023209389857079543,56.6835549693137,-8.410197170050665,85.68564830520518,-1.2941112192290802,-29.00209333589148,-7.116085950821585,29.86235250483862,-22.03976196199453,-13.189883264712556,25.685095442262334,0,1,-11.019880980997264,-6.594941632356278,11.019880980997264,6.594941632356278,0,8,29.86235250483862,1719.4865532825806,556.3401270914798,1633.8009049773755,557.6342383107088,12,12,1.3168548172797916,0.11893958183204047,-10.361378919472223,-0.0853011730951115,1.206420195912334,129.79819500646715,3.604287080612153e-05,5.482435207725658e-05,1.0,1.0,0.0,770.0198809809973,0.0,1.0,260.59494163235627,0.0,0.0,1.0
frame_1022.jpg,frame_1022,1022,D:\visualization2026\visualization\left_downsample2_Q44\frame_1022.jpg,D:\visualization2026\visualization\right_downsample2_Q44\frame_1022.jpg,D:\visualization2026\dowsample2_Q44\stitched_frames\frame_1022.jpg,D:\visualization2026\dowsample2_Q44_hess_matched\stitched_frames\frame_1022.jpg,2379,1458,-0.0062413416757808315,-0.002816974175986253,63.969253315065856,-9.772147735303493,163.8530075272397,-52.09071131683743,-99.88375421217384,42.31856358153394,108.4786853677822,-21.345566564891826,-8.776303530468821,23.079356915545702,1,1,-10.672783282445913,-4.388151765234411,10.672783282445913,4.388151765234411,0,0,108.4786853677822,1726.9401539806677,533.9281691807192,1563.087146453428,586.0188804975567,12,12,1.4038280379606742,0.10249742135077093,-10.973553269624254,-0.04115356856091837,1.2238535221951707,60.3053633502732,8.581494764807507e-05,4.294091008675738e-05,1.0,1.0,0.0,789.672783282446,0.0,1.0,212.3881517652344,0.0,0.0,1.0
frame_1024.jpg,frame_1024,1024,D:\visualization2026\visualization\left_downsample2_Q44\frame_1024.jpg,D:\visualization2026\visualization\right_downsample2_Q44\frame_1024.jpg,D:\visualization2026\dowsample2_Q44\stitched_frames\frame_1024.jpg,D:\visualization2026\dowsample2_Q44_hess_matched\stitched_frames\frame_1024.jpg,2379,1458,-0.006834808884608634,-0.0032812654657174978,71.95990646042176,-11.15256632813204,139.87147924108285,-6.043552903406066,-67.91157278066109,-5.109013424725974,68.10347814698643,-18.330594043156804,-6.387322900855411,19.41155768646112,1,1,-9.165297021578402,-3.1936614504277054,9.165297021578402,3.1936614504277054,0,5,68.10347814698643,1726.2901784280748,528.1353088852119,1586.418699186992,534.178861788618,12,12,1.4039574028152308,0.10256215418275587,-9.466067008756744,-0.041051063437087094,1.2239048146963782,61.499853665079904,8.581494764807507e-05,4.294091008675738e-05,1.0,1.0,0.0,788.1652970215785,0.0,1.0,211.1936614504277,0.0,0.0,1.0
frame_1026.jpg,frame_1026,1026,D:\visualization2026\visualization\left_downsample2_Q44\frame_1026.jpg,D:\visualization2026\visualization\right_downsample2_Q44\frame_1026.jpg,D:\visualization2026\dowsample2_Q44\stitched_frames\frame_1026.jpg,D:\visualization2026\dowsample2_Q44_hess_matched\stitched_frames\frame_1026.jpg,2439,1469,-0.0069807054438711935,-0.0032995775374965453,72.99349734631875,-11.271803897835888,164.38291780211512,-50.82637364494508,-91.38942045579637,39.55456974710919,99.58207749954435,-12.994844396789462,-6.022941375872325,14.322772207710534,1,1,-6.497422198394731,-3.0114706879361623,6.497422198394731,3.0114706879361623,0,0,99.58207749954435,1786.2566989869715,530.8119156429307,1621.8737811848564,581.6382892878758,12,12,1.5040801571697648,0.15069636186009946,-5.854832914295714,-0.012895875847929951,1.3151778654897375,17.635065802753083,0.00011396459440220387,7.397047092757683e-05,1.0,1.0,0.0,845.4974221983947,0.0,1.0,219.01147068793617,0.0,0.0,1.0
frame_1028.jpg,frame_1028,1028,D:\visualization2026\visualization\left_downsample2_Q44\frame_1028.jpg,D:\visualization2026\visualization\right_downsample2_Q44\frame_1028.jpg,D:\visualization2026\dowsample2_Q44\stitched_frames\frame_1028.jpg,D:\visualization2026\dowsample2_Q44_hess_matched\stitched_frames\frame_1028.jpg,2375,1487,-0.00719249172379588,-0.0030907744374704116,72.20749992981158,-10.904201983030639,85.74707641902614,-116.5416837870157,-13.539576489214568,105.63748180398505,106.50163235084504,-7.585154350540778,-4.766347013285449,8.958383245462477,1,1,-3.792577175270389,-2.3831735066427244,3.792577175270389,2.3831735066427244,1,1,106.50163235084504,1642.849282072956,185.81898722882772,1557.1022056539298,302.3606710158434,12,12,1.3631744423207508,0.1229182503054785,-3.7396008394024642,-0.06801808948085042,1.235402193193587,106.24555893037808,5.755776316927887e-05,5.8356764253160006e-05,1.0,1.0,0.0,778.7925771752704,0.0,1.0,248.38317350664272,0.0,0.0,1.0
frame_1030.jpg,frame_1030,1030,D:\visualization2026\visualization\left_downsample2_Q44\frame_1030.jpg,D:\visualization2026\visualization\right_downsample2_Q44\frame_1030.jpg,D:\visualization2026\dowsample2_Q44\stitched_frames\frame_1030.jpg,D:\visualization2026\dowsample2_Q44_hess_matched\stitched_frames\frame_1030.jpg,2398,1481,-0.007460332905100064,-0.0028693336085399146,71.6275237740577,-10.537221705873879,73.95086887811249,-5.24304337996773,-2.3233451040547806,-5.294178325906149,5.781544483875373,-2.101523904410752,-2.617539813094785,3.356771871001378,0,1,-1.050761952205376,-1.3087699065473926,1.050761952205376,1.3087699065473926,0,7,5.781544483875373,1743.1529280801715,553.9191187821945,1669.202059202059,559.1621621621622,12,12,1.4130551161416964,0.1327605004344828,-0.6282632502027767,-0.05372845389291531,1.258100029307796,84.92425410542647,7.621845767776208e-05,6.471641604003446e-05,1.0,1.0,0.0,799.0507619522053,0.0,1.0,235.30876990654738,0.0,0.0,1.0
frame_1032.jpg,frame_1032,1032,D:\visualization2026\visualization\left_downsample2_Q44\frame_1032.jpg,D:\visualization2026\visualization\right_downsample2_Q44\frame_1032.jpg,D:\visualization2026\dowsample2_Q44\stitched_frames\frame_1032.jpg,D:\visualization2026\dowsample2_Q44_hess_matched\stitched_frames\frame_1032.jpg,2353,1474,-0.007444919876969269,-0.002762735171626396,70.50169524702251,-10.284207838768666,80.2276563467401,-105.55990638750376,-9.725961099717594,95.2756985487351,95.77083613116606,3.4560469416006177,0.42348022469966695,3.481895455532613,1,1,1.7280234708003088,0.21174011234983348,-1.7280234708003088,-0.21174011234983348,1,1,95.77083613116606,1615.7841471810086,206.068226796185,1535.5564908342685,311.62813318368876,12,12,1.3098279864198519,0.1102913676912171,2.030661319945835,-0.08035686567677372,1.1839924680151133,128.97412036297814,4.015758921399325e-05,4.266904959400216e-05,1.0,1.0,0.0,751.2719765291997,0.0,1.0,238.78825988765016,0.0,0.0,1.0
frame_1034.jpg,frame_1034,1034,D:\visualization2026\visualization\left_downsample2_Q44\frame_1034.jpg,D:\visualization2026\visualization\right_downsample2_Q44\frame_1034.jpg,D:\visualization2026\dowsample2_Q44\stitched_frames\frame_1034.jpg,D:\visualization2026\dowsample2_Q44_hess_matched\stitched_frames\frame_1034.jpg,2353,1474,-0.007093288909394646,-0.003361656143128222,74.25681809711294,-11.47395355037849,15.507674271226506,-36.30785457519187,58.749143825886435,24.83390102481338,63.782321534927824,9.087558187493329,4.356713100097906,10.077929492095176,1,1,4.543779093746664,2.178356550048953,-4.543779093746664,-2.178356550048953,2,0,63.782321534927824,1540.7107444466649,293.809250687966,1525.2030701754384,330.1171052631579,12,12,1.309941060377485,0.11041151330753719,4.846416942892191,-0.0802778911017271,1.1840763816694257,130.94073680067726,4.015758921399325e-05,4.266904959400216e-05,1.0,1.0,0.0,748.4562209062533,0.0,1.0,236.82164344995104,0.0,0.0,1.0
frame_1036.jpg,frame_1036,1036,D:\visualization2026\visualization\left_downsample2_Q44\frame_1036.jpg,D:\visualization2026\visualization\right_downsample2_Q44\frame_1036.jpg,D:\visualization2026\dowsample2_Q44\stitched_frames\frame_1036.jpg,D:\visualization2026\dowsample2_Q44_hess_matched\stitched_frames\frame_1036.jpg,2398,1464,-0.00671445461188902,-0.004157925222160963,79.76929676725649,-13.102626292680915,172.062554839443,-25.71878693450492,-92.29325807218652,12.616160641824004,93.15155927261513,11.778051832570847,6.27088465653937,13.343406587013169,1,1,5.889025916285424,3.135442328269685,-5.889025916285424,-3.135442328269685,0,0,93.15155927261513,1732.1399150806863,559.0997586465668,1560.0773602412432,584.8185455810717,12,12,1.4437293711077337,0.11304463442431348,5.638512388248192,-0.03012649127805846,1.2541334104377484,52.04739994235491,9.726344207765674e-05,5.0853427248950556e-05,1.0,1.0,0.0,792.1109740837146,0.0,1.0,193.86455767173032,0.0,0.0,1.0
frame_1038.jpg,frame_1038,1038,D:\visualization2026\visualization\left_downsample2_Q44\frame_1038.jpg,D:\visualization2026\visualization\right_downsample2_Q44\frame_1038.jpg,D:\visualization2026\dowsample2_Q44\stitched_frames\frame_1038.jpg,D:\visualization2026\dowsample2_Q44_hess_matched\stitched_frames\frame_1038.jpg,2380,1489,-0.0066307833765633095,-0.004252109377079649,80.1933873716025,-13.2747120622095,59.69492589256106,-27.28231658831146,20.49846147904144,14.007604526101959,24.82740235238914,11.453587476951826,5.273782056420272,12.609418831603943,0,1,5.726793738475913,2.636891028210136,-5.726793738475913,-2.636891028210136,6,5,24.82740235238914,1848.7719081866335,544.1164516949834,1789.0769822940724,571.3987682832949,12,12,1.3800293923509537,0.12150897354846141,5.563547178277582,-0.06179571965287219,1.2441062305830348,102.20710190682411,6.344550935734519e-05,5.792470323020506e-05,1.0,1.0,0.0,774.2732062615241,0.0,1.0,228.36310897178987,0.0,0.0,1.0
frame_1040.jpg,frame_1040,1040,D:\visualization2026\visualization\left_downsample2_Q44\frame_1040.jpg,D:\visualization2026\visualization\right_downsample2_Q44\frame_1040.jpg,D:\visualization2026\dowsample2_Q44\stitched_frames\frame_1040.jpg,D:\visualization2026\dowsample2_Q44_hess_matched\stitched_frames\frame_1040.jpg,2326,1436,-0.0068358261762433425,-0.004014142153499822,79.08455660586239,-12.836551915787307,179.10282261122848,-54.799600095743926,-100.01826600536609,41.963048179956616,108.46451469155029,8.114165120636265,1.3654052997406105,8.228244480902951,1,1,4.057082560318133,0.6827026498703053,-4.057082560318133,-0.6827026498703053,0,0,108.46451469155029,1656.3060484176801,552.0995934526431,1477.2032258064517,606.8991935483871,12,12,1.306949118263044,0.05106869329633773,4.1036290486089335,-0.06491293023635611,1.1243940755819708,104.58171929106733,5.366246318428681e-05,1.024294641640039e-05,1.0,1.0,0.0,721.9429174396819,0.0,1.0,189.3172973501297,0.0,0.0,1.0
frame_1042.jpg,frame_1042,1042,D:\visualization2026\visualization\left_downsample2_Q44\frame_1042.jpg,D:\visualization2026\visualization\right_downsample2_Q44\frame_1042.jpg,D:\visualization2026\dowsample2_Q44\stitched_frames\frame_1042.jpg,D:\visualization2026\dowsample2_Q44_hess_matched\stitched_frames\frame_1042.jpg,2425,1480,-0.007075828344363488,-0.003935355145876063,79.72694340613694,-12.782527422046062,5.563772102008215,-52.06347735676536,74.16317130412872,39.2809499347193,83.92359028103759,1.7597847636241686,-5.454245613499614,5.731111377967065,1,1,0.8798923818120843,-2.727122806749807,-0.8798923818120843,2.727122806749807,4,2,83.92359028103759,1912.2902974157253,552.6564130225797,1906.726525313717,604.7198903793451,12,12,1.5075288544346708,0.17634739958084236,1.4137870101651802,-0.0215854719429231,1.3427327583770015,31.66396194817784,0.00010666672351321565,9.330803432337194e-05,1.0,1.0,0.0,824.120107618188,0.0,1.0,261.72712280674983,0.0,0.0,1.0
frame_1044.jpg,frame_1044,1044,D:\visualization2026\visualization\left_downsample2_Q44\frame_1044.jpg,D:\visualization2026\visualization\right_downsample2_Q44\frame_1044.jpg,D:\visualization2026\dowsample2_Q44\stitched_frames\frame_1044.jpg,D:\visualization2026\dowsample2_Q44_hess_matched\stitched_frames\frame_1044.jpg,2314,1479,-0.007154689648343537,-0.004041517662833338,81.2206775345242,-13.068101804296242,126.84487248186906,40.20928441142189,-45.62419494734486,-53.27738621571813,70.14304702942495,-1.0680527459214313,-0.13386723993962768,1.0764093580043623,1,1,-0.5340263729607156,-0.06693361996981384,0.5340263729607156,0.06693361996981384,8,1,70.14304702942495,1957.750557236391,603.2188820489265,1830.9056847545219,563.0095976375046,12,12,1.2517053671771263,0.11249952767172686,-0.11623814102993013,-0.11124485414822347,1.1396612381464226,177.66100338488604,1.559335955994829e-05,3.733639905858496e-05,1.0,1.0,0.0,714.5340263729607,0.0,1.0,275.0669336199698,0.0,0.0,1.0
frame_1046.jpg,frame_1046,1046,D:\visualization2026\visualization\left_downsample2_Q44\frame_1046.jpg,D:\visualization2026\visualization\right_downsample2_Q44\frame_1046.jpg,D:\visualization2026\dowsample2_Q44\stitched_frames\frame_1046.jpg,D:\visualization2026\dowsample2_Q44_hess_matched\stitched_frames\frame_1046.jpg,2301,1494,-0.007026089427095372,-0.004285824894124102,82.83944561975285,-13.56126056219111,99.81833757154595,11.35483519091008,-16.978891951793102,-24.91609575310119,30.151195656032808,-4.071862199383598,2.9761793716564284,5.0435806153012255,0,1,-2.035931099691799,1.4880896858282142,2.035931099691799,-1.4880896858282142,7,5,30.151195656032808,1824.8798119776197,554.39916534031,1725.0614744060738,543.0443301493999,12,12,1.229814559557109,0.10912119668320469,-2.2783723684130215,-0.12174962859767355,1.1386310598550082,195.82217594955273,6.434582730494981e-06,3.699957110554007e-05,1.0,1.0,0.0,703.0359310996918,0.0,1.0,288.5119103141718,0.0,0.0,1.0
frame_1048.jpg,frame_1048,1048,D:\visualization2026\visualization\left_downsample2_Q44\frame_1048.jpg,D:\visualization2026\visualization\right_downsample2_Q44\frame_1048.jpg,D:\visualization2026\dowsample2_Q44\stitched_frames\frame_1048.jpg,D:\visualization2026\dowsample2_Q44_hess_matched\stitched_frames\frame_1048.jpg,2324,1479,-0.006818836380311444,-0.004558189326047124,84.26942466115172,-14.077263350620985,77.91015072983828,-54.686759744522874,6.359273931313439,40.60949639390189,41.10439833277959,-7.239228102303355,7.389209724422011,10.344411238377534,0,1,-3.6196140511516774,3.6946048622110057,3.6196140511516774,-3.6946048622110057,5,1,41.10439833277959,1944.3664859140886,579.5153267437827,1866.4563351842503,634.2020864883056,12,12,1.300595883613094,0.11091714776571059,-3.8565582880031912,-0.09239232947547009,1.1756106018244392,151.87512514742707,3.663545288768971e-05,4.4667683966578745e-05,1.0,1.0,0.0,727.6196140511516,0.0,1.0,264.305395137789,0.0,0.0,1.0
frame_1050.jpg,frame_1050,1050,D:\visualization2026\visualization\left_downsample2_Q44\frame_1050.jpg,D:\visualization2026\visualization\right_downsample2_Q44\frame_1050.jpg,D:\visualization2026\dowsample2_Q44\stitched_frames\frame_1050.jpg,D:\visualization2026\dowsample2_Q44_hess_matched\stitched_frames\frame_1050.jpg,2296,1450,-0.0066451653366892405,-0.004762340282078226,85.23378949685642,-14.454340682132905,89.12371364283445,-34.281253196414355,-3.8899241459780285,19.82691251428145,20.204899646136163,-10.570150454680702,13.105223818357127,16.8367149991862,0,1,-5.285075227340351,6.552611909178563,5.285075227340351,-6.552611909178563,1,6,20.204899646136163,1926.948275046343,571.5996991845379,1837.8245614035086,605.8809523809523,12,12,1.256299498362432,0.08169536006842361,-5.436123228384965,-0.09352298365522926,1.1061196174398036,156.17085251507586,3.156572247744058e-05,1.5495668800282777e-05,1.0,1.0,0.0,701.2850752273404,0.0,1.0,232.44738809082145,0.0,0.0,1.0
frame_1052.jpg,frame_1052,1052,D:\visualization2026\visualization\left_downsample2_Q44\frame_1052.jpg,D:\visualization2026\visualization\right_downsample2_Q44\frame_1052.jpg,D:\visualization2026\dowsample2_Q44\stitched_frames\frame_1052.jpg,D:\visualization2026\dowsample2_Q44_hess_matched\stitched_frames\frame_1052.jpg,2364,1505,-0.00656703690121363,-0.004865845823036508,85.78093182465241,-14.650769993928385,29.843984554648614,-64.58330463653476,55.9369472700038,49.93253464260638,74.98133158141613,-10.016291992071878,17.871329984869035,20.486838230886736,1,1,-5.008145996035939,8.935664992434518,5.008145996035939,-8.935664992434518,5,4,74.98133158141613,1781.535776849456,573.7960923483898,1751.6917922948073,638.3793969849246,12,12,1.354422858919899,0.15666484205287598,-5.0524659663278335,-0.08374529777983453,1.2666063411340134,143.17847519631707,4.188144984830447e-05,8.213107584719366e-05,1.0,1.0,0.0,769.008145996036,0.0,1.0,290.0643350075655,0.0,0.0,1.0
frame_1054.jpg,frame_1054,1054,D:\visualization2026\visualization\left_downsample2_Q44\frame_1054.jpg,D:\visualization2026\visualization\right_downsample2_Q44\frame_1054.jpg,D:\visualization2026\dowsample2_Q44\stitched_frames\frame_1054.jpg,D:\visualization2026\dowsample2_Q44_hess_matched\stitched_frames\frame_1054.jpg,2343,1478,-0.006532315910174891,-0.004917735993814176,86.08131170451414,-14.751597673574787,110.34547706048534,-28.146497459949956,-24.2641653559712,13.394899786375168,27.71593514043765,-12.119153562639918,6.636224780596969,13.817140167685102,0,1,-6.059576781319959,3.3181123902984844,6.059576781319959,-3.3181123902984844,3,8,27.71593514043765,1962.4785903718164,593.1945366434603,1852.133113311331,621.3410341034103,12,12,1.335690811628908,0.12373075721119554,-5.992373004177137,-0.07883748601016219,1.2052071480164412,130.1257660057957,4.949940141142689e-05,5.361852296187443e-05,1.0,1.0,0.0,749.05957678132,0.0,1.0,261.6818876097015,0.0,0.0,1.0
frame_1056.jpg,frame_1056,1056,D:\visualization2026\visualization\left_downsample2_Q44\frame_1056.jpg,D:\visualization2026\visualization\right_downsample2_Q44\frame_1056.jpg,D:\visualization2026\dowsample2_Q44\stitched_frames\frame_1056.jpg,D:\visualization2026\dowsample2_Q44_hess_matched\stitched_frames\frame_1056.jpg,2316,1442,-0.006479440072208242,-0.00495190468889295,86.10307412157366,-14.802115147978517,196.51200055028835,-86.12881165896658,-110.4089264287147,71.32669651098807,131.4443938337118,-10.161262374305224,-3.33845658913437,10.695632072813916,1,0,-5.080631187152612,-1.669228294567185,5.080631187152612,1.669228294567185,0,0,131.4443938337118,1621.3674818150882,564.943203942092,1424.8554812648,651.0720156010586,12,12,1.302511946053307,0.08556223890169001,-4.509896247784631,-0.07367830926866906,1.1288123464433086,116.3563173755109,5.364289841269992e-05,1.7462488030160002e-05,1.0,1.0,0.0,721.0806311871526,0.0,1.0,226.66922829456718,0.0,0.0,1.0
frame_1058.jpg,frame_1058,1058,D:\visualization2026\visualization\left_downsample2_Q44\frame_1058.jpg,D:\visualization2026\visualization\right_downsample2_Q44\frame_1058.jpg,D:\visualization2026\dowsample2_Q44\stitched_frames\frame_1058.jpg,D:\visualization2026\dowsample2_Q44_hess_matched\stitched_frames\frame_1058.jpg,2318,1485,-0.0064232998825835,-0.004978215510001327,86.02936407414313,-14.832856043307169,22.794259682496204,-0.8250969661193039,63.23510439164693,-14.007759077187865,64.76801480504882,-4.694984472576009,-9.703260447567372,10.77943145583547,1,1,-2.3474922362880046,-4.851630223783686,2.3474922362880046,4.851630223783686,0,4,64.76801480504882,1630.1422925402564,623.4965632154631,1607.3480328577602,624.3216601815824,12,12,1.2752281594443404,0.11052920923729849,-2.3332595085735615,-0.1026159239288992,1.160034638781122,159.4876209893609,2.6127866140754536e-05,4.021303616339458e-05,1.0,1.0,0.0,720.347492236288,0.0,1.0,280.8516302237837,0.0,0.0,1.0
frame_1060.jpg,frame_1060,1060,D:\visualization2026\visualization\left_downsample2_Q44\frame_1060.jpg,D:\visualization2026\visualization\right_downsample2_Q44\frame_1060.jpg,D:\visualization2026\dowsample2_Q44\stitched_frames\frame_1060.jpg,D:\visualization2026\dowsample2_Q44_hess_matched\stitched_frames\frame_1060.jpg,2337,1462,-0.006386954593026184,-0.004997190862396583,86.00050408301797,-14.857217854995534,80.10097228732252,15.189276479379714,5.899531795695452,-30.046494334375247,30.62019427100464,4.2796801425477184,-12.458186794702037,13.172778003678854,0,1,2.1398400712738592,-6.2290933973510185,-2.1398400712738592,6.2290933973510185,0,5,30.62019427100464,1637.7611115388456,603.161426174767,1557.660139251523,587.9721496953873,12,12,1.333252922336501,0.10998525650321006,2.405738469404703,-0.07332084721573753,1.1796021184806729,110.01571463392091,5.512370467697191e-05,4.021315269618415e-05,1.0,1.0,0.0,734.8601599287261,0.0,1.0,252.22909339735102,0.0,0.0,1.0
frame_1062.jpg,frame_1062,1062,D:\visualization2026\visualization\left_downsample2_Q44\frame_1062.jpg,D:\visualization2026\visualization\right_downsample2_Q44\frame_1062.jpg,D:\visualization2026\dowsample2_Q44\stitched_frames\frame_1062.jpg,D:\visualization2026\dowsample2_Q44_hess_matched\stitched_frames\frame_1062.jpg,2337,1487,-0.006305703159441234,-0.0050347524611462635,85.88879304952664,-14.900519303920246,200.12270488810282,-62.6079635431696,-114.23391183857618,47.707444239249355,123.79574649310324,12.714394206622202,-9.350343961945631,15.782419087328828,1,0,6.357197103311101,-4.675171980972816,-6.357197103311101,4.675171980972816,0,0,123.79574649310324,1636.0142398523808,629.2228079080825,1435.891534964278,691.8307714512521,12,12,1.3076154846721975,0.1285836410717498,6.567941394113596,-0.09134834904866664,1.1989723717916352,141.36180999493965,3.462009181364867e-05,5.482185960129307e-05,1.0,1.0,0.0,730.6428028966889,0.0,1.0,270.67517198097283,0.0,0.0,1.0
frame_1064.jpg,frame_1064,1064,D:\visualization2026\visualization\left_downsample2_Q44\frame_1064.jpg,D:\visualization2026\visualization\right_downsample2_Q44\frame_1064.jpg,D:\visualization2026\dowsample2_Q44\stitched_frames\frame_1064.jpg,D:\visualization2026\dowsample2_Q44_hess_matched\stitched_frames\frame_1064.jpg,2333,1461,-0.006100274602328981,-0.005088607153837965,85.20701288004818,-14.915561447598337,196.49722189042222,-54.05099308204501,-111.29020901037404,39.135431634446675,117.9707278556303,9.073279516087341,-7.2567609573490195,11.618303695856602,1,1,4.536639758043671,-3.6283804786745097,-4.536639758043671,3.6283804786745097,0,0,117.9707278556303,1624.1288940941874,602.8702324624363,1427.6316722037652,656.9212255444813,12,12,1.3340295412740244,0.10481912014895002,4.363561441998891,-0.07113822418540075,1.1794796264564549,109.97264606424817,5.595813002251953e-05,3.879171312960962e-05,1.0,1.0,0.0,728.4633602419564,0.0,1.0,235.6283804786745,0.0,0.0,1.0
frame_1066.jpg,frame_1066,1066,D:\visualization2026\visualization\left_downsample2_Q44\frame_1066.jpg,D:\visualization2026\visualization\right_downsample2_Q44\frame_1066.jpg,D:\visualization2026\dowsample2_Q44\stitched_frames\frame_1066.jpg,D:\visualization2026\dowsample2_Q44_hess_matched\stitched_frames\frame_1066.jpg,2306,1486,-0.005815532056925532,-0.005148873161688661,84.12231184878931,-14.9033764137632,56.15834116716587,-29.35702565700359,27.963970681623437,14.45364924324039,31.478431230436478,5.747058876068712,-7.193020282560338,9.206966194698696,0,1,2.873529438034356,-3.596510141280169,-2.873529438034356,3.596510141280169,1,5,31.478431230436478,1521.7256138944385,408.3053985854206,1465.5672727272727,437.6624242424242,12,12,1.244586578689884,0.10836463496725518,3.288456495049817,-0.1133925221230277,1.1440576256660502,177.24176834370715,1.2900810523038087e-05,3.792458931464806e-05,1.0,1.0,0.0,703.1264705619657,0.0,1.0,271.5965101412802,0.0,0.0,1.0
frame_1068.jpg,frame_1068,1068,D:\visualization2026\visualization\left_downsample2_Q44\frame_1068.jpg,D:\visualization2026\visualization\right_downsample2_Q44\frame_1068.jpg,D:\visualization2026\dowsample2_Q44\stitched_frames\frame_1068.jpg,D:\visualization2026\dowsample2_Q44_hess_matched\stitched_frames\frame_1068.jpg,2325,1460,-0.0056057290177804475,-0.005249130502895327,83.86559915334409,-15.022693380534824,106.22620652754517,-9.924578776059434,-22.36060737420108,-5.0981146044753896,22.934418123500343,-2.4403514744996118,-7.860475930074523,8.230576964367284,0,1,-1.2201757372498059,-3.9302379650372616,1.2201757372498059,3.9302379650372616,4,4,22.934418123500343,1898.410926569408,595.5228309570646,1792.1847200418629,605.447409733124,12,12,1.2991233965463016,0.11039848163496191,-0.8726926184401145,-0.07546430702939894,1.1709620214257355,116.18051513276829,4.390922362750485e-05,3.7565858420529006e-05,1.0,1.0,0.0,726.2201757372499,0.0,1.0,241.93023796503726,0.0,0.0,1.0
frame_1070.jpg,frame_1070,1070,D:\visualization2026\visualization\left_downsample2_Q44\frame_1070.jpg,D:\visualization2026\visualization\right_downsample2_Q44\frame_1070.jpg,D:\visualization2026\dowsample2_Q44\stitched_frames\frame_1070.jpg,D:\visualization2026\dowsample2_Q44_hess_matched\stitched_frames\frame_1070.jpg,2345,1490,-0.0055877455327023595,-0.005403549205591385,85.2600435627124,-15.367886791261023,95.99161496711008,14.359904169170818,-10.731571404397684,-29.72779096043184,31.605508700143066,-15.488951535617634,-9.259127899891574,18.045472261463882,0,1,-7.744475767808817,-4.629563949945787,7.744475767808817,4.629563949945787,5,1,31.605508700143066,1902.3560714398209,596.4882307366042,1806.3644564727108,582.1283265674334,12,12,1.316260776507077,0.1364167205669814,-7.299811828278743,-0.08539779179753199,1.2181572778083358,132.13372967104516,3.628170614142086e-05,6.084397153909401e-05,1.0,1.0,0.0,752.7444757678088,0.0,1.0,275.6295639499458,0.0,0.0,1.0
frame_1072.jpg,frame_1072,1072,D:\visualization2026\visualization\left_downsample2_Q44\frame_1072.jpg,D:\visualization2026\visualization\right_downsample2_Q44\frame_1072.jpg,D:\visualization2026\dowsample2_Q44\stitched_frames\frame_1072.jpg,D:\visualization2026\dowsample2_Q44_hess_matched\stitched_frames\frame_1072.jpg,2283,1463,-0.005686967759404138,-0.00556751210311246,87.43463453003312,-15.797001183053572,73.03453959006379,-22.025127528436087,14.400094939969335,6.228126345382515,15.68924128357322,-33.39874130728535,-11.388976192011489,35.287174718489055,1,1,-16.699370653642674,-5.6944880960057445,16.699370653642674,5.6944880960057445,10,2,15.68924128357322,1860.9725620161596,583.986493266671,1787.9380224260958,606.0116207951071,12,12,1.2548946584181857,0.07204893020424359,-16.5092863587153,-0.08657896626152128,1.1259685073927608,132.1910580226623,3.398139580848748e-05,1.4731139488290957e-05,1.0,1.0,0.0,699.6993706536426,0.0,1.0,231.69448809600576,0.0,0.0,1.0
frame_1074.jpg,frame_1074,1074,D:\visualization2026\visualization\left_downsample2_Q44\frame_1074.jpg,D:\visualization2026\visualization\right_downsample2_Q44\frame_1074.jpg,D:\visualization2026\dowsample2_Q44\stitched_frames\frame_1074.jpg,D:\visualization2026\dowsample2_Q44_hess_matched\stitched_frames\frame_1074.jpg,2386,1468,-0.005778093904411863,-0.005692419932023518,89.18238465266901,-16.13212196405974,204.23080954165448,-42.13129844923708,-115.04842488898547,25.99917648517734,117.94955382426815,-44.63384258594266,-7.372991798383405,45.238710326950496,1,1,-22.31692129297133,-3.6864958991917023,22.31692129297133,3.6864958991917023,0,0,117.94955382426815,1659.0362649864994,621.3167970917141,1454.805455444845,663.4480955409512,12,12,1.453395437372938,0.1471302643874801,-22.218380515920586,-0.024121910739103056,1.33019473548131,34.44941426762869,8.763349921167321e-05,9.472361938068217e-05,1.0,1.0,0.0,808.3169212929713,0.0,1.0,245.6864958991917,0.0,0.0,1.0
frame_1076.jpg,frame_1076,1076,D:\visualization2026\visualization\left_downsample2_Q44\frame_1076.jpg,D:\visualization2026\visualization\right_downsample2_Q44\frame_1076.jpg,D:\visualization2026\dowsample2_Q44\stitched_frames\frame_1076.jpg,D:\visualization2026\dowsample2_Q44_hess_matched\stitched_frames\frame_1076.jpg,2347,1488,-0.00576594403927877,-0.005742217360748869,89.59482224879054,-16.24008183881325,194.80814384348423,-56.70102272408167,-105.2133215946937,40.460940885268414,112.72502285788025,-61.58497817671515,3.8044077826408165,61.702374797110515,1,1,-30.792489088357573,1.9022038913204082,30.792489088357573,-1.9022038913204082,0,0,112.72502285788025,1606.0343153328135,627.2661679799512,1411.2261714893293,683.9671907040329,12,12,1.3203631425518358,0.12474777091727049,-30.55296945298949,-0.0870365367946349,1.2104857424924431,141.0582208350081,3.9243313352614266e-05,5.820507176056611e-05,1.0,1.0,0.0,777.7924890883576,0.0,1.0,261.0977961086796,0.0,0.0,1.0
frame_1078.jpg,frame_1078,1078,D:\visualization2026\visualization\left_downsample2_Q44\frame_1078.jpg,D:\visualization2026\visualization\right_downsample2_Q44\frame_1078.jpg,D:\visualization2026\dowsample2_Q44\stitched_frames\frame_1078.jpg,D:\visualization2026\dowsample2_Q44_hess_matched\stitched_frames\frame_1078.jpg,2324,1450,-0.005695129162069934,-0.005742285187624319,89.18013429239303,-16.2027791334989,187.91290291012388,-48.130555758865285,-98.73276861773084,31.927776625366384,103.76676982137232,-78.53611376748763,14.981807363665034,79.9523340346092,1,1,-39.26805688374382,7.490903681832517,39.26805688374382,-7.490903681832517,0,0,103.76676982137232,1565.8872563583998,587.7167861951577,1377.974353448276,635.847341954023,12,12,1.3102523515275748,0.08096170595394563,-39.49740886781226,-0.07055991652878829,1.1419319674013417,120.67946155791195,5.5451377722982464e-05,1.9221003106020308e-05,1.0,1.0,0.0,763.2680568837438,0.0,1.0,208.50909631816748,0.0,0.0,1.0
frame_1080.jpg,frame_1080,1080,D:\visualization2026\visualization\left_downsample2_Q44\frame_1080.jpg,D:\visualization2026\visualization\right_downsample2_Q44\frame_1080.jpg,D:\visualization2026\dowsample2_Q44\stitched_frames\frame_1080.jpg,D:\visualization2026\dowsample2_Q44_hess_matched\stitched_frames\frame_1080.jpg,2324,1450,-0.005630991918138539,-0.005732821033432978,88.7120248955385,-16.147113307317976,100.27101907236852,5.992167755135597,-11.558994176830012,-22.139281062453573,24.975149896293026,-87.81792784986702,23.194446331313333,90.82934984056985,1,1,-43.90896392493351,11.597223165656667,43.90896392493351,-11.597223165656667,4,4,24.975149896293026,1585.5834164451105,389.3932350786167,1485.312397372742,383.40106732348113,12,12,1.3099950068382564,0.08087250306529216,-44.13831590900195,-0.07033221545603952,1.1420108949808945,124.7857810417361,5.5451377722982464e-05,1.9221003106020308e-05,1.0,1.0,0.0,767.9089639249335,0.0,1.0,204.40277683434334,0.0,0.0,1.0
frame_1082.jpg,frame_1082,1082,D:\visualization2026\visualization\left_downsample2_Q44\frame_1082.jpg,D:\visualization2026\visualization\right_downsample2_Q44\frame_1082.jpg,D:\visualization2026\dowsample2_Q44\stitched_frames\frame_1082.jpg,D:\visualization2026\dowsample2_Q44_hess_matched\stitched_frames\frame_1082.jpg,2361,1498,-0.005632050607361938,-0.005725199074719911,88.6441996618934,-16.130165367280952,201.082584610926,-53.466771892994416,-112.43838494903261,37.336606525713464,118.47536704649956,-93.25693284403549,27.895562785344804,97.33970385504601,0,1,-46.628466422017745,13.947781392672402,46.628466422017745,-13.947781392672402,0,0,118.47536704649956,1605.6278830222614,632.1125897786816,1404.5452984113354,685.579361671676,12,12,1.3603655249010236,0.1252163420481007,-46.056462483459576,-0.07430694304623667,1.245559431133643,134.19647633959516,5.436345738735913e-05,6.431219006301607e-05,1.0,1.0,0.0,807.6284664220177,0.0,1.0,253.0522186073276,0.0,0.0,1.0
frame_1084.jpg,frame_1084,1084,D:\visualization2026\visualization\left_downsample2_Q44\frame_1084.jpg,D:\visualization2026\visualization\right_downsample2_Q44\frame_1084.jpg,D:\visualization2026\dowsample2_Q44\stitched_frames\frame_1084.jpg,D:\visualization2026\dowsample2_Q44_hess_matched\stitched_frames\frame_1084.jpg,2412,1493,-0.005679379112147109,-0.005677477833734401,88.45826022038625,-16.045582806812092,179.50117321822586,-49.73578584667018,-91.04291299783961,33.69020303985809,97.07647391618144,-94.85312874999302,29.085156725759443,99.2122088022676,0,1,-47.42656437499651,14.542578362879722,47.42656437499651,-14.542578362879722,0,0,97.07647391618144,1631.0142997098726,621.8933455628908,1451.5131264916467,671.629131409561,12,12,1.423234748445213,0.14888643253279268,-47.546246216822205,-0.045124711210506784,1.2824323085981804,88.79451238493586,8.360844269384696e-05,6.637720502684525e-05,1.0,1.0,0.0,859.4265643749965,0.0,1.0,228.4574216371203,0.0,0.0,1.0
frame_1086.jpg,frame_1086,1086,D:\visualization2026\visualization\left_downsample2_Q44\frame_1086.jpg,D:\visualization2026\visualization\right_downsample2_Q44\frame_1086.jpg,D:\visualization2026\dowsample2_Q44\stitched_frames\frame_1086.jpg,D:\visualization2026\dowsample2_Q44_hess_matched\stitched_frames\frame_1086.jpg,2295,1432,-0.005700253453256199,-0.005631896714932139,88.13794830452417,-15.951922898912045,53.97552858439212,-78.03641411917744,34.16241972013205,62.08449122026539,70.86293086807572,-92.60651556773963,26.76322815255725,96.39625048073103,1,1,-46.30325778386982,13.381614076278625,46.30325778386982,-13.381614076278625,1,1,70.86293086807572,1591.1274925530379,277.6656776048709,1537.1519639686458,355.70209172404833,12,12,1.2945685724886178,0.0601553851686148,-46.2627756797445,-0.06205324454179478,1.1347099467397175,113.8792973463406,5.255149089077516e-05,1.707387334702541e-05,1.0,1.0,0.0,741.3032577838699,0.0,1.0,180.61838592372138,0.0,0.0,1.0
frame_1088.jpg,frame_1088,1088,D:\visualization2026\visualization\left_downsample2_Q44\frame_1088.jpg,D:\visualization2026\visualization\right_downsample2_Q44\frame_1088.jpg,D:\visualization2026\dowsample2_Q44\stitched_frames\frame_1088.jpg,D:\visualization2026\dowsample2_Q44_hess_matched\stitched_frames\frame_1088.jpg,2359,1505,-0.0056010040490955815,-0.005612712175245171,87.36947994787347,-15.85535589136187,211.53271205455098,-32.71362789123134,-124.16323210667751,16.85827199986947,125.30247221024115,-86.5170932972753,20.929777065738225,89.01271257877124,1,0,-43.25854664863765,10.464888532869113,43.25854664863765,-10.464888532869113,0,0,125.30247221024115,1604.826577441962,668.1633891170547,1393.293865387411,700.8770170082861,12,12,1.3786762544534485,0.13177347942680376,-43.191239724472084,-0.07009022803026083,1.2935959607011474,123.17125077159369,5.090419469812519e-05,8.805014720210258e-05,1.0,1.0,0.0,802.2585466486377,0.0,1.0,261.5351114671309,0.0,0.0,1.0
frame_1090.jpg,frame_1090,1090,D:\visualization2026\visualization\left_downsample2_Q44\frame_1090.jpg,D:\visualization2026\visualization\right_downsample2_Q44\frame_1090.jpg,D:\visualization2026\dowsample2_Q44\stitched_frames\frame_1090.jpg,D:\visualization2026\dowsample2_Q44_hess_matched\stitched_frames\frame_1090.jpg,2359,1505,-0.005343123909774095,-0.005566314473055889,85.40627225446612,-15.612369229642876,212.79318926090104,-31.446580259111897,-127.38691700643493,15.83421102946902,128.3672421738899,-84.25418344699315,14.549564078678287,85.50121193994352,1,0,-42.12709172349658,7.274782039339144,42.12709172349658,-7.274782039339144,0,0,128.3672421738899,1600.541555273973,668.2459397118394,1387.748366013072,699.6925199709513,12,12,1.3787338502552502,0.13187310419951498,-42.05978479933101,-0.07025261783231522,1.2933150713548016,119.98114427806372,5.090419469812519e-05,8.805014720210258e-05,1.0,1.0,0.0,801.1270917234966,0.0,1.0,264.72521796066087,0.0,0.0,1.0
frame_1092.jpg,frame_1092,1092,D:\visualization2026\visualization\left_downsample2_Q44\frame_1092.jpg,D:\visualization2026\visualization\right_downsample2_Q44\frame_1092.jpg,D:\visualization2026\dowsample2_Q44\stitched_frames\frame_1092.jpg,D:\visualization2026\dowsample2_Q44_hess_matched\stitched_frames\frame_1092.jpg,2359,1505,-0.005087138178584416,-0.005531304761452915,83.56479120522633,-15.396543317516116,212.17062387245096,-30.979784884959713,-128.60583266722463,15.583241567443597,129.54650753215805,-81.99127359671098,8.169351091618353,82.39725264393735,1,0,-40.99563679835549,4.084675545809176,40.99563679835549,-4.084675545809176,0,0,129.54650753215805,1594.7117136446707,668.1744506368506,1382.5410897722197,699.1542355218103,12,12,1.3787914460570516,0.1319727289722262,-40.92832987418993,-0.07041500763436963,1.293034182008456,116.79103778453376,5.090419469812519e-05,8.805014720210258e-05,1.0,1.0,0.0,799.9956367983555,0.0,1.0,267.9153244541908,0.0,0.0,1.0
frame_1094.jpg,frame_1094,1094,D:\visualization2026\visualization\left_downsample2_Q44\frame_1094.jpg,D:\visualization2026\visualization\right_downsample2_Q44\frame_1094.jpg,D:\visualization2026\dowsample2_Q44\stitched_frames\frame_1094.jpg,D:\visualization2026\dowsample2_Q44_hess_matched\stitched_frames\frame_1094.jpg,2359,1505,-0.004977590450391478,-0.005584231677586371,83.43636401577774,-15.460171808223237,211.9368524610329,-31.094061636064907,-128.50048844525517,15.63388982784167,129.44803606783012,-78.6917807297641,1.1525524070508966,78.70022065707485,1,0,-39.34589036488205,0.5762762035254483,39.34589036488205,-0.5762762035254483,0,0,129.44803606783012,1584.008920500424,667.6265441532516,1372.072068039391,698.7206057893166,12,12,1.3788754250707038,0.13211798938853966,-39.27858344071649,-0.07059359987756801,1.292725266929924,113.28263844225003,5.090419469812519e-05,8.805014720210258e-05,1.0,1.0,0.0,798.345890364882,0.0,1.0,271.4237237964746,0.0,0.0,1.0
frame_1096.jpg,frame_1096,1096,D:\visualization2026\visualization\left_downsample2_Q44\frame_1096.jpg,D:\visualization2026\visualization\right_downsample2_Q44\frame_1096.jpg,D:\visualization2026\dowsample2_Q44\stitched_frames\frame_1096.jpg,D:\visualization2026\dowsample2_Q44_hess_matched\stitched_frames\frame_1096.jpg,2376,1495,-0.00496022837837562,-0.005811131052550489,85.53848287956257,-15.972184967968245,163.00393677570924,-11.38111008546673,-77.46545389614667,-4.591074882501514,77.60138217785017,-75.68882673798785,-4.4886939384581925,75.82180996419365,0,1,-37.844413368993926,-2.2443469692290963,37.844413368993926,2.2443469692290963,0,0,77.60138217785017,1553.0821279432832,632.2898669260275,1390.078191167574,643.6709770114942,12,12,1.3486516293326694,0.09796479751162548,-37.78557575035491,-0.07685623834203112,1.2009596249613483,120.48696082948575,6.194206620201938e-05,3.8403788488829565e-05,1.0,1.0,0.0,813.844413368994,0.0,1.0,212.2443469692291,0.0,0.0,1.0
frame_1098.jpg,frame_1098,1098,D:\visualization2026\visualization\left_downsample2_Q44\frame_1098.jpg,D:\visualization2026\visualization\right_downsample2_Q44\frame_1098.jpg,D:\visualization2026\dowsample2_Q44\stitched_frames\frame_1098.jpg,D:\visualization2026\dowsample2_Q44_hess_matched\stitched_frames\frame_1098.jpg,2312,1452,-0.004986233140848895,-0.006035682749889637,87.87215516063367,-16.50174490246279,157.8917841231746,-2.34752854536373,-70.01962896254093,-14.15421635709906,71.43591730170105,-76.47661567560066,-7.528453268518742,76.84627742324152,0,1,-38.23830783780033,-3.764226634259371,38.23830783780033,3.764226634259371,0,0,71.43591730170105,1478.7448691907175,604.4915368069546,1320.853085067543,606.8390653523184,12,12,1.2512176939269135,0.04851489443255732,-38.06110751389303,-0.09018184657263491,1.0855398000698795,139.7461746493961,4.0933586326074155e-05,-3.356188497261904e-06,1.0,1.0,0.0,750.2383078378003,0.0,1.0,177.76422663425936,0.0,0.0,1.0
frame_1100.jpg,frame_1100,1100,D:\visualization2026\visualization\left_downsample2_Q44\frame_1100.jpg,D:\visualization2026\visualization\right_downsample2_Q44\frame_1100.jpg,D:\visualization2026\dowsample2_Q44\stitched_frames\frame_1100.jpg,D:\visualization2026\dowsample2_Q44_hess_matched\stitched_frames\frame_1100.jpg,2312,1452,-0.005039074883386063,-0.006060021103510227,88.41849186388241,-16.585602456711072,157.65790535199426,-2.928934807843916,-69.23941348811185,-13.656667648867156,70.57337282183231,-78.057775369701,-9.285760336046783,78.60815250777237,0,1,-39.0288876848505,-4.6428801680233915,39.0288876848505,4.6428801680233915,0,0,70.57337282183231,1473.0008111167251,604.0767377440953,1315.3429057647309,607.0056725519393,12,12,1.2511853326584965,0.04851754776754615,-38.8516873609432,-0.09021781301290996,1.0855427489967626,138.86752111563206,4.0933586326074155e-05,-3.356188497261904e-06,1.0,1.0,0.0,751.0288876848505,0.0,1.0,178.6428801680234,0.0,0.0,1.0
frame_1102.jpg,frame_1102,1102,D:\visualization2026\visualization\left_downsample2_Q44\frame_1102.jpg,D:\visualization2026\visualization\right_downsample2_Q44\frame_1102.jpg,D:\visualization2026\dowsample2_Q44\stitched_frames\frame_1102.jpg,D:\visualization2026\dowsample2_Q44_hess_matched\stitched_frames\frame_1102.jpg,2347,1480,-0.005178277118315977,-0.005875825960620418,87.44579661441146,-16.236131685433616,173.37601489918643,-9.206686126749219,-85.93021828477497,-7.029445558684397,86.21725766533973,-81.13116380630878,-8.545126950739958,81.57992973256577,0,1,-40.56558190315439,-4.272563475369979,40.56558190315439,4.272563475369979,0,0,86.21725766533973,1518.6282237345276,634.5194913102716,1345.2522088353412,643.7261774370209,12,12,1.3211157485961276,0.09977625285020228,-40.4165152431189,-0.07668582027737461,1.198355984272135,117.8062672515634,5.1990517175411656e-05,4.517023502574962e-05,1.0,1.0,0.0,787.5655819031543,0.0,1.0,216.27256347537,0.0,0.0,1.0
frame_1104.jpg,frame_1104,1104,D:\visualization2026\visualization\left_downsample2_Q44\frame_1104.jpg,D:\visualization2026\visualization\right_downsample2_Q44\frame_1104.jpg,D:\visualization2026\dowsample2_Q44\stitched_frames\frame_1104.jpg,D:\visualization2026\dowsample2_Q44_hess_matched\stitched_frames\frame_1104.jpg,2347,1480,-0.00532330339077558,-0.005680178940658309,86.39602476354169,-15.8634361930456,174.0301869804723,-8.866038959963817,-87.63416221693062,-6.997397233081783,87.91308182233661,-85.50272686552637,-6.675342203848769,85.76290862009806,0,1,-42.751363432763185,-3.3376711019243843,42.751363432763185,3.3376711019243843,0,0,87.91308182233661,1514.280419007316,634.0046685434273,1340.2502320268436,642.8707075033911,12,12,1.3210021086839707,0.0996775205847949,-42.6022967727277,-0.07663721473937582,1.1983982135803672,118.74115962500899,5.1990517175411656e-05,4.517023502574962e-05,1.0,1.0,0.0,789.7513634327631,0.0,1.0,215.33767110192437,0.0,0.0,1.0
frame_1106.jpg,frame_1106,1106,D:\visualization2026\visualization\left_downsample2_Q44\frame_1106.jpg,D:\visualization2026\visualization\right_downsample2_Q44\frame_1106.jpg,D:\visualization2026\dowsample2_Q44\stitched_frames\frame_1106.jpg,D:\visualization2026\dowsample2_Q44_hess_matched\stitched_frames\frame_1106.jpg,2372,1512,-0.005379753381736241,-0.0056696297862735,86.62465036554053,-15.86906435916316,179.45704644472607,-14.981156403195769,-92.83239607918554,-0.8879079559673908,92.83664223969464,-91.62064507559175,-3.1901556689977832,91.67616755329595,0,1,-45.81032253779588,-1.5950778344988916,45.81032253779588,1.5950778344988916,0,0,92.83664223969464,1539.4889799530374,659.0386744512807,1360.0319335083113,674.0198308544765,12,12,1.3530997777511593,0.12832034198804454,-45.853900304412626,-0.08148056505741727,1.2605131050086442,128.38943389261334,5.087504108284968e-05,7.215373567278061e-05,1.0,1.0,0.0,817.8103225377959,0.0,1.0,245.59507783449888,0.0,0.0,1.0
frame_1108.jpg,frame_1108,1108,D:\visualization2026\visualization\left_downsample2_Q44\frame_1108.jpg,D:\visualization2026\visualization\right_downsample2_Q44\frame_1108.jpg,D:\visualization2026\dowsample2_Q44\stitched_frames\frame_1108.jpg,D:\visualization2026\dowsample2_Q44_hess_matched\stitched_frames\frame_1108.jpg,2357,1482,-0.005371597487788482,-0.005850465492864054,88.33333347919827,-16.280137139233677,180.21077773782713,-11.474844516590565,-91.87744425862886,-4.805292622643112,92.00301951939774,-95.11509983359981,-2.5929919849605714,95.15043785390442,0,1,-47.55754991679991,-1.2964959924802857,47.55754991679991,1.2964959924802857,0,0,92.00301951939774,1519.878630644114,640.5340522805625,1339.667852906287,652.008896797153,12,12,1.3407241767462252,0.11673132453169685,-47.629060264112276,-0.07210820964517521,1.2276558644128401,113.70116446039428,5.3945644301280804e-05,5.9622148656578996e-05,1.0,1.0,0.0,804.5575499167999,0.0,1.0,223.2964959924803,0.0,0.0,1.0
frame_1110.jpg,frame_1110,1110,D:\visualization2026\visualization\left_downsample2_Q44\frame_1110.jpg,D:\visualization2026\visualization\right_downsample2_Q44\frame_1110.jpg,D:\visualization2026\dowsample2_Q44\stitched_frames\frame_1110.jpg,D:\visualization2026\dowsample2_Q44_hess_matched\stitched_frames\frame_1110.jpg,2343,1508,-0.00533899795303161,-0.006061163827192018,90.18871456951912,-16.746875785363272,190.01771910795787,-20.51614081075104,-99.82900453843875,3.7692650253877673,99.90013766740883,-96.33531695722523,-0.2643391561919006,96.33567962306874,0,1,-48.167658478612616,-0.1321695780959503,48.167658478612616,0.1321695780959503,0,0,99.90013766740883,1510.4728594921673,665.7333842050818,1320.4551403842095,686.2495250158329,12,12,1.3134917262903674,0.12370769197339487,-48.48562508477385,-0.09121721772689576,1.2429684963740735,145.750451463378,3.407117273480912e-05,7.173703061859796e-05,1.0,1.0,0.0,791.1676584786126,0.0,1.0,257.13216957809595,0.0,0.0,1.0
frame_1112.jpg,frame_1112,1112,D:\visualization2026\visualization\left_downsample2_Q44\frame_1112.jpg,D:\visualization2026\visualization\right_downsample2_Q44\frame_1112.jpg,D:\visualization2026\dowsample2_Q44\stitched_frames\frame_1112.jpg,D:\visualization2026\dowsample2_Q44_hess_matched\stitched_frames\frame_1112.jpg,2253,1461,-0.0053070743407475085,-0.00614558235078877,90.82146085328705,-16.9239021228707,194.22395292810234,-12.880274984372363,-103.40249207481529,-4.043627138498337,103.48152631130561,-97.86634901610685,2.3765291972852935,97.89519988624565,0,1,-48.933174508053426,1.1882645986426468,48.933174508053426,-1.1882645986426468,0,0,103.48152631130561,1413.8964394696418,623.7749701778566,1219.6724865415395,636.655245162229,12,12,1.2355417212315742,0.031963942853648245,-48.7050754570197,-0.08582482428071649,1.1244619032037946,138.54554039864132,2.9970161227941347e-05,1.469398928102806e-05,1.0,1.0,0.0,701.9331745080534,0.0,1.0,207.81173540135734,0.0,0.0,1.0
frame_1114.jpg,frame_1114,1114,D:\visualization2026\visualization\left_downsample2_Q44\frame_1114.jpg,D:\visualization2026\visualization\right_downsample2_Q44\frame_1114.jpg,D:\visualization2026\dowsample2_Q44\stitched_frames\frame_1114.jpg,D:\visualization2026\dowsample2_Q44_hess_matched\stitched_frames\frame_1114.jpg,2272,1467,-0.005249794274870601,-0.0061377767927600635,90.40968101824991,-16.87567335829455,184.14492885330765,-21.521540269056118,-93.73524783505773,4.645866910761569,93.85031042064914,-98.21628621562365,4.385587198619984,98.31415082817938,0,1,-49.10814310781183,2.192793599309992,49.10814310781183,-2.192793599309992,0,0,93.85031042064914,1424.0969212073733,636.5855028128436,1239.9519923540656,658.1070430818997,12,12,1.2037060259339367,0.059686683099495666,-49.28685746685909,-0.10538437044144028,1.1067835207008099,170.41258425019834,8.329440877287153e-06,1.6686425793805067e-05,1.0,1.0,0.0,721.1081431078119,0.0,1.0,217.80720640069,0.0,0.0,1.0
frame_1116.jpg,frame_1116,1116,D:\visualization2026\visualization\left_downsample2_Q44\frame_1116.jpg,D:\visualization2026\visualization\right_downsample2_Q44\frame_1116.jpg,D:\visualization2026\dowsample2_Q44\stitched_frames\frame_1116.jpg,D:\visualization2026\dowsample2_Q44_hess_matched\stitched_frames\frame_1116.jpg,2293,1469,-0.005189525194624123,-0.006119390517693946,89.87759572832829,-16.801559177138113,190.36515210192192,-29.117992988556693,-100.48755637359363,12.31643381141858,101.23953539881154,-95.39312580179775,4.182161877889829,95.48475757004616,0,1,-47.696562900898876,2.0910809389449145,47.696562900898876,-2.0910809389449145,0,0,101.23953539881154,1441.7562361951336,638.129727376185,1251.3910840932117,667.2477203647417,12,12,1.2603560550546509,0.08428955356399756,-47.16891238803448,-0.08837764212997781,1.1663657618094443,143.6114367125087,2.8662452436230635e-05,4.0628179188899116e-05,1.0,1.0,0.0,740.6965629008989,0.0,1.0,221.9089190610551,0.0,0.0,1.0
frame_1118.jpg,frame_1118,1118,D:\visualization2026\visualization\left_downsample2_Q44\frame_1118.jpg,D:\visualization2026\visualization\right_downsample2_Q44\frame_1118.jpg,D:\visualization2026\dowsample2_Q44\stitched_frames\frame_1118.jpg,D:\visualization2026\dowsample2_Q44_hess_matched\stitched_frames\frame_1118.jpg,2272,1461,-0.005167391165252777,-0.006145846262020749,90.0047479167236,-16.850620994658193,183.63187817293647,-22.090618378688532,-93.62713025621287,5.239997384030339,93.7736481779316,-90.12273091916018,7.273119318532487,90.41573365819116,0,1,-45.06136545958009,3.6365596592662435,45.06136545958009,-3.6365596592662435,0,0,93.7736481779316,1410.2627334162123,643.0631289770081,1226.6308552432758,665.1537473556966,12,12,1.19285159523811,0.056773647024720354,-44.700687677233645,-0.10743455668192603,1.0959512643332476,175.5576727887644,3.800800232046306e-06,1.5074828825062002e-05,1.0,1.0,0.0,717.0613654595801,0.0,1.0,212.36344034073375,0.0,0.0,1.0
frame_1120.jpg,frame_1120,1120,D:\visualization2026\visualization\left_downsample2_Q44\frame_1120.jpg,D:\visualization2026\visualization\right_downsample2_Q44\frame_1120.jpg,D:\visualization2026\dowsample2_Q44\stitched_frames\frame_1120.jpg,D:\visualization2026\dowsample2_Q44_hess_matched\stitched_frames\frame_1120.jpg,2320,1446,-0.005201681211510101,-0.006215456842074807,90.88201904475515,-17.028657513536892,176.5952215140644,-19.780795935273886,-85.71320246930925,2.752138421736994,85.75737486325711,-88.45852335490282,6.470296211959791,88.69484250620432,0,1,-44.22926167745141,3.2351481059798957,44.22926167745141,-3.2351481059798957,0,0,85.75737486325711,1450.1611857834184,626.9120579355462,1273.565964269354,646.69285387082,12,12,1.3032750919038791,0.07904203370121221,-43.74463849805603,-0.06564744191169276,1.1762830601204082,108.13336351726744,5.0043881684389684e-05,4.041612553354914e-05,1.0,1.0,0.0,764.2292616774514,0.0,1.0,189.7648518940201,0.0,0.0,1.0
frame_1122.jpg,frame_1122,1122,D:\visualization2026\visualization\left_downsample2_Q44\frame_1122.jpg,D:\visualization2026\visualization\right_downsample2_Q44\frame_1122.jpg,D:\visualization2026\dowsample2_Q44\stitched_frames\frame_1122.jpg,D:\visualization2026\dowsample2_Q44_hess_matched\stitched_frames\frame_1122.jpg,2323,1462,-0.005262700666949005,-0.006283137100987934,91.89731489988155,-17.21639889625843,168.9478325615089,-28.627558960973374,-77.05051766162735,11.411160064714945,77.89092916346097,-84.25014977416743,4.132622126875553,84.35144517204898,0,1,-42.12507488708371,2.0663110634377766,42.12507488708371,-2.0663110634377766,0,0,77.89092916346097,1448.1919349063166,635.9166645441223,1279.2441023448077,664.5442235050957,12,12,1.2977077723258883,0.0841737986312911,-41.5620847061038,-0.07254532018846022,1.1825729895343764,118.33797194026371,4.468877811406698e-05,4.1829693646474246e-05,1.0,1.0,0.0,765.1250748870837,0.0,1.0,204.93368893656222,0.0,0.0,1.0
frame_1124.jpg,frame_1124,1124,D:\visualization2026\visualization\left_downsample2_Q44\frame_1124.jpg,D:\visualization2026\visualization\right_downsample2_Q44\frame_1124.jpg,D:\visualization2026\dowsample2_Q44\stitched_frames\frame_1124.jpg,D:\visualization2026\dowsample2_Q44_hess_matched\stitched_frames\frame_1124.jpg,2348,1477,-0.005315795439877258,-0.006306037165700773,92.4311650938724,-17.297086486465474,177.84537510764335,-17.928837864363572,-85.41421001377095,0.6317513778980981,85.41654630152198,-80.74776081215678,2.033877054226225,80.77337142925873,0,1,-40.37388040607839,1.0169385271131124,40.37388040607839,-1.0169385271131124,0,0,85.41654630152198,1477.561759791526,665.4346973092785,1299.7163846838826,683.363535173642,12,12,1.320909434429361,0.11687688581924978,-40.06747175352307,-0.07456925201122558,1.228921821256954,120.6060561335315,4.2835281684952936e-05,6.584470373560363e-05,1.0,1.0,0.0,788.3738804060783,0.0,1.0,225.98306147288687,0.0,0.0,1.0
frame_1126.jpg,frame_1126,1126,D:\visualization2026\visualization\left_downsample2_Q44\frame_1126.jpg,D:\visualization2026\visualization\right_downsample2_Q44\frame_1126.jpg,D:\visualization2026\dowsample2_Q44\stitched_frames\frame_1126.jpg,D:\visualization2026\dowsample2_Q44_hess_matched\stitched_frames\frame_1126.jpg,2367,1442,-0.00536771187580809,-0.006223095703153603,91.93002887149068,-17.13402849802583,171.37571734140738,-17.76209188402322,-79.4456884699167,0.6280633859973896,79.44817103040124,-78.16205680277544,-0.7436544990071738,78.16559438560029,0,1,-39.08102840138772,-0.3718272495035869,39.08102840138772,0.3718272495035869,0,0,79.44817103040124,1501.5293573592726,627.2666411813333,1330.1536400178652,645.0287330653565,12,12,1.4248070482652295,0.12513976787921102,-38.59886997788728,-0.017726694511107047,1.277532310395791,27.442873303160948,0.00010010565814398089,6.842991126921837e-05,1.0,1.0,0.0,806.0810284013877,0.0,1.0,188.37182724950358,0.0,0.0,1.0
frame_1128.jpg,frame_1128,1128,D:\visualization2026\visualization\left_downsample2_Q44\frame_1128.jpg,D:\visualization2026\visualization\right_downsample2_Q44\frame_1128.jpg,D:\visualization2026\dowsample2_Q44\stitched_frames\frame_1128.jpg,D:\visualization2026\dowsample2_Q44_hess_matched\stitched_frames\frame_1128.jpg,2304,1439,-0.005413022517137045,-0.006107187925887048,91.06993486898342,-16.891751321365845,46.93731576558548,-22.90984877301844,44.13261910339794,6.018097451652594,44.54105483554686,-78.06583888578547,-6.644742707747287,78.34811935581845,1,1,-39.032919442892734,-3.3223713538736437,39.032919442892734,3.3223713538736437,4,1,44.54105483554686,1786.5796113630697,569.5909373905035,1739.6422955974842,592.500786163522,12,12,1.3059435102100416,0.09187641996050429,-39.017678837699776,-0.056912985070226386,1.1737438957150654,87.44811022524541,6.132308279895012e-05,3.498515630938247e-05,1.0,1.0,0.0,743.0329194428928,0.0,1.0,195.32237135387365,0.0,0.0,1.0
frame_1130.jpg,frame_1130,1130,D:\visualization2026\visualization\left_downsample2_Q44\frame_1130.jpg,D:\visualization2026\visualization\right_downsample2_Q44\frame_1130.jpg,D:\visualization2026\dowsample2_Q44\stitched_frames\frame_1130.jpg,D:\visualization2026\dowsample2_Q44_hess_matched\stitched_frames\frame_1130.jpg,2321,1437,-0.005428899299145806,-0.006076778245876935,90.86767643809229,-16.830297295880644,163.65235886049481,-5.6947779514506465,-72.78468242240253,-11.135519344429998,73.63158144709487,-76.47184889283764,-10.468631525698488,77.1850757537352,0,1,-38.23592444641882,-5.234315762849244,38.23592444641882,5.234315762849244,0,0,73.63158144709487,1444.5841554210508,634.3227851660027,1280.931796560556,640.0175631174534,12,12,1.315151978083967,0.08557232492885523,-37.96561620259557,-0.05316966615278273,1.1795606053803303,79.77639200083416,6.286358462715198e-05,3.707725951075155e-05,1.0,1.0,0.0,759.2359244464188,0.0,1.0,192.23431576284923,0.0,0.0,1.0
frame_1132.jpg,frame_1132,1132,D:\visualization2026\visualization\left_downsample2_Q44\frame_1132.jpg,D:\visualization2026\visualization\right_downsample2_Q44\frame_1132.jpg,D:\visualization2026\dowsample2_Q44\stitched_frames\frame_1132.jpg,D:\visualization2026\dowsample2_Q44_hess_matched\stitched_frames\frame_1132.jpg,2278,1438,-0.005376304971030588,-0.006158325110804497,91.35129044841635,-16.98979325659893,167.9207185250939,1.1044877223866933,-76.56942807667754,-18.094280978985623,78.67833450280945,-75.66879361648365,-15.092705839602122,77.15929041233309,0,1,-37.83439680824183,-7.546352919801061,37.83439680824183,7.546352919801061,0,0,78.67833450280945,1400.444156025094,651.7253644584978,1232.5234375,650.6208767361111,12,12,1.2252088521185838,0.06927937800605737,-38.070135883773055,-0.0874283717877168,1.1141957600275414,131.84042383377354,2.760133316522497e-05,2.2222190422018406e-05,1.0,1.0,0.0,715.8343968082419,0.0,1.0,204.54635291980105,0.0,0.0,1.0
frame_1134.jpg,frame_1134,1134,D:\visualization2026\visualization\left_downsample2_Q44\frame_1134.jpg,D:\visualization2026\visualization\right_downsample2_Q44\frame_1134.jpg,D:\visualization2026\dowsample2_Q44\stitched_frames\frame_1134.jpg,D:\visualization2026\dowsample2_Q44_hess_matched\stitched_frames\frame_1134.jpg,2351,1450,-0.00530524543432509,-0.006282381382834212,92.13950994027638,-17.2371676227408,169.58376998930817,1.2505250891171045,-77.44426004903178,-18.487692711857903,79.62040062917383,-81.13448610316726,-15.578255158568412,82.6165048220421,0,1,-40.56724305158363,-7.789127579284206,40.56724305158363,7.789127579284206,0,0,79.62040062917383,1469.9465520832778,653.4988417742817,1300.3627820939696,652.2483166851646,12,12,1.365150857085176,0.11123940446544728,-40.60207925080826,-0.04452628880148715,1.2371032208205246,62.00970864402192,7.380834380691719e-05,6.0097928659403815e-05,1.0,1.0,0.0,791.5672430515837,0.0,1.0,207.7891275792842,0.0,0.0,1.0
frame_1136.jpg,frame_1136,1136,D:\visualization2026\visualization\left_downsample2_Q44\frame_1136.jpg,D:\visualization2026\visualization\right_downsample2_Q44\frame_1136.jpg,D:\visualization2026\dowsample2_Q44\stitched_frames\frame_1136.jpg,D:\visualization2026\dowsample2_Q44_hess_matched\stitched_frames\frame_1136.jpg,2264,1436,-0.0053056151005227425,-0.006391605207138662,93.20260671741993,-17.48825471730653,168.63301880556673,5.004053466214259,-75.43041208814681,-22.492308183520787,78.71245768752314,-83.8437887588617,-13.502842359290463,84.92412887525236,0,1,-41.92189437943085,-6.751421179645232,41.92189437943085,6.751421179645232,0,0,78.71245768752314,1370.6510250496676,650.4533382988578,1202.018006244101,645.4492848326436,12,12,1.2015014221027374,0.06035055946040999,-41.54079109288631,-0.09658822002658624,1.0901176721559493,147.67103349910766,1.95446237643206e-05,1.5599581288083986e-05,1.0,1.0,0.0,705.9218943794308,0.0,1.0,201.75142117964523,0.0,0.0,1.0
frame_1138.jpg,frame_1138,1138,D:\visualization2026\visualization\left_downsample2_Q44\frame_1138.jpg,D:\visualization2026\visualization\right_downsample2_Q44\frame_1138.jpg,D:\visualization2026\dowsample2_Q44\stitched_frames\frame_1138.jpg,D:\visualization2026\dowsample2_Q44_hess_matched\stitched_frames\frame_1138.jpg,2319,1440,-0.005414894325443065,-0.006429304846657158,94.20974599169111,-17.632657072221104,197.6533938712687,-9.951182498173353,-103.44364787957758,-7.681474574047751,103.7284596350769,-82.3736518479606,-8.651073387899883,82.82668404283642,0,1,-41.1868259239803,-4.325536693949942,41.1868259239803,4.325536693949942,0,0,103.7284596350769,1458.681184133441,630.3035740561337,1261.0277902621724,640.254756554307,12,12,1.3010557748606428,0.08927901066176018,-41.52436671322513,-0.06358089422981533,1.1697101125916922,96.7747081896143,5.4537213507823024e-05,3.764924973128811e-05,1.0,1.0,0.0,760.1868259239803,0.0,1.0,196.32553669394994,0.0,0.0,1.0
frame_1140.jpg,frame_1140,1140,D:\visualization2026\visualization\left_downsample2_Q44\frame_1140.jpg,D:\visualization2026\visualization\right_downsample2_Q44\frame_1140.jpg,D:\visualization2026\dowsample2_Q44\stitched_frames\frame_1140.jpg,D:\visualization2026\dowsample2_Q44_hess_matched\stitched_frames\frame_1140.jpg,2302,1439,-0.0055676395120618505,-0.006408738371407985,94.90586506531127,-17.66621171842983,85.71476564859495,-12.59623835319428,9.191099416716327,-5.069973365235551,10.496710837789193,-79.36621847853952,-3.5350803224011145,79.4449081343109,1,1,-39.68310923926976,-1.7675401612005572,39.68310923926976,1.7675401612005572,1,6,10.496710837789193,1541.8924698428555,437.63886098455407,1456.1777041942605,450.23509933774835,12,12,1.2821538676526376,0.08949956435399806,-39.40689959601031,-0.07195943889485974,1.1603825361208018,112.84112443802289,4.603233971486707e-05,3.93634490793394e-05,1.0,1.0,0.0,741.6831092392698,0.0,1.0,200.76754016120054,0.0,0.0,1.0
frame_1142.jpg,frame_1142,1142,D:\visualization2026\visualization\left_downsample2_Q44\frame_1142.jpg,D:\visualization2026\visualization\right_downsample2_Q44\frame_1142.jpg,D:\visualization2026\dowsample2_Q44\stitched_frames\frame_1142.jpg,D:\visualization2026\dowsample2_Q44_hess_matched\stitched_frames\frame_1142.jpg,2303,1435,-0.005692562296557124,-0.006372235781169633,95.28400589507754,-17.648443418647116,164.50274941724956,-23.813007296614387,-69.21874352217202,6.164563877967272,69.4927068302406,-76.73727971166826,1.9621323427119832,76.76236096471453,0,1,-38.36863985583413,0.9810661713559916,38.36863985583413,-0.9810661713559916,0,0,69.4927068302406,1397.9046152982821,614.3190072937334,1233.4018658810326,638.1320145903478,12,12,1.2743557252129614,0.07030792757298429,-38.61921582756297,-0.06927109542155342,1.1436665833852604,112.26915407343544,4.833775251006507e-05,2.819783812689584e-05,1.0,1.0,0.0,741.3686398558341,0.0,1.0,191.018933828644,0.0,0.0,1.0
frame_1144.jpg,frame_1144,1144,D:\visualization2026\visualization\left_downsample2_Q44\frame_1144.jpg,D:\visualization2026\visualization\right_downsample2_Q44\frame_1144.jpg,D:\visualization2026\dowsample2_Q44\stitched_frames\frame_1144.jpg,D:\visualization2026\dowsample2_Q44_hess_matched\stitched_frames\frame_1144.jpg,2285,1437,-0.005769967015245903,-0.006296766858973957,95.00494811567143,-17.516032537330357,157.41204131759787,-24.608305152966295,-62.40709320192644,7.092272615635938,62.808802032584836,-68.035134257106,4.044317638384811,68.15523456450421,0,1,-34.017567128553,2.0221588191924056,34.017567128553,-2.0221588191924056,0,0,62.808802032584836,1379.8762061446764,622.5685896226039,1222.4641648270785,647.1768947755702,12,12,1.2247451537463363,0.06727437490817992,-33.668082372352984,-0.08838421595070892,1.1119533854741876,143.66924584389002,2.5956898738820223e-05,2.228117001066072e-05,1.0,1.0,0.0,719.017567128553,0.0,1.0,199.9778411808076,0.0,0.0,1.0
frame_1146.jpg,frame_1146,1146,D:\visualization2026\visualization\left_downsample2_Q44\frame_1146.jpg,D:\visualization2026\visualization\right_downsample2_Q44\frame_1146.jpg,D:\visualization2026\dowsample2_Q44\stitched_frames\frame_1146.jpg,D:\visualization2026\dowsample2_Q44_hess_matched\stitched_frames\frame_1146.jpg,2286,1433,-0.005832684564865853,-0.006170062370585039,94.14207776798865,-17.25816250162908,156.42779602177916,-22.251917643673778,-62.285718253790506,4.993755142044698,62.48558464805518,-62.9271287495059,3.3376215817760784,63.01557942667852,0,1,-31.46356437475295,1.6688107908880392,31.46356437475295,-1.6688107908880392,0,0,62.48558464805518,1368.7481736663246,618.3533473277272,1212.3203776445455,640.605264971401,12,12,1.2316302984171341,0.06910972416942833,-31.02881248673448,-0.0822167100733989,1.118563479946256,133.21769625153647,3.1568037543553295e-05,2.37752692435632e-05,1.0,1.0,0.0,717.463564374753,0.0,1.0,195.33118920911195,0.0,0.0,1.0
frame_1148.jpg,frame_1148,1148,D:\visualization2026\visualization\left_downsample2_Q44\frame_1148.jpg,D:\visualization2026\visualization\right_downsample2_Q44\frame_1148.jpg,D:\visualization2026\dowsample2_Q44\stitched_frames\frame_1148.jpg,D:\visualization2026\dowsample2_Q44_hess_matched\stitched_frames\frame_1148.jpg,2261,1434,-0.005883969240629838,-0.00605706162490538,93.34525995429263,-17.025722942376692,153.2781805610589,-19.75517484669308,-59.93292060676626,2.729451904316388,59.995040462982644,-62.18213929966502,1.58143818534713,62.20224589688879,0,1,-31.09106964983251,0.790719092673565,31.09106964983251,-0.790719092673565,0,0,59.995040462982644,1346.6591721265804,622.7898433251507,1193.3809915655215,642.5450181718438,12,12,1.1799404225225179,0.0665409516741121,-30.57987258054853,-0.10321800876129661,1.0774477806456233,166.15037343148796,1.1371147050127351e-05,1.4245530197933697e-05,1.0,1.0,0.0,692.0910696498325,0.0,1.0,202.20928090732644,0.0,0.0,1.0
frame_1150.jpg,frame_1150,1150,D:\visualization2026\visualization\left_downsample2_Q44\frame_1150.jpg,D:\visualization2026\visualization\right_downsample2_Q44\frame_1150.jpg,D:\visualization2026\dowsample2_Q44\stitched_frames\frame_1150.jpg,D:\visualization2026\dowsample2_Q44_hess_matched\stitched_frames\frame_1150.jpg,2268,1437,-0.005890552412721295,-0.0060427551196036156,93.24490787861633,-16.996342579140673,154.03607604149056,-12.704406948056771,-60.79116816287423,-4.291935631083902,60.942487954367444,-60.973193082152505,-2.110856917050709,61.00972046778866,0,1,-30.486596541076253,-1.0554284585253546,30.486596541076253,1.0554284585253546,0,0,60.942487954367444,1348.6274738909528,627.4329068835067,1194.5913978494623,640.1373138315635,12,12,1.1891973736549426,0.08045401816840685,-30.201395620186233,-0.10023893145595894,1.0879645014492045,159.58102100390224,1.7090232946129106e-05,1.6855369251104547e-05,1.0,1.0,0.0,698.4865965410762,0.0,1.0,205.05542845852534,0.0,0.0,1.0
frame_1152.jpg,frame_1152,1152,D:\visualization2026\visualization\left_downsample2_Q44\frame_1152.jpg,D:\visualization2026\visualization\right_downsample2_Q44\frame_1152.jpg,D:\visualization2026\dowsample2_Q44\stitched_frames\frame_1152.jpg,D:\visualization2026\dowsample2_Q44_hess_matched\stitched_frames\frame_1152.jpg,2308,1440,-0.005842264644611128,-0.0061052576820969096,93.56879706589633,-17.114371019069573,159.06259333886396,-14.498017914892102,-65.49379627296763,-2.6163531041774704,65.5460346154573,-66.48154021456517,-7.325002267438498,66.88386088974548,0,1,-33.240770107282586,-3.662501133719249,33.240770107282586,3.662501133719249,0,0,65.5460346154573,1389.1055010664206,624.7501942631263,1230.0429077275567,639.2482121780184,12,12,1.2930892843372428,0.08409085385387713,-32.918109505400324,-0.06255394051913256,1.172490554743392,95.8388739173145,5.689901433127135e-05,3.86086305021613e-05,1.0,1.0,0.0,741.2407701072826,0.0,1.0,206.66250113371925,0.0,0.0,1.0
frame_1154.jpg,frame_1154,1154,D:\visualization2026\visualization\left_downsample2_Q44\frame_1154.jpg,D:\visualization2026\visualization\right_downsample2_Q44\frame_1154.jpg,D:\visualization2026\dowsample2_Q44\stitched_frames\frame_1154.jpg,D:\visualization2026\dowsample2_Q44_hess_matched\stitched_frames\frame_1154.jpg,2354,1439,-0.0058034374755912,-0.006122854962968938,93.5119945544842,-17.134254520188154,149.87435666884812,-5.765051623834893,-56.36236211436392,-11.369202896353261,57.497605494569356,-72.69216690035445,-11.694380473325381,73.62682706272138,0,1,-36.346083450177225,-5.847190236662691,36.346083450177225,5.847190236662691,0,0,57.497605494569356,1422.364382807244,632.3946677323352,1272.490026138396,638.1597193561701,12,12,1.3063654630528294,0.13802213240760058,-36.460463999713575,-0.05850599072412661,1.1872291390907204,87.46969411970807,6.0191587189838555e-05,4.5757726253662775e-05,1.0,1.0,0.0,790.3460834501773,0.0,1.0,209.8471902366627,0.0,0.0,1.0
frame_1156.jpg,frame_1156,1156,D:\visualization2026\visualization\left_downsample2_Q44\frame_1156.jpg,D:\visualization2026\visualization\right_downsample2_Q44\frame_1156.jpg,D:\visualization2026\dowsample2_Q44\stitched_frames\frame_1156.jpg,D:\visualization2026\dowsample2_Q44_hess_matched\stitched_frames\frame_1156.jpg,2296,1437,-0.005846404294767904,-0.005949910319154261,92.08413474167347,-16.759721550592744,181.91158865752732,4.3172500593015,-89.82745391585385,-21.076971609894244,92.26705917741789,-78.96286409889386,-14.267574675176967,80.24149546096541,0,1,-39.48143204944693,-7.133787337588483,39.48143204944693,7.133787337588483,0,0,92.26705917741789,1393.31309273106,639.1330706846062,1211.4015040735326,634.8158206253047,12,12,1.2813754741531693,0.08757145495376326,-38.96518999040364,-0.06922399930860862,1.1625238748549231,102.44893079735338,5.1932091787435213e-05,3.9611672076606475e-05,1.0,1.0,0.0,735.4814320494469,0.0,1.0,208.13378733758847,0.0,0.0,1.0
frame_1158.jpg,frame_1158,1158,D:\visualization2026\visualization\left_downsample2_Q44\frame_1158.jpg,D:\visualization2026\visualization\right_downsample2_Q44\frame_1158.jpg,D:\visualization2026\dowsample2_Q44\stitched_frames\frame_1158.jpg,D:\visualization2026\dowsample2_Q44_hess_matched\stitched_frames\frame_1158.jpg,2281,1434,-0.0059718612503090185,-0.005590436541767607,89.32827832981748,-16.000357891410843,210.866271933274,-15.453985732350247,-121.53799360345651,-0.5463721590605957,121.5392217010214,-84.52475569938633,-16.783978885454594,86.17503277207574,1,0,-42.262377849693166,-8.391989442727297,42.262377849693166,8.391989442727297,0,0,121.5392217010214,1403.7375543986218,633.0781768298889,1192.8712824653478,648.5321625622391,12,12,1.214020637499202,0.0855215092957794,-41.964818978183985,-0.08903809603501293,1.1182728859682232,133.88526561909393,2.7286635734417016e-05,2.94290279360584e-05,1.0,1.0,0.0,723.2623778496932,0.0,1.0,224.3919894427273,0.0,0.0,1.0
frame_1160.jpg,frame_1160,1160,D:\visualization2026\visualization\left_downsample2_Q44\frame_1160.jpg,D:\visualization2026\visualization\right_downsample2_Q44\frame_1160.jpg,D:\visualization2026\dowsample2_Q44\stitched_frames\frame_1160.jpg,D:\visualization2026\dowsample2_Q44_hess_matched\stitched_frames\frame_1160.jpg,2292,1439,-0.006110707125851489,-0.005217246494833017,86.51772040126235,-15.216569658721513,220.4015180341014,-15.141879786135405,-133.88379763283905,-0.0746898725861076,133.88381846649006,-92.14465415557129,-17.15790664034182,93.72849646574156,1,0,-46.072327077785644,-8.57895332017091,46.072327077785644,8.57895332017091,0,0,133.88381846649006,1424.731557152899,639.3994008397653,1204.3300391187977,654.5412806259008,12,12,1.2504921073439794,0.0917961700897732,-45.86877277536735,-0.07946480535012175,1.157979394453159,118.36131211224185,3.52348969781639e-05,4.5176172203652904e-05,1.0,1.0,0.0,738.0723270777856,0.0,1.0,230.5789533201709,0.0,0.0,1.0
frame_1162.jpg,frame_1162,1162,D:\visualization2026\visualization\left_downsample2_Q44\frame_1162.jpg,D:\visualization2026\visualization\right_downsample2_Q44\frame_1162.jpg,D:\visualization2026\dowsample2_Q44\stitched_frames\frame_1162.jpg,D:\visualization2026\dowsample2_Q44_hess_matched\stitched_frames\frame_1162.jpg,2306,1452,-0.006223251675366859,-0.00492840702095898,84.37222482999903,-14.612625664293452,220.9394686372102,-17.21484351272875,-136.56724380721118,2.6022178484352967,136.5920335115814,-93.30325427543,-15.19837415556561,94.5329986584479,1,0,-46.651627137715,-7.599187077782805,46.651627137715,7.599187077782805,0,0,136.5920335115814,1428.7913511361758,645.0952516465596,1207.8518824989656,662.3100951592884,12,12,1.277252356265941,0.10265242227653923,-46.445880850291054,-0.07475367881473194,1.1919217005539167,110.99302299002983,4.332088926589932e-05,5.5909354830422575e-05,1.0,1.0,0.0,752.651627137715,0.0,1.0,238.5991870777828,0.0,0.0,1.0
frame_1164.jpg,frame_1164,1164,D:\visualization2026\visualization\left_downsample2_Q44\frame_1164.jpg,D:\visualization2026\visualization\right_downsample2_Q44\frame_1164.jpg,D:\visualization2026\dowsample2_Q44\stitched_frames\frame_1164.jpg,D:\visualization2026\dowsample2_Q44_hess_matched\stitched_frames\frame_1164.jpg,2264,1430,-0.006338880044472028,-0.004663507114399779,82.47734987971765,-14.065303055895308,209.25914601296472,-9.320583501083888,-126.78179613324707,-4.74471955481142,126.87054896399728,-94.46185439528871,-13.238841670789398,95.38505577175575,1,0,-47.230927197644355,-6.619420835394699,47.230927197644355,6.619420835394699,0,0,126.87054896399728,1380.5498789021228,635.0852311566993,1171.290732889158,644.4058146577831,12,12,1.1936098918513676,0.07707063586411989,-47.06008490766312,-0.09849728349306495,1.1019477757847542,150.51349422023708,1.6893537945637707e-05,2.8683331423676446e-05,1.0,1.0,0.0,711.2309271976444,0.0,1.0,222.6194208353947,0.0,0.0,1.0
frame_1166.jpg,frame_1166,1166,D:\visualization2026\visualization\left_downsample2_Q44\frame_1166.jpg,D:\visualization2026\visualization\right_downsample2_Q44\frame_1166.jpg,D:\visualization2026\dowsample2_Q44\stitched_frames\frame_1166.jpg,D:\visualization2026\dowsample2_Q44_hess_matched\stitched_frames\frame_1166.jpg,2257,1424,-0.006417451733411794,-0.004513505334565404,81.48117337393141,-13.762304462556555,218.01976379818052,-8.54792715903784,-136.5385904242491,-5.214377303518715,136.63812208056834,-95.62045451514743,-11.279309186013185,96.28340530640293,1,0,-47.810227257573715,-5.639654593006592,47.810227257573715,5.639654593006592,0,0,136.63812208056834,1377.2988874412836,628.6365446439804,1159.279123643103,637.1844718030183,12,12,1.2102510885041255,0.07257607429719108,-47.56614869617111,-0.08958733501265977,1.1118260474388948,137.04875223104838,2.590109980876828e-05,3.1292712261383064e-05,1.0,1.0,0.0,704.8102272575737,0.0,1.0,214.63965459300658,0.0,0.0,1.0
frame_1168.jpg,frame_1168,1168,D:\visualization2026\visualization\left_downsample2_Q44\frame_1168.jpg,D:\visualization2026\visualization\right_downsample2_Q44\frame_1168.jpg,D:\visualization2026\dowsample2_Q44\stitched_frames\frame_1168.jpg,D:\visualization2026\dowsample2_Q44_hess_matched\stitched_frames\frame_1168.jpg,2339,1424,-0.006436409777998198,-0.0045308362655005485,81.76070829410857,-13.81214243312038,212.36384176650768,-9.826811023820937,-130.60313347239912,-3.9853314092994427,130.66392516395354,-96.77905463500616,-9.319776701236972,97.22676408174051,1,0,-48.38952731750308,-4.659888350618486,48.38952731750308,4.659888350618486,0,0,130.66392516395354,1441.6250715399703,614.2612795910658,1229.2612297734627,624.0880906148867,12,12,1.3616998188155143,0.10861841395325578,-48.104136754824054,-0.03119811335388067,1.223039535676793,44.87093703558649,8.670454525318322e-05,5.452763194224425e-05,1.0,1.0,0.0,787.389527317503,0.0,1.0,202.65988835061847,0.0,0.0,1.0
frame_1170.jpg,frame_1170,1170,D:\visualization2026\visualization\left_downsample2_Q44\frame_1170.jpg,D:\visualization2026\visualization\right_downsample2_Q44\frame_1170.jpg,D:\visualization2026\dowsample2_Q44\stitched_frames\frame_1170.jpg,D:\visualization2026\dowsample2_Q44_hess_matched\stitched_frames\frame_1170.jpg,2258,1421,-0.006434348378924648,-0.004621484481557192,82.62911499626496,-14.019274656598043,217.39142635318126,-5.494731515125295,-134.7623113569163,-8.524543141472748,135.03165702171208,-97.93765475486487,-7.360244216460759,98.21383514459177,1,0,-48.96882737743243,-3.6801221082303797,48.96882737743243,3.6801221082303797,0,0,135.03165702171208,1370.5825062569586,621.4277052575162,1153.1910799037773,626.9224367726415,12,12,1.2277548234378661,0.07272757581890352,-49.286782351022055,-0.07878954613938147,1.1199785027291627,122.56040884463958,3.7625721023512244e-05,2.860130894750774e-05,1.0,1.0,0.0,706.9688273774325,0.0,1.0,206.6801221082304,0.0,0.0,1.0
frame_1172.jpg,frame_1172,1172,D:\visualization2026\visualization\left_downsample2_Q44\frame_1172.jpg,D:\visualization2026\visualization\right_downsample2_Q44\frame_1172.jpg,D:\visualization2026\dowsample2_Q44\stitched_frames\frame_1172.jpg,D:\visualization2026\dowsample2_Q44_hess_matched\stitched_frames\frame_1172.jpg,2318,1455,-0.006421127475656707,-0.004742552561218916,83.72754704802702,-14.290379566880171,218.236023266722,-10.107374326177137,-134.50847621869497,-4.183005240703034,134.57350299192996,-99.09625487472357,-5.400711731684548,99.24331422017772,1,0,-49.548127437361785,-2.700355865842274,49.548127437361785,2.700355865842274,0,0,134.57350299192996,1422.7547078706084,645.8015747867104,1204.5186846038864,655.9089491128875,12,12,1.3171852123499777,0.12364992424592454,-48.94325655216764,-0.06367290284131574,1.2330001496732197,99.27728470049992,5.684909989406058e-05,7.240731963193894e-05,1.0,1.0,0.0,767.5481274373618,0.0,1.0,236.70035586584228,0.0,0.0,1.0
frame_1174.jpg,frame_1174,1174,D:\visualization2026\visualization\left_downsample2_Q44\frame_1174.jpg,D:\visualization2026\visualization\right_downsample2_Q44\frame_1174.jpg,D:\visualization2026\dowsample2_Q44\stitched_frames\frame_1174.jpg,D:\visualization2026\dowsample2_Q44_hess_matched\stitched_frames\frame_1174.jpg,2257,1420,-0.006396729616146346,-0.00487466774835732,84.8677278416615,-14.580947925882032,209.9986207793745,-3.5278661622895697,-125.130892937713,-11.053081763592463,125.61811566753441,-99.50588013196916,-4.510605158545241,99.60806061626795,1,0,-49.75294006598458,-2.2553025792726205,49.75294006598458,2.2553025792726205,0,0,125.61811566753441,1352.4901363983486,619.6031918143141,1142.491515618974,623.1310579766036,12,12,1.2334056410517542,0.06786399344815014,-50.05470215692478,-0.07868780877907851,1.122376491095535,123.88786995069354,3.950737172825035e-05,3.1299106771354785e-05,1.0,1.0,0.0,706.7529400659846,0.0,1.0,205.2553025792726,0.0,0.0,1.0
frame_1176.jpg,frame_1176,1176,D:\visualization2026\visualization\left_downsample2_Q44\frame_1176.jpg,D:\visualization2026\visualization\right_downsample2_Q44\frame_1176.jpg,D:\visualization2026\dowsample2_Q44\stitched_frames\frame_1176.jpg,D:\visualization2026\dowsample2_Q44_hess_matched\stitched_frames\frame_1176.jpg,2308,1447,-0.00634856879703849,-0.005032250663229099,86.11590979955456,-14.917446943096076,187.52936491399555,-13.435800180963952,-101.41345511444099,-1.481646762132124,101.42427793864975,-100.9541886547329,-3.756336214528231,101.02404797221293,0,1,-50.47709432736645,-1.8781681072641154,50.47709432736645,1.8781681072641154,0,0,101.42427793864975,1382.0267949539727,639.6552588963887,1194.4974300399772,653.0910590773526,12,12,1.2689850094445976,0.1004819114281398,-49.97719908066177,-0.07743422903857564,1.1819152137366118,122.18005502367396,4.2201644553635106e-05,5.5211026745247995e-05,1.0,1.0,0.0,758.4770943273664,0.0,1.0,234.87816810726412,0.0,0.0,1.0
frame_1178.jpg,frame_1178,1178,D:\visualization2026\visualization\left_downsample2_Q44\frame_1178.jpg,D:\visualization2026\visualization\right_downsample2_Q44\frame_1178.jpg,D:\visualization2026\dowsample2_Q44\stitched_frames\frame_1178.jpg,D:\visualization2026\dowsample2_Q44_hess_matched\stitched_frames\frame_1178.jpg,2302,1439,-0.0062951659519661085,-0.005217623486491019,87.6032789214363,-15.3150076650739,186.43045984267042,-10.445763829533462,-98.82718092123412,-4.869243835540438,98.94706273744708,-102.61941712325097,-3.970043858582928,102.69618307880214,0,1,-51.309708561625484,-1.985021929291464,51.309708561625484,1.985021929291464,0,0,98.94706273744708,1379.4152878722427,633.4397392241469,1192.9848280295723,643.8855030536804,12,12,1.2617388151072433,0.11043856723286884,-51.23001580217135,-0.07705286622100394,1.171021298322512,120.72241563844244,4.40850943636135e-05,5.155820501571525e-05,1.0,1.0,0.0,753.3097085616255,0.0,1.0,225.98502192929146,0.0,0.0,1.0
frame_1180.jpg,frame_1180,1180,D:\visualization2026\visualization\left_downsample2_Q44\frame_1180.jpg,D:\visualization2026\visualization\right_downsample2_Q44\frame_1180.jpg,D:\visualization2026\dowsample2_Q44\stitched_frames\frame_1180.jpg,D:\visualization2026\dowsample2_Q44_hess_matched\stitched_frames\frame_1180.jpg,2299,1447,-0.0063198964031979665,-0.005288697632824357,88.43869678149105,-15.491349375366802,193.6178941501746,-11.902449878991092,-105.17919736868356,-3.58889949637571,105.24040934315856,-100.28925039448674,-3.2473979381477847,100.34181251131926,0,1,-50.14462519724337,-1.6236989690738923,50.14462519724337,1.6236989690738923,0,0,105.24040934315856,1371.8638893628427,639.0477741435952,1178.245995212668,650.9502240225863,12,12,1.2732995036244223,0.1085334298642455,-50.51878710890672,-0.07650065054573355,1.1882336402826157,121.0907965109553,4.538944977702508e-05,5.8607172916974504e-05,1.0,1.0,0.0,749.1446251972434,0.0,1.0,233.6236989690739,0.0,0.0,1.0
frame_1182.jpg,frame_1182,1182,D:\visualization2026\visualization\left_downsample2_Q44\frame_1182.jpg,D:\visualization2026\visualization\right_downsample2_Q44\frame_1182.jpg,D:\visualization2026\dowsample2_Q44\stitched_frames\frame_1182.jpg,D:\visualization2026\dowsample2_Q44_hess_matched\stitched_frames\frame_1182.jpg,2273,1416,-0.00646336129988212,-0.005225864788382717,88.66983686830888,-15.422907519812894,196.09223408562275,-8.953657567854862,-107.42239721731387,-6.469249951958032,107.617018258523,-96.40874279090605,-3.3641316593702015,96.46741972471668,0,1,-48.20437139545302,-1.6820658296851008,48.20437139545302,1.6820658296851008,0,0,107.617018258523,1355.4398173708144,608.6776409750554,1159.3475832851916,617.6312985429103,12,12,1.2928623771806695,0.07673703328628644,-48.382264529760306,-0.05537139572681948,1.166754450606898,86.79703978185933,6.840717881565167e-05,4.286401607380826e-05,1.0,1.0,0.0,721.204371395453,0.0,1.0,199.6820658296851,0.0,0.0,1.0
frame_1184.jpg,frame_1184,1184,D:\visualization2026\visualization\left_downsample2_Q44\frame_1184.jpg,D:\visualization2026\visualization\right_downsample2_Q44\frame_1184.jpg,D:\visualization2026\dowsample2_Q44\stitched_frames\frame_1184.jpg,D:\visualization2026\dowsample2_Q44_hess_matched\stitched_frames\frame_1184.jpg,2273,1444,-0.006594875171016201,-0.005164137277342329,88.84161771599607,-15.350683000049704,177.44563906675717,-15.522733355317087,-88.6040213507611,0.17205035526738222,88.60418839338735,-94.0745203360747,-1.1368088568260866,94.08138875909246,0,1,-47.03726016803735,-0.5684044284130433,47.03726016803735,0.5684044284130433,0,0,88.60418839338735,1330.955479977277,629.7862020656726,1153.5098409105199,645.3089354209897,12,12,1.227990402025997,0.08289321300563991,-46.438466015905604,-0.08985941007618864,1.1365615436611642,143.6120149864009,3.85715207582161e-05,3.719670242521577e-05,1.0,1.0,0.0,720.0372601680374,0.0,1.0,227.56840442841303,0.0,0.0,1.0
frame_1186.jpg,frame_1186,1186,D:\visualization2026\visualization\left_downsample2_Q44\frame_1186.jpg,D:\visualization2026\visualization\right_downsample2_Q44\frame_1186.jpg,D:\visualization2026\dowsample2_Q44\stitched_frames\frame_1186.jpg,D:\visualization2026\dowsample2_Q44_hess_matched\stitched_frames\frame_1186.jpg,2292,1437,-0.006614232933039754,-0.005248974982800636,89.77921361037981,-15.555798205811907,171.79013070691735,-13.490482837567697,-82.01091709653754,-2.0653153682442102,82.03691882674202,-90.0460380310318,0.7120708764752799,90.04885346310162,0,1,-45.0230190155159,0.35603543823763995,45.0230190155159,-0.35603543823763995,0,0,82.03691882674202,1339.258480295749,628.1712753061181,1167.4683495888316,641.6617581436858,12,12,1.2524294257298783,0.09737635830553036,-44.50627545020217,-0.0798567531234205,1.157869881660661,128.20795904070835,4.449765674580195e-05,4.647530068003899e-05,1.0,1.0,0.0,737.023019015516,0.0,1.0,223.64396456176237,0.0,0.0,1.0
frame_1188.jpg,frame_1188,1188,D:\visualization2026\visualization\left_downsample2_Q44\frame_1188.jpg,D:\visualization2026\visualization\right_downsample2_Q44\frame_1188.jpg,D:\visualization2026\dowsample2_Q44\stitched_frames\frame_1188.jpg,D:\visualization2026\dowsample2_Q44_hess_matched\stitched_frames\frame_1188.jpg,2355,1477,-0.00654598311191168,-0.005420394037241372,91.04396378436368,-15.913453042002434,178.20003243144106,-22.18082321918257,-87.15606864707738,6.267370177180137,87.38112056360842,-88.88124561675806,5.121998899881829,89.02870714054464,0,1,-44.44062280837903,2.5609994499409146,44.44062280837903,-2.5609994499409146,0,0,87.38112056360842,1397.1589815283212,660.5214208968547,1218.9589490968801,682.7022441160373,12,12,1.3325166185128787,0.16407260332959572,-44.45347219487911,-0.07051543936252501,1.278849910925101,115.4048295339991,5.6306167207993734e-05,9.589786354316115e-05,1.0,1.0,0.0,799.440622808379,0.0,1.0,262.43900055005906,0.0,0.0,1.0
frame_1190.jpg,frame_1190,1190,D:\visualization2026\visualization\left_downsample2_Q44\frame_1190.jpg,D:\visualization2026\visualization\right_downsample2_Q44\frame_1190.jpg,D:\visualization2026\dowsample2_Q44\stitched_frames\frame_1190.jpg,D:\visualization2026\dowsample2_Q44_hess_matched\stitched_frames\frame_1190.jpg,2266,1435,-0.006443129661715563,-0.005603105939555486,92.21544642681644,-16.278743940740412,177.2522322702855,-21.934243110871535,-85.03678584346906,5.655499170131122,85.22464207875193,-93.50117965773278,8.869372899302604,93.9209048775325,0,1,-46.75058982886639,4.434686449651302,46.75058982886639,-4.434686449651302,0,0,85.22464207875193,1309.782486947715,619.4634166100469,1132.5302546774294,641.3976597209185,12,12,1.2339641039815028,0.08456128317695631,-46.791605690673684,-0.08395331299324167,1.1385261404644387,138.4553474640123,4.218565905768791e-05,3.763591200191168e-05,1.0,1.0,0.0,712.7505898288664,0.0,1.0,217.5653135503487,0.0,0.0,1.0
frame_1192.jpg,frame_1192,1192,D:\visualization2026\visualization\left_downsample2_Q44\frame_1192.jpg,D:\visualization2026\visualization\right_downsample2_Q44\frame_1192.jpg,D:\visualization2026\dowsample2_Q44\stitched_frames\frame_1192.jpg,D:\visualization2026\dowsample2_Q44_hess_matched\stitched_frames\frame_1192.jpg,2249,1437,-0.006316937922620669,-0.005738940869794096,92.79471206657396,-16.524011423364662,194.39314721251912,-32.10440158843937,-101.59843514594516,15.58039016507471,102.78614002773323,-98.95498758593963,13.127170082938434,99.82190221850044,0,1,-49.47749379296982,6.563585041469217,49.47749379296982,-6.563585041469217,0,0,102.78614002773323,1307.284321986601,614.9117491518028,1112.891174774082,647.0161507402422,12,12,1.2005792550453445,0.0797523545051343,-49.52937180894656,-0.09661704018746445,1.1175570951770433,160.98558818673897,2.897647718067118e-05,3.397023485218566e-05,1.0,1.0,0.0,698.4774937929698,0.0,1.0,220.43641495853078,0.0,0.0,1.0
frame_1194.jpg,frame_1194,1194,D:\visualization2026\visualization\left_downsample2_Q44\frame_1194.jpg,D:\visualization2026\visualization\right_downsample2_Q44\frame_1194.jpg,D:\visualization2026\dowsample2_Q44\stitched_frames\frame_1194.jpg,D:\visualization2026\dowsample2_Q44_hess_matched\stitched_frames\frame_1194.jpg,2266,1441,-0.00608430461551579,-0.005830169282216802,92.3163931063731,-16.61051218925972,204.02008466200778,-35.51943254163098,-111.70369155563468,18.908920352371258,113.29281520047373,-98.26045543556401,16.463164096548134,99.6300801689647,0,1,-49.130227717782006,8.231582048274067,49.130227717782006,-8.231582048274067,0,0,113.29281520047373,1335.3160136131291,619.7394161553741,1131.2959289511214,655.2588486970051,12,12,1.2403665202172067,0.10740156607554303,-49.05160894312307,-0.08404932852187957,1.1657123210394327,142.7691385013072,4.0221511498051596e-05,5.332841078452422e-05,1.0,1.0,0.0,715.130227717782,0.0,1.0,225.76841795172592,0.0,0.0,1.0
frame_1196.jpg,frame_1196,1196,D:\visualization2026\visualization\left_downsample2_Q44\frame_1196.jpg,D:\visualization2026\visualization\right_downsample2_Q44\frame_1196.jpg,D:\visualization2026\dowsample2_Q44\stitched_frames\frame_1196.jpg,D:\visualization2026\dowsample2_Q44_hess_matched\stitched_frames\frame_1196.jpg,2284,1432,-0.005865588946997846,-0.005883599676816953,91.55255938643496,-16.617551302099383,200.83251612400682,-35.84122185203432,-109.27995673757185,19.22367054993494,110.95791298496026,-95.5853068418925,21.806004985648055,98.04107678668595,0,1,-47.79265342094625,10.903002492824028,47.79265342094625,-10.903002492824028,0,0,110.95791298496026,1344.8109512385106,609.4705465958027,1143.9784351145038,645.311768447837,12,12,1.2765757753939961,0.10688687431137753,-47.86181885007723,-0.06876136088313159,1.1811103285166833,121.58407132839729,5.6607963155163564e-05,5.559757891225469e-05,1.0,1.0,0.0,731.7926534209463,0.0,1.0,214.09699750717598,0.0,0.0,1.0
frame_1198.jpg,frame_1198,1198,D:\visualization2026\visualization\left_downsample2_Q44\frame_1198.jpg,D:\visualization2026\visualization\right_downsample2_Q44\frame_1198.jpg,D:\visualization2026\dowsample2_Q44\stitched_frames\frame_1198.jpg,D:\visualization2026\dowsample2_Q44_hess_matched\stitched_frames\frame_1198.jpg,2286,1445,-0.005804054473643072,-0.005895407629107452,91.3063391739938,-16.612125138710155,174.98974706919307,-39.5594653839388,-83.68340789519927,22.947340245228645,86.7726522660486,-96.0833932362793,25.437501009466686,99.39358587657507,0,1,-48.04169661813965,12.718750504733343,48.04169661813965,-12.718750504733343,0,0,86.7726522660486,1315.9367127214443,623.1652187235537,1140.9469656522513,662.7246841074925,12,12,1.2196607386362412,0.10593600803053177,-48.38438194551064,-0.09623184416522941,1.1465685333684021,167.46154101267973,3.121433746637224e-05,4.9179198774219806e-05,1.0,1.0,0.0,734.0416966181397,0.0,1.0,231.28124949526665,0.0,0.0,1.0
frame_1200.jpg,frame_1200,1200,D:\visualization2026\visualization\left_downsample2_Q44\frame_1200.jpg,D:\visualization2026\visualization\right_downsample2_Q44\frame_1200.jpg,D:\visualization2026\dowsample2_Q44\stitched_frames\frame_1200.jpg,D:\visualization2026\dowsample2_Q44_hess_matched\stitched_frames\frame_1200.jpg,2412,1478,-0.0058121125506021,-0.0058163745614943085,90.585926405901,-16.434845407825218,162.24696928101253,-48.804549023455934,-71.66104287511152,32.36970361563071,78.63270806803202,-94.27715593349883,29.000431857666808,98.63674355350764,0,1,-47.138577966749416,14.500215928833404,47.138577966749416,-14.500215928833404,0,0,78.63270806803202,1418.1169495717245,644.1203093160365,1255.869980290712,692.9248583394924,12,12,1.3596054231006685,0.22959251078205542,-47.003048888566504,-0.06422768837471964,1.307293663388532,118.70826858859215,6.775121267256884e-05,0.00010887850348455554,1.0,1.0,0.0,859.1385779667494,0.0,1.0,258.4997840711666,0.0,0.0,1.0
frame_1202.jpg,frame_1202,1202,D:\visualization2026\visualization\left_downsample2_Q44\frame_1202.jpg,D:\visualization2026\visualization\right_downsample2_Q44\frame_1202.jpg,D:\visualization2026\dowsample2_Q44\stitched_frames\frame_1202.jpg,D:\visualization2026\dowsample2_Q44_hess_matched\stitched_frames\frame_1202.jpg,2287,1434,-0.005902610776755912,-0.005640082597016094,89.40433638194203,-16.077765900454366,193.49320349982122,-49.815636184622235,-104.08886711787919,33.73787028416787,109.41999885393369,-92.67239317910153,33.09755352819499,98.4053886080113,0,1,-46.33619658955077,16.548776764097497,46.33619658955077,-16.548776764097497,0,0,109.41999885393369,1326.2246559554117,601.5416691199447,1132.7314524555904,651.3573053045669,12,12,1.2478714451384345,0.10854638904780096,-45.71667984556855,-0.08097586332997384,1.1574462704041844,147.57189567069537,4.7574410126132046e-05,4.959879101375851e-05,1.0,1.0,0.0,733.3361965895508,0.0,1.0,214.4512232359025,0.0,0.0,1.0
frame_1204.jpg,frame_1204,1204,D:\visualization2026\visualization\left_downsample2_Q44\frame_1204.jpg,D:\visualization2026\visualization\right_downsample2_Q44\frame_1204.jpg,D:\visualization2026\dowsample2_Q44\stitched_frames\frame_1204.jpg,D:\visualization2026\dowsample2_Q44_hess_matched\stitched_frames\frame_1204.jpg,2311,1459,-0.00614966799251071,-0.005414004898560809,88.65741761460195,-15.68914058057537,202.58445940678757,-58.97742527675541,-113.92704179218562,43.28828469618004,121.87389566045694,-95.73169958607498,36.60710454130537,102.49213827673111,1,0,-47.86584979303749,18.303552270652684,47.86584979303749,-18.303552270652684,0,0,121.87389566045694,1358.0219781721753,619.0211935907159,1155.4375187653877,677.9986188674714,12,12,1.2977043097312975,0.14531018397936776,-47.63685927555017,-0.07529979538897465,1.2334167395085052,139.94492504851556,5.653751875445873e-05,8.036967396635403e-05,1.0,1.0,0.0,758.8658497930375,0.0,1.0,238.6964477293473,0.0,0.0,1.0
frame_1206.jpg,frame_1206,1206,D:\visualization2026\visualization\left_downsample2_Q44\frame_1206.jpg,D:\visualization2026\visualization\right_downsample2_Q44\frame_1206.jpg,D:\visualization2026\dowsample2_Q44\stitched_frames\frame_1206.jpg,D:\visualization2026\dowsample2_Q44_hess_matched\stitched_frames\frame_1206.jpg,2274,1446,-0.0066356798603455225,-0.005650015382818063,93.80044856544473,-16.4883489189142,195.0565915310301,-56.19762782149007,-101.25614296558538,39.709278902575875,108.76411779272438,-100.37656926500946,38.18727130936198,107.39517376245574,0,1,-50.18828463250473,19.09363565468099,50.18828463250473,-19.09363565468099,0,0,108.76411779272438,1318.2210660393603,611.674475397851,1123.1644745083302,667.872103219341,12,12,1.2357457991968617,0.11889138157898244,-49.981609904774345,-0.09013980463513416,1.1660969953364342,164.68488044591444,3.89985655212345e-05,5.7804025623384766e-05,1.0,1.0,0.0,724.1882846325047,0.0,1.0,226.90636434531902,0.0,0.0,1.0
frame_1208.jpg,frame_1208,1208,D:\visualization2026\visualization\left_downsample2_Q44\frame_1208.jpg,D:\visualization2026\visualization\right_downsample2_Q44\frame_1208.jpg,D:\visualization2026\dowsample2_Q44\stitched_frames\frame_1208.jpg,D:\visualization2026\dowsample2_Q44_hess_matched\stitched_frames\frame_1208.jpg,2271,1455,-0.007106722630779383,-0.006092529971962524,100.86152749145403,-17.753987451342812,199.84146742152052,-58.249082762123294,-98.9799399300665,40.495095310780485,106.94335534659817,-101.37367061207755,40.04672619195355,108.99707047466593,0,1,-50.68683530603877,20.023363095976777,50.68683530603877,-20.023363095976777,0,0,106.94335534659817,1313.155647217628,617.7224958600577,1113.3141797961075,675.971578622181,12,12,1.2324579828622577,0.11795564997355737,-50.479742862349525,-0.09616087432119766,1.1707688448736293,174.97050885731915,3.548713418887598e-05,6.0474434214637706e-05,1.0,1.0,0.0,721.6868353060388,0.0,1.0,234.97663690402322,0.0,0.0,1.0
frame_1210.jpg,frame_1210,1210,D:\visualization2026\visualization\left_downsample2_Q44\frame_1210.jpg,D:\visualization2026\visualization\right_downsample2_Q44\frame_1210.jpg,D:\visualization2026\dowsample2_Q44\stitched_frames\frame_1210.jpg,D:\visualization2026\dowsample2_Q44_hess_matched\stitched_frames\frame_1210.jpg,2313,1448,-0.007232900110246687,-0.006220146518824743,102.8411730758605,-18.113871154346246,197.72656434564442,-58.38440861026004,-94.88539126978392,40.2705374559138,103.0774158747111,-102.72185423674135,41.34056879905641,110.72859597440878,0,1,-51.360927118370675,20.670284399528207,51.360927118370675,-20.670284399528207,0,0,103.0774158747111,1347.4375843481291,606.5440297050586,1149.7110200024847,664.9284383153187,12,12,1.3082509517996375,0.13658074479108592,-50.84176481548479,-0.0671250990514175,1.2210890416093039,130.19388625814594,6.529125947203297e-05,7.225839904732934e-05,1.0,1.0,0.0,764.3609271183707,0.0,1.0,223.3297156004718,0.0,0.0,1.0
frame_1212.jpg,frame_1212,1212,D:\visualization2026\visualization\left_downsample2_Q44\frame_1212.jpg,D:\visualization2026\visualization\right_downsample2_Q44\frame_1212.jpg,D:\visualization2026\dowsample2_Q44\stitched_frames\frame_1212.jpg,D:\visualization2026\dowsample2_Q44_hess_matched\stitched_frames\frame_1212.jpg,2215,1467,-0.006915879519847179,-0.006153564959796909,100.33503925158132,-17.79323819720128,209.40941310480093,-60.82838289432698,-109.07437385321961,43.0351446971257,117.25716485816321,-99.32700347834226,41.994669755709836,107.83972323720859,0,1,-49.66350173917113,20.997334877854918,49.66350173917113,-20.997334877854918,0,0,117.25716485816321,1248.6103925736275,626.0431560018869,1039.2009794688265,686.8715388962139,12,12,1.1438435427618787,0.09779832431259643,-49.879352575079004,-0.12971582725824493,1.1005332574067483,228.44335341541603,1.5680721308100138e-06,4.264037167396682e-05,1.0,1.0,0.0,664.6635017391711,0.0,1.0,246.0026651221451,0.0,0.0,1.0
frame_1214.jpg,frame_1214,1214,D:\visualization2026\visualization\left_downsample2_Q44\frame_1214.jpg,D:\visualization2026\visualization\right_downsample2_Q44\frame_1214.jpg,D:\visualization2026\dowsample2_Q44\stitched_frames\frame_1214.jpg,D:\visualization2026\dowsample2_Q44_hess_matched\stitched_frames\frame_1214.jpg,2245,1459,-0.006411247708253964,-0.006163381826764458,97.47060338265004,-17.548855979179994,206.8840265477013,-60.74164360806617,-109.41342316505126,43.19278762888618,117.63041303952238,-96.70010109175361,42.787366858492305,105.74340789779085,0,1,-48.350050545876805,21.393683429246153,48.350050545876805,-21.393683429246153,0,0,117.63041303952238,1271.9055590404269,618.5578067637412,1065.0215324927256,679.2994503718073,12,12,1.1966449847579819,0.11491995921185445,-47.9822331117149,-0.1067572621545699,1.1451847736722072,192.66851978378642,2.2434527274656055e-05,5.682400820843554e-05,1.0,1.0,0.0,693.3500505458768,0.0,1.0,237.60631657075385,0.0,0.0,1.0
frame_1216.jpg,frame_1216,1216,D:\visualization2026\visualization\left_downsample2_Q44\frame_1216.jpg,D:\visualization2026\visualization\right_downsample2_Q44\frame_1216.jpg,D:\visualization2026\dowsample2_Q44\stitched_frames\frame_1216.jpg,D:\visualization2026\dowsample2_Q44_hess_matched\stitched_frames\frame_1216.jpg,2359,1453,-0.006000824684385564,-0.0063551635890498615,96.92621302031482,-17.772287544326943,181.20810219390478,-60.75207123016992,-84.28188917358996,42.979783685842975,94.60813204133753,-95.20481620192811,43.92073496001809,104.84745102991808,0,1,-47.602408100964055,21.960367480009044,47.602408100964055,-21.960367480009044,0,0,94.60813204133753,1364.1181895058126,607.1766550067488,1182.9100873119078,667.9287262369187,12,12,1.3733057337622148,0.15813681561696716,-47.69185161049944,-0.04646288586616382,1.2749822446097292,99.68003920394682,8.802008345777097e-05,8.736561497154857e-05,1.0,1.0,0.0,806.6024081009641,0.0,1.0,222.03963251999096,0.0,0.0,1.0
frame_1218.jpg,frame_1218,1218,D:\visualization2026\visualization\left_downsample2_Q44\frame_1218.jpg,D:\visualization2026\visualization\right_downsample2_Q44\frame_1218.jpg,D:\visualization2026\dowsample2_Q44\stitched_frames\frame_1218.jpg,D:\visualization2026\dowsample2_Q44_hess_matched\stitched_frames\frame_1218.jpg,2308,1451,-0.005934970108139703,-0.0066655307021458166,99.55466220922678,-18.450378704791557,222.59706028223513,-68.27939411338912,-123.04239807300836,49.829015408597556,132.74924670274746,-91.18444256012214,44.79694104107147,101.59413610852472,1,0,-45.59222128006107,22.398470520535735,45.59222128006107,-22.398470520535735,0,0,132.74924670274746,1348.4577908758424,607.4640102498781,1125.8607305936073,675.7434043632672,12,12,1.2818281720621525,0.151152987128999,-45.38989966962393,-0.07857349790914664,1.2124630369662965,150.182481411428,5.5604376759946597e-05,7.697442351880755e-05,1.0,1.0,0.0,753.592221280061,0.0,1.0,228.60152947946426,0.0,0.0,1.0
frame_1220.jpg,frame_1220,1220,D:\visualization2026\visualization\left_downsample2_Q44\frame_1220.jpg,D:\visualization2026\visualization\right_downsample2_Q44\frame_1220.jpg,D:\visualization2026\dowsample2_Q44\stitched_frames\frame_1220.jpg,D:\visualization2026\dowsample2_Q44_hess_matched\stitched_frames\frame_1220.jpg,2264,1440,-0.005976466108111311,-0.006966541520347369,102.7218681857812,-19.16376264489969,224.64140481208847,-70.65760037034158,-121.91953662630726,51.49383772544189,132.34798349377152,-87.40896682065647,45.93737796354273,98.74497544088005,1,0,-43.70448341032824,22.968688981771365,43.70448341032824,-22.968688981771365,0,0,132.34798349377152,1305.2383128060553,596.4254815803873,1080.5969079939669,667.0830819507289,12,12,1.2382189907898364,0.11306647488469113,-43.11245026239948,-0.08535859239763346,1.1595062462087897,161.07040082417228,4.8103982632368455e-05,5.3905027665358956e-05,1.0,1.0,0.0,707.7044834103283,0.0,1.0,217.03131101822862,0.0,0.0,1.0
frame_1222.jpg,frame_1222,1222,D:\visualization2026\visualization\left_downsample2_Q44\frame_1222.jpg,D:\visualization2026\visualization\right_downsample2_Q44\frame_1222.jpg,D:\visualization2026\dowsample2_Q44\stitched_frames\frame_1222.jpg,D:\visualization2026\dowsample2_Q44_hess_matched\stitched_frames\frame_1222.jpg,2300,1481,-0.0057400241073449765,-0.007181947059350935,103.42738545895797,-19.53348864609298,211.1293654562469,-73.31625677001887,-107.70197999728892,53.78276812392589,120.38398000734318,-88.97250564418974,47.41617510239261,100.8186511611127,1,0,-44.48625282209487,23.708087551196304,44.48625282209487,-23.708087551196304,0,0,120.38398000734318,1327.0620952437484,637.0254381878586,1115.9327297875016,710.3416949578775,12,12,1.206606658779154,0.18300422206460065,-43.99970332998903,-0.11238228769793156,1.1856457455090408,204.22989105506895,1.831502077118155e-05,8.022507355855836e-05,1.0,1.0,0.0,744.4862528220949,0.0,1.0,257.2919124488037,0.0,0.0,1.0
frame_1224.jpg,frame_1224,1224,D:\visualization2026\visualization\left_downsample2_Q44\frame_1224.jpg,D:\visualization2026\visualization\right_downsample2_Q44\frame_1224.jpg,D:\visualization2026\dowsample2_Q44\stitched_frames\frame_1224.jpg,D:\visualization2026\dowsample2_Q44_hess_matched\stitched_frames\frame_1224.jpg,2285,1462,-0.00501718354273939,-0.006651257281214851,94.03297419280382,-17.9321162106623,222.20279185726326,-77.50831649493978,-128.16981766445946,59.576200284277476,141.33939932111332,-90.53604446772299,48.894972241242485,102.89554732024796,1,0,-45.268022233861494,24.447486120621242,45.268022233861494,-24.447486120621242,0,0,141.33939932111332,1326.5589658815754,616.0052471646892,1104.3561740243122,693.513563659629,12,12,1.2584538070540265,0.15039855188709708,-44.869636532159426,-0.0883598484797258,1.2021285337117007,167.56168289407182,4.7871801916682793e-05,7.439942569493567e-05,1.0,1.0,0.0,730.2680222338615,0.0,1.0,237.55251387937875,0.0,0.0,1.0
frame_1226.jpg,frame_1226,1226,D:\visualization2026\visualization\left_downsample2_Q44\frame_1226.jpg,D:\visualization2026\visualization\right_downsample2_Q44\frame_1226.jpg,D:\visualization2026\dowsample2_Q44\stitched_frames\frame_1226.jpg,D:\visualization2026\dowsample2_Q44_hess_matched\stitched_frames\frame_1226.jpg,2222,1468,-0.00414226732525691,-0.005644368956892354,79.1211212258496,-15.156453885178813,236.96319153904892,-78.6011111686114,-157.84207031319932,63.44465728343258,170.11567740384532,-92.09958329125625,50.37376938009236,104.97547277331873,1,0,-46.049791645628126,25.18688469004618,46.049791645628126,-25.18688469004618,0,0,170.11567740384532,1268.6347925140205,620.6337737966106,1031.6716009749716,699.234884965222,12,12,1.1807849574639016,0.12024577787152514,-46.36139694919323,-0.11325558314764705,1.1407160290764096,207.2662804161218,2.0661628409774088e-05,5.720262423206811e-05,1.0,1.0,0.0,668.0497916456281,0.0,1.0,242.81311530995382,0.0,0.0,1.0
frame_1228.jpg,frame_1228,1228,D:\visualization2026\visualization\left_downsample2_Q44\frame_1228.jpg,D:\visualization2026\visualization\right_downsample2_Q44\frame_1228.jpg,D:\visualization2026\dowsample2_Q44\stitched_frames\frame_1228.jpg,D:\visualization2026\dowsample2_Q44_hess_matched\stitched_frames\frame_1228.jpg,2219,1464,-0.0035530299093322615,-0.005183490302004601,71.1884249594322,-13.786111660320248,231.86194172931778,-80.69428679324415,-160.67351676988557,66.9081751329239,174.04793273929084,-93.6631221147895,51.85256651894224,107.0582509612935,1,0,-46.83156105739475,25.92628325947112,46.83156105739475,-25.92628325947112,0,0,174.04793273929084,1258.867857759852,617.2426724942876,1027.0059160305343,697.9369592875317,12,12,1.1765981662798946,0.11649976961834208,-46.66660166469124,-0.10846949397581594,1.137384507154323,200.43133326109637,2.081022836478071e-05,5.4564687624592914e-05,1.0,1.0,0.0,665.8315610573948,0.0,1.0,238.07371674052888,0.0,0.0,1.0
frame_1230.jpg,frame_1230,1230,D:\visualization2026\visualization\left_downsample2_Q44\frame_1230.jpg,D:\visualization2026\visualization\right_downsample2_Q44\frame_1230.jpg,D:\visualization2026\dowsample2_Q44\stitched_frames\frame_1230.jpg,D:\visualization2026\dowsample2_Q44_hess_matched\stitched_frames\frame_1230.jpg,2242,1444,-0.003656270358612379,-0.0058011059099558615,77.7930686916899,-15.25941022233529,210.06314080826542,-72.56430515545446,-132.27007211657553,57.30489493311917,144.15000159909786,-95.22666093832277,53.33136365779212,109.14371856896739,1,0,-47.61333046916138,26.66568182889606,47.61333046916138,-26.66568182889606,0,0,144.15000159909786,1254.9365617439603,604.7502381061464,1044.8734209356949,677.3145432616009,12,12,1.1999253798327199,0.10349240247198317,-47.647184726351725,-0.0993970256287758,1.1376058204444297,187.1429074321205,3.732436097249774e-05,4.7037593820278117e-05,1.0,1.0,0.0,689.6133304691614,0.0,1.0,217.33431817110394,0.0,0.0,1.0
frame_1232.jpg,frame_1232,1232,D:\visualization2026\visualization\left_downsample2_Q44\frame_1232.jpg,D:\visualization2026\visualization\right_downsample2_Q44\frame_1232.jpg,D:\visualization2026\dowsample2_Q44\stitched_frames\frame_1232.jpg,D:\visualization2026\dowsample2_Q44_hess_matched\stitched_frames\frame_1232.jpg,2263,1433,-0.004245929842518592,-0.006812773437003372,91.07824235325204,-17.895160085144408,201.6543112032639,-71.87090226734404,-110.57606885001185,53.975742182199625,123.04652675488994,-95.44766461728449,55.0307810565686,110.17551245439982,1,0,-47.723832308642244,27.5153905282843,47.723832308642244,-27.5153905282843,0,0,123.04652675488994,1273.9087844936537,595.1711303958091,1072.2544732903898,667.0420326631531,12,12,1.231658637438456,0.11064080737393937,-47.92852454590249,-0.08313569076086731,1.149471714818603,162.93637665409892,5.000710084109784e-05,4.782916827972205e-05,1.0,1.0,0.0,710.7238323086423,0.0,1.0,205.48460947171571,0.0,0.0,1.0
frame_1234.jpg,frame_1234,1234,D:\visualization2026\visualization\left_downsample2_Q44\frame_1234.jpg,D:\visualization2026\visualization\right_downsample2_Q44\frame_1234.jpg,D:\visualization2026\dowsample2_Q44\stitched_frames\frame_1234.jpg,D:\visualization2026\dowsample2_Q44_hess_matched\stitched_frames\frame_1234.jpg,2246,1452,-0.00484452104688482,-0.007411716036480054,100.40686351069641,-19.587588606036473,198.76060209608568,-75.87654654152834,-98.35373858538927,56.288957935491865,113.32212793266221,-94.12943174019851,56.446527189465414,109.75682371262276,0,1,-47.064715870099256,28.223263594732707,47.064715870099256,-28.223263594732707,0,0,113.32212793266221,1246.3310685773954,612.1470555591821,1047.5704664813097,688.0236021007105,12,12,1.1899131601219806,0.11206981660799097,-47.09922097674498,-0.10613265430009859,1.1365410016527568,199.41612489056052,2.7877593752326342e-05,5.133049271592225e-05,1.0,1.0,0.0,693.0647158700992,0.0,1.0,223.7767364052673,0.0,0.0,1.0
frame_1236.jpg,frame_1236,1236,D:\visualization2026\visualization\left_downsample2_Q44\frame_1236.jpg,D:\visualization2026\visualization\right_downsample2_Q44\frame_1236.jpg,D:\visualization2026\dowsample2_Q44\stitched_frames\frame_1236.jpg,D:\visualization2026\dowsample2_Q44_hess_matched\stitched_frames\frame_1236.jpg,2258,1442,-0.005247694043335027,-0.007300654713915722,101.69279607765233,-19.545740162899975,194.8973977637172,-78.41659653687475,-93.20460168606488,58.870856373974775,110.24008121215792,-91.56351461564778,57.467504501180564,108.10361364155756,0,1,-45.78175730782389,28.733752250590282,45.78175730782389,-28.733752250590282,0,0,110.24008121215792,1257.961998235626,602.5159332762748,1063.0646004719088,680.9325298131496,12,12,1.2220700002898484,0.11329840617136687,-45.92797704832126,-0.09110572242963451,1.154175717703514,176.06202441529376,4.4479445192064256e-05,5.2225278217989244e-05,1.0,1.0,0.0,703.7817573078239,0.0,1.0,213.26624774940973,0.0,0.0,1.0
frame_1238.jpg,frame_1238,1238,D:\visualization2026\visualization\left_downsample2_Q44\frame_1238.jpg,D:\visualization2026\visualization\right_downsample2_Q44\frame_1238.jpg,D:\visualization2026\dowsample2_Q44\stitched_frames\frame_1238.jpg,D:\visualization2026\dowsample2_Q44_hess_matched\stitched_frames\frame_1238.jpg,2227,1453,-0.005678304418006652,-0.007014519781756157,101.43910543962964,-19.11625391735215,188.51106316898927,-78.04755110077849,-87.07195772935962,58.93129718342634,105.1400190724003,-85.42053611752365,53.160843203610355,100.61184443555345,0,1,-42.71026805876183,26.580421601805178,42.71026805876183,-26.580421601805178,0,0,105.1400190724003,1214.0711150038246,612.6098677600331,1025.5600518348353,690.6574188608116,12,12,1.1490438077542147,0.09996648813544345,-42.28146022717887,-0.11933373978990829,1.0974730932995513,217.68662963252646,1.250449482633458e-05,3.7534469787910176e-05,1.0,1.0,0.0,669.7102680587618,0.0,1.0,226.41957839819483,0.0,0.0,1.0
frame_1240.jpg,frame_1240,1240,D:\visualization2026\visualization\left_downsample2_Q44\frame_1240.jpg,D:\visualization2026\visualization\right_downsample2_Q44\frame_1240.jpg,D:\visualization2026\dowsample2_Q44\stitched_frames\frame_1240.jpg,D:\visualization2026\dowsample2_Q44_hess_matched\stitched_frames\frame_1240.jpg,2227,1453,-0.006219391187971435,-0.00686450332459132,103.15555179494228,-19.057875343448735,185.55262711051137,-77.49412555981655,-82.39707531556908,58.43625021636782,101.01521350722133,-78.36265010773599,47.59822838245271,91.68585647228029,0,1,-39.181325053867994,23.799114191226355,39.181325053867994,-23.799114191226355,0,0,101.01521350722133,1210.7411926867508,614.4411717472502,1025.1885655762394,691.9352973070668,12,12,1.1490879354037618,0.1000989451400439,-38.752517222285036,-0.11936851863403432,1.097368698400578,214.90532222194764,1.250449482633458e-05,3.7534469787910176e-05,1.0,1.0,0.0,666.181325053868,0.0,1.0,229.20088580877365,0.0,0.0,1.0
frame_1242.jpg,frame_1242,1242,D:\visualization2026\visualization\left_downsample2_Q44\frame_1242.jpg,D:\visualization2026\visualization\right_downsample2_Q44\frame_1242.jpg,D:\visualization2026\dowsample2_Q44\stitched_frames\frame_1242.jpg,D:\visualization2026\dowsample2_Q44_hess_matched\stitched_frames\frame_1242.jpg,2267,1437,-0.0070304116865465005,-0.007159835288621186,110.7810487555122,-20.165265326572175,176.85635602674756,-53.442119635363156,-66.07530727123536,33.27685430879098,73.98172249736194,-74.08493172338757,41.651737729846985,84.99084870958141,0,1,-37.042465861693785,20.825868864923493,37.042465861693785,-20.825868864923493,0,0,73.98172249736194,1235.959671970862,609.1082791174101,1059.1033159441145,662.5503987527733,12,12,1.2069924169585222,0.11093242486629318,-36.879348701134944,-0.09345231851438146,1.138778272104139,171.28819769343477,4.186705591823684e-05,4.570454464333089e-05,1.0,1.0,0.0,704.0424658616938,0.0,1.0,203.1741311350765,0.0,0.0,1.0
frame_1244.jpg,frame_1244,1244,D:\visualization2026\visualization\left_downsample2_Q44\frame_1244.jpg,D:\visualization2026\visualization\right_downsample2_Q44\frame_1244.jpg,D:\visualization2026\dowsample2_Q44\stitched_frames\frame_1244.jpg,D:\visualization2026\dowsample2_Q44_hess_matched\stitched_frames\frame_1244.jpg,2265,1398,-0.007970227608076419,-0.007772253088233927,122.24192659169326,-22.06914245106731,185.30623512814418,-50.54502628077091,-63.06430853645092,28.4758838297036,69.19525251824327,-70.50351159833104,35.56354502594994,78.96525110774212,0,1,-35.25175579916552,17.78177251297497,35.25175579916552,-17.78177251297497,0,0,69.19525251824327,1236.3258173735749,553.9859323167674,1051.0195822454307,604.5309585975383,12,12,1.2242940828005644,0.07948020330030459,-35.54900042183445,-0.06652160634525214,1.0772395074569552,126.5443855638422,7.32384909210075e-05,2.0884103331360855e-06,1.0,1.0,0.0,700.2517557991655,0.0,1.0,148.21822748702502,0.0,0.0,1.0
frame_1246.jpg,frame_1246,1246,D:\visualization2026\visualization\left_downsample2_Q44\frame_1246.jpg,D:\visualization2026\visualization\right_downsample2_Q44\frame_1246.jpg,D:\visualization2026\dowsample2_Q44\stitched_frames\frame_1246.jpg,D:\visualization2026\dowsample2_Q44_hess_matched\stitched_frames\frame_1246.jpg,2279,1442,-0.008512948031914713,-0.00826959859234977,130.25600424226405,-23.498644702890672,202.07201400658687,-52.63704781383683,-71.81600976432281,29.138403110946157,77.50216638472313,-69.80243262154855,29.73470447438106,75.87181459583395,0,1,-34.901216310774274,14.86735223719053,34.901216310774274,-14.86735223719053,0,0,77.50216638472313,1270.1198706215166,604.7684091952787,1068.0478566149297,657.4054570091155,12,12,1.2523972681318893,0.12528968787038475,-34.406551974297216,-0.0833158958504744,1.1708318834233917,149.6874235523773,6.08044930875282e-05,5.578950258599007e-05,1.0,1.0,0.0,713.9012163107743,0.0,1.0,203.13264776280948,0.0,0.0,1.0
frame_1248.jpg,frame_1248,1248,D:\visualization2026\visualization\left_downsample2_Q44\frame_1248.jpg,D:\visualization2026\visualization\right_downsample2_Q44\frame_1248.jpg,D:\visualization2026\dowsample2_Q44\stitched_frames\frame_1248.jpg,D:\visualization2026\dowsample2_Q44_hess_matched\stitched_frames\frame_1248.jpg,2273,1441,-0.008139416073599914,-0.008297672550298674,128.33783886889944,-23.365546839656695,197.50269597297643,-51.85588050359786,-69.16485710407699,28.490333663941165,74.80291819514856,-73.66749148682057,29.542030590485023,79.37021401867285,0,1,-36.83374574341028,14.771015295242512,36.83374574341028,-14.771015295242512,0,0,74.80291819514856,1264.4237924172623,602.3769652568968,1066.921096444286,654.2328457604947,12,12,1.246501309680349,0.11902390369285908,-37.12504824866321,-0.08246723456890484,1.163323963929874,148.30033784286618,6.0675349427060885e-05,5.085453736702765e-05,1.0,1.0,0.0,709.8337457434103,0.0,1.0,201.2289847047575,0.0,0.0,1.0
frame_1250.jpg,frame_1250,1250,D:\visualization2026\visualization\left_downsample2_Q44\frame_1250.jpg,D:\visualization2026\visualization\right_downsample2_Q44\frame_1250.jpg,D:\visualization2026\dowsample2_Q44\stitched_frames\frame_1250.jpg,D:\visualization2026\dowsample2_Q44_hess_matched\stitched_frames\frame_1250.jpg,2241,1452,-0.007097397839678554,-0.008038585089547245,119.70953834981145,-22.219222511233724,198.6012187814681,-51.51126996975711,-78.89168043165665,29.292047458523385,84.15415192159578,-77.4855995959096,29.63777940042306,82.9603285463948,0,1,-38.7427997979548,14.81888970021153,38.7427997979548,-14.81888970021153,0,0,84.15415192159578,1227.5762173176822,628.7361098534175,1028.9749985362141,680.2473798231746,12,12,1.1612479693673363,0.11699216933449307,-38.68217369229373,-0.12153251181738522,1.1209249946708146,209.67866543914047,1.6367514195654382e-05,5.0110350844805193e-05,1.0,1.0,0.0,679.7427997979548,0.0,1.0,228.18111029978846,0.0,0.0,1.0
frame_1252.jpg,frame_1252,1252,D:\visualization2026\visualization\left_downsample2_Q44\frame_1252.jpg,D:\visualization2026\visualization\right_downsample2_Q44\frame_1252.jpg,D:\visualization2026\dowsample2_Q44\stitched_frames\frame_1252.jpg,D:\visualization2026\dowsample2_Q44_hess_matched\stitched_frames\frame_1252.jpg,2281,1454,-0.006244148309737962,-0.007909875088400797,113.45481413442225,-21.472232306202237,198.85541573201772,-53.78571719551303,-85.40060159759547,32.31348488931079,91.30949599533963,-80.0803251705419,29.005016508160285,85.1712948243619,0,1,-40.04016258527095,14.502508254080142,40.04016258527095,-14.502508254080142,0,0,91.30949599533963,1261.8555345250802,620.1526886015884,1063.0001187930625,673.9384057971014,12,12,1.240859966620698,0.14014691530915369,-39.856066787311036,-0.09355552162656947,1.1865046052577821,164.99346014994214,4.9595945059099244e-05,6.807103255044035e-05,1.0,1.0,0.0,721.040162585271,0.0,1.0,221.49749174591986,0.0,0.0,1.0
frame_1254.jpg,frame_1254,1254,D:\visualization2026\visualization\left_downsample2_Q44\frame_1254.jpg,D:\visualization2026\visualization\right_downsample2_Q44\frame_1254.jpg,D:\visualization2026\dowsample2_Q44\stitched_frames\frame_1254.jpg,D:\visualization2026\dowsample2_Q44_hess_matched\stitched_frames\frame_1254.jpg,2262,1448,-0.006015006998543071,-0.008207127490185262,114.99815850362741,-22.033825671383397,197.15300758552348,-50.988453550777194,-82.15484908189607,28.954627879393797,87.1079198655512,-83.74260943046632,26.517311060893107,87.84072187843057,0,1,-41.87130471523316,13.258655530446553,41.87130471523316,-13.258655530446553,0,0,87.1079198655512,1230.8399794379156,616.4884751378969,1033.6869718523922,667.4769286886741,12,12,1.211067018451844,0.12463803262326893,-41.99422229128519,-0.09961296110252849,1.154486371609863,173.37616481269313,4.155438249714642e-05,5.572904059137452e-05,1.0,1.0,0.0,703.8713047152331,0.0,1.0,217.74134446955344,0.0,0.0,1.0
frame_1256.jpg,frame_1256,1256,D:\visualization2026\visualization\left_downsample2_Q44\frame_1256.jpg,D:\visualization2026\visualization\right_downsample2_Q44\frame_1256.jpg,D:\visualization2026\dowsample2_Q44\stitched_frames\frame_1256.jpg,D:\visualization2026\dowsample2_Q44_hess_matched\stitched_frames\frame_1256.jpg,2239,1449,-0.00576323140819901,-0.008674575901765347,118.0619196372674,-22.97439345992852,202.8515572747517,-48.9489821095608,-84.78963763748432,25.97458864963228,88.67898232508932,-80.79912732259186,22.268996824569157,83.81173662241513,0,1,-40.39956366129593,11.134498412284579,40.39956366129593,-11.134498412284579,0,0,88.67898232508932,1214.004710427905,621.1129926168435,1011.1531531531532,670.0619747264043,12,12,1.1872677475085762,0.12341415271270903,-40.41670799453891,-0.10982934130502213,1.1379503096528911,187.90171149305587,3.2739310847807644e-05,5.324244933362989e-05,1.0,1.0,0.0,679.3995636612959,0.0,1.0,221.8655015877154,0.0,0.0,1.0
frame_1258.jpg,frame_1258,1258,D:\visualization2026\visualization\left_downsample2_Q44\frame_1258.jpg,D:\visualization2026\visualization\right_downsample2_Q44\frame_1258.jpg,D:\visualization2026\dowsample2_Q44\stitched_frames\frame_1258.jpg,D:\visualization2026\dowsample2_Q44_hess_matched\stitched_frames\frame_1258.jpg,2210,1446,-0.005570161968105669,-0.009000639536653865,120.09668788075489,-23.621248110065448,207.57296628445397,-39.67305453767074,-87.47627840369908,16.05180642760529,88.93683023894421,-75.75318491805179,17.54418534311083,77.75823727800145,0,1,-37.87659245902589,8.772092671555415,37.87659245902589,-8.772092671555415,0,0,88.93683023894421,1185.8629840769565,635.0015267249834,978.2900177925026,674.6745812626541,12,12,1.1280531764715362,0.10750823273897465,-37.36004095194367,-0.12872815499892018,1.0918223971361878,215.17374970318306,7.378386916035399e-06,4.0274189265314935e-05,1.0,1.0,0.0,647.8765924590259,0.0,1.0,230.2279073284446,0.0,0.0,1.0
frame_1260.jpg,frame_1260,1260,D:\visualization2026\visualization\left_downsample2_Q44\frame_1260.jpg,D:\visualization2026\visualization\right_downsample2_Q44\frame_1260.jpg,D:\visualization2026\dowsample2_Q44\stitched_frames\frame_1260.jpg,D:\visualization2026\dowsample2_Q44_hess_matched\stitched_frames\frame_1260.jpg,2271,1458,-0.0055910373039489425,-0.008940766069155281,119.63755529784554,-23.494758623692725,183.81182519012987,-31.54523490059637,-64.17426989228433,8.050476276903645,64.67725322315984,-73.66624984043342,13.178734098909082,74.83578955287976,0,1,-36.83312492021671,6.589367049454541,36.83312492021671,-6.589367049454541,0,0,64.67725322315984,1221.8523102980307,631.1854588750411,1038.0404851079008,662.7306937756375,11,12,1.2087878102308929,0.1289650921424626,-36.35464781790311,-0.10617313911381594,1.1598998332384154,176.828587891138,3.933389663696195e-05,5.935856838286054e-05,1.0,1.0,0.0,707.8331249202167,0.0,1.0,219.41063295054545,0.0,0.0,1.0
frame_1262.jpg,frame_1262,1262,D:\visualization2026\visualization\left_downsample2_Q44\frame_1262.jpg,D:\visualization2026\visualization\right_downsample2_Q44\frame_1262.jpg,D:\visualization2026\dowsample2_Q44\stitched_frames\frame_1262.jpg,D:\visualization2026\dowsample2_Q44_hess_matched\stitched_frames\frame_1262.jpg,2253,1448,-0.005826167893826617,-0.008647279832950217,118.16592159286652,-22.94498440520148,178.33681116776165,-31.634411887220608,-60.17088957489513,8.689427482019127,60.79508287846553,-71.19443868328646,10.73261415022596,71.99886878226536,0,1,-35.59721934164323,5.36630707511298,35.59721934164323,-5.36630707511298,0,0,60.79508287846553,1204.392511625653,625.3010196319354,1026.0557004578914,656.935431519156,12,12,1.1823694978295307,0.11301337540517781,-35.21005525152665,-0.11133456227662092,1.1260463729583614,183.58901973464,3.1996868016156975e-05,4.674968938105778e-05,1.0,1.0,0.0,688.5972193416433,0.0,1.0,212.63369292488701,0.0,0.0,1.0
frame_1264.jpg,frame_1264,1264,D:\visualization2026\visualization\left_downsample2_Q44\frame_1264.jpg,D:\visualization2026\visualization\right_downsample2_Q44\frame_1264.jpg,D:\visualization2026\dowsample2_Q44\stitched_frames\frame_1264.jpg,D:\visualization2026\dowsample2_Q44_hess_matched\stitched_frames\frame_1264.jpg,2257,1447,-0.00607135975261508,-0.008309427385495227,116.32235544239512,-22.298621246997087,188.0425291361994,-29.425992905382145,-71.72017369380427,7.127371658385059,72.07345379143561,-72.82102553109634,9.256773073713914,73.40701333754711,0,1,-36.41051276554817,4.628386536856957,36.41051276554817,-4.628386536856957,0,0,72.07345379143561,1206.938607213192,625.6905201375722,1018.8960780769926,655.1165130429544,12,12,1.2019056405394288,0.12250974811975229,-35.97335414040601,-0.10420391578407666,1.1422739230093057,171.81063838433994,4.118189310349382e-05,5.199735286084373e-05,1.0,1.0,0.0,693.4105127655482,0.0,1.0,211.37161346314304,0.0,0.0,1.0
frame_1266.jpg,frame_1266,1266,D:\visualization2026\visualization\left_downsample2_Q44\frame_1266.jpg,D:\visualization2026\visualization\right_downsample2_Q44\frame_1266.jpg,D:\visualization2026\dowsample2_Q44\stitched_frames\frame_1266.jpg,D:\visualization2026\dowsample2_Q44_hess_matched\stitched_frames\frame_1266.jpg,2341,1436,-0.006178281186038137,-0.008035103414324007,114.2848729765461,-21.7250455261797,186.7154548282956,-35.46903443239637,-72.43058185174951,13.743988906216671,73.72303858657206,-78.86889040879932,9.059987004878847,79.38756350237593,0,1,-39.43444520439966,4.529993502439424,39.43444520439966,-4.529993502439424,0,0,73.72303858657206,1293.085978492143,578.0363341717665,1106.3705236638475,613.5053686041629,12,12,1.3681972726100395,0.1356890101728457,-39.287395623228186,-0.04051869228866385,1.2068302124512487,70.00860119924249,0.00011626942082103634,4.508027071876502e-05,1.0,1.0,0.0,780.4344452043997,0.0,1.0,169.47000649756058,0.0,0.0,1.0
frame_1268.jpg,frame_1268,1268,D:\visualization2026\visualization\left_downsample2_Q44\frame_1268.jpg,D:\visualization2026\visualization\right_downsample2_Q44\frame_1268.jpg,D:\visualization2026\dowsample2_Q44\stitched_frames\frame_1268.jpg,D:\visualization2026\dowsample2_Q44_hess_matched\stitched_frames\frame_1268.jpg,2225,1440,-0.006242869839946152,-0.007749004847395158,111.88472758041408,-21.10203057350194,207.49394022316255,-29.774631618547005,-95.60921264274847,8.672601045045067,96.00174764582576,-84.28981415629856,7.913290317444235,84.66045673247639,0,1,-42.14490707814928,3.9566451587221176,42.14490707814928,-3.9566451587221176,0,0,96.00174764582576,1195.1385755231377,596.272231712297,987.6446352999751,626.046863330844,12,12,1.2503811703609085,0.0690265145439026,-42.21062959228396,-0.07194924981497479,1.1590706909298754,119.17140888863122,7.472681782800233e-05,3.8208408452448104e-05,1.0,1.0,0.0,667.1449070781492,0.0,1.0,185.04335484127787,0.0,0.0,1.0
frame_1270.jpg,frame_1270,1270,D:\visualization2026\visualization\left_downsample2_Q44\frame_1270.jpg,D:\visualization2026\visualization\right_downsample2_Q44\frame_1270.jpg,D:\visualization2026\dowsample2_Q44\stitched_frames\frame_1270.jpg,D:\visualization2026\dowsample2_Q44_hess_matched\stitched_frames\frame_1270.jpg,2237,1441,-0.006265007593277971,-0.007578898801483991,110.36227241933523,-20.72300015664737,204.77586670013443,-27.789546089375676,-94.4135942807992,7.066545932728307,94.6776787655819,-87.37930516476384,6.986146026244456,87.65813828377223,0,1,-43.68965258238192,3.493073013122228,43.68965258238192,-3.493073013122228,0,0,94.6776787655819,1198.7281871454663,617.7089109808729,993.9523204453319,645.4984570702486,12,12,1.1714680274944478,0.11922527502591437,-43.52823919704944,-0.11209803333651559,1.1218137741690395,183.02348625411136,3.127389881626704e-05,4.866527205746938e-05,1.0,1.0,0.0,680.6896525823819,0.0,1.0,205.50692698687777,0.0,0.0,1.0
frame_1272.jpg,frame_1272,1272,D:\visualization2026\visualization\left_downsample2_Q44\frame_1272.jpg,D:\visualization2026\visualization\right_downsample2_Q44\frame_1272.jpg,D:\visualization2026\dowsample2_Q44\stitched_frames\frame_1272.jpg,D:\visualization2026\dowsample2_Q44_hess_matched\stitched_frames\frame_1272.jpg,2236,1435,-0.006234775574938234,-0.007651890660246852,110.8939491924057,-20.87467377352484,198.16945750479704,-23.83061781837091,-87.27550831239134,2.9559440448460705,87.3255515664376,-91.03587202057301,4.576233696604431,91.15081957608547,0,1,-45.517936010286505,2.2881168483022156,45.517936010286505,-2.2881168483022156,0,0,87.3255515664376,1197.4143705643605,611.0788654718006,999.2449130595635,634.9094832901715,12,12,1.173963296879859,0.1148939071518317,-45.55866628223002,-0.10762578725477341,1.1152551303770113,174.3066892257126,3.513000910225445e-05,4.388715225477575e-05,1.0,1.0,0.0,681.5179360102865,0.0,1.0,198.71188315169778,0.0,0.0,1.0
frame_1274.jpg,frame_1274,1274,D:\visualization2026\visualization\left_downsample2_Q44\frame_1274.jpg,D:\visualization2026\visualization\right_downsample2_Q44\frame_1274.jpg,D:\visualization2026\dowsample2_Q44\stitched_frames\frame_1274.jpg,D:\visualization2026\dowsample2_Q44_hess_matched\stitched_frames\frame_1274.jpg,2241,1441,-0.006179659384876746,-0.00785496638284,112.54322347527932,-21.311992475820936,199.71085221140993,-23.803642678207098,-87.16762873613061,2.491650202386161,87.20323285412618,-85.02919505647867,2.9779610173717304,85.0813273507982,0,1,-42.514597528239335,1.4889805086858652,42.514597528239335,-1.4889805086858652,0,0,87.20323285412618,1198.8786167357705,606.0034904296203,999.1677645243606,629.8071331078274,12,12,1.2066825152802774,0.11447770994035752,-41.87127587831816,-0.0969991871630396,1.136370931597509,156.89393341361975,5.1715189725844006e-05,4.523098613389229e-05,1.0,1.0,0.0,683.5145975282394,0.0,1.0,195.51101949131413,0.0,0.0,1.0
frame_1276.jpg,frame_1276,1276,D:\visualization2026\visualization\left_downsample2_Q44\frame_1276.jpg,D:\visualization2026\visualization\right_downsample2_Q44\frame_1276.jpg,D:\visualization2026\dowsample2_Q44\stitched_frames\frame_1276.jpg,D:\visualization2026\dowsample2_Q44_hess_matched\stitched_frames\frame_1276.jpg,2239,1445,-0.006059847364327298,-0.008032573137974008,113.56565185377451,-21.65658617464062,204.2790679845699,-23.35101343265717,-90.7134161307954,1.6944272580165496,90.7292397733584,-77.16605900245848,2.2727401940446774,77.19952078841247,0,1,-38.58302950122924,1.1363700970223387,38.58302950122924,-1.1363700970223387,0,0,90.7292397733584,1201.94876110242,612.6248354868998,997.66969311785,635.9758489195569,12,12,1.2069631474902218,0.12519678538865067,-38.235963565534796,-0.10028643737961022,1.1493497037184404,161.3939172150737,4.8752986563648534e-05,5.461314310736187e-05,1.0,1.0,0.0,677.5830295012292,0.0,1.0,202.86362990297766,0.0,0.0,1.0
frame_1278.jpg,frame_1278,1278,D:\visualization2026\visualization\left_downsample2_Q44\frame_1278.jpg,D:\visualization2026\visualization\right_downsample2_Q44\frame_1278.jpg,D:\visualization2026\dowsample2_Q44\stitched_frames\frame_1278.jpg,D:\visualization2026\dowsample2_Q44_hess_matched\stitched_frames\frame_1278.jpg,2259,1445,-0.005833497592057757,-0.008098243892094126,112.8759370501952,-21.68770372525063,178.45176487247193,-22.36894137413219,-65.57582782227672,0.681237648881563,65.57936626189014,-69.81487926964708,1.8614831280593975,69.83969134289933,0,1,-34.90743963482354,0.9307415640296988,34.90743963482354,-0.9307415640296988,0,0,65.57936626189014,1183.820420689229,618.1271406029624,1005.368655816757,640.4960819770946,12,12,1.1890456748129266,0.12419529777389633,-34.71120376696778,-0.107946240978867,1.138116651143151,174.10131121059595,3.876386758735633e-05,5.432089478950077e-05,1.0,1.0,0.0,693.9074396348235,0.0,1.0,208.0692584359703,0.0,0.0,1.0
frame_1280.jpg,frame_1280,1280,D:\visualization2026\visualization\left_downsample2_Q44\frame_1280.jpg,D:\visualization2026\visualization\right_downsample2_Q44\frame_1280.jpg,D:\visualization2026\dowsample2_Q44\stitched_frames\frame_1280.jpg,D:\visualization2026\dowsample2_Q44_hess_matched\stitched_frames\frame_1280.jpg,2255,1441,-0.005582316569546997,-0.008286071498199044,113.22713235996979,-21.98628568709905,168.32504637066813,-25.52672750319209,-55.09791401069835,3.5404418160930433,55.21154640637635,-62.889162663990426,1.3496920278072155,62.90364416429126,0,1,-31.444581331995213,0.6748460139036078,31.444581331995213,-0.6748460139036078,0,0,55.21154640637635,1180.4097992246518,611.0070720306074,1012.0847528539837,636.5337995337995,12,12,1.1928144081373584,0.11536796635869753,-31.629807513844074,-0.10220604102237271,1.133320236498358,164.20513954146446,4.419181622562521e-05,4.774035976025721e-05,1.0,1.0,0.0,686.4445813319952,0.0,1.0,201.32515398609638,0.0,0.0,1.0
frame_1282.jpg,frame_1282,1282,D:\visualization2026\visualization\left_downsample2_Q44\frame_1282.jpg,D:\visualization2026\visualization\right_downsample2_Q44\frame_1282.jpg,D:\visualization2026\dowsample2_Q44\stitched_frames\frame_1282.jpg,D:\visualization2026\dowsample2_Q44_hess_matched\stitched_frames\frame_1282.jpg,2253,1437,-0.005409579297125489,-0.008499951662108596,114.29147713918488,-22.38620533488375,164.81108678751912,-23.285864049803422,-50.51960964833424,0.8996587149196706,50.52761962356229,-57.17168591285243,1.5466209151335688,57.19260185000309,0,1,-28.585842956426216,0.7733104575667844,28.585842956426216,-0.7733104575667844,0,0,50.52761962356229,1170.3801449510856,608.7667488819945,1005.5690581635665,632.052612931798,12,12,1.1914542982941871,0.11321249592068666,-28.9230289866238,-0.10282173830586866,1.127568300603721,164.77719332339007,4.413428955362057e-05,4.633637174012026e-05,1.0,1.0,0.0,681.5858429564262,0.0,1.0,197.2266895424332,0.0,0.0,1.0
frame_1284.jpg,frame_1284,1284,D:\visualization2026\visualization\left_downsample2_Q44\frame_1284.jpg,D:\visualization2026\visualization\right_downsample2_Q44\frame_1284.jpg,D:\visualization2026\dowsample2_Q44\stitched_frames\frame_1284.jpg,D:\visualization2026\dowsample2_Q44_hess_matched\stitched_frames\frame_1284.jpg,2245,1438,-0.0054076537816014625,-0.008567481004469246,114.936119255729,-22.540304445261974,167.4751649635764,-22.472999146387224,-52.53904570784739,-0.06730529887475001,52.539088818655145,-62.84849539237093,2.0300818203641082,62.88127388406061,0,1,-31.424247696185464,1.0150409101820541,31.424247696185464,-1.0150409101820541,0,0,52.539088818655145,1152.907174590532,615.3467246516758,985.4320096269555,637.819723798063,12,12,1.1650233878773697,0.11407410831108862,-31.074944802439152,-0.1127550432072712,1.1122895160510158,181.61291366934296,3.1842753718491975e-05,4.482624820378746e-05,1.0,1.0,0.0,676.4242476961855,0.0,1.0,202.98495908981795,0.0,0.0,1.0
frame_1286.jpg,frame_1286,1286,D:\visualization2026\visualization\left_downsample2_Q44\frame_1286.jpg,D:\visualization2026\visualization\right_downsample2_Q44\frame_1286.jpg,D:\visualization2026\dowsample2_Q44\stitched_frames\frame_1286.jpg,D:\visualization2026\dowsample2_Q44_hess_matched\stitched_frames\frame_1286.jpg,2252,1443,-0.005619566133067577,-0.008445447603928624,114.99368523175929,-22.372082736822787,177.1197176068647,-25.051154431471105,-62.12603237510541,2.679071694648318,62.18377058218415,-68.87790117225506,2.3796227303773216,68.91899501758469,0,1,-34.43895058612753,1.1898113651886608,34.43895058612753,-1.1898113651886608,0,0,62.18377058218415,1169.3706710774977,617.1904110206206,992.250953470633,642.2415654520917,8,12,1.174349327655994,0.12077648877673898,-34.26016329974237,-0.11090898546883715,1.1276370925065178,178.81438232802375,3.3017468732321484e-05,5.0774697030643076e-05,1.0,1.0,0.0,686.4389505861275,0.0,1.0,208.81018863481134,0.0,0.0,1.0
frame_1288.jpg,frame_1288,1288,D:\visualization2026\visualization\left_downsample2_Q44\frame_1288.jpg,D:\visualization2026\visualization\right_downsample2_Q44\frame_1288.jpg,D:\visualization2026\dowsample2_Q44\stitched_frames\frame_1288.jpg,D:\visualization2026\dowsample2_Q44_hess_matched\stitched_frames\frame_1288.jpg,2244,1439,-0.005938093427209412,-0.008285579702657198,115.30907470894796,-22.173349090636854,209.26894992881716,-25.271891265671115,-93.9598752198692,3.098542175034261,94.01095210103904,-74.41951045418111,3.3024674582905567,74.49275016773807,0,1,-37.209755227090554,1.6512337291452783,37.209755227090554,-1.6512337291452783,0,0,94.01095210103904,1182.4698381687635,601.6822974548983,973.2008882399464,626.9541887205694,12,12,1.2107557104613973,0.1254846486133003,-37.20431295574086,-0.09502403196078868,1.1472803792431558,153.82607045399806,5.513051997599992e-05,5.198762409960382e-05,1.0,1.0,0.0,681.2097552270906,0.0,1.0,193.34876627085472,0.0,0.0,1.0
frame_1290.jpg,frame_1290,1290,D:\visualization2026\visualization\left_downsample2_Q44\frame_1290.jpg,D:\visualization2026\visualization\right_downsample2_Q44\frame_1290.jpg,D:\visualization2026\dowsample2_Q44\stitched_frames\frame_1290.jpg,D:\visualization2026\dowsample2_Q44_hess_matched\stitched_frames\frame_1290.jpg,2234,1446,-0.00624125611831039,-0.008225817026019211,116.5067034831666,-22.196433886909208,201.75164639328568,-27.484580253068316,-85.24494291011908,5.288146366159108,85.40880975484545,-79.10925411499451,3.5961422654765163,79.19094850943713,0,1,-39.55462705749726,1.7980711327382581,39.55462705749726,-1.7980711327382581,0,0,85.40880975484545,1173.545753407024,613.3729155290478,971.7941070137383,640.8574957821161,12,12,1.1863850937970242,0.12742126015018215,-39.72846965546721,-0.10778034229785409,1.1426590231204448,174.2242558247689,4.0676362938038206e-05,5.599540409177018e-05,1.0,1.0,0.0,673.5546270574972,0.0,1.0,206.20192886726173,0.0,0.0,1.0
frame_1292.jpg,frame_1292,1292,D:\visualization2026\visualization\left_downsample2_Q44\frame_1292.jpg,D:\visualization2026\visualization\right_downsample2_Q44\frame_1292.jpg,D:\visualization2026\dowsample2_Q44\stitched_frames\frame_1292.jpg,D:\visualization2026\dowsample2_Q44_hess_matched\stitched_frames\frame_1292.jpg,2224,1445,-0.006484573872988175,-0.008003697836716839,115.77630221272855,-21.814923383577504,194.00395827069303,-27.328805738063352,-78.22765605796448,5.5138823544858475,78.4217385100732,-83.33831702401687,2.2586680841083413,83.36891906405954,0,1,-41.66915851200844,1.1293340420541707,41.66915851200844,-1.1293340420541707,0,0,78.4217385100732,1151.3493246500034,614.1350352581052,957.3453663793103,641.4638409961685,12,12,1.1690201314986424,0.12340882819680278,-41.55337513259752,-0.11043392043143743,1.1328551110058256,177.8046123963625,3.611122188190337e-05,5.223338964233493e-05,1.0,1.0,0.0,665.6691585120084,0.0,1.0,207.87066595794582,0.0,0.0,1.0
frame_1294.jpg,frame_1294,1294,D:\visualization2026\visualization\left_downsample2_Q44\frame_1294.jpg,D:\visualization2026\visualization\right_downsample2_Q44\frame_1294.jpg,D:\visualization2026\dowsample2_Q44\stitched_frames\frame_1294.jpg,D:\visualization2026\dowsample2_Q44_hess_matched\stitched_frames\frame_1294.jpg,2217,1434,-0.006652487407625141,-0.007686523861460293,113.68033668067903,-21.175182078887964,189.66810069259338,-22.576250815943013,-75.98776401191435,1.4010687370550485,76.00067942549157,-77.0190075003715,1.7322710390263474,77.0384857022445,0,1,-38.50950375018575,0.8661355195131737,38.50950375018575,-0.8661355195131737,0,0,76.00067942549157,1139.6502560459874,604.6792308728836,949.982155353394,627.2554816888266,12,12,1.163942777634903,0.11042383225694014,-38.36282535128574,-0.109919816261597,1.1090654017652517,176.17875509666302,3.673545397240829e-05,4.189940928148151e-05,1.0,1.0,0.0,655.5095037501858,0.0,1.0,195.13386448048684,0.0,0.0,1.0
frame_1296.jpg,frame_1296,1296,D:\visualization2026\visualization\left_downsample2_Q44\frame_1296.jpg,D:\visualization2026\visualization\right_downsample2_Q44\frame_1296.jpg,D:\visualization2026\dowsample2_Q44\stitched_frames\frame_1296.jpg,D:\visualization2026\dowsample2_Q44_hess_matched\stitched_frames\frame_1296.jpg,2132,1412,-0.006710910345611998,-0.007490882908339769,112.12267376730388,-20.756690493565063,195.3940206875211,-16.748391281372506,-83.27134692021723,-4.008299212192558,83.36776163770762,-76.97128684323452,1.7898699657015626,76.99209461235361,0,1,-38.48564342161726,0.8949349828507813,38.48564342161726,-0.8949349828507813,0,0,83.36776163770762,1068.0584173422403,588.4120627210169,872.6643966547192,605.1604540023894,12,12,1.107336177638088,0.02187284250872971,-38.71695370535472,-0.11120921376418448,1.0437488503906815,178.99994129090913,2.6483626961532326e-05,1.1234579606679639e-05,1.0,1.0,0.0,570.4856434216173,0.0,1.0,176.10506501714923,0.0,0.0,1.0
frame_1298.jpg,frame_1298,1298,D:\visualization2026\visualization\left_downsample2_Q44\frame_1298.jpg,D:\visualization2026\visualization\right_downsample2_Q44\frame_1298.jpg,D:\visualization2026\dowsample2_Q44\stitched_frames\frame_1298.jpg,D:\visualization2026\dowsample2_Q44_hess_matched\stitched_frames\frame_1298.jpg,2252,1438,-0.00662789034873168,-0.0074967724638608235,111.6929482169562,-20.72630446862253,174.05627581859858,-21.19286141824682,-62.36332760164238,0.46655694962429095,62.36507279669458,-76.93345254862011,2.206037782938734,76.96507470113009,0,1,-38.466726274310055,1.103018891469367,38.466726274310055,-1.103018891469367,0,0,62.36507279669458,1155.1904443008063,602.8327377102935,981.1341684822078,624.0255991285403,12,12,1.2158621339082414,0.12499168233887639,-37.92955157039851,-0.09056201866365575,1.15900303657424,146.582041788785,5.7255057937850847e-05,5.704895958644967e-05,1.0,1.0,0.0,690.4667262743101,0.0,1.0,194.89698110853064,0.0,0.0,1.0
frame_1300.jpg,frame_1300,1300,D:\visualization2026\visualization\left_downsample2_Q44\frame_1300.jpg,D:\visualization2026\visualization\right_downsample2_Q44\frame_1300.jpg,D:\visualization2026\dowsample2_Q44\stitched_frames\frame_1300.jpg,D:\visualization2026\dowsample2_Q44_hess_matched\stitched_frames\frame_1300.jpg,2243,1437,-0.006507649811722138,-0.0075602547248038166,111.60433275384395,-20.80852290571825,196.61067237827808,-26.384663905253433,-85.00633962443413,5.576140999535184,85.18903171647942,-78.15102948218725,3.422159745754021,78.2259201700508,0,1,-39.07551474109363,1.7110798728770105,39.07551474109363,-1.7110798728770105,0,0,85.18903171647942,1163.5512004790533,599.528853536607,966.9405281007752,625.9135174418604,12,12,1.1948660611970037,0.12221801842221502,-38.90097339989171,-0.10033869499029084,1.1422181538844358,162.55521814668816,4.718421357021035e-05,5.4687173841918345e-05,1.0,1.0,0.0,682.0755147410937,0.0,1.0,196.288920127123,0.0,0.0,1.0
frame_1302.jpg,frame_1302,1302,D:\visualization2026\visualization\left_downsample2_Q44\frame_1302.jpg,D:\visualization2026\visualization\right_downsample2_Q44\frame_1302.jpg,D:\visualization2026\dowsample2_Q44\stitched_frames\frame_1302.jpg,D:\visualization2026\dowsample2_Q44_hess_matched\stitched_frames\frame_1302.jpg,2232,1441,-0.0064840540216205556,-0.007520458587836787,111.0793840310443,-20.704628246232133,189.1178686159367,-28.299349686903838,-78.03848458489239,7.594721440671705,78.40717358805816,-81.70550600703884,4.262855828121582,81.81663432137508,0,1,-40.85275300351942,2.131427914060791,40.85275300351942,-2.131427914060791,0,0,78.40717358805816,1145.3262094716868,605.610622028809,956.2083408557501,633.9099717157128,12,12,1.1710211157612576,0.12191744058500997,-40.38852521540003,-0.10627196759600141,1.136850194602981,172.57867735017464,3.820437619501443e-05,5.4030265506514035e-05,1.0,1.0,0.0,672.8527530035194,0.0,1.0,203.8685720859392,0.0,0.0,1.0
frame_1304.jpg,frame_1304,1304,D:\visualization2026\visualization\left_downsample2_Q44\frame_1304.jpg,D:\visualization2026\visualization\right_downsample2_Q44\frame_1304.jpg,D:\visualization2026\dowsample2_Q44\stitched_frames\frame_1304.jpg,D:\visualization2026\dowsample2_Q44_hess_matched\stitched_frames\frame_1304.jpg,2259,1461,-0.0065747172549588395,-0.0072948757591221325,109.41998268793789,-20.234412907306833,191.49563136768802,-27.716091458438314,-82.07564867975013,7.4816785511314805,82.41594275468934,-87.45190483377792,3.3587188067224627,87.51637933026468,0,1,-43.72595241688896,1.6793594033612314,43.72595241688896,-1.6793594033612314,0,0,82.41594275468934,1166.305778969164,632.7479306817831,974.810147601476,660.4640221402215,12,12,1.1837571176276747,0.16657966706588614,-43.30843825919976,-0.12004867248032654,1.185599992330308,193.68985009350232,2.7310732712656893e-05,8.786134896349371e-05,1.0,1.0,0.0,702.725952416889,0.0,1.0,231.32064059663878,0.0,0.0,1.0
frame_1306.jpg,frame_1306,1306,D:\visualization2026\visualization\left_downsample2_Q44\frame_1306.jpg,D:\visualization2026\visualization\right_downsample2_Q44\frame_1306.jpg,D:\visualization2026\dowsample2_Q44\stitched_frames\frame_1306.jpg,D:\visualization2026\dowsample2_Q44_hess_matched\stitched_frames\frame_1306.jpg,2210,1448,-0.006684843955997888,-0.007043778232028619,107.62690635438983,-19.715884741128686,208.67063589886493,-19.911065940773938,-101.0437295444751,0.19518119964525127,101.04391805525815,-85.47941511440116,1.3502731240177934,85.4900792244899,0,1,-42.73970755720058,0.6751365620088967,42.73970755720058,-0.6751365620088967,0,0,101.04391805525815,1124.73355753054,616.8258358939149,916.0629216316752,636.7369018346889,12,12,1.156250026486932,0.12917990927884393,-42.86500369027346,-0.11709768403156336,1.1393290391839725,188.21654031245413,2.7896742896334698e-05,6.154844478895118e-05,1.0,1.0,0.0,652.7397075572006,0.0,1.0,209.3248634379911,0.0,0.0,1.0
frame_1308.jpg,frame_1308,1308,D:\visualization2026\visualization\left_downsample2_Q44\frame_1308.jpg,D:\visualization2026\visualization\right_downsample2_Q44\frame_1308.jpg,D:\visualization2026\dowsample2_Q44\stitched_frames\frame_1308.jpg,D:\visualization2026\dowsample2_Q44_hess_matched\stitched_frames\frame_1308.jpg,2211,1443,-0.006730638973787784,-0.006971376107790639,107.1922387194733,-19.573798031670748,198.2875604548111,-15.519669874299439,-91.09532173533782,-4.054128157371309,91.18549005834811,-82.9109822037159,-2.3114264402211995,82.94319539403729,0,1,-41.45549110185795,-1.1557132201105997,41.45549110185795,1.1557132201105997,0,0,91.18549005834811,1125.1383134765938,610.2222343335733,926.8507530217827,625.7419042078727,12,12,1.1613917069097277,0.1246269837429172,-41.31291271237371,-0.11493491957484658,1.131689232458716,182.82147879587538,3.2557910624639e-05,5.712265929040255e-05,1.0,1.0,0.0,652.455491101858,0.0,1.0,203.1557132201106,0.0,0.0,1.0
frame_1310.jpg,frame_1310,1310,D:\visualization2026\visualization\left_downsample2_Q44\frame_1310.jpg,D:\visualization2026\visualization\right_downsample2_Q44\frame_1310.jpg,D:\visualization2026\dowsample2_Q44\stitched_frames\frame_1310.jpg,D:\visualization2026\dowsample2_Q44_hess_matched\stitched_frames\frame_1310.jpg,2210,1438,-0.006674132790989051,-0.007067694994744578,107.79639446739507,-19.76515669662436,182.94028549494544,-15.299069282636196,-75.14389102755037,-4.466087413988163,75.27649231698929,-83.74377826949706,-3.68310161133307,83.82473165080872,0,1,-41.87188913474853,-1.841550805666535,41.87188913474853,1.841550805666535,0,0,75.27649231698929,1103.306667472913,611.0156973964082,920.3663819779675,626.3147666790444,12,12,1.133693078630338,0.11108865713696436,-41.396273618148086,-0.11843670332429306,1.111844220852945,187.67023698688863,2.1814789739462104e-05,5.008440249617155e-05,1.0,1.0,0.0,651.8718891347485,0.0,1.0,205.84155080566654,0.0,0.0,1.0
frame_1312.jpg,frame_1312,1312,D:\visualization2026\visualization\left_downsample2_Q44\frame_1312.jpg,D:\visualization2026\visualization\right_downsample2_Q44\frame_1312.jpg,D:\visualization2026\dowsample2_Q44\stitched_frames\frame_1312.jpg,D:\visualization2026\dowsample2_Q44_hess_matched\stitched_frames\frame_1312.jpg,2210,1424,-0.006580318604626378,-0.0072144652358006045,108.67178090488868,-20.052669584991747,173.86810093635472,-9.33889320446849,-65.19632003146604,-10.713776380523257,66.07075866052394,-80.9810662925227,-4.242248883960728,81.09210672727292,0,1,-40.49053314626135,-2.121124441980364,40.49053314626135,2.121124441980364,0,0,66.07075866052394,1090.7064401047105,591.3460770062064,916.8383391683558,600.6849702106749,12,12,1.152977234574903,0.09938684597240835,-40.693102216443116,-0.1015368922629244,1.1051902400144422,160.35901117903413,4.052545506053976e-05,3.8111051121123795e-05,1.0,1.0,0.0,650.4905331462613,0.0,1.0,184.12112444198036,0.0,0.0,1.0
frame_1314.jpg,frame_1314,1314,D:\visualization2026\visualization\left_downsample2_Q44\frame_1314.jpg,D:\visualization2026\visualization\right_downsample2_Q44\frame_1314.jpg,D:\visualization2026\dowsample2_Q44\stitched_frames\frame_1314.jpg,D:\visualization2026\dowsample2_Q44_hess_matched\stitched_frames\frame_1314.jpg,2212,1436,-0.00652261954840283,-0.007383884986968292,109.97899400572672,-20.41131291314759,196.21862301438262,-21.03461560871972,-86.2396290086559,0.6233026955721286,86.24188146023317,-76.07373342898595,-3.4766386928435753,76.1531347642695,0,1,-38.03686671449297,-1.7383193464217876,38.03686671449297,1.7383193464217876,0,0,86.24188146023317,1116.3903948983323,600.649670283448,920.1717718839496,621.6842858921677,12,12,1.1369161667008183,0.11343420006570822,-37.96023962042368,-0.11677556186024435,1.1151690064106676,184.6514796130865,2.2823284005518472e-05,5.155649381808096e-05,1.0,1.0,0.0,650.0368667144929,0.0,1.0,204.73831934642178,0.0,0.0,1.0
frame_1316.jpg,frame_1316,1316,D:\visualization2026\visualization\left_downsample2_Q44\frame_1316.jpg,D:\visualization2026\visualization\right_downsample2_Q44\frame_1316.jpg,D:\visualization2026\dowsample2_Q44\stitched_frames\frame_1316.jpg,D:\visualization2026\dowsample2_Q44_hess_matched\stitched_frames\frame_1316.jpg,2192,1434,-0.006526527894818002,-0.007614425393137281,112.24123572734436,-20.94294095056672,199.4714053869477,-18.34238578707368,-87.23016965960335,-2.6005551634930377,87.26892566086485,-71.38314971706856,-2.297464594266892,71.42011206299901,0,1,-35.69157485853428,-1.148732297133446,35.69157485853428,1.148732297133446,0,0,87.26892566086485,1086.8209255404986,601.0197383332078,887.3495201535509,619.3621241202815,12,12,1.1099578612580407,0.10021615545021517,-36.09910887636191,-0.12502999039980303,1.0896444611163756,198.44581902724133,1.4408904315064645e-05,4.248743845088117e-05,1.0,1.0,0.0,627.6915748585343,0.0,1.0,203.14873229713345,0.0,0.0,1.0
frame_1318.jpg,frame_1318,1318,D:\visualization2026\visualization\left_downsample2_Q44\frame_1318.jpg,D:\visualization2026\visualization\right_downsample2_Q44\frame_1318.jpg,D:\visualization2026\dowsample2_Q44\stitched_frames\frame_1318.jpg,D:\visualization2026\dowsample2_Q44_hess_matched\stitched_frames\frame_1318.jpg,2219,1426,-0.006577960649637782,-0.007860309301721324,114.93125658621489,-21.534952326927527,181.489914003869,-21.30887512514198,-66.5586574176541,-0.22607720178554658,66.55904137036387,-65.31523174334252,-0.6474925481588074,65.31844107360845,0,1,-32.65761587167126,-0.3237462740794037,32.65761587167126,0.3237462740794037,0,0,66.55904137036387,1107.5738694721074,585.1319893149366,926.0839554682384,606.4408644400786,12,12,1.1716712496410695,0.08911545562162476,-32.52204305431881,-0.09609839694268653,1.1285564934061807,153.62602969406106,4.3328502062278425e-05,4.819428577124797e-05,1.0,1.0,0.0,651.6576158716713,0.0,1.0,190.3237462740794,0.0,0.0,1.0
frame_1320.jpg,frame_1320,1320,D:\visualization2026\visualization\left_downsample2_Q44\frame_1320.jpg,D:\visualization2026\visualization\right_downsample2_Q44\frame_1320.jpg,D:\visualization2026\dowsample2_Q44\stitched_frames\frame_1320.jpg,D:\visualization2026\dowsample2_Q44_hess_matched\stitched_frames\frame_1320.jpg,2230,1428,-0.006678673218062814,-0.007988939391394001,116.77138905466782,-21.88369416281687,168.46236152263123,-23.31347724171212,-51.690972467963405,1.4297830788952517,51.71074273626754,-57.35891259424721,-2.69423783921767,57.422154013314085,0,1,-28.679456297123604,-1.347118919608835,28.679456297123604,1.347118919608835,0,0,51.71074273626754,1093.4859910765979,594.804874818213,925.0236295539667,618.1183520599251,12,12,1.1480133155585108,0.10520408743919513,-28.21429929234446,-0.10816101310672274,1.1212813774014478,171.7946773661454,2.9834843505802684e-05,5.268666601036064e-05,1.0,1.0,0.0,658.6794562971236,0.0,1.0,203.34711891960885,0.0,0.0,1.0
frame_1322.jpg,frame_1322,1322,D:\visualization2026\visualization\left_downsample2_Q44\frame_1322.jpg,D:\visualization2026\visualization\right_downsample2_Q44\frame_1322.jpg,D:\visualization2026\dowsample2_Q44\stitched_frames\frame_1322.jpg,D:\visualization2026\dowsample2_Q44_hess_matched\stitched_frames\frame_1322.jpg,2227,1425,-0.006877923273285735,-0.007809517144513611,116.19724991508606,-21.57695005034061,151.0539800779219,-19.113033900357777,-34.85673016283583,-2.4639161499828326,34.9437050187712,-54.2219224867147,-6.114527396760017,54.56559651869506,0,1,-27.11096124335735,-3.0572636983800083,27.11096124335735,3.0572636983800083,0,0,34.9437050187712,1091.241237265179,593.7162849289609,940.1872571872572,612.8293188293187,12,12,1.142850736953223,0.10172391008643131,-26.89285570555286,-0.10959105618832259,1.1126250947281426,171.92959176671204,2.7002453661450674e-05,5.0037450149059896e-05,1.0,1.0,0.0,654.1109612433573,0.0,1.0,203.05726369838,0.0,0.0,1.0
frame_1324.jpg,frame_1324,1324,D:\visualization2026\visualization\left_downsample2_Q44\frame_1324.jpg,D:\visualization2026\visualization\right_downsample2_Q44\frame_1324.jpg,D:\visualization2026\dowsample2_Q44\stitched_frames\frame_1324.jpg,D:\visualization2026\dowsample2_Q44_hess_matched\stitched_frames\frame_1324.jpg,2237,1438,-0.00712958696344812,-0.007434671710322749,114.03231704665119,-20.849035865676825,160.49035030983055,-11.238612105954644,-46.45803326317936,-9.610423759722181,47.44163887898596,-58.06462188488146,-8.123974814979164,58.63019086979566,0,1,-29.03231094244073,-4.061987407489582,29.03231094244073,4.061987407489582,0,0,47.44163887898596,1103.8227741388437,594.9932465310881,943.3324238290131,606.2318586370427,12,12,1.1748397502314794,0.11842655909459462,-29.03437226496156,-0.1016813518689089,1.146290536644989,158.13572368415396,4.1043572726229174e-05,5.8180475007103945e-05,1.0,1.0,0.0,666.0323109424407,0.0,1.0,198.0619874074896,0.0,0.0,1.0
frame_1326.jpg,frame_1326,1326,D:\visualization2026\visualization\left_downsample2_Q44\frame_1326.jpg,D:\visualization2026\visualization\right_downsample2_Q44\frame_1326.jpg,D:\visualization2026\dowsample2_Q44\stitched_frames\frame_1326.jpg,D:\visualization2026\dowsample2_Q44_hess_matched\stitched_frames\frame_1326.jpg,2186,1424,-0.00727382572150137,-0.007219697251501178,112.7901921639474,-20.431527895699187,184.3354112858882,-0.7295249444944147,-71.5452191219408,-19.702002951204772,74.2084045071433,-61.17008103941057,-11.403771025711656,62.2239890072544,0,1,-30.585040519705284,-5.701885512855828,30.585040519705284,5.701885512855828,0,0,74.2084045071433,1065.650639610169,579.8819549723567,881.3152283242808,580.6114799168511,12,12,1.1415735471932986,0.09592454859770534,-30.882346466423837,-0.10296620004848217,1.1038623684224989,158.26009198300835,3.974572199418811e-05,3.819593469803534e-05,1.0,1.0,0.0,616.5850405197053,0.0,1.0,174.70188551285582,0.0,0.0,1.0
frame_1328.jpg,frame_1328,1328,D:\visualization2026\visualization\left_downsample2_Q44\frame_1328.jpg,D:\visualization2026\visualization\right_downsample2_Q44\frame_1328.jpg,D:\visualization2026\dowsample2_Q44\stitched_frames\frame_1328.jpg,D:\visualization2026\dowsample2_Q44_hess_matched\stitched_frames\frame_1328.jpg,2193,1420,-0.00725857600545754,-0.0072460150377036125,112.95638251920269,-20.483914370335892,198.72853692769058,-10.210600077454615,-85.77215440848789,-10.273314292881278,86.38520393235063,-67.33451957404102,-14.143289901943067,68.80385291186329,0,1,-33.66725978702051,-7.071644950971534,33.66725978702051,7.071644950971534,0,0,86.38520393235063,1086.4548776216968,566.2165818363203,887.7263406940062,576.4271819137749,12,12,1.1513116504043575,0.09939454172328924,-33.32540281819435,-0.09866067718954678,1.1089283665716099,149.76563680520218,4.3955572299989105e-05,3.956567089722448e-05,1.0,1.0,0.0,626.6672597870205,0.0,1.0,172.07164495097155,0.0,0.0,1.0
frame_1330.jpg,frame_1330,1330,D:\visualization2026\visualization\left_downsample2_Q44\frame_1330.jpg,D:\visualization2026\visualization\right_downsample2_Q44\frame_1330.jpg,D:\visualization2026\dowsample2_Q44\stitched_frames\frame_1330.jpg,D:\visualization2026\dowsample2_Q44_hess_matched\stitched_frames\frame_1330.jpg,2220,1416,-0.0072020460968699185,-0.0072654261226619,112.81336716191731,-20.498600144652755,180.03163540252626,-5.529402169885543,-67.21826824060895,-14.969197974767212,68.86488563320376,-70.92010379307219,-15.121922975430667,72.51436875885351,0,1,-35.46005189653609,-7.560961487715334,35.46005189653609,7.560961487715334,0,0,68.86488563320376,1088.4175005014579,559.8692323834996,908.3858650989316,565.3986345533851,12,12,1.1730850143020832,0.0910563057022518,-35.448828759048716,-0.08853954746227653,1.1174619418777085,132.88073125897841,5.2991594987749e-05,3.87977157897003e-05,1.0,1.0,0.0,655.4600518965361,0.0,1.0,161.56096148771533,0.0,0.0,1.0
frame_1332.jpg,frame_1332,1332,D:\visualization2026\visualization\left_downsample2_Q44\frame_1332.jpg,D:\visualization2026\visualization\right_downsample2_Q44\frame_1332.jpg,D:\visualization2026\dowsample2_Q44\stitched_frames\frame_1332.jpg,D:\visualization2026\dowsample2_Q44_hess_matched\stitched_frames\frame_1332.jpg,2219,1410,-0.007151763271018741,-0.007300282727948804,112.85702014541579,-20.552069386242774,178.53594298140388,-4.390558855102881,-65.67892283598809,-16.161510531139893,67.63812037264063,-69.71545754588495,-13.972228684938521,71.10181569591809,0,1,-34.85772877294247,-6.986114342469261,34.85772877294247,6.986114342469261,0,0,67.63812037264063,1080.1234413916798,553.131315747466,901.5874984102759,557.5218746025689,12,12,1.1749484886749595,0.08410589575719175,-34.36282492762533,-0.08269854216275645,1.111122018652404,124.38689614385318,5.8229105932476984e-05,3.2564214329834434e-05,1.0,1.0,0.0,653.8577287729424,0.0,1.0,153.98611434246925,0.0,0.0,1.0
frame_1334.jpg,frame_1334,1334,D:\visualization2026\visualization\left_downsample2_Q44\frame_1334.jpg,D:\visualization2026\visualization\right_downsample2_Q44\frame_1334.jpg,D:\visualization2026\dowsample2_Q44\stitched_frames\frame_1334.jpg,D:\visualization2026\dowsample2_Q44_hess_matched\stitched_frames\frame_1334.jpg,2231,1420,-0.007144502483537263,-0.00736603111330314,113.45307052310423,-20.699255400424533,177.8390248814394,-6.195666273264351,-64.38595435833517,-14.503589127160183,65.9992819370264,-65.49238572862477,-14.906450713650338,67.16736455530662,0,1,-32.746192864312384,-7.453225356825169,32.746192864312384,7.453225356825169,0,0,65.9992819370264,1085.1658090283572,564.0983719415759,907.3267841469178,570.2940382148403,12,12,1.1821820152769669,0.10234661742324239,-33.07643139130057,-0.08761514589426526,1.1330898046203335,131.7553686691699,5.477579133776e-05,4.622338742980192e-05,1.0,1.0,0.0,663.7461928643124,0.0,1.0,167.45322535682516,0.0,0.0,1.0
frame_1336.jpg,frame_1336,1336,D:\visualization2026\visualization\left_downsample2_Q44\frame_1336.jpg,D:\visualization2026\visualization\right_downsample2_Q44\frame_1336.jpg,D:\visualization2026\dowsample2_Q44\stitched_frames\frame_1336.jpg,D:\visualization2026\dowsample2_Q44_hess_matched\stitched_frames\frame_1336.jpg,2234,1417,-0.0071599852022382615,-0.007439812130659029,114.26054091274015,-20.876923187524774,179.7825287987448,-6.923391688780725,-65.52198788600465,-13.953531498744049,66.99128255094227,-64.26796534191863,-16.59082323963434,66.37489574348757,0,1,-32.13398267095931,-8.29541161981717,32.13398267095931,8.29541161981717,0,0,66.99128255094227,1083.98414222243,557.7527619091541,904.2016134236851,564.6761535979348,12,12,1.1973092684452982,0.09705505163088178,-32.06035257333201,-0.07944129842446832,1.1374670369537667,117.7737337127414,6.306041619344789e-05,4.3712973689638775e-05,1.0,1.0,0.0,666.1339826709593,0.0,1.0,162.29541161981717,0.0,0.0,1.0
frame_1338.jpg,frame_1338,1338,D:\visualization2026\visualization\left_downsample2_Q44\frame_1338.jpg,D:\visualization2026\visualization\right_downsample2_Q44\frame_1338.jpg,D:\visualization2026\dowsample2_Q44\stitched_frames\frame_1338.jpg,D:\visualization2026\dowsample2_Q44_hess_matched\stitched_frames\frame_1338.jpg,2231,1420,-0.00715976082709624,-0.007494468175564206,114.79011787031358,-21.002351653185965,179.44691319250057,-6.057927216745611,-64.656795322187,-14.944424436440354,66.36141200329946,-71.14592403063185,-18.807581233432227,73.58986083710575,0,1,-35.57296201531592,-9.403790616716114,35.57296201531592,9.403790616716114,0,0,66.36141200329946,1068.9406902487776,562.0417075235141,889.493777056277,568.0996347402597,12,12,1.1870025108187328,0.09795248861249478,-35.24159182356091,-0.0844377116153826,1.1338969540180186,124.71419861766618,5.8167113767466484e-05,4.393309933517205e-05,1.0,1.0,0.0,666.572962015316,0.0,1.0,167.40379061671612,0.0,0.0,1.0
frame_1340.jpg,frame_1340,1340,D:\visualization2026\visualization\left_downsample2_Q44\frame_1340.jpg,D:\visualization2026\visualization\right_downsample2_Q44\frame_1340.jpg,D:\visualization2026\dowsample2_Q44\stitched_frames\frame_1340.jpg,D:\visualization2026\dowsample2_Q44_hess_matched\stitched_frames\frame_1340.jpg,2222,1420,-0.007087854580380859,-0.007518669330742966,114.60344408461059,-21.0199068868695,175.6996103916888,2.3711537178177196,-61.09616630707821,-23.39106060468722,65.42081666896485,-76.65738970830628,-22.136847955752543,79.7896950383146,0,1,-38.32869485415314,-11.068423977876272,38.32869485415314,11.068423977876272,0,0,65.42081666896485,1057.902700556048,564.4694064268964,882.2030901643593,562.0982527090787,12,12,1.1723878047349343,0.10167022957046179,-38.42932760517887,-0.09031798622815544,1.1249650273979046,132.75680314017555,5.2849256067175014e-05,4.3632677536663084e-05,1.0,1.0,0.0,660.3286948541531,0.0,1.0,166.06842397787628,0.0,0.0,1.0
frame_1342.jpg,frame_1342,1342,D:\visualization2026\visualization\left_downsample2_Q44\frame_1342.jpg,D:\visualization2026\visualization\right_downsample2_Q44\frame_1342.jpg,D:\visualization2026\dowsample2_Q44\stitched_frames\frame_1342.jpg,D:\visualization2026\dowsample2_Q44_hess_matched\stitched_frames\frame_1342.jpg,2200,1429,-0.006921721425576011,-0.007546811140874188,113.90238309859093,-20.996671341641065,213.97109937814514,6.2486291584882565,-100.06871627955421,-27.24530050012932,103.71139945628092,-80.13721073199785,-24.579090152035747,83.82186001638554,0,1,-40.06860536599893,-12.289545076017873,40.06860536599893,12.289545076017873,0,0,103.71139945628092,1069.754914878936,567.2959785130471,855.7838155007909,561.0473493545588,12,12,1.1756888451913179,0.11216034773091406,-40.17113137549975,-0.09197837115427036,1.1420774446909516,134.09232521826064,5.192643306301268e-05,5.167762105819128e-05,1.0,1.0,0.0,640.0686053659989,0.0,1.0,168.28954507601787,0.0,0.0,1.0
frame_1344.jpg,frame_1344,1344,D:\visualization2026\visualization\left_downsample2_Q44\frame_1344.jpg,D:\visualization2026\visualization\right_downsample2_Q44\frame_1344.jpg,D:\visualization2026\dowsample2_Q44\stitched_frames\frame_1344.jpg,D:\visualization2026\dowsample2_Q44_hess_matched\stitched_frames\frame_1344.jpg,2177,1424,-0.006736793962541676,-0.007597586180482785,113.31093318987585,-21.01548373386215,205.25421593658325,10.134439004899605,-91.9432827467074,-31.149922738761756,97.07669611637908,-80.27800869346737,-26.66816990027113,84.59166605297563,0,1,-40.139004346733685,-13.334084950135566,40.139004346733685,13.334084950135566,0,0,97.07669611637908,1047.3764650622222,563.7544551469496,842.122249125639,553.62001614205,12,12,1.144570628088618,0.09568256836400049,-39.65479261562618,-0.09943180535241104,1.1113389529780766,144.40270125471582,4.511227961579292e-05,3.97134148859992e-05,1.0,1.0,0.0,617.1390043467337,0.0,1.0,163.33408495013558,0.0,0.0,1.0
frame_1346.jpg,frame_1346,1346,D:\visualization2026\visualization\left_downsample2_Q44\frame_1346.jpg,D:\visualization2026\visualization\right_downsample2_Q44\frame_1346.jpg,D:\visualization2026\dowsample2_Q44\stitched_frames\frame_1346.jpg,D:\visualization2026\dowsample2_Q44_hess_matched\stitched_frames\frame_1346.jpg,2210,1409,-0.0065771140451504895,-0.007914768691472451,115.45527383548311,-21.659599930925904,198.3763668399456,4.505142549234165,-82.92109300446249,-26.16474248016007,86.95114383438444,-79.22067780449053,-27.735417532274777,83.93550605966772,0,1,-39.61033890224527,-13.867708766137389,39.61033890224527,13.867708766137389,0,0,86.95114383438444,1066.952427098665,546.021489910186,868.5760602587195,541.5163473609518,12,12,1.1749537703623802,0.08864679139704744,-39.28620320850106,-0.08173367814206581,1.1189111446408062,115.27646047113791,5.9367289050449255e-05,3.7404494636896786e-05,1.0,1.0,0.0,649.6103389022453,0.0,1.0,149.86770876613738,0.0,0.0,1.0
frame_1348.jpg,frame_1348,1348,D:\visualization2026\visualization\left_downsample2_Q44\frame_1348.jpg,D:\visualization2026\visualization\right_downsample2_Q44\frame_1348.jpg,D:\visualization2026\dowsample2_Q44\stitched_frames\frame_1348.jpg,D:\visualization2026\dowsample2_Q44_hess_matched\stitched_frames\frame_1348.jpg,2213,1414,-0.006403927128913689,-0.00875705550184025,122.62091135728542,-23.50275728840773,187.98169648681994,1.8870658892095662,-65.36078512953452,-25.389823177617295,70.11900850511118,-72.20528188195361,-27.50422680226414,77.26632658307734,0,1,-36.102640940976805,-13.75211340113207,36.102640940976805,13.75211340113207,0,0,70.11900850511118,1064.088583624305,547.8806269050236,876.1068871374852,545.9935610158141,12,12,1.1799926704069377,0.0911099222596607,-36.02788438060633,-0.08120584876884326,1.1248814536881957,114.8498881706853,6.140312760602305e-05,3.8582781415349335e-05,1.0,1.0,0.0,649.1026409409768,0.0,1.0,151.75211340113208,0.0,0.0,1.0
frame_1350.jpg,frame_1350,1350,D:\visualization2026\visualization\left_downsample2_Q44\frame_1350.jpg,D:\visualization2026\visualization\right_downsample2_Q44\frame_1350.jpg,D:\visualization2026\dowsample2_Q44\stitched_frames\frame_1350.jpg,D:\visualization2026\dowsample2_Q44_hess_matched\stitched_frames\frame_1350.jpg,2182,1403,-0.00628543681886673,-0.009212153685796198,126.34646163815293,-24.485459191250833,182.15597350034693,4.241839573454627,-55.809511862194,-28.72729876470546,62.7690951712148,-67.55160821789774,-27.034205352776205,72.76034656239909,0,1,-33.77580410894887,-13.517102676388102,33.77580410894887,13.517102676388102,0,0,62.7690951712148,1033.2158512798364,545.6693545942526,851.0598777794895,541.427515020798,12,12,1.1425827054451816,0.07004329525099157,-33.60464104598969,-0.08691726530698188,1.0884542088089613,124.52986998646591,5.264349437037726e-05,2.4663373251056972e-05,1.0,1.0,0.0,615.7758041089488,0.0,1.0,143.5171026763881,0.0,0.0,1.0
frame_1352.jpg,frame_1352,1352,D:\visualization2026\visualization\left_downsample2_Q44\frame_1352.jpg,D:\visualization2026\visualization\right_downsample2_Q44\frame_1352.jpg,D:\visualization2026\dowsample2_Q44\stitched_frames\frame_1352.jpg,D:\visualization2026\dowsample2_Q44_hess_matched\stitched_frames\frame_1352.jpg,2226,1412,-0.006285674737726343,-0.008708485601290006,121.45555565565738,-23.328639022898955,186.447292322527,2.760707827177157,-64.99173666686963,-26.08934685007611,70.03270560273465,-66.18760879730013,-27.539506390752557,71.68838100104327,0,1,-33.093804398650065,-13.769753195376278,33.093804398650065,13.769753195376278,0,0,70.03270560273465,1080.3376210203778,544.4088325637974,893.8903286978508,541.6481247366203,12,12,1.2135167675479033,0.08623776853275658,-32.868607372151615,-0.0660982742453339,1.136784179340936,90.48592169504997,7.846625618652069e-05,3.3720238665688547e-05,1.0,1.0,0.0,659.09380439865,0.0,1.0,142.76975319537627,0.0,0.0,1.0
frame_1354.jpg,frame_1354,1354,D:\visualization2026\visualization\left_downsample2_Q44\frame_1354.jpg,D:\visualization2026\visualization\right_downsample2_Q44\frame_1354.jpg,D:\visualization2026\dowsample2_Q44\stitched_frames\frame_1354.jpg,D:\visualization2026\dowsample2_Q44_hess_matched\stitched_frames\frame_1354.jpg,2192,1409,-0.006386960101325445,-0.008322872578690799,118.30402739014049,-22.496446560184154,186.97894181656852,6.303368931137925,-68.67491442642803,-28.79981549132208,74.46927718066968,-66.58054294538482,-28.12015415511594,72.27525004183462,0,1,-33.29027147269241,-14.06007707755797,33.29027147269241,14.06007707755797,0,0,74.46927718066968,1041.8018308096403,557.7290083539643,854.8228889930717,551.4256394228264,12,12,1.1474108476223177,0.08291061147427231,-33.15616632613691,-0.08869518578189968,1.1030632820214943,127.05683869531012,5.0206406416829654e-05,3.353987942879073e-05,1.0,1.0,0.0,625.2902714726924,0.0,1.0,153.06007707755796,0.0,0.0,1.0
frame_1356.jpg,frame_1356,1356,D:\visualization2026\visualization\left_downsample2_Q44\frame_1356.jpg,D:\visualization2026\visualization\right_downsample2_Q44\frame_1356.jpg,D:\visualization2026\dowsample2_Q44\stitched_frames\frame_1356.jpg,D:\visualization2026\dowsample2_Q44_hess_matched\stitched_frames\frame_1356.jpg,2214,1410,-0.006536642998139053,-0.008244109321333792,118.4169000038442,-22.39470099699241,194.51799590531868,6.29654667304942,-76.10109590147448,-28.69124767004183,81.32997288988295,-68.11026730268884,-28.38103535630803,73.7867988188926,0,1,-34.05513365134442,-14.190517678154015,34.05513365134442,14.190517678154015,0,0,81.32997288988295,1060.8859904682631,556.760630738294,866.3679945629444,550.4640840652446,12,12,1.1817747346539371,0.08941812000547951,-34.446141767232064,-0.079327325534787,1.1272282027094929,110.90009008204943,6.250341480775961e-05,4.0606707439737606e-05,1.0,1.0,0.0,648.0551336513445,0.0,1.0,152.190517678154,0.0,0.0,1.0
frame_1358.jpg,frame_1358,1358,D:\visualization2026\visualization\left_downsample2_Q44\frame_1358.jpg,D:\visualization2026\visualization\right_downsample2_Q44\frame_1358.jpg,D:\visualization2026\dowsample2_Q44\stitched_frames\frame_1358.jpg,D:\visualization2026\dowsample2_Q44_hess_matched\stitched_frames\frame_1358.jpg,2218,1417,-0.006753475650075891,-0.008520421990235394,122.37259721796067,-23.14409902774498,189.69805308791865,5.14896297168923,-67.32545586995798,-28.293061999434208,73.0288598117312,-67.78279441041015,-28.845905395392272,73.6654157401141,0,1,-33.891397205205074,-14.422952697696136,33.891397205205074,14.422952697696136,0,0,73.0288598117312,1059.0277019462897,565.1186497913174,869.329648858371,559.9696868196281,12,12,1.1691340984516645,0.09781291774642703,-33.65672925403704,-0.08607076503847995,1.129415950140247,122.22852715128411,5.686068330634857e-05,4.4739440934079796e-05,1.0,1.0,0.0,651.8913972052051,0.0,1.0,163.42295269769613,0.0,0.0,1.0
frame_1360.jpg,frame_1360,1360,D:\visualization2026\visualization\left_downsample2_Q44\frame_1360.jpg,D:\visualization2026\visualization\right_downsample2_Q44\frame_1360.jpg,D:\visualization2026\dowsample2_Q44\stitched_frames\frame_1360.jpg,D:\visualization2026\dowsample2_Q44_hess_matched\stitched_frames\frame_1360.jpg,2193,1414,-0.007180406555382879,-0.008994458511898173,129.4811325153029,-24.45881113798193,192.939266164017,5.572893632683986,-63.458133648714096,-30.031704770665915,70.20568365602958,-63.17417409279872,-27.956116563298266,69.08343307630247,0,1,-31.58708704639936,-13.978058281649133,31.58708704639936,13.978058281649133,0,0,70.20568365602958,1031.1881999462842,566.7114458212362,838.2489337822672,561.1385521885522,12,12,1.1344192347048916,0.08591960396477136,-31.315160013777373,-0.09380100352974972,1.1065071514820024,135.26297706628333,4.632960106971938e-05,3.744150432514322e-05,1.0,1.0,0.0,624.5870870463993,0.0,1.0,163.97805828164914,0.0,0.0,1.0
frame_1362.jpg,frame_1362,1362,D:\visualization2026\visualization\left_downsample2_Q44\frame_1362.jpg,D:\visualization2026\visualization\right_downsample2_Q44\frame_1362.jpg,D:\visualization2026\dowsample2_Q44\stitched_frames\frame_1362.jpg,D:\visualization2026\dowsample2_Q44_hess_matched\stitched_frames\frame_1362.jpg,2217,1418,-0.00752271057742715,-0.00928598394843827,134.32051721779283,-25.30952332549124,197.67488942326895,3.104173720006088,-63.354372205476125,-28.41369704549733,69.43424700638231,-58.98773418155759,-27.060613090097583,64.89860988253955,0,1,-29.493867090778796,-13.530306545048791,29.493867090778796,13.530306545048791,0,0,69.43424700638231,1050.3285993129339,567.5987581921187,852.6537098896649,564.4945844721126,12,12,1.1806689958132224,0.10302474388797295,-28.97299334214455,-0.08499572484106702,1.1414800396298714,121.01904061466406,5.911198585946966e-05,5.105563945177305e-05,1.0,1.0,0.0,646.4938670907788,0.0,1.0,167.5303065450488,0.0,0.0,1.0
frame_1364.jpg,frame_1364,1364,D:\visualization2026\visualization\left_downsample2_Q44\frame_1364.jpg,D:\visualization2026\visualization\right_downsample2_Q44\frame_1364.jpg,D:\visualization2026\dowsample2_Q44\stitched_frames\frame_1364.jpg,D:\visualization2026\dowsample2_Q44_hess_matched\stitched_frames\frame_1364.jpg,2221,1402,-0.007488954827552241,-0.009054172967047136,131.8708715529854,-24.7591885293601,177.5026843913563,-0.40831719850802983,-45.631812838370905,-24.35087133085207,51.72259929168124,-56.862396686485184,-26.62722398476503,62.78806585702451,0,1,-28.431198343242592,-13.313611992382516,28.431198343242592,13.313611992382516,0,0,51.72259929168124,1045.9030507546283,550.8507130837061,868.400366363272,551.2590302822141,12,12,1.188869057728706,0.08449389773396355,-28.6478956226483,-0.07251860780320897,1.126173235815117,100.78849468649825,6.868178505506184e-05,3.7911131288064286e-05,1.0,1.0,0.0,649.4311983432426,0.0,1.0,149.3136119923825,0.0,0.0,1.0
frame_1366.jpg,frame_1366,1366,D:\visualization2026\visualization\left_downsample2_Q44\frame_1366.jpg,D:\visualization2026\visualization\right_downsample2_Q44\frame_1366.jpg,D:\visualization2026\dowsample2_Q44\stitched_frames\frame_1366.jpg,D:\visualization2026\dowsample2_Q44_hess_matched\stitched_frames\frame_1366.jpg,2215,1403,-0.007222798732865243,-0.008375836199907227,123.72088172167582,-23.06023452331071,178.8897780669447,1.153495780727667,-55.16889634526888,-24.21373030403838,60.248749855841226,-55.96577061822875,-24.72901660030812,61.18571518672076,0,1,-27.982885309114376,-12.36450830015406,27.982885309114376,12.36450830015406,0,0,60.248749855841226,1034.8490448693888,554.0606014607457,855.9592668024441,552.907105680018,12,12,1.1771120461616615,0.0838787986141838,-27.66602704294777,-0.07528294732266912,1.1219032192473137,107.0445452736832,6.43871987407873e-05,3.746102174728534e-05,1.0,1.0,0.0,642.9828853091144,0.0,1.0,151.36450830015406,0.0,0.0,1.0
frame_1368.jpg,frame_1368,1368,D:\visualization2026\visualization\left_downsample2_Q44\frame_1368.jpg,D:\visualization2026\visualization\right_downsample2_Q44\frame_1368.jpg,D:\visualization2026\dowsample2_Q44\stitched_frames\frame_1368.jpg,D:\visualization2026\dowsample2_Q44_hess_matched\stitched_frames\frame_1368.jpg,2203,1383,-0.006888626066266279,-0.00757475967882848,113.97974439209388,-21.043364019956414,170.6785127866898,5.082752452815043,-56.698768394595916,-26.126116472771457,62.428553558550824,-57.83102930640214,-22.61353627973893,62.0950881609247,0,1,-28.91551465320107,-11.306768139869465,28.91551465320107,11.306768139869465,0,0,62.428553558550824,1009.7451443840947,536.8713432529786,839.0666315974049,531.7885908001635,12,12,1.1659173208103815,0.05273668534190964,-28.735671150978657,-0.0671319164824132,1.0913358675462164,95.06367555261212,6.868404980225723e-05,2.000636907784662e-05,1.0,1.0,0.0,631.9155146532011,0.0,1.0,128.30676813986946,0.0,0.0,1.0
frame_1370.jpg,frame_1370,1370,D:\visualization2026\visualization\left_downsample2_Q44\frame_1370.jpg,D:\visualization2026\visualization\right_downsample2_Q44\frame_1370.jpg,D:\visualization2026\dowsample2_Q44\stitched_frames\frame_1370.jpg,D:\visualization2026\dowsample2_Q44_hess_matched\stitched_frames\frame_1370.jpg,2238,1409,-0.006579389279787684,-0.006977939441795367,106.36887375030778,-19.5088686635135,165.34387705773975,1.0317991848678503,-58.97500330743196,-20.54066784838135,62.44974019777135,-62.98568845316787,-21.285243125834697,66.48502481646086,0,1,-31.492844226583934,-10.642621562917348,31.492844226583934,10.642621562917348,0,0,62.44974019777135,1027.652036086959,561.4965924149493,862.3081590292193,560.4647932300815,12,12,1.1868965457703824,0.09624532208644368,-31.718678087176436,-0.07459214679579572,1.145725977196992,107.29254382041088,6.363919625570923e-05,5.0143497268204604e-05,1.0,1.0,0.0,669.4928442265839,0.0,1.0,156.64262156291736,0.0,0.0,1.0
frame_1372.jpg,frame_1372,1372,D:\visualization2026\visualization\left_downsample2_Q44\frame_1372.jpg,D:\visualization2026\visualization\right_downsample2_Q44\frame_1372.jpg,D:\visualization2026\dowsample2_Q44\stitched_frames\frame_1372.jpg,D:\visualization2026\dowsample2_Q44_hess_matched\stitched_frames\frame_1372.jpg,2245,1397,-0.006147036824240226,-0.006801876361868908,102.12285830210995,-18.875745830898754,174.80352394845295,-1.03945038824736,-72.680665646343,-17.836295442651394,74.83724068879778,-66.12141492899865,-17.417656251140805,68.37701559366063,0,1,-33.06070746449932,-8.708828125570403,33.06070746449932,8.708828125570403,0,0,74.83724068879778,1045.4115664991573,541.3866411425258,870.6080425507043,542.4260915307732,12,12,1.2104457337777559,0.08158501527488084,-32.67484462795817,-0.0615966160724035,1.1359948653569734,88.2902676909196,7.766126105933779e-05,3.811431259899455e-05,1.0,1.0,0.0,678.0607074644993,0.0,1.0,136.7088281255704,0.0,0.0,1.0
frame_1374.jpg,frame_1374,1374,D:\visualization2026\visualization\left_downsample2_Q44\frame_1374.jpg,D:\visualization2026\visualization\right_downsample2_Q44\frame_1374.jpg,D:\visualization2026\dowsample2_Q44\stitched_frames\frame_1374.jpg,D:\visualization2026\dowsample2_Q44_hess_matched\stitched_frames\frame_1374.jpg,2238,1400,-0.0057589482699535455,-0.006847038045878273,100.28529385421469,-18.774199255211144,171.69040242641427,-1.0647936938802331,-71.40510857219958,-17.70940556133091,73.56842104832282,-69.70808118266693,-13.270948778463563,70.96009204933353,0,1,-34.854040591333465,-6.635474389231781,34.854040591333465,6.635474389231781,0,0,73.56842104832282,1031.2711865476858,552.9950787091951,859.5807841212716,554.0598724030754,12,12,1.1804610259085957,0.09950225019382261,-34.43622077606377,-0.07411848438528339,1.1336308171631613,110.88566784491479,6.358846619861765e-05,4.652664824278612e-05,1.0,1.0,0.0,672.8540405913335,0.0,1.0,145.63547438923177,0.0,0.0,1.0
frame_1376.jpg,frame_1376,1376,D:\visualization2026\visualization\left_downsample2_Q44\frame_1376.jpg,D:\visualization2026\visualization\right_downsample2_Q44\frame_1376.jpg,D:\visualization2026\dowsample2_Q44\stitched_frames\frame_1376.jpg,D:\visualization2026\dowsample2_Q44_hess_matched\stitched_frames\frame_1376.jpg,2220,1407,-0.005549034793926599,-0.0067623515553824065,98.2315103358317,-18.468634322154497,169.07903906025444,-13.592838391585587,-70.84752872442274,-4.875795930568909,71.0151090424739,-73.19394394149613,-10.382471593856481,73.92664706388432,0,1,-36.596971970748065,-5.1912357969282406,36.596971970748065,5.1912357969282406,0,0,71.0151090424739,1033.3506191830909,555.4577478730711,864.2715801228364,569.0505862646567,12,12,1.1852934791737502,0.1025834960600098,-36.496525120626735,-0.07438087642405292,1.140536513501933,113.47860753150653,6.65337134981724e-05,4.789858164735817e-05,1.0,1.0,0.0,656.5969719707481,0.0,1.0,148.19123579692825,0.0,0.0,1.0
frame_1378.jpg,frame_1378,1378,D:\visualization2026\visualization\left_downsample2_Q44\frame_1378.jpg,D:\visualization2026\visualization\right_downsample2_Q44\frame_1378.jpg,D:\visualization2026\dowsample2_Q44\stitched_frames\frame_1378.jpg,D:\visualization2026\dowsample2_Q44_hess_matched\stitched_frames\frame_1378.jpg,2195,1398,-0.005495787491100079,-0.006621065370567059,96.54684039066746,-18.115928329553775,171.17894005360483,-12.72334922016853,-74.63209966293738,-5.392579109385245,74.8266677699174,-72.50620211499371,-7.431609056340979,72.88606285365267,0,1,-36.253101057496856,-3.7158045281704895,36.253101057496856,3.7158045281704895,0,0,74.8266677699174,1006.3854915169201,551.9868387125713,835.2065514633152,564.7101879327398,12,12,1.1548145307598003,0.08676875423016392,-36.43229806871654,-0.0793837116411189,1.1117691857089333,122.74539213815078,5.8783022785580297e-05,3.725536855377383e-05,1.0,1.0,0.0,631.2531010574969,0.0,1.0,141.71580452817048,0.0,0.0,1.0
frame_1380.jpg,frame_1380,1380,D:\visualization2026\visualization\left_downsample2_Q44\frame_1380.jpg,D:\visualization2026\visualization\right_downsample2_Q44\frame_1380.jpg,D:\visualization2026\dowsample2_Q44\stitched_frames\frame_1380.jpg,D:\visualization2026\dowsample2_Q44_hess_matched\stitched_frames\frame_1380.jpg,2193,1392,-0.005471046299397986,-0.0065007430491453855,95.23299506235766,-17.826455882264174,171.63731216393558,-11.728173956918226,-76.40431710157792,-6.0982819253459475,76.64730076264573,-72.04731738971759,-4.720976842569885,72.20182522210075,0,1,-36.023658694858796,-2.3604884212849426,36.023658694858796,2.3604884212849426,0,0,76.64730076264573,999.5105499389606,545.6659745713657,827.873237775025,557.394148528284,12,12,1.1607891981926353,0.07497126271863205,-35.648313648113,-0.07589793046438721,1.1056862432100034,118.42197972753513,6.331240337773674e-05,3.3343181086074733e-05,1.0,1.0,0.0,629.0236586948588,0.0,1.0,133.36048842128494,0.0,0.0,1.0
frame_1382.jpg,frame_1382,1382,D:\visualization2026\visualization\left_downsample2_Q44\frame_1382.jpg,D:\visualization2026\visualization\right_downsample2_Q44\frame_1382.jpg,D:\visualization2026\dowsample2_Q44\stitched_frames\frame_1382.jpg,D:\visualization2026\dowsample2_Q44_hess_matched\stitched_frames\frame_1382.jpg,2216,1398,-0.005363369825078401,-0.006408200022563482,93.70254362488515,-17.556923839869995,162.94450013871608,-14.474941084796114,-69.24195651383093,-3.0819827550738808,69.31051261941313,-76.41487689555103,-4.0556869384308945,76.52242813387967,0,1,-38.207438447775516,-2.0278434692154472,38.207438447775516,2.0278434692154472,0,0,69.31051261941313,1006.5900207486756,550.280300754613,843.6455206099595,564.7552418394091,12,12,1.1762455188044452,0.08854331327405936,-37.978707089414556,-0.0715287813210803,1.1280736771465307,112.56446023853437,6.598471668597365e-05,4.2070922236414855e-05,1.0,1.0,0.0,654.2074384477755,0.0,1.0,141.02784346921544,0.0,0.0,1.0
frame_1384.jpg,frame_1384,1384,D:\visualization2026\visualization\left_downsample2_Q44\frame_1384.jpg,D:\visualization2026\visualization\right_downsample2_Q44\frame_1384.jpg,D:\visualization2026\dowsample2_Q44\stitched_frames\frame_1384.jpg,D:\visualization2026\dowsample2_Q44_hess_matched\stitched_frames\frame_1384.jpg,2215,1398,-0.005139941685455396,-0.006338561488036576,91.71565923438527,-17.27877590423346,160.82634418020427,-13.122531411758018,-69.110684945819,-4.156244492475441,69.23554825349103,-80.21126610118401,-2.8452724226157686,80.26171431457124,0,1,-40.105633050592004,-1.4226362113078843,40.105633050592004,1.4226362113078843,0,0,69.23554825349103,994.8455488029099,554.2168069068462,834.0192046227056,567.3393383186042,12,12,1.1710973317566555,0.09219088657605343,-40.15340150239534,-0.07420857807522092,1.1290492382265178,117.62711619182816,6.252439392367322e-05,4.518145044919797e-05,1.0,1.0,0.0,655.105633050592,0.0,1.0,143.4226362113079,0.0,0.0,1.0
frame_1386.jpg,frame_1386,1386,D:\visualization2026\visualization\left_downsample2_Q44\frame_1386.jpg,D:\visualization2026\visualization\right_downsample2_Q44\frame_1386.jpg,D:\visualization2026\dowsample2_Q44\stitched_frames\frame_1386.jpg,D:\visualization2026\dowsample2_Q44_hess_matched\stitched_frames\frame_1386.jpg,2214,1406,-0.004919958214957276,-0.006298936314073411,90.04050878074624,-17.07139198041231,182.72583503433611,-15.522045570538353,-92.68532625358988,-1.5493464098739587,92.69827494097281,-82.34608593036869,-0.9921676221299636,82.35206290459315,0,1,-41.173042965184344,-0.4960838110649818,41.173042965184344,0.4960838110649818,0,0,92.69827494097281,1013.4627989069113,560.6824392132311,830.7369638725752,576.2044847837694,12,12,1.1719637208280351,0.10251616818911481,-40.808657141139996,-0.07783867702217842,1.135975527982982,124.10405644592285,6.231347186564465e-05,4.861666067873699e-05,1.0,1.0,0.0,655.1730429651843,0.0,1.0,150.49608381106498,0.0,0.0,1.0
frame_1388.jpg,frame_1388,1388,D:\visualization2026\visualization\left_downsample2_Q44\frame_1388.jpg,D:\visualization2026\visualization\right_downsample2_Q44\frame_1388.jpg,D:\visualization2026\dowsample2_Q44\stitched_frames\frame_1388.jpg,D:\visualization2026\dowsample2_Q44_hess_matched\stitched_frames\frame_1388.jpg,2201,1395,-0.00483756813602465,-0.006307917780271621,89.64451064751964,-17.04844140349265,183.25855633862193,-17.707934873183035,-93.61404569110229,0.6594934696903856,93.61636866644824,-82.99475694890141,-0.6679500037985158,82.9974447691903,0,1,-41.497378474450706,-0.3339750018992579,41.497378474450706,0.3339750018992579,0,0,93.61636866644824,993.6932933646572,552.0000271513961,810.4347370260352,569.7079620245792,12,12,1.1657554187172177,0.08891221173272128,-41.230425183329125,-0.0745099238841678,1.1188402088029752,118.41844946270744,6.440291805905133e-05,3.9703199733729585e-05,1.0,1.0,0.0,642.4973784744507,0.0,1.0,140.33397500189926,0.0,0.0,1.0
frame_1390.jpg,frame_1390,1390,D:\visualization2026\visualization\left_downsample2_Q44\frame_1390.jpg,D:\visualization2026\visualization\right_downsample2_Q44\frame_1390.jpg,D:\visualization2026\dowsample2_Q44\stitched_frames\frame_1390.jpg,D:\visualization2026\dowsample2_Q44_hess_matched\stitched_frames\frame_1390.jpg,2179,1404,-0.004890486864037202,-0.006345190732963357,90.31693710168476,-17.162050978962267,177.39535334918605,-20.329293056045344,-87.0784162475013,3.1672420770830776,87.13599714554223,-86.06098840774962,-1.521288990010013,86.07443317216756,0,1,-43.03049420387481,-0.7606444950050065,43.03049420387481,0.7606444950050065,0,0,87.13599714554223,968.2574449695647,553.0824611098747,790.8620916203787,573.41175416592,12,12,1.1568128747370907,0.04576296951414434,-42.843957530535135,-0.07058037688047383,1.1240512738644497,112.4519878945344,6.594555110020241e-05,3.430058610497129e-05,1.0,1.0,0.0,622.0304942038748,0.0,1.0,141.760644495005,0.0,0.0,1.0
frame_1392.jpg,frame_1392,1392,D:\visualization2026\visualization\left_downsample2_Q44\frame_1392.jpg,D:\visualization2026\visualization\right_downsample2_Q44\frame_1392.jpg,D:\visualization2026\dowsample2_Q44\stitched_frames\frame_1392.jpg,D:\visualization2026\dowsample2_Q44_hess_matched\stitched_frames\frame_1392.jpg,2230,1394,-0.0049824844823476155,-0.006391113476714616,91.30258931711305,-17.316200793560714,163.7879009236076,-15.855306130144072,-72.48531160649455,-1.4608946634166422,72.50003180625656,-85.69309624721025,-2.9016657929688563,85.7422090268715,0,1,-42.846548123605125,-1.4508328964844281,42.846548123605125,1.4508328964844281,0,0,72.50003180625656,994.712436910109,551.1838513726195,830.9245359865014,567.0391575027636,12,12,1.1828849400826809,0.09930046656146721,-42.56710524332417,-0.06895012434392242,1.1308919775341044,108.30205631076267,7.202854060833099e-05,4.374419141953389e-05,1.0,1.0,0.0,672.8465481236051,0.0,1.0,136.45083289648443,0.0,0.0,1.0
frame_1394.jpg,frame_1394,1394,D:\visualization2026\visualization\left_downsample2_Q44\frame_1394.jpg,D:\visualization2026\visualization\right_downsample2_Q44\frame_1394.jpg,D:\visualization2026\dowsample2_Q44\stitched_frames\frame_1394.jpg,D:\visualization2026\dowsample2_Q44_hess_matched\stitched_frames\frame_1394.jpg,2216,1399,-0.005040002283542233,-0.00644130547766586,92.12747763546858,-17.461918690094496,176.56931987552866,-9.038979266561569,-84.44184224006008,-8.422939423532927,84.86088986940746,-85.02157718559675,-4.684602755026255,85.15053781450112,0,1,-42.51078859279838,-2.3423013775131274,42.51078859279838,2.3423013775131274,0,0,84.86088986940746,985.9587402469411,562.950891301812,809.3894203714125,571.9898705683736,12,12,1.1675020929004531,0.09383882859621459,-42.262668210693306,-0.07649115700322234,1.1250451791674096,119.3694216665154,6.634233381987125e-05,4.339265008683793e-05,1.0,1.0,0.0,658.5107885927983,0.0,1.0,142.34230137751314,0.0,0.0,1.0
frame_1396.jpg,frame_1396,1396,D:\visualization2026\visualization\left_downsample2_Q44\frame_1396.jpg,D:\visualization2026\visualization\right_downsample2_Q44\frame_1396.jpg,D:\visualization2026\dowsample2_Q44\stitched_frames\frame_1396.jpg,D:\visualization2026\dowsample2_Q44_hess_matched\stitched_frames\frame_1396.jpg,2216,1395,-0.00506735734695124,-0.006574655998273782,93.58320135047519,-17.782700082842176,184.4290668013682,-9.331469658174,-90.84586545089302,-8.451230424668175,91.23812013195248,-91.02389101448641,-8.62890250322284,91.43197850767106,0,1,-45.511945507243205,-4.31445125161142,45.511945507243205,4.31445125161142,0,0,91.23812013195248,994.6025196714965,560.0590794639777,810.1734528701282,569.3905491221517,12,12,1.1702936012105278,0.09079837799251725,-45.5278725655406,-0.07219113406992007,1.1235664864475803,111.19481387867438,6.817882819572086e-05,4.110449418627277e-05,1.0,1.0,0.0,661.5119455072432,0.0,1.0,142.31445125161142,0.0,0.0,1.0
frame_1398.jpg,frame_1398,1398,D:\visualization2026\visualization\left_downsample2_Q44\frame_1398.jpg,D:\visualization2026\visualization\right_downsample2_Q44\frame_1398.jpg,D:\visualization2026\dowsample2_Q44\stitched_frames\frame_1398.jpg,D:\visualization2026\dowsample2_Q44_hess_matched\stitched_frames\frame_1398.jpg,2216,1395,-0.005097835682746521,-0.006738732496280764,95.35569582348106,-18.175712389940113,185.61214620651583,-9.920521049343506,-90.25645038303477,-8.255191340596607,90.63318939447667,-98.18767758312568,-9.537871110442378,98.64984041795127,0,1,-49.09383879156284,-4.768935555221189,49.09383879156284,4.768935555221189,0,0,90.63318939447667,990.0608483078755,560.2786666603511,804.4487021013597,570.1991877096946,12,12,1.1700493919236807,0.09065114608083608,-49.10976584986023,-0.07222212027717353,1.1235478051001648,110.7403295750646,6.817882819572086e-05,4.110449418627277e-05,1.0,1.0,0.0,665.0938387915628,0.0,1.0,142.7689355552212,0.0,0.0,1.0
frame_1400.jpg,frame_1400,1400,D:\visualization2026\visualization\left_downsample2_Q44\frame_1400.jpg,D:\visualization2026\visualization\right_downsample2_Q44\frame_1400.jpg,D:\visualization2026\dowsample2_Q44\stitched_frames\frame_1400.jpg,D:\visualization2026\dowsample2_Q44_hess_matched\stitched_frames\frame_1400.jpg,2167,1381,-0.005133967700173325,-0.0067919419256115,96.08446054711293,-18.31704913644452,213.17444593906248,-1.7627924725446746,-117.08998539194955,-16.554256663899846,118.25442102848093,-102.95781804223583,-8.849933002526512,103.33747437482373,0,1,-51.478909021117914,-4.424966501263256,51.478909021117914,4.424966501263256,0,0,118.25442102848093,962.112542904363,557.1910825123422,748.9380969653005,558.9538749848869,12,12,1.1322548246221973,0.0894548527365147,-51.18609244357751,-0.07783937926211015,1.0989183778803577,119.28356119427235,5.9645005778590506e-05,3.7081026122623216e-05,1.0,1.0,0.0,618.4789090211179,0.0,1.0,132.42496650126327,0.0,0.0,1.0
frame_1402.jpg,frame_1402,1402,D:\visualization2026\visualization\left_downsample2_Q44\frame_1402.jpg,D:\visualization2026\visualization\right_downsample2_Q44\frame_1402.jpg,D:\visualization2026\dowsample2_Q44\stitched_frames\frame_1402.jpg,D:\visualization2026\dowsample2_Q44_hess_matched\stitched_frames\frame_1402.jpg,2181,1395,-0.004985661446183787,-0.0065572604517675215,92.93506574230567,-17.699527633011208,201.23931019199654,-11.693789933496873,-108.30424444969087,-6.005737699514334,108.47063312774459,-107.5407424384447,-8.729532323927602,107.89446704445227,0,1,-53.77037121922235,-4.364766161963801,53.77037121922235,4.364766161963801,0,0,108.47063312774459,964.9099638104574,570.7950949281679,763.6706536184608,582.4888848616648,12,12,1.1448563679315946,0.10703320121433113,-53.4601748706229,-0.0804479222322986,1.1292391506106756,123.91653641446352,5.735226531257863e-05,5.3169659779818926e-05,1.0,1.0,0.0,634.7703712192224,0.0,1.0,148.36476616196381,0.0,0.0,1.0
frame_1404.jpg,frame_1404,1404,D:\visualization2026\visualization\left_downsample2_Q44\frame_1404.jpg,D:\visualization2026\visualization\right_downsample2_Q44\frame_1404.jpg,D:\visualization2026\dowsample2_Q44\stitched_frames\frame_1404.jpg,D:\visualization2026\dowsample2_Q44_hess_matched\stitched_frames\frame_1404.jpg,2163,1403,-0.004686890080435546,-0.006140077514275033,87.13045629362378,-16.58320226837248,195.42300082923464,-11.599953384418882,-108.29254453561086,-4.9832488839536,108.40713985451643,-113.33513842749055,-9.221535091687011,113.70967554181861,0,1,-56.667569213745274,-4.610767545843506,56.667569213745274,4.610767545843506,0,0,108.40713985451643,945.2153143358338,581.4312112181743,749.7923135065992,593.0311646025932,12,12,1.1149722424600925,0.10219048453685328,-56.62539017422679,-0.09609111892848268,1.1148684764582442,148.70525703108126,4.423864642228252e-05,5.255261980009884e-05,1.0,1.0,0.0,619.6675692137453,0.0,1.0,156.61076754584352,0.0,0.0,1.0
frame_1406.jpg,frame_1406,1406,D:\visualization2026\visualization\left_downsample2_Q44\frame_1406.jpg,D:\visualization2026\visualization\right_downsample2_Q44\frame_1406.jpg,D:\visualization2026\dowsample2_Q44\stitched_frames\frame_1406.jpg,D:\visualization2026\dowsample2_Q44_hess_matched\stitched_frames\frame_1406.jpg,2178,1390,-0.0045154348501662556,-0.005795681176618772,82.77958878422285,-15.701416302332213,203.82302863738119,-6.895972025637093,-121.04343985315833,-8.80544427669512,121.36329832529744,-113.2779993896238,-8.249694136952602,113.57800226746762,1,0,-56.6389996948119,-4.124847068476301,56.6389996948119,4.124847068476301,0,0,121.36329832529744,955.4552125454271,566.937236370165,751.6321839080459,573.8332083958021,12,12,1.1480950185963272,0.09591637698696334,-56.322004214719186,-0.07833084895682595,1.1163307848257047,120.26997817144192,6.235324134306855e-05,4.4388323377251235e-05,1.0,1.0,0.0,634.6389996948119,0.0,1.0,138.1248470684763,0.0,0.0,1.0
frame_1408.jpg,frame_1408,1408,D:\visualization2026\visualization\left_downsample2_Q44\frame_1408.jpg,D:\visualization2026\visualization\right_downsample2_Q44\frame_1408.jpg,D:\visualization2026\dowsample2_Q44\stitched_frames\frame_1408.jpg,D:\visualization2026\dowsample2_Q44_hess_matched\stitched_frames\frame_1408.jpg,2178,1390,-0.0045818943343776675,-0.005586206022965889,81.1346858529485,-15.255398039286487,200.3631161812125,-4.540192859892841,-119.228430328264,-10.715205179393646,119.70895630895045,-114.49318051507917,-9.583526317262125,114.89356971185185,0,1,-57.24659025753959,-4.7917631586310625,57.24659025753959,4.7917631586310625,0,0,119.70895630895045,955.9368509107064,572.6520285312814,755.5737347294939,577.1922213911743,12,12,1.1480571333553318,0.09588940706058402,-56.92959477744687,-0.07837243333675095,1.1163011815386295,119.60306208128716,6.235324134306855e-05,4.4388323377251235e-05,1.0,1.0,0.0,635.2465902575395,0.0,1.0,138.79176315863106,0.0,0.0,1.0
frame_1410.jpg,frame_1410,1410,D:\visualization2026\visualization\left_downsample2_Q44\frame_1410.jpg,D:\visualization2026\visualization\right_downsample2_Q44\frame_1410.jpg,D:\visualization2026\dowsample2_Q44\stitched_frames\frame_1410.jpg,D:\visualization2026\dowsample2_Q44_hess_matched\stitched_frames\frame_1410.jpg,2176,1385,-0.004731048032041829,-0.005409148077689219,80.28968445208311,-14.927585663932977,214.41566368128304,-8.929566161316302,-134.1259792291999,-5.998019502616675,134.2600258533624,-115.2258735982209,-11.317825602850627,115.78037451506935,1,0,-57.61293679911045,-5.658912801425314,57.61293679911045,5.658912801425314,0,0,134.2600258533624,967.2608485906898,567.2892226200189,752.8451849094067,576.2187887813352,12,12,1.1414425794368015,0.09800291840725503,-57.64343680339447,-0.07586174472002093,1.1133170947088806,114.66987886190469,6.099655311424467e-05,4.2980800702309874e-05,1.0,1.0,0.0,633.6129367991105,0.0,1.0,138.65891280142532,0.0,0.0,1.0
frame_1412.jpg,frame_1412,1412,D:\visualization2026\visualization\left_downsample2_Q44\frame_1412.jpg,D:\visualization2026\visualization\right_downsample2_Q44\frame_1412.jpg,D:\visualization2026\dowsample2_Q44\stitched_frames\frame_1412.jpg,D:\visualization2026\dowsample2_Q44_hess_matched\stitched_frames\frame_1412.jpg,2173,1389,-0.004856303349011382,-0.005288613002798592,79.85353922502424,-14.71696723619908,215.8286532107752,-9.50708358007546,-135.97511398575097,-5.209883656123621,136.07488567383885,-114.38015007696768,-12.674898601061955,115.0802840897469,1,0,-57.19007503848384,-6.337449300530977,57.19007503848384,6.337449300530977,0,0,136.07488567383885,954.2790985752213,571.1002429787001,738.4504453644461,580.6073265587755,12,12,1.1380735172489551,0.09779886397643522,-57.530850795969016,-0.07818441952824949,1.1154895608281132,117.8696623091808,5.897735943060986e-05,4.4376659769747526e-05,1.0,1.0,0.0,630.1900750384839,0.0,1.0,143.33744930053098,0.0,0.0,1.0
frame_1414.jpg,frame_1414,1414,D:\visualization2026\visualization\left_downsample2_Q44\frame_1414.jpg,D:\visualization2026\visualization\right_downsample2_Q44\frame_1414.jpg,D:\visualization2026\dowsample2_Q44\stitched_frames\frame_1414.jpg,D:\visualization2026\dowsample2_Q44_hess_matched\stitched_frames\frame_1414.jpg,2146,1414,-0.004902156657053736,-0.005327113762637503,80.49645135566004,-14.829659783104034,220.58811277081418,-9.180384846049378,-140.09166141515414,-5.649274937054656,140.20552023858625,-111.95600995131954,-13.65474531189611,112.78563841975941,1,0,-55.97800497565977,-6.827372655948055,55.97800497565977,6.827372655948055,0,0,140.20552023858625,929.4708582426922,602.4911753700294,708.882745471878,611.6715602160788,12,12,1.097114834774969,0.09695243848173045,-56.386036061930966,-0.10534153021757212,1.1217372305283346,160.95115245944064,3.426357000137134e-05,5.91381799204883e-05,1.0,1.0,0.0,601.9780049756598,0.0,1.0,173.82737265594807,0.0,0.0,1.0
frame_1416.jpg,frame_1416,1416,D:\visualization2026\visualization\left_downsample2_Q44\frame_1416.jpg,D:\visualization2026\visualization\right_downsample2_Q44\frame_1416.jpg,D:\visualization2026\dowsample2_Q44\stitched_frames\frame_1416.jpg,D:\visualization2026\dowsample2_Q44_hess_matched\stitched_frames\frame_1416.jpg,2189,1383,-0.004911530494855598,-0.0054065590399485774,81.32311055304143,-15.017107228221391,203.5152190940379,0.21219547886062173,-122.19210854099646,-15.229302707082013,123.13749652578858,-109.53186982567138,-14.634592022730265,110.50521160189496,1,0,-54.76593491283569,-7.317296011365133,54.76593491283569,7.317296011365133,0,0,123.13749652578858,955.7629727855239,566.8134521549523,752.247753691486,566.6012566760917,12,12,1.1467158877037837,0.08795784652811972,-54.60620208599636,-0.07218038012296404,1.1117768117107922,107.30822504639876,6.505245325386413e-05,3.997170059647842e-05,1.0,1.0,0.0,643.7659349128357,0.0,1.0,131.31729601136513,0.0,0.0,1.0
frame_1418.jpg,frame_1418,1418,D:\visualization2026\visualization\left_downsample2_Q44\frame_1418.jpg,D:\visualization2026\visualization\right_downsample2_Q44\frame_1418.jpg,D:\visualization2026\dowsample2_Q44\stitched_frames\frame_1418.jpg,D:\visualization2026\dowsample2_Q44_hess_matched\stitched_frames\frame_1418.jpg,2188,1377,-0.004905458234033877,-0.005129155236284211,78.59297663055133,-14.376687433599868,203.4306325073411,0.8598313016231032,-124.83765587678977,-15.23651873522297,125.76403233031527,-102.20864421959251,-15.288676338526525,103.34578161391718,1,0,-51.10432210979626,-7.644338169263262,51.10432210979626,7.644338169263262,0,0,125.76403233031527,945.1484111042204,556.1166196048545,741.7177785968793,555.2567883032314,12,12,1.1567385289841636,0.07586622014461668,-51.35418757736339,-0.06371325846592119,1.102757142224988,93.46871484963873,7.436113885070306e-05,2.8778392800208133e-05,1.0,1.0,0.0,639.1043221097963,0.0,1.0,120.64433816926326,0.0,0.0,1.0
frame_1420.jpg,frame_1420,1420,D:\visualization2026\visualization\left_downsample2_Q44\frame_1420.jpg,D:\visualization2026\visualization\right_downsample2_Q44\frame_1420.jpg,D:\visualization2026\dowsample2_Q44\stitched_frames\frame_1420.jpg,D:\visualization2026\dowsample2_Q44_hess_matched\stitched_frames\frame_1420.jpg,2194,1390,-0.004787809351822547,-0.004355523510275461,70.38838562736039,-12.537391981010057,175.07197520173543,4.056893463388519,-104.68358957437503,-16.594285444398576,105.99067994680655,-89.98633313308295,-15.616998259284884,91.33143372009819,0,1,-44.993166566541476,-7.808499129642442,44.993166566541476,7.808499129642442,0,0,105.99067994680655,942.9373708166067,577.9244498663119,767.8653956148713,573.8675564029234,12,12,1.139972790475713,0.10505354148828124,-44.91004415118752,-0.07928963260181612,1.1213731640213622,118.28524356541192,5.776912485590569e-05,4.908819095175026e-05,1.0,1.0,0.0,638.9931665665415,0.0,1.0,142.80849912964243,0.0,0.0,1.0
frame_1422.jpg,frame_1422,1422,D:\visualization2026\visualization\left_downsample2_Q44\frame_1422.jpg,D:\visualization2026\visualization\right_downsample2_Q44\frame_1422.jpg,D:\visualization2026\dowsample2_Q44\stitched_frames\frame_1422.jpg,D:\visualization2026\dowsample2_Q44_hess_matched\stitched_frames\frame_1422.jpg,2178,1376,-0.004479586658316159,-0.0035076817455326204,60.345204407482534,-10.426826412491033,184.37326665481748,7.991624838183384,-124.02806224733496,-18.418451250674416,125.3881955022173,-72.86493656614272,-15.619557785005352,74.52026278930532,1,0,-36.43246828307136,-7.809778892502676,36.43246828307136,7.809778892502676,0,0,125.3881955022173,931.712559463717,568.2554971729734,747.3392928088995,560.26387233479,12,12,1.1350564783690806,0.0856668193384628,-36.593885934088036,-0.07384202746277053,1.0964281363971564,108.95572912665351,6.287453393835881e-05,3.45764280890262e-05,1.0,1.0,0.0,614.4324682830713,0.0,1.0,126.80977889250268,0.0,0.0,1.0
frame_1424.jpg,frame_1424,1424,D:\visualization2026\visualization\left_downsample2_Q44\frame_1424.jpg,D:\visualization2026\visualization\right_downsample2_Q44\frame_1424.jpg,D:\visualization2026\dowsample2_Q44\stitched_frames\frame_1424.jpg,D:\visualization2026\dowsample2_Q44_hess_matched\stitched_frames\frame_1424.jpg,2116,1370,-0.004195028981136384,-0.0028199227095951906,51.99576300090838,-8.696495301884582,237.79341820263335,14.271213996445795,-185.79765520172498,-22.967709298330377,187.21187021359435,-50.84445451877177,-15.296354915687921,53.095546225819554,1,0,-25.422227259385885,-7.6481774578439605,25.422227259385885,7.6481774578439605,0,0,187.21187021359435,922.4691596374988,572.1196390638489,684.6757414348655,557.8484250674031,12,12,1.1004890822039597,0.07796343300015217,-25.76570407232773,-0.08257858787960629,1.0747386930270124,124.25755689485695,5.154058203110037e-05,3.135084381695079e-05,1.0,1.0,0.0,541.4222272593859,0.0,1.0,125.64817745784396,0.0,0.0,1.0
frame_1426.jpg,frame_1426,1426,D:\visualization2026\visualization\left_downsample2_Q44\frame_1426.jpg,D:\visualization2026\visualization\right_downsample2_Q44\frame_1426.jpg,D:\visualization2026\dowsample2_Q44\stitched_frames\frame_1426.jpg,D:\visualization2026\dowsample2_Q44_hess_matched\stitched_frames\frame_1426.jpg,2115,1377,-0.004012499296778105,-0.0029304848315653276,51.999109163509665,-8.853909385360629,237.55861198928926,13.39913130751222,-185.5595028257796,-22.25304069287285,186.88907648396457,-28.052426167185484,-14.239549879079355,31.459551723191826,1,0,-14.026213083592742,-7.119774939539678,14.026213083592742,7.119774939539678,0,0,186.88907648396457,915.5532807364449,580.1728131227388,677.9946687471556,566.7736818152266,12,12,1.0914875103432637,0.08433702276749205,-13.942930948945977,-0.08846244769816798,1.078965535019092,134.13873413880367,4.5335529940813195e-05,3.5736038971711e-05,1.0,1.0,0.0,529.0262130835928,0.0,1.0,134.11977493953967,0.0,0.0,1.0
frame_1428.jpg,frame_1428,1428,D:\visualization2026\visualization\left_downsample2_Q44\frame_1428.jpg,D:\visualization2026\visualization\right_downsample2_Q44\frame_1428.jpg,D:\visualization2026\dowsample2_Q44\stitched_frames\frame_1428.jpg,D:\visualization2026\dowsample2_Q44_hess_matched\stitched_frames\frame_1428.jpg,2115,1376,-0.003772451467002169,-0.0041179700623553694,62.1256219317132,-11.454634512991701,59.13094139488169,2.54378987398556,2.9946805368315097,-13.99842438697726,14.315166671596847,-12.888356159916155,-13.440225531204376,18.621207985372127,0,1,-6.4441780799580775,-6.720112765602188,6.4441780799580775,6.720112765602188,1,4,14.315166671596847,951.411141537841,242.25953921875563,892.2802001429593,239.71574934477007,12,12,1.0959332844330283,0.08052818386895358,-6.5311499702315805,-0.08378286631177417,1.078643985372199,126.85102237230362,4.9227742731109486e-05,3.149459561720089e-05,1.0,1.0,0.0,521.4441780799581,0.0,1.0,130.72011276560218,0.0,0.0,1.0
frame_1430.jpg,frame_1430,1430,D:\visualization2026\visualization\left_downsample2_Q44\frame_1430.jpg,D:\visualization2026\visualization\right_downsample2_Q44\frame_1430.jpg,D:\visualization2026\dowsample2_Q44\stitched_frames\frame_1430.jpg,D:\visualization2026\dowsample2_Q44_hess_matched\stitched_frames\frame_1430.jpg,2115,1376,-0.003577941703860832,-0.004978610357733171,69.3444693948249,-13.32867155587491,60.06791721126854,-2.0184112945191544,9.276552183556362,-11.310260261355756,14.62793244426045,-5.352244496963781,-12.89838187206298,13.964769102023922,0,1,-2.6761222484818905,-6.44919093603149,2.6761222484818905,6.44919093603149,7,1,14.62793244426045,935.3075831378992,217.42212153136094,875.2396659266307,219.4405328258801,12,12,1.0961187773160965,0.08064685726362895,-2.7630941387553936,-0.08376952944164784,1.078652517945665,127.12194420187431,4.9227742731109486e-05,3.149459561720089e-05,1.0,1.0,0.0,517.6761222484819,0.0,1.0,130.4491909360315,0.0,0.0,1.0
frame_1432.jpg,frame_1432,1432,D:\visualization2026\visualization\left_downsample2_Q44\frame_1432.jpg,D:\visualization2026\visualization\right_downsample2_Q44\frame_1432.jpg,D:\visualization2026\dowsample2_Q44\stitched_frames\frame_1432.jpg,D:\visualization2026\dowsample2_Q44_hess_matched\stitched_frames\frame_1432.jpg,2136,1376,-0.0035049815123012196,-0.0047710858976843795,66.90078331574938,-12.813386153955676,213.29529193020426,15.151209316857035,-146.39450861445488,-27.96459547081271,149.04150681039798,-7.04743405266783,-13.038148897899118,14.820919452263754,1,0,-3.523717026333915,-6.519074448949559,3.523717026333915,6.519074448949559,0,0,149.04150681039798,914.6384057026594,581.9907302749408,701.3431137724551,566.8395209580838,12,12,1.1100054283576128,0.08167449276664981,-3.434585249626511,-0.07900010532726341,1.090640621797022,119.6002566147063,5.382254624801861e-05,3.608612127821072e-05,1.0,1.0,0.0,539.5237170263339,0.0,1.0,126.51907444894955,0.0,0.0,1.0
frame_1434.jpg,frame_1434,1434,D:\visualization2026\visualization\left_downsample2_Q44\frame_1434.jpg,D:\visualization2026\visualization\right_downsample2_Q44\frame_1434.jpg,D:\visualization2026\dowsample2_Q44\stitched_frames\frame_1434.jpg,D:\visualization2026\dowsample2_Q44_hess_matched\stitched_frames\frame_1434.jpg,2140,1382,-0.00349311141864439,-0.004710279915388194,66.2405328468773,-12.667433496516983,79.40442905088719,-0.08029687653603901,-13.163896204009887,-12.587136619980944,18.21329655938241,-17.973924827028306,-13.85952660871279,22.696881977603933,0,1,-8.986962413514153,-6.929763304356395,8.986962413514153,6.929763304356395,8,7,18.21329655938241,961.5776920236225,242.62726688775595,882.1732629727353,242.707563764292,12,12,1.102811233658474,0.09693704013598814,-9.14580966128226,-0.08593468240249086,1.1027994036953437,129.76418266270795,4.623628483346391e-05,4.728480795428439e-05,1.0,1.0,0.0,548.9869624135141,0.0,1.0,137.92976330435638,0.0,0.0,1.0
frame_1436.jpg,frame_1436,1436,D:\visualization2026\visualization\left_downsample2_Q44\frame_1436.jpg,D:\visualization2026\visualization\right_downsample2_Q44\frame_1436.jpg,D:\visualization2026\dowsample2_Q44\stitched_frames\frame_1436.jpg,D:\visualization2026\dowsample2_Q44_hess_matched\stitched_frames\frame_1436.jpg,2135,1373,-0.0035236464426658953,-0.0047040068010282265,66.35869540188274,-12.669175820671814,223.0571208510005,23.603123867248655,-156.69842544911774,-36.272299687920466,160.84177399818438,-34.00417764382984,-15.770354776757227,37.4831720511742,1,0,-17.00208882191492,-7.885177388378613,17.00208882191492,7.885177388378613,0,0,160.84177399818438,911.368418435937,589.6688900017826,688.3112975849365,566.065766134534,12,12,1.1024749876116864,0.08500950206826466,-16.875343081445006,-0.08295441675434125,1.0868676507357549,124.30157205786908,4.959765628648992e-05,3.861219813699639e-05,1.0,1.0,0.0,552.0020888219149,0.0,1.0,127.88517738837861,0.0,0.0,1.0
frame_1438.jpg,frame_1438,1438,D:\visualization2026\visualization\left_downsample2_Q44\frame_1438.jpg,D:\visualization2026\visualization\right_downsample2_Q44\frame_1438.jpg,D:\visualization2026\dowsample2_Q44\stitched_frames\frame_1438.jpg,D:\visualization2026\dowsample2_Q44_hess_matched\stitched_frames\frame_1438.jpg,2135,1370,-0.0036014870334424853,-0.004611178046852293,65.91357209797411,-12.49711926173911,223.4215563314773,20.048451737537107,-157.50798423350318,-32.545570999276215,160.8352551183055,-51.63777333497086,-18.10531294104561,54.71985007003419,1,0,-25.81888666748543,-9.052656470522805,25.81888666748543,9.052656470522805,0,0,160.8352551183055,906.5426412308509,583.3096139393231,683.1210848993736,563.261162201786,12,12,1.1074632040370693,0.08012301577059726,-25.75501452910143,-0.07622861736001986,1.0869294508139917,111.64696367692923,5.4795020003187806e-05,3.3999337478865895e-05,1.0,1.0,0.0,560.8188866674855,0.0,1.0,125.0526564705228,0.0,0.0,1.0
frame_1440.jpg,frame_1440,1440,D:\visualization2026\visualization\left_downsample2_Q44\frame_1440.jpg,D:\visualization2026\visualization\right_downsample2_Q44\frame_1440.jpg,D:\visualization2026\dowsample2_Q44\stitched_frames\frame_1440.jpg,D:\visualization2026\dowsample2_Q44_hess_matched\stitched_frames\frame_1440.jpg,2135,1370,-0.003744112782318343,-0.004548673967012307,66.14298377891512,-12.428988712998143,225.12017542069702,21.63921296569322,-158.9771916417819,-34.06820167869136,162.5865610311253,-70.87471190045135,-20.864401101577947,73.88198711661393,1,0,-35.43735595022567,-10.432200550788973,35.43735595022567,10.432200550788973,0,0,162.5865610311253,896.7654844928354,584.4460912725715,671.6453090721384,562.8068783068783,12,12,1.1069361598203216,0.07979599418742327,-35.37348381184167,-0.07630420950549333,1.0868825472292398,110.26741959666306,5.4795020003187806e-05,3.3999337478865895e-05,1.0,1.0,0.0,570.4373559502257,0.0,1.0,126.43220055078898,0.0,0.0,1.0
frame_1442.jpg,frame_1442,1442,D:\visualization2026\visualization\left_downsample2_Q44\frame_1442.jpg,D:\visualization2026\visualization\right_downsample2_Q44\frame_1442.jpg,D:\visualization2026\dowsample2_Q44\stitched_frames\frame_1442.jpg,D:\visualization2026\dowsample2_Q44_hess_matched\stitched_frames\frame_1442.jpg,2168,1378,-0.003862702452674005,-0.004505852472533878,66.42260163529613,-12.393355645774117,213.78691711397914,25.072989454156755,-147.364315478683,-37.46634509993087,152.05251885992527,-80.42642493632877,-21.964868727178303,83.3718494831505,1,0,-40.213212468164386,-10.982434363589151,40.213212468164386,10.982434363589151,0,0,152.05251885992527,914.1083550740211,587.4735546486887,700.321437960042,562.400565194532,12,12,1.133785819006281,0.08525144537942604,-39.83628100373261,-0.07213709251936762,1.1120755344319535,103.11428857306873,6.304615634634362e-05,4.274273757939906e-05,1.0,1.0,0.0,608.2132124681643,0.0,1.0,126.98243436358915,0.0,0.0,1.0
frame_1444.jpg,frame_1444,1444,D:\visualization2026\visualization\left_downsample2_Q44\frame_1444.jpg,D:\visualization2026\visualization\right_downsample2_Q44\frame_1444.jpg,D:\visualization2026\dowsample2_Q44\stitched_frames\frame_1444.jpg,D:\visualization2026\dowsample2_Q44_hess_matched\stitched_frames\frame_1444.jpg,2163,1372,-0.003902599283716557,-0.0043898831530641,65.53015651489113,-12.14807339452682,174.87874554630343,14.234504028115794,-109.3485890314123,-26.382577422642612,112.4862405568896,-80.29291244260315,-21.406715817846674,83.09752866735317,0,1,-40.14645622130158,-10.703357908923337,40.14645622130158,10.703357908923337,0,0,112.4862405568896,909.7104530130192,579.6617081510682,734.8317074667158,565.4272041229524,12,12,1.1323001992939243,0.07555289712350356,-39.975939470773,-0.0678234464966483,1.100215886567724,96.30780738820137,6.616698742821027e-05,3.4074451302102716e-05,1.0,1.0,0.0,603.1464562213016,0.0,1.0,118.70335790892334,0.0,0.0,1.0
frame_1446.jpg,frame_1446,1446,D:\visualization2026\visualization\left_downsample2_Q44\frame_1446.jpg,D:\visualization2026\visualization\right_downsample2_Q44\frame_1446.jpg,D:\visualization2026\dowsample2_Q44\stitched_frames\frame_1446.jpg,D:\visualization2026\dowsample2_Q44_hess_matched\stitched_frames\frame_1446.jpg,2151,1356,-0.003977841732540843,-0.004020566476008014,62.38417212078404,-11.33953853939355,179.95924676217612,16.741774324126027,-117.57507464139209,-28.081312863519578,120.88200159274247,-70.47417441927448,-19.189942373583065,73.04014751066539,1,0,-35.23708720963724,-9.594971186791533,35.23708720963724,9.594971186791533,0,0,120.88200159274247,889.8499720198079,565.8510490664943,709.8907252576317,549.1092747423683,12,12,1.126540842739183,0.05764760565144572,-35.38990758785188,-0.061791902934569216,1.0733958115053912,88.48466982771856,7.061495124524239e-05,1.8858167169484894e-05,1.0,1.0,0.0,586.2370872096373,0.0,1.0,100.59497118679153,0.0,0.0,1.0
frame_1448.jpg,frame_1448,1448,D:\visualization2026\visualization\left_downsample2_Q44\frame_1448.jpg,D:\visualization2026\visualization\right_downsample2_Q44\frame_1448.jpg,D:\visualization2026\dowsample2_Q44\stitched_frames\frame_1448.jpg,D:\visualization2026\dowsample2_Q44_hess_matched\stitched_frames\frame_1448.jpg,2151,1356,-0.004035630381157063,-0.003672443531170577,59.34167888305767,-10.570454118334867,200.68846230538009,14.2617394613726,-141.3467834223224,-24.832193579707464,143.51150135726746,-50.97021086634275,-15.314548394387481,53.22121558442159,1,0,-25.485105433171373,-7.657274197193741,25.485105433171373,7.657274197193741,0,0,143.51150135726746,910.6570263983101,560.9371104927459,709.96856409293,546.6753710313733,12,12,1.1272294784568726,0.05783151015402009,-25.637925811386015,-0.06165507255612072,1.0734323529191447,90.42236681731634,7.061495124524239e-05,1.8858167169484894e-05,1.0,1.0,0.0,576.4851054331714,0.0,1.0,98.65727419719374,0.0,0.0,1.0
frame_1450.jpg,frame_1450,1450,D:\visualization2026\visualization\left_downsample2_Q44\frame_1450.jpg,D:\visualization2026\visualization\right_downsample2_Q44\frame_1450.jpg,D:\visualization2026\dowsample2_Q44\stitched_frames\frame_1450.jpg,D:\visualization2026\dowsample2_Q44_hess_matched\stitched_frames\frame_1450.jpg,2124,1381,-0.004022115964618822,-0.0036272619154074093,58.82354890255422,-10.459521477268192,221.84447859013585,8.723252198747446,-163.02092968758163,-19.182773676015636,164.1456740889283,-30.35784405617566,-10.443807972651738,32.10407794515681,1,0,-15.17892202808783,-5.221903986325869,15.17892202808783,5.221903986325869,0,0,164.1456740889283,899.9654452699725,564.112755688804,678.1209666798367,555.3895034900565,12,12,1.1287502742066238,0.031106248195556085,-15.069051765956905,-0.06502616534686004,1.0738313583543782,97.83959429745511,7.431454276652665e-05,6.520858846576163e-06,1.0,1.0,0.0,539.1789220280879,0.0,1.0,102.22190398632587,0.0,0.0,1.0
frame_1452.jpg,frame_1452,1452,D:\visualization2026\visualization\left_downsample2_Q44\frame_1452.jpg,D:\visualization2026\visualization\right_downsample2_Q44\frame_1452.jpg,D:\visualization2026\dowsample2_Q44\stitched_frames\frame_1452.jpg,D:\visualization2026\dowsample2_Q44_hess_matched\stitched_frames\frame_1452.jpg,2094,1375,-0.004026711357334345,-0.0037867961874997746,60.400113304669105,-10.828408967335163,52.99194600594228,-6.581889601202818,7.4081672987268234,-4.246519366132345,8.538961848659504,-18.322299518376287,-6.236341643307823,19.354550284962635,0,1,-9.161149759188143,-3.1181708216539117,9.161149759188143,3.1181708216539117,6,9,8.538961848659504,1018.3369873282563,252.85543822248866,965.345041322314,259.4373278236915,12,12,1.0584547351823748,0.0834594872671713,-8.828387233168067,-0.09432158442545537,1.065106067578079,147.75979920172955,3.733746816391886e-05,3.276455942085426e-05,1.0,1.0,0.0,503.16114975918816,0.0,1.0,116.1181708216539,0.0,0.0,1.0
frame_1454.jpg,frame_1454,1454,D:\visualization2026\visualization\left_downsample2_Q44\frame_1454.jpg,D:\visualization2026\visualization\right_downsample2_Q44\frame_1454.jpg,D:\visualization2026\dowsample2_Q44\stitched_frames\frame_1454.jpg,D:\visualization2026\dowsample2_Q44_hess_matched\stitched_frames\frame_1454.jpg,2094,1375,-0.00402602884831077,-0.004010970381778112,62.57359131591723,-11.342985161500202,237.3382972207928,23.013751774615002,-174.7647059048756,-34.356736936115205,178.10976335651867,-14.863577252944614,-2.692149406355735,15.105416153830191,1,0,-7.431788626472307,-1.3460747031778675,7.431788626472307,1.3460747031778675,0,0,178.10976335651867,874.0405548077654,592.5970234252442,636.7022575869726,569.5832716506292,12,12,1.0585193051486115,0.08351614902276429,-7.099026100452231,-0.09425541884304836,1.0651641295266523,149.5318953202056,3.733746816391886e-05,3.276455942085426e-05,1.0,1.0,0.0,501.4317886264723,0.0,1.0,114.34607470317786,0.0,0.0,1.0
frame_1456.jpg,frame_1456,1456,D:\visualization2026\visualization\left_downsample2_Q44\frame_1456.jpg,D:\visualization2026\visualization\right_downsample2_Q44\frame_1456.jpg,D:\visualization2026\dowsample2_Q44\stitched_frames\frame_1456.jpg,D:\visualization2026\dowsample2_Q44_hess_matched\stitched_frames\frame_1456.jpg,2119,1369,-0.003979146030084313,-0.004177817212574153,63.919252668723026,-11.70143978553535,218.8110700979811,27.398834709759853,-154.89181742925805,-39.1002744952952,159.75076391725344,-19.981677259880648,0.18876873820452822,19.982568897780755,1,0,-9.990838629940324,0.09438436910226411,9.990838629940324,-0.09438436910226411,0,0,159.75076391725344,874.9012782180766,583.0070912774842,656.0902081200956,555.6082565677243,12,12,1.0755739205172983,0.0795687508660643,-9.726635179473444,-0.08353378439719839,1.0700269513930742,133.30308558314474,4.7328901903301905e-05,2.9617843163264134e-05,1.0,1.0,0.0,528.9908386299403,0.0,1.0,97.90561563089774,0.0,0.0,1.0
frame_1458.jpg,frame_1458,1458,D:\visualization2026\visualization\left_downsample2_Q44\frame_1458.jpg,D:\visualization2026\visualization\right_downsample2_Q44\frame_1458.jpg,D:\visualization2026\dowsample2_Q44\stitched_frames\frame_1458.jpg,D:\visualization2026\dowsample2_Q44_hess_matched\stitched_frames\frame_1458.jpg,2140,1376,-0.003923054726420683,-0.004177306079585996,63.58529847899505,-11.670595423313335,214.58304723289086,28.830298163715497,-150.99774875389582,-40.500893587028834,156.33503289439793,-30.275798533962217,3.176735481581342,30.442004289944617,1,0,-15.137899266981108,1.588367740790671,15.137899266981108,-1.588367740790671,0,0,156.33503289439793,885.8907105731281,581.9963058207794,671.3076633402372,553.1660076570639,12,12,1.117045602731273,0.08188063167027497,-15.448324890821382,-0.07600125052759146,1.0934569934890246,123.35743954847175,6.213735449726484e-05,3.4702863619969274e-05,1.0,1.0,0.0,555.1378992669811,0.0,1.0,94.41163225920933,0.0,0.0,1.0
frame_1460.jpg,frame_1460,1460,D:\visualization2026\visualization\left_downsample2_Q44\frame_1460.jpg,D:\visualization2026\visualization\right_downsample2_Q44\frame_1460.jpg,D:\visualization2026\dowsample2_Q44\stitched_frames\frame_1460.jpg,D:\visualization2026\dowsample2_Q44_hess_matched\stitched_frames\frame_1460.jpg,2121,1379,-0.003860303111879737,-0.004084361952845561,62.314446439578056,-11.42390566203641,109.68596825806617,-16.04796250457781,-47.37152181848811,4.6240568425414015,47.596669852864174,-37.169118802821615,6.935024916166531,37.810553595076044,0,1,-18.584559401410807,3.4675124580832657,18.584559401410807,-3.4675124580832657,4,4,47.596669852864174,1565.0807316014698,456.3392479687354,1455.3947633434036,472.3872104733132,12,12,1.076240509622895,0.08712811332150044,-18.59287201475305,-0.09014684588556607,1.084399611580823,147.75794996043632,4.3093925785032784e-05,3.99137078230037e-05,1.0,1.0,0.0,539.5845594014108,0.0,1.0,105.53248754191674,0.0,0.0,1.0
frame_1462.jpg,frame_1462,1462,D:\visualization2026\visualization\left_downsample2_Q44\frame_1462.jpg,D:\visualization2026\visualization\right_downsample2_Q44\frame_1462.jpg,D:\visualization2026\dowsample2_Q44\stitched_frames\frame_1462.jpg,D:\visualization2026\dowsample2_Q44_hess_matched\stitched_frames\frame_1462.jpg,2121,1379,-0.0037800726778877136,-0.003997136971098603,60.99662882139714,-11.181107346057026,221.2100155518856,28.722507086361702,-160.21338673048845,-39.90361443241873,165.10792752749393,-40.66163806645885,11.463637041960096,42.24670146268812,1,0,-20.330819033229425,5.731818520980048,20.330819033229425,-5.731818520980048,0,0,165.10792752749393,862.4708824172607,595.6166327694218,641.2608668653751,566.8941256830601,12,12,1.07616525643992,0.08705841362477293,-20.339131646571666,-0.090049268048137,1.0844899884314394,150.0222560233331,4.3093925785032784e-05,3.99137078230037e-05,1.0,1.0,0.0,541.3308190332294,0.0,1.0,103.26818147901996,0.0,0.0,1.0
frame_1464.jpg,frame_1464,1464,D:\visualization2026\visualization\left_downsample2_Q44\frame_1464.jpg,D:\visualization2026\visualization\right_downsample2_Q44\frame_1464.jpg,D:\visualization2026\dowsample2_Q44\stitched_frames\frame_1464.jpg,D:\visualization2026\dowsample2_Q44_hess_matched\stitched_frames\frame_1464.jpg,2105,1428,-0.003693277216160973,-0.003951427380772143,60.043558974483965,-11.030198906024737,223.2635141773685,27.473998942249068,-163.21995520288453,-38.504197848273805,167.7001104005917,-40.75335632487392,16.76257185896204,44.06608522513665,1,0,-20.37667816243696,8.38128592948102,20.37667816243696,-8.38128592948102,0,0,167.7001104005917,841.9537492361331,656.7372522555773,618.6902350587646,629.2632533133283,12,12,1.0209207198911083,0.11479104184425158,-20.06583455904517,-0.13553932609278513,1.1175380740437226,225.27783770243417,-1.8061531599018724e-07,7.553323624865224e-05,1.0,1.0,0.0,525.376678162437,0.0,1.0,163.618714070519,0.0,0.0,1.0
frame_1466.jpg,frame_1466,1466,D:\visualization2026\visualization\left_downsample2_Q44\frame_1466.jpg,D:\visualization2026\visualization\right_downsample2_Q44\frame_1466.jpg,D:\visualization2026\dowsample2_Q44\stitched_frames\frame_1466.jpg,D:\visualization2026\dowsample2_Q44_hess_matched\stitched_frames\frame_1466.jpg,2169,1375,-0.0036121365161419505,-0.003964228213765741,59.691987581886714,-11.016682445762237,204.30492079644887,33.073261474820924,-144.61293321456216,-44.08994392058316,151.1847333821758,-37.16851028167356,20.135282937222748,42.272068502983,1,0,-18.58425514083678,10.067641468611374,18.58425514083678,-10.067641468611374,0,0,151.1847333821758,876.5390683889345,577.269965969275,672.2341475924857,544.196704494454,12,12,1.1442314301302843,0.07809649445204409,-18.327288565016325,-0.06488641546326442,1.1079674602070109,114.93433714396001,7.407855860283355e-05,3.581315104608743e-05,1.0,1.0,0.0,587.5842551408368,0.0,1.0,74.93235853138863,0.0,0.0,1.0
frame_1468.jpg,frame_1468,1468,D:\visualization2026\visualization\left_downsample2_Q44\frame_1468.jpg,D:\visualization2026\visualization\right_downsample2_Q44\frame_1468.jpg,D:\visualization2026\dowsample2_Q44\stitched_frames\frame_1468.jpg,D:\visualization2026\dowsample2_Q44_hess_matched\stitched_frames\frame_1468.jpg,2181,1365,-0.0035472576986060878,-0.0040585127748843375,60.22727564784417,-11.198939361090876,94.36246647910389,-40.10002623647355,-34.13519083125971,28.901086875382678,44.72677135301557,-33.307900942079975,20.811447585533845,39.275088997643714,0,1,-16.653950471039987,10.405723792766922,16.653950471039987,-10.405723792766922,9,5,44.72677135301557,1109.745362494653,47.91746647489671,1015.382896015549,88.01749271137027,12,12,1.182183159677774,0.06052746783834035,-16.830265434014503,-0.046095916768417025,1.1023437955166462,85.41143649991567,9.62833456220912e-05,1.9982270454947435e-05,1.0,1.0,0.0,597.6539504710399,0.0,1.0,53.59427620723308,0.0,0.0,1.0
frame_1470.jpg,frame_1470,1470,D:\visualization2026\visualization\left_downsample2_Q44\frame_1470.jpg,D:\visualization2026\visualization\right_downsample2_Q44\frame_1470.jpg,D:\visualization2026\dowsample2_Q44\stitched_frames\frame_1470.jpg,D:\visualization2026\dowsample2_Q44_hess_matched\stitched_frames\frame_1470.jpg,2176,1362,-0.0035291636797816772,-0.004082356916077723,60.35275609805457,-11.244139239609833,58.08740789380431,76.87526074142421,2.265348204250259,-88.11939998103405,88.14851363184727,-29.171528306093133,18.79106580389533,34.6998878637888,1,1,-14.585764153046567,9.395532901947664,14.585764153046567,-9.395532901947664,4,3,88.14851363184727,1075.2359707904075,175.13281953201772,1017.1485628966032,98.2575587905935,12,12,1.1671758155355332,0.06867417820086669,-14.178420025544424,-0.04904484240683438,1.101929543917084,88.74634614348071,8.880749803693853e-05,2.4177524271842887e-05,1.0,1.0,0.0,590.5857641530465,0.0,1.0,60.60446709805234,0.0,0.0,1.0
frame_1472.jpg,frame_1472,1472,D:\visualization2026\visualization\left_downsample2_Q44\frame_1472.jpg,D:\visualization2026\visualization\right_downsample2_Q44\frame_1472.jpg,D:\visualization2026\dowsample2_Q44\stitched_frames\frame_1472.jpg,D:\visualization2026\dowsample2_Q44_hess_matched\stitched_frames\frame_1472.jpg,2113,1367,-0.003542226923884617,-0.00398498517482293,59.48357002599449,-11.027382383777791,270.2350275413328,44.10972225988894,-210.7514575153383,-55.13710464366673,217.84461699414584,-24.759392373713045,14.074137592307203,28.479972957899285,1,0,-12.379696186856522,7.037068796153601,12.379696186856522,-7.037068796153601,0,0,217.84461699414584,870.6129872820356,597.2425779405439,600.3779597407029,553.132855680655,12,12,1.0751639787923968,0.08627919646739234,-12.734864825254322,-0.08431591583719361,1.0732033560192604,142.26850038990963,4.794705297907528e-05,3.402366382890356e-05,1.0,1.0,0.0,525.3796961868566,0.0,1.0,88.9629312038464,0.0,0.0,1.0
frame_1474.jpg,frame_1474,1474,D:\visualization2026\visualization\left_downsample2_Q44\frame_1474.jpg,D:\visualization2026\visualization\right_downsample2_Q44\frame_1474.jpg,D:\visualization2026\dowsample2_Q44\stitched_frames\frame_1474.jpg,D:\visualization2026\dowsample2_Q44_hess_matched\stitched_frames\frame_1474.jpg,2085,1348,-0.0035577887575219957,-0.003776479724186821,57.54955883556674,-10.556668553339271,277.23703047826916,39.06772571530246,-219.6874716427024,-49.62439426864173,225.22248045719763,-20.071493144939712,6.660662950769465,21.14779581921281,1,0,-10.035746572469856,3.3303314753847326,10.035746572469856,-3.3303314753847326,0,0,225.22248045719763,854.2166111652868,583.1985049272125,576.9795806870177,544.1307792119101,12,12,1.058499518390264,0.06519843568145031,-9.74708746933481,-0.0800451227338591,1.041217409477414,132.0163459333934,4.783336573857676e-05,1.8596558953801903e-05,1.0,1.0,0.0,495.03574657246986,0.0,1.0,83.66966852461526,0.0,0.0,1.0
frame_1476.jpg,frame_1476,1476,D:\visualization2026\visualization\left_downsample2_Q44\frame_1476.jpg,D:\visualization2026\visualization\right_downsample2_Q44\frame_1476.jpg,D:\visualization2026\dowsample2_Q44\stitched_frames\frame_1476.jpg,D:\visualization2026\dowsample2_Q44_hess_matched\stitched_frames\frame_1476.jpg,2068,1361,-0.003613690927037949,-0.003329926858658294,53.5399172379727,-9.560488733000204,-16.82241116047601,-168.89859031667402,70.36232839844871,159.33810158367382,174.1823408785756,-16.01237136343513,1.1935791242639413,16.056795066464417,1,0,-8.006185681717565,0.5967895621319707,8.006185681717565,-0.5967895621319707,2,6,174.1823408785756,954.8576299917873,294.5756895187169,971.6800411522634,463.4742798353909,12,12,1.0850659564069984,0.028530110669580867,-7.609885744427114,-0.06535526788830989,1.0641599552514187,105.5536910531939,6.374533807917195e-05,1.2865494755917492e-05,1.0,1.0,0.0,476.00618568171757,0.0,1.0,87.40321043786803,0.0,0.0,1.0
frame_1478.jpg,frame_1478,1478,D:\visualization2026\visualization\left_downsample2_Q44\frame_1478.jpg,D:\visualization2026\visualization\right_downsample2_Q44\frame_1478.jpg,D:\visualization2026\dowsample2_Q44\stitched_frames\frame_1478.jpg,D:\visualization2026\dowsample2_Q44_hess_matched\stitched_frames\frame_1478.jpg,2156,1358,-0.0036796567806557934,-0.0026853656673746507,47.66597862849663,-8.114799081776248,58.361673315889675,0.05148725052976033,-10.695694687393043,-8.166286332306008,13.456824190987103,-12.582027029199292,-2.3271138872093697,12.795423525915204,0,1,-6.291013514599646,-1.1635569436046849,6.291013514599646,1.1635569436046849,6,3,13.456824190987103,1068.0987912198198,126.02761534368842,1009.7371179039301,125.97612809315866,12,12,1.1053860459272777,0.08586069467200905,-5.992035197651282,-0.06338718230556603,1.1217444583775429,99.82539645842,5.7337000446980205e-05,5.483322389608521e-05,1.0,1.0,0.0,562.2910135145996,0.0,1.0,111.16355694360469,0.0,0.0,1.0
frame_1480.jpg,frame_1480,1480,D:\visualization2026\visualization\left_downsample2_Q44\frame_1480.jpg,D:\visualization2026\visualization\right_downsample2_Q44\frame_1480.jpg,D:\visualization2026\dowsample2_Q44\stitched_frames\frame_1480.jpg,D:\visualization2026\dowsample2_Q44_hess_matched\stitched_frames\frame_1480.jpg,2143,1326,-0.0036847860596594395,-0.0019811093998457485,40.85537963244344,-6.499807073632311,82.62417125160937,-5.43323930544237,-41.76879161916593,-1.0665677681899401,41.782406825474375,-9.780460142232208,-3.9014160836504685,10.529883572554798,1,1,-4.890230071116104,-1.9507080418252343,4.890230071116104,1.9507080418252343,2,11,41.782406825474375,1086.040837918276,68.70009402789096,1003.4166666666667,74.13333333333333,12,12,1.117026452858612,0.04176145008664669,-5.2428380359718965,-0.045333191690296176,1.0671863100467496,70.31662993795709,7.684910033936165e-05,1.7144664208255844e-05,1.0,1.0,0.0,547.8902300711161,0.0,1.0,60.95070804182524,0.0,0.0,1.0
frame_1482.jpg,frame_1482,1482,D:\visualization2026\visualization\left_downsample2_Q44\frame_1482.jpg,D:\visualization2026\visualization\right_downsample2_Q44\frame_1482.jpg,D:\visualization2026\dowsample2_Q44\stitched_frames\frame_1482.jpg,D:\visualization2026\dowsample2_Q44_hess_matched\stitched_frames\frame_1482.jpg,2166,1329,-0.003627493749943811,-0.0016923881045395328,37.71489675466312,-5.806296990080571,211.20083070593978,34.3304913066159,-173.48593395127665,-40.136788296696466,178.06833254040583,-7.60767070253387,-3.5293274650593545,8.386465636596533,1,0,-3.803835351266935,-1.7646637325296772,3.803835351266935,1.7646637325296772,0,0,178.06833254040583,869.4418194460291,543.8373871690984,658.2409887400893,509.5068958624825,12,12,1.157617511507749,0.04638061980109487,-3.6013296480730563,-0.03271823166760324,1.0924319498628186,49.704503150644086,9.223111728936596e-05,2.103804257767319e-05,1.0,1.0,0.0,569.8038353512669,0.0,1.0,58.76466373252968,0.0,0.0,1.0
frame_1484.jpg,frame_1484,1484,D:\visualization2026\visualization\left_downsample2_Q44\frame_1484.jpg,D:\visualization2026\visualization\right_downsample2_Q44\frame_1484.jpg,D:\visualization2026\dowsample2_Q44\stitched_frames\frame_1484.jpg,D:\visualization2026\dowsample2_Q44_hess_matched\stitched_frames\frame_1484.jpg,2151,1357,-0.0035369072090011833,-0.0019610077851233143,39.7927796704183,-6.375410290818631,211.88423462574906,36.97254123155824,-172.09145495533076,-43.34795152237687,177.4669371173937,-4.4638963140576635,-12.918568515074327,13.668057022902973,1,0,-2.2319481570288318,-6.459284257537163,2.2319481570288318,6.459284257537163,0,0,177.4669371173937,843.8581771565362,585.2188378583653,631.9739425307871,548.2462966268071,12,12,1.1013791150804426,0.07559677375592112,-1.8457984955710245,-0.06711857107711545,1.1054005434477268,100.59162467734346,5.648268180143566e-05,4.69552760237967e-05,1.0,1.0,0.0,553.2319481570288,0.0,1.0,103.45928425753716,0.0,0.0,1.0
frame_1486.jpg,frame_1486,1486,D:\visualization2026\visualization\left_downsample2_Q44\frame_1486.jpg,D:\visualization2026\visualization\right_downsample2_Q44\frame_1486.jpg,D:\visualization2026\dowsample2_Q44\stitched_frames\frame_1486.jpg,D:\visualization2026\dowsample2_Q44_hess_matched\stitched_frames\frame_1486.jpg,2158,1340,-0.0034200443124182134,-0.0026526343851086542,45.82535703706052,-7.90228840164634,50.34500375473522,-9.00991980383364,-4.519646717674696,1.1076314021873,4.6533916422002415,-0.12993123286971908,-20.508855176026987,20.50926675326361,0,1,-0.06496561643485954,-10.254427588013494,0.06496561643485954,10.254427588013494,11,3,4.6533916422002415,1068.6127633175768,82.2698616169314,1018.2677595628415,91.27978142076503,12,12,1.1261888658356423,0.0652183449837576,-0.3126336148401503,-0.05053063513824303,1.097559492725473,69.71786504501148,7.316697588859239e-05,3.5630455450652015e-05,1.0,1.0,0.0,558.0649656164348,0.0,1.0,86.2544275880135,0.0,0.0,1.0
frame_1488.jpg,frame_1488,1488,D:\visualization2026\visualization\left_downsample2_Q44\frame_1488.jpg,D:\visualization2026\visualization\right_downsample2_Q44\frame_1488.jpg,D:\visualization2026\dowsample2_Q44\stitched_frames\frame_1488.jpg,D:\visualization2026\dowsample2_Q44_hess_matched\stitched_frames\frame_1488.jpg,2167,1339,-0.0032901150519860645,-0.003171745169301632,50.105591457859624,-9.025979052935638,45.08241420287163,46.08651252944523,5.023177254987992,-55.11249158238087,55.3409345616157,3.485800767406923,-27.023038732281552,27.246934310421853,0,1,1.7429003837034616,-13.511519366140776,-1.7429003837034616,13.511519366140776,2,6,55.3409345616157,1071.7972951552526,131.98889348182618,1026.714880952381,85.90238095238095,12,12,1.1428794837163294,0.06472153321740198,2.2872566104091065,-0.04448792741120256,1.1039492781522633,55.75036272348085,8.065556097741034e-05,3.460778680145611e-05,1.0,1.0,0.0,565.2570996162965,0.0,1.0,85.51151936614077,0.0,0.0,1.0
frame_1490.jpg,frame_1490,1490,D:\visualization2026\visualization\left_downsample2_Q44\frame_1490.jpg,D:\visualization2026\visualization\right_downsample2_Q44\frame_1490.jpg,D:\visualization2026\dowsample2_Q44\stitched_frames\frame_1490.jpg,D:\visualization2026\dowsample2_Q44_hess_matched\stitched_frames\frame_1490.jpg,2169,1337,-0.0031684540822398133,-0.003290269102354859,50.543283508243604,-9.233879085855722,38.02514079726734,34.56536111759027,12.518142710976264,-43.79924020344599,45.55301679726083,6.383299686772262,-32.461119183838015,33.08278666555288,0,1,3.191649843386131,-16.230559591919008,-3.191649843386131,16.230559591919008,4,3,45.55301679726083,1069.8698481069428,119.80527619190025,1031.8447073096754,85.23991507430998,12,12,1.1501175539158257,0.06394466611409498,2.935115607573039,-0.04103694671518817,1.1067159806252727,47.24327100953576,8.395877084233863e-05,3.441872898407816e-05,1.0,1.0,0.0,565.8083501566139,0.0,1.0,86.230559591919,0.0,0.0,1.0
frame_1492.jpg,frame_1492,1492,D:\visualization2026\visualization\left_downsample2_Q44\frame_1492.jpg,D:\visualization2026\visualization\right_downsample2_Q44\frame_1492.jpg,D:\visualization2026\dowsample2_Q44\stitched_frames\frame_1492.jpg,D:\visualization2026\dowsample2_Q44_hess_matched\stitched_frames\frame_1492.jpg,2160,1381,-0.0030755459767731197,-0.003227311668236088,49.38682725048736,-9.040118281814363,60.75444524550153,-49.140698589269775,-11.367617995014172,40.10058030745541,41.68068233456898,8.562565525226297,-36.82309653069639,37.805528252925896,1,1,4.281282762613149,-18.411548265348195,-4.281282762613149,18.411548265348195,6,6,41.68068233456898,1082.4572812504337,96.19921098738457,1021.7028360049321,145.33990957665435,12,12,1.0839523320952793,0.11223614157158071,4.503156893504741,-0.08658398996027146,1.139715527040738,119.44041192729222,3.538905968122113e-05,7.601982057319161e-05,1.0,1.0,0.0,555.7187172373868,0.0,1.0,150.4115482653482,0.0,0.0,1.0
frame_1494.jpg,frame_1494,1494,D:\visualization2026\visualization\left_downsample2_Q44\frame_1494.jpg,D:\visualization2026\visualization\right_downsample2_Q44\frame_1494.jpg,D:\visualization2026\dowsample2_Q44\stitched_frames\frame_1494.jpg,D:\visualization2026\dowsample2_Q44_hess_matched\stitched_frames\frame_1494.jpg,2159,1351,-0.0030743115029515655,-0.0030734127792509947,47.88471388500798,-8.68595329973781,212.99842203203775,27.0774491979505,-165.11370814702977,-35.76340249768831,168.94246824370177,8.423835886722411,-28.401250289218346,29.62417980362085,1,0,4.211917943361206,-14.200625144609173,-4.211917943361206,14.200625144609173,0,0,168.94246824370177,831.7779157335881,568.3885562715939,618.7794937015503,541.3111070736434,12,12,1.115860370901317,0.07829069425931352,4.25451132040134,-0.06019157786117278,1.109373242033522,80.48556961845452,6.355862340165761e-05,4.6953327359064365e-05,1.0,1.0,0.0,554.7880820566388,0.0,1.0,104.20062514460918,0.0,0.0,1.0
frame_1496.jpg,frame_1496,1496,D:\visualization2026\visualization\left_downsample2_Q44\frame_1496.jpg,D:\visualization2026\visualization\right_downsample2_Q44\frame_1496.jpg,D:\visualization2026\dowsample2_Q44\stitched_frames\frame_1496.jpg,D:\visualization2026\dowsample2_Q44_hess_matched\stitched_frames\frame_1496.jpg,2200,1330,-0.003138377897764777,-0.0028648944039167956,46.23506840917288,-8.240866937640034,206.06709133605523,26.626828797175904,-159.83202292688236,-34.86769573481594,163.59105036265018,8.38467128474612,-25.264214837691192,26.619227335109894,1,0,4.19233564237306,-12.632107418845596,-4.19233564237306,12.632107418845596,0,0,163.59105036265018,859.844682163001,551.1957201787425,653.7775908269458,524.5688913815666,12,12,1.1627535417725776,0.10736724123897562,4.086218488114078,-0.04200150130754425,1.1208430490038608,53.09784836741217,8.334644993842754e-05,5.0783440309080684e-05,1.0,1.0,0.0,595.8076643576269,0.0,1.0,84.63210741884559,0.0,0.0,1.0
frame_1498.jpg,frame_1498,1498,D:\visualization2026\visualization\left_downsample2_Q44\frame_1498.jpg,D:\visualization2026\visualization\right_downsample2_Q44\frame_1498.jpg,D:\visualization2026\dowsample2_Q44\stitched_frames\frame_1498.jpg,D:\visualization2026\dowsample2_Q44_hess_matched\stitched_frames\frame_1498.jpg,2200,1330,-0.0031536333754875745,-0.0027152526309708325,44.87102352403786,-7.905203311169947,40.5414944615693,5.098057063820761,4.329529062468559,-13.003260374990708,13.705094026768418,10.353495492920455,-26.6891388917507,28.62699781159533,0,1,5.176747746460228,-13.34456944587535,-5.176747746460228,13.34456944587535,5,10,13.705094026768418,1098.110286407878,91.74794520699749,1057.5687919463087,86.64988814317672,12,12,1.1628355890267297,0.10741723307230307,5.070630592201246,-0.04206088248821312,1.1208068677310385,52.38538634038241,8.334644993842754e-05,5.0783440309080684e-05,1.0,1.0,0.0,594.8232522535397,0.0,1.0,85.34456944587535,0.0,0.0,1.0
frame_1500.jpg,frame_1500,1500,D:\visualization2026\visualization\left_downsample2_Q44\frame_1500.jpg,D:\visualization2026\visualization\right_downsample2_Q44\frame_1500.jpg,D:\visualization2026\dowsample2_Q44\stitched_frames\frame_1500.jpg,D:\visualization2026\dowsample2_Q44_hess_matched\stitched_frames\frame_1500.jpg,2138,1368,-0.0030450220987927046,-0.0025852235511619748,42.97097430394084,-7.549069807469807,224.9375210883777,23.966385721992992,-181.96654678443687,-31.5154555294628,184.67552107922208,5.378065593504864,-18.764594775576693,19.520082136600784,1,0,2.689032796752432,-9.382297387788347,-2.689032796752432,9.382297387788347,0,0,184.67552107922208,813.9139532640975,593.1701257041835,588.9764321757198,569.2037399821905,12,12,1.0968713766748222,0.10874115125305296,2.543095629555925,-0.07845901357349908,1.1262746005088027,114.84607713785995,4.8577340052553444e-05,6.59540660451339e-05,1.0,1.0,0.0,535.3109672032475,0.0,1.0,132.38229738778836,0.0,0.0,1.0
frame_1502.jpg,frame_1502,1502,D:\visualization2026\visualization\left_downsample2_Q44\frame_1502.jpg,D:\visualization2026\visualization\right_downsample2_Q44\frame_1502.jpg,D:\visualization2026\dowsample2_Q44\stitched_frames\frame_1502.jpg,D:\visualization2026\dowsample2_Q44_hess_matched\stitched_frames\frame_1502.jpg,2118,1348,-0.0028807635767328366,-0.0023961984575888717,40.171491632172405,-7.027984689030809,19.856381292451374,36.1968808275989,20.31511033972103,-43.22486551662971,47.76078629007027,0.5115550665758573,-18.181203039698314,18.18839829553099,0,1,0.2557775332879286,-9.090601519849157,-0.2557775332879286,9.090601519849157,8,2,47.76078629007027,1030.8652645411823,160.24193158902023,1011.008883248731,124.04505076142132,12,12,1.0826608241615807,0.08066695673752469,0.08952526178922238,-0.07287127570701504,1.0845003918020313,106.73129211899919,5.3028524146486076e-05,4.297704505421897e-05,1.0,1.0,0.0,517.744222466712,0.0,1.0,109.09060151984916,0.0,0.0,1.0
frame_1504.jpg,frame_1504,1504,D:\visualization2026\visualization\left_downsample2_Q44\frame_1504.jpg,D:\visualization2026\visualization\right_downsample2_Q44\frame_1504.jpg,D:\visualization2026\dowsample2_Q44\stitched_frames\frame_1504.jpg,D:\visualization2026\dowsample2_Q44_hess_matched\stitched_frames\frame_1504.jpg,2154,1338,-0.0027581468445918023,-0.0022691999082203873,38.21873353448537,-6.671404057765546,54.67204714484092,-17.89287434941727,-16.45331361035555,11.221470291651723,19.915645213427894,-4.246036087866566,-24.938963684115578,25.297840463112674,0,1,-2.123018043933283,-12.469481842057789,2.123018043933283,12.469481842057789,5,9,19.915645213427894,1091.6786405514342,74.10053224398932,1037.0065934065933,91.99340659340659,12,12,1.1624660438374579,0.0758748296677493,-2.130244506026341,-0.03939665568356753,1.1133428050267276,48.884111042493856,9.130005907842506e-05,3.7386253169041345e-05,1.0,1.0,0.0,556.1230180439333,0.0,1.0,90.46948184205779,0.0,0.0,1.0
frame_1506.jpg,frame_1506,1506,D:\visualization2026\visualization\left_downsample2_Q44\frame_1506.jpg,D:\visualization2026\visualization\right_downsample2_Q44\frame_1506.jpg,D:\visualization2026\dowsample2_Q44\stitched_frames\frame_1506.jpg,D:\visualization2026\dowsample2_Q44_hess_matched\stitched_frames\frame_1506.jpg,2141,1343,-0.0027517861716030434,-0.002322164270452509,38.69588769042251,-6.789700780298087,220.39565232564723,11.106337152293918,-181.6997646352247,-17.896037932592005,182.5789490663719,-10.858140895232921,-27.14454352421693,29.235688239527335,1,0,-5.429070447616461,-13.572271762108466,5.429070447616461,13.572271762108466,0,0,182.5789490663719,817.7665589727635,553.5472584621668,597.3709066471163,542.4409213098729,12,12,1.131163786774464,0.07735392455037586,-5.5372040516020675,-0.052818139481824976,1.101247072447619,69.77733266060638,7.606265626511387e-05,3.9022710430999836e-05,1.0,1.0,0.0,546.4290704476165,0.0,1.0,100.57227176210847,0.0,0.0,1.0
frame_1508.jpg,frame_1508,1508,D:\visualization2026\visualization\left_downsample2_Q44\frame_1508.jpg,D:\visualization2026\visualization\right_downsample2_Q44\frame_1508.jpg,D:\visualization2026\dowsample2_Q44\stitched_frames\frame_1508.jpg,D:\visualization2026\dowsample2_Q44_hess_matched\stitched_frames\frame_1508.jpg,2118,1333,-0.0028273430893939744,-0.0024918747702008526,40.78750420198821,-7.219499555847929,60.24593091173176,39.5725640412291,-19.45842670974355,-46.79206359707703,50.67669667304058,-19.32475935552321,-24.797942560002372,31.438579474239273,0,1,-9.662379677761605,-12.398971280001186,9.662379677761605,12.398971280001186,2,5,50.67669667304058,1060.9594060890367,130.30211486865227,1000.713475177305,90.72955082742317,12,12,1.1028126134933025,0.05765472403004103,-9.668384284392827,-0.057304695782341354,1.0679343005865016,77.3257253296167,7.010840739577239e-05,2.4368692280837854e-05,1.0,1.0,0.0,527.6623796777616,0.0,1.0,89.39897128000119,0.0,0.0,1.0
frame_1510.jpg,frame_1510,1510,D:\visualization2026\visualization\left_downsample2_Q44\frame_1510.jpg,D:\visualization2026\visualization\right_downsample2_Q44\frame_1510.jpg,D:\visualization2026\dowsample2_Q44\stitched_frames\frame_1510.jpg,D:\visualization2026\dowsample2_Q44_hess_matched\stitched_frames\frame_1510.jpg,2113,1350,-0.002919692681412678,-0.002623907542295578,42.61163716925577,-7.571633779511139,234.89880110381944,17.66594991973193,-192.28716393456367,-25.237583699243068,193.93630151411588,-20.570739844443672,-37.288679399963485,42.58639394385305,1,0,-10.285369922221836,-18.644339699981742,10.285369922221836,18.644339699981742,0,0,193.93630151411588,796.1038284636005,572.6284442197775,561.2050273597811,554.9624943000456,12,12,1.0690602322424356,0.07904012300010801,-10.13672888640355,-0.07989446227627706,1.0750458799160747,107.96804164392967,4.604126613936492e-05,4.202524300884995e-05,1.0,1.0,0.0,523.2853699222219,0.0,1.0,121.64433969998174,0.0,0.0,1.0
frame_1512.jpg,frame_1512,1512,D:\visualization2026\visualization\left_downsample2_Q44\frame_1512.jpg,D:\visualization2026\visualization\right_downsample2_Q44\frame_1512.jpg,D:\visualization2026\dowsample2_Q44\stitched_frames\frame_1512.jpg,D:\visualization2026\dowsample2_Q44_hess_matched\stitched_frames\frame_1512.jpg,2137,1322,-0.003012466912555467,-0.002650169950815795,43.41087680922243,-7.681033806736862,65.42885877095284,23.810826888820046,-22.017981961730413,-31.49186069555691,38.42562712221426,-17.052227236812293,-39.92057082718444,43.41002682450372,0,1,-8.526113618406146,-19.96028541359222,8.526113618406146,19.96028541359222,5,7,38.42562712221426,1073.6221045495645,97.82708705142167,1008.1932457786116,74.01626016260163,12,12,1.1485982634542493,0.05055427503219949,-8.751848855676133,-0.03735008376344182,1.0747661838259757,37.05983287739295,9.495146402151031e-05,1.5714069366422724e-05,1.0,1.0,0.0,545.5261136184062,0.0,1.0,77.96028541359222,0.0,0.0,1.0
frame_1514.jpg,frame_1514,1514,D:\visualization2026\visualization\left_downsample2_Q44\frame_1514.jpg,D:\visualization2026\visualization\right_downsample2_Q44\frame_1514.jpg,D:\visualization2026\dowsample2_Q44\stitched_frames\frame_1514.jpg,D:\visualization2026\dowsample2_Q44_hess_matched\stitched_frames\frame_1514.jpg,2131,1320,-0.0031373195243144525,-0.0026381208420892532,44.026131139787225,-7.719399026979353,66.70934719474508,43.51281488117449,-22.683216054957853,-51.232213908153845,56.02917126396508,-15.248031182673827,-34.996333510959964,38.173889167310854,0,1,-7.624015591336914,-17.498166755479982,7.624015591336914,17.498166755479982,1,5,56.02917126396508,1077.1583136030138,93.93917147032178,1010.4489664082687,50.42635658914729,12,12,1.1605778087890322,0.02746255256029721,-7.2082487673685165,-0.029322219589116166,1.060448220248422,25.909741123688047,0.0001087359555867139,-2.36638923018453e-06,1.0,1.0,0.0,538.624015591337,0.0,1.0,55.498166755479986,0.0,0.0,1.0
frame_1516.jpg,frame_1516,1516,D:\visualization2026\visualization\left_downsample2_Q44\frame_1516.jpg,D:\visualization2026\visualization\right_downsample2_Q44\frame_1516.jpg,D:\visualization2026\dowsample2_Q44\stitched_frames\frame_1516.jpg,D:\visualization2026\dowsample2_Q44_hess_matched\stitched_frames\frame_1516.jpg,2131,1310,-0.003218272438161862,-0.002505278802764188,43.21059957232382,-7.457076635357953,43.573906694216475,23.487677153459487,-0.36330712189265313,-30.94475378881744,30.9468864203711,-15.202707466768391,-29.847341130314934,33.49606076644722,0,1,-7.601353733384196,-14.923670565157467,7.601353733384196,14.923670565157467,10,3,30.9468864203711,1089.5662564209924,65.05489026821358,1045.992349726776,41.5672131147541,12,12,1.1461400697002002,0.03378313745367288,-7.977774015166057,-0.03384687500889805,1.0476886367036833,37.0338478663419,0.00010188326215840277,-6.691958829400663e-07,1.0,1.0,0.0,538.6013537333841,0.0,1.0,47.923670565157465,0.0,0.0,1.0
frame_1518.jpg,frame_1518,1518,D:\visualization2026\visualization\left_downsample2_Q44\frame_1518.jpg,D:\visualization2026\visualization\right_downsample2_Q44\frame_1518.jpg,D:\visualization2026\dowsample2_Q44\stitched_frames\frame_1518.jpg,D:\visualization2026\dowsample2_Q44_hess_matched\stitched_frames\frame_1518.jpg,2153,1351,-0.003204338292029374,-0.002239660131874599,40.54882679693366,-6.839569116010505,67.5501783529935,-33.7062307107756,-27.001351556059838,26.866661594765095,38.090556455656575,-8.807231180774712,-21.6034180759939,23.3297019620438,1,1,-4.403615590387356,-10.80170903799695,4.403615590387356,10.80170903799695,1,7,38.090556455656575,1128.8336482983486,47.60114633840473,1061.2834699453551,81.30737704918033,12,12,1.141979810946083,0.09076537444158136,-4.638282596415773,-0.053111238802074995,1.1130983028620813,72.24786515332988,8.379174192077545e-05,4.2369279665734514e-05,1.0,1.0,0.0,557.4036155903874,0.0,1.0,85.80170903799694,0.0,0.0,1.0
frame_1520.jpg,frame_1520,1520,D:\visualization2026\visualization\left_downsample2_Q44\frame_1520.jpg,D:\visualization2026\visualization\right_downsample2_Q44\frame_1520.jpg,D:\visualization2026\dowsample2_Q44\stitched_frames\frame_1520.jpg,D:\visualization2026\dowsample2_Q44_hess_matched\stitched_frames\frame_1520.jpg,2120,1335,-0.003161086875271335,-0.002033537783481698,38.29300922830338,-6.343219287785173,58.80459498451319,7.0537809553066495,-20.511585756209804,-13.397000243091822,24.499076834602384,-2.8465733484773503,-20.49936994783258,20.6960660050736,0,1,-1.4232866742386752,-10.24968497391629,1.4232866742386752,10.24968497391629,3,2,24.499076834602384,1090.1492869897556,75.50288536771382,1031.3446920052425,68.44910441240717,12,12,1.099646285580762,0.06427125570150606,-1.352238918627727,-0.05901819700854128,1.064539443578566,82.41260359702672,7.372779272784945e-05,2.241123164511596e-05,1.0,1.0,0.0,521.4232866742386,0.0,1.0,72.24968497391629,0.0,0.0,1.0
frame_1522.jpg,frame_1522,1522,D:\visualization2026\visualization\left_downsample2_Q44\frame_1522.jpg,D:\visualization2026\visualization\right_downsample2_Q44\frame_1522.jpg,D:\visualization2026\dowsample2_Q44\stitched_frames\frame_1522.jpg,D:\visualization2026\dowsample2_Q44_hess_matched\stitched_frames\frame_1522.jpg,2133,1357,-0.0031482890800680896,-0.0019360653129132377,37.27116334137284,-6.112551499064262,27.31176387313485,-15.840306075112508,9.95939946823799,9.727754576048246,13.921883739629735,-1.9934332469797833,-19.283972862344257,19.3867322018383,0,1,-0.9967166234898917,-9.641986431172128,0.9967166234898917,9.641986431172128,11,3,13.921883739629735,1070.5686217284965,83.98845535464643,1043.2568578553617,99.82876142975894,12,12,1.0955510322390523,0.10144112280443708,-0.9173851567302511,-0.07273685747040297,1.1069467253966412,105.76868929662822,5.939326001333675e-05,5.3920071348141214e-05,1.0,1.0,0.0,533.9967166234899,0.0,1.0,102.64198643117213,0.0,0.0,1.0
frame_1524.jpg,frame_1524,1524,D:\visualization2026\visualization\left_downsample2_Q44\frame_1524.jpg,D:\visualization2026\visualization\right_downsample2_Q44\frame_1524.jpg,D:\visualization2026\dowsample2_Q44\stitched_frames\frame_1524.jpg,D:\visualization2026\dowsample2_Q44_hess_matched\stitched_frames\frame_1524.jpg,2163,1338,-0.003167633377458401,-0.0019481218524699528,37.50173175127567,-6.150478292453398,30.38165864474672,39.56149497489385,7.120073106528949,-45.71197326734725,46.26315965254628,-1.0231769188790723,-18.550241329988307,18.578437620212664,0,1,-0.5115884594395361,-9.275120664994153,0.5115884594395361,9.275120664994153,3,8,46.26315965254628,1106.3941197039367,100.08485946087515,1076.01246105919,60.523364485981304,12,12,1.184341526123391,0.07082498558963933,-0.6052044877062877,-0.03244806595747529,1.106215721655795,41.24745301799989,0.00010954509533724027,2.514373357332997e-05,1.0,1.0,0.0,563.5115884594395,0.0,1.0,61.275120664994155,0.0,0.0,1.0
frame_1526.jpg,frame_1526,1526,D:\visualization2026\visualization\left_downsample2_Q44\frame_1526.jpg,D:\visualization2026\visualization\right_downsample2_Q44\frame_1526.jpg,D:\visualization2026\dowsample2_Q44\stitched_frames\frame_1526.jpg,D:\visualization2026\dowsample2_Q44_hess_matched\stitched_frames\frame_1526.jpg,2169,1340,-0.003116724498794521,-0.001970341367154238,37.418964370163444,-6.174588465097122,33.51657098456826,18.693179896278707,3.9023933855951825,-24.86776836137583,25.172099185625775,0.06419563582478238,-18.298175350764723,18.298287959451088,0,1,0.03209781791239119,-9.149087675382361,-0.03209781791239119,9.149087675382361,5,8,25.172099185625775,1115.6157985543841,86.28200936746111,1082.0992275698159,67.58882947118241,12,12,1.1930025768817072,0.08015889558059769,0.37948517736098064,-0.03000566741473499,1.1214793247592174,36.65741545587676,0.00011118038219909283,3.214474712207949e-05,1.0,1.0,0.0,568.9679021820876,0.0,1.0,66.14908767538236,0.0,0.0,1.0
frame_1528.jpg,frame_1528,1528,D:\visualization2026\visualization\left_downsample2_Q44\frame_1528.jpg,D:\visualization2026\visualization\right_downsample2_Q44\frame_1528.jpg,D:\visualization2026\dowsample2_Q44\stitched_frames\frame_1528.jpg,D:\visualization2026\dowsample2_Q44_hess_matched\stitched_frames\frame_1528.jpg,2093,1318,-0.0031068654737738677,-0.001989126192456281,37.543602220922565,-6.2125229034069065,111.38728280492148,-13.655147811585696,-73.84368058399892,7.442624908178789,74.21779993852891,-6.840340491189495,-21.39795053392896,22.464695526266926,1,1,-3.4201702455947474,-10.69897526696448,3.4201702455947474,10.69897526696448,3,5,74.21779993852891,1111.8449487088117,31.788025338681276,1000.4576659038902,45.44317315026697,12,12,1.1313843864847846,0.051097206448503775,-3.2486408006064242,-0.03901488212767106,1.055554868693672,50.21619823598919,0.00010015665487208524,5.834865468827942e-06,1.0,1.0,0.0,496.42017024559476,0.0,1.0,47.69897526696448,0.0,0.0,1.0
frame_1530.jpg,frame_1530,1530,D:\visualization2026\visualization\left_downsample2_Q44\frame_1530.jpg,D:\visualization2026\visualization\right_downsample2_Q44\frame_1530.jpg,D:\visualization2026\dowsample2_Q44\stitched_frames\frame_1530.jpg,D:\visualization2026\dowsample2_Q44_hess_matched\stitched_frames\frame_1530.jpg,2093,1327,-0.003214013314181474,-0.001906481680852945,37.369296242800345,-6.079362436806559,240.96079398661516,39.136191827335665,-203.5914977438148,-45.21555426414223,208.55201821364219,-15.074722982690535,-12.136670346973904,19.353191987782633,1,0,-7.537361491345267,-6.068335173486952,7.537361491345267,6.068335173486952,0,0,208.55201821364219,765.6164533508763,539.18043581359,524.6556593642612,500.0442439862543,12,12,1.080779681210808,0.06152069563169185,-7.08704198785823,-0.060312008311433886,1.0507411769652328,89.45176068235307,7.175033576979915e-05,1.8382780451532344e-05,1.0,1.0,0.0,500.5373614913453,0.0,1.0,55.06833517348695,0.0,0.0,1.0
frame_1532.jpg,frame_1532,1532,D:\visualization2026\visualization\left_downsample2_Q44\frame_1532.jpg,D:\visualization2026\visualization\right_downsample2_Q44\frame_1532.jpg,D:\visualization2026\dowsample2_Q44\stitched_frames\frame_1532.jpg,D:\visualization2026\dowsample2_Q44_hess_matched\stitched_frames\frame_1532.jpg,2141,1323,-0.0032892238547556074,-0.0014558143540277513,33.432937841954875,-5.08394496127386,98.20465025093904,-19.849003322356847,-64.77171240898417,14.765058361082986,66.43328741525848,-24.563281166833395,-5.771121339772938,25.23213473329783,1,1,-12.281640583416698,-2.885560669886469,12.281640583416698,2.885560669886469,3,6,66.43328741525848,1147.7856168677802,13.727478989551475,1049.5809666168411,33.57648231190832,12,12,1.184729026284196,0.057168700298923715,-12.570582971752083,-0.019338537282982488,1.0921803363347644,27.723521678960285,0.00012205803757820521,1.1282528946546548e-05,1.0,1.0,0.0,553.2816405834167,0.0,1.0,28.88556066988647,0.0,0.0,1.0
frame_1534.jpg,frame_1534,1534,D:\visualization2026\visualization\left_downsample2_Q44\frame_1534.jpg,D:\visualization2026\visualization\right_downsample2_Q44\frame_1534.jpg,D:\visualization2026\dowsample2_Q44\stitched_frames\frame_1534.jpg,D:\visualization2026\dowsample2_Q44_hess_matched\stitched_frames\frame_1534.jpg,2136,1314,-0.00333564000286668,-0.000937821218192636,28.673734450232722,-3.9186461805239485,-4.595864164539307,119.96445489719548,33.26959861477203,-123.88310107771943,128.27271309448665,-31.790165194707757,-0.534971495674498,31.794666181735465,1,0,-15.895082597353879,-0.267485747837249,15.895082597353879,0.267485747837249,3,5,128.27271309448665,1044.6260840475445,142.24476726875324,1049.2219482120838,22.28031237155775,12,12,1.18230324642443,0.04539893894762146,-15.863735861811536,-0.01631982328712816,1.075839728331597,25.814640719277392,0.00012429234315057536,2.1102462577206583e-06,1.0,1.0,0.0,551.8950825973538,0.0,1.0,16.26748574783725,0.0,0.0,1.0
frame_1536.jpg,frame_1536,1536,D:\visualization2026\visualization\left_downsample2_Q44\frame_1536.jpg,D:\visualization2026\visualization\right_downsample2_Q44\frame_1536.jpg,D:\visualization2026\dowsample2_Q44\stitched_frames\frame_1536.jpg,D:\visualization2026\dowsample2_Q44_hess_matched\stitched_frames\frame_1536.jpg,2103,1321,-0.0033176511818069354,-0.0006451627335352095,25.725532986303893,-3.2368823359719467,69.265930521423,-10.196859010600939,-43.54039753511911,6.959976674628992,44.093168323761745,-36.755375066313626,3.5717791853214176,36.92851476588362,0,1,-18.377687533156813,1.7858895926607088,18.377687533156813,-1.7858895926607088,8,5,44.093168323761745,1086.8177646522045,33.492136204710064,1017.5518341307815,43.688995215311,12,12,1.1124150373164903,0.0502092099415969,-18.26101182393837,-0.044014989130339605,1.0521746128019582,72.68405883246558,9.197960295212869e-05,7.721883373789441e-06,1.0,1.0,0.0,521.3776875331569,0.0,1.0,31.21411040733929,0.0,0.0,1.0
frame_1538.jpg,frame_1538,1538,D:\visualization2026\visualization\left_downsample2_Q44\frame_1538.jpg,D:\visualization2026\visualization\right_downsample2_Q44\frame_1538.jpg,D:\visualization2026\dowsample2_Q44\stitched_frames\frame_1538.jpg,D:\visualization2026\dowsample2_Q44_hess_matched\stitched_frames\frame_1538.jpg,2124,1312,-0.0029981766154180134,-0.00042131214505547465,21.67739778034934,-2.5536979749074646,-59.818775841020624,145.07492124443365,81.49617362136996,-147.62861921934112,168.6292843118706,-28.535788937060286,4.859398933854201,28.946588888136638,1,0,-14.267894468530143,2.4296994669271004,14.267894468530143,-2.4296994669271004,3,2,168.6292843118706,1070.7517704772692,216.35061403936635,1130.5705463182899,71.2756927949327,12,12,1.164053442099365,0.03929484570554451,-14.137704951555873,-0.020793925976045045,1.0614353914230361,36.65713869229568,0.00011856852835910904,-2.4558307414481053e-06,1.0,1.0,0.0,538.2678944685301,0.0,1.0,12.5703005330729,0.0,0.0,1.0
frame_1540.jpg,frame_1540,1540,D:\visualization2026\visualization\left_downsample2_Q44\frame_1540.jpg,D:\visualization2026\visualization\right_downsample2_Q44\frame_1540.jpg,D:\visualization2026\dowsample2_Q44\stitched_frames\frame_1540.jpg,D:\visualization2026\dowsample2_Q44_hess_matched\stitched_frames\frame_1540.jpg,2124,1312,-0.002613088518812201,-0.00027993823436278653,18.045547334304047,-2.0252587058228664,57.946319675023915,-10.422341763828541,-39.90077234071987,8.397083058005675,40.774779426368475,-16.39486580196537,3.8583091191263073,16.84274840764377,0,1,-8.197432900982685,1.9291545595631536,8.197432900982685,-1.9291545595631536,2,5,40.774779426368475,1127.3530773098516,33.19689150452753,1069.4067576348277,43.61923326835607,12,12,1.1647732077938895,0.039279937679412145,-8.067243384008416,-0.020853274849088835,1.061436620676607,36.15659378493174,0.00011856852835910904,-2.4558307414481053e-06,1.0,1.0,0.0,532.1974329009827,0.0,1.0,13.070845440436846,0.0,0.0,1.0
frame_1542.jpg,frame_1542,1542,D:\visualization2026\visualization\left_downsample2_Q44\frame_1542.jpg,D:\visualization2026\visualization\right_downsample2_Q44\frame_1542.jpg,D:\visualization2026\dowsample2_Q44\stitched_frames\frame_1542.jpg,D:\visualization2026\dowsample2_Q44_hess_matched\stitched_frames\frame_1542.jpg,2124,1312,-0.002472233382755984,-0.00029818883071652813,17.396671421442793,-1.9926737981627713,0.8620219420095054,-2.659651201053748,16.534649479433288,0.6669774028909767,16.54809633352703,-11.751820833666708,-4.6581979205729835,12.641364672132251,0,1,-5.875910416833354,-2.3290989602864918,5.875910416833354,2.3290989602864918,6,4,16.54809633352703,1116.256179030132,58.97923768783514,1115.3941570881225,61.638888888888886,12,12,1.1650484672983878,0.039274236413128605,-5.7457208998590845,-0.021358169702317405,1.061447078226506,31.898340265082094,0.00011856852835910904,-2.4558307414481053e-06,1.0,1.0,0.0,529.8759104168333,0.0,1.0,17.32909896028649,0.0,0.0,1.0
frame_1544.jpg,frame_1544,1544,D:\visualization2026\visualization\left_downsample2_Q44\frame_1544.jpg,D:\visualization2026\visualization\right_downsample2_Q44\frame_1544.jpg,D:\visualization2026\dowsample2_Q44\stitched_frames\frame_1544.jpg,D:\visualization2026\dowsample2_Q44_hess_matched\stitched_frames\frame_1544.jpg,2144,1326,-0.0026869911605206243,-0.0005221750176355178,20.831933858027053,-2.620778244124381,-5.820842466471277,1.7902431620870587,26.65277632449833,-4.4110214062114395,27.0153214981757,0.031999273742432166,-8.93766357371094,8.93772085659199,0,1,0.015999636871216083,-4.46883178685547,-0.015999636871216083,4.46883178685547,1,8,27.0153214981757,1083.2534924318072,58.262856620616006,1089.0743348982785,56.47261345852895,12,12,1.1715565493630609,0.05781891944627726,-0.26459704667402484,-0.026385156286108616,1.090196160737546,36.3368753779821,0.0001139078747387761,1.4810943597182748e-05,1.0,1.0,0.0,543.9840003631288,0.0,1.0,34.46883178685547,0.0,0.0,1.0
frame_1546.jpg,frame_1546,1546,D:\visualization2026\visualization\left_downsample2_Q44\frame_1546.jpg,D:\visualization2026\visualization\right_downsample2_Q44\frame_1546.jpg,D:\visualization2026\dowsample2_Q44\stitched_frames\frame_1546.jpg,D:\visualization2026\dowsample2_Q44_hess_matched\stitched_frames\frame_1546.jpg,2117,1330,-0.002966216164920099,-0.0007996184744401003,25.164561394080426,-3.4057770362750923,45.48973408770621,32.21678148759237,-20.325172693625785,-35.62255852386746,41.013160336800105,11.772119954255704,-14.975356765375267,19.048467614683762,0,1,5.886059977127852,-7.487678382687633,-5.886059977127852,7.487678382687633,3,4,41.013160336800105,1109.5280917322227,115.17734334604727,1064.0383576445165,82.9605618584549,12,12,1.0903148098968751,0.08367512512996295,5.540604269975015,-0.05935472549177904,1.0746844571773573,86.01005748832891,7.065707853607441e-05,3.332421959476166e-05,1.0,1.0,0.0,511.11394002287216,0.0,1.0,64.48767838268763,0.0,0.0,1.0
frame_1548.jpg,frame_1548,1548,D:\visualization2026\visualization\left_downsample2_Q44\frame_1548.jpg,D:\visualization2026\visualization\right_downsample2_Q44\frame_1548.jpg,D:\visualization2026\dowsample2_Q44\stitched_frames\frame_1548.jpg,D:\visualization2026\dowsample2_Q44_hess_matched\stitched_frames\frame_1548.jpg,2088,1319,-0.0030103680223393936,-0.000834276637520559,25.76016963099339,-3.5087429767871505,8.561654031867192,10.210055422585299,17.198515599126196,-13.71879839937245,21.999872007264297,12.545419363282408,-21.08154572620535,24.532001899696407,0,1,6.272709681641204,-10.540772863102674,-6.272709681641204,10.540772863102674,6,9,21.999872007264297,1060.111630786865,80.72516467409622,1051.5499767549977,70.51510925151092,12,12,1.0651754328955172,0.06597787733247788,6.152410113964295,-0.06322563653558434,1.0466475008019713,88.94351047038512,6.506616488948903e-05,2.2876197222406452e-05,1.0,1.0,0.0,481.72729031835877,0.0,1.0,63.540772863102674,0.0,0.0,1.0
frame_1550.jpg,frame_1550,1550,D:\visualization2026\visualization\left_downsample2_Q44\frame_1550.jpg,D:\visualization2026\visualization\right_downsample2_Q44\frame_1550.jpg,D:\visualization2026\dowsample2_Q44\stitched_frames\frame_1550.jpg,D:\visualization2026\dowsample2_Q44_hess_matched\stitched_frames\frame_1550.jpg,2120,1318,-0.002913775568630206,-0.0007260667119889375,24.142550736746674,-3.209086477696717,200.705407683109,23.77053638068952,-176.56285694636233,-26.979622858386236,178.61226862296544,11.61535649584016,-27.78665182540365,30.116681858924366,1,0,5.80767824792008,-13.893325912701824,-5.80767824792008,13.893325912701824,0,0,178.61226862296544,754.0067992960725,520.3403972193931,553.3013916129635,496.5698608387036,12,12,1.1436492506326716,0.05323040507179126,5.526641638079127,-0.03360841572498466,1.0706430486084337,37.545576323885484,0.00010493133654393235,1.1481002476505868e-05,1.0,1.0,0.0,514.1923217520799,0.0,1.0,46.893325912701826,0.0,0.0,1.0
frame_1552.jpg,frame_1552,1552,D:\visualization2026\visualization\left_downsample2_Q44\frame_1552.jpg,D:\visualization2026\visualization\right_downsample2_Q44\frame_1552.jpg,D:\visualization2026\dowsample2_Q44\stitched_frames\frame_1552.jpg,D:\visualization2026\dowsample2_Q44_hess_matched\stitched_frames\frame_1552.jpg,2116,1321,-0.002793001351177604,-0.0005933721313696738,22.14527193199471,-2.8403964551855436,183.03036334533226,53.13126184204714,-160.88509141333756,-55.97165829723268,170.34329799443287,14.447230913083404,-26.224878032284884,29.941053903698364,1,0,7.223615456541702,-13.112439016142442,-7.223615456541702,13.112439016142442,0,2,170.34329799443287,762.6372690558236,523.426525232928,579.6069057104913,470.2952633908809,12,12,1.1310953563578243,0.05770514599570374,7.690810665798645,-0.03746285858064842,1.0734222486765446,44.149852292156396,9.761648219037089e-05,1.5834408191155767e-05,1.0,1.0,0.0,508.7763845434583,0.0,1.0,53.112439016142446,0.0,0.0,1.0
frame_1554.jpg,frame_1554,1554,D:\visualization2026\visualization\left_downsample2_Q44\frame_1554.jpg,D:\visualization2026\visualization\right_downsample2_Q44\frame_1554.jpg,D:\visualization2026\dowsample2_Q44\stitched_frames\frame_1554.jpg,D:\visualization2026\dowsample2_Q44_hess_matched\stitched_frames\frame_1554.jpg,2159,1302,-0.0027008593816807425,-0.0005053955619803707,20.750289780441427,-2.589570940847595,-1.252172206845671,35.34698096135534,22.0024619872871,-37.936551902202936,43.85533381164201,4.140715152836917,-27.01928379527927,27.33472551145839,0,1,2.0703575764184583,-13.509641897639636,-2.0703575764184583,13.509641897639636,4,11,43.85533381164201,1113.7384019148337,84.63489869914454,1114.9905741216794,49.2879177377892,12,12,1.1530794963523208,0.09491781127704123,1.872768641979163,-0.03111701165589068,1.0876519042978938,33.91581282002976,0.00010142596395055687,3.2428636510668976e-05,1.0,1.0,0.0,556.9296424235815,0.0,1.0,47.50964189763964,0.0,0.0,1.0
frame_1556.jpg,frame_1556,1556,D:\visualization2026\visualization\left_downsample2_Q44\frame_1556.jpg,D:\visualization2026\visualization\right_downsample2_Q44\frame_1556.jpg,D:\visualization2026\dowsample2_Q44\stitched_frames\frame_1556.jpg,D:\visualization2026\dowsample2_Q44_hess_matched\stitched_frames\frame_1556.jpg,2032,1315,-0.002600815117236921,-0.00047818291742462993,19.899179626138178,-2.4741425984808476,-73.23348681981406,73.97529452744102,93.13266644595224,-76.44943712592188,120.49153495662374,3.26485158700924,-29.620433208277024,29.799820793608763,1,0,1.63242579350462,-14.810216604138512,-1.63242579350462,14.810216604138512,4,3,120.49153495662374,952.0168995789495,168.35937489838383,1025.2503863987636,94.38408037094281,12,12,1.00494781055317,0.06455873789802852,2.0875606477002684,-0.08114317198067061,1.0114097236522992,114.07515220743683,4.6070175838428966e-05,1.7707861507699128e-05,1.0,1.0,0.0,430.36757420649536,0.0,1.0,73.81021660413852,0.0,0.0,1.0
frame_1558.jpg,frame_1558,1558,D:\visualization2026\visualization\left_downsample2_Q44\frame_1558.jpg,D:\visualization2026\visualization\right_downsample2_Q44\frame_1558.jpg,D:\visualization2026\dowsample2_Q44\stitched_frames\frame_1558.jpg,D:\visualization2026\dowsample2_Q44_hess_matched\stitched_frames\frame_1558.jpg,2036,1317,-0.0025248693569097647,-0.0005009430315989771,19.674815766093374,-2.4862509460669595,54.00887896819961,15.204576268277407,-34.334063202106236,-17.690827214344367,38.623739636317104,1.4596254850589303,-28.566562568872655,28.603828477285166,0,1,0.7298127425294652,-14.283281284436327,-0.7298127425294652,14.283281284436327,3,6,38.623739636317104,1044.3788789681996,93.87624293494407,990.37,78.67166666666667,12,12,1.009872955927021,0.07048598384765409,0.40665966664845565,-0.08021436394612393,1.0215699277805173,112.41073147647577,4.63207389611435e-05,2.2655091144423778e-05,1.0,1.0,0.0,435.2701872574705,0.0,1.0,77.28328128443633,0.0,0.0,1.0
frame_1560.jpg,frame_1560,1560,D:\visualization2026\visualization\left_downsample2_Q44\frame_1560.jpg,D:\visualization2026\visualization\right_downsample2_Q44\frame_1560.jpg,D:\visualization2026\dowsample2_Q44\stitched_frames\frame_1560.jpg,D:\visualization2026\dowsample2_Q44_hess_matched\stitched_frames\frame_1560.jpg,2032,1292,-0.0025480387184811937,-0.0005794846475665194,20.573611551292853,-2.678919977073428,6.153098318584739,32.118209988231285,14.420513232708114,-34.79712996530471,37.66684823179419,-1.2749631530140133,-23.857671877066164,23.891714849196095,0,1,-0.6374815765070067,-11.928835938533082,0.6374815765070067,11.928835938533082,4,11,37.66684823179419,998.1292887947752,77.70110240445703,991.9761904761905,45.58289241622575,12,12,1.0276385689974883,0.0279154549126304,-0.5993281644386953,-0.059587076072185226,0.9820362815442832,81.93406894974088,6.47724521633037e-05,-1.2762740817944787e-05,1.0,1.0,0.0,432.637481576507,0.0,1.0,42.92883593853308,0.0,0.0,1.0
frame_1562.jpg,frame_1562,1562,D:\visualization2026\visualization\left_downsample2_Q44\frame_1562.jpg,D:\visualization2026\visualization\right_downsample2_Q44\frame_1562.jpg,D:\visualization2026\dowsample2_Q44\stitched_frames\frame_1562.jpg,D:\visualization2026\dowsample2_Q44_hess_matched\stitched_frames\frame_1562.jpg,2052,1308,-0.002841133647943639,-0.0008993783736738203,25.399923705211947,-3.568765447827581,237.12966541168657,24.482851801153117,-211.7297417064746,-28.051617248980698,213.57990718551633,1.3669906535599645,-20.266352411897103,20.312402702047038,1,0,0.6834953267799823,-10.133176205948551,-0.6834953267799823,10.133176205948551,0,0,213.57990718551633,704.2095909048709,527.4057203135568,467.0799254931843,502.9228685124037,12,12,1.0615640938272877,0.046458968669600864,0.5563696672460513,-0.05347471202056741,1.020036260772629,74.3471523300164,7.924281663974809e-05,4.077843381159417e-07,1.0,1.0,0.0,451.31650467322004,0.0,1.0,47.13317620594855,0.0,0.0,1.0
frame_1564.jpg,frame_1564,1564,D:\visualization2026\visualization\left_downsample2_Q44\frame_1564.jpg,D:\visualization2026\visualization\right_downsample2_Q44\frame_1564.jpg,D:\visualization2026\dowsample2_Q44\stitched_frames\frame_1564.jpg,D:\visualization2026\dowsample2_Q44_hess_matched\stitched_frames\frame_1564.jpg,2037,1317,-0.0032502383877460184,-0.0013190297874698942,31.875642861103113,-4.749123363234753,23.54612406418073,9.642975079935724,8.329518796922383,-14.392098443170477,16.628691499519537,9.385486904780862,-17.79260417336548,20.116265252523284,0,1,4.692743452390431,-8.89630208668274,-4.692743452390431,8.89630208668274,7,6,16.628691499519537,1048.5272650354207,79.76037253396684,1024.98114097124,70.11739745403112,12,12,1.0090918078301,0.07323637320410306,4.844851156480814,-0.08116347804615831,1.0210950990400862,120.13142909309988,4.563728071091702e-05,2.4002460803838878e-05,1.0,1.0,0.0,432.30725654760954,0.0,1.0,71.89630208668274,0.0,0.0,1.0
frame_1566.jpg,frame_1566,1566,D:\visualization2026\visualization\left_downsample2_Q44\frame_1566.jpg,D:\visualization2026\visualization\right_downsample2_Q44\frame_1566.jpg,D:\visualization2026\dowsample2_Q44\stitched_frames\frame_1566.jpg,D:\visualization2026\dowsample2_Q44_hess_matched\stitched_frames\frame_1566.jpg,2033,1306,-0.0035310125121941205,-0.0015720492630046934,35.98011783440116,-5.478838708199992,-100.17348624219483,163.07590725317976,136.153604076596,-168.55474596137975,216.67603995170236,7.395957794746476,-10.990594142493364,13.247390358356645,1,0,3.697978897373238,-5.495297071246682,-3.697978897373238,5.495297071246682,0,6,216.67603995170236,688.5691045003958,532.6196967969693,788.7425907425907,369.5437895437895,12,12,1.0314284136664464,0.04122925814695799,4.106045835952008,-0.063797960025604,1.000593866914784,95.95494709547995,6.739814328167463e-05,-2.5476696084132026e-06,1.0,1.0,0.0,429.3020211026268,0.0,1.0,43.49529707124668,0.0,0.0,1.0
frame_1568.jpg,frame_1568,1568,D:\visualization2026\visualization\left_downsample2_Q44\frame_1568.jpg,D:\visualization2026\visualization\right_downsample2_Q44\frame_1568.jpg,D:\visualization2026\dowsample2_Q44\stitched_frames\frame_1568.jpg,D:\visualization2026\dowsample2_Q44_hess_matched\stitched_frames\frame_1568.jpg,2056,1301,-0.003675484806056284,-0.001637220486259472,37.46051411544445,-5.704960264608553,223.57609804965352,44.417468965142575,-186.11558393420907,-50.12242922975113,192.746643278328,5.758418053998248,-5.322086021686248,7.841171985541519,1,0,2.879209026999124,-2.661043010843124,-2.879209026999124,2.661043010843124,0,0,192.746643278328,703.588732820543,515.2614716605603,480.01263477088946,470.84400269541777,12,12,1.0812442221387817,0.03329697099836259,3.036677952215289,-0.044710706190792496,1.0120201460314908,68.41532809938265,9.214913318416807e-05,-1.0047318855563915e-05,1.0,1.0,0.0,453.12079097300085,0.0,1.0,24.661043010843123,0.0,0.0,1.0
frame_1570.jpg,frame_1570,1570,D:\visualization2026\visualization\left_downsample2_Q44\frame_1570.jpg,D:\visualization2026\visualization\right_downsample2_Q44\frame_1570.jpg,D:\visualization2026\dowsample2_Q44\stitched_frames\frame_1570.jpg,D:\visualization2026\dowsample2_Q44_hess_matched\stitched_frames\frame_1570.jpg,2065,1320,-0.003736015493081224,-0.0016985534257492052,38.41128952494299,-5.877863056371636,205.43398637396695,46.73909149652769,-167.02269684902396,-52.61695455289933,175.11460581328683,4.472867682536181,-0.7870798109441337,4.541590022698267,1,0,2.2364338412680906,-0.39353990547206685,-2.2364338412680906,0.39353990547206685,0,0,175.11460581328683,691.8119921276444,549.8441775302898,486.3780057536775,503.1050860337621,12,12,1.0506101843942213,0.0669014012684044,2.146342148216898,-0.06458196873758086,1.0442557479872925,102.76254890791445,6.577129645115158e-05,2.261021947774745e-05,1.0,1.0,0.0,462.7635661587319,0.0,1.0,57.39353990547207,0.0,0.0,1.0
frame_1572.jpg,frame_1572,1572,D:\visualization2026\visualization\left_downsample2_Q44\frame_1572.jpg,D:\visualization2026\visualization\right_downsample2_Q44\frame_1572.jpg,D:\visualization2026\dowsample2_Q44\stitched_frames\frame_1572.jpg,D:\visualization2026\dowsample2_Q44_hess_matched\stitched_frames\frame_1572.jpg,2057,1311,-0.0036964837899813308,-0.0017015533004612893,38.20856511723793,-5.863843050449431,-32.5636097215023,-168.98706377592026,70.77217483874023,163.12322072547084,177.81418917301255,3.1873173110741138,3.747926399797981,4.919953652197892,1,0,1.5936586555370569,1.8739631998989905,-1.5936586555370569,-1.8739631998989905,1,0,177.81418917301255,444.5309908190722,328.88087261228765,477.0946005405745,497.8679363882079,12,12,1.0293843297790255,0.0674511891452114,1.9997453752138072,-0.07047060504247259,1.0291763288508375,114.63152983367839,5.629035421204135e-05,2.3253686116185845e-05,1.0,1.0,0.0,455.40634134446293,0.0,1.0,54.12603680010101,0.0,0.0,1.0
frame_1574.jpg,frame_1574,1574,D:\visualization2026\visualization\left_downsample2_Q44\frame_1574.jpg,D:\visualization2026\visualization\right_downsample2_Q44\frame_1574.jpg,D:\visualization2026\dowsample2_Q44\stitched_frames\frame_1574.jpg,D:\visualization2026\dowsample2_Q44_hess_matched\stitched_frames\frame_1574.jpg,2047,1302,-0.003610784700988745,-0.0016841262144871028,37.53664346559526,-5.778480611534009,220.65742982195735,42.258889381139625,-183.1207863563621,-48.03736999267363,189.3166958078062,1.9017669396120462,8.282932610540096,8.498452219277928,1,0,0.9508834698060231,4.141466305270048,-0.9508834698060231,-4.141466305270048,0,0,189.3166958078062,689.529449373698,528.5209303921076,468.8720195517406,486.262041010968,12,12,1.0285554635738776,0.0454651903380194,0.8815590796665096,-0.06453539391427458,1.0065397867625119,108.26715215820288,6.175335625405653e-05,6.164918731626076e-06,1.0,1.0,0.0,446.049116530194,0.0,1.0,38.85853369472995,0.0,0.0,1.0
frame_1576.jpg,frame_1576,1576,D:\visualization2026\visualization\left_downsample2_Q44\frame_1576.jpg,D:\visualization2026\visualization\right_downsample2_Q44\frame_1576.jpg,D:\visualization2026\dowsample2_Q44\stitched_frames\frame_1576.jpg,D:\visualization2026\dowsample2_Q44_hess_matched\stitched_frames\frame_1576.jpg,2062,1319,-0.0035127547756232946,-0.001671842757414943,36.84236024426433,-5.698410730791947,221.54681231242608,36.07062926473208,-184.70445206816174,-41.769039995524025,189.3683904878202,0.6162165681499787,12.817938821282212,12.832742438192865,1,0,0.30810828407498936,6.408969410641106,-0.30810828407498936,-6.408969410641106,0,0,189.3683904878202,698.684342540993,547.7794989113504,477.13753022856696,511.7088696466183,12,12,1.0377667629809721,0.07740732343827768,0.27200143674838206,-0.07116803420546422,1.0465115546450228,120.38482229927403,5.720966080725363e-05,3.207020051462351e-05,1.0,1.0,0.0,461.691891715925,0.0,1.0,58.591030589358894,0.0,0.0,1.0
frame_1578.jpg,frame_1578,1578,D:\visualization2026\visualization\left_downsample2_Q44\frame_1578.jpg,D:\visualization2026\visualization\right_downsample2_Q44\frame_1578.jpg,D:\visualization2026\dowsample2_Q44\stitched_frames\frame_1578.jpg,D:\visualization2026\dowsample2_Q44_hess_matched\stitched_frames\frame_1578.jpg,2035,1287,-0.00338703478558966,-0.0016709135436594469,36.09595561284895,-5.62977496570293,-127.55496515381606,-101.33269346237537,163.650920766665,95.70291849667244,189.5802533930103,-0.6693338033120888,17.352945032024326,17.36584892899607,1,0,-0.3346669016560444,8.676472516012163,0.3346669016560444,-8.676472516012163,5,9,189.5802533930103,1178.234835841209,253.7668090251868,1305.789800995025,355.0995024875622,12,12,1.0406508955587737,0.028652536886522022,-0.13271470809800157,-0.04835678749761661,0.9952717788722091,87.14581462958976,7.438919499277382e-05,-8.958547909845752e-06,1.0,1.0,0.0,435.334666901656,0.0,1.0,22.32352748398784,0.0,0.0,1.0
frame_1580.jpg,frame_1580,1580,D:\visualization2026\visualization\left_downsample2_Q44\frame_1580.jpg,D:\visualization2026\visualization\right_downsample2_Q44\frame_1580.jpg,D:\visualization2026\dowsample2_Q44\stitched_frames\frame_1580.jpg,D:\visualization2026\dowsample2_Q44_hess_matched\stitched_frames\frame_1580.jpg,2035,1287,-0.0031745105987838196,-0.001703199487234519,35.16305313621373,-5.591519486603356,224.90346423618934,38.342374827281446,-189.7404110999756,-43.9338943138848,194.76039298063492,1.45921948079526,13.642712489950538,13.720529347535567,1,0,0.72960974039763,6.821356244975269,-0.72960974039763,-6.821356244975269,0,0,194.76039298063492,675.8617975695227,509.82729631193524,450.9583333333333,471.4849214846538,12,12,1.0407300662414256,0.028643002513234855,0.9315619339556729,-0.04849478810363705,0.9952883980202014,85.29069835855286,7.438919499277382e-05,-8.958547909845752e-06,1.0,1.0,0.0,434.2703902596024,0.0,1.0,24.17864375502473,0.0,0.0,1.0
frame_1582.jpg,frame_1582,1582,D:\visualization2026\visualization\left_downsample2_Q44\frame_1582.jpg,D:\visualization2026\visualization\right_downsample2_Q44\frame_1582.jpg,D:\visualization2026\dowsample2_Q44\stitched_frames\frame_1582.jpg,D:\visualization2026\dowsample2_Q44_hess_matched\stitched_frames\frame_1582.jpg,1961,1293,-0.0029175243680368834,-0.0017566439108507304,34.17488936513801,-5.578347082716374,37.41532391137423,-32.00130453622492,-3.240434546236223,26.42295745350855,26.620914646915573,13.756376557825927,10.111084304169358,17.072548778864938,0,1,6.878188278912964,5.055542152084679,-6.878188278912964,-5.055542152084679,3,7,26.620914646915573,1028.5850706601764,94.02196719546569,991.1697467488021,126.02327173169061,12,12,1.001145038983061,0.055083441665957675,6.387594073998647,-0.06842544320338755,0.9954171626146109,115.08270718216127,5.2187485936587105e-05,7.3453270886019116e-06,1.0,1.0,0.0,354.12181172108706,0.0,1.0,24.94445784791532,0.0,0.0,1.0
frame_1584.jpg,frame_1584,1584,D:\visualization2026\visualization\left_downsample2_Q44\frame_1584.jpg,D:\visualization2026\visualization\right_downsample2_Q44\frame_1584.jpg,D:\visualization2026\dowsample2_Q44\stitched_frames\frame_1584.jpg,D:\visualization2026\dowsample2_Q44_hess_matched\stitched_frames\frame_1584.jpg,1969,1280,-0.0027441486310471053,-0.0017883618693919079,33.46608520218618,-5.559495031654313,20.92155184203739,4.708735068174519,12.54453336014879,-10.268230099828832,16.211164875076584,22.228325915424016,7.22955721127313,23.374451233630754,0,1,11.114162957712008,3.614778605636565,-11.114162957712008,-3.614778605636565,6,9,16.211164875076584,1450.0384802888086,344.9329933578778,1429.1169284467712,340.2242582897033,12,12,1.0234122246282862,0.04384179972285099,10.978292666695577,-0.053184802495903925,0.9922930553426029,88.71111663589997,6.537916573855302e-05,-2.982969547918909e-06,1.0,1.0,0.0,357.885837042288,0.0,1.0,12.385221394363434,0.0,0.0,1.0
frame_1586.jpg,frame_1586,1586,D:\visualization2026\visualization\left_downsample2_Q44\frame_1586.jpg,D:\visualization2026\visualization\right_downsample2_Q44\frame_1586.jpg,D:\visualization2026\dowsample2_Q44\stitched_frames\frame_1586.jpg,D:\visualization2026\dowsample2_Q44_hess_matched\stitched_frames\frame_1586.jpg,1988,1308,-0.0028168307490080147,-0.001785583266959545,33.86539429189257,-5.591558678325635,-28.236607661410744,-0.7513565707019438,62.102001953303315,-4.840202107623691,62.290337959034495,30.341936395356107,2.916217136761629,30.481755635274318,0,1,15.170968197678054,1.4581085683808146,-15.170968197678054,-1.4581085683808146,7,3,62.290337959034495,1429.054078613099,363.020212056749,1457.2906862745097,363.77156862745096,12,12,1.0406472641200697,0.06803564216270959,15.69296137495802,-0.06268821775053687,1.0314076887968802,101.79857849151445,6.385328104584361e-05,1.9078510765520725e-05,1.0,1.0,0.0,372.82903180232194,0.0,1.0,36.541891431619185,0.0,0.0,1.0
frame_1588.jpg,frame_1588,1588,D:\visualization2026\visualization\left_downsample2_Q44\frame_1588.jpg,D:\visualization2026\visualization\right_downsample2_Q44\frame_1588.jpg,D:\visualization2026\dowsample2_Q44\stitched_frames\frame_1588.jpg,D:\visualization2026\dowsample2_Q44_hess_matched\stitched_frames\frame_1588.jpg,1943,1281,-0.0030554267001374202,-0.0017785127269366319,35.19614001154185,-5.7015259815929635,-6.494272973136503,-8.646835549136142,41.69041298467835,2.9453095675431786,41.79432238093709,38.0972079976222,-2.8289359193651413,38.202095958860205,0,1,19.0486039988111,-1.4144679596825707,-19.0486039988111,1.4144679596825707,3,6,41.79432238093709,1401.4267665071231,361.38764720948456,1407.9210394802597,370.0344827586207,12,12,0.9951778300788718,0.022900249755046186,18.736705161608167,-0.06364183658957165,0.9598817177537277,100.07686941092838,5.7883602399546886e-05,-1.825666643377086e-05,1.0,1.0,0.0,323.9513960011889,0.0,1.0,12.41446795968257,0.0,0.0,1.0
frame_1590.jpg,frame_1590,1590,D:\visualization2026\visualization\left_downsample2_Q44\frame_1590.jpg,D:\visualization2026\visualization\right_downsample2_Q44\frame_1590.jpg,D:\visualization2026\dowsample2_Q44\stitched_frames\frame_1590.jpg,D:\visualization2026\dowsample2_Q44_hess_matched\stitched_frames\frame_1590.jpg,1925,1287,-0.0031918953201151568,-0.001781136808526651,36.02205085250975,-5.779740562959246,308.27333448915033,57.383395549238,-272.25128363664055,-63.16313611219725,279.48227708626973,38.46674051299939,-9.253713418621436,39.56414206991481,1,0,19.233370256499693,-4.626856709310718,-19.233370256499693,4.626856709310718,0,0,279.48227708626973,644.2940966109379,558.1402002080555,336.0207621217876,500.7568046588175,12,12,0.9487716151697044,0.03962592791340019,19.011858616964826,-0.08582608606078072,0.9549703802945979,131.90619498715375,3.088153509524589e-05,-2.9848843049871947e-06,1.0,1.0,0.0,305.7666297435003,0.0,1.0,34.626856709310715,0.0,0.0,1.0
frame_1592.jpg,frame_1592,1592,D:\visualization2026\visualization\left_downsample2_Q44\frame_1592.jpg,D:\visualization2026\visualization\right_downsample2_Q44\frame_1592.jpg,D:\visualization2026\dowsample2_Q44\stitched_frames\frame_1592.jpg,D:\visualization2026\dowsample2_Q44_hess_matched\stitched_frames\frame_1592.jpg,1931,1290,-0.0030280849431423285,-0.0017627419028288793,34.88258639754429,-5.650836959332916,-0.6533370675499555,-3.348029132207614,35.53592346509424,-2.302807827125302,35.610458862610926,31.052996219299207,-13.744751751071512,33.95889831685348,0,1,15.526498109649603,-6.872375875535756,-15.526498109649603,6.872375875535756,10,2,35.610458862610926,1415.1840868888166,343.87097653173197,1415.8374239563666,347.2190056639396,12,12,0.9618269441035379,0.035885150423355626,15.818126255768513,-0.08054502416382038,0.9601325554492945,121.19196497719271,3.841383306505494e-05,-6.60566306415889e-06,1.0,1.0,0.0,315.4735018903504,0.0,1.0,34.87237587553575,0.0,0.0,1.0
frame_1594.jpg,frame_1594,1594,D:\visualization2026\visualization\left_downsample2_Q44\frame_1594.jpg,D:\visualization2026\visualization\right_downsample2_Q44\frame_1594.jpg,D:\visualization2026\dowsample2_Q44\stitched_frames\frame_1594.jpg,D:\visualization2026\dowsample2_Q44_hess_matched\stitched_frames\frame_1594.jpg,1951,1290,-0.0027029222763416683,-0.001708909501676903,32.45253423783324,-5.35518247127661,18.06033830079855,37.03693512483369,14.392195937034693,-42.392117596110296,44.76859321189847,29.84978662887758,-16.77354765330772,34.239767269467585,0,1,14.92489331443879,-8.38677382665386,-14.92489331443879,8.38677382665386,4,4,44.76859321189847,1393.416710849818,362.0580135562062,1375.3563725490194,325.02107843137253,12,12,0.9997418960247506,0.033723819360089044,14.853085962071347,-0.06714281904272425,0.9750689712322432,97.8121130478652,5.57608034511908e-05,-8.647864244201949e-06,1.0,1.0,0.0,336.0751066855612,0.0,1.0,28.386773826653858,0.0,0.0,1.0
frame_1596.jpg,frame_1596,1596,D:\visualization2026\visualization\left_downsample2_Q44\frame_1596.jpg,D:\visualization2026\visualization\right_downsample2_Q44\frame_1596.jpg,D:\visualization2026\dowsample2_Q44\stitched_frames\frame_1596.jpg,D:\visualization2026\dowsample2_Q44_hess_matched\stitched_frames\frame_1596.jpg,1950,1286,-0.0024510127944292748,-0.001702392733223923,30.911723161798978,-5.206962193534064,-85.9741510628084,-19.16973785248382,116.88587422460738,13.962775658949756,117.71689214956744,31.39024289996792,-16.258187050829832,35.350756646764395,1,1,15.69512144998396,-8.129093525414916,-15.69512144998396,8.129093525414916,8,0,117.71689214956744,280.2796680851183,486.687364339375,366.2538191479267,505.8571021918588,12,12,1.0006963211091744,0.029387029820725188,16.040569631825974,-0.06377541813570782,0.9701976722764065,93.37551460480381,5.8248011693689727e-05,-1.3126408150814752e-05,1.0,1.0,0.0,334.30487855001604,0.0,1.0,24.129093525414916,0.0,0.0,1.0
frame_1598.jpg,frame_1598,1598,D:\visualization2026\visualization\left_downsample2_Q44\frame_1598.jpg,D:\visualization2026\visualization\right_downsample2_Q44\frame_1598.jpg,D:\visualization2026\dowsample2_Q44\stitched_frames\frame_1598.jpg,D:\visualization2026\dowsample2_Q44_hess_matched\stitched_frames\frame_1598.jpg,1951,1301,-0.0023765718420469817,-0.0018468245398601812,31.87802439338543,-5.499351342617122,111.03263030055689,-182.37133149958026,-79.15460590717146,176.87198015696313,193.77602793164272,35.674365032570215,-12.198669943637857,37.702358929792204,1,0,17.837182516285107,-6.099334971818928,-17.837182516285107,6.099334971818928,1,0,193.77602793164272,478.6112160434713,358.7992000396887,367.5785857429144,541.170531539269,12,12,0.9790683269048633,0.05830723747698917,17.765169782579274,-0.08126550951240535,0.9904560499822033,123.81997951810709,3.899834216763655e-05,1.1180906958300875e-05,1.0,1.0,0.0,333.1628174837149,0.0,1.0,47.09933497181893,0.0,0.0,1.0
frame_1600.jpg,frame_1600,1600,D:\visualization2026\visualization\left_downsample2_Q44\frame_1600.jpg,D:\visualization2026\visualization\right_downsample2_Q44\frame_1600.jpg,D:\visualization2026\dowsample2_Q44\stitched_frames\frame_1600.jpg,D:\visualization2026\dowsample2_Q44_hess_matched\stitched_frames\frame_1600.jpg,1961,1279,-0.0023643716404471715,-0.002073988129076776,34.01298530873216,-6.014701855796255,90.57443765906169,-112.47853254420869,-56.561452350329525,106.46383068841243,120.55598341363877,43.51986986193281,-0.5327616348809299,43.523130721022,1,0,21.759934930966406,-0.26638081744046493,-21.759934930966406,0.26638081744046493,5,5,120.55598341363877,1116.7479110157321,239.87774905828059,1026.1734733566705,352.3562816024893,12,12,1.031169592077928,0.02356560542475664,21.480657824915138,-0.05187929961226926,0.9711264531162116,82.05619955866007,7.471171084867239e-05,-2.070823560090411e-05,1.0,1.0,0.0,339.2400650690336,0.0,1.0,6.266380817440465,0.0,0.0,1.0
frame_1602.jpg,frame_1602,1602,D:\visualization2026\visualization\left_downsample2_Q44\frame_1602.jpg,D:\visualization2026\visualization\right_downsample2_Q44\frame_1602.jpg,D:\visualization2026\dowsample2_Q44\stitched_frames\frame_1602.jpg,D:\visualization2026\dowsample2_Q44_hess_matched\stitched_frames\frame_1602.jpg,1925,1279,-0.0024643840854447485,-0.0021112021110325507,34.96105526610162,-6.153086844488547,-21.99547886200412,-24.14786455332313,56.95653412810574,17.994777708834583,59.73155618830338,48.56979497289023,7.702331156396703,49.17673117391387,0,1,24.284897486445114,3.8511655781983514,-24.284897486445114,-3.8511655781983514,3,2,59.73155618830338,1408.806472177937,345.8063044140982,1430.801951039941,369.9541689674213,12,12,0.961196678688691,0.02957881684718029,24.20512107530487,-0.07999152430332504,0.9325271026083034,132.3713502489284,4.592271358361766e-05,-2.0595199238241416e-05,1.0,1.0,0.0,300.7151025135549,0.0,1.0,19.14883442180165,0.0,0.0,1.0
frame_1604.jpg,frame_1604,1604,D:\visualization2026\visualization\left_downsample2_Q44\frame_1604.jpg,D:\visualization2026\visualization\right_downsample2_Q44\frame_1604.jpg,D:\visualization2026\dowsample2_Q44\stitched_frames\frame_1604.jpg,D:\visualization2026\dowsample2_Q44_hess_matched\stitched_frames\frame_1604.jpg,2005,1320,-0.0028818129152308747,-0.0019872967589158463,36.20584334488156,-6.089275964262287,24.82781922282379,41.40162462852337,11.378024122057766,-47.49090059278566,48.834875571009476,50.82414036544247,12.506608430195044,52.34031427410829,1,1,25.412070182721234,6.253304215097522,-25.412070182721234,-6.253304215097522,1,11,48.834875571009476,1074.9691735949473,89.26421502957531,1050.1413543721235,47.86259040105194,12,12,1.0805782833236033,0.05833870437895612,25.14527252003509,-0.057226029695869984,1.024658148477448,98.93312903444661,8.802184449804418e-05,1.2516172146909665e-06,1.0,1.0,0.0,379.5879298172788,0.0,1.0,35.74669578490248,0.0,0.0,1.0
frame_1606.jpg,frame_1606,1606,D:\visualization2026\visualization\left_downsample2_Q44\frame_1606.jpg,D:\visualization2026\visualization\right_downsample2_Q44\frame_1606.jpg,D:\visualization2026\dowsample2_Q44\stitched_frames\frame_1606.jpg,D:\visualization2026\dowsample2_Q44_hess_matched\stitched_frames\frame_1606.jpg,1960,1312,-0.0037520818492717267,-0.0021749309668975814,43.132741676756744,-6.980620110983115,155.38455698965936,-34.83245286835313,-112.25181531290261,27.851832757370016,115.65549977837848,50.282906039589534,13.880070186514091,52.16346411204635,1,1,25.141453019794767,6.940035093257046,-25.141453019794767,-6.940035093257046,2,5,115.65549977837848,1357.476693989177,375.32528953396235,1202.0921369995176,410.1577424023155,12,12,0.995860085230052,0.061060346097924253,24.66626894598471,-0.07494086057300693,1.0003065826552813,127.5953994075672,5.082972115905995e-05,5.739844084711135e-06,1.0,1.0,0.0,334.85854698020523,0.0,1.0,43.059964906742955,0.0,0.0,1.0
frame_1608.jpg,frame_1608,1608,D:\visualization2026\visualization\left_downsample2_Q44\frame_1608.jpg,D:\visualization2026\visualization\right_downsample2_Q44\frame_1608.jpg,D:\visualization2026\dowsample2_Q44\stitched_frames\frame_1608.jpg,D:\visualization2026\dowsample2_Q44_hess_matched\stitched_frames\frame_1608.jpg,1959,1304,-0.004572697809811566,-0.0023921289188415518,50.05557584854405,-7.913608751244787,-23.928881712794237,-5.612620113425521,73.98445756133829,-2.300988637819266,74.02023040599671,46.94609199533143,11.822716425353846,48.411901194938146,1,1,23.473045997665714,5.911358212676923,-23.473045997665714,-5.911358212676923,2,3,74.02023040599671,1455.995189855391,361.36843536695335,1479.9240715681851,366.98105548037887,12,12,0.9889400562492373,0.06367419312967271,23.37803984548541,-0.07899211947829017,0.9910574377081502,132.19078842654386,4.671369499397227e-05,7.617888035182746e-06,1.0,1.0,0.0,335.52695400233426,0.0,1.0,36.08864178732308,0.0,0.0,1.0
frame_1610.jpg,frame_1610,1610,D:\visualization2026\visualization\left_downsample2_Q44\frame_1610.jpg,D:\visualization2026\visualization\right_downsample2_Q44\frame_1610.jpg,D:\visualization2026\dowsample2_Q44\stitched_frames\frame_1610.jpg,D:\visualization2026\dowsample2_Q44_hess_matched\stitched_frames\frame_1610.jpg,1968,1302,-0.004638236116292327,-0.002362106432949096,50.148355500089856,-7.879313274948066,292.81007307241936,27.150431849649408,-242.6617175723295,-35.029745124597476,245.177062994578,43.609277951073324,9.765362664193598,44.68927646960953,1,0,21.804638975536662,4.882681332096799,-21.804638975536662,-4.882681332096799,0,0,245.177062994578,708.5591872724739,592.0513585326693,415.7491142000545,564.9009266830199,12,12,1.017970596954338,0.043143590355322746,21.97193133543557,-0.061353427269244004,0.9922756385256845,103.856706650309,6.454276521327093e-05,-7.616265253763533e-06,1.0,1.0,0.0,346.19536102446335,0.0,1.0,18.117318667903202,0.0,0.0,1.0
frame_1612.jpg,frame_1612,1612,D:\visualization2026\visualization\left_downsample2_Q44\frame_1612.jpg,D:\visualization2026\visualization\right_downsample2_Q44\frame_1612.jpg,D:\visualization2026\dowsample2_Q44\stitched_frames\frame_1612.jpg,D:\visualization2026\dowsample2_Q44_hess_matched\stitched_frames\frame_1612.jpg,1973,1300,-0.0036288150050663437,-0.002164787742883756,42.311226500282345,-6.892117015945979,65.17882988927067,-14.806921534751439,-22.86760338898833,7.91480451880546,24.198582919811106,39.01785697045515,14.603232955014368,41.66110386566003,1,1,19.508928485227575,7.301616477507184,-19.508928485227575,-7.301616477507184,11,3,24.198582919811106,1283.1926000697076,357.8644934699969,1218.013770180437,372.6714150047483,12,12,1.0137391321912497,0.05719050595793008,19.611086125610672,-0.06535038352219714,0.9977451617135488,112.95511580186644,5.975918360454308e-05,1.6925149839076004e-06,1.0,1.0,0.0,353.49107151477244,0.0,1.0,15.698383522492815,0.0,0.0,1.0
frame_1614.jpg,frame_1614,1614,D:\visualization2026\visualization\left_downsample2_Q44\frame_1614.jpg,D:\visualization2026\visualization\right_downsample2_Q44\frame_1614.jpg,D:\visualization2026\dowsample2_Q44\stitched_frames\frame_1614.jpg,D:\visualization2026\dowsample2_Q44_hess_matched\stitched_frames\frame_1614.jpg,1973,1300,-0.002624492816988122,-0.0020389068607524763,35.19790395960495,-6.071713445029188,-1.737745902952156,-11.722368586902292,36.935649862557106,5.650655141873104,37.36538684801472,33.1718290534769,26.336327297816158,42.35531109897306,0,1,16.58591452673845,13.168163648908079,-16.58591452673845,-13.168163648908079,5,5,37.36538684801472,1445.127972896416,373.7890848096221,1446.865718799368,385.5114533965244,12,12,1.0135644552634255,0.057185558713007165,16.688072167121547,-0.06499980345265668,0.9977550909325402,118.82166297326734,5.975918360454308e-05,1.6925149839076004e-06,1.0,1.0,0.0,356.41408547326154,0.0,1.0,9.831836351091921,0.0,0.0,1.0
frame_1616.jpg,frame_1616,1616,D:\visualization2026\visualization\left_downsample2_Q44\frame_1616.jpg,D:\visualization2026\visualization\right_downsample2_Q44\frame_1616.jpg,D:\visualization2026\dowsample2_Q44\stitched_frames\frame_1616.jpg,D:\visualization2026\dowsample2_Q44_hess_matched\stitched_frames\frame_1616.jpg,1973,1300,-0.002500664688321108,-0.002122986610775035,35.288316883241095,-6.199347443863297,-150.7811907181233,-12.072360548711629,186.0695076013644,5.873013104848332,186.16217108194652,26.071194200138585,44.964645692598964,51.97621118629462,1,0,13.035597100069293,22.482322846299482,-13.035597100069293,-22.482322846299482,7,2,186.16217108194652,1404.4706325337,352.57585909950797,1555.2518232518232,364.6482196482196,12,12,1.0133522911924708,0.0571795497475649,13.13775474045239,-0.06444319690305783,0.9977708552865443,128.13582217065874,5.975918360454308e-05,1.6925149839076004e-06,1.0,1.0,0.0,359.9644028999307,0.0,1.0,0.517677153700518,0.0,0.0,1.0
frame_1618.jpg,frame_1618,1618,D:\visualization2026\visualization\left_downsample2_Q44\frame_1618.jpg,D:\visualization2026\visualization\right_downsample2_Q44\frame_1618.jpg,D:\visualization2026\dowsample2_Q44\stitched_frames\frame_1618.jpg,D:\visualization2026\dowsample2_Q44_hess_matched\stitched_frames\frame_1618.jpg,1985,1335,-0.002668418889296892,-0.0021487630964206472,36.522612668423704,-6.347292976148601,-69.2169924269831,-111.39944819785734,105.7396050954068,105.05215522170874,149.05307578999694,20.927228314363706,62.431881612447356,65.84594692608003,1,0,10.463614157181853,31.215940806223678,-10.463614157181853,-31.215940806223678,1,2,149.05307578999694,1436.904599481548,369.26073210117517,1506.1215919085312,480.6601802990325,12,12,0.9927999712754231,0.1152303480180874,10.715284686394357,-0.08069864330338335,1.046301578792115,162.3545086551027,3.649289859257731e-05,5.021083852841639e-05,1.0,1.0,0.0,374.53638584281816,0.0,1.0,103.78405919377633,0.0,0.0,1.0
frame_1620.jpg,frame_1620,1620,D:\visualization2026\visualization\left_downsample2_Q44\frame_1620.jpg,D:\visualization2026\visualization\right_downsample2_Q44\frame_1620.jpg,D:\visualization2026\dowsample2_Q44\stitched_frames\frame_1620.jpg,D:\visualization2026\dowsample2_Q44_hess_matched\stitched_frames\frame_1620.jpg,1967,1328,-0.0028240669422310016,-0.002103363178482587,36.99454199653324,-6.325339708451143,28.888438312151493,-109.23229434655877,8.10610368438175,102.90695463810763,103.22572465152032,17.73993139615226,78.73803505736133,80.7117298206057,0,1,8.86996569807613,39.369017528680665,-8.86996569807613,-39.369017528680665,7,4,103.22572465152032,1457.550141551441,371.83040157820614,1428.6617032392894,481.0626959247649,12,12,0.9742336603977882,0.09774658206334588,9.256383517236118,-0.08272642060437854,1.0217947419896503,174.03890253697418,3.283352728382273e-05,3.8047928546381424e-05,1.0,1.0,0.0,358.13003430192384,0.0,1.0,88.63098247131933,0.0,0.0,1.0
frame_1622.jpg,frame_1622,1622,D:\visualization2026\visualization\left_downsample2_Q44\frame_1622.jpg,D:\visualization2026\visualization\right_downsample2_Q44\frame_1622.jpg,D:\visualization2026\dowsample2_Q44\stitched_frames\frame_1622.jpg,D:\visualization2026\dowsample2_Q44_hess_matched\stitched_frames\frame_1622.jpg,1957,1319,-0.0028073515473078237,-0.002038362622679535,36.265129300497236,-6.167188956575923,307.41916269426633,-50.80049805216004,-271.1540333937691,44.63330909558412,274.8029150255347,17.763910381864314,86.98788197535987,88.78315224531084,1,0,8.881955190932157,43.493940987679935,-8.881955190932157,-43.493940987679935,0,0,274.8029150255347,711.4080781474287,644.7530048095366,403.98891545316235,695.5535028616966,12,12,0.9660441775095772,0.08504420872663003,8.574946177522062,-0.07977726859610232,1.0023562037361695,173.6702659219818,3.35213047911935e-05,2.6339308288971096e-05,1.0,1.0,0.0,348.11804480906784,0.0,1.0,75.50605901232007,0.0,0.0,1.0
frame_1624.jpg,frame_1624,1624,D:\visualization2026\visualization\left_downsample2_Q44\frame_1624.jpg,D:\visualization2026\visualization\right_downsample2_Q44\frame_1624.jpg,D:\visualization2026\dowsample2_Q44\stitched_frames\frame_1624.jpg,D:\visualization2026\dowsample2_Q44_hess_matched\stitched_frames\frame_1624.jpg,1963,1317,-0.0027588782386551436,-0.0020668615065848606,36.257640814532806,-6.207011423373933,-72.68995793562078,143.06338850485326,108.94759875015359,-149.2703999282272,184.80051831138718,20.999165271499876,87.18142236644297,89.67477542729554,1,0,10.499582635749938,43.59071118322149,-10.499582635749938,-43.59071118322149,1,4,184.80051831138718,296.2583066354336,1255.901633429542,368.9482645710544,1112.8382449246888,12,12,0.9749563368264547,0.09065905718003006,10.042145061552255,-0.08043389547098079,1.0137688307857566,174.81729300868253,3.4722934779049675e-05,3.222932389816705e-05,1.0,1.0,0.0,352.50041736425004,0.0,1.0,73.40928881677851,0.0,0.0,1.0
frame_1626.jpg,frame_1626,1626,D:\visualization2026\visualization\left_downsample2_Q44\frame_1626.jpg,D:\visualization2026\visualization\right_downsample2_Q44\frame_1626.jpg,D:\visualization2026\dowsample2_Q44\stitched_frames\frame_1626.jpg,D:\visualization2026\dowsample2_Q44_hess_matched\stitched_frames\frame_1626.jpg,1971,1318,-0.002669553257333007,-0.002120024285200861,36.250116054264126,-6.281878800759356,285.59828210004525,-53.54574147862343,-249.3481660457811,47.26386267786407,253.78806241749515,27.445696065058936,79.3186562306106,83.93280323404774,1,0,13.722848032529468,39.6593281153053,-13.722848032529468,-39.6593281153053,0,0,253.78806241749515,734.5423318936993,649.065854489173,448.944049793654,702.6115959677965,12,12,0.9829140491285563,0.09640334640425917,13.887647469258438,-0.07827010957641183,1.0214834623062303,167.36812060479645,3.696477768757626e-05,3.5505166216836674e-05,1.0,1.0,0.0,357.27715196747056,0.0,1.0,78.3406718846947,0.0,0.0,1.0
frame_1628.jpg,frame_1628,1628,D:\visualization2026\visualization\left_downsample2_Q44\frame_1628.jpg,D:\visualization2026\visualization\right_downsample2_Q44\frame_1628.jpg,D:\visualization2026\dowsample2_Q44\stitched_frames\frame_1628.jpg,D:\visualization2026\dowsample2_Q44_hess_matched\stitched_frames\frame_1628.jpg,1975,1320,-0.002467044442283489,-0.002177842216130932,35.62395719155244,-6.307569101269832,-78.64883985231808,121.87988762342411,114.27279704387053,-128.18745672469393,171.72738921259736,33.892226858617995,71.45589009477827,79.08620151880515,1,0,16.946113429308998,35.727945047389134,-16.946113429308998,-35.727945047389134,1,3,171.72738921259736,304.55755694928115,1238.9168691326695,383.2063968015992,1117.0369815092454,12,12,0.9865478033366142,0.10061003538740387,16.92976043632429,-0.07871855574142711,1.0271828318857843,163.37697761398013,3.7382633971100215e-05,3.809499022501896e-05,1.0,1.0,0.0,358.053886570691,0.0,1.0,84.27205495261086,0.0,0.0,1.0
frame_1630.jpg,frame_1630,1630,D:\visualization2026\visualization\left_downsample2_Q44\frame_1630.jpg,D:\visualization2026\visualization\right_downsample2_Q44\frame_1630.jpg,D:\visualization2026\dowsample2_Q44\stitched_frames\frame_1630.jpg,D:\visualization2026\dowsample2_Q44_hess_matched\stitched_frames\frame_1630.jpg,1966,1324,-0.0020317984227524177,-0.0025361700405407417,36.55169303176083,-6.900433260139042,80.15000399129713,-122.62542013344137,-43.5983109595363,115.72498687330233,123.66521461328735,37.96921980468784,67.11955889694364,77.11482891828904,1,0,18.98460990234392,33.55977944847182,-18.98460990234392,-33.55977944847182,2,6,123.66521461328735,1460.9021407434338,356.4301354221142,1380.7521367521367,479.05555555555554,12,12,0.9685688158646901,0.10503352276041042,19.025874331862184,-0.08523387877345821,1.0223786630326748,171.33497645332085,2.861755870613203e-05,4.236246223487423e-05,1.0,1.0,0.0,347.0153900976561,0.0,1.0,90.44022055152817,0.0,0.0,1.0
frame_1632.jpg,frame_1632,1632,D:\visualization2026\visualization\left_downsample2_Q44\frame_1632.jpg,D:\visualization2026\visualization\right_downsample2_Q44\frame_1632.jpg,D:\visualization2026\dowsample2_Q44\stitched_frames\frame_1632.jpg,D:\visualization2026\dowsample2_Q44_hess_matched\stitched_frames\frame_1632.jpg,1972,1325,-0.0016464350252151372,-0.002886998021438991,37.69915423538328,-7.502456075450154,-9.086134210352839,-63.232813898563734,46.78528844573612,55.73035782311358,72.76493659753307,39.67667490326845,66.30966263710674,77.27360409885489,0,1,19.838337451634224,33.15483131855337,-19.838337451634224,-33.15483131855337,9,4,72.76493659753307,1385.5922056080647,374.46887222335585,1394.6783398184175,437.7016861219196,12,12,0.9798958328260647,0.10400684844175545,19.795850585131454,-0.08205616236462412,1.0294474111738785,166.51097717252568,3.3846412631606876e-05,4.1033911074806545e-05,1.0,1.0,0.0,352.16166254836577,0.0,1.0,91.84516868144664,0.0,0.0,1.0
frame_1634.jpg,frame_1634,1634,D:\visualization2026\visualization\left_downsample2_Q44\frame_1634.jpg,D:\visualization2026\visualization\right_downsample2_Q44\frame_1634.jpg,D:\visualization2026\dowsample2_Q44\stitched_frames\frame_1634.jpg,D:\visualization2026\dowsample2_Q44_hess_matched\stitched_frames\frame_1634.jpg,1958,1312,-0.0016258269429560435,-0.0028668941855182206,37.383007255472066,-7.445375819471647,110.1781569738007,-115.72502438299966,-72.79514971832863,108.27964856352801,130.47458034251352,39.01459215435983,69.02620131526754,79.28905894880376,1,0,19.507296077179916,34.51310065763377,-19.507296077179916,-34.51310065763377,4,11,130.47458034251352,1365.4468303294304,355.6339499759747,1255.2686733556297,471.35897435897436,12,12,0.9655600186843164,0.09054687880466365,19.158990684622466,-0.08312956904402148,1.0071313606096772,169.13539125290777,3.094626582849697e-05,3.110602901530156e-05,1.0,1.0,0.0,338.49270392282006,0.0,1.0,77.48689934236623,0.0,0.0,1.0
frame_1636.jpg,frame_1636,1636,D:\visualization2026\visualization\left_downsample2_Q44\frame_1636.jpg,D:\visualization2026\visualization\right_downsample2_Q44\frame_1636.jpg,D:\visualization2026\dowsample2_Q44\stitched_frames\frame_1636.jpg,D:\visualization2026\dowsample2_Q44_hess_matched\stitched_frames\frame_1636.jpg,1968,1307,-0.0018684285073326534,-0.002764574805475206,37.81206212650407,-7.338671498329893,-161.50063176543017,-93.30325686680953,199.31269389193423,85.96458536847965,217.0609589125472,35.98297155796199,75.26917493142608,83.42795057412546,1,0,17.991485778980994,37.63458746571304,-17.991485778980994,-37.63458746571304,5,2,217.0609589125472,1484.4651170592845,343.42027122810873,1645.9657488247146,436.72352809491827,12,12,0.9841295245408588,0.08892097982917392,17.90830545456091,-0.07513330455279925,1.0131252633868086,160.22478533650064,3.9799005143313174e-05,2.9061720711554555e-05,1.0,1.0,0.0,350.008514221019,0.0,1.0,69.36541253428696,0.0,0.0,1.0
frame_1638.jpg,frame_1638,1638,D:\visualization2026\visualization\left_downsample2_Q44\frame_1638.jpg,D:\visualization2026\visualization\right_downsample2_Q44\frame_1638.jpg,D:\visualization2026\dowsample2_Q44\stitched_frames\frame_1638.jpg,D:\visualization2026\dowsample2_Q44_hess_matched\stitched_frames\frame_1638.jpg,1984,1322,-0.002137691287449034,-0.0026787282400063672,38.557497743611854,-7.283908718335128,98.34547205186846,-115.9685869894958,-59.7879743082566,108.68467827116068,124.04419036291243,30.58181311407493,85.03858348558231,90.37039324125217,1,0,15.290906557037465,42.519291742791154,-15.290906557037465,-42.519291742791154,2,8,124.04419036291243,1423.5928030127225,354.1411401753915,1325.247330960854,470.1097271648873,12,12,0.9927750480491279,0.11376778393107698,15.254236730551986,-0.08067201521285366,1.042552481831726,174.27823073228055,3.681304475905508e-05,4.7605982011049086e-05,1.0,1.0,0.0,368.7090934429625,0.0,1.0,79.48070825720885,0.0,0.0,1.0
frame_1640.jpg,frame_1640,1640,D:\visualization2026\visualization\left_downsample2_Q44\frame_1640.jpg,D:\visualization2026\visualization\right_downsample2_Q44\frame_1640.jpg,D:\visualization2026\dowsample2_Q44\stitched_frames\frame_1640.jpg,D:\visualization2026\dowsample2_Q44_hess_matched\stitched_frames\frame_1640.jpg,1971,1319,-0.002245783695690562,-0.0025928688287341073,38.35750446277573,-7.1438631389882294,-42.22512234007604,-75.98324074730397,80.58262680285176,68.83937760831574,105.98311022020427,26.031762114904694,91.8176734424043,95.43656424653489,1,1,13.015881057452347,45.90883672120215,-13.015881057452347,-45.90883672120215,8,1,105.98311022020427,1436.1005218827004,385.4909903416403,1478.3256442227764,461.4742310889443,12,12,0.9787553723066432,0.10247771836563306,13.052499877840646,-0.08139125727980052,1.0279970172773318,178.90254338766624,3.366346930668584e-05,4.017324015152749e-05,1.0,1.0,0.0,357.98411894254764,0.0,1.0,73.09116327879785,0.0,0.0,1.0
frame_1642.jpg,frame_1642,1642,D:\visualization2026\visualization\left_downsample2_Q44\frame_1642.jpg,D:\visualization2026\visualization\right_downsample2_Q44\frame_1642.jpg,D:\visualization2026\dowsample2_Q44\stitched_frames\frame_1642.jpg,D:\visualization2026\dowsample2_Q44_hess_matched\stitched_frames\frame_1642.jpg,1972,1304,-0.002269765801496265,-0.0025807239690652795,38.3801982476682,-7.128651569504513,18.600702021367397,-111.7060521633993,19.7794962263008,104.5774005938948,106.43148587679397,22.332818560451287,95.60644480189204,98.18017657608519,0,1,11.166409280225643,47.80322240094602,-11.166409280225643,-47.80322240094602,7,7,106.43148587679397,1460.4782418346567,349.6651724384678,1441.8775398132893,461.3712246018671,12,12,0.9764622231648942,0.099845952762378,10.799818207375829,-0.08153334654926622,1.02143600743911,180.77069276215067,3.518774101202704e-05,3.386872923609286e-05,1.0,1.0,0.0,360.83359071977435,0.0,1.0,53.19677759905398,0.0,0.0,1.0
frame_1644.jpg,frame_1644,1644,D:\visualization2026\visualization\left_downsample2_Q44\frame_1644.jpg,D:\visualization2026\visualization\right_downsample2_Q44\frame_1644.jpg,D:\visualization2026\dowsample2_Q44\stitched_frames\frame_1644.jpg,D:\visualization2026\dowsample2_Q44_hess_matched\stitched_frames\frame_1644.jpg,1978,1296,-0.0022856310972850236,-0.0026099431907158355,38.757068489578884,-7.204161473878948,131.63505250509115,-67.51506327128914,-92.87798401551227,60.31090179741019,110.74170303188681,9.605529650040591,87.69933287462517,88.2238017006302,1,1,4.8027648250202954,43.849666437312585,-4.8027648250202954,-43.849666437312585,5,7,110.74170303188681,1429.4055839060572,364.4709270668751,1297.770531400966,431.98599033816424,12,12,0.9960675611702534,0.09282452028361617,4.516098079572037,-0.06722080796491248,1.0188555443271177,154.6468214726165,4.4184488901510146e-05,3.084968198894967e-05,1.0,1.0,0.0,373.1972351749797,0.0,1.0,52.150333562687415,0.0,0.0,1.0
frame_1646.jpg,frame_1646,1646,D:\visualization2026\visualization\left_downsample2_Q44\frame_1646.jpg,D:\visualization2026\visualization\right_downsample2_Q44\frame_1646.jpg,D:\visualization2026\dowsample2_Q44\stitched_frames\frame_1646.jpg,D:\visualization2026\dowsample2_Q44_hess_matched\stitched_frames\frame_1646.jpg,1939,1326,-0.002316961429424641,-0.0026121548704342024,38.962311448355436,-7.225814403376415,21.47405766266047,-101.43884613224117,17.488253785694965,94.21303172886475,95.82241057298106,2.4034402236935826,79.62324105376884,79.65950690793565,0,1,1.2017201118467913,39.81162052688442,-1.2017201118467913,-39.81162052688442,9,3,95.82241057298106,1445.6170082678289,366.0701496152236,1424.1429506051684,467.5089957474648,12,12,0.9429683784539755,0.07714301624713767,0.803426624752726,-0.07597856862193358,1.0062214563266643,163.13214817929673,2.5922885179392743e-05,2.067631391536577e-05,1.0,1.0,0.0,337.7982798881532,0.0,1.0,86.18837947311559,0.0,0.0,1.0
frame_1648.jpg,frame_1648,1648,D:\visualization2026\visualization\left_downsample2_Q44\frame_1648.jpg,D:\visualization2026\visualization\right_downsample2_Q44\frame_1648.jpg,D:\visualization2026\dowsample2_Q44\stitched_frames\frame_1648.jpg,D:\visualization2026\dowsample2_Q44_hess_matched\stitched_frames\frame_1648.jpg,1948,1281,-0.002355514389560859,-0.0026120204613990783,39.187128540562696,-7.245898780586207,72.24175997854127,-52.74892262983417,-33.05463143797857,45.50302384924796,56.241744629108275,0.726550281410272,71.37816933932304,71.38186697995852,0,1,0.363275140705136,35.68908466966152,-0.363275140705136,-35.68908466966152,5,2,56.241744629108275,1470.7590629479541,364.72841606183806,1398.5173029694129,417.47733869167223,12,12,0.9717990681074123,0.06452951516495432,0.8548789596696424,-0.06470306063903218,0.9914315989266022,141.76378889908327,3.9447599487610897e-05,1.387599586115017e-05,1.0,1.0,0.0,347.6367248592949,0.0,1.0,45.31091533033848,0.0,0.0,1.0
frame_1650.jpg,frame_1650,1650,D:\visualization2026\visualization\left_downsample2_Q44\frame_1650.jpg,D:\visualization2026\visualization\right_downsample2_Q44\frame_1650.jpg,D:\visualization2026\dowsample2_Q44\stitched_frames\frame_1650.jpg,D:\visualization2026\dowsample2_Q44_hess_matched\stitched_frames\frame_1650.jpg,1939,1273,-0.0023870077920435107,-0.0026230370471269637,39.47885302942458,-7.287863194621235,53.49484732705673,-129.84108675740885,-14.015994297632155,122.55322356278761,123.35210051629383,1.6162355665154329,54.91229111809748,54.93607133063991,1,0,0.8081177832577164,27.45614555904874,-0.8081177832577164,-27.45614555904874,3,4,123.35210051629383,1095.6500536138935,276.26893288895656,1042.1552062868368,406.1100196463654,12,12,0.9482051356673946,0.07228665811643478,0.7608174747469316,-0.07418656560369678,0.9857908153210525,146.8419256432535,2.7620319657564297e-05,1.8605455045210838e-05,1.0,1.0,0.0,338.1918822167423,0.0,1.0,43.543854440951264,0.0,0.0,1.0
frame_1652.jpg,frame_1652,1652,D:\visualization2026\visualization\left_downsample2_Q44\frame_1652.jpg,D:\visualization2026\visualization\right_downsample2_Q44\frame_1652.jpg,D:\visualization2026\dowsample2_Q44\stitched_frames\frame_1652.jpg,D:\visualization2026\dowsample2_Q44_hess_matched\stitched_frames\frame_1652.jpg,1938,1266,-0.0024032111578083104,-0.002629446872343566,39.636150618306246,-7.311157817019547,28.241104103422003,-70.66319983868533,11.395046514884243,63.35204202166578,64.36869047441685,9.987944460331224,46.206650200120094,47.27381471024863,0,1,4.993972230165612,23.103325100060047,-4.993972230165612,-23.103325100060047,8,7,64.36869047441685,1405.5963993694054,331.70868888752256,1377.3552952659834,402.3718887262079,12,12,0.958771995957493,0.05477740770562513,5.047976884365172,-0.06428638525837428,0.9727580979028467,126.75314030532105,3.761911362348082e-05,3.061643777717244e-06,1.0,1.0,0.0,333.00602776983436,0.0,1.0,34.89667489993995,0.0,0.0,1.0
frame_1654.jpg,frame_1654,1654,D:\visualization2026\visualization\left_downsample2_Q44\frame_1654.jpg,D:\visualization2026\visualization\right_downsample2_Q44\frame_1654.jpg,D:\visualization2026\dowsample2_Q44\stitched_frames\frame_1654.jpg,D:\visualization2026\dowsample2_Q44_hess_matched\stitched_frames\frame_1654.jpg,1949,1277,-0.002377888117011173,-0.0025940163156497054,39.14347552621612,-7.216377419400308,16.061174094692433,-24.28220247465231,23.08230143152369,17.065825055252,28.706010245106988,25.562204369643197,45.08643656318788,51.82868948952665,0,1,12.781102184821599,22.54321828159394,-12.781102184821599,-22.54321828159394,7,2,28.706010245106988,1428.4859635050414,343.5505291739638,1412.424789410349,367.8327316486161,12,12,0.965080897215894,0.06436887009277195,12.838932924924585,-0.068159469276581,0.9834812881430213,133.26274113012965,3.7626239123678725e-05,8.846794186918111e-06,1.0,1.0,0.0,336.2188978151784,0.0,1.0,26.45678171840606,0.0,0.0,1.0
frame_1656.jpg,frame_1656,1656,D:\visualization2026\visualization\left_downsample2_Q44\frame_1656.jpg,D:\visualization2026\visualization\right_downsample2_Q44\frame_1656.jpg,D:\visualization2026\dowsample2_Q44\stitched_frames\frame_1656.jpg,D:\visualization2026\dowsample2_Q44_hess_matched\stitched_frames\frame_1656.jpg,1948,1278,-0.002330903050401928,-0.0025375140229396687,38.31907026769872,-7.061735962040921,-21.027727987075195,-57.74656310101875,59.346798254773915,50.68482713897783,78.04482151431253,33.78547045443037,40.024746814135696,52.377842370250924,0,1,16.892735227215184,20.012373407067848,-16.892735227215184,-20.012373407067848,4,2,78.04482151431253,1443.0832250712463,329.7160258036754,1464.1109530583215,387.46258890469414,12,12,0.9619770183058253,0.06679785213502804,16.974375063201165,-0.06978199804988042,0.984646648062606,133.02246458655543,3.587458142181046e-05,1.0499680624837466e-05,1.0,1.0,0.0,331.1072647727848,0.0,1.0,30.987626592932152,0.0,0.0,1.0
frame_1658.jpg,frame_1658,1658,D:\visualization2026\visualization\left_downsample2_Q44\frame_1658.jpg,D:\visualization2026\visualization\right_downsample2_Q44\frame_1658.jpg,D:\visualization2026\dowsample2_Q44\stitched_frames\frame_1658.jpg,D:\visualization2026\dowsample2_Q44_hess_matched\stitched_frames\frame_1658.jpg,1946,1274,-0.002301880179595206,-0.0025063300116262566,37.84594291353205,-6.974752975266276,97.52471747414575,-56.977308958023514,-59.6787745606137,50.00255598275724,77.85763763347386,34.65774271469272,31.021580952963546,46.513413279387564,1,1,17.32887135734636,15.510790476481773,-17.32887135734636,-15.510790476481773,11,4,77.85763763347386,1400.2488554051802,339.15212632433526,1302.7241379310344,396.12943528235877,12,12,0.9639705159541282,0.0589010140379377,17.42186387493989,-0.06708784116828669,0.9779245828808583,123.7296721161911,3.840271168746996e-05,4.784237035502491e-06,1.0,1.0,0.0,328.6711286426536,0.0,1.0,30.489209523518227,0.0,0.0,1.0
frame_1660.jpg,frame_1660,1660,D:\visualization2026\visualization\left_downsample2_Q44\frame_1660.jpg,D:\visualization2026\visualization\right_downsample2_Q44\frame_1660.jpg,D:\visualization2026\dowsample2_Q44\stitched_frames\frame_1660.jpg,D:\visualization2026\dowsample2_Q44_hess_matched\stitched_frames\frame_1660.jpg,1948,1273,-0.002331223422739448,-0.00256039413469189,38.54319173008954,-7.114461972118208,261.08645905141293,-31.268449998667165,-222.54326732132338,24.15398802654896,223.8502199410058,31.534815467708512,42.14678232512881,52.63834958415982,1,0,15.767407733854256,21.073391162564405,-15.767407733854256,-21.073391162564405,0,0,223.8502199410058,749.4484377479286,694.3074060523649,488.3619786965156,725.575856051032,12,12,0.958698159750805,0.07115867181952006,15.56942471716279,-0.07086973538384381,0.9814252359925395,135.8358722653462,3.375716937972706e-05,1.2783504512675063e-05,1.0,1.0,0.0,332.23259226614573,0.0,1.0,28.926608837435595,0.0,0.0,1.0
frame_1662.jpg,frame_1662,1662,D:\visualization2026\visualization\left_downsample2_Q44\frame_1662.jpg,D:\visualization2026\visualization\right_downsample2_Q44\frame_1662.jpg,D:\visualization2026\dowsample2_Q44\stitched_frames\frame_1662.jpg,D:\visualization2026\dowsample2_Q44_hess_matched\stitched_frames\frame_1662.jpg,1954,1281,-0.0023840770522472743,-0.0026547087490012,39.76930165483414,-7.359064123172647,24.012893838638092,-25.69527683897769,15.756407816196045,18.336212715805043,24.17604359752717,21.753647033170456,46.24815464922839,51.108834536728686,0,1,10.876823516585228,23.124077324614195,-10.876823516585228,-23.124077324614195,5,8,24.17604359752717,1409.7473571154742,336.5126327655421,1385.734463276836,362.2079096045198,12,12,0.9596486602023129,0.08316998812385909,10.832834013073603,-0.0730420333868528,0.9963122462168771,140.9291824722063,3.196372632259977e-05,2.0580368794400498e-05,1.0,1.0,0.0,343.1231764834148,0.0,1.0,33.87592267538581,0.0,0.0,1.0
frame_1664.jpg,frame_1664,1664,D:\visualization2026\visualization\left_downsample2_Q44\frame_1664.jpg,D:\visualization2026\visualization\right_downsample2_Q44\frame_1664.jpg,D:\visualization2026\dowsample2_Q44\stitched_frames\frame_1664.jpg,D:\visualization2026\dowsample2_Q44_hess_matched\stitched_frames\frame_1664.jpg,1946,1280,-0.002400441033486772,-0.0026998626751777444,40.303876079120734,-7.471440476702585,32.83621088251812,-80.16327239278087,7.467665196602617,72.69183191607829,73.0744035268433,15.473162804967126,52.20607263688564,54.45082907869078,0,1,7.736581402483563,26.10303631844282,-7.736581402483563,-26.10303631844282,8,2,73.0744035268433,1353.7496887736745,329.83098781130076,1320.9134778911564,409.9942602040816,12,12,0.9514206086973243,0.07450257252065601,7.8994618000892105,-0.07416493080945484,0.985681871047163,145.72919665248367,3.0307394836478223e-05,1.4212177125554374e-05,1.0,1.0,0.0,338.2634185975164,0.0,1.0,28.89696368155718,0.0,0.0,1.0
frame_1666.jpg,frame_1666,1666,D:\visualization2026\visualization\left_downsample2_Q44\frame_1666.jpg,D:\visualization2026\visualization\right_downsample2_Q44\frame_1666.jpg,D:\visualization2026\dowsample2_Q44\stitched_frames\frame_1666.jpg,D:\visualization2026\dowsample2_Q44_hess_matched\stitched_frames\frame_1666.jpg,1957,1278,-0.0023440628523341556,-0.0026448091171982213,39.43844993792225,-7.31515820423641,-94.023346983068,-51.65429053791735,133.46179692099025,44.339132333680936,140.63431264625044,12.693362783098529,60.020536288100566,61.34807442010342,1,0,6.346681391549264,30.010268144050283,-6.346681391549264,-30.010268144050283,7,4,140.63431264625044,1427.312613608065,325.1874171796524,1521.335960591133,376.84170771756976,12,12,0.9775657554519761,0.06477335006048966,6.024397622849545,-0.06302018226070528,0.9850322405548658,132.68157567969777,4.4572160146238636e-05,4.519418151020834e-06,1.0,1.0,0.0,350.6533186084507,0.0,1.0,14.989731855949717,0.0,0.0,1.0
frame_1668.jpg,frame_1668,1668,D:\visualization2026\visualization\left_downsample2_Q44\frame_1668.jpg,D:\visualization2026\visualization\right_downsample2_Q44\frame_1668.jpg,D:\visualization2026\dowsample2_Q44\stitched_frames\frame_1668.jpg,D:\visualization2026\dowsample2_Q44_hess_matched\stitched_frames\frame_1668.jpg,1965,1284,-0.0022489851761365587,-0.0025380982086002923,37.84427605604649,-7.019746270308128,273.41672352363554,-45.328721528463916,-235.57244746758906,38.30897525815579,238.66703918052866,13.41424696756466,69.69154560287316,70.97079364234393,1,0,6.70712348378233,34.84577280143658,-6.70712348378233,-34.84577280143658,0,0,238.66703918052866,778.2076207443033,712.1089455734449,504.7908972206678,757.4376671019088,12,12,0.9843524345722456,0.07726030449614399,6.7729864453787245,-0.0640744529591942,1.003801847282359,139.51816208117606,4.435130239475367e-05,1.594920150131919e-05,1.0,1.0,0.0,358.2928765162177,0.0,1.0,31.15422719856342,0.0,0.0,1.0
frame_1670.jpg,frame_1670,1670,D:\visualization2026\visualization\left_downsample2_Q44\frame_1670.jpg,D:\visualization2026\visualization\right_downsample2_Q44\frame_1670.jpg,D:\visualization2026\dowsample2_Q44\stitched_frames\frame_1670.jpg,D:\visualization2026\dowsample2_Q44_hess_matched\stitched_frames\frame_1670.jpg,1959,1284,-0.002165390338107198,-0.002444161502311748,36.4415320852415,-6.759751202892785,277.09638750002745,-43.06676359302185,-240.65485541478594,36.30701239012906,243.37822125943913,16.38753785304568,68.19140244627062,70.13286508103207,1,0,8.19376892652284,34.09570122313531,-8.19376892652284,-34.09570122313531,0,0,243.37822125943913,774.1309815678757,729.2672396958508,497.0345940678482,772.3340032888726,12,12,0.9687776550427106,0.0878242430266636,7.981679575074256,-0.07103078276905714,1.0072416117135572,149.91098675704362,3.4956085239168685e-05,2.5530464307802307e-05,1.0,1.0,0.0,350.80623107347714,0.0,1.0,39.90429877686469,0.0,0.0,1.0
frame_1672.jpg,frame_1672,1672,D:\visualization2026\visualization\left_downsample2_Q44\frame_1672.jpg,D:\visualization2026\visualization\right_downsample2_Q44\frame_1672.jpg,D:\visualization2026\dowsample2_Q44\stitched_frames\frame_1672.jpg,D:\visualization2026\dowsample2_Q44_hess_matched\stitched_frames\frame_1672.jpg,1972,1286,-0.0021380727071173555,-0.0024117268257367597,35.96625824257823,-6.670797397415414,273.653477978913,-47.011401438777625,-237.68721973633475,40.34060404136221,241.08624755553905,19.360828738526703,66.69125928966805,69.44469565837478,1,0,9.680414369263351,33.34562964483403,-9.680414369263351,-33.34562964483403,0,0,241.08624755553905,784.4230821611385,721.733121837299,510.7696041822255,768.7445232760766,12,12,0.9952477069332659,0.07859863884040222,9.693712683819617,-0.061328198010984346,1.009472469727282,134.30984580273227,4.844253049218305e-05,1.661209774779268e-05,1.0,1.0,0.0,362.31958563073664,0.0,1.0,32.65437035516597,0.0,0.0,1.0
frame_1674.jpg,frame_1674,1674,D:\visualization2026\visualization\left_downsample2_Q44\frame_1674.jpg,D:\visualization2026\visualization\right_downsample2_Q44\frame_1674.jpg,D:\visualization2026\dowsample2_Q44\stitched_frames\frame_1674.jpg,D:\visualization2026\dowsample2_Q44_hess_matched\stitched_frames\frame_1674.jpg,1968,1285,-0.0021485285145169952,-0.0024175713995359116,36.08435449753181,-6.689753364079669,275.2791437284726,-46.67954255566167,-239.19478923094078,39.989789191582,242.51459839527467,22.33411962400772,65.19111613306549,68.91077217717357,1,0,11.16705981200386,32.595558066532746,-11.16705981200386,-32.595558066532746,0,0,242.51459839527467,781.2339820225069,729.3412021937262,505.9548382940343,776.0207447493879,12,12,0.9869513719952672,0.08216483334070539,10.771090087880172,-0.06373009642983635,1.0095931224725454,137.17997012172486,4.408359378986918e-05,1.9612276840126972e-05,1.0,1.0,0.0,356.83294018799614,0.0,1.0,36.404441933467254,0.0,0.0,1.0
frame_1676.jpg,frame_1676,1676,D:\visualization2026\visualization\left_downsample2_Q44\frame_1676.jpg,D:\visualization2026\visualization\right_downsample2_Q44\frame_1676.jpg,D:\visualization2026\dowsample2_Q44\stitched_frames\frame_1676.jpg,D:\visualization2026\dowsample2_Q44_hess_matched\stitched_frames\frame_1676.jpg,1966,1284,-0.002151698812333208,-0.0024187886603003195,36.11477275161137,-6.694226434200867,278.41127268383946,-49.59686886751388,-242.29649993222807,42.90264243331301,246.06550064397265,25.30741050948874,63.69097297646293,68.53469971761977,1,0,12.65370525474437,31.845486488231465,-12.65370525474437,-31.845486488231465,0,0,246.06550064397265,780.8824937410697,739.7696667375537,502.4712210572302,789.3665356050676,12,12,0.9836290670492385,0.08355596401684315,12.177064199691944,-0.06531701260317792,1.0085605052294788,138.3688071423311,4.255346540913263e-05,2.082689147469704e-05,1.0,1.0,0.0,353.34629474525565,0.0,1.0,37.154513511768535,0.0,0.0,1.0
frame_1678.jpg,frame_1678,1678,D:\visualization2026\visualization\left_downsample2_Q44\frame_1678.jpg,D:\visualization2026\visualization\right_downsample2_Q44\frame_1678.jpg,D:\visualization2026\dowsample2_Q44\stitched_frames\frame_1678.jpg,D:\visualization2026\dowsample2_Q44_hess_matched\stitched_frames\frame_1678.jpg,1976,1288,-0.0021370335138311547,-0.0024744804605925097,36.569710767928875,-6.814395346329983,297.1221374043645,-60.851088888417394,-260.5524266364356,54.03669354208741,266.09684566919736,28.28070139496976,62.19082981986038,68.31908507199346,1,0,14.14035069748488,31.09541490993019,-14.14035069748488,-31.09541490993019,0,0,266.09684566919736,810.8817506011791,743.7752478578851,513.7596131968146,804.6263367463025,12,12,0.9916023359050328,0.09630294527083251,14.235060099684265,-0.06524836298695898,1.024516468192364,137.1727844870592,4.248008725391449e-05,3.0346125559135446e-05,1.0,1.0,0.0,361.8596493025151,0.0,1.0,55.90458509006981,0.0,0.0,1.0
frame_1680.jpg,frame_1680,1680,D:\visualization2026\visualization\left_downsample2_Q44\frame_1680.jpg,D:\visualization2026\visualization\right_downsample2_Q44\frame_1680.jpg,D:\visualization2026\dowsample2_Q44\stitched_frames\frame_1680.jpg,D:\visualization2026\dowsample2_Q44_hess_matched\stitched_frames\frame_1680.jpg,1949,1289,-0.0021858525151713104,-0.0026235656355566572,38.3041619040634,-7.182673524455806,-102.93491363794277,-115.44019554583508,141.23907554200616,108.25752202137927,177.955521224181,31.25399228045078,60.69068666325782,68.26544866273288,1,0,15.62699614022539,30.34534333162891,-15.62699614022539,-30.34534333162891,5,3,177.955521224181,274.6851632112407,707.6774797663646,377.6200768491835,823.1176753121997,12,12,0.9479027341405055,0.08974034509549758,15.681913840797495,-0.07737122547253723,0.9953316375455055,155.56925294930932,2.8280830874096484e-05,1.963842418773406e-05,1.0,1.0,0.0,333.3730038597746,0.0,1.0,50.65465666837109,0.0,0.0,1.0
frame_1682.jpg,frame_1682,1682,D:\visualization2026\visualization\left_downsample2_Q44\frame_1682.jpg,D:\visualization2026\visualization\right_downsample2_Q44\frame_1682.jpg,D:\visualization2026\dowsample2_Q44\stitched_frames\frame_1682.jpg,D:\visualization2026\dowsample2_Q44_hess_matched\stitched_frames\frame_1682.jpg,1965,1286,-0.0023833623105791457,-0.00271492347600244,40.34999588350731,-7.49700172092781,299.5734989837691,-60.39932595962796,-259.22350310026184,52.902324238700146,264.5665898586366,34.22728316593181,59.19054350665525,68.37417168444622,1,0,17.113641582965904,29.595271753327626,-17.113641582965904,-29.595271753327626,0,0,264.5665898586366,802.5975707175357,755.6458085411845,503.0240717337666,816.0451345008124,12,12,0.9710884448214869,0.0955607057462554,17.416121278086457,-0.07273197306313861,1.0067544363580803,147.49225661926877,3.4997682713771926e-05,2.5518786381229328e-05,1.0,1.0,0.0,347.8863584170341,0.0,1.0,52.40472824667238,0.0,0.0,1.0
frame_1684.jpg,frame_1684,1684,D:\visualization2026\visualization\left_downsample2_Q44\frame_1684.jpg,D:\visualization2026\visualization\right_downsample2_Q44\frame_1684.jpg,D:\visualization2026\dowsample2_Q44\stitched_frames\frame_1684.jpg,D:\visualization2026\dowsample2_Q44_hess_matched\stitched_frames\frame_1684.jpg,1971,1309,-0.003527938752513754,-0.002209385248268414,42.15275322867726,-6.941199409011787,291.8206995406126,-42.0527133647837,-249.66794631193537,35.11151395577191,252.12477432391645,37.20057405141283,57.6904003500527,68.64448267926572,1,0,18.600287025706415,28.84520017502635,-18.600287025706415,-28.84520017502635,0,0,252.12477432391645,810.69921856467,777.0664926865157,518.8785190240574,819.1192060512994,12,12,0.9614981164427898,0.11485955235536982,18.682685537266842,-0.07793048242259762,1.0215810511779142,155.36765759595647,3.017479694305145e-05,2.704470700043376e-05,1.0,1.0,0.0,352.3997129742936,0.0,1.0,60.15479982497365,0.0,0.0,1.0
frame_1686.jpg,frame_1686,1686,D:\visualization2026\visualization\left_downsample2_Q44\frame_1686.jpg,D:\visualization2026\visualization\right_downsample2_Q44\frame_1686.jpg,D:\visualization2026\dowsample2_Q44\stitched_frames\frame_1686.jpg,D:\visualization2026\dowsample2_Q44_hess_matched\stitched_frames\frame_1686.jpg,1973,1293,-0.006023686581390769,-0.0009998722749219313,45.042516218240316,-5.4830593018008775,288.5422073444405,-30.41964377798047,-243.4996911262002,24.93658447617959,244.77322734296848,40.17386493689384,56.19025719345015,69.07448463386365,1,0,20.08693246844692,28.095128596725075,-20.08693246844692,-28.095128596725075,0,0,244.77322734296848,814.0772352075134,761.257656347119,525.5350278630729,791.6773001250995,12,12,0.9940121492484081,0.09192354865681862,19.80368236606481,-0.06529487228036371,1.0113326286175937,135.07577965185703,4.6532161077823234e-05,1.7420716857944718e-05,1.0,1.0,0.0,352.91306753155305,0.0,1.0,32.904871403274925,0.0,0.0,1.0
frame_1688.jpg,frame_1688,1688,D:\visualization2026\visualization\left_downsample2_Q44\frame_1688.jpg,D:\visualization2026\visualization\right_downsample2_Q44\frame_1688.jpg,D:\visualization2026\dowsample2_Q44\stitched_frames\frame_1688.jpg,D:\visualization2026\dowsample2_Q44_hess_matched\stitched_frames\frame_1688.jpg,1964,1285,-0.007962563671942147,-0.00016700531195801283,48.32458681332945,-4.595525896445876,250.9539951011859,-45.57204511495593,-202.62940828785645,40.97651921851005,206.73111093967387,43.14715582237486,54.69011403684759,69.6612204093762,1,0,21.57357791118743,27.345057018423795,-21.57357791118743,-27.345057018423795,0,0,206.73111093967387,806.1179804243584,765.6622196324332,555.1639853231725,811.2342647473891,12,12,0.9771039594063269,0.09022827602963504,22.030970069116723,-0.06947323532832263,0.9994505744667447,140.17794116644893,3.9024952415745457e-05,1.6992187874683966e-05,1.0,1.0,0.0,342.42642208881256,0.0,1.0,32.654942981576205,0.0,0.0,1.0
frame_1690.jpg,frame_1690,1690,D:\visualization2026\visualization\left_downsample2_Q44\frame_1690.jpg,D:\visualization2026\visualization\right_downsample2_Q44\frame_1690.jpg,D:\visualization2026\dowsample2_Q44\stitched_frames\frame_1690.jpg,D:\visualization2026\dowsample2_Q44_hess_matched\stitched_frames\frame_1690.jpg,1960,1287,-0.007543245720615932,-0.00041748155733667414,48.29814521308769,-4.949075975287399,217.44379960093647,-56.35608366063252,-169.14565438784877,51.40700768534512,176.78499041902487,46.12044670785588,53.18997088024502,70.40077135069961,1,0,23.06022335392794,26.59498544012251,-23.06022335392794,-26.59498544012251,0,0,176.78499041902487,801.7581945053951,758.0338101822549,584.3143949044586,814.3898938428874,12,12,0.983565475198533,0.07395101402495372,22.92325439272526,-0.06471816354146818,0.9897956070477686,131.5392039136152,4.6596929231548396e-05,3.7224624982469042e-06,1.0,1.0,0.0,336.93977664607206,0.0,1.0,25.40501455987749,0.0,0.0,1.0
frame_1692.jpg,frame_1692,1692,D:\visualization2026\visualization\left_downsample2_Q44\frame_1692.jpg,D:\visualization2026\visualization\right_downsample2_Q44\frame_1692.jpg,D:\visualization2026\dowsample2_Q44\stitched_frames\frame_1692.jpg,D:\visualization2026\dowsample2_Q44_hess_matched\stitched_frames\frame_1692.jpg,1968,1291,-0.00570373833801599,-0.0013129068330969274,46.20655297087831,-6.032871340608859,219.4773087547867,-56.079468657577536,-173.27075578390838,50.04659731696868,180.35358802345363,49.09373759333691,51.689827723642466,71.28838166898768,1,0,24.546868796668456,25.844913861821233,-24.546868796668456,-25.844913861821233,0,0,180.35358802345363,810.7086012717934,776.2084292176219,591.2312925170068,832.2878978751994,12,12,0.980623882674775,0.09835009725566145,24.644663345974628,-0.07157308289109611,1.0105819176230226,141.72489785796623,3.856582608856208e-05,2.378449394506908e-05,1.0,1.0,0.0,343.45313120333157,0.0,1.0,39.15508613817877,0.0,0.0,1.0
frame_1694.jpg,frame_1694,1694,D:\visualization2026\visualization\left_downsample2_Q44\frame_1694.jpg,D:\visualization2026\visualization\right_downsample2_Q44\frame_1694.jpg,D:\visualization2026\dowsample2_Q44\stitched_frames\frame_1694.jpg,D:\visualization2026\dowsample2_Q44_hess_matched\stitched_frames\frame_1694.jpg,1962,1293,-0.004194913396221661,-0.0021152027310983312,45.14989739560888,-7.077663787701312,222.9039209474987,-38.94438129732532,-177.75402355188982,31.86671750962401,180.5878749355116,52.067028478817925,50.18968456703991,72.31859990039216,1,0,26.033514239408962,25.094842283519956,-26.033514239408962,-25.094842283519956,0,0,180.5878749355116,805.3396513862142,787.7654332662205,582.4357304387155,826.7098145635458,12,12,0.9721437939679933,0.09709922712667902,25.646284559945034,-0.07482217866960343,1.0061966112557064,145.7435698703435,3.602163137881825e-05,2.205346254477099e-05,1.0,1.0,0.0,335.966485760591,0.0,1.0,40.90515771648005,0.0,0.0,1.0
frame_1696.jpg,frame_1696,1696,D:\visualization2026\visualization\left_downsample2_Q44\frame_1696.jpg,D:\visualization2026\visualization\right_downsample2_Q44\frame_1696.jpg,D:\visualization2026\dowsample2_Q44\stitched_frames\frame_1696.jpg,D:\visualization2026\dowsample2_Q44_hess_matched\stitched_frames\frame_1696.jpg,1959,1291,-0.00409235668338323,-0.002195212120277623,45.325535622324594,-7.207199811489217,236.7192236723307,-32.351185647213015,-191.39368805000612,25.143985835723797,193.03824452447276,55.040319364298945,48.68954141043736,73.4854284772343,1,0,27.520159682149473,24.34477070521868,-27.520159682149473,-24.34477070521868,0,0,193.03824452447276,802.372971128308,784.3661844970219,565.6537474559773,816.7173701442349,12,12,0.9712706587685151,0.09049826720196487,27.22334494711463,-0.07304944434584353,0.9995868550529768,142.70104328252836,3.7154398980587165e-05,1.7065960737508087e-05,1.0,1.0,0.0,331.4798403178505,0.0,1.0,38.65522929478132,0.0,0.0,1.0
frame_1698.jpg,frame_1698,1698,D:\visualization2026\visualization\left_downsample2_Q44\frame_1698.jpg,D:\visualization2026\visualization\right_downsample2_Q44\frame_1698.jpg,D:\visualization2026\dowsample2_Q44\stitched_frames\frame_1698.jpg,D:\visualization2026\dowsample2_Q44_hess_matched\stitched_frames\frame_1698.jpg,1963,1293,-0.004357805364644002,-0.001938248598922332,44.38648272546465,-6.757356923127922,236.42410798281003,-29.522930234576393,-192.03762525734538,22.76557331144847,193.3823178128744,58.013610249779965,47.18939825383479,74.78247309211164,1,0,29.006805124889983,23.594699126917394,-29.006805124889983,-23.594699126917394,0,0,193.3823178128744,807.0749518646666,801.0021225080396,570.6508438818565,830.525052742616,12,12,0.9678058290000474,0.10379680087169833,29.32641144947434,-0.07576245878232621,1.0098386754370092,146.38509462719364,3.294507059339784e-05,2.6261180945074965e-05,1.0,1.0,0.0,333.99319487511,0.0,1.0,46.40530087308261,0.0,0.0,1.0
frame_1700.jpg,frame_1700,1700,D:\visualization2026\visualization\left_downsample2_Q44\frame_1700.jpg,D:\visualization2026\visualization\right_downsample2_Q44\frame_1700.jpg,D:\visualization2026\dowsample2_Q44\stitched_frames\frame_1700.jpg,D:\visualization2026\dowsample2_Q44_hess_matched\stitched_frames\frame_1700.jpg,1964,1293,-0.004234315474164002,-0.001895539950449443,43.24734015265412,-6.593931743854871,235.95684549558882,-33.85249854306585,-192.7095053429347,27.25856679921098,194.6278061158416,60.986901135260986,45.68925509723223,76.20308485502446,1,0,30.493450567630493,22.844627548616113,-30.493450567630493,-22.844627548616113,0,0,194.6278061158416,807.0494577260589,794.1746311847531,571.0926122304701,828.027129727819,12,12,0.9794888073461521,0.09130712161950577,30.46375685298064,-0.07094109200578355,1.0050984483932568,137.73149289178377,4.04907111321069e-05,1.7589971326053176e-05,1.0,1.0,0.0,333.5065494323695,0.0,1.0,40.15537245138388,0.0,0.0,1.0
frame_1702.jpg,frame_1702,1702,D:\visualization2026\visualization\left_downsample2_Q44\frame_1702.jpg,D:\visualization2026\visualization\right_downsample2_Q44\frame_1702.jpg,D:\visualization2026\dowsample2_Q44\stitched_frames\frame_1702.jpg,D:\visualization2026\dowsample2_Q44_hess_matched\stitched_frames\frame_1702.jpg,1965,1293,-0.003469371715831837,-0.00248522471497703,44.48856672927516,-7.543834009893644,236.83732345527926,-38.26491366749508,-192.3487567260041,30.721079657601436,194.78662415414516,63.96019202074201,44.18911194062967,77.74048994849267,1,0,31.980096010371003,22.094555970314836,-31.980096010371003,-22.094555970314836,0,0,194.78662415414516,807.6639419125795,797.9077791699705,570.8266184573002,836.1726928374655,12,12,0.9824663871437398,0.08951672440101091,31.50071070555774,-0.06951463123299818,1.0045015417004088,134.95253528781024,4.202933055272275e-05,1.5910460108970464e-05,1.0,1.0,0.0,333.019903989629,0.0,1.0,39.905444029685164,0.0,0.0,1.0
frame_1704.jpg,frame_1704,1704,D:\visualization2026\visualization\left_downsample2_Q44\frame_1704.jpg,D:\visualization2026\visualization\right_downsample2_Q44\frame_1704.jpg,D:\visualization2026\dowsample2_Q44\stitched_frames\frame_1704.jpg,D:\visualization2026\dowsample2_Q44_hess_matched\stitched_frames\frame_1704.jpg,1967,1293,-0.003224744022840592,-0.003274668982057527,50.72190860513656,-9.227820317559546,238.71294495983875,-30.314336481949567,-187.9910363547022,21.08651616439002,189.16995245986095,66.93348290622302,42.68896878402711,79.3879032964172,1,0,33.46674145311151,21.344484392013555,-33.46674145311151,-21.344484392013555,0,0,189.16995245986095,810.3538040574399,809.4119127602778,571.6408590976012,839.7262492422274,12,12,0.9833054752556291,0.09387494454219349,33.04734665621827,-0.07030231043544605,1.008407958996472,134.6524941967518,4.1341621489092275e-05,1.9285519336311026e-05,1.0,1.0,0.0,333.5332585468885,0.0,1.0,41.655515607986445,0.0,0.0,1.0
frame_1706.jpg,frame_1706,1706,D:\visualization2026\visualization\left_downsample2_Q44\frame_1706.jpg,D:\visualization2026\visualization\right_downsample2_Q44\frame_1706.jpg,D:\visualization2026\dowsample2_Q44\stitched_frames\frame_1706.jpg,D:\visualization2026\dowsample2_Q44_hess_matched\stitched_frames\frame_1706.jpg,1963,1291,-0.003335272196831912,-0.0035783971642989743,54.32040006049563,-9.983961674032013,-80.37595769468896,-19.529476412954182,134.69635775518458,9.545514738922169,135.03416472931454,69.4094483298744,39.04246741117851,79.63658568152228,1,0,34.7047241649372,19.521233705589253,-34.7047241649372,-19.521233705589253,8,1,135.03416472931454,296.78008574251595,1101.8291165993214,377.1560434372049,1121.3585930122756,12,12,0.9797452550661545,0.08687365924274464,34.90140855643079,-0.06978067598734554,0.9994325970207908,132.49153137547395,4.1577617576418694e-05,1.3701128880399349e-05,1.0,1.0,0.0,328.2952758350628,0.0,1.0,40.47876629441075,0.0,0.0,1.0
frame_1708.jpg,frame_1708,1708,D:\visualization2026\visualization\left_downsample2_Q44\frame_1708.jpg,D:\visualization2026\visualization\right_downsample2_Q44\frame_1708.jpg,D:\visualization2026\dowsample2_Q44\stitched_frames\frame_1708.jpg,D:\visualization2026\dowsample2_Q44_hess_matched\stitched_frames\frame_1708.jpg,1970,1293,-0.0014788282036787004,-0.004079539896858386,48.29966837620693,-10.153115191735843,-24.580396300978123,-49.84179766255784,72.88006467718506,39.688682470821995,82.98611536649014,71.38808829169609,33.24960782208385,78.75147979730525,0,1,35.694044145848046,16.624803911041926,-35.694044145848046,-16.624803911041926,9,2,82.98611536649014,721.9791813762466,297.9553365757529,746.5595776772248,347.7971342383107,12,12,0.9826750847993657,0.10223757267896325,35.40611063977523,-0.07131833103284131,1.0144470162224073,131.86064764481773,3.9164226511568996e-05,2.5338223552962814e-05,1.0,1.0,0.0,334.30595585415193,0.0,1.0,50.37519608895808,0.0,0.0,1.0
frame_1710.jpg,frame_1710,1710,D:\visualization2026\visualization\left_downsample2_Q44\frame_1710.jpg,D:\visualization2026\visualization\right_downsample2_Q44\frame_1710.jpg,D:\visualization2026\dowsample2_Q44\stitched_frames\frame_1710.jpg,D:\visualization2026\dowsample2_Q44_hess_matched\stitched_frames\frame_1710.jpg,1963,1292,0.008381484928446314,-0.009001281119821236,38.27305758625732,-16.242805722850186,-135.46010743815648,-110.02054083308792,173.7331650244138,93.77773511023773,197.4271415783709,72.86940279168816,25.310390016743163,77.1399099430181,1,0,36.43470139584408,12.655195008371582,-36.43470139584408,-12.655195008371582,4,1,197.4271415783709,238.74406343301743,1022.9401049792228,374.2041708711739,1132.9606458123108,12,12,0.978403283832773,0.08968856594344468,36.18201920939176,-0.07119646726131988,1.0017692372988347,127.43479260387825,4.020481606549518e-05,1.5942799292256223e-05,1.0,1.0,0.0,326.56529860415594,0.0,1.0,49.34480499162842,0.0,0.0,1.0
frame_1712.jpg,frame_1712,1712,D:\visualization2026\visualization\left_downsample2_Q44\frame_1712.jpg,D:\visualization2026\visualization\right_downsample2_Q44\frame_1712.jpg,D:\visualization2026\dowsample2_Q44\stitched_frames\frame_1712.jpg,D:\visualization2026\dowsample2_Q44_hess_matched\stitched_frames\frame_1712.jpg,1967,1293,0.018170807196138783,-0.014009218845442706,29.50008208081914,-22.568044713957615,272.5253095187221,-27.710908861284224,-243.02522743790297,5.142864147326609,243.07963761467624,73.85339182985055,15.224813995156424,75.4063554745921,1,0,36.926695914925276,7.612406997578212,-36.926695914925276,-7.612406997578212,0,0,243.07963761467624,823.389982564974,805.1370975183011,550.8646730462519,832.8480063795853,12,12,0.9852198790071885,0.09132719745049438,36.49172925554818,-0.0697797542424604,1.0070745465200264,119.43481810560186,4.266932487231513e-05,1.7455021474319794e-05,1.0,1.0,0.0,330.0733040850747,0.0,1.0,54.38759300242179,0.0,0.0,1.0
frame_1714.jpg,frame_1714,1714,D:\visualization2026\visualization\left_downsample2_Q44\frame_1714.jpg,D:\visualization2026\visualization\right_downsample2_Q44\frame_1714.jpg,D:\visualization2026\dowsample2_Q44\stitched_frames\frame_1714.jpg,D:\visualization2026\dowsample2_Q44_hess_matched\stitched_frames\frame_1714.jpg,1964,1293,0.01855285904881221,-0.014103099897604388,28.171152371013566,-22.581601699578723,235.78547638326893,-40.68594973582731,-207.61432401225537,18.104348036248584,208.40219517289967,74.34005540618331,2.9928797573236334,74.40027665967514,1,0,37.170027703091655,1.4964398786618167,-37.170027703091655,-1.4964398786618167,0,0,208.40219517289967,821.5023604219523,817.9713122639952,585.7168840386834,858.6572619998225,12,12,0.9777727776430835,0.09337965330544695,37.39047917533197,-0.07245144848417384,1.0052338978780198,117.49702896186395,3.93469744989163e-05,1.882885454830191e-05,1.0,1.0,0.0,326.82997229690835,0.0,1.0,62.50356012133818,0.0,0.0,1.0
frame_1716.jpg,frame_1716,1716,D:\visualization2026\visualization\left_downsample2_Q44\frame_1716.jpg,D:\visualization2026\visualization\right_downsample2_Q44\frame_1716.jpg,D:\visualization2026\dowsample2_Q44\stitched_frames\frame_1716.jpg,D:\visualization2026\dowsample2_Q44_hess_matched\stitched_frames\frame_1716.jpg,1967,1294,0.008777580302728988,-0.010211654688200733,47.706635182412356,-18.813562788472023,268.57076903912775,-49.1703498314472,-220.8641338567154,30.356787042975174,222.94057536448955,74.82671898251606,-9.239054480509154,75.39494678943838,1,0,37.41335949125803,-4.619527240254577,-37.41335949125803,4.619527240254577,0,0,222.94057536448955,825.5457547801853,819.4688581861524,556.9749857410576,868.6392080175996,12,12,0.9771402634279427,0.10164243511728939,37.13417178748286,-0.0738304202849251,1.0112366426657489,113.50418660370792,3.7305504366951134e-05,2.411530579371145e-05,1.0,1.0,0.0,329.586640508742,0.0,1.0,72.61952724025457,0.0,0.0,1.0
frame_1718.jpg,frame_1718,1718,D:\visualization2026\visualization\left_downsample2_Q44\frame_1718.jpg,D:\visualization2026\visualization\right_downsample2_Q44\frame_1718.jpg,D:\visualization2026\dowsample2_Q44\stitched_frames\frame_1718.jpg,D:\visualization2026\dowsample2_Q44_hess_matched\stitched_frames\frame_1718.jpg,1966,1292,-0.0015123480543575707,-0.00569598358329837,64.19734440094791,-13.88388268973199,279.6096534797008,-51.857160424581025,-215.41230907875288,37.973277734849034,218.73370276335592,75.31338255884882,-21.470988718341943,78.31416825197519,1,0,37.65669127942441,-10.735494359170971,-37.65669127942441,10.735494359170971,0,0,218.73370276335592,826.7541561806859,813.9092043672842,547.1445027009851,865.7663647918653,12,12,0.9775627185913145,0.09974836767999805,37.19298684606831,-0.07374757064444691,1.0095436967236828,106.08869811825146,3.7475197713461606e-05,2.3799221120897597e-05,1.0,1.0,0.0,328.3433087205756,0.0,1.0,76.73549435917097,0.0,0.0,1.0
frame_1720.jpg,frame_1720,1720,D:\visualization2026\visualization\left_downsample2_Q44\frame_1720.jpg,D:\visualization2026\visualization\right_downsample2_Q44\frame_1720.jpg,D:\visualization2026\dowsample2_Q44\stitched_frames\frame_1720.jpg,D:\visualization2026\dowsample2_Q44_hess_matched\stitched_frames\frame_1720.jpg,1967,1292,-0.0033980188843435177,-0.0034771484875339986,53.70496167234236,-9.784580083004807,284.1736537836258,-49.778875867690886,-230.46869211128345,39.99429578468608,233.9131499911848,75.80004613518156,-33.70292295617473,82.95501196362703,1,0,37.90002306759078,-16.851461478087366,-37.90002306759078,16.851461478087366,0,0,233.9131499911848,826.0069871169592,802.3706420713007,541.8333333333334,852.1495179389916,12,12,0.985398211599596,0.08910367080176973,37.96145211950761,-0.07038291126567894,1.0035136933056288,94.15910197207208,4.336410597813963e-05,1.529196999798758e-05,1.0,1.0,0.0,329.0999769324092,0.0,1.0,76.85146147808737,0.0,0.0,1.0
frame_1722.jpg,frame_1722,1722,D:\visualization2026\visualization\left_downsample2_Q44\frame_1722.jpg,D:\visualization2026\visualization\right_downsample2_Q44\frame_1722.jpg,D:\visualization2026\dowsample2_Q44\stitched_frames\frame_1722.jpg,D:\visualization2026\dowsample2_Q44_hess_matched\stitched_frames\frame_1722.jpg,1956,1288,-0.003146570393603304,-0.0037027402530710463,54.421404491348746,-10.169766369767204,283.8343986474306,-6.0278092667998635,-229.41299415608185,-4.141957102967341,229.4503817741458,76.31599334039484,-41.960642511562725,87.09090859277077,1,0,38.15799667019742,-20.980321255781362,-38.15799667019742,20.980321255781362,0,0,229.4503817741458,813.2043383545796,798.8197359528384,529.369939707149,804.8475452196383,12,12,0.9632297623151655,0.09510075431721067,37.74472305522575,-0.07754636471276682,0.997986598113075,101.39722787911445,3.2263773178324736e-05,2.1008820409897084e-05,1.0,1.0,0.0,317.8420033298026,0.0,1.0,85.98032125578136,0.0,0.0,1.0
frame_1724.jpg,frame_1724,1724,D:\visualization2026\visualization\left_downsample2_Q44\frame_1724.jpg,D:\visualization2026\visualization\right_downsample2_Q44\frame_1724.jpg,D:\visualization2026\dowsample2_Q44\stitched_frames\frame_1724.jpg,D:\visualization2026\dowsample2_Q44_hess_matched\stitched_frames\frame_1724.jpg,1959,1292,-0.0033254713473715447,-0.004492499825763607,63.14190937971114,-12.07850826873466,-13.631463908135913,46.08828316310564,76.77337328784705,-58.1667914318403,96.31991731449065,76.86122417448867,-46.24414738450592,89.7004400709434,0,1,38.430612087244334,-23.12207369225296,-38.430612087244334,23.12207369225296,5,5,96.31991731449065,412.5506552971621,1216.7350822801034,426.182119205298,1170.6467991169977,12,12,0.9712950244749705,0.08992890686994952,38.27179461278556,-0.07417138702461205,0.9981765511216228,94.39408111584544,3.750800850152213e-05,1.5642920650023804e-05,1.0,1.0,0.0,320.56938791275564,0.0,1.0,86.12207369225297,0.0,0.0,1.0
frame_1726.jpg,frame_1726,1726,D:\visualization2026\visualization\left_downsample2_Q44\frame_1726.jpg,D:\visualization2026\visualization\right_downsample2_Q44\frame_1726.jpg,D:\visualization2026\dowsample2_Q44\stitched_frames\frame_1726.jpg,D:\visualization2026\dowsample2_Q44_hess_matched\stitched_frames\frame_1726.jpg,1953,1287,-0.004537071427759165,-0.004251075855758235,67.90320963012566,-12.164840197604656,281.0393318053674,8.657662720800886,-213.13612217524172,-20.82250291840554,214.15084217365705,77.43573863746303,-46.55343757500433,90.35217854805335,1,0,38.717869318731516,-23.276718787502165,-38.717869318731516,23.276718787502165,0,0,214.15084217365705,806.0729520510821,784.9083800017543,525.0336202457147,776.2507172809534,12,12,0.9602603672922859,0.08687133787332016,38.50636085600809,-0.07685442393514696,0.986645647733745,98.26242430020565,3.340925745061842e-05,1.1951889514337838e-05,1.0,1.0,0.0,314.2821306812685,0.0,1.0,70.27671878750216,0.0,0.0,1.0
frame_1728.jpg,frame_1728,1728,D:\visualization2026\visualization\left_downsample2_Q44\frame_1728.jpg,D:\visualization2026\visualization\right_downsample2_Q44\frame_1728.jpg,D:\visualization2026\dowsample2_Q44\stitched_frames\frame_1728.jpg,D:\visualization2026\dowsample2_Q44_hess_matched\stitched_frames\frame_1728.jpg,1956,1291,-0.010967093234000497,0.0017483703778007342,47.34219311848643,-1.7851176178470194,280.5000284289863,8.145431896976334,-233.15783531049988,-9.930549514823353,233.36921815086183,78.03953672931792,-42.88851308305794,89.0482669533899,1,0,39.01976836465896,-21.44425654152897,-39.01976836465896,21.44425654152897,0,0,233.36921815086183,808.8821930513731,790.1738203872949,528.3821646223868,782.0283884903185,12,12,0.9646922760009612,0.08857372550691726,39.19888352219131,-0.07648997643909546,0.9908276686930619,100.1539529144279,3.551587451386649e-05,1.2651846571650878e-05,1.0,1.0,0.0,316.98023163534106,0.0,1.0,69.44425654152897,0.0,0.0,1.0
frame_1730.jpg,frame_1730,1730,D:\visualization2026\visualization\left_downsample2_Q44\frame_1730.jpg,D:\visualization2026\visualization\right_downsample2_Q44\frame_1730.jpg,D:\visualization2026\dowsample2_Q44\stitched_frames\frame_1730.jpg,D:\visualization2026\dowsample2_Q44_hess_matched\stitched_frames\frame_1730.jpg,1963,1293,-0.018522234223837614,0.009263760144374467,18.655397868239103,11.481641427217893,-112.52375676512759,72.3867026001601,131.1791546333667,-60.90506117294221,144.62847951494396,78.67261845005335,-35.24937390866675,86.20846393910908,1,0,39.336309225026675,-17.624686954333374,-39.336309225026675,17.624686954333374,3,11,144.62847951494396,256.76068767931685,1069.4822581557155,369.28444444444443,997.0955555555554,12,12,0.9721550729814998,0.0951112920315328,39.11748126431227,-0.07561547166264265,1.000455441198868,102.60868780931847,3.620650991442457e-05,1.8420360522746375e-05,1.0,1.0,0.0,323.6636907749733,0.0,1.0,68.62468695433337,0.0,0.0,1.0
frame_1732.jpg,frame_1732,1732,D:\visualization2026\visualization\left_downsample2_Q44\frame_1732.jpg,D:\visualization2026\visualization\right_downsample2_Q44\frame_1732.jpg,D:\visualization2026\dowsample2_Q44\stitched_frames\frame_1732.jpg,D:\visualization2026\dowsample2_Q44_hess_matched\stitched_frames\frame_1732.jpg,1951,1292,-0.020798362534864723,0.011735186721485436,7.999636923527646,15.954619039570632,-132.84479606086686,-74.74387078338953,140.8444329843945,90.69848982296016,167.52125345418474,79.30570017078878,-27.61023473427556,83.97451483432842,1,0,39.65285008539439,-13.80511736713778,-39.65285008539439,13.80511736713778,1,10,167.52125345418474,235.55169516720335,971.2818602107626,368.3964912280702,1046.0257309941521,12,12,0.9527435594843648,0.09581859732710382,39.19918038811409,-0.0801930953174087,0.992479282202714,114.08778608636722,2.935762200800112e-05,1.7732318232517306e-05,1.0,1.0,0.0,311.3471499146056,0.0,1.0,66.80511736713778,0.0,0.0,1.0
frame_1734.jpg,frame_1734,1734,D:\visualization2026\visualization\left_downsample2_Q44\frame_1734.jpg,D:\visualization2026\visualization\right_downsample2_Q44\frame_1734.jpg,D:\visualization2026\dowsample2_Q44\stitched_frames\frame_1734.jpg,D:\visualization2026\dowsample2_Q44_hess_matched\stitched_frames\frame_1734.jpg,1961,1295,-0.015213979912434616,0.006657193409940643,24.57014721458532,7.2441986813300465,276.35339280908397,-7.187673009858145,-251.78324559449865,14.431871691188192,252.19651401756238,79.93878189152421,-19.971095559884372,82.3957129234447,1,0,39.96939094576211,-9.985547779942186,-39.96939094576211,9.985547779942186,0,0,252.19651401756238,811.0241798928378,793.3635378882246,534.6707870837538,800.5512108980828,12,12,0.9705628319160929,0.09239600833667216,40.231274072449104,-0.0759462313747346,0.9981355937332457,110.9550729726796,3.693331470866264e-05,1.5627823140445387e-05,1.0,1.0,0.0,321.0306090542379,0.0,1.0,59.98554777994219,0.0,0.0,1.0
frame_1736.jpg,frame_1736,1736,D:\visualization2026\visualization\left_downsample2_Q44\frame_1736.jpg,D:\visualization2026\visualization\right_downsample2_Q44\frame_1736.jpg,D:\visualization2026\dowsample2_Q44\stitched_frames\frame_1736.jpg,D:\visualization2026\dowsample2_Q44_hess_matched\stitched_frames\frame_1736.jpg,1968,1296,-0.007410290931812752,-0.0005026789273534504,48.345883843708606,-5.074449519770691,279.68955845026335,-12.84834139284385,-231.34367460655474,7.7738918730731585,231.4742516465227,80.57186361225965,-12.331956385493188,81.51013651225396,1,0,40.285931806129824,-6.165978192746594,-40.285931806129824,6.165978192746594,0,0,231.4742516465227,819.5525494583088,805.8934159821364,539.8629910080455,818.7417573749802,12,12,0.97238927295127,0.111748921574998,39.89673451388681,-0.07697756888031863,1.0163679017021594,116.29284908637122,3.413005908289147e-05,2.9526761510399618e-05,1.0,1.0,0.0,327.71406819387016,0.0,1.0,64.16597819274659,0.0,0.0,1.0
frame_1738.jpg,frame_1738,1738,D:\visualization2026\visualization\left_downsample2_Q44\frame_1738.jpg,D:\visualization2026\visualization\right_downsample2_Q44\frame_1738.jpg,D:\visualization2026\dowsample2_Q44\stitched_frames\frame_1738.jpg,D:\visualization2026\dowsample2_Q44_hess_matched\stitched_frames\frame_1738.jpg,1963,1295,-0.003912902212575287,-0.0035346822667471356,57.28372522788979,-10.189092148211277,276.17471740302597,-7.810310771406648,-218.89099217513618,-2.3787813768046284,218.90391740728205,81.20494533299508,-4.692817211102,81.34043078267742,1,0,40.60247266649754,-2.346408605551,-40.60247266649754,2.346408605551,0,0,218.90391740728205,813.1728784328492,801.4195605006809,536.9981610298232,809.2298712720875,12,12,0.9755072187215444,0.08971590692662562,41.07648696476003,-0.07331008193023816,0.9985471506913682,114.60444231457593,3.986583101840904e-05,1.309361667167639e-05,1.0,1.0,0.0,322.39752733350247,0.0,1.0,50.346408605551,0.0,0.0,1.0
frame_1740.jpg,frame_1740,1740,D:\visualization2026\visualization\left_downsample2_Q44\frame_1740.jpg,D:\visualization2026\visualization\right_downsample2_Q44\frame_1740.jpg,D:\visualization2026\dowsample2_Q44\stitched_frames\frame_1740.jpg,D:\visualization2026\dowsample2_Q44_hess_matched\stitched_frames\frame_1740.jpg,1964,1293,-0.004137246405485545,-0.0037099716073901723,60.302205135779765,-10.71040882970393,278.35633208882143,-12.6028643435709,-218.05412695304167,1.8924555138669703,218.0623389517896,81.8380270537305,2.946321963289188,81.89104642852286,1,0,40.91901352686525,1.473160981644594,-40.91901352686525,-1.473160981644594,0,0,218.0623389517896,814.3318445718716,808.1410137771916,535.9755124830501,820.7438781207625,12,12,0.9737895233183288,0.09461641413663034,41.173798248345825,-0.07470935326591378,1.0012122417008373,120.72603495191925,3.7182042937571586e-05,1.7857824367405128e-05,1.0,1.0,0.0,323.0809864731348,0.0,1.0,48.5268390183554,0.0,0.0,1.0
frame_1742.jpg,frame_1742,1742,D:\visualization2026\visualization\left_downsample2_Q44\frame_1742.jpg,D:\visualization2026\visualization\right_downsample2_Q44\frame_1742.jpg,D:\visualization2026\dowsample2_Q44\stitched_frames\frame_1742.jpg,D:\visualization2026\dowsample2_Q44_hess_matched\stitched_frames\frame_1742.jpg,1963,1293,-0.004735124617043507,-0.003492515607366631,61.69668386424422,-10.527159507150985,279.8749653056541,-9.572958933058203,-218.17828144140987,-0.9542005740927824,218.18036802485838,82.47110877446593,10.585461137680374,83.14767447131118,1,0,41.235554387232966,5.292730568840187,-41.235554387232966,-5.292730568840187,0,0,218.18036802485838,813.7087639717004,815.1885580515858,533.8337986660463,824.761516984644,12,12,0.9706440776116074,0.0968908209365742,41.4065117996049,-0.07568084084997541,1.0022079083960633,126.66161572490502,3.526666390661394e-05,1.9761399229252694e-05,1.0,1.0,0.0,321.764445612767,0.0,1.0,46.707269431159816,0.0,0.0,1.0
frame_1744.jpg,frame_1744,1744,D:\visualization2026\visualization\left_downsample2_Q44\frame_1744.jpg,D:\visualization2026\visualization\right_downsample2_Q44\frame_1744.jpg,D:\visualization2026\dowsample2_Q44\stitched_frames\frame_1744.jpg,D:\visualization2026\dowsample2_Q44_hess_matched\stitched_frames\frame_1744.jpg,1969,1294,-0.004034150804884951,-0.0030969158267880603,53.742702149125215,-9.247660995763468,278.2958173599711,-3.129383243979987,-224.5531152108459,-6.118277751783481,224.6364504561613,83.10419049520137,18.224600312071562,85.07903698560224,1,0,41.55209524760068,9.112300156035781,-41.55209524760068,-9.112300156035781,0,0,224.6364504561613,818.7970472426052,817.4452179226515,540.5012298826341,820.5746011666315,12,12,0.9885645304050009,0.0870708477112308,41.21191935441863,-0.06850508740621676,1.0004097631424966,119.402670430158,4.580220397502637e-05,1.0792171958989438e-05,1.0,1.0,0.0,327.4479047523993,0.0,1.0,34.88769984396422,0.0,0.0,1.0
frame_1746.jpg,frame_1746,1746,D:\visualization2026\visualization\left_downsample2_Q44\frame_1746.jpg,D:\visualization2026\visualization\right_downsample2_Q44\frame_1746.jpg,D:\visualization2026\dowsample2_Q44\stitched_frames\frame_1746.jpg,D:\visualization2026\dowsample2_Q44_hess_matched\stitched_frames\frame_1746.jpg,1966,1292,-0.002096722402440271,-0.0025006430867381413,36.58740271351375,-6.853168841158749,277.34256111373384,-6.451770311475798,-240.7551584002201,-0.4013985296829512,240.75549301541326,83.7372722159368,25.863739486462748,87.64053730089469,1,0,41.8686361079684,12.931869743231374,-41.8686361079684,-12.931869743231374,0,0,240.75549301541326,817.0133875141776,826.6695552570211,539.6708264004437,833.1213255684969,12,12,0.9754032650769935,0.0975035426643825,41.99740197172915,-0.0736406350819978,1.004716599960846,131.13936179354062,3.703260649384743e-05,2.014198847142388e-05,1.0,1.0,0.0,324.1313638920316,0.0,1.0,38.068130256768626,0.0,0.0,1.0
frame_1748.jpg,frame_1748,1748,D:\visualization2026\visualization\left_downsample2_Q44\frame_1748.jpg,D:\visualization2026\visualization\right_downsample2_Q44\frame_1748.jpg,D:\visualization2026\dowsample2_Q44\stitched_frames\frame_1748.jpg,D:\visualization2026\dowsample2_Q44_hess_matched\stitched_frames\frame_1748.jpg,1963,1293,-0.00030891151372011705,-0.0017919788317208862,19.217949564717976,-4.279651066386965,278.7316302605327,-9.023957450335843,-259.51368069581474,4.744306383948878,259.55704365582926,84.44693141244102,32.04156780093488,90.32135014557424,1,0,42.22346570622051,16.02078390046744,-42.22346570622051,-16.02078390046744,0,0,259.55704365582926,813.3130528155164,820.7526764601305,534.5814225549836,829.7766339104663,12,12,0.9830645273993979,0.07995505440988387,41.95511229276434,-0.06810992586304113,0.9935740508877409,125.6260805463382,4.4963703251886625e-05,5.935682426272609e-06,1.0,1.0,0.0,320.7765342937795,0.0,1.0,25.97921609953256,0.0,0.0,1.0
frame_1750.jpg,frame_1750,1750,D:\visualization2026\visualization\left_downsample2_Q44\frame_1750.jpg,D:\visualization2026\visualization\right_downsample2_Q44\frame_1750.jpg,D:\visualization2026\dowsample2_Q44\stitched_frames\frame_1750.jpg,D:\visualization2026\dowsample2_Q44_hess_matched\stitched_frames\frame_1750.jpg,1967,1295,0.00033116393027698976,-0.0012160286399021114,9.869346242210696,-2.6180933775044712,-75.13408941519697,-43.76011121274959,85.00343565740766,41.14201783524512,94.43648503157385,85.23316808471401,36.75808525548795,92.82160186835192,0,1,42.616584042357005,18.379042627743974,-42.616584042357005,-18.379042627743974,4,10,94.43648503157385,1405.1251698440624,243.76252253210637,1480.2592592592594,287.52263374485597,12,12,0.9838292875424199,0.08919759096271539,42.65395055602474,-0.06946537311263197,1.0030426815438094,130.41258773857095,4.326417723029544e-05,1.290807765413927e-05,1.0,1.0,0.0,324.383415957643,0.0,1.0,28.620957372256026,0.0,0.0,1.0
frame_1752.jpg,frame_1752,1752,D:\visualization2026\visualization\left_downsample2_Q44\frame_1752.jpg,D:\visualization2026\visualization\right_downsample2_Q44\frame_1752.jpg,D:\visualization2026\dowsample2_Q44\stitched_frames\frame_1752.jpg,D:\visualization2026\dowsample2_Q44_hess_matched\stitched_frames\frame_1752.jpg,1963,1293,-0.001301851005196003,-0.001007725481908639,17.42406276701533,-3.0034183571910726,-143.13606432995496,-51.67366238544412,160.5601270969703,48.670244028253045,167.77469137854183,86.09598223275577,40.01329185012197,94.93988456547667,1,0,43.04799111637789,20.006645925060987,-43.04799111637789,-20.006645925060987,5,1,167.77469137854183,229.62133499076313,1004.2996515398348,372.7573993207181,1055.973313925279,12,12,0.9762967946229335,0.09121833767225788,42.77602188982627,-0.07193621615984132,0.9996335812258649,136.67969414587017,3.95666880012663e-05,1.4909823566446394e-05,1.0,1.0,0.0,319.9520088836221,0.0,1.0,27.993354074939013,0.0,0.0,1.0
frame_1754.jpg,frame_1754,1754,D:\visualization2026\visualization\left_downsample2_Q44\frame_1754.jpg,D:\visualization2026\visualization\right_downsample2_Q44\frame_1754.jpg,D:\visualization2026\dowsample2_Q44\stitched_frames\frame_1754.jpg,D:\visualization2026\dowsample2_Q44_hess_matched\stitched_frames\frame_1754.jpg,1957,1291,-0.003992931953745754,-0.0010402632549211255,33.52396918491245,-4.501643340609067,269.02052891003336,-9.574885779588385,-235.4965597251209,5.073242438979318,235.55119917167073,87.03537385656631,41.80718758483693,96.55566910392164,1,0,43.517686928283155,20.903593792418466,-43.517686928283155,-20.903593792418466,0,0,235.55119917167073,799.965637837842,814.6379862124378,530.9451089278086,824.2128719920262,12,12,0.9610915466113876,0.09533487559904923,43.65382870666255,-0.07680380171406923,0.9969222693506024,144.41822942356194,3.173380586915444e-05,1.8472946848554066e-05,1.0,1.0,0.0,313.4823130717168,0.0,1.0,31.096406207581534,0.0,0.0,1.0
frame_1756.jpg,frame_1756,1756,D:\visualization2026\visualization\left_downsample2_Q44\frame_1756.jpg,D:\visualization2026\visualization\right_downsample2_Q44\frame_1756.jpg,D:\visualization2026\dowsample2_Q44\stitched_frames\frame_1756.jpg,D:\visualization2026\dowsample2_Q44_hess_matched\stitched_frames\frame_1756.jpg,1971,1295,-0.00546541426930644,-0.001004148906558977,41.80965132503476,-5.197577055651652,263.6663139973457,-6.814901553450568,-221.85666267231093,1.6173244977989158,221.86255770324732,88.05134295614563,42.13977245963284,97.61556955389037,1,0,44.025671478072816,21.06988622981642,-44.025671478072816,-21.06988622981642,0,0,221.86255770324732,811.4549411792955,805.1199257961949,547.7886271819498,811.9348273496455,12,12,0.985817572305688,0.096907895731796,43.9318501892218,-0.07010426859063615,1.008360357728782,134.38774224555505,4.255843316184715e-05,1.820953700471197e-05,1.0,1.0,0.0,326.9743285219272,0.0,1.0,27.93011377018358,0.0,0.0,1.0
frame_1758.jpg,frame_1758,1758,D:\visualization2026\visualization\left_downsample2_Q44\frame_1758.jpg,D:\visualization2026\visualization\right_downsample2_Q44\frame_1758.jpg,D:\visualization2026\dowsample2_Q44\stitched_frames\frame_1758.jpg,D:\visualization2026\dowsample2_Q44_hess_matched\stitched_frames\frame_1758.jpg,1953,1292,-0.0054142438122562475,-0.0008926680656005104,40.426672156382956,-4.9144337230201875,267.07538338424433,-9.78557395767848,-226.64871122786138,4.871140234658292,226.70105052345082,89.06731205572495,42.47235733442874,98.67566677948162,1,0,44.53365602786248,21.23617866721437,-44.53365602786248,-21.23617866721437,0,0,226.70105052345082,797.4015789588339,800.6845902107726,530.3261955745895,810.4701641684511,12,12,0.9629738637748527,0.08552497527888957,44.46452565094937,-0.07483141805350188,0.9912117956161944,141.7306174989948,3.515532074684781e-05,1.1302827232548332e-05,1.0,1.0,0.0,308.4663439721375,0.0,1.0,26.76382133278563,0.0,0.0,1.0
frame_1760.jpg,frame_1760,1760,D:\visualization2026\visualization\left_downsample2_Q44\frame_1760.jpg,D:\visualization2026\visualization\right_downsample2_Q44\frame_1760.jpg,D:\visualization2026\dowsample2_Q44\stitched_frames\frame_1760.jpg,D:\visualization2026\dowsample2_Q44_hess_matched\stitched_frames\frame_1760.jpg,1956,1290,-0.005222280061177087,-0.000867910756059409,39.060280975990885,-4.756023304015729,265.4704289089083,-14.70617991802601,-226.4101479329174,9.95015661401028,226.62868464439552,90.08328115530426,42.80494220922465,99.73595450608902,1,0,45.04164057765213,21.402471104612324,-45.04164057765213,-21.402471104612324,0,0,226.62868464439552,800.2806248221166,808.1536613852533,534.8101959132083,822.8598413032793,12,12,0.9610415391728859,0.09319118124635879,45.19498130276686,-0.07666371626292912,0.9949854717246787,144.6155658539701,3.216345272517222e-05,1.6999572931524893e-05,1.0,1.0,0.0,310.9583594223479,0.0,1.0,29.597528895387676,0.0,0.0,1.0
frame_1762.jpg,frame_1762,1762,D:\visualization2026\visualization\left_downsample2_Q44\frame_1762.jpg,D:\visualization2026\visualization\right_downsample2_Q44\frame_1762.jpg,D:\visualization2026\dowsample2_Q44\stitched_frames\frame_1762.jpg,D:\visualization2026\dowsample2_Q44_hess_matched\stitched_frames\frame_1762.jpg,1958,1294,-0.005059487909421789,-0.0008225056088486671,37.66442889291502,-4.565614684380826,266.09424174722164,-24.2665062221389,-228.42981285430662,19.700891537758075,229.27778899848988,91.0992502548836,43.13752708402055,100.79642672201489,1,0,45.5496251274418,21.568763542010274,-45.5496251274418,-21.568763542010274,0,0,229.27778899848988,802.5700876718864,803.6609251462373,536.4758459246648,827.9274313683762,12,12,0.9648085556075343,0.09390191670820028,45.4437875988703,-0.07586538374394763,0.9976429043693809,144.48050780719987,3.418354005908208e-05,1.6462115536888246e-05,1.0,1.0,0.0,312.4503748725582,0.0,1.0,30.431236457989726,0.0,0.0,1.0
frame_1764.jpg,frame_1764,1764,D:\visualization2026\visualization\left_downsample2_Q44\frame_1764.jpg,D:\visualization2026\visualization\right_downsample2_Q44\frame_1764.jpg,D:\visualization2026\dowsample2_Q44\stitched_frames\frame_1764.jpg,D:\visualization2026\dowsample2_Q44_hess_matched\stitched_frames\frame_1764.jpg,1970,1298,-0.004947670196364634,-0.0007711047289878925,36.509315894876984,-4.388397256353848,262.3271450269823,-27.22951888961927,-225.81782913210532,22.841121633265423,226.97006144291882,92.11521935446291,43.47011195881646,101.85707766489698,1,0,46.057609677231454,21.73505597940823,-46.057609677231454,-21.73505597940823,0,0,226.97006144291882,808.33495390793,807.7134365732885,546.0078088809477,834.9429554629078,12,12,0.9810069332616564,0.10116164820422598,46.14035870894597,-0.07272834106828525,1.0118361084180887,139.2274995386406,3.9733987548617365e-05,2.1105308112743122e-05,1.0,1.0,0.0,323.9423903227686,0.0,1.0,31.26494402059177,0.0,0.0,1.0
frame_1766.jpg,frame_1766,1766,D:\visualization2026\visualization\left_downsample2_Q44\frame_1766.jpg,D:\visualization2026\visualization\right_downsample2_Q44\frame_1766.jpg,D:\visualization2026\dowsample2_Q44\stitched_frames\frame_1766.jpg,D:\visualization2026\dowsample2_Q44_hess_matched\stitched_frames\frame_1766.jpg,1963,1295,-0.0048494264012242105,-0.0007477560165872754,35.70629764141499,-4.2827969059487305,135.14554023035043,75.97454724383668,-99.43924258893544,-80.25734414978541,127.78655741758695,93.13118845404223,43.80269683361236,102.91790180896463,1,0,46.565594227021116,21.90134841680618,-46.565594227021116,-21.90134841680618,8,3,127.78655741758695,670.159134575103,196.7472497995735,535.0135943447526,120.77270255573681,12,12,0.970686996003446,0.09874588922642277,46.23885672016838,-0.0750683350495264,1.0037729875518215,142.7341248556861,3.5950138667422156e-05,1.9244142045362855e-05,1.0,1.0,0.0,316.4344057729789,0.0,1.0,30.09865158319382,0.0,0.0,1.0
frame_1768.jpg,frame_1768,1768,D:\visualization2026\visualization\left_downsample2_Q44\frame_1768.jpg,D:\visualization2026\visualization\right_downsample2_Q44\frame_1768.jpg,D:\visualization2026\dowsample2_Q44\stitched_frames\frame_1768.jpg,D:\visualization2026\dowsample2_Q44_hess_matched\stitched_frames\frame_1768.jpg,1961,1293,-0.004921542600895834,-0.0006093557893770418,34.7849479664352,-4.003032829424157,-125.01101670396255,-34.51526382568568,159.79596467039775,30.512230996261522,162.68296335299596,94.14715755362154,44.135281708408264,103.97889385306517,1,0,47.07357877681077,22.067640854204132,-47.07357877681077,-22.067640854204132,6,1,162.68296335299596,249.56696731253655,1045.1601679866371,374.5779840164991,1079.6754318123228,12,12,0.9757630655261452,0.08554893559076383,46.78109649815739,-0.07140241960067363,0.995492686377046,137.12389989301388,4.0413971810168823e-05,1.0330205780859622e-05,1.0,1.0,0.0,313.9264212231892,0.0,1.0,23.932359145795868,0.0,0.0,1.0
frame_1770.jpg,frame_1770,1770,D:\visualization2026\visualization\left_downsample2_Q44\frame_1770.jpg,D:\visualization2026\visualization\right_downsample2_Q44\frame_1770.jpg,D:\visualization2026\dowsample2_Q44\stitched_frames\frame_1770.jpg,D:\visualization2026\dowsample2_Q44_hess_matched\stitched_frames\frame_1770.jpg,1965,1294,-0.0059309314350840525,-4.134467020555643e-05,35.18797583821503,-3.2322184015582884,259.78387433568446,-16.258787853447075,-224.59589849746942,13.026569451888786,224.97335205212744,95.16312665320088,44.46786658320417,105.04004870940796,1,0,47.58156332660044,22.233933291602085,-47.58156332660044,-22.233933291602085,0,0,224.97335205212744,804.3722739060389,818.7082010473763,544.5883995703545,834.9669889008234,12,12,0.9768629596540732,0.09488535640817512,47.214792250140384,-0.07272053978562046,1.00188896602301,139.96768077000735,3.9225072981143865e-05,1.6536893062901194e-05,1.0,1.0,0.0,317.4184366733996,0.0,1.0,26.766066708397915,0.0,0.0,1.0
frame_1772.jpg,frame_1772,1772,D:\visualization2026\visualization\left_downsample2_Q44\frame_1772.jpg,D:\visualization2026\visualization\right_downsample2_Q44\frame_1772.jpg,D:\visualization2026\dowsample2_Q44\stitched_frames\frame_1772.jpg,D:\visualization2026\dowsample2_Q44_hess_matched\stitched_frames\frame_1772.jpg,1960,1294,-0.007969057208600805,0.0008657285614013244,38.33137349945062,-2.226729147615745,264.01473417024783,-3.6462265802481397,-225.6833606707972,1.4194974326323946,225.6878247859782,96.17909575278019,44.800451458000076,106.10136149297558,1,0,48.08954787639009,22.400225729000038,-48.08954787639009,-22.400225729000038,0,0,225.6878247859782,800.5847212159968,829.440226000375,536.5699870457489,833.0864525806231,12,12,0.9695623894717886,0.09382234801325703,47.8033865524685,-0.0753534001876525,0.9985667764484851,144.0715848004717,3.624777261259027e-05,1.6720943586581397e-05,1.0,1.0,0.0,311.9104521236099,0.0,1.0,27.599774270999962,0.0,0.0,1.0
frame_1774.jpg,frame_1774,1774,D:\visualization2026\visualization\left_downsample2_Q44\frame_1774.jpg,D:\visualization2026\visualization\right_downsample2_Q44\frame_1774.jpg,D:\visualization2026\dowsample2_Q44\stitched_frames\frame_1774.jpg,D:\visualization2026\dowsample2_Q44_hess_matched\stitched_frames\frame_1774.jpg,1968,1294,-0.009247404866063652,0.0013332580536046246,41.28792406174415,-1.828994573062101,264.3281130108081,-21.82688957394987,-223.04018894906397,19.99789500088777,223.9349050302357,97.19506485235951,45.13303633279598,107.16282751155762,1,0,48.597532426179754,22.56651816639799,-48.597532426179754,-22.56651816639799,0,0,223.9349050302357,810.1271470301277,816.4676645349679,545.7990340193196,838.2945541089177,12,12,0.9799950400241528,0.09770330499348237,48.26014888653006,-0.07215076321431516,1.0068494612997583,139.52169462524478,3.898238966687886e-05,1.9941745496095365e-05,1.0,1.0,0.0,319.4024675738202,0.0,1.0,28.43348183360201,0.0,0.0,1.0
frame_1776.jpg,frame_1776,1776,D:\visualization2026\visualization\left_downsample2_Q44\frame_1776.jpg,D:\visualization2026\visualization\right_downsample2_Q44\frame_1776.jpg,D:\visualization2026\dowsample2_Q44\stitched_frames\frame_1776.jpg,D:\visualization2026\dowsample2_Q44_hess_matched\stitched_frames\frame_1776.jpg,1961,1294,-0.008603515751012203,0.0010581386336460108,40.18368463808733,-2.1203610077677992,266.42585159902467,-18.150397317849524,-226.24216696093734,16.030036310081726,226.8093476364746,98.21103395193883,45.46562120759189,108.2244422563642,1,0,49.105516975969415,22.732810603795944,-49.105516975969415,-22.732810603795944,0,0,226.8093476364746,805.0114710680513,828.0020363104691,538.5856194690266,846.1524336283186,12,12,0.969703602208671,0.09709190942123717,48.635143808177766,-0.07489485566463887,1.0029032731826517,143.59887645909848,3.549283980044685e-05,1.9331478872530136e-05,1.0,1.0,0.0,311.8944830240306,0.0,1.0,29.267189396204056,0.0,0.0,1.0
frame_1778.jpg,frame_1778,1778,D:\visualization2026\visualization\left_downsample2_Q44\frame_1778.jpg,D:\visualization2026\visualization\right_downsample2_Q44\frame_1778.jpg,D:\visualization2026\dowsample2_Q44\stitched_frames\frame_1778.jpg,D:\visualization2026\dowsample2_Q44_hess_matched\stitched_frames\frame_1778.jpg,1966,1296,-0.007129115100791755,0.0007452317188954005,34.575332442198345,-2.0592163147986837,265.2150178185111,-6.130733204289186,-230.63968537631277,4.071516889490502,230.6756201254609,99.22700305151815,45.79820608238779,109.28620139318072,1,0,49.61350152575908,22.899103041193897,-49.61350152575908,-22.899103041193897,0,0,230.6756201254609,810.2509508829067,835.1693564416095,545.0359330643956,841.3000896458987,12,12,0.9748424983262656,0.10229735836303958,49.456784386714205,-0.07433871530491651,1.0094147380219087,143.5277613560989,3.690031173973705e-05,2.2583714618512877e-05,1.0,1.0,0.0,316.3864984742409,0.0,1.0,31.100896958806103,0.0,0.0,1.0
frame_1780.jpg,frame_1780,1780,D:\visualization2026\visualization\left_downsample2_Q44\frame_1780.jpg,D:\visualization2026\visualization\right_downsample2_Q44\frame_1780.jpg,D:\visualization2026\dowsample2_Q44\stitched_frames\frame_1780.jpg,D:\visualization2026\dowsample2_Q44_hess_matched\stitched_frames\frame_1780.jpg,1962,1292,-0.005814761438082794,0.00044019447587650973,29.829254611431306,-2.064653729030332,265.108504610511,-4.878225262510682,-235.27924999907967,2.81357153348035,235.29607235332986,100.24297215109746,46.1307909571837,110.34810075402785,1,0,50.12148607554873,23.06539547859185,-50.12148607554873,-23.06539547859185,0,0,235.29607235332986,805.9246843857919,834.3149582580885,540.816179775281,839.1931835205992,12,12,0.9730495911337825,0.09261657948674593,49.71424877823007,-0.07325522904727672,0.997511803960968,141.46686946217991,3.805859475447659e-05,1.4800337888541616e-05,1.0,1.0,0.0,311.8785139244513,0.0,1.0,24.93460452140815,0.0,0.0,1.0
frame_1782.jpg,frame_1782,1782,D:\visualization2026\visualization\left_downsample2_Q44\frame_1782.jpg,D:\visualization2026\visualization\right_downsample2_Q44\frame_1782.jpg,D:\visualization2026\dowsample2_Q44\stitched_frames\frame_1782.jpg,D:\visualization2026\dowsample2_Q44_hess_matched\stitched_frames\frame_1782.jpg,1945,1286,-0.005340823023565894,0.0002540717797712144,28.85736230498393,-2.241488847366252,267.40556971638944,-12.754174916599709,-238.5482074114055,10.512686069233457,238.77973914799637,101.2589412506768,46.4633758319796,111.41013632929366,1,0,50.6294706253384,23.2316879159898,-50.6294706253384,-23.2316879159898,0,0,238.77973914799637,790.0779566118653,836.8824791209903,522.6723868954758,849.63665403759,12,12,0.9504357615478457,0.08315450074536954,50.32830666385473,-0.07753406618733638,0.979535567259638,147.88804546732686,3.0403762679480284e-05,9.272237612893432e-06,1.0,1.0,0.0,294.3705293746616,0.0,1.0,22.7683120840102,0.0,0.0,1.0
frame_1784.jpg,frame_1784,1784,D:\visualization2026\visualization\left_downsample2_Q44\frame_1784.jpg,D:\visualization2026\visualization\right_downsample2_Q44\frame_1784.jpg,D:\visualization2026\dowsample2_Q44\stitched_frames\frame_1784.jpg,D:\visualization2026\dowsample2_Q44_hess_matched\stitched_frames\frame_1784.jpg,1968,1297,-0.005276077345400004,0.0003171082922627244,27.865317538365336,-2.0624433015992563,265.24589497579393,-7.951816523307571,-237.3805774374286,5.889373221708315,237.45362339090892,102.2749103502561,46.7959607067755,112.47230426030669,1,0,51.13745517512805,23.39798035338775,-51.13745517512805,-23.39798035338775,0,0,237.45362339090892,812.6547491424606,846.1286894290733,547.4088541666666,854.0805059523809,12,12,0.9762263214696107,0.10419935409204108,51.124136523785495,-0.07375988894080336,1.0125317675235788,142.46523930513104,3.713348067185131e-05,2.339389235535973e-05,1.0,1.0,0.0,316.862544824872,0.0,1.0,31.60201964661225,0.0,0.0,1.0
frame_1786.jpg,frame_1786,1786,D:\visualization2026\visualization\left_downsample2_Q44\frame_1786.jpg,D:\visualization2026\visualization\right_downsample2_Q44\frame_1786.jpg,D:\visualization2026\dowsample2_Q44\stitched_frames\frame_1786.jpg,D:\visualization2026\dowsample2_Q44_hess_matched\stitched_frames\frame_1786.jpg,1962,1290,-0.0053103414424670314,0.0003524347966292751,27.723146454291076,-1.9994213551485807,263.1104939088535,-2.6187247276890275,-235.38734745456244,0.6193033725404469,235.38816214576752,103.29087944983543,47.12854558157141,113.53460083232198,1,0,51.645439724917715,23.564272790785704,-51.645439724917715,-23.564272790785704,0,0,235.38816214576752,806.0174790699103,846.125466368945,542.9069851610568,848.744191096634,12,12,0.9713737934787746,0.09596756714129763,51.206679564648546,-0.0738674560711942,1.0008825089818367,142.48094235239043,3.5745026700744416e-05,1.899119280574466e-05,1.0,1.0,0.0,310.3545602750823,0.0,1.0,26.435727209214296,0.0,0.0,1.0
frame_1788.jpg,frame_1788,1788,D:\visualization2026\visualization\left_downsample2_Q44\frame_1788.jpg,D:\visualization2026\visualization\right_downsample2_Q44\frame_1788.jpg,D:\visualization2026\dowsample2_Q44\stitched_frames\frame_1788.jpg,D:\visualization2026\dowsample2_Q44_hess_matched\stitched_frames\frame_1788.jpg,1968,1296,-0.00527237885207768,0.000313961397071294,27.874191835574468,-2.0677154784171923,263.9203101781601,-2.599166267807732,-236.04611834258563,0.5314507893905396,236.0467166146216,104.30684854941475,47.461130456367314,114.5970224678934,1,0,52.153424274707376,23.730565228183657,-52.153424274707376,-23.730565228183657,0,0,236.0467166146216,811.6096787168581,851.3650695522537,547.689368538698,853.9642358200614,12,12,0.9824883635361384,0.09387048865907595,52.011600420350575,-0.07147111538032906,1.0048523784242924,139.3945175987329,4.1343807123946515e-05,1.628081831027133e-05,1.0,1.0,0.0,315.8465757252926,0.0,1.0,25.269434771816343,0.0,0.0,1.0
frame_1790.jpg,frame_1790,1790,D:\visualization2026\visualization\left_downsample2_Q44\frame_1790.jpg,D:\visualization2026\visualization\right_downsample2_Q44\frame_1790.jpg,D:\visualization2026\dowsample2_Q44\stitched_frames\frame_1790.jpg,D:\visualization2026\dowsample2_Q44_hess_matched\stitched_frames\frame_1790.jpg,1959,1290,-0.005345761308245989,0.0007232392262078724,24.32914170191644,-1.166404367357048,267.21654954935605,-17.95151788928581,-242.8874078474396,16.78511352192876,243.46669777772996,105.32281764899408,47.79371533116322,115.65956572060749,1,0,52.66140882449704,23.89685766558161,-52.66140882449704,-23.89685766558161,0,0,243.46669777772996,805.6535776779054,847.3161376195001,538.4370281285494,865.2676555087859,12,12,0.9665560202178823,0.09429525953693704,52.67064546806065,-0.07462918065417096,0.9977976193119439,143.97663393231403,3.438731874101187e-05,1.7503580166836947e-05,1.0,1.0,0.0,306.338591175503,0.0,1.0,26.10314233441839,0.0,0.0,1.0
frame_1792.jpg,frame_1792,1792,D:\visualization2026\visualization\left_downsample2_Q44\frame_1792.jpg,D:\visualization2026\visualization\right_downsample2_Q44\frame_1792.jpg,D:\visualization2026\dowsample2_Q44\stitched_frames\frame_1792.jpg,D:\visualization2026\dowsample2_Q44_hess_matched\stitched_frames\frame_1792.jpg,1963,1290,-0.005451974900405054,0.0012057656667918693,20.265165336334192,-0.11420470723310175,-136.25680866414518,27.903606592942197,156.52197400047936,-28.0178113001753,159.009830183731,106.3387867485734,48.126300205959126,116.72222726915672,1,0,53.1693933742867,24.063150102979563,-53.1693933742867,-24.063150102979563,3,5,159.009830183731,234.02086937295837,1111.7079153900697,370.27767803710356,1083.8043087971275,12,12,0.9753771768991805,0.09045337408527596,53.43405777906332,-0.07188453980417633,0.996983674994477,140.89417530958517,3.860838511358251e-05,1.47130666306993e-05,1.0,1.0,0.0,309.8306066257133,0.0,1.0,22.936849897020437,0.0,0.0,1.0
frame_1794.jpg,frame_1794,1794,D:\visualization2026\visualization\left_downsample2_Q44\frame_1794.jpg,D:\visualization2026\visualization\right_downsample2_Q44\frame_1794.jpg,D:\visualization2026\dowsample2_Q44\stitched_frames\frame_1794.jpg,D:\visualization2026\dowsample2_Q44_hess_matched\stitched_frames\frame_1794.jpg,1964,1294,-0.005544950548766081,0.0014022762789100973,18.901715324299246,0.2880073871724852,-125.47542194960312,110.60919639167787,144.37713727390235,-110.32118900450538,181.70174052764338,107.3547558481527,48.458885080755024,117.78500391173021,1,0,53.67737792407635,24.229442540377512,-53.67737792407635,-24.229442540377512,2,3,181.70174052764338,271.94440312328317,1228.1194004733106,397.4198250728863,1117.5102040816328,12,12,0.971321537972945,0.10064371920602365,53.39674542266161,-0.07493720965406526,1.0063322067553258,145.68428425866117,3.461366694686664e-05,2.2448449251999353e-05,1.0,1.0,0.0,310.3226220759236,0.0,1.0,29.770557459622488,0.0,0.0,1.0
frame_1796.jpg,frame_1796,1796,D:\visualization2026\visualization\left_downsample2_Q44\frame_1796.jpg,D:\visualization2026\visualization\right_downsample2_Q44\frame_1796.jpg,D:\visualization2026\dowsample2_Q44\stitched_frames\frame_1796.jpg,D:\visualization2026\dowsample2_Q44_hess_matched\stitched_frames\frame_1796.jpg,1958,1294,-0.005797597015221145,0.0015022432522326934,19.412535768254443,0.3839947451109119,-101.80631578467307,27.31377049206435,121.21885155292752,-26.92977574695344,124.17416314834531,108.16753112781618,48.72495298059175,118.63530601489575,1,0,54.08376556390809,24.362476490295876,-54.08376556390809,-24.362476490295876,1,1,124.17416314834531,299.91964995558214,1250.8143385745673,401.7259657402552,1223.500568082503,12,12,0.9652420854699701,0.0939424152648714,53.806009671129885,-0.07539073020809428,0.9973194551386786,146.1984957013497,3.456638082005017e-05,1.582423158021991e-05,1.0,1.0,0.0,303.91623443609194,0.0,1.0,26.637523509704124,0.0,0.0,1.0
frame_1798.jpg,frame_1798,1798,D:\visualization2026\visualization\left_downsample2_Q44\frame_1798.jpg,D:\visualization2026\visualization\right_downsample2_Q44\frame_1798.jpg,D:\visualization2026\dowsample2_Q44\stitched_frames\frame_1798.jpg,D:\visualization2026\dowsample2_Q44_hess_matched\stitched_frames\frame_1798.jpg,1962,1293,-0.00610840839223542,0.0015297048222820964,20.968777742768527,0.282667118926496,-88.41791630454281,-48.84138771142034,109.38669404731134,49.124054830346836,119.91089023760527,108.77711258756376,48.924503905469294,119.27307871134963,0,1,54.38855629378188,24.462251952734647,-54.38855629378188,-24.462251952734647,4,1,119.91089023760527,304.6727771338441,1162.720352450396,393.0906934383869,1211.5617401618163,12,12,0.9730237062644705,0.09270884207751948,54.367818519839524,-0.0736116973654016,0.9995262802934006,143.1536367589593,3.756991690182436e-05,1.5888716237283036e-05,1.0,1.0,0.0,307.6114437062181,0.0,1.0,24.537748047265353,0.0,0.0,1.0
